,MNQ,M2K,MES
MNQ,1.0,0.27650639601322663,0.4317424715988548
M2K,0.27650639601322663,1.0,0.06735453785403223
MES,0.4317424715988548,0.06735453785403223,1.0
