scope,net_pnl,sharpe,sortino,profit_factor,expectancy,max_drawdown,n_trades,n_days_traded,pct_days_traded,hit_rate,avg_win,avg_loss,stop_hit_rate,target_hit_rate,exposure_time_pct
overall,4.319999999999709,0.0017342332155391349,0.0002002455746850207,1.0019445269668081,0.1349999999999909,-1133.94,32,32,0.018317115054378934,0.59375,117.15473684210527,-170.89384615384614,0.25,0.25,0.010616001056756637
is,-155.01000000000022,-0.08073674879315686,-0.009448565383351181,0.91841149534186,-6.458750000000009,-1133.94,24,24,0.019639934533551555,0.5833333333333334,124.63499999999999,-189.99,0.3333333333333333,0.25,0.0102815896596584
oos,159.32999999999996,0.30060673571433105,0.039173251576103706,1.495244311823946,19.916249999999994,-293.48,8,8,0.015238095238095238,0.625,96.21,-107.24000000000001,0.0,0.25,0.011394383394383395
