scope,net_pnl,sharpe,sortino,profit_factor,expectancy,max_drawdown,n_trades,n_days_traded,pct_days_traded,hit_rate,avg_win,avg_loss,stop_hit_rate,target_hit_rate,exposure_time_pct
overall,9348.019999999997,0.9543752758696213,0.6661076719494119,1.2809227758524728,24.79580901856763,-2603.059999999995,377,377,0.3366071428571429,0.5013262599469496,225.52455026455027,-177.0006382978724,0.3925729442970822,0.16710875331564987,0.22641483516483515
is,1523.8399999999976,0.2381489696674933,0.16040917226563933,1.0636030485921546,5.883552123552114,-2603.059999999995,259,259,0.3290978398983482,0.4594594594594595,214.13815126050412,-171.13285714285712,0.4362934362934363,0.13127413127413126,0.22409018342944645
oos,7824.18,2.352962309948945,1.7047249075475546,1.839727738711588,66.30661016949153,-1359.699999999999,118,118,0.35435435435435436,0.5932203389830508,244.88142857142853,-194.115,0.2966101694915254,0.2457627118644068,0.2319088319088319
