scope,net_pnl,sharpe,sortino,profit_factor,expectancy,max_drawdown,n_trades,n_days_traded,pct_days_traded,hit_rate,avg_win,avg_loss,stop_hit_rate,target_hit_rate,exposure_time_pct
overall,1014.2599999999966,0.11638290486895495,0.07605822845750865,1.0302669131962137,2.697499999999991,-5578.339999999997,376,376,0.3357142857142857,0.4734042553191489,193.95943820224716,-169.24505050505056,0.40691489361702127,0.12234042553191489,0.22033653846153847
is,-2849.1200000000026,-0.4854727212065222,-0.3112825866633373,0.8828018434999514,-10.833155893536132,-5578.339999999997,263,263,0.3341804320203304,0.44106463878326996,185.00999999999996,-165.37605442176869,0.43346007604562736,0.10266159695817491,0.2097416349004659
oos,3863.379999999999,1.37139829528566,0.915704483780563,1.419921654217716,34.189203539823005,-1989.1199999999972,113,113,0.33933933933933935,0.5486725663716814,210.70354838709676,-180.39686274509805,0.34513274336283184,0.168141592920354,0.24537614537614538
