scope,net_pnl,sharpe,sortino,profit_factor,expectancy,max_drawdown,n_trades,n_days_traded,pct_days_traded,hit_rate,avg_win,avg_loss,stop_hit_rate,target_hit_rate,exposure_time_pct
overall,-487.6400000000002,-0.19007544243199373,-0.02535785300321968,0.823179177756344,-13.545555555555561,-1591.2700000000002,36,36,0.0206067544361763,0.5,126.12111111111113,-153.2122222222222,0.3333333333333333,0.3055555555555556,0.011436455168567361
is,-149.50000000000023,-0.08240326331162849,-0.010945702501495647,0.9184121197568189,-5.980000000000009,-1478.64,25,25,0.020458265139116204,0.52,129.45230769230767,-152.69833333333335,0.36,0.36,0.010174577195853792
oos,-338.1400000000001,-0.4504026260086828,-0.06041553852736455,0.6346170470262793,-30.74000000000001,-580.1800000000001,11,11,0.02095238095238095,0.45454545454545453,117.46,-154.24,0.2727272727272727,0.18181818181818182,0.014373626373626373
