scope,net_pnl,sharpe,sortino,profit_factor,expectancy,max_drawdown,n_trades,n_days_traded,pct_days_traded,hit_rate,avg_win,avg_loss,stop_hit_rate,target_hit_rate,exposure_time_pct
overall,10868.139999999998,1.2684293324913176,0.7592188786662293,1.4687480860849864,37.60602076124567,-1631.1399999999976,289,289,0.2580357142857143,0.5536332179930796,212.83500000000004,-179.7322480620155,0.34256055363321797,0.14878892733564014,0.1861881868131868
is,8440.619999999999,1.272639312819347,0.8509654184807269,1.3994035885006708,32.216106870229005,-1631.1399999999976,262,262,0.33290978398983484,0.5458015267175572,206.80895104895103,-177.5887394957984,0.3549618320610687,0.14122137404580154,0.238438731958427
oos,2427.5200000000004,1.354648780138199,0.49480501471081173,2.182771389592672,89.90814814814816,-794.22,27,27,0.08108108108108109,0.6296296296296297,263.5247058823529,-205.24,0.2222222222222222,0.2222222222222222,0.0627011627011627
