scope,net_pnl,sharpe,sortino,profit_factor,expectancy,max_drawdown,n_trades,n_days_traded,pct_days_traded,hit_rate,avg_win,avg_loss,stop_hit_rate,target_hit_rate,exposure_time_pct
overall,4401.069999999999,0.8794302637747362,0.2542669361142436,1.6104762776658843,33.34143939393938,-1034.6699999999983,132,132,0.0755580995993131,0.6136363636363636,143.33716049382716,-141.35764705882352,0.25757575757575757,0.24242424242424243,0.04948703271542424
is,4087.8999999999996,1.180755462824755,0.3339071149059374,1.914940666168302,45.42111111111111,-577.1800000000001,90,90,0.07364975450081833,0.6555555555555556,145.0142372881356,-144.12709677419352,0.24444444444444444,0.24444444444444444,0.04917747282722733
oos,313.1699999999996,0.20338491476383744,0.06128404435501678,1.114241418305184,7.456428571428562,-599.6000000000001,42,42,0.08,0.5238095238095238,138.83954545454546,-137.06499999999997,0.2857142857142857,0.23809523809523808,0.05020757020757021
