scope,net_pnl,sharpe,sortino,profit_factor,expectancy,max_drawdown,n_trades,n_days_traded,pct_days_traded,hit_rate,avg_win,avg_loss,stop_hit_rate,target_hit_rate,exposure_time_pct
overall,452.5799999999997,0.1954391885022713,0.0251338454764927,1.2326745907707497,13.714545454545446,-982.1600000000001,33,33,0.018889524899828276,0.6060606060606061,119.88500000000003,-149.6246153846154,0.24242424242424243,0.3333333333333333,0.011339585810106703
is,293.2499999999998,0.16663320340769053,0.021897027044009396,1.1806393987926573,11.729999999999992,-982.1600000000001,25,25,0.020458265139116204,0.6,127.77666666666666,-162.34,0.32,0.36,0.011316043476436275
oos,159.32999999999996,0.30060673571433105,0.039173251576103706,1.495244311823946,19.916249999999994,-293.48,8,8,0.015238095238095238,0.625,96.21,-107.24000000000001,0.0,0.25,0.011394383394383395
