{
  "n_trades": 1125,
  "win_rate": 0.4613333333333333,
  "avg_win": 225.67919075144508,
  "avg_loss": -169.25124378109453,
  "average_losing_trade": -169.25124378109453,
  "expectancy": 13.394666666666666,
  "profit_factor": 1.1476506121489145,
  "cumulative_pnl": 15069.0,
  "max_drawdown": -2659.5,
  "max_drawdown_pct": 0.05319,
  "sharpe_ratio": 0.689927560594245,
  "max_consecutive_losses": 9,
  "avg_consecutive_losses": 2.01,
  "longest_loss_streak": 9,
  "number_of_loss_streaks_2_plus": 160,
  "worst_trade": -250.0,
  "worst_day": -250.0,
  "stop_hit_rate": 0.4497777777777778,
  "target_hit_rate": 0.192,
  "time_exit_rate": 0.3537777777777778,
  "time_exit_count": 398,
  "time_exit_win_rate": 0.7512562814070352,
  "time_exit_loss_rate": 0.24120603015075376,
  "time_exit_pnl_usd": 33469.0,
  "eod_exit_rate": 0.0044444444444444444,
  "proportion_filtered_out": 0.45014361920393925,
  "trade_count_after_filters": 1125,
  "percent_of_days_traded": 0.5289139633286318,
  "percent_days_traded": 0.5289139633286318,
  "avg_R": 0.07439514305422797,
  "median_R": -0.18478260869565216,
  "pnl_to_risk_ratio": 0.06958300528949052,
  "average_loss_streak_length": 2.01,
  "count_loss_streaks_2_plus": 160,
  "daily_sharpe_basis": "daily_pnl_over_static_capital",
  "n_sessions": 2127,
  "raw_signal_count": 2437
}