scope,net_pnl,sharpe,sortino,profit_factor,expectancy,max_drawdown,n_trades,n_days_traded,pct_days_traded,hit_rate,avg_win,avg_loss,stop_hit_rate,target_hit_rate,exposure_time_pct
overall,669.1099999999997,0.2448729888601083,0.03286842270908545,1.2789004209912058,18.58638888888888,-904.7,36,36,0.0206067544361763,0.5833333333333334,146.10523809523815,-159.93999999999997,0.25,0.3055555555555556,0.011774030205627228
is,540.4999999999998,0.28018541684814274,0.03672539618793979,1.3318190189698567,21.61999999999999,-904.7,25,25,0.020458265139116204,0.6,144.62666666666664,-162.89000000000001,0.28,0.32,0.01125519325191993
oos,128.6099999999999,0.1601421368048811,0.02262289192624982,1.1669826019215788,11.691818181818173,-581.2,11,11,0.02095238095238095,0.5454545454545454,149.80166666666665,-154.04000000000002,0.18181818181818182,0.2727272727272727,0.012981684981684982
