scope,net_pnl,sharpe,sortino,profit_factor,expectancy,max_drawdown,n_trades,n_days_traded,pct_days_traded,hit_rate,avg_win,avg_loss,stop_hit_rate,target_hit_rate,exposure_time_pct
overall,2280.1999999999975,0.2690608106971427,0.15564249488297335,1.0855294596887748,8.445185185185176,-1764.5000000000002,270,270,0.24107142857142858,0.4703703703703704,227.8741732283464,-186.4323076923077,0.4185185185185185,0.11851851851851852,0.17126602564102564
is,1777.6199999999976,0.26051493899400924,0.1752374308125186,1.069712337878284,6.784809160305334,-1764.5000000000002,262,262,0.33290978398983484,0.46946564885496184,221.7640650406504,-183.4486330935252,0.41603053435114506,0.11450381679389313,0.23679666373440197
oos,502.5799999999999,0.3909369211212543,0.08143211056736781,1.433086879340951,62.82249999999999,-499.98,8,8,0.024024024024024024,0.5,415.76,-290.115,0.5,0.25,0.016393316393316395
