scenario,notes,overall_net_pnl,overall_profit_factor,overall_sharpe_ratio,overall_max_drawdown,oos_net_pnl,oos_profit_factor,oos_sharpe_ratio,oos_max_drawdown,delta_oos_net_pnl_vs_nominal,delta_oos_profit_factor_vs_nominal,delta_oos_sharpe_vs_nominal
combined_x2_plus25,Slippage x2 + commission +25%.,-3612.460714285633,0.980250681036752,-0.1483979039763923,-9090.728571428568,-1000.1285714285405,0.9856113437092358,-0.10863826990006129,-9090.728571428568,-2240.875,-0.03267843179722019,-0.24370657194355005
combined_x3_plus50,Slippage x3 + commission +50%.,-11173.585714285633,0.9407864576458678,-0.4577394614975293,-11569.767857142775,-3241.0035714285405,0.9544769325147409,-0.35128576340444245,-10741.728571428568,-4481.75,-0.06381284299171508,-0.48635406544793125
commission_plus_25pct,Commission +25%.,1040.539285714367,1.0058008969368426,0.04281730328888602,-8074.728571428568,378.87142857145955,1.005532695915139,0.041209725614613286,-8074.728571428568,-861.875,-0.012757079591317,-0.09385857642887549
commission_plus_50pct,Commission +50%.,-1867.585714285633,0.9897151638258499,-0.0767682058815928,-8709.728571428568,-483.00357142854045,0.9930122278391638,-0.0524922617621986,-8709.728571428568,-1723.75,-0.025277547667292177,-0.18756056380568736
entry_penalty_1tick,Extra one-tick entry penalty on every trade.,1622.164285714367,1.0090657212999365,0.06676480805990138,-7947.728571428568,551.2464285714595,1.0080650238992221,0.059968915478695504,-7947.728571428568,-689.5,-0.010224751607233795,-0.07509938656479326
nominal,Base run.,3948.664285714367,1.0222874524311363,0.16265617313255698,-7548.971428571422,1240.7464285714595,1.018289775506456,0.13506830204348877,-7548.971428571422,0.0,0.0,0.0
open_penalty_early15m,Extra one-tick entry penalty during the first 15 minutes.,3890.164285714367,1.0219521187515137,0.1602486669291089,-7557.471428571422,1225.7464285714595,1.0180661313610189,0.1334371039871093,-7557.471428571422,-15.0,-0.00022364414543707412,-0.001631198056379457
slippage_x2,Slippage doubled.,-704.335714285633,0.9961022000174958,-0.02896440472114121,-8455.728571428568,-138.25357142854045,0.9979923607956523,-0.015030260862344777,-8455.728571428568,-1379.0,-0.020297414710803596,-0.15009856290583354
slippage_x3,Slippage tripled.,-5357.335714285633,0.9709231306194119,-0.21993640154159522,-9471.728571428568,-1517.2535714285405,0.9782927768814101,-0.1647278768123496,-9471.728571428568,-2758.0,-0.0399969986250458,-0.29979617885583837
