{
  "n_trades": 899,
  "win_rate": 0.47163515016685204,
  "avg_win": 229.3384433962264,
  "avg_loss": -172.90421052631578,
  "average_losing_trade": -172.90421052631578,
  "expectancy": 16.807563959955505,
  "profit_factor": 1.1839777424676883,
  "cumulative_pnl": 15110.0,
  "max_drawdown": -2080.0,
  "max_drawdown_pct": 0.0416,
  "sharpe_ratio": 0.7645205544254566,
  "max_consecutive_losses": 8,
  "avg_consecutive_losses": 2.01271186440678,
  "longest_loss_streak": 8,
  "number_of_loss_streaks_2_plus": 124,
  "worst_trade": -250.0,
  "worst_day": -250.0,
  "stop_hit_rate": 0.457174638487208,
  "target_hit_rate": 0.19911012235817574,
  "time_exit_rate": 0.339265850945495,
  "time_exit_count": 305,
  "time_exit_win_rate": 0.7901639344262295,
  "time_exit_loss_rate": 0.2098360655737705,
  "time_exit_pnl_usd": 28545.5,
  "eod_exit_rate": 0.004449388209121246,
  "proportion_filtered_out": 0.557242511284366,
  "trade_count_after_filters": 899,
  "percent_of_days_traded": 0.4226610249177245,
  "percent_days_traded": 0.4226610249177245,
  "avg_R": 0.09179157494949813,
  "median_R": -0.1937984496124031,
  "pnl_to_risk_ratio": 0.08781641661363392,
  "average_loss_streak_length": 2.01271186440678,
  "count_loss_streaks_2_plus": 124,
  "daily_sharpe_basis": "daily_pnl_over_static_capital",
  "n_sessions": 2127,
  "raw_signal_count": 2437
}