scope,net_pnl,sharpe,sortino,profit_factor,expectancy,max_drawdown,n_trades,n_days_traded,pct_days_traded,hit_rate,avg_win,avg_loss,stop_hit_rate,target_hit_rate,exposure_time_pct
overall,268.8299999999998,0.11236158118902198,0.01423343231728198,1.1293160674600506,8.146363636363631,-586.96,33,33,0.018889524899828276,0.5757575757575758,123.56263157894739,-148.48999999999998,0.2727272727272727,0.21212121212121213,0.011273538520247164
is,150.98999999999987,0.08777000671693844,0.01116536243394521,1.099211511925882,6.2912499999999945,-586.96,24,24,0.019639934533551555,0.5833333333333334,119.49214285714285,-152.19,0.2916666666666667,0.20833333333333334,0.01166016198749423
oos,117.83999999999993,0.17590183646092208,0.02212397371729685,1.2115771330077563,13.093333333333327,-254.24,9,9,0.017142857142857144,0.5555555555555556,134.95999999999998,-139.24,0.2222222222222222,0.2222222222222222,0.010373626373626373
