scope,net_pnl,sharpe,sortino,profit_factor,expectancy,max_drawdown,n_trades,n_days_traded,pct_days_traded,hit_rate,avg_win,avg_loss,stop_hit_rate,target_hit_rate,exposure_time_pct
overall,1179.5799999999972,0.13839150860904822,0.08714977327351175,1.0366689048880262,3.2949162011173105,-4207.379999999998,358,358,0.3196428571428571,0.48324022346368717,192.76289017341034,-173.88324324324327,0.4106145251396648,0.11452513966480447,0.2083356227106227
is,-914.6200000000026,-0.1532870358288411,-0.09848044815049299,0.9616364188510137,-3.4776425855513406,-4207.379999999998,263,263,0.3341804320203304,0.46387832699619774,187.91983606557378,-169.08397163120569,0.41825095057034223,0.10646387832699619,0.21448212947577625
oos,2094.1999999999994,0.8201985995207338,0.48551408784563865,1.2514782241136662,22.044210526315783,-1804.899999999999,95,95,0.2852852852852853,0.5368421052631579,204.34823529411764,-189.26272727272726,0.3894736842105263,0.1368421052631579,0.1938091938091938
