scope,net_pnl,sharpe,sortino,profit_factor,expectancy,max_drawdown,n_trades,n_days_traded,pct_days_traded,hit_rate,avg_win,avg_loss,stop_hit_rate,target_hit_rate,exposure_time_pct
overall,9301.739999999994,0.7203956606835967,0.6848957941978718,1.1413661071135792,12.41887850467289,-4590.059999999967,749,749,0.66875,0.49132176234979974,204.07793478260868,-172.7006299212599,0.3965287049399199,0.13351134846461948,0.44868131868131866
is,2028.9999999999977,0.23459327245811393,0.22086698802558138,1.0441723422357256,3.8647619047619006,-4590.059999999967,525,525,0.6670902160101652,0.4704761904761905,194.18105263157895,-165.22920863309352,0.4114285714285714,0.11047619047619048,0.4474701071905646
oos,7272.74,1.7236865263245833,1.6455162082067174,1.3661041760423491,32.46758928571428,-3752.419999999993,224,224,0.6726726726726727,0.5401785714285714,224.28066115702487,-192.86621359223312,0.36160714285714285,0.1875,0.45154385154385157
