scope,net_pnl,sharpe,sortino,profit_factor,expectancy,max_drawdown,n_trades,n_days_traded,pct_days_traded,hit_rate,avg_win,avg_loss,stop_hit_rate,target_hit_rate,exposure_time_pct
overall,7397.199999999993,0.6062550438015301,0.5739043117934548,1.120728904104313,9.929127516778514,-3313.3999999999787,745,745,0.6651785714285714,0.48456375838926175,190.2170637119114,-159.5603125,0.3597315436241611,0.11812080536912752,0.457239010989011
is,3173.7399999999952,0.38253427765516185,0.3682471034556639,1.0748034892299136,6.056755725190831,-3313.3999999999787,524,524,0.6658195679796697,0.46564885496183206,186.8911475409836,-151.5275,0.37213740458015265,0.10687022900763359,0.4537190890431043
oos,4223.459999999998,1.0863203671751822,0.9840076944967242,1.2241339966227007,19.110678733031666,-3034.1199999999917,221,221,0.6636636636636637,0.5294117647058824,197.15316239316235,-181.18711538461537,0.33031674208144796,0.14479638009049775,0.46555786555786555
