scope,net_pnl,sharpe,sortino,profit_factor,expectancy,max_drawdown,n_trades,n_days_traded,pct_days_traded,hit_rate,avg_win,avg_loss,stop_hit_rate,target_hit_rate,exposure_time_pct
overall,-360.1000000000001,-0.21811155354879483,-0.01873838560176351,0.6996463483802088,-24.00666666666667,-658.94,15,15,0.008586147681740127,0.4666666666666667,119.83142857142856,-149.865,0.3333333333333333,0.2,0.0050137231591152595
is,-147.38000000000005,-0.12459463421376844,-0.011542192050333586,0.8214528009304127,-12.281666666666672,-658.94,12,12,0.009819967266775777,0.5,113.00999999999999,-137.57333333333335,0.3333333333333333,0.25,0.005826933568341097
oos,-212.72000000000003,-0.455653355748519,-0.032392650855340946,0.430438042197708,-70.90666666666668,-254.24,3,3,0.005714285714285714,0.3333333333333333,160.76,-186.74,0.3333333333333333,0.0,0.003120879120879121
