scope,net_pnl,sharpe,sortino,profit_factor,expectancy,max_drawdown,n_trades,n_days_traded,pct_days_traded,hit_rate,avg_win,avg_loss,stop_hit_rate,target_hit_rate,exposure_time_pct
overall,9146.259999999997,0.8367313220088688,0.5942830395596566,1.2328329408769811,22.808628428927673,-2892.2800000000007,401,401,0.3580357142857143,0.5012468827930174,240.93910447761198,-196.4125,0.39900249376558605,0.14962593516209477,0.2456639194139194
is,3294.859999999998,0.45251243588012857,0.30919895454135027,1.125387690858069,12.623984674329494,-2892.2800000000007,261,261,0.33163913595933925,0.47509578544061304,238.48580645161292,-191.8056934306569,0.421455938697318,0.13409961685823754,0.23151207115628972
oos,5851.399999999999,1.620554198091216,1.2401346680389533,1.4499304889151345,41.795714285714276,-2241.059999999996,140,140,0.42042042042042044,0.55,244.88987012987005,-206.43047619047618,0.35714285714285715,0.17857142857142858,0.2791098791098791
