scope,net_pnl,sharpe,sortino,profit_factor,expectancy,max_drawdown,n_trades,n_days_traded,pct_days_traded,hit_rate,avg_win,avg_loss,stop_hit_rate,target_hit_rate,exposure_time_pct
overall,-305.07000000000016,-0.14726032101769793,-0.013542452211462509,0.8159079388833907,-16.94833333333334,-616.1600000000001,18,18,0.01030337721808815,0.5,150.23222222222222,-184.1288888888889,0.4444444444444444,0.2222222222222222,0.006111575888336049
is,-163.1300000000001,-0.11441630544946685,-0.010368483385656204,0.845145428311057,-13.594166666666675,-616.1600000000001,12,12,0.009819967266775777,0.5,148.385,-175.57333333333335,0.4166666666666667,0.25,0.006072432750010491
oos,-141.94000000000005,-0.21997134308667546,-0.02090347319279368,0.7648910090770555,-23.656666666666677,-287.72,6,6,0.011428571428571429,0.5,153.92666666666665,-201.24,0.5,0.16666666666666666,0.006202686202686203
