scope,net_pnl,sharpe,sortino,profit_factor,expectancy,max_drawdown,n_trades,n_days_traded,pct_days_traded,hit_rate,avg_win,avg_loss,stop_hit_rate,target_hit_rate,exposure_time_pct
overall,2142.919999999999,0.5074396981601264,0.1516675403760431,1.360336304018833,18.315555555555548,-829.1600000000003,117,117,0.06697195191757298,0.5726495726495726,120.74507462686567,-118.94,0.27350427350427353,0.15384615384615385,0.0328210999075338
is,1707.3099999999993,0.5871579646969385,0.1693450988974708,1.4228191742283154,21.077901234567893,-683.82,81,81,0.0662847790507365,0.5925925925925926,119.69229166666666,-122.36121212121212,0.2962962962962963,0.16049382716049382,0.03358093079860674
oos,435.60999999999984,0.33151475948027787,0.10689504876283178,1.2281779705407843,12.100277777777773,-553.1300000000001,36,36,0.06857142857142857,0.5277777777777778,123.4047368421053,-112.29882352941178,0.2222222222222222,0.1388888888888889,0.031052503052503053
