setup_id,direction,signal_time,baseline_entry_time,baseline_entry_price,baseline_exit_time,baseline_exit_price,baseline_exit_reason,baseline_pnl,bars_to_exit_baseline_1h,baseline_stop_price,baseline_target_price,hybrid_entry_time,hybrid_entry_price,hybrid_after_exit_time,hybrid_after_exit_price,hybrid_after_exit_reason,hybrid_after_entry_fill_pnl,minutes_to_exit_hybrid,hybrid_stop_price,hybrid_target_price,hybrid_time_stop_at,session_date,quantity,fees,initial_stop_price,hybrid_next_entry_time,hybrid_next_entry_price,hybrid_next_exit_time,hybrid_next_exit_price,hybrid_next_exit_reason,hybrid_next_execution_bar_pnl,matched_status,delta_pnl_after_entry_fill,delta_pnl_next_execution_bar,entry_price_delta_ticks,exit_price_delta_ticks,pnl_delta_bucket,divergence_type,divergence_subtype,is_baseline_winner,is_hybrid_winner,winner_flipped,exit_reason_changed,primary_pnl_driver,entry_time,entry_price,stop_price,target_price,evaluation_end_time,mfe_ticks_1m,mae_ticks_1m,mfe_usd_1m,mae_usd_1m,first_touch,first_touch_time,first_touch_minutes_after_entry,baseline_exit_level_touched_before_hybrid_exit,hybrid_stop_touched_before_baseline_target,hybrid_target_touched_before_baseline_stop,min_low_before_target,max_high_before_stop,adverse_excursion_before_favorable_excursion,favorable_excursion_before_adverse_excursion,time_to_mfe_minutes,time_to_mae_minutes,stop_touch_time,target_touch_time,ambiguous_policy_applied
short|2019-05-17 09:30:00-0400,short,2019-05-17 09:30:00-04:00,2019-05-17 10:30:00-04:00,7571.5,2019-05-17 11:30:00-04:00,7579.0,stop,-17.5,1.0,7578.75,7533.4875,2019-05-17 10:31:00-04:00,7567.5,2019-05-17 10:44:00-04:00,7579.0,stop_1m,-25.5,13.0,7578.75,7529.4875,2019-05-17 12:31:00-04:00,2019-05-17,1.0,2.5,7578.75,2019-05-17 10:31:00-04:00,7567.5,2019-05-17 10:44:00-04:00,7579.0,stop_1m,-25.5,matched,-8.0,-8.0,-16.0,-0.0,-10:-5,exit_reason_changed,same_entry_different_exit,False,False,False,True,residual_unexplained,,,,,,,,,,,,,,,,,,,,,,,,
short|2019-06-04 09:30:00-0400,short,2019-06-04 09:30:00-04:00,2019-06-04 10:30:00-04:00,7085.0,2019-06-04 11:30:00-04:00,7092.5,stop,-17.5,1.0,7092.25,7035.9625,2019-06-04 10:31:00-04:00,7089.75,2019-06-04 11:00:00-04:00,7092.5,stop_1m,-8.0,29.0,7092.25,7040.7125,2019-06-04 12:31:00-04:00,2019-06-04,1.0,2.5,7092.25,2019-06-04 10:31:00-04:00,7089.75,2019-06-04 11:00:00-04:00,7092.5,stop_1m,-8.0,matched,9.5,9.5,19.0,-0.0,5:10,exit_reason_changed,same_entry_different_exit,False,False,False,True,residual_unexplained,,,,,,,,,,,,,,,,,,,,,,,,
long|2019-06-05 09:30:00-0400,long,2019-06-05 09:30:00-04:00,2019-06-05 10:30:00-04:00,7176.0,2019-06-05 12:30:00-04:00,7212.75,time_stop,71.0,2.0,7172.75,7224.6875,,,,,,,,,,,,,,,,,,,,,baseline_only,-71.0,-71.0,,,<=-40,baseline_trade_missing_in_hybrid,missing_data_or_alignment,True,False,False,True,removed_or_missing_trades_effect,,,,,,,,,,,,,,,,,,,,,,,,
long|2019-06-25 09:30:00-0400,long,2019-06-25 09:30:00-04:00,2019-06-25 10:30:00-04:00,7714.75,2019-06-25 11:30:00-04:00,7700.5,stop,-31.0,1.0,7700.75,7745.7875,2019-06-25 10:31:00-04:00,7716.5,2019-06-25 10:38:00-04:00,7700.5,stop_1m,-34.5,7.0,7700.75,7747.5375,2019-06-25 12:31:00-04:00,2019-06-25,1.0,2.5,7700.75,2019-06-25 10:31:00-04:00,7716.5,2019-06-25 10:38:00-04:00,7700.5,stop_1m,-34.5,matched,-3.5,-3.5,-7.0,0.0,-5:5,exit_reason_changed,same_entry_different_exit,False,False,False,True,residual_unexplained,,,,,,,,,,,,,,,,,,,,,,,,
long|2019-07-01 09:30:00-0400,long,2019-07-01 09:30:00-04:00,2019-07-01 10:30:00-04:00,7804.25,2019-07-01 11:30:00-04:00,7802.5,stop,-6.0,1.0,7802.75,7833.4875,2019-07-01 10:31:00-04:00,7809.25,2019-07-01 10:34:00-04:00,7802.5,stop_1m,-16.0,3.0,7802.75,7838.4875,2019-07-01 12:31:00-04:00,2019-07-01,1.0,2.5,7802.75,2019-07-01 10:31:00-04:00,7809.25,2019-07-01 10:34:00-04:00,7802.5,stop_1m,-16.0,matched,-10.0,-10.0,-20.0,0.0,-20:-10,exit_reason_changed,same_entry_different_exit,False,False,False,True,residual_unexplained,,,,,,,,,,,,,,,,,,,,,,,,
long|2019-07-05 09:30:00-0400,long,2019-07-05 09:30:00-04:00,2019-07-05 10:30:00-04:00,7808.5,2019-07-05 11:30:00-04:00,7830.3125,target,41.125,1.0,7803.75,7830.5625,2019-07-05 10:31:00-04:00,7804.25,2019-07-05 10:31:00-04:00,7803.5,stop_1m,-4.0,0.0,7803.75,7826.3125,2019-07-05 12:31:00-04:00,2019-07-05,1.0,2.5,7803.75,2019-07-05 10:31:00-04:00,7804.25,2019-07-05 10:33:00-04:00,7803.5,stop_1m,-4.0,matched,-45.125,-45.125,17.0,-107.25,<=-40,winner_to_loser,target_not_reached_on_1min_path,True,False,True,True,target_not_reached_effect,,,,,,,,,,,,,,,,,,,,,,,,
long|2019-07-08 09:30:00-0400,long,2019-07-08 09:30:00-04:00,2019-07-08 10:30:00-04:00,7794.75,2019-07-08 12:30:00-04:00,7797.25,time_stop,2.5,2.0,7777.75,7820.7,2019-07-08 10:31:00-04:00,7791.0,2019-07-08 12:31:00-04:00,7791.25,time_stop_1m,-2.0,120.0,7777.75,7816.95,2019-07-08 12:31:00-04:00,2019-07-08,1.0,2.5,7777.75,2019-07-08 10:31:00-04:00,7791.0,2019-07-08 12:31:00-04:00,7791.25,time_stop_1m,-2.0,matched,-4.5,-4.5,15.0,-24.0,-5:5,winner_to_loser,target_not_reached_on_1min_path,True,False,True,True,target_not_reached_effect,,,,,,,,,,,,,,,,,,,,,,,,
short|2019-07-09 09:30:00-0400,short,2019-07-09 09:30:00-04:00,2019-07-09 10:30:00-04:00,7812.75,2019-07-09 11:30:00-04:00,7815.75,stop,-8.5,1.0,7815.5,7786.075,2019-07-09 10:31:00-04:00,7811.75,2019-07-09 10:33:00-04:00,7815.75,stop_1m,-10.5,2.0,7815.5,7785.075,2019-07-09 12:31:00-04:00,2019-07-09,1.0,2.5,7815.5,2019-07-09 10:31:00-04:00,7811.75,2019-07-09 10:33:00-04:00,7815.75,stop_1m,-10.5,matched,-2.0,-2.0,-4.0,-0.0,-5:5,exit_reason_changed,same_entry_different_exit,False,False,False,True,residual_unexplained,,,,,,,,,,,,,,,,,,,,,,,,
short|2019-07-18 09:30:00-0400,short,2019-07-18 09:30:00-04:00,2019-07-18 10:30:00-04:00,7895.25,2019-07-18 11:30:00-04:00,7873.9625,target,40.07500000000073,1.0,7905.5,7873.7125,2019-07-18 10:31:00-04:00,7898.5,2019-07-18 10:55:00-04:00,7877.2125,target_1m,40.07500000000073,24.0,7905.5,7876.9625,2019-07-18 12:31:00-04:00,2019-07-18,1.0,2.5,7905.5,2019-07-18 10:31:00-04:00,7898.5,2019-07-18 10:55:00-04:00,7877.2125,target_1m,40.07500000000073,matched,0.0,0.0,13.0,-13.0,-5:5,exit_reason_changed,same_entry_different_exit,True,True,False,True,residual_unexplained,,,,,,,,,,,,,,,,,,,,,,,,
short|2019-07-22 09:30:00-0400,short,2019-07-22 09:30:00-04:00,2019-07-22 10:30:00-04:00,7902.5,2019-07-22 12:30:00-04:00,7908.25,time_stop,-14.0,2.0,7919.5,7870.8875,2019-07-22 10:31:00-04:00,7904.75,2019-07-22 12:31:00-04:00,7905.5,time_stop_1m,-4.0,120.0,7919.5,7873.1375,2019-07-22 12:31:00-04:00,2019-07-22,1.0,2.5,7919.5,2019-07-22 10:31:00-04:00,7904.75,2019-07-22 12:31:00-04:00,7905.5,time_stop_1m,-4.0,matched,10.0,10.0,9.0,11.0,5:10,exit_reason_changed,same_entry_different_exit,False,False,False,True,residual_unexplained,,,,,,,,,,,,,,,,,,,,,,,,
long|2019-07-23 09:30:00-0400,long,2019-07-23 09:30:00-04:00,2019-07-23 10:30:00-04:00,7923.75,2019-07-23 11:30:00-04:00,7913.25,stop,-23.5,1.0,7913.5,7953.8875,2019-07-23 10:31:00-04:00,7925.5,2019-07-23 12:03:00-04:00,7913.25,stop_1m,-27.0,92.0,7913.5,7955.6375,2019-07-23 12:31:00-04:00,2019-07-23,1.0,2.5,7913.5,2019-07-23 10:31:00-04:00,7925.5,2019-07-23 12:03:00-04:00,7913.25,stop_1m,-27.0,matched,-3.5,-3.5,-7.0,0.0,-5:5,exit_reason_changed,same_entry_different_exit,False,False,False,True,residual_unexplained,,,,,,,,,,,,,,,,,,,,,,,,
long|2019-07-25 09:30:00-0400,long,2019-07-25 09:30:00-04:00,2019-07-25 10:30:00-04:00,7956.75,2019-07-25 12:30:00-04:00,7944.0,stop,-28.0,2.0,7944.25,7981.425,2019-07-25 10:31:00-04:00,7961.75,2019-07-25 12:31:00-04:00,7960.25,time_stop_1m,-5.5,120.0,7944.25,7986.425,2019-07-25 12:31:00-04:00,2019-07-25,1.0,2.5,7944.25,2019-07-25 10:31:00-04:00,7961.75,2019-07-25 12:31:00-04:00,7960.25,time_stop_1m,-5.5,matched,22.5,22.5,-20.0,65.0,20:40,time_stop_changed,time_stop_conversion_effect,False,False,False,True,time_stop_effect,,,,,,,,,,,,,,,,,,,,,,,,
long|2019-08-01 13:30:00-0400,long,2019-08-01 13:30:00-04:00,2019-08-01 14:30:00-04:00,7818.5,2019-08-01 15:30:00-04:00,7813.75,eod_flat,-12.0,1.0,7795.5,7868.25,2019-08-01 14:31:00-04:00,7807.5,2019-08-01 14:33:00-04:00,7795.25,stop_1m,-27.0,2.0,7795.5,7857.25,2019-08-01 16:31:00-04:00,2019-08-01,1.0,2.5,7795.5,2019-08-01 14:31:00-04:00,7807.5,2019-08-01 14:33:00-04:00,7795.25,stop_1m,-27.0,matched,-15.0,-15.0,44.0,-74.0,-20:-10,exit_reason_changed,same_entry_different_exit,False,False,False,True,residual_unexplained,,,,,,,,,,,,,,,,,,,,,,,,
long|2019-08-02 09:30:00-0400,long,2019-08-02 09:30:00-04:00,2019-08-02 10:30:00-04:00,7701.75,2019-08-02 11:30:00-04:00,7688.25,stop,-29.5,1.0,7688.5,7758.575,2019-08-02 10:31:00-04:00,7691.25,2019-08-02 10:31:00-04:00,7688.25,stop_1m,-8.5,0.0,7688.5,7748.075,2019-08-02 12:31:00-04:00,2019-08-02,1.0,2.5,7688.5,2019-08-02 10:31:00-04:00,7691.25,2019-08-02 10:32:00-04:00,7688.25,stop_1m,-8.5,matched,21.0,21.0,42.0,0.0,20:40,exit_reason_changed,same_entry_different_exit,False,False,False,True,residual_unexplained,,,,,,,,,,,,,,,,,,,,,,,,
short|2019-08-13 09:30:00-0400,short,2019-08-13 09:30:00-04:00,2019-08-13 10:30:00-04:00,7777.0,2019-08-13 11:30:00-04:00,7725.8375,target,99.82500000000071,1.0,7789.25,7725.5875,2019-08-13 10:31:00-04:00,7773.75,2019-08-13 11:05:00-04:00,7722.5875,target_1m,99.82500000000071,34.0,7789.25,7722.3375,2019-08-13 12:31:00-04:00,2019-08-13,1.0,2.5,7789.25,2019-08-13 10:31:00-04:00,7773.75,2019-08-13 11:05:00-04:00,7722.5875,target_1m,99.82500000000071,matched,0.0,0.0,-13.0,13.0,-5:5,exit_reason_changed,same_entry_different_exit,True,True,False,True,residual_unexplained,,,,,,,,,,,,,,,,,,,,,,,,
long|2019-08-23 10:30:00-0400,long,2019-08-23 10:30:00-04:00,2019-08-23 11:30:00-04:00,7574.0,2019-08-23 12:30:00-04:00,7552.75,stop,-45.0,1.0,7553.0,7616.4875,2019-08-23 11:31:00-04:00,7572.0,2019-08-23 11:35:00-04:00,7552.75,stop_1m,-41.0,4.0,7553.0,7614.4875,2019-08-23 13:31:00-04:00,2019-08-23,1.0,2.5,7553.0,2019-08-23 11:31:00-04:00,7572.0,2019-08-23 11:35:00-04:00,7552.75,stop_1m,-41.0,matched,4.0,4.0,8.0,0.0,-5:5,exit_reason_changed,same_entry_different_exit,False,False,False,True,residual_unexplained,,,,,,,,,,,,,,,,,,,,,,,,
short|2019-09-05 09:30:00-0400,short,2019-09-05 09:30:00-04:00,2019-09-05 10:30:00-04:00,7871.75,2019-09-05 12:30:00-04:00,7854.5,time_stop,32.0,2.0,7886.5,7831.4,2019-09-05 10:31:00-04:00,7871.0,2019-09-05 12:31:00-04:00,7850.25,time_stop_1m,39.0,120.0,7886.5,7830.65,2019-09-05 12:31:00-04:00,2019-09-05,1.0,2.5,7886.5,2019-09-05 10:31:00-04:00,7871.0,2019-09-05 12:31:00-04:00,7850.25,time_stop_1m,39.0,matched,7.0,7.0,-3.0,17.0,5:10,exit_reason_changed,same_entry_different_exit,True,True,False,True,residual_unexplained,,,,,,,,,,,,,,,,,,,,,,,,
long|2019-09-24 11:30:00-0400,long,2019-09-24 11:30:00-04:00,2019-09-24 12:30:00-04:00,7748.5,2019-09-24 13:30:00-04:00,7733.25,stop,-33.0,1.0,7733.5,7787.55,2019-09-24 12:31:00-04:00,7744.5,2019-09-24 12:38:00-04:00,7733.25,stop_1m,-25.0,7.0,7733.5,7783.55,2019-09-24 14:31:00-04:00,2019-09-24,1.0,2.5,7733.5,2019-09-24 12:31:00-04:00,7744.5,2019-09-24 12:38:00-04:00,7733.25,stop_1m,-25.0,matched,8.0,8.0,16.0,0.0,5:10,exit_reason_changed,same_entry_different_exit,False,False,False,True,residual_unexplained,,,,,,,,,,,,,,,,,,,,,,,,
long|2019-09-24 12:30:00-0400,long,2019-09-24 12:30:00-04:00,,,,,,,,,,2019-09-24 13:31:00-04:00,7725.25,2019-09-24 14:09:00-04:00,7705.0,stop_1m,-43.0,38.0,7705.25,7763.3125,2019-09-24 15:31:00-04:00,2019-09-24,1.0,2.5,7705.25,2019-09-24 13:31:00-04:00,7725.25,2019-09-24 14:09:00-04:00,7705.0,stop_1m,-43.0,hybrid_only,-43.0,-43.0,,,<=-40,hybrid_trade_missing_in_baseline,missing_data_or_alignment,False,False,False,True,removed_or_missing_trades_effect,,,,,,,,,,,,,,,,,,,,,,,,
short|2019-09-24 13:30:00-0400,short,2019-09-24 13:30:00-04:00,2019-09-24 14:30:00-04:00,7760.25,2019-09-24 15:30:00-04:00,7722.375,target,73.25,1.0,7772.0,7722.125,2019-09-24 14:31:00-04:00,7760.5,2019-09-24 15:22:00-04:00,7722.625,target_1m,73.25,51.0,7772.0,7722.375,2019-09-24 16:31:00-04:00,2019-09-24,1.0,2.5,7772.0,2019-09-24 14:31:00-04:00,7760.5,2019-09-24 15:22:00-04:00,7722.625,target_1m,73.25,matched,0.0,0.0,1.0,-1.0,-5:5,exit_reason_changed,same_entry_different_exit,True,True,False,True,residual_unexplained,,,,,,,,,,,,,,,,,,,,,,,,
long|2019-09-26 09:30:00-0400,long,2019-09-26 09:30:00-04:00,2019-09-26 10:30:00-04:00,7780.0,2019-09-26 11:30:00-04:00,7757.75,stop,-47.0,1.0,7758.0,7821.675,2019-09-26 10:31:00-04:00,7781.75,2019-09-26 11:01:00-04:00,7757.75,stop_1m,-50.5,30.0,7758.0,7823.425,2019-09-26 12:31:00-04:00,2019-09-26,1.0,2.5,7758.0,2019-09-26 10:31:00-04:00,7781.75,2019-09-26 11:01:00-04:00,7757.75,stop_1m,-50.5,matched,-3.5,-3.5,-7.0,0.0,-5:5,exit_reason_changed,same_entry_different_exit,False,False,False,True,residual_unexplained,,,,,,,,,,,,,,,,,,,,,,,,
long|2019-09-27 09:30:00-0400,long,2019-09-27 09:30:00-04:00,2019-09-27 10:30:00-04:00,7764.25,2019-09-27 11:30:00-04:00,7742.75,stop,-45.5,1.0,7743.0,7812.1,2019-09-27 10:31:00-04:00,7763.5,2019-09-27 11:37:00-04:00,7742.75,stop_1m,-44.0,66.0,7743.0,7811.35,2019-09-27 12:31:00-04:00,2019-09-27,1.0,2.5,7743.0,2019-09-27 10:31:00-04:00,7763.5,2019-09-27 11:37:00-04:00,7742.75,stop_1m,-44.0,matched,1.5,1.5,3.0,0.0,-5:5,exit_reason_changed,same_entry_different_exit,False,False,False,True,residual_unexplained,,,,,,,,,,,,,,,,,,,,,,,,
long|2019-09-27 11:30:00-0400,long,2019-09-27 11:30:00-04:00,2019-09-27 12:30:00-04:00,7739.25,2019-09-27 13:30:00-04:00,7708.0,stop,-65.0,1.0,7708.25,7785.975,2019-09-27 12:31:00-04:00,7731.5,2019-09-27 12:56:00-04:00,7708.0,stop_1m,-49.5,25.0,7708.25,7778.225,2019-09-27 14:31:00-04:00,2019-09-27,1.0,2.5,7708.25,2019-09-27 12:31:00-04:00,7731.5,2019-09-27 12:56:00-04:00,7708.0,stop_1m,-49.5,matched,15.5,15.5,31.0,0.0,10:20,exit_reason_changed,same_entry_different_exit,False,False,False,True,residual_unexplained,,,,,,,,,,,,,,,,,,,,,,,,
long|2019-10-02 09:30:00-0400,long,2019-10-02 09:30:00-04:00,2019-10-02 10:30:00-04:00,7599.5,2019-10-02 11:30:00-04:00,7581.0,stop,-39.5,1.0,7581.25,7641.35,2019-10-02 10:31:00-04:00,7588.75,2019-10-02 10:32:00-04:00,7581.0,stop_1m,-18.0,1.0,7581.25,7630.6,2019-10-02 12:31:00-04:00,2019-10-02,1.0,2.5,7581.25,2019-10-02 10:31:00-04:00,7588.75,2019-10-02 10:32:00-04:00,7581.0,stop_1m,-18.0,matched,21.5,21.5,43.0,0.0,20:40,exit_reason_changed,same_entry_different_exit,False,False,False,True,residual_unexplained,,,,,,,,,,,,,,,,,,,,,,,,
short|2019-10-25 09:30:00-0400,short,2019-10-25 09:30:00-04:00,2019-10-25 10:30:00-04:00,7991.75,2019-10-25 11:30:00-04:00,7996.75,stop,-12.5,1.0,7996.5,7962.275,2019-10-25 10:31:00-04:00,7995.0,2019-10-25 10:31:00-04:00,7996.75,stop_1m,-6.0,0.0,7996.5,7965.525,2019-10-25 12:31:00-04:00,2019-10-25,1.0,2.5,7996.5,2019-10-25 10:31:00-04:00,7995.0,2019-10-25 10:48:00-04:00,7996.75,stop_1m,-6.0,matched,6.5,6.5,13.0,-0.0,5:10,exit_reason_changed,same_entry_different_exit,False,False,False,True,residual_unexplained,,,,,,,,,,,,,,,,,,,,,,,,
long|2019-10-31 09:30:00-0400,long,2019-10-31 09:30:00-04:00,2019-10-31 10:30:00-04:00,8065.75,2019-10-31 11:30:00-04:00,8091.35,target,48.70000000000073,1.0,8057.25,8091.6,,,,,,,,,,,,,,,,,,,,,baseline_only,-48.70000000000073,-48.70000000000073,,,<=-40,baseline_trade_missing_in_hybrid,missing_data_or_alignment,True,False,False,True,removed_or_missing_trades_effect,,,,,,,,,,,,,,,,,,,,,,,,
long|2019-11-18 09:30:00-0500,long,2019-11-18 09:30:00-05:00,2019-11-18 10:30:00-05:00,8289.75,2019-11-18 11:30:00-05:00,8312.2375,target,42.47499999999855,1.0,8279.25,8312.4875,2019-11-18 10:31:00-05:00,8291.25,2019-11-18 11:10:00-05:00,8313.7375,target_1m,42.47499999999855,39.0,8279.25,8313.9875,2019-11-18 12:31:00-05:00,2019-11-18,1.0,2.5,8279.25,2019-11-18 10:31:00-05:00,8291.25,2019-11-18 11:10:00-05:00,8313.7375,target_1m,42.47499999999855,matched,0.0,0.0,-6.0,6.0,-5:5,exit_reason_changed,same_entry_different_exit,True,True,False,True,residual_unexplained,,,,,,,,,,,,,,,,,,,,,,,,
long|2019-11-19 09:30:00-0500,long,2019-11-19 09:30:00-05:00,2019-11-19 10:30:00-05:00,8344.75,2019-11-19 12:30:00-05:00,8345.75,time_stop,-0.5,2.0,8330.5,8366.1625,2019-11-19 10:31:00-05:00,8339.0,2019-11-19 10:47:00-05:00,8330.25,stop_1m,-20.0,16.0,8330.5,8360.4125,2019-11-19 12:31:00-05:00,2019-11-19,1.0,2.5,8330.5,2019-11-19 10:31:00-05:00,8339.0,2019-11-19 10:47:00-05:00,8330.25,stop_1m,-20.0,matched,-19.5,-19.5,23.0,-62.0,-20:-10,exit_reason_changed,same_entry_different_exit,False,False,False,True,residual_unexplained,,,,,,,,,,,,,,,,,,,,,,,,
long|2019-11-20 12:30:00-0500,long,2019-11-20 12:30:00-05:00,2019-11-20 13:30:00-05:00,8246.5,2019-11-20 14:30:00-05:00,8271.1875,target,46.875,1.0,8230.75,8271.4375,2019-11-20 13:31:00-05:00,8243.5,2019-11-20 13:53:00-05:00,8268.1875,target_1m,46.875,22.0,8230.75,8268.4375,2019-11-20 15:31:00-05:00,2019-11-20,1.0,2.5,8230.75,2019-11-20 13:31:00-05:00,8243.5,2019-11-20 13:53:00-05:00,8268.1875,target_1m,46.875,matched,0.0,0.0,12.0,-12.0,-5:5,exit_reason_changed,same_entry_different_exit,True,True,False,True,residual_unexplained,,,,,,,,,,,,,,,,,,,,,,,,
long|2019-11-21 09:30:00-0500,long,2019-11-21 09:30:00-05:00,2019-11-21 10:30:00-05:00,8259.25,2019-11-21 11:30:00-05:00,8253.75,stop,-13.5,1.0,8254.0,8284.9375,2019-11-21 10:31:00-05:00,8261.5,2019-11-21 10:31:00-05:00,8253.75,stop_1m,-18.0,0.0,8254.0,8287.1875,2019-11-21 12:31:00-05:00,2019-11-21,1.0,2.5,8254.0,2019-11-21 10:31:00-05:00,8261.5,2019-11-21 10:32:00-05:00,8253.75,stop_1m,-18.0,matched,-4.5,-4.5,-9.0,0.0,-5:5,exit_reason_changed,same_entry_different_exit,False,False,False,True,residual_unexplained,,,,,,,,,,,,,,,,,,,,,,,,
long|2019-12-02 09:30:00-0500,long,2019-12-02 09:30:00-05:00,2019-12-02 10:30:00-05:00,8310.75,2019-12-02 11:30:00-05:00,8299.0,stop,-26.0,1.0,8299.25,8328.4,2019-12-02 10:31:00-05:00,8302.0,2019-12-02 10:31:00-05:00,8299.0,stop_1m,-8.5,0.0,8299.25,8319.65,2019-12-02 12:31:00-05:00,2019-12-02,1.0,2.5,8299.25,2019-12-02 10:31:00-05:00,8302.0,2019-12-02 10:32:00-05:00,8299.0,stop_1m,-8.5,matched,17.5,17.5,35.0,0.0,10:20,exit_reason_changed,same_entry_different_exit,False,False,False,True,residual_unexplained,,,,,,,,,,,,,,,,,,,,,,,,
short|2019-12-12 09:30:00-0500,short,2019-12-12 09:30:00-05:00,2019-12-12 10:30:00-05:00,8493.75,2019-12-12 11:30:00-05:00,8468.7125,target,47.57500000000073,1.0,8497.0,8468.4625,2019-12-12 10:31:00-05:00,8491.0,2019-12-12 10:48:00-05:00,8465.9625,target_1m,47.57500000000073,17.0,8497.0,8465.7125,2019-12-12 12:31:00-05:00,2019-12-12,1.0,2.5,8497.0,2019-12-12 10:31:00-05:00,8491.0,2019-12-12 10:48:00-05:00,8465.9625,target_1m,47.57500000000073,matched,0.0,0.0,-11.0,11.0,-5:5,exit_reason_changed,same_entry_different_exit,True,True,False,True,residual_unexplained,,,,,,,,,,,,,,,,,,,,,,,,
long|2019-12-27 09:30:00-0500,long,2019-12-27 09:30:00-05:00,2019-12-27 10:30:00-05:00,8806.0,2019-12-27 12:30:00-05:00,8788.5,time_stop,-37.5,2.0,8780.0,8825.9625,2019-12-27 10:31:00-05:00,8806.5,2019-12-27 12:31:00-05:00,8799.5,time_stop_1m,-16.5,120.0,8780.0,8826.4625,2019-12-27 12:31:00-05:00,2019-12-27,1.0,2.5,8780.0,2019-12-27 10:31:00-05:00,8806.5,2019-12-27 12:31:00-05:00,8799.5,time_stop_1m,-16.5,matched,21.0,21.0,-2.0,44.0,20:40,exit_reason_changed,same_entry_different_exit,False,False,False,True,residual_unexplained,,,,,,,,,,,,,,,,,,,,,,,,
long|2019-12-30 09:30:00-0500,long,2019-12-30 09:30:00-05:00,2019-12-30 10:30:00-05:00,8713.25,2019-12-30 11:30:00-05:00,8735.9875,target,42.97499999999855,1.0,8691.0,8736.2375,2019-12-30 10:31:00-05:00,8710.5,2019-12-30 11:22:00-05:00,8733.2375,target_1m,42.97499999999855,51.0,8691.0,8733.4875,2019-12-30 12:31:00-05:00,2019-12-30,1.0,2.5,8691.0,2019-12-30 10:31:00-05:00,8710.5,2019-12-30 11:22:00-05:00,8733.2375,target_1m,42.97499999999855,matched,0.0,0.0,11.0,-11.0,-5:5,exit_reason_changed,same_entry_different_exit,True,True,False,True,residual_unexplained,,,,,,,,,,,,,,,,,,,,,,,,
short|2019-12-30 10:30:00-0500,short,2019-12-30 10:30:00-05:00,,,,,,,,,,2019-12-30 11:31:00-05:00,8732.25,2019-12-30 11:44:00-05:00,8736.75,stop_1m,-11.5,13.0,8736.5,8708.275,2019-12-30 13:31:00-05:00,2019-12-30,1.0,2.5,8736.5,2019-12-30 11:31:00-05:00,8732.25,2019-12-30 11:44:00-05:00,8736.75,stop_1m,-11.5,hybrid_only,-11.5,-11.5,,,-20:-10,hybrid_trade_missing_in_baseline,missing_data_or_alignment,False,False,False,True,removed_or_missing_trades_effect,,,,,,,,,,,,,,,,,,,,,,,,
short|2020-01-03 09:30:00-0500,short,2020-01-03 09:30:00-05:00,2020-01-03 10:30:00-05:00,8828.75,2020-01-03 11:30:00-05:00,8841.0,stop,-27.0,1.0,8840.75,8799.875,2020-01-03 10:31:00-05:00,8831.0,2020-01-03 12:01:00-05:00,8841.0,stop_1m,-22.5,90.0,8840.75,8802.125,2020-01-03 12:31:00-05:00,2020-01-03,1.0,2.5,8840.75,2020-01-03 10:31:00-05:00,8831.0,2020-01-03 12:01:00-05:00,8841.0,stop_1m,-22.5,matched,4.5,4.5,9.0,-0.0,-5:5,exit_reason_changed,same_entry_different_exit,False,False,False,True,residual_unexplained,,,,,,,,,,,,,,,,,,,,,,,,
long|2020-01-24 09:30:00-0500,long,2020-01-24 09:30:00-05:00,2020-01-24 10:30:00-05:00,9233.5,2020-01-24 11:30:00-05:00,9232.0,stop,-5.5,1.0,9232.25,9263.4,2020-01-24 10:31:00-05:00,9237.25,2020-01-24 10:32:00-05:00,9232.0,stop_1m,-13.0,1.0,9232.25,9267.15,2020-01-24 12:31:00-05:00,2020-01-24,1.0,2.5,9232.25,2020-01-24 10:31:00-05:00,9237.25,2020-01-24 10:32:00-05:00,9232.0,stop_1m,-13.0,matched,-7.5,-7.5,-15.0,0.0,-10:-5,exit_reason_changed,same_entry_different_exit,False,False,False,True,residual_unexplained,,,,,,,,,,,,,,,,,,,,,,,,
long|2020-01-24 11:30:00-0500,long,2020-01-24 11:30:00-05:00,2020-01-24 12:30:00-05:00,9176.5,2020-01-24 13:30:00-05:00,9161.75,stop,-32.0,1.0,9162.0,9209.8375,2020-01-24 12:31:00-05:00,9182.0,2020-01-24 13:30:00-05:00,9161.75,stop_1m,-43.0,59.0,9162.0,9215.3375,2020-01-24 14:31:00-05:00,2020-01-24,1.0,2.5,9162.0,2020-01-24 12:31:00-05:00,9182.0,2020-01-24 13:30:00-05:00,9161.75,stop_1m,-43.0,matched,-11.0,-11.0,-22.0,0.0,-20:-10,exit_reason_changed,same_exit_different_entry,False,False,False,True,residual_unexplained,,,,,,,,,,,,,,,,,,,,,,,,
short|2020-01-27 09:30:00-0500,short,2020-01-27 09:30:00-05:00,2020-01-27 10:30:00-05:00,8989.0,2020-01-27 11:30:00-05:00,8994.5,stop,-13.5,1.0,8994.25,8944.1125,2020-01-27 10:31:00-05:00,8987.25,2020-01-27 12:15:00-05:00,8994.5,stop_1m,-17.0,104.0,8994.25,8942.3625,2020-01-27 12:31:00-05:00,2020-01-27,1.0,2.5,8994.25,2020-01-27 10:31:00-05:00,8987.25,2020-01-27 12:15:00-05:00,8994.5,stop_1m,-17.0,matched,-3.5,-3.5,-7.0,-0.0,-5:5,exit_reason_changed,same_entry_different_exit,False,False,False,True,residual_unexplained,,,,,,,,,,,,,,,,,,,,,,,,
long|2020-01-29 09:30:00-0500,long,2020-01-29 09:30:00-05:00,2020-01-29 10:30:00-05:00,9097.25,2020-01-29 12:30:00-05:00,9142.0,time_stop,87.0,2.0,9072.25,9148.9875,2020-01-29 10:31:00-05:00,9096.5,2020-01-29 12:31:00-05:00,9130.5,time_stop_1m,65.5,120.0,9072.25,9148.2375,2020-01-29 12:31:00-05:00,2020-01-29,1.0,2.5,9072.25,2020-01-29 10:31:00-05:00,9096.5,2020-01-29 12:31:00-05:00,9130.5,time_stop_1m,65.5,matched,-21.5,-21.5,3.0,-46.0,-40:-20,exit_reason_changed,same_entry_different_exit,True,True,False,True,residual_unexplained,,,,,,,,,,,,,,,,,,,,,,,,
long|2020-01-31 09:30:00-0500,long,2020-01-31 09:30:00-05:00,2020-01-31 10:30:00-05:00,9069.75,2020-01-31 11:30:00-05:00,9069.0,stop,-4.0,1.0,9069.25,9112.15,2020-01-31 10:31:00-05:00,9075.0,2020-01-31 10:43:00-05:00,9069.0,stop_1m,-14.5,12.0,9069.25,9117.4,2020-01-31 12:31:00-05:00,2020-01-31,1.0,2.5,9069.25,2020-01-31 10:31:00-05:00,9075.0,2020-01-31 10:43:00-05:00,9069.0,stop_1m,-14.5,matched,-10.5,-10.5,-21.0,0.0,-20:-10,exit_reason_changed,same_entry_different_exit,False,False,False,True,residual_unexplained,,,,,,,,,,,,,,,,,,,,,,,,
short|2020-02-13 09:30:00-0500,short,2020-02-13 09:30:00-05:00,2020-02-13 10:30:00-05:00,9582.5,2020-02-13 11:30:00-05:00,9593.0,stop,-23.5,1.0,9592.75,9546.9375,2020-02-13 10:31:00-05:00,9585.5,2020-02-13 10:35:00-05:00,9593.0,stop_1m,-17.5,4.0,9592.75,9549.9375,2020-02-13 12:31:00-05:00,2020-02-13,1.0,2.5,9592.75,2020-02-13 10:31:00-05:00,9585.5,2020-02-13 10:35:00-05:00,9593.0,stop_1m,-17.5,matched,6.0,6.0,12.0,-0.0,5:10,exit_reason_changed,same_entry_different_exit,False,False,False,True,residual_unexplained,,,,,,,,,,,,,,,,,,,,,,,,
long|2020-02-20 11:30:00-0500,long,2020-02-20 11:30:00-05:00,2020-02-20 12:30:00-05:00,9557.0,2020-02-20 13:30:00-05:00,9592.5625,target,68.625,1.0,9516.25,9592.8125,2020-02-20 12:31:00-05:00,9568.5,2020-02-20 13:11:00-05:00,9604.0625,target_1m,68.625,40.0,9516.25,9604.3125,2020-02-20 14:31:00-05:00,2020-02-20,1.0,2.5,9516.25,2020-02-20 12:31:00-05:00,9568.5,2020-02-20 13:11:00-05:00,9604.0625,target_1m,68.625,matched,0.0,0.0,-46.0,46.0,-5:5,exit_reason_changed,same_entry_different_exit,True,True,False,True,residual_unexplained,,,,,,,,,,,,,,,,,,,,,,,,
long|2020-02-21 09:30:00-0500,long,2020-02-21 09:30:00-05:00,2020-02-21 10:30:00-05:00,9521.0,2020-02-21 12:30:00-05:00,9481.25,stop,-82.0,2.0,9481.5,9565.8625,2020-02-21 10:31:00-05:00,9523.25,2020-02-21 10:40:00-05:00,9481.25,stop_1m,-86.5,9.0,9481.5,9568.1125,2020-02-21 12:31:00-05:00,2020-02-21,1.0,2.5,9481.5,2020-02-21 10:31:00-05:00,9523.25,2020-02-21 10:40:00-05:00,9481.25,stop_1m,-86.5,matched,-4.5,-4.5,-9.0,0.0,-5:5,exit_reason_changed,same_entry_different_exit,False,False,False,True,residual_unexplained,,,,,,,,,,,,,,,,,,,,,,,,
long|2020-02-25 09:30:00-0500,long,2020-02-25 09:30:00-05:00,2020-02-25 10:30:00-05:00,9052.0,2020-02-25 11:30:00-05:00,9038.25,stop,-30.0,1.0,9038.5,9135.675,2020-02-25 10:31:00-05:00,9060.5,2020-02-25 10:32:00-05:00,9038.25,stop_1m,-47.0,1.0,9038.5,9144.175,2020-02-25 12:31:00-05:00,2020-02-25,1.0,2.5,9038.5,2020-02-25 10:31:00-05:00,9060.5,2020-02-25 10:32:00-05:00,9038.25,stop_1m,-47.0,matched,-17.0,-17.0,-34.0,0.0,-20:-10,exit_reason_changed,same_entry_different_exit,False,False,False,True,residual_unexplained,,,,,,,,,,,,,,,,,,,,,,,,
short|2020-02-26 09:30:00-0500,short,2020-02-26 09:30:00-05:00,2020-02-26 10:30:00-05:00,8991.75,2020-02-26 11:30:00-05:00,9015.75,stop_ambiguous_first,-50.5,1.0,9015.5,8892.5375,2020-02-26 10:31:00-05:00,8999.75,2020-02-26 10:35:00-05:00,9015.75,stop_1m,-34.5,4.0,9015.5,8900.5375,2020-02-26 12:31:00-05:00,2020-02-26,1.0,2.5,9015.5,2020-02-26 10:31:00-05:00,8999.75,2020-02-26 10:35:00-05:00,9015.75,stop_1m,-34.5,matched,16.0,16.0,32.0,-0.0,10:20,exit_reason_changed,same_entry_different_exit,False,False,False,True,residual_unexplained,,,,,,,,,,,,,,,,,,,,,,,,
short|2020-04-02 09:30:00-0400,short,2020-04-02 09:30:00-04:00,2020-04-02 10:30:00-04:00,7521.25,2020-04-02 11:30:00-04:00,7528.25,stop,-16.5,1.0,7528.0,7430.125,,,,,,,,,,,,,,,,,,,,,baseline_only,16.5,16.5,,,10:20,baseline_trade_missing_in_hybrid,missing_data_or_alignment,False,False,False,True,removed_or_missing_trades_effect,,,,,,,,,,,,,,,,,,,,,,,,
long|2020-04-07 09:30:00-0400,long,2020-04-07 09:30:00-04:00,2020-04-07 10:30:00-04:00,8131.5,2020-04-07 11:30:00-04:00,8232.3625,target,199.22499999999852,1.0,8121.5,8232.6125,2020-04-07 10:31:00-04:00,8138.5,2020-04-07 10:41:00-04:00,8121.25,stop_1m,-37.0,10.0,8121.5,8239.6125,2020-04-07 12:31:00-04:00,2020-04-07,1.0,2.5,8121.5,2020-04-07 10:31:00-04:00,8138.5,2020-04-07 10:41:00-04:00,8121.25,stop_1m,-37.0,matched,-236.22499999999852,-236.22499999999852,-28.0,-444.4499999999971,<=-40,winner_to_loser,worse_entry_price,True,False,True,True,entry_price_effect,,,,,,,,,,,,,,,,,,,,,,,,
long|2020-04-17 09:30:00-0400,long,2020-04-17 09:30:00-04:00,2020-04-17 10:30:00-04:00,8793.5,2020-04-17 11:30:00-04:00,8763.75,stop,-62.0,1.0,8764.0,8868.8,2020-04-17 10:31:00-04:00,8792.0,2020-04-17 10:38:00-04:00,8763.75,stop_1m,-59.0,7.0,8764.0,8867.3,2020-04-17 12:31:00-04:00,2020-04-17,1.0,2.5,8764.0,2020-04-17 10:31:00-04:00,8792.0,2020-04-17 10:38:00-04:00,8763.75,stop_1m,-59.0,matched,3.0,3.0,6.0,0.0,-5:5,exit_reason_changed,same_entry_different_exit,False,False,False,True,residual_unexplained,,,,,,,,,,,,,,,,,,,,,,,,
long|2020-04-21 09:30:00-0400,long,2020-04-21 09:30:00-04:00,2020-04-21 10:30:00-04:00,8536.75,2020-04-21 11:30:00-04:00,8514.75,stop,-46.5,1.0,8515.0,8611.9625,2020-04-21 10:31:00-04:00,8529.75,2020-04-21 10:32:00-04:00,8514.75,stop_1m,-32.5,1.0,8515.0,8604.9625,2020-04-21 12:31:00-04:00,2020-04-21,1.0,2.5,8515.0,2020-04-21 10:31:00-04:00,8529.75,2020-04-21 10:32:00-04:00,8514.75,stop_1m,-32.5,matched,14.0,14.0,28.0,0.0,10:20,exit_reason_changed,same_entry_different_exit,False,False,False,True,residual_unexplained,,,,,,,,,,,,,,,,,,,,,,,,
long|2020-04-21 10:30:00-0400,long,2020-04-21 10:30:00-04:00,,,,,,,,,,2020-04-21 11:31:00-04:00,8387.25,2020-04-21 11:43:00-04:00,8345.0,stop_1m,-87.0,12.0,8345.25,8466.075,2020-04-21 13:31:00-04:00,2020-04-21,1.0,2.5,8345.25,2020-04-21 11:31:00-04:00,8387.25,2020-04-21 11:43:00-04:00,8345.0,stop_1m,-87.0,hybrid_only,-87.0,-87.0,,,<=-40,hybrid_trade_missing_in_baseline,missing_data_or_alignment,False,False,False,True,removed_or_missing_trades_effect,,,,,,,,,,,,,,,,,,,,,,,,
long|2020-04-28 09:30:00-0400,long,2020-04-28 09:30:00-04:00,2020-04-28 10:30:00-04:00,8776.75,2020-04-28 11:30:00-04:00,8750.5,stop,-55.0,1.0,8750.75,8842.6125,2020-04-28 10:31:00-04:00,8775.75,2020-04-28 10:44:00-04:00,8750.5,stop_1m,-53.0,13.0,8750.75,8841.6125,2020-04-28 12:31:00-04:00,2020-04-28,1.0,2.5,8750.75,2020-04-28 10:31:00-04:00,8775.75,2020-04-28 10:44:00-04:00,8750.5,stop_1m,-53.0,matched,2.0,2.0,4.0,0.0,-5:5,exit_reason_changed,same_entry_different_exit,False,False,False,True,residual_unexplained,,,,,,,,,,,,,,,,,,,,,,,,
short|2020-05-04 09:30:00-0400,short,2020-05-04 09:30:00-04:00,2020-05-04 10:30:00-04:00,8741.5,2020-05-04 11:30:00-04:00,8769.25,stop,-58.0,1.0,8769.0,8673.125,2020-05-04 10:31:00-04:00,8744.25,2020-05-04 11:24:00-04:00,8769.25,stop_1m,-52.5,53.0,8769.0,8675.875,2020-05-04 12:31:00-04:00,2020-05-04,1.0,2.5,8769.0,2020-05-04 10:31:00-04:00,8744.25,2020-05-04 11:24:00-04:00,8769.25,stop_1m,-52.5,matched,5.5,5.5,11.0,-0.0,5:10,exit_reason_changed,same_entry_different_exit,False,False,False,True,residual_unexplained,,,,,,,,,,,,,,,,,,,,,,,,
short|2020-05-11 09:30:00-0400,short,2020-05-11 09:30:00-04:00,2020-05-11 10:30:00-04:00,9235.75,2020-05-11 11:30:00-04:00,9246.25,stop,-23.5,1.0,9246.0,9184.6875,2020-05-11 10:31:00-04:00,9227.5,2020-05-11 10:46:00-04:00,9246.25,stop_1m,-40.0,15.0,9246.0,9176.4375,2020-05-11 12:31:00-04:00,2020-05-11,1.0,2.5,9246.0,2020-05-11 10:31:00-04:00,9227.5,2020-05-11 10:46:00-04:00,9246.25,stop_1m,-40.0,matched,-16.5,-16.5,-33.0,-0.0,-20:-10,exit_reason_changed,same_entry_different_exit,False,False,False,True,residual_unexplained,,,,,,,,,,,,,,,,,,,,,,,,
long|2020-05-13 11:30:00-0400,long,2020-05-13 11:30:00-04:00,2020-05-13 12:30:00-04:00,8953.5,2020-05-13 14:30:00-04:00,8885.5,stop,-138.5,2.0,8885.75,9025.45,2020-05-13 12:31:00-04:00,8953.75,2020-05-13 14:31:00-04:00,8946.0,time_stop_1m,-18.0,120.0,8885.75,9025.7,2020-05-13 14:31:00-04:00,2020-05-13,1.0,2.5,8885.75,2020-05-13 12:31:00-04:00,8953.75,2020-05-13 14:31:00-04:00,8946.0,time_stop_1m,-18.0,matched,120.5,120.5,-1.0,242.0,>=40,time_stop_changed,time_stop_conversion_effect,False,False,False,True,time_stop_effect,,,,,,,,,,,,,,,,,,,,,,,,
long|2020-05-14 09:30:00-0400,long,2020-05-14 09:30:00-04:00,2020-05-14 10:30:00-04:00,8852.75,2020-05-14 11:30:00-04:00,8935.375,target,162.75,1.0,8850.75,8935.625,2020-05-14 10:31:00-04:00,8856.5,2020-05-14 11:06:00-04:00,8939.125,target_1m,162.75,35.0,8850.75,8939.375,2020-05-14 12:31:00-04:00,2020-05-14,1.0,2.5,8850.75,2020-05-14 10:31:00-04:00,8856.5,2020-05-14 11:06:00-04:00,8939.125,target_1m,162.75,matched,0.0,0.0,-15.0,15.0,-5:5,exit_reason_changed,same_entry_different_exit,True,True,False,True,residual_unexplained,,,,,,,,,,,,,,,,,,,,,,,,
long|2020-05-27 09:30:00-0400,long,2020-05-27 09:30:00-04:00,2020-05-27 10:30:00-04:00,9291.0,2020-05-27 11:30:00-04:00,9262.25,stop,-60.0,1.0,9262.5,9341.575,2020-05-27 10:31:00-04:00,9282.0,2020-05-27 10:37:00-04:00,9262.25,stop_1m,-42.0,6.0,9262.5,9332.575,2020-05-27 12:31:00-04:00,2020-05-27,1.0,2.5,9262.5,2020-05-27 10:31:00-04:00,9282.0,2020-05-27 10:37:00-04:00,9262.25,stop_1m,-42.0,matched,18.0,18.0,36.0,0.0,10:20,exit_reason_changed,same_entry_different_exit,False,False,False,True,residual_unexplained,,,,,,,,,,,,,,,,,,,,,,,,
short|2020-05-28 09:30:00-0400,short,2020-05-28 09:30:00-04:00,2020-05-28 10:30:00-04:00,9472.25,2020-05-28 11:30:00-04:00,9477.0,stop,-12.0,1.0,9476.75,9408.675,2020-05-28 10:31:00-04:00,9463.25,2020-05-28 10:37:00-04:00,9477.0,stop_1m,-30.0,6.0,9476.75,9399.675,2020-05-28 12:31:00-04:00,2020-05-28,1.0,2.5,9476.75,2020-05-28 10:31:00-04:00,9463.25,2020-05-28 10:37:00-04:00,9477.0,stop_1m,-30.0,matched,-18.0,-18.0,-36.0,-0.0,-20:-10,exit_reason_changed,same_entry_different_exit,False,False,False,True,residual_unexplained,,,,,,,,,,,,,,,,,,,,,,,,
long|2020-06-11 14:30:00-0400,long,2020-06-11 14:30:00-04:00,2020-06-11 15:30:00-04:00,9613.0,2020-06-12 09:30:00-04:00,9695.9875,target,163.47499999999854,1.0,9593.75,9696.2375,2020-06-11 15:31:00-04:00,9624.25,2020-06-11 15:56:00-04:00,9593.5,stop_1m,-64.0,25.0,9593.75,9707.4875,2020-06-11 17:31:00-04:00,2020-06-11,1.0,2.5,9593.75,2020-06-11 15:31:00-04:00,9624.25,2020-06-11 15:56:00-04:00,9593.5,stop_1m,-64.0,matched,-227.47499999999854,-227.47499999999854,-45.0,-409.9499999999971,<=-40,winner_to_loser,worse_entry_price,True,False,True,True,entry_price_effect,,,,,,,,,,,,,,,,,,,,,,,,
long|2020-06-24 10:30:00-0400,long,2020-06-24 10:30:00-04:00,2020-06-24 11:30:00-04:00,10023.25,2020-06-24 12:30:00-04:00,9989.75,stop,-69.5,1.0,9990.0,10080.5125,2020-06-24 11:31:00-04:00,10023.75,2020-06-24 11:38:00-04:00,9989.75,stop_1m,-70.5,7.0,9990.0,10081.0125,2020-06-24 13:31:00-04:00,2020-06-24,1.0,2.5,9990.0,2020-06-24 11:31:00-04:00,10023.75,2020-06-24 11:38:00-04:00,9989.75,stop_1m,-70.5,matched,-1.0,-1.0,-2.0,0.0,-5:5,exit_reason_changed,same_entry_different_exit,False,False,False,True,residual_unexplained,,,,,,,,,,,,,,,,,,,,,,,,
long|2020-06-26 09:30:00-0400,long,2020-06-26 09:30:00-04:00,2020-06-26 10:30:00-04:00,9928.75,2020-06-26 11:30:00-04:00,9895.0,stop,-70.0,1.0,9895.25,10009.4,2020-06-26 10:31:00-04:00,9935.25,2020-06-26 10:33:00-04:00,9895.0,stop_1m,-83.0,2.0,9895.25,10015.9,2020-06-26 12:31:00-04:00,2020-06-26,1.0,2.5,9895.25,2020-06-26 10:31:00-04:00,9935.25,2020-06-26 10:33:00-04:00,9895.0,stop_1m,-83.0,matched,-13.0,-13.0,-26.0,0.0,-20:-10,exit_reason_changed,same_entry_different_exit,False,False,False,True,residual_unexplained,,,,,,,,,,,,,,,,,,,,,,,,
long|2020-07-09 10:30:00-0400,long,2020-07-09 10:30:00-04:00,2020-07-09 11:30:00-04:00,10604.75,2020-07-09 12:30:00-04:00,10676.45,target,140.90000000000146,1.0,10560.25,10676.7,2020-07-09 11:31:00-04:00,10607.0,2020-07-09 12:46:00-04:00,10678.7,target_1m,140.90000000000146,75.0,10560.25,10678.95,2020-07-09 13:31:00-04:00,2020-07-09,1.0,2.5,10560.25,2020-07-09 11:31:00-04:00,10607.0,2020-07-09 12:46:00-04:00,10678.7,target_1m,140.90000000000146,matched,0.0,0.0,-9.0,9.0,-5:5,exit_reason_changed,same_entry_different_exit,True,True,False,True,residual_unexplained,,,,,,,,,,,,,,,,,,,,,,,,
long|2020-07-13 14:30:00-0400,long,2020-07-13 14:30:00-04:00,2020-07-13 15:30:00-04:00,10704.0,2020-07-14 09:30:00-04:00,10697.5,stop,-15.5,1.0,10697.75,10791.3875,,,,,,,,,,,,,,,,,,,,,baseline_only,15.5,15.5,,,10:20,baseline_trade_missing_in_hybrid,missing_data_or_alignment,False,False,False,True,removed_or_missing_trades_effect,,,,,,,,,,,,,,,,,,,,,,,,
long|2020-07-31 09:30:00-0400,long,2020-07-31 09:30:00-04:00,2020-07-31 10:30:00-04:00,10738.0,2020-07-31 11:30:00-04:00,10803.5625,target,128.625,1.0,10714.25,10803.8125,2020-07-31 10:31:00-04:00,10756.0,2020-07-31 11:18:00-04:00,10821.5625,target_1m,128.625,47.0,10714.25,10821.8125,2020-07-31 12:31:00-04:00,2020-07-31,1.0,2.5,10714.25,2020-07-31 10:31:00-04:00,10756.0,2020-07-31 11:18:00-04:00,10821.5625,target_1m,128.625,matched,0.0,0.0,-72.0,72.0,-5:5,exit_reason_changed,same_entry_different_exit,True,True,False,True,residual_unexplained,,,,,,,,,,,,,,,,,,,,,,,,
long|2020-08-10 09:30:00-0400,long,2020-08-10 09:30:00-04:00,2020-08-10 10:30:00-04:00,11062.0,2020-08-10 11:30:00-04:00,11044.0,stop,-38.5,1.0,11044.25,11119.1625,2020-08-10 10:31:00-04:00,11053.0,2020-08-10 10:31:00-04:00,11044.0,stop_1m,-20.5,0.0,11044.25,11110.1625,2020-08-10 12:31:00-04:00,2020-08-10,1.0,2.5,11044.25,2020-08-10 10:31:00-04:00,11053.0,2020-08-10 10:32:00-04:00,11044.0,stop_1m,-20.5,matched,18.0,18.0,36.0,0.0,10:20,exit_reason_changed,same_entry_different_exit,False,False,False,True,residual_unexplained,,,,,,,,,,,,,,,,,,,,,,,,
long|2020-08-14 09:30:00-0400,long,2020-08-14 09:30:00-04:00,2020-08-14 10:30:00-04:00,11106.5,2020-08-14 12:30:00-04:00,11167.0,time_stop,118.5,2.0,11101.5,11179.5,2020-08-14 10:31:00-04:00,11106.75,2020-08-14 12:31:00-04:00,11155.75,time_stop_1m,95.5,120.0,11101.5,11179.75,2020-08-14 12:31:00-04:00,2020-08-14,1.0,2.5,11101.5,2020-08-14 10:31:00-04:00,11106.75,2020-08-14 12:31:00-04:00,11155.75,time_stop_1m,95.5,matched,-23.0,-23.0,-1.0,-45.0,-40:-20,exit_reason_changed,same_entry_different_exit,True,True,False,True,residual_unexplained,,,,,,,,,,,,,,,,,,,,,,,,
long|2020-09-02 10:30:00-0400,long,2020-09-02 10:30:00-04:00,2020-09-02 11:30:00-04:00,12268.5,2020-09-02 12:30:00-04:00,12336.3375,target,133.17499999999927,1.0,12238.75,12336.5875,2020-09-02 11:31:00-04:00,12276.75,2020-09-02 11:36:00-04:00,12238.5,stop_1m,-79.0,5.0,12238.75,12344.8375,2020-09-02 13:31:00-04:00,2020-09-02,1.0,2.5,12238.75,2020-09-02 11:31:00-04:00,12276.75,2020-09-02 11:36:00-04:00,12238.5,stop_1m,-79.0,matched,-212.17499999999927,-212.17499999999927,-33.0,-391.34999999999854,<=-40,winner_to_loser,worse_entry_price,True,False,True,True,entry_price_effect,,,,,,,,,,,,,,,,,,,,,,,,
long|2020-09-03 09:30:00-0400,long,2020-09-03 09:30:00-04:00,2020-09-03 10:30:00-04:00,12061.5,2020-09-03 11:30:00-04:00,12031.25,stop,-63.0,1.0,12031.5,12150.8875,2020-09-03 10:31:00-04:00,12044.25,2020-09-03 10:37:00-04:00,12031.25,stop_1m,-28.5,6.0,12031.5,12133.6375,2020-09-03 12:31:00-04:00,2020-09-03,1.0,2.5,12031.5,2020-09-03 10:31:00-04:00,12044.25,2020-09-03 10:37:00-04:00,12031.25,stop_1m,-28.5,matched,34.5,34.5,69.0,0.0,20:40,exit_reason_changed,same_entry_different_exit,False,False,False,True,residual_unexplained,,,,,,,,,,,,,,,,,,,,,,,,
long|2020-09-03 10:30:00-0400,long,2020-09-03 10:30:00-04:00,,,,,,,,,,2020-09-03 11:31:00-04:00,11850.75,2020-09-03 13:03:00-04:00,11744.0,stop_1m,-216.0,92.0,11744.25,11952.75,2020-09-03 13:31:00-04:00,2020-09-03,1.0,2.5,11744.25,2020-09-03 11:31:00-04:00,11850.75,2020-09-03 13:03:00-04:00,11744.0,stop_1m,-216.0,hybrid_only,-216.0,-216.0,,,<=-40,hybrid_trade_missing_in_baseline,missing_data_or_alignment,False,False,False,True,removed_or_missing_trades_effect,,,,,,,,,,,,,,,,,,,,,,,,
short|2020-09-24 09:30:00-0400,short,2020-09-24 09:30:00-04:00,2020-09-24 10:30:00-04:00,10845.75,2020-09-24 11:30:00-04:00,10936.75,stop,-184.5,1.0,10936.5,10738.925,2020-09-24 10:31:00-04:00,10822.25,2020-09-24 11:32:00-04:00,10936.75,stop_1m,-231.5,61.0,10936.5,10715.425,2020-09-24 12:31:00-04:00,2020-09-24,1.0,2.5,10936.5,2020-09-24 10:31:00-04:00,10822.25,2020-09-24 11:32:00-04:00,10936.75,stop_1m,-231.5,matched,-47.0,-47.0,-94.0,-0.0,<=-40,exit_reason_changed,same_entry_different_exit,False,False,False,True,residual_unexplained,,,,,,,,,,,,,,,,,,,,,,,,
short|2020-10-02 09:30:00-0400,short,2020-10-02 09:30:00-04:00,2020-10-02 10:30:00-04:00,11464.5,2020-10-02 11:30:00-04:00,11376.95,target,172.59999999999854,1.0,11468.75,11376.7,2020-10-02 10:31:00-04:00,11442.75,2020-10-02 11:32:00-04:00,11355.2,target_1m,172.59999999999854,61.0,11468.75,11354.95,2020-10-02 12:31:00-04:00,2020-10-02,1.0,2.5,11468.75,2020-10-02 10:31:00-04:00,11442.75,2020-10-02 11:32:00-04:00,11355.2,target_1m,172.59999999999854,matched,0.0,0.0,-87.0,87.0,-5:5,exit_reason_changed,same_entry_different_exit,True,True,False,True,residual_unexplained,,,,,,,,,,,,,,,,,,,,,,,,
long|2020-10-06 14:30:00-0400,long,2020-10-06 14:30:00-04:00,2020-10-06 15:30:00-04:00,11325.5,2020-10-07 09:30:00-04:00,11423.025,target,192.54999999999927,1.0,11238.5,11423.275,2020-10-06 15:31:00-04:00,11323.75,2020-10-06 16:00:00-04:00,11283.25,eod_flat_1m,-83.5,29.0,11238.5,11421.525,2020-10-06 17:31:00-04:00,2020-10-06,1.0,2.5,11238.5,2020-10-06 15:31:00-04:00,11323.75,2020-10-06 16:00:00-04:00,11283.25,eod_flat_1m,-83.5,matched,-276.0499999999993,-276.0499999999993,7.0,-559.0999999999985,<=-40,winner_to_loser,target_not_reached_on_1min_path,True,False,True,True,target_not_reached_effect,,,,,,,,,,,,,,,,,,,,,,,,
long|2020-10-14 09:30:00-0400,long,2020-10-14 09:30:00-04:00,2020-10-14 10:30:00-04:00,12053.75,2020-10-14 11:30:00-04:00,12042.75,stop,-24.5,1.0,12043.0,12140.6125,,,,,,,,,,,,,,,,,,,,,baseline_only,24.5,24.5,,,20:40,baseline_trade_missing_in_hybrid,missing_data_or_alignment,False,False,False,True,removed_or_missing_trades_effect,,,,,,,,,,,,,,,,,,,,,,,,
long|2020-10-28 09:30:00-0400,long,2020-10-28 09:30:00-04:00,2020-10-28 10:30:00-04:00,11230.75,2020-10-28 11:30:00-04:00,11208.5,stop,-47.0,1.0,11208.75,11318.4375,2020-10-28 10:31:00-04:00,11222.75,2020-10-28 10:52:00-04:00,11208.5,stop_1m,-31.0,21.0,11208.75,11310.4375,2020-10-28 12:31:00-04:00,2020-10-28,1.0,2.5,11208.75,2020-10-28 10:31:00-04:00,11222.75,2020-10-28 10:52:00-04:00,11208.5,stop_1m,-31.0,matched,16.0,16.0,32.0,0.0,10:20,exit_reason_changed,same_entry_different_exit,False,False,False,True,residual_unexplained,,,,,,,,,,,,,,,,,,,,,,,,
long|2020-10-30 09:30:00-0400,long,2020-10-30 09:30:00-04:00,2020-10-30 10:30:00-04:00,11063.0,2020-10-30 11:30:00-04:00,11051.0,stop,-26.5,1.0,11051.25,11167.4375,2020-10-30 10:31:00-04:00,11073.5,2020-10-30 10:32:00-04:00,11051.0,stop_1m,-47.5,1.0,11051.25,11177.9375,2020-10-30 12:31:00-04:00,2020-10-30,1.0,2.5,11051.25,2020-10-30 10:31:00-04:00,11073.5,2020-10-30 10:32:00-04:00,11051.0,stop_1m,-47.5,matched,-21.0,-21.0,-42.0,0.0,-40:-20,exit_reason_changed,same_entry_different_exit,False,False,False,True,residual_unexplained,,,,,,,,,,,,,,,,,,,,,,,,
long|2020-11-10 09:30:00-0500,long,2020-11-10 09:30:00-05:00,2020-11-10 10:30:00-05:00,11563.75,2020-11-10 11:30:00-05:00,11671.7375,target,213.47499999999852,1.0,11562.5,11671.9875,2020-11-10 10:31:00-05:00,11581.75,2020-11-10 10:33:00-05:00,11562.25,stop_1m,-41.5,2.0,11562.5,11689.9875,2020-11-10 12:31:00-05:00,2020-11-10,1.0,2.5,11562.5,2020-11-10 10:31:00-05:00,11581.75,2020-11-10 10:33:00-05:00,11562.25,stop_1m,-41.5,matched,-254.97499999999852,-254.97499999999852,-72.0,-437.9499999999971,<=-40,winner_to_loser,worse_entry_price,True,False,True,True,entry_price_effect,,,,,,,,,,,,,,,,,,,,,,,,
long|2020-11-30 09:30:00-0500,long,2020-11-30 09:30:00-05:00,2020-11-30 10:30:00-05:00,12208.25,2020-11-30 11:30:00-05:00,12202.0,stop,-15.0,1.0,12202.25,12255.9625,2020-11-30 10:31:00-05:00,12206.5,2020-11-30 10:31:00-05:00,12202.0,stop_1m,-11.5,0.0,12202.25,12254.2125,2020-11-30 12:31:00-05:00,2020-11-30,1.0,2.5,12202.25,2020-11-30 10:31:00-05:00,12206.5,2020-11-30 10:32:00-05:00,12202.0,stop_1m,-11.5,matched,3.5,3.5,7.0,0.0,-5:5,exit_reason_changed,same_entry_different_exit,False,False,False,True,residual_unexplained,,,,,,,,,,,,,,,,,,,,,,,,
long|2020-12-08 09:30:00-0500,long,2020-12-08 09:30:00-05:00,2020-12-08 10:30:00-05:00,12520.25,2020-12-08 11:30:00-05:00,12563.125,target,83.25,1.0,12502.5,12563.375,2020-12-08 10:31:00-05:00,12529.25,2020-12-08 11:32:00-05:00,12572.125,target_1m,83.25,61.0,12502.5,12572.375,2020-12-08 12:31:00-05:00,2020-12-08,1.0,2.5,12502.5,2020-12-08 10:31:00-05:00,12529.25,2020-12-08 11:32:00-05:00,12572.125,target_1m,83.25,matched,0.0,0.0,-36.0,36.0,-5:5,exit_reason_changed,same_entry_different_exit,True,True,False,True,residual_unexplained,,,,,,,,,,,,,,,,,,,,,,,,
short|2020-12-10 09:30:00-0500,short,2020-12-10 09:30:00-05:00,2020-12-10 10:30:00-05:00,12389.75,2020-12-10 11:30:00-05:00,12420.75,stop,-64.5,1.0,12420.5,12325.8875,2020-12-10 10:31:00-05:00,12392.75,2020-12-10 10:39:00-05:00,12420.75,stop_1m,-58.5,8.0,12420.5,12328.8875,2020-12-10 12:31:00-05:00,2020-12-10,1.0,2.5,12420.5,2020-12-10 10:31:00-05:00,12392.75,2020-12-10 10:39:00-05:00,12420.75,stop_1m,-58.5,matched,6.0,6.0,12.0,-0.0,5:10,exit_reason_changed,same_entry_different_exit,False,False,False,True,residual_unexplained,,,,,,,,,,,,,,,,,,,,,,,,
long|2021-01-04 09:30:00-0500,long,2021-01-04 09:30:00-05:00,2021-01-04 10:30:00-05:00,12879.75,2021-01-04 11:30:00-05:00,12846.5,stop,-69.0,1.0,12846.75,12921.275,2021-01-04 10:31:00-05:00,12882.75,2021-01-04 10:45:00-05:00,12846.5,stop_1m,-75.0,14.0,12846.75,12924.275,2021-01-04 12:31:00-05:00,2021-01-04,1.0,2.5,12846.75,2021-01-04 10:31:00-05:00,12882.75,2021-01-04 10:45:00-05:00,12846.5,stop_1m,-75.0,matched,-6.0,-6.0,-12.0,0.0,-10:-5,exit_reason_changed,same_entry_different_exit,False,False,False,True,residual_unexplained,,,,,,,,,,,,,,,,,,,,,,,,
long|2021-01-04 10:30:00-0500,long,2021-01-04 10:30:00-05:00,,,,,,,,,,2021-01-04 11:31:00-05:00,12722.0,2021-01-04 11:53:00-05:00,12679.75,stop_1m,-87.0,22.0,12680.0,12770.7625,2021-01-04 13:31:00-05:00,2021-01-04,1.0,2.5,12680.0,2021-01-04 11:31:00-05:00,12722.0,2021-01-04 11:53:00-05:00,12679.75,stop_1m,-87.0,hybrid_only,-87.0,-87.0,,,<=-40,hybrid_trade_missing_in_baseline,missing_data_or_alignment,False,False,False,True,removed_or_missing_trades_effect,,,,,,,,,,,,,,,,,,,,,,,,
short|2021-01-06 09:30:00-0500,short,2021-01-06 09:30:00-05:00,2021-01-06 10:30:00-05:00,12700.0,2021-01-06 11:30:00-05:00,12712.75,stop,-28.0,1.0,12712.5,12615.75,2021-01-06 10:31:00-05:00,12711.5,2021-01-06 10:31:00-05:00,12712.75,stop_1m,-5.0,0.0,12712.5,12627.25,2021-01-06 12:31:00-05:00,2021-01-06,1.0,2.5,12712.5,2021-01-06 10:31:00-05:00,12711.5,2021-01-06 10:32:00-05:00,12712.75,stop_1m,-5.0,matched,23.0,23.0,46.0,-0.0,20:40,exit_reason_changed,same_entry_different_exit,False,False,False,True,residual_unexplained,,,,,,,,,,,,,,,,,,,,,,,,
long|2021-01-08 09:30:00-0500,long,2021-01-08 09:30:00-05:00,2021-01-08 10:30:00-05:00,12959.5,2021-01-08 11:30:00-05:00,13040.2375,target,158.97499999999854,1.0,12953.5,13040.4875,2021-01-08 10:31:00-05:00,12978.0,2021-01-08 11:06:00-05:00,13058.7375,target_1m,158.97499999999854,35.0,12953.5,13058.9875,2021-01-08 12:31:00-05:00,2021-01-08,1.0,2.5,12953.5,2021-01-08 10:31:00-05:00,12978.0,2021-01-08 11:06:00-05:00,13058.7375,target_1m,158.97499999999854,matched,0.0,0.0,-74.0,74.0,-5:5,exit_reason_changed,same_entry_different_exit,True,True,False,True,residual_unexplained,,,,,,,,,,,,,,,,,,,,,,,,
long|2021-01-25 10:30:00-0500,long,2021-01-25 10:30:00-05:00,2021-01-25 11:30:00-05:00,13329.0,2021-01-25 12:30:00-05:00,13394.425,target,128.34999999999854,1.0,13189.0,13394.675,2021-01-25 11:31:00-05:00,13320.0,2021-01-25 11:54:00-05:00,13385.425,target_1m,128.34999999999854,23.0,13189.0,13385.675,2021-01-25 13:31:00-05:00,2021-01-25,1.0,2.5,13189.0,2021-01-25 11:31:00-05:00,13320.0,2021-01-25 11:54:00-05:00,13385.425,target_1m,128.34999999999854,matched,0.0,0.0,36.0,-36.0,-5:5,exit_reason_changed,same_entry_different_exit,True,True,False,True,residual_unexplained,,,,,,,,,,,,,,,,,,,,,,,,
long|2021-02-10 09:30:00-0500,long,2021-02-10 09:30:00-05:00,2021-02-10 10:30:00-05:00,13610.25,2021-02-10 12:30:00-05:00,13637.5,time_stop,52.0,2.0,13561.5,13663.475,2021-02-10 10:31:00-05:00,13602.5,2021-02-10 10:43:00-05:00,13561.25,stop_1m,-85.0,12.0,13561.5,13655.725,2021-02-10 12:31:00-05:00,2021-02-10,1.0,2.5,13561.5,2021-02-10 10:31:00-05:00,13602.5,2021-02-10 10:43:00-05:00,13561.25,stop_1m,-85.0,matched,-137.0,-137.0,31.0,-305.0,<=-40,winner_to_loser,target_not_reached_on_1min_path,True,False,True,True,target_not_reached_effect,,,,,,,,,,,,,,,,,,,,,,,,
long|2021-02-25 11:30:00-0500,long,2021-02-25 11:30:00-05:00,2021-02-25 12:30:00-05:00,12944.5,2021-02-25 13:30:00-05:00,12937.75,stop,-16.0,1.0,12938.0,13078.75,,,,,,,,,,,,,,,,,,,,,baseline_only,16.0,16.0,,,10:20,baseline_trade_missing_in_hybrid,missing_data_or_alignment,False,False,False,True,removed_or_missing_trades_effect,,,,,,,,,,,,,,,,,,,,,,,,
long|2021-02-26 09:30:00-0500,long,2021-02-26 09:30:00-05:00,2021-02-26 10:30:00-05:00,12759.5,2021-02-26 11:30:00-05:00,12898.7375,target,275.97499999999854,1.0,12751.5,12898.9875,2021-02-26 10:31:00-05:00,12775.0,2021-02-26 10:45:00-05:00,12914.2375,target_1m,275.97499999999854,14.0,12751.5,12914.4875,2021-02-26 12:31:00-05:00,2021-02-26,1.0,2.5,12751.5,2021-02-26 10:31:00-05:00,12775.0,2021-02-26 10:45:00-05:00,12914.2375,target_1m,275.97499999999854,matched,0.0,0.0,-62.0,62.0,-5:5,exit_reason_changed,same_entry_different_exit,True,True,False,True,residual_unexplained,,,,,,,,,,,,,,,,,,,,,,,,
long|2021-03-05 09:30:00-0500,long,2021-03-05 09:30:00-05:00,2021-03-05 10:30:00-05:00,12355.25,2021-03-05 11:30:00-05:00,12345.25,stop,-22.5,1.0,12345.5,12495.9125,2021-03-05 10:31:00-05:00,12369.5,2021-03-05 10:31:00-05:00,12345.25,stop_1m,-51.0,0.0,12345.5,12510.1625,2021-03-05 12:31:00-05:00,2021-03-05,1.0,2.5,12345.5,2021-03-05 10:31:00-05:00,12369.5,2021-03-05 10:32:00-05:00,12345.25,stop_1m,-51.0,matched,-28.5,-28.5,-57.0,0.0,-40:-20,exit_reason_changed,same_entry_different_exit,False,False,False,True,residual_unexplained,,,,,,,,,,,,,,,,,,,,,,,,
long|2021-03-24 09:30:00-0400,long,2021-03-24 09:30:00-04:00,2021-03-24 10:30:00-04:00,12945.75,2021-03-24 12:30:00-04:00,12911.25,stop,-71.5,2.0,12911.5,13034.3875,2021-03-24 10:31:00-04:00,12939.5,2021-03-24 11:06:00-04:00,13027.8875,target_1m,174.27500000000146,35.0,12911.5,13028.1375,2021-03-24 12:31:00-04:00,2021-03-24,1.0,2.5,12911.5,2021-03-24 10:31:00-04:00,12939.5,2021-03-24 11:06:00-04:00,13027.8875,target_1m,174.27500000000146,matched,245.77500000000146,245.77500000000146,25.0,466.5500000000029,>=40,loser_to_winner,better_entry_price,False,True,True,True,entry_price_effect,,,,,,,,,,,,,,,,,,,,,,,,
long|2021-03-29 09:30:00-0400,long,2021-03-29 09:30:00-04:00,2021-03-29 10:30:00-04:00,12835.0,2021-03-29 12:30:00-04:00,12942.975,target,213.45000000000076,2.0,12816.25,12943.225,2021-03-29 10:31:00-04:00,12851.0,2021-03-29 12:31:00-04:00,12878.75,time_stop_1m,53.0,120.0,12816.25,12959.225,2021-03-29 12:31:00-04:00,2021-03-29,1.0,2.5,12816.25,2021-03-29 10:31:00-04:00,12851.0,2021-03-29 12:31:00-04:00,12878.75,time_stop_1m,53.0,matched,-160.45000000000076,-160.45000000000076,-64.0,-256.90000000000146,<=-40,time_stop_changed,time_stop_conversion_effect,True,True,False,True,time_stop_effect,,,,,,,,,,,,,,,,,,,,,,,,
long|2021-04-14 09:30:00-0400,long,2021-04-14 09:30:00-04:00,2021-04-14 10:30:00-04:00,13922.5,2021-04-14 11:30:00-04:00,13916.25,stop,-15.0,1.0,13916.5,13970.3875,2021-04-14 10:31:00-04:00,13934.75,2021-04-14 10:59:00-04:00,13916.25,stop_1m,-39.5,28.0,13916.5,13982.6375,2021-04-14 12:31:00-04:00,2021-04-14,1.0,2.5,13916.5,2021-04-14 10:31:00-04:00,13934.75,2021-04-14 10:59:00-04:00,13916.25,stop_1m,-39.5,matched,-24.5,-24.5,-49.0,0.0,-40:-20,exit_reason_changed,same_entry_different_exit,False,False,False,True,residual_unexplained,,,,,,,,,,,,,,,,,,,,,,,,
long|2021-04-20 10:30:00-0400,long,2021-04-20 10:30:00-04:00,2021-04-20 11:30:00-04:00,13753.5,2021-04-20 13:30:00-04:00,13769.0,time_stop,28.5,2.0,13736.5,13811.3875,2021-04-20 11:31:00-04:00,13743.25,2021-04-20 11:35:00-04:00,13736.25,stop_1m,-16.5,4.0,13736.5,13801.1375,2021-04-20 13:31:00-04:00,2021-04-20,1.0,2.5,13736.5,2021-04-20 11:31:00-04:00,13743.25,2021-04-20 11:35:00-04:00,13736.25,stop_1m,-16.5,matched,-45.0,-45.0,41.0,-131.0,<=-40,winner_to_loser,target_not_reached_on_1min_path,True,False,True,True,target_not_reached_effect,,,,,,,,,,,,,,,,,,,,,,,,
short|2021-04-21 09:30:00-0400,short,2021-04-21 09:30:00-04:00,2021-04-21 10:30:00-04:00,13815.5,2021-04-21 11:30:00-04:00,13821.5,stop,-14.5,1.0,13821.25,13748.9875,2021-04-21 10:31:00-04:00,13807.5,2021-04-21 11:13:00-04:00,13821.5,stop_1m,-30.5,42.0,13821.25,13740.9875,2021-04-21 12:31:00-04:00,2021-04-21,1.0,2.5,13821.25,2021-04-21 10:31:00-04:00,13807.5,2021-04-21 11:13:00-04:00,13821.5,stop_1m,-30.5,matched,-16.0,-16.0,-32.0,-0.0,-20:-10,exit_reason_changed,same_entry_different_exit,False,False,False,True,residual_unexplained,,,,,,,,,,,,,,,,,,,,,,,,
long|2021-04-29 09:30:00-0400,long,2021-04-29 09:30:00-04:00,2021-04-29 10:30:00-04:00,13944.25,2021-04-29 11:30:00-04:00,13921.25,stop,-48.5,1.0,13921.5,13997.1375,2021-04-29 10:31:00-04:00,13938.75,2021-04-29 10:33:00-04:00,13921.25,stop_1m,-37.5,2.0,13921.5,13991.6375,2021-04-29 12:31:00-04:00,2021-04-29,1.0,2.5,13921.5,2021-04-29 10:31:00-04:00,13938.75,2021-04-29 10:33:00-04:00,13921.25,stop_1m,-37.5,matched,11.0,11.0,22.0,0.0,10:20,exit_reason_changed,same_entry_different_exit,False,False,False,True,residual_unexplained,,,,,,,,,,,,,,,,,,,,,,,,
long|2021-05-04 09:30:00-0400,long,2021-05-04 09:30:00-04:00,2021-05-04 10:30:00-04:00,13546.25,2021-05-04 11:30:00-04:00,13492.5,stop,-110.0,1.0,13492.75,13621.925,2021-05-04 10:31:00-04:00,13531.0,2021-05-04 10:48:00-04:00,13492.5,stop_1m,-79.5,17.0,13492.75,13606.675,2021-05-04 12:31:00-04:00,2021-05-04,1.0,2.5,13492.75,2021-05-04 10:31:00-04:00,13531.0,2021-05-04 10:48:00-04:00,13492.5,stop_1m,-79.5,matched,30.5,30.5,61.0,0.0,20:40,exit_reason_changed,same_entry_different_exit,False,False,False,True,residual_unexplained,,,,,,,,,,,,,,,,,,,,,,,,
long|2021-05-06 09:30:00-0400,long,2021-05-06 09:30:00-04:00,2021-05-06 10:30:00-04:00,13419.0,2021-05-06 11:30:00-04:00,13497.2,target,153.90000000000146,1.0,13389.0,13497.45,2021-05-06 10:31:00-04:00,13424.25,2021-05-06 11:33:00-04:00,13502.45,target_1m,153.90000000000146,62.0,13389.0,13502.7,2021-05-06 12:31:00-04:00,2021-05-06,1.0,2.5,13389.0,2021-05-06 10:31:00-04:00,13424.25,2021-05-06 11:33:00-04:00,13502.45,target_1m,153.90000000000146,matched,0.0,0.0,-21.0,21.0,-5:5,exit_reason_changed,same_entry_different_exit,True,True,False,True,residual_unexplained,,,,,,,,,,,,,,,,,,,,,,,,
short|2021-05-11 10:30:00-0400,short,2021-05-11 10:30:00-04:00,2021-05-11 11:30:00-04:00,13309.25,2021-05-11 12:30:00-04:00,13313.75,stop,-11.5,1.0,13313.5,13213.0125,,,,,,,,,,,,,,,,,,,,,baseline_only,11.5,11.5,,,10:20,baseline_trade_missing_in_hybrid,missing_data_or_alignment,False,False,False,True,removed_or_missing_trades_effect,,,,,,,,,,,,,,,,,,,,,,,,
long|2021-06-01 09:30:00-0400,long,2021-06-01 09:30:00-04:00,2021-06-01 10:30:00-04:00,13664.5,2021-06-01 12:30:00-04:00,13651.0,time_stop,-29.5,2.0,13627.75,13705.125,2021-06-01 10:31:00-04:00,13667.5,2021-06-01 10:50:00-04:00,13627.5,stop_1m,-82.5,19.0,13627.75,13708.125,2021-06-01 12:31:00-04:00,2021-06-01,1.0,2.5,13627.75,2021-06-01 10:31:00-04:00,13667.5,2021-06-01 10:50:00-04:00,13627.5,stop_1m,-82.5,matched,-53.0,-53.0,-12.0,-94.0,<=-40,exit_reason_changed,same_entry_different_exit,False,False,False,True,residual_unexplained,,,,,,,,,,,,,,,,,,,,,,,,
long|2021-06-08 09:30:00-0400,long,2021-06-08 09:30:00-04:00,2021-06-08 10:30:00-04:00,13827.75,2021-06-08 11:30:00-04:00,13822.25,stop,-13.5,1.0,13822.5,13876.0125,2021-06-08 10:31:00-04:00,13827.0,2021-06-08 10:31:00-04:00,13822.25,stop_1m,-12.0,0.0,13822.5,13875.2625,2021-06-08 12:31:00-04:00,2021-06-08,1.0,2.5,13822.5,2021-06-08 10:31:00-04:00,13827.0,2021-06-08 10:32:00-04:00,13822.25,stop_1m,-12.0,matched,1.5,1.5,3.0,0.0,-5:5,exit_reason_changed,same_entry_different_exit,False,False,False,True,residual_unexplained,,,,,,,,,,,,,,,,,,,,,,,,
short|2021-07-06 09:30:00-0400,short,2021-07-06 09:30:00-04:00,2021-07-06 10:30:00-04:00,14766.75,2021-07-06 11:30:00-04:00,14730.2,target,70.59999999999854,1.0,14789.75,14729.95,2021-07-06 10:31:00-04:00,14761.5,2021-07-06 10:35:00-04:00,14724.95,target_1m,70.59999999999854,4.0,14789.75,14724.7,2021-07-06 12:31:00-04:00,2021-07-06,1.0,2.5,14789.75,2021-07-06 10:31:00-04:00,14761.5,2021-07-06 10:35:00-04:00,14724.95,target_1m,70.59999999999854,matched,0.0,0.0,-21.0,21.0,-5:5,exit_reason_changed,same_entry_different_exit,True,True,False,True,residual_unexplained,,,,,,,,,,,,,,,,,,,,,,,,
long|2021-07-07 09:30:00-0400,long,2021-07-07 09:30:00-04:00,2021-07-07 10:30:00-04:00,14790.25,2021-07-07 11:30:00-04:00,14785.75,stop,-11.5,1.0,14786.0,14835.6125,2021-07-07 10:31:00-04:00,14799.75,2021-07-07 10:32:00-04:00,14785.75,stop_1m,-30.5,1.0,14786.0,14845.1125,2021-07-07 12:31:00-04:00,2021-07-07,1.0,2.5,14786.0,2021-07-07 10:31:00-04:00,14799.75,2021-07-07 10:32:00-04:00,14785.75,stop_1m,-30.5,matched,-19.0,-19.0,-38.0,0.0,-20:-10,exit_reason_changed,same_entry_different_exit,False,False,False,True,residual_unexplained,,,,,,,,,,,,,,,,,,,,,,,,
long|2021-07-15 09:30:00-0400,long,2021-07-15 09:30:00-04:00,2021-07-15 10:30:00-04:00,14805.0,2021-07-15 11:30:00-04:00,14785.25,stop,-42.0,1.0,14785.5,14862.7125,2021-07-15 10:31:00-04:00,14812.0,2021-07-15 10:45:00-04:00,14785.25,stop_1m,-56.0,14.0,14785.5,14869.7125,2021-07-15 12:31:00-04:00,2021-07-15,1.0,2.5,14785.5,2021-07-15 10:31:00-04:00,14812.0,2021-07-15 10:45:00-04:00,14785.25,stop_1m,-56.0,matched,-14.0,-14.0,-28.0,0.0,-20:-10,exit_reason_changed,same_entry_different_exit,False,False,False,True,residual_unexplained,,,,,,,,,,,,,,,,,,,,,,,,
long|2021-07-27 09:30:00-0400,long,2021-07-27 09:30:00-04:00,2021-07-27 10:30:00-04:00,14987.25,2021-07-27 11:30:00-04:00,14951.25,stop,-74.5,1.0,14951.5,15032.325,2021-07-27 10:31:00-04:00,14973.75,2021-07-27 10:32:00-04:00,14951.25,stop_1m,-47.5,1.0,14951.5,15018.825,2021-07-27 12:31:00-04:00,2021-07-27,1.0,2.5,14951.5,2021-07-27 10:31:00-04:00,14973.75,2021-07-27 10:32:00-04:00,14951.25,stop_1m,-47.5,matched,27.0,27.0,54.0,0.0,20:40,exit_reason_changed,same_entry_different_exit,False,False,False,True,residual_unexplained,,,,,,,,,,,,,,,,,,,,,,,,
long|2021-08-16 09:30:00-0400,long,2021-08-16 09:30:00-04:00,2021-08-16 10:30:00-04:00,14950.0,2021-08-16 11:30:00-04:00,14988.8,target,75.09999999999854,1.0,14942.0,14989.05,,,,,,,,,,,,,,,,,,,,,baseline_only,-75.09999999999854,-75.09999999999854,,,<=-40,baseline_trade_missing_in_hybrid,missing_data_or_alignment,True,False,False,True,removed_or_missing_trades_effect,,,,,,,,,,,,,,,,,,,,,,,,
short|2021-08-19 09:30:00-0400,short,2021-08-19 09:30:00-04:00,2021-08-19 10:30:00-04:00,14867.0,2021-08-19 11:30:00-04:00,14886.5,stop,-41.5,1.0,14886.25,14795.2875,2021-08-19 10:31:00-04:00,14860.75,2021-08-19 10:56:00-04:00,14886.5,stop_1m,-54.0,25.0,14886.25,14789.0375,2021-08-19 12:31:00-04:00,2021-08-19,1.0,2.5,14886.25,2021-08-19 10:31:00-04:00,14860.75,2021-08-19 10:56:00-04:00,14886.5,stop_1m,-54.0,matched,-12.5,-12.5,-25.0,-0.0,-20:-10,exit_reason_changed,same_entry_different_exit,False,False,False,True,residual_unexplained,,,,,,,,,,,,,,,,,,,,,,,,
short|2021-08-27 09:30:00-0400,short,2021-08-27 09:30:00-04:00,2021-08-27 10:30:00-04:00,15389.5,2021-08-27 12:30:00-04:00,15429.0,stop,-81.5,2.0,15428.75,15347.5875,2021-08-27 10:31:00-04:00,15388.75,2021-08-27 12:31:00-04:00,15407.5,time_stop_1m,-40.0,120.0,15428.75,15346.8375,2021-08-27 12:31:00-04:00,2021-08-27,1.0,2.5,15428.75,2021-08-27 10:31:00-04:00,15388.75,2021-08-27 12:31:00-04:00,15407.5,time_stop_1m,-40.0,matched,41.5,41.5,-3.0,86.0,>=40,time_stop_changed,time_stop_conversion_effect,False,False,False,True,time_stop_effect,,,,,,,,,,,,,,,,,,,,,,,,
long|2021-08-31 09:30:00-0400,long,2021-08-31 09:30:00-04:00,2021-08-31 10:30:00-04:00,15549.75,2021-08-31 12:30:00-04:00,15596.625,target,91.25,2.0,15514.0,15596.875,2021-08-31 10:31:00-04:00,15550.75,2021-08-31 12:31:00-04:00,15589.5,time_stop_1m,75.0,120.0,15514.0,15597.875,2021-08-31 12:31:00-04:00,2021-08-31,1.0,2.5,15514.0,2021-08-31 10:31:00-04:00,15550.75,2021-08-31 12:31:00-04:00,15589.5,time_stop_1m,75.0,matched,-16.25,-16.25,-4.0,-28.5,-20:-10,time_stop_changed,time_stop_conversion_effect,True,True,False,True,time_stop_effect,,,,,,,,,,,,,,,,,,,,,,,,
short|2021-09-03 09:30:00-0400,short,2021-09-03 09:30:00-04:00,2021-09-03 10:30:00-04:00,15625.5,2021-09-03 12:30:00-04:00,15668.25,stop,-88.0,2.0,15668.0,15582.6,2021-09-03 10:31:00-04:00,15624.25,2021-09-03 12:31:00-04:00,15645.0,time_stop_1m,-44.0,120.0,15668.0,15581.35,2021-09-03 12:31:00-04:00,2021-09-03,1.0,2.5,15668.0,2021-09-03 10:31:00-04:00,15624.25,2021-09-03 12:31:00-04:00,15645.0,time_stop_1m,-44.0,matched,44.0,44.0,-5.0,93.0,>=40,time_stop_changed,time_stop_conversion_effect,False,False,False,True,time_stop_effect,,,,,,,,,,,,,,,,,,,,,,,,
long|2021-09-28 09:30:00-0400,long,2021-09-28 09:30:00-04:00,2021-09-28 10:30:00-04:00,14873.75,2021-09-28 11:30:00-04:00,14827.0,stop,-96.0,1.0,14827.25,14946.9875,2021-09-28 10:31:00-04:00,14863.0,2021-09-28 10:50:00-04:00,14827.0,stop_1m,-74.5,19.0,14827.25,14936.2375,2021-09-28 12:31:00-04:00,2021-09-28,1.0,2.5,14827.25,2021-09-28 10:31:00-04:00,14863.0,2021-09-28 10:50:00-04:00,14827.0,stop_1m,-74.5,matched,21.5,21.5,43.0,0.0,20:40,exit_reason_changed,same_entry_different_exit,False,False,False,True,residual_unexplained,,,,,,,,,,,,,,,,,,,,,,,,
long|2021-10-01 09:30:00-0400,long,2021-10-01 09:30:00-04:00,2021-10-01 10:30:00-04:00,14550.5,2021-10-01 11:30:00-04:00,14648.6625,target,193.82500000000076,1.0,14542.5,14648.9125,2021-10-01 10:31:00-04:00,14545.5,2021-10-01 10:39:00-04:00,14542.25,stop_1m,-9.0,8.0,14542.5,14643.9125,2021-10-01 12:31:00-04:00,2021-10-01,1.0,2.5,14542.5,2021-10-01 10:31:00-04:00,14545.5,2021-10-01 10:39:00-04:00,14542.25,stop_1m,-9.0,matched,-202.82500000000076,-202.82500000000076,20.0,-425.65000000000146,<=-40,winner_to_loser,target_not_reached_on_1min_path,True,False,True,True,target_not_reached_effect,,,,,,,,,,,,,,,,,,,,,,,,
long|2021-10-04 09:30:00-0400,long,2021-10-04 09:30:00-04:00,2021-10-04 10:30:00-04:00,14511.5,2021-10-04 11:30:00-04:00,14509.75,stop,-6.0,1.0,14510.0,14615.35,,,,,,,,,,,,,,,,,,,,,baseline_only,6.0,6.0,,,5:10,baseline_trade_missing_in_hybrid,missing_data_or_alignment,False,False,False,True,removed_or_missing_trades_effect,,,,,,,,,,,,,,,,,,,,,,,,
short|2021-10-06 09:30:00-0400,short,2021-10-06 09:30:00-04:00,2021-10-06 10:30:00-04:00,14646.75,2021-10-06 12:30:00-04:00,14654.25,time_stop,-17.5,2.0,14669.0,14557.1375,,,,,,,,,,,,,,,,,,,,,baseline_only,17.5,17.5,,,10:20,baseline_trade_missing_in_hybrid,missing_data_or_alignment,False,False,False,True,removed_or_missing_trades_effect,,,,,,,,,,,,,,,,,,,,,,,,
short|2021-10-26 09:30:00-0400,short,2021-10-26 09:30:00-04:00,2021-10-26 10:30:00-04:00,15681.75,2021-10-26 11:30:00-04:00,15620.9,target,119.20000000000071,1.0,15699.0,15620.65,2021-10-26 10:31:00-04:00,15677.25,2021-10-26 10:50:00-04:00,15699.25,stop_1m,-46.5,19.0,15699.0,15616.15,2021-10-26 12:31:00-04:00,2021-10-26,1.0,2.5,15699.0,2021-10-26 10:31:00-04:00,15677.25,2021-10-26 10:50:00-04:00,15699.25,stop_1m,-46.5,matched,-165.70000000000073,-165.70000000000073,-18.0,-313.40000000000146,<=-40,winner_to_loser,worse_entry_price,True,False,True,True,entry_price_effect,,,,,,,,,,,,,,,,,,,,,,,,
short|2021-11-02 09:30:00-0400,short,2021-11-02 09:30:00-04:00,2021-11-02 10:30:00-04:00,15947.5,2021-11-02 11:30:00-04:00,15968.5,stop,-44.5,1.0,15968.25,15888.4625,2021-11-02 10:31:00-04:00,15948.25,2021-11-02 11:44:00-04:00,15968.5,stop_1m,-43.0,73.0,15968.25,15889.2125,2021-11-02 12:31:00-04:00,2021-11-02,1.0,2.5,15968.25,2021-11-02 10:31:00-04:00,15948.25,2021-11-02 11:44:00-04:00,15968.5,stop_1m,-43.0,matched,1.5,1.5,3.0,-0.0,-5:5,exit_reason_changed,same_entry_different_exit,False,False,False,True,residual_unexplained,,,,,,,,,,,,,,,,,,,,,,,,
long|2021-11-09 09:30:00-0500,long,2021-11-09 09:30:00-05:00,2021-11-09 10:30:00-05:00,16242.0,2021-11-09 11:30:00-05:00,16188.75,stop,-109.0,1.0,16189.0,16308.9375,2021-11-09 10:31:00-05:00,16250.25,2021-11-09 12:05:00-05:00,16188.75,stop_1m,-125.5,94.0,16189.0,16317.1875,2021-11-09 12:31:00-05:00,2021-11-09,1.0,2.5,16189.0,2021-11-09 10:31:00-05:00,16250.25,2021-11-09 12:05:00-05:00,16188.75,stop_1m,-125.5,matched,-16.5,-16.5,-33.0,0.0,-20:-10,exit_reason_changed,same_entry_different_exit,False,False,False,True,residual_unexplained,,,,,,,,,,,,,,,,,,,,,,,,
long|2021-11-18 09:30:00-0500,long,2021-11-18 09:30:00-05:00,2021-11-18 10:30:00-05:00,16334.25,2021-11-18 11:30:00-05:00,16391.6875,target,112.375,1.0,16303.75,16391.9375,2021-11-18 10:31:00-05:00,16345.75,2021-11-18 11:33:00-05:00,16403.1875,target_1m,112.375,62.0,16303.75,16403.4375,2021-11-18 12:31:00-05:00,2021-11-18,1.0,2.5,16303.75,2021-11-18 10:31:00-05:00,16345.75,2021-11-18 11:33:00-05:00,16403.1875,target_1m,112.375,matched,0.0,0.0,-46.0,46.0,-5:5,exit_reason_changed,same_entry_different_exit,True,True,False,True,residual_unexplained,,,,,,,,,,,,,,,,,,,,,,,,
long|2021-11-22 11:30:00-0500,long,2021-11-22 11:30:00-05:00,2021-11-22 12:30:00-05:00,16507.5,2021-11-22 14:30:00-05:00,16583.475,target,149.4499999999971,2.0,16455.5,16583.725,2021-11-22 12:31:00-05:00,16516.25,2021-11-22 14:31:00-05:00,16547.0,time_stop_1m,59.0,120.0,16455.5,16592.475,2021-11-22 14:31:00-05:00,2021-11-22,1.0,2.5,16455.5,2021-11-22 12:31:00-05:00,16516.25,2021-11-22 14:31:00-05:00,16547.0,time_stop_1m,59.0,matched,-90.44999999999709,-90.44999999999709,-35.0,-145.89999999999418,<=-40,time_stop_changed,time_stop_conversion_effect,True,True,False,True,time_stop_effect,,,,,,,,,,,,,,,,,,,,,,,,
long|2021-11-30 10:30:00-0500,long,2021-11-30 10:30:00-05:00,2021-11-30 11:30:00-05:00,16166.0,2021-11-30 12:30:00-05:00,16111.25,stop,-112.0,1.0,16111.5,16270.9875,2021-11-30 11:31:00-05:00,16184.5,2021-11-30 11:42:00-05:00,16111.25,stop_1m,-149.0,11.0,16111.5,16289.4875,2021-11-30 13:31:00-05:00,2021-11-30,1.0,2.5,16111.5,2021-11-30 11:31:00-05:00,16184.5,2021-11-30 11:42:00-05:00,16111.25,stop_1m,-149.0,matched,-37.0,-37.0,-74.0,0.0,-40:-20,exit_reason_changed,same_entry_different_exit,False,False,False,True,residual_unexplained,,,,,,,,,,,,,,,,,,,,,,,,
long|2021-12-03 09:30:00-0500,long,2021-12-03 09:30:00-05:00,2021-12-03 10:30:00-05:00,15809.0,2021-12-03 11:30:00-05:00,15731.75,stop,-157.0,1.0,15732.0,15964.0625,2021-12-03 10:31:00-05:00,15783.5,2021-12-03 10:35:00-05:00,15731.75,stop_1m,-106.0,4.0,15732.0,15938.5625,2021-12-03 12:31:00-05:00,2021-12-03,1.0,2.5,15732.0,2021-12-03 10:31:00-05:00,15783.5,2021-12-03 10:35:00-05:00,15731.75,stop_1m,-106.0,matched,51.0,51.0,102.0,0.0,>=40,exit_reason_changed,same_entry_different_exit,False,False,False,True,residual_unexplained,,,,,,,,,,,,,,,,,,,,,,,,
long|2021-12-21 09:30:00-0500,long,2021-12-21 09:30:00-05:00,2021-12-21 10:30:00-05:00,15626.75,2021-12-21 11:30:00-05:00,15771.0375,target,286.0750000000007,1.0,15613.75,15771.2875,2021-12-21 10:31:00-05:00,15638.75,2021-12-21 10:34:00-05:00,15613.5,stop_1m,-53.0,3.0,15613.75,15783.2875,2021-12-21 12:31:00-05:00,2021-12-21,1.0,2.5,15613.75,2021-12-21 10:31:00-05:00,15638.75,2021-12-21 10:34:00-05:00,15613.5,stop_1m,-53.0,matched,-339.0750000000007,-339.0750000000007,-48.0,-630.1500000000015,<=-40,winner_to_loser,worse_entry_price,True,False,True,True,entry_price_effect,,,,,,,,,,,,,,,,,,,,,,,,
long|2022-01-04 09:30:00-0500,long,2022-01-04 09:30:00-05:00,2022-01-04 10:30:00-05:00,16404.25,2022-01-04 11:30:00-05:00,16364.75,stop,-81.5,1.0,16365.0,16467.525,2022-01-04 10:31:00-05:00,16395.25,2022-01-04 10:34:00-05:00,16364.75,stop_1m,-63.5,3.0,16365.0,16458.525,2022-01-04 12:31:00-05:00,2022-01-04,1.0,2.5,16365.0,2022-01-04 10:31:00-05:00,16395.25,2022-01-04 10:34:00-05:00,16364.75,stop_1m,-63.5,matched,18.0,18.0,36.0,0.0,10:20,exit_reason_changed,same_entry_different_exit,False,False,False,True,residual_unexplained,,,,,,,,,,,,,,,,,,,,,,,,
long|2022-01-07 09:30:00-0500,long,2022-01-07 09:30:00-05:00,2022-01-07 10:30:00-05:00,15659.25,2022-01-07 11:30:00-05:00,15649.0,stop,-23.0,1.0,15649.25,15773.325,2022-01-07 10:31:00-05:00,15674.0,2022-01-07 10:36:00-05:00,15649.0,stop_1m,-52.5,5.0,15649.25,15788.075,2022-01-07 12:31:00-05:00,2022-01-07,1.0,2.5,15649.25,2022-01-07 10:31:00-05:00,15674.0,2022-01-07 10:36:00-05:00,15649.0,stop_1m,-52.5,matched,-29.5,-29.5,-59.0,0.0,-40:-20,exit_reason_changed,same_entry_different_exit,False,False,False,True,residual_unexplained,,,,,,,,,,,,,,,,,,,,,,,,
long|2022-01-10 09:30:00-0500,long,2022-01-10 09:30:00-05:00,2022-01-10 10:30:00-05:00,15233.0,2022-01-10 12:30:00-05:00,15365.4625,target,262.4249999999993,2.0,15194.75,15365.7125,2022-01-10 10:31:00-05:00,15228.25,2022-01-10 10:35:00-05:00,15194.5,stop_1m,-70.0,4.0,15194.75,15360.9625,2022-01-10 12:31:00-05:00,2022-01-10,1.0,2.5,15194.75,2022-01-10 10:31:00-05:00,15228.25,2022-01-10 10:35:00-05:00,15194.5,stop_1m,-70.0,matched,-332.4249999999993,-332.4249999999993,19.0,-683.8499999999985,<=-40,winner_to_loser,target_not_reached_on_1min_path,True,False,True,True,target_not_reached_effect,,,,,,,,,,,,,,,,,,,,,,,,
short|2022-01-14 09:30:00-0500,short,2022-01-14 09:30:00-05:00,2022-01-14 10:30:00-05:00,15514.25,2022-01-14 12:30:00-05:00,15405.825,target,214.34999999999852,2.0,15601.0,15405.575,2022-01-14 10:31:00-05:00,15498.0,2022-01-14 12:31:00-05:00,15514.75,time_stop_1m,-36.0,120.0,15601.0,15389.325,2022-01-14 12:31:00-05:00,2022-01-14,1.0,2.5,15601.0,2022-01-14 10:31:00-05:00,15498.0,2022-01-14 12:31:00-05:00,15514.75,time_stop_1m,-36.0,matched,-250.34999999999852,-250.34999999999852,-65.0,-435.6999999999971,<=-40,winner_to_loser,worse_entry_price,True,False,True,True,entry_price_effect,,,,,,,,,,,,,,,,,,,,,,,,
short|2022-01-21 10:30:00-0500,short,2022-01-21 10:30:00-05:00,2022-01-21 11:30:00-05:00,14831.0,2022-01-21 12:30:00-05:00,14692.9125,target,273.6749999999993,1.0,14858.5,14692.6625,2022-01-21 11:31:00-05:00,14824.25,2022-01-21 11:47:00-05:00,14686.1625,target_1m,273.6749999999993,16.0,14858.5,14685.9125,2022-01-21 13:31:00-05:00,2022-01-21,1.0,2.5,14858.5,2022-01-21 11:31:00-05:00,14824.25,2022-01-21 11:47:00-05:00,14686.1625,target_1m,273.6749999999993,matched,0.0,0.0,-27.0,27.0,-5:5,exit_reason_changed,same_entry_different_exit,True,True,False,True,residual_unexplained,,,,,,,,,,,,,,,,,,,,,,,,
long|2022-02-18 09:30:00-0500,long,2022-02-18 09:30:00-05:00,2022-02-18 10:30:00-05:00,14097.0,2022-02-18 11:30:00-05:00,14085.25,stop,-26.0,1.0,14085.5,14199.575,,,,,,,,,,,,,,,,,,,,,baseline_only,26.0,26.0,,,20:40,baseline_trade_missing_in_hybrid,missing_data_or_alignment,False,False,False,True,removed_or_missing_trades_effect,,,,,,,,,,,,,,,,,,,,,,,,
long|2022-02-23 09:30:00-0500,long,2022-02-23 09:30:00-05:00,2022-02-23 10:30:00-05:00,13804.25,2022-02-23 11:30:00-05:00,13794.25,stop,-22.5,1.0,13794.5,13949.775,,,,,,,,,,,,,,,,,,,,,baseline_only,22.5,22.5,,,20:40,baseline_trade_missing_in_hybrid,missing_data_or_alignment,False,False,False,True,removed_or_missing_trades_effect,,,,,,,,,,,,,,,,,,,,,,,,
short|2022-02-24 09:30:00-0500,short,2022-02-24 09:30:00-05:00,2022-02-24 10:30:00-05:00,13367.25,2022-02-24 11:30:00-05:00,13483.25,stop,-234.5,1.0,13483.0,13202.525,2022-02-24 10:31:00-05:00,13340.5,2022-02-24 10:57:00-05:00,13483.25,stop_1m,-288.0,26.0,13483.0,13175.775,2022-02-24 12:31:00-05:00,2022-02-24,1.0,2.5,13483.0,2022-02-24 10:31:00-05:00,13340.5,2022-02-24 10:57:00-05:00,13483.25,stop_1m,-288.0,matched,-53.5,-53.5,-107.0,-0.0,<=-40,exit_reason_changed,same_entry_different_exit,False,False,False,True,residual_unexplained,,,,,,,,,,,,,,,,,,,,,,,,
long|2022-03-21 09:30:00-0400,long,2022-03-21 09:30:00-04:00,2022-03-21 10:30:00-04:00,14233.0,2022-03-21 11:30:00-04:00,14385.3875,target,302.27500000000146,1.0,14228.0,14385.6375,2022-03-21 10:31:00-04:00,14238.25,2022-03-21 11:16:00-04:00,14390.6375,target_1m,302.27500000000146,45.0,14228.0,14390.8875,2022-03-21 12:31:00-04:00,2022-03-21,1.0,2.5,14228.0,2022-03-21 10:31:00-04:00,14238.25,2022-03-21 11:16:00-04:00,14390.6375,target_1m,302.27500000000146,matched,0.0,0.0,-21.0,21.0,-5:5,exit_reason_changed,same_entry_different_exit,True,True,False,True,residual_unexplained,,,,,,,,,,,,,,,,,,,,,,,,
short|2022-03-21 10:30:00-0400,short,2022-03-21 10:30:00-04:00,,,,,,,,,,2022-03-21 11:31:00-04:00,14413.75,2022-03-21 11:41:00-04:00,14443.75,stop_1m,-62.5,10.0,14443.5,14256.6625,2022-03-21 13:31:00-04:00,2022-03-21,1.0,2.5,14443.5,2022-03-21 11:31:00-04:00,14413.75,2022-03-21 11:41:00-04:00,14443.75,stop_1m,-62.5,hybrid_only,-62.5,-62.5,,,<=-40,hybrid_trade_missing_in_baseline,missing_data_or_alignment,False,False,False,True,removed_or_missing_trades_effect,,,,,,,,,,,,,,,,,,,,,,,,
long|2022-03-21 12:30:00-0400,long,2022-03-21 12:30:00-04:00,2022-03-21 13:30:00-04:00,14214.0,2022-03-21 15:30:00-04:00,14367.5,time_stop,304.5,2.0,14183.75,14377.2625,2022-03-21 13:31:00-04:00,14224.0,2022-03-21 15:31:00-04:00,14312.75,time_stop_1m,175.0,120.0,14183.75,14387.2625,2022-03-21 15:31:00-04:00,2022-03-21,1.0,2.5,14183.75,2022-03-21 13:31:00-04:00,14224.0,2022-03-21 15:31:00-04:00,14312.75,time_stop_1m,175.0,matched,-129.5,-129.5,-40.0,-219.0,<=-40,exit_reason_changed,same_entry_different_exit,True,True,False,True,residual_unexplained,,,,,,,,,,,,,,,,,,,,,,,,
short|2022-03-22 09:30:00-0400,short,2022-03-22 09:30:00-04:00,2022-03-22 10:30:00-04:00,14586.25,2022-03-22 11:30:00-04:00,14591.0,stop,-12.0,1.0,14590.75,14429.1375,,,,,,,,,,,,,,,,,,,,,baseline_only,12.0,12.0,,,10:20,baseline_trade_missing_in_hybrid,missing_data_or_alignment,False,False,False,True,removed_or_missing_trades_effect,,,,,,,,,,,,,,,,,,,,,,,,
long|2022-04-05 09:30:00-0400,long,2022-04-05 09:30:00-04:00,2022-04-05 10:30:00-04:00,14965.5,2022-04-05 11:30:00-04:00,14935.0,stop,-63.5,1.0,14935.25,15057.8875,2022-04-05 10:31:00-04:00,14974.25,2022-04-05 10:38:00-04:00,14935.0,stop_1m,-81.0,7.0,14935.25,15066.6375,2022-04-05 12:31:00-04:00,2022-04-05,1.0,2.5,14935.25,2022-04-05 10:31:00-04:00,14974.25,2022-04-05 10:38:00-04:00,14935.0,stop_1m,-81.0,matched,-17.5,-17.5,-35.0,0.0,-20:-10,exit_reason_changed,same_entry_different_exit,False,False,False,True,residual_unexplained,,,,,,,,,,,,,,,,,,,,,,,,
long|2022-04-06 09:30:00-0400,long,2022-04-06 09:30:00-04:00,2022-04-06 10:30:00-04:00,14463.5,2022-04-06 11:30:00-04:00,14454.75,stop,-20.0,1.0,14455.0,14568.35,2022-04-06 10:31:00-04:00,14475.25,2022-04-06 11:09:00-04:00,14454.75,stop_1m,-43.5,38.0,14455.0,14580.1,2022-04-06 12:31:00-04:00,2022-04-06,1.0,2.5,14455.0,2022-04-06 10:31:00-04:00,14475.25,2022-04-06 11:09:00-04:00,14454.75,stop_1m,-43.5,matched,-23.5,-23.5,-47.0,0.0,-40:-20,exit_reason_changed,same_entry_different_exit,False,False,False,True,residual_unexplained,,,,,,,,,,,,,,,,,,,,,,,,
long|2022-04-20 09:30:00-0400,long,2022-04-20 09:30:00-04:00,2022-04-20 10:30:00-04:00,14109.0,2022-04-20 11:30:00-04:00,14036.75,stop,-147.0,1.0,14037.0,14217.25,2022-04-20 10:31:00-04:00,14081.75,2022-04-20 11:18:00-04:00,14036.75,stop_1m,-92.5,47.0,14037.0,14190.0,2022-04-20 12:31:00-04:00,2022-04-20,1.0,2.5,14037.0,2022-04-20 10:31:00-04:00,14081.75,2022-04-20 11:18:00-04:00,14036.75,stop_1m,-92.5,matched,54.5,54.5,109.0,0.0,>=40,exit_reason_changed,same_entry_different_exit,False,False,False,True,residual_unexplained,,,,,,,,,,,,,,,,,,,,,,,,
long|2022-04-22 09:30:00-0400,long,2022-04-22 09:30:00-04:00,2022-04-22 10:30:00-04:00,13590.75,2022-04-22 11:30:00-04:00,13582.25,stop,-19.5,1.0,13582.5,13714.8125,2022-04-22 10:31:00-04:00,13595.25,2022-04-22 11:37:00-04:00,13582.25,stop_1m,-28.5,66.0,13582.5,13719.3125,2022-04-22 12:31:00-04:00,2022-04-22,1.0,2.5,13582.5,2022-04-22 10:31:00-04:00,13595.25,2022-04-22 11:37:00-04:00,13582.25,stop_1m,-28.5,matched,-9.0,-9.0,-18.0,0.0,-10:-5,exit_reason_changed,same_entry_different_exit,False,False,False,True,residual_unexplained,,,,,,,,,,,,,,,,,,,,,,,,
short|2022-04-25 09:30:00-0400,short,2022-04-25 09:30:00-04:00,2022-04-25 10:30:00-04:00,13392.25,2022-04-25 11:30:00-04:00,13263.825,target,254.34999999999852,1.0,13407.0,13263.575,,,,,,,,,,,,,,,,,,,,,baseline_only,-254.34999999999852,-254.34999999999852,,,<=-40,baseline_trade_missing_in_hybrid,missing_data_or_alignment,True,False,False,True,removed_or_missing_trades_effect,,,,,,,,,,,,,,,,,,,,,,,,
long|2022-04-26 09:30:00-0400,long,2022-04-26 09:30:00-04:00,2022-04-26 10:30:00-04:00,13211.75,2022-04-26 11:30:00-04:00,13167.0,stop,-92.0,1.0,13167.25,13355.975,2022-04-26 10:31:00-04:00,13201.25,2022-04-26 10:38:00-04:00,13167.0,stop_1m,-71.0,7.0,13167.25,13345.475,2022-04-26 12:31:00-04:00,2022-04-26,1.0,2.5,13167.25,2022-04-26 10:31:00-04:00,13201.25,2022-04-26 10:38:00-04:00,13167.0,stop_1m,-71.0,matched,21.0,21.0,42.0,0.0,20:40,exit_reason_changed,same_entry_different_exit,False,False,False,True,residual_unexplained,,,,,,,,,,,,,,,,,,,,,,,,
long|2022-04-28 09:30:00-0400,long,2022-04-28 09:30:00-04:00,2022-04-28 10:30:00-04:00,13065.5,2022-04-28 11:30:00-04:00,13222.3,target,311.09999999999854,1.0,13063.75,13222.55,2022-04-28 10:31:00-04:00,13064.5,2022-04-28 10:31:00-04:00,13063.5,stop_1m,-4.5,0.0,13063.75,13221.55,2022-04-28 12:31:00-04:00,2022-04-28,1.0,2.5,13063.75,2022-04-28 10:31:00-04:00,13064.5,2022-04-28 10:32:00-04:00,13063.5,stop_1m,-4.5,matched,-315.59999999999854,-315.59999999999854,4.0,-635.1999999999971,<=-40,winner_to_loser,target_not_reached_on_1min_path,True,False,True,True,target_not_reached_effect,,,,,,,,,,,,,,,,,,,,,,,,
short|2022-05-02 09:30:00-0400,short,2022-05-02 09:30:00-04:00,2022-05-02 10:30:00-04:00,12982.5,2022-05-02 11:30:00-04:00,12837.6875,target,287.125,1.0,12994.25,12837.4375,,,,,,,,,,,,,,,,,,,,,baseline_only,-287.125,-287.125,,,<=-40,baseline_trade_missing_in_hybrid,missing_data_or_alignment,True,False,False,True,removed_or_missing_trades_effect,,,,,,,,,,,,,,,,,,,,,,,,
short|2022-05-12 09:30:00-0400,short,2022-05-12 09:30:00-04:00,2022-05-12 10:30:00-04:00,11983.25,2022-05-12 11:30:00-04:00,12046.75,stop,-129.5,1.0,12046.5,11803.0875,2022-05-12 10:31:00-04:00,12004.75,2022-05-12 10:55:00-04:00,12046.75,stop_1m,-86.5,24.0,12046.5,11824.5875,2022-05-12 12:31:00-04:00,2022-05-12,1.0,2.5,12046.5,2022-05-12 10:31:00-04:00,12004.75,2022-05-12 10:55:00-04:00,12046.75,stop_1m,-86.5,matched,43.0,43.0,86.0,-0.0,>=40,exit_reason_changed,same_entry_different_exit,False,False,False,True,residual_unexplained,,,,,,,,,,,,,,,,,,,,,,,,
short|2022-05-25 09:30:00-0400,short,2022-05-25 09:30:00-04:00,2022-05-25 10:30:00-04:00,11889.25,2022-05-25 12:30:00-04:00,11830.0,time_stop,116.0,2.0,11891.0,11737.775,2022-05-25 10:31:00-04:00,11884.5,2022-05-25 10:33:00-04:00,11891.25,stop_1m,-16.0,2.0,11891.0,11733.025,2022-05-25 12:31:00-04:00,2022-05-25,1.0,2.5,11891.0,2022-05-25 10:31:00-04:00,11884.5,2022-05-25 10:33:00-04:00,11891.25,stop_1m,-16.0,matched,-132.0,-132.0,-19.0,-245.0,<=-40,winner_to_loser,worse_entry_price,True,False,True,True,entry_price_effect,,,,,,,,,,,,,,,,,,,,,,,,
short|2022-06-09 09:30:00-0400,short,2022-06-09 09:30:00-04:00,2022-06-09 10:30:00-04:00,12648.5,2022-06-09 11:30:00-04:00,12553.225,target,188.04999999999927,1.0,12654.75,12552.975,,,,,,,,,,,,,,,,,,,,,baseline_only,-188.04999999999927,-188.04999999999927,,,<=-40,baseline_trade_missing_in_hybrid,missing_data_or_alignment,True,False,False,True,removed_or_missing_trades_effect,,,,,,,,,,,,,,,,,,,,,,,,
short|2022-06-21 09:30:00-0400,short,2022-06-21 09:30:00-04:00,2022-06-21 10:30:00-04:00,11638.25,2022-06-21 12:30:00-04:00,11614.25,time_stop,45.5,2.0,11666.25,11489.325,2022-06-21 10:31:00-04:00,11646.75,2022-06-21 10:33:00-04:00,11666.5,stop_1m,-42.0,2.0,11666.25,11497.825,2022-06-21 12:31:00-04:00,2022-06-21,1.0,2.5,11666.25,2022-06-21 10:31:00-04:00,11646.75,2022-06-21 10:33:00-04:00,11666.5,stop_1m,-42.0,matched,-87.5,-87.5,34.0,-209.0,<=-40,winner_to_loser,target_not_reached_on_1min_path,True,False,True,True,target_not_reached_effect,,,,,,,,,,,,,,,,,,,,,,,,
short|2022-06-22 09:30:00-0400,short,2022-06-22 09:30:00-04:00,2022-06-22 10:30:00-04:00,11707.75,2022-06-22 11:30:00-04:00,11716.0,stop_ambiguous_first,-19.0,1.0,11715.75,11587.3375,2022-06-22 10:31:00-04:00,11699.75,2022-06-22 10:32:00-04:00,11716.0,stop_1m,-35.0,1.0,11715.75,11579.3375,2022-06-22 12:31:00-04:00,2022-06-22,1.0,2.5,11715.75,2022-06-22 10:31:00-04:00,11699.75,2022-06-22 10:32:00-04:00,11716.0,stop_1m,-35.0,matched,-16.0,-16.0,-32.0,-0.0,-20:-10,exit_reason_changed,same_entry_different_exit,False,False,False,True,residual_unexplained,,,,,,,,,,,,,,,,,,,,,,,,
short|2022-06-24 09:30:00-0400,short,2022-06-24 09:30:00-04:00,2022-06-24 10:30:00-04:00,12046.75,2022-06-24 12:30:00-04:00,12018.25,time_stop,54.5,2.0,12082.75,11936.7625,2022-06-24 10:31:00-04:00,12058.25,2022-06-24 12:31:00-04:00,12002.5,time_stop_1m,109.0,120.0,12082.75,11948.2625,2022-06-24 12:31:00-04:00,2022-06-24,1.0,2.5,12082.75,2022-06-24 10:31:00-04:00,12058.25,2022-06-24 12:31:00-04:00,12002.5,time_stop_1m,109.0,matched,54.5,54.5,46.0,63.0,>=40,exit_reason_changed,same_entry_different_exit,True,True,False,True,residual_unexplained,,,,,,,,,,,,,,,,,,,,,,,,
long|2022-06-27 09:30:00-0400,long,2022-06-27 09:30:00-04:00,2022-06-27 10:30:00-04:00,12037.0,2022-06-27 11:30:00-04:00,12141.9125,target,207.32500000000076,1.0,12020.25,12142.1625,2022-06-27 10:31:00-04:00,12062.0,2022-06-27 12:31:00-04:00,12053.25,time_stop_1m,-20.0,120.0,12020.25,12167.1625,2022-06-27 12:31:00-04:00,2022-06-27,1.0,2.5,12020.25,2022-06-27 10:31:00-04:00,12062.0,2022-06-27 12:31:00-04:00,12053.25,time_stop_1m,-20.0,matched,-227.32500000000076,-227.32500000000076,-100.0,-354.65000000000146,<=-40,winner_to_loser,worse_entry_price,True,False,True,True,entry_price_effect,,,,,,,,,,,,,,,,,,,,,,,,
short|2022-07-13 09:30:00-0400,short,2022-07-13 09:30:00-04:00,2022-07-13 10:30:00-04:00,11666.5,2022-07-13 11:30:00-04:00,11700.25,stop,-70.0,1.0,11700.0,11565.9375,2022-07-13 10:31:00-04:00,11655.5,2022-07-13 10:31:00-04:00,11700.25,stop_1m,-92.0,0.0,11700.0,11554.9375,2022-07-13 12:31:00-04:00,2022-07-13,1.0,2.5,11700.0,2022-07-13 10:31:00-04:00,11655.5,2022-07-13 10:32:00-04:00,11700.25,stop_1m,-92.0,matched,-22.0,-22.0,-44.0,-0.0,-40:-20,exit_reason_changed,same_entry_different_exit,False,False,False,True,residual_unexplained,,,,,,,,,,,,,,,,,,,,,,,,
long|2022-07-21 09:30:00-0400,long,2022-07-21 09:30:00-04:00,2022-07-21 10:30:00-04:00,12397.25,2022-07-21 11:30:00-04:00,12486.725,target,176.45000000000073,1.0,12373.5,12486.975,2022-07-21 10:31:00-04:00,12396.25,2022-07-21 11:02:00-04:00,12485.725,target_1m,176.45000000000073,31.0,12373.5,12485.975,2022-07-21 12:31:00-04:00,2022-07-21,1.0,2.5,12373.5,2022-07-21 10:31:00-04:00,12396.25,2022-07-21 11:02:00-04:00,12485.725,target_1m,176.45000000000073,matched,0.0,0.0,4.0,-4.0,-5:5,exit_reason_changed,same_entry_different_exit,True,True,False,True,residual_unexplained,,,,,,,,,,,,,,,,,,,,,,,,
long|2022-07-28 09:30:00-0400,long,2022-07-28 09:30:00-04:00,2022-07-28 10:30:00-04:00,12474.0,2022-07-28 11:30:00-04:00,12574.0,target,197.5,1.0,12452.25,12574.25,2022-07-28 10:31:00-04:00,12470.75,2022-07-28 10:32:00-04:00,12452.0,stop_1m,-40.0,1.0,12452.25,12571.0,2022-07-28 12:31:00-04:00,2022-07-28,1.0,2.5,12452.25,2022-07-28 10:31:00-04:00,12470.75,2022-07-28 10:32:00-04:00,12452.0,stop_1m,-40.0,matched,-237.5,-237.5,13.0,-488.0,<=-40,winner_to_loser,target_not_reached_on_1min_path,True,False,True,True,target_not_reached_effect,,,,,,,,,,,,,,,,,,,,,,,,
short|2022-07-29 09:30:00-0400,short,2022-07-29 09:30:00-04:00,2022-07-29 10:30:00-04:00,12916.25,2022-07-29 11:30:00-04:00,12811.0125,target,207.97499999999852,1.0,12930.5,12810.7625,2022-07-29 10:31:00-04:00,12910.25,2022-07-29 11:27:00-04:00,12805.0125,target_1m,207.97499999999852,56.0,12930.5,12804.7625,2022-07-29 12:31:00-04:00,2022-07-29,1.0,2.5,12930.5,2022-07-29 10:31:00-04:00,12910.25,2022-07-29 11:27:00-04:00,12805.0125,target_1m,207.97499999999852,matched,0.0,0.0,-24.0,24.0,-5:5,exit_reason_changed,same_entry_different_exit,True,True,False,True,residual_unexplained,,,,,,,,,,,,,,,,,,,,,,,,
long|2022-08-09 09:30:00-0400,long,2022-08-09 09:30:00-04:00,2022-08-09 10:30:00-04:00,13026.25,2022-08-09 11:30:00-04:00,12972.75,stop,-109.5,1.0,12973.0,13128.425,2022-08-09 10:31:00-04:00,13022.5,2022-08-09 12:27:00-04:00,12972.75,stop_1m,-102.0,116.0,12973.0,13124.675,2022-08-09 12:31:00-04:00,2022-08-09,1.0,2.5,12973.0,2022-08-09 10:31:00-04:00,13022.5,2022-08-09 12:27:00-04:00,12972.75,stop_1m,-102.0,matched,7.5,7.5,15.0,0.0,5:10,exit_reason_changed,same_entry_different_exit,False,False,False,True,residual_unexplained,,,,,,,,,,,,,,,,,,,,,,,,
long|2022-08-22 09:30:00-0400,long,2022-08-22 09:30:00-04:00,2022-08-22 10:30:00-04:00,12980.5,2022-08-22 11:30:00-04:00,12964.5,stop,-34.5,1.0,12964.75,13066.75,2022-08-22 10:31:00-04:00,12986.0,2022-08-22 10:34:00-04:00,12964.5,stop_1m,-45.5,3.0,12964.75,13072.25,2022-08-22 12:31:00-04:00,2022-08-22,1.0,2.5,12964.75,2022-08-22 10:31:00-04:00,12986.0,2022-08-22 10:34:00-04:00,12964.5,stop_1m,-45.5,matched,-11.0,-11.0,-22.0,0.0,-20:-10,exit_reason_changed,same_entry_different_exit,False,False,False,True,residual_unexplained,,,,,,,,,,,,,,,,,,,,,,,,
short|2022-08-25 09:30:00-0400,short,2022-08-25 09:30:00-04:00,2022-08-25 10:30:00-04:00,13093.75,2022-08-25 11:30:00-04:00,13025.0875,target,134.82500000000073,1.0,13101.75,13024.8375,,,,,,,,,,,,,,,,,,,,,baseline_only,-134.82500000000073,-134.82500000000073,,,<=-40,baseline_trade_missing_in_hybrid,missing_data_or_alignment,True,False,False,True,removed_or_missing_trades_effect,,,,,,,,,,,,,,,,,,,,,,,,
long|2022-08-26 09:30:00-0400,long,2022-08-26 09:30:00-04:00,2022-08-26 10:30:00-04:00,12987.5,2022-08-26 11:30:00-04:00,12960.5,stop,-56.5,1.0,12960.75,13063.7625,,,,,,,,,,,,,,,,,,,,,baseline_only,56.5,56.5,,,>=40,baseline_trade_missing_in_hybrid,missing_data_or_alignment,False,False,False,True,removed_or_missing_trades_effect,,,,,,,,,,,,,,,,,,,,,,,,
long|2022-08-30 09:30:00-0400,long,2022-08-30 09:30:00-04:00,2022-08-30 10:30:00-04:00,12404.75,2022-08-30 11:30:00-04:00,12386.75,stop,-38.5,1.0,12387.0,12504.3625,2022-08-30 10:31:00-04:00,12409.25,2022-08-30 10:31:00-04:00,12386.75,stop_1m,-47.5,0.0,12387.0,12508.8625,2022-08-30 12:31:00-04:00,2022-08-30,1.0,2.5,12387.0,2022-08-30 10:31:00-04:00,12409.25,2022-08-30 10:32:00-04:00,12386.75,stop_1m,-47.5,matched,-9.0,-9.0,-18.0,0.0,-10:-5,exit_reason_changed,same_entry_different_exit,False,False,False,True,residual_unexplained,,,,,,,,,,,,,,,,,,,,,,,,
long|2022-08-31 09:30:00-0400,long,2022-08-31 09:30:00-04:00,2022-08-31 10:30:00-04:00,12385.25,2022-08-31 11:30:00-04:00,12374.5,stop,-24.0,1.0,12374.75,12483.7,2022-08-31 10:31:00-04:00,12392.75,2022-08-31 10:33:00-04:00,12374.5,stop_1m,-39.0,2.0,12374.75,12491.2,2022-08-31 12:31:00-04:00,2022-08-31,1.0,2.5,12374.75,2022-08-31 10:31:00-04:00,12392.75,2022-08-31 10:33:00-04:00,12374.5,stop_1m,-39.0,matched,-15.0,-15.0,-30.0,0.0,-20:-10,exit_reason_changed,same_entry_different_exit,False,False,False,True,residual_unexplained,,,,,,,,,,,,,,,,,,,,,,,,
short|2022-09-26 09:30:00-0400,short,2022-09-26 09:30:00-04:00,2022-09-26 10:30:00-04:00,11520.25,2022-09-26 11:30:00-04:00,11394.525,target,248.95000000000076,1.0,11537.75,11394.275,2022-09-26 10:31:00-04:00,11511.25,2022-09-26 11:25:00-04:00,11385.525,target_1m,248.95000000000076,54.0,11537.75,11385.275,2022-09-26 12:31:00-04:00,2022-09-26,1.0,2.5,11537.75,2022-09-26 10:31:00-04:00,11511.25,2022-09-26 11:25:00-04:00,11385.525,target_1m,248.95000000000076,matched,0.0,0.0,-36.0,36.0,-5:5,exit_reason_changed,same_entry_different_exit,True,True,False,True,residual_unexplained,,,,,,,,,,,,,,,,,,,,,,,,
long|2022-10-07 09:30:00-0400,long,2022-10-07 09:30:00-04:00,2022-10-07 10:30:00-04:00,11245.0,2022-10-07 11:30:00-04:00,11204.25,stop,-84.0,1.0,11204.5,11357.0125,2022-10-07 10:31:00-04:00,11242.25,2022-10-07 11:19:00-04:00,11204.25,stop_1m,-78.5,48.0,11204.5,11354.2625,2022-10-07 12:31:00-04:00,2022-10-07,1.0,2.5,11204.5,2022-10-07 10:31:00-04:00,11242.25,2022-10-07 11:19:00-04:00,11204.25,stop_1m,-78.5,matched,5.5,5.5,11.0,0.0,5:10,exit_reason_changed,same_entry_different_exit,False,False,False,True,residual_unexplained,,,,,,,,,,,,,,,,,,,,,,,,
short|2022-10-13 10:30:00-0400,short,2022-10-13 10:30:00-04:00,2022-10-13 11:30:00-04:00,10923.0,2022-10-13 12:30:00-04:00,11016.0,stop,-188.5,1.0,11015.75,10797.125,2022-10-13 11:31:00-04:00,10930.0,2022-10-13 11:38:00-04:00,11016.0,stop_1m,-174.5,7.0,11015.75,10804.125,2022-10-13 13:31:00-04:00,2022-10-13,1.0,2.5,11015.75,2022-10-13 11:31:00-04:00,10930.0,2022-10-13 11:38:00-04:00,11016.0,stop_1m,-174.5,matched,14.0,14.0,28.0,-0.0,10:20,exit_reason_changed,same_entry_different_exit,False,False,False,True,residual_unexplained,,,,,,,,,,,,,,,,,,,,,,,,
long|2022-10-14 09:30:00-0400,long,2022-10-14 09:30:00-04:00,2022-10-14 10:30:00-04:00,10920.5,2022-10-14 11:30:00-04:00,10859.75,stop,-124.0,1.0,10860.0,11066.8375,2022-10-14 10:31:00-04:00,10927.25,2022-10-14 10:44:00-04:00,10859.75,stop_1m,-137.5,13.0,10860.0,11073.5875,2022-10-14 12:31:00-04:00,2022-10-14,1.0,2.5,10860.0,2022-10-14 10:31:00-04:00,10927.25,2022-10-14 10:44:00-04:00,10859.75,stop_1m,-137.5,matched,-13.5,-13.5,-27.0,0.0,-20:-10,exit_reason_changed,same_entry_different_exit,False,False,False,True,residual_unexplained,,,,,,,,,,,,,,,,,,,,,,,,
short|2022-10-26 09:30:00-0400,short,2022-10-26 09:30:00-04:00,2022-10-26 10:30:00-04:00,11578.0,2022-10-26 11:30:00-04:00,11588.75,stop,-24.0,1.0,11588.5,11480.7625,2022-10-26 10:31:00-04:00,11567.75,2022-10-26 10:34:00-04:00,11588.75,stop_1m,-44.5,3.0,11588.5,11470.5125,2022-10-26 12:31:00-04:00,2022-10-26,1.0,2.5,11588.5,2022-10-26 10:31:00-04:00,11567.75,2022-10-26 10:34:00-04:00,11588.75,stop_1m,-44.5,matched,-20.5,-20.5,-41.0,-0.0,-40:-20,exit_reason_changed,same_entry_different_exit,False,False,False,True,residual_unexplained,,,,,,,,,,,,,,,,,,,,,,,,
short|2022-10-28 09:30:00-0400,short,2022-10-28 09:30:00-04:00,2022-10-28 10:30:00-04:00,11380.5,2022-10-28 11:30:00-04:00,11399.75,stop,-41.0,1.0,11399.5,11280.0625,,,,,,,,,,,,,,,,,,,,,baseline_only,41.0,41.0,,,>=40,baseline_trade_missing_in_hybrid,missing_data_or_alignment,False,False,False,True,removed_or_missing_trades_effect,,,,,,,,,,,,,,,,,,,,,,,,
long|2022-11-01 09:30:00-0400,long,2022-11-01 09:30:00-04:00,2022-11-01 10:30:00-04:00,11440.0,2022-11-01 11:30:00-04:00,11375.0,stop,-132.5,1.0,11375.25,11532.375,2022-11-01 10:31:00-04:00,11420.5,2022-11-01 10:40:00-04:00,11375.0,stop_1m,-93.5,9.0,11375.25,11512.875,2022-11-01 12:31:00-04:00,2022-11-01,1.0,2.5,11375.25,2022-11-01 10:31:00-04:00,11420.5,2022-11-01 10:40:00-04:00,11375.0,stop_1m,-93.5,matched,39.0,39.0,78.0,0.0,20:40,exit_reason_changed,same_entry_different_exit,False,False,False,True,residual_unexplained,,,,,,,,,,,,,,,,,,,,,,,,
long|2022-11-02 14:30:00-0400,long,2022-11-02 14:30:00-04:00,2022-11-02 15:30:00-04:00,11020.75,2022-11-03 09:30:00-04:00,10990.75,stop,-62.5,1.0,10991.0,11130.6,2022-11-02 15:31:00-04:00,10999.25,2022-11-02 15:33:00-04:00,10990.75,stop_1m,-19.5,2.0,10991.0,11109.1,2022-11-02 17:31:00-04:00,2022-11-02,1.0,2.5,10991.0,2022-11-02 15:31:00-04:00,10999.25,2022-11-02 15:33:00-04:00,10990.75,stop_1m,-19.5,matched,43.0,43.0,86.0,0.0,>=40,exit_reason_changed,same_entry_different_exit,False,False,False,True,residual_unexplained,,,,,,,,,,,,,,,,,,,,,,,,
short|2022-11-30 13:30:00-0500,short,2022-11-30 13:30:00-05:00,2022-11-30 14:30:00-05:00,11914.25,2022-11-30 15:30:00-05:00,11932.25,stop,-38.5,1.0,11932.0,11830.6375,2022-11-30 14:31:00-05:00,11917.5,2022-11-30 15:09:00-05:00,11932.25,stop_1m,-32.0,38.0,11932.0,11833.8875,2022-11-30 16:31:00-05:00,2022-11-30,1.0,2.5,11932.0,2022-11-30 14:31:00-05:00,11917.5,2022-11-30 15:09:00-05:00,11932.25,stop_1m,-32.0,matched,6.5,6.5,13.0,-0.0,5:10,exit_reason_changed,same_entry_different_exit,False,False,False,True,residual_unexplained,,,,,,,,,,,,,,,,,,,,,,,,
short|2022-12-20 09:30:00-0500,short,2022-12-20 09:30:00-05:00,2022-12-20 10:30:00-05:00,11212.5,2022-12-20 12:30:00-05:00,11199.75,time_stop,23.0,2.0,11219.25,11104.125,,,,,,,,,,,,,,,,,,,,,baseline_only,-23.0,-23.0,,,-40:-20,baseline_trade_missing_in_hybrid,missing_data_or_alignment,True,False,False,True,removed_or_missing_trades_effect,,,,,,,,,,,,,,,,,,,,,,,,
short|2022-12-21 09:30:00-0500,short,2022-12-21 09:30:00-05:00,2022-12-21 10:30:00-05:00,11292.0,2022-12-21 11:30:00-05:00,11303.0,stop,-24.5,1.0,11302.75,11215.35,2022-12-21 10:31:00-05:00,11292.0,2022-12-21 10:32:00-05:00,11303.0,stop_1m,-24.5,1.0,11302.75,11215.35,2022-12-21 12:31:00-05:00,2022-12-21,1.0,2.5,11302.75,2022-12-21 10:31:00-05:00,11292.0,2022-12-21 10:32:00-05:00,11303.0,stop_1m,-24.5,matched,0.0,0.0,-0.0,-0.0,-5:5,exit_reason_changed,same_entry_different_exit,False,False,False,True,residual_unexplained,,,,,,,,,,,,,,,,,,,,,,,,
long|2023-01-03 09:30:00-0500,long,2023-01-03 09:30:00-05:00,2023-01-03 10:30:00-05:00,10949.25,2023-01-03 11:30:00-05:00,10925.0,stop,-51.0,1.0,10925.25,11031.0375,,,,,,,,,,,,,,,,,,,,,baseline_only,51.0,51.0,,,>=40,baseline_trade_missing_in_hybrid,missing_data_or_alignment,False,False,False,True,removed_or_missing_trades_effect,,,,,,,,,,,,,,,,,,,,,,,,
long|2023-01-04 09:30:00-0500,long,2023-01-04 09:30:00-05:00,2023-01-04 10:30:00-05:00,10914.0,2023-01-04 11:30:00-05:00,10995.25,target,160.0,1.0,10863.25,10995.5,2023-01-04 10:31:00-05:00,10894.75,2023-01-04 11:10:00-05:00,10976.0,target_1m,160.0,39.0,10863.25,10976.25,2023-01-04 12:31:00-05:00,2023-01-04,1.0,2.5,10863.25,2023-01-04 10:31:00-05:00,10894.75,2023-01-04 11:10:00-05:00,10976.0,target_1m,160.0,matched,0.0,0.0,77.0,-77.0,-5:5,exit_reason_changed,same_entry_different_exit,True,True,False,True,residual_unexplained,,,,,,,,,,,,,,,,,,,,,,,,
long|2023-01-25 09:30:00-0500,long,2023-01-25 09:30:00-05:00,2023-01-25 10:30:00-05:00,11647.5,2023-01-25 11:30:00-05:00,11728.1375,target,158.77500000000146,1.0,11614.25,11728.3875,2023-01-25 10:31:00-05:00,11652.0,2023-01-25 10:37:00-05:00,11614.0,stop_1m,-78.5,6.0,11614.25,11732.8875,2023-01-25 12:31:00-05:00,2023-01-25,1.0,2.5,11614.25,2023-01-25 10:31:00-05:00,11652.0,2023-01-25 10:37:00-05:00,11614.0,stop_1m,-78.5,matched,-237.27500000000146,-237.27500000000146,-18.0,-456.5500000000029,<=-40,winner_to_loser,worse_entry_price,True,False,True,True,entry_price_effect,,,,,,,,,,,,,,,,,,,,,,,,
short|2023-02-03 09:30:00-0500,short,2023-02-03 09:30:00-05:00,2023-02-03 10:30:00-05:00,12776.5,2023-02-03 11:30:00-05:00,12832.75,stop,-115.0,1.0,12832.5,12659.95,2023-02-03 10:31:00-05:00,12775.25,2023-02-03 10:37:00-05:00,12832.75,stop_1m,-117.5,6.0,12832.5,12658.7,2023-02-03 12:31:00-05:00,2023-02-03,1.0,2.5,12832.5,2023-02-03 10:31:00-05:00,12775.25,2023-02-03 10:37:00-05:00,12832.75,stop_1m,-117.5,matched,-2.5,-2.5,-5.0,-0.0,-5:5,exit_reason_changed,same_entry_different_exit,False,False,False,True,residual_unexplained,,,,,,,,,,,,,,,,,,,,,,,,
short|2023-02-16 09:30:00-0500,short,2023-02-16 09:30:00-05:00,2023-02-16 10:30:00-05:00,12614.5,2023-02-16 11:30:00-05:00,12622.5,stop,-18.5,1.0,12622.25,12523.55,2023-02-16 10:31:00-05:00,12616.25,2023-02-16 10:31:00-05:00,12622.5,stop_1m,-15.0,0.0,12622.25,12525.3,2023-02-16 12:31:00-05:00,2023-02-16,1.0,2.5,12622.25,2023-02-16 10:31:00-05:00,12616.25,2023-02-16 10:32:00-05:00,12622.5,stop_1m,-15.0,matched,3.5,3.5,7.0,-0.0,-5:5,exit_reason_changed,same_entry_different_exit,False,False,False,True,residual_unexplained,,,,,,,,,,,,,,,,,,,,,,,,
long|2023-03-01 09:30:00-0500,long,2023-03-01 09:30:00-05:00,2023-03-01 10:30:00-05:00,11970.25,2023-03-01 11:30:00-05:00,11952.75,stop,-37.5,1.0,11953.0,12037.625,2023-03-01 10:31:00-05:00,11963.5,2023-03-01 10:41:00-05:00,12030.625,target_1m,131.75,10.0,11953.0,12030.875,2023-03-01 12:31:00-05:00,2023-03-01,1.0,2.5,11953.0,2023-03-01 10:31:00-05:00,11963.5,2023-03-01 10:41:00-05:00,12030.625,target_1m,131.75,matched,169.25,169.25,27.0,311.5,>=40,loser_to_winner,better_entry_price,False,True,True,True,entry_price_effect,,,,,,,,,,,,,,,,,,,,,,,,
long|2023-03-10 09:30:00-0500,long,2023-03-10 09:30:00-05:00,2023-03-10 10:30:00-05:00,11922.5,2023-03-10 11:30:00-05:00,12006.825,target,166.15000000000146,1.0,11865.75,12007.075,2023-03-10 10:31:00-05:00,11924.75,2023-03-10 10:59:00-05:00,12009.075,target_1m,166.15000000000146,28.0,11865.75,12009.325,2023-03-10 12:31:00-05:00,2023-03-10,1.0,2.5,11865.75,2023-03-10 10:31:00-05:00,11924.75,2023-03-10 10:59:00-05:00,12009.075,target_1m,166.15000000000146,matched,0.0,0.0,-9.0,9.0,-5:5,exit_reason_changed,same_entry_different_exit,True,True,False,True,residual_unexplained,,,,,,,,,,,,,,,,,,,,,,,,
short|2023-03-22 13:30:00-0400,short,2023-03-22 13:30:00-04:00,2023-03-22 14:30:00-04:00,12986.25,2023-03-22 15:30:00-04:00,12913.625,target,142.75,1.0,13045.0,12913.375,2023-03-22 14:31:00-04:00,12971.75,2023-03-22 14:36:00-04:00,12899.125,target_1m,142.75,5.0,13045.0,12898.875,2023-03-22 16:31:00-04:00,2023-03-22,1.0,2.5,13045.0,2023-03-22 14:31:00-04:00,12971.75,2023-03-22 14:36:00-04:00,12899.125,target_1m,142.75,matched,0.0,0.0,-58.0,58.0,-5:5,exit_reason_changed,same_entry_different_exit,True,True,False,True,residual_unexplained,,,,,,,,,,,,,,,,,,,,,,,,
long|2023-04-05 09:30:00-0400,long,2023-04-05 09:30:00-04:00,2023-04-05 10:30:00-04:00,13089.75,2023-04-05 11:30:00-04:00,13087.5,stop,-7.0,1.0,13087.75,13153.2875,2023-04-05 10:31:00-04:00,13091.0,2023-04-05 10:32:00-04:00,13087.5,stop_1m,-9.5,1.0,13087.75,13154.5375,2023-04-05 12:31:00-04:00,2023-04-05,1.0,2.5,13087.75,2023-04-05 10:31:00-04:00,13091.0,2023-04-05 10:32:00-04:00,13087.5,stop_1m,-9.5,matched,-2.5,-2.5,-5.0,0.0,-5:5,exit_reason_changed,same_entry_different_exit,False,False,False,True,residual_unexplained,,,,,,,,,,,,,,,,,,,,,,,,
short|2023-04-13 09:30:00-0400,short,2023-04-13 09:30:00-04:00,2023-04-13 10:30:00-04:00,13129.0,2023-04-13 11:30:00-04:00,13139.0,stop,-22.5,1.0,13138.75,13056.05,2023-04-13 10:31:00-04:00,13125.75,2023-04-13 11:05:00-04:00,13139.0,stop_1m,-29.0,34.0,13138.75,13052.8,2023-04-13 12:31:00-04:00,2023-04-13,1.0,2.5,13138.75,2023-04-13 10:31:00-04:00,13125.75,2023-04-13 11:05:00-04:00,13139.0,stop_1m,-29.0,matched,-6.5,-6.5,-13.0,-0.0,-10:-5,exit_reason_changed,same_entry_different_exit,False,False,False,True,residual_unexplained,,,,,,,,,,,,,,,,,,,,,,,,
long|2023-04-18 09:30:00-0400,long,2023-04-18 09:30:00-04:00,2023-04-18 10:30:00-04:00,13177.5,2023-04-18 11:30:00-04:00,13167.0,stop,-23.5,1.0,13167.25,13235.2625,,,,,,,,,,,,,,,,,,,,,baseline_only,23.5,23.5,,,20:40,baseline_trade_missing_in_hybrid,missing_data_or_alignment,False,False,False,True,removed_or_missing_trades_effect,,,,,,,,,,,,,,,,,,,,,,,,
long|2023-04-25 09:30:00-0400,long,2023-04-25 09:30:00-04:00,2023-04-25 10:30:00-04:00,12948.75,2023-04-25 11:30:00-04:00,12936.75,stop,-26.5,1.0,12937.0,13010.45,2023-04-25 10:31:00-04:00,12945.75,2023-04-25 10:33:00-04:00,12936.75,stop_1m,-20.5,2.0,12937.0,13007.45,2023-04-25 12:31:00-04:00,2023-04-25,1.0,2.5,12937.0,2023-04-25 10:31:00-04:00,12945.75,2023-04-25 10:33:00-04:00,12936.75,stop_1m,-20.5,matched,6.0,6.0,12.0,0.0,5:10,exit_reason_changed,same_entry_different_exit,False,False,False,True,residual_unexplained,,,,,,,,,,,,,,,,,,,,,,,,
long|2023-05-02 09:30:00-0400,long,2023-05-02 09:30:00-04:00,2023-05-02 10:30:00-04:00,13211.25,2023-05-02 11:30:00-04:00,13197.0,stop,-31.0,1.0,13197.25,13267.775,2023-05-02 10:31:00-04:00,13201.25,2023-05-02 10:31:00-04:00,13197.0,stop_1m,-11.0,0.0,13197.25,13257.775,2023-05-02 12:31:00-04:00,2023-05-02,1.0,2.5,13197.25,2023-05-02 10:31:00-04:00,13201.25,2023-05-02 10:32:00-04:00,13197.0,stop_1m,-11.0,matched,20.0,20.0,40.0,0.0,10:20,exit_reason_changed,same_entry_different_exit,False,False,False,True,residual_unexplained,,,,,,,,,,,,,,,,,,,,,,,,
long|2023-05-03 14:30:00-0400,long,2023-05-03 14:30:00-04:00,2023-05-03 15:30:00-04:00,13124.0,2023-05-04 09:30:00-04:00,13121.0,stop,-8.5,1.0,13121.25,13186.8375,2023-05-03 15:31:00-04:00,13124.0,2023-05-03 15:31:00-04:00,13121.0,stop_1m,-8.5,0.0,13121.25,13186.8375,2023-05-03 17:31:00-04:00,2023-05-03,1.0,2.5,13121.25,2023-05-03 15:31:00-04:00,13124.0,2023-05-03 15:32:00-04:00,13121.0,stop_1m,-8.5,matched,0.0,0.0,0.0,0.0,-5:5,exit_reason_changed,same_entry_different_exit,False,False,False,True,residual_unexplained,,,,,,,,,,,,,,,,,,,,,,,,
short|2023-05-16 09:30:00-0400,short,2023-05-16 09:30:00-04:00,2023-05-16 10:30:00-04:00,13504.5,2023-05-16 11:30:00-04:00,13516.0,stop,-25.5,1.0,13515.75,13455.2875,2023-05-16 10:31:00-04:00,13513.0,2023-05-16 10:31:00-04:00,13516.0,stop_1m,-8.5,0.0,13515.75,13463.7875,2023-05-16 12:31:00-04:00,2023-05-16,1.0,2.5,13515.75,2023-05-16 10:31:00-04:00,13513.0,2023-05-16 10:56:00-04:00,13516.0,stop_1m,-8.5,matched,17.0,17.0,34.0,-0.0,10:20,exit_reason_changed,same_entry_different_exit,False,False,False,True,residual_unexplained,,,,,,,,,,,,,,,,,,,,,,,,
short|2023-05-22 09:30:00-0400,short,2023-05-22 09:30:00-04:00,2023-05-22 10:30:00-04:00,13902.75,2023-05-22 12:30:00-04:00,13905.25,time_stop,-7.5,2.0,13946.75,13840.65,2023-05-22 10:31:00-04:00,13898.5,2023-05-22 12:31:00-04:00,13889.0,time_stop_1m,16.5,120.0,13946.75,13836.4,2023-05-22 12:31:00-04:00,2023-05-22,1.0,2.5,13946.75,2023-05-22 10:31:00-04:00,13898.5,2023-05-22 12:31:00-04:00,13889.0,time_stop_1m,16.5,matched,24.0,24.0,-17.0,65.0,20:40,loser_to_winner,unknown,False,True,True,True,residual_unexplained,,,,,,,,,,,,,,,,,,,,,,,,
long|2023-05-25 09:30:00-0400,long,2023-05-25 09:30:00-04:00,2023-05-25 10:30:00-04:00,13886.75,2023-05-25 11:30:00-04:00,13955.05,target,134.09999999999854,1.0,13851.25,13955.3,2023-05-25 10:31:00-04:00,13885.0,2023-05-25 11:07:00-04:00,13953.3,target_1m,134.09999999999854,36.0,13851.25,13953.55,2023-05-25 12:31:00-04:00,2023-05-25,1.0,2.5,13851.25,2023-05-25 10:31:00-04:00,13885.0,2023-05-25 11:07:00-04:00,13953.3,target_1m,134.09999999999854,matched,0.0,0.0,7.0,-7.0,-5:5,exit_reason_changed,same_entry_different_exit,True,True,False,True,residual_unexplained,,,,,,,,,,,,,,,,,,,,,,,,
long|2023-05-30 09:30:00-0400,long,2023-05-30 09:30:00-04:00,2023-05-30 10:30:00-04:00,14426.0,2023-05-30 12:30:00-04:00,14399.0,stop,-56.5,2.0,14399.25,14504.4125,2023-05-30 10:31:00-04:00,14421.0,2023-05-30 12:31:00-04:00,14420.0,time_stop_1m,-4.5,120.0,14399.25,14499.4125,2023-05-30 12:31:00-04:00,2023-05-30,1.0,2.5,14399.25,2023-05-30 10:31:00-04:00,14421.0,2023-05-30 12:31:00-04:00,14420.0,time_stop_1m,-4.5,matched,52.0,52.0,20.0,84.0,>=40,time_stop_changed,time_stop_conversion_effect,False,False,False,True,time_stop_effect,,,,,,,,,,,,,,,,,,,,,,,,
long|2023-06-21 09:30:00-0400,long,2023-06-21 09:30:00-04:00,2023-06-21 10:30:00-04:00,15102.75,2023-06-21 11:30:00-04:00,15075.5,stop,-57.0,1.0,15075.75,15174.9,2023-06-21 10:31:00-04:00,15107.75,2023-06-21 10:44:00-04:00,15075.5,stop_1m,-67.0,13.0,15075.75,15179.9,2023-06-21 12:31:00-04:00,2023-06-21,1.0,2.5,15075.75,2023-06-21 10:31:00-04:00,15107.75,2023-06-21 10:44:00-04:00,15075.5,stop_1m,-67.0,matched,-10.0,-10.0,-20.0,0.0,-20:-10,exit_reason_changed,same_entry_different_exit,False,False,False,True,residual_unexplained,,,,,,,,,,,,,,,,,,,,,,,,
short|2023-06-22 09:30:00-0400,short,2023-06-22 09:30:00-04:00,2023-06-22 10:30:00-04:00,15134.5,2023-06-22 11:30:00-04:00,15149.5,stop,-32.5,1.0,15149.25,15060.2125,2023-06-22 10:31:00-04:00,15123.75,2023-06-22 11:40:00-04:00,15149.5,stop_1m,-54.0,69.0,15149.25,15049.4625,2023-06-22 12:31:00-04:00,2023-06-22,1.0,2.5,15149.25,2023-06-22 10:31:00-04:00,15123.75,2023-06-22 11:40:00-04:00,15149.5,stop_1m,-54.0,matched,-21.5,-21.5,-43.0,-0.0,-40:-20,exit_reason_changed,same_entry_different_exit,False,False,False,True,residual_unexplained,,,,,,,,,,,,,,,,,,,,,,,,
short|2023-06-28 09:30:00-0400,short,2023-06-28 09:30:00-04:00,2023-06-28 10:30:00-04:00,15141.75,2023-06-28 11:30:00-04:00,15145.0,stop,-9.0,1.0,15144.75,15066.9875,2023-06-28 10:31:00-04:00,15144.25,2023-06-28 10:31:00-04:00,15145.0,stop_1m,-4.0,0.0,15144.75,15069.4875,2023-06-28 12:31:00-04:00,2023-06-28,1.0,2.5,15144.75,2023-06-28 10:31:00-04:00,15144.25,2023-06-28 10:32:00-04:00,15145.0,stop_1m,-4.0,matched,5.0,5.0,10.0,-0.0,-5:5,exit_reason_changed,same_entry_different_exit,False,False,False,True,residual_unexplained,,,,,,,,,,,,,,,,,,,,,,,,
long|2023-06-29 09:30:00-0400,long,2023-06-29 09:30:00-04:00,2023-06-29 10:30:00-04:00,15062.0,2023-06-29 11:30:00-04:00,15135.85,target,145.20000000000073,1.0,15035.25,15136.1,2023-06-29 10:31:00-04:00,15045.0,2023-06-29 10:46:00-04:00,15035.0,stop_1m,-22.5,15.0,15035.25,15119.1,2023-06-29 12:31:00-04:00,2023-06-29,1.0,2.5,15035.25,2023-06-29 10:31:00-04:00,15045.0,2023-06-29 10:46:00-04:00,15035.0,stop_1m,-22.5,matched,-167.70000000000073,-167.70000000000073,68.0,-403.40000000000146,<=-40,winner_to_loser,target_not_reached_on_1min_path,True,False,True,True,target_not_reached_effect,,,,,,,,,,,,,,,,,,,,,,,,
long|2023-07-20 09:30:00-0400,long,2023-07-20 09:30:00-04:00,2023-07-20 10:30:00-04:00,15755.25,2023-07-20 11:30:00-04:00,15745.5,stop,-22.0,1.0,15745.75,15828.1375,,,,,,,,,,,,,,,,,,,,,baseline_only,22.0,22.0,,,20:40,baseline_trade_missing_in_hybrid,missing_data_or_alignment,False,False,False,True,removed_or_missing_trades_effect,,,,,,,,,,,,,,,,,,,,,,,,
long|2023-07-21 09:30:00-0400,long,2023-07-21 09:30:00-04:00,2023-07-21 10:30:00-04:00,15551.5,2023-07-21 11:30:00-04:00,15634.025,target,162.54999999999927,1.0,15550.5,15634.275,2023-07-21 10:31:00-04:00,15564.5,2023-07-21 12:31:00-04:00,15581.25,time_stop_1m,31.0,120.0,15550.5,15647.275,2023-07-21 12:31:00-04:00,2023-07-21,1.0,2.5,15550.5,2023-07-21 10:31:00-04:00,15564.5,2023-07-21 12:31:00-04:00,15581.25,time_stop_1m,31.0,matched,-131.54999999999927,-131.54999999999927,-52.0,-211.09999999999854,<=-40,time_stop_changed,time_stop_conversion_effect,True,True,False,True,time_stop_effect,,,,,,,,,,,,,,,,,,,,,,,,
long|2023-08-02 09:30:00-0400,long,2023-08-02 09:30:00-04:00,2023-08-02 10:30:00-04:00,15544.5,2023-08-02 11:30:00-04:00,15524.25,stop,-43.0,1.0,15524.5,15614.225,2023-08-02 10:31:00-04:00,15550.0,2023-08-02 10:45:00-04:00,15524.25,stop_1m,-54.0,14.0,15524.5,15619.725,2023-08-02 12:31:00-04:00,2023-08-02,1.0,2.5,15524.5,2023-08-02 10:31:00-04:00,15550.0,2023-08-02 10:45:00-04:00,15524.25,stop_1m,-54.0,matched,-11.0,-11.0,-22.0,0.0,-20:-10,exit_reason_changed,same_entry_different_exit,False,False,False,True,residual_unexplained,,,,,,,,,,,,,,,,,,,,,,,,
short|2023-08-10 09:30:00-0400,short,2023-08-10 09:30:00-04:00,2023-08-10 10:30:00-04:00,15398.75,2023-08-10 11:30:00-04:00,15312.1375,target,170.72499999999854,1.0,15441.75,15311.8875,2023-08-10 10:31:00-04:00,15411.75,2023-08-10 10:45:00-04:00,15325.1375,target_1m,170.72499999999854,14.0,15441.75,15324.8875,2023-08-10 12:31:00-04:00,2023-08-10,1.0,2.5,15441.75,2023-08-10 10:31:00-04:00,15411.75,2023-08-10 10:45:00-04:00,15325.1375,target_1m,170.72499999999854,matched,0.0,0.0,52.0,-52.0,-5:5,exit_reason_changed,same_entry_different_exit,True,True,False,True,residual_unexplained,,,,,,,,,,,,,,,,,,,,,,,,
long|2023-08-15 09:30:00-0400,long,2023-08-15 09:30:00-04:00,2023-08-15 10:30:00-04:00,15137.0,2023-08-15 12:30:00-04:00,15176.0,time_stop,75.5,2.0,15113.0,15220.3625,2023-08-15 10:31:00-04:00,15124.25,2023-08-15 10:32:00-04:00,15112.75,stop_1m,-25.5,1.0,15113.0,15207.6125,2023-08-15 12:31:00-04:00,2023-08-15,1.0,2.5,15113.0,2023-08-15 10:31:00-04:00,15124.25,2023-08-15 10:32:00-04:00,15112.75,stop_1m,-25.5,matched,-101.0,-101.0,51.0,-253.0,<=-40,winner_to_loser,target_not_reached_on_1min_path,True,False,True,True,target_not_reached_effect,,,,,,,,,,,,,,,,,,,,,,,,
long|2023-08-24 09:30:00-0400,long,2023-08-24 09:30:00-04:00,2023-08-24 10:30:00-04:00,15073.5,2023-08-24 11:30:00-04:00,15071.5,stop,-6.5,1.0,15071.75,15152.8875,,,,,,,,,,,,,,,,,,,,,baseline_only,6.5,6.5,,,5:10,baseline_trade_missing_in_hybrid,missing_data_or_alignment,False,False,False,True,removed_or_missing_trades_effect,,,,,,,,,,,,,,,,,,,,,,,,
short|2023-09-18 09:30:00-0400,short,2023-09-18 09:30:00-04:00,2023-09-18 10:30:00-04:00,15405.0,2023-09-18 11:30:00-04:00,15441.5,stop,-75.5,1.0,15441.25,15338.2375,2023-09-18 10:31:00-04:00,15404.75,2023-09-18 11:32:00-04:00,15441.5,stop_1m,-76.0,61.0,15441.25,15337.9875,2023-09-18 12:31:00-04:00,2023-09-18,1.0,2.5,15441.25,2023-09-18 10:31:00-04:00,15404.75,2023-09-18 11:32:00-04:00,15441.5,stop_1m,-76.0,matched,-0.5,-0.5,-1.0,-0.0,-5:5,exit_reason_changed,same_entry_different_exit,False,False,False,True,residual_unexplained,,,,,,,,,,,,,,,,,,,,,,,,
long|2023-09-19 09:30:00-0400,long,2023-09-19 09:30:00-04:00,2023-09-19 10:30:00-04:00,15301.0,2023-09-19 11:30:00-04:00,15273.0,stop,-58.5,1.0,15273.25,15365.4125,2023-09-19 10:31:00-04:00,15297.5,2023-09-19 10:38:00-04:00,15273.0,stop_1m,-51.5,7.0,15273.25,15361.9125,2023-09-19 12:31:00-04:00,2023-09-19,1.0,2.5,15273.25,2023-09-19 10:31:00-04:00,15297.5,2023-09-19 10:38:00-04:00,15273.0,stop_1m,-51.5,matched,7.0,7.0,14.0,0.0,5:10,exit_reason_changed,same_entry_different_exit,False,False,False,True,residual_unexplained,,,,,,,,,,,,,,,,,,,,,,,,
long|2023-10-03 09:30:00-0400,long,2023-10-03 09:30:00-04:00,2023-10-03 10:30:00-04:00,14777.5,2023-10-03 11:30:00-04:00,14770.5,stop,-16.5,1.0,14770.75,14883.3125,2023-10-03 10:31:00-04:00,14783.75,2023-10-03 10:38:00-04:00,14770.5,stop_1m,-29.0,7.0,14770.75,14889.5625,2023-10-03 12:31:00-04:00,2023-10-03,1.0,2.5,14770.75,2023-10-03 10:31:00-04:00,14783.75,2023-10-03 10:38:00-04:00,14770.5,stop_1m,-29.0,matched,-12.5,-12.5,-25.0,0.0,-20:-10,exit_reason_changed,same_entry_different_exit,False,False,False,True,residual_unexplained,,,,,,,,,,,,,,,,,,,,,,,,
short|2023-10-06 09:30:00-0400,short,2023-10-06 09:30:00-04:00,2023-10-06 10:30:00-04:00,14840.75,2023-10-06 11:30:00-04:00,14845.25,stop,-11.5,1.0,14845.0,14759.6875,,,,,,,,,,,,,,,,,,,,,baseline_only,11.5,11.5,,,10:20,baseline_trade_missing_in_hybrid,missing_data_or_alignment,False,False,False,True,removed_or_missing_trades_effect,,,,,,,,,,,,,,,,,,,,,,,,
long|2023-10-13 09:30:00-0400,long,2023-10-13 09:30:00-04:00,2023-10-13 10:30:00-04:00,15278.25,2023-10-13 11:30:00-04:00,15266.0,stop,-27.0,1.0,15266.25,15350.6625,,,,,,,,,,,,,,,,,,,,,baseline_only,27.0,27.0,,,20:40,baseline_trade_missing_in_hybrid,missing_data_or_alignment,False,False,False,True,removed_or_missing_trades_effect,,,,,,,,,,,,,,,,,,,,,,,,
short|2023-10-16 09:30:00-0400,short,2023-10-16 09:30:00-04:00,2023-10-16 10:30:00-04:00,15297.75,2023-10-16 11:30:00-04:00,15300.75,stop,-8.5,1.0,15300.5,15212.5125,,,,,,,,,,,,,,,,,,,,,baseline_only,8.5,8.5,,,5:10,baseline_trade_missing_in_hybrid,missing_data_or_alignment,False,False,False,True,removed_or_missing_trades_effect,,,,,,,,,,,,,,,,,,,,,,,,
long|2023-10-19 09:30:00-0400,long,2023-10-19 09:30:00-04:00,2023-10-19 10:30:00-04:00,15003.75,2023-10-19 11:30:00-04:00,15087.775,target,165.54999999999927,1.0,15003.0,15088.025,2023-10-19 10:31:00-04:00,15003.5,2023-10-19 10:31:00-04:00,15002.75,stop_1m,-4.0,0.0,15003.0,15087.775,2023-10-19 12:31:00-04:00,2023-10-19,1.0,2.5,15003.0,2023-10-19 10:31:00-04:00,15003.5,2023-10-19 10:32:00-04:00,15002.75,stop_1m,-4.0,matched,-169.54999999999927,-169.54999999999927,1.0,-340.09999999999854,<=-40,winner_to_loser,target_not_reached_on_1min_path,True,False,True,True,target_not_reached_effect,,,,,,,,,,,,,,,,,,,,,,,,
long|2023-10-20 09:30:00-0400,long,2023-10-20 09:30:00-04:00,2023-10-20 10:30:00-04:00,14765.75,2023-10-20 11:30:00-04:00,14760.25,stop,-13.5,1.0,14760.5,14859.2375,,,,,,,,,,,,,,,,,,,,,baseline_only,13.5,13.5,,,10:20,baseline_trade_missing_in_hybrid,missing_data_or_alignment,False,False,False,True,removed_or_missing_trades_effect,,,,,,,,,,,,,,,,,,,,,,,,
long|2023-10-26 09:30:00-0400,long,2023-10-26 09:30:00-04:00,2023-10-26 10:30:00-04:00,14318.25,2023-10-26 11:30:00-04:00,14269.75,stop,-99.5,1.0,14270.0,14408.2375,2023-10-26 10:31:00-04:00,14319.5,2023-10-26 10:38:00-04:00,14269.75,stop_1m,-102.0,7.0,14270.0,14409.4875,2023-10-26 12:31:00-04:00,2023-10-26,1.0,2.5,14270.0,2023-10-26 10:31:00-04:00,14319.5,2023-10-26 10:38:00-04:00,14269.75,stop_1m,-102.0,matched,-2.5,-2.5,-5.0,0.0,-5:5,exit_reason_changed,same_entry_different_exit,False,False,False,True,residual_unexplained,,,,,,,,,,,,,,,,,,,,,,,,
long|2023-11-30 09:30:00-0500,long,2023-11-30 09:30:00-05:00,2023-11-30 10:30:00-05:00,15949.5,2023-11-30 11:30:00-05:00,15918.5,stop,-64.5,1.0,15918.75,16006.4,2023-11-30 10:31:00-05:00,15944.75,2023-11-30 10:38:00-05:00,15918.5,stop_1m,-55.0,7.0,15918.75,16001.65,2023-11-30 12:31:00-05:00,2023-11-30,1.0,2.5,15918.75,2023-11-30 10:31:00-05:00,15944.75,2023-11-30 10:38:00-05:00,15918.5,stop_1m,-55.0,matched,9.5,9.5,19.0,0.0,5:10,exit_reason_changed,same_entry_different_exit,False,False,False,True,residual_unexplained,,,,,,,,,,,,,,,,,,,,,,,,
long|2023-12-01 09:30:00-0500,long,2023-12-01 09:30:00-05:00,2023-12-01 10:30:00-05:00,15881.0,2023-12-01 11:30:00-05:00,15945.15,target,125.79999999999929,1.0,15873.5,15945.4,,,,,,,,,,,,,,,,,,,,,baseline_only,-125.79999999999929,-125.79999999999929,,,<=-40,baseline_trade_missing_in_hybrid,missing_data_or_alignment,True,False,False,True,removed_or_missing_trades_effect,,,,,,,,,,,,,,,,,,,,,,,,
long|2023-12-04 09:30:00-0500,long,2023-12-04 09:30:00-05:00,2023-12-04 10:30:00-05:00,15753.25,2023-12-04 11:30:00-05:00,15824.825,target,140.65000000000146,1.0,15746.75,15825.075,2023-12-04 10:31:00-05:00,15754.5,2023-12-04 10:31:00-05:00,15746.5,stop_1m,-18.5,0.0,15746.75,15826.325,2023-12-04 12:31:00-05:00,2023-12-04,1.0,2.5,15746.75,2023-12-04 10:31:00-05:00,15754.5,2023-12-04 10:32:00-05:00,15746.5,stop_1m,-18.5,matched,-159.15000000000146,-159.15000000000146,-5.0,-313.3000000000029,<=-40,winner_to_loser,worse_entry_price,True,False,True,True,entry_price_effect,,,,,,,,,,,,,,,,,,,,,,,,
short|2023-12-05 09:30:00-0500,short,2023-12-05 09:30:00-05:00,2023-12-05 10:30:00-05:00,15891.25,2023-12-05 12:30:00-05:00,15875.5,time_stop,29.0,2.0,15936.75,15816.1375,2023-12-05 10:31:00-05:00,15896.5,2023-12-05 10:45:00-05:00,15937.0,stop_1m,-83.5,14.0,15936.75,15821.3875,2023-12-05 12:31:00-05:00,2023-12-05,1.0,2.5,15936.75,2023-12-05 10:31:00-05:00,15896.5,2023-12-05 10:45:00-05:00,15937.0,stop_1m,-83.5,matched,-112.5,-112.5,21.0,-246.0,<=-40,winner_to_loser,target_not_reached_on_1min_path,True,False,True,True,target_not_reached_effect,,,,,,,,,,,,,,,,,,,,,,,,
long|2023-12-06 09:30:00-0500,long,2023-12-06 09:30:00-05:00,2023-12-06 10:30:00-05:00,15897.0,2023-12-06 11:30:00-05:00,15875.75,stop,-45.0,1.0,15876.0,15972.5,2023-12-06 10:31:00-05:00,15906.25,2023-12-06 11:33:00-05:00,15875.75,stop_1m,-63.5,62.0,15876.0,15981.75,2023-12-06 12:31:00-05:00,2023-12-06,1.0,2.5,15876.0,2023-12-06 10:31:00-05:00,15906.25,2023-12-06 11:33:00-05:00,15875.75,stop_1m,-63.5,matched,-18.5,-18.5,-37.0,0.0,-20:-10,exit_reason_changed,same_entry_different_exit,False,False,False,True,residual_unexplained,,,,,,,,,,,,,,,,,,,,,,,,
short|2023-12-07 09:30:00-0500,short,2023-12-07 09:30:00-05:00,2023-12-07 10:30:00-05:00,15992.25,2023-12-07 11:30:00-05:00,15997.5,stop,-13.0,1.0,15997.25,15918.725,2023-12-07 10:31:00-05:00,15995.0,2023-12-07 10:31:00-05:00,15997.5,stop_1m,-7.5,0.0,15997.25,15921.475,2023-12-07 12:31:00-05:00,2023-12-07,1.0,2.5,15997.25,2023-12-07 10:31:00-05:00,15995.0,2023-12-07 10:36:00-05:00,15997.5,stop_1m,-7.5,matched,5.5,5.5,11.0,-0.0,5:10,exit_reason_changed,same_entry_different_exit,False,False,False,True,residual_unexplained,,,,,,,,,,,,,,,,,,,,,,,,
long|2023-12-20 14:30:00-0500,long,2023-12-20 14:30:00-05:00,2023-12-20 15:30:00-05:00,16793.5,2023-12-21 09:30:00-05:00,16860.7875,target,132.0749999999971,1.0,16788.0,16861.0375,2023-12-20 15:31:00-05:00,16811.75,2023-12-20 15:34:00-05:00,16787.75,stop_1m,-50.5,3.0,16788.0,16879.2875,2023-12-20 17:31:00-05:00,2023-12-20,1.0,2.5,16788.0,2023-12-20 15:31:00-05:00,16811.75,2023-12-20 15:34:00-05:00,16787.75,stop_1m,-50.5,matched,-182.5749999999971,-182.5749999999971,-73.0,-292.1499999999942,<=-40,winner_to_loser,worse_entry_price,True,False,True,True,entry_price_effect,,,,,,,,,,,,,,,,,,,,,,,,
long|2023-12-29 10:30:00-0500,long,2023-12-29 10:30:00-05:00,2023-12-29 11:30:00-05:00,16943.75,2023-12-29 12:30:00-05:00,16988.7875,target,87.57499999999709,1.0,16940.0,16989.0375,2023-12-29 11:31:00-05:00,16954.0,2023-12-29 11:32:00-05:00,16939.75,stop_1m,-31.0,1.0,16940.0,16999.2875,2023-12-29 13:31:00-05:00,2023-12-29,1.0,2.5,16940.0,2023-12-29 11:31:00-05:00,16954.0,2023-12-29 11:32:00-05:00,16939.75,stop_1m,-31.0,matched,-118.57499999999709,-118.57499999999709,-41.0,-196.14999999999418,<=-40,winner_to_loser,worse_entry_price,True,False,True,True,entry_price_effect,,,,,,,,,,,,,,,,,,,,,,,,
long|2024-01-02 09:30:00-0500,long,2024-01-02 09:30:00-05:00,2024-01-02 10:30:00-05:00,16723.75,2024-01-02 11:30:00-05:00,16784.5875,target,119.17500000000292,1.0,16716.75,16784.8375,,,,,,,,,,,,,,,,,,,,,baseline_only,-119.17500000000292,-119.17500000000292,,,<=-40,baseline_trade_missing_in_hybrid,missing_data_or_alignment,True,False,False,True,removed_or_missing_trades_effect,,,,,,,,,,,,,,,,,,,,,,,,
short|2024-01-05 09:30:00-0500,short,2024-01-05 09:30:00-05:00,2024-01-05 10:30:00-05:00,16538.5,2024-01-05 11:30:00-05:00,16462.6875,target,149.125,1.0,16555.5,16462.4375,2024-01-05 10:31:00-05:00,16533.0,2024-01-05 10:32:00-05:00,16555.75,stop_1m,-48.0,1.0,16555.5,16456.9375,2024-01-05 12:31:00-05:00,2024-01-05,1.0,2.5,16555.5,2024-01-05 10:31:00-05:00,16533.0,2024-01-05 10:32:00-05:00,16555.75,stop_1m,-48.0,matched,-197.125,-197.125,-22.0,-372.25,<=-40,winner_to_loser,worse_entry_price,True,False,True,True,entry_price_effect,,,,,,,,,,,,,,,,,,,,,,,,
short|2024-01-16 09:30:00-0500,short,2024-01-16 09:30:00-05:00,2024-01-16 10:30:00-05:00,16992.0,2024-01-16 11:30:00-05:00,17004.0,stop_ambiguous_first,-26.5,1.0,17003.75,16920.4,2024-01-16 10:31:00-05:00,17001.25,2024-01-16 10:31:00-05:00,17004.0,stop_1m,-8.0,0.0,17003.75,16929.65,2024-01-16 12:31:00-05:00,2024-01-16,1.0,2.5,17003.75,2024-01-16 10:31:00-05:00,17001.25,2024-01-16 10:32:00-05:00,17004.0,stop_1m,-8.0,matched,18.5,18.5,37.0,-0.0,10:20,exit_reason_changed,same_entry_different_exit,False,False,False,True,residual_unexplained,,,,,,,,,,,,,,,,,,,,,,,,
long|2024-02-06 09:30:00-0500,long,2024-02-06 09:30:00-05:00,2024-02-06 10:30:00-05:00,17623.75,2024-02-06 11:30:00-05:00,17597.75,stop,-54.5,1.0,17598.0,17711.8875,2024-02-06 10:31:00-05:00,17631.0,2024-02-06 11:46:00-05:00,17597.75,stop_1m,-69.0,75.0,17598.0,17719.1375,2024-02-06 12:31:00-05:00,2024-02-06,1.0,2.5,17598.0,2024-02-06 10:31:00-05:00,17631.0,2024-02-06 11:46:00-05:00,17597.75,stop_1m,-69.0,matched,-14.5,-14.5,-29.0,0.0,-20:-10,exit_reason_changed,same_entry_different_exit,False,False,False,True,residual_unexplained,,,,,,,,,,,,,,,,,,,,,,,,
short|2024-02-13 09:30:00-0500,short,2024-02-13 09:30:00-05:00,2024-02-13 10:30:00-05:00,17741.75,2024-02-13 11:30:00-05:00,17742.75,stop,-4.5,1.0,17742.5,17674.5375,,,,,,,,,,,,,,,,,,,,,baseline_only,4.5,4.5,,,-5:5,baseline_trade_missing_in_hybrid,missing_data_or_alignment,False,False,False,True,removed_or_missing_trades_effect,,,,,,,,,,,,,,,,,,,,,,,,
long|2024-02-16 09:30:00-0500,long,2024-02-16 09:30:00-05:00,2024-02-16 10:30:00-05:00,17768.25,2024-02-16 11:30:00-05:00,17857.9625,target,176.9250000000029,1.0,17713.75,17858.2125,2024-02-16 10:31:00-05:00,17762.0,2024-02-16 11:12:00-05:00,17851.7125,target_1m,176.9250000000029,41.0,17713.75,17851.9625,2024-02-16 12:31:00-05:00,2024-02-16,1.0,2.5,17713.75,2024-02-16 10:31:00-05:00,17762.0,2024-02-16 11:12:00-05:00,17851.7125,target_1m,176.9250000000029,matched,0.0,0.0,25.0,-25.0,-5:5,exit_reason_changed,same_entry_different_exit,True,True,False,True,residual_unexplained,,,,,,,,,,,,,,,,,,,,,,,,
long|2024-02-20 09:30:00-0500,long,2024-02-20 09:30:00-05:00,2024-02-20 10:30:00-05:00,17509.0,2024-02-20 11:30:00-05:00,17503.5,stop,-13.5,1.0,17503.75,17592.8375,,,,,,,,,,,,,,,,,,,,,baseline_only,13.5,13.5,,,10:20,baseline_trade_missing_in_hybrid,missing_data_or_alignment,False,False,False,True,removed_or_missing_trades_effect,,,,,,,,,,,,,,,,,,,,,,,,
short|2024-03-01 09:30:00-0500,short,2024-03-01 09:30:00-05:00,2024-03-01 10:30:00-05:00,18179.75,2024-03-01 11:30:00-05:00,18197.0,stop,-37.0,1.0,18196.75,18110.2125,2024-03-01 10:31:00-05:00,18166.5,2024-03-01 10:56:00-05:00,18197.0,stop_1m,-63.5,25.0,18196.75,18096.9625,2024-03-01 12:31:00-05:00,2024-03-01,1.0,2.5,18196.75,2024-03-01 10:31:00-05:00,18166.5,2024-03-01 10:56:00-05:00,18197.0,stop_1m,-63.5,matched,-26.5,-26.5,-53.0,-0.0,-40:-20,exit_reason_changed,same_entry_different_exit,False,False,False,True,residual_unexplained,,,,,,,,,,,,,,,,,,,,,,,,
long|2024-03-05 09:30:00-0500,long,2024-03-05 09:30:00-05:00,2024-03-05 10:30:00-05:00,17962.25,2024-03-05 11:30:00-05:00,17951.75,stop,-23.5,1.0,17952.0,18036.85,,,,,,,,,,,,,,,,,,,,,baseline_only,23.5,23.5,,,20:40,baseline_trade_missing_in_hybrid,missing_data_or_alignment,False,False,False,True,removed_or_missing_trades_effect,,,,,,,,,,,,,,,,,,,,,,,,
long|2024-03-06 09:30:00-0500,long,2024-03-06 09:30:00-05:00,2024-03-06 10:30:00-05:00,18017.5,2024-03-06 11:30:00-05:00,18094.25,target,151.0,1.0,17963.5,18094.5,2024-03-06 10:31:00-05:00,18010.25,2024-03-06 11:00:00-05:00,18087.0,target_1m,151.0,29.0,17963.5,18087.25,2024-03-06 12:31:00-05:00,2024-03-06,1.0,2.5,17963.5,2024-03-06 10:31:00-05:00,18010.25,2024-03-06 11:00:00-05:00,18087.0,target_1m,151.0,matched,0.0,0.0,29.0,-29.0,-5:5,exit_reason_changed,same_entry_different_exit,True,True,False,True,residual_unexplained,,,,,,,,,,,,,,,,,,,,,,,,
long|2024-03-08 10:30:00-0500,long,2024-03-08 10:30:00-05:00,2024-03-08 11:30:00-05:00,18199.25,2024-03-08 12:30:00-05:00,18191.25,stop,-18.5,1.0,18191.5,18299.7125,,,,,,,,,,,,,,,,,,,,,baseline_only,18.5,18.5,,,10:20,baseline_trade_missing_in_hybrid,missing_data_or_alignment,False,False,False,True,removed_or_missing_trades_effect,,,,,,,,,,,,,,,,,,,,,,,,
short|2024-03-20 14:30:00-0400,short,2024-03-20 14:30:00-04:00,2024-03-20 15:30:00-04:00,18486.0,2024-03-21 09:30:00-04:00,18491.5,stop,-13.5,1.0,18491.25,18390.175,2024-03-20 15:31:00-04:00,18490.75,2024-03-20 15:31:00-04:00,18491.5,stop_1m,-4.0,0.0,18491.25,18394.925,2024-03-20 17:31:00-04:00,2024-03-20,1.0,2.5,18491.25,2024-03-20 15:31:00-04:00,18490.75,2024-03-20 15:32:00-04:00,18491.5,stop_1m,-4.0,matched,9.5,9.5,19.0,-0.0,5:10,exit_reason_changed,same_entry_different_exit,False,False,False,True,residual_unexplained,,,,,,,,,,,,,,,,,,,,,,,,
long|2024-03-27 09:30:00-0400,long,2024-03-27 09:30:00-04:00,2024-03-27 10:30:00-04:00,18415.0,2024-03-27 12:30:00-04:00,18427.25,time_stop,22.0,2.0,18378.5,18477.3,2024-03-27 10:31:00-04:00,18424.25,2024-03-27 12:31:00-04:00,18435.5,time_stop_1m,20.0,120.0,18378.5,18486.55,2024-03-27 12:31:00-04:00,2024-03-27,1.0,2.5,18378.5,2024-03-27 10:31:00-04:00,18424.25,2024-03-27 12:31:00-04:00,18435.5,time_stop_1m,20.0,matched,-2.0,-2.0,-37.0,33.0,-5:5,exit_reason_changed,same_entry_different_exit,True,True,False,True,residual_unexplained,,,,,,,,,,,,,,,,,,,,,,,,
long|2024-04-04 14:30:00-0400,long,2024-04-04 14:30:00-04:00,2024-04-04 15:30:00-04:00,18109.75,2024-04-05 09:30:00-04:00,18106.25,stop_ambiguous_first,-9.5,1.0,18106.5,18206.0625,2024-04-04 15:31:00-04:00,18112.5,2024-04-04 15:38:00-04:00,18106.25,stop_1m,-15.0,7.0,18106.5,18208.8125,2024-04-04 17:31:00-04:00,2024-04-04,1.0,2.5,18106.5,2024-04-04 15:31:00-04:00,18112.5,2024-04-04 15:38:00-04:00,18106.25,stop_1m,-15.0,matched,-5.5,-5.5,-11.0,0.0,-10:-5,exit_reason_changed,same_entry_different_exit,False,False,False,True,residual_unexplained,,,,,,,,,,,,,,,,,,,,,,,,
long|2024-04-09 09:30:00-0400,long,2024-04-09 09:30:00-04:00,2024-04-09 10:30:00-04:00,18282.75,2024-04-09 11:30:00-04:00,18270.25,stop,-27.5,1.0,18270.5,18376.5875,,,,,,,,,,,,,,,,,,,,,baseline_only,27.5,27.5,,,20:40,baseline_trade_missing_in_hybrid,missing_data_or_alignment,False,False,False,True,removed_or_missing_trades_effect,,,,,,,,,,,,,,,,,,,,,,,,
long|2024-04-19 09:30:00-0400,long,2024-04-19 09:30:00-04:00,2024-04-19 10:30:00-04:00,17376.75,2024-04-19 11:30:00-04:00,17341.25,stop,-73.5,1.0,17341.5,17479.0875,2024-04-19 10:31:00-04:00,17388.5,2024-04-19 11:19:00-04:00,17341.25,stop_1m,-97.0,48.0,17341.5,17490.8375,2024-04-19 12:31:00-04:00,2024-04-19,1.0,2.5,17341.5,2024-04-19 10:31:00-04:00,17388.5,2024-04-19 11:19:00-04:00,17341.25,stop_1m,-97.0,matched,-23.5,-23.5,-47.0,0.0,-40:-20,exit_reason_changed,same_entry_different_exit,False,False,False,True,residual_unexplained,,,,,,,,,,,,,,,,,,,,,,,,
short|2024-04-23 09:30:00-0400,short,2024-04-23 09:30:00-04:00,2024-04-23 10:30:00-04:00,17565.0,2024-04-23 11:30:00-04:00,17571.0,stop,-14.5,1.0,17570.75,17453.1375,,,,,,,,,,,,,,,,,,,,,baseline_only,14.5,14.5,,,10:20,baseline_trade_missing_in_hybrid,missing_data_or_alignment,False,False,False,True,removed_or_missing_trades_effect,,,,,,,,,,,,,,,,,,,,,,,,
short|2024-04-25 09:30:00-0400,short,2024-04-25 09:30:00-04:00,2024-04-25 10:30:00-04:00,17432.0,2024-04-25 11:30:00-04:00,17448.0,stop,-34.5,1.0,17447.75,17330.675,2024-04-25 10:31:00-04:00,17428.75,2024-04-25 12:21:00-04:00,17448.0,stop_1m,-41.0,110.0,17447.75,17327.425,2024-04-25 12:31:00-04:00,2024-04-25,1.0,2.5,17447.75,2024-04-25 10:31:00-04:00,17428.75,2024-04-25 12:21:00-04:00,17448.0,stop_1m,-41.0,matched,-6.5,-6.5,-13.0,-0.0,-10:-5,exit_reason_changed,same_entry_different_exit,False,False,False,True,residual_unexplained,,,,,,,,,,,,,,,,,,,,,,,,
short|2024-05-14 09:30:00-0400,short,2024-05-14 09:30:00-04:00,2024-05-14 10:30:00-04:00,18364.0,2024-05-14 11:30:00-04:00,18312.025,target,101.44999999999708,1.0,18371.5,18311.775,2024-05-14 10:31:00-04:00,18369.5,2024-05-14 10:31:00-04:00,18371.75,stop_1m,-7.0,0.0,18371.5,18317.275,2024-05-14 12:31:00-04:00,2024-05-14,1.0,2.5,18371.5,2024-05-14 10:31:00-04:00,18369.5,2024-05-14 10:36:00-04:00,18317.525,target_1m,101.44999999999708,matched,-108.44999999999708,0.0,22.0,-238.89999999999418,<=-40,winner_to_loser,target_not_reached_on_1min_path,True,False,True,True,target_not_reached_effect,,,,,,,,,,,,,,,,,,,,,,,,
long|2024-05-23 09:30:00-0400,long,2024-05-23 09:30:00-04:00,2024-05-23 10:30:00-04:00,18893.75,2024-05-23 12:30:00-04:00,18837.75,stop,-114.5,2.0,18838.0,18949.7625,2024-05-23 10:31:00-04:00,18876.5,2024-05-23 10:54:00-04:00,18837.75,stop_1m,-80.0,23.0,18838.0,18932.5125,2024-05-23 12:31:00-04:00,2024-05-23,1.0,2.5,18838.0,2024-05-23 10:31:00-04:00,18876.5,2024-05-23 10:54:00-04:00,18837.75,stop_1m,-80.0,matched,34.5,34.5,69.0,0.0,20:40,exit_reason_changed,same_entry_different_exit,False,False,False,True,residual_unexplained,,,,,,,,,,,,,,,,,,,,,,,,
long|2024-05-23 13:30:00-0400,long,2024-05-23 13:30:00-04:00,2024-05-23 14:30:00-04:00,18680.0,2024-05-23 15:30:00-04:00,18666.0,stop,-30.5,1.0,18666.25,18750.3875,2024-05-23 14:31:00-04:00,18674.0,2024-05-23 14:31:00-04:00,18666.0,stop_1m,-18.5,0.0,18666.25,18744.3875,2024-05-23 16:31:00-04:00,2024-05-23,1.0,2.5,18666.25,2024-05-23 14:31:00-04:00,18674.0,2024-05-23 14:32:00-04:00,18666.0,stop_1m,-18.5,matched,12.0,12.0,24.0,0.0,10:20,exit_reason_changed,same_entry_different_exit,False,False,False,True,residual_unexplained,,,,,,,,,,,,,,,,,,,,,,,,
short|2024-05-24 09:30:00-0400,short,2024-05-24 09:30:00-04:00,2024-05-24 10:30:00-04:00,18833.0,2024-05-24 11:30:00-04:00,18838.25,stop,-13.0,1.0,18838.0,18756.7625,2024-05-24 10:31:00-04:00,18830.75,2024-05-24 10:31:00-04:00,18838.25,stop_1m,-17.5,0.0,18838.0,18754.5125,2024-05-24 12:31:00-04:00,2024-05-24,1.0,2.5,18838.0,2024-05-24 10:31:00-04:00,18830.75,2024-05-24 10:32:00-04:00,18838.25,stop_1m,-17.5,matched,-4.5,-4.5,-9.0,-0.0,-5:5,exit_reason_changed,same_entry_different_exit,False,False,False,True,residual_unexplained,,,,,,,,,,,,,,,,,,,,,,,,
short|2024-05-29 09:30:00-0400,short,2024-05-29 09:30:00-04:00,2024-05-29 10:30:00-04:00,18852.25,2024-05-29 12:30:00-04:00,18868.0,stop,-34.0,2.0,18867.75,18784.6,2024-05-29 10:31:00-04:00,18857.75,2024-05-29 10:32:00-04:00,18868.0,stop_1m,-23.0,1.0,18867.75,18790.1,2024-05-29 12:31:00-04:00,2024-05-29,1.0,2.5,18867.75,2024-05-29 10:31:00-04:00,18857.75,2024-05-29 10:32:00-04:00,18868.0,stop_1m,-23.0,matched,11.0,11.0,22.0,-0.0,10:20,exit_reason_changed,same_entry_different_exit,False,False,False,True,residual_unexplained,,,,,,,,,,,,,,,,,,,,,,,,
long|2024-05-30 09:30:00-0400,long,2024-05-30 09:30:00-04:00,2024-05-30 10:30:00-04:00,18718.75,2024-05-30 11:30:00-04:00,18684.0,stop,-72.0,1.0,18684.25,18782.475,2024-05-30 10:31:00-04:00,18720.25,2024-05-30 10:35:00-04:00,18684.0,stop_1m,-75.0,4.0,18684.25,18783.975,2024-05-30 12:31:00-04:00,2024-05-30,1.0,2.5,18684.25,2024-05-30 10:31:00-04:00,18720.25,2024-05-30 10:35:00-04:00,18684.0,stop_1m,-75.0,matched,-3.0,-3.0,-6.0,0.0,-5:5,exit_reason_changed,same_entry_different_exit,False,False,False,True,residual_unexplained,,,,,,,,,,,,,,,,,,,,,,,,
long|2024-05-31 09:30:00-0400,long,2024-05-31 09:30:00-04:00,2024-05-31 10:30:00-04:00,18421.25,2024-05-31 11:30:00-04:00,18416.0,stop,-13.0,1.0,18416.25,18501.2375,,,,,,,,,,,,,,,,,,,,,baseline_only,13.0,13.0,,,10:20,baseline_trade_missing_in_hybrid,missing_data_or_alignment,False,False,False,True,removed_or_missing_trades_effect,,,,,,,,,,,,,,,,,,,,,,,,
short|2024-06-27 09:30:00-0400,short,2024-06-27 09:30:00-04:00,2024-06-27 10:30:00-04:00,20080.0,2024-06-27 11:30:00-04:00,19998.0125,target,161.47499999999854,1.0,20116.5,19997.7625,2024-06-27 10:31:00-04:00,20074.0,2024-06-27 11:28:00-04:00,19992.0125,target_1m,161.47499999999854,57.0,20116.5,19991.7625,2024-06-27 12:31:00-04:00,2024-06-27,1.0,2.5,20116.5,2024-06-27 10:31:00-04:00,20074.0,2024-06-27 11:28:00-04:00,19992.0125,target_1m,161.47499999999854,matched,0.0,0.0,-24.0,24.0,-5:5,exit_reason_changed,same_entry_different_exit,True,True,False,True,residual_unexplained,,,,,,,,,,,,,,,,,,,,,,,,
short|2024-06-28 09:30:00-0400,short,2024-06-28 09:30:00-04:00,2024-06-28 10:30:00-04:00,20215.25,2024-06-28 11:30:00-04:00,20132.8875,target,162.22499999999854,1.0,20273.25,20132.6375,2024-06-28 10:31:00-04:00,20228.5,2024-06-28 10:54:00-04:00,20146.1375,target_1m,162.22499999999854,23.0,20273.25,20145.8875,2024-06-28 12:31:00-04:00,2024-06-28,1.0,2.5,20273.25,2024-06-28 10:31:00-04:00,20228.5,2024-06-28 10:54:00-04:00,20146.1375,target_1m,162.22499999999854,matched,0.0,0.0,53.0,-53.0,-5:5,exit_reason_changed,same_entry_different_exit,True,True,False,True,residual_unexplained,,,,,,,,,,,,,,,,,,,,,,,,
short|2024-07-02 09:30:00-0400,short,2024-07-02 09:30:00-04:00,2024-07-02 10:30:00-04:00,20058.0,2024-07-02 11:30:00-04:00,20096.75,stop,-80.0,1.0,20096.5,19963.6875,2024-07-02 10:31:00-04:00,20075.25,2024-07-02 10:40:00-04:00,20096.75,stop_1m,-45.5,9.0,20096.5,19980.9375,2024-07-02 12:31:00-04:00,2024-07-02,1.0,2.5,20096.5,2024-07-02 10:31:00-04:00,20075.25,2024-07-02 10:40:00-04:00,20096.75,stop_1m,-45.5,matched,34.5,34.5,69.0,-0.0,20:40,exit_reason_changed,same_entry_different_exit,False,False,False,True,residual_unexplained,,,,,,,,,,,,,,,,,,,,,,,,
long|2024-07-11 09:30:00-0400,long,2024-07-11 09:30:00-04:00,2024-07-11 10:30:00-04:00,20691.75,2024-07-11 11:30:00-04:00,20656.0,stop,-74.0,1.0,20656.25,20759.8,2024-07-11 10:31:00-04:00,20720.75,2024-07-11 10:43:00-04:00,20656.0,stop_1m,-132.0,12.0,20656.25,20788.8,2024-07-11 12:31:00-04:00,2024-07-11,1.0,2.5,20656.25,2024-07-11 10:31:00-04:00,20720.75,2024-07-11 10:43:00-04:00,20656.0,stop_1m,-132.0,matched,-58.0,-58.0,-116.0,0.0,<=-40,exit_reason_changed,same_entry_different_exit,False,False,False,True,residual_unexplained,,,,,,,,,,,,,,,,,,,,,,,,
short|2024-07-12 09:30:00-0400,short,2024-07-12 09:30:00-04:00,2024-07-12 10:30:00-04:00,20550.25,2024-07-12 11:30:00-04:00,20587.0,stop,-76.0,1.0,20586.75,20461.0375,2024-07-12 10:31:00-04:00,20554.75,2024-07-12 10:33:00-04:00,20587.0,stop_1m,-67.0,2.0,20586.75,20465.5375,2024-07-12 12:31:00-04:00,2024-07-12,1.0,2.5,20586.75,2024-07-12 10:31:00-04:00,20554.75,2024-07-12 10:33:00-04:00,20587.0,stop_1m,-67.0,matched,9.0,9.0,18.0,-0.0,5:10,exit_reason_changed,same_entry_different_exit,False,False,False,True,residual_unexplained,,,,,,,,,,,,,,,,,,,,,,,,
long|2024-07-16 09:30:00-0400,long,2024-07-16 09:30:00-04:00,2024-07-16 10:30:00-04:00,20523.75,2024-07-16 11:30:00-04:00,20485.25,stop,-79.5,1.0,20485.5,20635.8,2024-07-16 10:31:00-04:00,20534.25,2024-07-16 12:17:00-04:00,20485.25,stop_1m,-100.5,106.0,20485.5,20646.3,2024-07-16 12:31:00-04:00,2024-07-16,1.0,2.5,20485.5,2024-07-16 10:31:00-04:00,20534.25,2024-07-16 12:17:00-04:00,20485.25,stop_1m,-100.5,matched,-21.0,-21.0,-42.0,0.0,-40:-20,exit_reason_changed,same_entry_different_exit,False,False,False,True,residual_unexplained,,,,,,,,,,,,,,,,,,,,,,,,
long|2024-07-17 09:30:00-0400,long,2024-07-17 09:30:00-04:00,2024-07-17 10:30:00-04:00,20131.25,2024-07-17 11:30:00-04:00,20097.75,stop,-69.5,1.0,20098.0,20253.1875,2024-07-17 10:31:00-04:00,20135.25,2024-07-17 11:05:00-04:00,20097.75,stop_1m,-77.5,34.0,20098.0,20257.1875,2024-07-17 12:31:00-04:00,2024-07-17,1.0,2.5,20098.0,2024-07-17 10:31:00-04:00,20135.25,2024-07-17 11:05:00-04:00,20097.75,stop_1m,-77.5,matched,-8.0,-8.0,-16.0,0.0,-10:-5,exit_reason_changed,same_entry_different_exit,False,False,False,True,residual_unexplained,,,,,,,,,,,,,,,,,,,,,,,,
long|2024-07-18 10:30:00-0400,long,2024-07-18 10:30:00-04:00,2024-07-18 11:30:00-04:00,19821.75,2024-07-18 12:30:00-04:00,19944.25,target,242.5,1.0,19816.25,19944.5,2024-07-18 11:31:00-04:00,19832.75,2024-07-18 11:31:00-04:00,19816.0,stop_1m,-36.0,0.0,19816.25,19955.5,2024-07-18 13:31:00-04:00,2024-07-18,1.0,2.5,19816.25,2024-07-18 11:31:00-04:00,19832.75,2024-07-18 11:32:00-04:00,19816.0,stop_1m,-36.0,matched,-278.5,-278.5,-44.0,-513.0,<=-40,winner_to_loser,worse_entry_price,True,False,True,True,entry_price_effect,,,,,,,,,,,,,,,,,,,,,,,,
short|2024-08-23 09:30:00-0400,short,2024-08-23 09:30:00-04:00,2024-08-23 10:30:00-04:00,19882.25,2024-08-23 11:30:00-04:00,19770.4625,target,221.0749999999971,1.0,19903.25,19770.2125,2024-08-23 10:31:00-04:00,19884.5,2024-08-23 10:46:00-04:00,19772.7125,target_1m,221.0749999999971,15.0,19903.25,19772.4625,2024-08-23 12:31:00-04:00,2024-08-23,1.0,2.5,19903.25,2024-08-23 10:31:00-04:00,19884.5,2024-08-23 10:46:00-04:00,19772.7125,target_1m,221.0749999999971,matched,0.0,0.0,9.0,-9.0,-5:5,exit_reason_changed,same_entry_different_exit,True,True,False,True,residual_unexplained,,,,,,,,,,,,,,,,,,,,,,,,
short|2024-08-27 09:30:00-0400,short,2024-08-27 09:30:00-04:00,2024-08-27 10:30:00-04:00,19630.5,2024-08-27 11:30:00-04:00,19634.5,stop,-10.5,1.0,19634.25,19499.9,,,,,,,,,,,,,,,,,,,,,baseline_only,10.5,10.5,,,10:20,baseline_trade_missing_in_hybrid,missing_data_or_alignment,False,False,False,True,removed_or_missing_trades_effect,,,,,,,,,,,,,,,,,,,,,,,,
long|2024-09-03 09:30:00-0400,long,2024-09-03 09:30:00-04:00,2024-09-03 10:30:00-04:00,19317.25,2024-09-03 11:30:00-04:00,19282.75,stop,-71.5,1.0,19283.0,19439.3125,2024-09-03 10:31:00-04:00,19296.5,2024-09-03 10:31:00-04:00,19282.75,stop_1m,-30.0,0.0,19283.0,19418.5625,2024-09-03 12:31:00-04:00,2024-09-03,1.0,2.5,19283.0,2024-09-03 10:31:00-04:00,19296.5,2024-09-03 10:32:00-04:00,19282.75,stop_1m,-30.0,matched,41.5,41.5,83.0,0.0,>=40,exit_reason_changed,same_entry_different_exit,False,False,False,True,residual_unexplained,,,,,,,,,,,,,,,,,,,,,,,,
short|2024-09-04 09:30:00-0400,short,2024-09-04 09:30:00-04:00,2024-09-04 10:30:00-04:00,18992.25,2024-09-04 11:30:00-04:00,19001.75,stop,-21.5,1.0,19001.5,18876.6,,,,,,,,,,,,,,,,,,,,,baseline_only,21.5,21.5,,,20:40,baseline_trade_missing_in_hybrid,missing_data_or_alignment,False,False,False,True,removed_or_missing_trades_effect,,,,,,,,,,,,,,,,,,,,,,,,
long|2024-09-06 09:30:00-0400,long,2024-09-06 09:30:00-04:00,2024-09-06 10:30:00-04:00,18641.75,2024-09-06 11:30:00-04:00,18639.75,stop,-6.5,1.0,18640.0,18774.4,2024-09-06 10:31:00-04:00,18641.25,2024-09-06 10:31:00-04:00,18639.75,stop_1m,-5.5,0.0,18640.0,18773.9,2024-09-06 12:31:00-04:00,2024-09-06,1.0,2.5,18640.0,2024-09-06 10:31:00-04:00,18641.25,2024-09-06 10:32:00-04:00,18639.75,stop_1m,-5.5,matched,1.0,1.0,2.0,0.0,-5:5,exit_reason_changed,same_entry_different_exit,False,False,False,True,residual_unexplained,,,,,,,,,,,,,,,,,,,,,,,,
long|2024-09-11 09:30:00-0400,long,2024-09-11 09:30:00-04:00,2024-09-11 10:30:00-04:00,18655.75,2024-09-11 11:30:00-04:00,18776.375,target,238.75,1.0,18643.5,18776.625,,,,,,,,,,,,,,,,,,,,,baseline_only,-238.75,-238.75,,,<=-40,baseline_trade_missing_in_hybrid,missing_data_or_alignment,True,False,False,True,removed_or_missing_trades_effect,,,,,,,,,,,,,,,,,,,,,,,,
long|2024-09-24 09:30:00-0400,long,2024-09-24 09:30:00-04:00,2024-09-24 10:30:00-04:00,19987.75,2024-09-24 11:30:00-04:00,20123.7375,target,269.47499999999854,1.0,19963.75,20123.9875,2024-09-24 10:31:00-04:00,19983.25,2024-09-24 10:40:00-04:00,19963.5,stop_1m,-42.0,9.0,19963.75,20119.4875,2024-09-24 12:31:00-04:00,2024-09-24,1.0,2.5,19963.75,2024-09-24 10:31:00-04:00,19983.25,2024-09-24 10:40:00-04:00,19963.5,stop_1m,-42.0,matched,-311.47499999999854,-311.47499999999854,18.0,-640.9499999999971,<=-40,winner_to_loser,target_not_reached_on_1min_path,True,False,True,True,target_not_reached_effect,,,,,,,,,,,,,,,,,,,,,,,,
short|2024-09-25 09:30:00-0400,short,2024-09-25 09:30:00-04:00,2024-09-25 10:30:00-04:00,20226.75,2024-09-25 12:30:00-04:00,20137.575,target,175.84999999999854,2.0,20272.75,20137.325,2024-09-25 10:31:00-04:00,20226.75,2024-09-25 12:31:00-04:00,20202.75,time_stop_1m,45.5,120.0,20272.75,20137.325,2024-09-25 12:31:00-04:00,2024-09-25,1.0,2.5,20272.75,2024-09-25 10:31:00-04:00,20226.75,2024-09-25 12:31:00-04:00,20202.75,time_stop_1m,45.5,matched,-130.34999999999854,-130.34999999999854,-0.0,-260.6999999999971,<=-40,time_stop_changed,time_stop_conversion_effect,True,True,False,True,time_stop_effect,,,,,,,,,,,,,,,,,,,,,,,,
long|2024-09-26 09:30:00-0400,long,2024-09-26 09:30:00-04:00,2024-09-26 10:30:00-04:00,20346.0,2024-09-26 11:30:00-04:00,20338.0,stop,-18.5,1.0,20338.25,20431.9625,2024-09-26 10:31:00-04:00,20347.0,2024-09-26 10:31:00-04:00,20338.0,stop_1m,-20.5,0.0,20338.25,20432.9625,2024-09-26 12:31:00-04:00,2024-09-26,1.0,2.5,20338.25,2024-09-26 10:31:00-04:00,20347.0,2024-09-26 10:32:00-04:00,20338.0,stop_1m,-20.5,matched,-2.0,-2.0,-4.0,0.0,-5:5,exit_reason_changed,same_entry_different_exit,False,False,False,True,residual_unexplained,,,,,,,,,,,,,,,,,,,,,,,,
long|2024-09-26 10:30:00-0400,long,2024-09-26 10:30:00-04:00,,,,,,,,,,2024-09-26 11:31:00-04:00,20233.25,2024-09-26 11:59:00-04:00,20323.55,target_1m,178.09999999999854,28.0,20188.0,20323.8,2024-09-26 13:31:00-04:00,2024-09-26,1.0,2.5,20188.0,2024-09-26 11:31:00-04:00,20233.25,2024-09-26 11:59:00-04:00,20323.55,target_1m,178.09999999999854,hybrid_only,178.09999999999854,178.09999999999854,,,>=40,hybrid_trade_missing_in_baseline,missing_data_or_alignment,False,True,False,True,removed_or_missing_trades_effect,,,,,,,,,,,,,,,,,,,,,,,,
long|2024-10-01 09:30:00-0400,long,2024-10-01 09:30:00-04:00,2024-10-01 10:30:00-04:00,19906.25,2024-10-01 11:30:00-04:00,19881.75,stop,-51.5,1.0,19882.0,20008.6,2024-10-01 10:31:00-04:00,19887.75,2024-10-01 10:31:00-04:00,19881.75,stop_1m,-14.5,0.0,19882.0,19990.1,2024-10-01 12:31:00-04:00,2024-10-01,1.0,2.5,19882.0,2024-10-01 10:31:00-04:00,19887.75,2024-10-01 10:32:00-04:00,19881.75,stop_1m,-14.5,matched,37.0,37.0,74.0,0.0,20:40,exit_reason_changed,same_entry_different_exit,False,False,False,True,residual_unexplained,,,,,,,,,,,,,,,,,,,,,,,,
long|2024-10-04 09:30:00-0400,long,2024-10-04 09:30:00-04:00,2024-10-04 10:30:00-04:00,20039.25,2024-10-04 12:30:00-04:00,20151.2375,target,221.47499999999852,2.0,20013.0,20151.4875,2024-10-04 10:31:00-04:00,20036.25,2024-10-04 11:01:00-04:00,20148.2375,target_1m,221.47499999999852,30.0,20013.0,20148.4875,2024-10-04 12:31:00-04:00,2024-10-04,1.0,2.5,20013.0,2024-10-04 10:31:00-04:00,20036.25,2024-10-04 11:01:00-04:00,20148.2375,target_1m,221.47499999999852,matched,0.0,0.0,12.0,-12.0,-5:5,exit_reason_changed,same_entry_different_exit,True,True,False,True,residual_unexplained,,,,,,,,,,,,,,,,,,,,,,,,
long|2024-10-15 10:30:00-0400,long,2024-10-15 10:30:00-04:00,2024-10-15 11:30:00-04:00,20397.0,2024-10-15 13:30:00-04:00,20363.25,time_stop,-70.0,2.0,20331.5,20481.8875,2024-10-15 11:31:00-04:00,20400.75,2024-10-15 13:31:00-04:00,20351.75,time_stop_1m,-100.5,120.0,20331.5,20485.6375,2024-10-15 13:31:00-04:00,2024-10-15,1.0,2.5,20331.5,2024-10-15 11:31:00-04:00,20400.75,2024-10-15 13:31:00-04:00,20351.75,time_stop_1m,-100.5,matched,-30.5,-30.5,-15.0,-46.0,-40:-20,exit_reason_changed,same_entry_different_exit,False,False,False,True,residual_unexplained,,,,,,,,,,,,,,,,,,,,,,,,
long|2024-10-17 09:30:00-0400,long,2024-10-17 09:30:00-04:00,2024-10-17 10:30:00-04:00,20444.0,2024-10-17 12:30:00-04:00,20472.5,time_stop,54.5,2.0,20365.25,20531.125,2024-10-17 10:31:00-04:00,20442.5,2024-10-17 12:31:00-04:00,20471.75,time_stop_1m,56.0,120.0,20365.25,20529.625,2024-10-17 12:31:00-04:00,2024-10-17,1.0,2.5,20365.25,2024-10-17 10:31:00-04:00,20442.5,2024-10-17 12:31:00-04:00,20471.75,time_stop_1m,56.0,matched,1.5,1.5,6.0,-3.0,-5:5,exit_reason_changed,same_entry_different_exit,True,True,False,True,residual_unexplained,,,,,,,,,,,,,,,,,,,,,,,,
long|2024-10-31 09:30:00-0400,long,2024-10-31 09:30:00-04:00,2024-10-31 10:30:00-04:00,20140.75,2024-10-31 11:30:00-04:00,20118.75,stop,-46.5,1.0,20119.0,20229.6,2024-10-31 10:31:00-04:00,20125.0,2024-10-31 10:39:00-04:00,20118.75,stop_1m,-15.0,8.0,20119.0,20213.85,2024-10-31 12:31:00-04:00,2024-10-31,1.0,2.5,20119.0,2024-10-31 10:31:00-04:00,20125.0,2024-10-31 10:39:00-04:00,20118.75,stop_1m,-15.0,matched,31.5,31.5,63.0,0.0,20:40,exit_reason_changed,same_entry_different_exit,False,False,False,True,residual_unexplained,,,,,,,,,,,,,,,,,,,,,,,,
short|2024-11-06 09:30:00-0500,short,2024-11-06 09:30:00-05:00,2024-11-06 10:30:00-05:00,20795.0,2024-11-06 11:30:00-05:00,20807.0,stop,-26.5,1.0,20806.75,20689.8375,2024-11-06 10:31:00-05:00,20798.25,2024-11-06 10:31:00-05:00,20807.0,stop_1m,-20.0,0.0,20806.75,20693.0875,2024-11-06 12:31:00-05:00,2024-11-06,1.0,2.5,20806.75,2024-11-06 10:31:00-05:00,20798.25,2024-11-06 10:32:00-05:00,20807.0,stop_1m,-20.0,matched,6.5,6.5,13.0,-0.0,5:10,exit_reason_changed,same_entry_different_exit,False,False,False,True,residual_unexplained,,,,,,,,,,,,,,,,,,,,,,,,
long|2024-11-15 09:30:00-0500,long,2024-11-15 09:30:00-05:00,2024-11-15 10:30:00-05:00,20589.5,2024-11-15 11:30:00-05:00,20582.25,stop,-17.0,1.0,20582.5,20690.875,2024-11-15 10:31:00-05:00,20598.5,2024-11-15 10:35:00-05:00,20582.25,stop_1m,-35.0,4.0,20582.5,20699.875,2024-11-15 12:31:00-05:00,2024-11-15,1.0,2.5,20582.5,2024-11-15 10:31:00-05:00,20598.5,2024-11-15 10:35:00-05:00,20582.25,stop_1m,-35.0,matched,-18.0,-18.0,-36.0,0.0,-20:-10,exit_reason_changed,same_entry_different_exit,False,False,False,True,residual_unexplained,,,,,,,,,,,,,,,,,,,,,,,,
long|2024-11-20 09:30:00-0500,long,2024-11-20 09:30:00-05:00,2024-11-20 10:30:00-05:00,20519.0,2024-11-20 11:30:00-05:00,20605.775,target,171.0500000000029,1.0,20477.25,20606.025,2024-11-20 10:31:00-05:00,20513.5,2024-11-20 10:45:00-05:00,20600.275,target_1m,171.0500000000029,14.0,20477.25,20600.525,2024-11-20 12:31:00-05:00,2024-11-20,1.0,2.5,20477.25,2024-11-20 10:31:00-05:00,20513.5,2024-11-20 10:45:00-05:00,20600.275,target_1m,171.0500000000029,matched,0.0,0.0,22.0,-22.0,-5:5,exit_reason_changed,same_entry_different_exit,True,True,False,True,residual_unexplained,,,,,,,,,,,,,,,,,,,,,,,,
long|2024-11-21 09:30:00-0500,long,2024-11-21 09:30:00-05:00,2024-11-21 10:30:00-05:00,20529.0,2024-11-21 11:30:00-05:00,20636.675,target,212.84999999999852,1.0,20523.25,20636.925,,,,,,,,,,,,,,,,,,,,,baseline_only,-212.84999999999852,-212.84999999999852,,,<=-40,baseline_trade_missing_in_hybrid,missing_data_or_alignment,True,False,False,True,removed_or_missing_trades_effect,,,,,,,,,,,,,,,,,,,,,,,,
short|2024-12-11 09:30:00-0500,short,2024-12-11 09:30:00-05:00,2024-12-11 10:30:00-05:00,21691.0,2024-12-11 11:30:00-05:00,21736.5,stop,-93.5,1.0,21736.25,21612.075,2024-12-11 10:31:00-05:00,21702.5,2024-12-11 11:14:00-05:00,21736.5,stop_1m,-70.5,43.0,21736.25,21623.575,2024-12-11 12:31:00-05:00,2024-12-11,1.0,2.5,21736.25,2024-12-11 10:31:00-05:00,21702.5,2024-12-11 11:14:00-05:00,21736.5,stop_1m,-70.5,matched,23.0,23.0,46.0,-0.0,20:40,exit_reason_changed,same_entry_different_exit,False,False,False,True,residual_unexplained,,,,,,,,,,,,,,,,,,,,,,,,
long|2024-12-27 09:30:00-0500,long,2024-12-27 09:30:00-05:00,2024-12-27 10:30:00-05:00,21560.5,2024-12-27 11:30:00-05:00,21512.5,stop,-98.5,1.0,21512.75,21694.6375,2024-12-27 10:31:00-05:00,21538.0,2024-12-27 10:33:00-05:00,21512.5,stop_1m,-53.5,2.0,21512.75,21672.1375,2024-12-27 12:31:00-05:00,2024-12-27,1.0,2.5,21512.75,2024-12-27 10:31:00-05:00,21538.0,2024-12-27 10:33:00-05:00,21512.5,stop_1m,-53.5,matched,45.0,45.0,90.0,0.0,>=40,exit_reason_changed,same_entry_different_exit,False,False,False,True,residual_unexplained,,,,,,,,,,,,,,,,,,,,,,,,
long|2024-12-30 09:30:00-0500,long,2024-12-30 09:30:00-05:00,2024-12-30 10:30:00-05:00,21280.25,2024-12-30 11:30:00-05:00,21414.75,target,266.5,1.0,21252.75,21415.0,2024-12-30 10:31:00-05:00,21283.5,2024-12-30 11:20:00-05:00,21418.0,target_1m,266.5,49.0,21252.75,21418.25,2024-12-30 12:31:00-05:00,2024-12-30,1.0,2.5,21252.75,2024-12-30 10:31:00-05:00,21283.5,2024-12-30 11:20:00-05:00,21418.0,target_1m,266.5,matched,0.0,0.0,-13.0,13.0,-5:5,exit_reason_changed,same_entry_different_exit,True,True,False,True,residual_unexplained,,,,,,,,,,,,,,,,,,,,,,,,
long|2025-01-07 09:30:00-0500,long,2025-01-07 09:30:00-05:00,2025-01-07 10:30:00-05:00,21577.25,2025-01-07 11:30:00-05:00,21524.5,stop,-108.0,1.0,21524.75,21706.5875,2025-01-07 10:31:00-05:00,21549.5,2025-01-07 10:31:00-05:00,21524.5,stop_1m,-52.5,0.0,21524.75,21678.8375,2025-01-07 12:31:00-05:00,2025-01-07,1.0,2.5,21524.75,2025-01-07 10:31:00-05:00,21549.5,2025-01-07 10:32:00-05:00,21524.5,stop_1m,-52.5,matched,55.5,55.5,111.0,0.0,>=40,exit_reason_changed,same_entry_different_exit,False,False,False,True,residual_unexplained,,,,,,,,,,,,,,,,,,,,,,,,
long|2025-01-10 09:30:00-0500,long,2025-01-10 09:30:00-05:00,2025-01-10 10:30:00-05:00,21030.75,2025-01-10 12:30:00-05:00,21109.0,time_stop,154.0,2.0,20874.75,21188.025,2025-01-10 10:31:00-05:00,21012.75,2025-01-10 12:31:00-05:00,20957.25,time_stop_1m,-113.5,120.0,20874.75,21170.025,2025-01-10 12:31:00-05:00,2025-01-10,1.0,2.5,20874.75,2025-01-10 10:31:00-05:00,21012.75,2025-01-10 12:31:00-05:00,20957.25,time_stop_1m,-113.5,matched,-267.5,-267.5,72.0,-607.0,<=-40,winner_to_loser,target_not_reached_on_1min_path,True,False,True,True,target_not_reached_effect,,,,,,,,,,,,,,,,,,,,,,,,
long|2025-01-17 09:30:00-0500,long,2025-01-17 09:30:00-05:00,2025-01-17 10:30:00-05:00,21528.5,2025-01-17 12:30:00-05:00,21668.6375,target,277.77500000000146,2.0,21481.0,21668.8875,2025-01-17 10:31:00-05:00,21522.25,2025-01-17 12:31:00-05:00,21625.0,time_stop_1m,203.0,120.0,21481.0,21662.6375,2025-01-17 12:31:00-05:00,2025-01-17,1.0,2.5,21481.0,2025-01-17 10:31:00-05:00,21522.25,2025-01-17 12:31:00-05:00,21625.0,time_stop_1m,203.0,matched,-74.77500000000146,-74.77500000000146,25.0,-174.5500000000029,<=-40,time_stop_changed,time_stop_conversion_effect,True,True,False,True,time_stop_effect,,,,,,,,,,,,,,,,,,,,,,,,
short|2025-01-27 09:30:00-0500,short,2025-01-27 09:30:00-05:00,2025-01-27 10:30:00-05:00,21367.5,2025-01-27 11:30:00-05:00,21265.775,target,200.9499999999971,1.0,21370.5,21265.525,,,,,,,,,,,,,,,,,,,,,baseline_only,-200.9499999999971,-200.9499999999971,,,<=-40,baseline_trade_missing_in_hybrid,missing_data_or_alignment,True,False,False,True,removed_or_missing_trades_effect,,,,,,,,,,,,,,,,,,,,,,,,
short|2025-01-28 09:30:00-0500,short,2025-01-28 09:30:00-05:00,2025-01-28 10:30:00-05:00,21466.5,2025-01-28 11:30:00-05:00,21481.5,stop,-32.5,1.0,21481.25,21328.4,2025-01-28 10:31:00-05:00,21469.0,2025-01-28 12:00:00-05:00,21481.5,stop_1m,-27.5,89.0,21481.25,21330.9,2025-01-28 12:31:00-05:00,2025-01-28,1.0,2.5,21481.25,2025-01-28 10:31:00-05:00,21469.0,2025-01-28 12:00:00-05:00,21481.5,stop_1m,-27.5,matched,5.0,5.0,10.0,-0.0,-5:5,exit_reason_changed,same_entry_different_exit,False,False,False,True,residual_unexplained,,,,,,,,,,,,,,,,,,,,,,,,
long|2025-01-30 09:30:00-0500,long,2025-01-30 09:30:00-05:00,2025-01-30 10:30:00-05:00,21532.25,2025-01-30 11:30:00-05:00,21521.75,stop,-23.5,1.0,21522.0,21663.7625,,,,,,,,,,,,,,,,,,,,,baseline_only,23.5,23.5,,,20:40,baseline_trade_missing_in_hybrid,missing_data_or_alignment,False,False,False,True,removed_or_missing_trades_effect,,,,,,,,,,,,,,,,,,,,,,,,
short|2025-02-03 09:30:00-0500,short,2025-02-03 09:30:00-05:00,2025-02-03 10:30:00-05:00,21352.5,2025-02-03 11:30:00-05:00,21363.75,stop,-25.0,1.0,21363.5,21193.525,2025-02-03 10:31:00-05:00,21327.5,2025-02-03 10:31:00-05:00,21363.75,stop_1m,-75.0,0.0,21363.5,21168.525,2025-02-03 12:31:00-05:00,2025-02-03,1.0,2.5,21363.5,2025-02-03 10:31:00-05:00,21327.5,2025-02-03 10:32:00-05:00,21363.75,stop_1m,-75.0,matched,-50.0,-50.0,-100.0,-0.0,<=-40,exit_reason_changed,same_entry_different_exit,False,False,False,True,residual_unexplained,,,,,,,,,,,,,,,,,,,,,,,,
short|2025-02-13 09:30:00-0500,short,2025-02-13 09:30:00-05:00,2025-02-13 10:30:00-05:00,21973.5,2025-02-13 11:30:00-05:00,21996.75,stop,-49.0,1.0,21996.5,21890.1,2025-02-13 10:31:00-05:00,21974.0,2025-02-13 10:35:00-05:00,21996.75,stop_1m,-48.0,4.0,21996.5,21890.6,2025-02-13 12:31:00-05:00,2025-02-13,1.0,2.5,21996.5,2025-02-13 10:31:00-05:00,21974.0,2025-02-13 10:35:00-05:00,21996.75,stop_1m,-48.0,matched,1.0,1.0,2.0,-0.0,-5:5,exit_reason_changed,same_entry_different_exit,False,False,False,True,residual_unexplained,,,,,,,,,,,,,,,,,,,,,,,,
long|2025-02-24 09:30:00-0500,long,2025-02-24 09:30:00-05:00,2025-02-24 10:30:00-05:00,21507.0,2025-02-24 11:30:00-05:00,21621.375,target,226.25,1.0,21436.75,21621.625,2025-02-24 10:31:00-05:00,21519.75,2025-02-24 12:19:00-05:00,21634.125,target_1m,226.25,108.0,21436.75,21634.375,2025-02-24 12:31:00-05:00,2025-02-24,1.0,2.5,21436.75,2025-02-24 10:31:00-05:00,21519.75,2025-02-24 12:19:00-05:00,21634.125,target_1m,226.25,matched,0.0,0.0,-51.0,51.0,-5:5,exit_reason_changed,same_entry_different_exit,True,True,False,True,residual_unexplained,,,,,,,,,,,,,,,,,,,,,,,,
long|2025-02-25 09:30:00-0500,long,2025-02-25 09:30:00-05:00,2025-02-25 10:30:00-05:00,21049.0,2025-02-25 11:30:00-05:00,21027.75,stop_ambiguous_first,-45.0,1.0,21028.0,21179.45,2025-02-25 10:31:00-05:00,21053.0,2025-02-25 11:30:00-05:00,21027.75,stop_1m,-53.0,59.0,21028.0,21183.45,2025-02-25 12:31:00-05:00,2025-02-25,1.0,2.5,21028.0,2025-02-25 10:31:00-05:00,21053.0,2025-02-25 11:30:00-05:00,21027.75,stop_1m,-53.0,matched,-8.0,-8.0,-16.0,0.0,-10:-5,exit_reason_changed,same_exit_different_entry,False,False,False,True,residual_unexplained,,,,,,,,,,,,,,,,,,,,,,,,
short|2025-02-28 09:30:00-0500,short,2025-02-28 09:30:00-05:00,2025-02-28 10:30:00-05:00,20756.25,2025-02-28 12:30:00-05:00,20583.05,target,343.90000000000146,2.0,20759.0,20582.8,2025-02-28 10:31:00-05:00,20754.75,2025-02-28 10:31:00-05:00,20759.25,stop_1m,-11.5,0.0,20759.0,20581.3,2025-02-28 12:31:00-05:00,2025-02-28,1.0,2.5,20759.0,2025-02-28 10:31:00-05:00,20754.75,2025-02-28 10:32:00-05:00,20759.25,stop_1m,-11.5,matched,-355.40000000000146,-355.40000000000146,-6.0,-704.8000000000029,<=-40,winner_to_loser,worse_entry_price,True,False,True,True,entry_price_effect,,,,,,,,,,,,,,,,,,,,,,,,
long|2025-03-04 09:30:00-0500,long,2025-03-04 09:30:00-05:00,2025-03-04 10:30:00-05:00,20159.0,2025-03-04 11:30:00-05:00,20375.8125,target,431.125,1.0,20075.75,20376.0625,2025-03-04 10:31:00-05:00,20179.75,2025-03-04 12:26:00-05:00,20396.5625,target_1m,431.125,115.0,20075.75,20396.8125,2025-03-04 12:31:00-05:00,2025-03-04,1.0,2.5,20075.75,2025-03-04 10:31:00-05:00,20179.75,2025-03-04 12:26:00-05:00,20396.5625,target_1m,431.125,matched,0.0,0.0,-83.0,83.0,-5:5,exit_reason_changed,same_entry_different_exit,True,True,False,True,residual_unexplained,,,,,,,,,,,,,,,,,,,,,,,,
long|2025-03-26 09:30:00-0400,long,2025-03-26 09:30:00-04:00,2025-03-26 10:30:00-04:00,20285.25,2025-03-26 11:30:00-04:00,20225.75,stop,-121.5,1.0,20226.0,20399.6625,2025-03-26 10:31:00-04:00,20275.5,2025-03-26 11:52:00-04:00,20225.75,stop_1m,-102.0,81.0,20226.0,20389.9125,2025-03-26 12:31:00-04:00,2025-03-26,1.0,2.5,20226.0,2025-03-26 10:31:00-04:00,20275.5,2025-03-26 11:52:00-04:00,20225.75,stop_1m,-102.0,matched,19.5,19.5,39.0,0.0,10:20,exit_reason_changed,same_entry_different_exit,False,False,False,True,residual_unexplained,,,,,,,,,,,,,,,,,,,,,,,,
long|2025-03-28 09:30:00-0400,long,2025-03-28 09:30:00-04:00,2025-03-28 10:30:00-04:00,19639.0,2025-03-28 11:30:00-04:00,19630.5,stop,-19.5,1.0,19630.75,19755.25,2025-03-28 10:31:00-04:00,19653.0,2025-03-28 10:31:00-04:00,19630.5,stop_1m,-47.5,0.0,19630.75,19769.25,2025-03-28 12:31:00-04:00,2025-03-28,1.0,2.5,19630.75,2025-03-28 10:31:00-04:00,19653.0,2025-03-28 10:32:00-04:00,19630.5,stop_1m,-47.5,matched,-28.0,-28.0,-56.0,0.0,-40:-20,exit_reason_changed,same_entry_different_exit,False,False,False,True,residual_unexplained,,,,,,,,,,,,,,,,,,,,,,,,
short|2025-04-02 09:30:00-0400,short,2025-04-02 09:30:00-04:00,2025-04-02 10:30:00-04:00,19598.0,2025-04-02 11:30:00-04:00,19620.75,stop,-48.0,1.0,19620.5,19439.975,2025-04-02 10:31:00-04:00,19589.5,2025-04-02 10:32:00-04:00,19620.75,stop_1m,-65.0,1.0,19620.5,19431.475,2025-04-02 12:31:00-04:00,2025-04-02,1.0,2.5,19620.5,2025-04-02 10:31:00-04:00,19589.5,2025-04-02 10:32:00-04:00,19620.75,stop_1m,-65.0,matched,-17.0,-17.0,-34.0,-0.0,-20:-10,exit_reason_changed,same_entry_different_exit,False,False,False,True,residual_unexplained,,,,,,,,,,,,,,,,,,,,,,,,
long|2025-05-12 09:30:00-0400,long,2025-05-12 09:30:00-04:00,2025-05-12 10:30:00-04:00,20741.75,2025-05-12 12:30:00-04:00,20905.4375,target,324.875,2.0,20723.75,20905.6875,,,,,,,,,,,,,,,,,,,,,baseline_only,-324.875,-324.875,,,<=-40,baseline_trade_missing_in_hybrid,missing_data_or_alignment,True,False,False,True,removed_or_missing_trades_effect,,,,,,,,,,,,,,,,,,,,,,,,
short|2025-05-23 09:30:00-0400,short,2025-05-23 09:30:00-04:00,2025-05-23 10:30:00-04:00,20943.5,2025-05-23 11:30:00-04:00,20994.0,stop,-103.5,1.0,20993.75,20801.9625,2025-05-23 10:31:00-04:00,20958.75,2025-05-23 11:37:00-04:00,20994.0,stop_1m,-73.0,66.0,20993.75,20817.2125,2025-05-23 12:31:00-04:00,2025-05-23,1.0,2.5,20993.75,2025-05-23 10:31:00-04:00,20958.75,2025-05-23 11:37:00-04:00,20994.0,stop_1m,-73.0,matched,30.5,30.5,61.0,-0.0,20:40,exit_reason_changed,same_entry_different_exit,False,False,False,True,residual_unexplained,,,,,,,,,,,,,,,,,,,,,,,,
long|2025-05-29 09:30:00-0400,long,2025-05-29 09:30:00-04:00,2025-05-29 10:30:00-04:00,21456.25,2025-05-29 11:30:00-04:00,21380.0,stop,-155.0,1.0,21380.25,21553.45,2025-05-29 10:31:00-04:00,21457.5,2025-05-29 11:57:00-04:00,21380.0,stop_1m,-157.5,86.0,21380.25,21554.7,2025-05-29 12:31:00-04:00,2025-05-29,1.0,2.5,21380.25,2025-05-29 10:31:00-04:00,21457.5,2025-05-29 11:57:00-04:00,21380.0,stop_1m,-157.5,matched,-2.5,-2.5,-5.0,0.0,-5:5,exit_reason_changed,same_entry_different_exit,False,False,False,True,residual_unexplained,,,,,,,,,,,,,,,,,,,,,,,,
short|2025-06-23 12:30:00-0400,short,2025-06-23 12:30:00-04:00,2025-06-23 13:30:00-04:00,22018.5,2025-06-23 14:30:00-04:00,22033.25,stop,-32.0,1.0,22033.0,21885.4875,,,,,,,,,,,,,,,,,,,,,baseline_only,32.0,32.0,,,20:40,baseline_trade_missing_in_hybrid,missing_data_or_alignment,False,False,False,True,removed_or_missing_trades_effect,,,,,,,,,,,,,,,,,,,,,,,,
short|2025-07-09 09:30:00-0400,short,2025-07-09 09:30:00-04:00,2025-07-09 10:30:00-04:00,23048.5,2025-07-09 11:30:00-04:00,22964.3125,target,165.875,1.0,23111.25,22964.0625,2025-07-09 10:31:00-04:00,23026.25,2025-07-09 10:57:00-04:00,22942.0625,target_1m,165.875,26.0,23111.25,22941.8125,2025-07-09 12:31:00-04:00,2025-07-09,1.0,2.5,23111.25,2025-07-09 10:31:00-04:00,23026.25,2025-07-09 10:57:00-04:00,22942.0625,target_1m,165.875,matched,0.0,0.0,-89.0,89.0,-5:5,exit_reason_changed,same_entry_different_exit,True,True,False,True,residual_unexplained,,,,,,,,,,,,,,,,,,,,,,,,
long|2025-07-09 10:30:00-0400,long,2025-07-09 10:30:00-04:00,,,,,,,,,,2025-07-09 11:31:00-04:00,22980.75,2025-07-09 13:31:00-04:00,22979.75,time_stop_1m,-4.5,120.0,22917.0,23069.075,2025-07-09 13:31:00-04:00,2025-07-09,1.0,2.5,22917.0,2025-07-09 11:31:00-04:00,22980.75,2025-07-09 13:31:00-04:00,22979.75,time_stop_1m,-4.5,hybrid_only,-4.5,-4.5,,,-5:5,hybrid_trade_missing_in_baseline,missing_data_or_alignment,False,False,False,True,removed_or_missing_trades_effect,,,,,,,,,,,,,,,,,,,,,,,,
long|2025-07-10 09:30:00-0400,long,2025-07-10 09:30:00-04:00,2025-07-10 10:30:00-04:00,22938.25,2025-07-10 12:30:00-04:00,23012.0,time_stop,145.0,2.0,22901.0,23027.9625,2025-07-10 10:31:00-04:00,22944.5,2025-07-10 12:31:00-04:00,23008.25,time_stop_1m,125.0,120.0,22901.0,23034.2125,2025-07-10 12:31:00-04:00,2025-07-10,1.0,2.5,22901.0,2025-07-10 10:31:00-04:00,22944.5,2025-07-10 12:31:00-04:00,23008.25,time_stop_1m,125.0,matched,-20.0,-20.0,-25.0,-15.0,-40:-20,exit_reason_changed,same_entry_different_exit,True,True,False,True,residual_unexplained,,,,,,,,,,,,,,,,,,,,,,,,
long|2025-07-22 09:30:00-0400,long,2025-07-22 09:30:00-04:00,2025-07-22 10:30:00-04:00,23169.0,2025-07-22 11:30:00-04:00,23233.4875,target,126.47499999999854,1.0,23105.0,23233.7375,2025-07-22 10:31:00-04:00,23187.75,2025-07-22 12:31:00-04:00,23186.25,time_stop_1m,-5.5,120.0,23105.0,23252.4875,2025-07-22 12:31:00-04:00,2025-07-22,1.0,2.5,23105.0,2025-07-22 10:31:00-04:00,23187.75,2025-07-22 12:31:00-04:00,23186.25,time_stop_1m,-5.5,matched,-131.97499999999854,-131.97499999999854,-75.0,-188.9499999999971,<=-40,winner_to_loser,worse_entry_price,True,False,True,True,entry_price_effect,,,,,,,,,,,,,,,,,,,,,,,,
long|2025-07-30 14:30:00-0400,long,2025-07-30 14:30:00-04:00,2025-07-30 15:30:00-04:00,23394.5,2025-07-31 09:30:00-04:00,23468.0625,target,144.625,1.0,23355.0,23468.3125,2025-07-30 15:31:00-04:00,23411.75,2025-07-30 15:59:00-04:00,23485.3125,target_1m,144.625,28.0,23355.0,23485.5625,2025-07-30 17:31:00-04:00,2025-07-30,1.0,2.5,23355.0,2025-07-30 15:31:00-04:00,23411.75,2025-07-30 15:59:00-04:00,23485.3125,target_1m,144.625,matched,0.0,0.0,-69.0,69.0,-5:5,exit_reason_changed,same_entry_different_exit,True,True,False,True,residual_unexplained,,,,,,,,,,,,,,,,,,,,,,,,
long|2025-07-31 09:30:00-0400,long,2025-07-31 09:30:00-04:00,2025-07-31 10:30:00-04:00,23640.5,2025-07-31 11:30:00-04:00,23608.0,stop,-67.5,1.0,23608.25,23723.5125,2025-07-31 10:31:00-04:00,23651.0,2025-07-31 10:37:00-04:00,23608.0,stop_1m,-88.5,6.0,23608.25,23734.0125,2025-07-31 12:31:00-04:00,2025-07-31,1.0,2.5,23608.25,2025-07-31 10:31:00-04:00,23651.0,2025-07-31 10:37:00-04:00,23608.0,stop_1m,-88.5,matched,-21.0,-21.0,-42.0,0.0,-40:-20,exit_reason_changed,same_entry_different_exit,False,False,False,True,residual_unexplained,,,,,,,,,,,,,,,,,,,,,,,,
long|2025-08-19 09:30:00-0400,long,2025-08-19 09:30:00-04:00,2025-08-19 10:30:00-04:00,23627.25,2025-08-19 11:30:00-04:00,23622.5,stop,-12.0,1.0,23622.75,23699.2875,2025-08-19 10:31:00-04:00,23625.75,2025-08-19 10:31:00-04:00,23622.5,stop_1m,-9.0,0.0,23622.75,23697.7875,2025-08-19 12:31:00-04:00,2025-08-19,1.0,2.5,23622.75,2025-08-19 10:31:00-04:00,23625.75,2025-08-19 10:32:00-04:00,23622.5,stop_1m,-9.0,matched,3.0,3.0,6.0,0.0,-5:5,exit_reason_changed,same_entry_different_exit,False,False,False,True,residual_unexplained,,,,,,,,,,,,,,,,,,,,,,,,
long|2025-08-20 09:30:00-0400,long,2025-08-20 09:30:00-04:00,2025-08-20 10:30:00-04:00,23096.25,2025-08-20 11:30:00-04:00,23182.875,target,170.75,1.0,23063.25,23183.125,2025-08-20 10:31:00-04:00,23092.0,2025-08-20 10:41:00-04:00,23063.0,stop_1m,-60.5,10.0,23063.25,23178.875,2025-08-20 12:31:00-04:00,2025-08-20,1.0,2.5,23063.25,2025-08-20 10:31:00-04:00,23092.0,2025-08-20 10:41:00-04:00,23063.0,stop_1m,-60.5,matched,-231.25,-231.25,17.0,-479.5,<=-40,winner_to_loser,target_not_reached_on_1min_path,True,False,True,True,target_not_reached_effect,,,,,,,,,,,,,,,,,,,,,,,,
short|2025-08-22 09:30:00-0400,short,2025-08-22 09:30:00-04:00,2025-08-22 10:30:00-04:00,23554.0,2025-08-22 11:30:00-04:00,23633.75,stop,-162.0,1.0,23633.5,23420.7125,2025-08-22 10:31:00-04:00,23568.0,2025-08-22 10:46:00-04:00,23633.75,stop_1m,-134.0,15.0,23633.5,23434.7125,2025-08-22 12:31:00-04:00,2025-08-22,1.0,2.5,23633.5,2025-08-22 10:31:00-04:00,23568.0,2025-08-22 10:46:00-04:00,23633.75,stop_1m,-134.0,matched,28.0,28.0,56.0,-0.0,20:40,exit_reason_changed,same_entry_different_exit,False,False,False,True,residual_unexplained,,,,,,,,,,,,,,,,,,,,,,,,
long|2025-08-29 09:30:00-0400,long,2025-08-29 09:30:00-04:00,2025-08-29 10:30:00-04:00,23498.5,2025-08-29 11:30:00-04:00,23427.75,stop,-144.0,1.0,23428.0,23580.875,2025-08-29 10:31:00-04:00,23495.75,2025-08-29 10:50:00-04:00,23427.75,stop_1m,-138.5,19.0,23428.0,23578.125,2025-08-29 12:31:00-04:00,2025-08-29,1.0,2.5,23428.0,2025-08-29 10:31:00-04:00,23495.75,2025-08-29 10:50:00-04:00,23427.75,stop_1m,-138.5,matched,5.5,5.5,11.0,0.0,5:10,exit_reason_changed,same_entry_different_exit,False,False,False,True,residual_unexplained,,,,,,,,,,,,,,,,,,,,,,,,
long|2025-09-05 09:30:00-0400,long,2025-09-05 09:30:00-04:00,2025-09-05 10:30:00-04:00,23654.0,2025-09-05 11:30:00-04:00,23629.0,stop,-52.5,1.0,23629.25,23746.275,2025-09-05 10:31:00-04:00,23654.5,2025-09-05 10:35:00-04:00,23629.0,stop_1m,-53.5,4.0,23629.25,23746.775,2025-09-05 12:31:00-04:00,2025-09-05,1.0,2.5,23629.25,2025-09-05 10:31:00-04:00,23654.5,2025-09-05 10:35:00-04:00,23629.0,stop_1m,-53.5,matched,-1.0,-1.0,-2.0,0.0,-5:5,exit_reason_changed,same_entry_different_exit,False,False,False,True,residual_unexplained,,,,,,,,,,,,,,,,,,,,,,,,
long|2025-09-24 09:30:00-0400,long,2025-09-24 09:30:00-04:00,2025-09-24 10:30:00-04:00,24818.5,2025-09-24 11:30:00-04:00,24784.75,stop,-70.0,1.0,24785.0,24894.2125,2025-09-24 10:31:00-04:00,24818.75,2025-09-24 11:10:00-04:00,24784.75,stop_1m,-70.5,39.0,24785.0,24894.4625,2025-09-24 12:31:00-04:00,2025-09-24,1.0,2.5,24785.0,2025-09-24 10:31:00-04:00,24818.75,2025-09-24 11:10:00-04:00,24784.75,stop_1m,-70.5,matched,-0.5,-0.5,-1.0,0.0,-5:5,exit_reason_changed,same_entry_different_exit,False,False,False,True,residual_unexplained,,,,,,,,,,,,,,,,,,,,,,,,
long|2025-09-24 11:30:00-0400,long,2025-09-24 11:30:00-04:00,2025-09-24 12:30:00-04:00,24697.5,2025-09-24 14:30:00-04:00,24723.0,time_stop,48.5,2.0,24628.0,24778.2125,2025-09-24 12:31:00-04:00,24692.75,2025-09-24 14:31:00-04:00,24706.0,time_stop_1m,24.0,120.0,24628.0,24773.4625,2025-09-24 14:31:00-04:00,2025-09-24,1.0,2.5,24628.0,2025-09-24 12:31:00-04:00,24692.75,2025-09-24 14:31:00-04:00,24706.0,time_stop_1m,24.0,matched,-24.5,-24.5,19.0,-68.0,-40:-20,exit_reason_changed,same_entry_different_exit,True,True,False,True,residual_unexplained,,,,,,,,,,,,,,,,,,,,,,,,
long|2025-10-02 09:30:00-0400,long,2025-10-02 09:30:00-04:00,2025-10-02 10:30:00-04:00,25076.5,2025-10-02 11:30:00-04:00,25014.0,stop,-127.5,1.0,25014.25,25154.6625,2025-10-02 10:31:00-04:00,25088.5,2025-10-02 11:00:00-04:00,25014.0,stop_1m,-151.5,29.0,25014.25,25166.6625,2025-10-02 12:31:00-04:00,2025-10-02,1.0,2.5,25014.25,2025-10-02 10:31:00-04:00,25088.5,2025-10-02 11:00:00-04:00,25014.0,stop_1m,-151.5,matched,-24.0,-24.0,-48.0,0.0,-40:-20,exit_reason_changed,same_entry_different_exit,False,False,False,True,residual_unexplained,,,,,,,,,,,,,,,,,,,,,,,,
long|2025-10-07 10:30:00-0400,long,2025-10-07 10:30:00-04:00,2025-10-07 11:30:00-04:00,25075.0,2025-10-07 12:30:00-04:00,25053.5,stop,-45.5,1.0,25053.75,25152.5875,2025-10-07 11:31:00-04:00,25063.5,2025-10-07 11:31:00-04:00,25053.5,stop_1m,-22.5,0.0,25053.75,25141.0875,2025-10-07 13:31:00-04:00,2025-10-07,1.0,2.5,25053.75,2025-10-07 11:31:00-04:00,25063.5,2025-10-07 11:32:00-04:00,25053.5,stop_1m,-22.5,matched,23.0,23.0,46.0,0.0,20:40,exit_reason_changed,same_entry_different_exit,False,False,False,True,residual_unexplained,,,,,,,,,,,,,,,,,,,,,,,,
long|2025-10-10 10:30:00-0400,long,2025-10-10 10:30:00-04:00,2025-10-10 11:30:00-04:00,24822.5,2025-10-10 12:30:00-04:00,24802.5,stop,-42.5,1.0,24802.75,24914.9625,,,,,,,,,,,,,,,,,,,,,baseline_only,42.5,42.5,,,>=40,baseline_trade_missing_in_hybrid,missing_data_or_alignment,False,False,False,True,removed_or_missing_trades_effect,,,,,,,,,,,,,,,,,,,,,,,,
short|2025-10-17 09:30:00-0400,short,2025-10-17 09:30:00-04:00,2025-10-17 10:30:00-04:00,24908.75,2025-10-17 11:30:00-04:00,24732.35,target,350.3000000000029,1.0,24960.75,24732.1,2025-10-17 10:31:00-04:00,24888.75,2025-10-17 11:25:00-04:00,24712.35,target_1m,350.3000000000029,54.0,24960.75,24712.1,2025-10-17 12:31:00-04:00,2025-10-17,1.0,2.5,24960.75,2025-10-17 10:31:00-04:00,24888.75,2025-10-17 11:25:00-04:00,24712.35,target_1m,350.3000000000029,matched,0.0,0.0,-80.0,80.0,-5:5,exit_reason_changed,same_entry_different_exit,True,True,False,True,residual_unexplained,,,,,,,,,,,,,,,,,,,,,,,,
short|2025-11-04 09:30:00-0500,short,2025-11-04 09:30:00-05:00,2025-11-04 10:30:00-05:00,25864.0,2025-11-04 11:30:00-05:00,25722.25,target,281.0,1.0,25893.75,25722.0,2025-11-04 10:31:00-05:00,25860.75,2025-11-04 12:06:00-05:00,25719.0,target_1m,281.0,95.0,25893.75,25718.75,2025-11-04 12:31:00-05:00,2025-11-04,1.0,2.5,25893.75,2025-11-04 10:31:00-05:00,25860.75,2025-11-04 12:06:00-05:00,25719.0,target_1m,281.0,matched,0.0,0.0,-13.0,13.0,-5:5,exit_reason_changed,same_entry_different_exit,True,True,False,True,residual_unexplained,,,,,,,,,,,,,,,,,,,,,,,,
short|2025-11-05 09:30:00-0500,short,2025-11-05 09:30:00-05:00,2025-11-05 10:30:00-05:00,25688.75,2025-11-05 11:30:00-05:00,25718.25,stop,-61.5,1.0,25718.0,25547.2625,2025-11-05 10:31:00-05:00,25681.25,2025-11-05 10:41:00-05:00,25718.25,stop_1m,-76.5,10.0,25718.0,25539.7625,2025-11-05 12:31:00-05:00,2025-11-05,1.0,2.5,25718.0,2025-11-05 10:31:00-05:00,25681.25,2025-11-05 10:41:00-05:00,25718.25,stop_1m,-76.5,matched,-15.0,-15.0,-30.0,-0.0,-20:-10,exit_reason_changed,same_entry_different_exit,False,False,False,True,residual_unexplained,,,,,,,,,,,,,,,,,,,,,,,,
long|2025-11-06 09:30:00-0500,long,2025-11-06 09:30:00-05:00,2025-11-06 10:30:00-05:00,25506.75,2025-11-06 11:30:00-05:00,25404.0,stop,-208.0,1.0,25404.25,25629.275,2025-11-06 10:31:00-05:00,25496.75,2025-11-06 10:36:00-05:00,25404.0,stop_1m,-188.0,5.0,25404.25,25619.275,2025-11-06 12:31:00-05:00,2025-11-06,1.0,2.5,25404.25,2025-11-06 10:31:00-05:00,25496.75,2025-11-06 10:36:00-05:00,25404.0,stop_1m,-188.0,matched,20.0,20.0,40.0,0.0,10:20,exit_reason_changed,same_entry_different_exit,False,False,False,True,residual_unexplained,,,,,,,,,,,,,,,,,,,,,,,,
long|2025-11-07 09:30:00-0500,long,2025-11-07 09:30:00-05:00,2025-11-07 10:30:00-05:00,24969.25,2025-11-07 11:30:00-05:00,24881.5,stop,-178.0,1.0,24881.75,25107.3875,2025-11-07 10:31:00-05:00,24972.75,2025-11-07 10:41:00-05:00,24881.5,stop_1m,-185.0,10.0,24881.75,25110.8875,2025-11-07 12:31:00-05:00,2025-11-07,1.0,2.5,24881.75,2025-11-07 10:31:00-05:00,24972.75,2025-11-07 10:41:00-05:00,24881.5,stop_1m,-185.0,matched,-7.0,-7.0,-14.0,0.0,-10:-5,exit_reason_changed,same_entry_different_exit,False,False,False,True,residual_unexplained,,,,,,,,,,,,,,,,,,,,,,,,
long|2025-11-12 09:30:00-0500,long,2025-11-12 09:30:00-05:00,2025-11-12 10:30:00-05:00,25613.75,2025-11-12 11:30:00-05:00,25561.25,stop,-107.5,1.0,25561.5,25751.15,2025-11-12 10:31:00-05:00,25607.25,2025-11-12 10:36:00-05:00,25561.25,stop_1m,-94.5,5.0,25561.5,25744.65,2025-11-12 12:31:00-05:00,2025-11-12,1.0,2.5,25561.5,2025-11-12 10:31:00-05:00,25607.25,2025-11-12 10:36:00-05:00,25561.25,stop_1m,-94.5,matched,13.0,13.0,26.0,0.0,10:20,exit_reason_changed,same_entry_different_exit,False,False,False,True,residual_unexplained,,,,,,,,,,,,,,,,,,,,,,,,
short|2025-11-14 09:30:00-0500,short,2025-11-14 09:30:00-05:00,2025-11-14 10:30:00-05:00,25009.75,2025-11-14 11:30:00-05:00,25028.5,stop,-40.0,1.0,25028.25,24865.9125,2025-11-14 10:31:00-05:00,25006.5,2025-11-14 10:35:00-05:00,25028.5,stop_1m,-46.5,4.0,25028.25,24862.6625,2025-11-14 12:31:00-05:00,2025-11-14,1.0,2.5,25028.25,2025-11-14 10:31:00-05:00,25006.5,2025-11-14 10:35:00-05:00,25028.5,stop_1m,-46.5,matched,-6.5,-6.5,-13.0,-0.0,-10:-5,exit_reason_changed,same_entry_different_exit,False,False,False,True,residual_unexplained,,,,,,,,,,,,,,,,,,,,,,,,
long|2025-11-20 11:30:00-0500,long,2025-11-20 11:30:00-05:00,2025-11-20 12:30:00-05:00,24449.5,2025-11-20 13:30:00-05:00,24353.25,stop,-195.0,1.0,24353.5,24716.6875,2025-11-20 12:31:00-05:00,24478.5,2025-11-20 12:35:00-05:00,24353.25,stop_1m,-253.0,4.0,24353.5,24745.6875,2025-11-20 14:31:00-05:00,2025-11-20,1.0,2.5,24353.5,2025-11-20 12:31:00-05:00,24478.5,2025-11-20 12:35:00-05:00,24353.25,stop_1m,-253.0,matched,-58.0,-58.0,-116.0,0.0,<=-40,exit_reason_changed,same_entry_different_exit,False,False,False,True,residual_unexplained,,,,,,,,,,,,,,,,,,,,,,,,
long|2025-12-04 09:30:00-0500,long,2025-12-04 09:30:00-05:00,2025-12-04 10:30:00-05:00,25591.25,2025-12-04 12:30:00-05:00,25621.25,time_stop,57.5,2.0,25520.0,25696.1875,2025-12-04 10:31:00-05:00,25597.5,2025-12-04 11:05:00-05:00,25519.75,stop_1m,-158.0,34.0,25520.0,25702.4375,2025-12-04 12:31:00-05:00,2025-12-04,1.0,2.5,25520.0,2025-12-04 10:31:00-05:00,25597.5,2025-12-04 11:05:00-05:00,25519.75,stop_1m,-158.0,matched,-215.5,-215.5,-25.0,-406.0,<=-40,winner_to_loser,worse_entry_price,True,False,True,True,entry_price_effect,,,,,,,,,,,,,,,,,,,,,,,,
short|2025-12-10 14:30:00-0500,short,2025-12-10 14:30:00-05:00,2025-12-10 15:30:00-05:00,25836.25,2025-12-11 09:30:00-05:00,25742.05,target,185.90000000000143,1.0,25869.75,25741.8,2025-12-10 15:31:00-05:00,25839.5,2025-12-10 16:00:00-05:00,25803.5,eod_flat_1m,69.5,29.0,25869.75,25745.05,2025-12-10 17:31:00-05:00,2025-12-10,1.0,2.5,25869.75,2025-12-10 15:31:00-05:00,25839.5,2025-12-10 16:00:00-05:00,25803.5,eod_flat_1m,69.5,matched,-116.40000000000143,-116.40000000000143,13.0,-245.8000000000029,<=-40,eod_flat_changed,session_boundary_effect,True,True,False,True,eod_effect,,,,,,,,,,,,,,,,,,,,,,,,
long|2025-12-12 09:30:00-0500,long,2025-12-12 09:30:00-05:00,2025-12-12 10:30:00-05:00,25320.0,2025-12-12 11:30:00-05:00,25314.75,stop,-13.0,1.0,25315.0,25446.2875,2025-12-12 10:31:00-05:00,25320.5,2025-12-12 10:31:00-05:00,25314.75,stop_1m,-14.0,0.0,25315.0,25446.7875,2025-12-12 12:31:00-05:00,2025-12-12,1.0,2.5,25315.0,2025-12-12 10:31:00-05:00,25320.5,2025-12-12 10:55:00-05:00,25314.75,stop_1m,-14.0,matched,-1.0,-1.0,-2.0,0.0,-5:5,exit_reason_changed,same_entry_different_exit,False,False,False,True,residual_unexplained,,,,,,,,,,,,,,,,,,,,,,,,
long|2026-01-02 09:30:00-0500,long,2026-01-02 09:30:00-05:00,2026-01-02 10:30:00-05:00,25489.75,2026-01-02 11:30:00-05:00,25457.0,stop,-68.0,1.0,25457.25,25568.7,2026-01-02 10:31:00-05:00,25479.5,2026-01-02 10:36:00-05:00,25558.2,target_1m,154.90000000000146,5.0,25457.25,25558.45,2026-01-02 12:31:00-05:00,2026-01-02,1.0,2.5,25457.25,2026-01-02 10:31:00-05:00,25479.5,2026-01-02 10:36:00-05:00,25558.2,target_1m,154.90000000000146,matched,222.90000000000146,222.90000000000146,41.0,404.8000000000029,>=40,loser_to_winner,better_entry_price,False,True,True,True,entry_price_effect,,,,,,,,,,,,,,,,,,,,,,,,
short|2026-01-09 09:30:00-0500,short,2026-01-09 09:30:00-05:00,2026-01-09 10:30:00-05:00,25854.0,2026-01-09 11:30:00-05:00,25861.0,stop,-16.5,1.0,25860.75,25761.65,2026-01-09 10:31:00-05:00,25847.75,2026-01-09 10:31:00-05:00,25861.0,stop_1m,-29.0,0.0,25860.75,25755.4,2026-01-09 12:31:00-05:00,2026-01-09,1.0,2.5,25860.75,2026-01-09 10:31:00-05:00,25847.75,2026-01-09 10:32:00-05:00,25861.0,stop_1m,-29.0,matched,-12.5,-12.5,-25.0,-0.0,-20:-10,exit_reason_changed,same_entry_different_exit,False,False,False,True,residual_unexplained,,,,,,,,,,,,,,,,,,,,,,,,
long|2026-01-22 09:30:00-0500,long,2026-01-22 09:30:00-05:00,2026-01-22 10:30:00-05:00,25593.0,2026-01-22 12:30:00-05:00,25697.5,time_stop,206.5,2.0,25534.75,25742.475,2026-01-22 10:31:00-05:00,25601.0,2026-01-22 12:31:00-05:00,25682.5,time_stop_1m,160.5,120.0,25534.75,25750.475,2026-01-22 12:31:00-05:00,2026-01-22,1.0,2.5,25534.75,2026-01-22 10:31:00-05:00,25601.0,2026-01-22 12:31:00-05:00,25682.5,time_stop_1m,160.5,matched,-46.0,-46.0,-32.0,-60.0,<=-40,exit_reason_changed,same_entry_different_exit,True,True,False,True,residual_unexplained,,,,,,,,,,,,,,,,,,,,,,,,
long|2026-01-29 09:30:00-0500,long,2026-01-29 09:30:00-05:00,2026-01-29 10:30:00-05:00,25735.75,2026-01-29 11:30:00-05:00,25718.0,stop_ambiguous_first,-38.0,1.0,25718.25,25833.9375,2026-01-29 10:31:00-05:00,25734.75,2026-01-29 10:31:00-05:00,25718.0,stop_1m,-36.0,0.0,25718.25,25832.9375,2026-01-29 12:31:00-05:00,2026-01-29,1.0,2.5,25718.25,2026-01-29 10:31:00-05:00,25734.75,2026-01-29 10:32:00-05:00,25718.0,stop_1m,-36.0,matched,2.0,2.0,4.0,0.0,-5:5,exit_reason_changed,same_entry_different_exit,False,False,False,True,residual_unexplained,,,,,,,,,,,,,,,,,,,,,,,,
long|2026-02-03 09:30:00-0500,long,2026-02-03 09:30:00-05:00,2026-02-03 10:30:00-05:00,25546.75,2026-02-03 11:30:00-05:00,25470.0,stop,-156.0,1.0,25470.25,25705.575,2026-02-03 10:31:00-05:00,25534.5,2026-02-03 11:51:00-05:00,25470.0,stop_1m,-131.5,80.0,25470.25,25693.325,2026-02-03 12:31:00-05:00,2026-02-03,1.0,2.5,25470.25,2026-02-03 10:31:00-05:00,25534.5,2026-02-03 11:51:00-05:00,25470.0,stop_1m,-131.5,matched,24.5,24.5,49.0,0.0,20:40,exit_reason_changed,same_entry_different_exit,False,False,False,True,residual_unexplained,,,,,,,,,,,,,,,,,,,,,,,,
short|2026-02-24 09:30:00-0500,short,2026-02-24 09:30:00-05:00,2026-02-24 10:30:00-05:00,25011.0,2026-02-24 11:30:00-05:00,25014.75,stop,-10.0,1.0,25014.5,24858.3875,,,,,,,,,,,,,,,,,,,,,baseline_only,10.0,10.0,,,5:10,baseline_trade_missing_in_hybrid,missing_data_or_alignment,False,False,False,True,removed_or_missing_trades_effect,,,,,,,,,,,,,,,,,,,,,,,,
long|2026-02-26 09:30:00-0500,long,2026-02-26 09:30:00-05:00,2026-02-26 10:30:00-05:00,24933.25,2026-02-26 11:30:00-05:00,25048.3875,target,227.77500000000143,1.0,24885.0,25048.6375,2026-02-26 10:31:00-05:00,24905.0,2026-02-26 10:34:00-05:00,24884.75,stop_1m,-43.0,3.0,24885.0,25020.3875,2026-02-26 12:31:00-05:00,2026-02-26,1.0,2.5,24885.0,2026-02-26 10:31:00-05:00,24905.0,2026-02-26 10:34:00-05:00,24884.75,stop_1m,-43.0,matched,-270.77500000000146,-270.77500000000146,113.0,-654.5500000000029,<=-40,winner_to_loser,target_not_reached_on_1min_path,True,False,True,True,target_not_reached_effect,,,,,,,,,,,,,,,,,,,,,,,,
long|2026-03-03 09:30:00-0500,long,2026-03-03 09:30:00-05:00,2026-03-03 10:30:00-05:00,24359.75,2026-03-03 11:30:00-05:00,24527.1625,target,332.3249999999971,1.0,24350.75,24527.4125,2026-03-03 10:31:00-05:00,24376.25,2026-03-03 11:05:00-05:00,24543.6625,target_1m,332.3249999999971,34.0,24350.75,24543.9125,2026-03-03 12:31:00-05:00,2026-03-03,1.0,2.5,24350.75,2026-03-03 10:31:00-05:00,24376.25,2026-03-03 11:05:00-05:00,24543.6625,target_1m,332.3249999999971,matched,0.0,0.0,-66.0,66.0,-5:5,exit_reason_changed,same_entry_different_exit,True,True,False,True,residual_unexplained,,,,,,,,,,,,,,,,,,,,,,,,
short|2026-03-06 09:30:00-0500,short,2026-03-06 09:30:00-05:00,2026-03-06 10:30:00-05:00,24821.5,2026-03-06 11:30:00-05:00,24829.0,stop,-17.5,1.0,24828.75,24664.6,,,,,,,,,,,,,,,,,,,,,baseline_only,17.5,17.5,,,10:20,baseline_trade_missing_in_hybrid,missing_data_or_alignment,False,False,False,True,removed_or_missing_trades_effect,,,,,,,,,,,,,,,,,,,,,,,,
