{
  "n_trades": 787,
  "win_rate": 0.4650571791613723,
  "avg_win": 241.91666666666666,
  "avg_loss": -174.4061757719715,
  "average_losing_trade": -174.4061757719715,
  "expectancy": 19.20775095298602,
  "profit_factor": 1.2058767449778687,
  "cumulative_pnl": 15116.5,
  "max_drawdown": -2298.5,
  "max_drawdown_pct": 0.04597,
  "sharpe_ratio": 0.8020248696195836,
  "max_consecutive_losses": 8,
  "avg_consecutive_losses": 2.0047619047619047,
  "longest_loss_streak": 8,
  "number_of_loss_streaks_2_plus": 114,
  "worst_trade": -250.0,
  "worst_day": -250.0,
  "stop_hit_rate": 0.48284625158831,
  "target_hit_rate": 0.21473951715374842,
  "time_exit_rate": 0.29987293519695046,
  "time_exit_count": 236,
  "time_exit_win_rate": 0.826271186440678,
  "time_exit_loss_rate": 0.17372881355932204,
  "time_exit_pnl_usd": 25247.5,
  "eod_exit_rate": 0.0025412960609911056,
  "proportion_filtered_out": 0.5900697578990562,
  "trade_count_after_filters": 787,
  "percent_of_days_traded": 0.3700047014574518,
  "percent_days_traded": 0.3700047014574518,
  "avg_R": 0.10222153914405728,
  "median_R": -0.3183856502242152,
  "pnl_to_risk_ratio": 0.10226773017258292,
  "average_loss_streak_length": 2.0047619047619047,
  "count_loss_streaks_2_plus": 114,
  "daily_sharpe_basis": "daily_pnl_over_static_capital",
  "n_sessions": 2127,
  "raw_signal_count": 2437
}