scope,net_pnl,sharpe,sortino,profit_factor,expectancy,max_drawdown,n_trades,n_days_traded,pct_days_traded,hit_rate,avg_win,avg_loss,stop_hit_rate,target_hit_rate,exposure_time_pct
overall,9191.38,1.2144736539934302,0.5000320767560161,1.585785210347531,34.94821292775665,-1068.1799999999985,263,263,0.1505437893531769,0.6007604562737643,157.4815189873418,-149.43523809523808,0.30038022813688214,0.2661596958174905,0.09310025978600678
is,6953.8099999999995,1.3346860668415481,0.5536776254847374,1.6677982606424246,38.41883977900552,-750.1199999999972,181,181,0.14811783960720132,0.6077348066298343,157.88045454545446,-146.6625352112676,0.30939226519337015,0.2596685082872928,0.09140123379075916
oos,2237.5699999999997,0.9498659115529796,0.38695983975236986,1.4239700928062815,27.287439024390242,-1067.0600000000002,82,82,0.15619047619047619,0.5853658536585366,156.56729166666665,-155.22529411764705,0.2804878048780488,0.2804878048780488,0.09705494505494505
