scope,net_pnl,sharpe,sortino,profit_factor,expectancy,max_drawdown,n_trades,n_days_traded,pct_days_traded,hit_rate,avg_win,avg_loss,stop_hit_rate,target_hit_rate,exposure_time_pct
overall,1285.7799999999968,0.16829106901787047,0.10943509655409174,1.0445013747255394,3.401534391534383,-3227.6000000000013,378,378,0.3375,0.48148148148148145,165.8176923076923,-147.4134693877551,0.35978835978835977,0.09523809523809523,0.23849587912087913
is,-281.30000000000246,-0.054027250060362526,-0.036039481214559015,0.9862399771465243,-1.041851851851861,-3227.6000000000013,270,270,0.34307496823379924,0.45555555555555555,163.9185365853658,-139.0699319727891,0.37777777777777777,0.08518518518518518,0.237741504577591
oos,1567.079999999999,0.6464145148456312,0.390667313525271,1.185458521898847,14.509999999999991,-2478.9199999999923,108,108,0.32432432432432434,0.5462962962962963,169.7769491525424,-172.44408163265305,0.3148148148148148,0.12037037037037036,0.24027874027874027
