scope,net_pnl,sharpe,sortino,profit_factor,expectancy,max_drawdown,n_trades,n_days_traded,pct_days_traded,hit_rate,avg_win,avg_loss,stop_hit_rate,target_hit_rate,exposure_time_pct
overall,8770.879999999996,0.7227208918745919,0.6076749315543024,1.1616214626509453,14.916462585034006,-2434.140000000001,588,588,0.525,0.4965986394557823,215.88671232876715,-183.33797297297298,0.39625850340136054,0.12585034013605442,0.36503663003663006
is,6870.239999999996,0.7299605603464211,0.6946020118359525,1.1435087434922004,13.111145038167932,-2434.140000000001,524,524,0.6658195679796697,0.48854961832061067,213.84203125000008,-178.6317910447761,0.4026717557251908,0.12595419847328243,0.4590036816212166
oos,1900.6399999999994,0.7569014603126125,0.36550777322745487,1.2972202066705034,29.69749999999999,-1998.0999999999988,64,64,0.1921921921921922,0.5625,230.42666666666668,-228.38285714285712,0.34375,0.125,0.14295834295834295
