scope,net_pnl,sharpe,sortino,profit_factor,expectancy,max_drawdown,n_trades,n_days_traded,pct_days_traded,hit_rate,avg_win,avg_loss,stop_hit_rate,target_hit_rate,exposure_time_pct
overall,8367.319999999996,0.8353725665803196,0.6856729832886463,1.2034034931457567,15.728045112781947,-3941.980000000001,532,532,0.475,0.4943609022556391,188.22768060836503,-152.92401486988848,0.35150375939849626,0.14473684210526316,0.3211378205128205
is,61.87999999999829,0.012309754934727463,0.008427876016199142,1.00329016629483,0.2352851711026551,-3941.980000000001,263,263,0.3341804320203304,0.4524714828897338,158.56672268907556,-130.60805555555555,0.3612167300380228,0.10266159695817491,0.22463102336037533
oos,8305.439999999997,1.9081346459431956,2.0020146807215227,1.3719575440010747,30.875241635687722,-2094.179999999993,269,269,0.8078078078078078,0.5353159851301115,212.73916666666668,-178.63200000000003,0.3420074349442379,0.18587360594795538,0.5492184492184492
