scope,net_pnl,sharpe,sortino,profit_factor,expectancy,max_drawdown,n_trades,n_days_traded,pct_days_traded,hit_rate,avg_win,avg_loss,stop_hit_rate,target_hit_rate,exposure_time_pct
overall,7991.939999999993,0.7060678481541957,0.6549376027833889,1.1424027254860383,11.115354659248947,-3051.3799999999865,719,719,0.6419642857142858,0.49235048678720444,181.11310734463277,-153.75917808219182,0.3616133518776078,0.12656467315716272,0.4405105311355311
is,3637.259999999995,0.46598339804743666,0.4443664161254619,1.0900233890628288,6.914942965779459,-3051.3799999999865,526,526,0.6683608640406608,0.47718631178707227,175.4611952191235,-146.92181818181817,0.3726235741444867,0.11026615969581749,0.4521226338253022
oos,4354.6799999999985,1.2421387654363432,1.064598481068451,1.2770399399437602,22.56310880829015,-1989.859999999997,193,193,0.5795795795795796,0.533678756476684,194.8862135922329,-174.6511111111111,0.3316062176165803,0.17098445595854922,0.41306691306691307
