config_name,symbol,year,annual_trade_count,annual_max_dd,annual_invalidation_count,net_pnl,gross_pnl,number_of_trades,win_rate,avg_trade,profit_factor,Sharpe,Sortino,max_drawdown,max_daily_drawdown,average_daily_pnl,median_daily_pnl,worst_day,best_day,trade_frequency,exposure_days,prop_pass,daily_loss_limit_breaches,first_breakout_downside_count,first_breakout_upside_count,invalidated_days_count,invalidated_days_pct,trades_after_downside_first_breakout_count,pnl_after_downside_first_breakout,sharpe_after_downside_first_breakout,reclaim_trade_count,reclaim_trade_pnl,reclaim_trade_sharpe
allow_reclaim_after_opposite_breakout_conservative__buffer_0__require_vwap_false,M2K,2019,118,-3551.999999999588,0,-2696.9999999995484,-866.999999999548,118,0.4152542372881356,-22.855932203386004,0.77893442622954,-1.26954230711642,-2.636442430813406,-3551.999999999588,-3551.999999999588,-13.028985507244194,0.0,-247.99999999999272,440.0,0.5700483091787439,118,False,0,82,86,0,0.0,34,-1352.499999999875,-1.8557594547892715,40,-1756.9999999998265,-3.388317854718851
allow_reclaim_after_opposite_breakout_conservative__buffer_0__require_vwap_false,M2K,2020,177,-3090.9999999996226,0,-1511.49999999954,156.0000000004602,177,0.4519774011299435,-8.539548022596271,0.9101527670451426,-0.4827858433666338,-0.9130924748288152,-3090.9999999996226,-3090.9999999996226,-4.844551282049807,0.0,-248.99999999999864,451.9999999999982,0.5673076923076923,177,False,0,128,127,0,0.0,58,-1243.9999999998781,-1.0956859221030697,65,-2082.9999999998586,-2.472229446416468
allow_reclaim_after_opposite_breakout_conservative__buffer_0__require_vwap_false,M2K,2021,177,-2487.9999999997244,0,1800.5000000003715,3155.500000000372,177,0.480225988700565,10.17231638418289,1.1160564651282983,0.5539096180853021,1.2353165885230213,-2487.9999999997244,-2487.9999999997244,5.789389067525309,0.0,-249.9999999999909,464.0000000000009,0.5691318327974276,177,True,0,126,127,0,0.0,54,495.5000000001155,0.5211983406148777,60,1210.000000000141,1.62816170843121
allow_reclaim_after_opposite_breakout_conservative__buffer_0__require_vwap_false,M2K,2022,177,-4125.4999999998545,0,-1707.9999999996041,-492.9999999996039,177,0.4519774011299435,-9.649717514122058,0.9028524301112176,-0.5363607484088946,-1.359383269890297,-4125.4999999998545,-4360.999999999845,-5.509677419353561,0.0,-249.99999999999432,447.00000000000273,0.5709677419354838,177,False,0,138,116,0,0.0,68,-1441.4999999998463,-1.221098725342948,69,-1433.4999999998445,-1.7222785682749733
allow_reclaim_after_opposite_breakout_conservative__buffer_0__require_vwap_false,M2K,2023,170,-3770.4999999998718,0,-689.4999999995605,848.0000000004395,170,0.47058823529411764,-4.055882352938591,0.9545709108878555,-0.2281556032627786,-0.44161430725701273,-3770.4999999998718,-3770.4999999998718,-2.224193548385679,0.0,-250.0,463.99999999999636,0.5483870967741935,170,False,0,123,129,0,0.0,48,1390.5000000001178,1.2854413855703422,55,980.5000000001576,1.325176823423192
allow_reclaim_after_opposite_breakout_conservative__buffer_0__require_vwap_false,M2K,2024,166,-2584.999999999716,0,-868.4999999996023,531.5000000003977,166,0.45180722891566266,-5.231927710840978,0.9431498330824359,-0.28368902510768407,-0.5814680655090766,-2584.999999999716,-2584.999999999716,-2.7747603833853107,0.0,-248.99999999999636,444.00000000000546,0.5303514376996805,166,False,0,132,123,0,0.0,51,180.0000000001262,0.18240692436480824,58,-424.9999999998465,-0.6025686704209751
allow_reclaim_after_opposite_breakout_conservative__buffer_0__require_vwap_false,M2K,2025,182,-3462.9999999997526,0,-1082.4999999995712,415.0000000004288,182,0.4340659340659341,-5.947802197799842,0.9418557808513707,-0.3146398880911789,-0.7807462543900863,-3462.9999999997526,-3462.9999999997526,-3.4695512820499093,0.0,-250.0,459.9999999999909,0.5833333333333334,182,False,0,121,132,0,0.0,56,1677.000000000089,1.4493653017762018,60,2186.0000000000855,2.5584382309211624
allow_reclaim_after_opposite_breakout_conservative__buffer_0__require_vwap_false,M2K,2026,38,-1879.999999999925,0,-822.99999999992,-625.49999999992,38,0.4473684210526316,-21.65789473684,0.7683321604504049,-1.3622673809925339,-2.994092276835859,-1879.999999999925,-1879.999999999925,-12.102941176469411,0.0,-241.49999999999181,409.99999999999545,0.5588235294117647,38,False,0,32,23,0,0.0,16,-1119.9999999999727,-4.291147244144325,16,-1119.9999999999727,-6.303260106926986
allow_reclaim_after_opposite_breakout_conservative__buffer_0__require_vwap_false,MES,2019,132,-5547.5,0,-4111.25,-2413.75,132,0.3787878787878788,-31.145833333333332,0.7360141263343768,-1.715673520276598,-4.429122177120295,-5547.5,-5547.5,-19.86111111111111,0.0,-250.0,412.5,0.6376811594202898,132,False,0,84,84,0,0.0,49,-2391.25,-2.639652310111077,55,-2157.5,-2.738573385077765
allow_reclaim_after_opposite_breakout_conservative__buffer_0__require_vwap_false,MES,2020,205,-2276.25,0,-663.75,1066.25,205,0.43414634146341463,-3.2378048780487805,0.9700050838840875,-0.17315641581934904,-0.5168842644886917,-2276.25,-2276.25,-2.1274038461538463,0.0,-250.0,455.0,0.657051282051282,205,False,0,128,127,0,0.0,86,-1693.75,-1.0898216105935525,95,-2390.0,-1.7081181136885715
allow_reclaim_after_opposite_breakout_conservative__buffer_0__require_vwap_false,MES,2021,199,-1230.0,0,5521.25,7346.25,199,0.47738693467336685,27.74497487437186,1.2821102382321006,1.3932758799305829,3.923597947340166,-1230.0,-1230.0,17.7532154340836,0.0,-250.0,461.25,0.639871382636656,199,True,0,117,137,0,0.0,67,970.0,0.7281112890617255,75,1256.25,1.1147840680521461
allow_reclaim_after_opposite_breakout_conservative__buffer_0__require_vwap_false,MES,2022,189,-4777.5,0,-2533.75,-1693.75,189,0.4074074074074074,-13.406084656084657,0.8759637743238282,-0.7401368818036134,-2.667565944921833,-4777.5,-4787.5,-8.173387096774194,0.0,-250.0,472.5,0.6096774193548387,189,False,0,136,118,0,0.0,76,-2491.25,-1.9288377105297103,82,-3136.25,-3.060525087772213
allow_reclaim_after_opposite_breakout_conservative__buffer_0__require_vwap_false,MES,2023,202,-3381.25,0,-1216.25,473.75,202,0.41089108910891087,-6.021039603960396,0.9477527788218869,-0.3088981035160406,-1.0789590057966463,-3381.25,-3381.25,-3.9233870967741935,0.0,-250.0,461.25,0.6516129032258065,202,False,0,126,127,0,0.0,84,-4055.0,-2.8915459069302085,92,-3905.0,-3.1165793544068103
allow_reclaim_after_opposite_breakout_conservative__buffer_0__require_vwap_false,MES,2024,199,-3786.25,0,-1280.0,420.0,199,0.3969849246231156,-6.432160804020101,0.9469430051813471,-0.31275129181997585,-1.174142737566547,-3786.25,-3786.25,-4.0894568690095845,0.0,-250.0,467.5,0.6357827476038339,199,False,0,143,112,0,0.0,95,-3282.5,-1.8443665259717827,102,-3456.25,-2.210618128883199
allow_reclaim_after_opposite_breakout_conservative__buffer_0__require_vwap_false,MES,2025,188,-3290.0,0,-2137.5,-1042.5,188,0.3776595744680851,-11.36968085106383,0.8943270300333704,-0.610043264428902,-1.5884801179406558,-3290.0,-3290.0,-6.850961538461538,0.0,-250.0,467.5,0.6025641025641025,188,False,0,124,129,0,0.0,69,316.25,0.24186745610176852,72,850.0,0.8312951730392136
allow_reclaim_after_opposite_breakout_conservative__buffer_0__require_vwap_false,MES,2026,40,-968.75,0,-522.5,-360.0,40,0.5,-13.0625,0.8413662239089184,-0.8817423318946518,-2.5215729457038374,-968.75,-968.75,-7.6838235294117645,0.0,-240.0,425.0,0.5882352941176471,40,False,0,24,31,0,0.0,13,-332.5,-1.6709198447795088,14,-465.0,-3.0351343078445665
allow_reclaim_after_opposite_breakout_conservative__buffer_0__require_vwap_false,MGC,2018,95,-7613.999999999055,0,-7118.4999999990305,-4985.9999999990305,95,0.29473684210526313,-74.93157894735822,0.4812534159227941,-3.264342371426503,-6.830907436801277,-7613.999999999055,-7613.999999999055,-30.551502145918587,0.0,-249.99999999995453,423.50000000001273,0.40772532188841204,95,False,0,83,58,0,0.0,43,-4091.9999999996007,-4.79475467105423,49,-5117.499999999515,-8.005416541100141
allow_reclaim_after_opposite_breakout_conservative__buffer_0__require_vwap_false,MGC,2019,101,-2974.4999999994184,0,-1234.499999999116,528.000000000884,101,0.39603960396039606,-12.22277227721897,0.8806381435823841,-0.537442493802753,-0.862713387199649,-2974.4999999994184,-2974.4999999994184,-5.018292682923236,0.0,-248.49999999999682,450.0,0.4105691056910569,101,False,0,78,68,0,0.0,42,-2618.999999999562,-3.435686940072985,46,-1915.4999999995334,-2.9850489007664502
allow_reclaim_after_opposite_breakout_conservative__buffer_0__require_vwap_false,MGC,2020,108,-2609.4999999998436,0,176.500000000417,1189.000000000417,108,0.4537037037037037,1.6342592592631204,1.016692675083976,0.0688343712592245,0.12175153974459084,-2609.4999999998436,-2609.4999999998436,0.6214788732409049,0.0,-248.49999999999682,457.9999999999927,0.38028169014084506,108,False,0,78,78,0,0.0,37,-988.9999999998258,-1.5465773187416658,43,-1854.4999999997935,-3.703619213810521
allow_reclaim_after_opposite_breakout_conservative__buffer_0__require_vwap_false,MGC,2021,105,-3304.49999999953,0,-3202.999999999488,-2142.999999999488,105,0.4,-30.50476190475703,0.6680313002021427,-1.558332912694093,-2.0163659599935997,-3304.49999999953,-3304.49999999953,-11.278169014082705,0.0,-248.99999999999181,415.5000000000109,0.36971830985915494,105,False,0,92,67,0,0.0,50,-3282.9999999997767,-4.581770501464415,54,-3049.4999999997685,-5.277636710590005
allow_reclaim_after_opposite_breakout_conservative__buffer_0__require_vwap_false,MGC,2022,107,-4234.499999999666,0,-1448.4999999995898,-400.9999999995898,107,0.40186915887850466,-13.53738317756626,0.8608816749904307,-0.61770907100722,-0.976283026192521,-4234.499999999666,-4234.499999999666,-5.425093632957266,0.0,-249.99999999995453,457.9999999999927,0.40074906367041196,107,False,0,76,77,0,0.0,39,-1498.9999999998417,-2.065515133909979,44,-1671.999999999823,-3.022086288154954
allow_reclaim_after_opposite_breakout_conservative__buffer_0__require_vwap_false,MGC,2023,110,-5633.999999999558,0,-2902.9999999994197,-1722.9999999994197,110,0.39090909090909093,-26.390909090903815,0.7630977639954689,-1.1537675772047622,-2.1801098297222214,-5633.999999999558,-5633.999999999558,-10.518115942026883,0.0,-249.9999999999909,457.9999999999927,0.39855072463768115,110,False,0,83,68,0,0.0,47,789.0000000002442,0.8678581765031957,54,139.00000000029422,0.17708202456200006
allow_reclaim_after_opposite_breakout_conservative__buffer_0__require_vwap_false,MGC,2024,108,-1936.9999999998754,0,541.0000000005152,1401.0000000005152,108,0.4074074074074074,5.00925925926403,1.0564747638186285,0.21730687162269166,0.33113719546547077,-1936.9999999998754,-1936.9999999998754,1.8850174216045827,0.0,-248.99999999997817,463.4999999999809,0.37630662020905925,108,False,0,78,82,0,0.0,39,792.50000000005,1.1217634042335354,44,425.5000000000655,0.7774744282199321
allow_reclaim_after_opposite_breakout_conservative__buffer_0__require_vwap_false,MGC,2025,112,-1634.9999999999272,0,3081.99999999993,3691.99999999993,112,0.4375,27.517857142856517,1.3038099462763086,1.0850765428955018,2.1422003390322595,-1634.9999999999272,-1634.9999999999272,10.239202657807077,0.0,-248.99999999998727,468.9999999999782,0.37209302325581395,112,True,0,85,78,0,0.0,48,215.99999999988086,0.24197369353161538,52,197.49999999990905,0.2700551486984361
allow_reclaim_after_opposite_breakout_conservative__buffer_0__require_vwap_false,MGC,2026,16,-1394.5000000000982,0,-989.0000000001146,-944.0000000001146,16,0.25,-61.81250000000716,0.560248999555324,-2.1110804864326242,-4.7199000253791015,-1394.5000000000982,-1394.5000000000982,-14.984848484850222,0.0,-245.0000000000182,360.4999999999927,0.24242424242424243,16,False,0,21,17,0,0.0,5,-894.0000000000236,-8.00833046080639,5,-894.0000000000236,-38.095009740385464
allow_reclaim_after_opposite_breakout_conservative__buffer_0__require_vwap_false,MNQ,2019,129,-2427.0,0,-850.5,337.0,129,0.40310077519379844,-6.593023255813954,0.9336971350613915,-0.3656493816757871,-0.7924415442201559,-2427.0,-2427.0,-4.108695652173913,0.0,-250.0,462.0,0.6231884057971014,129,False,0,85,83,0,0.0,51,-902.0,-0.9985800721689161,55,-688.5,-0.8929438345144578
allow_reclaim_after_opposite_breakout_conservative__buffer_0__require_vwap_false,MNQ,2020,191,-2028.0,0,3454.0,4314.0,191,0.4816753926701571,18.083769633507853,1.1990950226244343,0.9852429851471538,2.936050211591874,-2028.0,-2028.0,11.070512820512821,0.0,-249.5,476.0,0.6121794871794872,191,True,0,116,138,0,0.0,70,-612.0,-0.5390064514635557,75,-567.5,-0.6002902607554461
allow_reclaim_after_opposite_breakout_conservative__buffer_0__require_vwap_false,MNQ,2021,180,-1498.0,0,5935.5,6723.0,180,0.5222222222222223,32.975,1.4146349982535802,1.8304614859184147,4.243028360930485,-1498.0,-1498.0,19.085209003215436,0.0,-249.0,464.0,0.5787781350482315,180,True,0,109,145,0,0.0,50,91.5,0.09230405482838493,63,-499.5,-0.6278376645975376
allow_reclaim_after_opposite_breakout_conservative__buffer_0__require_vwap_false,MNQ,2022,119,-2264.5,0,245.0,580.0,119,0.4369747899159664,2.0588235294117645,1.0201422287992765,0.0879854186045662,0.22357996219276016,-2264.5,-2275.0,0.7903225806451613,0.0,-249.0,470.0,0.38387096774193546,119,False,0,134,120,0,0.0,46,598.0,0.5823736752400616,50,45.5,0.07046033900391614
allow_reclaim_after_opposite_breakout_conservative__buffer_0__require_vwap_false,MNQ,2023,187,-2268.0,0,2412.5,3122.5,187,0.47593582887700536,12.901069518716577,1.1490439563834058,0.7374957427481643,1.8962838498679284,-2268.0,-2268.0,7.782258064516129,0.0,-250.0,482.0,0.603225806451613,187,True,0,113,140,0,0.0,59,-273.5,-0.28022435425060327,66,580.0,0.7070778390035871
allow_reclaim_after_opposite_breakout_conservative__buffer_0__require_vwap_false,MNQ,2024,173,-1594.5,0,3758.5,4388.5,173,0.4508670520231214,21.72543352601156,1.2361905360397158,1.0889736268179382,3.403055008648655,-1594.5,-1594.5,12.007987220447284,0.0,-250.0,478.0,0.5527156549520766,173,True,0,132,123,0,0.0,67,-762.0,-0.6038301485681288,70,-1057.5,-1.1457076734533571
allow_reclaim_after_opposite_breakout_conservative__buffer_0__require_vwap_false,MNQ,2025,127,-1890.0,0,117.5,490.0,127,0.4251968503937008,0.9251968503937008,1.010093634567477,0.04352296273030199,0.09788361568131983,-1890.0,-1890.0,0.3766025641025641,0.0,-245.5,477.0,0.40705128205128205,127,False,0,130,123,0,0.0,51,-432.5,-0.4226772298005776,54,-936.5,-1.391210532880693
allow_reclaim_after_opposite_breakout_conservative__buffer_0__require_vwap_false,MNQ,2026,11,-453.0,0,438.0,465.5,11,0.5454545454545454,39.81818181818182,1.4211538461538462,0.9788968198066784,2.64911909587616,-453.0,-453.0,6.4411764705882355,0.0,-247.5,489.0,0.16176470588235295,11,False,0,24,31,0,0.0,2,-43.0,-0.8158285940320744,2,-43.0,-2.868083354011195
allow_reclaim_after_opposite_breakout_conservative__buffer_0__require_vwap_true,M2K,2019,118,-3583.4999999995807,0,-2728.499999999541,-875.9999999995409,118,0.4152542372881356,-23.122881355928314,0.7767093579934035,-1.283682830558227,-2.6604740682618506,-3583.4999999995807,-3583.4999999995807,-13.181159420287637,0.0,-249.99999999997158,440.0,0.5700483091787439,118,False,0,82,86,0,0.0,34,-1371.9999999998731,-1.8823963463663202,40,-1788.4999999998195,-3.445082728089684
allow_reclaim_after_opposite_breakout_conservative__buffer_0__require_vwap_true,M2K,2020,177,-3617.4999999996253,0,-2037.999999999542,-370.49999999954184,177,0.4463276836158192,-11.514124293782723,0.8801634669097359,-0.654474341348169,-1.237278602679701,-3617.4999999996253,-3617.4999999996253,-6.532051282049814,0.0,-248.99999999999864,451.9999999999982,0.5673076923076923,177,False,0,128,127,0,0.0,58,-1775.4999999998759,-1.5921417401315072,65,-2609.499999999861,-3.1650868128240526
allow_reclaim_after_opposite_breakout_conservative__buffer_0__require_vwap_true,M2K,2021,177,-2517.99999999972,0,1683.5000000003706,3038.5000000003706,177,0.4689265536723164,9.511299435030342,1.1082253865192646,0.5176810045154655,1.1080714018767535,-2517.99999999972,-2517.99999999972,5.413183279743957,0.0,-249.9999999999909,464.0000000000009,0.5691318327974276,177,True,0,126,127,0,0.0,54,408.5000000001105,0.4305240595789247,60,1093.0000000001405,1.4672726617568226
allow_reclaim_after_opposite_breakout_conservative__buffer_0__require_vwap_true,M2K,2022,177,-4126.9999999998545,0,-1719.4999999996023,-504.4999999996021,177,0.4519774011299435,-9.714689265534476,0.902156594969863,-0.5403049961101489,-1.369322346250079,-4126.9999999998545,-4362.499999999845,-5.5467741935471055,0.0,-249.99999999999432,447.00000000000273,0.5709677419354838,177,False,0,138,116,0,0.0,68,-1452.999999999845,-1.2333314838803446,69,-1444.999999999843,-1.7397116637226768
allow_reclaim_after_opposite_breakout_conservative__buffer_0__require_vwap_true,M2K,2023,170,-3843.49999999988,0,-762.499999999568,765.000000000432,170,0.47058823529411764,-4.485294117644518,0.9497777045941326,-0.25325396476687234,-0.488919713887538,-3843.49999999988,-3843.49999999988,-2.459677419353445,0.0,-250.0,463.99999999999636,0.5483870967741935,170,False,0,123,129,0,0.0,48,1316.500000000118,1.2306336535421296,55,907.5000000001501,1.2395095438903578
allow_reclaim_after_opposite_breakout_conservative__buffer_0__require_vwap_true,M2K,2024,166,-2295.4999999997144,0,-603.9999999995996,783.5000000004004,166,0.4578313253012048,-3.638554216865058,0.9597762386787682,-0.19807626077794963,-0.40272049400649473,-2295.4999999997144,-2295.4999999997144,-1.9297124600626185,0.0,-248.99999999999636,444.00000000000546,0.5303514376996805,166,False,0,132,123,0,0.0,51,479.00000000012824,0.49346673800757057,58,-160.4999999998438,-0.23068552351602198
allow_reclaim_after_opposite_breakout_conservative__buffer_0__require_vwap_true,M2K,2025,182,-3518.499999999748,0,-1169.9999999995716,322.5000000004284,182,0.42857142857142855,-6.428571428569075,0.9372031237420709,-0.3405729440659059,-0.8260419387935175,-3518.499999999748,-3518.499999999748,-3.7499999999986255,0.0,-250.0,459.9999999999909,0.5833333333333334,182,False,0,121,132,0,0.0,56,1589.500000000089,1.3799609292721624,60,2098.5000000000855,2.4645597354476423
allow_reclaim_after_opposite_breakout_conservative__buffer_0__require_vwap_true,M2K,2026,38,-1898.499999999924,0,-841.499999999919,-643.999999999919,38,0.4473684210526316,-22.144736842103132,0.7643517222066826,-1.3890559937930302,-3.032542595542686,-1898.499999999924,-1898.499999999924,-12.37499999999881,0.0,-241.49999999999181,409.99999999999545,0.5588235294117647,38,False,0,32,23,0,0.0,16,-1138.4999999999718,-4.335348263628502,16,-1138.4999999999718,-6.373390926491151
allow_reclaim_after_opposite_breakout_conservative__buffer_0__require_vwap_true,MES,2019,132,-5602.5,0,-4171.25,-2478.75,132,0.3787878787878788,-31.60037878787879,0.7315150052297047,-1.7494151118912133,-4.506579562757408,-5602.5,-5602.5,-20.15096618357488,0.0,-250.0,412.5,0.6376811594202898,132,False,0,84,84,0,0.0,49,-2451.25,-2.7454441760774517,55,-2217.5,-2.8509288402403117
allow_reclaim_after_opposite_breakout_conservative__buffer_0__require_vwap_true,MES,2020,205,-2231.25,0,-111.25,1608.75,205,0.43414634146341463,-0.5426829268292683,0.9949293527803099,-0.028910352424179643,-0.08432386413968487,-2231.25,-2231.25,-0.35657051282051283,0.0,-250.0,455.0,0.657051282051282,205,False,0,128,127,0,0.0,86,-1141.25,-0.7264909828820474,95,-1837.5,-1.2988942345613848
allow_reclaim_after_opposite_breakout_conservative__buffer_0__require_vwap_true,MES,2021,199,-1230.0,0,5345.0,7170.0,199,0.47738693467336685,26.85929648241206,1.2722353090978544,1.3518294040367875,3.7983776632195676,-1230.0,-1230.0,17.186495176848876,0.0,-250.0,461.25,0.639871382636656,199,True,0,117,137,0,0.0,67,793.75,0.6005824073541864,75,1080.0,0.9649214107986317
allow_reclaim_after_opposite_breakout_conservative__buffer_0__require_vwap_true,MES,2022,189,-4671.25,0,-2631.25,-1796.25,189,0.4074074074074074,-13.921957671957673,0.8706923029670127,-0.7725669892850906,-2.759041617012069,-4671.25,-4681.25,-8.487903225806452,0.0,-250.0,472.5,0.6096774193548387,189,False,0,136,118,0,0.0,76,-2533.75,-1.9826662036237492,82,-3233.75,-3.207319947172001
allow_reclaim_after_opposite_breakout_conservative__buffer_0__require_vwap_true,MES,2023,201,-3152.5,0,-1077.5,605.0,201,0.4129353233830846,-5.3606965174129355,0.9533625493696911,-0.27426562271401017,-0.9487787947773775,-3152.5,-3152.5,-3.475806451612903,0.0,-250.0,461.25,0.6483870967741936,201,False,0,126,127,0,0.0,83,-3938.75,-2.8323478266822124,91,-3766.25,-3.038909882823748
allow_reclaim_after_opposite_breakout_conservative__buffer_0__require_vwap_true,MES,2024,198,-4006.25,0,-1510.0,172.5,198,0.3939393939393939,-7.626262626262626,0.9369519832985386,-0.371796634350217,-1.327545732053803,-4006.25,-4006.25,-4.824281150159744,0.0,-250.0,467.5,0.6325878594249201,198,False,0,143,112,0,0.0,94,-3456.25,-1.9716372924988608,101,-3686.25,-2.4139857887760248
allow_reclaim_after_opposite_breakout_conservative__buffer_0__require_vwap_true,MES,2025,188,-3283.75,0,-2135.0,-1040.0,188,0.3776595744680851,-11.356382978723405,0.8943330858698342,-0.60955245079042,-1.5822063862419051,-3283.75,-3283.75,-6.842948717948718,0.0,-250.0,467.5,0.6025641025641025,188,False,0,124,129,0,0.0,69,318.75,0.2440356340257122,72,852.5,0.8345772866198459
allow_reclaim_after_opposite_breakout_conservative__buffer_0__require_vwap_true,MES,2026,40,-966.25,0,-520.0,-357.5,40,0.5,-13.0,0.8421252371916509,-0.8774325900482411,-2.5095080033798944,-966.25,-966.25,-7.647058823529412,0.0,-240.0,425.0,0.5882352941176471,40,False,0,24,31,0,0.0,13,-330.0,-1.6577580578938977,14,-462.5,-3.0173995048681763
allow_reclaim_after_opposite_breakout_conservative__buffer_0__require_vwap_true,MGC,2018,95,-7639.999999999031,0,-7144.499999999007,-5011.999999999007,95,0.28421052631578947,-75.20526315788429,0.48032441082343236,-3.2790024311710577,-6.728954737324394,-7639.999999999031,-7639.999999999031,-30.6630901287511,0.0,-249.99999999995453,423.50000000001273,0.40772532188841204,95,False,0,83,58,0,0.0,43,-4145.999999999567,-4.860186377189503,49,-5143.499999999492,-8.07000112355778
allow_reclaim_after_opposite_breakout_conservative__buffer_0__require_vwap_true,MGC,2019,99,-3062.4999999994293,0,-1239.4999999991455,488.00000000085447,99,0.40404040404040403,-12.52020202019339,0.8785994123409182,-0.5448917638638627,-0.8919640489135781,-3062.4999999994293,-3062.4999999994293,-5.0386178861753885,0.0,-248.49999999999682,450.0,0.4024390243902439,99,False,0,78,68,0,0.0,40,-2662.99999999957,-3.6431312018617845,44,-1920.499999999563,-3.1361717512205023
allow_reclaim_after_opposite_breakout_conservative__buffer_0__require_vwap_true,MGC,2020,108,-2955.9999999998445,0,-246.4999999995871,756.0000000004129,108,0.4444444444444444,-2.2824074074035843,0.9768707482993578,-0.09699687811423974,-0.1695331380187264,-2955.9999999998445,-2955.9999999998445,-0.8679577464774193,0.0,-248.49999999999682,457.9999999999927,0.38028169014084506,108,False,0,78,78,0,0.0,37,-1411.4999999998304,-2.311276248283899,43,-2277.4999999997976,-4.788862859254741
allow_reclaim_after_opposite_breakout_conservative__buffer_0__require_vwap_true,MGC,2021,103,-2990.999999999526,0,-2972.999999999488,-1942.999999999488,103,0.4077669902912621,-28.86407766989794,0.6796163586400537,-1.4682285574271043,-1.8433985075632822,-2990.999999999526,-3044.4999999995025,-10.468309859153127,0.0,-248.99999999999181,415.5000000000109,0.3626760563380282,103,False,0,92,67,0,0.0,48,-3048.9999999997804,-4.414659004587232,52,-2819.4999999997685,-5.133435626606876
allow_reclaim_after_opposite_breakout_conservative__buffer_0__require_vwap_true,MGC,2022,107,-4078.999999999669,0,-1289.4999999995662,-251.99999999956617,107,0.40186915887850466,-12.051401869154825,0.8742319321174669,-0.5534335639759022,-0.8836803107953463,-4078.999999999669,-4078.999999999669,-4.829588014979649,0.0,-249.99999999995453,457.9999999999927,0.40074906367041196,107,False,0,76,77,0,0.0,39,-1314.9999999998317,-1.8452595548631836,44,-1512.9999999997995,-2.779541094932468
allow_reclaim_after_opposite_breakout_conservative__buffer_0__require_vwap_true,MGC,2023,109,-5245.4999999995425,0,-2556.4999999993984,-1393.9999999993984,109,0.3944954128440367,-23.45412844036145,0.7864779086277881,-1.0168448064747329,-1.91878634274096,-5245.4999999995425,-5245.4999999995425,-9.26268115941811,0.0,-249.9999999999909,457.9999999999927,0.39492753623188404,109,False,0,83,68,0,0.0,47,894.0000000002556,0.9759054735397535,53,485.5000000003156,0.6264951057546913
allow_reclaim_after_opposite_breakout_conservative__buffer_0__require_vwap_true,MGC,2024,108,-1942.99999999987,0,573.0000000005225,1433.0000000005225,108,0.4074074074074074,5.305555555560393,1.0600157109191477,0.23015962910868068,0.3475041501228383,-1942.99999999987,-1942.99999999987,1.9965156794443293,0.0,-248.99999999997817,463.4999999999809,0.37630662020905925,108,False,0,78,82,0,0.0,39,808.0000000000564,1.1433230285088665,44,457.50000000007276,0.8360609380957869
allow_reclaim_after_opposite_breakout_conservative__buffer_0__require_vwap_true,MGC,2025,110,-1644.4999999999163,0,3131.9999999999163,3746.9999999999163,110,0.45454545454545453,28.472727272726512,1.313012192684388,1.1093817743011665,2.3138960711495953,-1644.4999999999163,-1644.4999999999163,10.405315614617662,0.0,-248.99999999998727,468.9999999999782,0.3654485049833887,110,True,0,85,78,0,0.0,46,265.9999999998672,0.3032040051093844,50,247.4999999998954,0.3506342607913258
allow_reclaim_after_opposite_breakout_conservative__buffer_0__require_vwap_true,MGC,2026,17,-1544.0000000001055,0,-1235.50000000012,-1188.00000000012,17,0.23529411764705882,-72.67647058824235,0.5049088359045987,-2.558393629034263,-5.836308165483979,-1544.0000000001055,-1544.0000000001055,-18.719696969698788,0.0,-246.50000000000546,360.4999999999927,0.25757575757575757,17,False,0,21,17,0,0.0,5,-894.0000000000236,-8.00833046080639,6,-1140.500000000029,-41.59488667668939
allow_reclaim_after_opposite_breakout_conservative__buffer_0__require_vwap_true,MNQ,2019,129,-2313.5,0,-747.5,440.0,129,0.40310077519379844,-5.794573643410852,0.9416494282034269,-0.31958174226496944,-0.6971084974896107,-2313.5,-2313.5,-3.611111111111111,0.0,-250.0,478.0,0.6231884057971014,129,False,0,85,83,0,0.0,51,-808.0,-0.8803603699698214,55,-585.5,-0.7490629611796875
allow_reclaim_after_opposite_breakout_conservative__buffer_0__require_vwap_true,MNQ,2020,191,-2037.5,0,2840.5,3695.5,191,0.47643979057591623,14.8717277486911,1.1623838788052023,0.8176190244670875,2.4158627006704028,-2037.5,-2037.5,9.104166666666666,0.0,-249.5,476.0,0.6121794871794872,191,True,0,116,138,0,0.0,70,-1217.5,-1.1134567610674027,75,-1181.0,-1.2941830440623996
allow_reclaim_after_opposite_breakout_conservative__buffer_0__require_vwap_true,MNQ,2021,180,-1498.0,0,5925.5,6713.0,180,0.5222222222222223,32.919444444444444,1.4139364303178483,1.827373448406273,4.2358797999652245,-1498.0,-1498.0,19.05305466237942,0.0,-249.0,464.0,0.5787781350482315,180,True,0,109,145,0,0.0,50,96.0,0.09679656049668107,63,-509.5,-0.6404706315204207
allow_reclaim_after_opposite_breakout_conservative__buffer_0__require_vwap_true,MNQ,2022,119,-2316.5,0,306.0,641.0,119,0.4369747899159664,2.5714285714285716,1.025378395189716,0.11007395598196973,0.2615654373454054,-2316.5,-2327.0,0.9870967741935484,0.0,-249.0,470.0,0.38387096774193546,119,False,0,134,120,0,0.0,46,669.5,0.6560170524934569,50,106.5,0.1657498163137114
allow_reclaim_after_opposite_breakout_conservative__buffer_0__require_vwap_true,MNQ,2023,187,-2268.0,0,2204.0,2911.5,187,0.47593582887700536,11.786096256684491,1.1358565000308205,0.6783718618750476,1.746683903563871,-2268.0,-2268.0,7.109677419354838,0.0,-250.0,482.0,0.603225806451613,187,True,0,113,140,0,0.0,59,-488.5,-0.5158526443629331,66,371.5,0.4636717827468041
allow_reclaim_after_opposite_breakout_conservative__buffer_0__require_vwap_true,MNQ,2024,173,-1585.0,0,3793.0,4423.0,173,0.4508670520231214,21.92485549132948,1.2379175160733888,1.0927638148851775,3.4188670947231223,-1585.0,-1585.0,12.118210862619808,0.0,-250.0,478.0,0.5527156549520766,173,True,0,132,123,0,0.0,67,-727.5,-0.5662955819733528,70,-1023.0,-1.0887858046269094
allow_reclaim_after_opposite_breakout_conservative__buffer_0__require_vwap_true,MNQ,2025,126,-1781.5,0,338.0,708.0,126,0.42063492063492064,2.6825396825396823,1.0295454545454545,0.12539456567517437,0.2735449123159223,-1781.5,-1781.5,1.0833333333333333,0.0,-245.5,477.0,0.40384615384615385,126,False,0,130,123,0,0.0,51,-433.0,-0.41999978640363217,53,-716.0,-1.0765811335069428
allow_reclaim_after_opposite_breakout_conservative__buffer_0__require_vwap_true,MNQ,2026,11,-453.0,0,434.5,462.0,11,0.5454545454545454,39.5,1.4177884615384615,0.9714840800892108,2.627950335977607,-453.0,-453.0,6.389705882352941,0.0,-247.5,489.0,0.16176470588235295,11,False,0,24,31,0,0.0,2,-46.5,-0.8927516804852428,2,-46.5,-3.1478235214798334
allow_reclaim_after_opposite_breakout_conservative__buffer_1__require_vwap_false,M2K,2019,118,-3551.999999999588,0,-2696.9999999995484,-866.999999999548,118,0.4152542372881356,-22.855932203386004,0.77893442622954,-1.26954230711642,-2.636442430813406,-3551.999999999588,-3551.999999999588,-13.028985507244194,0.0,-247.99999999999272,440.0,0.5700483091787439,118,False,0,81,87,0,0.0,33,-1114.4999999998765,-1.562568284479463,39,-1518.999999999828,-3.001076727642631
allow_reclaim_after_opposite_breakout_conservative__buffer_1__require_vwap_false,M2K,2020,177,-3090.9999999996226,0,-1511.49999999954,156.0000000004602,177,0.4519774011299435,-8.539548022596271,0.9101527670451426,-0.4827858433666338,-0.9130924748288152,-3090.9999999996226,-3090.9999999996226,-4.844551282049807,0.0,-248.99999999999864,451.9999999999982,0.5673076923076923,177,False,0,126,129,0,0.0,56,-1466.4999999998793,-1.3505375763498078,63,-2305.49999999986,-2.881873633040006
allow_reclaim_after_opposite_breakout_conservative__buffer_1__require_vwap_false,M2K,2021,177,-2487.9999999997244,0,1800.5000000003715,3155.500000000372,177,0.480225988700565,10.17231638418289,1.1160564651282983,0.5539096180853021,1.2353165885230213,-2487.9999999997244,-2487.9999999997244,5.789389067525309,0.0,-249.9999999999909,464.0000000000009,0.5691318327974276,177,True,0,126,127,0,0.0,54,495.5000000001155,0.5211983406148777,60,1210.000000000141,1.62816170843121
allow_reclaim_after_opposite_breakout_conservative__buffer_1__require_vwap_false,M2K,2022,177,-4125.4999999998545,0,-1707.9999999996041,-492.9999999996039,177,0.4519774011299435,-9.649717514122058,0.9028524301112176,-0.5363607484088946,-1.359383269890297,-4125.4999999998545,-4360.999999999845,-5.509677419353561,0.0,-249.99999999999432,447.00000000000273,0.5709677419354838,177,False,0,137,117,0,0.0,67,-1347.4999999998477,-1.1472156557923272,68,-1339.4999999998458,-1.6228783186895628
allow_reclaim_after_opposite_breakout_conservative__buffer_1__require_vwap_false,M2K,2023,170,-3770.4999999998718,0,-689.4999999995605,848.0000000004395,170,0.47058823529411764,-4.055882352938591,0.9545709108878555,-0.2281556032627786,-0.44161430725701273,-3770.4999999998718,-3770.4999999998718,-2.224193548385679,0.0,-250.0,463.99999999999636,0.5483870967741935,170,False,0,123,129,0,0.0,48,1390.5000000001178,1.2854413855703422,55,980.5000000001576,1.325176823423192
allow_reclaim_after_opposite_breakout_conservative__buffer_1__require_vwap_false,M2K,2024,166,-2584.999999999716,0,-868.4999999996023,531.5000000003977,166,0.45180722891566266,-5.231927710840978,0.9431498330824359,-0.28368902510768407,-0.5814680655090766,-2584.999999999716,-2584.999999999716,-2.7747603833853107,0.0,-248.99999999999636,444.00000000000546,0.5303514376996805,166,False,0,131,124,0,0.0,50,382.5000000001262,0.3935492332122789,57,-222.49999999984652,-0.3211098594143842
allow_reclaim_after_opposite_breakout_conservative__buffer_1__require_vwap_false,M2K,2025,182,-3462.9999999997526,0,-1082.4999999995712,415.0000000004288,182,0.4340659340659341,-5.947802197799842,0.9418557808513707,-0.3146398880911789,-0.7807462543900863,-3462.9999999997526,-3462.9999999997526,-3.4695512820499093,0.0,-250.0,459.9999999999909,0.5833333333333334,182,False,0,120,133,0,0.0,55,1381.500000000085,1.2165162264772398,59,1890.5000000000814,2.256520892123973
allow_reclaim_after_opposite_breakout_conservative__buffer_1__require_vwap_false,M2K,2026,38,-1879.999999999925,0,-822.99999999992,-625.49999999992,38,0.4473684210526316,-21.65789473684,0.7683321604504049,-1.3622673809925339,-2.994092276835859,-1879.999999999925,-1879.999999999925,-12.102941176469411,0.0,-241.49999999999181,409.99999999999545,0.5588235294117647,38,False,0,30,25,0,0.0,15,-908.9999999999736,-3.7124530274959957,15,-908.9999999999736,-5.399943661867197
allow_reclaim_after_opposite_breakout_conservative__buffer_1__require_vwap_false,MES,2019,132,-5547.5,0,-4111.25,-2413.75,132,0.3787878787878788,-31.145833333333332,0.7360141263343768,-1.715673520276598,-4.429122177120295,-5547.5,-5547.5,-19.86111111111111,0.0,-250.0,412.5,0.6376811594202898,132,False,0,81,87,0,0.0,46,-2208.75,-2.5138935915043072,53,-1870.0,-2.4345176171665357
allow_reclaim_after_opposite_breakout_conservative__buffer_1__require_vwap_false,MES,2020,205,-2276.25,0,-663.75,1066.25,205,0.43414634146341463,-3.2378048780487805,0.9700050838840875,-0.17315641581934904,-0.5168842644886917,-2276.25,-2276.25,-2.1274038461538463,0.0,-250.0,455.0,0.657051282051282,205,False,0,128,127,0,0.0,86,-1693.75,-1.0898216105935525,93,-1951.25,-1.4201160662004133
allow_reclaim_after_opposite_breakout_conservative__buffer_1__require_vwap_false,MES,2021,199,-1230.0,0,5521.25,7346.25,199,0.47738693467336685,27.74497487437186,1.2821102382321006,1.3932758799305829,3.923597947340166,-1230.0,-1230.0,17.7532154340836,0.0,-250.0,461.25,0.639871382636656,199,True,0,115,138,0,0.0,66,1217.5,0.9298800699560036,73,1140.0,1.0490534523850168
allow_reclaim_after_opposite_breakout_conservative__buffer_1__require_vwap_false,MES,2022,189,-4777.5,0,-2533.75,-1693.75,189,0.4074074074074074,-13.406084656084657,0.8759637743238282,-0.7401368818036134,-2.667565944921833,-4777.5,-4787.5,-8.173387096774194,0.0,-250.0,472.5,0.6096774193548387,189,False,0,135,119,0,0.0,75,-2253.75,-1.7652794639667708,80,-2655.0,-2.6578929558728372
allow_reclaim_after_opposite_breakout_conservative__buffer_1__require_vwap_false,MES,2023,202,-3381.25,0,-1216.25,473.75,202,0.41089108910891087,-6.021039603960396,0.9477527788218869,-0.3088981035160406,-1.0789590057966463,-3381.25,-3381.25,-3.9233870967741935,0.0,-250.0,461.25,0.6516129032258065,202,False,0,121,132,0,0.0,79,-3683.75,-2.7992641324552645,87,-3533.75,-3.0155482022357125
allow_reclaim_after_opposite_breakout_conservative__buffer_1__require_vwap_false,MES,2024,199,-3786.25,0,-1280.0,420.0,199,0.3969849246231156,-6.432160804020101,0.9469430051813471,-0.31275129181997585,-1.174142737566547,-3786.25,-3786.25,-4.0894568690095845,0.0,-250.0,467.5,0.6357827476038339,199,False,0,142,113,0,0.0,94,-3057.5,-1.7303660798796527,101,-3231.25,-2.0832860254503713
allow_reclaim_after_opposite_breakout_conservative__buffer_1__require_vwap_false,MES,2025,188,-3290.0,0,-2137.5,-1042.5,188,0.3776595744680851,-11.36968085106383,0.8943270300333704,-0.610043264428902,-1.5884801179406558,-3290.0,-3290.0,-6.850961538461538,0.0,-250.0,467.5,0.6025641025641025,188,False,0,123,130,0,0.0,68,-31.25,-0.02442220418664877,71,502.5,0.502804381062198
allow_reclaim_after_opposite_breakout_conservative__buffer_1__require_vwap_false,MES,2026,40,-968.75,0,-522.5,-360.0,40,0.5,-13.0625,0.8413662239089184,-0.8817423318946518,-2.5215729457038374,-968.75,-968.75,-7.6838235294117645,0.0,-240.0,425.0,0.5882352941176471,40,False,0,24,31,0,0.0,13,-332.5,-1.6709198447795088,14,-465.0,-3.0351343078445665
allow_reclaim_after_opposite_breakout_conservative__buffer_1__require_vwap_false,MGC,2018,95,-7613.999999999055,0,-7118.4999999990305,-4985.9999999990305,95,0.29473684210526313,-74.93157894735822,0.4812534159227941,-3.264342371426503,-6.830907436801277,-7613.999999999055,-7613.999999999055,-30.551502145918587,0.0,-249.99999999995453,423.50000000001273,0.40772532188841204,95,False,0,78,63,0,0.0,39,-3354.9999999996544,-4.156749475428888,47,-4653.999999999542,-7.494159499914824
allow_reclaim_after_opposite_breakout_conservative__buffer_1__require_vwap_false,MGC,2019,101,-2974.4999999994184,0,-1234.499999999116,528.000000000884,101,0.39603960396039606,-12.22277227721897,0.8806381435823841,-0.537442493802753,-0.862713387199649,-2974.4999999994184,-2974.4999999994184,-5.018292682923236,0.0,-248.49999999999682,450.0,0.4105691056910569,101,False,0,76,70,0,0.0,40,-2133.499999999592,-2.905787445636725,44,-1429.9999999995634,-2.3225306533631738
allow_reclaim_after_opposite_breakout_conservative__buffer_1__require_vwap_false,MGC,2020,108,-2609.4999999998436,0,176.500000000417,1189.000000000417,108,0.4537037037037037,1.6342592592631204,1.016692675083976,0.0688343712592245,0.12175153974459084,-2609.4999999998436,-2609.4999999998436,0.6214788732409049,0.0,-248.49999999999682,457.9999999999927,0.38028169014084506,108,False,0,78,78,0,0.0,37,-988.9999999998258,-1.5465773187416658,43,-1854.4999999997935,-3.703619213810521
allow_reclaim_after_opposite_breakout_conservative__buffer_1__require_vwap_false,MGC,2021,105,-3304.49999999953,0,-3202.999999999488,-2142.999999999488,105,0.4,-30.50476190475703,0.6680313002021427,-1.558332912694093,-2.0163659599935997,-3304.49999999953,-3304.49999999953,-11.278169014082705,0.0,-248.99999999999181,415.5000000000109,0.36971830985915494,105,False,0,91,68,0,0.0,49,-3072.9999999997767,-4.360076731719879,53,-2839.4999999997685,-4.999018879657321
allow_reclaim_after_opposite_breakout_conservative__buffer_1__require_vwap_false,MGC,2022,107,-4234.499999999666,0,-1448.4999999995898,-400.9999999995898,107,0.40186915887850466,-13.53738317756626,0.8608816749904307,-0.61770907100722,-0.976283026192521,-4234.499999999666,-4234.499999999666,-5.425093632957266,0.0,-249.99999999995453,457.9999999999927,0.40074906367041196,107,False,0,75,78,0,0.0,38,-1258.4999999998536,-1.7708680756035442,43,-1431.499999999835,-2.6491991584294095
allow_reclaim_after_opposite_breakout_conservative__buffer_1__require_vwap_false,MGC,2023,110,-5633.999999999558,0,-2902.9999999994197,-1722.9999999994197,110,0.39090909090909093,-26.390909090903815,0.7630977639954689,-1.1537675772047622,-2.1801098297222214,-5633.999999999558,-5633.999999999558,-10.518115942026883,0.0,-249.9999999999909,457.9999999999927,0.39855072463768115,110,False,0,79,72,0,0.0,43,984.5000000002233,1.1743083093191564,50,334.5000000002733,0.4647564043093337
allow_reclaim_after_opposite_breakout_conservative__buffer_1__require_vwap_false,MGC,2024,108,-1936.9999999998754,0,541.0000000005152,1401.0000000005152,108,0.4074074074074074,5.00925925926403,1.0564747638186285,0.21730687162269166,0.33113719546547077,-1936.9999999998754,-1936.9999999998754,1.8850174216045827,0.0,-248.99999999997817,463.4999999999809,0.37630662020905925,108,False,0,77,83,0,0.0,38,967.50000000005,1.393422569176789,43,600.5000000000655,1.1213844698337658
allow_reclaim_after_opposite_breakout_conservative__buffer_1__require_vwap_false,MGC,2025,112,-1634.9999999999272,0,3081.99999999993,3691.99999999993,112,0.4375,27.517857142856517,1.3038099462763086,1.0850765428955018,2.1422003390322595,-1634.9999999999272,-1634.9999999999272,10.239202657807077,0.0,-248.99999999998727,468.9999999999782,0.37209302325581395,112,True,0,82,80,0,0.0,46,382.4999999998681,0.4417070712310053,50,363.9999999998963,0.5134095050677828
allow_reclaim_after_opposite_breakout_conservative__buffer_1__require_vwap_false,MGC,2026,16,-1394.5000000000982,0,-989.0000000001146,-944.0000000001146,16,0.25,-61.81250000000716,0.560248999555324,-2.1110804864326242,-4.7199000253791015,-1394.5000000000982,-1394.5000000000982,-14.984848484850222,0.0,-245.0000000000182,360.4999999999927,0.24242424242424243,16,False,0,21,17,0,0.0,5,-894.0000000000236,-8.00833046080639,5,-894.0000000000236,-38.095009740385464
allow_reclaim_after_opposite_breakout_conservative__buffer_1__require_vwap_false,MNQ,2019,129,-2427.0,0,-850.5,337.0,129,0.40310077519379844,-6.593023255813954,0.9336971350613915,-0.3656493816757871,-0.7924415442201559,-2427.0,-2427.0,-4.108695652173913,0.0,-250.0,462.0,0.6231884057971014,129,False,0,83,85,0,0.0,49,-706.0,-0.7980046931872846,53,-492.5,-0.6557682411935493
allow_reclaim_after_opposite_breakout_conservative__buffer_1__require_vwap_false,MNQ,2020,191,-2028.0,0,3454.0,4314.0,191,0.4816753926701571,18.083769633507853,1.1990950226244343,0.9852429851471538,2.936050211591874,-2028.0,-2028.0,11.070512820512821,0.0,-249.5,476.0,0.6121794871794872,191,True,0,116,138,0,0.0,70,-612.0,-0.5390064514635557,75,-567.5,-0.6002902607554461
allow_reclaim_after_opposite_breakout_conservative__buffer_1__require_vwap_false,MNQ,2021,180,-1498.0,0,5935.5,6723.0,180,0.5222222222222223,32.975,1.4146349982535802,1.8304614859184147,4.243028360930485,-1498.0,-1498.0,19.085209003215436,0.0,-249.0,464.0,0.5787781350482315,180,True,0,109,145,0,0.0,50,91.5,0.09230405482838493,63,-499.5,-0.6278376645975376
allow_reclaim_after_opposite_breakout_conservative__buffer_1__require_vwap_false,MNQ,2022,119,-2264.5,0,245.0,580.0,119,0.4369747899159664,2.0588235294117645,1.0201422287992765,0.0879854186045662,0.22357996219276016,-2264.5,-2275.0,0.7903225806451613,0.0,-249.0,470.0,0.38387096774193546,119,False,0,134,120,0,0.0,46,598.0,0.5823736752400616,50,45.5,0.07046033900391614
allow_reclaim_after_opposite_breakout_conservative__buffer_1__require_vwap_false,MNQ,2023,187,-2268.0,0,2412.5,3122.5,187,0.47593582887700536,12.901069518716577,1.1490439563834058,0.7374957427481643,1.8962838498679284,-2268.0,-2268.0,7.782258064516129,0.0,-250.0,482.0,0.603225806451613,187,True,0,113,140,0,0.0,59,-273.5,-0.28022435425060327,66,580.0,0.7070778390035871
allow_reclaim_after_opposite_breakout_conservative__buffer_1__require_vwap_false,MNQ,2024,173,-1594.5,0,3758.5,4388.5,173,0.4508670520231214,21.72543352601156,1.2361905360397158,1.0889736268179382,3.403055008648655,-1594.5,-1594.5,12.007987220447284,0.0,-250.0,478.0,0.5527156549520766,173,True,0,132,123,0,0.0,67,-762.0,-0.6038301485681288,70,-1057.5,-1.1457076734533571
allow_reclaim_after_opposite_breakout_conservative__buffer_1__require_vwap_false,MNQ,2025,127,-1890.0,0,117.5,490.0,127,0.4251968503937008,0.9251968503937008,1.010093634567477,0.04352296273030199,0.09788361568131983,-1890.0,-1890.0,0.3766025641025641,0.0,-245.5,477.0,0.40705128205128205,127,False,0,130,123,0,0.0,51,-432.5,-0.4226772298005776,54,-936.5,-1.391210532880693
allow_reclaim_after_opposite_breakout_conservative__buffer_1__require_vwap_false,MNQ,2026,11,-453.0,0,438.0,465.5,11,0.5454545454545454,39.81818181818182,1.4211538461538462,0.9788968198066784,2.64911909587616,-453.0,-453.0,6.4411764705882355,0.0,-247.5,489.0,0.16176470588235295,11,False,0,24,31,0,0.0,2,-43.0,-0.8158285940320744,2,-43.0,-2.868083354011195
allow_reclaim_after_opposite_breakout_conservative__buffer_1__require_vwap_true,M2K,2019,118,-3583.4999999995807,0,-2728.499999999541,-875.9999999995409,118,0.4152542372881356,-23.122881355928314,0.7767093579934035,-1.283682830558227,-2.6604740682618506,-3583.4999999995807,-3583.4999999995807,-13.181159420287637,0.0,-249.99999999997158,440.0,0.5700483091787439,118,False,0,81,87,0,0.0,33,-1133.9999999998747,-1.5897508099578361,39,-1550.499999999821,-3.0594037153043088
allow_reclaim_after_opposite_breakout_conservative__buffer_1__require_vwap_true,M2K,2020,177,-3617.4999999996253,0,-2037.999999999542,-370.49999999954184,177,0.4463276836158192,-11.514124293782723,0.8801634669097359,-0.654474341348169,-1.237278602679701,-3617.4999999996253,-3617.4999999996253,-6.532051282049814,0.0,-248.99999999999864,451.9999999999982,0.5673076923076923,177,False,0,126,129,0,0.0,56,-1997.9999999998768,-1.8768069260436178,63,-2831.9999999998618,-3.627396305933131
allow_reclaim_after_opposite_breakout_conservative__buffer_1__require_vwap_true,M2K,2021,177,-2517.99999999972,0,1683.5000000003706,3038.5000000003706,177,0.4689265536723164,9.511299435030342,1.1082253865192646,0.5176810045154655,1.1080714018767535,-2517.99999999972,-2517.99999999972,5.413183279743957,0.0,-249.9999999999909,464.0000000000009,0.5691318327974276,177,True,0,126,127,0,0.0,54,408.5000000001105,0.4305240595789247,60,1093.0000000001405,1.4672726617568226
allow_reclaim_after_opposite_breakout_conservative__buffer_1__require_vwap_true,M2K,2022,177,-4126.9999999998545,0,-1719.4999999996023,-504.4999999996021,177,0.4519774011299435,-9.714689265534476,0.902156594969863,-0.5403049961101489,-1.369322346250079,-4126.9999999998545,-4362.499999999845,-5.5467741935471055,0.0,-249.99999999999432,447.00000000000273,0.5709677419354838,177,False,0,137,117,0,0.0,67,-1358.9999999998463,-1.1593513022459314,68,-1350.9999999998445,-1.6402201098015308
allow_reclaim_after_opposite_breakout_conservative__buffer_1__require_vwap_true,M2K,2023,170,-3843.49999999988,0,-762.499999999568,765.000000000432,170,0.47058823529411764,-4.485294117644518,0.9497777045941326,-0.25325396476687234,-0.488919713887538,-3843.49999999988,-3843.49999999988,-2.459677419353445,0.0,-250.0,463.99999999999636,0.5483870967741935,170,False,0,123,129,0,0.0,48,1316.500000000118,1.2306336535421296,55,907.5000000001501,1.2395095438903578
allow_reclaim_after_opposite_breakout_conservative__buffer_1__require_vwap_true,M2K,2024,166,-2295.4999999997144,0,-603.9999999995996,783.5000000004004,166,0.4578313253012048,-3.638554216865058,0.9597762386787682,-0.19807626077794963,-0.40272049400649473,-2295.4999999997144,-2295.4999999997144,-1.9297124600626185,0.0,-248.99999999999636,444.00000000000546,0.5303514376996805,166,False,0,131,124,0,0.0,50,681.5000000001282,0.7132970118920872,57,42.000000000156206,0.06148981684578291
allow_reclaim_after_opposite_breakout_conservative__buffer_1__require_vwap_true,M2K,2025,182,-3518.499999999748,0,-1169.9999999995716,322.5000000004284,182,0.42857142857142855,-6.428571428569075,0.9372031237420709,-0.3405729440659059,-0.8260419387935175,-3518.499999999748,-3518.499999999748,-3.7499999999986255,0.0,-250.0,459.9999999999909,0.5833333333333334,182,False,0,120,133,0,0.0,55,1294.000000000085,1.1448648913943529,59,1803.0000000000814,2.16000431760911
allow_reclaim_after_opposite_breakout_conservative__buffer_1__require_vwap_true,M2K,2026,38,-1881.4999999999259,0,-824.4999999999209,-626.9999999999209,38,0.4473684210526316,-21.697368421050548,0.768007878446838,-1.3645336673172805,-3.000275553173375,-1881.4999999999259,-1881.4999999999259,-12.124999999998836,0.0,-241.49999999999181,409.99999999999545,0.5588235294117647,38,False,0,30,25,0,0.0,15,-910.4999999999745,-3.717196289388784,15,-910.4999999999745,-5.407242942674876
allow_reclaim_after_opposite_breakout_conservative__buffer_1__require_vwap_true,MES,2019,132,-5610.0,0,-4178.75,-2486.25,132,0.3787878787878788,-31.65719696969697,0.7311620426216325,-1.7521646085433993,-4.511624275261848,-5610.0,-5610.0,-20.18719806763285,0.0,-250.0,412.5,0.6376811594202898,132,False,0,81,87,0,0.0,46,-2253.75,-2.5987680960947817,53,-1937.5,-2.5537176010885068
allow_reclaim_after_opposite_breakout_conservative__buffer_1__require_vwap_true,MES,2020,205,-2231.25,0,-111.25,1608.75,205,0.43414634146341463,-0.5426829268292683,0.9949293527803099,-0.028910352424179643,-0.08432386413968487,-2231.25,-2231.25,-0.35657051282051283,0.0,-250.0,455.0,0.657051282051282,205,False,0,128,127,0,0.0,86,-1141.25,-0.7264909828820474,93,-1398.75,-1.0071644102236172
allow_reclaim_after_opposite_breakout_conservative__buffer_1__require_vwap_true,MES,2021,199,-1230.0,0,5345.0,7170.0,199,0.47738693467336685,26.85929648241206,1.2722353090978544,1.3518294040367875,3.7983776632195676,-1230.0,-1230.0,17.186495176848876,0.0,-250.0,461.25,0.639871382636656,199,True,0,115,138,0,0.0,66,1041.25,0.801659556800392,73,963.75,0.8932473860220483
allow_reclaim_after_opposite_breakout_conservative__buffer_1__require_vwap_true,MES,2022,189,-4730.0,0,-2690.0,-1852.5,189,0.4074074074074074,-14.232804232804233,0.8681857160357712,-0.7888059661512964,-2.8007404702069363,-4730.0,-4740.0,-8.67741935483871,0.0,-250.0,472.5,0.6096774193548387,189,False,0,135,119,0,0.0,75,-2296.25,-1.8180188846518466,80,-2811.25,-2.8512980975392423
allow_reclaim_after_opposite_breakout_conservative__buffer_1__require_vwap_true,MES,2023,201,-3152.5,0,-1077.5,605.0,201,0.4129353233830846,-5.3606965174129355,0.9533625493696911,-0.27426562271401017,-0.9487787947773775,-3152.5,-3152.5,-3.475806451612903,0.0,-250.0,461.25,0.6483870967741936,201,False,0,121,132,0,0.0,78,-3567.5,-2.7360570479535857,86,-3395.0,-2.931387494391286
allow_reclaim_after_opposite_breakout_conservative__buffer_1__require_vwap_true,MES,2024,198,-4006.25,0,-1510.0,172.5,198,0.3939393939393939,-7.626262626262626,0.9369519832985386,-0.371796634350217,-1.327545732053803,-4006.25,-4006.25,-4.824281150159744,0.0,-250.0,467.5,0.6325878594249201,198,False,0,142,113,0,0.0,93,-3231.25,-1.8567401037121856,100,-3461.25,-2.285005183964033
allow_reclaim_after_opposite_breakout_conservative__buffer_1__require_vwap_true,MES,2025,188,-3283.75,0,-2135.0,-1040.0,188,0.3776595744680851,-11.356382978723405,0.8943330858698342,-0.60955245079042,-1.5822063862419051,-3283.75,-3283.75,-6.842948717948718,0.0,-250.0,467.5,0.6025641025641025,188,False,0,123,130,0,0.0,68,-28.75,-0.022492838030435263,71,505.0,0.5058279452745734
allow_reclaim_after_opposite_breakout_conservative__buffer_1__require_vwap_true,MES,2026,40,-966.25,0,-520.0,-357.5,40,0.5,-13.0,0.8421252371916509,-0.8774325900482411,-2.5095080033798944,-966.25,-966.25,-7.647058823529412,0.0,-240.0,425.0,0.5882352941176471,40,False,0,24,31,0,0.0,13,-330.0,-1.6577580578938977,14,-462.5,-3.0173995048681763
allow_reclaim_after_opposite_breakout_conservative__buffer_1__require_vwap_true,MGC,2018,95,-7639.999999999031,0,-7144.499999999007,-5011.999999999007,95,0.28421052631578947,-75.20526315788429,0.48032441082343236,-3.2790024311710577,-6.728954737324394,-7639.999999999031,-7639.999999999031,-30.6630901287511,0.0,-249.99999999995453,423.50000000001273,0.40772532188841204,95,False,0,78,63,0,0.0,39,-3407.499999999627,-4.223664668034023,47,-4679.999999999518,-7.558273609625121
allow_reclaim_after_opposite_breakout_conservative__buffer_1__require_vwap_true,MGC,2019,99,-3062.4999999994293,0,-1239.4999999991455,488.00000000085447,99,0.40404040404040403,-12.52020202019339,0.8785994123409182,-0.5448917638638627,-0.8919640489135781,-3062.4999999994293,-3062.4999999994293,-5.0386178861753885,0.0,-248.49999999999682,450.0,0.4024390243902439,99,False,0,76,70,0,0.0,38,-2177.4999999996,-3.099194175627251,42,-1434.999999999593,-2.4463045826583225
allow_reclaim_after_opposite_breakout_conservative__buffer_1__require_vwap_true,MGC,2020,108,-2955.9999999998445,0,-246.4999999995871,756.0000000004129,108,0.4444444444444444,-2.2824074074035843,0.9768707482993578,-0.09699687811423974,-0.1695331380187264,-2955.9999999998445,-2955.9999999998445,-0.8679577464774193,0.0,-248.49999999999682,457.9999999999927,0.38028169014084506,108,False,0,78,78,0,0.0,37,-1411.4999999998304,-2.311276248283899,43,-2277.4999999997976,-4.788862859254741
allow_reclaim_after_opposite_breakout_conservative__buffer_1__require_vwap_true,MGC,2021,103,-2990.999999999526,0,-2972.999999999488,-1942.999999999488,103,0.4077669902912621,-28.86407766989794,0.6796163586400537,-1.4682285574271043,-1.8433985075632822,-2990.999999999526,-3044.4999999995025,-10.468309859153127,0.0,-248.99999999999181,415.5000000000109,0.3626760563380282,103,False,0,91,68,0,0.0,47,-2838.9999999997804,-4.184066425807555,51,-2609.4999999997685,-4.83856465380123
allow_reclaim_after_opposite_breakout_conservative__buffer_1__require_vwap_true,MGC,2022,107,-4078.999999999669,0,-1289.4999999995662,-251.99999999956617,107,0.40186915887850466,-12.051401869154825,0.8742319321174669,-0.5534335639759022,-0.8836803107953463,-4078.999999999669,-4078.999999999669,-4.829588014979649,0.0,-249.99999999995453,457.9999999999927,0.40074906367041196,107,False,0,75,78,0,0.0,38,-1074.4999999998436,-1.541074266221843,43,-1272.4999999998113,-2.395626401586602
allow_reclaim_after_opposite_breakout_conservative__buffer_1__require_vwap_true,MGC,2023,109,-5251.499999999543,0,-2562.4999999993997,-1399.9999999993997,109,0.3944954128440367,-23.509174311921097,0.7860839802988986,-1.019010729905556,-1.9222173497797914,-5251.499999999543,-5251.499999999543,-9.284420289852898,0.0,-249.9999999999909,457.9999999999927,0.39492753623188404,109,False,0,79,72,0,0.0,43,1083.5000000002333,1.2808519727211067,49,675.0000000002933,0.9510725725334032
allow_reclaim_after_opposite_breakout_conservative__buffer_1__require_vwap_true,MGC,2024,108,-1942.99999999987,0,573.0000000005225,1433.0000000005225,108,0.4074074074074074,5.305555555560393,1.0600157109191477,0.23015962910868068,0.3475041501228383,-1942.99999999987,-1942.99999999987,1.9965156794443293,0.0,-248.99999999997817,463.4999999999809,0.37630662020905925,108,False,0,77,83,0,0.0,38,983.0000000000564,1.4152985404121832,43,632.5000000000728,1.1814060510066233
allow_reclaim_after_opposite_breakout_conservative__buffer_1__require_vwap_true,MGC,2025,110,-1644.4999999999163,0,3131.9999999999163,3746.9999999999163,110,0.45454545454545453,28.472727272726512,1.313012192684388,1.1093817743011665,2.3138960711495953,-1644.4999999999163,-1644.4999999999163,10.405315614617662,0.0,-248.99999999998727,468.9999999999782,0.3654485049833887,110,True,0,82,80,0,0.0,44,432.4999999998545,0.5084420920340428,48,413.9999999998827,0.6057666324880722
allow_reclaim_after_opposite_breakout_conservative__buffer_1__require_vwap_true,MGC,2026,17,-1544.0000000001055,0,-1235.50000000012,-1188.00000000012,17,0.23529411764705882,-72.67647058824235,0.5049088359045987,-2.558393629034263,-5.836308165483979,-1544.0000000001055,-1544.0000000001055,-18.719696969698788,0.0,-246.50000000000546,360.4999999999927,0.25757575757575757,17,False,0,21,17,0,0.0,5,-894.0000000000236,-8.00833046080639,6,-1140.500000000029,-41.59488667668939
allow_reclaim_after_opposite_breakout_conservative__buffer_1__require_vwap_true,MNQ,2019,129,-2313.5,0,-743.5,444.0,129,0.40310077519379844,-5.763565891472868,0.9419435442939132,-0.31791216209449413,-0.6936344627945269,-2313.5,-2313.5,-3.5917874396135265,0.0,-250.0,478.0,0.6231884057971014,129,False,0,83,85,0,0.0,49,-608.0,-0.6764535951758301,53,-385.5,-0.5064452189706189
allow_reclaim_after_opposite_breakout_conservative__buffer_1__require_vwap_true,MNQ,2020,191,-2037.5,0,2840.5,3695.5,191,0.47643979057591623,14.8717277486911,1.1623838788052023,0.8176190244670875,2.4158627006704028,-2037.5,-2037.5,9.104166666666666,0.0,-249.5,476.0,0.6121794871794872,191,True,0,116,138,0,0.0,70,-1217.5,-1.1134567610674027,75,-1181.0,-1.2941830440623996
allow_reclaim_after_opposite_breakout_conservative__buffer_1__require_vwap_true,MNQ,2021,180,-1498.0,0,5925.5,6713.0,180,0.5222222222222223,32.919444444444444,1.4139364303178483,1.827373448406273,4.2358797999652245,-1498.0,-1498.0,19.05305466237942,0.0,-249.0,464.0,0.5787781350482315,180,True,0,109,145,0,0.0,50,96.0,0.09679656049668107,63,-509.5,-0.6404706315204207
allow_reclaim_after_opposite_breakout_conservative__buffer_1__require_vwap_true,MNQ,2022,119,-2316.5,0,306.0,641.0,119,0.4369747899159664,2.5714285714285716,1.025378395189716,0.11007395598196973,0.2615654373454054,-2316.5,-2327.0,0.9870967741935484,0.0,-249.0,470.0,0.38387096774193546,119,False,0,134,120,0,0.0,46,669.5,0.6560170524934569,50,106.5,0.1657498163137114
allow_reclaim_after_opposite_breakout_conservative__buffer_1__require_vwap_true,MNQ,2023,187,-2268.0,0,2204.0,2911.5,187,0.47593582887700536,11.786096256684491,1.1358565000308205,0.6783718618750476,1.746683903563871,-2268.0,-2268.0,7.109677419354838,0.0,-250.0,482.0,0.603225806451613,187,True,0,113,140,0,0.0,59,-488.5,-0.5158526443629331,66,371.5,0.4636717827468041
allow_reclaim_after_opposite_breakout_conservative__buffer_1__require_vwap_true,MNQ,2024,173,-1585.0,0,3793.0,4423.0,173,0.4508670520231214,21.92485549132948,1.2379175160733888,1.0927638148851775,3.4188670947231223,-1585.0,-1585.0,12.118210862619808,0.0,-250.0,478.0,0.5527156549520766,173,True,0,132,123,0,0.0,67,-727.5,-0.5662955819733528,70,-1023.0,-1.0887858046269094
allow_reclaim_after_opposite_breakout_conservative__buffer_1__require_vwap_true,MNQ,2025,126,-1781.5,0,338.0,708.0,126,0.42063492063492064,2.6825396825396823,1.0295454545454545,0.12539456567517437,0.2735449123159223,-1781.5,-1781.5,1.0833333333333333,0.0,-245.5,477.0,0.40384615384615385,126,False,0,130,123,0,0.0,51,-433.0,-0.41999978640363217,53,-716.0,-1.0765811335069428
allow_reclaim_after_opposite_breakout_conservative__buffer_1__require_vwap_true,MNQ,2026,11,-453.0,0,434.5,462.0,11,0.5454545454545454,39.5,1.4177884615384615,0.9714840800892108,2.627950335977607,-453.0,-453.0,6.389705882352941,0.0,-247.5,489.0,0.16176470588235295,11,False,0,24,31,0,0.0,2,-46.5,-0.8927516804852428,2,-46.5,-3.1478235214798334
allow_reclaim_after_opposite_breakout_conservative__buffer_2__require_vwap_false,M2K,2019,118,-3551.999999999588,0,-2696.9999999995484,-866.999999999548,118,0.4152542372881356,-22.855932203386004,0.77893442622954,-1.26954230711642,-2.636442430813406,-3551.999999999588,-3551.999999999588,-13.028985507244194,0.0,-247.99999999999272,440.0,0.5700483091787439,118,False,0,78,90,0,0.0,30,-948.4999999998854,-1.443940763486983,37,-1592.9999999998347,-3.3819380739316798
allow_reclaim_after_opposite_breakout_conservative__buffer_2__require_vwap_false,M2K,2020,177,-3090.9999999996226,0,-1511.49999999954,156.0000000004602,177,0.4519774011299435,-8.539548022596271,0.9101527670451426,-0.4827858433666338,-0.9130924748288152,-3090.9999999996226,-3090.9999999996226,-4.844551282049807,0.0,-248.99999999999864,451.9999999999982,0.5673076923076923,177,False,0,126,129,0,0.0,56,-1466.4999999998793,-1.3505375763498078,63,-2305.49999999986,-2.881873633040006
allow_reclaim_after_opposite_breakout_conservative__buffer_2__require_vwap_false,M2K,2021,177,-2487.9999999997244,0,1800.5000000003715,3155.500000000372,177,0.480225988700565,10.17231638418289,1.1160564651282983,0.5539096180853021,1.2353165885230213,-2487.9999999997244,-2487.9999999997244,5.789389067525309,0.0,-249.9999999999909,464.0000000000009,0.5691318327974276,177,True,0,125,128,0,0.0,53,623.0000000001132,0.6611188898793287,59,1337.5000000001387,1.8236496203857813
allow_reclaim_after_opposite_breakout_conservative__buffer_2__require_vwap_false,M2K,2022,177,-4125.4999999998545,0,-1707.9999999996041,-492.9999999996039,177,0.4519774011299435,-9.649717514122058,0.9028524301112176,-0.5363607484088946,-1.359383269890297,-4125.4999999998545,-4360.999999999845,-5.509677419353561,0.0,-249.99999999999432,447.00000000000273,0.5709677419354838,177,False,0,137,117,0,0.0,67,-1347.4999999998477,-1.1472156557923272,68,-1339.4999999998458,-1.6228783186895628
allow_reclaim_after_opposite_breakout_conservative__buffer_2__require_vwap_false,M2K,2023,170,-3770.4999999998718,0,-689.4999999995605,848.0000000004395,170,0.47058823529411764,-4.055882352938591,0.9545709108878555,-0.2281556032627786,-0.44161430725701273,-3770.4999999998718,-3770.4999999998718,-2.224193548385679,0.0,-250.0,463.99999999999636,0.5483870967741935,170,False,0,122,130,0,0.0,47,1518.0000000001144,1.4147910724478538,54,1108.0000000001542,1.517821550533695
allow_reclaim_after_opposite_breakout_conservative__buffer_2__require_vwap_false,M2K,2024,166,-2584.999999999716,0,-868.4999999996023,531.5000000003977,166,0.45180722891566266,-5.231927710840978,0.9431498330824359,-0.28368902510768407,-0.5814680655090766,-2584.999999999716,-2584.999999999716,-2.7747603833853107,0.0,-248.99999999999636,444.00000000000546,0.5303514376996805,166,False,0,130,124,0,0.0,50,382.5000000001262,0.3950609182594286,57,-222.49999999984652,-0.3211098594143842
allow_reclaim_after_opposite_breakout_conservative__buffer_2__require_vwap_false,M2K,2025,182,-3462.9999999997526,0,-1082.4999999995712,415.0000000004288,182,0.4340659340659341,-5.947802197799842,0.9418557808513707,-0.3146398880911789,-0.7807462543900863,-3462.9999999997526,-3462.9999999997526,-3.4695512820499093,0.0,-250.0,459.9999999999909,0.5833333333333334,182,False,0,120,133,0,0.0,55,1381.500000000085,1.2165162264772398,59,1890.5000000000814,2.256520892123973
allow_reclaim_after_opposite_breakout_conservative__buffer_2__require_vwap_false,M2K,2026,38,-1879.999999999925,0,-822.99999999992,-625.49999999992,38,0.4473684210526316,-21.65789473684,0.7683321604504049,-1.3622673809925339,-2.994092276835859,-1879.999999999925,-1879.999999999925,-12.102941176469411,0.0,-241.49999999999181,409.99999999999545,0.5588235294117647,38,False,0,30,25,0,0.0,15,-908.9999999999736,-3.7124530274959957,15,-908.9999999999736,-5.399943661867197
allow_reclaim_after_opposite_breakout_conservative__buffer_2__require_vwap_false,MES,2019,132,-5547.5,0,-4111.25,-2413.75,132,0.3787878787878788,-31.145833333333332,0.7360141263343768,-1.715673520276598,-4.429122177120295,-5547.5,-5547.5,-19.86111111111111,0.0,-250.0,412.5,0.6376811594202898,132,False,0,77,91,0,0.0,42,-2196.25,-2.717993914881299,49,-1857.5,-2.643895200818059
allow_reclaim_after_opposite_breakout_conservative__buffer_2__require_vwap_false,MES,2020,205,-2276.25,0,-663.75,1066.25,205,0.43414634146341463,-3.2378048780487805,0.9700050838840875,-0.17315641581934904,-0.5168842644886917,-2276.25,-2276.25,-2.1274038461538463,0.0,-250.0,455.0,0.657051282051282,205,False,0,127,128,0,0.0,85,-1450.0,-0.941969275662713,92,-1707.5,-1.2556226262979004
allow_reclaim_after_opposite_breakout_conservative__buffer_2__require_vwap_false,MES,2021,199,-1230.0,0,5521.25,7346.25,199,0.47738693467336685,27.74497487437186,1.2821102382321006,1.3932758799305829,3.923597947340166,-1230.0,-1230.0,17.7532154340836,0.0,-250.0,461.25,0.639871382636656,199,True,0,115,138,0,0.0,66,1217.5,0.9298800699560036,73,1140.0,1.0490534523850168
allow_reclaim_after_opposite_breakout_conservative__buffer_2__require_vwap_false,MES,2022,189,-4777.5,0,-2533.75,-1693.75,189,0.4074074074074074,-13.406084656084657,0.8759637743238282,-0.7401368818036134,-2.667565944921833,-4777.5,-4787.5,-8.173387096774194,0.0,-250.0,472.5,0.6096774193548387,189,False,0,135,119,0,0.0,75,-2253.75,-1.7652794639667708,80,-2655.0,-2.6578929558728372
allow_reclaim_after_opposite_breakout_conservative__buffer_2__require_vwap_false,MES,2023,202,-3381.25,0,-1216.25,473.75,202,0.41089108910891087,-6.021039603960396,0.9477527788218869,-0.3088981035160406,-1.0789590057966463,-3381.25,-3381.25,-3.9233870967741935,0.0,-250.0,461.25,0.6516129032258065,202,False,0,117,136,0,0.0,78,-3653.75,-2.8246467059594385,86,-3503.75,-3.007323798861205
allow_reclaim_after_opposite_breakout_conservative__buffer_2__require_vwap_false,MES,2024,199,-3786.25,0,-1280.0,420.0,199,0.3969849246231156,-6.432160804020101,0.9469430051813471,-0.31275129181997585,-1.174142737566547,-3786.25,-3786.25,-4.0894568690095845,0.0,-250.0,467.5,0.6357827476038339,199,False,0,140,115,0,0.0,92,-2880.0,-1.6480120937810878,99,-3053.75,-1.9954654090016841
allow_reclaim_after_opposite_breakout_conservative__buffer_2__require_vwap_false,MES,2025,188,-3290.0,0,-2137.5,-1042.5,188,0.3776595744680851,-11.36968085106383,0.8943270300333704,-0.610043264428902,-1.5884801179406558,-3290.0,-3290.0,-6.850961538461538,0.0,-250.0,467.5,0.6025641025641025,188,False,0,123,130,0,0.0,68,-31.25,-0.02442220418664877,71,502.5,0.502804381062198
allow_reclaim_after_opposite_breakout_conservative__buffer_2__require_vwap_false,MES,2026,40,-968.75,0,-522.5,-360.0,40,0.5,-13.0625,0.8413662239089184,-0.8817423318946518,-2.5215729457038374,-968.75,-968.75,-7.6838235294117645,0.0,-240.0,425.0,0.5882352941176471,40,False,0,24,31,0,0.0,13,-332.5,-1.6709198447795088,14,-465.0,-3.0351343078445665
allow_reclaim_after_opposite_breakout_conservative__buffer_2__require_vwap_false,MGC,2018,95,-7613.999999999055,0,-7118.4999999990305,-4985.9999999990305,95,0.29473684210526313,-74.93157894735822,0.4812534159227941,-3.264342371426503,-6.830907436801277,-7613.999999999055,-7613.999999999055,-30.551502145918587,0.0,-249.99999999995453,423.50000000001273,0.40772532188841204,95,False,0,74,67,0,0.0,35,-3297.999999999697,-4.276804194140854,43,-4332.499999999595,-7.484536701103409
allow_reclaim_after_opposite_breakout_conservative__buffer_2__require_vwap_false,MGC,2019,101,-2974.4999999994184,0,-1234.499999999116,528.000000000884,101,0.39603960396039606,-12.22277227721897,0.8806381435823841,-0.537442493802753,-0.862713387199649,-2974.4999999994184,-2974.4999999994184,-5.018292682923236,0.0,-248.49999999999682,450.0,0.4105691056910569,101,False,0,73,73,0,0.0,37,-1642.9999999996357,-2.343825274721263,42,-952.9999999995948,-1.6177694918568977
allow_reclaim_after_opposite_breakout_conservative__buffer_2__require_vwap_false,MGC,2020,108,-2609.4999999998436,0,176.500000000417,1189.000000000417,108,0.4537037037037037,1.6342592592631204,1.016692675083976,0.0688343712592245,0.12175153974459084,-2609.4999999998436,-2609.4999999998436,0.6214788732409049,0.0,-248.49999999999682,457.9999999999927,0.38028169014084506,108,False,0,77,79,0,0.0,36,-1147.9999999998267,-1.8276066886004907,43,-1854.4999999997935,-3.703619213810521
allow_reclaim_after_opposite_breakout_conservative__buffer_2__require_vwap_false,MGC,2021,105,-3297.4999999995316,0,-3195.99999999949,-2140.99999999949,105,0.4,-30.43809523809038,0.6685163097028857,-1.555567112610036,-2.0141861904621834,-3297.4999999995316,-3297.4999999995316,-11.253521126758766,0.0,-248.99999999999181,415.5000000000109,0.36971830985915494,105,False,0,88,71,0,0.0,46,-3033.4999999998035,-4.501435845054356,50,-2799.9999999997954,-5.211177106496533
allow_reclaim_after_opposite_breakout_conservative__buffer_2__require_vwap_false,MGC,2022,107,-4234.499999999666,0,-1448.4999999995898,-400.9999999995898,107,0.40186915887850466,-13.53738317756626,0.8608816749904307,-0.61770907100722,-0.976283026192521,-4234.499999999666,-4234.499999999666,-5.425093632957266,0.0,-249.99999999995453,457.9999999999927,0.40074906367041196,107,False,0,73,80,0,0.0,37,-1044.4999999998572,-1.5074435025384652,42,-1217.4999999998386,-2.3024307133823143
allow_reclaim_after_opposite_breakout_conservative__buffer_2__require_vwap_false,MGC,2023,110,-5633.999999999558,0,-2902.9999999994197,-1722.9999999994197,110,0.39090909090909093,-26.390909090903815,0.7630977639954689,-1.1537675772047622,-2.1801098297222214,-5633.999999999558,-5633.999999999558,-10.518115942026883,0.0,-249.9999999999909,457.9999999999927,0.39855072463768115,110,False,0,76,75,0,0.0,40,997.0000000002028,1.238707367490542,47,347.00000000025284,0.5064250934441327
allow_reclaim_after_opposite_breakout_conservative__buffer_2__require_vwap_false,MGC,2024,108,-1936.9999999998754,0,541.0000000005152,1401.0000000005152,108,0.4074074074074074,5.00925925926403,1.0564747638186285,0.21730687162269166,0.33113719546547077,-1936.9999999998754,-1936.9999999998754,1.8850174216045827,0.0,-248.99999999997817,463.4999999999809,0.37630662020905925,108,False,0,76,84,0,0.0,37,1161.0000000000446,1.7064982790041072,42,773.5000000000582,1.4773577376773583
allow_reclaim_after_opposite_breakout_conservative__buffer_2__require_vwap_false,MGC,2025,112,-1634.9999999999272,0,3081.99999999993,3691.99999999993,112,0.4375,27.517857142856517,1.3038099462763086,1.0850765428955018,2.1422003390322595,-1634.9999999999272,-1634.9999999999272,10.239202657807077,0.0,-248.99999999998727,468.9999999999782,0.37209302325581395,112,True,0,80,82,0,0.0,44,847.4999999998545,1.0166390591738332,48,828.9999999998827,1.2226816987193938
allow_reclaim_after_opposite_breakout_conservative__buffer_2__require_vwap_false,MGC,2026,16,-1394.5000000000982,0,-989.0000000001146,-944.0000000001146,16,0.25,-61.81250000000716,0.560248999555324,-2.1110804864326242,-4.7199000253791015,-1394.5000000000982,-1394.5000000000982,-14.984848484850222,0.0,-245.0000000000182,360.4999999999927,0.24242424242424243,16,False,0,21,17,0,0.0,5,-894.0000000000236,-8.00833046080639,5,-894.0000000000236,-38.095009740385464
allow_reclaim_after_opposite_breakout_conservative__buffer_2__require_vwap_false,MNQ,2019,129,-2427.0,0,-850.5,337.0,129,0.40310077519379844,-6.593023255813954,0.9336971350613915,-0.3656493816757871,-0.7924415442201559,-2427.0,-2427.0,-4.108695652173913,0.0,-250.0,462.0,0.6231884057971014,129,False,0,83,85,0,0.0,49,-706.0,-0.7980046931872846,53,-492.5,-0.6557682411935493
allow_reclaim_after_opposite_breakout_conservative__buffer_2__require_vwap_false,MNQ,2020,191,-2028.0,0,3454.0,4314.0,191,0.4816753926701571,18.083769633507853,1.1990950226244343,0.9852429851471538,2.936050211591874,-2028.0,-2028.0,11.070512820512821,0.0,-249.5,476.0,0.6121794871794872,191,True,0,116,138,0,0.0,70,-612.0,-0.5390064514635557,75,-567.5,-0.6002902607554461
allow_reclaim_after_opposite_breakout_conservative__buffer_2__require_vwap_false,MNQ,2021,180,-1498.0,0,5935.5,6723.0,180,0.5222222222222223,32.975,1.4146349982535802,1.8304614859184147,4.243028360930485,-1498.0,-1498.0,19.085209003215436,0.0,-249.0,464.0,0.5787781350482315,180,True,0,109,145,0,0.0,50,91.5,0.09230405482838493,63,-499.5,-0.6278376645975376
allow_reclaim_after_opposite_breakout_conservative__buffer_2__require_vwap_false,MNQ,2022,119,-2264.5,0,245.0,580.0,119,0.4369747899159664,2.0588235294117645,1.0201422287992765,0.0879854186045662,0.22357996219276016,-2264.5,-2275.0,0.7903225806451613,0.0,-249.0,470.0,0.38387096774193546,119,False,0,134,120,0,0.0,46,598.0,0.5823736752400616,50,45.5,0.07046033900391614
allow_reclaim_after_opposite_breakout_conservative__buffer_2__require_vwap_false,MNQ,2023,187,-2268.0,0,2412.5,3122.5,187,0.47593582887700536,12.901069518716577,1.1490439563834058,0.7374957427481643,1.8962838498679284,-2268.0,-2268.0,7.782258064516129,0.0,-250.0,482.0,0.603225806451613,187,True,0,112,141,0,0.0,58,-240.5,-0.24756560020504487,65,613.0,0.7532947064514575
allow_reclaim_after_opposite_breakout_conservative__buffer_2__require_vwap_false,MNQ,2024,173,-1594.5,0,3758.5,4388.5,173,0.4508670520231214,21.72543352601156,1.2361905360397158,1.0889736268179382,3.403055008648655,-1594.5,-1594.5,12.007987220447284,0.0,-250.0,478.0,0.5527156549520766,173,True,0,132,123,0,0.0,67,-762.0,-0.6038301485681288,70,-1057.5,-1.1457076734533571
allow_reclaim_after_opposite_breakout_conservative__buffer_2__require_vwap_false,MNQ,2025,127,-1890.0,0,117.5,490.0,127,0.4251968503937008,0.9251968503937008,1.010093634567477,0.04352296273030199,0.09788361568131983,-1890.0,-1890.0,0.3766025641025641,0.0,-245.5,477.0,0.40705128205128205,127,False,0,130,123,0,0.0,51,-432.5,-0.4226772298005776,54,-936.5,-1.391210532880693
allow_reclaim_after_opposite_breakout_conservative__buffer_2__require_vwap_false,MNQ,2026,11,-453.0,0,438.0,465.5,11,0.5454545454545454,39.81818181818182,1.4211538461538462,0.9788968198066784,2.64911909587616,-453.0,-453.0,6.4411764705882355,0.0,-247.5,489.0,0.16176470588235295,11,False,0,24,31,0,0.0,2,-43.0,-0.8158285940320744,2,-43.0,-2.868083354011195
allow_reclaim_after_opposite_breakout_conservative__buffer_2__require_vwap_true,M2K,2019,118,-3583.4999999995807,0,-2728.499999999541,-875.9999999995409,118,0.4152542372881356,-23.122881355928314,0.7767093579934035,-1.283682830558227,-2.6604740682618506,-3583.4999999995807,-3583.4999999995807,-13.181159420287637,0.0,-249.99999999997158,440.0,0.5700483091787439,118,False,0,78,90,0,0.0,30,-967.9999999998836,-1.4734281921606287,37,-1624.4999999998277,-3.4442899527987194
allow_reclaim_after_opposite_breakout_conservative__buffer_2__require_vwap_true,M2K,2020,177,-3617.4999999996253,0,-2037.999999999542,-370.49999999954184,177,0.4463276836158192,-11.514124293782723,0.8801634669097359,-0.654474341348169,-1.237278602679701,-3617.4999999996253,-3617.4999999996253,-6.532051282049814,0.0,-248.99999999999864,451.9999999999982,0.5673076923076923,177,False,0,126,129,0,0.0,56,-1997.9999999998768,-1.8768069260436178,63,-2831.9999999998618,-3.627396305933131
allow_reclaim_after_opposite_breakout_conservative__buffer_2__require_vwap_true,M2K,2021,177,-2517.99999999972,0,1683.5000000003706,3038.5000000003706,177,0.4689265536723164,9.511299435030342,1.1082253865192646,0.5176810045154655,1.1080714018767535,-2517.99999999972,-2517.99999999972,5.413183279743957,0.0,-249.9999999999909,464.0000000000009,0.5691318327974276,177,True,0,125,128,0,0.0,53,536.0000000001082,0.5698864553468961,59,1220.5000000001382,1.6599665409808626
allow_reclaim_after_opposite_breakout_conservative__buffer_2__require_vwap_true,M2K,2022,177,-4126.9999999998545,0,-1719.4999999996023,-504.4999999996021,177,0.4519774011299435,-9.714689265534476,0.902156594969863,-0.5403049961101489,-1.369322346250079,-4126.9999999998545,-4362.499999999845,-5.5467741935471055,0.0,-249.99999999999432,447.00000000000273,0.5709677419354838,177,False,0,137,117,0,0.0,67,-1358.9999999998463,-1.1593513022459314,68,-1350.9999999998445,-1.6402201098015308
allow_reclaim_after_opposite_breakout_conservative__buffer_2__require_vwap_true,M2K,2023,170,-3843.49999999988,0,-762.499999999568,765.000000000432,170,0.47058823529411764,-4.485294117644518,0.9497777045941326,-0.25325396476687234,-0.488919713887538,-3843.49999999988,-3843.49999999988,-2.459677419353445,0.0,-250.0,463.99999999999636,0.5483870967741935,170,False,0,122,130,0,0.0,47,1444.0000000001146,1.3609386671733374,54,1035.0000000001467,1.4328589573567998
allow_reclaim_after_opposite_breakout_conservative__buffer_2__require_vwap_true,M2K,2024,166,-2295.4999999997144,0,-603.9999999995996,783.5000000004004,166,0.4578313253012048,-3.638554216865058,0.9597762386787682,-0.19807626077794963,-0.40272049400649473,-2295.4999999997144,-2295.4999999997144,-1.9297124600626185,0.0,-248.99999999999636,444.00000000000546,0.5303514376996805,166,False,0,130,124,0,0.0,50,681.5000000001282,0.7160407666712207,57,42.000000000156206,0.06148981684578291
allow_reclaim_after_opposite_breakout_conservative__buffer_2__require_vwap_true,M2K,2025,182,-3518.499999999748,0,-1169.9999999995716,322.5000000004284,182,0.42857142857142855,-6.428571428569075,0.9372031237420709,-0.3405729440659059,-0.8260419387935175,-3518.499999999748,-3518.499999999748,-3.7499999999986255,0.0,-250.0,459.9999999999909,0.5833333333333334,182,False,0,120,133,0,0.0,55,1294.000000000085,1.1448648913943529,59,1803.0000000000814,2.16000431760911
allow_reclaim_after_opposite_breakout_conservative__buffer_2__require_vwap_true,M2K,2026,38,-1881.4999999999259,0,-824.4999999999209,-626.9999999999209,38,0.4473684210526316,-21.697368421050548,0.768007878446838,-1.3645336673172805,-3.000275553173375,-1881.4999999999259,-1881.4999999999259,-12.124999999998836,0.0,-241.49999999999181,409.99999999999545,0.5588235294117647,38,False,0,30,25,0,0.0,15,-910.4999999999745,-3.717196289388784,15,-910.4999999999745,-5.407242942674876
allow_reclaim_after_opposite_breakout_conservative__buffer_2__require_vwap_true,MES,2019,132,-5610.0,0,-4178.75,-2486.25,132,0.3787878787878788,-31.65719696969697,0.7311620426216325,-1.7521646085433993,-4.511624275261848,-5610.0,-5610.0,-20.18719806763285,0.0,-250.0,412.5,0.6376811594202898,132,False,0,77,91,0,0.0,42,-2241.25,-2.814766801950135,49,-1925.0,-2.7778509547569303
allow_reclaim_after_opposite_breakout_conservative__buffer_2__require_vwap_true,MES,2020,205,-2231.25,0,-111.25,1608.75,205,0.43414634146341463,-0.5426829268292683,0.9949293527803099,-0.028910352424179643,-0.08432386413968487,-2231.25,-2231.25,-0.35657051282051283,0.0,-250.0,455.0,0.657051282051282,205,False,0,127,128,0,0.0,85,-897.5,-0.5768801065690013,92,-1155.0,-0.8404230631987137
allow_reclaim_after_opposite_breakout_conservative__buffer_2__require_vwap_true,MES,2021,199,-1230.0,0,5345.0,7170.0,199,0.47738693467336685,26.85929648241206,1.2722353090978544,1.3518294040367875,3.7983776632195676,-1230.0,-1230.0,17.186495176848876,0.0,-250.0,461.25,0.639871382636656,199,True,0,115,138,0,0.0,66,1041.25,0.801659556800392,73,963.75,0.8932473860220483
allow_reclaim_after_opposite_breakout_conservative__buffer_2__require_vwap_true,MES,2022,189,-4730.0,0,-2690.0,-1852.5,189,0.4074074074074074,-14.232804232804233,0.8681857160357712,-0.7888059661512964,-2.8007404702069363,-4730.0,-4740.0,-8.67741935483871,0.0,-250.0,472.5,0.6096774193548387,189,False,0,135,119,0,0.0,75,-2296.25,-1.8180188846518466,80,-2811.25,-2.8512980975392423
allow_reclaim_after_opposite_breakout_conservative__buffer_2__require_vwap_true,MES,2023,201,-3152.5,0,-1077.5,605.0,201,0.4129353233830846,-5.3606965174129355,0.9533625493696911,-0.27426562271401017,-0.9487787947773775,-3152.5,-3152.5,-3.475806451612903,0.0,-250.0,461.25,0.6483870967741936,201,False,0,117,136,0,0.0,77,-3537.5,-2.7600785026421124,85,-3365.0,-2.922559109860036
allow_reclaim_after_opposite_breakout_conservative__buffer_2__require_vwap_true,MES,2024,198,-4006.25,0,-1510.0,172.5,198,0.3939393939393939,-7.626262626262626,0.9369519832985386,-0.371796634350217,-1.327545732053803,-4006.25,-4006.25,-4.824281150159744,0.0,-250.0,467.5,0.6325878594249201,198,False,0,140,115,0,0.0,91,-3053.75,-1.77439458264543,98,-3283.75,-2.197531459191265
allow_reclaim_after_opposite_breakout_conservative__buffer_2__require_vwap_true,MES,2025,188,-3283.75,0,-2135.0,-1040.0,188,0.3776595744680851,-11.356382978723405,0.8943330858698342,-0.60955245079042,-1.5822063862419051,-3283.75,-3283.75,-6.842948717948718,0.0,-250.0,467.5,0.6025641025641025,188,False,0,123,130,0,0.0,68,-28.75,-0.022492838030435263,71,505.0,0.5058279452745734
allow_reclaim_after_opposite_breakout_conservative__buffer_2__require_vwap_true,MES,2026,40,-966.25,0,-520.0,-357.5,40,0.5,-13.0,0.8421252371916509,-0.8774325900482411,-2.5095080033798944,-966.25,-966.25,-7.647058823529412,0.0,-240.0,425.0,0.5882352941176471,40,False,0,24,31,0,0.0,13,-330.0,-1.6577580578938977,14,-462.5,-3.0173995048681763
allow_reclaim_after_opposite_breakout_conservative__buffer_2__require_vwap_true,MGC,2018,95,-7635.999999999035,0,-7140.4999999990105,-5007.9999999990105,95,0.28421052631578947,-75.16315789472642,0.48061536223454643,-3.2767922647665797,-6.725187389161573,-7635.999999999035,-7635.999999999035,-30.64592274677687,0.0,-249.99999999995453,423.50000000001273,0.40772532188841204,95,False,0,74,67,0,0.0,35,-3346.4999999996735,-4.34048892931563,43,-4354.499999999575,-7.54275041419603
allow_reclaim_after_opposite_breakout_conservative__buffer_2__require_vwap_true,MGC,2019,99,-3124.999999999427,0,-1301.9999999991433,428.00000000085674,99,0.40404040404040403,-13.151515151506498,0.8732538330494792,-0.5709479077246788,-0.9317174644738307,-3124.999999999427,-3124.999999999427,-5.292682926825786,0.0,-248.49999999999682,450.0,0.4024390243902439,99,False,0,73,73,0,0.0,35,-1757.9999999996562,-2.6068263511715286,40,-1020.4999999996221,-1.8108958153187382
allow_reclaim_after_opposite_breakout_conservative__buffer_2__require_vwap_true,MGC,2020,108,-2955.9999999998445,0,-246.4999999995871,756.0000000004129,108,0.4444444444444444,-2.2824074074035843,0.9768707482993578,-0.09699687811423974,-0.1695331380187264,-2955.9999999998445,-2955.9999999998445,-0.8679577464774193,0.0,-248.49999999999682,457.9999999999927,0.38028169014084506,108,False,0,77,79,0,0.0,36,-1602.499999999834,-2.6909328829372514,43,-2277.4999999997976,-4.788862859254741
allow_reclaim_after_opposite_breakout_conservative__buffer_2__require_vwap_true,MGC,2021,103,-2971.4999999995393,0,-2953.499999999501,-1940.9999999995011,103,0.4077669902912621,-28.674757281548555,0.681047516198744,-1.460378770486487,-1.8375188186602736,-2971.4999999995393,-3024.9999999995157,-10.399647887322187,0.0,-248.99999999999181,415.5000000000109,0.3626760563380282,103,False,0,88,71,0,0.0,44,-2786.9999999998186,-4.314519184378458,48,-2557.4999999998067,-5.035875492714173
allow_reclaim_after_opposite_breakout_conservative__buffer_2__require_vwap_true,MGC,2022,107,-4078.999999999669,0,-1289.4999999995662,-251.99999999956617,107,0.40186915887850466,-12.051401869154825,0.8742319321174669,-0.5534335639759022,-0.8836803107953463,-4078.999999999669,-4078.999999999669,-4.829588014979649,0.0,-249.99999999995453,457.9999999999927,0.40074906367041196,107,False,0,73,80,0,0.0,37,-860.4999999998472,-1.266762679443391,42,-1058.499999999815,-2.037899189219657
allow_reclaim_after_opposite_breakout_conservative__buffer_2__require_vwap_true,MGC,2023,109,-5251.499999999543,0,-2562.4999999993997,-1399.9999999993997,109,0.3944954128440367,-23.509174311921097,0.7860839802988986,-1.019010729905556,-1.9222173497797914,-5251.499999999543,-5251.499999999543,-9.284420289852898,0.0,-249.9999999999909,457.9999999999927,0.39492753623188404,109,False,0,76,75,0,0.0,40,1096.0000000002128,1.3490628687210273,46,687.5000000002728,1.0184554787698892
allow_reclaim_after_opposite_breakout_conservative__buffer_2__require_vwap_true,MGC,2024,108,-1942.99999999987,0,573.0000000005225,1433.0000000005225,108,0.4074074074074074,5.305555555560393,1.0600157109191477,0.23015962910868068,0.3475041501228383,-1942.99999999987,-1942.99999999987,1.9965156794443293,0.0,-248.99999999997817,463.4999999999809,0.37630662020905925,108,False,0,76,84,0,0.0,37,1176.500000000051,1.7287662805890462,42,805.5000000000655,1.5389618586458071
allow_reclaim_after_opposite_breakout_conservative__buffer_2__require_vwap_true,MGC,2025,110,-1644.4999999999163,0,3131.9999999999163,3746.9999999999163,110,0.45454545454545453,28.472727272726512,1.313012192684388,1.1093817743011665,2.3138960711495953,-1644.4999999999163,-1644.4999999999163,10.405315614617662,0.0,-248.99999999998727,468.9999999999782,0.3654485049833887,110,True,0,80,82,0,0.0,42,897.4999999998408,1.0972153801214524,46,878.999999999869,1.3476295936589753
allow_reclaim_after_opposite_breakout_conservative__buffer_2__require_vwap_true,MGC,2026,17,-1544.0000000001055,0,-1235.50000000012,-1188.00000000012,17,0.23529411764705882,-72.67647058824235,0.5049088359045987,-2.558393629034263,-5.836308165483979,-1544.0000000001055,-1544.0000000001055,-18.719696969698788,0.0,-246.50000000000546,360.4999999999927,0.25757575757575757,17,False,0,21,17,0,0.0,5,-894.0000000000236,-8.00833046080639,6,-1140.500000000029,-41.59488667668939
allow_reclaim_after_opposite_breakout_conservative__buffer_2__require_vwap_true,MNQ,2019,129,-2313.5,0,-743.5,444.0,129,0.40310077519379844,-5.763565891472868,0.9419435442939132,-0.31791216209449413,-0.6936344627945269,-2313.5,-2313.5,-3.5917874396135265,0.0,-250.0,478.0,0.6231884057971014,129,False,0,83,85,0,0.0,49,-608.0,-0.6764535951758301,53,-385.5,-0.5064452189706189
allow_reclaim_after_opposite_breakout_conservative__buffer_2__require_vwap_true,MNQ,2020,191,-2037.5,0,2840.5,3695.5,191,0.47643979057591623,14.8717277486911,1.1623838788052023,0.8176190244670875,2.4158627006704028,-2037.5,-2037.5,9.104166666666666,0.0,-249.5,476.0,0.6121794871794872,191,True,0,116,138,0,0.0,70,-1217.5,-1.1134567610674027,75,-1181.0,-1.2941830440623996
allow_reclaim_after_opposite_breakout_conservative__buffer_2__require_vwap_true,MNQ,2021,180,-1498.0,0,5925.5,6713.0,180,0.5222222222222223,32.919444444444444,1.4139364303178483,1.827373448406273,4.2358797999652245,-1498.0,-1498.0,19.05305466237942,0.0,-249.0,464.0,0.5787781350482315,180,True,0,109,145,0,0.0,50,96.0,0.09679656049668107,63,-509.5,-0.6404706315204207
allow_reclaim_after_opposite_breakout_conservative__buffer_2__require_vwap_true,MNQ,2022,119,-2316.5,0,306.0,641.0,119,0.4369747899159664,2.5714285714285716,1.025378395189716,0.11007395598196973,0.2615654373454054,-2316.5,-2327.0,0.9870967741935484,0.0,-249.0,470.0,0.38387096774193546,119,False,0,134,120,0,0.0,46,669.5,0.6560170524934569,50,106.5,0.1657498163137114
allow_reclaim_after_opposite_breakout_conservative__buffer_2__require_vwap_true,MNQ,2023,187,-2268.0,0,2234.0,2941.5,187,0.47593582887700536,11.946524064171124,1.1379608472796887,0.6877382369526625,1.7554148946323,-2268.0,-2268.0,7.2064516129032254,0.0,-250.0,482.0,0.603225806451613,187,True,0,112,141,0,0.0,58,-425.5,-0.4517190202306489,65,434.5,0.5469920568474687
allow_reclaim_after_opposite_breakout_conservative__buffer_2__require_vwap_true,MNQ,2024,173,-1585.0,0,3793.0,4423.0,173,0.4508670520231214,21.92485549132948,1.2379175160733888,1.0927638148851775,3.4188670947231223,-1585.0,-1585.0,12.118210862619808,0.0,-250.0,478.0,0.5527156549520766,173,True,0,132,123,0,0.0,67,-727.5,-0.5662955819733528,70,-1023.0,-1.0887858046269094
allow_reclaim_after_opposite_breakout_conservative__buffer_2__require_vwap_true,MNQ,2025,126,-1781.5,0,338.0,708.0,126,0.42063492063492064,2.6825396825396823,1.0295454545454545,0.12539456567517437,0.2735449123159223,-1781.5,-1781.5,1.0833333333333333,0.0,-245.5,477.0,0.40384615384615385,126,False,0,130,123,0,0.0,51,-433.0,-0.41999978640363217,53,-716.0,-1.0765811335069428
allow_reclaim_after_opposite_breakout_conservative__buffer_2__require_vwap_true,MNQ,2026,11,-453.0,0,434.5,462.0,11,0.5454545454545454,39.5,1.4177884615384615,0.9714840800892108,2.627950335977607,-453.0,-453.0,6.389705882352941,0.0,-247.5,489.0,0.16176470588235295,11,False,0,24,31,0,0.0,2,-46.5,-0.8927516804852428,2,-46.5,-3.1478235214798334
allow_reclaim_after_opposite_breakout_strict__buffer_0__reclaim_1,M2K,2019,118,-3583.4999999995807,0,-2728.499999999541,-875.9999999995409,118,0.4152542372881356,-23.122881355928314,0.7767093579934035,-1.283682830558227,-2.6604740682618506,-3583.4999999995807,-3583.4999999995807,-13.181159420287637,0.0,-249.99999999997158,440.0,0.5700483091787439,118,False,0,82,86,0,0.0,34,-1371.9999999998731,-1.8823963463663202,40,-1788.4999999998195,-3.445082728089684
allow_reclaim_after_opposite_breakout_strict__buffer_0__reclaim_1,M2K,2020,177,-3617.4999999996253,0,-2037.999999999542,-370.49999999954184,177,0.4463276836158192,-11.514124293782723,0.8801634669097359,-0.654474341348169,-1.237278602679701,-3617.4999999996253,-3617.4999999996253,-6.532051282049814,0.0,-248.99999999999864,451.9999999999982,0.5673076923076923,177,False,0,128,127,0,0.0,58,-1775.4999999998759,-1.5921417401315072,65,-2609.499999999861,-3.1650868128240526
allow_reclaim_after_opposite_breakout_strict__buffer_0__reclaim_1,M2K,2021,177,-2517.99999999972,0,1683.5000000003706,3038.5000000003706,177,0.4689265536723164,9.511299435030342,1.1082253865192646,0.5176810045154655,1.1080714018767535,-2517.99999999972,-2517.99999999972,5.413183279743957,0.0,-249.9999999999909,464.0000000000009,0.5691318327974276,177,True,0,126,127,0,0.0,54,408.5000000001105,0.4305240595789247,60,1093.0000000001405,1.4672726617568226
allow_reclaim_after_opposite_breakout_strict__buffer_0__reclaim_1,M2K,2022,177,-4126.9999999998545,0,-1719.4999999996023,-504.4999999996021,177,0.4519774011299435,-9.714689265534476,0.902156594969863,-0.5403049961101489,-1.369322346250079,-4126.9999999998545,-4362.499999999845,-5.5467741935471055,0.0,-249.99999999999432,447.00000000000273,0.5709677419354838,177,False,0,138,116,0,0.0,68,-1452.999999999845,-1.2333314838803446,69,-1444.999999999843,-1.7397116637226768
allow_reclaim_after_opposite_breakout_strict__buffer_0__reclaim_1,M2K,2023,170,-3843.49999999988,0,-762.499999999568,765.000000000432,170,0.47058823529411764,-4.485294117644518,0.9497777045941326,-0.25325396476687234,-0.488919713887538,-3843.49999999988,-3843.49999999988,-2.459677419353445,0.0,-250.0,463.99999999999636,0.5483870967741935,170,False,0,123,129,0,0.0,48,1316.500000000118,1.2306336535421296,55,907.5000000001501,1.2395095438903578
allow_reclaim_after_opposite_breakout_strict__buffer_0__reclaim_1,M2K,2024,166,-2295.4999999997144,0,-603.9999999995996,783.5000000004004,166,0.4578313253012048,-3.638554216865058,0.9597762386787682,-0.19807626077794963,-0.40272049400649473,-2295.4999999997144,-2295.4999999997144,-1.9297124600626185,0.0,-248.99999999999636,444.00000000000546,0.5303514376996805,166,False,0,132,123,0,0.0,51,479.00000000012824,0.49346673800757057,58,-160.4999999998438,-0.23068552351602198
allow_reclaim_after_opposite_breakout_strict__buffer_0__reclaim_1,M2K,2025,182,-3518.499999999748,0,-1169.9999999995716,322.5000000004284,182,0.42857142857142855,-6.428571428569075,0.9372031237420709,-0.3405729440659059,-0.8260419387935175,-3518.499999999748,-3518.499999999748,-3.7499999999986255,0.0,-250.0,459.9999999999909,0.5833333333333334,182,False,0,121,132,0,0.0,56,1589.500000000089,1.3799609292721624,60,2098.5000000000855,2.4645597354476423
allow_reclaim_after_opposite_breakout_strict__buffer_0__reclaim_1,M2K,2026,38,-1898.499999999924,0,-841.499999999919,-643.999999999919,38,0.4473684210526316,-22.144736842103132,0.7643517222066826,-1.3890559937930302,-3.032542595542686,-1898.499999999924,-1898.499999999924,-12.37499999999881,0.0,-241.49999999999181,409.99999999999545,0.5588235294117647,38,False,0,32,23,0,0.0,16,-1138.4999999999718,-4.335348263628502,16,-1138.4999999999718,-6.373390926491151
allow_reclaim_after_opposite_breakout_strict__buffer_0__reclaim_1,MES,2019,132,-5602.5,0,-4171.25,-2478.75,132,0.3787878787878788,-31.60037878787879,0.7315150052297047,-1.7494151118912133,-4.506579562757408,-5602.5,-5602.5,-20.15096618357488,0.0,-250.0,412.5,0.6376811594202898,132,False,0,84,84,0,0.0,49,-2451.25,-2.7454441760774517,55,-2217.5,-2.8509288402403117
allow_reclaim_after_opposite_breakout_strict__buffer_0__reclaim_1,MES,2020,204,-2231.25,0,-478.75,1226.25,204,0.43137254901960786,-2.346813725490196,0.9781791248860529,-0.12512408575675885,-0.3628768535449366,-2231.25,-2231.25,-1.5344551282051282,0.0,-250.0,455.0,0.6538461538461539,204,False,0,128,127,0,0.0,85,-1508.75,-0.9748519538847793,94,-2205.0,-1.5897508970620653
allow_reclaim_after_opposite_breakout_strict__buffer_0__reclaim_1,MES,2021,199,-1230.0,0,5345.0,7170.0,199,0.47738693467336685,26.85929648241206,1.2722353090978544,1.3518294040367875,3.7983776632195676,-1230.0,-1230.0,17.186495176848876,0.0,-250.0,461.25,0.639871382636656,199,True,0,117,137,0,0.0,67,793.75,0.6005824073541864,75,1080.0,0.9649214107986317
allow_reclaim_after_opposite_breakout_strict__buffer_0__reclaim_1,MES,2022,189,-4671.25,0,-2631.25,-1796.25,189,0.4074074074074074,-13.921957671957673,0.8706923029670127,-0.7725669892850906,-2.759041617012069,-4671.25,-4681.25,-8.487903225806452,0.0,-250.0,472.5,0.6096774193548387,189,False,0,136,118,0,0.0,76,-2533.75,-1.9826662036237492,82,-3233.75,-3.207319947172001
allow_reclaim_after_opposite_breakout_strict__buffer_0__reclaim_1,MES,2023,201,-3152.5,0,-1077.5,605.0,201,0.4129353233830846,-5.3606965174129355,0.9533625493696911,-0.27426562271401017,-0.9487787947773775,-3152.5,-3152.5,-3.475806451612903,0.0,-250.0,461.25,0.6483870967741936,201,False,0,126,127,0,0.0,83,-3938.75,-2.8323478266822124,91,-3766.25,-3.038909882823748
allow_reclaim_after_opposite_breakout_strict__buffer_0__reclaim_1,MES,2024,198,-4006.25,0,-1510.0,172.5,198,0.3939393939393939,-7.626262626262626,0.9369519832985386,-0.371796634350217,-1.327545732053803,-4006.25,-4006.25,-4.824281150159744,0.0,-250.0,467.5,0.6325878594249201,198,False,0,143,112,0,0.0,94,-3456.25,-1.9716372924988608,101,-3686.25,-2.4139857887760248
allow_reclaim_after_opposite_breakout_strict__buffer_0__reclaim_1,MES,2025,188,-3283.75,0,-2135.0,-1040.0,188,0.3776595744680851,-11.356382978723405,0.8943330858698342,-0.60955245079042,-1.5822063862419051,-3283.75,-3283.75,-6.842948717948718,0.0,-250.0,467.5,0.6025641025641025,188,False,0,124,129,0,0.0,69,318.75,0.2440356340257122,72,852.5,0.8345772866198459
allow_reclaim_after_opposite_breakout_strict__buffer_0__reclaim_1,MES,2026,40,-966.25,0,-520.0,-357.5,40,0.5,-13.0,0.8421252371916509,-0.8774325900482411,-2.5095080033798944,-966.25,-966.25,-7.647058823529412,0.0,-240.0,425.0,0.5882352941176471,40,False,0,24,31,0,0.0,13,-330.0,-1.6577580578938977,14,-462.5,-3.0173995048681763
allow_reclaim_after_opposite_breakout_strict__buffer_0__reclaim_1,MGC,2018,95,-7639.999999999031,0,-7144.499999999007,-5011.999999999007,95,0.28421052631578947,-75.20526315788429,0.48032441082343236,-3.2790024311710577,-6.728954737324394,-7639.999999999031,-7639.999999999031,-30.6630901287511,0.0,-249.99999999995453,423.50000000001273,0.40772532188841204,95,False,0,83,58,0,0.0,43,-4145.999999999567,-4.860186377189503,49,-5143.499999999492,-8.07000112355778
allow_reclaim_after_opposite_breakout_strict__buffer_0__reclaim_1,MGC,2019,98,-2857.999999999438,0,-1034.9999999991542,680.0000000008458,98,0.40816326530612246,-10.561224489787287,0.8965568937085383,-0.4567287603250175,-0.739482289220022,-2857.999999999438,-2857.999999999438,-4.207317073167293,0.0,-248.49999999999682,450.0,0.3983739837398374,98,False,0,78,68,0,0.0,39,-2458.4999999995784,-3.3916695224305333,43,-1715.9999999995716,-2.852456764628969
allow_reclaim_after_opposite_breakout_strict__buffer_0__reclaim_1,MGC,2020,107,-2955.9999999998445,0,-37.999999999592546,957.0000000004075,107,0.4485981308411215,-0.3551401869120799,0.9963632883529915,-0.015009630764272745,-0.025947974831204642,-2955.9999999998445,-2955.9999999998445,-0.13380281689997375,0.0,-248.49999999999682,457.9999999999927,0.3767605633802817,107,False,0,78,78,0,0.0,36,-1202.9999999998358,-2.000382553588236,42,-2068.999999999803,-4.443650016880213
allow_reclaim_after_opposite_breakout_strict__buffer_0__reclaim_1,MGC,2021,101,-2641.4999999995575,0,-2623.4999999995193,-1640.9999999995193,101,0.4158415841584158,-25.975247524747715,0.7062150055991452,-1.3073162856372027,-1.6189287360808053,-2641.4999999995575,-2694.999999999534,-9.237676056336335,0.0,-248.99999999999181,415.5000000000109,0.35563380281690143,101,False,0,92,67,0,0.0,46,-2699.4999999998117,-3.9853395956475013,50,-2469.9999999998,-4.651535190928956
allow_reclaim_after_opposite_breakout_strict__buffer_0__reclaim_1,MGC,2022,104,-3828.9999999997144,0,-797.4999999996226,170.00000000037744,104,0.41346153846153844,-7.668269230765602,0.9182973056039703,-0.3459104495400854,-0.5511993025298814,-3828.9999999997144,-3828.9999999997144,-2.9868913857663766,0.0,-247.4999999999909,457.9999999999927,0.3895131086142322,104,False,0,76,77,0,0.0,36,-822.9999999998881,-1.1896935799161066,41,-1020.9999999998558,-1.9932899279962488
allow_reclaim_after_opposite_breakout_strict__buffer_0__reclaim_1,MGC,2023,106,-4830.499999999558,0,-2141.4999999994143,-1013.9999999994143,106,0.4056603773584906,-20.20283018867372,0.8147170790794694,-0.8570809419048545,-1.6273373287472366,-4830.499999999558,-4830.499999999558,-7.75905797101237,0.0,-249.9999999999909,457.9999999999927,0.38405797101449274,106,False,0,83,68,0,0.0,44,1309.0000000002397,1.4546337205548208,50,900.5000000002997,1.215684419298183
allow_reclaim_after_opposite_breakout_strict__buffer_0__reclaim_1,MGC,2024,105,-1942.99999999987,0,453.0000000005134,1303.0000000005134,105,0.4095238095238095,4.3142857142906035,1.0474917439849605,0.18223097222050957,0.2820936164270164,-1942.99999999987,-1942.99999999987,1.578397212545343,0.0,-248.99999999997817,463.4999999999809,0.36585365853658536,105,False,0,78,82,0,0.0,36,688.0000000000473,0.9778897245509989,41,337.50000000006366,0.6416891550333638
allow_reclaim_after_opposite_breakout_strict__buffer_0__reclaim_1,MGC,2025,107,-1802.9999999999154,0,3045.5000000000337,3608.0000000000337,107,0.45794392523364486,28.46261682243022,1.3140176315925287,1.0964767323898243,2.263528189212107,-1802.9999999999154,-1802.9999999999154,10.11794019933566,0.0,-248.99999999998727,468.9999999999782,0.3554817275747508,107,True,0,85,78,0,0.0,43,179.49999999998454,0.2150068517531422,47,161.00000000001273,0.24603497966169188
allow_reclaim_after_opposite_breakout_strict__buffer_0__reclaim_1,MGC,2026,17,-1544.0000000001055,0,-1235.50000000012,-1188.00000000012,17,0.23529411764705882,-72.67647058824235,0.5049088359045987,-2.558393629034263,-5.836308165483979,-1544.0000000001055,-1544.0000000001055,-18.719696969698788,0.0,-246.50000000000546,360.4999999999927,0.25757575757575757,17,False,0,21,17,0,0.0,5,-894.0000000000236,-8.00833046080639,6,-1140.500000000029,-41.59488667668939
allow_reclaim_after_opposite_breakout_strict__buffer_0__reclaim_1,MNQ,2019,129,-2313.5,0,-747.5,440.0,129,0.40310077519379844,-5.794573643410852,0.9416494282034269,-0.31958174226496944,-0.6971084974896107,-2313.5,-2313.5,-3.611111111111111,0.0,-250.0,478.0,0.6231884057971014,129,False,0,85,83,0,0.0,51,-808.0,-0.8803603699698214,55,-585.5,-0.7490629611796875
allow_reclaim_after_opposite_breakout_strict__buffer_0__reclaim_1,MNQ,2020,190,-1791.5,0,3086.5,3934.0,190,0.4789473684210526,16.24473684210526,1.178963847737222,0.8914140042975831,2.630750903902219,-1791.5,-1791.5,9.892628205128204,0.0,-249.5,476.0,0.6089743589743589,190,True,0,116,138,0,0.0,69,-971.5,-0.8981923892668958,74,-935.0,-1.0415565816371335
allow_reclaim_after_opposite_breakout_strict__buffer_0__reclaim_1,MNQ,2021,180,-1498.0,0,5925.5,6713.0,180,0.5222222222222223,32.919444444444444,1.4139364303178483,1.827373448406273,4.2358797999652245,-1498.0,-1498.0,19.05305466237942,0.0,-249.0,464.0,0.5787781350482315,180,True,0,109,145,0,0.0,50,96.0,0.09679656049668107,63,-509.5,-0.6404706315204207
allow_reclaim_after_opposite_breakout_strict__buffer_0__reclaim_1,MNQ,2022,119,-2316.5,0,306.0,641.0,119,0.4369747899159664,2.5714285714285716,1.025378395189716,0.11007395598196973,0.2615654373454054,-2316.5,-2327.0,0.9870967741935484,0.0,-249.0,470.0,0.38387096774193546,119,False,0,134,120,0,0.0,46,669.5,0.6560170524934569,50,106.5,0.1657498163137114
allow_reclaim_after_opposite_breakout_strict__buffer_0__reclaim_1,MNQ,2023,187,-2268.0,0,2204.0,2911.5,187,0.47593582887700536,11.786096256684491,1.1358565000308205,0.6783718618750476,1.746683903563871,-2268.0,-2268.0,7.109677419354838,0.0,-250.0,482.0,0.603225806451613,187,True,0,113,140,0,0.0,59,-488.5,-0.5158526443629331,66,371.5,0.4636717827468041
allow_reclaim_after_opposite_breakout_strict__buffer_0__reclaim_1,MNQ,2024,173,-1585.0,0,3793.0,4423.0,173,0.4508670520231214,21.92485549132948,1.2379175160733888,1.0927638148851775,3.4188670947231223,-1585.0,-1585.0,12.118210862619808,0.0,-250.0,478.0,0.5527156549520766,173,True,0,132,123,0,0.0,67,-727.5,-0.5662955819733528,70,-1023.0,-1.0887858046269094
allow_reclaim_after_opposite_breakout_strict__buffer_0__reclaim_1,MNQ,2025,126,-1781.5,0,338.0,708.0,126,0.42063492063492064,2.6825396825396823,1.0295454545454545,0.12539456567517437,0.2735449123159223,-1781.5,-1781.5,1.0833333333333333,0.0,-245.5,477.0,0.40384615384615385,126,False,0,130,123,0,0.0,51,-433.0,-0.41999978640363217,53,-716.0,-1.0765811335069428
allow_reclaim_after_opposite_breakout_strict__buffer_0__reclaim_1,MNQ,2026,11,-453.0,0,434.5,462.0,11,0.5454545454545454,39.5,1.4177884615384615,0.9714840800892108,2.627950335977607,-453.0,-453.0,6.389705882352941,0.0,-247.5,489.0,0.16176470588235295,11,False,0,24,31,0,0.0,2,-46.5,-0.8927516804852428,2,-46.5,-3.1478235214798334
allow_reclaim_after_opposite_breakout_strict__buffer_0__reclaim_2,M2K,2019,118,-3583.4999999995807,0,-2728.499999999541,-875.9999999995409,118,0.4152542372881356,-23.122881355928314,0.7767093579934035,-1.283682830558227,-2.6604740682618506,-3583.4999999995807,-3583.4999999995807,-13.181159420287637,0.0,-249.99999999997158,440.0,0.5700483091787439,118,False,0,82,86,0,0.0,34,-1371.9999999998731,-1.8823963463663202,40,-1788.4999999998195,-3.445082728089684
allow_reclaim_after_opposite_breakout_strict__buffer_0__reclaim_2,M2K,2020,177,-3617.4999999996253,0,-2037.999999999542,-370.49999999954184,177,0.4463276836158192,-11.514124293782723,0.8801634669097359,-0.654474341348169,-1.237278602679701,-3617.4999999996253,-3617.4999999996253,-6.532051282049814,0.0,-248.99999999999864,451.9999999999982,0.5673076923076923,177,False,0,128,127,0,0.0,58,-1775.4999999998759,-1.5921417401315072,65,-2609.499999999861,-3.1650868128240526
allow_reclaim_after_opposite_breakout_strict__buffer_0__reclaim_2,M2K,2021,177,-2517.99999999972,0,1683.5000000003706,3038.5000000003706,177,0.4689265536723164,9.511299435030342,1.1082253865192646,0.5176810045154655,1.1080714018767535,-2517.99999999972,-2517.99999999972,5.413183279743957,0.0,-249.9999999999909,464.0000000000009,0.5691318327974276,177,True,0,126,127,0,0.0,54,408.5000000001105,0.4305240595789247,60,1093.0000000001405,1.4672726617568226
allow_reclaim_after_opposite_breakout_strict__buffer_0__reclaim_2,M2K,2022,177,-4126.9999999998545,0,-1719.4999999996023,-504.4999999996021,177,0.4519774011299435,-9.714689265534476,0.902156594969863,-0.5403049961101489,-1.369322346250079,-4126.9999999998545,-4362.499999999845,-5.5467741935471055,0.0,-249.99999999999432,447.00000000000273,0.5709677419354838,177,False,0,138,116,0,0.0,68,-1452.999999999845,-1.2333314838803446,69,-1444.999999999843,-1.7397116637226768
allow_reclaim_after_opposite_breakout_strict__buffer_0__reclaim_2,M2K,2023,170,-3843.49999999988,0,-762.499999999568,765.000000000432,170,0.47058823529411764,-4.485294117644518,0.9497777045941326,-0.25325396476687234,-0.488919713887538,-3843.49999999988,-3843.49999999988,-2.459677419353445,0.0,-250.0,463.99999999999636,0.5483870967741935,170,False,0,123,129,0,0.0,48,1316.500000000118,1.2306336535421296,55,907.5000000001501,1.2395095438903578
allow_reclaim_after_opposite_breakout_strict__buffer_0__reclaim_2,M2K,2024,166,-2295.4999999997144,0,-603.9999999995996,783.5000000004004,166,0.4578313253012048,-3.638554216865058,0.9597762386787682,-0.19807626077794963,-0.40272049400649473,-2295.4999999997144,-2295.4999999997144,-1.9297124600626185,0.0,-248.99999999999636,444.00000000000546,0.5303514376996805,166,False,0,132,123,0,0.0,51,479.00000000012824,0.49346673800757057,58,-160.4999999998438,-0.23068552351602198
allow_reclaim_after_opposite_breakout_strict__buffer_0__reclaim_2,M2K,2025,182,-3518.499999999748,0,-1169.9999999995716,322.5000000004284,182,0.42857142857142855,-6.428571428569075,0.9372031237420709,-0.3405729440659059,-0.8260419387935175,-3518.499999999748,-3518.499999999748,-3.7499999999986255,0.0,-250.0,459.9999999999909,0.5833333333333334,182,False,0,121,132,0,0.0,56,1589.500000000089,1.3799609292721624,60,2098.5000000000855,2.4645597354476423
allow_reclaim_after_opposite_breakout_strict__buffer_0__reclaim_2,M2K,2026,38,-1898.499999999924,0,-841.499999999919,-643.999999999919,38,0.4473684210526316,-22.144736842103132,0.7643517222066826,-1.3890559937930302,-3.032542595542686,-1898.499999999924,-1898.499999999924,-12.37499999999881,0.0,-241.49999999999181,409.99999999999545,0.5588235294117647,38,False,0,32,23,0,0.0,16,-1138.4999999999718,-4.335348263628502,16,-1138.4999999999718,-6.373390926491151
allow_reclaim_after_opposite_breakout_strict__buffer_0__reclaim_2,MES,2019,132,-5602.5,0,-4171.25,-2478.75,132,0.3787878787878788,-31.60037878787879,0.7315150052297047,-1.7494151118912133,-4.506579562757408,-5602.5,-5602.5,-20.15096618357488,0.0,-250.0,412.5,0.6376811594202898,132,False,0,84,84,0,0.0,49,-2451.25,-2.7454441760774517,55,-2217.5,-2.8509288402403117
allow_reclaim_after_opposite_breakout_strict__buffer_0__reclaim_2,MES,2020,204,-2231.25,0,-478.75,1226.25,204,0.43137254901960786,-2.346813725490196,0.9781791248860529,-0.12512408575675885,-0.3628768535449366,-2231.25,-2231.25,-1.5344551282051282,0.0,-250.0,455.0,0.6538461538461539,204,False,0,128,127,0,0.0,85,-1508.75,-0.9748519538847793,94,-2205.0,-1.5897508970620653
allow_reclaim_after_opposite_breakout_strict__buffer_0__reclaim_2,MES,2021,199,-1230.0,0,5345.0,7170.0,199,0.47738693467336685,26.85929648241206,1.2722353090978544,1.3518294040367875,3.7983776632195676,-1230.0,-1230.0,17.186495176848876,0.0,-250.0,461.25,0.639871382636656,199,True,0,117,137,0,0.0,67,793.75,0.6005824073541864,75,1080.0,0.9649214107986317
allow_reclaim_after_opposite_breakout_strict__buffer_0__reclaim_2,MES,2022,189,-4671.25,0,-2611.25,-1776.25,189,0.4074074074074074,-13.816137566137566,0.8716751643221328,-0.766453448338189,-2.738070279305564,-4671.25,-4681.25,-8.423387096774194,0.0,-250.0,472.5,0.6096774193548387,189,False,0,136,118,0,0.0,76,-2513.75,-1.9649581213725622,82,-3213.75,-3.1838305752781557
allow_reclaim_after_opposite_breakout_strict__buffer_0__reclaim_2,MES,2023,201,-3152.5,0,-1077.5,605.0,201,0.4129353233830846,-5.3606965174129355,0.9533625493696911,-0.27426562271401017,-0.9487787947773775,-3152.5,-3152.5,-3.475806451612903,0.0,-250.0,461.25,0.6483870967741936,201,False,0,126,127,0,0.0,83,-3938.75,-2.8323478266822124,91,-3766.25,-3.038909882823748
allow_reclaim_after_opposite_breakout_strict__buffer_0__reclaim_2,MES,2024,198,-4006.25,0,-1510.0,172.5,198,0.3939393939393939,-7.626262626262626,0.9369519832985386,-0.371796634350217,-1.327545732053803,-4006.25,-4006.25,-4.824281150159744,0.0,-250.0,467.5,0.6325878594249201,198,False,0,143,112,0,0.0,94,-3456.25,-1.9716372924988608,101,-3686.25,-2.4139857887760248
allow_reclaim_after_opposite_breakout_strict__buffer_0__reclaim_2,MES,2025,188,-3283.75,0,-2135.0,-1040.0,188,0.3776595744680851,-11.356382978723405,0.8943330858698342,-0.60955245079042,-1.5822063862419051,-3283.75,-3283.75,-6.842948717948718,0.0,-250.0,467.5,0.6025641025641025,188,False,0,124,129,0,0.0,69,318.75,0.2440356340257122,72,852.5,0.8345772866198459
allow_reclaim_after_opposite_breakout_strict__buffer_0__reclaim_2,MES,2026,40,-966.25,0,-520.0,-357.5,40,0.5,-13.0,0.8421252371916509,-0.8774325900482411,-2.5095080033798944,-966.25,-966.25,-7.647058823529412,0.0,-240.0,425.0,0.5882352941176471,40,False,0,24,31,0,0.0,13,-330.0,-1.6577580578938977,14,-462.5,-3.0173995048681763
allow_reclaim_after_opposite_breakout_strict__buffer_0__reclaim_2,MGC,2018,94,-7186.499999999035,0,-6690.9999999990105,-4615.9999999990105,94,0.2872340425531915,-71.18085106381926,0.4967091654443988,-3.0974821167972264,-6.032544156776904,-7186.499999999035,-7186.499999999035,-28.716738197420646,0.0,-249.99999999995453,423.50000000001273,0.4034334763948498,94,False,0,83,58,0,0.0,42,-3692.4999999995703,-4.4008281262827476,48,-4689.999999999495,-7.4943911083927945
allow_reclaim_after_opposite_breakout_strict__buffer_0__reclaim_2,MGC,2019,98,-2884.999999999445,0,-1061.9999999991614,643.0000000008386,98,0.40816326530612246,-10.836734693868994,0.8941440318964139,-0.4680846106536232,-0.756005917248922,-2884.999999999445,-2884.999999999445,-4.317073170728299,0.0,-248.49999999999682,450.0,0.3983739837398374,98,False,0,78,68,0,0.0,39,-2485.4999999995857,-3.4177752943670687,43,-1742.999999999579,-2.890107296832566
allow_reclaim_after_opposite_breakout_strict__buffer_0__reclaim_2,MGC,2020,106,-2354.4999999998413,0,543.0000000004088,1533.0000000004088,106,0.4528301886792453,5.122641509437819,1.0531337149567421,0.21290835882755982,0.3689327220917717,-2354.4999999998413,-2354.4999999998413,1.911971830987355,0.0,-248.49999999999682,457.9999999999927,0.3732394366197183,106,False,0,78,78,0,0.0,35,-621.9999999998345,-0.9931087111001587,41,-1487.9999999998017,-3.080653888330289
allow_reclaim_after_opposite_breakout_strict__buffer_0__reclaim_2,MGC,2021,101,-2641.4999999995575,0,-2623.4999999995193,-1640.9999999995193,101,0.4158415841584158,-25.975247524747715,0.7062150055991452,-1.3073162856372027,-1.6189287360808053,-2641.4999999995575,-2694.999999999534,-9.237676056336335,0.0,-248.99999999999181,415.5000000000109,0.35563380281690143,101,False,0,92,67,0,0.0,46,-2699.4999999998117,-3.9853395956475013,50,-2469.9999999998,-4.651535190928956
allow_reclaim_after_opposite_breakout_strict__buffer_0__reclaim_2,MGC,2022,104,-3828.9999999997144,0,-1232.4999999996135,-269.99999999961346,104,0.40384615384615385,-11.850961538457822,0.8739517283698455,-0.5443183503823608,-0.8402810890495676,-3828.9999999997144,-3828.9999999997144,-4.61610486891241,0.0,-247.4999999999909,457.9999999999927,0.3895131086142322,104,False,0,76,77,0,0.0,36,-1257.999999999879,-1.935721973470682,41,-1455.9999999998468,-3.037874207918873
allow_reclaim_after_opposite_breakout_strict__buffer_0__reclaim_2,MGC,2023,105,-4695.499999999567,0,-2006.4999999994234,-903.9999999994234,105,0.4095238095238095,-19.10952380951832,0.8243456184890574,-0.8041939380578439,-1.5176259223265895,-4695.499999999567,-4695.499999999567,-7.269927536229795,0.0,-249.9999999999909,457.9999999999927,0.3804347826086957,105,False,0,83,68,0,0.0,43,1444.0000000002306,1.6121135378055849,49,1035.5000000002906,1.4182678460386475
allow_reclaim_after_opposite_breakout_strict__buffer_0__reclaim_2,MGC,2024,104,-1942.99999999987,0,53.000000000577074,883.0000000005771,104,0.40384615384615385,0.5096153846209334,1.005540166205047,0.021589865035962396,0.03318926817876358,-1942.99999999987,-1942.99999999987,0.18466898954904903,0.0,-248.99999999997817,463.4999999999809,0.3623693379790941,104,False,0,78,82,0,0.0,35,288.00000000011096,0.42710285291262334,40,-62.49999999987267,-0.12528883159002366
allow_reclaim_after_opposite_breakout_strict__buffer_0__reclaim_2,MGC,2025,105,-1802.9999999999154,0,2609.0000000000646,3164.0000000000646,105,0.44761904761904764,24.847619047619663,1.26901067175338,0.9475445200882163,1.9391052522260608,-1802.9999999999154,-1802.9999999999154,8.667774086378952,0.0,-248.99999999998727,468.9999999999782,0.3488372093023256,105,False,0,85,78,0,0.0,41,-256.99999999998454,-0.3172007189195732,45,-275.49999999995634,-0.44206398024779364
allow_reclaim_after_opposite_breakout_strict__buffer_0__reclaim_2,MGC,2026,17,-1544.0000000001055,0,-1235.50000000012,-1188.00000000012,17,0.23529411764705882,-72.67647058824235,0.5049088359045987,-2.558393629034263,-5.836308165483979,-1544.0000000001055,-1544.0000000001055,-18.719696969698788,0.0,-246.50000000000546,360.4999999999927,0.25757575757575757,17,False,0,21,17,0,0.0,5,-894.0000000000236,-8.00833046080639,6,-1140.500000000029,-41.59488667668939
allow_reclaim_after_opposite_breakout_strict__buffer_0__reclaim_2,MNQ,2019,129,-2313.5,0,-747.5,440.0,129,0.40310077519379844,-5.794573643410852,0.9416494282034269,-0.31958174226496944,-0.6971084974896107,-2313.5,-2313.5,-3.611111111111111,0.0,-250.0,478.0,0.6231884057971014,129,False,0,85,83,0,0.0,51,-808.0,-0.8803603699698214,55,-585.5,-0.7490629611796875
allow_reclaim_after_opposite_breakout_strict__buffer_0__reclaim_2,MNQ,2020,190,-1791.5,0,3086.5,3934.0,190,0.4789473684210526,16.24473684210526,1.178963847737222,0.8914140042975831,2.630750903902219,-1791.5,-1791.5,9.892628205128204,0.0,-249.5,476.0,0.6089743589743589,190,True,0,116,138,0,0.0,69,-971.5,-0.8981923892668958,74,-935.0,-1.0415565816371335
allow_reclaim_after_opposite_breakout_strict__buffer_0__reclaim_2,MNQ,2021,180,-1498.0,0,5925.5,6713.0,180,0.5222222222222223,32.919444444444444,1.4139364303178483,1.827373448406273,4.2358797999652245,-1498.0,-1498.0,19.05305466237942,0.0,-249.0,464.0,0.5787781350482315,180,True,0,109,145,0,0.0,50,96.0,0.09679656049668107,63,-509.5,-0.6404706315204207
allow_reclaim_after_opposite_breakout_strict__buffer_0__reclaim_2,MNQ,2022,119,-2316.5,0,306.0,641.0,119,0.4369747899159664,2.5714285714285716,1.025378395189716,0.11007395598196973,0.2615654373454054,-2316.5,-2327.0,0.9870967741935484,0.0,-249.0,470.0,0.38387096774193546,119,False,0,134,120,0,0.0,46,669.5,0.6560170524934569,50,106.5,0.1657498163137114
allow_reclaim_after_opposite_breakout_strict__buffer_0__reclaim_2,MNQ,2023,187,-2268.0,0,2204.0,2911.5,187,0.47593582887700536,11.786096256684491,1.1358565000308205,0.6783718618750476,1.746683903563871,-2268.0,-2268.0,7.109677419354838,0.0,-250.0,482.0,0.603225806451613,187,True,0,113,140,0,0.0,59,-488.5,-0.5158526443629331,66,371.5,0.4636717827468041
allow_reclaim_after_opposite_breakout_strict__buffer_0__reclaim_2,MNQ,2024,173,-1585.0,0,3793.0,4423.0,173,0.4508670520231214,21.92485549132948,1.2379175160733888,1.0927638148851775,3.4188670947231223,-1585.0,-1585.0,12.118210862619808,0.0,-250.0,478.0,0.5527156549520766,173,True,0,132,123,0,0.0,67,-727.5,-0.5662955819733528,70,-1023.0,-1.0887858046269094
allow_reclaim_after_opposite_breakout_strict__buffer_0__reclaim_2,MNQ,2025,126,-1781.5,0,338.0,708.0,126,0.42063492063492064,2.6825396825396823,1.0295454545454545,0.12539456567517437,0.2735449123159223,-1781.5,-1781.5,1.0833333333333333,0.0,-245.5,477.0,0.40384615384615385,126,False,0,130,123,0,0.0,51,-433.0,-0.41999978640363217,53,-716.0,-1.0765811335069428
allow_reclaim_after_opposite_breakout_strict__buffer_0__reclaim_2,MNQ,2026,11,-453.0,0,434.5,462.0,11,0.5454545454545454,39.5,1.4177884615384615,0.9714840800892108,2.627950335977607,-453.0,-453.0,6.389705882352941,0.0,-247.5,489.0,0.16176470588235295,11,False,0,24,31,0,0.0,2,-46.5,-0.8927516804852428,2,-46.5,-3.1478235214798334
allow_reclaim_after_opposite_breakout_strict__buffer_0__reclaim_3,M2K,2019,118,-3583.4999999995807,0,-2728.499999999541,-875.9999999995409,118,0.4152542372881356,-23.122881355928314,0.7767093579934035,-1.283682830558227,-2.6604740682618506,-3583.4999999995807,-3583.4999999995807,-13.181159420287637,0.0,-249.99999999997158,440.0,0.5700483091787439,118,False,0,82,86,0,0.0,34,-1371.9999999998731,-1.8823963463663202,40,-1788.4999999998195,-3.445082728089684
allow_reclaim_after_opposite_breakout_strict__buffer_0__reclaim_3,M2K,2020,177,-3617.4999999996253,0,-2037.999999999542,-370.49999999954184,177,0.4463276836158192,-11.514124293782723,0.8801634669097359,-0.654474341348169,-1.237278602679701,-3617.4999999996253,-3617.4999999996253,-6.532051282049814,0.0,-248.99999999999864,451.9999999999982,0.5673076923076923,177,False,0,128,127,0,0.0,58,-1775.4999999998759,-1.5921417401315072,65,-2609.499999999861,-3.1650868128240526
allow_reclaim_after_opposite_breakout_strict__buffer_0__reclaim_3,M2K,2021,177,-2517.99999999972,0,1683.5000000003706,3038.5000000003706,177,0.4689265536723164,9.511299435030342,1.1082253865192646,0.5176810045154655,1.1080714018767535,-2517.99999999972,-2517.99999999972,5.413183279743957,0.0,-249.9999999999909,464.0000000000009,0.5691318327974276,177,True,0,126,127,0,0.0,54,408.5000000001105,0.4305240595789247,60,1093.0000000001405,1.4672726617568226
allow_reclaim_after_opposite_breakout_strict__buffer_0__reclaim_3,M2K,2022,177,-4126.9999999998545,0,-1719.4999999996023,-504.4999999996021,177,0.4519774011299435,-9.714689265534476,0.902156594969863,-0.5403049961101489,-1.369322346250079,-4126.9999999998545,-4362.499999999845,-5.5467741935471055,0.0,-249.99999999999432,447.00000000000273,0.5709677419354838,177,False,0,138,116,0,0.0,68,-1452.999999999845,-1.2333314838803446,69,-1444.999999999843,-1.7397116637226768
allow_reclaim_after_opposite_breakout_strict__buffer_0__reclaim_3,M2K,2023,170,-3843.49999999988,0,-762.499999999568,765.000000000432,170,0.47058823529411764,-4.485294117644518,0.9497777045941326,-0.25325396476687234,-0.488919713887538,-3843.49999999988,-3843.49999999988,-2.459677419353445,0.0,-250.0,463.99999999999636,0.5483870967741935,170,False,0,123,129,0,0.0,48,1316.500000000118,1.2306336535421296,55,907.5000000001501,1.2395095438903578
allow_reclaim_after_opposite_breakout_strict__buffer_0__reclaim_3,M2K,2024,166,-2295.4999999997144,0,-603.9999999995996,783.5000000004004,166,0.4578313253012048,-3.638554216865058,0.9597762386787682,-0.19807626077794963,-0.40272049400649473,-2295.4999999997144,-2295.4999999997144,-1.9297124600626185,0.0,-248.99999999999636,444.00000000000546,0.5303514376996805,166,False,0,132,123,0,0.0,51,479.00000000012824,0.49346673800757057,58,-160.4999999998438,-0.23068552351602198
allow_reclaim_after_opposite_breakout_strict__buffer_0__reclaim_3,M2K,2025,182,-3518.499999999748,0,-1169.9999999995716,322.5000000004284,182,0.42857142857142855,-6.428571428569075,0.9372031237420709,-0.3405729440659059,-0.8260419387935175,-3518.499999999748,-3518.499999999748,-3.7499999999986255,0.0,-250.0,459.9999999999909,0.5833333333333334,182,False,0,121,132,0,0.0,56,1589.500000000089,1.3799609292721624,60,2098.5000000000855,2.4645597354476423
allow_reclaim_after_opposite_breakout_strict__buffer_0__reclaim_3,M2K,2026,38,-1898.499999999924,0,-841.499999999919,-643.999999999919,38,0.4473684210526316,-22.144736842103132,0.7643517222066826,-1.3890559937930302,-3.032542595542686,-1898.499999999924,-1898.499999999924,-12.37499999999881,0.0,-241.49999999999181,409.99999999999545,0.5588235294117647,38,False,0,32,23,0,0.0,16,-1138.4999999999718,-4.335348263628502,16,-1138.4999999999718,-6.373390926491151
allow_reclaim_after_opposite_breakout_strict__buffer_0__reclaim_3,MES,2019,132,-5602.5,0,-4171.25,-2478.75,132,0.3787878787878788,-31.60037878787879,0.7315150052297047,-1.7494151118912133,-4.506579562757408,-5602.5,-5602.5,-20.15096618357488,0.0,-250.0,412.5,0.6376811594202898,132,False,0,84,84,0,0.0,49,-2451.25,-2.7454441760774517,55,-2217.5,-2.8509288402403117
allow_reclaim_after_opposite_breakout_strict__buffer_0__reclaim_3,MES,2020,205,-2231.25,0,-161.25,1548.75,205,0.43414634146341463,-0.7865853658536586,0.9926504102096627,-0.041963974306983017,-0.12222223004516133,-2231.25,-2231.25,-0.5168269230769231,0.0,-250.0,455.0,0.657051282051282,205,False,0,128,127,0,0.0,86,-1191.25,-0.7610787669160161,95,-1887.5,-1.3388121559485973
allow_reclaim_after_opposite_breakout_strict__buffer_0__reclaim_3,MES,2021,199,-1230.0,0,5390.0,7215.0,199,0.47738693467336685,27.08542713567839,1.274527280830203,1.3612885171683218,3.830356521001585,-1230.0,-1230.0,17.331189710610932,0.0,-250.0,461.25,0.639871382636656,199,True,0,117,137,0,0.0,67,838.75,0.6315563731754829,75,1125.0,1.0008524261566099
allow_reclaim_after_opposite_breakout_strict__buffer_0__reclaim_3,MES,2022,189,-4671.25,0,-2611.25,-1776.25,189,0.4074074074074074,-13.816137566137566,0.8716751643221328,-0.766453448338189,-2.738070279305564,-4671.25,-4681.25,-8.423387096774194,0.0,-250.0,472.5,0.6096774193548387,189,False,0,136,118,0,0.0,76,-2513.75,-1.9649581213725622,82,-3213.75,-3.1838305752781557
allow_reclaim_after_opposite_breakout_strict__buffer_0__reclaim_3,MES,2023,201,-3152.5,0,-1077.5,605.0,201,0.4129353233830846,-5.3606965174129355,0.9533625493696911,-0.27426562271401017,-0.9487787947773775,-3152.5,-3152.5,-3.475806451612903,0.0,-250.0,461.25,0.6483870967741936,201,False,0,126,127,0,0.0,83,-3938.75,-2.8323478266822124,91,-3766.25,-3.038909882823748
allow_reclaim_after_opposite_breakout_strict__buffer_0__reclaim_3,MES,2024,198,-4045.0,0,-1548.75,136.25,198,0.3939393939393939,-7.821969696969697,0.9354384867906831,-0.38110905126164685,-1.3601782943629337,-4045.0,-4045.0,-4.948083067092652,0.0,-250.0,467.5,0.6325878594249201,198,False,0,143,112,0,0.0,94,-3495.0,-1.9910896035588392,101,-3725.0,-2.4365406976337187
allow_reclaim_after_opposite_breakout_strict__buffer_0__reclaim_3,MES,2025,188,-3283.75,0,-2145.0,-1050.0,188,0.3776595744680851,-11.409574468085106,0.8938906752411575,-0.6122727206662173,-1.5881430901855715,-3283.75,-3283.75,-6.875,0.0,-250.0,467.5,0.6025641025641025,188,False,0,124,129,0,0.0,69,308.75,0.23622464359348397,72,842.5,0.8242532983903135
allow_reclaim_after_opposite_breakout_strict__buffer_0__reclaim_3,MES,2026,39,-966.25,0,-383.75,-223.75,39,0.5128205128205128,-9.83974358974359,0.8784639746634996,-0.6517363635690352,-1.8217197281443829,-966.25,-966.25,-5.643382352941177,0.0,-240.0,425.0,0.5735294117647058,39,False,0,24,31,0,0.0,12,-193.75,-0.9920690781277505,13,-326.25,-2.2394239221881285
allow_reclaim_after_opposite_breakout_strict__buffer_0__reclaim_3,MGC,2018,93,-6939.999999999066,0,-6444.499999999041,-4411.9999999990405,93,0.2903225806451613,-69.29569892472088,0.5060928877989388,-2.9973187900255565,-5.784541879803321,-6939.999999999066,-6939.999999999066,-27.65879828325769,0.0,-249.99999999995453,423.50000000001273,0.39914163090128757,93,False,0,83,58,0,0.0,41,-3445.999999999601,-4.145586655363951,47,-4443.499999999527,-7.215418871779145
allow_reclaim_after_opposite_breakout_strict__buffer_0__reclaim_3,MGC,2019,98,-2875.999999999433,0,-1052.9999999991492,652.0000000008508,98,0.40816326530612246,-10.744897959174992,0.8949468748441944,-0.46429985579145383,-0.7504655160419923,-2875.999999999433,-2875.999999999433,-4.28048780487459,0.0,-248.49999999999682,450.0,0.3983739837398374,98,False,0,78,68,0,0.0,39,-2476.4999999995734,-3.4090321711093,43,-1733.9999999995666,-2.877536966187308
allow_reclaim_after_opposite_breakout_strict__buffer_0__reclaim_3,MGC,2020,106,-2354.4999999998413,0,1173.0000000004247,2163.0000000004247,106,0.46226415094339623,11.066037735853063,1.1176411593621958,0.45677498258839155,0.7954838139692851,-2354.4999999998413,-2354.4999999998413,4.130281690142341,0.0,-248.4999999999809,457.9999999999927,0.3732394366197183,106,True,0,78,78,0,0.0,35,8.000000000181444,0.012348062833006736,41,-857.9999999997858,-1.7064691892410049
allow_reclaim_after_opposite_breakout_strict__buffer_0__reclaim_3,MGC,2021,101,-2627.999999999556,0,-2609.999999999518,-1619.999999999518,101,0.4158415841584158,-25.84158415841107,0.7072842483037478,-1.3017422975412165,-1.6147625841420974,-2627.999999999556,-2681.4999999995325,-9.190140845068726,0.0,-248.99999999999181,415.5000000000109,0.35563380281690143,101,False,0,92,67,0,0.0,46,-2685.9999999998104,-3.97457066915389,50,-2456.4999999997985,-4.634675845097697
allow_reclaim_after_opposite_breakout_strict__buffer_0__reclaim_3,MGC,2022,103,-3828.9999999997144,0,-1215.4999999996153,-257.9999999996153,103,0.4077669902912621,-11.800970873782672,0.875473824403273,-0.5368178957944392,-0.8401037645456748,-3828.9999999997144,-3828.9999999997144,-4.552434456927398,0.0,-247.4999999999909,457.9999999999927,0.3857677902621723,103,False,0,76,77,0,0.0,35,-1240.9999999998809,-1.9093795244237686,40,-1438.9999999998486,-3.0400811039324154
allow_reclaim_after_opposite_breakout_strict__buffer_0__reclaim_3,MGC,2023,105,-4695.499999999567,0,-2006.4999999994234,-903.9999999994234,105,0.4095238095238095,-19.10952380951832,0.8243456184890574,-0.8041939380578439,-1.5176259223265895,-4695.499999999567,-4695.499999999567,-7.269927536229795,0.0,-249.9999999999909,457.9999999999927,0.3804347826086957,105,False,0,83,68,0,0.0,43,1444.0000000002306,1.6121135378055849,49,1035.5000000002906,1.4182678460386475
allow_reclaim_after_opposite_breakout_strict__buffer_0__reclaim_3,MGC,2024,103,-1942.99999999987,0,130.50000000056343,958.0000000005634,103,0.4077669902912621,1.266990291267606,1.01375276636111,0.05319572111433516,0.08165650596835262,-1942.99999999987,-1942.99999999987,0.45470383275457643,0.0,-248.99999999997817,463.4999999999809,0.3588850174216028,103,False,0,78,82,0,0.0,34,365.5000000000973,0.5434637432736262,39,15.000000000113687,0.030520327036513296
allow_reclaim_after_opposite_breakout_strict__buffer_0__reclaim_3,MGC,2025,104,-1802.9999999999154,0,2216.5000000000464,2759.0000000000464,104,0.4423076923076923,21.312500000000448,1.228540495952995,0.814532219625186,1.6473847418777492,-1802.9999999999154,-1802.9999999999154,7.363787375415437,0.0,-248.99999999998727,468.9999999999782,0.34551495016611294,104,False,0,85,78,0,0.0,41,-256.99999999998454,-0.3172007189195732,44,-667.9999999999745,-1.1268930876672703
allow_reclaim_after_opposite_breakout_strict__buffer_0__reclaim_3,MGC,2026,17,-1544.0000000001055,0,-1235.50000000012,-1188.00000000012,17,0.23529411764705882,-72.67647058824235,0.5049088359045987,-2.558393629034263,-5.836308165483979,-1544.0000000001055,-1544.0000000001055,-18.719696969698788,0.0,-246.50000000000546,360.4999999999927,0.25757575757575757,17,False,0,21,17,0,0.0,5,-894.0000000000236,-8.00833046080639,6,-1140.500000000029,-41.59488667668939
allow_reclaim_after_opposite_breakout_strict__buffer_0__reclaim_3,MNQ,2019,129,-2334.5,0,-768.5,419.0,129,0.40310077519379844,-5.957364341085271,0.9401083271636208,-0.32835261146797357,-0.7156611820097469,-2334.5,-2334.5,-3.71256038647343,0.0,-250.0,478.0,0.6231884057971014,129,False,0,85,83,0,0.0,51,-829.0,-0.9017683479090979,55,-606.5,-0.7748074992341591
allow_reclaim_after_opposite_breakout_strict__buffer_0__reclaim_3,MNQ,2020,190,-1791.5,0,3086.5,3934.0,190,0.4789473684210526,16.24473684210526,1.178963847737222,0.8914140042975831,2.630750903902219,-1791.5,-1791.5,9.892628205128204,0.0,-249.5,476.0,0.6089743589743589,190,True,0,116,138,0,0.0,69,-971.5,-0.8981923892668958,74,-935.0,-1.0415565816371335
allow_reclaim_after_opposite_breakout_strict__buffer_0__reclaim_3,MNQ,2021,180,-1498.0,0,5925.5,6713.0,180,0.5222222222222223,32.919444444444444,1.4139364303178483,1.827373448406273,4.2358797999652245,-1498.0,-1498.0,19.05305466237942,0.0,-249.0,464.0,0.5787781350482315,180,True,0,109,145,0,0.0,50,96.0,0.09679656049668107,63,-509.5,-0.6404706315204207
allow_reclaim_after_opposite_breakout_strict__buffer_0__reclaim_3,MNQ,2022,119,-2316.5,0,306.0,641.0,119,0.4369747899159664,2.5714285714285716,1.025378395189716,0.11007395598196973,0.2615654373454054,-2316.5,-2327.0,0.9870967741935484,0.0,-249.0,470.0,0.38387096774193546,119,False,0,134,120,0,0.0,46,669.5,0.6560170524934569,50,106.5,0.1657498163137114
allow_reclaim_after_opposite_breakout_strict__buffer_0__reclaim_3,MNQ,2023,187,-2268.0,0,2204.0,2911.5,187,0.47593582887700536,11.786096256684491,1.1358565000308205,0.6783718618750476,1.746683903563871,-2268.0,-2268.0,7.109677419354838,0.0,-250.0,482.0,0.603225806451613,187,True,0,113,140,0,0.0,59,-488.5,-0.5158526443629331,66,371.5,0.4636717827468041
allow_reclaim_after_opposite_breakout_strict__buffer_0__reclaim_3,MNQ,2024,173,-1585.0,0,3793.0,4423.0,173,0.4508670520231214,21.92485549132948,1.2379175160733888,1.0927638148851775,3.4188670947231223,-1585.0,-1585.0,12.118210862619808,0.0,-250.0,478.0,0.5527156549520766,173,True,0,132,123,0,0.0,67,-727.5,-0.5662955819733528,70,-1023.0,-1.0887858046269094
allow_reclaim_after_opposite_breakout_strict__buffer_0__reclaim_3,MNQ,2025,126,-1781.5,0,338.0,708.0,126,0.42063492063492064,2.6825396825396823,1.0295454545454545,0.12539456567517437,0.2735449123159223,-1781.5,-1781.5,1.0833333333333333,0.0,-245.5,477.0,0.40384615384615385,126,False,0,130,123,0,0.0,51,-433.0,-0.41999978640363217,53,-716.0,-1.0765811335069428
allow_reclaim_after_opposite_breakout_strict__buffer_0__reclaim_3,MNQ,2026,11,-453.0,0,434.5,462.0,11,0.5454545454545454,39.5,1.4177884615384615,0.9714840800892108,2.627950335977607,-453.0,-453.0,6.389705882352941,0.0,-247.5,489.0,0.16176470588235295,11,False,0,24,31,0,0.0,2,-46.5,-0.8927516804852428,2,-46.5,-3.1478235214798334
allow_reclaim_after_opposite_breakout_strict__buffer_1__reclaim_1,M2K,2019,118,-3583.4999999995807,0,-2728.499999999541,-875.9999999995409,118,0.4152542372881356,-23.122881355928314,0.7767093579934035,-1.283682830558227,-2.6604740682618506,-3583.4999999995807,-3583.4999999995807,-13.181159420287637,0.0,-249.99999999997158,440.0,0.5700483091787439,118,False,0,81,87,0,0.0,33,-1133.9999999998747,-1.5897508099578361,39,-1550.499999999821,-3.0594037153043088
allow_reclaim_after_opposite_breakout_strict__buffer_1__reclaim_1,M2K,2020,177,-3617.4999999996253,0,-2037.999999999542,-370.49999999954184,177,0.4463276836158192,-11.514124293782723,0.8801634669097359,-0.654474341348169,-1.237278602679701,-3617.4999999996253,-3617.4999999996253,-6.532051282049814,0.0,-248.99999999999864,451.9999999999982,0.5673076923076923,177,False,0,126,129,0,0.0,56,-1997.9999999998768,-1.8768069260436178,63,-2831.9999999998618,-3.627396305933131
allow_reclaim_after_opposite_breakout_strict__buffer_1__reclaim_1,M2K,2021,177,-2517.99999999972,0,1683.5000000003706,3038.5000000003706,177,0.4689265536723164,9.511299435030342,1.1082253865192646,0.5176810045154655,1.1080714018767535,-2517.99999999972,-2517.99999999972,5.413183279743957,0.0,-249.9999999999909,464.0000000000009,0.5691318327974276,177,True,0,126,127,0,0.0,54,408.5000000001105,0.4305240595789247,60,1093.0000000001405,1.4672726617568226
allow_reclaim_after_opposite_breakout_strict__buffer_1__reclaim_1,M2K,2022,177,-4126.9999999998545,0,-1719.4999999996023,-504.4999999996021,177,0.4519774011299435,-9.714689265534476,0.902156594969863,-0.5403049961101489,-1.369322346250079,-4126.9999999998545,-4362.499999999845,-5.5467741935471055,0.0,-249.99999999999432,447.00000000000273,0.5709677419354838,177,False,0,137,117,0,0.0,67,-1358.9999999998463,-1.1593513022459314,68,-1350.9999999998445,-1.6402201098015308
allow_reclaim_after_opposite_breakout_strict__buffer_1__reclaim_1,M2K,2023,170,-3843.49999999988,0,-762.499999999568,765.000000000432,170,0.47058823529411764,-4.485294117644518,0.9497777045941326,-0.25325396476687234,-0.488919713887538,-3843.49999999988,-3843.49999999988,-2.459677419353445,0.0,-250.0,463.99999999999636,0.5483870967741935,170,False,0,123,129,0,0.0,48,1316.500000000118,1.2306336535421296,55,907.5000000001501,1.2395095438903578
allow_reclaim_after_opposite_breakout_strict__buffer_1__reclaim_1,M2K,2024,166,-2295.4999999997144,0,-603.9999999995996,783.5000000004004,166,0.4578313253012048,-3.638554216865058,0.9597762386787682,-0.19807626077794963,-0.40272049400649473,-2295.4999999997144,-2295.4999999997144,-1.9297124600626185,0.0,-248.99999999999636,444.00000000000546,0.5303514376996805,166,False,0,131,124,0,0.0,50,681.5000000001282,0.7132970118920872,57,42.000000000156206,0.06148981684578291
allow_reclaim_after_opposite_breakout_strict__buffer_1__reclaim_1,M2K,2025,182,-3518.499999999748,0,-1169.9999999995716,322.5000000004284,182,0.42857142857142855,-6.428571428569075,0.9372031237420709,-0.3405729440659059,-0.8260419387935175,-3518.499999999748,-3518.499999999748,-3.7499999999986255,0.0,-250.0,459.9999999999909,0.5833333333333334,182,False,0,120,133,0,0.0,55,1294.000000000085,1.1448648913943529,59,1803.0000000000814,2.16000431760911
allow_reclaim_after_opposite_breakout_strict__buffer_1__reclaim_1,M2K,2026,38,-1881.4999999999259,0,-824.4999999999209,-626.9999999999209,38,0.4473684210526316,-21.697368421050548,0.768007878446838,-1.3645336673172805,-3.000275553173375,-1881.4999999999259,-1881.4999999999259,-12.124999999998836,0.0,-241.49999999999181,409.99999999999545,0.5588235294117647,38,False,0,30,25,0,0.0,15,-910.4999999999745,-3.717196289388784,15,-910.4999999999745,-5.407242942674876
allow_reclaim_after_opposite_breakout_strict__buffer_1__reclaim_1,MES,2019,132,-5610.0,0,-4178.75,-2486.25,132,0.3787878787878788,-31.65719696969697,0.7311620426216325,-1.7521646085433993,-4.511624275261848,-5610.0,-5610.0,-20.18719806763285,0.0,-250.0,412.5,0.6376811594202898,132,False,0,81,87,0,0.0,46,-2253.75,-2.5987680960947817,53,-1937.5,-2.5537176010885068
allow_reclaim_after_opposite_breakout_strict__buffer_1__reclaim_1,MES,2020,204,-2231.25,0,-478.75,1226.25,204,0.43137254901960786,-2.346813725490196,0.9781791248860529,-0.12512408575675885,-0.3628768535449366,-2231.25,-2231.25,-1.5344551282051282,0.0,-250.0,455.0,0.6538461538461539,204,False,0,128,127,0,0.0,85,-1508.75,-0.9748519538847793,92,-1766.25,-1.2971639416182899
allow_reclaim_after_opposite_breakout_strict__buffer_1__reclaim_1,MES,2021,199,-1230.0,0,5345.0,7170.0,199,0.47738693467336685,26.85929648241206,1.2722353090978544,1.3518294040367875,3.7983776632195676,-1230.0,-1230.0,17.186495176848876,0.0,-250.0,461.25,0.639871382636656,199,True,0,115,138,0,0.0,66,1041.25,0.801659556800392,73,963.75,0.8932473860220483
allow_reclaim_after_opposite_breakout_strict__buffer_1__reclaim_1,MES,2022,189,-4730.0,0,-2690.0,-1852.5,189,0.4074074074074074,-14.232804232804233,0.8681857160357712,-0.7888059661512964,-2.8007404702069363,-4730.0,-4740.0,-8.67741935483871,0.0,-250.0,472.5,0.6096774193548387,189,False,0,135,119,0,0.0,75,-2296.25,-1.8180188846518466,80,-2811.25,-2.8512980975392423
allow_reclaim_after_opposite_breakout_strict__buffer_1__reclaim_1,MES,2023,201,-3152.5,0,-1077.5,605.0,201,0.4129353233830846,-5.3606965174129355,0.9533625493696911,-0.27426562271401017,-0.9487787947773775,-3152.5,-3152.5,-3.475806451612903,0.0,-250.0,461.25,0.6483870967741936,201,False,0,121,132,0,0.0,78,-3567.5,-2.7360570479535857,86,-3395.0,-2.931387494391286
allow_reclaim_after_opposite_breakout_strict__buffer_1__reclaim_1,MES,2024,198,-4006.25,0,-1510.0,172.5,198,0.3939393939393939,-7.626262626262626,0.9369519832985386,-0.371796634350217,-1.327545732053803,-4006.25,-4006.25,-4.824281150159744,0.0,-250.0,467.5,0.6325878594249201,198,False,0,142,113,0,0.0,93,-3231.25,-1.8567401037121856,100,-3461.25,-2.285005183964033
allow_reclaim_after_opposite_breakout_strict__buffer_1__reclaim_1,MES,2025,188,-3283.75,0,-2135.0,-1040.0,188,0.3776595744680851,-11.356382978723405,0.8943330858698342,-0.60955245079042,-1.5822063862419051,-3283.75,-3283.75,-6.842948717948718,0.0,-250.0,467.5,0.6025641025641025,188,False,0,123,130,0,0.0,68,-28.75,-0.022492838030435263,71,505.0,0.5058279452745734
allow_reclaim_after_opposite_breakout_strict__buffer_1__reclaim_1,MES,2026,40,-966.25,0,-520.0,-357.5,40,0.5,-13.0,0.8421252371916509,-0.8774325900482411,-2.5095080033798944,-966.25,-966.25,-7.647058823529412,0.0,-240.0,425.0,0.5882352941176471,40,False,0,24,31,0,0.0,13,-330.0,-1.6577580578938977,14,-462.5,-3.0173995048681763
allow_reclaim_after_opposite_breakout_strict__buffer_1__reclaim_1,MGC,2018,95,-7639.999999999031,0,-7144.499999999007,-5011.999999999007,95,0.28421052631578947,-75.20526315788429,0.48032441082343236,-3.2790024311710577,-6.728954737324394,-7639.999999999031,-7639.999999999031,-30.6630901287511,0.0,-249.99999999995453,423.50000000001273,0.40772532188841204,95,False,0,78,63,0,0.0,39,-3407.499999999627,-4.223664668034023,47,-4679.999999999518,-7.558273609625121
allow_reclaim_after_opposite_breakout_strict__buffer_1__reclaim_1,MGC,2019,98,-2857.999999999438,0,-1034.9999999991542,680.0000000008458,98,0.40816326530612246,-10.561224489787287,0.8965568937085383,-0.4567287603250175,-0.739482289220022,-2857.999999999438,-2857.999999999438,-4.207317073167293,0.0,-248.49999999999682,450.0,0.3983739837398374,98,False,0,76,70,0,0.0,37,-1972.9999999996085,-2.8350662993676443,41,-1230.4999999996016,-2.1387187119987017
allow_reclaim_after_opposite_breakout_strict__buffer_1__reclaim_1,MGC,2020,107,-2955.9999999998445,0,-37.999999999592546,957.0000000004075,107,0.4485981308411215,-0.3551401869120799,0.9963632883529915,-0.015009630764272745,-0.025947974831204642,-2955.9999999998445,-2955.9999999998445,-0.13380281689997375,0.0,-248.49999999999682,457.9999999999927,0.3767605633802817,107,False,0,78,78,0,0.0,36,-1202.9999999998358,-2.000382553588236,42,-2068.999999999803,-4.443650016880213
allow_reclaim_after_opposite_breakout_strict__buffer_1__reclaim_1,MGC,2021,101,-2641.4999999995575,0,-2623.4999999995193,-1640.9999999995193,101,0.4158415841584158,-25.975247524747715,0.7062150055991452,-1.3073162856372027,-1.6189287360808053,-2641.4999999995575,-2694.999999999534,-9.237676056336335,0.0,-248.99999999999181,415.5000000000109,0.35563380281690143,101,False,0,91,68,0,0.0,45,-2489.4999999998117,-3.744938637928127,49,-2259.9999999998,-4.339642545090088
allow_reclaim_after_opposite_breakout_strict__buffer_1__reclaim_1,MGC,2022,104,-3828.9999999997144,0,-797.4999999996226,170.00000000037744,104,0.41346153846153844,-7.668269230765602,0.9182973056039703,-0.3459104495400854,-0.5511993025298814,-3828.9999999997144,-3828.9999999997144,-2.9868913857663766,0.0,-247.4999999999909,457.9999999999927,0.3895131086142322,104,False,0,75,78,0,0.0,35,-582.4999999999,-0.8622798232553177,40,-780.4999999998677,-1.5660004207668679
allow_reclaim_after_opposite_breakout_strict__buffer_1__reclaim_1,MGC,2023,106,-4836.49999999956,0,-2147.4999999994156,-1019.9999999994156,106,0.4056603773584906,-20.259433962258637,0.8142943618125652,-0.8592926095603238,-1.6309753579313477,-4836.49999999956,-4836.49999999956,-7.780797101447158,0.0,-249.9999999999909,457.9999999999927,0.38405797101449274,106,False,0,79,72,0,0.0,40,1498.5000000002174,1.8081778602786476,46,1090.0000000002774,1.6149123095575635
allow_reclaim_after_opposite_breakout_strict__buffer_1__reclaim_1,MGC,2024,105,-1942.99999999987,0,453.0000000005134,1303.0000000005134,105,0.4095238095238095,4.3142857142906035,1.0474917439849605,0.18223097222050957,0.2820936164270164,-1942.99999999987,-1942.99999999987,1.578397212545343,0.0,-248.99999999997817,463.4999999999809,0.36585365853658536,105,False,0,77,83,0,0.0,35,863.0000000000473,1.2479937010337232,40,512.5000000000637,0.9966596359977192
allow_reclaim_after_opposite_breakout_strict__buffer_1__reclaim_1,MGC,2025,107,-1802.9999999999154,0,3045.5000000000337,3608.0000000000337,107,0.45794392523364486,28.46261682243022,1.3140176315925287,1.0964767323898243,2.263528189212107,-1802.9999999999154,-1802.9999999999154,10.11794019933566,0.0,-248.99999999998727,468.9999999999782,0.3554817275747508,107,True,0,82,80,0,0.0,41,345.9999999999718,0.42797503713393037,45,327.5,0.518115671806923
allow_reclaim_after_opposite_breakout_strict__buffer_1__reclaim_1,MGC,2026,17,-1544.0000000001055,0,-1235.50000000012,-1188.00000000012,17,0.23529411764705882,-72.67647058824235,0.5049088359045987,-2.558393629034263,-5.836308165483979,-1544.0000000001055,-1544.0000000001055,-18.719696969698788,0.0,-246.50000000000546,360.4999999999927,0.25757575757575757,17,False,0,21,17,0,0.0,5,-894.0000000000236,-8.00833046080639,6,-1140.500000000029,-41.59488667668939
allow_reclaim_after_opposite_breakout_strict__buffer_1__reclaim_1,MNQ,2019,129,-2313.5,0,-743.5,444.0,129,0.40310077519379844,-5.763565891472868,0.9419435442939132,-0.31791216209449413,-0.6936344627945269,-2313.5,-2313.5,-3.5917874396135265,0.0,-250.0,478.0,0.6231884057971014,129,False,0,83,85,0,0.0,49,-608.0,-0.6764535951758301,53,-385.5,-0.5064452189706189
allow_reclaim_after_opposite_breakout_strict__buffer_1__reclaim_1,MNQ,2020,190,-1791.5,0,3086.5,3934.0,190,0.4789473684210526,16.24473684210526,1.178963847737222,0.8914140042975831,2.630750903902219,-1791.5,-1791.5,9.892628205128204,0.0,-249.5,476.0,0.6089743589743589,190,True,0,116,138,0,0.0,69,-971.5,-0.8981923892668958,74,-935.0,-1.0415565816371335
allow_reclaim_after_opposite_breakout_strict__buffer_1__reclaim_1,MNQ,2021,180,-1498.0,0,5925.5,6713.0,180,0.5222222222222223,32.919444444444444,1.4139364303178483,1.827373448406273,4.2358797999652245,-1498.0,-1498.0,19.05305466237942,0.0,-249.0,464.0,0.5787781350482315,180,True,0,109,145,0,0.0,50,96.0,0.09679656049668107,63,-509.5,-0.6404706315204207
allow_reclaim_after_opposite_breakout_strict__buffer_1__reclaim_1,MNQ,2022,119,-2316.5,0,306.0,641.0,119,0.4369747899159664,2.5714285714285716,1.025378395189716,0.11007395598196973,0.2615654373454054,-2316.5,-2327.0,0.9870967741935484,0.0,-249.0,470.0,0.38387096774193546,119,False,0,134,120,0,0.0,46,669.5,0.6560170524934569,50,106.5,0.1657498163137114
allow_reclaim_after_opposite_breakout_strict__buffer_1__reclaim_1,MNQ,2023,187,-2268.0,0,2204.0,2911.5,187,0.47593582887700536,11.786096256684491,1.1358565000308205,0.6783718618750476,1.746683903563871,-2268.0,-2268.0,7.109677419354838,0.0,-250.0,482.0,0.603225806451613,187,True,0,113,140,0,0.0,59,-488.5,-0.5158526443629331,66,371.5,0.4636717827468041
allow_reclaim_after_opposite_breakout_strict__buffer_1__reclaim_1,MNQ,2024,173,-1585.0,0,3793.0,4423.0,173,0.4508670520231214,21.92485549132948,1.2379175160733888,1.0927638148851775,3.4188670947231223,-1585.0,-1585.0,12.118210862619808,0.0,-250.0,478.0,0.5527156549520766,173,True,0,132,123,0,0.0,67,-727.5,-0.5662955819733528,70,-1023.0,-1.0887858046269094
allow_reclaim_after_opposite_breakout_strict__buffer_1__reclaim_1,MNQ,2025,126,-1781.5,0,338.0,708.0,126,0.42063492063492064,2.6825396825396823,1.0295454545454545,0.12539456567517437,0.2735449123159223,-1781.5,-1781.5,1.0833333333333333,0.0,-245.5,477.0,0.40384615384615385,126,False,0,130,123,0,0.0,51,-433.0,-0.41999978640363217,53,-716.0,-1.0765811335069428
allow_reclaim_after_opposite_breakout_strict__buffer_1__reclaim_1,MNQ,2026,11,-453.0,0,434.5,462.0,11,0.5454545454545454,39.5,1.4177884615384615,0.9714840800892108,2.627950335977607,-453.0,-453.0,6.389705882352941,0.0,-247.5,489.0,0.16176470588235295,11,False,0,24,31,0,0.0,2,-46.5,-0.8927516804852428,2,-46.5,-3.1478235214798334
allow_reclaim_after_opposite_breakout_strict__buffer_1__reclaim_2,M2K,2019,118,-3583.4999999995807,0,-2728.499999999541,-875.9999999995409,118,0.4152542372881356,-23.122881355928314,0.7767093579934035,-1.283682830558227,-2.6604740682618506,-3583.4999999995807,-3583.4999999995807,-13.181159420287637,0.0,-249.99999999997158,440.0,0.5700483091787439,118,False,0,81,87,0,0.0,33,-1133.9999999998747,-1.5897508099578361,39,-1550.499999999821,-3.0594037153043088
allow_reclaim_after_opposite_breakout_strict__buffer_1__reclaim_2,M2K,2020,177,-3617.4999999996253,0,-2037.999999999542,-370.49999999954184,177,0.4463276836158192,-11.514124293782723,0.8801634669097359,-0.654474341348169,-1.237278602679701,-3617.4999999996253,-3617.4999999996253,-6.532051282049814,0.0,-248.99999999999864,451.9999999999982,0.5673076923076923,177,False,0,126,129,0,0.0,56,-1997.9999999998768,-1.8768069260436178,63,-2831.9999999998618,-3.627396305933131
allow_reclaim_after_opposite_breakout_strict__buffer_1__reclaim_2,M2K,2021,177,-2517.99999999972,0,1683.5000000003706,3038.5000000003706,177,0.4689265536723164,9.511299435030342,1.1082253865192646,0.5176810045154655,1.1080714018767535,-2517.99999999972,-2517.99999999972,5.413183279743957,0.0,-249.9999999999909,464.0000000000009,0.5691318327974276,177,True,0,126,127,0,0.0,54,408.5000000001105,0.4305240595789247,60,1093.0000000001405,1.4672726617568226
allow_reclaim_after_opposite_breakout_strict__buffer_1__reclaim_2,M2K,2022,177,-4126.9999999998545,0,-1719.4999999996023,-504.4999999996021,177,0.4519774011299435,-9.714689265534476,0.902156594969863,-0.5403049961101489,-1.369322346250079,-4126.9999999998545,-4362.499999999845,-5.5467741935471055,0.0,-249.99999999999432,447.00000000000273,0.5709677419354838,177,False,0,137,117,0,0.0,67,-1358.9999999998463,-1.1593513022459314,68,-1350.9999999998445,-1.6402201098015308
allow_reclaim_after_opposite_breakout_strict__buffer_1__reclaim_2,M2K,2023,170,-3843.49999999988,0,-762.499999999568,765.000000000432,170,0.47058823529411764,-4.485294117644518,0.9497777045941326,-0.25325396476687234,-0.488919713887538,-3843.49999999988,-3843.49999999988,-2.459677419353445,0.0,-250.0,463.99999999999636,0.5483870967741935,170,False,0,123,129,0,0.0,48,1316.500000000118,1.2306336535421296,55,907.5000000001501,1.2395095438903578
allow_reclaim_after_opposite_breakout_strict__buffer_1__reclaim_2,M2K,2024,166,-2295.4999999997144,0,-603.9999999995996,783.5000000004004,166,0.4578313253012048,-3.638554216865058,0.9597762386787682,-0.19807626077794963,-0.40272049400649473,-2295.4999999997144,-2295.4999999997144,-1.9297124600626185,0.0,-248.99999999999636,444.00000000000546,0.5303514376996805,166,False,0,131,124,0,0.0,50,681.5000000001282,0.7132970118920872,57,42.000000000156206,0.06148981684578291
allow_reclaim_after_opposite_breakout_strict__buffer_1__reclaim_2,M2K,2025,182,-3518.499999999748,0,-1169.9999999995716,322.5000000004284,182,0.42857142857142855,-6.428571428569075,0.9372031237420709,-0.3405729440659059,-0.8260419387935175,-3518.499999999748,-3518.499999999748,-3.7499999999986255,0.0,-250.0,459.9999999999909,0.5833333333333334,182,False,0,120,133,0,0.0,55,1294.000000000085,1.1448648913943529,59,1803.0000000000814,2.16000431760911
allow_reclaim_after_opposite_breakout_strict__buffer_1__reclaim_2,M2K,2026,38,-1881.4999999999259,0,-824.4999999999209,-626.9999999999209,38,0.4473684210526316,-21.697368421050548,0.768007878446838,-1.3645336673172805,-3.000275553173375,-1881.4999999999259,-1881.4999999999259,-12.124999999998836,0.0,-241.49999999999181,409.99999999999545,0.5588235294117647,38,False,0,30,25,0,0.0,15,-910.4999999999745,-3.717196289388784,15,-910.4999999999745,-5.407242942674876
allow_reclaim_after_opposite_breakout_strict__buffer_1__reclaim_2,MES,2019,132,-5610.0,0,-4178.75,-2486.25,132,0.3787878787878788,-31.65719696969697,0.7311620426216325,-1.7521646085433993,-4.511624275261848,-5610.0,-5610.0,-20.18719806763285,0.0,-250.0,412.5,0.6376811594202898,132,False,0,81,87,0,0.0,46,-2253.75,-2.5987680960947817,53,-1937.5,-2.5537176010885068
allow_reclaim_after_opposite_breakout_strict__buffer_1__reclaim_2,MES,2020,204,-2231.25,0,-478.75,1226.25,204,0.43137254901960786,-2.346813725490196,0.9781791248860529,-0.12512408575675885,-0.3628768535449366,-2231.25,-2231.25,-1.5344551282051282,0.0,-250.0,455.0,0.6538461538461539,204,False,0,128,127,0,0.0,85,-1508.75,-0.9748519538847793,92,-1766.25,-1.2971639416182899
allow_reclaim_after_opposite_breakout_strict__buffer_1__reclaim_2,MES,2021,199,-1230.0,0,5345.0,7170.0,199,0.47738693467336685,26.85929648241206,1.2722353090978544,1.3518294040367875,3.7983776632195676,-1230.0,-1230.0,17.186495176848876,0.0,-250.0,461.25,0.639871382636656,199,True,0,115,138,0,0.0,66,1041.25,0.801659556800392,73,963.75,0.8932473860220483
allow_reclaim_after_opposite_breakout_strict__buffer_1__reclaim_2,MES,2022,189,-4730.0,0,-2670.0,-1832.5,189,0.4074074074074074,-14.126984126984127,0.8691657478868063,-0.7826951431650793,-2.7799171209860667,-4730.0,-4740.0,-8.612903225806452,0.0,-250.0,472.5,0.6096774193548387,189,False,0,135,119,0,0.0,75,-2276.25,-1.800287697059691,80,-2791.25,-2.82778260378792
allow_reclaim_after_opposite_breakout_strict__buffer_1__reclaim_2,MES,2023,201,-3152.5,0,-1077.5,605.0,201,0.4129353233830846,-5.3606965174129355,0.9533625493696911,-0.27426562271401017,-0.9487787947773775,-3152.5,-3152.5,-3.475806451612903,0.0,-250.0,461.25,0.6483870967741936,201,False,0,121,132,0,0.0,78,-3567.5,-2.7360570479535857,86,-3395.0,-2.931387494391286
allow_reclaim_after_opposite_breakout_strict__buffer_1__reclaim_2,MES,2024,198,-4006.25,0,-1510.0,172.5,198,0.3939393939393939,-7.626262626262626,0.9369519832985386,-0.371796634350217,-1.327545732053803,-4006.25,-4006.25,-4.824281150159744,0.0,-250.0,467.5,0.6325878594249201,198,False,0,142,113,0,0.0,93,-3231.25,-1.8567401037121856,100,-3461.25,-2.285005183964033
allow_reclaim_after_opposite_breakout_strict__buffer_1__reclaim_2,MES,2025,188,-3283.75,0,-2135.0,-1040.0,188,0.3776595744680851,-11.356382978723405,0.8943330858698342,-0.60955245079042,-1.5822063862419051,-3283.75,-3283.75,-6.842948717948718,0.0,-250.0,467.5,0.6025641025641025,188,False,0,123,130,0,0.0,68,-28.75,-0.022492838030435263,71,505.0,0.5058279452745734
allow_reclaim_after_opposite_breakout_strict__buffer_1__reclaim_2,MES,2026,40,-966.25,0,-520.0,-357.5,40,0.5,-13.0,0.8421252371916509,-0.8774325900482411,-2.5095080033798944,-966.25,-966.25,-7.647058823529412,0.0,-240.0,425.0,0.5882352941176471,40,False,0,24,31,0,0.0,13,-330.0,-1.6577580578938977,14,-462.5,-3.0173995048681763
allow_reclaim_after_opposite_breakout_strict__buffer_1__reclaim_2,MGC,2018,94,-7186.499999999035,0,-6690.9999999990105,-4615.9999999990105,94,0.2872340425531915,-71.18085106381926,0.4967091654443988,-3.0974821167972264,-6.032544156776904,-7186.499999999035,-7186.499999999035,-28.716738197420646,0.0,-249.99999999995453,423.50000000001273,0.4034334763948498,94,False,0,78,63,0,0.0,38,-2953.9999999996303,-3.731219647725536,46,-4226.499999999522,-6.962799900952437
allow_reclaim_after_opposite_breakout_strict__buffer_1__reclaim_2,MGC,2019,98,-2884.999999999445,0,-1061.9999999991614,643.0000000008386,98,0.40816326530612246,-10.836734693868994,0.8941440318964139,-0.4680846106536232,-0.756005917248922,-2884.999999999445,-2884.999999999445,-4.317073170728299,0.0,-248.49999999999682,450.0,0.3983739837398374,98,False,0,76,70,0,0.0,37,-1999.9999999996157,-2.8637287499622817,41,-1257.499999999609,-2.1796775571234743
allow_reclaim_after_opposite_breakout_strict__buffer_1__reclaim_2,MGC,2020,106,-2354.4999999998413,0,543.0000000004088,1533.0000000004088,106,0.4528301886792453,5.122641509437819,1.0531337149567421,0.21290835882755982,0.3689327220917717,-2354.4999999998413,-2354.4999999998413,1.911971830987355,0.0,-248.49999999999682,457.9999999999927,0.3732394366197183,106,False,0,78,78,0,0.0,35,-621.9999999998345,-0.9931087111001587,41,-1487.9999999998017,-3.080653888330289
allow_reclaim_after_opposite_breakout_strict__buffer_1__reclaim_2,MGC,2021,101,-2641.4999999995575,0,-2623.4999999995193,-1640.9999999995193,101,0.4158415841584158,-25.975247524747715,0.7062150055991452,-1.3073162856372027,-1.6189287360808053,-2641.4999999995575,-2694.999999999534,-9.237676056336335,0.0,-248.99999999999181,415.5000000000109,0.35563380281690143,101,False,0,91,68,0,0.0,45,-2489.4999999998117,-3.744938637928127,49,-2259.9999999998,-4.339642545090088
allow_reclaim_after_opposite_breakout_strict__buffer_1__reclaim_2,MGC,2022,104,-3828.9999999997144,0,-1232.4999999996135,-269.99999999961346,104,0.40384615384615385,-11.850961538457822,0.8739517283698455,-0.5443183503823608,-0.8402810890495676,-3828.9999999997144,-3828.9999999997144,-4.61610486891241,0.0,-247.4999999999909,457.9999999999927,0.3895131086142322,104,False,0,75,78,0,0.0,35,-1017.4999999998909,-1.6054605732576248,40,-1215.4999999998586,-2.6076701925001857
allow_reclaim_after_opposite_breakout_strict__buffer_1__reclaim_2,MGC,2023,106,-4836.49999999956,0,-2147.4999999994156,-1019.9999999994156,106,0.4056603773584906,-20.259433962258637,0.8142943618125652,-0.8592926095603238,-1.6309753579313477,-4836.49999999956,-4836.49999999956,-7.780797101447158,0.0,-249.9999999999909,457.9999999999927,0.38405797101449274,106,False,0,79,72,0,0.0,40,1498.5000000002174,1.8081778602786476,46,1090.0000000002774,1.6149123095575635
allow_reclaim_after_opposite_breakout_strict__buffer_1__reclaim_2,MGC,2024,104,-1942.99999999987,0,53.000000000577074,883.0000000005771,104,0.40384615384615385,0.5096153846209334,1.005540166205047,0.021589865035962396,0.03318926817876358,-1942.99999999987,-1942.99999999987,0.18466898954904903,0.0,-248.99999999997817,463.4999999999809,0.3623693379790941,104,False,0,77,83,0,0.0,34,463.00000000011096,0.6988075941810304,39,112.50000000012733,0.23067388418141718
allow_reclaim_after_opposite_breakout_strict__buffer_1__reclaim_2,MGC,2025,105,-1802.9999999999154,0,2609.0000000000646,3164.0000000000646,105,0.44761904761904764,24.847619047619663,1.26901067175338,0.9475445200882163,1.9391052522260608,-1802.9999999999154,-1802.9999999999154,8.667774086378952,0.0,-248.99999999998727,468.9999999999782,0.3488372093023256,105,False,0,82,80,0,0.0,39,-90.49999999999727,-0.11539520734584534,43,-108.99999999996908,-0.18123713004970013
allow_reclaim_after_opposite_breakout_strict__buffer_1__reclaim_2,MGC,2026,17,-1544.0000000001055,0,-1235.50000000012,-1188.00000000012,17,0.23529411764705882,-72.67647058824235,0.5049088359045987,-2.558393629034263,-5.836308165483979,-1544.0000000001055,-1544.0000000001055,-18.719696969698788,0.0,-246.50000000000546,360.4999999999927,0.25757575757575757,17,False,0,21,17,0,0.0,5,-894.0000000000236,-8.00833046080639,6,-1140.500000000029,-41.59488667668939
allow_reclaim_after_opposite_breakout_strict__buffer_1__reclaim_2,MNQ,2019,129,-2313.5,0,-743.5,444.0,129,0.40310077519379844,-5.763565891472868,0.9419435442939132,-0.31791216209449413,-0.6936344627945269,-2313.5,-2313.5,-3.5917874396135265,0.0,-250.0,478.0,0.6231884057971014,129,False,0,83,85,0,0.0,49,-608.0,-0.6764535951758301,53,-385.5,-0.5064452189706189
allow_reclaim_after_opposite_breakout_strict__buffer_1__reclaim_2,MNQ,2020,190,-1791.5,0,3086.5,3934.0,190,0.4789473684210526,16.24473684210526,1.178963847737222,0.8914140042975831,2.630750903902219,-1791.5,-1791.5,9.892628205128204,0.0,-249.5,476.0,0.6089743589743589,190,True,0,116,138,0,0.0,69,-971.5,-0.8981923892668958,74,-935.0,-1.0415565816371335
allow_reclaim_after_opposite_breakout_strict__buffer_1__reclaim_2,MNQ,2021,180,-1498.0,0,5925.5,6713.0,180,0.5222222222222223,32.919444444444444,1.4139364303178483,1.827373448406273,4.2358797999652245,-1498.0,-1498.0,19.05305466237942,0.0,-249.0,464.0,0.5787781350482315,180,True,0,109,145,0,0.0,50,96.0,0.09679656049668107,63,-509.5,-0.6404706315204207
allow_reclaim_after_opposite_breakout_strict__buffer_1__reclaim_2,MNQ,2022,119,-2316.5,0,306.0,641.0,119,0.4369747899159664,2.5714285714285716,1.025378395189716,0.11007395598196973,0.2615654373454054,-2316.5,-2327.0,0.9870967741935484,0.0,-249.0,470.0,0.38387096774193546,119,False,0,134,120,0,0.0,46,669.5,0.6560170524934569,50,106.5,0.1657498163137114
allow_reclaim_after_opposite_breakout_strict__buffer_1__reclaim_2,MNQ,2023,187,-2268.0,0,2204.0,2911.5,187,0.47593582887700536,11.786096256684491,1.1358565000308205,0.6783718618750476,1.746683903563871,-2268.0,-2268.0,7.109677419354838,0.0,-250.0,482.0,0.603225806451613,187,True,0,113,140,0,0.0,59,-488.5,-0.5158526443629331,66,371.5,0.4636717827468041
allow_reclaim_after_opposite_breakout_strict__buffer_1__reclaim_2,MNQ,2024,173,-1585.0,0,3793.0,4423.0,173,0.4508670520231214,21.92485549132948,1.2379175160733888,1.0927638148851775,3.4188670947231223,-1585.0,-1585.0,12.118210862619808,0.0,-250.0,478.0,0.5527156549520766,173,True,0,132,123,0,0.0,67,-727.5,-0.5662955819733528,70,-1023.0,-1.0887858046269094
allow_reclaim_after_opposite_breakout_strict__buffer_1__reclaim_2,MNQ,2025,126,-1781.5,0,338.0,708.0,126,0.42063492063492064,2.6825396825396823,1.0295454545454545,0.12539456567517437,0.2735449123159223,-1781.5,-1781.5,1.0833333333333333,0.0,-245.5,477.0,0.40384615384615385,126,False,0,130,123,0,0.0,51,-433.0,-0.41999978640363217,53,-716.0,-1.0765811335069428
allow_reclaim_after_opposite_breakout_strict__buffer_1__reclaim_2,MNQ,2026,11,-453.0,0,434.5,462.0,11,0.5454545454545454,39.5,1.4177884615384615,0.9714840800892108,2.627950335977607,-453.0,-453.0,6.389705882352941,0.0,-247.5,489.0,0.16176470588235295,11,False,0,24,31,0,0.0,2,-46.5,-0.8927516804852428,2,-46.5,-3.1478235214798334
allow_reclaim_after_opposite_breakout_strict__buffer_1__reclaim_3,M2K,2019,118,-3583.4999999995807,0,-2728.499999999541,-875.9999999995409,118,0.4152542372881356,-23.122881355928314,0.7767093579934035,-1.283682830558227,-2.6604740682618506,-3583.4999999995807,-3583.4999999995807,-13.181159420287637,0.0,-249.99999999997158,440.0,0.5700483091787439,118,False,0,81,87,0,0.0,33,-1133.9999999998747,-1.5897508099578361,39,-1550.499999999821,-3.0594037153043088
allow_reclaim_after_opposite_breakout_strict__buffer_1__reclaim_3,M2K,2020,177,-3617.4999999996253,0,-2037.999999999542,-370.49999999954184,177,0.4463276836158192,-11.514124293782723,0.8801634669097359,-0.654474341348169,-1.237278602679701,-3617.4999999996253,-3617.4999999996253,-6.532051282049814,0.0,-248.99999999999864,451.9999999999982,0.5673076923076923,177,False,0,126,129,0,0.0,56,-1997.9999999998768,-1.8768069260436178,63,-2831.9999999998618,-3.627396305933131
allow_reclaim_after_opposite_breakout_strict__buffer_1__reclaim_3,M2K,2021,177,-2517.99999999972,0,1683.5000000003706,3038.5000000003706,177,0.4689265536723164,9.511299435030342,1.1082253865192646,0.5176810045154655,1.1080714018767535,-2517.99999999972,-2517.99999999972,5.413183279743957,0.0,-249.9999999999909,464.0000000000009,0.5691318327974276,177,True,0,126,127,0,0.0,54,408.5000000001105,0.4305240595789247,60,1093.0000000001405,1.4672726617568226
allow_reclaim_after_opposite_breakout_strict__buffer_1__reclaim_3,M2K,2022,177,-4126.9999999998545,0,-1719.4999999996023,-504.4999999996021,177,0.4519774011299435,-9.714689265534476,0.902156594969863,-0.5403049961101489,-1.369322346250079,-4126.9999999998545,-4362.499999999845,-5.5467741935471055,0.0,-249.99999999999432,447.00000000000273,0.5709677419354838,177,False,0,137,117,0,0.0,67,-1358.9999999998463,-1.1593513022459314,68,-1350.9999999998445,-1.6402201098015308
allow_reclaim_after_opposite_breakout_strict__buffer_1__reclaim_3,M2K,2023,170,-3843.49999999988,0,-762.499999999568,765.000000000432,170,0.47058823529411764,-4.485294117644518,0.9497777045941326,-0.25325396476687234,-0.488919713887538,-3843.49999999988,-3843.49999999988,-2.459677419353445,0.0,-250.0,463.99999999999636,0.5483870967741935,170,False,0,123,129,0,0.0,48,1316.500000000118,1.2306336535421296,55,907.5000000001501,1.2395095438903578
allow_reclaim_after_opposite_breakout_strict__buffer_1__reclaim_3,M2K,2024,166,-2295.4999999997144,0,-603.9999999995996,783.5000000004004,166,0.4578313253012048,-3.638554216865058,0.9597762386787682,-0.19807626077794963,-0.40272049400649473,-2295.4999999997144,-2295.4999999997144,-1.9297124600626185,0.0,-248.99999999999636,444.00000000000546,0.5303514376996805,166,False,0,131,124,0,0.0,50,681.5000000001282,0.7132970118920872,57,42.000000000156206,0.06148981684578291
allow_reclaim_after_opposite_breakout_strict__buffer_1__reclaim_3,M2K,2025,182,-3518.499999999748,0,-1169.9999999995716,322.5000000004284,182,0.42857142857142855,-6.428571428569075,0.9372031237420709,-0.3405729440659059,-0.8260419387935175,-3518.499999999748,-3518.499999999748,-3.7499999999986255,0.0,-250.0,459.9999999999909,0.5833333333333334,182,False,0,120,133,0,0.0,55,1294.000000000085,1.1448648913943529,59,1803.0000000000814,2.16000431760911
allow_reclaim_after_opposite_breakout_strict__buffer_1__reclaim_3,M2K,2026,38,-1881.4999999999259,0,-824.4999999999209,-626.9999999999209,38,0.4473684210526316,-21.697368421050548,0.768007878446838,-1.3645336673172805,-3.000275553173375,-1881.4999999999259,-1881.4999999999259,-12.124999999998836,0.0,-241.49999999999181,409.99999999999545,0.5588235294117647,38,False,0,30,25,0,0.0,15,-910.4999999999745,-3.717196289388784,15,-910.4999999999745,-5.407242942674876
allow_reclaim_after_opposite_breakout_strict__buffer_1__reclaim_3,MES,2019,132,-5610.0,0,-4178.75,-2486.25,132,0.3787878787878788,-31.65719696969697,0.7311620426216325,-1.7521646085433993,-4.511624275261848,-5610.0,-5610.0,-20.18719806763285,0.0,-250.0,412.5,0.6376811594202898,132,False,0,81,87,0,0.0,46,-2253.75,-2.5987680960947817,53,-1937.5,-2.5537176010885068
allow_reclaim_after_opposite_breakout_strict__buffer_1__reclaim_3,MES,2020,205,-2231.25,0,-161.25,1548.75,205,0.43414634146341463,-0.7865853658536586,0.9926504102096627,-0.041963974306983017,-0.12222223004516133,-2231.25,-2231.25,-0.5168269230769231,0.0,-250.0,455.0,0.657051282051282,205,False,0,128,127,0,0.0,86,-1191.25,-0.7610787669160161,93,-1448.75,-1.0467560568512644
allow_reclaim_after_opposite_breakout_strict__buffer_1__reclaim_3,MES,2021,199,-1230.0,0,5390.0,7215.0,199,0.47738693467336685,27.08542713567839,1.274527280830203,1.3612885171683218,3.830356521001585,-1230.0,-1230.0,17.331189710610932,0.0,-250.0,461.25,0.639871382636656,199,True,0,115,138,0,0.0,66,1086.25,0.8322049552641703,73,1008.75,0.9307800356100019
allow_reclaim_after_opposite_breakout_strict__buffer_1__reclaim_3,MES,2022,189,-4730.0,0,-2670.0,-1832.5,189,0.4074074074074074,-14.126984126984127,0.8691657478868063,-0.7826951431650793,-2.7799171209860667,-4730.0,-4740.0,-8.612903225806452,0.0,-250.0,472.5,0.6096774193548387,189,False,0,135,119,0,0.0,75,-2276.25,-1.800287697059691,80,-2791.25,-2.82778260378792
allow_reclaim_after_opposite_breakout_strict__buffer_1__reclaim_3,MES,2023,201,-3152.5,0,-1077.5,605.0,201,0.4129353233830846,-5.3606965174129355,0.9533625493696911,-0.27426562271401017,-0.9487787947773775,-3152.5,-3152.5,-3.475806451612903,0.0,-250.0,461.25,0.6483870967741936,201,False,0,121,132,0,0.0,78,-3567.5,-2.7360570479535857,86,-3395.0,-2.931387494391286
allow_reclaim_after_opposite_breakout_strict__buffer_1__reclaim_3,MES,2024,198,-4045.0,0,-1548.75,136.25,198,0.3939393939393939,-7.821969696969697,0.9354384867906831,-0.38110905126164685,-1.3601782943629337,-4045.0,-4045.0,-4.948083067092652,0.0,-250.0,467.5,0.6325878594249201,198,False,0,142,113,0,0.0,93,-3270.0,-1.8764685146691191,100,-3500.0,-2.30786898684857
allow_reclaim_after_opposite_breakout_strict__buffer_1__reclaim_3,MES,2025,188,-3283.75,0,-2145.0,-1050.0,188,0.3776595744680851,-11.409574468085106,0.8938906752411575,-0.6122727206662173,-1.5881430901855715,-3283.75,-3283.75,-6.875,0.0,-250.0,467.5,0.6025641025641025,188,False,0,123,130,0,0.0,68,-38.75,-0.03029610042197724,71,495.0,0.49548665955114884
allow_reclaim_after_opposite_breakout_strict__buffer_1__reclaim_3,MES,2026,39,-966.25,0,-383.75,-223.75,39,0.5128205128205128,-9.83974358974359,0.8784639746634996,-0.6517363635690352,-1.8217197281443829,-966.25,-966.25,-5.643382352941177,0.0,-240.0,425.0,0.5735294117647058,39,False,0,24,31,0,0.0,12,-193.75,-0.9920690781277505,13,-326.25,-2.2394239221881285
allow_reclaim_after_opposite_breakout_strict__buffer_1__reclaim_3,MGC,2018,93,-6939.999999999066,0,-6444.499999999041,-4411.9999999990405,93,0.2903225806451613,-69.29569892472088,0.5060928877989388,-2.9973187900255565,-5.784541879803321,-6939.999999999066,-6939.999999999066,-27.65879828325769,0.0,-249.99999999995453,423.50000000001273,0.39914163090128757,93,False,0,78,63,0,0.0,37,-2707.499999999661,-3.456649013790816,45,-3979.9999999995516,-6.6696619829177735
allow_reclaim_after_opposite_breakout_strict__buffer_1__reclaim_3,MGC,2019,98,-2875.999999999433,0,-1052.9999999991492,652.0000000008508,98,0.40816326530612246,-10.744897959174992,0.8949468748441944,-0.46429985579145383,-0.7504655160419923,-2875.999999999433,-2875.999999999433,-4.28048780487459,0.0,-248.49999999999682,450.0,0.3983739837398374,98,False,0,76,70,0,0.0,37,-1990.9999999996035,-2.8541434885740977,41,-1248.4999999995966,-2.166016957546224
allow_reclaim_after_opposite_breakout_strict__buffer_1__reclaim_3,MGC,2020,106,-2354.4999999998413,0,1173.0000000004247,2163.0000000004247,106,0.46226415094339623,11.066037735853063,1.1176411593621958,0.45677498258839155,0.7954838139692851,-2354.4999999998413,-2354.4999999998413,4.130281690142341,0.0,-248.4999999999809,457.9999999999927,0.3732394366197183,106,True,0,78,78,0,0.0,35,8.000000000181444,0.012348062833006736,41,-857.9999999997858,-1.7064691892410049
allow_reclaim_after_opposite_breakout_strict__buffer_1__reclaim_3,MGC,2021,101,-2627.999999999556,0,-2609.999999999518,-1619.999999999518,101,0.4158415841584158,-25.84158415841107,0.7072842483037478,-1.3017422975412165,-1.6147625841420974,-2627.999999999556,-2681.4999999995325,-9.190140845068726,0.0,-248.99999999999181,415.5000000000109,0.35563380281690143,101,False,0,91,68,0,0.0,45,-2475.9999999998104,-3.7335508924663126,49,-2246.4999999997985,-4.321994465856947
allow_reclaim_after_opposite_breakout_strict__buffer_1__reclaim_3,MGC,2022,103,-3828.9999999997144,0,-1215.4999999996153,-257.9999999996153,103,0.4077669902912621,-11.800970873782672,0.875473824403273,-0.5368178957944392,-0.8401037645456748,-3828.9999999997144,-3828.9999999997144,-4.552434456927398,0.0,-247.4999999999909,457.9999999999927,0.3857677902621723,103,False,0,75,78,0,0.0,34,-1000.4999999998927,-1.5785386662651817,39,-1198.4999999998604,-2.6041295945773526
allow_reclaim_after_opposite_breakout_strict__buffer_1__reclaim_3,MGC,2023,106,-4836.49999999956,0,-2147.4999999994156,-1019.9999999994156,106,0.4056603773584906,-20.259433962258637,0.8142943618125652,-0.8592926095603238,-1.6309753579313477,-4836.49999999956,-4836.49999999956,-7.780797101447158,0.0,-249.9999999999909,457.9999999999927,0.38405797101449274,106,False,0,79,72,0,0.0,40,1498.5000000002174,1.8081778602786476,46,1090.0000000002774,1.6149123095575635
allow_reclaim_after_opposite_breakout_strict__buffer_1__reclaim_3,MGC,2024,103,-1942.99999999987,0,130.50000000056343,958.0000000005634,103,0.4077669902912621,1.266990291267606,1.01375276636111,0.05319572111433516,0.08165650596835262,-1942.99999999987,-1942.99999999987,0.45470383275457643,0.0,-248.99999999997817,463.4999999999809,0.3588850174216028,103,False,0,77,83,0,0.0,33,540.5000000000973,0.8180807275992206,38,190.0000000001137,0.3956664426612192
allow_reclaim_after_opposite_breakout_strict__buffer_1__reclaim_3,MGC,2025,104,-1802.9999999999154,0,2216.5000000000464,2759.0000000000464,104,0.4423076923076923,21.312500000000448,1.228540495952995,0.814532219625186,1.6473847418777492,-1802.9999999999154,-1802.9999999999154,7.363787375415437,0.0,-248.99999999998727,468.9999999999782,0.34551495016611294,104,False,0,82,80,0,0.0,39,-90.49999999999727,-0.11539520734584534,42,-501.49999999998727,-0.8774396218079262
allow_reclaim_after_opposite_breakout_strict__buffer_1__reclaim_3,MGC,2026,17,-1544.0000000001055,0,-1235.50000000012,-1188.00000000012,17,0.23529411764705882,-72.67647058824235,0.5049088359045987,-2.558393629034263,-5.836308165483979,-1544.0000000001055,-1544.0000000001055,-18.719696969698788,0.0,-246.50000000000546,360.4999999999927,0.25757575757575757,17,False,0,21,17,0,0.0,5,-894.0000000000236,-8.00833046080639,6,-1140.500000000029,-41.59488667668939
allow_reclaim_after_opposite_breakout_strict__buffer_1__reclaim_3,MNQ,2019,129,-2334.5,0,-764.5,423.0,129,0.40310077519379844,-5.926356589147287,0.9404014811927499,-0.3266851572337095,-0.7121970911013024,-2334.5,-2334.5,-3.6932367149758454,0.0,-250.0,478.0,0.6231884057971014,129,False,0,83,85,0,0.0,49,-629.0,-0.6986432509135657,53,-406.5,-0.5332354409266934
allow_reclaim_after_opposite_breakout_strict__buffer_1__reclaim_3,MNQ,2020,190,-1791.5,0,3086.5,3934.0,190,0.4789473684210526,16.24473684210526,1.178963847737222,0.8914140042975831,2.630750903902219,-1791.5,-1791.5,9.892628205128204,0.0,-249.5,476.0,0.6089743589743589,190,True,0,116,138,0,0.0,69,-971.5,-0.8981923892668958,74,-935.0,-1.0415565816371335
allow_reclaim_after_opposite_breakout_strict__buffer_1__reclaim_3,MNQ,2021,180,-1498.0,0,5925.5,6713.0,180,0.5222222222222223,32.919444444444444,1.4139364303178483,1.827373448406273,4.2358797999652245,-1498.0,-1498.0,19.05305466237942,0.0,-249.0,464.0,0.5787781350482315,180,True,0,109,145,0,0.0,50,96.0,0.09679656049668107,63,-509.5,-0.6404706315204207
allow_reclaim_after_opposite_breakout_strict__buffer_1__reclaim_3,MNQ,2022,119,-2316.5,0,306.0,641.0,119,0.4369747899159664,2.5714285714285716,1.025378395189716,0.11007395598196973,0.2615654373454054,-2316.5,-2327.0,0.9870967741935484,0.0,-249.0,470.0,0.38387096774193546,119,False,0,134,120,0,0.0,46,669.5,0.6560170524934569,50,106.5,0.1657498163137114
allow_reclaim_after_opposite_breakout_strict__buffer_1__reclaim_3,MNQ,2023,187,-2268.0,0,2204.0,2911.5,187,0.47593582887700536,11.786096256684491,1.1358565000308205,0.6783718618750476,1.746683903563871,-2268.0,-2268.0,7.109677419354838,0.0,-250.0,482.0,0.603225806451613,187,True,0,113,140,0,0.0,59,-488.5,-0.5158526443629331,66,371.5,0.4636717827468041
allow_reclaim_after_opposite_breakout_strict__buffer_1__reclaim_3,MNQ,2024,173,-1585.0,0,3793.0,4423.0,173,0.4508670520231214,21.92485549132948,1.2379175160733888,1.0927638148851775,3.4188670947231223,-1585.0,-1585.0,12.118210862619808,0.0,-250.0,478.0,0.5527156549520766,173,True,0,132,123,0,0.0,67,-727.5,-0.5662955819733528,70,-1023.0,-1.0887858046269094
allow_reclaim_after_opposite_breakout_strict__buffer_1__reclaim_3,MNQ,2025,126,-1781.5,0,338.0,708.0,126,0.42063492063492064,2.6825396825396823,1.0295454545454545,0.12539456567517437,0.2735449123159223,-1781.5,-1781.5,1.0833333333333333,0.0,-245.5,477.0,0.40384615384615385,126,False,0,130,123,0,0.0,51,-433.0,-0.41999978640363217,53,-716.0,-1.0765811335069428
allow_reclaim_after_opposite_breakout_strict__buffer_1__reclaim_3,MNQ,2026,11,-453.0,0,434.5,462.0,11,0.5454545454545454,39.5,1.4177884615384615,0.9714840800892108,2.627950335977607,-453.0,-453.0,6.389705882352941,0.0,-247.5,489.0,0.16176470588235295,11,False,0,24,31,0,0.0,2,-46.5,-0.8927516804852428,2,-46.5,-3.1478235214798334
allow_reclaim_after_opposite_breakout_strict__buffer_2__reclaim_1,M2K,2019,118,-3583.4999999995807,0,-2728.499999999541,-875.9999999995409,118,0.4152542372881356,-23.122881355928314,0.7767093579934035,-1.283682830558227,-2.6604740682618506,-3583.4999999995807,-3583.4999999995807,-13.181159420287637,0.0,-249.99999999997158,440.0,0.5700483091787439,118,False,0,78,90,0,0.0,30,-967.9999999998836,-1.4734281921606287,37,-1624.4999999998277,-3.4442899527987194
allow_reclaim_after_opposite_breakout_strict__buffer_2__reclaim_1,M2K,2020,177,-3617.4999999996253,0,-2037.999999999542,-370.49999999954184,177,0.4463276836158192,-11.514124293782723,0.8801634669097359,-0.654474341348169,-1.237278602679701,-3617.4999999996253,-3617.4999999996253,-6.532051282049814,0.0,-248.99999999999864,451.9999999999982,0.5673076923076923,177,False,0,126,129,0,0.0,56,-1997.9999999998768,-1.8768069260436178,63,-2831.9999999998618,-3.627396305933131
allow_reclaim_after_opposite_breakout_strict__buffer_2__reclaim_1,M2K,2021,177,-2517.99999999972,0,1683.5000000003706,3038.5000000003706,177,0.4689265536723164,9.511299435030342,1.1082253865192646,0.5176810045154655,1.1080714018767535,-2517.99999999972,-2517.99999999972,5.413183279743957,0.0,-249.9999999999909,464.0000000000009,0.5691318327974276,177,True,0,125,128,0,0.0,53,536.0000000001082,0.5698864553468961,59,1220.5000000001382,1.6599665409808626
allow_reclaim_after_opposite_breakout_strict__buffer_2__reclaim_1,M2K,2022,177,-4126.9999999998545,0,-1719.4999999996023,-504.4999999996021,177,0.4519774011299435,-9.714689265534476,0.902156594969863,-0.5403049961101489,-1.369322346250079,-4126.9999999998545,-4362.499999999845,-5.5467741935471055,0.0,-249.99999999999432,447.00000000000273,0.5709677419354838,177,False,0,137,117,0,0.0,67,-1358.9999999998463,-1.1593513022459314,68,-1350.9999999998445,-1.6402201098015308
allow_reclaim_after_opposite_breakout_strict__buffer_2__reclaim_1,M2K,2023,170,-3843.49999999988,0,-762.499999999568,765.000000000432,170,0.47058823529411764,-4.485294117644518,0.9497777045941326,-0.25325396476687234,-0.488919713887538,-3843.49999999988,-3843.49999999988,-2.459677419353445,0.0,-250.0,463.99999999999636,0.5483870967741935,170,False,0,122,130,0,0.0,47,1444.0000000001146,1.3609386671733374,54,1035.0000000001467,1.4328589573567998
allow_reclaim_after_opposite_breakout_strict__buffer_2__reclaim_1,M2K,2024,166,-2295.4999999997144,0,-603.9999999995996,783.5000000004004,166,0.4578313253012048,-3.638554216865058,0.9597762386787682,-0.19807626077794963,-0.40272049400649473,-2295.4999999997144,-2295.4999999997144,-1.9297124600626185,0.0,-248.99999999999636,444.00000000000546,0.5303514376996805,166,False,0,130,124,0,0.0,50,681.5000000001282,0.7160407666712207,57,42.000000000156206,0.06148981684578291
allow_reclaim_after_opposite_breakout_strict__buffer_2__reclaim_1,M2K,2025,182,-3518.499999999748,0,-1169.9999999995716,322.5000000004284,182,0.42857142857142855,-6.428571428569075,0.9372031237420709,-0.3405729440659059,-0.8260419387935175,-3518.499999999748,-3518.499999999748,-3.7499999999986255,0.0,-250.0,459.9999999999909,0.5833333333333334,182,False,0,120,133,0,0.0,55,1294.000000000085,1.1448648913943529,59,1803.0000000000814,2.16000431760911
allow_reclaim_after_opposite_breakout_strict__buffer_2__reclaim_1,M2K,2026,38,-1881.4999999999259,0,-824.4999999999209,-626.9999999999209,38,0.4473684210526316,-21.697368421050548,0.768007878446838,-1.3645336673172805,-3.000275553173375,-1881.4999999999259,-1881.4999999999259,-12.124999999998836,0.0,-241.49999999999181,409.99999999999545,0.5588235294117647,38,False,0,30,25,0,0.0,15,-910.4999999999745,-3.717196289388784,15,-910.4999999999745,-5.407242942674876
allow_reclaim_after_opposite_breakout_strict__buffer_2__reclaim_1,MES,2019,132,-5610.0,0,-4178.75,-2486.25,132,0.3787878787878788,-31.65719696969697,0.7311620426216325,-1.7521646085433993,-4.511624275261848,-5610.0,-5610.0,-20.18719806763285,0.0,-250.0,412.5,0.6376811594202898,132,False,0,77,91,0,0.0,42,-2241.25,-2.814766801950135,49,-1925.0,-2.7778509547569303
allow_reclaim_after_opposite_breakout_strict__buffer_2__reclaim_1,MES,2020,204,-2231.25,0,-478.75,1226.25,204,0.43137254901960786,-2.346813725490196,0.9781791248860529,-0.12512408575675885,-0.3628768535449366,-2231.25,-2231.25,-1.5344551282051282,0.0,-250.0,455.0,0.6538461538461539,204,False,0,127,128,0,0.0,84,-1265.0,-0.8253281965248632,91,-1522.5,-1.1299623456381118
allow_reclaim_after_opposite_breakout_strict__buffer_2__reclaim_1,MES,2021,199,-1230.0,0,5345.0,7170.0,199,0.47738693467336685,26.85929648241206,1.2722353090978544,1.3518294040367875,3.7983776632195676,-1230.0,-1230.0,17.186495176848876,0.0,-250.0,461.25,0.639871382636656,199,True,0,115,138,0,0.0,66,1041.25,0.801659556800392,73,963.75,0.8932473860220483
allow_reclaim_after_opposite_breakout_strict__buffer_2__reclaim_1,MES,2022,189,-4730.0,0,-2690.0,-1852.5,189,0.4074074074074074,-14.232804232804233,0.8681857160357712,-0.7888059661512964,-2.8007404702069363,-4730.0,-4740.0,-8.67741935483871,0.0,-250.0,472.5,0.6096774193548387,189,False,0,135,119,0,0.0,75,-2296.25,-1.8180188846518466,80,-2811.25,-2.8512980975392423
allow_reclaim_after_opposite_breakout_strict__buffer_2__reclaim_1,MES,2023,201,-3152.5,0,-1077.5,605.0,201,0.4129353233830846,-5.3606965174129355,0.9533625493696911,-0.27426562271401017,-0.9487787947773775,-3152.5,-3152.5,-3.475806451612903,0.0,-250.0,461.25,0.6483870967741936,201,False,0,117,136,0,0.0,77,-3537.5,-2.7600785026421124,85,-3365.0,-2.922559109860036
allow_reclaim_after_opposite_breakout_strict__buffer_2__reclaim_1,MES,2024,198,-4006.25,0,-1510.0,172.5,198,0.3939393939393939,-7.626262626262626,0.9369519832985386,-0.371796634350217,-1.327545732053803,-4006.25,-4006.25,-4.824281150159744,0.0,-250.0,467.5,0.6325878594249201,198,False,0,140,115,0,0.0,91,-3053.75,-1.77439458264543,98,-3283.75,-2.197531459191265
allow_reclaim_after_opposite_breakout_strict__buffer_2__reclaim_1,MES,2025,188,-3283.75,0,-2135.0,-1040.0,188,0.3776595744680851,-11.356382978723405,0.8943330858698342,-0.60955245079042,-1.5822063862419051,-3283.75,-3283.75,-6.842948717948718,0.0,-250.0,467.5,0.6025641025641025,188,False,0,123,130,0,0.0,68,-28.75,-0.022492838030435263,71,505.0,0.5058279452745734
allow_reclaim_after_opposite_breakout_strict__buffer_2__reclaim_1,MES,2026,40,-966.25,0,-520.0,-357.5,40,0.5,-13.0,0.8421252371916509,-0.8774325900482411,-2.5095080033798944,-966.25,-966.25,-7.647058823529412,0.0,-240.0,425.0,0.5882352941176471,40,False,0,24,31,0,0.0,13,-330.0,-1.6577580578938977,14,-462.5,-3.0173995048681763
allow_reclaim_after_opposite_breakout_strict__buffer_2__reclaim_1,MGC,2018,95,-7635.999999999035,0,-7140.4999999990105,-5007.9999999990105,95,0.28421052631578947,-75.16315789472642,0.48061536223454643,-3.2767922647665797,-6.725187389161573,-7635.999999999035,-7635.999999999035,-30.64592274677687,0.0,-249.99999999995453,423.50000000001273,0.40772532188841204,95,False,0,74,67,0,0.0,35,-3346.4999999996735,-4.34048892931563,43,-4354.499999999575,-7.54275041419603
allow_reclaim_after_opposite_breakout_strict__buffer_2__reclaim_1,MGC,2019,98,-2920.4999999994357,0,-1097.499999999152,620.0000000008481,98,0.40816326530612246,-11.198979591828081,0.8909912594359136,-0.48309421347843623,-0.7796999108924139,-2920.4999999994357,-2920.4999999994357,-4.461382113817691,0.0,-248.49999999999682,450.0,0.3983739837398374,98,False,0,73,73,0,0.0,34,-1553.4999999996649,-2.3280664091337644,39,-815.9999999996307,-1.4787586704292468
allow_reclaim_after_opposite_breakout_strict__buffer_2__reclaim_1,MGC,2020,107,-2955.9999999998445,0,-37.999999999592546,957.0000000004075,107,0.4485981308411215,-0.3551401869120799,0.9963632883529915,-0.015009630764272745,-0.025947974831204642,-2955.9999999998445,-2955.9999999998445,-0.13380281689997375,0.0,-248.49999999999682,457.9999999999927,0.3767605633802817,107,False,0,77,79,0,0.0,35,-1393.9999999998395,-2.377309406081544,42,-2068.999999999803,-4.443650016880213
allow_reclaim_after_opposite_breakout_strict__buffer_2__reclaim_1,MGC,2021,102,-2869.4999999995503,0,-2851.499999999512,-1848.999999999512,102,0.4117647058823529,-27.955882352936392,0.6886328892771745,-1.4115628723860267,-1.7639808404749195,-2869.4999999995503,-2922.9999999995266,-10.04049295774476,0.0,-248.99999999999181,415.5000000000109,0.3591549295774648,102,False,0,88,71,0,0.0,43,-2684.9999999998295,-4.163696565822608,47,-2455.4999999998176,-4.890576417751722
allow_reclaim_after_opposite_breakout_strict__buffer_2__reclaim_1,MGC,2022,104,-3828.9999999997144,0,-797.4999999996226,170.00000000037744,104,0.41346153846153844,-7.668269230765602,0.9182973056039703,-0.3459104495400854,-0.5511993025298814,-3828.9999999997144,-3828.9999999997144,-2.9868913857663766,0.0,-247.4999999999909,457.9999999999927,0.3895131086142322,104,False,0,73,80,0,0.0,34,-368.4999999999036,-0.5608604840482162,39,-566.4999999998713,-1.1656481954176714
allow_reclaim_after_opposite_breakout_strict__buffer_2__reclaim_1,MGC,2023,106,-4836.49999999956,0,-2147.4999999994156,-1019.9999999994156,106,0.4056603773584906,-20.259433962258637,0.8142943618125652,-0.8592926095603238,-1.6309753579313477,-4836.49999999956,-4836.49999999956,-7.780797101447158,0.0,-249.9999999999909,457.9999999999927,0.38405797101449274,106,False,0,76,75,0,0.0,37,1511.000000000197,1.9004735954890088,43,1102.500000000257,1.7227792841866234
allow_reclaim_after_opposite_breakout_strict__buffer_2__reclaim_1,MGC,2024,105,-1942.99999999987,0,453.0000000005134,1303.0000000005134,105,0.4095238095238095,4.3142857142906035,1.0474917439849605,0.18223097222050957,0.2820936164270164,-1942.99999999987,-1942.99999999987,1.578397212545343,0.0,-248.99999999997817,463.4999999999809,0.36585365853658536,105,False,0,76,84,0,0.0,34,1056.5000000000418,1.5591292274095097,39,685.5000000000564,1.3646582708803057
allow_reclaim_after_opposite_breakout_strict__buffer_2__reclaim_1,MGC,2025,107,-1802.9999999999154,0,3045.5000000000337,3608.0000000000337,107,0.45794392523364486,28.46261682243022,1.3140176315925287,1.0964767323898243,2.263528189212107,-1802.9999999999154,-1802.9999999999154,10.11794019933566,0.0,-248.99999999998727,468.9999999999782,0.3554817275747508,107,True,0,80,82,0,0.0,39,810.9999999999582,1.045999817406405,43,792.4999999999864,1.3185836169297296
allow_reclaim_after_opposite_breakout_strict__buffer_2__reclaim_1,MGC,2026,17,-1544.0000000001055,0,-1235.50000000012,-1188.00000000012,17,0.23529411764705882,-72.67647058824235,0.5049088359045987,-2.558393629034263,-5.836308165483979,-1544.0000000001055,-1544.0000000001055,-18.719696969698788,0.0,-246.50000000000546,360.4999999999927,0.25757575757575757,17,False,0,21,17,0,0.0,5,-894.0000000000236,-8.00833046080639,6,-1140.500000000029,-41.59488667668939
allow_reclaim_after_opposite_breakout_strict__buffer_2__reclaim_1,MNQ,2019,129,-2313.5,0,-743.5,444.0,129,0.40310077519379844,-5.763565891472868,0.9419435442939132,-0.31791216209449413,-0.6936344627945269,-2313.5,-2313.5,-3.5917874396135265,0.0,-250.0,478.0,0.6231884057971014,129,False,0,83,85,0,0.0,49,-608.0,-0.6764535951758301,53,-385.5,-0.5064452189706189
allow_reclaim_after_opposite_breakout_strict__buffer_2__reclaim_1,MNQ,2020,190,-1791.5,0,3086.5,3934.0,190,0.4789473684210526,16.24473684210526,1.178963847737222,0.8914140042975831,2.630750903902219,-1791.5,-1791.5,9.892628205128204,0.0,-249.5,476.0,0.6089743589743589,190,True,0,116,138,0,0.0,69,-971.5,-0.8981923892668958,74,-935.0,-1.0415565816371335
allow_reclaim_after_opposite_breakout_strict__buffer_2__reclaim_1,MNQ,2021,180,-1498.0,0,5925.5,6713.0,180,0.5222222222222223,32.919444444444444,1.4139364303178483,1.827373448406273,4.2358797999652245,-1498.0,-1498.0,19.05305466237942,0.0,-249.0,464.0,0.5787781350482315,180,True,0,109,145,0,0.0,50,96.0,0.09679656049668107,63,-509.5,-0.6404706315204207
allow_reclaim_after_opposite_breakout_strict__buffer_2__reclaim_1,MNQ,2022,119,-2316.5,0,306.0,641.0,119,0.4369747899159664,2.5714285714285716,1.025378395189716,0.11007395598196973,0.2615654373454054,-2316.5,-2327.0,0.9870967741935484,0.0,-249.0,470.0,0.38387096774193546,119,False,0,134,120,0,0.0,46,669.5,0.6560170524934569,50,106.5,0.1657498163137114
allow_reclaim_after_opposite_breakout_strict__buffer_2__reclaim_1,MNQ,2023,187,-2268.0,0,2234.0,2941.5,187,0.47593582887700536,11.946524064171124,1.1379608472796887,0.6877382369526625,1.7554148946323,-2268.0,-2268.0,7.2064516129032254,0.0,-250.0,482.0,0.603225806451613,187,True,0,112,141,0,0.0,58,-425.5,-0.4517190202306489,65,434.5,0.5469920568474687
allow_reclaim_after_opposite_breakout_strict__buffer_2__reclaim_1,MNQ,2024,173,-1585.0,0,3793.0,4423.0,173,0.4508670520231214,21.92485549132948,1.2379175160733888,1.0927638148851775,3.4188670947231223,-1585.0,-1585.0,12.118210862619808,0.0,-250.0,478.0,0.5527156549520766,173,True,0,132,123,0,0.0,67,-727.5,-0.5662955819733528,70,-1023.0,-1.0887858046269094
allow_reclaim_after_opposite_breakout_strict__buffer_2__reclaim_1,MNQ,2025,126,-1781.5,0,338.0,708.0,126,0.42063492063492064,2.6825396825396823,1.0295454545454545,0.12539456567517437,0.2735449123159223,-1781.5,-1781.5,1.0833333333333333,0.0,-245.5,477.0,0.40384615384615385,126,False,0,130,123,0,0.0,51,-433.0,-0.41999978640363217,53,-716.0,-1.0765811335069428
allow_reclaim_after_opposite_breakout_strict__buffer_2__reclaim_1,MNQ,2026,11,-453.0,0,434.5,462.0,11,0.5454545454545454,39.5,1.4177884615384615,0.9714840800892108,2.627950335977607,-453.0,-453.0,6.389705882352941,0.0,-247.5,489.0,0.16176470588235295,11,False,0,24,31,0,0.0,2,-46.5,-0.8927516804852428,2,-46.5,-3.1478235214798334
allow_reclaim_after_opposite_breakout_strict__buffer_2__reclaim_2,M2K,2019,118,-3583.4999999995807,0,-2728.499999999541,-875.9999999995409,118,0.4152542372881356,-23.122881355928314,0.7767093579934035,-1.283682830558227,-2.6604740682618506,-3583.4999999995807,-3583.4999999995807,-13.181159420287637,0.0,-249.99999999997158,440.0,0.5700483091787439,118,False,0,78,90,0,0.0,30,-967.9999999998836,-1.4734281921606287,37,-1624.4999999998277,-3.4442899527987194
allow_reclaim_after_opposite_breakout_strict__buffer_2__reclaim_2,M2K,2020,177,-3617.4999999996253,0,-2037.999999999542,-370.49999999954184,177,0.4463276836158192,-11.514124293782723,0.8801634669097359,-0.654474341348169,-1.237278602679701,-3617.4999999996253,-3617.4999999996253,-6.532051282049814,0.0,-248.99999999999864,451.9999999999982,0.5673076923076923,177,False,0,126,129,0,0.0,56,-1997.9999999998768,-1.8768069260436178,63,-2831.9999999998618,-3.627396305933131
allow_reclaim_after_opposite_breakout_strict__buffer_2__reclaim_2,M2K,2021,177,-2517.99999999972,0,1683.5000000003706,3038.5000000003706,177,0.4689265536723164,9.511299435030342,1.1082253865192646,0.5176810045154655,1.1080714018767535,-2517.99999999972,-2517.99999999972,5.413183279743957,0.0,-249.9999999999909,464.0000000000009,0.5691318327974276,177,True,0,125,128,0,0.0,53,536.0000000001082,0.5698864553468961,59,1220.5000000001382,1.6599665409808626
allow_reclaim_after_opposite_breakout_strict__buffer_2__reclaim_2,M2K,2022,177,-4126.9999999998545,0,-1719.4999999996023,-504.4999999996021,177,0.4519774011299435,-9.714689265534476,0.902156594969863,-0.5403049961101489,-1.369322346250079,-4126.9999999998545,-4362.499999999845,-5.5467741935471055,0.0,-249.99999999999432,447.00000000000273,0.5709677419354838,177,False,0,137,117,0,0.0,67,-1358.9999999998463,-1.1593513022459314,68,-1350.9999999998445,-1.6402201098015308
allow_reclaim_after_opposite_breakout_strict__buffer_2__reclaim_2,M2K,2023,170,-3843.49999999988,0,-762.499999999568,765.000000000432,170,0.47058823529411764,-4.485294117644518,0.9497777045941326,-0.25325396476687234,-0.488919713887538,-3843.49999999988,-3843.49999999988,-2.459677419353445,0.0,-250.0,463.99999999999636,0.5483870967741935,170,False,0,122,130,0,0.0,47,1444.0000000001146,1.3609386671733374,54,1035.0000000001467,1.4328589573567998
allow_reclaim_after_opposite_breakout_strict__buffer_2__reclaim_2,M2K,2024,166,-2295.4999999997144,0,-603.9999999995996,783.5000000004004,166,0.4578313253012048,-3.638554216865058,0.9597762386787682,-0.19807626077794963,-0.40272049400649473,-2295.4999999997144,-2295.4999999997144,-1.9297124600626185,0.0,-248.99999999999636,444.00000000000546,0.5303514376996805,166,False,0,130,124,0,0.0,50,681.5000000001282,0.7160407666712207,57,42.000000000156206,0.06148981684578291
allow_reclaim_after_opposite_breakout_strict__buffer_2__reclaim_2,M2K,2025,182,-3518.499999999748,0,-1169.9999999995716,322.5000000004284,182,0.42857142857142855,-6.428571428569075,0.9372031237420709,-0.3405729440659059,-0.8260419387935175,-3518.499999999748,-3518.499999999748,-3.7499999999986255,0.0,-250.0,459.9999999999909,0.5833333333333334,182,False,0,120,133,0,0.0,55,1294.000000000085,1.1448648913943529,59,1803.0000000000814,2.16000431760911
allow_reclaim_after_opposite_breakout_strict__buffer_2__reclaim_2,M2K,2026,38,-1881.4999999999259,0,-824.4999999999209,-626.9999999999209,38,0.4473684210526316,-21.697368421050548,0.768007878446838,-1.3645336673172805,-3.000275553173375,-1881.4999999999259,-1881.4999999999259,-12.124999999998836,0.0,-241.49999999999181,409.99999999999545,0.5588235294117647,38,False,0,30,25,0,0.0,15,-910.4999999999745,-3.717196289388784,15,-910.4999999999745,-5.407242942674876
allow_reclaim_after_opposite_breakout_strict__buffer_2__reclaim_2,MES,2019,132,-5610.0,0,-4178.75,-2486.25,132,0.3787878787878788,-31.65719696969697,0.7311620426216325,-1.7521646085433993,-4.511624275261848,-5610.0,-5610.0,-20.18719806763285,0.0,-250.0,412.5,0.6376811594202898,132,False,0,77,91,0,0.0,42,-2241.25,-2.814766801950135,49,-1925.0,-2.7778509547569303
allow_reclaim_after_opposite_breakout_strict__buffer_2__reclaim_2,MES,2020,204,-2231.25,0,-478.75,1226.25,204,0.43137254901960786,-2.346813725490196,0.9781791248860529,-0.12512408575675885,-0.3628768535449366,-2231.25,-2231.25,-1.5344551282051282,0.0,-250.0,455.0,0.6538461538461539,204,False,0,127,128,0,0.0,84,-1265.0,-0.8253281965248632,91,-1522.5,-1.1299623456381118
allow_reclaim_after_opposite_breakout_strict__buffer_2__reclaim_2,MES,2021,199,-1230.0,0,5345.0,7170.0,199,0.47738693467336685,26.85929648241206,1.2722353090978544,1.3518294040367875,3.7983776632195676,-1230.0,-1230.0,17.186495176848876,0.0,-250.0,461.25,0.639871382636656,199,True,0,115,138,0,0.0,66,1041.25,0.801659556800392,73,963.75,0.8932473860220483
allow_reclaim_after_opposite_breakout_strict__buffer_2__reclaim_2,MES,2022,189,-4730.0,0,-2670.0,-1832.5,189,0.4074074074074074,-14.126984126984127,0.8691657478868063,-0.7826951431650793,-2.7799171209860667,-4730.0,-4740.0,-8.612903225806452,0.0,-250.0,472.5,0.6096774193548387,189,False,0,135,119,0,0.0,75,-2276.25,-1.800287697059691,80,-2791.25,-2.82778260378792
allow_reclaim_after_opposite_breakout_strict__buffer_2__reclaim_2,MES,2023,201,-3152.5,0,-1077.5,605.0,201,0.4129353233830846,-5.3606965174129355,0.9533625493696911,-0.27426562271401017,-0.9487787947773775,-3152.5,-3152.5,-3.475806451612903,0.0,-250.0,461.25,0.6483870967741936,201,False,0,117,136,0,0.0,77,-3537.5,-2.7600785026421124,85,-3365.0,-2.922559109860036
allow_reclaim_after_opposite_breakout_strict__buffer_2__reclaim_2,MES,2024,198,-4006.25,0,-1510.0,172.5,198,0.3939393939393939,-7.626262626262626,0.9369519832985386,-0.371796634350217,-1.327545732053803,-4006.25,-4006.25,-4.824281150159744,0.0,-250.0,467.5,0.6325878594249201,198,False,0,140,115,0,0.0,91,-3053.75,-1.77439458264543,98,-3283.75,-2.197531459191265
allow_reclaim_after_opposite_breakout_strict__buffer_2__reclaim_2,MES,2025,188,-3283.75,0,-2135.0,-1040.0,188,0.3776595744680851,-11.356382978723405,0.8943330858698342,-0.60955245079042,-1.5822063862419051,-3283.75,-3283.75,-6.842948717948718,0.0,-250.0,467.5,0.6025641025641025,188,False,0,123,130,0,0.0,68,-28.75,-0.022492838030435263,71,505.0,0.5058279452745734
allow_reclaim_after_opposite_breakout_strict__buffer_2__reclaim_2,MES,2026,40,-966.25,0,-520.0,-357.5,40,0.5,-13.0,0.8421252371916509,-0.8774325900482411,-2.5095080033798944,-966.25,-966.25,-7.647058823529412,0.0,-240.0,425.0,0.5882352941176471,40,False,0,24,31,0,0.0,13,-330.0,-1.6577580578938977,14,-462.5,-3.0173995048681763
allow_reclaim_after_opposite_breakout_strict__buffer_2__reclaim_2,MGC,2018,94,-7182.499999999039,0,-6686.999999999014,-4611.999999999014,94,0.2872340425531915,-71.13829787232994,0.49701004174662883,-3.095275394541222,-6.02893779350877,-7182.499999999039,-7182.499999999039,-28.699570815446414,0.0,-249.99999999995453,423.50000000001273,0.4034334763948498,94,False,0,74,67,0,0.0,34,-2892.9999999996767,-3.8253154903900404,42,-3900.9999999995784,-6.901340421343593
allow_reclaim_after_opposite_breakout_strict__buffer_2__reclaim_2,MGC,2019,98,-2938.4999999994307,0,-1115.499999999147,592.0000000008531,98,0.40816326530612246,-11.382653061215784,0.8894011501091397,-0.4906266842044158,-0.7905643118356184,-2938.4999999994307,-2938.4999999994307,-4.5345528455249875,0.0,-248.49999999999682,450.0,0.3983739837398374,98,False,0,73,73,0,0.0,34,-1571.4999999996598,-2.3490767893979294,39,-833.9999999996257,-1.5083820624784583
allow_reclaim_after_opposite_breakout_strict__buffer_2__reclaim_2,MGC,2020,106,-2354.4999999998413,0,543.0000000004088,1533.0000000004088,106,0.4528301886792453,5.122641509437819,1.0531337149567421,0.21290835882755982,0.3689327220917717,-2354.4999999998413,-2354.4999999998413,1.911971830987355,0.0,-248.49999999999682,457.9999999999927,0.3732394366197183,106,False,0,77,79,0,0.0,34,-812.9999999998381,-1.3276438541474846,41,-1487.9999999998017,-3.080653888330289
allow_reclaim_after_opposite_breakout_strict__buffer_2__reclaim_2,MGC,2021,102,-2869.4999999995503,0,-2851.499999999512,-1848.999999999512,102,0.4117647058823529,-27.955882352936392,0.6886328892771745,-1.4115628723860267,-1.7639808404749195,-2869.4999999995503,-2922.9999999995266,-10.04049295774476,0.0,-248.99999999999181,415.5000000000109,0.3591549295774648,102,False,0,88,71,0,0.0,43,-2684.9999999998295,-4.163696565822608,47,-2455.4999999998176,-4.890576417751722
allow_reclaim_after_opposite_breakout_strict__buffer_2__reclaim_2,MGC,2022,104,-3828.9999999997144,0,-1232.4999999996135,-269.99999999961346,104,0.40384615384615385,-11.850961538457822,0.8739517283698455,-0.5443183503823608,-0.8402810890495676,-3828.9999999997144,-3828.9999999997144,-4.61610486891241,0.0,-247.4999999999909,457.9999999999927,0.3895131086142322,104,False,0,73,80,0,0.0,34,-803.4999999998945,-1.3049446832333647,39,-1001.4999999998622,-2.2039524889992896
allow_reclaim_after_opposite_breakout_strict__buffer_2__reclaim_2,MGC,2023,106,-4836.49999999956,0,-2147.4999999994156,-1019.9999999994156,106,0.4056603773584906,-20.259433962258637,0.8142943618125652,-0.8592926095603238,-1.6309753579313477,-4836.49999999956,-4836.49999999956,-7.780797101447158,0.0,-249.9999999999909,457.9999999999927,0.38405797101449274,106,False,0,76,75,0,0.0,37,1511.000000000197,1.9004735954890088,43,1102.500000000257,1.7227792841866234
allow_reclaim_after_opposite_breakout_strict__buffer_2__reclaim_2,MGC,2024,104,-1942.99999999987,0,53.000000000577074,883.0000000005771,104,0.40384615384615385,0.5096153846209334,1.005540166205047,0.021589865035962396,0.03318926817876358,-1942.99999999987,-1942.99999999987,0.18466898954904903,0.0,-248.99999999997817,463.4999999999809,0.3623693379790941,104,False,0,76,84,0,0.0,33,656.5000000001055,1.0116556795951297,38,285.50000000012005,0.5992739221025087
allow_reclaim_after_opposite_breakout_strict__buffer_2__reclaim_2,MGC,2025,105,-1802.9999999999154,0,2609.0000000000646,3164.0000000000646,105,0.44761904761904764,24.847619047619663,1.26901067175338,0.9475445200882163,1.9391052522260608,-1802.9999999999154,-1802.9999999999154,8.667774086378952,0.0,-248.99999999998727,468.9999999999782,0.3488372093023256,105,False,0,80,82,0,0.0,37,374.4999999999891,0.4981539731143809,41,356.0000000000173,0.6227329424006746
allow_reclaim_after_opposite_breakout_strict__buffer_2__reclaim_2,MGC,2026,17,-1544.0000000001055,0,-1235.50000000012,-1188.00000000012,17,0.23529411764705882,-72.67647058824235,0.5049088359045987,-2.558393629034263,-5.836308165483979,-1544.0000000001055,-1544.0000000001055,-18.719696969698788,0.0,-246.50000000000546,360.4999999999927,0.25757575757575757,17,False,0,21,17,0,0.0,5,-894.0000000000236,-8.00833046080639,6,-1140.500000000029,-41.59488667668939
allow_reclaim_after_opposite_breakout_strict__buffer_2__reclaim_2,MNQ,2019,129,-2313.5,0,-743.5,444.0,129,0.40310077519379844,-5.763565891472868,0.9419435442939132,-0.31791216209449413,-0.6936344627945269,-2313.5,-2313.5,-3.5917874396135265,0.0,-250.0,478.0,0.6231884057971014,129,False,0,83,85,0,0.0,49,-608.0,-0.6764535951758301,53,-385.5,-0.5064452189706189
allow_reclaim_after_opposite_breakout_strict__buffer_2__reclaim_2,MNQ,2020,190,-1791.5,0,3086.5,3934.0,190,0.4789473684210526,16.24473684210526,1.178963847737222,0.8914140042975831,2.630750903902219,-1791.5,-1791.5,9.892628205128204,0.0,-249.5,476.0,0.6089743589743589,190,True,0,116,138,0,0.0,69,-971.5,-0.8981923892668958,74,-935.0,-1.0415565816371335
allow_reclaim_after_opposite_breakout_strict__buffer_2__reclaim_2,MNQ,2021,180,-1498.0,0,5925.5,6713.0,180,0.5222222222222223,32.919444444444444,1.4139364303178483,1.827373448406273,4.2358797999652245,-1498.0,-1498.0,19.05305466237942,0.0,-249.0,464.0,0.5787781350482315,180,True,0,109,145,0,0.0,50,96.0,0.09679656049668107,63,-509.5,-0.6404706315204207
allow_reclaim_after_opposite_breakout_strict__buffer_2__reclaim_2,MNQ,2022,119,-2316.5,0,306.0,641.0,119,0.4369747899159664,2.5714285714285716,1.025378395189716,0.11007395598196973,0.2615654373454054,-2316.5,-2327.0,0.9870967741935484,0.0,-249.0,470.0,0.38387096774193546,119,False,0,134,120,0,0.0,46,669.5,0.6560170524934569,50,106.5,0.1657498163137114
allow_reclaim_after_opposite_breakout_strict__buffer_2__reclaim_2,MNQ,2023,187,-2268.0,0,2234.0,2941.5,187,0.47593582887700536,11.946524064171124,1.1379608472796887,0.6877382369526625,1.7554148946323,-2268.0,-2268.0,7.2064516129032254,0.0,-250.0,482.0,0.603225806451613,187,True,0,112,141,0,0.0,58,-425.5,-0.4517190202306489,65,434.5,0.5469920568474687
allow_reclaim_after_opposite_breakout_strict__buffer_2__reclaim_2,MNQ,2024,173,-1585.0,0,3793.0,4423.0,173,0.4508670520231214,21.92485549132948,1.2379175160733888,1.0927638148851775,3.4188670947231223,-1585.0,-1585.0,12.118210862619808,0.0,-250.0,478.0,0.5527156549520766,173,True,0,132,123,0,0.0,67,-727.5,-0.5662955819733528,70,-1023.0,-1.0887858046269094
allow_reclaim_after_opposite_breakout_strict__buffer_2__reclaim_2,MNQ,2025,126,-1781.5,0,338.0,708.0,126,0.42063492063492064,2.6825396825396823,1.0295454545454545,0.12539456567517437,0.2735449123159223,-1781.5,-1781.5,1.0833333333333333,0.0,-245.5,477.0,0.40384615384615385,126,False,0,130,123,0,0.0,51,-433.0,-0.41999978640363217,53,-716.0,-1.0765811335069428
allow_reclaim_after_opposite_breakout_strict__buffer_2__reclaim_2,MNQ,2026,11,-453.0,0,434.5,462.0,11,0.5454545454545454,39.5,1.4177884615384615,0.9714840800892108,2.627950335977607,-453.0,-453.0,6.389705882352941,0.0,-247.5,489.0,0.16176470588235295,11,False,0,24,31,0,0.0,2,-46.5,-0.8927516804852428,2,-46.5,-3.1478235214798334
allow_reclaim_after_opposite_breakout_strict__buffer_2__reclaim_3,M2K,2019,118,-3583.4999999995807,0,-2728.499999999541,-875.9999999995409,118,0.4152542372881356,-23.122881355928314,0.7767093579934035,-1.283682830558227,-2.6604740682618506,-3583.4999999995807,-3583.4999999995807,-13.181159420287637,0.0,-249.99999999997158,440.0,0.5700483091787439,118,False,0,78,90,0,0.0,30,-967.9999999998836,-1.4734281921606287,37,-1624.4999999998277,-3.4442899527987194
allow_reclaim_after_opposite_breakout_strict__buffer_2__reclaim_3,M2K,2020,177,-3617.4999999996253,0,-2037.999999999542,-370.49999999954184,177,0.4463276836158192,-11.514124293782723,0.8801634669097359,-0.654474341348169,-1.237278602679701,-3617.4999999996253,-3617.4999999996253,-6.532051282049814,0.0,-248.99999999999864,451.9999999999982,0.5673076923076923,177,False,0,126,129,0,0.0,56,-1997.9999999998768,-1.8768069260436178,63,-2831.9999999998618,-3.627396305933131
allow_reclaim_after_opposite_breakout_strict__buffer_2__reclaim_3,M2K,2021,177,-2517.99999999972,0,1683.5000000003706,3038.5000000003706,177,0.4689265536723164,9.511299435030342,1.1082253865192646,0.5176810045154655,1.1080714018767535,-2517.99999999972,-2517.99999999972,5.413183279743957,0.0,-249.9999999999909,464.0000000000009,0.5691318327974276,177,True,0,125,128,0,0.0,53,536.0000000001082,0.5698864553468961,59,1220.5000000001382,1.6599665409808626
allow_reclaim_after_opposite_breakout_strict__buffer_2__reclaim_3,M2K,2022,177,-4126.9999999998545,0,-1719.4999999996023,-504.4999999996021,177,0.4519774011299435,-9.714689265534476,0.902156594969863,-0.5403049961101489,-1.369322346250079,-4126.9999999998545,-4362.499999999845,-5.5467741935471055,0.0,-249.99999999999432,447.00000000000273,0.5709677419354838,177,False,0,137,117,0,0.0,67,-1358.9999999998463,-1.1593513022459314,68,-1350.9999999998445,-1.6402201098015308
allow_reclaim_after_opposite_breakout_strict__buffer_2__reclaim_3,M2K,2023,170,-3843.49999999988,0,-762.499999999568,765.000000000432,170,0.47058823529411764,-4.485294117644518,0.9497777045941326,-0.25325396476687234,-0.488919713887538,-3843.49999999988,-3843.49999999988,-2.459677419353445,0.0,-250.0,463.99999999999636,0.5483870967741935,170,False,0,122,130,0,0.0,47,1444.0000000001146,1.3609386671733374,54,1035.0000000001467,1.4328589573567998
allow_reclaim_after_opposite_breakout_strict__buffer_2__reclaim_3,M2K,2024,166,-2295.4999999997144,0,-603.9999999995996,783.5000000004004,166,0.4578313253012048,-3.638554216865058,0.9597762386787682,-0.19807626077794963,-0.40272049400649473,-2295.4999999997144,-2295.4999999997144,-1.9297124600626185,0.0,-248.99999999999636,444.00000000000546,0.5303514376996805,166,False,0,130,124,0,0.0,50,681.5000000001282,0.7160407666712207,57,42.000000000156206,0.06148981684578291
allow_reclaim_after_opposite_breakout_strict__buffer_2__reclaim_3,M2K,2025,182,-3518.499999999748,0,-1169.9999999995716,322.5000000004284,182,0.42857142857142855,-6.428571428569075,0.9372031237420709,-0.3405729440659059,-0.8260419387935175,-3518.499999999748,-3518.499999999748,-3.7499999999986255,0.0,-250.0,459.9999999999909,0.5833333333333334,182,False,0,120,133,0,0.0,55,1294.000000000085,1.1448648913943529,59,1803.0000000000814,2.16000431760911
allow_reclaim_after_opposite_breakout_strict__buffer_2__reclaim_3,M2K,2026,38,-1881.4999999999259,0,-824.4999999999209,-626.9999999999209,38,0.4473684210526316,-21.697368421050548,0.768007878446838,-1.3645336673172805,-3.000275553173375,-1881.4999999999259,-1881.4999999999259,-12.124999999998836,0.0,-241.49999999999181,409.99999999999545,0.5588235294117647,38,False,0,30,25,0,0.0,15,-910.4999999999745,-3.717196289388784,15,-910.4999999999745,-5.407242942674876
allow_reclaim_after_opposite_breakout_strict__buffer_2__reclaim_3,MES,2019,132,-5610.0,0,-4178.75,-2486.25,132,0.3787878787878788,-31.65719696969697,0.7311620426216325,-1.7521646085433993,-4.511624275261848,-5610.0,-5610.0,-20.18719806763285,0.0,-250.0,412.5,0.6376811594202898,132,False,0,77,91,0,0.0,42,-2241.25,-2.814766801950135,49,-1925.0,-2.7778509547569303
allow_reclaim_after_opposite_breakout_strict__buffer_2__reclaim_3,MES,2020,205,-2231.25,0,-161.25,1548.75,205,0.43414634146341463,-0.7865853658536586,0.9926504102096627,-0.041963974306983017,-0.12222223004516133,-2231.25,-2231.25,-0.5168269230769231,0.0,-250.0,455.0,0.657051282051282,205,False,0,127,128,0,0.0,85,-947.5,-0.6112480466332513,92,-1205.0,-0.8798316735260112
allow_reclaim_after_opposite_breakout_strict__buffer_2__reclaim_3,MES,2021,199,-1230.0,0,5390.0,7215.0,199,0.47738693467336685,27.08542713567839,1.274527280830203,1.3612885171683218,3.830356521001585,-1230.0,-1230.0,17.331189710610932,0.0,-250.0,461.25,0.639871382636656,199,True,0,115,138,0,0.0,66,1086.25,0.8322049552641703,73,1008.75,0.9307800356100019
allow_reclaim_after_opposite_breakout_strict__buffer_2__reclaim_3,MES,2022,189,-4730.0,0,-2670.0,-1832.5,189,0.4074074074074074,-14.126984126984127,0.8691657478868063,-0.7826951431650793,-2.7799171209860667,-4730.0,-4740.0,-8.612903225806452,0.0,-250.0,472.5,0.6096774193548387,189,False,0,135,119,0,0.0,75,-2276.25,-1.800287697059691,80,-2791.25,-2.82778260378792
allow_reclaim_after_opposite_breakout_strict__buffer_2__reclaim_3,MES,2023,201,-3152.5,0,-1077.5,605.0,201,0.4129353233830846,-5.3606965174129355,0.9533625493696911,-0.27426562271401017,-0.9487787947773775,-3152.5,-3152.5,-3.475806451612903,0.0,-250.0,461.25,0.6483870967741936,201,False,0,117,136,0,0.0,77,-3537.5,-2.7600785026421124,85,-3365.0,-2.922559109860036
allow_reclaim_after_opposite_breakout_strict__buffer_2__reclaim_3,MES,2024,198,-4045.0,0,-1548.75,136.25,198,0.3939393939393939,-7.821969696969697,0.9354384867906831,-0.38110905126164685,-1.3601782943629337,-4045.0,-4045.0,-4.948083067092652,0.0,-250.0,467.5,0.6325878594249201,198,False,0,140,115,0,0.0,91,-3092.5,-1.7944513201555037,98,-3322.5,-2.2208134375402393
allow_reclaim_after_opposite_breakout_strict__buffer_2__reclaim_3,MES,2025,188,-3283.75,0,-2145.0,-1050.0,188,0.3776595744680851,-11.409574468085106,0.8938906752411575,-0.6122727206662173,-1.5881430901855715,-3283.75,-3283.75,-6.875,0.0,-250.0,467.5,0.6025641025641025,188,False,0,123,130,0,0.0,68,-38.75,-0.03029610042197724,71,495.0,0.49548665955114884
allow_reclaim_after_opposite_breakout_strict__buffer_2__reclaim_3,MES,2026,39,-966.25,0,-383.75,-223.75,39,0.5128205128205128,-9.83974358974359,0.8784639746634996,-0.6517363635690352,-1.8217197281443829,-966.25,-966.25,-5.643382352941177,0.0,-240.0,425.0,0.5735294117647058,39,False,0,24,31,0,0.0,12,-193.75,-0.9920690781277505,13,-326.25,-2.2394239221881285
allow_reclaim_after_opposite_breakout_strict__buffer_2__reclaim_3,MGC,2018,93,-6935.99999999907,0,-6440.499999999045,-4407.999999999044,93,0.2903225806451613,-69.25268817203275,0.5063994481913359,-2.9951142118887533,-5.780951505450122,-6935.99999999907,-6935.99999999907,-27.641630901283456,0.0,-249.99999999995453,423.50000000001273,0.39914163090128757,93,False,0,74,67,0,0.0,33,-2646.4999999997076,-3.5380151059583618,41,-3654.4999999996094,-6.585273970408554
allow_reclaim_after_opposite_breakout_strict__buffer_2__reclaim_3,MGC,2019,98,-2938.4999999994307,0,-1115.499999999147,592.0000000008531,98,0.40816326530612246,-11.382653061215784,0.8894011501091397,-0.4906266842044158,-0.7905643118356184,-2938.4999999994307,-2938.4999999994307,-4.5345528455249875,0.0,-248.49999999999682,450.0,0.3983739837398374,98,False,0,73,73,0,0.0,34,-1571.4999999996598,-2.3490767893979294,39,-833.9999999996257,-1.5083820624784583
allow_reclaim_after_opposite_breakout_strict__buffer_2__reclaim_3,MGC,2020,106,-2354.4999999998413,0,1173.0000000004247,2163.0000000004247,106,0.46226415094339623,11.066037735853063,1.1176411593621958,0.45677498258839155,0.7954838139692851,-2354.4999999998413,-2354.4999999998413,4.130281690142341,0.0,-248.4999999999809,457.9999999999927,0.3732394366197183,106,True,0,77,79,0,0.0,34,-182.9999999998222,-0.2882404606418398,41,-857.9999999997858,-1.7064691892410049
allow_reclaim_after_opposite_breakout_strict__buffer_2__reclaim_3,MGC,2021,102,-2855.999999999549,0,-2837.9999999995107,-1827.9999999995107,102,0.4117647058823529,-27.82352941175991,0.6896495161026154,-1.4061050995236446,-1.7600529689772721,-2855.999999999549,-2909.4999999995252,-9.99295774647715,0.0,-248.99999999999181,415.5000000000109,0.3591549295774648,102,False,0,88,71,0,0.0,43,-2671.499999999828,-4.152809638430979,47,-2441.9999999998163,-4.873018149278135
allow_reclaim_after_opposite_breakout_strict__buffer_2__reclaim_3,MGC,2022,103,-3828.9999999997144,0,-1215.4999999996153,-257.9999999996153,103,0.4077669902912621,-11.800970873782672,0.875473824403273,-0.5368178957944392,-0.8401037645456748,-3828.9999999997144,-3828.9999999997144,-4.552434456927398,0.0,-247.4999999999909,457.9999999999927,0.3857677902621723,103,False,0,73,80,0,0.0,33,-786.4999999998963,-1.2772957404032605,38,-984.499999999864,-2.194927014501357
allow_reclaim_after_opposite_breakout_strict__buffer_2__reclaim_3,MGC,2023,106,-4836.49999999956,0,-2147.4999999994156,-1019.9999999994156,106,0.4056603773584906,-20.259433962258637,0.8142943618125652,-0.8592926095603238,-1.6309753579313477,-4836.49999999956,-4836.49999999956,-7.780797101447158,0.0,-249.9999999999909,457.9999999999927,0.38405797101449274,106,False,0,76,75,0,0.0,37,1511.000000000197,1.9004735954890088,43,1102.500000000257,1.7227792841866234
allow_reclaim_after_opposite_breakout_strict__buffer_2__reclaim_3,MGC,2024,103,-1942.99999999987,0,130.50000000056343,958.0000000005634,103,0.4077669902912621,1.266990291267606,1.01375276636111,0.05319572111433516,0.08165650596835262,-1942.99999999987,-1942.99999999987,0.45470383275457643,0.0,-248.99999999997817,463.4999999999809,0.3588850174216028,103,False,0,76,84,0,0.0,32,734.0000000000919,1.1345330651033654,37,363.0000000001064,0.7743615476081878
allow_reclaim_after_opposite_breakout_strict__buffer_2__reclaim_3,MGC,2025,104,-1802.9999999999154,0,2216.5000000000464,2759.0000000000464,104,0.4423076923076923,21.312500000000448,1.228540495952995,0.814532219625186,1.6473847418777492,-1802.9999999999154,-1802.9999999999154,7.363787375415437,0.0,-248.99999999998727,468.9999999999782,0.34551495016611294,104,False,0,80,82,0,0.0,37,374.4999999999891,0.4981539731143809,40,-36.50000000000091,-0.06721656122214702
allow_reclaim_after_opposite_breakout_strict__buffer_2__reclaim_3,MGC,2026,17,-1544.0000000001055,0,-1235.50000000012,-1188.00000000012,17,0.23529411764705882,-72.67647058824235,0.5049088359045987,-2.558393629034263,-5.836308165483979,-1544.0000000001055,-1544.0000000001055,-18.719696969698788,0.0,-246.50000000000546,360.4999999999927,0.25757575757575757,17,False,0,21,17,0,0.0,5,-894.0000000000236,-8.00833046080639,6,-1140.500000000029,-41.59488667668939
allow_reclaim_after_opposite_breakout_strict__buffer_2__reclaim_3,MNQ,2019,129,-2334.5,0,-764.5,423.0,129,0.40310077519379844,-5.926356589147287,0.9404014811927499,-0.3266851572337095,-0.7121970911013024,-2334.5,-2334.5,-3.6932367149758454,0.0,-250.0,478.0,0.6231884057971014,129,False,0,83,85,0,0.0,49,-629.0,-0.6986432509135657,53,-406.5,-0.5332354409266934
allow_reclaim_after_opposite_breakout_strict__buffer_2__reclaim_3,MNQ,2020,190,-1791.5,0,3086.5,3934.0,190,0.4789473684210526,16.24473684210526,1.178963847737222,0.8914140042975831,2.630750903902219,-1791.5,-1791.5,9.892628205128204,0.0,-249.5,476.0,0.6089743589743589,190,True,0,116,138,0,0.0,69,-971.5,-0.8981923892668958,74,-935.0,-1.0415565816371335
allow_reclaim_after_opposite_breakout_strict__buffer_2__reclaim_3,MNQ,2021,180,-1498.0,0,5925.5,6713.0,180,0.5222222222222223,32.919444444444444,1.4139364303178483,1.827373448406273,4.2358797999652245,-1498.0,-1498.0,19.05305466237942,0.0,-249.0,464.0,0.5787781350482315,180,True,0,109,145,0,0.0,50,96.0,0.09679656049668107,63,-509.5,-0.6404706315204207
allow_reclaim_after_opposite_breakout_strict__buffer_2__reclaim_3,MNQ,2022,119,-2316.5,0,306.0,641.0,119,0.4369747899159664,2.5714285714285716,1.025378395189716,0.11007395598196973,0.2615654373454054,-2316.5,-2327.0,0.9870967741935484,0.0,-249.0,470.0,0.38387096774193546,119,False,0,134,120,0,0.0,46,669.5,0.6560170524934569,50,106.5,0.1657498163137114
allow_reclaim_after_opposite_breakout_strict__buffer_2__reclaim_3,MNQ,2023,187,-2268.0,0,2234.0,2941.5,187,0.47593582887700536,11.946524064171124,1.1379608472796887,0.6877382369526625,1.7554148946323,-2268.0,-2268.0,7.2064516129032254,0.0,-250.0,482.0,0.603225806451613,187,True,0,112,141,0,0.0,58,-425.5,-0.4517190202306489,65,434.5,0.5469920568474687
allow_reclaim_after_opposite_breakout_strict__buffer_2__reclaim_3,MNQ,2024,173,-1585.0,0,3793.0,4423.0,173,0.4508670520231214,21.92485549132948,1.2379175160733888,1.0927638148851775,3.4188670947231223,-1585.0,-1585.0,12.118210862619808,0.0,-250.0,478.0,0.5527156549520766,173,True,0,132,123,0,0.0,67,-727.5,-0.5662955819733528,70,-1023.0,-1.0887858046269094
allow_reclaim_after_opposite_breakout_strict__buffer_2__reclaim_3,MNQ,2025,126,-1781.5,0,338.0,708.0,126,0.42063492063492064,2.6825396825396823,1.0295454545454545,0.12539456567517437,0.2735449123159223,-1781.5,-1781.5,1.0833333333333333,0.0,-245.5,477.0,0.40384615384615385,126,False,0,130,123,0,0.0,51,-433.0,-0.41999978640363217,53,-716.0,-1.0765811335069428
allow_reclaim_after_opposite_breakout_strict__buffer_2__reclaim_3,MNQ,2026,11,-453.0,0,434.5,462.0,11,0.5454545454545454,39.5,1.4177884615384615,0.9714840800892108,2.627950335977607,-453.0,-453.0,6.389705882352941,0.0,-247.5,489.0,0.16176470588235295,11,False,0,24,31,0,0.0,2,-46.5,-0.8927516804852428,2,-46.5,-3.1478235214798334
baseline_no_opposite_invalidation,M2K,2019,118,-3551.999999999588,0,-2696.9999999995484,-866.999999999548,118,0.4152542372881356,-22.855932203386004,0.77893442622954,-1.26954230711642,-2.636442430813406,-3551.999999999588,-3551.999999999588,-13.028985507244194,0.0,-247.99999999999272,440.0,0.5700483091787439,118,False,0,0,123,0,0.0,0,0.0,0.0,0,0.0,0.0
baseline_no_opposite_invalidation,M2K,2020,177,-3090.9999999996226,0,-1511.49999999954,156.0000000004602,177,0.4519774011299435,-8.539548022596271,0.9101527670451426,-0.4827858433666338,-0.9130924748288152,-3090.9999999996226,-3090.9999999996226,-4.844551282049807,0.0,-248.99999999999864,451.9999999999982,0.5673076923076923,177,False,0,0,189,0,0.0,0,0.0,0.0,0,0.0,0.0
baseline_no_opposite_invalidation,M2K,2021,177,-2487.9999999997244,0,1800.5000000003715,3155.500000000372,177,0.480225988700565,10.17231638418289,1.1160564651282983,0.5539096180853021,1.2353165885230213,-2487.9999999997244,-2487.9999999997244,5.789389067525309,0.0,-249.9999999999909,464.0000000000009,0.5691318327974276,177,True,0,0,183,0,0.0,0,0.0,0.0,0,0.0,0.0
baseline_no_opposite_invalidation,M2K,2022,177,-4125.4999999998545,0,-1707.9999999996041,-492.9999999996039,177,0.4519774011299435,-9.649717514122058,0.9028524301112176,-0.5363607484088946,-1.359383269890297,-4125.4999999998545,-4360.999999999845,-5.509677419353561,0.0,-249.99999999999432,447.00000000000273,0.5709677419354838,177,False,0,0,190,0,0.0,0,0.0,0.0,0,0.0,0.0
baseline_no_opposite_invalidation,M2K,2023,170,-3770.4999999998718,0,-689.4999999995605,848.0000000004395,170,0.47058823529411764,-4.055882352938591,0.9545709108878555,-0.2281556032627786,-0.44161430725701273,-3770.4999999998718,-3770.4999999998718,-2.224193548385679,0.0,-250.0,463.99999999999636,0.5483870967741935,170,False,0,0,179,0,0.0,0,0.0,0.0,0,0.0,0.0
baseline_no_opposite_invalidation,M2K,2024,166,-2584.999999999716,0,-868.4999999996023,531.5000000003977,166,0.45180722891566266,-5.231927710840978,0.9431498330824359,-0.28368902510768407,-0.5814680655090766,-2584.999999999716,-2584.999999999716,-2.7747603833853107,0.0,-248.99999999999636,444.00000000000546,0.5303514376996805,166,False,0,0,177,0,0.0,0,0.0,0.0,0,0.0,0.0
baseline_no_opposite_invalidation,M2K,2025,182,-3462.9999999997526,0,-1082.4999999995712,415.0000000004288,182,0.4340659340659341,-5.947802197799842,0.9418557808513707,-0.3146398880911789,-0.7807462543900863,-3462.9999999997526,-3462.9999999997526,-3.4695512820499093,0.0,-250.0,459.9999999999909,0.5833333333333334,182,False,0,0,192,0,0.0,0,0.0,0.0,0,0.0,0.0
baseline_no_opposite_invalidation,M2K,2026,38,-1879.999999999925,0,-822.99999999992,-625.49999999992,38,0.4473684210526316,-21.65789473684,0.7683321604504049,-1.3622673809925339,-2.994092276835859,-1879.999999999925,-1879.999999999925,-12.102941176469411,0.0,-241.49999999999181,409.99999999999545,0.5588235294117647,38,False,0,0,42,0,0.0,0,0.0,0.0,0,0.0,0.0
baseline_no_opposite_invalidation,MES,2019,132,-5547.5,0,-4111.25,-2413.75,132,0.3787878787878788,-31.145833333333332,0.7360141263343768,-1.715673520276598,-4.429122177120295,-5547.5,-5547.5,-19.86111111111111,0.0,-250.0,412.5,0.6376811594202898,132,False,0,0,133,0,0.0,0,0.0,0.0,0,0.0,0.0
baseline_no_opposite_invalidation,MES,2020,205,-2263.75,0,-651.25,1066.25,205,0.43414634146341463,-3.176829268292683,0.9705533261741932,-0.16993872306560476,-0.5078304620202619,-2263.75,-2263.75,-2.0873397435897436,0.0,-250.0,455.0,0.657051282051282,205,False,0,0,224,0,0.0,0,0.0,0.0,0,0.0,0.0
baseline_no_opposite_invalidation,MES,2021,199,-1230.0,0,5521.25,7346.25,199,0.47738693467336685,27.74497487437186,1.2821102382321006,1.3932758799305829,3.923597947340166,-1230.0,-1230.0,17.7532154340836,0.0,-250.0,461.25,0.639871382636656,199,True,0,0,209,0,0.0,0,0.0,0.0,0,0.0,0.0
baseline_no_opposite_invalidation,MES,2022,189,-4777.5,0,-2533.75,-1693.75,189,0.4074074074074074,-13.406084656084657,0.8759637743238282,-0.7401368818036134,-2.667565944921833,-4777.5,-4787.5,-8.173387096774194,0.0,-250.0,472.5,0.6096774193548387,189,False,0,0,199,0,0.0,0,0.0,0.0,0,0.0,0.0
baseline_no_opposite_invalidation,MES,2023,202,-3381.25,0,-1216.25,473.75,202,0.41089108910891087,-6.021039603960396,0.9477527788218869,-0.3088981035160406,-1.0789590057966463,-3381.25,-3381.25,-3.9233870967741935,0.0,-250.0,461.25,0.6516129032258065,202,False,0,0,220,0,0.0,0,0.0,0.0,0,0.0,0.0
baseline_no_opposite_invalidation,MES,2024,199,-3786.25,0,-1280.0,420.0,199,0.3969849246231156,-6.432160804020101,0.9469430051813471,-0.31275129181997585,-1.174142737566547,-3786.25,-3786.25,-4.0894568690095845,0.0,-250.0,467.5,0.6357827476038339,199,False,0,0,211,0,0.0,0,0.0,0.0,0,0.0,0.0
baseline_no_opposite_invalidation,MES,2025,188,-3290.0,0,-2137.5,-1042.5,188,0.3776595744680851,-11.36968085106383,0.8943270300333704,-0.610043264428902,-1.5884801179406558,-3290.0,-3290.0,-6.850961538461538,0.0,-250.0,467.5,0.6025641025641025,188,False,0,0,205,0,0.0,0,0.0,0.0,0,0.0,0.0
baseline_no_opposite_invalidation,MES,2026,40,-968.75,0,-522.5,-360.0,40,0.5,-13.0625,0.8413662239089184,-0.8817423318946518,-2.5215729457038374,-968.75,-968.75,-7.6838235294117645,0.0,-240.0,425.0,0.5882352941176471,40,False,0,0,45,0,0.0,0,0.0,0.0,0,0.0,0.0
baseline_no_opposite_invalidation,MGC,2018,95,-7613.999999999055,0,-7118.4999999990305,-4985.9999999990305,95,0.29473684210526313,-74.93157894735822,0.4812534159227941,-3.264342371426503,-6.830907436801277,-7613.999999999055,-7613.999999999055,-30.551502145918587,0.0,-249.99999999995453,423.50000000001273,0.40772532188841204,95,False,0,0,106,0,0.0,0,0.0,0.0,0,0.0,0.0
baseline_no_opposite_invalidation,MGC,2019,100,-2770.499999999429,0,-1030.4999999991264,717.0000000008736,100,0.4,-10.304999999991264,0.898357745228664,-0.4502969112485899,-0.7151836778096391,-2770.499999999429,-2770.499999999429,-4.189024390240351,0.0,-248.49999999999682,450.0,0.4065040650406504,100,False,0,0,114,0,0.0,0,0.0,0.0,0,0.0,0.0
baseline_no_opposite_invalidation,MGC,2020,108,-2609.4999999998436,0,139.000000000417,1154.000000000417,108,0.4537037037037037,1.2870370370408981,1.0130996136085588,0.054130298991558176,0.09544377675988974,-2609.4999999998436,-2609.4999999998436,0.4894366197197782,0.0,-248.49999999999682,457.9999999999927,0.38028169014084506,108,False,0,0,119,0,0.0,0,0.0,0.0,0,0.0,0.0
baseline_no_opposite_invalidation,MGC,2021,105,-3301.499999999537,0,-3199.9999999994952,-2144.9999999994952,105,0.4,-30.476190476185668,0.6682390752164604,-1.5573398199811899,-2.017310770426019,-3301.499999999537,-3301.499999999537,-11.26760563380104,0.0,-248.99999999999181,415.5000000000109,0.36971830985915494,105,False,0,0,124,0,0.0,0,0.0,0.0,0,0.0,0.0
baseline_no_opposite_invalidation,MGC,2022,107,-4234.499999999666,0,-1452.9999999995903,-402.9999999995903,107,0.40186915887850466,-13.57943925233262,0.8605097681563253,-0.6195025020663767,-0.9786395224133432,-4234.499999999666,-4234.499999999666,-5.441947565541537,0.0,-249.99999999995453,457.9999999999927,0.40074906367041196,107,False,0,0,122,0,0.0,0,0.0,0.0,0,0.0,0.0
baseline_no_opposite_invalidation,MGC,2023,110,-5633.999999999558,0,-2902.9999999994197,-1722.9999999994197,110,0.39090909090909093,-26.390909090903815,0.7630977639954689,-1.1537675772047622,-2.1801098297222214,-5633.999999999558,-5633.999999999558,-10.518115942026883,0.0,-249.9999999999909,457.9999999999927,0.39855072463768115,110,False,0,0,118,0,0.0,0,0.0,0.0,0,0.0,0.0
baseline_no_opposite_invalidation,MGC,2024,108,-1959.4999999998663,0,740.0000000005207,1615.0000000005207,108,0.4074074074074074,6.851851851856673,1.0771034123470247,0.29447558541929075,0.45508348710243984,-1959.4999999998663,-1959.4999999998663,2.5783972125453682,0.0,-248.99999999997817,463.4999999999809,0.37630662020905925,108,False,0,0,128,0,0.0,0,0.0,0.0,0,0.0,0.0
baseline_no_opposite_invalidation,MGC,2025,112,-1408.4999999999263,0,3295.499999999929,3907.999999999929,112,0.4375,29.42410714285651,1.3318396938878279,1.1652662976663,2.2462817040621386,-1408.4999999999263,-1408.4999999999263,10.94850498338847,0.0,-248.99999999998727,468.9999999999782,0.37209302325581395,112,True,0,0,132,0,0.0,0,0.0,0.0,0,0.0,0.0
baseline_no_opposite_invalidation,MGC,2026,16,-1394.5000000000982,0,-989.0000000001146,-944.0000000001146,16,0.25,-61.81250000000716,0.560248999555324,-2.1110804864326242,-4.7199000253791015,-1394.5000000000982,-1394.5000000000982,-14.984848484850222,0.0,-245.0000000000182,360.4999999999927,0.24242424242424243,16,False,0,0,31,0,0.0,0,0.0,0.0,0,0.0,0.0
baseline_no_opposite_invalidation,MNQ,2019,129,-2427.0,0,-850.5,337.0,129,0.40310077519379844,-6.593023255813954,0.9336971350613915,-0.3656493816757871,-0.7924415442201559,-2427.0,-2427.0,-4.108695652173913,0.0,-250.0,462.0,0.6231884057971014,129,False,0,0,134,0,0.0,0,0.0,0.0,0,0.0,0.0
baseline_no_opposite_invalidation,MNQ,2020,191,-1998.0,0,3484.0,4351.5,191,0.4816753926701571,18.240837696335078,1.2011721569419984,0.9945283774905667,2.9756577885771973,-1998.0,-1998.0,11.166666666666666,0.0,-249.5,476.0,0.6121794871794872,191,True,0,0,218,0,0.0,0,0.0,0.0,0,0.0,0.0
baseline_no_opposite_invalidation,MNQ,2021,180,-1498.0,0,5935.5,6723.0,180,0.5222222222222223,32.975,1.4146349982535802,1.8304614859184147,4.243028360930485,-1498.0,-1498.0,19.085209003215436,0.0,-249.0,464.0,0.5787781350482315,180,True,0,0,201,0,0.0,0,0.0,0.0,0,0.0,0.0
baseline_no_opposite_invalidation,MNQ,2022,119,-2264.5,0,245.0,580.0,119,0.4369747899159664,2.0588235294117645,1.0201422287992765,0.0879854186045662,0.22357996219276016,-2264.5,-2275.0,0.7903225806451613,0.0,-249.0,470.0,0.38387096774193546,119,False,0,0,194,0,0.0,0,0.0,0.0,0,0.0,0.0
baseline_no_opposite_invalidation,MNQ,2023,187,-2268.0,0,2412.5,3122.5,187,0.47593582887700536,12.901069518716577,1.1490439563834058,0.7374957427481643,1.8962838498679284,-2268.0,-2268.0,7.782258064516129,0.0,-250.0,482.0,0.603225806451613,187,True,0,0,205,0,0.0,0,0.0,0.0,0,0.0,0.0
baseline_no_opposite_invalidation,MNQ,2024,173,-1594.5,0,3758.5,4388.5,173,0.4508670520231214,21.72543352601156,1.2361905360397158,1.0889736268179382,3.403055008648655,-1594.5,-1594.5,12.007987220447284,0.0,-250.0,478.0,0.5527156549520766,173,True,0,0,201,0,0.0,0,0.0,0.0,0,0.0,0.0
baseline_no_opposite_invalidation,MNQ,2025,127,-1890.0,0,117.5,490.0,127,0.4251968503937008,0.9251968503937008,1.010093634567477,0.04352296273030199,0.09788361568131983,-1890.0,-1890.0,0.3766025641025641,0.0,-245.5,477.0,0.40705128205128205,127,False,0,0,196,0,0.0,0,0.0,0.0,0,0.0,0.0
baseline_no_opposite_invalidation,MNQ,2026,11,-453.0,0,438.0,465.5,11,0.5454545454545454,39.81818181818182,1.4211538461538462,0.9788968198066784,2.64911909587616,-453.0,-453.0,6.4411764705882355,0.0,-247.5,489.0,0.16176470588235295,11,False,0,0,41,0,0.0,0,0.0,0.0,0,0.0,0.0
invalidate_on_opposite_close_1m__buffer_0,M2K,2019,83,-2070.999999999898,115,-938.9999999997099,313.50000000029013,83,0.4457831325301205,-11.313253012044697,0.8883405672156813,-0.5098059843846023,-0.9748947880751614,-2070.999999999898,-2070.999999999898,-4.536231884056569,0.0,-247.99999999999272,440.0,0.40096618357487923,83,False,0,76,92,115,0.5555555555555556,0,0.0,0.0,0,0.0,0.0
invalidate_on_opposite_close_1m__buffer_0,M2K,2020,122,-2105.9999999999527,184,-283.9999999996637,851.0000000003363,122,0.45901639344262296,-2.32786885245626,0.9746632170577509,-0.10863231380205972,-0.16864477279602114,-2105.9999999999527,-2105.9999999999527,-0.9102564102553328,0.0,-248.99999999999864,451.9999999999982,0.391025641025641,122,False,0,117,138,184,0.5897435897435898,0,0.0,0.0,0,0.0,0.0
invalidate_on_opposite_close_1m__buffer_0,M2K,2021,120,-2295.999999999783,185,1002.0000000002335,1879.5000000002337,120,0.475,8.350000000001947,1.0864762233537808,0.3554157592807642,0.841504149539255,-2295.999999999783,-2295.999999999783,3.2218649517692404,0.0,-247.99999999995634,464.0000000000009,0.3858520900321543,120,True,0,124,129,185,0.594855305466238,0,0.0,0.0,0,0.0,0.0
invalidate_on_opposite_close_1m__buffer_0,M2K,2022,116,-3367.9999999998986,191,-32.49999999974193,760.0000000002581,116,0.46551724137931033,-0.2801724137908787,0.9972429589413183,-0.011995954153780498,-0.030341461063649256,-3367.9999999998986,-3601.999999999895,-0.10483870967658614,0.0,-249.99999999999432,447.00000000000273,0.3741935483870968,116,False,0,129,125,191,0.6161290322580645,0,0.0,0.0,0,0.0,0.0
invalidate_on_opposite_close_1m__buffer_0,M2K,2023,123,-4311.49999999971,177,-3052.999999999694,-1987.9999999996937,123,0.44715447154471544,-24.821138211379626,0.7508771929824779,-1.2093380422441102,-2.1345425142660273,-4311.49999999971,-4311.49999999971,-9.848387096773205,0.0,-250.0,463.99999999999636,0.3967741935483871,123,False,0,116,136,177,0.5709677419354838,0,0.0,0.0,0,0.0,0.0
invalidate_on_opposite_close_1m__buffer_0,M2K,2024,116,-2954.49999999979,182,-80.99999999973079,814.0000000002692,116,0.45689655172413796,-0.6982758620666447,0.9927233526479151,-0.030217397977550797,-0.06619577688587862,-2954.49999999979,-2954.49999999979,-0.25878594249115267,0.0,-248.99999999999636,444.00000000000546,0.3706070287539936,116,False,0,123,131,182,0.5814696485623003,0,0.0,0.0,0,0.0,0.0
invalidate_on_opposite_close_1m__buffer_0,M2K,2025,131,-3697.999999999653,186,-2816.999999999657,-1754.4999999996571,131,0.4122137404580153,-21.50381679389051,0.8101624098659114,-0.9523025297700274,-2.461963345825808,-3697.999999999653,-3859.4999999996426,-9.028846153845056,0.0,-250.0,455.99999999999454,0.4198717948717949,131,False,0,113,140,186,0.5961538461538461,0,0.0,0.0,0,0.0,0.0
invalidate_on_opposite_close_1m__buffer_0,M2K,2026,25,-1122.9999999999495,38,87.0000000000482,219.5000000000482,25,0.56,3.480000000001928,1.0443086325439521,0.18136809945992557,0.32971289524231895,-1122.9999999999495,-1122.9999999999495,1.2794117647065912,0.0,-241.49999999999181,397.99999999999727,0.36764705882352944,25,False,0,27,28,38,0.5588235294117647,0,0.0,0.0,0,0.0,0.0
invalidate_on_opposite_close_1m__buffer_0,MES,2019,83,-3643.75,124,-2432.5,-1382.5,83,0.3855421686746988,-29.30722891566265,0.7529516313317253,-1.2670781249005643,-2.8922255679235214,-3643.75,-3643.75,-11.751207729468598,0.0,-250.0,412.5,0.40096618357487923,83,False,0,78,90,124,0.5990338164251208,0,0.0,0.0,0,0.0,0.0
invalidate_on_opposite_close_1m__buffer_0,MES,2020,122,-1515.0,190,2053.75,3013.75,122,0.47540983606557374,16.834016393442624,1.1662282476730068,0.6789796162195484,1.788909556887531,-1515.0,-1515.0,6.582532051282051,0.0,-250.0,455.0,0.391025641025641,122,False,0,116,139,190,0.6089743589743589,0,0.0,0.0,0,0.0,0.0
invalidate_on_opposite_close_1m__buffer_0,MES,2021,131,-1376.25,180,4872.5,6107.5,131,0.5190839694656488,37.19465648854962,1.369688922610015,1.458367023404009,6.0184586356893375,-1376.25,-1376.25,15.667202572347266,0.0,-250.0,461.25,0.4212218649517685,131,True,0,109,144,180,0.5787781350482315,0,0.0,0.0,0,0.0,0.0
invalidate_on_opposite_close_1m__buffer_0,MES,2022,116,-2596.25,201,-193.75,306.25,116,0.4051724137931034,-1.6702586206896552,0.9846199642786267,-0.06841078307145507,-0.22248394521013032,-2596.25,-2781.25,-0.625,0.0,-250.0,472.5,0.3741935483870968,116,False,0,129,125,201,0.6483870967741936,0,0.0,0.0,0,0.0,0.0
invalidate_on_opposite_close_1m__buffer_0,MES,2023,128,-2710.0,191,1220.0,2285.0,128,0.421875,9.53125,1.0802829645471745,0.3636415986402379,1.549192642840703,-2710.0,-2710.0,3.935483870967742,0.0,-250.0,461.25,0.4129032258064516,128,False,0,104,149,191,0.6161290322580645,0,0.0,0.0,0,0.0,0.0
invalidate_on_opposite_close_1m__buffer_0,MES,2024,109,-1258.75,205,2333.75,3211.25,109,0.44036697247706424,21.410550458715598,1.1844679379507954,0.7261285266102581,3.3666335929585585,-1258.75,-1258.75,7.456070287539936,0.0,-250.0,467.5,0.34824281150159747,109,False,0,133,122,205,0.6549520766773163,0,0.0,0.0,0,0.0,0.0
invalidate_on_opposite_close_1m__buffer_0,MES,2025,125,-2780.0,195,-1651.25,-926.25,125,0.376,-13.21,0.8830559490084986,-0.5630557790030257,-1.3015864393231174,-2780.0,-2780.0,-5.292467948717949,0.0,-250.0,467.5,0.40064102564102566,125,False,0,114,139,195,0.625,0,0.0,0.0,0,0.0,0.0
invalidate_on_opposite_close_1m__buffer_0,MES,2026,28,-587.5,37,-143.75,-28.75,28,0.5357142857142857,-5.133928571428571,0.9327878433664524,-0.29378971314939845,-0.6838912463107566,-587.5,-587.5,-2.113970588235294,0.0,-240.0,425.0,0.4117647058823529,28,False,0,22,33,37,0.5441176470588235,0,0.0,0.0,0,0.0,0.0
invalidate_on_opposite_close_1m__buffer_0,MGC,2018,48,-2684.4999999997844,116,-2452.499999999509,-1434.9999999995089,48,0.3541666666666667,-51.09374999998977,0.6226632817909601,-1.5240441148881798,-2.692063664588455,-2684.4999999997844,-2684.4999999997844,-10.525751072959265,0.0,-249.99999999995453,423.50000000001273,0.20600858369098712,48,False,0,79,62,116,0.4978540772532189,0,0.0,0.0,0,0.0,0.0
invalidate_on_opposite_close_1m__buffer_0,MGC,2019,57,-1489.4999999997776,112,204.00000000044884,1154.0000000004488,57,0.47368421052631576,3.578947368428927,1.0370370370371202,0.11561672318518242,0.14617951281145034,-1489.4999999997776,-1489.4999999997776,0.8292682926847513,0.0,-248.49999999999682,450.0,0.23170731707317074,57,False,0,76,70,112,0.45528455284552843,0,0.0,0.0,0,0.0,0.0
invalidate_on_opposite_close_1m__buffer_0,MGC,2020,73,-1346.9999999999118,112,2158.000000000245,2768.000000000245,73,0.4794520547945205,29.561643835619797,1.3125724217845163,0.9504073707789862,1.545821159153524,-1346.9999999999118,-1346.9999999999118,7.598591549296637,0.0,-247.5,457.9999999999927,0.25704225352112675,73,False,0,70,86,112,0.39436619718309857,0,0.0,0.0,0,0.0,0.0
invalidate_on_opposite_close_1m__buffer_0,MGC,2021,57,-1411.9999999998367,119,-245.99999999971715,264.00000000028285,57,0.47368421052631576,-4.315789473679248,0.9478150190921241,-0.15209064025222654,-0.1523838957960886,-1411.9999999998367,-1411.9999999998367,-0.8661971830975956,0.0,-248.4999999999809,415.5000000000109,0.2007042253521127,57,False,0,86,72,119,0.41901408450704225,0,0.0,0.0,0,0.0,0.0
invalidate_on_opposite_close_1m__buffer_0,MGC,2022,65,-2659.499999999846,115,-175.99999999976262,364.0000000002374,65,0.4307692307692308,-2.7076923076886557,0.9729480479557688,-0.09190557557496558,-0.14729378136168317,-2659.499999999846,-2659.499999999846,-0.6591760299616578,0.0,-242.99999999998363,457.9999999999927,0.24344569288389514,65,False,0,74,79,115,0.4307116104868914,0,0.0,0.0,0,0.0,0.0
invalidate_on_opposite_close_1m__buffer_0,MGC,2023,69,-5400.499999999706,119,-3252.9999999996653,-2567.9999999996653,69,0.36231884057971014,-47.14492753622703,0.6288859734185427,-1.6016586048578265,-2.9233889702915183,-5400.499999999706,-5400.499999999706,-11.786231884056757,0.0,-248.99999999999181,457.9999999999927,0.25,69,False,0,71,80,119,0.4311594202898551,0,0.0,0.0,0,0.0,0.0
invalidate_on_opposite_close_1m__buffer_0,MGC,2024,70,-1564.499999999748,116,-76.49999999954389,501.0000000004561,70,0.44285714285714284,-1.092857142850627,0.9891342944393795,-0.0364447176534322,-0.058944352563298275,-1564.499999999748,-1564.499999999748,-0.26655052264649437,0.0,-248.99999999997817,463.4999999999809,0.24390243902439024,70,False,0,74,86,116,0.40418118466898956,0,0.0,0.0,0,0.0,0.0
invalidate_on_opposite_close_1m__buffer_0,MGC,2025,73,-1099.99999999995,118,2135.50000000007,2523.00000000007,73,0.4657534246575342,29.253424657535206,1.3091119635232171,0.9112554054018024,1.723123711231922,-1099.99999999995,-1099.99999999995,7.094684385382292,0.0,-241.49999999999181,468.9999999999782,0.2425249169435216,73,False,0,71,92,118,0.3920265780730897,0,0.0,0.0,0,0.0,0.0
invalidate_on_opposite_close_1m__buffer_0,MGC,2026,12,-773.0000000000564,32,-340.00000000010914,-305.00000000010914,12,0.3333333333333333,-28.333333333342427,0.7874999999999427,-0.7810766575274165,-3.486421509484569,-773.0000000000564,-773.0000000000564,-5.151515151516805,0.0,-245.0000000000182,360.4999999999927,0.18181818181818182,12,False,0,19,19,32,0.48484848484848486,0,0.0,0.0,0,0.0,0.0
invalidate_on_opposite_close_1m__buffer_0,MNQ,2019,81,-1824.5,122,68.5,753.5,81,0.43209876543209874,0.845679012345679,1.0085230807515242,0.03654211036125573,0.07415585627952799,-1824.5,-1824.5,0.3309178743961353,0.0,-250.0,462.0,0.391304347826087,81,False,0,78,90,122,0.5893719806763285,0,0.0,0.0,0,0.0,0.0
invalidate_on_opposite_close_1m__buffer_0,MNQ,2020,123,-1421.0,181,3437.5,3985.0,123,0.4715447154471545,27.947154471544714,1.294722853345908,1.1461826084417166,3.7149663679981617,-1421.0,-1421.0,11.017628205128204,0.0,-249.5,476.0,0.3942307692307692,123,True,0,109,145,181,0.5801282051282052,0,0.0,0.0,0,0.0,0.0
invalidate_on_opposite_close_1m__buffer_0,MNQ,2021,125,-881.5,170,6519.0,7044.0,125,0.576,52.152,1.6981899967869765,2.345595152212236,5.3358745193600665,-881.5,-881.5,20.961414790996784,0.0,-249.0,464.0,0.40192926045016075,125,True,0,101,153,170,0.5466237942122186,0,0.0,0.0,0,0.0,0.0
invalidate_on_opposite_close_1m__buffer_0,MNQ,2022,75,-1867.0,197,304.5,504.5,75,0.4266666666666667,4.06,1.036187533424446,0.1302570331958537,0.4588929210084987,-1867.0,-2115.0,0.9822580645161291,0.0,-248.0,470.0,0.24193548387096775,75,False,0,126,128,197,0.635483870967742,0,0.0,0.0,0,0.0,0.0
invalidate_on_opposite_close_1m__buffer_0,MNQ,2023,130,-2624.5,186,1381.0,1863.5,130,0.4307692307692308,10.623076923076923,1.1116230197219528,0.4831748223648513,1.161533571228875,-2624.5,-2624.5,4.45483870967742,0.0,-250.0,482.0,0.41935483870967744,130,False,0,102,151,186,0.6,0,0.0,0.0,0,0.0,0.0
invalidate_on_opposite_close_1m__buffer_0,MNQ,2024,104,-1487.0,195,4655.5,5005.5,104,0.4807692307692308,44.76442307692308,1.4987145152651313,1.6372881862617847,4.497534436160574,-1487.0,-1487.0,14.873801916932907,0.0,-249.0,478.0,0.33226837060702874,104,True,0,128,127,195,0.6230031948881789,0,0.0,0.0,0,0.0,0.0
invalidate_on_opposite_close_1m__buffer_0,MNQ,2025,83,-1327.0,184,182.5,425.0,83,0.42168674698795183,2.1987951807228914,1.0234199550850176,0.08254134300778718,0.16886280203118081,-1327.0,-1327.0,0.5849358974358975,0.0,-242.0,477.0,0.266025641025641,83,False,0,117,136,184,0.5897435897435898,0,0.0,0.0,0,0.0,0.0
invalidate_on_opposite_close_1m__buffer_0,MNQ,2026,9,-453.0,35,481.0,503.5,9,0.5555555555555556,53.44444444444444,1.5347415230683714,1.0972815328780494,5.362784265935784,-453.0,-453.0,7.073529411764706,0.0,-247.5,489.0,0.1323529411764706,9,False,0,23,32,35,0.5147058823529411,0,0.0,0.0,0,0.0,0.0
invalidate_on_opposite_close_1m__buffer_1,M2K,2019,83,-2070.999999999898,114,-938.9999999997099,313.50000000029013,83,0.4457831325301205,-11.313253012044697,0.8883405672156813,-0.5098059843846023,-0.9748947880751614,-2070.999999999898,-2070.999999999898,-4.536231884056569,0.0,-247.99999999999272,440.0,0.40096618357487923,83,False,0,76,92,114,0.5507246376811594,0,0.0,0.0,0,0.0,0.0
invalidate_on_opposite_close_1m__buffer_1,M2K,2020,122,-2105.9999999999527,184,-283.9999999996637,851.0000000003363,122,0.45901639344262296,-2.32786885245626,0.9746632170577509,-0.10863231380205972,-0.16864477279602114,-2105.9999999999527,-2105.9999999999527,-0.9102564102553328,0.0,-248.99999999999864,451.9999999999982,0.391025641025641,122,False,0,117,138,184,0.5897435897435898,0,0.0,0.0,0,0.0,0.0
invalidate_on_opposite_close_1m__buffer_1,M2K,2021,121,-2295.999999999783,184,1015.5000000002417,1900.500000000242,121,0.4793388429752066,8.392561983473072,1.0876413221714218,0.3602016474295476,0.8528417802965247,-2295.999999999783,-2295.999999999783,3.265273311897884,0.0,-247.99999999995634,464.0000000000009,0.3890675241157556,121,True,0,123,130,184,0.5916398713826366,0,0.0,0.0,0,0.0,0.0
invalidate_on_opposite_close_1m__buffer_1,M2K,2022,116,-3367.9999999998986,190,-32.49999999974193,760.0000000002581,116,0.46551724137931033,-0.2801724137908787,0.9972429589413183,-0.011995954153780498,-0.030341461063649256,-3367.9999999998986,-3601.999999999895,-0.10483870967658614,0.0,-249.99999999999432,447.00000000000273,0.3741935483870968,116,False,0,129,125,190,0.6129032258064516,0,0.0,0.0,0,0.0,0.0
invalidate_on_opposite_close_1m__buffer_1,M2K,2023,124,-4143.499999999899,176,-2680.999999999696,-1605.9999999996955,124,0.45161290322580644,-21.62096774193303,0.7812321501428208,-1.0474008394901093,-1.8744541371592347,-4143.499999999899,-4143.499999999899,-8.648387096773211,0.0,-250.0,463.99999999999636,0.4,124,False,0,115,137,176,0.567741935483871,0,0.0,0.0,0,0.0,0.0
invalidate_on_opposite_close_1m__buffer_1,M2K,2024,117,-2954.49999999979,181,-32.9999999997267,869.5000000002733,117,0.46153846153846156,-0.28205128204894614,0.9970354399676841,-0.012308322441624884,-0.026968649842261157,-2954.49999999979,-2954.49999999979,-0.10543130990328019,0.0,-248.99999999999636,444.00000000000546,0.3738019169329074,117,False,0,123,131,181,0.5782747603833865,0,0.0,0.0,0,0.0,0.0
invalidate_on_opposite_close_1m__buffer_1,M2K,2025,132,-3387.999999999653,184,-2506.999999999657,-1434.4999999996571,132,0.4166666666666667,-18.992424242421645,0.831053305478824,-0.8414908675757254,-2.191033762153074,-3387.999999999653,-3549.4999999996426,-8.035256410255311,0.0,-250.0,455.99999999999454,0.4230769230769231,132,False,0,112,141,184,0.5897435897435898,0,0.0,0.0,0,0.0,0.0
invalidate_on_opposite_close_1m__buffer_1,M2K,2026,25,-1122.9999999999495,38,87.0000000000482,219.5000000000482,25,0.56,3.480000000001928,1.0443086325439521,0.18136809945992557,0.32971289524231895,-1122.9999999999495,-1122.9999999999495,1.2794117647065912,0.0,-241.49999999999181,397.99999999999727,0.36764705882352944,25,False,0,27,28,38,0.5588235294117647,0,0.0,0.0,0,0.0,0.0
invalidate_on_opposite_close_1m__buffer_1,MES,2019,88,-4418.75,122,-3102.5,-1955.0,88,0.375,-35.25568181818182,0.7078969047899258,-1.5864675331988871,-3.615726471511644,-4418.75,-4418.75,-14.98792270531401,0.0,-250.0,412.5,0.4251207729468599,88,False,0,74,94,122,0.5893719806763285,0,0.0,0.0,0,0.0,0.0
invalidate_on_opposite_close_1m__buffer_1,MES,2020,125,-1528.75,187,1985.0,3017.5,125,0.472,15.88,1.1546552395792755,0.6439400907706864,1.7387826077829844,-1528.75,-1528.75,6.362179487179487,0.0,-250.0,455.0,0.40064102564102566,125,False,0,114,141,187,0.5993589743589743,0,0.0,0.0,0,0.0,0.0
invalidate_on_opposite_close_1m__buffer_1,MES,2021,132,-1376.25,178,4625.0,5875.0,132,0.5151515151515151,35.03787878787879,1.3444423757214672,1.379052890308563,5.726276557668104,-1376.25,-1376.25,14.871382636655948,0.0,-250.0,461.25,0.42443729903536975,132,True,0,108,145,178,0.572347266881029,0,0.0,0.0,0,0.0,0.0
invalidate_on_opposite_close_1m__buffer_1,MES,2022,118,-2515.0,200,-37.5,495.0,118,0.4067796610169492,-0.3177966101694915,0.9970783015192832,-0.01303107957024541,-0.042909825724125876,-2515.0,-2700.0,-0.12096774193548387,0.0,-250.0,472.5,0.38064516129032255,118,False,0,127,127,200,0.6451612903225806,0,0.0,0.0,0,0.0,0.0
invalidate_on_opposite_close_1m__buffer_1,MES,2023,130,-2710.0,189,1020.0,2102.5,130,0.4230769230769231,7.846153846153846,1.0661961547821854,0.3032543577733484,1.3039662002233487,-2710.0,-2710.0,3.2903225806451615,0.0,-250.0,461.25,0.41935483870967744,130,False,0,102,151,189,0.6096774193548387,0,0.0,0.0,0,0.0,0.0
invalidate_on_opposite_close_1m__buffer_1,MES,2024,111,-1258.75,204,2500.0,3395.0,111,0.44144144144144143,22.52252252252252,1.1944957697170087,0.7698253150603592,3.6353355417111155,-1258.75,-1258.75,7.987220447284345,0.0,-250.0,467.5,0.3546325878594249,111,True,0,131,124,204,0.6517571884984026,0,0.0,0.0,0,0.0,0.0
invalidate_on_opposite_close_1m__buffer_1,MES,2025,126,-2780.0,195,-1800.0,-1072.5,126,0.373015873015873,-14.285714285714286,0.873850197109067,-0.6128748521881286,-1.4256495556848319,-2780.0,-2780.0,-5.769230769230769,0.0,-250.0,467.5,0.40384615384615385,126,False,0,113,140,195,0.625,0,0.0,0.0,0,0.0,0.0
invalidate_on_opposite_close_1m__buffer_1,MES,2026,28,-587.5,37,-143.75,-28.75,28,0.5357142857142857,-5.133928571428571,0.9327878433664524,-0.29378971314939845,-0.6838912463107566,-587.5,-587.5,-2.113970588235294,0.0,-240.0,425.0,0.4117647058823529,28,False,0,22,33,37,0.5441176470588235,0,0.0,0.0,0,0.0,0.0
invalidate_on_opposite_close_1m__buffer_1,MGC,2018,53,-2913.99999999976,116,-3015.4999999994902,-1872.9999999994902,53,0.33962264150943394,-56.89622641508472,0.5940634044558568,-1.7704688482016173,-3.4863398242638284,-2913.99999999976,-3015.4999999994902,-12.942060085834722,0.0,-249.99999999995453,423.50000000001273,0.22746781115879827,53,False,0,72,69,116,0.4978540772532189,0,0.0,0.0,0,0.0,0.0
invalidate_on_opposite_close_1m__buffer_1,MGC,2019,60,-1946.9999999997572,109,-501.9999999995116,498.0000000004884,60,0.45,-8.366666666658526,0.9192146765369266,-0.27739348050854035,-0.3714451048099841,-1946.9999999997572,-1946.9999999997572,-2.04065040650208,0.0,-248.49999999999682,450.0,0.24390243902439024,60,False,0,72,74,109,0.44308943089430897,0,0.0,0.0,0,0.0,0.0
invalidate_on_opposite_close_1m__buffer_1,MGC,2020,73,-1346.9999999999118,112,2158.000000000245,2768.000000000245,73,0.4794520547945205,29.561643835619797,1.3125724217845163,0.9504073707789862,1.545821159153524,-1346.9999999999118,-1346.9999999999118,7.598591549296637,0.0,-247.5,457.9999999999927,0.25704225352112675,73,False,0,70,86,112,0.39436619718309857,0,0.0,0.0,0,0.0,0.0
invalidate_on_opposite_close_1m__buffer_1,MGC,2021,58,-1411.9999999998367,118,-147.99999999970623,372.00000000029377,58,0.4827586206896552,-2.5517241379259694,0.9686041578278082,-0.09131032884716456,-0.0916781161699279,-1411.9999999998367,-1411.9999999998367,-0.5211267605623459,0.0,-248.4999999999809,415.5000000000109,0.20422535211267606,58,False,0,85,73,118,0.4154929577464789,0,0.0,0.0,0,0.0,0.0
invalidate_on_opposite_close_1m__buffer_1,MGC,2022,67,-2758.9999999998304,114,-275.49999999974716,302.00000000025284,67,0.43283582089552236,-4.111940298503689,0.9591640109686868,-0.1422784296777124,-0.2311538113365521,-2758.9999999998304,-2758.9999999998304,-1.0318352059915623,0.0,-242.99999999998363,457.9999999999927,0.250936329588015,67,False,0,72,81,114,0.42696629213483145,0,0.0,0.0,0,0.0,0.0
invalidate_on_opposite_close_1m__buffer_1,MGC,2023,72,-5755.999999999694,116,-3225.9999999996535,-2485.9999999996535,72,0.3611111111111111,-44.80555555555074,0.646310711544814,-1.545117970515894,-2.927664405969185,-5755.999999999694,-5755.999999999694,-11.688405797100193,0.0,-248.99999999999181,457.9999999999927,0.2608695652173913,72,False,0,68,83,116,0.42028985507246375,0,0.0,0.0,0,0.0,0.0
invalidate_on_opposite_close_1m__buffer_1,MGC,2024,71,-1757.9999999997426,116,-269.99999999953843,315.00000000046157,71,0.43661971830985913,-3.80281690140195,0.9626762510368324,-0.12801428660157188,-0.2106031980765896,-1757.9999999997426,-1757.9999999997426,-0.9407665505210399,0.0,-248.99999999997817,463.4999999999809,0.24738675958188153,71,False,0,73,87,116,0.40418118466898956,0,0.0,0.0,0,0.0,0.0
invalidate_on_opposite_close_1m__buffer_1,MGC,2025,74,-1110.999999999949,116,1991.0000000000764,2381.0000000000764,74,0.4594594594594595,26.905405405406437,1.2822912235928183,0.847490389054107,1.6219450384558862,-1110.999999999949,-1110.999999999949,6.614617940199589,0.0,-241.49999999999181,468.9999999999782,0.24584717607973422,74,False,0,69,93,116,0.3853820598006645,0,0.0,0.0,0,0.0,0.0
invalidate_on_opposite_close_1m__buffer_1,MGC,2026,12,-773.0000000000564,32,-340.00000000010914,-305.00000000010914,12,0.3333333333333333,-28.333333333342427,0.7874999999999427,-0.7810766575274165,-3.486421509484569,-773.0000000000564,-773.0000000000564,-5.151515151516805,0.0,-245.0000000000182,360.4999999999927,0.18181818181818182,12,False,0,19,19,32,0.48484848484848486,0,0.0,0.0,0,0.0,0.0
invalidate_on_opposite_close_1m__buffer_1,MNQ,2019,82,-1974.5,121,-81.5,611.0,82,0.4268292682926829,-0.9939024390243902,0.9900451935996092,-0.043363268362887376,-0.08906780421685943,-1974.5,-1974.5,-0.39371980676328505,0.0,-250.0,462.0,0.3961352657004831,82,False,0,77,91,121,0.5845410628019324,0,0.0,0.0,0,0.0,0.0
invalidate_on_opposite_close_1m__buffer_1,MNQ,2020,123,-1421.0,181,3437.5,3985.0,123,0.4715447154471545,27.947154471544714,1.294722853345908,1.1461826084417166,3.7149663679981617,-1421.0,-1421.0,11.017628205128204,0.0,-249.5,476.0,0.3942307692307692,123,True,0,109,145,181,0.5801282051282052,0,0.0,0.0,0,0.0,0.0
invalidate_on_opposite_close_1m__buffer_1,MNQ,2021,126,-881.5,170,6375.0,6902.5,126,0.5714285714285714,50.595238095238095,1.6723974264318109,2.288904541671005,5.254075177999071,-881.5,-881.5,20.4983922829582,0.0,-249.0,464.0,0.40514469453376206,126,True,0,100,154,170,0.5466237942122186,0,0.0,0.0,0,0.0,0.0
invalidate_on_opposite_close_1m__buffer_1,MNQ,2022,75,-1867.0,197,304.5,504.5,75,0.4266666666666667,4.06,1.036187533424446,0.1302570331958537,0.4588929210084987,-1867.0,-2115.0,0.9822580645161291,0.0,-248.0,470.0,0.24193548387096775,75,False,0,126,128,197,0.635483870967742,0,0.0,0.0,0,0.0,0.0
invalidate_on_opposite_close_1m__buffer_1,MNQ,2023,130,-2624.5,186,1381.0,1863.5,130,0.4307692307692308,10.623076923076923,1.1116230197219528,0.4831748223648513,1.161533571228875,-2624.5,-2624.5,4.45483870967742,0.0,-250.0,482.0,0.41935483870967744,130,False,0,102,151,186,0.6,0,0.0,0.0,0,0.0,0.0
invalidate_on_opposite_close_1m__buffer_1,MNQ,2024,104,-1487.0,195,4655.5,5005.5,104,0.4807692307692308,44.76442307692308,1.4987145152651313,1.6372881862617847,4.497534436160574,-1487.0,-1487.0,14.873801916932907,0.0,-249.0,478.0,0.33226837060702874,104,True,0,128,127,195,0.6230031948881789,0,0.0,0.0,0,0.0,0.0
invalidate_on_opposite_close_1m__buffer_1,MNQ,2025,83,-1327.0,184,182.5,425.0,83,0.42168674698795183,2.1987951807228914,1.0234199550850176,0.08254134300778718,0.16886280203118081,-1327.0,-1327.0,0.5849358974358975,0.0,-242.0,477.0,0.266025641025641,83,False,0,117,136,184,0.5897435897435898,0,0.0,0.0,0,0.0,0.0
invalidate_on_opposite_close_1m__buffer_1,MNQ,2026,9,-453.0,35,481.0,503.5,9,0.5555555555555556,53.44444444444444,1.5347415230683714,1.0972815328780494,5.362784265935784,-453.0,-453.0,7.073529411764706,0.0,-247.5,489.0,0.1323529411764706,9,False,0,23,32,35,0.5147058823529411,0,0.0,0.0,0,0.0,0.0
invalidate_on_opposite_close_1m__buffer_2,M2K,2019,83,-2070.999999999898,113,-938.9999999997099,313.50000000029013,83,0.4457831325301205,-11.313253012044697,0.8883405672156813,-0.5098059843846023,-0.9748947880751614,-2070.999999999898,-2070.999999999898,-4.536231884056569,0.0,-247.99999999999272,440.0,0.40096618357487923,83,False,0,75,93,113,0.5458937198067633,0,0.0,0.0,0,0.0,0.0
invalidate_on_opposite_close_1m__buffer_2,M2K,2020,124,-2105.999999999953,181,470.0000000003304,1632.5000000003304,124,0.46774193548387094,3.7903225806478256,1.0419305914890122,0.17532833068484344,0.2790952225854913,-2105.999999999953,-2105.999999999953,1.5064102564113149,0.0,-248.99999999999864,451.9999999999982,0.3974358974358974,124,False,0,116,139,181,0.5801282051282052,0,0.0,0.0,0,0.0,0.0
invalidate_on_opposite_close_1m__buffer_2,M2K,2021,123,-2515.9999999997763,184,583.0000000002599,1493.00000000026,123,0.4715447154471545,4.739837398376097,1.0485045134989206,0.20527153728237416,0.49514822548330373,-2515.9999999997763,-2515.9999999997763,1.8745980707403849,0.0,-247.99999999995634,464.0000000000009,0.3954983922829582,123,True,0,122,131,184,0.5916398713826366,0,0.0,0.0,0,0.0,0.0
invalidate_on_opposite_close_1m__buffer_2,M2K,2022,117,-3367.9999999998986,189,-249.49999999974239,548.0000000002576,117,0.46153846153846156,-2.1324786324764307,0.9792169929196383,-0.09173226756510368,-0.23435406041129547,-3367.9999999998986,-3601.999999999895,-0.8048387096765891,0.0,-249.99999999999432,447.00000000000273,0.3774193548387097,117,False,0,128,126,189,0.6096774193548387,0,0.0,0.0,0,0.0,0.0
invalidate_on_opposite_close_1m__buffer_2,M2K,2023,124,-4143.499999999899,174,-2680.999999999696,-1605.9999999996955,124,0.45161290322580644,-21.62096774193303,0.7812321501428208,-1.0474008394901093,-1.8744541371592347,-4143.499999999899,-4143.499999999899,-8.648387096773211,0.0,-250.0,463.99999999999636,0.4,124,False,0,114,137,174,0.5612903225806452,0,0.0,0.0,0,0.0,0.0
invalidate_on_opposite_close_1m__buffer_2,M2K,2024,117,-2954.49999999979,181,-32.9999999997267,869.5000000002733,117,0.46153846153846156,-0.28205128204894614,0.9970354399676841,-0.012308322441624884,-0.026968649842261157,-2954.49999999979,-2954.49999999979,-0.10543130990328019,0.0,-248.99999999999636,444.00000000000546,0.3738019169329074,117,False,0,123,131,181,0.5782747603833865,0,0.0,0.0,0,0.0,0.0
invalidate_on_opposite_close_1m__buffer_2,M2K,2025,134,-3863.9999999996367,183,-2982.9999999996403,-1890.4999999996403,134,0.41044776119402987,-22.261194029848063,0.8052236369572492,-0.9940164085466308,-2.620683402496354,-3863.9999999996367,-4025.499999999626,-9.560897435896283,0.0,-250.0,455.99999999999454,0.42948717948717946,134,False,0,110,143,183,0.5865384615384616,0,0.0,0.0,0,0.0,0.0
invalidate_on_opposite_close_1m__buffer_2,M2K,2026,25,-1122.9999999999495,38,87.0000000000482,219.5000000000482,25,0.56,3.480000000001928,1.0443086325439521,0.18136809945992557,0.32971289524231895,-1122.9999999999495,-1122.9999999999495,1.2794117647065912,0.0,-241.49999999999181,397.99999999999727,0.36764705882352944,25,False,0,27,28,38,0.5588235294117647,0,0.0,0.0,0,0.0,0.0
invalidate_on_opposite_close_1m__buffer_2,MES,2019,88,-4418.75,120,-3102.5,-1955.0,88,0.375,-35.25568181818182,0.7078969047899258,-1.5864675331988871,-3.615726471511644,-4418.75,-4418.75,-14.98792270531401,0.0,-250.0,412.5,0.4251207729468599,88,False,0,74,94,120,0.5797101449275363,0,0.0,0.0,0,0.0,0.0
invalidate_on_opposite_close_1m__buffer_2,MES,2020,130,-1707.5,186,1422.5,2537.5,130,0.46153846153846156,10.942307692307692,1.1032761593611036,0.45075732568895005,1.2635819861210331,-1707.5,-1707.5,4.559294871794871,0.0,-250.0,455.0,0.4166666666666667,130,False,0,108,147,186,0.5961538461538461,0,0.0,0.0,0,0.0,0.0
invalidate_on_opposite_close_1m__buffer_2,MES,2021,133,-1376.25,175,5043.75,6306.25,133,0.518796992481203,37.92293233082707,1.3756283746043567,1.490695781775619,6.244736732484,-1376.25,-1376.25,16.217845659163988,0.0,-250.0,461.25,0.42765273311897106,133,True,0,108,145,175,0.5627009646302251,0,0.0,0.0,0,0.0,0.0
invalidate_on_opposite_close_1m__buffer_2,MES,2022,119,-2742.5,199,-265.0,272.5,119,0.40336134453781514,-2.226890756302521,0.9797129186602871,-0.0917358378812535,-0.3033164787430877,-2742.5,-2927.5,-0.8548387096774194,0.0,-250.0,472.5,0.38387096774193546,119,False,0,126,128,199,0.6419354838709678,0,0.0,0.0,0,0.0,0.0
invalidate_on_opposite_close_1m__buffer_2,MES,2023,132,-2361.25,188,1823.75,2923.75,132,0.4318181818181818,13.816287878787879,1.118358075768638,0.5329858973440759,2.3314787820169918,-2361.25,-2361.25,5.883064516129032,0.0,-250.0,461.25,0.4258064516129032,132,False,0,101,152,188,0.6064516129032258,0,0.0,0.0,0,0.0,0.0
invalidate_on_opposite_close_1m__buffer_2,MES,2024,112,-1258.75,204,2250.0,3170.0,112,0.4375,20.089285714285715,1.171706572546027,0.6901537727090851,3.2595689754460526,-1258.75,-1258.75,7.18849840255591,0.0,-250.0,467.5,0.35782747603833864,112,False,0,130,125,204,0.6517571884984026,0,0.0,0.0,0,0.0,0.0
invalidate_on_opposite_close_1m__buffer_2,MES,2025,127,-3020.0,194,-2040.0,-1305.0,127,0.3700787401574803,-16.062992125984252,0.8593951925562161,-0.6918833907224026,-1.6173156471208685,-3020.0,-3020.0,-6.538461538461538,0.0,-250.0,467.5,0.40705128205128205,127,False,0,111,142,194,0.6217948717948718,0,0.0,0.0,0,0.0,0.0
invalidate_on_opposite_close_1m__buffer_2,MES,2026,29,-587.5,36,-98.75,21.25,29,0.5517241379310345,-3.4051724137931036,0.9538281706604325,-0.20157264809661998,-0.4698035518134763,-587.5,-587.5,-1.4522058823529411,0.0,-240.0,425.0,0.4264705882352941,29,False,0,20,35,36,0.5294117647058824,0,0.0,0.0,0,0.0,0.0
invalidate_on_opposite_close_1m__buffer_2,MGC,2018,57,-2887.9999999994857,113,-3101.4999999994484,-1888.9999999994484,57,0.3684210526315789,-54.412280701744706,0.5958694377484361,-1.7999959542640294,-3.6201706879225024,-2887.9999999994857,-3101.4999999994484,-13.311158798280895,0.0,-249.99999999995453,423.50000000001273,0.2446351931330472,57,False,0,68,73,113,0.48497854077253216,0,0.0,0.0,0,0.0,0.0
invalidate_on_opposite_close_1m__buffer_2,MGC,2019,64,-2206.999999999641,103,-825.4999999994675,237.0000000005325,64,0.4375,-12.89843749999168,0.8742670017516544,-0.45165897066725286,-0.5917181552836535,-2206.999999999641,-2206.999999999641,-3.3556910569084044,0.0,-248.49999999999682,450.0,0.2601626016260163,64,False,0,68,78,103,0.4186991869918699,0,0.0,0.0,0,0.0,0.0
invalidate_on_opposite_close_1m__buffer_2,MGC,2020,74,-1346.9999999999118,111,2528.000000000245,3148.000000000245,74,0.4864864864864865,34.16216216216547,1.366164542294367,1.0977769719840038,1.8108600047914942,-1346.9999999999118,-1346.9999999999118,8.90140845070509,0.0,-247.5,457.9999999999927,0.2605633802816901,74,True,0,69,87,111,0.3908450704225352,0,0.0,0.0,0,0.0,0.0
invalidate_on_opposite_close_1m__buffer_2,MGC,2021,59,-1429.9999999998295,118,-375.99999999969896,164.00000000030104,59,0.4745762711864407,-6.372881355927101,0.9239174423310978,-0.22945377218979882,-0.2344412776632627,-1429.9999999998295,-1429.9999999998295,-1.323943661970771,0.0,-248.4999999999809,415.5000000000109,0.20774647887323944,59,False,0,84,74,118,0.4154929577464789,0,0.0,0.0,0,0.0,0.0
invalidate_on_opposite_close_1m__buffer_2,MGC,2022,69,-3006.4999999998213,114,-736.9999999997344,-136.99999999973443,69,0.42028985507246375,-10.681159420286006,0.8977524972253395,-0.37507460472014703,-0.6247806590633035,-3006.4999999998213,-3006.4999999998213,-2.7602996254671703,0.0,-247.4999999999909,457.9999999999927,0.25842696629213485,69,False,0,70,83,114,0.42696629213483145,0,0.0,0.0,0,0.0,0.0
invalidate_on_opposite_close_1m__buffer_2,MGC,2023,74,-6237.4999999996835,116,-3707.499999999643,-2914.999999999643,74,0.35135135135135137,-50.10135135134653,0.6139026295235873,-1.753011075080347,-3.404969488781507,-6237.4999999996835,-6237.4999999996835,-13.43297101449146,0.0,-248.99999999999181,457.9999999999927,0.26811594202898553,74,False,0,67,84,116,0.42028985507246375,0,0.0,0.0,0,0.0,0.0
invalidate_on_opposite_close_1m__buffer_2,MGC,2024,73,-1811.4999999996326,115,-520.999999999533,74.00000000046703,73,0.4246575342465753,-7.136986301363465,0.9303941215765446,-0.24576319382782022,-0.40163470464688605,-1811.4999999996326,-1811.4999999996326,-1.8153310104513345,0.0,-248.99999999997817,463.4999999999809,0.25435540069686413,73,False,0,71,89,115,0.40069686411149824,0,0.0,0.0,0,0.0,0.0
invalidate_on_opposite_close_1m__buffer_2,MGC,2025,74,-1110.999999999949,114,1991.0000000000764,2381.0000000000764,74,0.4594594594594595,26.905405405406437,1.2822912235928183,0.847490389054107,1.6219450384558862,-1110.999999999949,-1110.999999999949,6.614617940199589,0.0,-241.49999999999181,468.9999999999782,0.24584717607973422,74,False,0,69,93,114,0.3787375415282392,0,0.0,0.0,0,0.0,0.0
invalidate_on_opposite_close_1m__buffer_2,MGC,2026,12,-773.0000000000564,32,-340.00000000010914,-305.00000000010914,12,0.3333333333333333,-28.333333333342427,0.7874999999999427,-0.7810766575274165,-3.486421509484569,-773.0000000000564,-773.0000000000564,-5.151515151516805,0.0,-245.0000000000182,360.4999999999927,0.18181818181818182,12,False,0,19,19,32,0.48484848484848486,0,0.0,0.0,0,0.0,0.0
invalidate_on_opposite_close_1m__buffer_2,MNQ,2019,83,-2189.5,120,-296.5,401.0,83,0.42168674698795183,-3.572289156626506,0.9647107831468698,-0.15692314821752365,-0.3263134131994746,-2189.5,-2189.5,-1.432367149758454,0.0,-250.0,462.0,0.40096618357487923,83,False,0,77,91,120,0.5797101449275363,0,0.0,0.0,0,0.0,0.0
invalidate_on_opposite_close_1m__buffer_2,MNQ,2020,123,-1421.0,180,3437.5,3985.0,123,0.4715447154471545,27.947154471544714,1.294722853345908,1.1461826084417166,3.7149663679981617,-1421.0,-1421.0,11.017628205128204,0.0,-249.5,476.0,0.3942307692307692,123,True,0,109,145,180,0.5769230769230769,0,0.0,0.0,0,0.0,0.0
invalidate_on_opposite_close_1m__buffer_2,MNQ,2021,127,-881.5,170,6153.0,6690.5,127,0.5669291338582677,48.44881889763779,1.6341337730598784,2.1990348421026877,5.091903921312713,-881.5,-881.5,19.784565916398712,0.0,-249.0,464.0,0.40836012861736337,127,True,0,100,154,170,0.5466237942122186,0,0.0,0.0,0,0.0,0.0
invalidate_on_opposite_close_1m__buffer_2,MNQ,2022,75,-1867.0,196,304.5,504.5,75,0.4266666666666667,4.06,1.036187533424446,0.1302570331958537,0.4588929210084987,-1867.0,-2115.0,0.9822580645161291,0.0,-248.0,470.0,0.24193548387096775,75,False,0,126,128,196,0.632258064516129,0,0.0,0.0,0,0.0,0.0
invalidate_on_opposite_close_1m__buffer_2,MNQ,2023,130,-2624.5,186,1381.0,1863.5,130,0.4307692307692308,10.623076923076923,1.1116230197219528,0.4831748223648513,1.161533571228875,-2624.5,-2624.5,4.45483870967742,0.0,-250.0,482.0,0.41935483870967744,130,False,0,102,151,186,0.6,0,0.0,0.0,0,0.0,0.0
invalidate_on_opposite_close_1m__buffer_2,MNQ,2024,104,-1487.0,195,4655.5,5005.5,104,0.4807692307692308,44.76442307692308,1.4987145152651313,1.6372881862617847,4.497534436160574,-1487.0,-1487.0,14.873801916932907,0.0,-249.0,478.0,0.33226837060702874,104,True,0,128,127,195,0.6230031948881789,0,0.0,0.0,0,0.0,0.0
invalidate_on_opposite_close_1m__buffer_2,MNQ,2025,83,-1327.0,184,182.5,425.0,83,0.42168674698795183,2.1987951807228914,1.0234199550850176,0.08254134300778718,0.16886280203118081,-1327.0,-1327.0,0.5849358974358975,0.0,-242.0,477.0,0.266025641025641,83,False,0,117,136,184,0.5897435897435898,0,0.0,0.0,0,0.0,0.0
invalidate_on_opposite_close_1m__buffer_2,MNQ,2026,9,-453.0,35,481.0,503.5,9,0.5555555555555556,53.44444444444444,1.5347415230683714,1.0972815328780494,5.362784265935784,-453.0,-453.0,7.073529411764706,0.0,-247.5,489.0,0.1323529411764706,9,False,0,23,32,35,0.5147058823529411,0,0.0,0.0,0,0.0,0.0
invalidate_on_opposite_close_1m__buffer_4,M2K,2019,84,-2070.999999999898,112,-518.9999999997099,748.5000000002899,84,0.4523809523809524,-6.178571428567975,0.9382840834770534,-0.2758515640472328,-0.5388396113001939,-2070.999999999898,-2070.999999999898,-2.5072463768101927,0.0,-247.99999999999272,440.0,0.4057971014492754,84,False,0,74,94,112,0.5410628019323671,0,0.0,0.0,0,0.0,0.0
invalidate_on_opposite_close_1m__buffer_4,M2K,2020,125,-2105.999999999953,178,576.0000000003339,1748.5000000003338,125,0.472,4.608000000002671,1.0513872780801448,0.21466934581750408,0.34204010257281536,-2105.999999999953,-2105.999999999953,1.8461538461549163,0.0,-248.99999999999864,451.9999999999982,0.40064102564102566,125,False,0,114,140,178,0.5705128205128205,0,0.0,0.0,0,0.0,0.0
invalidate_on_opposite_close_1m__buffer_4,M2K,2021,124,-2515.9999999997763,182,959.0000000002362,1879.0000000002365,124,0.47580645161290325,7.733870967743841,1.079787012770936,0.3341124112482037,0.8144891050401262,-2515.9999999997763,-2515.9999999997763,3.0836012861743924,0.0,-247.99999999995634,464.0000000000009,0.3987138263665595,124,True,0,121,132,182,0.5852090032154341,0,0.0,0.0,0,0.0,0.0
invalidate_on_opposite_close_1m__buffer_4,M2K,2022,117,-3367.9999999998986,187,-249.49999999974239,548.0000000002576,117,0.46153846153846156,-2.1324786324764307,0.9792169929196383,-0.09173226756510368,-0.23435406041129547,-3367.9999999998986,-3601.999999999895,-0.8048387096765891,0.0,-249.99999999999432,447.00000000000273,0.3774193548387097,117,False,0,128,126,187,0.603225806451613,0,0.0,0.0,0,0.0,0.0
invalidate_on_opposite_close_1m__buffer_4,M2K,2023,126,-4143.499999999899,171,-2682.4999999996903,-1594.9999999996908,126,0.4523809523809524,-21.289682539680083,0.7829692556634525,-1.0458573426720406,-1.874966684125293,-4143.499999999899,-4143.499999999899,-8.653225806450616,0.0,-250.0,463.99999999999636,0.4064516129032258,126,False,0,112,139,171,0.5516129032258065,0,0.0,0.0,0,0.0,0.0
invalidate_on_opposite_close_1m__buffer_4,M2K,2024,119,-3402.4999999997735,181,-480.9999999997101,441.5000000002899,119,0.453781512605042,-4.042016806720253,0.9584610734487913,-0.177877698013089,-0.3956989889924508,-3402.4999999997735,-3402.4999999997735,-1.5367412140565826,0.0,-248.99999999999636,444.00000000000546,0.3801916932907348,119,False,0,122,132,181,0.5782747603833865,0,0.0,0.0,0,0.0,0.0
invalidate_on_opposite_close_1m__buffer_4,M2K,2025,134,-3863.9999999996367,182,-2982.9999999996403,-1890.4999999996403,134,0.41044776119402987,-22.261194029848063,0.8052236369572492,-0.9940164085466308,-2.620683402496354,-3863.9999999996367,-4025.499999999626,-9.560897435896283,0.0,-250.0,455.99999999999454,0.42948717948717946,134,False,0,110,143,182,0.5833333333333334,0,0.0,0.0,0,0.0,0.0
invalidate_on_opposite_close_1m__buffer_4,M2K,2026,25,-1122.9999999999495,38,87.0000000000482,219.5000000000482,25,0.56,3.480000000001928,1.0443086325439521,0.18136809945992557,0.32971289524231895,-1122.9999999999495,-1122.9999999999495,1.2794117647065912,0.0,-241.49999999999181,397.99999999999727,0.36764705882352944,25,False,0,27,28,38,0.5588235294117647,0,0.0,0.0,0,0.0,0.0
invalidate_on_opposite_close_1m__buffer_4,MES,2019,93,-3655.0,115,-2338.75,-1116.25,93,0.3978494623655914,-25.147849462365592,0.7837744134982088,-1.1502823745705706,-2.750739351273325,-3655.0,-3655.0,-11.298309178743962,0.0,-250.0,412.5,0.4492753623188406,93,False,0,68,99,115,0.5555555555555556,0,0.0,0.0,0,0.0,0.0
invalidate_on_opposite_close_1m__buffer_4,MES,2020,135,-1835.0,181,688.75,1853.75,135,0.45185185185185184,5.101851851851852,1.047219127603051,0.2157897686056779,0.6179359117466398,-1835.0,-1835.0,2.207532051282051,0.0,-250.0,455.0,0.4326923076923077,135,False,0,102,153,181,0.5801282051282052,0,0.0,0.0,0,0.0,0.0
invalidate_on_opposite_close_1m__buffer_4,MES,2021,137,-1262.5,169,5901.25,7208.75,137,0.5255474452554745,43.074817518248175,1.4324448108454704,1.7058074217198587,7.363111492322079,-1262.5,-1262.5,18.975080385852092,0.0,-250.0,461.25,0.4405144694533762,137,True,0,104,149,169,0.5434083601286174,0,0.0,0.0,0,0.0,0.0
invalidate_on_opposite_close_1m__buffer_4,MES,2022,123,-2605.0,197,-476.25,86.25,123,0.3983739837398374,-3.8719512195121952,0.9651322412373021,-0.16171933085598778,-0.5548397280463124,-2605.0,-2790.0,-1.5362903225806452,0.0,-250.0,472.5,0.3967741935483871,123,False,0,121,133,197,0.635483870967742,0,0.0,0.0,0,0.0,0.0
invalidate_on_opposite_close_1m__buffer_4,MES,2023,135,-2361.25,186,1632.5,2760.0,135,0.42962962962962964,12.092592592592593,1.1041716519103453,0.47554315144271436,1.8768601365605313,-2361.25,-2361.25,5.266129032258065,0.0,-250.0,461.25,0.43548387096774194,135,False,0,96,157,186,0.6,0,0.0,0.0,0,0.0,0.0
invalidate_on_opposite_close_1m__buffer_4,MES,2024,120,-1583.75,203,878.75,1871.25,120,0.4166666666666667,7.322916666666667,1.060131725258746,0.2640053695546592,1.3047578933458919,-1583.75,-1583.75,2.8075079872204474,0.0,-250.0,467.5,0.38338658146964855,120,False,0,122,133,203,0.6485623003194888,0,0.0,0.0,0,0.0,0.0
invalidate_on_opposite_close_1m__buffer_4,MES,2025,129,-3425.0,191,-2445.0,-1692.5,129,0.3643410852713178,-18.953488372093023,0.8360573296454614,-0.8247733764967852,-1.959555373553111,-3425.0,-3425.0,-7.836538461538462,0.0,-250.0,467.5,0.41346153846153844,129,False,0,109,144,191,0.6121794871794872,0,0.0,0.0,0,0.0,0.0
invalidate_on_opposite_close_1m__buffer_4,MES,2026,29,-587.5,36,-98.75,21.25,29,0.5517241379310345,-3.4051724137931036,0.9538281706604325,-0.20157264809661998,-0.4698035518134763,-587.5,-587.5,-1.4522058823529411,0.0,-240.0,425.0,0.4264705882352941,29,False,0,20,35,36,0.5294117647058824,0,0.0,0.0,0,0.0,0.0
invalidate_on_opposite_close_1m__buffer_4,MGC,2018,63,-3641.999999999423,110,-3855.4999999993856,-2522.9999999993856,63,0.3492063492063492,-61.19841269840295,0.5444556034737864,-2.188848612841958,-3.992253175724355,-3641.999999999423,-3855.4999999993856,-16.54721030042655,0.0,-249.99999999995453,423.50000000001273,0.2703862660944206,63,False,0,63,78,110,0.4721030042918455,0,0.0,0.0,0,0.0,0.0
invalidate_on_opposite_close_1m__buffer_4,MGC,2019,67,-1788.9999999997804,100,292.00000000053706,1432.000000000537,67,0.4626865671641791,4.3582089552318966,1.0444749067093977,0.15075760292172213,0.20930551343822648,-1788.9999999997804,-1788.9999999997804,1.1869918699208823,0.0,-248.49999999999682,450.0,0.27235772357723576,67,False,0,66,80,100,0.4065040650406504,0,0.0,0.0,0,0.0,0.0
invalidate_on_opposite_close_1m__buffer_4,MGC,2020,76,-1346.9999999999118,108,2984.0000000002624,3654.0000000002624,76,0.5,39.263157894740296,1.432213209733537,1.2816219381256928,2.1375024740101933,-1346.9999999999118,-1346.9999999999118,10.50704225352205,0.0,-247.5,457.9999999999927,0.2676056338028169,76,True,0,68,88,108,0.38028169014084506,0,0.0,0.0,0,0.0,0.0
invalidate_on_opposite_close_1m__buffer_4,MGC,2021,62,-1868.9999999998076,117,-612.499999999668,-34.999999999668034,62,0.46774193548387094,-9.879032258059162,0.8861735736852454,-0.36338589697571916,-0.38750191410173596,-1868.9999999998076,-1868.9999999998076,-2.1566901408439016,0.0,-248.4999999999809,415.5000000000109,0.21830985915492956,62,False,0,79,79,117,0.4119718309859155,0,0.0,0.0,0,0.0,0.0
invalidate_on_opposite_close_1m__buffer_4,MGC,2022,71,-3228.4999999998195,113,-1204.9999999997272,-564.9999999997272,71,0.4084507042253521,-16.97183098591165,0.8430171964565193,-0.604488422360819,-1.0316485440447956,-3228.4999999998195,-3228.4999999998195,-4.513108614231188,0.0,-247.4999999999909,457.9999999999927,0.26591760299625467,71,False,0,68,85,113,0.4232209737827715,0,0.0,0.0,0,0.0,0.0
invalidate_on_opposite_close_1m__buffer_4,MGC,2023,75,-5859.499999999691,114,-3329.4999999996503,-2526.9999999996503,75,0.36,-44.39333333332867,0.6532673782869305,-1.545683778247873,-3.0578141369920244,-5859.499999999691,-5859.499999999691,-12.063405797100183,0.0,-248.99999999999181,457.9999999999927,0.2717391304347826,75,False,0,66,85,114,0.41304347826086957,0,0.0,0.0,0,0.0,0.0
invalidate_on_opposite_close_1m__buffer_4,MGC,2024,74,-1754.999999999768,112,-148.99999999959846,466.00000000040154,74,0.43243243243243246,-2.0135135135080873,0.980093520374134,-0.06907716986134796,-0.11486290017711802,-1754.999999999768,-1754.999999999768,-0.5191637630648029,0.0,-248.99999999997817,463.4999999999809,0.2578397212543554,74,False,0,69,91,112,0.3902439024390244,0,0.0,0.0,0,0.0,0.0
invalidate_on_opposite_close_1m__buffer_4,MGC,2025,74,-1110.999999999949,114,1991.0000000000764,2381.0000000000764,74,0.4594594594594595,26.905405405406437,1.2822912235928183,0.847490389054107,1.6219450384558862,-1110.999999999949,-1110.999999999949,6.614617940199589,0.0,-241.49999999999181,468.9999999999782,0.24584717607973422,74,False,0,69,93,114,0.3787375415282392,0,0.0,0.0,0,0.0,0.0
invalidate_on_opposite_close_1m__buffer_4,MGC,2026,12,-773.0000000000564,32,-340.00000000010914,-305.00000000010914,12,0.3333333333333333,-28.333333333342427,0.7874999999999427,-0.7810766575274165,-3.486421509484569,-773.0000000000564,-773.0000000000564,-5.151515151516805,0.0,-245.0000000000182,360.4999999999927,0.18181818181818182,12,False,0,19,19,32,0.48484848484848486,0,0.0,0.0,0,0.0,0.0
invalidate_on_opposite_close_1m__buffer_4,MNQ,2019,84,-2189.5,120,-544.5,173.0,84,0.4166666666666667,-6.482142857142857,0.9370520231213872,-0.28619263780468324,-0.5987988478378296,-2189.5,-2189.5,-2.630434782608696,0.0,-250.0,462.0,0.4057971014492754,84,False,0,76,92,120,0.5797101449275363,0,0.0,0.0,0,0.0,0.0
invalidate_on_opposite_close_1m__buffer_4,MNQ,2020,124,-1285.0,179,3602.5,4155.0,124,0.47580645161290325,29.052419354838708,1.3088695503065118,1.199261111075763,3.893284753662073,-1285.0,-1285.0,11.54647435897436,0.0,-249.5,476.0,0.3974358974358974,124,True,0,108,146,179,0.5737179487179487,0,0.0,0.0,0,0.0,0.0
invalidate_on_opposite_close_1m__buffer_4,MNQ,2021,127,-881.5,169,6153.0,6690.5,127,0.5669291338582677,48.44881889763779,1.6341337730598784,2.1990348421026877,5.091903921312713,-881.5,-881.5,19.784565916398712,0.0,-249.0,464.0,0.40836012861736337,127,True,0,100,154,169,0.5434083601286174,0,0.0,0.0,0,0.0,0.0
invalidate_on_opposite_close_1m__buffer_4,MNQ,2022,75,-1867.0,196,304.5,504.5,75,0.4266666666666667,4.06,1.036187533424446,0.1302570331958537,0.4588929210084987,-1867.0,-2115.0,0.9822580645161291,0.0,-248.0,470.0,0.24193548387096775,75,False,0,126,128,196,0.632258064516129,0,0.0,0.0,0,0.0,0.0
invalidate_on_opposite_close_1m__buffer_4,MNQ,2023,131,-2624.5,186,1182.0,1669.5,131,0.42748091603053434,9.022900763358779,1.0940259327022512,0.4122717206123658,0.9990365587334152,-2624.5,-2624.5,3.8129032258064517,0.0,-250.0,482.0,0.42258064516129035,131,False,0,101,152,186,0.6,0,0.0,0.0,0,0.0,0.0
invalidate_on_opposite_close_1m__buffer_4,MNQ,2024,106,-1487.0,193,5142.0,5497.0,106,0.49056603773584906,48.509433962264154,1.5508302088912693,1.7857177723290922,4.967527026256615,-1487.0,-1487.0,16.42811501597444,0.0,-249.0,478.0,0.33865814696485624,106,True,0,126,129,193,0.6166134185303515,0,0.0,0.0,0,0.0,0.0
invalidate_on_opposite_close_1m__buffer_4,MNQ,2025,83,-1327.0,183,182.5,425.0,83,0.42168674698795183,2.1987951807228914,1.0234199550850176,0.08254134300778718,0.16886280203118081,-1327.0,-1327.0,0.5849358974358975,0.0,-242.0,477.0,0.266025641025641,83,False,0,117,136,183,0.5865384615384616,0,0.0,0.0,0,0.0,0.0
invalidate_on_opposite_close_1m__buffer_4,MNQ,2026,10,-453.0,33,578.5,603.5,10,0.6,57.85,1.6431350750416898,1.3123641437154243,6.449835130652496,-453.0,-453.0,8.507352941176471,0.0,-247.5,489.0,0.14705882352941177,10,False,0,22,33,33,0.4852941176470588,0,0.0,0.0,0,0.0,0.0
invalidate_on_opposite_close_5m__buffer_0,M2K,2019,87,-2556.499999999889,111,-896.4999999996905,428.50000000030946,87,0.4482758620689655,-10.304597701145868,0.8992130410343219,-0.46962834091807243,-0.9380042275339238,-2556.499999999889,-2556.499999999889,-4.330917874394641,0.0,-247.99999999999272,440.0,0.42028985507246375,87,False,0,71,97,111,0.5362318840579711,0,0.0,0.0,0,0.0,0.0
invalidate_on_opposite_close_5m__buffer_0,M2K,2020,128,-2173.9999999999527,175,40.50000000033924,1238.0000000003392,128,0.46875,0.3164062500026503,1.0035202086049837,0.015187246489851385,0.024072793143500013,-2173.9999999999527,-2173.9999999999527,0.12980769230877853,0.0,-248.99999999999864,451.9999999999982,0.41025641025641024,128,False,0,110,145,175,0.5608974358974359,0,0.0,0.0,0,0.0,0.0
invalidate_on_opposite_close_5m__buffer_0,M2K,2021,135,-2192.499999999766,174,1517.0000000002497,2517.0000000002497,135,0.48148148148148145,11.237037037038887,1.1194347124355617,0.5103702478193316,1.211979752780388,-2192.499999999766,-2192.499999999766,4.877813504823954,0.0,-249.9999999999909,464.0000000000009,0.4340836012861736,135,True,0,111,142,174,0.5594855305466238,0,0.0,0.0,0,0.0,0.0
invalidate_on_opposite_close_5m__buffer_0,M2K,2022,123,-3452.4999999998904,185,-486.9999999997299,348.0000000002701,123,0.4634146341463415,-3.959349593493739,0.961431852379842,-0.17641018197410244,-0.4654633941443768,-3452.4999999998904,-3593.9999999998868,-1.5709677419346124,0.0,-249.99999999999432,447.00000000000273,0.3967741935483871,123,False,0,122,132,185,0.5967741935483871,0,0.0,0.0,0,0.0,0.0
invalidate_on_opposite_close_5m__buffer_0,M2K,2023,130,-4183.999999999896,164,-2781.9999999996808,-1659.4999999996812,130,0.45384615384615384,-21.399999999997544,0.779337695816005,-1.079207551710036,-1.9217358120310595,-4183.999999999896,-4183.999999999896,-8.974193548386067,0.0,-250.0,463.99999999999636,0.41935483870967744,130,False,0,108,143,164,0.5290322580645161,0,0.0,0.0,0,0.0,0.0
invalidate_on_opposite_close_5m__buffer_0,M2K,2024,123,-3674.49999999977,175,-569.9999999997019,377.5000000002981,123,0.45528455284552843,-4.634146341460991,0.9519048221744321,-0.209412452456548,-0.4520225415322787,-3674.49999999977,-3674.49999999977,-1.821086261979879,0.0,-248.99999999999636,444.00000000000546,0.3929712460063898,123,False,0,117,137,175,0.5591054313099042,0,0.0,0.0,0,0.0,0.0
invalidate_on_opposite_close_5m__buffer_0,M2K,2025,135,-3276.4999999997867,177,-2336.9999999996458,-1239.4999999996458,135,0.4222222222222222,-17.311111111108488,0.8448155649258133,-0.777063652632853,-2.052684240712021,-3276.4999999997867,-3437.9999999997763,-7.49038461538348,0.0,-250.0,455.99999999999454,0.4326923076923077,135,False,0,106,147,177,0.5673076923076923,0,0.0,0.0,0,0.0,0.0
invalidate_on_opposite_close_5m__buffer_0,M2K,2026,30,-1819.4999999999345,35,-713.4999999999332,-558.4999999999332,30,0.4666666666666667,-23.783333333331104,0.7418596237337378,-1.378890693132417,-2.6835440419334753,-1819.4999999999345,-1819.4999999999345,-10.492647058822547,0.0,-241.49999999999181,397.99999999999727,0.4411764705882353,30,False,0,22,33,35,0.5147058823529411,0,0.0,0.0,0,0.0,0.0
invalidate_on_opposite_close_5m__buffer_0,MES,2019,90,-3751.25,121,-2435.0,-1262.5,90,0.3888888888888889,-27.055555555555557,0.7739352442845537,-1.1959299456735581,-2.9705018618275285,-3751.25,-3751.25,-11.76328502415459,0.0,-250.0,412.5,0.43478260869565216,90,False,0,72,96,121,0.5845410628019324,0,0.0,0.0,0,0.0,0.0
invalidate_on_opposite_close_5m__buffer_0,MES,2020,131,-1637.5,183,1002.5,2072.5,131,0.45038167938931295,7.652671755725191,1.0725529220191785,0.3207833665407394,0.8313265861175037,-1637.5,-1637.5,3.2131410256410255,0.0,-250.0,455.0,0.4198717948717949,131,False,0,106,149,183,0.5865384615384616,0,0.0,0.0,0,0.0,0.0
invalidate_on_opposite_close_5m__buffer_0,MES,2021,140,-1262.5,169,5492.5,6827.5,140,0.5142857142857142,39.232142857142854,1.3907861970828888,1.5798959754799118,5.9469704735191815,-1262.5,-1262.5,17.660771704180064,0.0,-250.0,461.25,0.45016077170418006,140,True,0,101,152,169,0.5434083601286174,0,0.0,0.0,0,0.0,0.0
invalidate_on_opposite_close_5m__buffer_0,MES,2022,127,-2776.25,194,-775.0,-202.5,127,0.4015748031496063,-6.102362204724409,0.9447119671838773,-0.2625880045594503,-0.9088991913085446,-2776.25,-2961.25,-2.5,0.0,-250.0,472.5,0.4096774193548387,127,False,0,116,138,194,0.6258064516129033,0,0.0,0.0,0,0.0,0.0
invalidate_on_opposite_close_5m__buffer_0,MES,2023,143,-2761.25,177,2648.75,3823.75,143,0.4405594405594406,18.522727272727273,1.1639585267718973,0.7472499607837652,2.942840396099195,-2761.25,-2761.25,8.544354838709678,0.0,-250.0,461.25,0.4612903225806452,143,False,0,89,164,177,0.5709677419354838,0,0.0,0.0,0,0.0,0.0
invalidate_on_opposite_close_5m__buffer_0,MES,2024,126,-2185.0,197,890.0,1945.0,126,0.42063492063492064,7.063492063492063,1.05793327908869,0.261372776990301,1.3152087247819428,-2185.0,-2185.0,2.8434504792332267,0.0,-250.0,467.5,0.402555910543131,126,False,0,117,138,197,0.6293929712460063,0,0.0,0.0,0,0.0,0.0
invalidate_on_opposite_close_5m__buffer_0,MES,2025,135,-2985.0,185,-1626.25,-846.25,135,0.37777777777777777,-12.046296296296296,0.8918806615141693,-0.5371966150835279,-1.2757582949178137,-2985.0,-2985.0,-5.212339743589744,0.0,-250.0,467.5,0.4326923076923077,135,False,0,103,150,185,0.592948717948718,0,0.0,0.0,0,0.0,0.0
invalidate_on_opposite_close_5m__buffer_0,MES,2026,31,-583.75,34,-260.0,-130.0,31,0.5483870967741935,-8.387096774193548,0.8889482114255206,-0.5186587783952628,-1.257030392239964,-583.75,-583.75,-3.823529411764706,0.0,-240.0,425.0,0.45588235294117646,31,False,0,17,38,34,0.5,0,0.0,0.0,0,0.0,0.0
invalidate_on_opposite_close_5m__buffer_0,MGC,2018,57,-2959.9999999994793,113,-3173.499999999442,-1950.999999999442,57,0.3508771929824561,-55.67543859648144,0.5899605917695414,-1.8421323785937966,-3.507239349899109,-2959.9999999994793,-3173.499999999442,-13.620171673817348,0.0,-249.99999999995453,423.50000000001273,0.2446351931330472,57,False,0,68,73,113,0.48497854077253216,0,0.0,0.0,0,0.0,0.0
invalidate_on_opposite_close_5m__buffer_0,MGC,2019,66,-2023.4999999996217,103,-641.9999999994479,453.00000000055206,66,0.4393939393939394,-9.727272727264364,0.9055882352941937,-0.34002107550801,-0.46510888192951705,-2023.4999999996217,-2023.4999999996217,-2.6097560975587313,0.0,-248.49999999999682,450.0,0.2682926829268293,66,False,0,66,80,103,0.4186991869918699,0,0.0,0.0,0,0.0,0.0
invalidate_on_opposite_close_5m__buffer_0,MGC,2020,76,-1411.9999999999072,108,2059.0000000002533,2684.0000000002533,76,0.47368421052631576,27.092105263161226,1.287489528064829,0.9001195576094059,1.4710220883681242,-1411.9999999999072,-1411.9999999999072,7.250000000000892,0.0,-247.5,457.9999999999927,0.2676056338028169,76,False,0,68,88,108,0.38028169014084506,0,0.0,0.0,0,0.0,0.0
invalidate_on_opposite_close_5m__buffer_0,MGC,2021,61,-1698.4999999998104,117,-562.4999999996749,3.2514435588382185e-10,61,0.45901639344262296,-9.221311475404505,0.892509077011332,-0.33654859094082795,-0.34604860423759864,-1698.4999999998104,-1698.4999999998104,-1.9806338028157566,0.0,-248.4999999999809,415.5000000000109,0.2147887323943662,61,False,0,80,78,117,0.4119718309859155,0,0.0,0.0,0,0.0,0.0
invalidate_on_opposite_close_5m__buffer_0,MGC,2022,69,-2986.499999999828,113,-716.9999999997412,-116.99999999974125,69,0.42028985507246375,-10.391304347822336,0.900250417362304,-0.3653672823636359,-0.6114132648096436,-2986.499999999828,-2986.499999999828,-2.685393258425997,0.0,-242.99999999998363,457.9999999999927,0.25842696629213485,69,False,0,70,83,113,0.4232209737827715,0,0.0,0.0,0,0.0,0.0
invalidate_on_opposite_close_5m__buffer_0,MGC,2023,73,-5664.4999999997,116,-3516.9999999996594,-2761.9999999996594,73,0.3561643835616438,-48.178082191776156,0.6261493489237564,-1.6710422744183024,-3.222714498499038,-5664.4999999997,-5664.4999999997,-12.742753623187172,0.0,-248.99999999999181,457.9999999999927,0.2644927536231884,73,False,0,66,85,116,0.42028985507246375,0,0.0,0.0,0,0.0,0.0
invalidate_on_opposite_close_5m__buffer_0,MGC,2024,76,-2188.9999999997326,112,-965.4999999995175,-357.9999999995175,76,0.40789473684210525,-12.703947368414704,0.8782394854657198,-0.45079853156141503,-0.7360719692492813,-2188.9999999997326,-2188.9999999997326,-3.3641114982561584,0.0,-248.99999999997817,463.4999999999809,0.26480836236933797,76,False,0,68,92,112,0.3902439024390244,0,0.0,0.0,0,0.0,0.0
invalidate_on_opposite_close_5m__buffer_0,MGC,2025,78,-1110.999999999949,113,3075.000000000041,3495.000000000041,78,0.47435897435897434,39.423076923077446,1.428123912286829,1.2444683072983302,2.5201057302595333,-1110.999999999949,-1110.999999999949,10.215946843853956,0.0,-241.49999999999181,468.9999999999782,0.2591362126245847,78,True,0,65,98,113,0.3754152823920266,0,0.0,0.0,0,0.0,0.0
invalidate_on_opposite_close_5m__buffer_0,MGC,2026,13,-957.5000000000546,29,-524.5000000001073,-487.0000000001073,13,0.3076923076923077,-40.3461538461621,0.7060801344914073,-1.1794247779576503,-5.571018689304101,-957.5000000000546,-957.5000000000546,-7.946969696971323,0.0,-245.0000000000182,360.4999999999927,0.19696969696969696,13,False,0,17,21,29,0.4393939393939394,0,0.0,0.0,0,0.0,0.0
invalidate_on_opposite_close_5m__buffer_0,MNQ,2019,87,-2000.0,115,113.5,843.5,87,0.42528735632183906,1.3045977011494252,1.0129079949960196,0.05742954232772471,0.1254267573185016,-2000.0,-2000.0,0.5483091787439613,0.0,-250.0,462.0,0.42028985507246375,87,False,0,72,96,115,0.5555555555555556,0,0.0,0.0,0,0.0,0.0
invalidate_on_opposite_close_5m__buffer_0,MNQ,2020,140,-1674.0,172,3070.5,3695.5,140,0.4714285714285714,21.932142857142857,1.2255895966497685,0.9681165009971717,3.3259921196875273,-1674.0,-1674.0,9.841346153846153,0.0,-249.5,476.0,0.44871794871794873,140,True,0,94,160,172,0.5512820512820513,0,0.0,0.0,0,0.0,0.0
invalidate_on_opposite_close_5m__buffer_0,MNQ,2021,131,-821.5,163,6272.0,6819.5,131,0.5648854961832062,47.87786259541985,1.6216671622559222,2.207524259607103,5.280345319718696,-821.5,-821.5,20.167202572347268,0.0,-249.0,464.0,0.4212218649517685,131,True,0,96,158,163,0.5241157556270096,0,0.0,0.0,0,0.0,0.0
invalidate_on_opposite_close_5m__buffer_0,MNQ,2022,86,-2115.0,185,-44.0,196.0,86,0.4186046511627907,-0.5116279069767442,0.9952973868433709,-0.018111711099175497,-0.04475652981856772,-2115.0,-2331.5,-0.14193548387096774,0.0,-249.0,470.0,0.27741935483870966,86,False,0,113,141,185,0.5967741935483871,0,0.0,0.0,0,0.0,0.0
invalidate_on_opposite_close_5m__buffer_0,MNQ,2023,140,-2312.0,178,2034.0,2549.0,140,0.45,14.528571428571428,1.157613328167377,0.6941649077367585,1.7323784405338445,-2312.0,-2312.0,6.561290322580645,0.0,-250.0,482.0,0.45161290322580644,140,False,0,96,157,178,0.5741935483870968,0,0.0,0.0,0,0.0,0.0
invalidate_on_opposite_close_5m__buffer_0,MNQ,2024,116,-1289.5,182,5228.0,5618.0,116,0.4827586206896552,45.06896551724138,1.5085108452485168,1.7537247454291516,5.241037507263343,-1289.5,-1289.5,16.702875399361023,0.0,-249.0,478.0,0.3706070287539936,116,True,0,115,140,182,0.5814696485623003,0,0.0,0.0,0,0.0,0.0
invalidate_on_opposite_close_5m__buffer_0,MNQ,2025,89,-1306.0,173,235.0,492.5,89,0.42696629213483145,2.640449438202247,1.0286340928475692,0.10427731295209396,0.20761153280141786,-1306.0,-1306.0,0.7532051282051282,0.0,-243.5,477.0,0.28525641025641024,89,False,0,106,147,173,0.5544871794871795,0,0.0,0.0,0,0.0,0.0
invalidate_on_opposite_close_5m__buffer_0,MNQ,2026,10,-453.0,32,578.5,603.5,10,0.6,57.85,1.6431350750416898,1.3123641437154243,6.449835130652496,-453.0,-453.0,8.507352941176471,0.0,-247.5,489.0,0.14705882352941177,10,False,0,19,36,32,0.47058823529411764,0,0.0,0.0,0,0.0,0.0
invalidate_on_opposite_close_5m__buffer_1,M2K,2019,87,-2556.499999999889,111,-896.4999999996905,428.50000000030946,87,0.4482758620689655,-10.304597701145868,0.8992130410343219,-0.46962834091807243,-0.9380042275339238,-2556.499999999889,-2556.499999999889,-4.330917874394641,0.0,-247.99999999999272,440.0,0.42028985507246375,87,False,0,71,97,111,0.5362318840579711,0,0.0,0.0,0,0.0,0.0
invalidate_on_opposite_close_5m__buffer_1,M2K,2020,130,-2173.9999999999527,172,360.5000000003437,1573.0000000003438,130,0.46923076923076923,2.7730769230795667,1.031182423665803,0.13352072622994846,0.2131633854477819,-2173.9999999999527,-2173.9999999999527,1.1554487179498187,0.0,-248.99999999999864,451.9999999999982,0.4166666666666667,130,False,0,108,147,172,0.5512820512820513,0,0.0,0.0,0,0.0,0.0
invalidate_on_opposite_close_5m__buffer_1,M2K,2021,135,-2192.499999999766,174,1517.0000000002497,2517.0000000002497,135,0.48148148148148145,11.237037037038887,1.1194347124355617,0.5103702478193316,1.211979752780388,-2192.499999999766,-2192.499999999766,4.877813504823954,0.0,-249.9999999999909,464.0000000000009,0.4340836012861736,135,True,0,111,142,174,0.5594855305466238,0,0.0,0.0,0,0.0,0.0
invalidate_on_opposite_close_5m__buffer_1,M2K,2022,123,-3452.4999999998904,184,-486.9999999997299,348.0000000002701,123,0.4634146341463415,-3.959349593493739,0.961431852379842,-0.17641018197410244,-0.4654633941443768,-3452.4999999998904,-3593.9999999998868,-1.5709677419346124,0.0,-249.99999999999432,447.00000000000273,0.3967741935483871,123,False,0,122,132,184,0.5935483870967742,0,0.0,0.0,0,0.0,0.0
invalidate_on_opposite_close_5m__buffer_1,M2K,2023,130,-4183.999999999896,164,-2781.9999999996808,-1659.4999999996812,130,0.45384615384615384,-21.399999999997544,0.779337695816005,-1.079207551710036,-1.9217358120310595,-4183.999999999896,-4183.999999999896,-8.974193548386067,0.0,-250.0,463.99999999999636,0.41935483870967744,130,False,0,108,143,164,0.5290322580645161,0,0.0,0.0,0,0.0,0.0
invalidate_on_opposite_close_5m__buffer_1,M2K,2024,123,-3674.49999999977,175,-569.9999999997019,377.5000000002981,123,0.45528455284552843,-4.634146341460991,0.9519048221744321,-0.209412452456548,-0.4520225415322787,-3674.49999999977,-3674.49999999977,-1.821086261979879,0.0,-248.99999999999636,444.00000000000546,0.3929712460063898,123,False,0,117,137,175,0.5591054313099042,0,0.0,0.0,0,0.0,0.0
invalidate_on_opposite_close_5m__buffer_1,M2K,2025,135,-3276.4999999997867,176,-2336.9999999996458,-1239.4999999996458,135,0.4222222222222222,-17.311111111108488,0.8448155649258133,-0.777063652632853,-2.052684240712021,-3276.4999999997867,-3437.9999999997763,-7.49038461538348,0.0,-250.0,455.99999999999454,0.4326923076923077,135,False,0,106,147,176,0.5641025641025641,0,0.0,0.0,0,0.0,0.0
invalidate_on_opposite_close_5m__buffer_1,M2K,2026,30,-1819.4999999999345,35,-713.4999999999332,-558.4999999999332,30,0.4666666666666667,-23.783333333331104,0.7418596237337378,-1.378890693132417,-2.6835440419334753,-1819.4999999999345,-1819.4999999999345,-10.492647058822547,0.0,-241.49999999999181,397.99999999999727,0.4411764705882353,30,False,0,21,34,35,0.5147058823529411,0,0.0,0.0,0,0.0,0.0
invalidate_on_opposite_close_5m__buffer_1,MES,2019,92,-3896.25,117,-2580.0,-1382.5,92,0.3804347826086957,-28.043478260869566,0.7636551013397458,-1.2661909510847071,-2.9906860636880572,-3896.25,-3896.25,-12.46376811594203,0.0,-250.0,412.5,0.4444444444444444,92,False,0,70,98,117,0.5652173913043478,0,0.0,0.0,0,0.0,0.0
invalidate_on_opposite_close_5m__buffer_1,MES,2020,134,-1637.5,180,900.0,2035.0,134,0.44776119402985076,6.7164179104477615,1.0629535717408412,0.28340847800191193,0.7505248279519878,-1637.5,-1637.5,2.8846153846153846,0.0,-250.0,455.0,0.42948717948717946,134,False,0,104,151,180,0.5769230769230769,0,0.0,0.0,0,0.0,0.0
invalidate_on_opposite_close_5m__buffer_1,MES,2021,141,-1203.75,166,5873.75,7221.25,141,0.5177304964539007,41.65780141843972,1.417911775168979,1.6783374743341406,6.359766557821266,-1203.75,-1203.75,18.886655948553056,0.0,-250.0,461.25,0.4533762057877814,141,True,0,100,153,166,0.5337620578778135,0,0.0,0.0,0,0.0,0.0
invalidate_on_opposite_close_5m__buffer_1,MES,2022,128,-2776.25,192,-710.0,-132.5,128,0.40625,-5.546875,0.9493490280007134,-0.24048747352671757,-0.8326689365536346,-2776.25,-2961.25,-2.2903225806451615,0.0,-250.0,472.5,0.4129032258064516,128,False,0,115,139,192,0.6193548387096774,0,0.0,0.0,0,0.0,0.0
invalidate_on_opposite_close_5m__buffer_1,MES,2023,143,-2761.25,177,2648.75,3823.75,143,0.4405594405594406,18.522727272727273,1.1639585267718973,0.7472499607837652,2.942840396099195,-2761.25,-2761.25,8.544354838709678,0.0,-250.0,461.25,0.4612903225806452,143,False,0,89,164,177,0.5709677419354838,0,0.0,0.0,0,0.0,0.0
invalidate_on_opposite_close_5m__buffer_1,MES,2024,128,-2312.5,196,457.5,1527.5,128,0.4140625,3.57421875,1.0289648622981957,0.13367342495301718,0.6835138054274223,-2312.5,-2312.5,1.461661341853035,0.0,-250.0,467.5,0.40894568690095845,128,False,0,115,140,196,0.6261980830670927,0,0.0,0.0,0,0.0,0.0
invalidate_on_opposite_close_5m__buffer_1,MES,2025,135,-2985.0,185,-1626.25,-846.25,135,0.37777777777777777,-12.046296296296296,0.8918806615141693,-0.5371966150835279,-1.2757582949178137,-2985.0,-2985.0,-5.212339743589744,0.0,-250.0,467.5,0.4326923076923077,135,False,0,103,150,185,0.592948717948718,0,0.0,0.0,0,0.0,0.0
invalidate_on_opposite_close_5m__buffer_1,MES,2026,31,-583.75,34,-260.0,-130.0,31,0.5483870967741935,-8.387096774193548,0.8889482114255206,-0.5186587783952628,-1.257030392239964,-583.75,-583.75,-3.823529411764706,0.0,-240.0,425.0,0.45588235294117646,31,False,0,17,38,34,0.5,0,0.0,0.0,0,0.0,0.0
invalidate_on_opposite_close_5m__buffer_1,MGC,2018,62,-3729.999999999445,111,-3943.499999999408,-2615.999999999408,62,0.3225806451612903,-63.60483870966787,0.5365767671426475,-2.237701553412494,-3.8168915859885066,-3729.999999999445,-3943.499999999408,-16.92489270386012,0.0,-249.99999999995453,423.50000000001273,0.26609442060085836,62,False,0,65,76,111,0.47639484978540775,0,0.0,0.0,0,0.0,0.0
invalidate_on_opposite_close_5m__buffer_1,MGC,2019,68,-2006.4999999997212,100,-318.9999999994552,811.0000000005448,68,0.4411764705882353,-4.691176470580224,0.9532189470597634,-0.16627321543134183,-0.22432367023566624,-2006.4999999997212,-2006.4999999997212,-1.2967479674774602,0.0,-248.49999999999682,450.0,0.2764227642276423,68,False,0,64,82,100,0.4065040650406504,0,0.0,0.0,0,0.0,0.0
invalidate_on_opposite_close_5m__buffer_1,MGC,2020,76,-1411.9999999999072,108,2059.0000000002533,2684.0000000002533,76,0.47368421052631576,27.092105263161226,1.287489528064829,0.9001195576094059,1.4710220883681242,-1411.9999999999072,-1411.9999999999072,7.250000000000892,0.0,-247.5,457.9999999999927,0.2676056338028169,76,False,0,68,88,108,0.38028169014084506,0,0.0,0.0,0,0.0,0.0
invalidate_on_opposite_close_5m__buffer_1,MGC,2021,63,-1698.4999999998104,115,-499.4999999996594,78.0000000003406,63,0.4603174603174603,-7.9285714285660225,0.9051822323463018,-0.2981903607521999,-0.30375851682766447,-1698.4999999998104,-1698.4999999998104,-1.7588028169002092,0.0,-248.4999999999809,415.5000000000109,0.22183098591549297,63,False,0,77,81,115,0.40492957746478875,0,0.0,0.0,0,0.0,0.0
invalidate_on_opposite_close_5m__buffer_1,MGC,2022,72,-3017.9999999998267,110,-283.9999999997417,341.0000000002583,72,0.4305555555555556,-3.944444444440857,0.9606620957130344,-0.14193267310399468,-0.2326998693414454,-3017.9999999998267,-3017.9999999998267,-1.0636704119840514,0.0,-242.99999999998363,457.9999999999927,0.2696629213483146,72,False,0,67,86,110,0.41198501872659177,0,0.0,0.0,0,0.0,0.0
invalidate_on_opposite_close_5m__buffer_1,MGC,2023,76,-6019.999999999689,114,-3489.9999999996476,-2679.9999999996476,76,0.35526315789473684,-45.92105263157431,0.6425279115026373,-1.6160426366485654,-3.2253324790798352,-6019.999999999689,-6019.999999999689,-12.644927536230608,0.0,-248.99999999999181,457.9999999999927,0.2753623188405797,76,False,0,63,88,114,0.41304347826086957,0,0.0,0.0,0,0.0,0.0
invalidate_on_opposite_close_5m__buffer_1,MGC,2024,76,-2188.9999999997326,112,-965.4999999995175,-357.9999999995175,76,0.40789473684210525,-12.703947368414704,0.8782394854657198,-0.45079853156141503,-0.7360719692492813,-2188.9999999997326,-2188.9999999997326,-3.3641114982561584,0.0,-248.99999999997817,463.4999999999809,0.26480836236933797,76,False,0,68,92,112,0.3902439024390244,0,0.0,0.0,0,0.0,0.0
invalidate_on_opposite_close_5m__buffer_1,MGC,2025,78,-1110.999999999949,110,3075.000000000041,3495.000000000041,78,0.47435897435897434,39.423076923077446,1.428123912286829,1.2444683072983302,2.5201057302595333,-1110.999999999949,-1110.999999999949,10.215946843853956,0.0,-241.49999999999181,468.9999999999782,0.2591362126245847,78,True,0,64,98,110,0.3654485049833887,0,0.0,0.0,0,0.0,0.0
invalidate_on_opposite_close_5m__buffer_1,MGC,2026,13,-957.5000000000546,29,-524.5000000001073,-487.0000000001073,13,0.3076923076923077,-40.3461538461621,0.7060801344914073,-1.1794247779576503,-5.571018689304101,-957.5000000000546,-957.5000000000546,-7.946969696971323,0.0,-245.0000000000182,360.4999999999927,0.19696969696969696,13,False,0,17,21,29,0.4393939393939394,0,0.0,0.0,0,0.0,0.0
invalidate_on_opposite_close_5m__buffer_1,MNQ,2019,87,-2000.0,115,113.5,843.5,87,0.42528735632183906,1.3045977011494252,1.0129079949960196,0.05742954232772471,0.1254267573185016,-2000.0,-2000.0,0.5483091787439613,0.0,-250.0,462.0,0.42028985507246375,87,False,0,72,96,115,0.5555555555555556,0,0.0,0.0,0,0.0,0.0
invalidate_on_opposite_close_5m__buffer_1,MNQ,2020,140,-1674.0,171,3070.5,3695.5,140,0.4714285714285714,21.932142857142857,1.2255895966497685,0.9681165009971717,3.3259921196875273,-1674.0,-1674.0,9.841346153846153,0.0,-249.5,476.0,0.44871794871794873,140,True,0,94,160,171,0.5480769230769231,0,0.0,0.0,0,0.0,0.0
invalidate_on_opposite_close_5m__buffer_1,MNQ,2021,131,-821.5,163,6272.0,6819.5,131,0.5648854961832062,47.87786259541985,1.6216671622559222,2.207524259607103,5.280345319718696,-821.5,-821.5,20.167202572347268,0.0,-249.0,464.0,0.4212218649517685,131,True,0,96,158,163,0.5241157556270096,0,0.0,0.0,0,0.0,0.0
invalidate_on_opposite_close_5m__buffer_1,MNQ,2022,86,-2115.0,185,-44.0,196.0,86,0.4186046511627907,-0.5116279069767442,0.9952973868433709,-0.018111711099175497,-0.04475652981856772,-2115.0,-2331.5,-0.14193548387096774,0.0,-249.0,470.0,0.27741935483870966,86,False,0,113,141,185,0.5967741935483871,0,0.0,0.0,0,0.0,0.0
invalidate_on_opposite_close_5m__buffer_1,MNQ,2023,141,-2312.0,177,2111.5,2629.0,141,0.45390070921985815,14.97517730496454,1.163618752421542,0.7203577293543248,1.7983859769848638,-2312.0,-2312.0,6.811290322580645,0.0,-250.0,482.0,0.45483870967741935,141,False,0,95,158,177,0.5709677419354838,0,0.0,0.0,0,0.0,0.0
invalidate_on_opposite_close_5m__buffer_1,MNQ,2024,116,-1289.5,182,5228.0,5618.0,116,0.4827586206896552,45.06896551724138,1.5085108452485168,1.7537247454291516,5.241037507263343,-1289.5,-1289.5,16.702875399361023,0.0,-249.0,478.0,0.3706070287539936,116,True,0,115,140,182,0.5814696485623003,0,0.0,0.0,0,0.0,0.0
invalidate_on_opposite_close_5m__buffer_1,MNQ,2025,89,-1306.0,173,235.0,492.5,89,0.42696629213483145,2.640449438202247,1.0286340928475692,0.10427731295209396,0.20761153280141786,-1306.0,-1306.0,0.7532051282051282,0.0,-243.5,477.0,0.28525641025641024,89,False,0,106,147,173,0.5544871794871795,0,0.0,0.0,0,0.0,0.0
invalidate_on_opposite_close_5m__buffer_1,MNQ,2026,10,-453.0,32,578.5,603.5,10,0.6,57.85,1.6431350750416898,1.3123641437154243,6.449835130652496,-453.0,-453.0,8.507352941176471,0.0,-247.5,489.0,0.14705882352941177,10,False,0,19,36,32,0.47058823529411764,0,0.0,0.0,0,0.0,0.0
invalidate_on_opposite_close_5m__buffer_2,M2K,2019,87,-2556.499999999889,110,-896.4999999996905,428.50000000030946,87,0.4482758620689655,-10.304597701145868,0.8992130410343219,-0.46962834091807243,-0.9380042275339238,-2556.499999999889,-2556.499999999889,-4.330917874394641,0.0,-247.99999999999272,440.0,0.42028985507246375,87,False,0,70,97,110,0.5314009661835749,0,0.0,0.0,0,0.0,0.0
invalidate_on_opposite_close_5m__buffer_2,M2K,2020,131,-2173.9999999999527,171,383.00000000034686,1603.000000000347,131,0.4732824427480916,2.9236641221400523,1.033128622091545,0.1418487451322487,0.22646761893619036,-2173.9999999999527,-2173.9999999999527,1.2275641025652142,0.0,-248.99999999999864,451.9999999999982,0.4198717948717949,131,False,0,107,148,171,0.5480769230769231,0,0.0,0.0,0,0.0,0.0
invalidate_on_opposite_close_5m__buffer_2,M2K,2021,137,-2192.499999999766,173,1199.5000000002606,2247.0000000002606,137,0.4744525547445255,8.755474452556646,1.092134572547837,0.40190099655952666,0.9605827779483435,-2192.499999999766,-2192.499999999766,3.856913183280582,0.0,-249.9999999999909,464.0000000000009,0.4405144694533762,137,True,0,109,144,173,0.5562700964630225,0,0.0,0.0,0,0.0,0.0
invalidate_on_opposite_close_5m__buffer_2,M2K,2022,123,-3452.4999999998904,184,-486.9999999997299,348.0000000002701,123,0.4634146341463415,-3.959349593493739,0.961431852379842,-0.17641018197410244,-0.4654633941443768,-3452.4999999998904,-3593.9999999998868,-1.5709677419346124,0.0,-249.99999999999432,447.00000000000273,0.3967741935483871,123,False,0,122,132,184,0.5935483870967742,0,0.0,0.0,0,0.0,0.0
invalidate_on_opposite_close_5m__buffer_2,M2K,2023,130,-4183.999999999896,163,-2781.9999999996808,-1659.4999999996812,130,0.45384615384615384,-21.399999999997544,0.779337695816005,-1.079207551710036,-1.9217358120310595,-4183.999999999896,-4183.999999999896,-8.974193548386067,0.0,-250.0,463.99999999999636,0.41935483870967744,130,False,0,107,143,163,0.5258064516129032,0,0.0,0.0,0,0.0,0.0
invalidate_on_opposite_close_5m__buffer_2,M2K,2024,126,-3658.4999999997663,172,-793.9999999996985,181.0000000003015,126,0.4523809523809524,-6.301587301584909,0.9343557521392487,-0.29032304890118554,-0.602988311074349,-3658.4999999997663,-3658.4999999997663,-2.5367412140565446,0.0,-248.99999999999636,444.00000000000546,0.402555910543131,126,False,0,113,140,172,0.549520766773163,0,0.0,0.0,0,0.0,0.0
invalidate_on_opposite_close_5m__buffer_2,M2K,2025,137,-3752.4999999997694,175,-2812.9999999996294,-1695.4999999996294,137,0.41605839416058393,-20.53284671532576,0.8189308358276391,-0.9286588271269343,-2.4836416965142103,-3752.4999999997694,-3913.999999999759,-9.016025641024452,0.0,-250.0,455.99999999999454,0.4391025641025641,137,False,0,104,149,175,0.5608974358974359,0,0.0,0.0,0,0.0,0.0
invalidate_on_opposite_close_5m__buffer_2,M2K,2026,30,-1819.4999999999345,35,-713.4999999999332,-558.4999999999332,30,0.4666666666666667,-23.783333333331104,0.7418596237337378,-1.378890693132417,-2.6835440419334753,-1819.4999999999345,-1819.4999999999345,-10.492647058822547,0.0,-241.49999999999181,397.99999999999727,0.4411764705882353,30,False,0,21,34,35,0.5147058823529411,0,0.0,0.0,0,0.0,0.0
invalidate_on_opposite_close_5m__buffer_2,MES,2019,93,-3876.25,114,-2560.0,-1352.5,93,0.3870967741935484,-27.526881720430108,0.7654872323371121,-1.2562640960804703,-2.967502450791251,-3876.25,-3876.25,-12.367149758454106,0.0,-250.0,412.5,0.4492753623188406,93,False,0,68,99,114,0.5507246376811594,0,0.0,0.0,0,0.0,0.0
invalidate_on_opposite_close_5m__buffer_2,MES,2020,138,-1851.25,177,68.75,1241.25,138,0.43478260869565216,0.49818840579710144,1.0045447033548174,0.021417380689998867,0.058562698654414186,-1851.25,-1851.25,0.2203525641025641,0.0,-250.0,455.0,0.4423076923076923,138,False,0,99,156,177,0.5673076923076923,0,0.0,0.0,0,0.0,0.0
invalidate_on_opposite_close_5m__buffer_2,MES,2021,142,-1421.25,165,5656.25,7011.25,142,0.5140845070422535,39.83274647887324,1.3963040812751795,1.6117004251546152,6.168586569022026,-1421.25,-1421.25,18.187299035369776,0.0,-250.0,461.25,0.4565916398713826,142,True,0,99,154,165,0.5305466237942122,0,0.0,0.0,0,0.0,0.0
invalidate_on_opposite_close_5m__buffer_2,MES,2022,129,-2776.25,191,-552.5,30.0,129,0.4108527131782946,-4.282945736434108,0.9605849830568932,-0.18680474488054447,-0.6479571654167368,-2776.25,-2961.25,-1.782258064516129,0.0,-250.0,472.5,0.4161290322580645,129,False,0,115,139,191,0.6161290322580645,0,0.0,0.0,0,0.0,0.0
invalidate_on_opposite_close_5m__buffer_2,MES,2023,144,-2573.75,176,2836.25,4016.25,144,0.4444444444444444,19.696180555555557,1.1755648406066233,0.7989021661727258,3.151158498701781,-2573.75,-2573.75,9.149193548387096,0.0,-250.0,461.25,0.4645161290322581,144,False,0,89,164,176,0.567741935483871,0,0.0,0.0,0,0.0,0.0
invalidate_on_opposite_close_5m__buffer_2,MES,2024,130,-2451.25,195,583.75,1686.25,130,0.4153846153846154,4.490384615384615,1.036393391521197,0.16880366505039032,0.8720570718430237,-2451.25,-2451.25,1.8650159744408945,0.0,-250.0,467.5,0.41533546325878595,130,False,0,113,142,195,0.6230031948881789,0,0.0,0.0,0,0.0,0.0
invalidate_on_opposite_close_5m__buffer_2,MES,2025,137,-3225.0,185,-2036.25,-1243.75,137,0.3722627737226277,-14.863138686131387,0.8682145457487258,-0.6689502373588985,-1.6077583234219026,-3225.0,-3225.0,-6.5264423076923075,0.0,-250.0,467.5,0.4391025641025641,137,False,0,101,152,185,0.592948717948718,0,0.0,0.0,0,0.0,0.0
invalidate_on_opposite_close_5m__buffer_2,MES,2026,31,-583.75,34,-260.0,-130.0,31,0.5483870967741935,-8.387096774193548,0.8889482114255206,-0.5186587783952628,-1.257030392239964,-583.75,-583.75,-3.823529411764706,0.0,-240.0,425.0,0.45588235294117646,31,False,0,17,38,34,0.5,0,0.0,0.0,0,0.0,0.0
invalidate_on_opposite_close_5m__buffer_2,MGC,2018,64,-3687.9999999994106,109,-3901.4999999993734,-2543.9999999993734,64,0.34375,-60.96093749999021,0.5415124272871962,-2.212964630666023,-3.776240020979841,-3687.9999999994106,-3901.4999999993734,-16.744635193130357,0.0,-249.99999999995453,423.50000000001273,0.27467811158798283,64,False,0,63,78,109,0.4678111587982833,0,0.0,0.0,0,0.0,0.0
invalidate_on_opposite_close_5m__buffer_2,MGC,2019,68,-2006.4999999997212,100,-318.9999999994552,811.0000000005448,68,0.4411764705882353,-4.691176470580224,0.9532189470597634,-0.16627321543134183,-0.22432367023566624,-2006.4999999997212,-2006.4999999997212,-1.2967479674774602,0.0,-248.49999999999682,450.0,0.2764227642276423,68,False,0,63,83,100,0.4065040650406504,0,0.0,0.0,0,0.0,0.0
invalidate_on_opposite_close_5m__buffer_2,MGC,2020,79,-1411.9999999999072,105,2610.500000000261,3258.000000000261,79,0.4936708860759494,33.044303797471656,1.3644931583357063,1.1236395525825738,1.865033104266586,-1411.9999999999072,-1411.9999999999072,9.191901408451624,0.0,-247.5,457.9999999999927,0.27816901408450706,79,True,0,65,91,105,0.36971830985915494,0,0.0,0.0,0,0.0,0.0
invalidate_on_opposite_close_5m__buffer_2,MGC,2021,65,-1826.499999999794,114,-837.499999999643,-229.99999999964302,65,0.4461538461538462,-12.884615384609893,0.8506064930432249,-0.4938100533751362,-0.5175043352149719,-1826.499999999794,-1826.499999999794,-2.9489436619705742,0.0,-248.4999999999809,415.5000000000109,0.22887323943661972,65,False,0,75,83,114,0.4014084507042254,0,0.0,0.0,0,0.0,0.0
invalidate_on_opposite_close_5m__buffer_2,MGC,2022,74,-3487.499999999816,110,-753.4999999997308,-105.99999999973079,74,0.4189189189189189,-10.182432432428794,0.9020028612303616,-0.37126863890612927,-0.6224192322833502,-3487.499999999816,-3487.499999999816,-2.8220973782761454,0.0,-247.4999999999909,457.9999999999927,0.27715355805243447,74,False,0,64,89,110,0.41198501872659177,0,0.0,0.0,0,0.0,0.0
invalidate_on_opposite_close_5m__buffer_2,MGC,2023,76,-6019.999999999689,114,-3489.9999999996476,-2679.9999999996476,76,0.35526315789473684,-45.92105263157431,0.6425279115026373,-1.6160426366485654,-3.2253324790798352,-6019.999999999689,-6019.999999999689,-12.644927536230608,0.0,-248.99999999999181,457.9999999999927,0.2753623188405797,76,False,0,63,88,114,0.41304347826086957,0,0.0,0.0,0,0.0,0.0
invalidate_on_opposite_close_5m__buffer_2,MGC,2024,77,-2242.4999999996226,112,-1158.999999999512,-543.999999999512,77,0.4025974025974026,-15.051948051941714,0.8573187246091863,-0.5387420389602491,-0.892804155235101,-2242.4999999996226,-2242.4999999996226,-4.038327526130704,0.0,-248.99999999997817,463.4999999999809,0.2682926829268293,77,False,0,67,93,112,0.3902439024390244,0,0.0,0.0,0,0.0,0.0
invalidate_on_opposite_close_5m__buffer_2,MGC,2025,79,-1110.999999999949,108,3142.500000000032,3565.000000000032,79,0.4810126582278481,39.77848101265863,1.4375217542638554,1.2713927324804981,2.575425124338393,-1110.999999999949,-1110.999999999949,10.440199335548279,0.0,-241.49999999999181,468.9999999999782,0.26245847176079734,79,True,0,63,99,108,0.3588039867109635,0,0.0,0.0,0,0.0,0.0
invalidate_on_opposite_close_5m__buffer_2,MGC,2026,13,-957.5000000000546,29,-524.5000000001073,-487.0000000001073,13,0.3076923076923077,-40.3461538461621,0.7060801344914073,-1.1794247779576503,-5.571018689304101,-957.5000000000546,-957.5000000000546,-7.946969696971323,0.0,-245.0000000000182,360.4999999999927,0.19696969696969696,13,False,0,17,21,29,0.4393939393939394,0,0.0,0.0,0,0.0,0.0
invalidate_on_opposite_close_5m__buffer_2,MNQ,2019,88,-2215.0,115,-101.5,633.5,88,0.42045454545454547,-1.1534090909090908,0.9887322380106572,-0.051109802981350226,-0.11293023809449519,-2215.0,-2215.0,-0.49033816425120774,0.0,-250.0,462.0,0.4251207729468599,88,False,0,72,96,115,0.5555555555555556,0,0.0,0.0,0,0.0,0.0
invalidate_on_opposite_close_5m__buffer_2,MNQ,2020,140,-1674.0,170,3070.5,3695.5,140,0.4714285714285714,21.932142857142857,1.2255895966497685,0.9681165009971717,3.3259921196875273,-1674.0,-1674.0,9.841346153846153,0.0,-249.5,476.0,0.44871794871794873,140,True,0,94,160,170,0.5448717948717948,0,0.0,0.0,0,0.0,0.0
invalidate_on_opposite_close_5m__buffer_2,MNQ,2021,133,-821.5,163,5804.0,6366.5,133,0.556390977443609,43.6390977443609,1.5497773988822583,2.023109694294151,4.895219939404218,-821.5,-821.5,18.662379421221864,0.0,-249.0,464.0,0.42765273311897106,133,True,0,95,159,163,0.5241157556270096,0,0.0,0.0,0,0.0,0.0
invalidate_on_opposite_close_5m__buffer_2,MNQ,2022,86,-2115.0,185,-44.0,196.0,86,0.4186046511627907,-0.5116279069767442,0.9952973868433709,-0.018111711099175497,-0.04475652981856772,-2115.0,-2331.5,-0.14193548387096774,0.0,-249.0,470.0,0.27741935483870966,86,False,0,113,141,185,0.5967741935483871,0,0.0,0.0,0,0.0,0.0
invalidate_on_opposite_close_5m__buffer_2,MNQ,2023,141,-2312.0,177,2111.5,2629.0,141,0.45390070921985815,14.97517730496454,1.163618752421542,0.7203577293543248,1.7983859769848638,-2312.0,-2312.0,6.811290322580645,0.0,-250.0,482.0,0.45483870967741935,141,False,0,95,158,177,0.5709677419354838,0,0.0,0.0,0,0.0,0.0
invalidate_on_opposite_close_5m__buffer_2,MNQ,2024,116,-1289.5,182,5228.0,5618.0,116,0.4827586206896552,45.06896551724138,1.5085108452485168,1.7537247454291516,5.241037507263343,-1289.5,-1289.5,16.702875399361023,0.0,-249.0,478.0,0.3706070287539936,116,True,0,115,140,182,0.5814696485623003,0,0.0,0.0,0,0.0,0.0
invalidate_on_opposite_close_5m__buffer_2,MNQ,2025,89,-1306.0,172,235.0,492.5,89,0.42696629213483145,2.640449438202247,1.0286340928475692,0.10427731295209396,0.20761153280141786,-1306.0,-1306.0,0.7532051282051282,0.0,-243.5,477.0,0.28525641025641024,89,False,0,106,147,172,0.5512820512820513,0,0.0,0.0,0,0.0,0.0
invalidate_on_opposite_close_5m__buffer_2,MNQ,2026,10,-453.0,32,578.5,603.5,10,0.6,57.85,1.6431350750416898,1.3123641437154243,6.449835130652496,-453.0,-453.0,8.507352941176471,0.0,-247.5,489.0,0.14705882352941177,10,False,0,19,36,32,0.47058823529411764,0,0.0,0.0,0,0.0,0.0
invalidate_on_opposite_close_5m__buffer_4,M2K,2019,90,-2559.49999999988,108,-1127.4999999996783,245.00000000032173,90,0.4444444444444444,-12.527777777774203,0.8779497726781013,-0.5856745753930029,-1.1885671949967562,-2559.49999999988,-2559.49999999988,-5.446859903380088,0.0,-247.99999999999272,440.0,0.43478260869565216,90,False,0,66,101,108,0.5217391304347826,0,0.0,0.0,0,0.0,0.0
invalidate_on_opposite_close_5m__buffer_4,M2K,2020,132,-2173.9999999999527,169,135.50000000035027,1368.0000000003502,132,0.4696969696969697,1.026515151517805,1.0114747851124488,0.049923347467721764,0.08020648800778296,-2173.9999999999527,-2173.9999999999527,0.43429487179599446,0.0,-248.99999999999864,451.9999999999982,0.4230769230769231,132,False,0,105,149,169,0.5416666666666666,0,0.0,0.0,0,0.0,0.0
invalidate_on_opposite_close_5m__buffer_4,M2K,2021,138,-2192.499999999766,172,1595.5000000002415,2658.0000000002415,138,0.4782608695652174,11.5615942029003,1.122551655273084,0.5289969270790345,1.2777072298595094,-2192.499999999766,-2192.499999999766,5.13022508038663,0.0,-249.9999999999909,464.0000000000009,0.4437299035369775,138,True,0,108,145,172,0.5530546623794212,0,0.0,0.0,0,0.0,0.0
invalidate_on_opposite_close_5m__buffer_4,M2K,2022,125,-3452.4999999998904,182,-641.4999999997258,208.5000000002742,125,0.464,-5.131999999997806,0.9501088816301344,-0.2312838068014435,-0.6152449239794983,-3452.4999999998904,-3593.9999999998868,-2.0693548387087914,0.0,-249.99999999999432,447.00000000000273,0.4032258064516129,125,False,0,120,134,182,0.5870967741935483,0,0.0,0.0,0,0.0,0.0
invalidate_on_opposite_close_5m__buffer_4,M2K,2023,131,-4183.999999999896,161,-3009.999999999678,-1877.4999999996785,131,0.45038167938931295,-22.977099236638765,0.765494137353456,-1.1625304263864233,-2.087127138090602,-4183.999999999896,-4183.999999999896,-9.7096774193538,0.0,-250.0,463.99999999999636,0.42258064516129035,131,False,0,105,144,161,0.5193548387096775,0,0.0,0.0,0,0.0,0.0
invalidate_on_opposite_close_5m__buffer_4,M2K,2024,128,-3936.499999999759,169,-1071.9999999996912,-79.49999999969123,128,0.4453125,-8.374999999997588,0.9133632359478145,-0.3900920644609078,-0.7956567470696587,-3936.499999999759,-3936.499999999759,-3.4249201277945414,0.0,-248.99999999999636,444.00000000000546,0.40894568690095845,128,False,0,110,142,169,0.5399361022364217,0,0.0,0.0,0,0.0,0.0
invalidate_on_opposite_close_5m__buffer_4,M2K,2025,139,-3842.49999999962,172,-2961.4999999996235,-1828.9999999996235,139,0.41007194244604317,-21.305755395680745,0.8111769956643897,-0.976698796258777,-2.4894648126635754,-3842.49999999962,-4003.9999999996094,-9.491987179485973,0.0,-250.0,455.99999999999454,0.44551282051282054,139,False,0,101,152,172,0.5512820512820513,0,0.0,0.0,0,0.0,0.0
invalidate_on_opposite_close_5m__buffer_4,M2K,2026,30,-1819.4999999999345,34,-713.4999999999332,-558.4999999999332,30,0.4666666666666667,-23.783333333331104,0.7418596237337378,-1.378890693132417,-2.6835440419334753,-1819.4999999999345,-1819.4999999999345,-10.492647058822547,0.0,-241.49999999999181,397.99999999999727,0.4411764705882353,30,False,0,21,34,34,0.5,0,0.0,0.0,0,0.0,0.0
invalidate_on_opposite_close_5m__buffer_4,MES,2019,98,-3721.25,110,-2405.0,-1127.5,98,0.3979591836734694,-24.540816326530614,0.7879188712522046,-1.1520197349489005,-2.830693413168387,-3721.25,-3721.25,-11.618357487922705,0.0,-250.0,412.5,0.47342995169082125,98,False,0,62,104,110,0.5314009661835749,0,0.0,0.0,0,0.0,0.0
invalidate_on_opposite_close_5m__buffer_4,MES,2020,142,-1851.25,174,-547.5,667.5,142,0.4295774647887324,-3.8556338028169015,0.9653973771527887,-0.16887742226849312,-0.47142844254047095,-1851.25,-1851.25,-1.7548076923076923,0.0,-250.0,455.0,0.4551282051282051,142,False,0,95,160,174,0.5576923076923077,0,0.0,0.0,0,0.0,0.0
invalidate_on_opposite_close_5m__buffer_4,MES,2021,145,-1421.25,162,5311.25,6698.75,145,0.5103448275862069,36.62931034482759,1.3611252762196158,1.5047513754963575,5.872467161690089,-1421.25,-1421.25,17.077974276527332,0.0,-250.0,461.25,0.4662379421221865,145,True,0,96,156,162,0.5209003215434084,0,0.0,0.0,0,0.0,0.0
invalidate_on_opposite_close_5m__buffer_4,MES,2022,132,-2552.5,187,-213.75,391.25,132,0.4166666666666667,-1.6193181818181819,0.9849643893431812,-0.07121768556985764,-0.25214830474953775,-2552.5,-2737.5,-0.6895161290322581,0.0,-250.0,472.5,0.4258064516129032,132,False,0,112,142,187,0.603225806451613,0,0.0,0.0,0,0.0,0.0
invalidate_on_opposite_close_5m__buffer_4,MES,2023,148,-2803.75,174,2123.75,3338.75,148,0.43243243243243246,14.349662162162161,1.1259078108789091,0.593373201594389,2.216507875037795,-2803.75,-2803.75,6.850806451612903,0.0,-250.0,461.25,0.4774193548387097,148,False,0,85,168,174,0.5612903225806452,0,0.0,0.0,0,0.0,0.0
invalidate_on_opposite_close_5m__buffer_4,MES,2024,136,-2551.25,192,631.25,1791.25,136,0.41911764705882354,4.641544117647059,1.0378844711177795,0.1794931112396855,0.9585863643012581,-2551.25,-2551.25,2.0167731629392973,0.0,-250.0,467.5,0.43450479233226835,136,False,0,108,147,192,0.6134185303514377,0,0.0,0.0,0,0.0,0.0
invalidate_on_opposite_close_5m__buffer_4,MES,2025,141,-3663.75,182,-2246.25,-1421.25,141,0.36879432624113473,-15.930851063829786,0.8601991597946165,-0.7239930558327106,-1.7935223141837005,-3663.75,-3663.75,-7.199519230769231,0.0,-250.0,467.5,0.4519230769230769,141,False,0,97,156,182,0.5833333333333334,0,0.0,0.0,0,0.0,0.0
invalidate_on_opposite_close_5m__buffer_4,MES,2026,31,-583.75,34,-260.0,-130.0,31,0.5483870967741935,-8.387096774193548,0.8889482114255206,-0.5186587783952628,-1.257030392239964,-583.75,-583.75,-3.823529411764706,0.0,-240.0,425.0,0.45588235294117646,31,False,0,17,38,34,0.5,0,0.0,0.0,0,0.0,0.0
invalidate_on_opposite_close_5m__buffer_4,MGC,2018,67,-3852.4999999993884,102,-4065.999999999351,-2670.999999999351,67,0.34328358208955223,-60.68656716416942,0.5379545454545919,-2.2847019730332154,-3.867783714908353,-3852.4999999993884,-4065.999999999351,-17.45064377682125,0.0,-249.99999999995453,423.50000000001273,0.2875536480686695,67,False,0,60,81,102,0.43776824034334766,0,0.0,0.0,0,0.0,0.0
invalidate_on_opposite_close_5m__buffer_4,MGC,2019,72,-1674.499999999714,95,338.5000000005766,1536.0000000005766,72,0.4444444444444444,4.701388888896897,1.0487963096440243,0.16961865093065018,0.23410528366484418,-1674.499999999714,-1674.499999999714,1.3760162601649457,0.0,-248.49999999999682,450.0,0.2926829268292683,72,False,0,60,86,95,0.3861788617886179,0,0.0,0.0,0,0.0,0.0
invalidate_on_opposite_close_5m__buffer_4,MGC,2020,82,-1607.4999999998886,102,2712.000000000296,3437.000000000296,82,0.5,33.073170731710924,1.366907934790011,1.1506164849123275,1.951746313862983,-1607.4999999998886,-1607.4999999998886,9.549295774648929,0.0,-247.5,457.9999999999927,0.2887323943661972,82,True,0,62,94,102,0.3591549295774648,0,0.0,0.0,0,0.0,0.0
invalidate_on_opposite_close_5m__buffer_4,MGC,2021,68,-1992.999999999813,112,-912.9999999996312,-257.9999999996312,68,0.4411764705882353,-13.42647058822987,0.8487659433494,-0.5165211295133844,-0.5718831323423282,-1992.999999999813,-1992.999999999813,-3.2147887323930675,0.0,-248.4999999999809,415.5000000000109,0.23943661971830985,68,False,0,72,86,112,0.39436619718309857,0,0.0,0.0,0,0.0,0.0
invalidate_on_opposite_close_5m__buffer_4,MGC,2022,75,-3487.499999999816,109,-999.4999999997253,-321.99999999972533,75,0.41333333333333333,-13.326666666663005,0.8740390674228418,-0.4887901836016341,-0.8270210280892732,-3487.499999999816,-3487.499999999816,-3.7434456928828665,0.0,-247.4999999999909,457.9999999999927,0.2808988764044944,75,False,0,63,90,109,0.40823970037453183,0,0.0,0.0,0,0.0,0.0
invalidate_on_opposite_close_5m__buffer_4,MGC,2023,80,-5932.9999999997035,110,-3003.9999999996576,-2148.9999999996576,80,0.3625,-37.54999999999572,0.7013471193518171,-1.3343882666647087,-2.736753326519839,-5932.9999999997035,-5932.9999999997035,-10.884057971013252,0.0,-248.99999999999181,457.9999999999927,0.2898550724637681,80,False,0,61,90,110,0.39855072463768115,0,0.0,0.0,0,0.0,0.0
invalidate_on_opposite_close_5m__buffer_4,MGC,2024,79,-1870.499999999688,109,-795.9999999995739,-155.9999999995739,79,0.4050632911392405,-10.075949367083213,0.9021151008362494,-0.36375340120935523,-0.5867360835927797,-1870.499999999688,-1870.499999999688,-2.7735191637615815,0.0,-248.99999999997817,463.4999999999809,0.27526132404181186,79,False,0,66,94,109,0.3797909407665505,0,0.0,0.0,0,0.0,0.0
invalidate_on_opposite_close_5m__buffer_4,MGC,2025,79,-1110.999999999949,108,3142.500000000032,3565.000000000032,79,0.4810126582278481,39.77848101265863,1.4375217542638554,1.2713927324804981,2.575425124338393,-1110.999999999949,-1110.999999999949,10.440199335548279,0.0,-241.49999999999181,468.9999999999782,0.26245847176079734,79,True,0,63,99,108,0.3588039867109635,0,0.0,0.0,0,0.0,0.0
invalidate_on_opposite_close_5m__buffer_4,MGC,2026,13,-957.5000000000546,29,-524.5000000001073,-487.0000000001073,13,0.3076923076923077,-40.3461538461621,0.7060801344914073,-1.1794247779576503,-5.571018689304101,-957.5000000000546,-957.5000000000546,-7.946969696971323,0.0,-245.0000000000182,360.4999999999927,0.19696969696969696,13,False,0,17,21,29,0.4393939393939394,0,0.0,0.0,0,0.0,0.0
invalidate_on_opposite_close_5m__buffer_4,MNQ,2019,89,-2215.0,115,-349.5,405.5,89,0.4157303370786517,-3.9269662921348316,0.9622407087294728,-0.1748821491903497,-0.38866545215008136,-2215.0,-2215.0,-1.6884057971014492,0.0,-250.0,462.0,0.42995169082125606,89,False,0,71,97,115,0.5555555555555556,0,0.0,0.0,0,0.0,0.0
invalidate_on_opposite_close_5m__buffer_4,MNQ,2020,142,-1755.0,169,2989.5,3627.0,142,0.47183098591549294,21.052816901408452,1.2157393375189436,0.9374390218762133,3.2227602255335857,-1755.0,-1755.0,9.58173076923077,0.0,-249.5,476.0,0.4551282051282051,142,True,0,92,162,169,0.5416666666666666,0,0.0,0.0,0,0.0,0.0
invalidate_on_opposite_close_5m__buffer_4,MNQ,2021,134,-821.5,163,5646.5,6211.5,134,0.5522388059701493,42.13805970149254,1.5269961267441319,1.9637088823958133,4.7975592302254135,-821.5,-821.5,18.155948553054664,0.0,-249.0,464.0,0.43086816720257237,134,True,0,95,159,163,0.5241157556270096,0,0.0,0.0,0,0.0,0.0
invalidate_on_opposite_close_5m__buffer_4,MNQ,2022,86,-2115.0,185,-44.0,196.0,86,0.4186046511627907,-0.5116279069767442,0.9952973868433709,-0.018111711099175497,-0.04475652981856772,-2115.0,-2331.5,-0.14193548387096774,0.0,-249.0,470.0,0.27741935483870966,86,False,0,113,141,185,0.5967741935483871,0,0.0,0.0,0,0.0,0.0
invalidate_on_opposite_close_5m__buffer_4,MNQ,2023,142,-2312.0,176,2063.5,2596.0,142,0.4507042253521127,14.53169014084507,1.1593067243109705,0.7038334383483288,1.7256507176470686,-2312.0,-2312.0,6.656451612903226,0.0,-250.0,482.0,0.45806451612903226,142,False,0,94,159,176,0.567741935483871,0,0.0,0.0,0,0.0,0.0
invalidate_on_opposite_close_5m__buffer_4,MNQ,2024,117,-1289.5,181,5018.0,5413.0,117,0.47863247863247865,42.888888888888886,1.4783147459727386,1.6773162485930913,5.048168612644123,-1289.5,-1289.5,16.031948881789138,0.0,-249.0,478.0,0.3738019169329074,117,True,0,114,141,181,0.5782747603833865,0,0.0,0.0,0,0.0,0.0
invalidate_on_opposite_close_5m__buffer_4,MNQ,2025,89,-1306.0,171,235.0,492.5,89,0.42696629213483145,2.640449438202247,1.0286340928475692,0.10427731295209396,0.20761153280141786,-1306.0,-1306.0,0.7532051282051282,0.0,-243.5,477.0,0.28525641025641024,89,False,0,106,147,171,0.5480769230769231,0,0.0,0.0,0,0.0,0.0
invalidate_on_opposite_close_5m__buffer_4,MNQ,2026,10,-453.0,32,578.5,603.5,10,0.6,57.85,1.6431350750416898,1.3123641437154243,6.449835130652496,-453.0,-453.0,8.507352941176471,0.0,-247.5,489.0,0.14705882352941177,10,False,0,19,36,32,0.47058823529411764,0,0.0,0.0,0,0.0,0.0
invalidate_on_opposite_n_closes_1m__buffer_0__confirm_2,M2K,2019,85,-2314.9999999998945,111,-762.9999999997062,524.5000000002935,85,0.4470588235294118,-8.976470588231837,0.9118275842145122,-0.4028360190195422,-0.7949495392257399,-2314.9999999998945,-2314.9999999998945,-3.685990338162832,0.0,-247.99999999999272,440.0,0.4106280193236715,85,False,0,72,95,111,0.5362318840579711,0,0.0,0.0,0,0.0,0.0
invalidate_on_opposite_n_closes_1m__buffer_0__confirm_2,M2K,2020,127,-2381.99999999995,175,300.0000000003371,1480.0000000003374,127,0.4645669291338583,2.362204724412103,1.0261210274271086,0.11134203894317718,0.178668427459261,-2381.99999999995,-2381.99999999995,0.9615384615395419,0.0,-248.99999999999864,451.9999999999982,0.40705128205128205,127,False,0,110,144,175,0.5608974358974359,0,0.0,0.0,0,0.0,0.0
invalidate_on_opposite_n_closes_1m__buffer_0__confirm_2,M2K,2021,127,-2532.9999999997835,180,1038.0000000002576,1973.0000000002574,127,0.48031496062992124,8.173228346458721,1.0851762195872716,0.36107331079891447,0.8877427883346632,-2532.9999999997835,-2532.9999999997835,3.337620578778964,0.0,-247.99999999995634,464.0000000000009,0.40836012861736337,127,True,0,118,135,180,0.5787781350482315,0,0.0,0.0,0,0.0,0.0
invalidate_on_opposite_n_closes_1m__buffer_0__confirm_2,M2K,2022,121,-3452.4999999998904,183,-79.49999999973102,743.000000000269,121,0.47107438016528924,-0.6570247933862068,0.9934940054830613,-0.02899428478390184,-0.07515108522577094,-3452.4999999998904,-3593.9999999998868,-0.2564516129023574,0.0,-249.99999999999432,447.00000000000273,0.3903225806451613,121,False,0,124,130,183,0.5903225806451613,0,0.0,0.0,0,0.0,0.0
invalidate_on_opposite_n_closes_1m__buffer_0__confirm_2,M2K,2023,127,-4143.499999999898,170,-2889.4999999996903,-1794.49999999969,127,0.44881889763779526,-22.75196850393457,0.7700724118723857,-1.122463921819428,-2.032135037684675,-4143.499999999898,-4143.499999999898,-9.320967741934483,0.0,-250.0,463.99999999999636,0.4096774193548387,127,False,0,110,140,170,0.5483870967741935,0,0.0,0.0,0,0.0,0.0
invalidate_on_opposite_n_closes_1m__buffer_0__confirm_2,M2K,2024,120,-3402.4999999997735,178,-369.99999999970896,557.500000000291,120,0.4583333333333333,-3.083333333330908,0.9680469795759991,-0.1366825440355917,-0.3043838376864445,-3402.4999999997735,-3402.4999999997735,-1.1821086261971532,0.0,-248.99999999999636,444.00000000000546,0.38338658146964855,120,False,0,120,134,178,0.5686900958466453,0,0.0,0.0,0,0.0,0.0
invalidate_on_opposite_n_closes_1m__buffer_0__confirm_2,M2K,2025,134,-3845.999999999632,179,-2964.999999999636,-1872.4999999996362,134,0.41044776119402987,-22.126865671639077,0.8061711446689073,-0.9885565737860381,-2.61121953297736,-3845.999999999632,-4007.4999999996217,-9.503205128203962,0.0,-250.0,455.99999999999454,0.42948717948717946,134,False,0,109,144,179,0.5737179487179487,0,0.0,0.0,0,0.0,0.0
invalidate_on_opposite_n_closes_1m__buffer_0__confirm_2,M2K,2026,28,-1429.4999999999436,36,-323.49999999994225,-178.49999999994225,28,0.5,-11.553571428569366,0.8637320977253794,-0.6489557747583509,-1.1607778136649827,-1429.4999999999436,-1429.4999999999436,-4.757352941175621,0.0,-241.49999999999181,397.99999999999727,0.4117647058823529,28,False,0,24,31,36,0.5294117647058824,0,0.0,0.0,0,0.0,0.0
invalidate_on_opposite_n_closes_1m__buffer_0__confirm_2,MES,2019,86,-3931.25,121,-2615.0,-1522.5,86,0.38372093023255816,-30.406976744186046,0.7419514000246701,-1.352580346306927,-3.0206550717561376,-3931.25,-3931.25,-12.632850241545894,0.0,-250.0,412.5,0.41545893719806765,86,False,0,76,92,121,0.5845410628019324,0,0.0,0.0,0,0.0,0.0
invalidate_on_opposite_n_closes_1m__buffer_0__confirm_2,MES,2020,132,-1835.0,183,912.5,1992.5,132,0.45454545454545453,6.912878787878788,1.0652426490302975,0.2912698934580073,0.8076865345839368,-1835.0,-1835.0,2.9246794871794872,0.0,-250.0,455.0,0.4230769230769231,132,False,0,106,149,183,0.5865384615384616,0,0.0,0.0,0,0.0,0.0
invalidate_on_opposite_n_closes_1m__buffer_0__confirm_2,MES,2021,136,-1262.5,173,5690.0,6980.0,136,0.5220588235294118,41.838235294117645,1.4234024741884477,1.6633026385860135,6.056065598736744,-1262.5,-1262.5,18.29581993569132,0.0,-250.0,461.25,0.43729903536977494,136,True,0,104,149,173,0.5562700964630225,0,0.0,0.0,0,0.0,0.0
invalidate_on_opposite_n_closes_1m__buffer_0__confirm_2,MES,2022,123,-2605.0,195,-415.0,142.5,123,0.3983739837398374,-3.3739837398373984,0.9694796837653981,-0.14113914128731592,-0.48249351504738003,-2605.0,-2790.0,-1.3387096774193548,0.0,-250.0,472.5,0.3967741935483871,123,False,0,121,133,195,0.6290322580645161,0,0.0,0.0,0,0.0,0.0
invalidate_on_opposite_n_closes_1m__buffer_0__confirm_2,MES,2023,137,-2551.25,184,2287.5,3422.5,137,0.43795620437956206,16.697080291970803,1.1464351444346643,0.660054623291576,2.6106072030769494,-2551.25,-2551.25,7.379032258064516,0.0,-250.0,461.25,0.44193548387096776,137,False,0,96,157,184,0.5935483870967742,0,0.0,0.0,0,0.0,0.0
invalidate_on_opposite_n_closes_1m__buffer_0__confirm_2,MES,2024,118,-1936.25,202,1520.0,2485.0,118,0.423728813559322,12.88135593220339,1.1067228365806565,0.45477431909278054,2.2389332500151453,-1936.25,-1936.25,4.856230031948882,0.0,-250.0,467.5,0.3769968051118211,118,False,0,124,131,202,0.645367412140575,0,0.0,0.0,0,0.0,0.0
invalidate_on_opposite_n_closes_1m__buffer_0__confirm_2,MES,2025,132,-3182.5,189,-2121.25,-1358.75,132,0.3712121212121212,-16.070075757575758,0.8591818106381213,-0.7072331512027383,-1.704232877376681,-3182.5,-3182.5,-6.798878205128205,0.0,-250.0,467.5,0.4230769230769231,132,False,0,107,146,189,0.6057692307692307,0,0.0,0.0,0,0.0,0.0
invalidate_on_opposite_n_closes_1m__buffer_0__confirm_2,MES,2026,30,-583.75,34,-57.5,65.0,30,0.5666666666666667,-1.9166666666666667,0.973115137346581,-0.11725306689734905,-0.2735564985243025,-583.75,-583.75,-0.8455882352941176,0.0,-240.0,425.0,0.4411764705882353,30,False,0,18,37,34,0.5,0,0.0,0.0,0,0.0,0.0
invalidate_on_opposite_n_closes_1m__buffer_0__confirm_2,MGC,2018,57,-3186.9999999995093,112,-3400.499999999472,-2182.999999999472,57,0.3333333333333333,-59.657894736832844,0.5712664691420707,-1.959528636740734,-3.5824850762599696,-3186.9999999995093,-3400.499999999472,-14.594420600856104,0.0,-249.99999999995453,423.50000000001273,0.2446351931330472,57,False,0,65,74,112,0.48068669527896996,0,0.0,0.0,0,0.0,0.0
invalidate_on_opposite_n_closes_1m__buffer_0__confirm_2,MGC,2019,66,-2021.4999999996235,103,-639.9999999994498,445.00000000055024,66,0.4393939393939394,-9.69696969696136,0.9058546631362924,-0.33896504883818496,-0.46314351644973145,-2021.4999999996235,-2021.4999999996235,-2.6016260162579257,0.0,-248.49999999999682,450.0,0.2682926829268293,66,False,0,65,80,103,0.4186991869918699,0,0.0,0.0,0,0.0,0.0
invalidate_on_opposite_n_closes_1m__buffer_0__confirm_2,MGC,2020,76,-1411.9999999999072,107,1970.0000000002615,2600.0000000002615,76,0.47368421052631576,25.921052631582388,1.2730422730423165,0.8598816626206518,1.3954703142554985,-1411.9999999999072,-1411.9999999999072,6.93661971831078,0.0,-247.5,457.9999999999927,0.2676056338028169,76,False,0,67,89,107,0.3767605633802817,0,0.0,0.0,0,0.0,0.0
invalidate_on_opposite_n_closes_1m__buffer_0__confirm_2,MGC,2021,63,-2109.499999999796,116,-852.9999999996562,-242.9999999996562,63,0.4603174603174603,-13.539682539677083,0.8482611402651085,-0.5004832799979514,-0.5416857352152883,-2109.499999999796,-2109.499999999796,-3.003521126759353,0.0,-248.4999999999809,415.5000000000109,0.22183098591549297,63,False,0,80,78,116,0.4084507042253521,0,0.0,0.0,0,0.0,0.0
invalidate_on_opposite_n_closes_1m__buffer_0__confirm_2,MGC,2022,70,-3006.4999999998213,111,-374.99999999974534,235.00000000025466,70,0.42857142857142855,-5.357142857139219,0.9479744728080252,-0.18746625130135897,-0.31790060671460546,-3006.4999999998213,-3006.4999999998213,-1.404494382021518,0.0,-247.4999999999909,457.9999999999927,0.26217228464419473,70,False,0,67,84,111,0.4157303370786517,0,0.0,0.0,0,0.0,0.0
invalidate_on_opposite_n_closes_1m__buffer_0__confirm_2,MGC,2023,77,-6019.999999999689,113,-3471.499999999646,-2658.999999999646,77,0.36363636363636365,-45.08441558441099,0.6444228208542713,-1.6073235718219196,-3.208235444448608,-6019.999999999689,-6019.999999999689,-12.577898550723356,0.0,-248.99999999999181,457.9999999999927,0.27898550724637683,77,False,0,63,88,113,0.40942028985507245,0,0.0,0.0,0,0.0,0.0
invalidate_on_opposite_n_closes_1m__buffer_0__confirm_2,MGC,2024,76,-2122.4999999996135,110,-831.9999999995139,-211.99999999951388,76,0.40789473684210525,-10.947368421046235,0.8932786044125751,-0.3896470869098098,-0.607394984083032,-2122.4999999996135,-2122.4999999996135,-2.8989547038310586,0.0,-248.99999999997817,463.4999999999809,0.26480836236933797,76,False,0,67,93,110,0.3832752613240418,0,0.0,0.0,0,0.0,0.0
invalidate_on_opposite_n_closes_1m__buffer_0__confirm_2,MGC,2025,80,-1110.999999999949,106,2909.5000000000755,3337.0000000000755,80,0.4625,36.368750000000944,1.3951782682512968,1.172674534179222,2.2784610524305706,-1110.999999999949,-1110.999999999949,9.666112956810881,0.0,-241.49999999999181,468.9999999999782,0.26578073089701,80,True,0,64,97,106,0.3521594684385382,0,0.0,0.0,0,0.0,0.0
invalidate_on_opposite_n_closes_1m__buffer_0__confirm_2,MGC,2026,13,-957.5000000000546,30,-524.5000000001073,-487.0000000001073,13,0.3076923076923077,-40.3461538461621,0.7060801344914073,-1.1794247779576503,-5.571018689304101,-957.5000000000546,-957.5000000000546,-7.946969696971323,0.0,-245.0000000000182,360.4999999999927,0.19696969696969696,13,False,0,18,20,30,0.45454545454545453,0,0.0,0.0,0,0.0,0.0
invalidate_on_opposite_n_closes_1m__buffer_0__confirm_2,MNQ,2019,88,-1970.0,114,143.5,876.0,88,0.4318181818181818,1.6306818181818181,1.0163439635535307,0.07265124153752842,0.15897252118793626,-1970.0,-1970.0,0.6932367149758454,0.0,-250.0,462.0,0.4251207729468599,88,False,0,72,96,114,0.5507246376811594,0,0.0,0.0,0,0.0,0.0
invalidate_on_opposite_n_closes_1m__buffer_0__confirm_2,MNQ,2020,134,-1534.0,173,3632.0,4237.0,134,0.48507462686567165,27.104477611940297,1.2879682854311199,1.1754626907174939,3.8690816906625205,-1534.0,-1534.0,11.64102564102564,0.0,-249.5,476.0,0.42948717948717946,134,True,0,99,155,173,0.5544871794871795,0,0.0,0.0,0,0.0,0.0
invalidate_on_opposite_n_closes_1m__buffer_0__confirm_2,MNQ,2021,131,-687.0,164,6822.0,7374.5,131,0.5725190839694656,52.0763358778626,1.6892997878144893,2.388176816627238,5.692497284506597,-687.0,-687.0,21.935691318327976,0.0,-249.0,464.0,0.4212218649517685,131,True,0,97,157,164,0.5273311897106109,0,0.0,0.0,0,0.0,0.0
invalidate_on_opposite_n_closes_1m__buffer_0__confirm_2,MNQ,2022,80,-2115.0,193,355.5,580.5,80,0.425,4.44375,1.0400067521944631,0.1477659797524587,0.46049566680056025,-2115.0,-2331.5,1.146774193548387,0.0,-248.0,470.0,0.25806451612903225,80,False,0,121,133,193,0.6225806451612903,0,0.0,0.0,0,0.0,0.0
invalidate_on_opposite_n_closes_1m__buffer_0__confirm_2,MNQ,2023,140,-2523.5,179,2282.5,2800.0,140,0.45,16.303571428571427,1.1768694304533127,0.7700523913585533,1.9440284122509828,-2523.5,-2523.5,7.362903225806452,0.0,-250.0,482.0,0.45161290322580644,140,True,0,96,157,179,0.5774193548387097,0,0.0,0.0,0,0.0,0.0
invalidate_on_opposite_n_closes_1m__buffer_0__confirm_2,MNQ,2024,113,-1289.5,186,5069.5,5449.5,113,0.48672566371681414,44.86283185840708,1.5080932097218742,1.7318709497949396,5.044797037553917,-1289.5,-1289.5,16.196485623003195,0.0,-249.0,478.0,0.3610223642172524,113,True,0,118,137,186,0.5942492012779552,0,0.0,0.0,0,0.0,0.0
invalidate_on_opposite_n_closes_1m__buffer_0__confirm_2,MNQ,2025,88,-1327.0,175,495.0,750.0,88,0.4318181818181818,5.625,1.0604026845637584,0.21594144311077518,0.4622114044324785,-1327.0,-1327.0,1.5865384615384615,0.0,-242.0,477.0,0.28205128205128205,88,False,0,110,143,175,0.5608974358974359,0,0.0,0.0,0,0.0,0.0
invalidate_on_opposite_n_closes_1m__buffer_0__confirm_2,MNQ,2026,10,-453.0,32,578.5,603.5,10,0.6,57.85,1.6431350750416898,1.3123641437154243,6.449835130652496,-453.0,-453.0,8.507352941176471,0.0,-247.5,489.0,0.14705882352941177,10,False,0,21,34,32,0.47058823529411764,0,0.0,0.0,0,0.0,0.0
invalidate_on_opposite_n_closes_1m__buffer_0__confirm_3,M2K,2019,89,-2598.4999999998854,109,-1170.4999999996937,174.50000000030627,89,0.43820224719101125,-13.151685393254986,0.8722858701582415,-0.6097247022468884,-1.1994702839790925,-2598.4999999998854,-2598.4999999998854,-5.654589371979196,0.0,-247.99999999999272,440.0,0.42995169082125606,89,False,0,68,99,109,0.5265700483091788,0,0.0,0.0,0,0.0,0.0
invalidate_on_opposite_n_closes_1m__buffer_0__confirm_3,M2K,2020,131,-2381.99999999995,171,152.5000000003463,1370.0000000003465,131,0.46564885496183206,1.1641221374072235,1.0129577704138286,0.05627441400211547,0.09068119780611811,-2381.99999999995,-2381.99999999995,0.4887820512831608,0.0,-248.99999999999864,451.9999999999982,0.4198717948717949,131,False,0,106,148,171,0.5480769230769231,0,0.0,0.0,0,0.0,0.0
invalidate_on_opposite_n_closes_1m__buffer_0__confirm_3,M2K,2021,134,-2374.499999999773,176,746.5000000002769,1739.000000000277,134,0.4701492537313433,5.570895522390127,1.0578054824222,0.25334694036209954,0.5996510249087474,-2374.499999999773,-2374.499999999773,2.400321543409252,0.0,-249.9999999999909,464.0000000000009,0.43086816720257237,134,False,0,112,141,176,0.5659163987138264,0,0.0,0.0,0,0.0,0.0
invalidate_on_opposite_n_closes_1m__buffer_0__confirm_3,M2K,2022,123,-3387.499999999888,181,-15.999999999723968,819.000000000276,123,0.4715447154471545,-0.13008130081076397,0.9986907781687485,-0.005833301361905499,-0.01398376462443884,-3387.499999999888,-3528.9999999998845,-0.051612903224917496,0.0,-249.99999999999432,447.00000000000273,0.3967741935483871,123,False,0,122,132,181,0.5838709677419355,0,0.0,0.0,0,0.0,0.0
invalidate_on_opposite_n_closes_1m__buffer_0__confirm_3,M2K,2023,132,-4183.999999999896,161,-2449.4999999996767,-1314.4999999996767,132,0.4621212121212121,-18.556818181815732,0.8057108863771796,-0.9447881514382777,-1.692053152972681,-4183.999999999896,-4183.999999999896,-7.901612903224762,0.0,-250.0,463.99999999999636,0.4258064516129032,132,False,0,105,144,161,0.5193548387096775,0,0.0,0.0,0,0.0,0.0
invalidate_on_opposite_n_closes_1m__buffer_0__confirm_3,M2K,2024,126,-3920.499999999767,173,-1086.9999999996946,-119.49999999969486,126,0.4444444444444444,-8.626984126981704,0.9121154545822274,-0.39551474624541183,-0.836448858675195,-3920.499999999767,-3920.499999999767,-3.4728434504782575,0.0,-248.99999999999636,444.00000000000546,0.402555910543131,126,False,0,114,140,173,0.5527156549520766,0,0.0,0.0,0,0.0,0.0
invalidate_on_opposite_n_closes_1m__buffer_0__confirm_3,M2K,2025,138,-3976.499999999766,176,-3036.999999999625,-1909.4999999996248,138,0.41304347826086957,-22.007246376808876,0.8072908404454637,-0.9995125998813836,-2.6936769813732604,-3976.499999999766,-4137.999999999755,-9.733974358973159,0.0,-250.0,455.99999999999454,0.4423076923076923,138,False,0,105,148,176,0.5641025641025641,0,0.0,0.0,0,0.0,0.0
invalidate_on_opposite_n_closes_1m__buffer_0__confirm_3,M2K,2026,30,-1833.4999999999377,34,-727.4999999999363,-569.9999999999363,30,0.4666666666666667,-24.24999999999788,0.7381209503239916,-1.4016734497470509,-2.7033587758401154,-1833.4999999999377,-1833.4999999999377,-10.69852941176377,0.0,-241.49999999999181,397.99999999999727,0.4411764705882353,30,False,0,22,33,34,0.5,0,0.0,0.0,0,0.0,0.0
invalidate_on_opposite_n_closes_1m__buffer_0__confirm_3,MES,2019,90,-3601.25,118,-2285.0,-1112.5,90,0.3888888888888889,-25.38888888888889,0.7848652465576086,-1.1262356682580876,-2.6629927437241276,-3601.25,-3601.25,-11.03864734299517,0.0,-250.0,412.5,0.43478260869565216,90,False,0,72,96,118,0.5700483091787439,0,0.0,0.0,0,0.0,0.0
invalidate_on_opposite_n_closes_1m__buffer_0__confirm_3,MES,2020,136,-1851.25,178,797.5,1930.0,136,0.4485294117647059,5.863970588235294,1.055085477465032,0.25055656777599133,0.6720358215196143,-1851.25,-1851.25,2.5560897435897436,0.0,-250.0,455.0,0.4358974358974359,136,False,0,102,153,178,0.5705128205128205,0,0.0,0.0,0,0.0,0.0
invalidate_on_opposite_n_closes_1m__buffer_0__confirm_3,MES,2021,139,-1262.5,169,5665.0,6992.5,139,0.5179856115107914,40.75539568345324,1.4080677111471276,1.632513667479215,6.116838945347433,-1262.5,-1262.5,18.215434083601288,0.0,-250.0,461.25,0.44694533762057875,139,True,0,102,151,169,0.5434083601286174,0,0.0,0.0,0,0.0,0.0
invalidate_on_opposite_n_closes_1m__buffer_0__confirm_3,MES,2022,129,-2552.5,190,-232.5,355.0,129,0.4108527131782946,-1.802325581395349,0.9834135901551632,-0.07782173808177145,-0.27266975739256316,-2552.5,-2737.5,-0.75,0.0,-250.0,472.5,0.4161290322580645,129,False,0,117,137,190,0.6129032258064516,0,0.0,0.0,0,0.0,0.0
invalidate_on_opposite_n_closes_1m__buffer_0__confirm_3,MES,2023,141,-2573.75,181,1998.75,3158.75,141,0.4326241134751773,14.175531914893616,1.124165243050163,0.5726462890028525,2.1176919712391453,-2573.75,-2573.75,6.44758064516129,0.0,-250.0,461.25,0.45483870967741935,141,False,0,92,161,181,0.5838709677419355,0,0.0,0.0,0,0.0,0.0
invalidate_on_opposite_n_closes_1m__buffer_0__confirm_3,MES,2024,125,-2252.5,201,341.25,1383.75,125,0.408,2.73,1.0219312339331619,0.10033028124583507,0.5086455572928488,-2252.5,-2326.25,1.090255591054313,0.0,-250.0,467.5,0.3993610223642173,125,False,0,118,137,201,0.6421725239616614,0,0.0,0.0,0,0.0,0.0
invalidate_on_opposite_n_closes_1m__buffer_0__confirm_3,MES,2025,136,-3267.5,184,-1733.75,-948.75,136,0.38235294117647056,-12.748161764705882,0.8867385268659154,-0.56874062388454,-1.3932851700961355,-3267.5,-3267.5,-5.5568910256410255,0.0,-250.0,467.5,0.4358974358974359,136,False,0,102,151,184,0.5897435897435898,0,0.0,0.0,0,0.0,0.0
invalidate_on_opposite_n_closes_1m__buffer_0__confirm_3,MES,2026,31,-583.75,34,-260.0,-130.0,31,0.5483870967741935,-8.387096774193548,0.8889482114255206,-0.5186587783952628,-1.257030392239964,-583.75,-583.75,-3.823529411764706,0.0,-240.0,425.0,0.45588235294117646,31,False,0,17,38,34,0.5,0,0.0,0.0,0,0.0,0.0
invalidate_on_opposite_n_closes_1m__buffer_0__confirm_3,MGC,2018,61,-3698.499999999458,110,-3911.9999999994207,-2601.9999999994207,61,0.32786885245901637,-64.13114754097411,0.5385704175513508,-2.2198041275008533,-4.043777810193298,-3698.499999999458,-3911.9999999994207,-16.789699570812964,0.0,-249.99999999995453,423.50000000001273,0.26180257510729615,61,False,0,63,76,110,0.4721030042918455,0,0.0,0.0,0,0.0,0.0
invalidate_on_opposite_n_closes_1m__buffer_0__confirm_3,MGC,2019,66,-2021.4999999996235,101,-639.9999999994498,445.00000000055024,66,0.4393939393939394,-9.69696969696136,0.9058546631362924,-0.33896504883818496,-0.46314351644973145,-2021.4999999996235,-2021.4999999996235,-2.6016260162579257,0.0,-248.49999999999682,450.0,0.2682926829268293,66,False,0,63,81,101,0.4105691056910569,0,0.0,0.0,0,0.0,0.0
invalidate_on_opposite_n_closes_1m__buffer_0__confirm_3,MGC,2020,79,-1411.9999999999072,104,2306.000000000265,2956.000000000265,79,0.4810126582278481,29.189873417724876,1.3112850971922683,0.9861733406590207,1.6532558932113426,-1411.9999999999072,-1411.9999999999072,8.119718309860088,0.0,-247.5,457.9999999999927,0.27816901408450706,79,False,0,64,91,104,0.36619718309859156,0,0.0,0.0,0,0.0,0.0
invalidate_on_opposite_n_closes_1m__buffer_0__confirm_3,MGC,2021,64,-2109.499999999796,113,-749.499999999648,-131.99999999964803,64,0.46875,-11.7109374999945,0.8666725962821882,-0.4387959246366579,-0.47595950591304975,-2109.499999999796,-2109.499999999796,-2.639084507041014,0.0,-248.4999999999809,415.5000000000109,0.22535211267605634,64,False,0,75,83,113,0.397887323943662,0,0.0,0.0,0,0.0,0.0
invalidate_on_opposite_n_closes_1m__buffer_0__confirm_3,MGC,2022,75,-3455.999999999817,107,-996.9999999997344,-331.9999999997344,75,0.41333333333333333,-13.293333333329793,0.8743145288370933,-0.4876939741237132,-0.8270707153927763,-3455.999999999817,-3455.999999999817,-3.7340823970027506,0.0,-247.4999999999909,457.9999999999927,0.2808988764044944,75,False,0,62,89,107,0.40074906367041196,0,0.0,0.0,0,0.0,0.0
invalidate_on_opposite_n_closes_1m__buffer_0__confirm_3,MGC,2023,78,-6019.999999999689,113,-3706.9999999996435,-2886.9999999996435,78,0.358974358974359,-47.52564102563645,0.6292443866580236,-1.7065062290541735,-3.448972970558464,-6019.999999999689,-6019.999999999689,-13.431159420288564,0.0,-248.99999999999181,457.9999999999927,0.2826086956521739,78,False,0,61,90,113,0.40942028985507245,0,0.0,0.0,0,0.0,0.0
invalidate_on_opposite_n_closes_1m__buffer_0__confirm_3,MGC,2024,77,-2264.9999999996135,109,-974.4999999995139,-351.9999999995139,77,0.4025974025974026,-12.655844155837842,0.8772438118032914,-0.4552811871590441,-0.7180033407774425,-2264.9999999996135,-2264.9999999996135,-3.3954703832735675,0.0,-248.99999999997817,463.4999999999809,0.2682926829268293,77,False,0,64,95,109,0.3797909407665505,0,0.0,0.0,0,0.0,0.0
invalidate_on_opposite_n_closes_1m__buffer_0__confirm_3,MGC,2025,82,-1110.999999999949,102,2978.5000000000764,3411.0000000000764,82,0.47560975609756095,36.323170731708245,1.4045500848896675,1.200331432136161,2.3324957018953265,-1110.999999999949,-1110.999999999949,9.895348837209555,0.0,-241.49999999999181,468.9999999999782,0.2724252491694352,82,True,0,60,100,102,0.3388704318936877,0,0.0,0.0,0,0.0,0.0
invalidate_on_opposite_n_closes_1m__buffer_0__confirm_3,MGC,2026,13,-957.5000000000546,29,-524.5000000001073,-487.0000000001073,13,0.3076923076923077,-40.3461538461621,0.7060801344914073,-1.1794247779576503,-5.571018689304101,-957.5000000000546,-957.5000000000546,-7.946969696971323,0.0,-245.0000000000182,360.4999999999927,0.19696969696969696,13,False,0,17,21,29,0.4393939393939394,0,0.0,0.0,0,0.0,0.0
invalidate_on_opposite_n_closes_1m__buffer_0__confirm_3,MNQ,2019,89,-1970.0,112,-104.5,648.0,89,0.42696629213483145,-1.1741573033707866,0.9884249003101462,-0.0525667839979711,-0.11568535918829007,-1970.0,-1970.0,-0.5048309178743962,0.0,-250.0,462.0,0.42995169082125606,89,False,0,71,97,112,0.5410628019323671,0,0.0,0.0,0,0.0,0.0
invalidate_on_opposite_n_closes_1m__buffer_0__confirm_3,MNQ,2020,140,-1770.0,168,3452.5,4085.0,140,0.4785714285714286,24.660714285714285,1.2562152133580704,1.087750877367956,3.7141613935347437,-1770.0,-1770.0,11.065705128205128,0.0,-249.5,476.0,0.44871794871794873,140,True,0,94,160,168,0.5384615384615384,0,0.0,0.0,0,0.0,0.0
invalidate_on_opposite_n_closes_1m__buffer_0__confirm_3,MNQ,2021,134,-687.0,158,6403.0,6965.5,134,0.5597014925373134,47.78358208955224,1.6206863125242341,2.224117429828707,5.115213651759376,-687.0,-687.0,20.588424437299036,0.0,-249.0,464.0,0.43086816720257237,134,True,0,94,160,158,0.5080385852090032,0,0.0,0.0,0,0.0,0.0
invalidate_on_opposite_n_closes_1m__buffer_0__confirm_3,MNQ,2022,84,-2115.0,187,-115.0,120.0,84,0.40476190476190477,-1.369047619047619,0.9877090792497194,-0.04735212246607926,-0.11697729384398263,-2115.0,-2331.5,-0.3709677419354839,0.0,-249.0,470.0,0.2709677419354839,84,False,0,115,139,187,0.603225806451613,0,0.0,0.0,0,0.0,0.0
invalidate_on_opposite_n_closes_1m__buffer_0__confirm_3,MNQ,2023,144,-2523.5,174,2638.0,3168.0,144,0.4652777777777778,18.319444444444443,1.204416892677257,0.8882791701046564,2.246811369777916,-2523.5,-2523.5,8.509677419354839,0.0,-250.0,482.0,0.4645161290322581,144,True,0,93,160,174,0.5612903225806452,0,0.0,0.0,0,0.0,0.0
invalidate_on_opposite_n_closes_1m__buffer_0__confirm_3,MNQ,2024,118,-1074.0,180,4865.0,5257.5,118,0.4745762711864407,41.228813559322035,1.4622327790973872,1.63846508893092,4.920907206508488,-1074.0,-1074.0,15.543130990415335,0.0,-249.0,478.0,0.3769968051118211,118,True,0,112,143,180,0.5750798722044729,0,0.0,0.0,0,0.0,0.0
invalidate_on_opposite_n_closes_1m__buffer_0__confirm_3,MNQ,2025,92,-1663.0,172,-267.0,-2.0,92,0.41304347826086957,-2.902173913043478,0.9701909121357597,-0.11445542075574759,-0.2522320517678905,-1663.0,-1663.0,-0.8557692307692307,0.0,-243.5,477.0,0.2948717948717949,92,False,0,105,148,172,0.5512820512820513,0,0.0,0.0,0,0.0,0.0
invalidate_on_opposite_n_closes_1m__buffer_0__confirm_3,MNQ,2026,10,-453.0,31,578.5,603.5,10,0.6,57.85,1.6431350750416898,1.3123641437154243,6.449835130652496,-453.0,-453.0,8.507352941176471,0.0,-247.5,489.0,0.14705882352941177,10,False,0,19,36,31,0.45588235294117646,0,0.0,0.0,0,0.0,0.0
invalidate_on_opposite_n_closes_1m__buffer_0__confirm_5,M2K,2019,94,-2440.999999999868,104,-904.9999999996658,525.0000000003342,94,0.44680851063829785,-9.627659574464529,0.9049519508481139,-0.45832865388558264,-0.9324569094936193,-2440.999999999868,-2440.999999999868,-4.371980676326888,0.0,-247.99999999999272,440.0,0.45410628019323673,94,False,0,63,103,104,0.5024154589371981,0,0.0,0.0,0,0.0,0.0
invalidate_on_opposite_n_closes_1m__buffer_0__confirm_5,M2K,2020,136,-2638.4999999999436,166,-571.4999999996433,706.0000000003565,136,0.45588235294117646,-4.202205882350318,0.9550424795469119,-0.20625376483086635,-0.3435252875240507,-2638.4999999999436,-2638.4999999999436,-1.831730769229626,0.0,-248.99999999999864,451.9999999999982,0.4358974358974359,136,False,0,100,154,166,0.532051282051282,0,0.0,0.0,0,0.0,0.0
invalidate_on_opposite_n_closes_1m__buffer_0__confirm_5,M2K,2021,139,-2192.499999999766,171,1041.5000000002633,2099.0000000002633,139,0.4748201438848921,7.492805755397578,1.0788656671210275,0.3480722013391797,0.8397713088807303,-2192.499999999766,-2192.499999999766,3.3488745980715877,0.0,-249.9999999999909,464.0000000000009,0.44694533762057875,139,True,0,107,146,171,0.5498392282958199,0,0.0,0.0,0,0.0,0.0
invalidate_on_opposite_n_closes_1m__buffer_0__confirm_5,M2K,2022,130,-3764.9999999998695,179,-927.9999999997001,-20.499999999699867,130,0.45384615384615384,-7.138461538459231,0.9313609467455833,-0.32700120077000816,-0.8339796714371537,-3764.9999999998695,-4000.49999999986,-2.993548387095809,0.0,-249.99999999999432,447.00000000000273,0.41935483870967744,130,False,0,114,140,179,0.5774193548387097,0,0.0,0.0,0,0.0,0.0
invalidate_on_opposite_n_closes_1m__buffer_0__confirm_5,M2K,2023,137,-4122.999999999909,152,-2153.9999999996635,-976.4999999996633,137,0.45985401459854014,-15.72262773722382,0.8326080198943355,-0.813566131895884,-1.424093222520887,-4122.999999999909,-4122.999999999909,-6.948387096773108,0.0,-250.0,463.99999999999636,0.44193548387096776,137,False,0,99,149,152,0.49032258064516127,0,0.0,0.0,0,0.0,0.0
invalidate_on_opposite_n_closes_1m__buffer_0__confirm_5,M2K,2024,129,-3978.49999999976,166,-1144.9999999996874,-147.49999999968736,129,0.4496124031007752,-8.875968992245639,0.909202648586518,-0.4137221257024888,-0.8812786943889039,-3978.49999999976,-3978.49999999976,-3.658146964855231,0.0,-248.99999999999636,444.00000000000546,0.41214057507987223,129,False,0,108,143,166,0.5303514376996805,0,0.0,0.0,0,0.0,0.0
invalidate_on_opposite_n_closes_1m__buffer_0__confirm_5,M2K,2025,143,-3635.9999999997685,167,-2240.499999999629,-1082.999999999629,143,0.42657342657342656,-15.667832167829573,0.8579804766734476,-0.7247403871058784,-1.8914128978140405,-3635.9999999997685,-3797.499999999758,-7.181089743588554,0.0,-250.0,455.99999999999454,0.4583333333333333,143,False,0,99,154,167,0.5352564102564102,0,0.0,0.0,0,0.0,0.0
invalidate_on_opposite_n_closes_1m__buffer_0__confirm_5,M2K,2026,32,-2276.9999999999277,34,-1170.9999999999263,-1000.9999999999263,32,0.4375,-36.5937499999977,0.6365047338196645,-2.16487411762177,-4.471653951594092,-2276.9999999999277,-2276.9999999999277,-17.220588235293036,0.0,-241.49999999999181,397.99999999999727,0.47058823529411764,32,False,0,20,35,34,0.5,0,0.0,0.0,0,0.0,0.0
invalidate_on_opposite_n_closes_1m__buffer_0__confirm_5,MES,2019,98,-4103.75,113,-2892.5,-1630.0,98,0.3877551020408163,-29.51530612244898,0.7504314063848145,-1.392534795425928,-3.413538517614337,-4103.75,-4103.75,-13.973429951690822,0.0,-250.0,412.5,0.47342995169082125,98,False,0,64,104,113,0.5458937198067633,0,0.0,0.0,0,0.0,0.0
invalidate_on_opposite_n_closes_1m__buffer_0__confirm_5,MES,2020,145,-1851.25,171,263.75,1486.25,145,0.4413793103448276,1.8189655172413792,1.0167367335607203,0.08048845170470725,0.22620403780602075,-1851.25,-1851.25,0.8453525641025641,0.0,-250.0,455.0,0.46474358974358976,145,False,0,91,164,171,0.5480769230769231,0,0.0,0.0,0,0.0,0.0
invalidate_on_opposite_n_closes_1m__buffer_0__confirm_5,MES,2021,146,-1203.75,159,5303.75,6701.25,146,0.5136986301369864,36.32705479452055,1.3596982027806035,1.5012905405029413,5.84382879774967,-1203.75,-1203.75,17.05385852090032,0.0,-250.0,461.25,0.4694533762057878,146,True,0,95,157,159,0.5112540192926045,0,0.0,0.0,0,0.0,0.0
invalidate_on_opposite_n_closes_1m__buffer_0__confirm_5,MES,2022,135,-2306.25,184,-407.5,200.0,135,0.4074074074074074,-3.0185185185185186,0.9721819267855619,-0.13425322859962063,-0.45752858863809776,-2306.25,-2491.25,-1.314516129032258,0.0,-250.0,472.5,0.43548387096774194,135,False,0,109,145,184,0.5935483870967742,0,0.0,0.0,0,0.0,0.0
invalidate_on_opposite_n_closes_1m__buffer_0__confirm_5,MES,2023,149,-2803.75,170,2616.25,3833.75,149,0.4429530201342282,17.558724832214764,1.1571557290884518,0.7316246261770672,2.715956746854134,-2803.75,-2803.75,8.439516129032258,0.0,-250.0,461.25,0.4806451612903226,149,False,0,84,169,170,0.5483870967741935,0,0.0,0.0,0,0.0,0.0
invalidate_on_opposite_n_closes_1m__buffer_0__confirm_5,MES,2024,133,-2970.0,193,-275.0,835.0,133,0.40601503759398494,-2.0676691729323307,0.9835057729794572,-0.07944547762258088,-0.4160650020547737,-2970.0,-2970.0,-0.8785942492012779,0.0,-250.0,467.5,0.4249201277955272,133,False,0,109,146,193,0.6166134185303515,0,0.0,0.0,0,0.0,0.0
invalidate_on_opposite_n_closes_1m__buffer_0__confirm_5,MES,2025,144,-3090.0,176,-2225.0,-1392.5,144,0.375,-15.45138888888889,0.8629187524066231,-0.7144012376627666,-1.785819863308368,-3090.0,-3090.0,-7.131410256410256,0.0,-250.0,467.5,0.46153846153846156,144,False,0,93,160,176,0.5641025641025641,0,0.0,0.0,0,0.0,0.0
invalidate_on_opposite_n_closes_1m__buffer_0__confirm_5,MES,2026,31,-583.75,34,-260.0,-130.0,31,0.5483870967741935,-8.387096774193548,0.8889482114255206,-0.5186587783952628,-1.257030392239964,-583.75,-583.75,-3.823529411764706,0.0,-240.0,425.0,0.45588235294117646,31,False,0,17,38,34,0.5,0,0.0,0.0,0,0.0,0.0
invalidate_on_opposite_n_closes_1m__buffer_0__confirm_5,MGC,2018,65,-3921.999999999389,104,-4135.4999999993515,-2747.9999999993515,65,0.3384615384615385,-63.62307692306695,0.5270200720535713,-2.32957164809055,-4.040763980667041,-3921.999999999389,-4135.4999999993515,-17.748927038623826,0.0,-249.99999999995453,423.50000000001273,0.27896995708154504,65,False,0,59,79,104,0.44635193133047213,0,0.0,0.0,0,0.0,0.0
invalidate_on_opposite_n_closes_1m__buffer_0__confirm_5,MGC,2019,71,-1817.499999999718,93,236.0000000005698,1431.0000000005698,71,0.4507042253521127,3.323943661979856,1.0335251083174348,0.11766420263137042,0.1676970626836049,-1817.499999999718,-1817.499999999718,0.9593495934982512,0.0,-248.49999999999682,450.0,0.2886178861788618,71,False,0,58,85,93,0.3780487804878049,0,0.0,0.0,0,0.0,0.0
invalidate_on_opposite_n_closes_1m__buffer_0__confirm_5,MGC,2020,86,-1865.99999999989,97,1702.0000000002938,2437.0000000002938,86,0.47674418604651164,19.79069767442202,1.2097738337339417,0.715120128804504,1.1929021190492406,-1865.99999999989,-1865.99999999989,5.992957746479908,0.0,-247.50000000000227,457.9999999999927,0.3028169014084507,86,False,0,55,98,97,0.3415492957746479,0,0.0,0.0,0,0.0,0.0
invalidate_on_opposite_n_closes_1m__buffer_0__confirm_5,MGC,2021,70,-2375.499999999772,107,-1666.9999999996094,-991.9999999996094,70,0.42857142857142855,-23.814285714280135,0.7450680532191958,-0.9464021320821346,-1.0834141653966984,-2375.499999999772,-2375.499999999772,-5.869718309857779,0.0,-248.4999999999809,415.5000000000109,0.24647887323943662,70,False,0,68,89,107,0.3767605633802817,0,0.0,0.0,0,0.0,0.0
invalidate_on_opposite_n_closes_1m__buffer_0__confirm_5,MGC,2022,77,-3487.499999999816,101,-1027.4999999997294,-354.9999999997294,77,0.4155844155844156,-13.344155844152331,0.870981918633883,-0.5025648581541561,-0.8234743165523206,-3487.499999999816,-3487.499999999816,-3.84831460674056,0.0,-247.4999999999909,457.9999999999927,0.2883895131086142,77,False,0,57,94,101,0.3782771535580524,0,0.0,0.0,0,0.0,0.0
invalidate_on_opposite_n_closes_1m__buffer_0__confirm_5,MGC,2023,81,-5720.4999999997035,106,-3522.4999999996544,-2679.9999999996544,81,0.35802469135802467,-43.48765432098339,0.6545383219732499,-1.5902749108207195,-3.179055255541761,-5720.4999999997035,-5720.4999999997035,-12.762681159419037,0.0,-248.99999999999181,457.9999999999927,0.29347826086956524,81,False,0,58,93,106,0.38405797101449274,0,0.0,0.0,0,0.0,0.0
invalidate_on_opposite_n_closes_1m__buffer_0__confirm_5,MGC,2024,84,-1959.4999999998663,100,-118.49999999955116,569.0000000004488,84,0.42857142857142855,-1.4107142857089425,0.985860875790531,-0.05204931933151305,-0.08834866558293368,-1959.4999999998663,-1959.4999999998663,-0.4128919860611539,0.0,-248.99999999997817,463.4999999999809,0.2926829268292683,84,False,0,56,102,100,0.34843205574912894,0,0.0,0.0,0,0.0,0.0
invalidate_on_opposite_n_closes_1m__buffer_0__confirm_5,MGC,2025,87,-1110.999999999949,95,3622.0000000000164,4082.0000000000164,87,0.4942528735632184,41.632183908046166,1.4765162478621412,1.417656049400473,2.837222818217361,-1110.999999999949,-1110.999999999949,12.03322259136218,0.0,-241.49999999999181,468.9999999999782,0.28903654485049834,87,True,0,53,107,95,0.31561461794019935,0,0.0,0.0,0,0.0,0.0
invalidate_on_opposite_n_closes_1m__buffer_0__confirm_5,MGC,2026,13,-957.5000000000546,27,-524.5000000001073,-487.0000000001073,13,0.3076923076923077,-40.3461538461621,0.7060801344914073,-1.1794247779576503,-5.571018689304101,-957.5000000000546,-957.5000000000546,-7.946969696971323,0.0,-245.0000000000182,360.4999999999927,0.19696969696969696,13,False,0,16,22,27,0.4090909090909091,0,0.0,0.0,0,0.0,0.0
invalidate_on_opposite_n_closes_1m__buffer_0__confirm_5,MNQ,2019,93,-2198.0,109,-358.5,431.5,93,0.41935483870967744,-3.8548387096774195,0.9622393090372867,-0.1775358120819076,-0.3996451750126891,-2198.0,-2198.0,-1.7318840579710144,0.0,-250.0,462.0,0.4492753623188406,93,False,0,68,100,109,0.5265700483091788,0,0.0,0.0,0,0.0,0.0
invalidate_on_opposite_n_closes_1m__buffer_0__confirm_5,MNQ,2020,146,-1755.0,166,2530.0,3187.5,146,0.4657534246575342,17.328767123287673,1.1755420641803989,0.7874796770123846,2.759029799932321,-1755.0,-1755.0,8.10897435897436,0.0,-249.5,476.0,0.46794871794871795,146,True,0,88,166,166,0.532051282051282,0,0.0,0.0,0,0.0,0.0
invalidate_on_opposite_n_closes_1m__buffer_0__confirm_5,MNQ,2021,142,-828.0,155,5616.0,6211.0,142,0.5422535211267606,39.54929577464789,1.4911452184179457,1.9056768157326949,4.612968574606611,-828.0,-828.0,18.057877813504824,0.0,-249.0,464.0,0.4565916398713826,142,True,0,87,167,155,0.4983922829581994,0,0.0,0.0,0,0.0,0.0
invalidate_on_opposite_n_closes_1m__buffer_0__confirm_5,MNQ,2022,94,-2115.0,176,31.5,299.0,94,0.425531914893617,0.3351063829787234,1.0031237604125347,0.012467209184955913,0.03297276097784914,-2115.0,-2331.5,0.10161290322580645,0.0,-249.0,470.0,0.3032258064516129,94,False,0,101,153,176,0.567741935483871,0,0.0,0.0,0,0.0,0.0
invalidate_on_opposite_n_closes_1m__buffer_0__confirm_5,MNQ,2023,151,-2088.5,169,2678.5,3246.0,151,0.47019867549668876,17.73841059602649,1.200764531724319,0.890986106276307,2.26144875595388,-2088.5,-2088.5,8.640322580645162,0.0,-250.0,482.0,0.4870967741935484,151,True,0,87,166,169,0.5451612903225806,0,0.0,0.0,0,0.0,0.0
invalidate_on_opposite_n_closes_1m__buffer_0__confirm_5,MNQ,2024,124,-1074.0,173,4669.0,5081.5,124,0.46774193548387094,37.653225806451616,1.4171170768749721,1.5354495619363593,4.6532372165151115,-1074.0,-1074.0,14.916932907348242,0.0,-249.0,478.0,0.3961661341853035,124,True,0,106,149,173,0.5527156549520766,0,0.0,0.0,0,0.0,0.0
invalidate_on_opposite_n_closes_1m__buffer_0__confirm_5,MNQ,2025,96,-1366.0,162,-2.0,275.5,96,0.4166666666666667,-0.020833333333333332,0.9997808219178083,-0.000845886404782494,-0.0018204553116080672,-1366.0,-1366.0,-0.00641025641025641,0.0,-243.5,477.0,0.3076923076923077,96,False,0,97,155,162,0.5192307692307693,0,0.0,0.0,0,0.0,0.0
invalidate_on_opposite_n_closes_1m__buffer_0__confirm_5,MNQ,2026,10,-453.0,30,578.5,603.5,10,0.6,57.85,1.6431350750416898,1.3123641437154243,6.449835130652496,-453.0,-453.0,8.507352941176471,0.0,-247.5,489.0,0.14705882352941177,10,False,0,18,37,30,0.4411764705882353,0,0.0,0.0,0,0.0,0.0
invalidate_on_opposite_n_closes_1m__buffer_1__confirm_2,M2K,2019,87,-2314.9999999998945,110,-886.9999999997026,425.5000000002974,87,0.4482758620689655,-10.195402298847156,0.9001294826324697,-0.4650242983544561,-0.9304826870447982,-2314.9999999998945,-2314.9999999998945,-4.285024154587935,0.0,-247.99999999999272,440.0,0.42028985507246375,87,False,0,70,97,110,0.5314009661835749,0,0.0,0.0,0,0.0,0.0
invalidate_on_opposite_n_closes_1m__buffer_1__confirm_2,M2K,2020,127,-2381.99999999995,175,300.0000000003371,1480.0000000003374,127,0.4645669291338583,2.362204724412103,1.0261210274271086,0.11134203894317718,0.178668427459261,-2381.99999999995,-2381.99999999995,0.9615384615395419,0.0,-248.99999999999864,451.9999999999982,0.40705128205128205,127,False,0,110,144,175,0.5608974358974359,0,0.0,0.0,0,0.0,0.0
invalidate_on_opposite_n_closes_1m__buffer_1__confirm_2,M2K,2021,128,-2594.999999999784,179,976.0000000002574,1913.5000000002574,128,0.4765625,7.625000000002011,1.0796832265175558,0.33939874014057736,0.8157051085880959,-2594.999999999784,-2594.999999999784,3.138263665595683,0.0,-247.99999999995634,464.0000000000009,0.4115755627009646,128,True,0,117,136,179,0.5755627009646302,0,0.0,0.0,0,0.0,0.0
invalidate_on_opposite_n_closes_1m__buffer_1__confirm_2,M2K,2022,121,-3452.4999999998904,183,-79.49999999973102,743.000000000269,121,0.47107438016528924,-0.6570247933862068,0.9934940054830613,-0.02899428478390184,-0.07515108522577094,-3452.4999999998904,-3593.9999999998868,-0.2564516129023574,0.0,-249.99999999999432,447.00000000000273,0.3903225806451613,121,False,0,124,130,183,0.5903225806451613,0,0.0,0.0,0,0.0,0.0
invalidate_on_opposite_n_closes_1m__buffer_1__confirm_2,M2K,2023,127,-4143.499999999898,170,-2889.4999999996903,-1794.49999999969,127,0.44881889763779526,-22.75196850393457,0.7700724118723857,-1.122463921819428,-2.032135037684675,-4143.499999999898,-4143.499999999898,-9.320967741934483,0.0,-250.0,463.99999999999636,0.4096774193548387,127,False,0,110,140,170,0.5483870967741935,0,0.0,0.0,0,0.0,0.0
invalidate_on_opposite_n_closes_1m__buffer_1__confirm_2,M2K,2024,120,-3402.4999999997735,178,-369.99999999970896,557.500000000291,120,0.4583333333333333,-3.083333333330908,0.9680469795759991,-0.1366825440355917,-0.3043838376864445,-3402.4999999997735,-3402.4999999997735,-1.1821086261971532,0.0,-248.99999999999636,444.00000000000546,0.38338658146964855,120,False,0,120,134,178,0.5686900958466453,0,0.0,0.0,0,0.0,0.0
invalidate_on_opposite_n_closes_1m__buffer_1__confirm_2,M2K,2025,134,-3845.999999999632,179,-2964.999999999636,-1872.4999999996362,134,0.41044776119402987,-22.126865671639077,0.8061711446689073,-0.9885565737860381,-2.61121953297736,-3845.999999999632,-4007.4999999996217,-9.503205128203962,0.0,-250.0,455.99999999999454,0.42948717948717946,134,False,0,109,144,179,0.5737179487179487,0,0.0,0.0,0,0.0,0.0
invalidate_on_opposite_n_closes_1m__buffer_1__confirm_2,M2K,2026,28,-1429.4999999999436,36,-323.49999999994225,-178.49999999994225,28,0.5,-11.553571428569366,0.8637320977253794,-0.6489557747583509,-1.1607778136649827,-1429.4999999999436,-1429.4999999999436,-4.757352941175621,0.0,-241.49999999999181,397.99999999999727,0.4117647058823529,28,False,0,24,31,36,0.5294117647058824,0,0.0,0.0,0,0.0,0.0
invalidate_on_opposite_n_closes_1m__buffer_1__confirm_2,MES,2019,90,-3968.75,117,-2652.5,-1487.5,90,0.3888888888888889,-29.47222222222222,0.7502647993409438,-1.331074496141472,-3.0912858874084232,-3968.75,-3968.75,-12.81400966183575,0.0,-250.0,412.5,0.43478260869565216,90,False,0,72,96,117,0.5652173913043478,0,0.0,0.0,0,0.0,0.0
invalidate_on_opposite_n_closes_1m__buffer_1__confirm_2,MES,2020,136,-1835.0,182,557.5,1715.0,136,0.4485294117647059,4.099264705882353,1.0378800747409547,0.17445144801530296,0.4963040856178277,-1835.0,-1835.0,1.7868589743589745,0.0,-250.0,455.0,0.4358974358974359,136,False,0,102,153,182,0.5833333333333334,0,0.0,0.0,0,0.0,0.0
invalidate_on_opposite_n_closes_1m__buffer_1__confirm_2,MES,2021,137,-1262.5,170,5471.25,6773.75,137,0.5182481751824818,39.93613138686131,1.4006040637012631,1.5946806801440392,5.867051218477723,-1262.5,-1262.5,17.592443729903536,0.0,-250.0,461.25,0.4405144694533762,137,True,0,103,150,170,0.5466237942122186,0,0.0,0.0,0,0.0,0.0
invalidate_on_opposite_n_closes_1m__buffer_1__confirm_2,MES,2022,123,-2605.0,195,-415.0,142.5,123,0.3983739837398374,-3.3739837398373984,0.9694796837653981,-0.14113914128731592,-0.48249351504738003,-2605.0,-2790.0,-1.3387096774193548,0.0,-250.0,472.5,0.3967741935483871,123,False,0,121,133,195,0.6290322580645161,0,0.0,0.0,0,0.0,0.0
invalidate_on_opposite_n_closes_1m__buffer_1__confirm_2,MES,2023,138,-2551.25,184,2051.25,3193.75,138,0.43478260869565216,14.86413043478261,1.129355194702822,0.5901011162994428,2.3492044533573293,-2551.25,-2551.25,6.616935483870968,0.0,-250.0,461.25,0.44516129032258067,138,False,0,95,158,184,0.5935483870967742,0,0.0,0.0,0,0.0,0.0
invalidate_on_opposite_n_closes_1m__buffer_1__confirm_2,MES,2024,123,-2066.25,201,806.25,1828.75,123,0.4146341463414634,6.554878048780488,1.053411725736999,0.23846597097508826,1.1990525479692553,-2066.25,-2066.25,2.5758785942492013,0.0,-250.0,467.5,0.3929712460063898,123,False,0,119,136,201,0.6421725239616614,0,0.0,0.0,0,0.0,0.0
invalidate_on_opposite_n_closes_1m__buffer_1__confirm_2,MES,2025,132,-3182.5,188,-2121.25,-1358.75,132,0.3712121212121212,-16.070075757575758,0.8591818106381213,-0.7072331512027383,-1.704232877376681,-3182.5,-3182.5,-6.798878205128205,0.0,-250.0,467.5,0.4230769230769231,132,False,0,107,146,188,0.6025641025641025,0,0.0,0.0,0,0.0,0.0
invalidate_on_opposite_n_closes_1m__buffer_1__confirm_2,MES,2026,30,-583.75,34,-57.5,65.0,30,0.5666666666666667,-1.9166666666666667,0.973115137346581,-0.11725306689734905,-0.2735564985243025,-583.75,-583.75,-0.8455882352941176,0.0,-240.0,425.0,0.4411764705882353,30,False,0,18,37,34,0.5,0,0.0,0.0,0,0.0,0.0
invalidate_on_opposite_n_closes_1m__buffer_1__confirm_2,MGC,2018,61,-3727.499999999459,110,-3940.9999999994216,-2645.9999999994216,61,0.32786885245901637,-64.60655737703969,0.535149799481051,-2.23698122089757,-4.07375469068809,-3727.499999999459,-3940.9999999994216,-16.914163090126273,0.0,-249.99999999995453,423.50000000001273,0.26180257510729615,61,False,0,62,77,110,0.4721030042918455,0,0.0,0.0,0,0.0,0.0
invalidate_on_opposite_n_closes_1m__buffer_1__confirm_2,MGC,2019,66,-2021.4999999996235,101,-639.9999999994498,445.00000000055024,66,0.4393939393939394,-9.69696969696136,0.9058546631362924,-0.33896504883818496,-0.46314351644973145,-2021.4999999996235,-2021.4999999996235,-2.6016260162579257,0.0,-248.49999999999682,450.0,0.2682926829268293,66,False,0,64,81,101,0.4105691056910569,0,0.0,0.0,0,0.0,0.0
invalidate_on_opposite_n_closes_1m__buffer_1__confirm_2,MGC,2020,77,-1411.9999999999072,105,2340.0000000002615,2980.0000000002615,77,0.4805194805194805,30.389610389613786,1.3243243243243692,1.0072838566023423,1.657563723531877,-1411.9999999999072,-1411.9999999999072,8.23943661971923,0.0,-247.5,457.9999999999927,0.2711267605633803,77,False,0,66,90,105,0.36971830985915494,0,0.0,0.0,0,0.0,0.0
invalidate_on_opposite_n_closes_1m__buffer_1__confirm_2,MGC,2021,64,-2109.499999999796,115,-749.499999999648,-131.99999999964803,64,0.46875,-11.7109374999945,0.8666725962821882,-0.4387959246366579,-0.47595950591304975,-2109.499999999796,-2109.499999999796,-2.639084507041014,0.0,-248.4999999999809,415.5000000000109,0.22535211267605634,64,False,0,77,81,115,0.40492957746478875,0,0.0,0.0,0,0.0,0.0
invalidate_on_opposite_n_closes_1m__buffer_1__confirm_2,MGC,2022,72,-3455.999999999817,111,-824.4999999997412,-191.99999999974125,72,0.4166666666666667,-11.451388888885296,0.8923277832190974,-0.40687630432373256,-0.7094083990853911,-3455.999999999817,-3455.999999999817,-3.088014981272439,0.0,-247.4999999999909,457.9999999999927,0.2696629213483146,72,False,0,65,86,111,0.4157303370786517,0,0.0,0.0,0,0.0,0.0
invalidate_on_opposite_n_closes_1m__buffer_1__confirm_2,MGC,2023,77,-6019.999999999689,113,-3471.499999999646,-2658.999999999646,77,0.36363636363636365,-45.08441558441099,0.6444228208542713,-1.6073235718219196,-3.208235444448608,-6019.999999999689,-6019.999999999689,-12.577898550723356,0.0,-248.99999999999181,457.9999999999927,0.27898550724637683,77,False,0,63,88,113,0.40942028985507245,0,0.0,0.0,0,0.0,0.0
invalidate_on_opposite_n_closes_1m__buffer_1__confirm_2,MGC,2024,76,-2122.4999999996135,110,-831.9999999995139,-211.99999999951388,76,0.40789473684210525,-10.947368421046235,0.8932786044125751,-0.3896470869098098,-0.607394984083032,-2122.4999999996135,-2122.4999999996135,-2.8989547038310586,0.0,-248.99999999997817,463.4999999999809,0.26480836236933797,76,False,0,67,93,110,0.3832752613240418,0,0.0,0.0,0,0.0,0.0
invalidate_on_opposite_n_closes_1m__buffer_1__confirm_2,MGC,2025,80,-1110.999999999949,105,2909.5000000000755,3337.0000000000755,80,0.4625,36.368750000000944,1.3951782682512968,1.172674534179222,2.2784610524305706,-1110.999999999949,-1110.999999999949,9.666112956810881,0.0,-241.49999999999181,468.9999999999782,0.26578073089701,80,True,0,64,97,105,0.3488372093023256,0,0.0,0.0,0,0.0,0.0
invalidate_on_opposite_n_closes_1m__buffer_1__confirm_2,MGC,2026,13,-957.5000000000546,30,-524.5000000001073,-487.0000000001073,13,0.3076923076923077,-40.3461538461621,0.7060801344914073,-1.1794247779576503,-5.571018689304101,-957.5000000000546,-957.5000000000546,-7.946969696971323,0.0,-245.0000000000182,360.4999999999927,0.19696969696969696,13,False,0,18,20,30,0.45454545454545453,0,0.0,0.0,0,0.0,0.0
invalidate_on_opposite_n_closes_1m__buffer_1__confirm_2,MNQ,2019,89,-1970.0,114,-104.5,648.0,89,0.42696629213483145,-1.1741573033707866,0.9884249003101462,-0.0525667839979711,-0.11568535918829007,-1970.0,-1970.0,-0.5048309178743962,0.0,-250.0,462.0,0.42995169082125606,89,False,0,71,97,114,0.5507246376811594,0,0.0,0.0,0,0.0,0.0
invalidate_on_opposite_n_closes_1m__buffer_1__confirm_2,MNQ,2020,134,-1534.0,172,3632.0,4237.0,134,0.48507462686567165,27.104477611940297,1.2879682854311199,1.1754626907174939,3.8690816906625205,-1534.0,-1534.0,11.64102564102564,0.0,-249.5,476.0,0.42948717948717946,134,True,0,99,155,172,0.5512820512820513,0,0.0,0.0,0,0.0,0.0
invalidate_on_opposite_n_closes_1m__buffer_1__confirm_2,MNQ,2021,131,-687.0,164,6822.0,7374.5,131,0.5725190839694656,52.0763358778626,1.6892997878144893,2.388176816627238,5.692497284506597,-687.0,-687.0,21.935691318327976,0.0,-249.0,464.0,0.4212218649517685,131,True,0,97,157,164,0.5273311897106109,0,0.0,0.0,0,0.0,0.0
invalidate_on_opposite_n_closes_1m__buffer_1__confirm_2,MNQ,2022,82,-2115.0,191,728.0,963.0,82,0.4268292682926829,8.878048780487806,1.0812726765280491,0.2963362941486444,0.8695922381541467,-2115.0,-2331.5,2.3483870967741933,0.0,-248.0,470.0,0.2645161290322581,82,False,0,118,136,191,0.6161290322580645,0,0.0,0.0,0,0.0,0.0
invalidate_on_opposite_n_closes_1m__buffer_1__confirm_2,MNQ,2023,140,-2523.5,179,2282.5,2800.0,140,0.45,16.303571428571427,1.1768694304533127,0.7700523913585533,1.9440284122509828,-2523.5,-2523.5,7.362903225806452,0.0,-250.0,482.0,0.45161290322580644,140,True,0,96,157,179,0.5774193548387097,0,0.0,0.0,0,0.0,0.0
invalidate_on_opposite_n_closes_1m__buffer_1__confirm_2,MNQ,2024,113,-1289.5,186,5069.5,5449.5,113,0.48672566371681414,44.86283185840708,1.5080932097218742,1.7318709497949396,5.044797037553917,-1289.5,-1289.5,16.196485623003195,0.0,-249.0,478.0,0.3610223642172524,113,True,0,118,137,186,0.5942492012779552,0,0.0,0.0,0,0.0,0.0
invalidate_on_opposite_n_closes_1m__buffer_1__confirm_2,MNQ,2025,88,-1327.0,175,495.0,750.0,88,0.4318181818181818,5.625,1.0604026845637584,0.21594144311077518,0.4622114044324785,-1327.0,-1327.0,1.5865384615384615,0.0,-242.0,477.0,0.28205128205128205,88,False,0,110,143,175,0.5608974358974359,0,0.0,0.0,0,0.0,0.0
invalidate_on_opposite_n_closes_1m__buffer_1__confirm_2,MNQ,2026,10,-453.0,32,578.5,603.5,10,0.6,57.85,1.6431350750416898,1.3123641437154243,6.449835130652496,-453.0,-453.0,8.507352941176471,0.0,-247.5,489.0,0.14705882352941177,10,False,0,21,34,32,0.47058823529411764,0,0.0,0.0,0,0.0,0.0
invalidate_on_opposite_n_closes_1m__buffer_1__confirm_3,M2K,2019,91,-2724.4999999998545,108,-1296.4999999996633,111.00000000033674,91,0.43956043956043955,-14.247252747249046,0.8621184728278538,-0.6703217548458739,-1.334835526504249,-2724.4999999998545,-2724.4999999998545,-6.263285024152963,0.0,-247.99999999999272,440.0,0.4396135265700483,91,False,0,68,99,108,0.5217391304347826,0,0.0,0.0,0,0.0,0.0
invalidate_on_opposite_n_closes_1m__buffer_1__confirm_3,M2K,2020,132,-2381.99999999995,170,-67.49999999965257,1162.5000000003477,132,0.4621212121212121,-0.5113636363610043,0.9943698390191296,-0.02480721651444053,-0.04031904692545312,-2381.99999999995,-2381.99999999995,-0.21634615384504066,0.0,-248.99999999999864,451.9999999999982,0.4230769230769231,132,False,0,105,149,170,0.5448717948717948,0,0.0,0.0,0,0.0,0.0
invalidate_on_opposite_n_closes_1m__buffer_1__confirm_3,M2K,2021,135,-2374.499999999773,175,1122.5000000002533,2125.0000000002533,135,0.4740740740740741,8.31481481481669,1.086921170822385,0.37724204093922203,0.9016855665907182,-2374.499999999773,-2374.499999999773,3.6093247588432598,0.0,-249.9999999999909,464.0000000000009,0.4340836012861736,135,True,0,111,142,175,0.5627009646302251,0,0.0,0.0,0,0.0,0.0
invalidate_on_opposite_n_closes_1m__buffer_1__confirm_3,M2K,2022,123,-3387.499999999888,181,-15.999999999723968,819.000000000276,123,0.4715447154471545,-0.13008130081076397,0.9986907781687485,-0.005833301361905499,-0.01398376462443884,-3387.499999999888,-3528.9999999998845,-0.051612903224917496,0.0,-249.99999999999432,447.00000000000273,0.3967741935483871,123,False,0,122,132,181,0.5838709677419355,0,0.0,0.0,0,0.0,0.0
invalidate_on_opposite_n_closes_1m__buffer_1__confirm_3,M2K,2023,133,-4183.999999999896,161,-2677.499999999674,-1532.499999999674,133,0.45864661654135336,-20.13157894736597,0.7913988547388331,-1.028203028717533,-1.8565723960921934,-4183.999999999896,-4183.999999999896,-8.637096774192495,0.0,-250.0,463.99999999999636,0.4290322580645161,133,False,0,104,145,161,0.5193548387096775,0,0.0,0.0,0,0.0,0.0
invalidate_on_opposite_n_closes_1m__buffer_1__confirm_3,M2K,2024,126,-3920.499999999767,173,-1086.9999999996946,-119.49999999969486,126,0.4444444444444444,-8.626984126981704,0.9121154545822274,-0.39551474624541183,-0.836448858675195,-3920.499999999767,-3920.499999999767,-3.4728434504782575,0.0,-248.99999999999636,444.00000000000546,0.402555910543131,126,False,0,114,140,173,0.5527156549520766,0,0.0,0.0,0,0.0,0.0
invalidate_on_opposite_n_closes_1m__buffer_1__confirm_3,M2K,2025,139,-3976.499999999766,175,-2927.999999999624,-1795.499999999624,139,0.4172661870503597,-21.064748201436142,0.8142073035312218,-0.9627383492525818,-2.59699907851856,-3976.499999999766,-4137.999999999755,-9.38461538461418,0.0,-250.0,455.99999999999454,0.44551282051282054,139,False,0,104,149,175,0.5608974358974359,0,0.0,0.0,0,0.0,0.0
invalidate_on_opposite_n_closes_1m__buffer_1__confirm_3,M2K,2026,30,-1833.4999999999377,34,-727.4999999999363,-569.9999999999363,30,0.4666666666666667,-24.24999999999788,0.7381209503239916,-1.4016734497470509,-2.7033587758401154,-1833.4999999999377,-1833.4999999999377,-10.69852941176377,0.0,-241.49999999999181,397.99999999999727,0.4411764705882353,30,False,0,22,33,34,0.5,0,0.0,0.0,0,0.0,0.0
invalidate_on_opposite_n_closes_1m__buffer_1__confirm_3,MES,2019,95,-3880.0,114,-2563.75,-1333.75,95,0.3894736842105263,-26.986842105263158,0.7697575213291423,-1.2475426531820752,-2.991972294425483,-3880.0,-3880.0,-12.385265700483092,0.0,-250.0,412.5,0.45893719806763283,95,False,0,67,101,114,0.5507246376811594,0,0.0,0.0,0,0.0,0.0
invalidate_on_opposite_n_closes_1m__buffer_1__confirm_3,MES,2020,141,-1851.25,175,-388.75,823.75,141,0.4326241134751773,-2.75709219858156,0.9751815497566036,-0.12007451384444018,-0.3325340335439726,-1851.25,-1851.25,-1.2459935897435896,0.0,-250.0,455.0,0.4519230769230769,141,False,0,96,159,175,0.5608974358974359,0,0.0,0.0,0,0.0,0.0
invalidate_on_opposite_n_closes_1m__buffer_1__confirm_3,MES,2021,139,-1262.5,166,5665.0,6992.5,139,0.5179856115107914,40.75539568345324,1.4080677111471276,1.632513667479215,6.116838945347433,-1262.5,-1262.5,18.215434083601288,0.0,-250.0,461.25,0.44694533762057875,139,True,0,102,151,166,0.5337620578778135,0,0.0,0.0,0,0.0,0.0
invalidate_on_opposite_n_closes_1m__buffer_1__confirm_3,MES,2022,129,-2552.5,189,-232.5,355.0,129,0.4108527131782946,-1.802325581395349,0.9834135901551632,-0.07782173808177145,-0.27266975739256316,-2552.5,-2737.5,-0.75,0.0,-250.0,472.5,0.4161290322580645,129,False,0,117,137,189,0.6096774193548387,0,0.0,0.0,0,0.0,0.0
invalidate_on_opposite_n_closes_1m__buffer_1__confirm_3,MES,2023,142,-2573.75,180,2452.5,3620.0,142,0.43661971830985913,17.27112676056338,1.1523528498214008,0.6956788869218582,2.5984438071114457,-2573.75,-2573.75,7.911290322580645,0.0,-250.0,461.25,0.45806451612903226,142,False,0,91,162,180,0.5806451612903226,0,0.0,0.0,0,0.0,0.0
invalidate_on_opposite_n_closes_1m__buffer_1__confirm_3,MES,2024,126,-2472.5,201,121.25,1173.75,126,0.40476190476190477,0.9623015873015873,1.0076837769328264,0.035555607327690746,0.18184547790779373,-2472.5,-2546.25,0.38738019169329074,0.0,-250.0,467.5,0.402555910543131,126,False,0,117,138,201,0.6421725239616614,0,0.0,0.0,0,0.0,0.0
invalidate_on_opposite_n_closes_1m__buffer_1__confirm_3,MES,2025,137,-3472.5,183,-1938.75,-1143.75,137,0.3795620437956204,-14.151459854014599,0.8750201450443191,-0.6343173418047668,-1.566084012768092,-3472.5,-3472.5,-6.2139423076923075,0.0,-250.0,467.5,0.4391025641025641,137,False,0,101,152,183,0.5865384615384616,0,0.0,0.0,0,0.0,0.0
invalidate_on_opposite_n_closes_1m__buffer_1__confirm_3,MES,2026,31,-583.75,34,-260.0,-130.0,31,0.5483870967741935,-8.387096774193548,0.8889482114255206,-0.5186587783952628,-1.257030392239964,-583.75,-583.75,-3.823529411764706,0.0,-240.0,425.0,0.45588235294117646,31,False,0,17,38,34,0.5,0,0.0,0.0,0,0.0,0.0
invalidate_on_opposite_n_closes_1m__buffer_1__confirm_3,MGC,2018,64,-3876.999999999414,108,-4090.4999999993765,-2732.9999999993765,64,0.34375,-63.91406249999026,0.5297465080186686,-2.3060973544283105,-4.277338850082103,-3876.999999999414,-4090.4999999993765,-17.555793991413633,0.0,-249.99999999995453,423.50000000001273,0.27467811158798283,64,False,0,60,79,108,0.463519313304721,0,0.0,0.0,0,0.0,0.0
invalidate_on_opposite_n_closes_1m__buffer_1__confirm_3,MGC,2019,69,-1596.9999999997276,97,-116.49999999945976,1036.0000000005402,69,0.4492753623188406,-1.6884057970936197,0.9834187304299078,-0.05902903173375072,-0.08516253727879768,-1596.9999999997276,-1596.9999999997276,-0.47357723577016164,0.0,-248.49999999999682,450.0,0.2804878048780488,69,False,0,60,84,97,0.3943089430894309,0,0.0,0.0,0,0.0,0.0
invalidate_on_opposite_n_closes_1m__buffer_1__confirm_3,MGC,2020,80,-1659.4999999999095,103,2058.500000000263,2721.000000000263,80,0.475,25.731250000003286,1.2688916465286804,0.8744848727441589,1.4808117829271243,-1659.4999999999095,-1659.4999999999095,7.2482394366206435,0.0,-247.50000000000227,457.9999999999927,0.28169014084507044,80,False,0,63,92,103,0.3626760563380282,0,0.0,0.0,0,0.0,0.0
invalidate_on_opposite_n_closes_1m__buffer_1__confirm_3,MGC,2021,64,-2109.499999999796,113,-749.499999999648,-131.99999999964803,64,0.46875,-11.7109374999945,0.8666725962821882,-0.4387959246366579,-0.47595950591304975,-2109.499999999796,-2109.499999999796,-2.639084507041014,0.0,-248.4999999999809,415.5000000000109,0.22535211267605634,64,False,0,75,83,113,0.397887323943662,0,0.0,0.0,0,0.0,0.0
invalidate_on_opposite_n_closes_1m__buffer_1__confirm_3,MGC,2022,75,-3455.999999999817,106,-996.9999999997344,-331.9999999997344,75,0.41333333333333333,-13.293333333329793,0.8743145288370933,-0.4876939741237132,-0.8270707153927763,-3455.999999999817,-3455.999999999817,-3.7340823970027506,0.0,-247.4999999999909,457.9999999999927,0.2808988764044944,75,False,0,62,89,106,0.3970037453183521,0,0.0,0.0,0,0.0,0.0
invalidate_on_opposite_n_closes_1m__buffer_1__confirm_3,MGC,2023,79,-6102.999999999685,110,-3789.9999999996407,-2964.9999999996407,79,0.35443037974683544,-47.97468354429925,0.6240638793830529,-1.743777415580213,-3.442502252951091,-6102.999999999685,-6102.999999999685,-13.731884057969713,0.0,-248.99999999999181,457.9999999999927,0.286231884057971,79,False,0,60,91,110,0.39855072463768115,0,0.0,0.0,0,0.0,0.0
invalidate_on_opposite_n_closes_1m__buffer_1__confirm_3,MGC,2024,77,-2264.9999999996135,109,-974.4999999995139,-351.9999999995139,77,0.4025974025974026,-12.655844155837842,0.8772438118032914,-0.4552811871590441,-0.7180033407774425,-2264.9999999996135,-2264.9999999996135,-3.3954703832735675,0.0,-248.99999999997817,463.4999999999809,0.2682926829268293,77,False,0,64,95,109,0.3797909407665505,0,0.0,0.0,0,0.0,0.0
invalidate_on_opposite_n_closes_1m__buffer_1__confirm_3,MGC,2025,82,-1110.999999999949,102,2978.5000000000764,3411.0000000000764,82,0.47560975609756095,36.323170731708245,1.4045500848896675,1.200331432136161,2.3324957018953265,-1110.999999999949,-1110.999999999949,9.895348837209555,0.0,-241.49999999999181,468.9999999999782,0.2724252491694352,82,True,0,60,100,102,0.3388704318936877,0,0.0,0.0,0,0.0,0.0
invalidate_on_opposite_n_closes_1m__buffer_1__confirm_3,MGC,2026,13,-957.5000000000546,29,-524.5000000001073,-487.0000000001073,13,0.3076923076923077,-40.3461538461621,0.7060801344914073,-1.1794247779576503,-5.571018689304101,-957.5000000000546,-957.5000000000546,-7.946969696971323,0.0,-245.0000000000182,360.4999999999927,0.19696969696969696,13,False,0,17,21,29,0.4393939393939394,0,0.0,0.0,0,0.0,0.0
invalidate_on_opposite_n_closes_1m__buffer_1__confirm_3,MNQ,2019,89,-1970.0,111,-104.5,648.0,89,0.42696629213483145,-1.1741573033707866,0.9884249003101462,-0.0525667839979711,-0.11568535918829007,-1970.0,-1970.0,-0.5048309178743962,0.0,-250.0,462.0,0.42995169082125606,89,False,0,70,97,111,0.5362318840579711,0,0.0,0.0,0,0.0,0.0
invalidate_on_opposite_n_closes_1m__buffer_1__confirm_3,MNQ,2020,140,-1770.0,168,3452.5,4085.0,140,0.4785714285714286,24.660714285714285,1.2562152133580704,1.087750877367956,3.7141613935347437,-1770.0,-1770.0,11.065705128205128,0.0,-249.5,476.0,0.44871794871794873,140,True,0,94,160,168,0.5384615384615384,0,0.0,0.0,0,0.0,0.0
invalidate_on_opposite_n_closes_1m__buffer_1__confirm_3,MNQ,2021,135,-687.0,157,6664.0,7231.5,135,0.562962962962963,49.36296296296296,1.6459868165955798,2.304989561762847,5.3237207208065715,-687.0,-687.0,21.427652733118972,0.0,-249.0,464.0,0.4340836012861736,135,True,0,93,161,157,0.5048231511254019,0,0.0,0.0,0,0.0,0.0
invalidate_on_opposite_n_closes_1m__buffer_1__confirm_3,MNQ,2022,85,-2115.0,186,329.0,571.5,85,0.4117647058823529,3.8705882352941177,1.0351627211029766,0.13277040857948225,0.3346567797797395,-2115.0,-2331.5,1.0612903225806452,0.0,-249.0,470.0,0.27419354838709675,85,False,0,114,140,186,0.6,0,0.0,0.0,0,0.0,0.0
invalidate_on_opposite_n_closes_1m__buffer_1__confirm_3,MNQ,2023,144,-2523.5,174,2638.0,3168.0,144,0.4652777777777778,18.319444444444443,1.204416892677257,0.8882791701046564,2.246811369777916,-2523.5,-2523.5,8.509677419354839,0.0,-250.0,482.0,0.4645161290322581,144,True,0,93,160,174,0.5612903225806452,0,0.0,0.0,0,0.0,0.0
invalidate_on_opposite_n_closes_1m__buffer_1__confirm_3,MNQ,2024,118,-1074.0,180,4865.0,5257.5,118,0.4745762711864407,41.228813559322035,1.4622327790973872,1.63846508893092,4.920907206508488,-1074.0,-1074.0,15.543130990415335,0.0,-249.0,478.0,0.3769968051118211,118,True,0,112,143,180,0.5750798722044729,0,0.0,0.0,0,0.0,0.0
invalidate_on_opposite_n_closes_1m__buffer_1__confirm_3,MNQ,2025,92,-1663.0,172,-267.0,-2.0,92,0.41304347826086957,-2.902173913043478,0.9701909121357597,-0.11445542075574759,-0.2522320517678905,-1663.0,-1663.0,-0.8557692307692307,0.0,-243.5,477.0,0.2948717948717949,92,False,0,105,148,172,0.5512820512820513,0,0.0,0.0,0,0.0,0.0
invalidate_on_opposite_n_closes_1m__buffer_1__confirm_3,MNQ,2026,10,-453.0,31,578.5,603.5,10,0.6,57.85,1.6431350750416898,1.3123641437154243,6.449835130652496,-453.0,-453.0,8.507352941176471,0.0,-247.5,489.0,0.14705882352941177,10,False,0,19,36,31,0.45588235294117646,0,0.0,0.0,0,0.0,0.0
invalidate_on_opposite_n_closes_1m__buffer_1__confirm_5,M2K,2019,95,-2678.9999999998454,104,-1142.9999999996426,329.50000000035743,95,0.4421052631578947,-12.03157894736466,0.8828833444336629,-0.5755791847100629,-1.1828929482101738,-2678.9999999998454,-2678.9999999998454,-5.521739130433056,0.0,-247.99999999999272,440.0,0.45893719806763283,95,False,0,63,103,104,0.5024154589371981,0,0.0,0.0,0,0.0,0.0
invalidate_on_opposite_n_closes_1m__buffer_1__confirm_5,M2K,2020,137,-2638.4999999999436,165,-508.4999999996369,786.5000000003629,137,0.45985401459854014,-3.7116788321141376,0.9599984266834763,-0.18345520476141186,-0.3056563581906634,-2638.4999999999436,-2638.4999999999436,-1.6298076923065288,0.0,-248.99999999999864,451.9999999999982,0.4391025641025641,137,False,0,100,154,165,0.5288461538461539,0,0.0,0.0,0,0.0,0.0
invalidate_on_opposite_n_closes_1m__buffer_1__confirm_5,M2K,2021,140,-2199.4999999997094,171,803.5000000002708,1871.0000000002706,140,0.4714285714285714,5.739285714287648,1.0597664385599739,0.26746387886028267,0.6487361122309009,-2199.4999999997094,-2199.4999999997094,2.5836012861745044,0.0,-249.9999999999909,464.0000000000009,0.45016077170418006,140,False,0,106,147,171,0.5498392282958199,0,0.0,0.0,0,0.0,0.0
invalidate_on_opposite_n_closes_1m__buffer_1__confirm_5,M2K,2022,130,-3764.9999999998695,179,-927.9999999997001,-20.499999999699867,130,0.45384615384615384,-7.138461538459231,0.9313609467455833,-0.32700120077000816,-0.8339796714371537,-3764.9999999998695,-4000.49999999986,-2.993548387095809,0.0,-249.99999999999432,447.00000000000273,0.41935483870967744,130,False,0,114,140,179,0.5774193548387097,0,0.0,0.0,0,0.0,0.0
invalidate_on_opposite_n_closes_1m__buffer_1__confirm_5,M2K,2023,137,-4122.999999999909,152,-2153.9999999996635,-976.4999999996633,137,0.45985401459854014,-15.72262773722382,0.8326080198943355,-0.813566131895884,-1.424093222520887,-4122.999999999909,-4122.999999999909,-6.948387096773108,0.0,-250.0,463.99999999999636,0.44193548387096776,137,False,0,99,149,152,0.49032258064516127,0,0.0,0.0,0,0.0,0.0
invalidate_on_opposite_n_closes_1m__buffer_1__confirm_5,M2K,2024,129,-3978.49999999976,166,-1144.9999999996874,-147.49999999968736,129,0.4496124031007752,-8.875968992245639,0.909202648586518,-0.4137221257024888,-0.8812786943889039,-3978.49999999976,-3978.49999999976,-3.658146964855231,0.0,-248.99999999999636,444.00000000000546,0.41214057507987223,129,False,0,108,143,166,0.5303514376996805,0,0.0,0.0,0,0.0,0.0
invalidate_on_opposite_n_closes_1m__buffer_1__confirm_5,M2K,2025,144,-3758.999999999766,166,-2363.499999999626,-1198.4999999996262,144,0.4236111111111111,-16.41319444444185,0.8513428517517019,-0.7638690451048371,-1.9915382004777793,-3758.999999999766,-3920.4999999997553,-7.575320512819315,0.0,-250.0,455.99999999999454,0.46153846153846156,144,False,0,98,155,166,0.532051282051282,0,0.0,0.0,0,0.0,0.0
invalidate_on_opposite_n_closes_1m__buffer_1__confirm_5,M2K,2026,32,-2276.9999999999277,33,-1170.9999999999263,-1000.9999999999263,32,0.4375,-36.5937499999977,0.6365047338196645,-2.16487411762177,-4.471653951594092,-2276.9999999999277,-2276.9999999999277,-17.220588235293036,0.0,-241.49999999999181,397.99999999999727,0.47058823529411764,32,False,0,19,36,33,0.4852941176470588,0,0.0,0.0,0,0.0,0.0
invalidate_on_opposite_n_closes_1m__buffer_1__confirm_5,MES,2019,101,-4341.25,110,-3130.0,-1825.0,101,0.38613861386138615,-30.99009900990099,0.7395464946952361,-1.4897742015623543,-3.7462743914571015,-4341.25,-4341.25,-15.120772946859903,0.0,-250.0,412.5,0.48792270531400966,101,False,0,61,106,110,0.5314009661835749,0,0.0,0.0,0,0.0,0.0
invalidate_on_opposite_n_closes_1m__buffer_1__confirm_5,MES,2020,146,-1851.25,168,28.75,1261.25,146,0.4383561643835616,0.1969178082191781,1.0017975771785854,0.008745711799156385,0.024739029148450917,-1851.25,-1851.25,0.0921474358974359,0.0,-250.0,455.0,0.46794871794871795,146,False,0,89,166,168,0.5384615384615384,0,0.0,0.0,0,0.0,0.0
invalidate_on_opposite_n_closes_1m__buffer_1__confirm_5,MES,2021,147,-1203.75,157,5236.25,6641.25,147,0.5102040816326531,35.62074829931973,1.3535021097046414,1.481682573846393,5.455294230888458,-1203.75,-1203.75,16.836816720257236,0.0,-250.0,461.25,0.47266881028938906,147,True,0,94,158,157,0.5048231511254019,0,0.0,0.0,0,0.0,0.0
invalidate_on_opposite_n_closes_1m__buffer_1__confirm_5,MES,2022,136,-2306.25,183,-342.5,270.0,136,0.4117647058823529,-2.5183823529411766,0.9766191654578036,-0.11280560495830197,-0.384548568364536,-2306.25,-2491.25,-1.1048387096774193,0.0,-250.0,472.5,0.43870967741935485,136,False,0,107,147,183,0.5903225806451613,0,0.0,0.0,0,0.0,0.0
invalidate_on_opposite_n_closes_1m__buffer_1__confirm_5,MES,2023,149,-2803.75,168,2616.25,3833.75,149,0.4429530201342282,17.558724832214764,1.1571557290884518,0.7316246261770672,2.715956746854134,-2803.75,-2803.75,8.439516129032258,0.0,-250.0,461.25,0.4806451612903226,149,False,0,84,169,168,0.5419354838709678,0,0.0,0.0,0,0.0,0.0
invalidate_on_opposite_n_closes_1m__buffer_1__confirm_5,MES,2024,137,-2970.0,189,267.5,1432.5,137,0.40875912408759124,1.9525547445255473,1.0158213810439154,0.07589189196515828,0.3371555802637567,-2970.0,-2970.0,0.854632587859425,0.0,-250.0,467.5,0.43769968051118213,137,False,0,104,151,189,0.6038338658146964,0,0.0,0.0,0,0.0,0.0
invalidate_on_opposite_n_closes_1m__buffer_1__confirm_5,MES,2025,145,-3295.0,175,-2430.0,-1587.5,145,0.3724137931034483,-16.75862068965517,0.8521560574948666,-0.7782894339578548,-1.9595338212001723,-3295.0,-3295.0,-7.788461538461538,0.0,-250.0,467.5,0.46474358974358976,145,False,0,92,161,175,0.5608974358974359,0,0.0,0.0,0,0.0,0.0
invalidate_on_opposite_n_closes_1m__buffer_1__confirm_5,MES,2026,31,-583.75,34,-260.0,-130.0,31,0.5483870967741935,-8.387096774193548,0.8889482114255206,-0.5186587783952628,-1.257030392239964,-583.75,-583.75,-3.823529411764706,0.0,-240.0,425.0,0.45588235294117646,31,False,0,17,38,34,0.5,0,0.0,0.0,0,0.0,0.0
invalidate_on_opposite_n_closes_1m__buffer_1__confirm_5,MGC,2018,68,-4623.999999999377,102,-4837.499999999341,-3364.9999999993406,68,0.3235294117647059,-71.13970588234325,0.48785135778946415,-2.67163148927578,-4.854357237203985,-4623.999999999377,-4837.49999999934,-20.761802575104465,0.0,-249.99999999995453,423.50000000001273,0.2918454935622318,68,False,0,57,81,102,0.43776824034334766,0,0.0,0.0,0,0.0,0.0
invalidate_on_opposite_n_closes_1m__buffer_1__confirm_5,MGC,2019,72,-1817.499999999718,93,8.000000000577074,1223.000000000577,72,0.4444444444444444,0.11111111111912603,1.0011007911937502,0.003963588031117533,0.00573747770766343,-1817.499999999718,-1817.499999999718,0.03252032520559786,0.0,-248.49999999999682,450.0,0.2926829268292683,72,False,0,56,87,93,0.3780487804878049,0,0.0,0.0,0,0.0,0.0
invalidate_on_opposite_n_closes_1m__buffer_1__confirm_5,MGC,2020,88,-1865.99999999989,94,1793.0000000003156,2583.0000000003156,88,0.4772727272727273,20.375000000003585,1.2155177594807811,0.7438318771168282,1.269137092410677,-1865.99999999989,-1865.99999999989,6.313380281691252,0.0,-247.50000000000227,457.9999999999927,0.30985915492957744,88,False,0,54,99,94,0.33098591549295775,0,0.0,0.0,0,0.0,0.0
invalidate_on_opposite_n_closes_1m__buffer_1__confirm_5,MGC,2021,71,-2375.499999999772,106,-1701.9999999996048,-1021.9999999996048,71,0.4225352112676056,-23.97183098590993,0.7411013081838033,-0.966130516181643,-1.0906171455011846,-2375.499999999772,-2375.499999999772,-5.992957746477482,0.0,-248.4999999999809,415.5000000000109,0.25,71,False,0,67,90,106,0.3732394366197183,0,0.0,0.0,0,0.0,0.0
invalidate_on_opposite_n_closes_1m__buffer_1__confirm_5,MGC,2022,78,-3487.499999999816,101,-1273.499999999724,-570.999999999724,78,0.41025641025641024,-16.326923076919538,0.8448842874543535,-0.618327587874598,-1.0223308943983083,-3487.499999999816,-3487.499999999816,-4.7696629213472805,0.0,-247.4999999999909,457.9999999999927,0.29213483146067415,78,False,0,56,95,101,0.3782771535580524,0,0.0,0.0,0,0.0,0.0
invalidate_on_opposite_n_closes_1m__buffer_1__confirm_5,MGC,2023,81,-5720.4999999997035,104,-3522.4999999996544,-2679.9999999996544,81,0.35802469135802467,-43.48765432098339,0.6545383219732499,-1.5902749108207195,-3.179055255541761,-5720.4999999997035,-5720.4999999997035,-12.762681159419037,0.0,-248.99999999999181,457.9999999999927,0.29347826086956524,81,False,0,58,93,104,0.37681159420289856,0,0.0,0.0,0,0.0,0.0
invalidate_on_opposite_n_closes_1m__buffer_1__confirm_5,MGC,2024,84,-1959.4999999998663,100,-118.49999999955116,569.0000000004488,84,0.42857142857142855,-1.4107142857089425,0.985860875790531,-0.05204931933151305,-0.08834866558293368,-1959.4999999998663,-1959.4999999998663,-0.4128919860611539,0.0,-248.99999999997817,463.4999999999809,0.2926829268292683,84,False,0,56,102,100,0.34843205574912894,0,0.0,0.0,0,0.0,0.0
invalidate_on_opposite_n_closes_1m__buffer_1__confirm_5,MGC,2025,87,-1110.999999999949,95,3622.0000000000164,4082.0000000000164,87,0.4942528735632184,41.632183908046166,1.4765162478621412,1.417656049400473,2.837222818217361,-1110.999999999949,-1110.999999999949,12.03322259136218,0.0,-241.49999999999181,468.9999999999782,0.28903654485049834,87,True,0,53,107,95,0.31561461794019935,0,0.0,0.0,0,0.0,0.0
invalidate_on_opposite_n_closes_1m__buffer_1__confirm_5,MGC,2026,13,-957.5000000000546,27,-524.5000000001073,-487.0000000001073,13,0.3076923076923077,-40.3461538461621,0.7060801344914073,-1.1794247779576503,-5.571018689304101,-957.5000000000546,-957.5000000000546,-7.946969696971323,0.0,-245.0000000000182,360.4999999999927,0.19696969696969696,13,False,0,16,22,27,0.4090909090909091,0,0.0,0.0,0,0.0,0.0
invalidate_on_opposite_n_closes_1m__buffer_1__confirm_5,MNQ,2019,93,-2198.0,108,-358.5,431.5,93,0.41935483870967744,-3.8548387096774195,0.9622393090372867,-0.1775358120819076,-0.3996451750126891,-2198.0,-2198.0,-1.7318840579710144,0.0,-250.0,462.0,0.4492753623188406,93,False,0,67,100,108,0.5217391304347826,0,0.0,0.0,0,0.0,0.0
invalidate_on_opposite_n_closes_1m__buffer_1__confirm_5,MNQ,2020,146,-1755.0,166,2530.0,3187.5,146,0.4657534246575342,17.328767123287673,1.1755420641803989,0.7874796770123846,2.759029799932321,-1755.0,-1755.0,8.10897435897436,0.0,-249.5,476.0,0.46794871794871795,146,True,0,88,166,166,0.532051282051282,0,0.0,0.0,0,0.0,0.0
invalidate_on_opposite_n_closes_1m__buffer_1__confirm_5,MNQ,2021,143,-828.0,154,5733.0,6330.5,143,0.5454545454545454,40.09090909090909,1.5013774104683195,1.944077744528014,4.709072086577582,-828.0,-828.0,18.434083601286172,0.0,-249.0,464.0,0.45980707395498394,143,True,0,86,168,154,0.49517684887459806,0,0.0,0.0,0,0.0,0.0
invalidate_on_opposite_n_closes_1m__buffer_1__confirm_5,MNQ,2022,94,-2115.0,175,31.5,299.0,94,0.425531914893617,0.3351063829787234,1.0031237604125347,0.012467209184955913,0.03297276097784914,-2115.0,-2331.5,0.10161290322580645,0.0,-249.0,470.0,0.3032258064516129,94,False,0,101,153,175,0.5645161290322581,0,0.0,0.0,0,0.0,0.0
invalidate_on_opposite_n_closes_1m__buffer_1__confirm_5,MNQ,2023,151,-2088.5,169,2678.5,3246.0,151,0.47019867549668876,17.73841059602649,1.200764531724319,0.890986106276307,2.26144875595388,-2088.5,-2088.5,8.640322580645162,0.0,-250.0,482.0,0.4870967741935484,151,True,0,87,166,169,0.5451612903225806,0,0.0,0.0,0,0.0,0.0
invalidate_on_opposite_n_closes_1m__buffer_1__confirm_5,MNQ,2024,124,-1074.0,172,4669.0,5081.5,124,0.46774193548387094,37.653225806451616,1.4171170768749721,1.5354495619363593,4.6532372165151115,-1074.0,-1074.0,14.916932907348242,0.0,-249.0,478.0,0.3961661341853035,124,True,0,106,149,172,0.549520766773163,0,0.0,0.0,0,0.0,0.0
invalidate_on_opposite_n_closes_1m__buffer_1__confirm_5,MNQ,2025,96,-1366.0,162,-2.0,275.5,96,0.4166666666666667,-0.020833333333333332,0.9997808219178083,-0.000845886404782494,-0.0018204553116080672,-1366.0,-1366.0,-0.00641025641025641,0.0,-243.5,477.0,0.3076923076923077,96,False,0,97,155,162,0.5192307692307693,0,0.0,0.0,0,0.0,0.0
invalidate_on_opposite_n_closes_1m__buffer_1__confirm_5,MNQ,2026,10,-453.0,30,578.5,603.5,10,0.6,57.85,1.6431350750416898,1.3123641437154243,6.449835130652496,-453.0,-453.0,8.507352941176471,0.0,-247.5,489.0,0.14705882352941177,10,False,0,18,37,30,0.4411764705882353,0,0.0,0.0,0,0.0,0.0
invalidate_on_opposite_n_closes_1m__buffer_2__confirm_2,M2K,2019,88,-2202.999999999887,108,-774.9999999996953,557.5000000003047,88,0.45454545454545453,-8.80681818181472,0.9127399650960185,-0.4056912639255217,-0.8129922011946753,-2202.999999999887,-2202.999999999887,-3.743961352655533,0.0,-247.99999999999272,440.0,0.4251207729468599,88,False,0,69,97,108,0.5217391304347826,0,0.0,0.0,0,0.0,0.0
invalidate_on_opposite_n_closes_1m__buffer_2__confirm_2,M2K,2020,127,-2381.99999999995,175,300.0000000003371,1480.0000000003374,127,0.4645669291338583,2.362204724412103,1.0261210274271086,0.11134203894317718,0.178668427459261,-2381.99999999995,-2381.99999999995,0.9615384615395419,0.0,-248.99999999999864,451.9999999999982,0.40705128205128205,127,False,0,110,144,175,0.5608974358974359,0,0.0,0.0,0,0.0,0.0
invalidate_on_opposite_n_closes_1m__buffer_2__confirm_2,M2K,2021,129,-2594.999999999784,178,970.0000000002583,1912.5000000002583,129,0.4728682170542636,7.519379844963242,1.0791545962707807,0.3373104214051509,0.7706066510089128,-2594.999999999784,-2594.999999999784,3.118971061094078,0.0,-247.99999999995634,464.0000000000009,0.41479099678456594,129,True,0,116,137,178,0.572347266881029,0,0.0,0.0,0,0.0,0.0
invalidate_on_opposite_n_closes_1m__buffer_2__confirm_2,M2K,2022,122,-3452.4999999998904,182,-80.99999999972624,749.0000000002738,122,0.4672131147540984,-0.6639344262272643,0.9933720644791976,-0.029541343199982948,-0.07079280841220395,-3452.4999999998904,-3593.9999999998868,-0.2612903225797621,0.0,-249.99999999999432,447.00000000000273,0.3935483870967742,122,False,0,123,131,182,0.5870967741935483,0,0.0,0.0,0,0.0,0.0
invalidate_on_opposite_n_closes_1m__buffer_2__confirm_2,M2K,2023,128,-4143.499999999898,169,-2829.4999999996853,-1724.4999999996855,128,0.453125,-22.10546874999754,0.7748468210392518,-1.0986762511826613,-1.9899380824117547,-4143.499999999898,-4143.499999999898,-9.127419354837695,0.0,-250.0,463.99999999999636,0.4129032258064516,128,False,0,109,141,169,0.5451612903225806,0,0.0,0.0,0,0.0,0.0
invalidate_on_opposite_n_closes_1m__buffer_2__confirm_2,M2K,2024,121,-3402.4999999997735,178,-609.999999999709,325.00000000029104,121,0.45454545454545453,-5.041322314047181,0.9483903718431639,-0.22426360678809687,-0.5018548584018504,-3402.4999999997735,-3402.4999999997735,-1.9488817891364503,0.0,-248.99999999999636,444.00000000000546,0.3865814696485623,121,False,0,119,135,178,0.5686900958466453,0,0.0,0.0,0,0.0,0.0
invalidate_on_opposite_n_closes_1m__buffer_2__confirm_2,M2K,2025,135,-4084.4999999996267,179,-3203.4999999996307,-2103.4999999996307,135,0.4074074074074074,-23.729629629626896,0.7937948569405732,-1.0642608578224848,-2.8284202541000383,-4084.4999999996267,-4245.999999999616,-10.267628205127021,0.0,-250.0,455.99999999999454,0.4326923076923077,135,False,0,108,145,179,0.5737179487179487,0,0.0,0.0,0,0.0,0.0
invalidate_on_opposite_n_closes_1m__buffer_2__confirm_2,M2K,2026,28,-1429.4999999999436,35,-323.49999999994225,-178.49999999994225,28,0.5,-11.553571428569366,0.8637320977253794,-0.6489557747583509,-1.1607778136649827,-1429.4999999999436,-1429.4999999999436,-4.757352941175621,0.0,-241.49999999999181,397.99999999999727,0.4117647058823529,28,False,0,24,31,35,0.5147058823529411,0,0.0,0.0,0,0.0,0.0
invalidate_on_opposite_n_closes_1m__buffer_2__confirm_2,MES,2019,92,-4402.5,116,-3086.25,-1903.75,92,0.3804347826086957,-33.546195652173914,0.7208276797829036,-1.5357173254540835,-3.6544549484972793,-4402.5,-4402.5,-14.909420289855072,0.0,-250.0,412.5,0.4444444444444444,92,False,0,69,98,116,0.5603864734299517,0,0.0,0.0,0,0.0,0.0
invalidate_on_opposite_n_closes_1m__buffer_2__confirm_2,MES,2020,138,-1835.0,180,110.0,1295.0,138,0.4420289855072464,0.7971014492753623,1.0072535443455324,0.034211865924378,0.09891955694138414,-1835.0,-1835.0,0.3525641025641026,0.0,-250.0,455.0,0.4423076923076923,138,False,0,99,156,180,0.5769230769230769,0,0.0,0.0,0,0.0,0.0
invalidate_on_opposite_n_closes_1m__buffer_2__confirm_2,MES,2021,138,-1262.5,167,5890.0,7205.0,138,0.5217391304347826,42.68115942028985,1.4312648727805235,1.7025069623550484,6.316094434879376,-1262.5,-1262.5,18.938906752411576,0.0,-250.0,461.25,0.4437299035369775,138,True,0,103,150,167,0.5369774919614148,0,0.0,0.0,0,0.0,0.0
invalidate_on_opposite_n_closes_1m__buffer_2__confirm_2,MES,2022,125,-2605.0,193,70.0,637.5,125,0.408,0.56,1.005148005148005,0.023585147259738204,0.08138444832124471,-2605.0,-2790.0,0.22580645161290322,0.0,-250.0,472.5,0.4032258064516129,125,False,0,120,134,193,0.6225806451612903,0,0.0,0.0,0,0.0,0.0
invalidate_on_opposite_n_closes_1m__buffer_2__confirm_2,MES,2023,141,-2551.25,182,1858.75,3026.25,141,0.4326241134751773,13.182624113475176,1.1153070719602978,0.5330356412965961,1.9652100345197614,-2551.25,-2551.25,5.995967741935484,0.0,-250.0,461.25,0.45483870967741935,141,False,0,92,161,182,0.5870967741935483,0,0.0,0.0,0,0.0,0.0
invalidate_on_opposite_n_closes_1m__buffer_2__confirm_2,MES,2024,123,-2066.25,201,806.25,1828.75,123,0.4146341463414634,6.554878048780488,1.053411725736999,0.23846597097508826,1.1990525479692553,-2066.25,-2066.25,2.5758785942492013,0.0,-250.0,467.5,0.3929712460063898,123,False,0,119,136,201,0.6421725239616614,0,0.0,0.0,0,0.0,0.0
invalidate_on_opposite_n_closes_1m__buffer_2__confirm_2,MES,2025,134,-3210.0,186,-1773.75,-996.25,134,0.373134328358209,-13.236940298507463,0.8824650045556199,-0.5855331169586881,-1.3856693966452278,-3210.0,-3210.0,-5.685096153846154,0.0,-250.0,467.5,0.42948717948717946,134,False,0,105,148,186,0.5961538461538461,0,0.0,0.0,0,0.0,0.0
invalidate_on_opposite_n_closes_1m__buffer_2__confirm_2,MES,2026,30,-583.75,34,-57.5,65.0,30,0.5666666666666667,-1.9166666666666667,0.973115137346581,-0.11725306689734905,-0.2735564985243025,-583.75,-583.75,-0.8455882352941176,0.0,-240.0,425.0,0.4411764705882353,30,False,0,18,37,34,0.5,0,0.0,0.0,0,0.0,0.0
invalidate_on_opposite_n_closes_1m__buffer_2__confirm_2,MGC,2018,64,-3876.999999999414,108,-4090.4999999993765,-2732.9999999993765,64,0.34375,-63.91406249999026,0.5297465080186686,-2.3060973544283105,-4.277338850082103,-3876.999999999414,-4090.4999999993765,-17.555793991413633,0.0,-249.99999999995453,423.50000000001273,0.27467811158798283,64,False,0,60,79,108,0.463519313304721,0,0.0,0.0,0,0.0,0.0
invalidate_on_opposite_n_closes_1m__buffer_2__confirm_2,MGC,2019,67,-2021.4999999996235,100,-867.9999999994425,237.00000000055752,67,0.43283582089552236,-12.955223880588694,0.8764588670652593,-0.45656998137496935,-0.6345157283973534,-2021.4999999996235,-2021.4999999996235,-3.528455284550579,0.0,-248.49999999999682,450.0,0.27235772357723576,67,False,0,63,82,100,0.4065040650406504,0,0.0,0.0,0,0.0,0.0
invalidate_on_opposite_n_closes_1m__buffer_2__confirm_2,MGC,2020,77,-1411.9999999999072,105,2340.0000000002615,2980.0000000002615,77,0.4805194805194805,30.389610389613786,1.3243243243243692,1.0072838566023423,1.657563723531877,-1411.9999999999072,-1411.9999999999072,8.23943661971923,0.0,-247.5,457.9999999999927,0.2711267605633803,77,False,0,66,90,105,0.36971830985915494,0,0.0,0.0,0,0.0,0.0
invalidate_on_opposite_n_closes_1m__buffer_2__confirm_2,MGC,2021,64,-2109.499999999796,115,-749.499999999648,-131.99999999964803,64,0.46875,-11.7109374999945,0.8666725962821882,-0.4387959246366579,-0.47595950591304975,-2109.499999999796,-2109.499999999796,-2.639084507041014,0.0,-248.4999999999809,415.5000000000109,0.22535211267605634,64,False,0,77,81,115,0.40492957746478875,0,0.0,0.0,0,0.0,0.0
invalidate_on_opposite_n_closes_1m__buffer_2__confirm_2,MGC,2022,73,-3455.999999999817,109,-857.9999999997403,-222.99999999974034,73,0.410958904109589,-11.75342465753069,0.8884410349759769,-0.42335820554374665,-0.7096731479006211,-3455.999999999817,-3455.999999999817,-3.213483146066443,0.0,-247.4999999999909,457.9999999999927,0.27340823970037453,73,False,0,64,87,109,0.40823970037453183,0,0.0,0.0,0,0.0,0.0
invalidate_on_opposite_n_closes_1m__buffer_2__confirm_2,MGC,2023,77,-6019.999999999689,112,-3471.499999999646,-2658.999999999646,77,0.36363636363636365,-45.08441558441099,0.6444228208542713,-1.6073235718219196,-3.208235444448608,-6019.999999999689,-6019.999999999689,-12.577898550723356,0.0,-248.99999999999181,457.9999999999927,0.27898550724637683,77,False,0,63,88,112,0.4057971014492754,0,0.0,0.0,0,0.0,0.0
invalidate_on_opposite_n_closes_1m__buffer_2__confirm_2,MGC,2024,77,-1777.499999999759,109,-459.99999999957936,180.00000000042064,77,0.4155844155844156,-5.9740259740205115,0.9409953822473568,-0.21175750740741925,-0.3358193421611809,-1777.499999999759,-1777.499999999759,-1.6027874564445275,0.0,-248.99999999997817,463.4999999999809,0.2682926829268293,77,False,0,65,95,109,0.3797909407665505,0,0.0,0.0,0,0.0,0.0
invalidate_on_opposite_n_closes_1m__buffer_2__confirm_2,MGC,2025,81,-1110.999999999949,104,2956.0000000000764,3386.0000000000764,81,0.4691358024691358,36.49382716049477,1.4014940577249815,1.1912712008075734,2.314875707504645,-1110.999999999949,-1110.999999999949,9.820598006644772,0.0,-241.49999999999181,468.9999999999782,0.2691029900332226,81,True,0,63,98,104,0.34551495016611294,0,0.0,0.0,0,0.0,0.0
invalidate_on_opposite_n_closes_1m__buffer_2__confirm_2,MGC,2026,13,-957.5000000000546,30,-524.5000000001073,-487.0000000001073,13,0.3076923076923077,-40.3461538461621,0.7060801344914073,-1.1794247779576503,-5.571018689304101,-957.5000000000546,-957.5000000000546,-7.946969696971323,0.0,-245.0000000000182,360.4999999999927,0.19696969696969696,13,False,0,18,20,30,0.45454545454545453,0,0.0,0.0,0,0.0,0.0
invalidate_on_opposite_n_closes_1m__buffer_2__confirm_2,MNQ,2019,89,-1970.0,113,-104.5,648.0,89,0.42696629213483145,-1.1741573033707866,0.9884249003101462,-0.0525667839979711,-0.11568535918829007,-1970.0,-1970.0,-0.5048309178743962,0.0,-250.0,462.0,0.42995169082125606,89,False,0,71,97,113,0.5458937198067633,0,0.0,0.0,0,0.0,0.0
invalidate_on_opposite_n_closes_1m__buffer_2__confirm_2,MNQ,2020,135,-1534.0,170,3990.0,4600.0,135,0.4888888888888889,29.555555555555557,1.316352824578791,1.2814416842393326,4.250450425590159,-1534.0,-1534.0,12.788461538461538,0.0,-249.5,476.0,0.4326923076923077,135,True,0,98,156,170,0.5448717948717948,0,0.0,0.0,0,0.0,0.0
invalidate_on_opposite_n_closes_1m__buffer_2__confirm_2,MNQ,2021,131,-687.0,163,6822.0,7374.5,131,0.5725190839694656,52.0763358778626,1.6892997878144893,2.388176816627238,5.692497284506597,-687.0,-687.0,21.935691318327976,0.0,-249.0,464.0,0.4212218649517685,131,True,0,97,157,163,0.5241157556270096,0,0.0,0.0,0,0.0,0.0
invalidate_on_opposite_n_closes_1m__buffer_2__confirm_2,MNQ,2022,83,-2115.0,191,579.5,817.0,83,0.42168674698795183,6.981927710843373,1.0636393586646167,0.23534525134964748,0.6926165215377372,-2115.0,-2331.5,1.8693548387096774,0.0,-248.0,470.0,0.267741935483871,83,False,0,117,137,191,0.6161290322580645,0,0.0,0.0,0,0.0,0.0
invalidate_on_opposite_n_closes_1m__buffer_2__confirm_2,MNQ,2023,140,-2523.5,179,2282.5,2800.0,140,0.45,16.303571428571427,1.1768694304533127,0.7700523913585533,1.9440284122509828,-2523.5,-2523.5,7.362903225806452,0.0,-250.0,482.0,0.45161290322580644,140,True,0,96,157,179,0.5774193548387097,0,0.0,0.0,0,0.0,0.0
invalidate_on_opposite_n_closes_1m__buffer_2__confirm_2,MNQ,2024,113,-1289.5,186,5069.5,5449.5,113,0.48672566371681414,44.86283185840708,1.5080932097218742,1.7318709497949396,5.044797037553917,-1289.5,-1289.5,16.196485623003195,0.0,-249.0,478.0,0.3610223642172524,113,True,0,118,137,186,0.5942492012779552,0,0.0,0.0,0,0.0,0.0
invalidate_on_opposite_n_closes_1m__buffer_2__confirm_2,MNQ,2025,88,-1327.0,174,495.0,750.0,88,0.4318181818181818,5.625,1.0604026845637584,0.21594144311077518,0.4622114044324785,-1327.0,-1327.0,1.5865384615384615,0.0,-242.0,477.0,0.28205128205128205,88,False,0,110,143,174,0.5576923076923077,0,0.0,0.0,0,0.0,0.0
invalidate_on_opposite_n_closes_1m__buffer_2__confirm_2,MNQ,2026,10,-453.0,32,578.5,603.5,10,0.6,57.85,1.6431350750416898,1.3123641437154243,6.449835130652496,-453.0,-453.0,8.507352941176471,0.0,-247.5,489.0,0.14705882352941177,10,False,0,21,34,32,0.47058823529411764,0,0.0,0.0,0,0.0,0.0
invalidate_on_opposite_n_closes_1m__buffer_2__confirm_3,M2K,2019,91,-2724.4999999998545,106,-1296.4999999996633,111.00000000033674,91,0.43956043956043955,-14.247252747249046,0.8621184728278538,-0.6703217548458739,-1.334835526504249,-2724.4999999998545,-2724.4999999998545,-6.263285024152963,0.0,-247.99999999999272,440.0,0.4396135265700483,91,False,0,66,99,106,0.5120772946859904,0,0.0,0.0,0,0.0,0.0
invalidate_on_opposite_n_closes_1m__buffer_2__confirm_3,M2K,2020,132,-2381.99999999995,169,-67.49999999965257,1162.5000000003477,132,0.4621212121212121,-0.5113636363610043,0.9943698390191296,-0.02480721651444053,-0.04031904692545312,-2381.99999999995,-2381.99999999995,-0.21634615384504066,0.0,-248.99999999999864,451.9999999999982,0.4230769230769231,132,False,0,105,149,169,0.5416666666666666,0,0.0,0.0,0,0.0,0.0
invalidate_on_opposite_n_closes_1m__buffer_2__confirm_3,M2K,2021,136,-2374.499999999773,174,1017.5000000002533,2055.0000000002533,136,0.47058823529411764,7.481617647060686,1.0781550042246162,0.34167474026653377,0.814833661160876,-2374.499999999773,-2374.499999999773,3.2717041800651248,0.0,-249.9999999999909,464.0000000000009,0.43729903536977494,136,True,0,110,143,174,0.5594855305466238,0,0.0,0.0,0,0.0,0.0
invalidate_on_opposite_n_closes_1m__buffer_2__confirm_3,M2K,2022,123,-3387.499999999888,181,-15.999999999723968,819.000000000276,123,0.4715447154471545,-0.13008130081076397,0.9986907781687485,-0.005833301361905499,-0.01398376462443884,-3387.499999999888,-3528.9999999998845,-0.051612903224917496,0.0,-249.99999999999432,447.00000000000273,0.3967741935483871,123,False,0,122,132,181,0.5838709677419355,0,0.0,0.0,0,0.0,0.0
invalidate_on_opposite_n_closes_1m__buffer_2__confirm_3,M2K,2023,135,-4122.999999999909,159,-2318.9999999996653,-1151.4999999996655,135,0.45925925925925926,-17.177777777775297,0.8196874271052254,-0.8783575003873609,-1.573650542379085,-4122.999999999909,-4122.999999999909,-7.480645161289243,0.0,-250.0,463.99999999999636,0.43548387096774194,135,False,0,103,146,159,0.5129032258064516,0,0.0,0.0,0,0.0,0.0
invalidate_on_opposite_n_closes_1m__buffer_2__confirm_3,M2K,2024,126,-3920.499999999767,173,-1086.9999999996946,-119.49999999969486,126,0.4444444444444444,-8.626984126981704,0.9121154545822274,-0.39551474624541183,-0.836448858675195,-3920.499999999767,-3920.499999999767,-3.4728434504782575,0.0,-248.99999999999636,444.00000000000546,0.402555910543131,126,False,0,114,140,173,0.5527156549520766,0,0.0,0.0,0,0.0,0.0
invalidate_on_opposite_n_closes_1m__buffer_2__confirm_3,M2K,2025,140,-3992.999999999765,174,-2944.4999999996226,-1804.499999999623,140,0.4142857142857143,-21.032142857140162,0.8133557302231421,-0.9681660992459995,-2.485724292619349,-3992.999999999765,-4154.499999999754,-9.437499999998792,0.0,-250.0,455.99999999999454,0.44871794871794873,140,False,0,102,151,174,0.5576923076923077,0,0.0,0.0,0,0.0,0.0
invalidate_on_opposite_n_closes_1m__buffer_2__confirm_3,M2K,2026,30,-1833.4999999999377,34,-727.4999999999363,-569.9999999999363,30,0.4666666666666667,-24.24999999999788,0.7381209503239916,-1.4016734497470509,-2.7033587758401154,-1833.4999999999377,-1833.4999999999377,-10.69852941176377,0.0,-241.49999999999181,397.99999999999727,0.4411764705882353,30,False,0,22,33,34,0.5,0,0.0,0.0,0,0.0,0.0
invalidate_on_opposite_n_closes_1m__buffer_2__confirm_3,MES,2019,98,-4098.75,112,-2887.5,-1615.0,98,0.3877551020408163,-29.464285714285715,0.750862812769629,-1.389861129887445,-3.4076378460194974,-4098.75,-4098.75,-13.94927536231884,0.0,-250.0,412.5,0.47342995169082125,98,False,0,63,104,112,0.5410628019323671,0,0.0,0.0,0,0.0,0.0
invalidate_on_opposite_n_closes_1m__buffer_2__confirm_3,MES,2020,141,-1851.25,175,-388.75,823.75,141,0.4326241134751773,-2.75709219858156,0.9751815497566036,-0.12007451384444018,-0.3325340335439726,-1851.25,-1851.25,-1.2459935897435896,0.0,-250.0,455.0,0.4519230769230769,141,False,0,96,159,175,0.5608974358974359,0,0.0,0.0,0,0.0,0.0
invalidate_on_opposite_n_closes_1m__buffer_2__confirm_3,MES,2021,142,-1203.75,162,5753.75,7116.25,142,0.5140845070422535,40.519366197183096,1.4059082892416226,1.6415773476618907,5.910985877966874,-1203.75,-1203.75,18.5008038585209,0.0,-250.0,461.25,0.4565916398713826,142,True,0,99,154,162,0.5209003215434084,0,0.0,0.0,0,0.0,0.0
invalidate_on_opposite_n_closes_1m__buffer_2__confirm_3,MES,2022,129,-2552.5,189,-232.5,355.0,129,0.4108527131782946,-1.802325581395349,0.9834135901551632,-0.07782173808177145,-0.27266975739256316,-2552.5,-2737.5,-0.75,0.0,-250.0,472.5,0.4161290322580645,129,False,0,117,137,189,0.6096774193548387,0,0.0,0.0,0,0.0,0.0
invalidate_on_opposite_n_closes_1m__buffer_2__confirm_3,MES,2023,145,-2573.75,177,2622.5,3815.0,145,0.4413793103448276,18.086206896551722,1.1605939987752603,0.7378377806142924,2.789934358146028,-2573.75,-2573.75,8.459677419354838,0.0,-250.0,461.25,0.46774193548387094,145,False,0,88,165,177,0.5709677419354838,0,0.0,0.0,0,0.0,0.0
invalidate_on_opposite_n_closes_1m__buffer_2__confirm_3,MES,2024,129,-2646.25,200,470.0,1560.0,129,0.4108527131782946,3.643410852713178,1.0294140655558164,0.13631981528484474,0.7090158591651256,-2646.25,-2646.25,1.5015974440894568,0.0,-250.0,467.5,0.41214057507987223,129,False,0,114,141,200,0.6389776357827476,0,0.0,0.0,0,0.0,0.0
invalidate_on_opposite_n_closes_1m__buffer_2__confirm_3,MES,2025,140,-3710.0,180,-2158.75,-1343.75,140,0.37857142857142856,-15.419642857142858,0.8629365079365079,-0.7043263433644734,-1.7031772808650911,-3710.0,-3710.0,-6.919070512820513,0.0,-250.0,467.5,0.44871794871794873,140,False,0,98,155,180,0.5769230769230769,0,0.0,0.0,0,0.0,0.0
invalidate_on_opposite_n_closes_1m__buffer_2__confirm_3,MES,2026,31,-583.75,34,-260.0,-130.0,31,0.5483870967741935,-8.387096774193548,0.8889482114255206,-0.5186587783952628,-1.257030392239964,-583.75,-583.75,-3.823529411764706,0.0,-240.0,425.0,0.45588235294117646,31,False,0,17,38,34,0.5,0,0.0,0.0,0,0.0,0.0
invalidate_on_opposite_n_closes_1m__buffer_2__confirm_3,MGC,2018,66,-3985.9999999994006,105,-4199.499999999363,-2806.999999999364,66,0.3484848484848485,-63.62878787877823,0.5299154866514129,-2.3445037220930374,-4.433848927996497,-3985.9999999994006,-4199.499999999363,-18.02360515021186,0.0,-249.99999999995453,423.50000000001273,0.2832618025751073,66,False,0,59,80,105,0.45064377682403434,0,0.0,0.0,0,0.0,0.0
invalidate_on_opposite_n_closes_1m__buffer_2__confirm_3,MGC,2019,70,-1596.9999999997276,96,286.00000000054933,1451.0000000005493,70,0.45714285714285713,4.085714285722133,1.0407059493311361,0.14206201654717296,0.20906854645404166,-1596.9999999997276,-1596.9999999997276,1.1626016260184933,0.0,-248.49999999999682,450.0,0.2845528455284553,70,False,0,59,85,96,0.3902439024390244,0,0.0,0.0,0,0.0,0.0
invalidate_on_opposite_n_closes_1m__buffer_2__confirm_3,MGC,2020,81,-1659.4999999999095,101,2117.000000000264,2787.000000000264,81,0.48148148148148145,26.135802469139065,1.2765332114166696,0.8991024076647257,1.522894605031194,-1659.4999999999095,-1659.4999999999095,7.454225352113606,0.0,-247.50000000000227,457.9999999999927,0.2852112676056338,81,True,0,61,93,101,0.35563380281690143,0,0.0,0.0,0,0.0,0.0
invalidate_on_opposite_n_closes_1m__buffer_2__confirm_3,MGC,2021,64,-2109.499999999796,113,-749.499999999648,-131.99999999964803,64,0.46875,-11.7109374999945,0.8666725962821882,-0.4387959246366579,-0.47595950591304975,-2109.499999999796,-2109.499999999796,-2.639084507041014,0.0,-248.4999999999809,415.5000000000109,0.22535211267605634,64,False,0,75,83,113,0.397887323943662,0,0.0,0.0,0,0.0,0.0
invalidate_on_opposite_n_closes_1m__buffer_2__confirm_3,MGC,2022,75,-3455.999999999817,106,-996.9999999997344,-331.9999999997344,75,0.41333333333333333,-13.293333333329793,0.8743145288370933,-0.4876939741237132,-0.8270707153927763,-3455.999999999817,-3455.999999999817,-3.7340823970027506,0.0,-247.4999999999909,457.9999999999927,0.2808988764044944,75,False,0,62,89,106,0.3970037453183521,0,0.0,0.0,0,0.0,0.0
invalidate_on_opposite_n_closes_1m__buffer_2__confirm_3,MGC,2023,79,-6102.999999999685,109,-3789.9999999996407,-2964.9999999996407,79,0.35443037974683544,-47.97468354429925,0.6240638793830529,-1.743777415580213,-3.442502252951091,-6102.999999999685,-6102.999999999685,-13.731884057969713,0.0,-248.99999999999181,457.9999999999927,0.286231884057971,79,False,0,60,91,109,0.39492753623188404,0,0.0,0.0,0,0.0,0.0
invalidate_on_opposite_n_closes_1m__buffer_2__confirm_3,MGC,2024,78,-1892.999999999679,108,-602.4999999995794,40.00000000042064,78,0.41025641025641024,-7.724358974353581,0.9241040498835278,-0.27669667455908165,-0.443916893605257,-1892.999999999679,-1892.999999999679,-2.099303135887036,0.0,-248.99999999997817,463.4999999999809,0.27177700348432055,78,False,0,63,96,108,0.37630662020905925,0,0.0,0.0,0,0.0,0.0
invalidate_on_opposite_n_closes_1m__buffer_2__confirm_3,MGC,2025,83,-1110.999999999949,101,3046.0000000000673,3481.0000000000673,83,0.4819277108433735,36.6987951807237,1.4137181663837242,1.2271523924383543,2.3853556850673616,-1110.999999999949,-1110.999999999949,10.119601328903878,0.0,-241.49999999999181,468.9999999999782,0.2757475083056478,83,True,0,59,101,101,0.33554817275747506,0,0.0,0.0,0,0.0,0.0
invalidate_on_opposite_n_closes_1m__buffer_2__confirm_3,MGC,2026,13,-957.5000000000546,29,-524.5000000001073,-487.0000000001073,13,0.3076923076923077,-40.3461538461621,0.7060801344914073,-1.1794247779576503,-5.571018689304101,-957.5000000000546,-957.5000000000546,-7.946969696971323,0.0,-245.0000000000182,360.4999999999927,0.19696969696969696,13,False,0,17,21,29,0.4393939393939394,0,0.0,0.0,0,0.0,0.0
invalidate_on_opposite_n_closes_1m__buffer_2__confirm_3,MNQ,2019,89,-1970.0,111,-104.5,648.0,89,0.42696629213483145,-1.1741573033707866,0.9884249003101462,-0.0525667839979711,-0.11568535918829007,-1970.0,-1970.0,-0.5048309178743962,0.0,-250.0,462.0,0.42995169082125606,89,False,0,70,97,111,0.5362318840579711,0,0.0,0.0,0,0.0,0.0
invalidate_on_opposite_n_closes_1m__buffer_2__confirm_3,MNQ,2020,140,-1770.0,168,3452.5,4085.0,140,0.4785714285714286,24.660714285714285,1.2562152133580704,1.087750877367956,3.7141613935347437,-1770.0,-1770.0,11.065705128205128,0.0,-249.5,476.0,0.44871794871794873,140,True,0,94,160,168,0.5384615384615384,0,0.0,0.0,0,0.0,0.0
invalidate_on_opposite_n_closes_1m__buffer_2__confirm_3,MNQ,2021,135,-687.0,157,6664.0,7231.5,135,0.562962962962963,49.36296296296296,1.6459868165955798,2.304989561762847,5.3237207208065715,-687.0,-687.0,21.427652733118972,0.0,-249.0,464.0,0.4340836012861736,135,True,0,93,161,157,0.5048231511254019,0,0.0,0.0,0,0.0,0.0
invalidate_on_opposite_n_closes_1m__buffer_2__confirm_3,MNQ,2022,85,-2115.0,186,329.0,571.5,85,0.4117647058823529,3.8705882352941177,1.0351627211029766,0.13277040857948225,0.3346567797797395,-2115.0,-2331.5,1.0612903225806452,0.0,-249.0,470.0,0.27419354838709675,85,False,0,114,140,186,0.6,0,0.0,0.0,0,0.0,0.0
invalidate_on_opposite_n_closes_1m__buffer_2__confirm_3,MNQ,2023,146,-2523.5,173,2384.0,2934.0,146,0.4589041095890411,16.328767123287673,1.1811687818223269,0.8000299804935554,2.0010359685676566,-2523.5,-2523.5,7.690322580645161,0.0,-250.0,482.0,0.47096774193548385,146,True,0,92,161,173,0.5580645161290323,0,0.0,0.0,0,0.0,0.0
invalidate_on_opposite_n_closes_1m__buffer_2__confirm_3,MNQ,2024,118,-1074.0,180,4865.0,5257.5,118,0.4745762711864407,41.228813559322035,1.4622327790973872,1.63846508893092,4.920907206508488,-1074.0,-1074.0,15.543130990415335,0.0,-249.0,478.0,0.3769968051118211,118,True,0,112,143,180,0.5750798722044729,0,0.0,0.0,0,0.0,0.0
invalidate_on_opposite_n_closes_1m__buffer_2__confirm_3,MNQ,2025,92,-1663.0,171,-267.0,-2.0,92,0.41304347826086957,-2.902173913043478,0.9701909121357597,-0.11445542075574759,-0.2522320517678905,-1663.0,-1663.0,-0.8557692307692307,0.0,-243.5,477.0,0.2948717948717949,92,False,0,105,148,171,0.5480769230769231,0,0.0,0.0,0,0.0,0.0
invalidate_on_opposite_n_closes_1m__buffer_2__confirm_3,MNQ,2026,10,-453.0,31,578.5,603.5,10,0.6,57.85,1.6431350750416898,1.3123641437154243,6.449835130652496,-453.0,-453.0,8.507352941176471,0.0,-247.5,489.0,0.14705882352941177,10,False,0,19,36,31,0.45588235294117646,0,0.0,0.0,0,0.0,0.0
invalidate_on_opposite_n_closes_1m__buffer_2__confirm_5,M2K,2019,96,-2678.9999999998454,102,-1352.9999999996378,129.50000000036198,96,0.4375,-14.093749999996227,0.864286072521223,-0.6783980021915995,-1.4117793757589234,-2678.9999999998454,-2678.9999999998454,-6.536231884056222,0.0,-247.99999999999272,440.0,0.463768115942029,96,False,0,60,105,102,0.4927536231884058,0,0.0,0.0,0,0.0,0.0
invalidate_on_opposite_n_closes_1m__buffer_2__confirm_5,M2K,2020,138,-2638.4999999999436,164,-485.99999999963416,816.5000000003661,138,0.463768115942029,-3.5217391304321315,0.9617684078036782,-0.17532955291155036,-0.29213174057159574,-2638.4999999999436,-2638.4999999999436,-1.5576923076911333,0.0,-248.99999999999864,451.9999999999982,0.4423076923076923,138,False,0,99,155,164,0.5256410256410257,0,0.0,0.0,0,0.0,0.0
invalidate_on_opposite_n_closes_1m__buffer_2__confirm_5,M2K,2021,140,-2199.4999999997094,171,803.5000000002708,1871.0000000002706,140,0.4714285714285714,5.739285714287648,1.0597664385599739,0.26746387886028267,0.6487361122309009,-2199.4999999997094,-2199.4999999997094,2.5836012861745044,0.0,-249.9999999999909,464.0000000000009,0.45016077170418006,140,False,0,106,147,171,0.5498392282958199,0,0.0,0.0,0,0.0,0.0
invalidate_on_opposite_n_closes_1m__buffer_2__confirm_5,M2K,2022,130,-3764.9999999998695,179,-927.9999999997001,-20.499999999699867,130,0.45384615384615384,-7.138461538459231,0.9313609467455833,-0.32700120077000816,-0.8339796714371537,-3764.9999999998695,-4000.49999999986,-2.993548387095809,0.0,-249.99999999999432,447.00000000000273,0.41935483870967744,130,False,0,114,140,179,0.5774193548387097,0,0.0,0.0,0,0.0,0.0
invalidate_on_opposite_n_closes_1m__buffer_2__confirm_5,M2K,2023,137,-4122.999999999909,152,-2153.9999999996635,-976.4999999996633,137,0.45985401459854014,-15.72262773722382,0.8326080198943355,-0.813566131895884,-1.424093222520887,-4122.999999999909,-4122.999999999909,-6.948387096773108,0.0,-250.0,463.99999999999636,0.44193548387096776,137,False,0,99,149,152,0.49032258064516127,0,0.0,0.0,0,0.0,0.0
invalidate_on_opposite_n_closes_1m__buffer_2__confirm_5,M2K,2024,130,-3982.4999999997563,164,-1148.9999999996837,-141.49999999968372,130,0.4461538461538462,-8.838461538459105,0.9089143446034553,-0.4151678914298183,-0.8505069478534597,-3982.4999999997563,-3982.4999999997563,-3.6709265175708747,0.0,-248.99999999999636,444.00000000000546,0.41533546325878595,130,False,0,106,144,164,0.5239616613418531,0,0.0,0.0,0,0.0,0.0
invalidate_on_opposite_n_closes_1m__buffer_2__confirm_5,M2K,2025,144,-3758.999999999766,166,-2363.499999999626,-1198.4999999996262,144,0.4236111111111111,-16.41319444444185,0.8513428517517019,-0.7638690451048371,-1.9915382004777793,-3758.999999999766,-3920.4999999997553,-7.575320512819315,0.0,-250.0,455.99999999999454,0.46153846153846156,144,False,0,98,155,166,0.532051282051282,0,0.0,0.0,0,0.0,0.0
invalidate_on_opposite_n_closes_1m__buffer_2__confirm_5,M2K,2026,32,-2276.9999999999277,33,-1170.9999999999263,-1000.9999999999263,32,0.4375,-36.5937499999977,0.6365047338196645,-2.16487411762177,-4.471653951594092,-2276.9999999999277,-2276.9999999999277,-17.220588235293036,0.0,-241.49999999999181,397.99999999999727,0.47058823529411764,32,False,0,19,36,33,0.4852941176470588,0,0.0,0.0,0,0.0,0.0
invalidate_on_opposite_n_closes_1m__buffer_2__confirm_5,MES,2019,102,-4321.25,106,-3110.0,-1795.0,102,0.39215686274509803,-30.49019607843137,0.7412107343457458,-1.480116767708988,-3.722336535920634,-4321.25,-4321.25,-15.02415458937198,0.0,-250.0,412.5,0.4927536231884058,102,False,0,59,107,106,0.5120772946859904,0,0.0,0.0,0,0.0,0.0
invalidate_on_opposite_n_closes_1m__buffer_2__confirm_5,MES,2020,149,-1851.25,166,563.75,1813.75,149,0.4429530201342282,3.783557046979866,1.0348774263398035,0.16868364212148748,0.48752241253495415,-1851.25,-1851.25,1.8068910256410255,0.0,-250.0,455.0,0.4775641025641026,149,False,0,86,169,166,0.532051282051282,0,0.0,0.0,0,0.0,0.0
invalidate_on_opposite_n_closes_1m__buffer_2__confirm_5,MES,2021,148,-1421.25,157,5018.75,6431.25,148,0.5067567567567568,33.910472972972975,1.333915502328676,1.4163302148791417,5.264189816913263,-1421.25,-1421.25,16.137459807073956,0.0,-250.0,461.25,0.4758842443729904,148,True,0,93,159,157,0.5048231511254019,0,0.0,0.0,0,0.0,0.0
invalidate_on_opposite_n_closes_1m__buffer_2__confirm_5,MES,2022,137,-2306.25,182,-222.5,395.0,137,0.41605839416058393,-1.6240875912408759,0.9848109906988651,-0.07321109836695472,-0.24981622324411454,-2306.25,-2491.25,-0.717741935483871,0.0,-250.0,472.5,0.44193548387096776,137,False,0,107,147,182,0.5870967741935483,0,0.0,0.0,0,0.0,0.0
invalidate_on_opposite_n_closes_1m__buffer_2__confirm_5,MES,2023,150,-2803.75,165,2948.75,4171.25,150,0.44666666666666666,19.658333333333335,1.1771286980027031,0.820489713107583,3.061128507323891,-2803.75,-2803.75,9.512096774193548,0.0,-250.0,461.25,0.4838709677419355,150,False,0,82,171,165,0.532258064516129,0,0.0,0.0,0,0.0,0.0
invalidate_on_opposite_n_closes_1m__buffer_2__confirm_5,MES,2024,139,-3220.0,188,-227.5,957.5,139,0.4028776978417266,-1.6366906474820144,0.9869271656371211,-0.06415165910180912,-0.2870526525154389,-3220.0,-3220.0,-0.7268370607028753,0.0,-250.0,467.5,0.4440894568690096,139,False,0,102,153,188,0.6006389776357828,0,0.0,0.0,0,0.0,0.0
invalidate_on_opposite_n_closes_1m__buffer_2__confirm_5,MES,2025,147,-3287.5,171,-2016.25,-1146.25,147,0.38095238095238093,-13.715986394557824,0.8773290744543312,-0.638872133925458,-1.6258889164587853,-3287.5,-3287.5,-6.462339743589744,0.0,-250.0,467.5,0.47115384615384615,147,False,0,90,163,171,0.5480769230769231,0,0.0,0.0,0,0.0,0.0
invalidate_on_opposite_n_closes_1m__buffer_2__confirm_5,MES,2026,31,-583.75,34,-260.0,-130.0,31,0.5483870967741935,-8.387096774193548,0.8889482114255206,-0.5186587783952628,-1.257030392239964,-583.75,-583.75,-3.823529411764706,0.0,-240.0,425.0,0.45588235294117646,31,False,0,17,38,34,0.5,0,0.0,0.0,0,0.0,0.0
invalidate_on_opposite_n_closes_1m__buffer_2__confirm_5,MGC,2018,69,-4497.999999999373,98,-4711.499999999337,-3228.999999999337,69,0.3333333333333333,-68.28260869564257,0.5011910433540199,-2.5943594125106344,-4.7279181649791155,-4497.999999999373,-4711.499999999336,-20.221030042915608,0.0,-249.99999999995453,423.50000000001273,0.296137339055794,69,False,0,56,82,98,0.4206008583690987,0,0.0,0.0,0,0.0,0.0
invalidate_on_opposite_n_closes_1m__buffer_2__confirm_5,MGC,2019,74,-1894.9999999997044,90,333.0000000005998,1573.0000000005998,74,0.44594594594594594,4.5000000000081055,1.045336963921119,0.1617686464549966,0.23793021964088018,-1894.9999999997044,-1894.9999999997044,1.3536585365878042,0.0,-248.49999999999682,450.0,0.3008130081300813,74,False,0,54,89,90,0.36585365853658536,0,0.0,0.0,0,0.0,0.0
invalidate_on_opposite_n_closes_1m__buffer_2__confirm_5,MGC,2020,89,-1865.99999999989,93,1555.500000000327,2358.000000000327,89,0.47191011235955055,17.477528089891315,1.1817809980133651,0.6416306481421452,1.1068894944562224,-1865.99999999989,-1865.99999999989,5.477112676057489,0.0,-247.50000000000227,457.9999999999927,0.31338028169014087,89,False,0,53,100,93,0.3274647887323944,0,0.0,0.0,0,0.0,0.0
invalidate_on_opposite_n_closes_1m__buffer_2__confirm_5,MGC,2021,72,-2375.499999999772,103,-1632.999999999604,-947.9999999996039,72,0.4305555555555556,-22.680555555550054,0.7515972010952732,-0.9260267993070953,-1.0464029368997747,-2375.499999999772,-2375.499999999772,-5.749999999998606,0.0,-248.4999999999809,415.5000000000109,0.2535211267605634,72,False,0,66,91,103,0.3626760563380282,0,0.0,0.0,0,0.0,0.0
invalidate_on_opposite_n_closes_1m__buffer_2__confirm_5,MGC,2022,79,-3500.9999999998104,100,-1286.9999999997185,-576.9999999997185,79,0.4050632911392405,-16.291139240502766,0.8434972943394234,-0.6248781778578409,-0.9932233414134364,-3500.9999999998104,-3500.9999999998104,-4.820224719100069,0.0,-247.4999999999909,457.9999999999927,0.2958801498127341,79,False,0,55,96,100,0.37453183520599254,0,0.0,0.0,0,0.0,0.0
invalidate_on_opposite_n_closes_1m__buffer_2__confirm_5,MGC,2023,83,-5337.9999999997,103,-3375.9999999996353,-2500.9999999996353,83,0.3614457831325301,-40.674698795176326,0.6763958782650624,-1.4903094160564074,-3.064676545082618,-5337.9999999997,-5337.9999999997,-12.231884057969694,0.0,-248.99999999999181,457.9999999999927,0.3007246376811594,83,False,0,57,94,103,0.37318840579710144,0,0.0,0.0,0,0.0,0.0
invalidate_on_opposite_n_closes_1m__buffer_2__confirm_5,MGC,2024,85,-1959.4999999998663,98,-127.49999999954753,565.0000000004525,85,0.4235294117647059,-1.4999999999946767,0.9848033373063699,-0.05600198130719945,-0.09150393895703386,-1959.4999999998663,-1959.4999999998663,-0.4442508710785628,0.0,-248.99999999997817,463.4999999999809,0.2961672473867596,85,False,0,56,102,98,0.34146341463414637,0,0.0,0.0,0,0.0,0.0
invalidate_on_opposite_n_closes_1m__buffer_2__confirm_5,MGC,2025,87,-1110.999999999949,95,3622.0000000000164,4082.0000000000164,87,0.4942528735632184,41.632183908046166,1.4765162478621412,1.417656049400473,2.837222818217361,-1110.999999999949,-1110.999999999949,12.03322259136218,0.0,-241.49999999999181,468.9999999999782,0.28903654485049834,87,True,0,53,107,95,0.31561461794019935,0,0.0,0.0,0,0.0,0.0
invalidate_on_opposite_n_closes_1m__buffer_2__confirm_5,MGC,2026,13,-957.5000000000546,27,-524.5000000001073,-487.0000000001073,13,0.3076923076923077,-40.3461538461621,0.7060801344914073,-1.1794247779576503,-5.571018689304101,-957.5000000000546,-957.5000000000546,-7.946969696971323,0.0,-245.0000000000182,360.4999999999927,0.19696969696969696,13,False,0,16,22,27,0.4090909090909091,0,0.0,0.0,0,0.0,0.0
invalidate_on_opposite_n_closes_1m__buffer_2__confirm_5,MNQ,2019,95,-1838.0,106,-211.0,621.5,95,0.42105263157894735,-2.221052631578947,0.978261989388554,-0.10269494775344436,-0.2369096684562403,-1838.0,-1838.0,-1.0193236714975846,0.0,-250.0,462.0,0.45893719806763283,95,False,0,65,102,106,0.5120772946859904,0,0.0,0.0,0,0.0,0.0
invalidate_on_opposite_n_closes_1m__buffer_2__confirm_5,MNQ,2020,146,-1755.0,165,2530.0,3187.5,146,0.4657534246575342,17.328767123287673,1.1755420641803989,0.7874796770123846,2.759029799932321,-1755.0,-1755.0,8.10897435897436,0.0,-249.5,476.0,0.46794871794871795,146,True,0,88,166,165,0.5288461538461539,0,0.0,0.0,0,0.0,0.0
invalidate_on_opposite_n_closes_1m__buffer_2__confirm_5,MNQ,2021,143,-828.0,154,5733.0,6330.5,143,0.5454545454545454,40.09090909090909,1.5013774104683195,1.944077744528014,4.709072086577582,-828.0,-828.0,18.434083601286172,0.0,-249.0,464.0,0.45980707395498394,143,True,0,86,168,154,0.49517684887459806,0,0.0,0.0,0,0.0,0.0
invalidate_on_opposite_n_closes_1m__buffer_2__confirm_5,MNQ,2022,94,-2115.0,175,31.5,299.0,94,0.425531914893617,0.3351063829787234,1.0031237604125347,0.012467209184955913,0.03297276097784914,-2115.0,-2331.5,0.10161290322580645,0.0,-249.0,470.0,0.3032258064516129,94,False,0,101,153,175,0.5645161290322581,0,0.0,0.0,0,0.0,0.0
invalidate_on_opposite_n_closes_1m__buffer_2__confirm_5,MNQ,2023,152,-2088.5,168,2778.0,3348.0,152,0.47368421052631576,18.276315789473685,1.2082224637409587,0.9235720719072364,2.345456279275669,-2088.5,-2088.5,8.961290322580645,0.0,-250.0,482.0,0.49032258064516127,152,True,0,86,167,168,0.5419354838709678,0,0.0,0.0,0,0.0,0.0
invalidate_on_opposite_n_closes_1m__buffer_2__confirm_5,MNQ,2024,124,-1074.0,172,4669.0,5081.5,124,0.46774193548387094,37.653225806451616,1.4171170768749721,1.5354495619363593,4.6532372165151115,-1074.0,-1074.0,14.916932907348242,0.0,-249.0,478.0,0.3961661341853035,124,True,0,106,149,172,0.549520766773163,0,0.0,0.0,0,0.0,0.0
invalidate_on_opposite_n_closes_1m__buffer_2__confirm_5,MNQ,2025,96,-1366.0,162,-2.0,275.5,96,0.4166666666666667,-0.020833333333333332,0.9997808219178083,-0.000845886404782494,-0.0018204553116080672,-1366.0,-1366.0,-0.00641025641025641,0.0,-243.5,477.0,0.3076923076923077,96,False,0,97,155,162,0.5192307692307693,0,0.0,0.0,0,0.0,0.0
invalidate_on_opposite_n_closes_1m__buffer_2__confirm_5,MNQ,2026,10,-453.0,30,578.5,603.5,10,0.6,57.85,1.6431350750416898,1.3123641437154243,6.449835130652496,-453.0,-453.0,8.507352941176471,0.0,-247.5,489.0,0.14705882352941177,10,False,0,18,37,30,0.4411764705882353,0,0.0,0.0,0,0.0,0.0
invalidate_on_opposite_touch__buffer_0,M2K,2019,78,-2070.999999999898,120,-939.9999999997215,242.50000000027853,78,0.44871794871794873,-12.05128205127848,0.8785765032616751,-0.5353125090679167,-0.9540835938719024,-2070.999999999898,-2070.999999999898,-4.541062801931021,0.0,-247.99999999999272,440.0,0.37681159420289856,78,False,0,82,86,120,0.5797101449275363,0,0.0,0.0,0,0.0,0.0
invalidate_on_opposite_touch__buffer_0,M2K,2020,112,-1715.499999999959,188,571.5000000003187,1611.5000000003188,112,0.4732142857142857,5.102678571431417,1.0578002528445336,0.22734117110907895,0.3261206591677802,-1715.499999999959,-1715.499999999959,1.8317307692317906,0.0,-248.99999999999864,451.9999999999982,0.358974358974359,112,False,0,128,127,188,0.6025641025641025,0,0.0,0.0,0,0.0,0.0
invalidate_on_opposite_touch__buffer_0,M2K,2021,117,-2295.999999999783,188,590.5000000002303,1453.0000000002303,117,0.4700854700854701,5.047008547010516,1.051529298835049,0.21301518751773957,0.4954197304485236,-2295.999999999783,-2295.999999999783,1.8987138263672994,0.0,-247.99999999995634,464.0000000000009,0.3762057877813505,117,False,0,126,127,188,0.6045016077170418,0,0.0,0.0,0,0.0,0.0
invalidate_on_opposite_touch__buffer_0,M2K,2022,108,-3254.999999999906,199,-274.49999999975944,460.50000000024056,108,0.46296296296296297,-2.5416666666644394,0.9757423117709647,-0.10373083203961264,-0.27556122103421465,-3254.999999999906,-3488.9999999999022,-0.8854838709669673,0.0,-249.99999999999432,447.00000000000273,0.34838709677419355,108,False,0,138,116,199,0.6419354838709678,0,0.0,0.0,0,0.0,0.0
invalidate_on_opposite_touch__buffer_0,M2K,2023,115,-3362.499999999912,183,-1669.999999999719,-684.9999999997187,115,0.46956521739130436,-14.521739130432339,0.8461396720103428,-0.680838208935102,-1.1602662124956487,-3362.499999999912,-3362.499999999912,-5.3870967741926385,0.0,-250.0,463.99999999999636,0.3709677419354839,115,False,0,123,129,183,0.5903225806451613,0,0.0,0.0,0,0.0,0.0
invalidate_on_opposite_touch__buffer_0,M2K,2024,108,-2971.499999999809,193,-443.4999999997558,386.5000000002442,108,0.46296296296296297,-4.1064814814792205,0.9580535325830166,-0.17151551465257284,-0.3882338377677341,-2971.499999999809,-2971.499999999809,-1.4169329073474626,0.0,-248.99999999999636,444.00000000000546,0.3450479233226837,108,False,0,132,123,193,0.6166134185303515,0,0.0,0.0,0,0.0,0.0
invalidate_on_opposite_touch__buffer_0,M2K,2025,122,-3739.4999999996853,194,-3268.499999999657,-2303.499999999657,122,0.4016393442622951,-26.790983606554565,0.7653035579650483,-1.162582540857574,-2.8151826661717876,-3739.4999999996853,-3900.999999999675,-10.475961538460439,0.0,-250.0,455.99999999999454,0.391025641025641,122,False,0,121,132,194,0.6217948717948718,0,0.0,0.0,0,0.0,0.0
invalidate_on_opposite_touch__buffer_0,M2K,2026,22,-844.4999999999709,40,297.00000000005275,409.50000000005275,22,0.5909090909090909,13.500000000002398,1.180054561988518,0.6450654627580056,1.1153794974395492,-844.4999999999709,-844.4999999999709,4.367647058824305,0.0,-241.49999999999181,397.99999999999727,0.3235294117647059,22,False,0,32,23,40,0.5882352941176471,0,0.0,0.0,0,0.0,0.0
invalidate_on_opposite_touch__buffer_0,MES,2019,77,-3013.75,127,-1953.75,-998.75,77,0.38961038961038963,-25.373376623376622,0.7804775280898877,-1.061338898924302,-2.2689566223025386,-3013.75,-3013.75,-9.43840579710145,0.0,-250.0,412.5,0.3719806763285024,77,False,0,84,84,127,0.6135265700483091,0,0.0,0.0,0,0.0,0.0
invalidate_on_opposite_touch__buffer_0,MES,2020,110,-1310.0,202,1726.25,2603.75,110,0.4727272727272727,15.693181818181818,1.155413009227999,0.6035876059151779,1.4489178112692678,-1310.0,-1310.0,5.532852564102564,0.0,-250.0,446.25,0.3525641025641026,110,False,0,128,127,202,0.6474358974358975,0,0.0,0.0,0,0.0,0.0
invalidate_on_opposite_touch__buffer_0,MES,2021,124,-1376.25,189,4265.0,5445.0,124,0.5161290322580645,34.395161290322584,1.340586943501697,1.3186839661155096,5.159961515604706,-1376.25,-1376.25,13.713826366559486,0.0,-250.0,461.25,0.3987138263665595,124,True,0,117,137,189,0.6077170418006431,0,0.0,0.0,0,0.0,0.0
invalidate_on_opposite_touch__buffer_0,MES,2022,107,-2215.0,206,602.5,1060.0,107,0.411214953271028,5.630841121495327,1.0528334977529321,0.21817765101514702,0.6915409581669474,-2215.0,-2400.0,1.9435483870967742,0.0,-250.0,472.5,0.34516129032258064,107,False,0,136,118,206,0.6645161290322581,0,0.0,0.0,0,0.0,0.0
invalidate_on_opposite_touch__buffer_0,MES,2023,110,-1972.5,200,2688.75,3606.25,110,0.45454545454545453,24.443181818181817,1.215401562187062,0.85084397477855,3.830784454962365,-1972.5,-1972.5,8.673387096774194,0.0,-250.0,461.25,0.3548387096774194,110,True,0,126,127,200,0.6451612903225806,0,0.0,0.0,0,0.0,0.0
invalidate_on_opposite_touch__buffer_0,MES,2024,97,-1007.5,216,2176.25,2958.75,97,0.44329896907216493,22.435567010309278,1.195354578096948,0.7217619745951978,3.045257431782326,-1007.5,-1007.5,6.952875399361022,0.0,-250.0,467.5,0.30990415335463256,97,False,0,143,112,216,0.6900958466453674,0,0.0,0.0,0,0.0,0.0
invalidate_on_opposite_touch__buffer_0,MES,2025,116,-4115.0,205,-2987.5,-2310.0,116,0.35344827586206895,-25.754310344827587,0.7815356489945156,-1.0754533549506913,-2.419783875766168,-4115.0,-4115.0,-9.575320512820513,0.0,-250.0,467.5,0.3717948717948718,116,False,0,124,129,205,0.657051282051282,0,0.0,0.0,0,0.0,0.0
invalidate_on_opposite_touch__buffer_0,MES,2026,26,-587.5,39,-57.5,50.0,26,0.5384615384615384,-2.2115384615384617,0.9713216957605985,-0.11885570543338762,-0.26723927093657945,-587.5,-587.5,-0.8455882352941176,0.0,-240.0,425.0,0.38235294117647056,26,False,0,24,31,39,0.5735294117647058,0,0.0,0.0,0,0.0,0.0
invalidate_on_opposite_touch__buffer_0,MGC,2018,46,-2684.4999999997844,117,-2000.9999999995148,-1015.9999999995148,46,0.3695652173913043,-43.49999999998945,0.6691468253968849,-1.2647207215545333,-2.129616934379332,-2684.4999999997844,-2684.4999999997844,-8.587982832615943,0.0,-249.99999999995453,423.50000000001273,0.19742489270386265,46,False,0,83,58,117,0.5021459227467812,0,0.0,0.0,0,0.0,0.0
invalidate_on_opposite_touch__buffer_0,MGC,2019,55,-1042.4999999998795,112,681.0000000004175,1601.0000000004175,55,0.4909090909090909,12.381818181825771,1.1353607632678293,0.39314952858519425,0.4779832809179653,-1042.4999999998795,-1042.4999999998795,2.7682926829285264,0.0,-248.49999999999682,450.0,0.22357723577235772,55,False,0,78,68,112,0.45528455284552843,0,0.0,0.0,0,0.0,0.0
invalidate_on_opposite_touch__buffer_0,MGC,2020,65,-1099.4999999999345,120,2031.0000000002105,2586.0000000002105,65,0.47692307692307695,31.246153846157085,1.3236395506334573,0.9258257494606734,1.4923154149438849,-1099.4999999999345,-1099.4999999999345,7.151408450704967,0.0,-247.5,457.9999999999927,0.22887323943661972,65,False,0,78,78,120,0.4225352112676056,0,0.0,0.0,0,0.0,0.0
invalidate_on_opposite_touch__buffer_0,MGC,2021,51,-1491.9999999998277,124,-153.49999999971942,309.0000000002806,51,0.49019607843137253,-3.009803921563126,0.9628958182258336,-0.10087990728561315,-0.093504737610424,-1491.9999999998277,-1491.9999999998277,-0.5404929577454909,0.0,-248.4999999999809,415.5000000000109,0.1795774647887324,51,False,0,92,67,124,0.43661971830985913,0,0.0,0.0,0,0.0,0.0
invalidate_on_opposite_touch__buffer_0,MGC,2022,63,-2512.4999999998636,115,223.50000000023329,751.0000000002333,63,0.4444444444444444,3.5476190476227507,1.0366003438958882,0.11808759013587995,0.18272697388090164,-2512.4999999998636,-2512.4999999998636,0.8370786516862669,0.0,-242.99999999998363,457.9999999999927,0.23595505617977527,63,False,0,76,77,115,0.4307116104868914,0,0.0,0.0,0,0.0,0.0
invalidate_on_opposite_touch__buffer_0,MGC,2023,56,-4456.499999999749,125,-3041.999999999714,-2491.999999999714,56,0.35714285714285715,-54.32142857142346,0.5735314734333651,-1.7064209624716211,-2.6098406593408505,-4456.499999999749,-4456.499999999749,-11.021739130433746,0.0,-248.99999999999181,457.9999999999927,0.2028985507246377,56,False,0,83,68,125,0.4528985507246377,0,0.0,0.0,0,0.0,0.0
invalidate_on_opposite_touch__buffer_0,MGC,2024,64,-1340.499999999779,120,115.50000000044975,663.0000000004497,64,0.4375,1.8046875000070273,1.0177269587906466,0.05608730360175434,0.08552588746802994,-1340.499999999779,-1340.499999999779,0.40243902439181095,0.0,-248.99999999997817,463.4999999999809,0.2229965156794425,64,False,0,78,82,120,0.4181184668989547,0,0.0,0.0,0,0.0,0.0
invalidate_on_opposite_touch__buffer_0,MGC,2025,60,-1038.4999999999764,129,2884.500000000021,3207.000000000021,60,0.4666666666666667,48.07500000000035,1.5158723061790425,1.2931670375124713,2.3604587022558166,-1038.4999999999764,-1156.9999999999254,9.583056478405386,0.0,-237.99999999999272,468.9999999999782,0.19933554817275748,60,True,0,85,78,129,0.42857142857142855,0,0.0,0.0,0,0.0,0.0
invalidate_on_opposite_touch__buffer_0,MGC,2026,11,-528.0000000000382,33,-95.00000000009095,-65.00000000009095,11,0.36363636363636365,-8.636363636371904,0.9298892988929252,-0.2276239636495774,-1.3232607805396897,-528.0000000000382,-528.0000000000382,-1.4393939393953175,0.0,-221.50000000000546,360.4999999999927,0.16666666666666666,11,False,0,21,17,33,0.5,0,0.0,0.0,0,0.0,0.0
invalidate_on_opposite_touch__buffer_0,MNQ,2019,74,-2363.5,126,-162.0,465.5,74,0.4189189189189189,-2.189189189189189,0.9782623280778262,-0.09101073327754243,-0.17039532181414632,-2363.5,-2363.5,-0.782608695652174,0.0,-250.0,462.0,0.357487922705314,74,False,0,85,83,126,0.6086956521739131,0,0.0,0.0,0,0.0,0.0
invalidate_on_opposite_touch__buffer_0,MNQ,2020,116,-1285.0,190,4021.5,4529.0,116,0.4827586206896552,34.668103448275865,1.3785297439759037,1.3753175378944988,4.293521632498758,-1285.0,-1285.0,12.889423076923077,0.0,-249.5,476.0,0.3717948717948718,116,True,0,116,138,190,0.6089743589743589,0,0.0,0.0,0,0.0,0.0
invalidate_on_opposite_touch__buffer_0,MNQ,2021,117,-1304.5,175,6435.0,6930.0,117,0.5811965811965812,55.0,1.7428142675747431,2.371876330876471,5.330488546755178,-1304.5,-1304.5,20.691318327974276,0.0,-249.0,464.0,0.3762057877813505,117,True,0,109,145,175,0.5627009646302251,0,0.0,0.0,0,0.0,0.0
invalidate_on_opposite_touch__buffer_0,MNQ,2022,69,-1483.5,205,199.5,384.5,69,0.42028985507246375,2.891304347826087,1.0252419814006453,0.08775377459905881,0.3109734027957511,-1483.5,-1731.5,0.6435483870967742,0.0,-248.0,470.0,0.22258064516129034,69,False,0,134,120,205,0.6612903225806451,0,0.0,0.0,0,0.0,0.0
invalidate_on_opposite_touch__buffer_0,MNQ,2023,121,-2442.0,190,1832.5,2277.5,121,0.4462809917355372,15.144628099173554,1.1635503592306662,0.6671844137444632,1.5488337030978192,-2442.0,-2442.0,5.911290322580645,0.0,-250.0,482.0,0.3903225806451613,121,False,0,113,140,190,0.6129032258064516,0,0.0,0.0,0,0.0,0.0
invalidate_on_opposite_touch__buffer_0,MNQ,2024,103,-1487.0,200,4816.0,5163.5,103,0.4854368932038835,46.75728155339806,1.5249332388686032,1.6977316506445255,4.611723929593827,-1487.0,-1487.0,15.386581469648561,0.0,-249.0,478.0,0.329073482428115,103,True,0,132,123,200,0.6389776357827476,0,0.0,0.0,0,0.0,0.0
invalidate_on_opposite_touch__buffer_0,MNQ,2025,73,-957.0,195,1054.0,1266.5,73,0.4383561643835616,14.438356164383562,1.1556064073226544,0.4889952382271112,1.0241833163198955,-957.0,-957.0,3.378205128205128,0.0,-242.0,477.0,0.23397435897435898,73,False,0,130,123,195,0.625,0,0.0,0.0,0,0.0,0.0
invalidate_on_opposite_touch__buffer_0,MNQ,2026,9,-453.0,37,481.0,503.5,9,0.5555555555555556,53.44444444444444,1.5347415230683714,1.0972815328780494,5.362784265935784,-453.0,-453.0,7.073529411764706,0.0,-247.5,489.0,0.1323529411764706,9,False,0,24,31,37,0.5441176470588235,0,0.0,0.0,0,0.0,0.0
invalidate_on_opposite_touch__buffer_1,M2K,2019,79,-2070.999999999898,119,-1177.9999999997199,22.000000000280124,79,0.4430379746835443,-14.911392405059745,0.8523717024876566,-0.6660570375830634,-1.2014635235434847,-2070.999999999898,-2070.999999999898,-5.690821256037294,0.0,-247.99999999999272,440.0,0.38164251207729466,79,False,0,81,87,119,0.5748792270531401,0,0.0,0.0,0,0.0,0.0
invalidate_on_opposite_touch__buffer_1,M2K,2020,114,-1877.9999999999582,187,794.0000000003199,1864.00000000032,114,0.47368421052631576,6.964912280704561,1.0790049751244113,0.31061132350398324,0.45689923290045653,-1877.9999999999582,-1877.9999999999582,2.5448717948728197,0.0,-248.99999999999864,451.9999999999982,0.36538461538461536,114,False,0,126,129,187,0.5993589743589743,0,0.0,0.0,0,0.0,0.0
invalidate_on_opposite_touch__buffer_1,M2K,2021,117,-2295.999999999783,188,590.5000000002303,1453.0000000002303,117,0.4700854700854701,5.047008547010516,1.051529298835049,0.21301518751773957,0.4954197304485236,-2295.999999999783,-2295.999999999783,1.8987138263672994,0.0,-247.99999999995634,464.0000000000009,0.3762057877813505,117,False,0,126,127,188,0.6045016077170418,0,0.0,0.0,0,0.0,0.0
invalidate_on_opposite_touch__buffer_1,M2K,2022,109,-3254.999999999906,198,-368.4999999997581,371.5000000002417,109,0.45871559633027525,-3.380733944951909,0.9677037686240346,-0.1391469322996803,-0.3612669294246142,-3254.999999999906,-3488.9999999999022,-1.1887096774185744,0.0,-249.99999999999432,447.00000000000273,0.35161290322580646,109,False,0,137,117,198,0.6387096774193548,0,0.0,0.0,0,0.0,0.0
invalidate_on_opposite_touch__buffer_1,M2K,2023,115,-3362.499999999912,182,-1669.999999999719,-684.9999999997187,115,0.46956521739130436,-14.521739130432339,0.8461396720103428,-0.680838208935102,-1.1602662124956487,-3362.499999999912,-3362.499999999912,-5.3870967741926385,0.0,-250.0,463.99999999999636,0.3709677419354839,115,False,0,123,129,182,0.5870967741935483,0,0.0,0.0,0,0.0,0.0
invalidate_on_opposite_touch__buffer_1,M2K,2024,109,-3173.999999999809,192,-645.9999999997558,191.5000000002442,109,0.45871559633027525,-5.9266055045849155,0.9400491856526592,-0.24889872406434865,-0.5697666781016852,-3173.999999999809,-3173.999999999809,-2.0638977635774944,0.0,-248.99999999999636,444.00000000000546,0.34824281150159747,109,False,0,131,124,192,0.6134185303514377,0,0.0,0.0,0,0.0,0.0
invalidate_on_opposite_touch__buffer_1,M2K,2025,123,-3443.999999999681,193,-2972.9999999996526,-2000.4999999996526,123,0.4065040650406504,-24.17073170731425,0.7865220981582062,-1.0498372011708783,-2.560666381070407,-3443.999999999681,-3605.4999999996708,-9.528846153845041,0.0,-250.0,455.99999999999454,0.3942307692307692,123,False,0,120,133,193,0.6185897435897436,0,0.0,0.0,0,0.0,0.0
invalidate_on_opposite_touch__buffer_1,M2K,2026,23,-1019.9999999999477,40,86.00000000005366,203.50000000005366,23,0.5652173913043478,3.7391304347849417,1.0462241332975306,0.18157876266578715,0.33710641758446797,-1019.9999999999477,-1019.9999999999477,1.2647058823537303,0.0,-241.49999999999181,397.99999999999727,0.3382352941176471,23,False,0,30,25,40,0.5882352941176471,0,0.0,0.0,0,0.0,0.0
invalidate_on_opposite_touch__buffer_1,MES,2019,79,-3301.25,126,-2241.25,-1261.25,79,0.379746835443038,-28.370253164556964,0.7560544217687075,-1.2100243053953186,-2.5325967283039765,-3301.25,-3301.25,-10.827294685990339,0.0,-250.0,412.5,0.38164251207729466,79,False,0,81,87,126,0.6086956521739131,0,0.0,0.0,0,0.0,0.0
invalidate_on_opposite_touch__buffer_1,MES,2020,112,-1546.25,199,1287.5,2190.0,112,0.4642857142857143,11.495535714285714,1.1115080653891956,0.4467734506796006,1.0938284598896937,-1546.25,-1546.25,4.126602564102564,0.0,-250.0,446.25,0.358974358974359,112,False,0,128,127,199,0.6378205128205128,0,0.0,0.0,0,0.0,0.0
invalidate_on_opposite_touch__buffer_1,MES,2021,126,-1376.25,186,4381.25,5583.75,126,0.5158730158730159,34.7718253968254,1.3430892717306187,1.3396687965837246,5.314503505545772,-1376.25,-1376.25,14.087620578778136,0.0,-250.0,461.25,0.40514469453376206,126,True,0,115,138,186,0.5980707395498392,0,0.0,0.0,0,0.0,0.0
invalidate_on_opposite_touch__buffer_1,MES,2022,109,-2215.0,206,121.25,611.25,109,0.4036697247706422,1.1123853211009174,1.0102019352124527,0.04349874675633419,0.13762084437393218,-2215.0,-2400.0,0.3911290322580645,0.0,-250.0,472.5,0.35161290322580646,109,False,0,135,119,206,0.6645161290322581,0,0.0,0.0,0,0.0,0.0
invalidate_on_opposite_touch__buffer_1,MES,2023,115,-2168.75,199,2317.5,3285.0,115,0.4434782608695652,20.152173913043477,1.1745269697825473,0.7180086477049341,3.2775662627365465,-2168.75,-2168.75,7.475806451612903,0.0,-250.0,461.25,0.3709677419354839,115,True,0,121,132,199,0.6419354838709678,0,0.0,0.0,0,0.0,0.0
invalidate_on_opposite_touch__buffer_1,MES,2024,98,-1007.5,214,1951.25,2743.75,98,0.4387755102040816,19.910714285714285,1.1716893972723272,0.6447836631042075,2.7489304486993693,-1007.5,-1007.5,6.234025559105431,0.0,-250.0,467.5,0.31309904153354634,98,False,0,142,113,214,0.6837060702875399,0,0.0,0.0,0,0.0,0.0
invalidate_on_opposite_touch__buffer_1,MES,2025,117,-3767.5,203,-2640.0,-1957.5,117,0.358974358974359,-22.564102564102566,0.8069469835466179,-0.9408201081064679,-2.1383194751540358,-3767.5,-3767.5,-8.461538461538462,0.0,-250.0,467.5,0.375,117,False,0,123,130,203,0.6506410256410257,0,0.0,0.0,0,0.0,0.0
invalidate_on_opposite_touch__buffer_1,MES,2026,26,-587.5,39,-57.5,50.0,26,0.5384615384615384,-2.2115384615384617,0.9713216957605985,-0.11885570543338762,-0.26723927093657945,-587.5,-587.5,-0.8455882352941176,0.0,-240.0,425.0,0.38235294117647056,26,False,0,24,31,39,0.5735294117647058,0,0.0,0.0,0,0.0,0.0
invalidate_on_opposite_touch__buffer_1,MGC,2018,48,-2684.4999999997844,116,-2464.499999999489,-1426.9999999994889,48,0.3541666666666667,-51.34374999998935,0.6215157797743004,-1.530076322568715,-2.700316990348171,-2684.4999999997844,-2684.4999999997844,-10.577253218881927,0.0,-249.99999999995453,423.50000000001273,0.20600858369098712,48,False,0,78,63,116,0.4978540772532189,0,0.0,0.0,0,0.0,0.0
invalidate_on_opposite_touch__buffer_1,MGC,2019,57,-1279.4999999998686,111,195.50000000044747,1148.0000000004475,57,0.47368421052631576,3.429824561411359,1.035439137134135,0.11072979302633512,0.1398385738866143,-1279.4999999998686,-1279.4999999998686,0.7947154471562905,0.0,-248.49999999999682,450.0,0.23170731707317074,57,False,0,76,70,111,0.45121951219512196,0,0.0,0.0,0,0.0,0.0
invalidate_on_opposite_touch__buffer_1,MGC,2020,65,-1099.4999999999345,120,2031.0000000002105,2586.0000000002105,65,0.47692307692307695,31.246153846157085,1.3236395506334573,0.9258257494606734,1.4923154149438849,-1099.4999999999345,-1099.4999999999345,7.151408450704967,0.0,-247.5,457.9999999999927,0.22887323943661972,65,False,0,78,78,120,0.4225352112676056,0,0.0,0.0,0,0.0,0.0
invalidate_on_opposite_touch__buffer_1,MGC,2021,52,-1701.9999999998277,124,-363.4999999997194,109.00000000028058,52,0.4807692307692308,-6.990384615379219,0.9163791120313469,-0.23638958381536704,-0.22437046535920127,-1701.9999999998277,-1701.9999999998277,-1.2799295774638009,0.0,-248.4999999999809,415.5000000000109,0.18309859154929578,52,False,0,91,68,124,0.43661971830985913,0,0.0,0.0,0,0.0,0.0
invalidate_on_opposite_touch__buffer_1,MGC,2022,64,-2752.9999999998518,115,-16.99999999975489,543.0000000002451,64,0.4375,-0.2656249999961702,0.9973215692453513,-0.00890595332096866,-0.0139371738179073,-2752.9999999998518,-2752.9999999998518,-0.06367041198410071,0.0,-242.99999999998363,457.9999999999927,0.2397003745318352,64,False,0,75,78,115,0.4307116104868914,0,0.0,0.0,0,0.0,0.0
invalidate_on_opposite_touch__buffer_1,MGC,2023,60,-4811.999999999736,123,-3237.499999999693,-2619.999999999693,60,0.35,-53.95833333332822,0.5801452470496963,-1.7403037121729332,-2.8466997737890476,-4811.999999999736,-4811.999999999736,-11.730072463767003,0.0,-248.99999999999181,457.9999999999927,0.21739130434782608,60,False,0,79,72,123,0.44565217391304346,0,0.0,0.0,0,0.0,0.0
invalidate_on_opposite_touch__buffer_1,MGC,2024,65,-1515.499999999779,120,-59.499999999550255,493.00000000044975,65,0.4307692307692308,-0.9153846153776962,0.9911067932143257,-0.02877523581810765,-0.044662650729460976,-1515.499999999779,-1515.499999999779,-0.20731707316916465,0.0,-248.99999999997817,463.4999999999809,0.2264808362369338,65,False,0,77,83,120,0.4181184668989547,0,0.0,0.0,0,0.0,0.0
invalidate_on_opposite_touch__buffer_1,MGC,2025,62,-1038.4999999999764,127,2718.0000000000337,3053.0000000000337,62,0.46774193548387094,43.8387096774199,1.4669300807421621,1.2098777537368548,2.2343794533550994,-1038.4999999999764,-1156.9999999999254,9.029900332226026,0.0,-237.99999999999272,468.9999999999782,0.2059800664451827,62,True,0,82,80,127,0.4219269102990033,0,0.0,0.0,0,0.0,0.0
invalidate_on_opposite_touch__buffer_1,MGC,2026,11,-528.0000000000382,33,-95.00000000009095,-65.00000000009095,11,0.36363636363636365,-8.636363636371904,0.9298892988929252,-0.2276239636495774,-1.3232607805396897,-528.0000000000382,-528.0000000000382,-1.4393939393953175,0.0,-221.50000000000546,360.4999999999927,0.16666666666666666,11,False,0,21,17,33,0.5,0,0.0,0.0,0,0.0,0.0
invalidate_on_opposite_touch__buffer_1,MNQ,2019,76,-2363.5,125,-358.0,289.5,76,0.42105263157894735,-4.7105263157894735,0.9533033326811452,-0.19994338283223317,-0.37956521041796976,-2363.5,-2363.5,-1.7294685990338163,0.0,-250.0,462.0,0.3671497584541063,76,False,0,83,85,125,0.6038647342995169,0,0.0,0.0,0,0.0,0.0
invalidate_on_opposite_touch__buffer_1,MNQ,2020,116,-1285.0,190,4021.5,4529.0,116,0.4827586206896552,34.668103448275865,1.3785297439759037,1.3753175378944988,4.293521632498758,-1285.0,-1285.0,12.889423076923077,0.0,-249.5,476.0,0.3717948717948718,116,True,0,116,138,190,0.6089743589743589,0,0.0,0.0,0,0.0,0.0
invalidate_on_opposite_touch__buffer_1,MNQ,2021,117,-1304.5,175,6435.0,6930.0,117,0.5811965811965812,55.0,1.7428142675747431,2.371876330876471,5.330488546755178,-1304.5,-1304.5,20.691318327974276,0.0,-249.0,464.0,0.3762057877813505,117,True,0,109,145,175,0.5627009646302251,0,0.0,0.0,0,0.0,0.0
invalidate_on_opposite_touch__buffer_1,MNQ,2022,69,-1483.5,205,199.5,384.5,69,0.42028985507246375,2.891304347826087,1.0252419814006453,0.08775377459905881,0.3109734027957511,-1483.5,-1731.5,0.6435483870967742,0.0,-248.0,470.0,0.22258064516129034,69,False,0,134,120,205,0.6612903225806451,0,0.0,0.0,0,0.0,0.0
invalidate_on_opposite_touch__buffer_1,MNQ,2023,121,-2442.0,190,1832.5,2277.5,121,0.4462809917355372,15.144628099173554,1.1635503592306662,0.6671844137444632,1.5488337030978192,-2442.0,-2442.0,5.911290322580645,0.0,-250.0,482.0,0.3903225806451613,121,False,0,113,140,190,0.6129032258064516,0,0.0,0.0,0,0.0,0.0
invalidate_on_opposite_touch__buffer_1,MNQ,2024,103,-1487.0,200,4816.0,5163.5,103,0.4854368932038835,46.75728155339806,1.5249332388686032,1.6977316506445255,4.611723929593827,-1487.0,-1487.0,15.386581469648561,0.0,-249.0,478.0,0.329073482428115,103,True,0,132,123,200,0.6389776357827476,0,0.0,0.0,0,0.0,0.0
invalidate_on_opposite_touch__buffer_1,MNQ,2025,73,-957.0,195,1054.0,1266.5,73,0.4383561643835616,14.438356164383562,1.1556064073226544,0.4889952382271112,1.0241833163198955,-957.0,-957.0,3.378205128205128,0.0,-242.0,477.0,0.23397435897435898,73,False,0,130,123,195,0.625,0,0.0,0.0,0,0.0,0.0
invalidate_on_opposite_touch__buffer_1,MNQ,2026,9,-453.0,37,481.0,503.5,9,0.5555555555555556,53.44444444444444,1.5347415230683714,1.0972815328780494,5.362784265935784,-453.0,-453.0,7.073529411764706,0.0,-247.5,489.0,0.1323529411764706,9,False,0,24,31,37,0.5441176470588235,0,0.0,0.0,0,0.0,0.0
invalidate_on_opposite_touch__buffer_2,M2K,2019,81,-2070.999999999898,117,-1103.9999999997133,123.50000000028672,81,0.4444444444444444,-13.62962962962609,0.8653576437587981,-0.6133867788102365,-1.1353850341955873,-2070.999999999898,-2070.999999999898,-5.333333333331948,0.0,-247.99999999999272,440.0,0.391304347826087,81,False,0,78,90,117,0.5652173913043478,0,0.0,0.0,0,0.0,0.0
invalidate_on_opposite_touch__buffer_2,M2K,2020,114,-1877.9999999999582,187,794.0000000003199,1864.00000000032,114,0.47368421052631576,6.964912280704561,1.0790049751244113,0.31061132350398324,0.45689923290045653,-1877.9999999999582,-1877.9999999999582,2.5448717948728197,0.0,-248.99999999999864,451.9999999999982,0.36538461538461536,114,False,0,126,129,187,0.5993589743589743,0,0.0,0.0,0,0.0,0.0
invalidate_on_opposite_touch__buffer_2,M2K,2021,118,-2295.999999999783,188,463.0000000002326,1328.0000000002326,118,0.4661016949152542,3.923728813561293,1.0399585742642827,0.16679785530364177,0.3888387437492816,-2295.999999999783,-2295.999999999783,1.4887459807081433,0.0,-247.99999999995634,464.0000000000009,0.37942122186495175,118,False,0,125,128,188,0.6045016077170418,0,0.0,0.0,0,0.0,0.0
invalidate_on_opposite_touch__buffer_2,M2K,2022,109,-3254.999999999906,198,-368.4999999997581,371.5000000002417,109,0.45871559633027525,-3.380733944951909,0.9677037686240346,-0.1391469322996803,-0.3612669294246142,-3254.999999999906,-3488.9999999999022,-1.1887096774185744,0.0,-249.99999999999432,447.00000000000273,0.35161290322580646,109,False,0,137,117,198,0.6387096774193548,0,0.0,0.0,0,0.0,0.0
invalidate_on_opposite_touch__buffer_2,M2K,2023,116,-3362.499999999912,181,-1797.4999999997153,-804.9999999997151,116,0.46551724137931033,-15.49568965516996,0.8363156217274745,-0.731709860045499,-1.254316815951095,-3362.499999999912,-3362.499999999912,-5.798387096773273,0.0,-250.0,463.99999999999636,0.3741935483870968,116,False,0,122,130,181,0.5838709677419355,0,0.0,0.0,0,0.0,0.0
invalidate_on_opposite_touch__buffer_2,M2K,2024,109,-3173.999999999809,191,-645.9999999997558,191.5000000002442,109,0.45871559633027525,-5.9266055045849155,0.9400491856526592,-0.24889872406434865,-0.5697666781016852,-3173.999999999809,-3173.999999999809,-2.0638977635774944,0.0,-248.99999999999636,444.00000000000546,0.34824281150159747,109,False,0,130,124,191,0.610223642172524,0,0.0,0.0,0,0.0,0.0
invalidate_on_opposite_touch__buffer_2,M2K,2025,123,-3443.999999999681,193,-2972.9999999996526,-2000.4999999996526,123,0.4065040650406504,-24.17073170731425,0.7865220981582062,-1.0498372011708783,-2.560666381070407,-3443.999999999681,-3605.4999999996708,-9.528846153845041,0.0,-250.0,455.99999999999454,0.3942307692307692,123,False,0,120,133,193,0.6185897435897436,0,0.0,0.0,0,0.0,0.0
invalidate_on_opposite_touch__buffer_2,M2K,2026,23,-1019.9999999999477,40,86.00000000005366,203.50000000005366,23,0.5652173913043478,3.7391304347849417,1.0462241332975306,0.18157876266578715,0.33710641758446797,-1019.9999999999477,-1019.9999999999477,1.2647058823537303,0.0,-241.49999999999181,397.99999999999727,0.3382352941176471,23,False,0,30,25,40,0.5882352941176471,0,0.0,0.0,0,0.0,0.0
invalidate_on_opposite_touch__buffer_2,MES,2019,83,-3465.0,124,-2253.75,-1173.75,83,0.3855421686746988,-27.153614457831324,0.7668735453840186,-1.1802975845581545,-2.572346765050047,-3465.0,-3465.0,-10.88768115942029,0.0,-250.0,412.5,0.40096618357487923,83,False,0,77,91,124,0.5990338164251208,0,0.0,0.0,0,0.0,0.0
invalidate_on_opposite_touch__buffer_2,MES,2020,113,-1546.25,197,1043.75,1983.75,113,0.46017699115044247,9.236725663716815,1.0885284139100933,0.3605480944413928,0.8887714529626355,-1546.25,-1546.25,3.3453525641025643,0.0,-250.0,446.25,0.36217948717948717,113,False,0,127,128,197,0.6314102564102564,0,0.0,0.0,0,0.0,0.0
invalidate_on_opposite_touch__buffer_2,MES,2021,126,-1376.25,184,4381.25,5583.75,126,0.5158730158730159,34.7718253968254,1.3430892717306187,1.3396687965837246,5.314503505545772,-1376.25,-1376.25,14.087620578778136,0.0,-250.0,461.25,0.40514469453376206,126,True,0,115,138,184,0.5916398713826366,0,0.0,0.0,0,0.0,0.0
invalidate_on_opposite_touch__buffer_2,MES,2022,109,-2215.0,206,121.25,611.25,109,0.4036697247706422,1.1123853211009174,1.0102019352124527,0.04349874675633419,0.13762084437393218,-2215.0,-2400.0,0.3911290322580645,0.0,-250.0,472.5,0.35161290322580646,109,False,0,135,119,206,0.6645161290322581,0,0.0,0.0,0,0.0,0.0
invalidate_on_opposite_touch__buffer_2,MES,2023,116,-2168.75,198,2287.5,3262.5,116,0.4396551724137931,19.719827586206897,1.1718794026486334,0.7086577383555985,2.766224955140693,-2168.75,-2168.75,7.379032258064516,0.0,-250.0,461.25,0.3741935483870968,116,True,0,117,136,198,0.6387096774193548,0,0.0,0.0,0,0.0,0.0
invalidate_on_opposite_touch__buffer_2,MES,2024,100,-1007.5,212,1773.75,2578.75,100,0.44,17.7375,1.1531074665515753,0.5840608826986476,2.518385698478406,-1007.5,-1007.5,5.666932907348243,0.0,-250.0,467.5,0.3194888178913738,100,False,0,140,115,212,0.6773162939297125,0,0.0,0.0,0,0.0,0.0
invalidate_on_opposite_touch__buffer_2,MES,2025,117,-3767.5,203,-2640.0,-1957.5,117,0.358974358974359,-22.564102564102566,0.8069469835466179,-0.9408201081064679,-2.1383194751540358,-3767.5,-3767.5,-8.461538461538462,0.0,-250.0,467.5,0.375,117,False,0,123,130,203,0.6506410256410257,0,0.0,0.0,0,0.0,0.0
invalidate_on_opposite_touch__buffer_2,MES,2026,26,-587.5,39,-57.5,50.0,26,0.5384615384615384,-2.2115384615384617,0.9713216957605985,-0.11885570543338762,-0.26723927093657945,-587.5,-587.5,-0.8455882352941176,0.0,-240.0,425.0,0.38235294117647056,26,False,0,24,31,39,0.5735294117647058,0,0.0,0.0,0,0.0,0.0
invalidate_on_opposite_touch__buffer_2,MGC,2018,52,-2877.999999999738,114,-2785.999999999435,-1665.9999999994352,52,0.36538461538461536,-53.576923076912216,0.6012594818950038,-1.6935017055248833,-3.128983398784702,-2877.999999999738,-2877.999999999738,-11.957081545061953,0.0,-249.99999999995453,423.50000000001273,0.22317596566523606,52,False,0,74,67,114,0.4892703862660944,0,0.0,0.0,0,0.0,0.0
invalidate_on_opposite_touch__buffer_2,MGC,2019,59,-1726.4999999997667,110,-281.49999999952115,701.0000000004788,59,0.4576271186440678,-4.77118644066985,0.9530324518228854,-0.15667323042648018,-0.20554844553203594,-1726.4999999997667,-1726.4999999997667,-1.1443089430874844,0.0,-248.49999999999682,450.0,0.23983739837398374,59,False,0,73,73,110,0.44715447154471544,0,0.0,0.0,0,0.0,0.0
invalidate_on_opposite_touch__buffer_2,MGC,2020,65,-1099.4999999999345,120,2031.0000000002105,2586.0000000002105,65,0.47692307692307695,31.246153846157085,1.3236395506334573,0.9258257494606734,1.4923154149438849,-1099.4999999999345,-1099.4999999999345,7.151408450704967,0.0,-247.5,457.9999999999927,0.22887323943661972,65,False,0,77,79,120,0.4225352112676056,0,0.0,0.0,0,0.0,0.0
invalidate_on_opposite_touch__buffer_2,MGC,2021,55,-1719.9999999998204,122,-395.9999999996944,114.00000000030559,55,0.4909090909090909,-7.199999999994444,0.9134426229508827,-0.2532747007785437,-0.24651837426411843,-1719.9999999998204,-1719.9999999998204,-1.3943661971820225,0.0,-248.4999999999809,415.5000000000109,0.1936619718309859,55,False,0,88,71,122,0.4295774647887324,0,0.0,0.0,0,0.0,0.0
invalidate_on_opposite_touch__buffer_2,MGC,2022,65,-2752.9999999998518,115,-230.99999999975125,339.00000000024875,65,0.4307692307692308,-3.553846153842327,0.9647919524463104,-0.12022180081693694,-0.19129675093440188,-2752.9999999998518,-2752.9999999998518,-0.8651685393249111,0.0,-242.99999999998363,457.9999999999927,0.24344569288389514,65,False,0,73,80,115,0.4307116104868914,0,0.0,0.0,0,0.0,0.0
invalidate_on_opposite_touch__buffer_2,MGC,2023,63,-4824.499999999716,121,-3249.9999999996726,-2584.9999999996726,63,0.36507936507936506,-51.58730158729639,0.5910663730733218,-1.7218955894947217,-2.88146281887866,-4824.499999999716,-4824.499999999716,-11.775362318839393,0.0,-248.99999999999181,457.9999999999927,0.22826086956521738,63,False,0,76,75,121,0.4384057971014493,0,0.0,0.0,0,0.0,0.0
invalidate_on_opposite_touch__buffer_2,MGC,2024,66,-1522.9999999996426,119,-232.49999999954298,325.000000000457,66,0.42424242424242425,-3.5227272727203482,0.9661251548044646,-0.11199811400546499,-0.17683857353639615,-1522.9999999996426,-1522.9999999996426,-0.8101045296151324,0.0,-248.99999999997817,463.4999999999809,0.22996515679442509,66,False,0,76,84,119,0.4146341463414634,0,0.0,0.0,0,0.0,0.0
invalidate_on_opposite_touch__buffer_2,MGC,2025,64,-1038.4999999999764,126,2253.0000000000473,2603.0000000000473,64,0.453125,35.20312500000074,1.358415526566994,0.9894054730746589,1.8659881032145673,-1038.4999999999764,-1156.9999999999254,7.4850498338872,0.0,-241.49999999999181,468.9999999999782,0.21262458471760798,64,False,0,80,82,126,0.4186046511627907,0,0.0,0.0,0,0.0,0.0
invalidate_on_opposite_touch__buffer_2,MGC,2026,11,-528.0000000000382,33,-95.00000000009095,-65.00000000009095,11,0.36363636363636365,-8.636363636371904,0.9298892988929252,-0.2276239636495774,-1.3232607805396897,-528.0000000000382,-528.0000000000382,-1.4393939393953175,0.0,-221.50000000000546,360.4999999999927,0.16666666666666666,11,False,0,21,17,33,0.5,0,0.0,0.0,0,0.0,0.0
invalidate_on_opposite_touch__buffer_2,MNQ,2019,76,-2363.5,125,-358.0,289.5,76,0.42105263157894735,-4.7105263157894735,0.9533033326811452,-0.19994338283223317,-0.37956521041796976,-2363.5,-2363.5,-1.7294685990338163,0.0,-250.0,462.0,0.3671497584541063,76,False,0,83,85,125,0.6038647342995169,0,0.0,0.0,0,0.0,0.0
invalidate_on_opposite_touch__buffer_2,MNQ,2020,116,-1285.0,189,4021.5,4529.0,116,0.4827586206896552,34.668103448275865,1.3785297439759037,1.3753175378944988,4.293521632498758,-1285.0,-1285.0,12.889423076923077,0.0,-249.5,476.0,0.3717948717948718,116,True,0,116,138,189,0.6057692307692307,0,0.0,0.0,0,0.0,0.0
invalidate_on_opposite_touch__buffer_2,MNQ,2021,117,-1304.5,175,6435.0,6930.0,117,0.5811965811965812,55.0,1.7428142675747431,2.371876330876471,5.330488546755178,-1304.5,-1304.5,20.691318327974276,0.0,-249.0,464.0,0.3762057877813505,117,True,0,109,145,175,0.5627009646302251,0,0.0,0.0,0,0.0,0.0
invalidate_on_opposite_touch__buffer_2,MNQ,2022,69,-1483.5,205,199.5,384.5,69,0.42028985507246375,2.891304347826087,1.0252419814006453,0.08775377459905881,0.3109734027957511,-1483.5,-1731.5,0.6435483870967742,0.0,-248.0,470.0,0.22258064516129034,69,False,0,134,120,205,0.6612903225806451,0,0.0,0.0,0,0.0,0.0
invalidate_on_opposite_touch__buffer_2,MNQ,2023,122,-2442.0,189,1799.5,2252.0,122,0.4426229508196721,14.75,1.1601334816462736,0.6550908217302718,1.4797725564800144,-2442.0,-2442.0,5.804838709677419,0.0,-250.0,482.0,0.3935483870967742,122,False,0,112,141,189,0.6096774193548387,0,0.0,0.0,0,0.0,0.0
invalidate_on_opposite_touch__buffer_2,MNQ,2024,103,-1487.0,200,4816.0,5163.5,103,0.4854368932038835,46.75728155339806,1.5249332388686032,1.6977316506445255,4.611723929593827,-1487.0,-1487.0,15.386581469648561,0.0,-249.0,478.0,0.329073482428115,103,True,0,132,123,200,0.6389776357827476,0,0.0,0.0,0,0.0,0.0
invalidate_on_opposite_touch__buffer_2,MNQ,2025,73,-957.0,195,1054.0,1266.5,73,0.4383561643835616,14.438356164383562,1.1556064073226544,0.4889952382271112,1.0241833163198955,-957.0,-957.0,3.378205128205128,0.0,-242.0,477.0,0.23397435897435898,73,False,0,130,123,195,0.625,0,0.0,0.0,0,0.0,0.0
invalidate_on_opposite_touch__buffer_2,MNQ,2026,9,-453.0,37,481.0,503.5,9,0.5555555555555556,53.44444444444444,1.5347415230683714,1.0972815328780494,5.362784265935784,-453.0,-453.0,7.073529411764706,0.0,-247.5,489.0,0.1323529411764706,9,False,0,24,31,37,0.5441176470588235,0,0.0,0.0,0,0.0,0.0
invalidate_on_opposite_touch__buffer_4,M2K,2019,82,-2070.999999999898,116,-1313.9999999997099,-73.99999999970987,82,0.43902439024390244,-16.0243902438989,0.8437481419823133,-0.7262389659063387,-1.364229767338525,-2070.999999999898,-2070.999999999898,-6.34782608695512,0.0,-247.99999999999272,440.0,0.3961352657004831,82,False,0,76,92,116,0.5603864734299517,0,0.0,0.0,0,0.0,0.0
invalidate_on_opposite_touch__buffer_4,M2K,2020,115,-1877.9999999999582,187,580.0000000003233,1660.0000000003233,115,0.46956521739130436,5.0434782608723765,1.0565081839439139,0.22589689140606298,0.3357645837665697,-1877.9999999999582,-1877.9999999999582,1.8589743589753955,0.0,-248.99999999999864,451.9999999999982,0.3685897435897436,115,False,0,124,131,187,0.5993589743589743,0,0.0,0.0,0,0.0,0.0
invalidate_on_opposite_touch__buffer_4,M2K,2021,118,-2295.999999999783,187,463.0000000002326,1328.0000000002326,118,0.4661016949152542,3.923728813561293,1.0399585742642827,0.16679785530364177,0.3888387437492816,-2295.999999999783,-2295.999999999783,1.4887459807081433,0.0,-247.99999999995634,464.0000000000009,0.37942122186495175,118,False,0,125,128,187,0.6012861736334405,0,0.0,0.0,0,0.0,0.0
invalidate_on_opposite_touch__buffer_4,M2K,2022,109,-3254.999999999906,197,-368.4999999997581,371.5000000002417,109,0.45871559633027525,-3.380733944951909,0.9677037686240346,-0.1391469322996803,-0.3612669294246142,-3254.999999999906,-3488.9999999999022,-1.1887096774185744,0.0,-249.99999999999432,447.00000000000273,0.35161290322580646,109,False,0,137,117,197,0.635483870967742,0,0.0,0.0,0,0.0,0.0
invalidate_on_opposite_touch__buffer_4,M2K,2023,119,-3602.4999999999054,179,-1915.999999999699,-893.499999999699,119,0.47058823529411764,-16.100840336131924,0.8292563382792206,-0.7746586911541486,-1.3399614488183107,-3602.4999999999054,-3602.4999999999054,-6.180645161289352,0.0,-250.0,463.99999999999636,0.38387096774193546,119,False,0,120,132,179,0.5774193548387097,0,0.0,0.0,0,0.0,0.0
invalidate_on_opposite_touch__buffer_4,M2K,2024,112,-3474.499999999799,187,-956.9999999997435,-96.99999999974352,112,0.44642857142857145,-8.544642857140568,0.9136787985387845,-0.36727914510867793,-0.8056667765042645,-3474.499999999799,-3474.499999999799,-3.057507987219628,0.0,-248.99999999999636,444.00000000000546,0.35782747603833864,112,False,0,127,127,187,0.597444089456869,0,0.0,0.0,0,0.0,0.0
invalidate_on_opposite_touch__buffer_4,M2K,2025,126,-3501.999999999676,190,-3030.9999999996476,-2018.4999999996476,126,0.40476190476190477,-24.055555555552758,0.7895796452497666,-1.0471681331613403,-2.6227748033188285,-3501.999999999676,-3663.4999999996658,-9.71474358974246,0.0,-250.0,455.99999999999454,0.40384615384615385,126,False,0,118,135,190,0.6089743589743589,0,0.0,0.0,0,0.0,0.0
invalidate_on_opposite_touch__buffer_4,M2K,2026,24,-1122.9999999999495,39,-16.99999999994816,105.50000000005184,24,0.5416666666666666,-0.7083333333311733,0.9913419913420176,-0.03566439701801532,-0.06442665769079521,-1122.9999999999495,-1122.9999999999495,-0.24999999999923764,0.0,-241.49999999999181,397.99999999999727,0.35294117647058826,24,False,0,29,26,39,0.5735294117647058,0,0.0,0.0,0,0.0,0.0
invalidate_on_opposite_touch__buffer_4,MES,2019,87,-4178.75,120,-2862.5,-1725.0,87,0.3793103448275862,-32.90229885057471,0.724262492474413,-1.4717762267101864,-3.3185815234206415,-4178.75,-4178.75,-13.828502415458937,0.0,-250.0,412.5,0.42028985507246375,87,False,0,74,93,120,0.5797101449275363,0,0.0,0.0,0,0.0,0.0
invalidate_on_opposite_touch__buffer_4,MES,2020,117,-1546.25,193,1138.75,2131.25,117,0.46153846153846156,9.732905982905983,1.093092172491314,0.38514755703282044,0.9789525082245565,-1546.25,-1546.25,3.6498397435897436,0.0,-250.0,446.25,0.375,117,False,0,123,132,193,0.6185897435897436,0,0.0,0.0,0,0.0,0.0
invalidate_on_opposite_touch__buffer_4,MES,2021,129,-1376.25,177,5272.5,6512.5,129,0.5271317829457365,40.872093023255815,1.4128817541111982,1.5872730479425097,6.3955993684428165,-1376.25,-1376.25,16.95337620578778,0.0,-250.0,461.25,0.41479099678456594,129,True,0,112,141,177,0.5691318327974276,0,0.0,0.0,0,0.0,0.0
invalidate_on_opposite_touch__buffer_4,MES,2022,110,-2460.0,206,-123.75,371.25,110,0.4,-1.125,0.98979802143446,-0.04418616999057866,-0.13954262794604022,-2460.0,-2645.0,-0.39919354838709675,0.0,-250.0,472.5,0.3548387096774194,110,False,0,134,120,206,0.6645161290322581,0,0.0,0.0,0,0.0,0.0
invalidate_on_opposite_touch__buffer_4,MES,2023,119,-2255.0,194,2478.75,3473.75,119,0.44537815126050423,20.82983193277311,1.1833056017748198,0.7617094558639951,3.020390746384322,-2255.0,-2255.0,7.995967741935484,0.0,-250.0,461.25,0.38387096774193546,119,True,0,114,139,194,0.6258064516129033,0,0.0,0.0,0,0.0,0.0
invalidate_on_opposite_touch__buffer_4,MES,2024,104,-1007.5,208,2815.0,3662.5,104,0.4519230769230769,27.067307692307693,1.238584595825829,0.893865422418235,4.030979415932168,-1007.5,-1007.5,8.993610223642172,0.0,-250.0,467.5,0.33226837060702874,104,True,0,137,118,208,0.6645367412140575,0,0.0,0.0,0,0.0,0.0
invalidate_on_opposite_touch__buffer_4,MES,2025,118,-3631.25,202,-2503.75,-1818.75,118,0.3644067796610169,-21.218220338983052,0.8169104204753199,-0.8908082686795843,-2.0279611310291354,-3631.25,-3631.25,-8.024839743589743,0.0,-250.0,467.5,0.3782051282051282,118,False,0,122,131,202,0.6474358974358975,0,0.0,0.0,0,0.0,0.0
invalidate_on_opposite_touch__buffer_4,MES,2026,26,-587.5,38,-57.5,50.0,26,0.5384615384615384,-2.2115384615384617,0.9713216957605985,-0.11885570543338762,-0.26723927093657945,-587.5,-587.5,-0.8455882352941176,0.0,-240.0,425.0,0.38235294117647056,26,False,0,24,31,38,0.5588235294117647,0,0.0,0.0,0,0.0,0.0
invalidate_on_opposite_touch__buffer_4,MGC,2018,57,-2877.999999999738,112,-2998.499999999442,-1770.999999999442,57,0.3508771929824561,-52.60526315788495,0.6036613574780748,-1.7492859587538465,-2.962866322097615,-2877.999999999738,-2998.499999999442,-12.869098712443957,0.0,-249.99999999995453,423.50000000001273,0.2446351931330472,57,False,0,68,73,112,0.48068669527896996,0,0.0,0.0,0,0.0,0.0
invalidate_on_opposite_touch__buffer_4,MGC,2019,64,-1568.49999999979,104,165.50000000050204,1253.000000000502,64,0.46875,2.5859375000078444,1.0261618716409278,0.08755305044993505,0.12139241191961124,-1568.49999999979,-1568.49999999979,0.6727642276443172,0.0,-248.49999999999682,450.0,0.2601626016260163,64,False,0,68,78,104,0.42276422764227645,0,0.0,0.0,0,0.0,0.0
invalidate_on_opposite_touch__buffer_4,MGC,2020,67,-1214.4999999999322,118,1950.0000000002228,2520.000000000223,67,0.47761194029850745,29.104477611943626,1.3015774822147037,0.8838029723886477,1.4535910005833024,-1214.4999999999322,-1214.4999999999322,6.866197183099376,0.0,-247.5,457.9999999999927,0.23591549295774647,67,False,0,75,81,118,0.4154929577464789,0,0.0,0.0,0,0.0,0.0
invalidate_on_opposite_touch__buffer_4,MGC,2021,59,-1678.4999999998104,120,-583.9999999996803,-28.999999999680313,59,0.4745762711864407,-9.898305084740345,0.8866019417476301,-0.3520240622703333,-0.3698182167399302,-1678.4999999998104,-1678.4999999998104,-2.0563380281678882,0.0,-248.4999999999809,415.5000000000109,0.20774647887323944,59,False,0,84,75,120,0.4225352112676056,0,0.0,0.0,0,0.0,0.0
invalidate_on_opposite_touch__buffer_4,MGC,2022,66,-2752.9999999998518,115,-445.49999999974716,132.00000000025284,66,0.42424242424242425,-6.749999999996169,0.9342483949524376,-0.230358331403421,-0.3725696615186305,-2752.9999999998518,-2752.9999999998518,-1.6685393258417496,0.0,-242.99999999998363,457.9999999999927,0.24719101123595505,66,False,0,72,81,115,0.4307116104868914,0,0.0,0.0,0,0.0,0.0
invalidate_on_opposite_touch__buffer_4,MGC,2023,66,-4910.499999999711,117,-3135.49999999967,-2437.99999999967,66,0.36363636363636365,-47.507575757570756,0.621110506918039,-1.5975666273418123,-2.733610823846688,-4910.499999999711,-4910.499999999711,-11.360507246375615,0.0,-248.99999999999181,457.9999999999927,0.2391304347826087,66,False,0,73,78,117,0.42391304347826086,0,0.0,0.0,0,0.0,0.0
invalidate_on_opposite_touch__buffer_4,MGC,2024,69,-1507.9999999998836,116,-196.4999999995348,376.0000000004652,69,0.43478260869565216,-2.84782608694978,0.972155306787651,-0.09366997660589775,-0.15135001676513643,-1507.9999999998836,-1507.9999999998836,-0.6846689895454174,0.0,-248.99999999997817,463.4999999999809,0.24041811846689895,69,False,0,74,86,116,0.40418118466898956,0,0.0,0.0,0,0.0,0.0
invalidate_on_opposite_touch__buffer_4,MGC,2025,64,-1038.4999999999764,126,2253.0000000000473,2603.0000000000473,64,0.453125,35.20312500000074,1.358415526566994,0.9894054730746589,1.8659881032145673,-1038.4999999999764,-1156.9999999999254,7.4850498338872,0.0,-241.49999999999181,468.9999999999782,0.21262458471760798,64,False,0,80,82,126,0.4186046511627907,0,0.0,0.0,0,0.0,0.0
invalidate_on_opposite_touch__buffer_4,MGC,2026,11,-528.0000000000382,33,-95.00000000009095,-65.00000000009095,11,0.36363636363636365,-8.636363636371904,0.9298892988929252,-0.2276239636495774,-1.3232607805396897,-528.0000000000382,-528.0000000000382,-1.4393939393953175,0.0,-221.50000000000546,360.4999999999927,0.16666666666666666,11,False,0,21,17,33,0.5,0,0.0,0.0,0,0.0,0.0
invalidate_on_opposite_touch__buffer_4,MNQ,2019,76,-2363.5,125,-358.0,289.5,76,0.42105263157894735,-4.7105263157894735,0.9533033326811452,-0.19994338283223317,-0.37956521041796976,-2363.5,-2363.5,-1.7294685990338163,0.0,-250.0,462.0,0.3671497584541063,76,False,0,83,85,125,0.6038647342995169,0,0.0,0.0,0,0.0,0.0
invalidate_on_opposite_touch__buffer_4,MNQ,2020,116,-1285.0,189,4021.5,4529.0,116,0.4827586206896552,34.668103448275865,1.3785297439759037,1.3753175378944988,4.293521632498758,-1285.0,-1285.0,12.889423076923077,0.0,-249.5,476.0,0.3717948717948718,116,True,0,116,138,189,0.6057692307692307,0,0.0,0.0,0,0.0,0.0
invalidate_on_opposite_touch__buffer_4,MNQ,2021,117,-1304.5,175,6435.0,6930.0,117,0.5811965811965812,55.0,1.7428142675747431,2.371876330876471,5.330488546755178,-1304.5,-1304.5,20.691318327974276,0.0,-249.0,464.0,0.3762057877813505,117,True,0,109,145,175,0.5627009646302251,0,0.0,0.0,0,0.0,0.0
invalidate_on_opposite_touch__buffer_4,MNQ,2022,69,-1483.5,205,199.5,384.5,69,0.42028985507246375,2.891304347826087,1.0252419814006453,0.08775377459905881,0.3109734027957511,-1483.5,-1731.5,0.6435483870967742,0.0,-248.0,470.0,0.22258064516129034,69,False,0,134,120,205,0.6612903225806451,0,0.0,0.0,0,0.0,0.0
invalidate_on_opposite_touch__buffer_4,MNQ,2023,123,-2442.0,189,1560.5,2018.0,123,0.43902439024390244,12.6869918699187,1.1359735110878753,0.5653401341369033,1.2796996337785504,-2442.0,-2442.0,5.033870967741936,0.0,-250.0,482.0,0.3967741935483871,123,False,0,111,142,189,0.6096774193548387,0,0.0,0.0,0,0.0,0.0
invalidate_on_opposite_touch__buffer_4,MNQ,2024,103,-1487.0,200,4816.0,5163.5,103,0.4854368932038835,46.75728155339806,1.5249332388686032,1.6977316506445255,4.611723929593827,-1487.0,-1487.0,15.386581469648561,0.0,-249.0,478.0,0.329073482428115,103,True,0,132,123,200,0.6389776357827476,0,0.0,0.0,0,0.0,0.0
invalidate_on_opposite_touch__buffer_4,MNQ,2025,73,-957.0,195,1054.0,1266.5,73,0.4383561643835616,14.438356164383562,1.1556064073226544,0.4889952382271112,1.0241833163198955,-957.0,-957.0,3.378205128205128,0.0,-242.0,477.0,0.23397435897435898,73,False,0,130,123,195,0.625,0,0.0,0.0,0,0.0,0.0
invalidate_on_opposite_touch__buffer_4,MNQ,2026,9,-453.0,37,481.0,503.5,9,0.5555555555555556,53.44444444444444,1.5347415230683714,1.0972815328780494,5.362784265935784,-453.0,-453.0,7.073529411764706,0.0,-247.5,489.0,0.1323529411764706,9,False,0,24,31,37,0.5441176470588235,0,0.0,0.0,0,0.0,0.0
