scope,net_pnl,sharpe,sortino,profit_factor,expectancy,max_drawdown,n_trades,n_days_traded,pct_days_traded,hit_rate,avg_win,avg_loss,stop_hit_rate,target_hit_rate,exposure_time_pct
overall,2148.639999999997,0.2711182275036661,0.15363436598218416,1.0783675803666715,6.842802547770692,-3199.8600000000006,314,314,0.28035714285714286,0.5095541401273885,184.78812499999998,-178.03545454545454,0.37579617834394907,0.10191082802547771,0.19209478021978021
is,1668.8599999999976,0.2835986688087576,0.17747755729304202,1.0752308052940962,6.394099616858228,-3199.8600000000006,261,261,0.33163913595933925,0.5019157088122606,182.07679389312975,-170.64000000000001,0.3831417624521073,0.10344827586206896,0.2221385983774802
oos,479.7799999999995,0.2392429167646215,0.09557787402407554,1.091661476502887,9.05245283018867,-1690.14,53,53,0.15915915915915915,0.5471698113207547,197.03586206896554,-218.09416666666667,0.33962264150943394,0.09433962264150944,0.12109032109032108
