variant_name,dimension,bucket,baseline_n_trades,variant_n_trades,trade_coverage_vs_baseline,baseline_expectancy,variant_expectancy,expectancy_delta,baseline_hit_rate,variant_hit_rate,hit_rate_delta,baseline_stop_hit_rate,variant_stop_hit_rate,stop_hit_rate_delta
filter_drop_low__breakout_vol_vs_or_mean,breakout_side,long,384,263,0.6848958333333334,31.149973958333323,34.94821292775665,3.798238969423327,0.5989583333333334,0.6007604562737643,0.001802122940430917,0.2890625,0.30038022813688214,-0.011317728136882144
filter_drop_low__breakout_vol_vs_or_mean,breakout_timing_bucket,early,160,139,0.86875,33.74749999999999,31.69345323741007,-2.0540467625899197,0.6125,0.5971223021582733,-0.015377697841726712,0.34375,0.35251798561151076,-0.008767985611510765
filter_drop_low__breakout_vol_vs_or_mean,breakout_timing_bucket,late,151,77,0.5099337748344371,36.15900662251655,39.88337662337663,3.724370000860077,0.6291390728476821,0.6363636363636364,0.007224563515954241,0.2052980132450331,0.2077922077922078,-0.0024941945471746996
filter_drop_low__breakout_vol_vs_or_mean,breakout_timing_bucket,mid,102,72,0.7058823529411765,12.83843137254901,32.32597222222221,19.487540849673202,0.5392156862745098,0.5972222222222222,0.058006535947712434,0.3333333333333333,0.2777777777777778,0.055555555555555525
