scope,net_pnl,sharpe,sortino,profit_factor,expectancy,max_drawdown,n_trades,n_days_traded,pct_days_traded,hit_rate,avg_win,avg_loss,stop_hit_rate,target_hit_rate,exposure_time_pct
overall,-611.2400000000027,-0.0899596523273229,-0.055510958886763904,0.9754755710624258,-1.8749693251533825,-3514.64,326,326,0.2910714285714286,0.4539877300613497,164.27351351351354,-140.0208988764045,0.37116564417177916,0.10122699386503067,0.19605311355311356
is,-1878.3600000000022,-0.37986152755899844,-0.24908828533569688,0.907196844309312,-7.115000000000008,-3514.64,264,264,0.3354510800508259,0.4356060606060606,159.66869565217388,-135.8406711409396,0.38257575757575757,0.09090909090909091,0.22098849900628809
oos,1267.1199999999994,0.6904111201158822,0.34514986363611405,1.2705521131812807,20.4374193548387,-912.3000000000002,62,62,0.18618618618618618,0.532258064516129,180.32060606060605,-161.49862068965516,0.3225806451612903,0.14516129032258066,0.13712173712173711
