scope,net_pnl,sharpe,sortino,profit_factor,expectancy,max_drawdown,n_trades,n_days_traded,pct_days_traded,hit_rate,avg_win,avg_loss,stop_hit_rate,target_hit_rate,exposure_time_pct
overall,606.3199999999997,0.2504085019845728,0.028825919740771307,1.3201875752518957,18.94749999999999,-1010.7,32,32,0.018317115054378934,0.65625,119.04571428571428,-172.14909090909092,0.21875,0.28125,0.011186943184653545
is,446.9899999999998,0.2407546028862419,0.027508585180555205,1.2843592549239145,18.624583333333323,-1010.7,24,24,0.019639934533551555,0.6666666666666666,126.18187499999999,-196.49,0.2916666666666667,0.2916666666666667,0.011097821981619035
oos,159.32999999999996,0.30060673571433105,0.039173251576103706,1.495244311823946,19.916249999999994,-293.48,8,8,0.015238095238095238,0.625,96.21,-107.24000000000001,0.0,0.25,0.011394383394383395
