symbol,signal_timeframe,config_id,family,cluster_id,trades,net_pnl,gross_profit,gross_loss,winrate,avg_trade,median_trade,profit_factor,max_drawdown,sharpe_daily,sortino_daily,pnl_to_maxdd,avg_holding_minutes,median_holding_minutes,stop_exit_rate,target_exit_rate,time_stop_exit_rate,eod_exit_rate,skipped_trades,skip_rate,blocked_setups,turnover_proxy,estimated_cost_per_trade,max_daily_drawdown,active_days,calendar_days,exposure_ratio,fold_sharpe,long_trades,short_trades,long_pnl,short_pnl,execution_timeframe,base_signal_variant,stop_multiplier,target_multiplier,entry_delay_minutes,variant_time_stop_bars,filter_name,filter_params_json,stop_zone_fraction,adverse_window_minutes,max_adverse_ticks,normalized_net_pnl,normalized_profit_factor,normalized_pnl_to_maxdd,trade_count_score,simplicity_score,temporal_stability_score,cluster_positive_ratio_is,penalties,admissible_is,positive_years_is,years_with_trades_is,max_year_contribution_pct_is,robust_score_is,rank_is,net_pnl_oos,profit_factor_oos,rank_oos,fixed_wfa_net_pnl,fixed_positive_fold_ratio,fixed_positive_folds,strict_selected_count,neighbor_median_oos_pnl,neighbor_positive_fold_ratio
M2K,1H,m2k_1h_delay_adverse_filter_avoid_immediate_adverse_move_sm0p75_tm2p00_d15_ts3_aw5_mt8,delay_adverse_filter,m2k_1h_adverse_core,41,248.00000000003138,749.2500000000098,501.2499999999784,0.34146341463414637,6.048780487805644,-6.749999999998408,1.4947630922694106,-233.74999999998636,2.31722210937032,7.531476942209896,1.060962566845116,82.70731707317073,53.0,0.8780487804878049,0.0975609756097561,0.2926829268292683,0.024390243902439025,121,0.491869918699187,0,8.89795008912656,2.5,-45.37499999999909,40,232,0.1724137931034483,0.923203386433866,21,20,117.97500000001833,130.02500000001305,1min,dynamic_exit_atr_target_1p0_ts4_vq0p95_bf0p5_ra1p2,0.75,2.0,15,3,avoid_immediate_adverse_move,"{""adverse_window_minutes"": 5, ""max_adverse_ticks"": 8}",,5.0,8.0,0.9806171499457201,1.0,1.0,1.0,0.55,0.395273539263111,0.375,0.0,True,2,5,0.609452921473778,0.7891644608786107,1,354.4000000000085,2.8901333333334476,78,814.2750000000217,1.0,5,1,262.95000000001266,0.7093749999999999
M2K,1H,m2k_1h_delay_adverse_filter_avoid_immediate_adverse_move_sm0p75_tm2p00_d15_ts3_aw5_mt12,delay_adverse_filter,m2k_1h_adverse_core,57,282.3750000000439,1165.750000000013,883.3749999999691,0.3157894736842105,4.953947368421822,-7.8749999999990905,1.3196547332673596,-299.74999999997976,1.4623169468074206,2.8309007534110453,0.9420350291912025,76.3859649122807,50.0,0.9122807017543859,0.07017543859649122,0.2807017543859649,0.017543859649122806,105,0.4268292682926829,0,12.370320855614974,2.5,-178.4999999999991,56,232,0.2413793103448276,0.6893428195543567,28,29,-52.39999999997394,334.7750000000178,1min,dynamic_exit_atr_target_1p0_ts4_vq0p95_bf0p5_ra1p2,0.75,2.0,15,3,avoid_immediate_adverse_move,"{""adverse_window_minutes"": 5, ""max_adverse_ticks"": 12}",,5.0,12.0,1.0,0.8676149538750018,0.9429840120683219,1.0,0.55,0.4925893818793103,0.375,0.0,True,2,5,0.41482123624137945,0.7726089998671452,2,351.27500000001305,2.0888027896165013,80,679.2750000000308,0.8,4,2,262.95000000001266,0.7093749999999999
M2K,1H,m2k_1h_delay_adverse_filter_avoid_immediate_adverse_move_sm0p75_tm2p00_d15_ts3_aw10_mt12,delay_adverse_filter,m2k_1h_adverse_core,49,228.25000000003683,1070.7500000000118,842.499999999975,0.32653061224489793,4.658163265306874,-9.375,1.2709198813056897,-324.3749999999932,1.3001650379304814,2.5325254917479314,0.7036608863199743,78.79591836734694,51.0,0.8979591836734694,0.08163265306122448,0.2857142857142857,0.02040816326530612,113,0.45934959349593496,0,10.634135472370767,2.5,-178.4999999999991,48,232,0.20689655172413793,0.5674385430715773,26,23,-40.024999999975535,268.27500000001237,1min,dynamic_exit_atr_target_1p0_ts4_vq0p95_bf0p5_ra1p2,0.75,2.0,15,3,avoid_immediate_adverse_move,"{""adverse_window_minutes"": 10, ""max_adverse_ticks"": 12}",,10.0,12.0,0.9694808215509046,0.8307705355867517,0.828703185934335,1.0,0.55,0.5043860972788032,0.375,0.0,True,2,5,0.3912278054423935,0.743763663909502,3,313.1500000000085,2.3227032734953186,97,560.7750000000237,0.8,4,0,262.95000000001266,0.7093749999999999
M2K,1H,m2k_1h_delay_adverse_filter_avoid_immediate_adverse_move_sm1p00_tm2p00_d15_ts3_aw5_mt8,delay_adverse_filter,m2k_1h_adverse_core,41,174.2500000000348,749.2500000000098,574.999999999975,0.34146341463414637,4.250000000000848,-6.499999999998636,1.3030434782609432,-282.4999999999818,1.5485769987139089,3.89815250752166,0.6168141592921983,91.5609756097561,74.0,0.8536585365853658,0.0975609756097561,0.34146341463414637,0.04878048780487805,121,0.491869918699187,0,8.89795008912656,2.5,-59.49999999999932,40,232,0.1724137931034483,0.6169678442066847,21,20,95.85000000002196,78.40000000001282,1min,dynamic_exit_atr_target_1p0_ts4_vq0p95_bf0p5_ra1p2,1.0,2.0,15,3,avoid_immediate_adverse_move,"{""adverse_window_minutes"": 5, ""max_adverse_ticks"": 8}",,5.0,8.0,0.9390321261929186,0.8550565484810435,0.7870673122098572,1.0,0.55,0.4262633207287644,0.375,0.0,True,2,5,0.5474733585424713,0.7245673298755856,4,300.9000000000083,2.248547717842392,105,751.6500000000212,1.0,5,0,262.95000000001266,0.7093749999999999
M2K,1H,m2k_1h_delay_adverse_filter_avoid_immediate_adverse_move_sm0p75_tm3p00_d15_ts3_aw5_mt12,delay_adverse_filter,m2k_1h_adverse_core,57,138.20000000004484,1042.9500000000144,904.7499999999695,0.2982456140350877,2.4245614035095584,-8.624999999999545,1.1527493782813478,-299.74999999997976,0.7452366247118427,1.4031144153901038,0.4610508757299555,80.57894736842105,53.0,0.9649122807017544,0.017543859649122806,0.3157894736842105,0.017543859649122806,105,0.4268292682926829,0,12.370320855614974,2.5,-178.4999999999991,56,232,0.2413793103448276,0.35130791394821215,28,29,-222.6249999999743,360.82500000001914,1min,dynamic_exit_atr_target_1p0_ts4_vq0p95_bf0p5_ra1p2,0.75,3.0,15,3,avoid_immediate_adverse_move,"{""adverse_window_minutes"": 5, ""max_adverse_ticks"": 12}",,5.0,12.0,0.9187048027178252,0.7414315252582471,0.7123916090802116,1.0,0.55,0.5417395471426778,0.375,0.15,False,2,5,0.31652090571464436,0.5538969390286478,5,314.87500000001546,1.9759783029834173,92,498.70000000003415,0.6,3,0,262.95000000001266,0.7093749999999999
M2K,1H,m2k_1h_delay_adverse_filter_avoid_immediate_adverse_move_sm0p75_tm2p50_d15_ts3_aw5_mt12,delay_adverse_filter,m2k_1h_adverse_core,57,118.37500000004525,1023.1250000000148,904.7499999999695,0.2982456140350877,2.0767543859657063,-8.624999999999545,1.1308372478585789,-299.74999999997976,0.6469881228853995,1.2018355204183298,0.39491242702269636,80.3157894736842,51.0,0.9649122807017544,0.017543859649122806,0.3157894736842105,0.017543859649122806,105,0.4268292682926829,0,12.370320855614974,2.5,-178.4999999999991,56,232,0.2413793103448276,0.3049931260262808,28,29,-222.6249999999743,341.00000000001955,1min,dynamic_exit_atr_target_1p0_ts4_vq0p95_bf0p5_ra1p2,0.75,2.5,15,3,avoid_immediate_adverse_move,"{""adverse_window_minutes"": 5, ""max_adverse_ticks"": 12}",,5.0,12.0,0.907526184468343,0.7248655633975614,0.6806836542389476,1.0,0.55,0.5500536892161291,0.375,0.15,False,2,5,0.2998926215677419,0.5448389510914423,6,311.43750000001546,1.96532351801635,98,475.43750000003456,0.6,3,0,262.95000000001266,0.7093749999999999
M2K,1H,m2k_1h_delay_adverse_filter_avoid_immediate_adverse_move_sm0p75_tm3p00_d15_ts3_aw5_mt8,delay_adverse_filter,m2k_1h_adverse_core,41,103.82500000003233,626.4500000000112,522.6249999999789,0.3170731707317073,2.5323170731715203,-8.624999999999545,1.1986606075102348,-233.74999999998636,1.0701091660148931,3.208257458317666,0.44417112299481665,88.53658536585365,64.0,0.9512195121951219,0.024390243902439025,0.34146341463414637,0.024390243902439025,121,0.491869918699187,0,8.89795008912656,2.5,-45.37499999999909,40,232,0.1724137931034483,0.4263416967773228,21,20,-52.24999999998204,156.07500000001437,1min,dynamic_exit_atr_target_1p0_ts4_vq0p95_bf0p5_ra1p2,0.75,3.0,15,3,avoid_immediate_adverse_move,"{""adverse_window_minutes"": 5, ""max_adverse_ticks"": 8}",,5.0,8.0,0.8993219526635453,0.7761412343421543,0.7042991538152494,1.0,0.55,0.43574847178125437,0.375,0.15,False,2,5,0.5285030564374913,0.5398497812406154,7,318.0000000000109,2.69600000000012,90,633.700000000025,1.0,5,0,262.95000000001266,0.7093749999999999
M2K,1H,m2k_1h_delay_adverse_filter_avoid_immediate_adverse_move_sm0p75_tm2p50_d15_ts3_aw5_mt8,delay_adverse_filter,m2k_1h_adverse_core,41,84.00000000003274,606.6250000000116,522.6249999999789,0.3170731707317073,2.0487804878056766,-8.624999999999545,1.1607270987802654,-233.74999999998636,0.8974420802320163,2.5956525547672054,0.35935828877021453,88.17073170731707,64.0,0.9512195121951219,0.024390243902439025,0.34146341463414637,0.024390243902439025,121,0.491869918699187,0,8.89795008912656,2.5,-45.37499999999909,40,232,0.1724137931034483,0.3575494831712927,21,20,-52.24999999998204,136.25000000001478,1min,dynamic_exit_atr_target_1p0_ts4_vq0p95_bf0p5_ra1p2,0.75,2.5,15,3,avoid_immediate_adverse_move,"{""adverse_window_minutes"": 5, ""max_adverse_ticks"": 8}",,5.0,8.0,0.8881433344140631,0.7474628244049039,0.6636383646658643,1.0,0.55,0.4449532250122998,0.375,0.15,False,2,5,0.5100935499754005,0.527159970215518,8,314.5625000000109,2.677666666666786,93,610.4375000000255,1.0,5,0,262.95000000001266,0.7093749999999999
M2K,1H,m2k_1h_delay_adverse_filter_avoid_immediate_adverse_move_sm0p75_tm3p00_d15_ts3_aw10_mt12,delay_adverse_filter,m2k_1h_adverse_core,49,84.07500000003779,947.9500000000132,863.8749999999754,0.30612244897959184,1.7158163265313835,-10.499999999999545,1.097323108088601,-324.3749999999932,0.49970742144814156,0.9466039608880801,0.25919075144520864,83.6734693877551,54.0,0.9591836734693877,0.02040816326530612,0.32653061224489793,0.02040816326530612,113,0.45934959349593496,0,10.634135472370767,2.5,-178.4999999999991,48,232,0.20689655172413793,0.21809019848736266,26,23,-210.2499999999759,294.3250000000137,1min,dynamic_exit_atr_target_1p0_ts4_vq0p95_bf0p5_ra1p2,0.75,3.0,15,3,avoid_immediate_adverse_move,"{""adverse_window_minutes"": 10, ""max_adverse_ticks"": 12}",,10.0,12.0,0.8881856242687298,0.6995282753059278,0.6156162563137327,1.0,0.55,0.5527349428498074,0.375,0.15,False,2,5,0.2945301143003852,0.5265454597894624,9,276.7500000000109,2.168954593453086,109,380.2000000000271,0.6,3,0,262.95000000001266,0.7093749999999999
M2K,1H,m2k_1h_delay_adverse_filter_avoid_immediate_adverse_move_sm1p00_tm2p00_d15_ts3_aw5_mt12,delay_adverse_filter,m2k_1h_adverse_core,57,93.2500000000482,1165.750000000013,1072.4999999999648,0.3157894736842105,1.6359649122815474,-7.999999999998408,1.0869463869464346,-365.4999999999768,0.43810061382329746,0.694458191180826,0.2551299589604764,85.40350877192982,56.0,0.8947368421052632,0.07017543859649122,0.3157894736842105,0.03508771929824561,105,0.4268292682926829,0,12.370320855614974,2.5,-236.99999999999932,56,232,0.2413793103448276,0.20652260991762836,28,29,-171.14999999997053,264.40000000001874,1min,dynamic_exit_atr_target_1p0_ts4_vq0p95_bf0p5_ra1p2,1.0,2.0,15,3,avoid_immediate_adverse_move,"{""adverse_window_minutes"": 5, ""max_adverse_ticks"": 12}",,5.0,12.0,0.8933590831559488,0.6916832888366305,0.6136694397910841,1.0,0.55,0.5111287995622036,0.375,0.15,False,2,5,0.37774240087559297,0.5194782103015089,10,261.40000000001464,1.6336969696970227,115,508.1500000000324,0.8,4,0,262.95000000001266,0.7093749999999999
M2K,1H,m2k_1h_delay_adverse_filter_avoid_immediate_adverse_move_sm0p75_tm2p50_d15_ts3_aw10_mt12,delay_adverse_filter,m2k_1h_adverse_core,49,64.2500000000382,928.1250000000136,863.8749999999754,0.30612244897959184,1.311224489796698,-10.499999999999545,1.0743741860802083,-324.3749999999932,0.3873127034834751,0.7233934521209392,0.19807321772651884,83.36734693877551,53.0,0.9591836734693877,0.02040816326530612,0.32653061224489793,0.02040816326530612,113,0.45934959349593496,0,10.634135472370767,2.5,-178.4999999999991,48,232,0.20689655172413793,0.16903712203152482,26,23,-210.2499999999759,274.5000000000141,1min,dynamic_exit_atr_target_1p0_ts4_vq0p95_bf0p5_ra1p2,0.75,2.5,15,3,avoid_immediate_adverse_move,"{""adverse_window_minutes"": 10, ""max_adverse_ticks"": 12}",,10.0,12.0,0.8770070060192476,0.6821784804936512,0.586315417890092,1.0,0.55,0.5608923884514374,0.375,0.15,False,2,5,0.27821522309712504,0.5176682682538092,11,273.3125000000109,2.1544350580782177,110,356.9375000000275,0.6,3,0,262.95000000001266,0.7093749999999999
M2K,1H,m2k_1h_delay_adverse_filter_avoid_immediate_adverse_move_sm0p75_tm2p00_d15_ts3_aw10_mt8,delay_adverse_filter,m2k_1h_adverse_core,34,138.15000000002556,606.400000000009,468.2499999999834,0.35294117647058826,4.063235294118399,-9.187499999999886,1.2950347036839946,-206.99999999999363,1.5922887181756447,5.122742499637929,0.6673913043479701,86.52941176470588,54.0,0.8823529411764706,0.08823529411764706,0.3235294117647059,0.029411764705882353,128,0.5203252032520326,0,7.378787878787879,2.5,-45.37499999999909,33,232,0.14224137931034483,0.5762069835439408,17,17,18.12500000001478,120.02500000001078,1min,dynamic_exit_atr_target_1p0_ts4_vq0p95_bf0p5_ra1p2,0.75,2.0,15,3,avoid_immediate_adverse_move,"{""adverse_window_minutes"": 10, ""max_adverse_ticks"": 8}",,10.0,8.0,0.9186766094813716,0.8490017718968964,0.8113148998502435,0.85,0.55,0.4312462189957582,0.375,0.2,False,2,5,0.5375075620084836,0.5086698441025539,12,392.6500000000067,3.630820770519396,72,709.675000000019,1.0,5,0,262.95000000001266,0.7093749999999999
M2K,1H,m2k_1h_delay_adverse_filter_avoid_immediate_adverse_move_sm0p75_tm2p50_d5_ts3_aw5_mt12,delay_adverse_filter,m2k_1h_adverse_core,64,59.81250000005616,1137.6875000000155,1077.8749999999593,0.25,0.9345703125008775,-11.62499999999909,1.055491128377649,-323.5624999999777,0.25659999750525025,0.770683055396126,0.18485609426327304,66.34375,21.5,0.953125,0.046875,0.25,0.0,130,0.5284552845528455,0,13.889483065953655,2.5,-93.37499999999977,63,232,0.27155172413793105,0.12829999875262513,36,28,-105.99999999996612,165.81250000002228,1min,dynamic_exit_atr_target_1p0_ts4_vq0p95_bf0p5_ra1p2,0.75,2.5,5,3,avoid_immediate_adverse_move,"{""adverse_window_minutes"": 5, ""max_adverse_ticks"": 12}",,5.0,12.0,0.8745048562849789,0.6679025516962998,0.5799788925845325,1.0,0.55,0.5248250116658781,0.375,0.15,False,2,5,0.3503499766682436,0.5079520672338173,13,226.06250000001523,1.4759210526316224,125,350.06250000004,0.6,3,1,262.95000000001266,0.7093749999999999
M2K,1H,m2k_1h_delay_adverse_filter_avoid_immediate_adverse_move_sm0p75_tm3p00_d15_ts3_aw10_mt8,delay_adverse_filter,m2k_1h_adverse_core,34,137.7000000000271,605.9500000000105,468.2499999999834,0.35294117647058826,4.050000000000797,-9.187499999999886,1.2940736785905649,-206.99999999999363,1.581733671056153,5.106056041984445,0.6652173913044992,92.20588235294117,61.5,0.9411764705882353,0.029411764705882353,0.38235294117647056,0.029411764705882353,128,0.5203252032520326,0,7.378787878787879,2.5,-45.37499999999909,33,232,0.14224137931034483,0.5723873924154834,17,17,-8.374999999984993,146.0750000000121,1min,dynamic_exit_atr_target_1p0_ts4_vq0p95_bf0p5_ra1p2,0.75,3.0,15,3,avoid_immediate_adverse_move,"{""adverse_window_minutes"": 10, ""max_adverse_ticks"": 8}",,10.0,8.0,0.9184228703533893,0.848275219766284,0.8102726870684424,0.85,0.55,0.41773135533352845,0.375,0.2,False,2,5,0.5645372893329431,0.5062902243842302,14,356.2500000000091,3.386934673366975,77,672.825000000023,1.0,5,0,262.95000000001266,0.7093749999999999
M2K,1H,m2k_1h_delay_adverse_filter_avoid_immediate_adverse_move_sm1p00_tm2p00_d15_ts3_aw10_mt12,delay_adverse_filter,m2k_1h_adverse_core,49,46.75000000004047,1070.7500000000118,1023.9999999999714,0.32653061224489793,0.9540816326538872,-10.499999999999545,1.0456542968750409,-390.4999999999927,0.24105027755952751,0.383332204642968,0.1197183098592608,87.6734693877551,56.0,0.8775510204081632,0.08163265306122448,0.32653061224489793,0.04081632653061224,113,0.45934959349593496,0,10.634135472370767,2.5,-236.99999999999932,48,232,0.20689655172413793,0.10520296601968093,26,23,-156.64999999997235,203.40000000001282,1min,dynamic_exit_atr_target_1p0_ts4_vq0p95_bf0p5_ra1p2,1.0,2.0,15,3,avoid_immediate_adverse_move,"{""adverse_window_minutes"": 10, ""max_adverse_ticks"": 12}",,10.0,12.0,0.8671393732643464,0.6604657314347305,0.5487506741017528,1.0,0.55,0.5197460741730651,0.375,0.3,False,2,5,0.3605078516538697,0.34954553318103804,15,247.90000000000873,1.8208609271523641,119,418.1500000000244,0.8,4,0,262.95000000001266,0.7093749999999999
M2K,1H,m2k_1h_delay_adverse_filter_avoid_immediate_adverse_move_sm0p75_tm3p00_d5_ts3_aw5_mt12,delay_adverse_filter,m2k_1h_adverse_core,64,28.600000000052432,1106.4750000000117,1077.8749999999593,0.25,0.44687500000081926,-11.62499999999909,1.0265336889714054,-310.7249999999783,0.1320994310624938,0.3685105184426151,0.0920428031219066,67.828125,21.5,0.96875,0.03125,0.265625,0.0,130,0.5284552845528455,0,13.889483065953655,2.5,-93.37499999999977,63,232,0.27155172413793105,0.0660497155312469,36,28,-169.87499999996885,198.47500000002128,1min,dynamic_exit_atr_target_1p0_ts4_vq0p95_bf0p5_ra1p2,0.75,3.0,5,3,avoid_immediate_adverse_move,"{""adverse_window_minutes"": 5, ""max_adverse_ticks"": 12}",,5.0,12.0,0.8569052284356972,0.6460102104436901,0.5354825413440396,1.0,0.55,0.5185582571801628,0.375,0.3,False,2,5,0.36288348563967443,0.3424392075545078,16,261.0000000000184,1.5494736842105783,117,404.8250000000428,0.6,3,0,262.95000000001266,0.7093749999999999
M2K,1H,m2k_1h_delay_adverse_filter_avoid_immediate_adverse_move_sm0p75_tm2p50_d15_ts3_aw10_mt8,delay_adverse_filter,m2k_1h_adverse_core,34,117.87500000002751,586.1250000000109,468.2499999999834,0.35294117647058826,3.4669117647066914,-9.187499999999886,1.2517351841965438,-206.99999999999363,1.40403570501407,4.370924879803475,0.5694444444445949,91.76470588235294,61.5,0.9411764705882353,0.029411764705882353,0.38235294117647056,0.029411764705882353,128,0.5203252032520326,0,7.378787878787879,2.5,-45.37499999999909,33,232,0.14224137931034483,0.5080832195439229,17,17,-8.374999999984993,126.2500000000125,1min,dynamic_exit_atr_target_1p0_ts4_vq0p95_bf0p5_ra1p2,0.75,2.5,15,3,avoid_immediate_adverse_move,"{""adverse_window_minutes"": 10, ""max_adverse_ticks"": 8}",,10.0,8.0,0.9072442521039071,0.8162665620119742,0.7643574239589327,0.85,0.55,0.42680683311431605,0.375,0.35,False,2,5,0.5463863337713679,0.3421268013841635,17,352.8125000000091,3.3639028475713295,79,649.5625000000234,1.0,5,0,262.95000000001266,0.7093749999999999
M2K,1H,m2k_1h_delay_adverse_filter_avoid_immediate_adverse_move_sm1p00_tm3p00_d15_ts3_aw5_mt8,delay_adverse_filter,m2k_1h_adverse_core,41,23.950000000036198,626.4500000000112,602.499999999975,0.3170731707317073,0.5841463414642976,-7.999999999998408,1.03975103734446,-282.4999999999818,0.23278849437747798,0.5444303897693289,0.0847787610620805,97.48780487804878,77.0,0.926829268292683,0.024390243902439025,0.3902439024390244,0.04878048780487805,121,0.491869918699187,0,8.89795008912656,2.5,-59.49999999999932,40,232,0.1724137931034483,0.09274515613461344,21,20,-80.49999999997794,104.45000000001414,1min,dynamic_exit_atr_target_1p0_ts4_vq0p95_bf0p5_ra1p2,1.0,3.0,15,3,avoid_immediate_adverse_move,"{""adverse_window_minutes"": 5, ""max_adverse_ticks"": 8}",,5.0,8.0,0.8542832574465281,0.6560027618215287,0.5320000297021732,1.0,0.55,0.4734205737065507,0.375,0.3,False,2,5,0.45315885258689864,0.33662029436491986,18,264.5000000000107,2.0975103734440577,113,564.950000000025,0.8,4,0,262.95000000001266,0.7093749999999999
M2K,1H,m2k_1h_delay_adverse_filter_avoid_immediate_adverse_move_sm1p00_tm2p50_d15_ts3_aw5_mt8,delay_adverse_filter,m2k_1h_adverse_core,41,4.125000000036607,606.6250000000116,602.499999999975,0.3170731707317073,0.10060975609845384,-7.999999999998408,1.0068464730291067,-282.4999999999818,0.04141646377948889,0.09376932600480241,0.014601769911634949,97.1219512195122,77.0,0.926829268292683,0.024390243902439025,0.3902439024390244,0.04878048780487805,121,0.491869918699187,0,8.89795008912656,2.5,-59.49999999999932,40,232,0.1724137931034483,0.01650071413556893,21,20,-80.49999999997794,84.62500000001455,1min,dynamic_exit_atr_target_1p0_ts4_vq0p95_bf0p5_ra1p2,1.0,2.5,15,3,avoid_immediate_adverse_move,"{""adverse_window_minutes"": 5, ""max_adverse_ticks"": 8}",,5.0,8.0,0.8431046391970459,0.631126323658117,0.49835592540600043,1.0,0.55,0.48315010096476446,0.375,0.3,False,2,5,0.43369979807047115,0.32582209652664734,19,261.0625000000107,2.083246887966879,116,541.6875000000255,0.8,4,0,262.95000000001266,0.7093749999999999
M2K,1H,m2k_1h_delay_adverse_filter_avoid_immediate_adverse_move_sm0p75_tm2p00_d5_ts3_aw5_mt12,delay_adverse_filter,m2k_1h_adverse_core,64,-14.32499999994775,1063.5500000000116,1077.8749999999593,0.25,-0.2238281249991836,-11.62499999999909,0.9867099617303042,-336.39999999997826,-0.06718033845093002,-0.18457738379935415,-0.04258323424479392,62.953125,21.5,0.921875,0.078125,0.21875,0.0,130,0.5284552845528455,0,13.889483065953655,2.5,-93.37499999999977,63,232,0.27155172413793105,-0.03359016922546501,36,28,-151.07499999996776,136.75000000002,1min,dynamic_exit_atr_target_1p0_ts4_vq0p95_bf0p5_ra1p2,0.75,2.0,5,3,avoid_immediate_adverse_move,"{""adverse_window_minutes"": 5, ""max_adverse_ticks"": 12}",,5.0,12.0,0.8327013349497433,0.6159027615604487,0.47094041196668196,1.0,0.55,0.5189202394039396,0.375,0.3,False,2,5,0.36215952119212064,0.3219499170076316,20,216.3500000000147,1.4554736842105682,130,341.62500000003774,0.8,4,0,262.95000000001266,0.7093749999999999
M2K,1H,m2k_1h_delay_adverse_filter_avoid_immediate_adverse_move_sm1p00_tm3p00_d15_ts3_aw5_mt12,delay_adverse_filter,m2k_1h_adverse_core,57,-57.04999999995039,1042.9500000000144,1099.9999999999648,0.2982456140350877,-1.0008771929815858,-8.999999999998636,0.9481363636364071,-365.4999999999768,-0.2775358741401987,-0.4302794504079263,-0.15608755129946378,89.66666666666667,74.0,0.9473684210526315,0.017543859649122806,0.3508771929824561,0.03508771929824561,105,0.4268292682926829,0,12.370320855614974,2.5,-236.99999999999932,56,232,0.2413793103448276,-0.13083166575138047,28,29,-347.49999999997044,290.45000000002005,1min,dynamic_exit_atr_target_1p0_ts4_vq0p95_bf0p5_ra1p2,1.0,3.0,15,3,avoid_immediate_adverse_move,"{""adverse_window_minutes"": 5, ""max_adverse_ticks"": 12}",,5.0,12.0,0.8086102144095584,0.5867404326346897,0.41652441295546,1.0,0.55,0.5560009070809047,0.375,0.3,False,2,5,0.28799818583819076,0.3086989274143043,21,225.00000000001705,1.5454545454546018,126,321.4500000000362,0.6,3,0,262.95000000001266,0.7093749999999999
M2K,1H,m2k_1h_delay_adverse_filter_avoid_immediate_adverse_move_sm1p00_tm2p00_d15_ts3_aw10_mt8,delay_adverse_filter,m2k_1h_adverse_core,34,70.40000000002806,606.400000000009,535.9999999999809,0.35294117647058826,2.070588235294943,-9.74999999999909,1.1313432835821466,-243.49999999998772,0.7652533168554807,1.8558128533399951,0.2891170431212797,97.1470588235294,75.5,0.8529411764705882,0.08823529411764706,0.38235294117647056,0.058823529411764705,128,0.5203252032520326,0,7.378787878787879,2.5,-59.49999999999932,33,232,0.14224137931034483,0.2769248442942568,17,17,0.5000000000177351,69.90000000001032,1min,dynamic_exit_atr_target_1p0_ts4_vq0p95_bf0p5_ra1p2,1.0,2.0,15,3,avoid_immediate_adverse_move,"{""adverse_window_minutes"": 10, ""max_adverse_ticks"": 8}",,10.0,8.0,0.8804747741016791,0.7252481354403079,0.6299634556142691,0.85,0.55,0.46595159515950835,0.375,0.35,False,2,5,0.46809680968098333,0.30428183952446397,22,349.90000000000464,2.8223958333333856,81,657.8000000000168,1.0,5,0,262.95000000001266,0.7093749999999999
M2K,1H,m2k_1h_delay_adverse_filter_avoid_immediate_adverse_move_sm1p00_tm3p00_d15_ts3_aw10_mt8,delay_adverse_filter,m2k_1h_adverse_core,34,69.9500000000296,605.9500000000105,535.9999999999809,0.35294117647058826,2.0573529411773412,-9.74999999999909,1.1305037313433435,-243.49999999998772,0.7580836374031008,1.8439504132263613,0.2872689938399718,102.82352941176471,86.0,0.9117647058823529,0.029411764705882353,0.4411764705882353,0.058823529411764705,128,0.5203252032520326,0,7.378787878787879,2.5,-59.49999999999932,33,232,0.14224137931034483,0.2743303277828504,17,17,-25.999999999982037,95.95000000001164,1min,dynamic_exit_atr_target_1p0_ts4_vq0p95_bf0p5_ra1p2,1.0,3.0,15,3,avoid_immediate_adverse_move,"{""adverse_window_minutes"": 10, ""max_adverse_ticks"": 8}",,10.0,8.0,0.8802210349736967,0.7246134189568019,0.6290774677463723,0.85,0.55,0.4536929993577317,0.375,0.35,False,2,5,0.49261400128453653,0.3021324608517153,23,313.50000000000705,2.6328125000000617,95,620.9500000000207,0.8,4,0,262.95000000001266,0.7093749999999999
M2K,1H,m2k_1h_delay_adverse_filter_avoid_immediate_adverse_move_sm1p00_tm2p50_d15_ts3_aw5_mt12,delay_adverse_filter,m2k_1h_adverse_core,57,-76.87499999994998,1023.1250000000148,1099.9999999999648,0.2982456140350877,-1.3486842105254382,-8.999999999998636,0.9301136363636796,-365.4999999999768,-0.37823289954271283,-0.5798025021931039,-0.2103283173733375,89.40350877192982,74.0,0.9473684210526315,0.017543859649122806,0.3508771929824561,0.03508771929824561,105,0.4268292682926829,0,12.370320855614974,2.5,-236.99999999999932,56,232,0.2413793103448276,-0.17830069875633497,28,29,-347.49999999997044,270.62500000002046,1min,dynamic_exit_atr_target_1p0_ts4_vq0p95_bf0p5_ra1p2,1.0,2.5,15,3,avoid_immediate_adverse_move,"{""adverse_window_minutes"": 5, ""max_adverse_ticks"": 12}",,5.0,12.0,0.7974315961600762,0.5731149290042755,0.39052041989480657,1.0,0.55,0.552689575177618,0.375,0.3,False,2,5,0.2946208496447642,0.29934080429373394,24,221.56250000001705,1.5371212121212683,127,298.1875000000366,0.6,3,0,262.95000000001266,0.7093749999999999
M2K,1H,m2k_1h_delay_adverse_filter_avoid_immediate_adverse_move_sm1p00_tm2p50_d5_ts3_aw5_mt12,delay_adverse_filter,m2k_1h_adverse_core,64,-78.31249999994384,1201.6875000000175,1279.9999999999613,0.28125,-1.2236328124991225,-13.24999999999875,0.938818359375042,-407.3124999999766,-0.31659833977002094,-0.7952910609173686,-0.19226638023617823,73.46875,35.0,0.9375,0.046875,0.265625,0.015625,130,0.5284552845528455,0,13.889483065953655,2.5,-123.49999999999909,63,232,0.27155172413793105,-0.15829916988501047,36,28,-301.1249999999643,222.81250000002046,1min,dynamic_exit_atr_target_1p0_ts4_vq0p95_bf0p5_ra1p2,1.0,2.5,5,3,avoid_immediate_adverse_move,"{""adverse_window_minutes"": 5, ""max_adverse_ticks"": 12}",,5.0,12.0,0.7966210406123555,0.5796958550316336,0.3991796354991171,1.0,0.55,0.5187655813250658,0.375,0.3,False,2,5,0.3624688373498686,0.29670516165242516,25,150.06250000001955,1.2517827181208447,145,146.18750000004525,0.6,3,0,262.95000000001266,0.7093749999999999
M2K,1H,m2k_1h_delay_adverse_filter_avoid_immediate_adverse_move_sm0p75_tm3p00_d30_ts3_aw5_mt12,delay_adverse_filter,m2k_1h_adverse_core,48,-72.54999999995903,763.4500000000128,835.9999999999718,0.3125,-1.5114583333324798,-8.374999999999204,0.9132177033493284,-232.24999999999113,-0.5171349944887753,-0.8625135227775711,-0.3123789020450454,97.72916666666667,84.0,0.9791666666666666,0.020833333333333332,0.3958333333333333,0.0,105,0.4268292682926829,0,10.417112299465241,2.5,-147.37499999999955,48,232,0.20689655172413793,-0.22569621492908418,24,24,-199.12499999997976,126.57500000002074,1min,dynamic_exit_atr_target_1p0_ts4_vq0p95_bf0p5_ra1p2,0.75,3.0,30,3,avoid_immediate_adverse_move,"{""adverse_window_minutes"": 5, ""max_adverse_ticks"": 12}",,5.0,12.0,0.7998703111123542,0.5603413019531331,0.34159554497647576,1.0,0.55,0.5869070556931928,0.375,0.3,False,3,5,0.4261858886136144,0.29506771271354776,26,338.3500000000163,2.034314100114707,86,386.0500000000354,0.6,3,0,262.95000000001266,0.7093749999999999
M2K,1H,m2k_1h_delay_adverse_filter_avoid_immediate_adverse_move_sm1p00_tm3p00_d15_ts3_aw10_mt12,delay_adverse_filter,m2k_1h_adverse_core,49,-103.54999999995812,947.9500000000132,1051.4999999999714,0.30612244897959184,-2.113265306121594,-10.99999999999909,0.9015216357584774,-390.4999999999927,-0.5539220917593026,-0.861742197281203,-0.2651728553135981,92.63265306122449,74.0,0.9387755102040817,0.02040816326530612,0.3673469387755102,0.04081632653061224,113,0.45934959349593496,0,10.634135472370767,2.5,-236.99999999999932,48,232,0.20689655172413793,-0.24175142043764555,26,23,-332.99999999997226,229.45000000001414,1min,dynamic_exit_atr_target_1p0_ts4_vq0p95_bf0p5_ra1p2,1.0,3.0,15,3,avoid_immediate_adverse_move,"{""adverse_window_minutes"": 10, ""max_adverse_ticks"": 12}",,10.0,12.0,0.7823905045179559,0.5514988660104962,0.36422696780618957,1.0,0.55,0.5696792687543888,0.375,0.3,False,2,5,0.2606414624912224,0.2906138095897772,27,211.50000000001114,1.7003311258278662,133,231.45000000002824,0.6,3,0,262.95000000001266,0.7093749999999999
M2K,1H,m2k_1h_delay_adverse_filter_avoid_immediate_adverse_move_sm1p00_tm2p50_d15_ts3_aw10_mt8,delay_adverse_filter,m2k_1h_adverse_core,34,50.12500000003001,586.1250000000109,535.9999999999809,0.35294117647058826,1.4742647058832357,-9.74999999999909,1.0935167910448353,-243.49999999998772,0.561361938456294,1.321344023773947,0.2058521560576285,102.38235294117646,86.0,0.9117647058823529,0.029411764705882353,0.4411764705882353,0.058823529411764705,128,0.5203252032520326,0,7.378787878787879,2.5,-59.49999999999932,33,232,0.14224137931034483,0.20314197139127108,17,17,-25.999999999982037,76.12500000001205,1min,dynamic_exit_atr_target_1p0_ts4_vq0p95_bf0p5_ra1p2,1.0,2.5,15,3,avoid_immediate_adverse_move,"{""adverse_window_minutes"": 10, ""max_adverse_ticks"": 8}",,10.0,8.0,0.8690424167242146,0.6966506316555788,0.5900447800105667,0.85,0.55,0.46327064984526695,0.375,0.35,False,2,5,0.4734587003094661,0.2898859241543337,28,310.06250000000705,2.6149088541667282,99,597.6875000000211,0.8,4,0,262.95000000001266,0.7093749999999999
M2K,1H,m2k_1h_delay_adverse_filter_avoid_immediate_adverse_move_sm1p25_tm2p00_d15_ts3_aw10_mt12,delay_adverse_filter,m2k_1h_adverse_core,49,-103.49999999995589,1070.7500000000118,1174.2499999999677,0.32653061224489793,-2.1122448979582833,-12.374999999999545,0.9118586331701437,-480.99999999999227,-0.4871681072158748,-0.6811126802198562,-0.21517671517662693,91.9795918367347,64.0,0.8571428571428571,0.08163265306122448,0.3469387755102041,0.061224489795918366,113,0.45934959349593496,0,10.634135472370767,2.5,-295.49999999999955,48,232,0.20689655172413793,-0.2126175930938199,26,23,-241.39999999996917,137.90000000001328,1min,dynamic_exit_atr_target_1p0_ts4_vq0p95_bf0p5_ra1p2,1.25,2.0,15,3,avoid_immediate_adverse_move,"{""adverse_window_minutes"": 10, ""max_adverse_ticks"": 12}",,10.0,12.0,0.7824186977543998,0.559313820630232,0.38819601130034986,1.0,0.55,0.5287530379510137,0.375,0.3,False,2,5,0.3424939240979728,0.2896388610646308,29,182.65000000000896,1.4973451327433962,139,251.1500000000251,0.8,4,0,262.95000000001266,0.7093749999999999
M2K,1H,m2k_1h_delay_adverse_filter_avoid_immediate_adverse_move_sm1p00_tm3p00_d5_ts3_aw5_mt12,delay_adverse_filter,m2k_1h_adverse_core,64,-109.52499999994757,1170.4750000000138,1279.9999999999613,0.28125,-1.7113281249991807,-13.24999999999875,0.9144335937500384,-394.4749999999772,-0.4720170829418964,-1.1122650081020982,-0.27764750617898193,74.953125,35.0,0.953125,0.03125,0.28125,0.015625,130,0.5284552845528455,0,13.889483065953655,2.5,-123.49999999999909,63,232,0.27155172413793105,-0.2360085414709482,36,28,-364.99999999996703,255.47500000001946,1min,dynamic_exit_atr_target_1p0_ts4_vq0p95_bf0p5_ra1p2,1.0,3.0,5,3,avoid_immediate_adverse_move,"{""adverse_window_minutes"": 5, ""max_adverse_ticks"": 12}",,5.0,12.0,0.7790214127630737,0.5612605368069019,0.35824639713918044,1.0,0.55,0.512116688840579,0.375,0.3,False,2,5,0.37576662231884184,0.28236085281095896,30,185.00000000002274,1.3104026845638048,137,200.95000000004802,0.6,3,0,262.95000000001266,0.7093749999999999
M2K,1H,m2k_1h_delay_adverse_filter_avoid_immediate_adverse_move_sm0p75_tm2p50_d30_ts3_aw5_mt12,delay_adverse_filter,m2k_1h_adverse_core,48,-92.37499999995862,743.6250000000132,835.9999999999718,0.3125,-1.9244791666658045,-8.374999999999204,0.8895035885167922,-232.24999999999113,-0.6724972424818726,-1.0982038134608882,-0.3977395048437552,97.5625,84.0,0.9791666666666666,0.020833333333333332,0.3958333333333333,0.0,105,0.4268292682926829,0,10.417112299465241,2.5,-147.37499999999955,48,232,0.20689655172413793,-0.2935018588878336,24,24,-199.12499999997976,106.75000000002115,1min,dynamic_exit_atr_target_1p0_ts4_vq0p95_bf0p5_ra1p2,0.75,2.5,30,3,avoid_immediate_adverse_move,"{""adverse_window_minutes"": 5, ""max_adverse_ticks"": 12}",,5.0,12.0,0.788691692862872,0.5424130077025883,0.3006721457787639,1.0,0.55,0.5788621756724694,0.375,0.3,False,3,5,0.442275648655061,0.28190108833077704,31,302.9375000000141,1.9260603744746523,103,330.81250000003365,0.6,3,0,262.95000000001266,0.7093749999999999
M2K,1H,m2k_1h_delay_adverse_filter_avoid_immediate_adverse_move_sm1p00_tm2p50_d15_ts3_aw10_mt12,delay_adverse_filter,m2k_1h_adverse_core,49,-123.37499999995771,928.1250000000136,1051.4999999999714,0.30612244897959184,-2.51785714285628,-10.99999999999909,0.8826676176890527,-390.4999999999927,-0.6678414629513133,-1.0267256744526798,-0.31594110115226637,92.3265306122449,74.0,0.9387755102040817,0.02040816326530612,0.3673469387755102,0.04081632653061224,113,0.45934959349593496,0,10.634135472370767,2.5,-236.99999999999932,48,232,0.20689655172413793,-0.29146991011470846,26,23,-332.99999999997226,209.62500000001455,1min,dynamic_exit_atr_target_1p0_ts4_vq0p95_bf0p5_ra1p2,1.0,2.5,15,3,avoid_immediate_adverse_move,"{""adverse_window_minutes"": 10, ""max_adverse_ticks"": 12}",,10.0,12.0,0.7712118862684737,0.5372448916943238,0.33988776303367135,1.0,0.55,0.5681774215835322,0.375,0.3,False,2,5,0.2636451568329357,0.28165113328513997,32,208.06250000001114,1.6889486754967402,134,208.18750000002865,0.6,3,0,262.95000000001266,0.7093749999999999
M2K,1H,m2k_1h_delay_adverse_filter_avoid_immediate_adverse_move_sm0p75_tm3p00_d5_ts3_aw5_mt8,delay_adverse_filter,m2k_1h_adverse_core,43,-111.39999999996462,574.9750000000097,686.3749999999743,0.27906976744186046,-2.590697674417782,-12.374999999999545,0.8376980513568111,-340.7249999999806,-1.061216667143365,-2.5162136567572677,-0.32694988627183497,76.37209302325581,46.0,0.9534883720930233,0.046511627906976744,0.3023255813953488,0.0,151,0.6138211382113821,0,9.331996434937611,2.5,-67.12499999999864,42,232,0.1810344827586207,-0.4332398901730371,24,19,-94.49999999997999,-16.89999999998463,1min,dynamic_exit_atr_target_1p0_ts4_vq0p95_bf0p5_ra1p2,0.75,3.0,5,3,avoid_immediate_adverse_move,"{""adverse_window_minutes"": 5, ""max_adverse_ticks"": 8}",,5.0,8.0,0.7779641663964674,0.5032470965745304,0.3346099546143434,1.0,0.55,0.545703785062523,0.375,0.3,False,2,5,0.30859242987495406,0.27203931354572947,33,226.1250000000109,1.6435432230523352,124,466.3250000000255,0.8,4,0,262.95000000001266,0.7093749999999999
M2K,1H,m2k_1h_delay_adverse_filter_avoid_immediate_adverse_move_sm0p75_tm2p00_d30_ts3_aw5_mt12,delay_adverse_filter,m2k_1h_adverse_core,48,-108.84999999996012,727.1500000000117,835.9999999999718,0.3125,-2.2677083333325023,-8.374999999999204,0.8697966507177467,-232.24999999999113,-0.8054484517446123,-1.2940674976479287,-0.46867599569414115,94.625,70.5,0.9583333333333334,0.041666666666666664,0.375,0.0,105,0.4268292682926829,0,10.417112299465241,2.5,-147.37499999999955,48,232,0.20689655172413793,-0.35152652366711157,24,24,-199.12499999997976,90.27500000001965,1min,dynamic_exit_atr_target_1p0_ts4_vq0p95_bf0p5_ra1p2,0.75,2.0,30,3,avoid_immediate_adverse_move,"{""adverse_window_minutes"": 5, ""max_adverse_ticks"": 12}",,5.0,12.0,0.7794020214550414,0.5275142108411629,0.26666392374686587,1.0,0.55,0.5716995969723881,0.375,0.3,False,3,5,0.4566008060552237,0.2708877745671289,34,216.52500000001282,1.6619029423003975,129,224.57500000003165,0.6,3,0,262.95000000001266,0.7093749999999999
M2K,1H,m2k_1h_delay_adverse_filter_avoid_immediate_adverse_move_sm1p00_tm2p00_d5_ts3_aw5_mt12,delay_adverse_filter,m2k_1h_adverse_core,64,-152.44999999994775,1127.5500000000136,1279.9999999999613,0.28125,-2.3820312499991836,-13.24999999999875,0.8808984375000373,-420.1499999999771,-0.6679743377410629,-1.5481835241742794,-0.36284660240379873,70.078125,31.0,0.90625,0.078125,0.234375,0.015625,130,0.5284552845528455,0,13.889483065953655,2.5,-123.49999999999909,63,232,0.27155172413793105,-0.3339871688705314,36,28,-346.19999999996594,193.7500000000182,1min,dynamic_exit_atr_target_1p0_ts4_vq0p95_bf0p5_ra1p2,1.0,2.0,5,3,avoid_immediate_adverse_move,"{""adverse_window_minutes"": 5, ""max_adverse_ticks"": 12}",,5.0,12.0,0.7548175192771199,0.5359073598811024,0.31740042708067073,1.0,0.55,0.5124149549666344,0.375,0.3,False,2,5,0.37517009006673113,0.2663672831387402,35,140.350000000019,1.2354865771812462,147,137.75000000004297,0.6,3,0,262.95000000001266,0.7093749999999999
M2K,1H,m2k_1h_delay_adverse_filter_avoid_immediate_adverse_move_sm0p75_tm2p50_d5_ts3_aw5_mt8,delay_adverse_filter,m2k_1h_adverse_core,43,-144.06249999996362,542.3125000000107,686.3749999999743,0.27906976744186046,-3.3502906976735725,-12.374999999999545,0.790111090876024,-353.56249999998,-1.4370852785819777,-3.2539679526626353,-0.40745978433790847,75.55813953488372,39.0,0.9534883720930233,0.046511627906976744,0.3023255813953488,0.0,151,0.6138211382113821,0,9.331996434937611,2.5,-67.12499999999864,42,232,0.1810344827586207,-0.5866876082318766,24,19,-94.49999999997999,-49.56249999998363,1min,dynamic_exit_atr_target_1p0_ts4_vq0p95_bf0p5_ra1p2,0.75,2.5,5,3,avoid_immediate_adverse_move,"{""adverse_window_minutes"": 5, ""max_adverse_ticks"": 8}",,5.0,8.0,0.7595469346903535,0.467270504742477,0.2960120699942642,1.0,0.55,0.5438602116062858,0.375,0.3,False,2,5,0.3122795767874283,0.25509433012664856,36,191.18750000000773,1.5441124155105246,136,411.56250000002274,0.8,4,0,262.95000000001266,0.7093749999999999
M2K,1H,m2k_1h_delay_adverse_filter_avoid_immediate_adverse_move_sm1p00_tm3p00_d5_ts3_aw5_mt8,delay_adverse_filter,m2k_1h_adverse_core,43,-136.02499999996212,638.9750000000117,774.9999999999739,0.32558139534883723,-3.163372093022375,-13.49999999999909,0.8244838709677849,-289.4749999999783,-1.1737047814183017,-2.6149309757774217,-0.4699024095344065,85.16279069767442,60.0,0.9302325581395349,0.046511627906976744,0.32558139534883723,0.023255813953488372,151,0.6138211382113821,0,9.331996434937611,2.5,-72.99999999999955,42,232,0.1810344827586207,-0.4791629705232837,24,19,-193.49999999997635,57.475000000014234,1min,dynamic_exit_atr_target_1p0_ts4_vq0p95_bf0p5_ra1p2,1.0,3.0,5,3,avoid_immediate_adverse_move,"{""adverse_window_minutes"": 5, ""max_adverse_ticks"": 8}",,5.0,8.0,0.7640789974484988,0.49325694024918443,0.26607595902401676,1.0,0.55,0.5127360749055803,0.375,0.3,False,2,5,0.3745278501888396,0.25203899262897617,37,182.0000000000141,1.4131668558456698,140,348.9500000000294,0.8,4,0,262.95000000001266,0.7093749999999999
M2K,1H,m2k_1h_delay_adverse_filter_avoid_immediate_adverse_move_sm0p75_tm2p00_d5_ts3_aw5_mt8,delay_adverse_filter,m2k_1h_adverse_core,43,-155.6249999999659,530.7500000000084,686.3749999999743,0.27906976744186046,-3.6191860465108348,-12.374999999999545,0.7732653432890596,-366.39999999998054,-1.561971296854725,-3.5151324087332894,-0.42474072052394696,71.18604651162791,35.0,0.9069767441860465,0.09302325581395349,0.2558139534883721,0.0,151,0.6138211382113821,0,9.331996434937611,2.5,-67.12499999999864,42,232,0.1810344827586207,-0.6376721116945645,24,19,-76.99999999997999,-78.6249999999859,1min,dynamic_exit_atr_target_1p0_ts4_vq0p95_bf0p5_ra1p2,0.75,2.0,5,3,avoid_immediate_adverse_move,"{""adverse_window_minutes"": 5, ""max_adverse_ticks"": 8}",,5.0,8.0,0.7530272487630059,0.4545348187705454,0.28772728020992905,1.0,0.55,0.5475393413198663,0.375,0.3,False,2,5,0.3049213173602675,0.25055240673617957,38,176.525000000006,1.5023834934187368,142,398.1750000000193,0.8,4,0,262.95000000001266,0.7093749999999999
M2K,1H,m2k_1h_delay_adverse_filter_avoid_immediate_adverse_move_sm1p00_tm2p50_d5_ts3_aw5_mt8,delay_adverse_filter,m2k_1h_adverse_core,43,-168.68749999996112,606.3125000000127,774.9999999999739,0.32558139534883723,-3.9229651162781654,-13.49999999999909,0.7823387096774622,-313.1874999999684,-1.517629658407973,-3.242831604311524,-0.5386150468967572,84.34883720930233,60.0,0.9302325581395349,0.046511627906976744,0.32558139534883723,0.023255813953488372,151,0.6138211382113821,0,9.331996434937611,2.5,-72.99999999999955,42,232,0.1810344827586207,-0.6195697136023113,24,19,-193.49999999997635,24.812500000015234,1min,dynamic_exit_atr_target_1p0_ts4_vq0p95_bf0p5_ra1p2,1.0,2.5,5,3,avoid_immediate_adverse_move,"{""adverse_window_minutes"": 5, ""max_adverse_ticks"": 8}",,5.0,8.0,0.745661765742385,0.4613944457734095,0.23313389211596075,1.0,0.55,0.5099095450249866,0.375,0.3,False,2,5,0.3801809099500269,0.2366177578743009,39,147.0625000000109,1.3338535754824374,146,294.1875000000266,0.8,4,0,262.95000000001266,0.7093749999999999
M2K,1H,m2k_1h_delay_adverse_filter_avoid_immediate_adverse_move_sm1p00_tm2p00_d5_ts3_aw5_mt8,delay_adverse_filter,m2k_1h_adverse_core,43,-180.2499999999634,594.7500000000105,774.9999999999739,0.32558139534883723,-4.191860465115428,-13.49999999999909,0.767419354838749,-342.24999999997067,-1.636607083948981,-3.4651079462151504,-0.5266617969320054,79.97674418604652,60.0,0.8837209302325582,0.09302325581395349,0.27906976744186046,0.023255813953488372,151,0.6138211382113821,0,9.331996434937611,2.5,-72.99999999999955,42,232,0.1810344827586207,-0.6681420441832194,24,19,-175.99999999997635,-4.24999999998704,1min,dynamic_exit_atr_target_1p0_ts4_vq0p95_bf0p5_ra1p2,1.0,2.0,5,3,avoid_immediate_adverse_move,"{""adverse_window_minutes"": 5, ""max_adverse_ticks"": 8}",,5.0,8.0,0.7391420798150373,0.45011514711665535,0.23886449386875164,1.0,0.55,0.5155329630017913,0.375,0.3,False,2,5,0.3689340739964174,0.23476106391691992,40,132.4000000000092,1.3005675368899245,149,280.80000000002315,0.8,4,0,262.95000000001266,0.7093749999999999
M2K,1H,m2k_1h_delay_adverse_filter_avoid_immediate_adverse_move_sm1p25_tm2p00_d5_ts3_aw5_mt12,delay_adverse_filter,m2k_1h_adverse_core,64,-232.44999999994775,1197.5500000000159,1429.9999999999636,0.3125,-3.6320312499991836,-14.562499999998408,0.8374475524475848,-460.3999999999769,-0.967314405042966,-1.9914281280720159,-0.5048870547349249,81.03125,61.0,0.890625,0.078125,0.28125,0.03125,130,0.5284552845528455,0,13.889483065953655,2.5,-153.6249999999984,63,232,0.27155172413793105,-0.483657202521483,36,28,-376.69999999996435,144.2500000000166,1min,dynamic_exit_atr_target_1p0_ts4_vq0p95_bf0p5_ra1p2,1.25,2.0,5,3,avoid_immediate_adverse_move,"{""adverse_window_minutes"": 5, ""max_adverse_ticks"": 12}",,5.0,12.0,0.7097083409689942,0.5030577149262688,0.2493036946023699,1.0,0.55,0.4703677286416248,0.375,0.3,False,2,5,0.45926454271675043,0.2342539246656518,41,83.47500000002242,1.1210879419764637,153,87.75000000004866,0.6,3,0,262.95000000001266,0.7093749999999999
M2K,1H,m2k_1h_delay_adverse_filter_avoid_immediate_adverse_move_sm1p00_tm3p00_d30_ts3_aw5_mt12,delay_adverse_filter,m2k_1h_adverse_core,48,-240.04999999995448,763.4500000000128,1003.4999999999673,0.3125,-5.001041666665718,-8.49999999999909,0.7607872446437844,-343.4999999999718,-1.522616082416238,-2.1630597084351555,-0.6988355167393717,106.91666666666667,127.5,0.9583333333333334,0.020833333333333332,0.4583333333333333,0.020833333333333332,105,0.4268292682926829,0,10.417112299465241,2.5,-195.49999999999955,48,232,0.20689655172413793,-0.6645241382885267,24,24,-315.4999999999791,75.4500000000246,1min,dynamic_exit_atr_target_1p0_ts4_vq0p95_bf0p5_ra1p2,1.0,3.0,30,3,avoid_immediate_adverse_move,"{""adverse_window_minutes"": 5, ""max_adverse_ticks"": 12}",,5.0,12.0,0.7054229690297183,0.4451011533868862,0.15632133419066258,1.0,0.55,0.5526470326541624,0.375,0.3,False,3,5,0.49470593469167506,0.22020007951004467,42,305.4750000000206,1.8485416666667507,101,285.92500000004065,0.6,3,0,262.95000000001266,0.7093749999999999
M2K,1H,m2k_1h_delay_adverse_filter_avoid_immediate_adverse_move_sm1p00_tm2p50_d30_ts3_aw5_mt12,delay_adverse_filter,m2k_1h_adverse_core,48,-259.87499999995407,743.6250000000132,1003.4999999999673,0.3125,-5.414062499999043,-8.49999999999909,0.7410313901345664,-351.87499999997044,-1.6769500646073854,-2.3417002363240718,-0.7385435168738214,106.75,127.5,0.9583333333333334,0.020833333333333332,0.4583333333333333,0.020833333333333332,105,0.4268292682926829,0,10.417112299465241,2.5,-195.49999999999955,48,232,0.20689655172413793,-0.7318810102594694,24,24,-315.4999999999791,55.62500000002501,1min,dynamic_exit_atr_target_1p0_ts4_vq0p95_bf0p5_ra1p2,1.0,2.5,30,3,avoid_immediate_adverse_move,"{""adverse_window_minutes"": 5, ""max_adverse_ticks"": 12}",,5.0,12.0,0.6942443507802362,0.4301653746191179,0.13728460896184966,1.0,0.55,0.5436015679040935,0.375,0.3,False,3,5,0.5127968641918128,0.21076487160976226,43,270.0625000000184,1.7501736111111859,111,230.68750000003888,0.6,3,0,262.95000000001266,0.7093749999999999
M2K,1H,m2k_1h_delay_adverse_filter_avoid_immediate_adverse_move_sm1p00_tm2p00_d30_ts3_aw5_mt12,delay_adverse_filter,m2k_1h_adverse_core,48,-276.34999999995557,727.1500000000117,1003.4999999999673,0.3125,-5.757291666665741,-8.49999999999909,0.7246138515197164,-371.69999999997117,-1.8069912765567455,-2.4901543446201733,-0.7434759214419613,103.8125,97.0,0.9375,0.041666666666666664,0.4375,0.020833333333333332,105,0.4268292682926829,0,10.417112299465241,2.5,-195.49999999999955,48,232,0.20689655172413793,-0.7886356480901112,24,24,-315.4999999999791,39.15000000002351,1min,dynamic_exit_atr_target_1p0_ts4_vq0p95_bf0p5_ra1p2,1.0,2.0,30,3,avoid_immediate_adverse_move,"{""adverse_window_minutes"": 5, ""max_adverse_ticks"": 12}",,5.0,12.0,0.6849546793724057,0.4177534222761666,0.13491992602231376,1.0,0.55,0.5355654903452989,0.375,0.3,False,3,5,0.5288690193094022,0.20486443278485628,44,183.65000000001714,1.5101388888889526,138,124.45000000003688,0.6,3,0,262.95000000001266,0.7093749999999999
M2K,1H,m2k_1h_delay_adverse_filter_avoid_immediate_adverse_move_sm1p25_tm2p00_d5_ts3_aw5_mt8,delay_adverse_filter,m2k_1h_adverse_core,43,-283.12499999996135,623.7500000000114,906.8749999999727,0.3488372093023256,-6.584302325580496,-16.124999999999545,0.6878015161957604,-427.3749999999677,-2.3550859874893515,-4.371563280796935,-0.6624744077215157,91.74418604651163,68.0,0.8837209302325582,0.09302325581395349,0.32558139534883723,0.023255813953488372,151,0.6138211382113821,0,9.331996434937611,2.5,-90.49999999999955,42,232,0.1810344827586207,-0.9614598282879263,24,19,-246.7499999999734,-36.37499999998795,1min,dynamic_exit_atr_target_1p0_ts4_vq0p95_bf0p5_ra1p2,1.25,2.0,5,3,avoid_immediate_adverse_move,"{""adverse_window_minutes"": 5, ""max_adverse_ticks"": 8}",,5.0,8.0,0.681134495834433,0.389922639453436,0.17375349997700512,1.0,0.55,0.5140119229442868,0.375,0.3,False,2,5,0.3719761541114266,0.2011262404957676,45,29.775000000011005,1.0548216340621617,159,141.9250000000261,0.8,4,0,262.95000000001266,0.7093749999999999
M2K,1H,m2k_1h_delay_stop_zone_filter_require_no_stop_zone_touch_before_entry_sm0p75_tm2p00_d30_ts3_sz1p00,delay_stop_zone_filter,m2k_1h_stop_zone_diag,43,-251.34999999996353,590.4000000000133,841.7499999999768,0.32558139534883723,-5.845348837208454,-11.25,0.7013959013959365,-423.2499999999777,-2.3062437720597346,-4.874938847158519,-0.5938570584760231,107.74418604651163,126.0,0.9069767441860465,0.06976744186046512,0.4186046511627907,0.023255813953488372,110,0.44715447154471544,0,9.331996434937611,2.5,-72.74999999999864,42,232,0.1810344827586207,-0.9415200773363175,22,21,-80.07499999998117,-171.27499999998236,1min,dynamic_exit_atr_target_1p0_ts4_vq0p95_bf0p5_ra1p2,0.75,2.0,30,3,require_no_stop_zone_touch_before_entry,"{""stop_zone_fraction"": 1.0}",1.0,,,0.6990512975936904,0.400200237404915,0.206649884058123,1.0,0.5,0.353991720875211,0.015625,0.3,False,1,5,0.49201655824957796,0.13129029773972128,46,461.80000000001655,2.297191011236034,66,449.25000000003706,0.6,3,0,557.8125000000335,0.5062500000000001
M2K,1H,m2k_1h_none_baseline_none_sm0p75_tm2p00_d30_ts3,none_baseline,m2k_1h_none_local,153,-463.52499999988254,2284.3500000000377,2747.8749999999204,0.29411764705882354,-3.029575163397925,-10.125000000000455,0.8313151071282733,-629.7499999999184,-1.1299849159309407,-2.3140496294344697,-0.736046050019758,83.47712418300654,54.0,0.9281045751633987,0.0457516339869281,0.30718954248366015,0.026143790849673203,0,0.0,2,33.20454545454546,2.5,-147.37499999999955,148,232,0.6379310344827587,-0.8659707707828364,87,66,-267.9499999999348,-195.57499999994775,1min,dynamic_exit_atr_target_1p0_ts4_vq0p95_bf0p5_ra1p2,0.75,2.0,30,3,none,{},,,,0.5794132987496539,0.4984214767644653,0.1384819392254714,1.0,0.8,0.3585704856931934,0.0,0.3,False,1,5,0.4828590286136132,0.1301248188406236,47,341.05000000005134,1.2799507490252902,85,131.92500000010568,0.4,2,0,743.7187500000698,0.6000000000000002
M2K,1H,m2k_1h_none_baseline_none_sm0p75_tm2p50_d15_ts3,none_baseline,m2k_1h_none_local,160,-462.87499999987176,2317.1250000000364,2779.9999999999077,0.25625,-2.8929687499991985,-10.68749999999909,0.8334982014388896,-584.1249999999604,-0.966184541780782,-1.9306982563917041,-0.7924245666593677,74.95625,43.5,0.9625,0.01875,0.275,0.01875,0,0.0,2,34.72370766488414,2.5,-178.4999999999991,156,232,0.6724137931034483,-0.7601899322221362,89,71,-309.2499999999234,-153.6249999999484,1min,dynamic_exit_atr_target_1p0_ts4_vq0p95_bf0p5_ra1p2,0.75,2.5,15,3,none,{},,,,0.5797798108234135,0.5000719350444313,0.11145307032141462,1.0,0.8,0.3614159891598923,0.0,0.3,False,2,5,0.6771680216802154,0.1269007080957651,48,787.8125000000603,1.7225980279753152,31,654.4375000001162,0.6,3,0,743.7187500000698,0.6000000000000002
M2K,1H,m2k_1h_delay_adverse_filter_avoid_immediate_adverse_move_sm1p25_tm2p00_d15_ts3_aw10_mt8,delay_adverse_filter,m2k_1h_adverse_core,34,7.025000000030559,606.400000000009,599.3749999999784,0.35294117647058826,0.20661764705972233,-10.68749999999909,1.0117205422315425,-257.4999999999841,0.07279781593914995,0.15549776753936853,0.027281553398178615,102.26470588235294,89.0,0.8529411764705882,0.08823529411764706,0.4117647058823529,0.058823529411764705,128,0.5203252032520326,0,7.378787878787879,2.5,-73.62499999999955,33,232,0.14224137931034483,0.02634359551259315,17,17,-12.124999999979309,19.150000000009868,1min,dynamic_exit_atr_target_1p0_ts4_vq0p95_bf0p5_ra1p2,1.25,2.0,15,3,avoid_immediate_adverse_move,"{""adverse_window_minutes"": 10, ""max_adverse_ticks"": 8}",,10.0,8.0,0.8447398469107121,0.6348112070061093,0.504434840319289,0.85,0.55,0.4747681232984084,0.375,0.5,False,2,5,0.4504637534031832,0.11154065532601887,49,307.1500000000026,2.308413205537822,100,581.5500000000145,1.0,5,0,262.95000000001266,0.7093749999999999
M2K,1H,m2k_1h_delay_stop_zone_filter_require_no_stop_zone_touch_before_entry_sm0p75_tm2p00_d30_ts4_sz1p00,delay_stop_zone_filter,m2k_1h_stop_zone_diag,43,-420.1499999999669,530.1000000000124,950.2499999999793,0.3023255813953488,-9.770930232557369,-17.24999999999909,0.5578531965272548,-583.8749999999754,-3.8142803322922525,-8.310289541490597,-0.7195889531149382,130.8139534883721,126.0,0.8604651162790697,0.09302325581395349,0.32558139534883723,0.046511627906976744,110,0.44715447154471544,0,9.331996434937611,2.5,-72.74999999999864,42,232,0.1810344827586207,-1.5571734250082472,22,21,-41.87499999998295,-378.27499999998395,1min,dynamic_exit_atr_target_1p0_ts4_vq0p95_bf0p5_ra1p2,0.75,2.0,30,4,require_no_stop_zone_touch_before_entry,"{""stop_zone_fraction"": 1.0}",1.0,,,0.6038709313635432,0.2916793894382862,0.14637176572844854,1.0,0.5,0.5149849649181455,0.015625,0.3,False,2,5,0.37003007016370887,0.10565732375735498,50,584.8500000000183,2.6497884344147655,52,481.0000000000366,0.8,4,0,557.8125000000335,0.5062500000000001
M2K,1H,m2k_1h_delay_stop_zone_filter_require_no_stop_zone_touch_before_entry_sm0p75_tm2p50_d30_ts3_sz1p00,delay_stop_zone_filter,m2k_1h_stop_zone_diag,43,-326.2499999999625,515.5000000000143,841.7499999999768,0.32558139534883723,-7.587209302324709,-11.25,0.6124146124146463,-423.2499999999777,-3.267481967264784,-6.32762601506073,-0.7708210277613223,114.79069767441861,179.0,0.9767441860465116,0.0,0.4883720930232558,0.023255813953488372,110,0.44715447154471544,0,9.331996434937611,2.5,-72.74999999999864,42,232,0.1810344827586207,-1.3339439272573481,22,21,-151.6249999999809,-174.62499999998158,1min,dynamic_exit_atr_target_1p0_ts4_vq0p95_bf0p5_ra1p2,0.75,2.5,30,3,require_no_stop_zone_touch_before_entry,"{""stop_zone_fraction"": 1.0}",1.0,,,0.6568178294027084,0.3329287940929945,0.12181019313242374,1.0,0.5,0.37646426652336684,0.015625,0.3,False,1,5,0.4470714669532664,0.10003424364750918,51,564.5625000000177,2.585849719101213,55,493.3125000000382,0.6,3,0,557.8125000000335,0.5062500000000001
M2K,1H,m2k_1h_none_baseline_none_sm0p75_tm2p50_d30_ts3,none_baseline,m2k_1h_none_local,152,-614.9999999998784,2021.1250000000427,2636.1249999999213,0.29605263157894735,-4.046052631578147,-9.937499999999773,0.7667030205320701,-688.9999999998975,-1.5755978312408059,-3.070256236669604,-0.8925979680696224,87.84210526315789,61.5,0.9671052631578947,0.006578947368421052,0.34868421052631576,0.02631578947368421,0,0.0,3,32.98752228163993,2.5,-147.37499999999955,148,232,0.6379310344827587,-1.207468922042454,86,66,-353.7499999999329,-261.24999999994543,1min,dynamic_exit_atr_target_1p0_ts4_vq0p95_bf0p5_ra1p2,0.75,2.5,30,3,none,{},,,,0.4940018889468643,0.4495735855900037,0.06342815062196694,1.0,0.8,0.41130081300813254,0.0,0.3,False,2,5,0.577398373983735,0.09992443945188861,52,443.8125000000525,1.3643033039196089,69,195.81250000010755,0.4,2,0,743.7187500000698,0.6000000000000002
M2K,1H,m2k_1h_delay_stop_zone_filter_require_no_stop_zone_touch_before_entry_sm1p00_tm2p00_d30_ts3_sz0p75,delay_stop_zone_filter,m2k_1h_stop_zone_diag,43,-361.0999999999592,607.9000000000133,968.9999999999725,0.3488372093023256,-8.397674418603703,-10.499999999998408,0.6273477812177818,-529.4999999999743,-3.046311410015188,-5.6974857334323215,-0.6819641170915519,117.4186046511628,147.0,0.9069767441860465,0.06976744186046512,0.46511627906976744,0.023255813953488372,110,0.44715447154471544,0,9.331996434937611,2.5,-77.49999999999773,42,232,0.1810344827586207,-1.2436514253592605,22,21,-90.44999999998026,-270.64999999997895,1min,dynamic_exit_atr_target_1p0_ts4_vq0p95_bf0p5_ra1p2,1.0,2.0,30,3,require_no_stop_zone_touch_before_entry,"{""stop_zone_fraction"": 0.75}",0.75,,,0.6371671436022329,0.3442185363535128,0.1644097848362138,1.0,0.5,0.3439613526569951,0.015625,0.3,False,1,5,0.5120772946860098,0.09987655661513045,53,383.3000000000186,1.8821634062141042,74,318.50000000004,0.6,3,0,557.8125000000335,0.5062500000000001
M2K,1H,m2k_1h_delay_stop_zone_filter_require_no_stop_zone_touch_before_entry_sm0p75_tm2p00_d15_ts3_sz1p00,delay_stop_zone_filter,m2k_1h_stop_zone_diag,75,-454.7999999999422,985.9500000000173,1440.7499999999595,0.28,-6.063999999999229,-13.49999999999909,0.6843310775638001,-623.4999999999741,-2.2523461082119205,-5.175525211264851,-0.7294306335203867,82.88,51.0,0.9466666666666667,0.04,0.32,0.013333333333333334,86,0.34959349593495936,1,16.27673796791444,2.5,-79.50000000000045,73,232,0.3146551724137931,-1.2122614285927626,38,37,-254.1749999999695,-200.62499999997272,1min,dynamic_exit_atr_target_1p0_ts4_vq0p95_bf0p5_ra1p2,0.75,2.0,15,3,require_no_stop_zone_touch_before_entry,"{""stop_zone_fraction"": 1.0}",1.0,,,0.5843330185088502,0.38729892587982734,0.14165348817647047,1.0,0.5,0.3724581724581749,0.015625,0.3,False,2,5,0.6550836550836502,0.09878688797293228,54,904.5000000000255,2.741097208854765,23,797.6000000000477,0.6,3,0,557.8125000000335,0.5062500000000001
M2K,1H,m2k_1h_delay_adverse_filter_avoid_immediate_adverse_move_sm0p75_tm3p00_d30_ts3_aw10_mt12,delay_adverse_filter,m2k_1h_adverse_core,39,-82.42499999996767,663.4500000000105,745.8749999999782,0.3333333333333333,-2.1134615384607094,-8.49999999999909,0.8894922071393061,-266.4999999999952,-0.6743702090877068,-1.1097733720641656,-0.30928705440888987,98.6923076923077,72.0,0.9743589743589743,0.02564102564102564,0.41025641025641024,0.0,114,0.4634146341463415,0,8.463903743315509,2.5,-147.37499999999955,39,232,0.16810344827586207,-0.2652958215384732,22,17,-230.49999999998136,148.0750000000137,1min,dynamic_exit_atr_target_1p0_ts4_vq0p95_bf0p5_ra1p2,0.75,3.0,30,3,avoid_immediate_adverse_move,"{""adverse_window_minutes"": 10, ""max_adverse_ticks"": 12}",,10.0,12.0,0.7943021469149399,0.542404403177984,0.343077832014341,0.975,0.55,0.6528293999163972,0.375,0.5,False,3,5,0.2943412001672057,0.09797739480819556,55,302.72500000001173,2.383885714285804,104,297.42500000002565,0.6,3,0,262.95000000001266,0.7093749999999999
M2K,1H,m2k_1h_none_baseline_none_sm0p75_tm2p00_d30_ts4,none_baseline,m2k_1h_none_local,153,-682.1249999998827,2229.5000000000355,2911.624999999918,0.2679738562091503,-4.4583333333325665,-11.62499999999909,0.7657236079509202,-819.799999999924,-1.5768305886501246,-3.429817571195078,-0.8320626982190118,100.40522875816994,54.0,0.8954248366013072,0.058823529411764705,0.24836601307189543,0.0457516339869281,0,0.0,2,33.20454545454546,2.5,-147.37499999999955,148,232,0.6379310344827587,-1.2084136531347769,87,66,-297.549999999934,-384.57499999994866,1min,dynamic_exit_atr_target_1p0_ts4_vq0p95_bf0p5_ra1p2,0.75,2.0,30,4,none,{},,,,0.4561524690227001,0.44883313219034965,0.09244984133658773,1.0,0.8,0.40993276186226446,0.0,0.3,False,1,5,0.380134476275471,0.09635451072243778,56,572.8500000000531,1.4660158633313547,54,371.42500000010614,0.4,2,0,743.7187500000698,0.6000000000000002
M2K,1H,m2k_1h_none_baseline_none_sm1p00_tm2p00_d30_ts4,none_baseline,m2k_1h_none_local,153,-677.9999999998643,2355.500000000042,3033.499999999906,0.3006535947712418,-4.431372549018721,-10.499999999998408,0.7764957969342723,-820.549999999912,-1.4169427466191298,-2.6472922419336746,-0.8262750594112936,117.41830065359477,80.0,0.8758169934640523,0.058823529411764705,0.3333333333333333,0.06535947712418301,0,0.0,2,33.20454545454546,2.5,-195.49999999999955,148,232,0.6379310344827587,-1.0858826389147191,87,66,-188.79999999992378,-489.1999999999405,1min,dynamic_exit_atr_target_1p0_ts4_vq0p95_bf0p5_ra1p2,1.0,2.0,30,4,none,{},,,,0.4584784110292232,0.45697709940902226,0.09522453886184934,1.0,0.8,0.3719493075515946,0.0,0.3,False,1,5,0.45610138489681085,0.0931671790496657,57,528.6000000000604,1.3892488954345172,60,219.80000000011955,0.4,2,0,743.7187500000698,0.6000000000000002
M2K,1H,m2k_1h_delay_adverse_filter_avoid_immediate_adverse_move_sm0p75_tm3p00_d30_ts3_aw10_mt8,delay_adverse_filter,m2k_1h_adverse_core,28,0.3250000000230102,433.45000000000823,433.1249999999852,0.35714285714285715,0.01160714285796465,-7.874999999999659,1.0007503607504138,-265.7499999999868,0.004735292103244728,0.00971244447497818,0.001222953904131802,107.10714285714286,137.5,0.9642857142857143,0.03571428571428571,0.4642857142857143,0.0,125,0.508130081300813,0,6.076648841354724,2.5,-58.49999999999909,28,232,0.1206896551724138,0.001578430701081576,15,13,-89.12499999998658,89.4500000000096,1min,dynamic_exit_atr_target_1p0_ts4_vq0p95_bf0p5_ra1p2,0.75,3.0,30,3,avoid_immediate_adverse_move,"{""adverse_window_minutes"": 10, ""max_adverse_ticks"": 8}",,10.0,8.0,0.8409619532274023,0.6265175539237808,0.49194188180372084,0.7,0.55,0.47558407370844885,0.375,0.5,False,2,5,0.4488318525831023,0.092374794757062,58,365.4750000000081,3.638808664260047,76,583.6750000000188,0.6,3,0,262.95000000001266,0.7093749999999999
M2K,1H,m2k_1h_none_baseline_none_sm1p00_tm2p00_d15_ts3,none_baseline,m2k_1h_none_local,160,-774.1499999998575,2499.850000000036,3273.999999999894,0.2875,-4.8384374999991095,-11.499999999999204,0.7635461209529983,-1000.8499999999242,-1.4747545113361291,-2.372250172768736,-0.7734925313482701,83.0,56.0,0.925,0.05625,0.3125,0.01875,0,0.0,2,34.72370766488414,2.5,-236.99999999999932,156,232,0.6724137931034483,-1.160330644444596,89,71,-318.54999999991264,-455.5999999999449,1min,dynamic_exit_atr_target_1p0_ts4_vq0p95_bf0p5_ra1p2,1.0,2.0,15,3,none,{},,,,0.40426281735014835,0.4471869131389045,0.12052942654734479,1.0,0.8,0.4098893678907239,0.0,0.3,False,2,5,0.5802212642185522,0.08985276526352087,59,879.9000000000592,1.6963988919668265,26,704.650000000122,0.8,4,0,743.7187500000698,0.6000000000000002
M2K,1H,m2k_1h_none_baseline_none_sm1p00_tm2p00_d30_ts3,none_baseline,m2k_1h_none_local,153,-664.1499999998666,2403.3500000000413,3067.499999999908,0.3137254901960784,-4.340849673201743,-10.499999999998408,0.7834881825591241,-772.4999999999136,-1.4628497016500763,-2.5569567084420886,-0.8597411003235481,95.09803921568627,80.0,0.9215686274509803,0.0457516339869281,0.3790849673202614,0.032679738562091505,0,0.0,2,33.20454545454546,2.5,-195.49999999999955,148,232,0.6379310344827587,-1.1210637113980542,87,66,-389.9499999999273,-274.19999999993934,1min,dynamic_exit_atr_target_1p0_ts4_vq0p95_bf0p5_ra1p2,1.0,2.0,30,3,none,{},,,,0.4662879375238162,0.46226346779683253,0.0791803204880793,1.0,0.8,0.33548125506828974,0.0,0.3,False,1,5,0.5290374898634206,0.08790951739758518,60,288.3000000000618,1.2186575654152978,107,-18.19999999987772,0.4,2,0,743.7187500000698,0.6000000000000002
M2K,1H,m2k_1h_delay_adverse_filter_avoid_immediate_adverse_move_sm0p75_tm2p50_d30_ts3_aw10_mt12,delay_adverse_filter,m2k_1h_adverse_core,39,-102.24999999996726,643.6250000000109,745.8749999999782,0.3333333333333333,-2.6217948717940325,-8.49999999999909,0.8629126864421381,-266.4999999999952,-0.8558424406291495,-1.3766979350144872,-0.3836772983113287,98.48717948717949,72.0,0.9743589743589743,0.02564102564102564,0.41025641025641024,0.0,114,0.4634146341463415,0,8.463903743315509,2.5,-147.37499999999955,39,232,0.16810344827586207,-0.336686615651897,22,17,-230.49999999998136,128.2500000000141,1min,dynamic_exit_atr_target_1p0_ts4_vq0p95_bf0p5_ra1p2,0.75,2.5,30,3,avoid_immediate_adverse_move,"{""adverse_window_minutes"": 10, ""max_adverse_ticks"": 12}",,10.0,12.0,0.7831235286654578,0.5223098109293427,0.30741381901746156,0.975,0.55,0.6482562695924827,0.375,0.5,False,3,5,0.30348746081503436,0.08568718121045182,61,267.31250000000955,2.2220000000000755,112,242.18750000002387,0.6,3,0,262.95000000001266,0.7093749999999999
M2K,1H,m2k_1h_none_baseline_none_sm0p75_tm2p00_d15_ts4,none_baseline,m2k_1h_none_local,160,-758.5249999998769,2141.3500000000295,2899.8749999999063,0.25,-4.74078124999923,-10.68749999999909,0.7384283805336777,-934.0999999999303,-1.6978663235869802,-3.0994581945332667,-0.8120383256609929,85.50625,43.5,0.925,0.05625,0.225,0.01875,0,0.0,2,34.72370766488414,2.5,-178.4999999999991,156,232,0.6724137931034483,-1.3358740795737978,89,71,-380.67499999992833,-377.8499999999485,1min,dynamic_exit_atr_target_1p0_ts4_vq0p95_bf0p5_ra1p2,0.75,2.0,15,4,none,{},,,,0.4130732037384433,0.4281974528817356,0.10204988356927802,1.0,0.8,0.4020172978577975,0.0,0.3,False,1,5,0.3959654042844049,0.08386420853809712,62,1283.4500000000571,2.204269293924563,4,1248.5750000001076,0.8,4,0,743.7187500000698,0.6000000000000002
M2K,1H,m2k_1h_delay_adverse_filter_avoid_immediate_adverse_move_sm0p75_tm2p50_d30_ts3_aw10_mt8,delay_adverse_filter,m2k_1h_adverse_core,28,-19.49999999997658,413.62500000000864,433.1249999999852,0.35714285714285715,-0.6964285714277351,-7.874999999999659,0.9549783549784076,-265.7499999999868,-0.29940164347374965,-0.5827466684567322,-0.07337723424262482,106.82142857142857,137.5,0.9642857142857143,0.03571428571428571,0.4642857142857143,0.0,125,0.508130081300813,0,6.076648841354724,2.5,-58.49999999999909,28,232,0.1206896551724138,-0.09980054782458321,15,13,-89.12499999998658,69.62500000001,1min,dynamic_exit_atr_target_1p0_ts4_vq0p95_bf0p5_ra1p2,0.75,2.5,30,3,avoid_immediate_adverse_move,"{""adverse_window_minutes"": 10, ""max_adverse_ticks"": 8}",,10.0,8.0,0.8297833349779201,0.5919131002592373,0.45617721778238995,0.7,0.55,0.4862548828124917,0.375,0.5,False,2,5,0.42749023437501665,0.0794541021366636,63,330.0625000000059,3.383122743682408,89,528.437500000017,0.6,3,0,262.95000000001266,0.7093749999999999
M2K,1H,m2k_1h_delay_adverse_filter_avoid_immediate_adverse_move_sm0p75_tm2p00_d30_ts3_aw10_mt12,delay_adverse_filter,m2k_1h_adverse_core,39,-118.72499999996876,627.1500000000094,745.8749999999782,0.3333333333333333,-3.0442307692299684,-8.49999999999909,0.8408245349422192,-266.4999999999952,-1.0114350292969188,-1.598517969042585,-0.4454971857409789,94.87179487179488,69.0,0.9487179487179487,0.05128205128205128,0.38461538461538464,0.0,114,0.4634146341463415,0,8.463903743315509,2.5,-147.37499999999955,39,232,0.16810344827586207,-0.39789641270351184,22,17,-230.49999999998136,111.7750000000126,1min,dynamic_exit_atr_target_1p0_ts4_vq0p95_bf0p5_ra1p2,0.75,2.0,30,3,avoid_immediate_adverse_move,"{""adverse_window_minutes"": 10, ""max_adverse_ticks"": 12}",,10.0,12.0,0.7738338572576273,0.5056107739913146,0.27777625966696196,0.975,0.55,0.6442339407103557,0.375,0.5,False,3,5,0.3115321185792886,0.07544045630638607,64,180.90000000000828,1.826971428571488,141,135.95000000002187,0.6,3,0,262.95000000001266,0.7093749999999999
M2K,1H,m2k_1h_delay_stop_zone_filter_require_no_stop_zone_touch_before_entry_sm1p00_tm2p50_d30_ts3_sz0p75,delay_stop_zone_filter,m2k_1h_stop_zone_diag,43,-435.99999999995816,533.0000000000143,968.9999999999725,0.3488372093023256,-10.139534883719957,-10.499999999998408,0.5500515995872337,-529.4999999999743,-3.9673840666714395,-6.879268290713195,-0.8234183191689883,124.46511627906976,180.0,0.9767441860465116,0.0,0.5348837209302325,0.023255813953488372,110,0.44715447154471544,0,9.331996434937611,2.5,-77.49999999999773,42,232,0.1810344827586207,-1.6196777628321837,22,21,-161.99999999998,-273.9999999999782,1min,dynamic_exit_atr_target_1p0_ts4_vq0p95_bf0p5_ra1p2,1.0,2.5,30,3,require_no_stop_zone_touch_before_entry,"{""stop_zone_fraction"": 0.75}",0.75,,,0.5949336754112508,0.28578124284700185,0.09659411121146957,1.0,0.5,0.36339285714284986,0.015625,0.3,False,1,5,0.4732142857143003,0.07248477890479849,65,486.0625000000198,2.118670886076023,63,362.56250000004115,0.6,3,0,557.8125000000335,0.5062500000000001
M2K,1H,m2k_1h_delay_adverse_filter_avoid_immediate_adverse_move_sm0p75_tm2p00_d30_ts3_aw10_mt8,delay_adverse_filter,m2k_1h_adverse_core,28,-35.97499999997808,397.15000000000714,433.1249999999852,0.35714285714285715,-1.2848214285706459,-7.874999999999659,0.9169408369408847,-265.7499999999868,-0.5765631232396199,-1.0750928921919665,-0.1353715898399995,101.78571428571429,104.0,0.9285714285714286,0.07142857142857142,0.42857142857142855,0.0,125,0.508130081300813,0,6.076648841354724,2.5,-58.49999999999909,28,232,0.1206896551724138,-0.19218770774653993,15,13,-89.12499999998658,53.150000000008504,1min,dynamic_exit_atr_target_1p0_ts4_vq0p95_bf0p5_ra1p2,0.75,2.0,30,3,avoid_immediate_adverse_move,"{""adverse_window_minutes"": 10, ""max_adverse_ticks"": 8}",,10.0,8.0,0.8204936635700897,0.5631560574282956,0.4264560152728569,0.7,0.55,0.4991524141062425,0.375,0.5,False,2,5,0.40169517178751496,0.0693212086065419,66,243.65000000000464,2.759205776173359,121,422.20000000001505,0.6,3,0,262.95000000001266,0.7093749999999999
M2K,1H,m2k_1h_none_baseline_none_sm0p75_tm2p00_d15_ts3,none_baseline,m2k_1h_none_local,160,-374.7749999998746,2383.850000000033,2758.6249999999077,0.2625,-2.342343749999216,-10.499999999998977,0.8641442747746115,-596.0999999999342,-0.7945816382858231,-1.5565479683731756,-0.6287116255660392,71.325,43.5,0.93125,0.05625,0.25,0.0125,0,0.0,2,34.72370766488414,2.5,-178.4999999999991,156,232,0.6724137931034483,-0.6251734897767626,89,71,-214.92499999992447,-159.84999999995011,1min,dynamic_exit_atr_target_1p0_ts4_vq0p95_bf0p5_ra1p2,0.75,2.0,15,3,none,{},,,,0.6294562934352353,0.5232409136998254,0.18993998140839946,1.0,0.8,0.44814106649674146,0.0,0.4,False,3,5,0.7037178670065171,0.06625159861278329,67,962.6500000000556,1.9003039513678641,17,975.775000000109,0.8,4,0,743.7187500000698,0.6000000000000002
M2K,1H,m2k_1h_delay_stop_zone_filter_require_no_stop_zone_touch_before_entry_sm0p75_tm2p00_d15_ts3_sz0p75,delay_stop_zone_filter,m2k_1h_stop_zone_diag,43,-385.87499999996567,386.0000000000093,771.874999999975,0.23255813953488372,-8.973837209301527,-13.49999999999909,0.5000809716599474,-376.49999999996567,-4.3212480390265995,-9.036420452614765,-1.0249003984063767,81.06976744186046,51.0,1.0,0.0,0.32558139534883723,0.0,119,0.483739837398374,0,9.331996434937611,2.5,-71.62499999999909,43,232,0.1853448275862069,-1.7850202729230058,20,23,-345.3749999999843,-40.499999999981355,1min,dynamic_exit_atr_target_1p0_ts4_vq0p95_bf0p5_ra1p2,0.75,2.0,15,3,require_no_stop_zone_touch_before_entry,"{""stop_zone_fraction"": 0.75}",0.75,,,0.6231973949449315,0.24800255586283887,0.0,1.0,0.5,0.41875170346143664,0.015625,0.3,False,1,5,0.3624965930771267,0.0643964956807696,68,304.600000000014,2.1096539162113745,102,117.60000000002833,0.4,2,0,557.8125000000335,0.5062500000000001
M2K,1H,m2k_1h_delay_stop_zone_filter_require_no_stop_zone_touch_before_entry_sm0p75_tm2p50_d15_ts3_sz0p75,delay_stop_zone_filter,m2k_1h_stop_zone_diag,43,-385.87499999996567,386.0000000000093,771.874999999975,0.23255813953488372,-8.973837209301527,-13.49999999999909,0.5000809716599474,-376.49999999996567,-4.3212480390265995,-9.036420452614765,-1.0249003984063767,81.06976744186046,51.0,1.0,0.0,0.32558139534883723,0.0,119,0.483739837398374,0,9.331996434937611,2.5,-71.62499999999909,43,232,0.1853448275862069,-1.7850202729230058,20,23,-345.3749999999843,-40.499999999981355,1min,dynamic_exit_atr_target_1p0_ts4_vq0p95_bf0p5_ra1p2,0.75,2.5,15,3,require_no_stop_zone_touch_before_entry,"{""stop_zone_fraction"": 0.75}",0.75,,,0.6231973949449315,0.24800255586283887,0.0,1.0,0.5,0.41875170346143664,0.015625,0.3,False,1,5,0.3624965930771267,0.0643964956807696,69,166.000000000015,1.5617597292724863,143,-20.99999999997067,0.4,2,0,557.8125000000335,0.5062500000000001
M2K,1H,m2k_1h_delay_stop_zone_filter_require_no_stop_zone_touch_before_entry_sm1p00_tm2p00_d15_ts3_sz0p75,delay_stop_zone_filter,m2k_1h_stop_zone_diag,75,-700.0499999999306,1036.4500000000191,1736.4999999999498,0.29333333333333333,-9.333999999999074,-15.499999999999545,0.5968615030233511,-777.649999999951,-3.122467030646754,-5.899416520631148,-0.9002121777148778,92.32,77.0,0.9466666666666667,0.04,0.37333333333333335,0.013333333333333334,86,0.34959349593495936,1,16.27673796791444,2.5,-105.0,73,232,0.3146551724137931,-1.680579343247848,38,37,-298.0499999999631,-401.9999999999675,1min,dynamic_exit_atr_target_1p0_ts4_vq0p95_bf0p5_ra1p2,1.0,2.0,15,3,require_no_stop_zone_touch_before_entry,"{""stop_zone_fraction"": 0.75}",0.75,,,0.44604519375800866,0.32117036567822277,0.0597777623787789,1.0,0.5,0.46741653458766935,0.015625,0.3,False,3,5,0.6651669308246613,0.05986600643221357,70,769.5000000000289,2.1757066462949575,35,612.350000000057,0.8,4,0,557.8125000000335,0.5062500000000001
M2K,1H,m2k_1h_delay_stop_zone_filter_require_no_stop_zone_touch_before_entry_sm0p75_tm2p50_d15_ts3_sz1p00,delay_stop_zone_filter,m2k_1h_stop_zone_diag,75,-618.6249999999427,843.5000000000173,1462.12499999996,0.26666666666666666,-8.24833333333257,-13.999999999998636,0.5769000598444322,-655.1249999999493,-3.28827210747138,-7.09984890145207,-0.9442854417095831,85.10666666666667,53.0,0.9733333333333334,0.0,0.3333333333333333,0.02666666666666667,86,0.34959349593495936,1,16.27673796791444,2.5,-79.50000000000045,73,232,0.3146551724137931,-1.769819224528315,38,37,-417.99999999997,-200.62499999997272,1min,dynamic_exit_atr_target_1p0_ts4_vq0p95_bf0p5_ra1p2,0.75,2.5,15,3,require_no_stop_zone_touch_before_entry,"{""stop_zone_fraction"": 1.0}",1.0,,,0.4919578793047411,0.3060791582051874,0.03864825160605596,1.0,0.5,0.4174184594031955,0.015625,0.3,False,2,5,0.565163081193609,0.0553611641533735,71,726.0625000000289,2.343316373728121,41,475.4375000000505,0.6,3,0,557.8125000000335,0.5062500000000001
M2K,1H,m2k_1h_none_baseline_none_sm0p75_tm2p50_d5_ts3,none_baseline,m2k_1h_none_local,194,-816.6249999998422,2341.7500000000337,3158.374999999876,0.1958762886597938,-4.209407216494032,-11.999999999999318,0.7414414057862432,-815.3749999998661,-1.5278555827799927,-3.9369733421489177,-1.0015330369461615,55.25257731958763,12.5,0.9690721649484536,0.020618556701030927,0.20103092783505155,0.010309278350515464,0,0.0,1,42.10249554367202,2.5,-93.37499999999977,186,232,0.8017241379310345,-1.3126184584800946,114,80,-608.687499999902,-207.9374999999402,1min,dynamic_exit_atr_target_1p0_ts4_vq0p95_bf0p5_ra1p2,0.75,2.5,5,3,none,{},,,,0.38031266299218647,0.43047535377298884,0.01120273088380848,1.0,0.8,0.3409882765421227,0.0,0.3,False,1,5,0.5180234469157546,0.05498625446692479,72,336.4375000000666,1.260778994283561,87,298.3125000001314,0.8,4,0,743.7187500000698,0.6000000000000002
M2K,1H,m2k_1h_delay_adverse_filter_avoid_immediate_adverse_move_sm1p00_tm3p00_d30_ts3_aw10_mt8,delay_adverse_filter,m2k_1h_adverse_core,28,-67.54999999997267,433.45000000000823,500.9999999999809,0.35714285714285715,-2.412499999999024,-6.749999999999545,0.8651696606786922,-323.4999999999832,-0.9119621930699473,-1.61655101798917,-0.20880989180827259,117.46428571428571,180.0,0.9285714285714286,0.03571428571428571,0.5357142857142857,0.03571428571428571,125,0.508130081300813,0,6.076648841354724,2.5,-73.99999999999864,28,232,0.1206896551724138,-0.30398739768998245,15,13,-129.99999999998522,62.45000000001255,1min,dynamic_exit_atr_target_1p0_ts4_vq0p95_bf0p5_ra1p2,1.0,3.0,30,3,avoid_immediate_adverse_move,"{""adverse_window_minutes"": 10, ""max_adverse_ticks"": 8}",,10.0,8.0,0.8026896347566043,0.5240161237525107,0.39124838025958625,0.7,0.55,0.4994218655621629,0.375,0.5,False,2,5,0.4011562688756742,0.05269168857508533,73,333.97500000000946,2.96455882352952,88,551.4250000000209,0.6,3,0,262.95000000001266,0.7093749999999999
M2K,1H,m2k_1h_none_baseline_none_sm1p00_tm2p50_d15_ts3,none_baseline,m2k_1h_none_local,160,-868.3749999998543,2433.125000000039,3301.499999999894,0.28125,-5.427343749999089,-11.749999999999545,0.736975617143758,-980.5624999999054,-1.6338915294114318,-2.6729030206533286,-0.8855886289756523,86.65625,72.0,0.95625,0.01875,0.3375,0.025,0,0.0,2,34.72370766488414,2.5,-236.99999999999932,156,232,0.6724137931034483,-1.285538980692378,89,71,-418.9999999999111,-449.37499999994316,1min,dynamic_exit_atr_target_1p0_ts4_vq0p95_bf0p5_ra1p2,1.0,2.5,15,3,none,{},,,,0.35113266327411086,0.4270991378185412,0.06678855310800708,1.0,0.8,0.30201549275568473,0.0,0.3,False,1,5,0.5959690144886306,0.05096696709808418,74,705.0625000000639,1.5489003503309342,43,377.1875000001296,0.6,3,0,743.7187500000698,0.6000000000000002
M2K,1H,m2k_1h_none_baseline_none_sm1p00_tm2p00_d15_ts4,none_baseline,m2k_1h_none_local,160,-998.1499999998596,2322.850000000037,3320.9999999998968,0.29375,-6.238437499999122,-10.749999999999318,0.6994429388738661,-1225.8499999999253,-1.990224582639729,-3.02473391608976,-0.8142513358077419,101.4625,56.0,0.91875,0.05625,0.30625,0.025,0,0.0,2,34.72370766488414,2.5,-236.99999999999932,156,232,0.6724137931034483,-1.5659003276901922,89,71,-375.04999999991696,-623.0999999999426,1min,dynamic_exit_atr_target_1p0_ts4_vq0p95_bf0p5_ra1p2,1.0,2.0,15,4,none,{},,,,0.27795711808739504,0.39872376286630284,0.10098892693712352,1.0,0.8,0.3980541232263147,0.0,0.3,False,1,5,0.40389175354737045,0.05019263371525534,75,1253.7000000000626,2.001357827476119,5,1071.4500000001215,0.8,4,0,743.7187500000698,0.6000000000000002
M2K,1H,m2k_1h_none_baseline_none_sm0p75_tm2p00_d5_ts4,none_baseline,m2k_1h_none_local,194,-886.9749999998476,2372.900000000027,3259.8749999998745,0.1958762886597938,-4.572036082473441,-12.374999999998408,0.7279113462939892,-989.6249999998815,-1.6558064097791025,-4.2853774675662,-0.8962738411013805,62.871134020618555,12.5,0.9278350515463918,0.061855670103092786,0.14432989690721648,0.010309278350515464,0,0.0,1,42.10249554367202,2.5,-93.37499999999977,186,232,0.8017241379310345,-1.4225441734427824,114,80,-674.2749999999057,-212.69999999994184,1min,dynamic_exit_atr_target_1p0_ts4_vq0p95_bf0p5_ra1p2,0.75,2.0,5,4,none,{},,,,0.34064477931747533,0.4202463872052934,0.061665871367291694,1.0,0.8,0.2928792643987137,0.0,0.3,False,1,5,0.6142414712025726,0.04536000366945464,76,782.5750000000642,1.613243216769589,33,736.1250000001246,0.8,4,0,743.7187500000698,0.6000000000000002
M2K,1H,m2k_1h_none_baseline_none_sm1p25_tm2p00_d30_ts3,none_baseline,m2k_1h_none_local,153,-963.6499999998557,2432.350000000042,3395.999999999898,0.3202614379084967,-6.298366013070952,-11.749999999998408,0.7162396937573955,-1037.0499999999004,-1.9834458714606173,-3.099248095380844,-0.9292223132924625,103.3202614379085,98.0,0.9150326797385621,0.0457516339869281,0.41830065359477125,0.0392156862745098,0,0.0,2,33.20454545454546,2.5,-243.62499999999955,148,232,0.6379310344827587,-1.5200257329981537,87,66,-503.9499999999225,-459.6999999999332,1min,dynamic_exit_atr_target_1p0_ts4_vq0p95_bf0p5_ra1p2,1.25,2.0,30,3,none,{},,,,0.2974104512327765,0.41142240947962794,0.045869784692389066,1.0,0.8,0.3770360480640791,0.0,0.3,False,1,5,0.4459279038718417,0.04520244705595117,77,455.55000000006544,1.3209793905232188,68,-34.69999999987067,0.6,3,0,743.7187500000698,0.6000000000000002
M2K,1H,m2k_1h_none_baseline_none_sm1p25_tm2p00_d15_ts3,none_baseline,m2k_1h_none_local,160,-987.024999999843,2551.8500000000404,3538.874999999883,0.30625,-6.168906249999019,-11.62499999999909,0.7210907421144077,-1132.3499999999171,-1.7745576739567415,-2.6172932650108334,-0.8716607056121475,91.06875,74.5,0.9125,0.05625,0.3625,0.03125,0,0.0,2,34.72370766488414,2.5,-295.49999999999955,156,232,0.6724137931034483,-1.3962145113635263,89,71,-372.04999999990264,-614.9749999999403,1min,dynamic_exit_atr_target_1p0_ts4_vq0p95_bf0p5_ra1p2,1.25,2.0,15,3,none,{},,,,0.28423011319587815,0.4150898886574218,0.07346584859459025,1.0,0.8,0.3610052453356323,0.0,0.3,False,1,5,0.4779895093287354,0.045034664460193385,78,1168.6500000000592,1.9569293756397868,7,805.5250000001308,0.8,4,0,743.7187500000698,0.6000000000000002
M2K,1H,m2k_1h_none_baseline_none_sm1p00_tm2p50_d30_ts3,none_baseline,m2k_1h_none_local,152,-883.3749999998611,2140.125000000046,3023.4999999999072,0.3157894736842105,-5.811677631578033,-10.499999999998408,0.7078303290888412,-935.8749999998815,-2.052711903532277,-3.4009660954906695,-0.9439027647922777,98.50657894736842,83.0,0.9605263157894737,0.006578947368421052,0.4144736842105263,0.03289473684210526,0,0.0,3,32.98752228163993,2.5,-195.49999999999955,148,232,0.6379310344827587,-1.5731081753710656,86,66,-543.4999999999241,-339.874999999937,1min,dynamic_exit_atr_target_1p0_ts4_vq0p95_bf0p5_ra1p2,1.0,2.5,30,3,none,{},,,,0.3426746923413334,0.4050647796333256,0.03883171376233389,1.0,0.8,0.3182243581636375,0.0,0.3,False,1,5,0.563551283672725,0.043106305183827576,79,391.062500000063,1.2965965111870112,73,45.687500000124146,0.4,2,0,743.7187500000698,0.6000000000000002
M2K,1H,m2k_1h_none_baseline_none_sm0p75_tm2p00_d5_ts3,none_baseline,m2k_1h_none_local,194,-902.2249999998473,2256.1500000000287,3158.374999999876,0.1958762886597938,-4.65064432989612,-11.999999999999318,0.7143388609649322,-894.7249999998473,-1.7818785830472652,-4.349653480631125,-1.0083824638855527,53.08247422680412,12.5,0.9536082474226805,0.041237113402061855,0.18556701030927836,0.005154639175257732,0,0.0,1,42.10249554367202,2.5,-93.37499999999977,186,232,0.8017241379310345,-1.5308558905956469,114,80,-665.2249999999049,-236.99999999994247,1min,dynamic_exit_atr_target_1p0_ts4_vq0p95_bf0p5_ra1p2,0.75,2.0,5,3,none,{},,,,0.332045842202489,0.4099853459474227,0.007918993143843648,1.0,0.8,0.355112188451734,0.0,0.3,False,1,5,0.48977562309653205,0.04286091486931903,80,463.1250000000625,1.361357651419159,65,412.7750000001254,0.8,4,0,743.7187500000698,0.6000000000000002
M2K,1H,m2k_1h_delay_adverse_filter_avoid_immediate_adverse_move_sm1p00_tm2p50_d30_ts3_aw10_mt8,delay_adverse_filter,m2k_1h_adverse_core,28,-87.37499999997226,413.62500000000864,500.9999999999809,0.35714285714285715,-3.1205357142847236,-6.749999999999545,0.8255988023952583,-323.4999999999832,-1.2347829973019577,-2.090986605430289,-0.27009273570317405,117.17857142857143,180.0,0.9285714285714286,0.03571428571428571,0.5357142857142857,0.03571428571428571,125,0.508130081300813,0,6.076648841354724,2.5,-73.99999999999864,28,232,0.1206896551724138,-0.41159433243398585,15,13,-129.99999999998522,42.62500000001296,1min,dynamic_exit_atr_target_1p0_ts4_vq0p95_bf0p5_ra1p2,1.0,2.5,30,3,avoid_immediate_adverse_move,"{""adverse_window_minutes"": 10, ""max_adverse_ticks"": 8}",,10.0,8.0,0.7915110165071221,0.4940998483164718,0.361868289181785,0.7,0.55,0.5100290373017561,0.375,0.5,False,2,5,0.37994192539648786,0.041656771937249815,81,298.5625000000073,2.75625000000009,106,496.1875000000191,0.6,3,0,262.95000000001266,0.7093749999999999
M2K,1H,m2k_1h_none_baseline_none_sm1p25_tm2p00_d30_ts4,none_baseline,m2k_1h_none_local,153,-1024.9999999998522,2408.0000000000437,3432.999999999896,0.30718954248366015,-6.699346405227792,-12.374999999998408,0.7014273230411059,-1125.0999999998965,-1.9964688736603795,-3.302520327070981,-0.9110301306550054,127.76470588235294,98.0,0.869281045751634,0.058823529411764705,0.3660130718954248,0.0718954248366013,0,0.0,2,33.20454545454546,2.5,-243.62499999999955,148,232,0.6379310344827587,-1.5300059894545361,87,66,-327.7999999999179,-697.1999999999343,1min,dynamic_exit_atr_target_1p0_ts4_vq0p95_bf0p5_ra1p2,1.25,2.0,30,4,none,{},,,,0.2628173501177345,0.4002239927297252,0.05459144231828383,1.0,0.8,0.3932157827592435,0.0,0.3,False,1,5,0.41356843448151304,0.03977935233112101,82,672.2500000000628,1.4566140261505036,45,153.20000000012556,0.6,3,0,743.7187500000698,0.6000000000000002
M2K,1H,m2k_1h_delay_stop_zone_filter_require_no_stop_zone_touch_before_entry_sm1p00_tm2p00_d30_ts3_sz1p00,delay_stop_zone_filter,m2k_1h_stop_zone_diag,82,-910.7999999999276,1150.7000000000255,2061.499999999953,0.35365853658536583,-11.107317073169849,-13.999999999999773,0.5581857870482909,-1043.1999999999482,-3.6153867314013377,-5.474859070301852,-0.8730828220858635,115.36585365853658,145.5,0.9146341463414634,0.04878048780487805,0.4634146341463415,0.036585365853658534,71,0.2886178861788618,1,17.79590017825312,2.5,-195.49999999999955,81,232,0.34913793103448276,-2.049731610987989,45,37,-571.9499999999618,-338.8499999999658,1min,dynamic_exit_atr_target_1p0_ts4_vq0p95_bf0p5_ra1p2,1.0,2.0,30,3,require_no_stop_zone_touch_before_entry,"{""stop_zone_fraction"": 1.0}",1.0,,,0.3272107021525415,0.2919308338108966,0.07278406053017415,1.0,0.5,0.5153463451970931,0.015625,0.3,False,2,5,0.3693073096058138,0.039391618051777766,83,785.8000000000379,2.2326274509804866,32,574.8000000000729,0.8,4,0,557.8125000000335,0.5062500000000001
M2K,1H,m2k_1h_delay_stop_zone_filter_require_no_stop_zone_touch_before_entry_sm1p00_tm2p00_d15_ts3_sz1p00,delay_stop_zone_filter,m2k_1h_stop_zone_diag,108,-995.1499999999055,1760.8500000000288,2755.9999999999345,0.32407407407407407,-9.214351851850976,-15.499999999998977,0.6389150943396482,-1170.89999999994,-2.6063212474088964,-3.919881850985108,-0.8499017849517093,93.13888888888889,74.5,0.9166666666666666,0.06481481481481481,0.35185185185185186,0.018518518518518517,53,0.21544715447154472,1,23.438502673796794,2.5,-236.99999999999932,106,232,0.45689655172413796,-1.690365447406102,56,52,-485.54999999994607,-509.59999999995944,1min,dynamic_exit_atr_target_1p0_ts4_vq0p95_bf0p5_ra1p2,1.0,2.0,15,3,require_no_stop_zone_touch_before_entry,"{""stop_zone_fraction"": 1.0}",1.0,,,0.2796487122739239,0.3529636316185689,0.08389746420065892,1.0,0.5,0.46534363049047983,0.015625,0.3,False,2,5,0.4693127390190404,0.03625238298216943,84,1005.0000000000364,2.228606356968291,15,930.2500000000782,0.8,4,0,557.8125000000335,0.5062500000000001
M2K,1H,m2k_1h_none_baseline_none_sm0p75_tm2p50_d15_ts4,none_baseline,m2k_1h_none_local,160,-904.6249999998747,2016.625000000032,2921.249999999907,0.24375,-5.653906249999217,-11.06249999999875,0.6903294822422239,-989.6874999999204,-2.0119963400474017,-3.7120161088299413,-0.914051152510209,90.6375,43.5,0.95625,0.01875,0.25,0.025,0,0.0,2,34.72370766488414,2.5,-178.4999999999991,156,232,0.6724137931034483,-1.5830302548132147,89,71,-499.9999999999284,-404.62499999994634,1min,dynamic_exit_atr_target_1p0_ts4_vq0p95_bf0p5_ra1p2,0.75,2.5,15,4,none,{},,,,0.3306925668532298,0.3918338269237018,0.053143110426145675,1.0,0.8,0.28951913776425187,0.0,0.3,False,0,5,0.4209617244714962,0.03590461598394595,85,1136.0625000000596,2.0214093054619915,9,920.6875000001128,0.6,3,0,743.7187500000698,0.6000000000000002
M2K,1H,m2k_1h_delay_stop_zone_filter_require_no_stop_zone_touch_before_entry_sm1p25_tm2p00_d15_ts3_sz1p00,delay_stop_zone_filter,m2k_1h_stop_zone_diag,125,-1030.8499999998787,2214.400000000036,3245.2499999999145,0.344,-8.24679999999903,-14.874999999999545,0.6823511285725582,-1207.724999999923,-2.1736327408459593,-3.1466740824156387,-0.853546958123699,104.952,101.0,0.912,0.064,0.432,0.024,36,0.14634146341463414,1,27.12789661319073,2.5,-295.49999999999955,123,232,0.5301724137931034,-1.5185827155575744,68,57,-278.62499999992906,-752.2249999999497,1min,dynamic_exit_atr_target_1p0_ts4_vq0p95_bf0p5_ra1p2,1.25,2.0,15,3,require_no_stop_zone_touch_before_entry,"{""stop_zone_fraction"": 1.0}",1.0,,,0.2595187414539379,0.38580204908865345,0.08214990300765881,1.0,0.5,0.44586523183591237,0.015625,0.3,False,2,5,0.5082695363281753,0.03561017833505403,86,1094.0000000000384,2.170053475935894,13,797.8750000000923,0.8,4,0,557.8125000000335,0.5062500000000001
M2K,1H,m2k_1h_delay_stop_zone_filter_require_no_stop_zone_touch_before_entry_sm0p75_tm2p00_d15_ts4_sz0p50,delay_stop_zone_filter,m2k_1h_stop_zone_diag,18,1.3750000000129603,239.50000000000387,238.1249999999909,0.3888888888888889,0.0763888888896089,-6.749999999999545,1.0057742782152777,-104.99999999999545,0.03601921880807065,0.07992538238639788,0.013095238095362094,111.11111111111111,40.5,0.9444444444444444,0.0,0.3888888888888889,0.05555555555555555,144,0.5853658536585366,0,3.9064171122994655,2.5,-52.49999999999886,18,232,0.07758620689655173,0.009626541151360314,8,10,-1.749999999993861,3.125000000006821,1min,dynamic_exit_atr_target_1p0_ts4_vq0p95_bf0p5_ra1p2,0.75,2.0,15,4,require_no_stop_zone_touch_before_entry,"{""stop_zone_fraction"": 0.5}",0.5,,,0.8415540111926908,0.630315725233846,0.4976336671170475,0.45,0.5,0.6243523316062358,0.015625,0.5,False,3,5,0.3512953367875284,0.035015597093799866,87,-134.37499999999545,0.38324727481355175,164,-147.74999999999181,0.4,2,1,557.8125000000335,0.5062500000000001
M2K,1H,m2k_1h_delay_adverse_filter_avoid_immediate_adverse_move_sm1p00_tm2p00_d30_ts3_aw10_mt8,delay_adverse_filter,m2k_1h_adverse_core,28,-103.84999999997376,397.15000000000714,500.9999999999809,0.35714285714285715,-3.7089285714276343,-6.749999999999545,0.7927145708583279,-323.4999999999832,-1.5229941534582503,-2.4852527493442014,-0.3210200927356388,112.14285714285714,163.5,0.8928571428571429,0.07142857142857142,0.5,0.03571428571428571,125,0.508130081300813,0,6.076648841354724,2.5,-73.99999999999864,28,232,0.1206896551724138,-0.5076647178194168,15,13,-129.99999999998522,26.15000000001146,1min,dynamic_exit_atr_target_1p0_ts4_vq0p95_bf0p5_ra1p2,1.0,2.0,30,3,avoid_immediate_adverse_move,"{""adverse_window_minutes"": 10, ""max_adverse_ticks"": 8}",,10.0,8.0,0.7822213450992916,0.46923878209660813,0.33745280365811137,0.7,0.55,0.5094449047224577,0.375,0.5,False,2,5,0.38111019055508455,0.031076681696265207,88,212.150000000006,2.2479411764706567,131,389.9500000000171,0.6,3,0,262.95000000001266,0.7093749999999999
M2K,1H,m2k_1h_delay_adverse_filter_avoid_immediate_adverse_move_sm0p75_tm3p00_d30_ts3_aw5_mt8,delay_adverse_filter,m2k_1h_adverse_core,34,-123.5499999999729,433.45000000000823,556.9999999999811,0.29411764705882354,-3.6338235294109675,-8.374999999999204,0.7781867145422314,-300.24999999998613,-1.5467578203322276,-2.9278096927095594,-0.41149042464605695,99.73529411764706,91.0,0.9705882352941176,0.029411764705882353,0.4117647058823529,0.0,119,0.483739837398374,0,7.378787878787879,2.5,-67.5,34,232,0.14655172413793102,-0.5681480345245751,18,16,-171.99999999998454,48.45000000001164,1min,dynamic_exit_atr_target_1p0_ts4_vq0p95_bf0p5_ra1p2,0.75,3.0,30,3,avoid_immediate_adverse_move,"{""adverse_window_minutes"": 5, ""max_adverse_ticks"": 8}",,5.0,8.0,0.7711132099409161,0.4582554633135154,0.2940797089641797,0.85,0.55,0.47932697347731107,0.375,0.5,False,2,5,0.44134605304537794,0.030634737017109948,89,349.35000000000855,3.2593371059014826,82,493.55000000002065,0.6,3,0,262.95000000001266,0.7093749999999999
M2K,1H,m2k_1h_delay_adverse_filter_avoid_immediate_adverse_move_sm1p00_tm3p00_d30_ts3_aw10_mt12,delay_adverse_filter,m2k_1h_adverse_core,39,-246.54999999996448,663.4500000000105,909.999999999975,0.3333333333333333,-6.321794871793961,-8.49999999999909,0.7290659340659656,-394.99999999997726,-1.7837626937184652,-2.5085830662793196,-0.6241772151898194,107.74358974358974,144.0,0.9487179487179487,0.02564102564102564,0.46153846153846156,0.02564102564102564,114,0.4634146341463415,0,8.463903743315509,2.5,-195.49999999999955,39,232,0.16810344827586207,-0.7017284910908242,22,17,-356.9999999999811,110.45000000001664,1min,dynamic_exit_atr_target_1p0_ts4_vq0p95_bf0p5_ra1p2,1.0,3.0,30,3,avoid_immediate_adverse_move,"{""adverse_window_minutes"": 10, ""max_adverse_ticks"": 12}",,10.0,12.0,0.7017578482921775,0.42111927617712513,0.19211385881633988,0.975,0.55,0.6257270863391373,0.375,0.5,False,3,5,0.3485458273217254,0.028501566667182066,90,247.47500000001423,1.9031934306570133,120,167.9250000000286,0.6,3,0,262.95000000001266,0.7093749999999999
M2K,1H,m2k_1h_none_baseline_none_sm1p00_tm2p50_d15_ts4,none_baseline,m2k_1h_none_local,160,-1150.374999999857,2198.1250000000396,3348.4999999998963,0.2875,-7.189843749999106,-11.249999999999432,0.6564506495446043,-1323.0624999999065,-2.282798817216595,-3.5018605918833545,-0.8694789550757718,106.61875,72.0,0.95,0.01875,0.33125,0.03125,0,0.0,2,34.72370766488414,2.5,-236.99999999999932,156,232,0.6724137931034483,-1.7960965044402384,89,71,-500.49999999991655,-649.8749999999404,1min,dynamic_exit_atr_target_1p0_ts4_vq0p95_bf0p5_ra1p2,1.0,2.5,15,4,none,{},,,,0.19212280973796597,0.36622082446684623,0.07451181881062151,1.0,0.8,0.38520138214015487,0.0,0.3,False,1,5,0.42959723571969016,0.020625706983578962,91,1100.8125000000655,1.844181365030751,12,731.9375000001276,0.8,4,0,743.7187500000698,0.6000000000000002
M2K,1H,m2k_1h_delay_stop_zone_filter_require_no_stop_zone_touch_before_entry_sm1p25_tm2p00_d30_ts3_sz1p00,delay_stop_zone_filter,m2k_1h_stop_zone_diag,108,-940.3499999998985,1839.4000000000358,2779.7499999999345,0.37037037037037035,-8.706944444443504,-13.18749999999909,0.661714182930148,-1047.7499999999304,-2.5585395553504853,-3.760312849620973,-0.8974946313528618,121.55555555555556,180.0,0.8981481481481481,0.05555555555555555,0.5092592592592593,0.046296296296296294,45,0.18292682926829268,1,23.438502673796794,2.5,-243.62499999999955,105,232,0.4525862068965517,-1.6515301814142265,60,48,-589.8999999999467,-350.44999999995184,1min,dynamic_exit_atr_target_1p0_ts4_vq0p95_bf0p5_ra1p2,1.25,2.0,30,3,require_no_stop_zone_touch_before_entry,"{""stop_zone_fraction"": 1.0}",1.0,,,0.31054849941499396,0.3702001496915062,0.061080602693453355,1.0,0.5,0.31660141913382667,0.015625,0.3,False,1,5,0.5667971617323466,0.02014578309539211,92,832.5500000000443,2.026888683317998,29,450.9250000000918,0.6,3,0,557.8125000000335,0.5062500000000001
M2K,1H,m2k_1h_delay_adverse_filter_avoid_immediate_adverse_move_sm1p00_tm2p50_d30_ts3_aw10_mt12,delay_adverse_filter,m2k_1h_adverse_core,39,-266.3749999999641,643.6250000000109,909.999999999975,0.3333333333333333,-6.830128205127284,-8.49999999999909,0.7072802197802512,-394.99999999997726,-1.963023777892401,-2.710297360698276,-0.6743670886075428,107.53846153846153,144.0,0.9487179487179487,0.02564102564102564,0.46153846153846156,0.02564102564102564,114,0.4634146341463415,0,8.463903743315509,2.5,-195.49999999999955,39,232,0.16810344827586207,-0.7722494244816058,22,17,-356.9999999999811,90.62500000001705,1min,dynamic_exit_atr_target_1p0_ts4_vq0p95_bf0p5_ra1p2,1.0,2.5,30,3,avoid_immediate_adverse_move,"{""adverse_window_minutes"": 10, ""max_adverse_ticks"": 12}",,10.0,12.0,0.6905792300426953,0.40464888717332814,0.16805193612350755,0.975,0.55,0.620317087492668,0.375,0.5,False,3,5,0.35936582501466413,0.018550976985631018,93,212.06250000001205,1.7739507299270745,132,112.68750000002683,0.6,3,0,262.95000000001266,0.7093749999999999
M2K,1H,m2k_1h_delay_adverse_filter_avoid_immediate_adverse_move_sm0p75_tm2p50_d30_ts3_aw5_mt8,delay_adverse_filter,m2k_1h_adverse_core,34,-143.3749999999725,413.62500000000864,556.9999999999811,0.29411764705882354,-4.216911764705073,-8.374999999999204,0.7425942549372041,-300.24999999998613,-1.883899372460291,-3.397609993462117,-0.4775187343879404,99.5,91.0,0.9705882352941176,0.029411764705882353,0.4117647058823529,0.0,119,0.483739837398374,0,7.378787878787879,2.5,-67.5,34,232,0.14655172413793102,-0.6919853332149298,18,16,-171.99999999998454,28.62500000001205,1min,dynamic_exit_atr_target_1p0_ts4_vq0p95_bf0p5_ra1p2,0.75,2.5,30,3,avoid_immediate_adverse_move,"{""adverse_window_minutes"": 5, ""max_adverse_ticks"": 8}",,5.0,8.0,0.759934591691434,0.4313469283162883,0.26242455671216086,0.85,0.55,0.46975663111841093,0.375,0.5,False,2,5,0.46048673776317817,0.016833482176130232,94,313.93750000000637,3.030315278900655,94,438.3125000000189,0.6,3,0,262.95000000001266,0.7093749999999999
M2K,1H,m2k_1h_delay_stop_zone_filter_require_no_stop_zone_touch_before_entry_sm0p75_tm2p00_d5_ts4_sz0p75,delay_stop_zone_filter,m2k_1h_stop_zone_diag,93,-772.3999999999205,1067.3500000000138,1839.7499999999343,0.1827956989247312,-8.305376344085166,-16.499999999998636,0.5801603478733806,-827.524999999921,-2.9939673030509293,-8.039128372280157,-0.9333856983172645,73.48387096774194,17.0,0.9354838709677419,0.053763440860215055,0.16129032258064516,0.010752688172043012,101,0.4105691056910569,0,20.183155080213904,2.5,-85.8749999999975,90,232,0.3879310344827586,-1.7892376880091037,53,40,-712.5749999999516,-59.824999999968895,1min,dynamic_exit_atr_target_1p0_ts4_vq0p95_bf0p5_ra1p2,0.75,2.0,5,4,require_no_stop_zone_touch_before_entry,"{""stop_zone_fraction"": 0.75}",0.75,,,0.4052495806256031,0.3085439941704885,0.043873783471714445,1.0,0.5,0.2675265406525008,0.015625,0.3,False,0,5,0.4649469186949983,0.01681251357785063,95,471.45000000002824,1.6223762376238164,64,165.12500000005957,0.6,3,0,557.8125000000335,0.5062500000000001
M2K,1H,m2k_1h_none_baseline_none_sm1p00_tm2p50_d5_ts3,none_baseline,m2k_1h_none_local,194,-1072.7499999998395,2651.75000000004,3724.49999999988,0.2422680412371134,-5.5296391752569045,-13.24999999999875,0.7119747617130153,-1084.9999999998658,-1.8380909242708794,-3.9415676947195215,-0.9887096774193291,67.0360824742268,23.0,0.9639175257731959,0.020618556701030927,0.25257731958762886,0.015463917525773196,0,0.0,1,42.10249554367202,2.5,-123.49999999999909,186,232,0.8017241379310345,-1.5791493009913087,114,80,-746.5624999998977,-326.1874999999418,1min,dynamic_exit_atr_target_1p0_ts4_vq0p95_bf0p5_ra1p2,1.0,2.5,5,3,none,{},,,,0.2358928093150791,0.4081980446998253,0.017350478717897966,1.0,0.8,0.29742538163589494,0.0,0.3,False,1,5,0.6051492367282102,0.01603454985604985,96,367.56250000007753,1.2468519140363274,75,111.68750000014597,0.6,3,0,743.7187500000698,0.6000000000000002
M2K,1H,m2k_1h_delay_stop_zone_filter_require_no_stop_zone_touch_before_entry_sm0p75_tm2p50_d5_ts3_sz0p75,delay_stop_zone_filter,m2k_1h_stop_zone_diag,93,-753.4999999999206,983.7500000000159,1737.2499999999366,0.1935483870967742,-8.102150537633555,-16.124999999999545,0.5662685278457631,-745.6249999999216,-3.1882087670846673,-7.6690202727699965,-1.0105616093880971,61.87096774193548,17.0,0.978494623655914,0.021505376344086023,0.23655913978494625,0.0,101,0.4105691056910569,0,20.183155080213904,2.5,-85.8749999999975,90,232,0.3879310344827586,-1.9053191654751642,53,40,-666.812499999952,-86.68749999996862,1min,dynamic_exit_atr_target_1p0_ts4_vq0p95_bf0p5_ra1p2,0.75,2.5,5,3,require_no_stop_zone_touch_before_entry,"{""stop_zone_fraction"": 0.75}",0.75,,,0.41590662400089773,0.29804153017849383,0.006874271827608165,1.0,0.5,0.2939615129396073,0.015625,0.3,False,0,5,0.41207697412078537,0.01525874855096071,97,344.5625000000314,1.4498204960836045,84,27.93750000006412,0.6,3,0,557.8125000000335,0.5062500000000001
M2K,1H,m2k_1h_delay_stop_zone_filter_require_no_stop_zone_touch_before_entry_sm0p75_tm2p00_d15_ts4_sz0p75,delay_stop_zone_filter,m2k_1h_stop_zone_diag,43,-489.8749999999677,315.00000000000796,804.8749999999757,0.20930232558139536,-11.392441860464366,-13.49999999999909,0.3913651188072899,-490.4999999999677,-6.008773233786298,-11.64289772323786,-0.9987257900101936,99.53488372093024,51.0,0.9767441860465116,0.0,0.3023255813953488,0.023255813953488372,119,0.483739837398374,0,9.331996434937611,2.5,-71.62499999999909,43,232,0.1853448275862069,-2.4821028417803457,20,23,-301.87499999998636,-187.99999999998136,1min,dynamic_exit_atr_target_1p0_ts4_vq0p95_bf0p5_ra1p2,0.75,2.0,15,4,require_no_stop_zone_touch_before_entry,"{""stop_zone_fraction"": 0.75}",0.75,,,0.5645554631443669,0.16581142988552902,0.012548575257448543,1.0,0.5,0.26409798417962954,0.015625,0.3,False,0,5,0.4718040316407409,0.014914112521540956,98,348.60000000001605,2.26994535519135,83,29.100000000028103,0.4,2,0,557.8125000000335,0.5062500000000001
M2K,1H,m2k_1h_none_baseline_none_sm1p00_tm2p00_d5_ts4,none_baseline,m2k_1h_none_local,194,-1120.599999999846,2673.900000000034,3794.49999999988,0.24742268041237114,-5.77628865979302,-14.249999999998408,0.7046778231651387,-1268.7499999998897,-1.924916784954292,-4.14118303053372,-0.8832315270935515,77.87628865979381,23.0,0.9226804123711341,0.061855670103092786,0.20618556701030927,0.015463917525773196,0,0.0,1,42.10249554367202,2.5,-123.49999999999909,186,232,0.8017241379310345,-1.6537435418940365,114,80,-838.3999999999025,-282.19999999994343,1min,dynamic_exit_atr_target_1p0_ts4_vq0p95_bf0p5_ra1p2,1.0,2.0,5,4,none,{},,,,0.20891188203952774,0.40268142886413816,0.06791858989439616,1.0,0.8,0.28036729339745126,0.0,0.3,False,1,5,0.6392654132050976,0.014561544674510374,99,875.200000000076,1.5986320109439862,27,634.7500000001401,0.6,3,0,743.7187500000698,0.6000000000000002
M2K,1H,m2k_1h_delay_stop_zone_filter_require_no_stop_zone_touch_before_entry_sm0p75_tm2p50_d5_ts4_sz0p50,delay_stop_zone_filter,m2k_1h_stop_zone_diag,62,-663.4374999999454,447.6875000000109,1111.1249999999563,0.16129032258064516,-10.700604838708797,-15.562499999999773,0.40291371357860595,-726.8749999999591,-5.951032017344551,-12.894934050768223,-0.9127257093722893,70.64516129032258,12.5,0.967741935483871,0.016129032258064516,0.1935483870967742,0.016129032258064516,132,0.5365853658536586,0,13.455436720142604,2.5,-67.12499999999864,61,232,0.2629310344827586,-2.9279046806351374,37,25,-476.62499999996726,-186.81249999997817,1min,dynamic_exit_atr_target_1p0_ts4_vq0p95_bf0p5_ra1p2,0.75,2.5,5,4,require_no_stop_zone_touch_before_entry,"{""stop_zone_fraction"": 0.5}",0.5,,,0.46668969114307846,0.17454237374333584,0.053778551564897525,1.0,0.5,0.33636363636363165,0.015625,0.3,False,0,5,0.3272727272727367,0.014111491166562296,100,-73.4999999999809,0.8256227758007513,163,-343.7499999999602,0.2,1,0,557.8125000000335,0.5062500000000001
M2K,1H,m2k_1h_delay_stop_zone_filter_require_no_stop_zone_touch_before_entry_sm1p00_tm2p50_d15_ts3_sz0p75,delay_stop_zone_filter,m2k_1h_stop_zone_diag,75,-869.9999999999307,894.0000000000191,1763.9999999999498,0.28,-11.599999999999076,-15.499999999999545,0.5068027210884606,-927.4999999999511,-4.119076311745839,-7.398128241118888,-0.9380053908355542,94.6,83.0,0.9733333333333334,0.0,0.38666666666666666,0.02666666666666667,86,0.34959349593495936,1,16.27673796791444,2.5,-105.0,73,232,0.3146551724137931,-2.2169760304395436,38,37,-467.99999999996317,-401.9999999999675,1min,dynamic_exit_atr_target_1p0_ts4_vq0p95_bf0p5_ra1p2,1.0,2.5,15,3,require_no_stop_zone_touch_before_entry,"{""stop_zone_fraction"": 0.75}",0.75,,,0.35021638308968395,0.2530843184537611,0.04165902028005255,1.0,0.5,0.38875598086124596,0.015625,0.3,False,2,5,0.6224880382775081,0.012566140479883858,101,591.0625000000323,1.875000000000072,51,284.06250000006025,0.6,3,0,557.8125000000335,0.5062500000000001
M2K,1H,m2k_1h_delay_adverse_filter_avoid_immediate_adverse_move_sm1p00_tm2p00_d30_ts3_aw10_mt12,delay_adverse_filter,m2k_1h_adverse_core,39,-282.8499999999656,627.1500000000094,909.999999999975,0.3333333333333333,-7.25256410256322,-8.49999999999909,0.6891758241758534,-407.6999999999771,-2.1143008086218114,-2.8779262636265313,-0.6937699288692212,103.92307692307692,83.0,0.9230769230769231,0.05128205128205128,0.4358974358974359,0.02564102564102564,114,0.4634146341463415,0,8.463903743315509,2.5,-195.49999999999955,39,232,0.16810344827586207,-0.8317614901191912,22,17,-356.9999999999811,74.15000000001555,1min,dynamic_exit_atr_target_1p0_ts4_vq0p95_bf0p5_ra1p2,1.0,2.0,30,3,avoid_immediate_adverse_move,"{""adverse_window_minutes"": 10, ""max_adverse_ticks"": 12}",,10.0,12.0,0.6812895586348648,0.3909616408259088,0.15874986758645054,0.975,0.55,0.6155589488065656,0.375,0.5,False,3,5,0.36888210238686875,0.011846562351107148,102,125.65000000001078,1.4585766423358195,150,6.450000000024829,0.6,3,0,262.95000000001266,0.7093749999999999
M2K,1H,m2k_1h_delay_stop_zone_filter_require_no_stop_zone_touch_before_entry_sm0p75_tm2p00_d5_ts4_sz0p50,delay_stop_zone_filter,m2k_1h_stop_zone_diag,62,-670.5749999999466,440.55000000000973,1111.1249999999563,0.16129032258064516,-10.815725806450752,-15.562499999999773,0.3964900438744759,-725.6999999999471,-6.046818663512889,-13.033662403909823,-0.9240388590326519,70.24193548387096,12.5,0.9516129032258065,0.03225806451612903,0.1774193548387097,0.016129032258064516,132,0.5365853658536586,0,13.455436720142604,2.5,-67.12499999999864,61,232,0.2629310344827586,-2.9750316611052847,37,25,-470.9249999999679,-199.64999999997872,1min,dynamic_exit_atr_target_1p0_ts4_vq0p95_bf0p5_ra1p2,0.75,2.0,5,4,require_no_stop_zone_touch_before_entry,"{""stop_zone_fraction"": 0.5}",0.5,,,0.4626651066408997,0.1696859647465326,0.04835482534278751,1.0,0.5,0.33810535734257485,0.015625,0.3,False,0,5,0.32378928531485024,0.0117829916802909,103,226.70000000001778,1.5835263835264495,123,-37.849999999962165,0.4,2,0,557.8125000000335,0.5062500000000001
M2K,1H,m2k_1h_delay_stop_zone_filter_require_no_stop_zone_touch_before_entry_sm0p75_tm2p00_d5_ts3_sz0p75,delay_stop_zone_filter,m2k_1h_stop_zone_diag,93,-777.5499999999215,959.700000000015,1737.2499999999366,0.1935483870967742,-8.3607526881712,-16.124999999999545,0.5524248093251116,-769.6749999999224,-3.3206805270265387,-7.913797893951344,-1.0102315912560496,61.483870967741936,17.0,0.978494623655914,0.021505376344086023,0.23655913978494625,0.0,101,0.4105691056910569,0,20.183155080213904,2.5,-85.8749999999975,90,232,0.3879310344827586,-1.9844861841808656,53,40,-678.0249999999523,-99.52499999996917,1min,dynamic_exit_atr_target_1p0_ts4_vq0p95_bf0p5_ra1p2,0.75,2.0,5,3,require_no_stop_zone_touch_before_entry,"{""stop_zone_fraction"": 0.75}",0.75,,,0.4023456772720169,0.2875754317846618,0.007032488420713931,1.0,0.5,0.3003343836409167,0.015625,0.3,False,0,5,0.39933123271816656,0.01143300262058039,104,460.95000000002983,1.6085148514852043,67,144.32500000006257,0.6,3,0,557.8125000000335,0.5062500000000001
M2K,1H,m2k_1h_delay_stop_zone_filter_require_no_stop_zone_touch_before_entry_sm0p75_tm2p00_d15_ts4_sz1p00,delay_stop_zone_filter,m2k_1h_stop_zone_diag,75,-840.7999999999447,714.4500000000141,1555.2499999999588,0.25333333333333335,-11.21066666666593,-13.49999999999909,0.45937952097735607,-875.1249999999618,-4.941104906140406,-9.197761922158547,-0.9607770318525712,100.77333333333333,51.0,0.9333333333333333,0.04,0.28,0.02666666666666667,86,0.34959349593495936,1,16.27673796791444,2.5,-79.50000000000045,73,232,0.3146551724137931,-2.659409613160969,38,37,-285.1749999999731,-555.6249999999716,1min,dynamic_exit_atr_target_1p0_ts4_vq0p95_bf0p5_ra1p2,0.75,2.0,15,4,require_no_stop_zone_touch_before_entry,"{""stop_zone_fraction"": 1.0}",1.0,,,0.3666812331721419,0.21723153238527845,0.030741888427974512,1.0,0.5,0.4141129253944701,0.015625,0.3,False,2,5,0.5717741492110598,0.010854525184850805,105,1141.0500000000275,3.2307917888564193,8,894.6500000000458,0.8,4,0,557.8125000000335,0.5062500000000001
M2K,1H,m2k_1h_none_baseline_none_sm0p75_tm2p50_d5_ts4,none_baseline,m2k_1h_none_local,194,-1107.1249999998383,2152.7500000000364,3259.8749999998745,0.1958762886597938,-5.706829896906383,-12.374999999998408,0.6603780819817077,-1176.374999999863,-2.175813450076942,-5.349021707240174,-0.9411327170332312,66.72680412371135,12.5,0.9639175257731959,0.020618556701030927,0.18041237113402062,0.015463917525773196,0,0.0,1,42.10249554367202,2.5,-93.37499999999977,186,232,0.8017241379310345,-1.8692950622882991,114,80,-646.9374999999025,-460.1874999999359,1min,dynamic_exit_atr_target_1p0_ts4_vq0p95_bf0p5_ra1p2,0.75,2.5,5,4,none,{},,,,0.21650995926080696,0.3691900335171843,0.04015972418545032,1.0,0.8,0.31435748576530953,0.0,0.3,False,1,5,0.5712850284693809,0.010317580048212316,106,661.1875000000657,1.5050606321016622,47,499.8125000001289,0.4,2,0,743.7187500000698,0.6000000000000002
M2K,1H,m2k_1h_delay_stop_zone_filter_require_no_stop_zone_touch_before_entry_sm1p25_tm2p00_d15_ts3_sz0p75,delay_stop_zone_filter,m2k_1h_stop_zone_diag,99,-1042.7749999999037,1600.3500000000247,2643.124999999928,0.32323232323232326,-10.533080808079836,-18.624999999999545,0.6054764719792171,-1086.024999999936,-3.0643732627378153,-5.171509350657819,-0.960175870721176,102.70707070707071,95.0,0.9191919191919192,0.06060606060606061,0.41414141414141414,0.020202020202020204,62,0.25203252032520324,1,21.48529411764706,2.5,-172.00000000000045,97,232,0.41810344827586204,-1.9011976163515993,51,48,-397.6749999999447,-645.099999999959,1min,dynamic_exit_atr_target_1p0_ts4_vq0p95_bf0p5_ra1p2,1.25,2.0,15,3,require_no_stop_zone_touch_before_entry,"{""stop_zone_fraction"": 0.75}",0.75,,,0.25279465456236877,0.3276834360369849,0.031030095822904075,1.0,0.5,0.4141971618959084,0.015625,0.3,False,2,5,0.5716056762081833,0.010223456777692652,107,1287.3750000000348,2.872205053626709,3,1231.6250000000775,0.8,4,0,557.8125000000335,0.5062500000000001
M2K,1H,m2k_1h_none_baseline_none_sm1p25_tm2p50_d15_ts3,none_baseline,m2k_1h_none_local,160,-1087.3749999998392,2485.1250000000437,3572.4999999998827,0.3,-6.796093749998995,-12.062499999999545,0.6956263121064031,-1129.0624999998693,-1.9334385766865816,-2.8967029043333303,-0.9630777747024325,94.73125,82.5,0.94375,0.01875,0.3875,0.0375,0,0.0,2,34.72370766488414,2.5,-295.49999999999955,156,232,0.6724137931034483,-1.521221337135111,89,71,-478.62499999990064,-608.7499999999386,1min,dynamic_exit_atr_target_1p0_ts4_vq0p95_bf0p5_ra1p2,1.25,2.5,15,3,none,{},,,,0.227646287655625,0.3958383248807491,0.02963887116931972,1.0,0.8,0.26977238763074374,0.0,0.3,False,0,5,0.4604552247385126,0.009608611327284355,108,993.8125000000639,1.8000100623868704,16,471.9375000001389,0.6,3,0,743.7187500000698,0.6000000000000002
M2K,1H,m2k_1h_delay_stop_zone_filter_require_no_stop_zone_touch_before_entry_sm1p00_tm2p50_d30_ts3_sz1p00,delay_stop_zone_filter,m2k_1h_stop_zone_diag,82,-965.8749999999259,1095.6250000000273,2061.499999999953,0.35365853658536583,-11.778963414633242,-13.999999999999773,0.5314698035411362,-1023.3749999999475,-3.917005811577315,-5.8059173303994465,-0.9438133626480767,119.2439024390244,179.5,0.9512195121951219,0.012195121951219513,0.5,0.036585365853658534,71,0.2886178861788618,1,17.79590017825312,2.5,-195.49999999999955,81,232,0.34913793103448276,-2.2207335560203503,45,37,-643.4999999999616,-322.3749999999643,1min,dynamic_exit_atr_target_1p0_ts4_vq0p95_bf0p5_ra1p2,1.0,2.5,30,3,require_no_stop_zone_touch_before_entry,"{""stop_zone_fraction"": 1.0}",1.0,,,0.2961558522110422,0.27173307324123724,0.03887457474874115,1.0,0.5,0.4168663266516388,0.015625,0.3,False,1,5,0.36626734669672245,0.00928267030051294,109,888.5625000000391,2.3938235294118657,24,638.6875000000748,0.6,3,0,557.8125000000335,0.5062500000000001
M2K,1H,m2k_1h_delay_stop_zone_filter_require_no_stop_zone_touch_before_entry_sm1p25_tm2p50_d5_ts3_sz1p00,delay_stop_zone_filter,m2k_1h_stop_zone_diag,161,-1049.312499999868,2791.56250000004,3840.8749999999077,0.2981366459627329,-6.5174689440985585,-17.999999999999545,0.7268037881993314,-1033.1874999998684,-1.861546222646154,-3.904934951293694,-1.0156070413163163,86.94409937888199,70.0,0.9440993788819876,0.031055900621118012,0.32298136645962733,0.024844720496894408,33,0.13414634146341464,1,34.940730837789665,2.5,-153.6249999999984,155,232,0.6681034482758621,-1.4599547755450397,93,68,-365.8749999999145,-683.4374999999534,1min,dynamic_exit_atr_target_1p0_ts4_vq0p95_bf0p5_ra1p2,1.25,2.5,5,3,require_no_stop_zone_touch_before_entry,"{""stop_zone_fraction"": 1.0}",1.0,,,0.24910838889752182,0.41940905350927227,0.004455401550762902,1.0,0.5,0.3137872758000233,0.015625,0.3,False,1,5,0.5724254483999534,0.008783640083976807,110,574.8125000000766,1.401475467085803,53,169.3125000001362,0.6,3,0,557.8125000000335,0.5062500000000001
M2K,1H,m2k_1h_none_baseline_none_sm1p00_tm2p00_d5_ts3,none_baseline,m2k_1h_none_local,194,-1158.3499999998446,2566.150000000035,3724.49999999988,0.2422680412371134,-5.970876288658993,-13.24999999999875,0.6889918109813714,-1172.299999999883,-2.07814451080355,-4.256084772014383,-0.9881003156188349,64.8659793814433,23.0,0.9484536082474226,0.041237113402061855,0.23711340206185566,0.010309278350515464,0,0.0,1,42.10249554367202,2.5,-123.49999999999909,186,232,0.8017241379310345,-1.7853852648209516,114,80,-803.0999999999005,-355.24999999994407,1min,dynamic_exit_atr_target_1p0_ts4_vq0p95_bf0p5_ra1p2,1.0,2.0,5,3,none,{},,,,0.18762598852538165,0.3908225235651569,0.017642617660218525,1.0,0.8,0.314101184068881,0.0,0.3,False,1,5,0.571797631862238,0.0054512726774726405,111,494.25000000007344,1.3338399189463641,62,226.15000000013993,0.4,2,0,743.7187500000698,0.6000000000000002
M2K,1H,m2k_1h_delay_adverse_filter_avoid_immediate_adverse_move_sm0p75_tm2p00_d30_ts3_aw5_mt8,delay_adverse_filter,m2k_1h_adverse_core,34,-159.849999999974,397.15000000000714,556.9999999999811,0.29411764705882354,-4.701470588234529,-8.374999999999204,0.713016157989265,-300.24999999998613,-2.1847699229457804,-3.7880241147685116,-0.5323896752705458,95.3529411764706,70.5,0.9411764705882353,0.058823529411764705,0.38235294117647056,0.0,119,0.483739837398374,0,7.378787878787879,2.5,-67.5,34,232,0.14655172413793102,-0.8024997328563304,18,16,-171.99999999998454,12.15000000001055,1min,dynamic_exit_atr_target_1p0_ts4_vq0p95_bf0p5_ra1p2,0.75,2.0,30,3,avoid_immediate_adverse_move,"{""adverse_window_minutes"": 5, ""max_adverse_ticks"": 8}",,5.0,8.0,0.7506449202836034,0.4089853588797503,0.23611844658090894,0.85,0.55,0.4611483036423539,0.375,0.5,False,2,5,0.4777033927152923,0.005266068366160281,112,227.5250000000051,2.471463217461668,122,332.07500000001687,0.6,3,0,262.95000000001266,0.7093749999999999
M2K,1H,m2k_1h_none_baseline_none_sm1p25_tm2p50_d30_ts3,none_baseline,m2k_1h_none_local,152,-1182.8749999998502,2169.125000000047,3351.999999999897,0.3223684210526316,-7.782072368420067,-11.124999999998977,0.6471136634845207,-1227.8749999998718,-2.5534501787485353,-3.8043097502451104,-0.9633513183344996,106.78289473684211,120.0,0.9539473684210527,0.006578947368421052,0.45394736842105265,0.039473684210526314,0,0.0,3,32.98752228163993,2.5,-243.62499999999955,148,232,0.6379310344827587,-1.9568519794131294,86,66,-657.4999999999193,-525.3749999999309,1min,dynamic_exit_atr_target_1p0_ts4_vq0p95_bf0p5_ra1p2,1.25,2.5,30,3,none,{},,,,0.17379720605029372,0.35916189628502165,0.029507729461247766,1.0,0.8,0.35753707158989734,0.0,0.3,False,1,5,0.4849258568202054,0.004648540624734909,113,558.3125000000666,1.39338559098121,56,29.187500000131195,0.6,3,0,743.7187500000698,0.6000000000000002
M2K,1H,m2k_1h_delay_stop_zone_filter_require_no_stop_zone_touch_before_entry_sm1p25_tm2p50_d30_ts3_sz1p00,delay_stop_zone_filter,m2k_1h_stop_zone_diag,107,-1026.6249999998934,1709.12500000004,2735.7499999999336,0.37383177570093457,-9.594626168223302,-12.374999999998408,0.6247372749703305,-1059.1249999999263,-2.8450909848538903,-4.105313106016002,-0.969314292458364,125.86915887850468,180.0,0.9439252336448598,0.009345794392523364,0.5514018691588785,0.04672897196261682,45,0.18292682926829268,2,23.221479500891267,2.5,-243.62499999999955,105,232,0.4525862068965517,-1.836498333797329,59,48,-610.4999999999438,-416.1249999999495,1min,dynamic_exit_atr_target_1p0_ts4_vq0p95_bf0p5_ra1p2,1.25,2.5,30,3,require_no_stop_zone_touch_before_entry,"{""stop_zone_fraction"": 1.0}",1.0,,,0.2619010699333275,0.3422449470174698,0.026648973050495052,1.0,0.5,0.33079604880882074,0.015625,0.3,False,1,5,0.5384079023823586,0.0017897066690568675,114,935.3125000000455,2.1536386062288884,19,514.8125000000937,0.6,3,0,557.8125000000335,0.5062500000000001
M2K,1H,m2k_1h_delay_stop_zone_filter_require_no_stop_zone_touch_before_entry_sm0p75_tm2p50_d5_ts3_sz0p50,delay_stop_zone_filter,m2k_1h_stop_zone_diag,62,-638.3124999999461,396.18750000001114,1034.4999999999573,0.1774193548387097,-10.295362903224937,-13.687499999999204,0.38297486708557515,-637.6249999999641,-5.798913736676142,-11.918675450946637,-1.001078219956843,57.854838709677416,12.5,0.9838709677419355,0.016129032258064516,0.22580645161290322,0.0,132,0.5365853658536586,0,13.455436720142604,2.5,-67.12499999999864,61,232,0.2629310344827586,-2.8530625650691146,37,25,-490.4999999999666,-147.81249999997954,1min,dynamic_exit_atr_target_1p0_ts4_vq0p95_bf0p5_ra1p2,0.75,2.5,5,3,require_no_stop_zone_touch_before_entry,"{""stop_zone_fraction"": 0.5}",0.5,,,0.48085679245547386,0.1594682497683163,0.01142077828044728,1.0,0.5,0.2919318515617255,0.015625,0.3,False,0,5,0.416136296876549,0.0009116529210840274,115,35.00000000001705,1.0881612090680561,158,-210.24999999996226,0.2,1,0,557.8125000000335,0.5062500000000001
M2K,1H,m2k_1h_none_baseline_none_sm0p75_tm2p50_d30_ts4,none_baseline,m2k_1h_none_local,152,-1007.4374999998781,1811.4375000000405,2818.8749999999186,0.2631578947368421,-6.627878289472882,-11.99999999999875,0.6426100838100635,-1031.0624999999004,-2.4824110670717756,-5.086719996105318,-0.977086743044166,107.40789473684211,61.5,0.9407894736842105,0.013157894736842105,0.29605263157894735,0.046052631578947366,0,0.0,3,32.98752228163993,2.5,-147.37499999999955,148,232,0.6379310344827587,-1.9024107267670534,86,66,-518.187499999932,-489.2499999999461,1min,dynamic_exit_atr_target_1p0_ts4_vq0p95_bf0p5_ra1p2,0.75,2.5,30,4,none,{},,,,0.2727202244181756,0.35575710963560964,0.022922721271119467,1.0,0.8,0.20264904770764658,0.0,0.3,False,0,5,0.5947019045847068,-0.0004687678424279418,116,776.3750000000539,1.6315842993695941,34,558.8750000001096,0.4,2,0,743.7187500000698,0.6000000000000002
M2K,1H,m2k_1h_none_baseline_none_sm1p25_tm2p00_d15_ts4,none_baseline,m2k_1h_none_local,160,-1329.5249999998464,2412.35000000004,3741.8749999998863,0.3125,-8.30953124999904,-11.124999999998408,0.6446901620177353,-1434.8499999999103,-2.4030512451997805,-3.2677774348699873,-0.9265951144718468,111.8375,74.5,0.90625,0.05625,0.3375,0.0375,0,0.0,2,34.72370766488414,2.5,-295.49999999999955,156,232,0.6724137931034483,-1.8907106088116434,89,71,-465.42499999990923,-864.0999999999372,1min,dynamic_exit_atr_target_1p0_ts4_vq0p95_bf0p5_ra1p2,1.25,2.0,15,4,none,{},,,,0.09110644356421278,0.357329685902303,0.04712931078033556,1.0,0.8,0.4147926988686791,0.0,0.3,False,1,5,0.3704146022626419,-0.001024472659344633,117,1617.3500000000581,2.3109219858156838,1,1218.225000000125,0.8,4,0,743.7187500000698,0.6000000000000002
M2K,1H,m2k_1h_delay_stop_zone_filter_require_no_stop_zone_touch_before_entry_sm1p25_tm2p50_d15_ts3_sz1p00,delay_stop_zone_filter,m2k_1h_stop_zone_diag,125,-1170.4374999998754,2108.4375000000387,3278.874999999914,0.336,-9.363499999999004,-15.499999999998408,0.6430368647783444,-1183.3124999999177,-2.4776320117032866,-3.5942435908702186,-0.989119526752195,109.576,146.0,0.952,0.016,0.464,0.032,36,0.14634146341463414,1,27.12789661319073,2.5,-295.49999999999955,123,232,0.5301724137931034,-1.730968197976455,68,57,-424.43749999992747,-745.9999999999479,1min,dynamic_exit_atr_target_1p0_ts4_vq0p95_bf0p5_ra1p2,1.25,2.5,15,3,require_no_stop_zone_touch_before_entry,"{""stop_zone_fraction"": 1.0}",1.0,,,0.18081027361537091,0.3560797636681935,0.01715398961976754,1.0,0.5,0.4095692545782876,0.015625,0.3,False,2,5,0.5808614908434249,-0.0012697559135788072,118,915.5625000000418,1.9577013598327,21,460.68750000009913,0.8,4,0,557.8125000000335,0.5062500000000001
M2K,1H,m2k_1h_raw_hybrid_none_sm1p00_tm1p00_d0_ts4,raw_hybrid,m2k_1h_raw_baseline,219,-1258.1999999998288,2554.800000000024,3812.999999999853,0.2146118721461187,-5.745205479451273,-12.999999999999545,0.6700236034618732,-1317.1749999998303,-2.5008114518049207,-5.247276123640648,-0.9552261468673418,39.76712328767123,14.0,0.8127853881278538,0.1780821917808219,0.0502283105022831,0.0091324200913242,0,0.0,0,47.52807486631016,2.5,-127.49999999999773,208,232,0.896551724137931,-2.2720210278372743,129,90,-1051.1249999998984,-207.07499999993047,1min,dynamic_exit_atr_target_1p0_ts4_vq0p95_bf0p5_ra1p2,1.0,1.0,0,4,none,{},,,,0.13132409534956108,0.37648221998577214,0.03340308193766426,1.0,1.0,0.2729991257351615,0.0,0.3,False,0,5,0.45400174852967706,-0.002478405782009474,119,315.6750000000716,1.2115784182306195,91,147.95000000013488,0.4,2,0,286.475000000072,0.4
M2K,1H,m2k_1h_delay_stop_zone_filter_require_no_stop_zone_touch_before_entry_sm0p75_tm2p00_d5_ts3_sz0p50,delay_stop_zone_filter,m2k_1h_stop_zone_diag,62,-651.1499999999467,383.3500000000106,1034.4999999999573,0.1774193548387097,-10.50241935483785,-13.687499999999204,0.3705654905751826,-643.2749999999476,-6.0172308860241905,-12.15837935162467,-1.0122420426722627,57.62903225806452,12.5,0.9838709677419355,0.016129032258064516,0.22580645161290322,0.0,132,0.5365853658536586,0,13.455436720142604,2.5,-67.12499999999864,61,232,0.2629310344827586,-2.960474489853935,37,25,-490.4999999999666,-160.64999999998008,1min,dynamic_exit_atr_target_1p0_ts4_vq0p95_bf0p5_ra1p2,0.75,2.0,5,3,require_no_stop_zone_touch_before_entry,"{""stop_zone_fraction"": 0.5}",0.5,,,0.47361817899884145,0.1500865395457247,0.006068642065653523,1.0,0.5,0.29603393995238303,0.015625,0.3,False,0,5,0.4079321200952339,-0.0025999189883812446,120,263.2000000000164,1.6774774774775432,114,17.950000000037107,0.4,2,0,557.8125000000335,0.5062500000000001
M2K,1H,m2k_1h_delay_stop_zone_filter_require_no_stop_zone_touch_before_entry_sm1p00_tm2p50_d5_ts3_sz0p50,delay_stop_zone_filter,m2k_1h_stop_zone_diag,84,-912.7499999999259,997.7500000000191,1910.499999999945,0.2261904761904762,-10.866071428570546,-18.249999999999318,0.5222454854750316,-903.2499999999266,-3.910266272449866,-7.7707982624444485,-1.010517575422087,74.88095238095238,36.5,0.9761904761904762,0.023809523809523808,0.27380952380952384,0.0,110,0.44715447154471544,0,18.22994652406417,2.5,-112.49999999999773,82,232,0.35344827586206895,-2.23055526431008,48,36,-725.4374999999561,-187.31249999996976,1min,dynamic_exit_atr_target_1p0_ts4_vq0p95_bf0p5_ra1p2,1.0,2.5,5,3,require_no_stop_zone_touch_before_entry,"{""stop_zone_fraction"": 0.5}",0.5,,,0.3261111659312819,0.2647593240746506,0.006895382498224463,1.0,0.5,0.33182689674061444,0.015625,0.3,False,0,5,0.3363462065187711,-0.003673810112987619,121,541.0625000000334,1.7447522367516157,59,-13.437499999936335,0.6,3,0,557.8125000000335,0.5062500000000001
M2K,1H,m2k_1h_none_baseline_none_sm1p25_tm2p50_d5_ts3,none_baseline,m2k_1h_none_local,194,-1122.6874999998415,3002.0625000000446,4124.749999999885,0.26804123711340205,-5.787048969071348,-12.687499999998408,0.727816837384115,-1112.187499999842,-1.7771652206211368,-3.6164153822082055,-1.0094408541725213,77.11855670103093,40.5,0.9536082474226805,0.02577319587628866,0.28865979381443296,0.020618556701030927,0,0.0,1,42.10249554367202,2.5,-153.6249999999984,186,232,0.8017241379310345,-1.5268065245483755,114,80,-572.3749999998972,-550.3124999999443,1min,dynamic_exit_atr_target_1p0_ts4_vq0p95_bf0p5_ra1p2,1.25,2.5,5,3,none,{},,,,0.20773481441805258,0.42017493678188567,0.0074115819166440155,1.0,0.8,0.18685631576014622,0.0,0.3,False,0,5,0.6262873684797076,-0.005277865108493762,122,418.3125000000882,1.2633795057453836,70,40.43750000016075,0.6,3,0,743.7187500000698,0.6000000000000002
M2K,1H,m2k_1h_none_baseline_none_sm1p25_tm2p00_d5_ts4,none_baseline,m2k_1h_none_local,194,-1158.4249999998474,3062.4500000000376,4220.874999999885,0.27319587628865977,-5.9712628865971515,-14.624999999999204,0.7255486125507438,-1231.7499999998597,-1.847485919944397,-3.785400803242807,-0.9404708747716496,89.99484536082474,40.5,0.9072164948453608,0.06701030927835051,0.23711340206185566,0.02577319587628866,0,0.0,1,42.10249554367202,2.5,-153.6249999999984,186,232,0.8017241379310345,-1.5872207737649076,114,80,-645.5999999999017,-512.8249999999457,1min,dynamic_exit_atr_target_1p0_ts4_vq0p95_bf0p5_ra1p2,1.25,2.0,5,4,none,{},,,,0.18758369867071623,0.41846011830663404,0.04047702319914743,1.0,0.8,0.1742883656688768,0.0,0.3,False,0,5,0.6514232686622464,-0.006576428274326196,123,1038.9500000000862,1.6643964828138302,14,705.8750000001544,0.6,3,0,743.7187500000698,0.6000000000000002
M2K,1H,m2k_1h_delay_stop_zone_filter_require_no_stop_zone_touch_before_entry_sm1p00_tm2p00_d5_ts3_sz0p50,delay_stop_zone_filter,m2k_1h_stop_zone_diag,84,-936.7999999999267,973.7000000000182,1910.499999999945,0.2261904761904762,-11.15238095238008,-18.249999999999318,0.5096571578121153,-927.2999999999274,-4.0498976778099385,-7.975550602309483,-1.010244796721665,74.45238095238095,36.5,0.9761904761904762,0.023809523809523808,0.27380952380952384,0.0,110,0.44715447154471544,0,18.22994652406417,2.5,-112.49999999999773,82,232,0.35344827586206895,-2.3102059951268825,48,36,-736.6499999999564,-200.1499999999703,1min,dynamic_exit_atr_target_1p0_ts4_vq0p95_bf0p5_ra1p2,1.0,2.0,5,3,require_no_stop_zone_touch_before_entry,"{""stop_zone_fraction"": 0.5}",0.5,,,0.3125502192024011,0.255242323585415,0.007026157484389042,1.0,0.5,0.3361443210930789,0.015625,0.3,False,0,5,0.32771135781384225,-0.00762216965581658,124,657.4500000000319,1.91566852367695,48,102.95000000006212,0.6,3,0,557.8125000000335,0.5062500000000001
M2K,1H,m2k_1h_none_baseline_none_sm1p00_tm2p50_d5_ts4,none_baseline,m2k_1h_none_local,194,-1340.7499999998367,2453.750000000043,3794.49999999988,0.24742268041237114,-6.911082474225963,-14.249999999998408,0.6466596389511453,-1453.4999999998831,-2.404563639428103,-4.954748481338722,-0.9224286205709973,81.73195876288659,23.0,0.9587628865979382,0.020618556701030927,0.2422680412371134,0.020618556701030927,0,0.0,1,42.10249554367202,2.5,-123.49999999999909,186,232,0.8017241379310345,-2.0658199984846983,114,80,-811.0624999998993,-529.6874999999375,1min,dynamic_exit_atr_target_1p0_ts4_vq0p95_bf0p5_ra1p2,1.0,2.5,5,4,none,{},,,,0.08477706198285932,0.35881864563076776,0.04912680245177295,1.0,0.8,0.33614870961919474,0.0,0.3,False,1,5,0.5277025807616105,-0.013489531666629417,125,755.3125000000784,1.5057331771008409,36,399.9375000001453,0.6,3,0,743.7187500000698,0.6000000000000002
M2K,1H,m2k_1h_none_baseline_none_sm1p00_tm2p50_d30_ts4,none_baseline,m2k_1h_none_local,152,-1136.5624999998602,1915.9375000000455,3052.499999999906,0.2894736842105263,-7.477384868420133,-10.99999999999909,0.6276617526617869,-1182.0624999998847,-2.595339559254109,-4.456432678999878,-0.9615079574895329,123.11184210526316,83.0,0.9276315789473685,0.013157894736842105,0.3815789473684211,0.05921052631578947,0,0.0,3,32.98752228163993,2.5,-195.49999999999955,148,232,0.6379310344827587,-1.9889541593737723,86,66,-542.6874999999222,-593.8749999999379,1min,dynamic_exit_atr_target_1p0_ts4_vq0p95_bf0p5_ra1p2,1.0,2.5,30,4,none,{},,,,0.1999111913052265,0.34445590437142715,0.030391469608935018,1.0,0.8,0.21405004124275834,0.0,0.3,False,0,5,0.5718999175144833,-0.014460354236915218,126,732.1250000000612,1.5391200294551401,40,407.250000000123,0.4,2,0,743.7187500000698,0.6000000000000002
M2K,1H,m2k_1h_delay_stop_zone_filter_require_no_stop_zone_touch_before_entry_sm1p25_tm2p50_d5_ts3_sz0p50,delay_stop_zone_filter,m2k_1h_stop_zone_diag,101,-1029.1249999999127,1471.3750000000243,2500.499999999937,0.26732673267326734,-10.1893564356427,-20.499999999999545,0.5884323135373172,-1017.9999999999131,-3.4122572570406575,-6.9809884899665064,-1.0109282907662087,88.29702970297029,73.0,0.9603960396039604,0.0297029702970297,0.32673267326732675,0.009900990099009901,93,0.3780487804878049,1,21.919340463458113,2.5,-117.37499999999727,98,232,0.4224137931034483,-2.1279162618965275,57,44,-856.0624999999482,-173.06249999996453,1min,dynamic_exit_atr_target_1p0_ts4_vq0p95_bf0p5_ra1p2,1.25,2.5,5,3,require_no_stop_zone_touch_before_entry,"{""stop_zone_fraction"": 0.5}",0.5,,,0.26049140811118765,0.31479774791591547,0.006698478218814038,1.0,0.5,0.26351269282156403,0.015625,0.3,False,0,5,0.47297461435687194,-0.017066743138522578,127,551.0625000000493,1.5785433070866874,57,109.06250000008754,0.6,3,0,557.8125000000335,0.5062500000000001
M2K,1H,m2k_1h_delay_adverse_filter_avoid_immediate_adverse_move_sm1p00_tm3p00_d30_ts3_aw5_mt8,delay_adverse_filter,m2k_1h_adverse_core,34,-225.54999999996767,433.45000000000823,658.9999999999759,0.29411764705882354,-6.633823529410813,-7.999999999999545,0.6577389984825859,-367.4999999999818,-2.567395325969951,-4.196992298355471,-0.6137414965985819,109.58823529411765,129.0,0.9411764705882353,0.029411764705882353,0.47058823529411764,0.029411764705882353,119,0.483739837398374,0,7.378787878787879,2.5,-88.99999999999977,34,232,0.14655172413793102,-0.9430439524036822,18,16,-237.49999999998295,11.95000000001528,1min,dynamic_exit_atr_target_1p0_ts4_vq0p95_bf0p5_ra1p2,1.0,3.0,30,3,avoid_immediate_adverse_move,"{""adverse_window_minutes"": 5, ""max_adverse_ticks"": 8}",,5.0,8.0,0.7135990075980587,0.3671948392686056,0.19711692889576826,0.85,0.55,0.4536559034252704,0.375,0.5,False,2,5,0.4926881931494592,-0.017475305778511308,128,313.4750000000099,2.6455380577428773,96,435.4250000000229,0.6,3,0,262.95000000001266,0.7093749999999999
M2K,1H,m2k_1h_none_baseline_none_sm1p25_tm2p00_d5_ts3,none_baseline,m2k_1h_none_local,194,-1247.5499999998465,2877.200000000039,4124.749999999885,0.26804123711340205,-6.430670103091992,-12.687499999998408,0.6975453057761365,-1237.049999999847,-2.0830862857424557,-4.018624069541994,-1.0084879350066698,74.88144329896907,40.5,0.9381443298969072,0.04639175257731959,0.27319587628865977,0.015463917525773196,0,0.0,1,42.10249554367202,2.5,-153.6249999999984,186,232,0.8017241379310345,-1.7896308656981355,114,80,-668.1749999998999,-579.3749999999466,1min,dynamic_exit_atr_target_1p0_ts4_vq0p95_bf0p5_ra1p2,1.25,2.0,5,3,none,{},,,,0.13732925471182036,0.39728911836044967,0.007868428402595504,1.0,0.8,0.21819766742813956,0.0,0.3,False,0,5,0.5636046651437209,-0.01916641101093569,129,545.0000000000841,1.344991296091221,58,154.9000000001547,0.6,3,0,743.7187500000698,0.6000000000000002
M2K,1H,m2k_1h_delay_stop_zone_filter_require_no_stop_zone_touch_before_entry_sm1p00_tm2p50_d15_ts3_sz1p00,delay_stop_zone_filter,m2k_1h_stop_zone_diag,108,-1167.8749999999025,1615.6250000000318,2783.4999999999345,0.3148148148148148,-10.813657407406504,-15.499999999999545,0.5804293156098688,-1208.8749999999322,-3.1443589195058164,-4.62953173339483,-0.96608416916552,97.5,83.5,0.9629629629629629,0.009259259259259259,0.3888888888888889,0.027777777777777776,53,0.21544715447154472,1,23.438502673796794,2.5,-236.99999999999932,106,232,0.45689655172413796,-2.039317170536786,56,52,-664.4999999999447,-503.3749999999577,1min,dynamic_exit_atr_target_1p0_ts4_vq0p95_bf0p5_ra1p2,1.0,2.5,15,3,require_no_stop_zone_touch_before_entry,"{""stop_zone_fraction"": 1.0}",1.0,,,0.1822551769830378,0.3087473385819378,0.02819755191049439,1.0,0.5,0.334704586000627,0.015625,0.3,False,1,5,0.5305908279987459,-0.020020426200336616,130,826.5625000000398,1.9851758045292744,30,599.1875000000846,0.8,4,0,557.8125000000335,0.5062500000000001
M2K,1H,m2k_1h_delay_stop_zone_filter_require_no_stop_zone_touch_before_entry_sm1p25_tm2p00_d5_ts3_sz1p00,delay_stop_zone_filter,m2k_1h_stop_zone_diag,161,-1174.1749999998729,2666.700000000035,3840.8749999999077,0.2981366459627329,-7.293012422359459,-17.999999999999545,0.6942949197774202,-1173.6749999998926,-2.203542775312552,-4.369601044908312,-1.000426012311739,84.24844720496894,65.0,0.9254658385093167,0.055900621118012424,0.30434782608695654,0.018633540372670808,33,0.13414634146341464,1,34.940730837789665,2.5,-153.6249999999984,155,232,0.6681034482758621,-1.7281723971174463,93,68,-461.6749999999172,-712.4999999999557,1min,dynamic_exit_atr_target_1p0_ts4_vq0p95_bf0p5_ra1p2,1.25,2.0,5,3,require_no_stop_zone_touch_before_entry,"{""stop_zone_fraction"": 1.0}",1.0,,,0.1787028291912896,0.39483176850681384,0.011733458286741681,1.0,0.5,0.22054847020246687,0.015625,0.3,False,0,5,0.5589030595950663,-0.023107041186997967,131,701.5000000000725,1.492886000351378,44,283.77500000013015,0.6,3,0,557.8125000000335,0.5062500000000001
M2K,1H,m2k_1h_delay_stop_zone_filter_require_no_stop_zone_touch_before_entry_sm1p25_tm2p00_d5_ts3_sz0p50,delay_stop_zone_filter,m2k_1h_stop_zone_diag,101,-1072.9999999999143,1427.5000000000227,2500.499999999937,0.26732673267326734,-10.623762376236774,-20.499999999999545,0.5708858228354564,-1061.8749999999147,-3.610842058015473,-7.27861110140566,-1.010476751030018,87.85148514851485,71.0,0.9603960396039604,0.0297029702970297,0.32673267326732675,0.009900990099009901,93,0.3780487804878049,1,21.919340463458113,2.5,-117.37499999999727,98,232,0.4224137931034483,-2.251755643141269,57,44,-867.2749999999485,-205.7249999999658,1min,dynamic_exit_atr_target_1p0_ts4_vq0p95_bf0p5_ra1p2,1.25,2.0,5,3,require_no_stop_zone_touch_before_entry,"{""stop_zone_fraction"": 0.5}",0.5,,,0.23575184313282405,0.30153228763671497,0.006914954441707312,1.0,0.5,0.27318266542403846,0.015625,0.3,False,0,5,0.453634669151923,-0.02318478086623027,132,667.4500000000478,1.7070444915255,46,205.62500000008527,0.6,3,0,557.8125000000335,0.5062500000000001
M2K,1H,m2k_1h_none_baseline_none_sm1p25_tm2p50_d5_ts4,none_baseline,m2k_1h_none_local,194,-1339.3124999998383,2881.562500000047,4220.874999999885,0.27319587628865977,-6.903672680411538,-14.624999999999204,0.6826931619628928,-1391.8124999998383,-2.1853848725363663,-4.376489296495835,-0.9622794018590822,93.91752577319588,40.5,0.9432989690721649,0.02577319587628866,0.27319587628865977,0.030927835051546393,0,0.0,1,42.10249554367202,2.5,-153.6249999999984,186,232,0.8017241379310345,-1.8775181076701741,114,80,-578.9999999998986,-760.3124999999397,1min,dynamic_exit_atr_target_1p0_ts4_vq0p95_bf0p5_ra1p2,1.25,2.5,5,4,none,{},,,,0.08558761753058257,0.38606063243906447,0.030021625385033026,1.0,0.8,0.21827896775395794,0.0,0.3,False,0,5,0.5634420644920841,-0.028425261035221916,133,919.0625000000887,1.576124431907303,20,471.0625000001596,0.6,3,0,743.7187500000698,0.6000000000000002
M2K,1H,m2k_1h_raw_hybrid_none_sm1p00_tm1p00_d0_ts3,raw_hybrid,m2k_1h_raw_baseline,219,-1414.174999999825,2379.325000000026,3793.4999999998513,0.2100456621004566,-6.457420091323402,-12.999999999998408,0.627211018848061,-1409.1749999998262,-2.8715170972507376,-5.890530670329594,-1.0035481753508255,36.178082191780824,14.0,0.8264840182648402,0.1689497716894977,0.0639269406392694,0.0045662100456621,0,0.0,0,47.52807486631016,2.5,-127.49999999999773,208,232,0.896551724137931,-2.6088121205775945,129,90,-1122.6249999998947,-291.5499999999304,1min,dynamic_exit_atr_target_1p0_ts4_vq0p95_bf0p5_ra1p2,1.0,1.0,0,3,none,{},,,,0.04337529426693921,0.344115141559987,0.010236637502683088,1.0,1.0,0.2769989569890433,0.0,0.3,False,0,5,0.4460020860219133,-0.02941657366085576,134,257.2750000000724,1.1719752673797346,118,47.07500000013624,0.4,2,0,286.475000000072,0.4
M2K,1H,m2k_1h_delay_adverse_filter_avoid_immediate_adverse_move_sm1p00_tm2p50_d30_ts3_aw5_mt8,delay_adverse_filter,m2k_1h_adverse_core,34,-245.37499999996726,413.62500000000864,658.9999999999759,0.29411764705882354,-7.2169117647049195,-7.999999999999545,0.6276555386950284,-367.4999999999818,-2.909278087508216,-4.565892197778692,-0.6676870748298759,109.3529411764706,129.0,0.9411764705882353,0.029411764705882353,0.47058823529411764,0.029411764705882353,119,0.483739837398374,0,7.378787878787879,2.5,-88.99999999999977,34,232,0.14655172413793102,-1.0686227705305422,18,16,-237.49999999998295,-7.874999999984311,1min,dynamic_exit_atr_target_1p0_ts4_vq0p95_bf0p5_ra1p2,1.0,2.5,30,3,avoid_immediate_adverse_move,"{""adverse_window_minutes"": 5, ""max_adverse_ticks"": 8}",,5.0,8.0,0.7024203893485765,0.3444512065016017,0.17125445416469706,0.85,0.55,0.44368138881798125,0.375,0.5,False,2,5,0.5126372223640375,-0.029635304382562566,135,278.06250000000773,2.4596456692914175,108,380.18750000002115,0.6,3,0,262.95000000001266,0.7093749999999999
M2K,1H,m2k_1h_delay_stop_zone_filter_require_no_stop_zone_touch_before_entry_sm0p75_tm2p50_d5_ts3_sz1p00,delay_stop_zone_filter,m2k_1h_stop_zone_diag,124,-1093.7499999998943,1313.875000000022,2407.6249999999163,0.20161290322580644,-8.82056451612818,-16.124999999998977,0.545714137376073,-1085.8749999998952,-3.5488792397791435,-8.024165035040376,-1.007252215954875,59.96774193548387,16.5,0.967741935483871,0.024193548387096774,0.22580645161290322,0.008064516129032258,70,0.2845528455284553,1,26.910873440285208,2.5,-91.49999999999864,120,232,0.5172413793103449,-2.4489593376366634,70,54,-804.6874999999386,-289.06249999995566,1min,dynamic_exit_atr_target_1p0_ts4_vq0p95_bf0p5_ra1p2,0.75,2.5,5,3,require_no_stop_zone_touch_before_entry,"{""stop_zone_fraction"": 1.0}",1.0,,,0.22405165000916522,0.28250204396602085,0.008460854210225622,1.0,0.5,0.2610285714285604,0.015625,0.3,False,0,5,0.4779428571428792,-0.030922097359144862,136,620.0625000000423,1.695527201346114,49,402.6875000000848,0.6,3,0,557.8125000000335,0.5062500000000001
M2K,1H,m2k_1h_delay_stop_zone_filter_require_no_stop_zone_touch_before_entry_sm0p75_tm2p00_d5_ts3_sz1p00,delay_stop_zone_filter,m2k_1h_stop_zone_diag,124,-1124.3749999998965,1283.2500000000198,2407.6249999999163,0.20161290322580644,-9.067540322579811,-16.124999999998977,0.5329941332226008,-1116.4999999998975,-3.6947960972928087,-8.248841656021545,-1.00705329153605,59.04032258064516,16.5,0.967741935483871,0.03225806451612903,0.22580645161290322,0.0,70,0.2845528455284553,1,26.910873440285208,2.5,-91.49999999999864,120,232,0.5172413793103449,-2.5496515355343092,70,54,-802.6499999999396,-321.72499999995694,1min,dynamic_exit_atr_target_1p0_ts4_vq0p95_bf0p5_ra1p2,0.75,2.0,5,3,require_no_stop_zone_touch_before_entry,"{""stop_zone_fraction"": 1.0}",1.0,,,0.2067832926880845,0.27288549369872117,0.008556222133305353,1.0,0.5,0.2675375208449042,0.015625,0.3,False,0,5,0.46492495831019165,-0.03530843127590738,137,746.7500000000382,1.8456964892412908,38,509.55000000008,0.6,3,0,557.8125000000335,0.5062500000000001
M2K,1H,m2k_1h_delay_stop_zone_filter_require_no_stop_zone_touch_before_entry_sm0p75_tm2p00_d5_ts4_sz1p00,delay_stop_zone_filter,m2k_1h_stop_zone_diag,124,-1167.2249999998962,1341.9000000000187,2509.124999999915,0.20161290322580644,-9.41310483870884,-16.499999999998636,0.5348079509789525,-1222.3499999998967,-3.565829086165758,-8.769755106658092,-0.9549024420174212,70.94354838709677,16.5,0.9354838709677419,0.056451612903225805,0.1693548387096774,0.008064516129032258,70,0.2845528455284553,1,26.910873440285208,2.5,-91.49999999999864,120,232,0.5172413793103449,-2.4606558428642096,70,54,-840.6999999999391,-326.5249999999571,1min,dynamic_exit_atr_target_1p0_ts4_vq0p95_bf0p5_ra1p2,0.75,2.0,5,4,require_no_stop_zone_touch_before_entry,"{""stop_zone_fraction"": 1.0}",1.0,,,0.18262168905679485,0.27425677230989326,0.033558271830439156,1.0,0.5,0.2552421341215168,0.015625,0.3,False,0,5,0.4895157317569664,-0.03796049683386893,138,942.9500000000382,2.074586894586966,18,671.0500000000775,0.6,3,0,557.8125000000335,0.5062500000000001
M2K,1H,m2k_1h_delay_adverse_filter_avoid_immediate_adverse_move_sm1p00_tm2p00_d30_ts3_aw5_mt8,delay_adverse_filter,m2k_1h_adverse_core,34,-261.84999999996876,397.15000000000714,658.9999999999759,0.29411764705882354,-7.7014705882343755,-7.999999999999545,0.6026555386950253,-380.1999999999816,-3.2082521146259944,-4.872455922520092,-0.6887164650183625,105.20588235294117,97.0,0.9117647058823529,0.058823529411764705,0.4411764705882353,0.029411764705882353,119,0.483739837398374,0,7.378787878787879,2.5,-88.99999999999977,34,232,0.14655172413793102,-1.1784405478503157,18,16,-237.49999999998295,-24.349999999985812,1min,dynamic_exit_atr_target_1p0_ts4_vq0p95_bf0p5_ra1p2,1.0,2.0,30,3,avoid_immediate_adverse_move,"{""adverse_window_minutes"": 5, ""max_adverse_ticks"": 8}",,5.0,8.0,0.693130717940746,0.3255507601037995,0.161172588510617,0.85,0.55,0.43475641974004786,0.375,0.5,False,2,5,0.5304871605199043,-0.038124353153491164,139,191.65000000000646,2.0060367454068846,135,273.95000000001914,0.6,3,0,262.95000000001266,0.7093749999999999
M2K,1H,m2k_1h_none_baseline_none_sm1p25_tm2p50_d15_ts4,none_baseline,m2k_1h_none_local,160,-1487.8749999998433,2287.6250000000427,3775.4999999998854,0.30625,-9.29921874999902,-11.437499999999545,0.6059131240895543,-1556.3749999998674,-2.679744926148708,-3.674161040721508,-0.9559874708858533,117.0,82.5,0.9375,0.01875,0.3625,0.04375,0,0.0,2,34.72370766488414,2.5,-295.49999999999955,156,232,0.6724137931034483,-2.108412032785142,89,71,-596.9999999999084,-890.874999999935,1min,dynamic_exit_atr_target_1p0_ts4_vq0p95_bf0p5_ra1p2,1.25,2.5,15,4,none,{},,,,0.001818463750568064,0.32801355282922157,0.0330380895909979,1.0,0.8,0.32036041334116605,0.0,0.3,False,0,5,0.3592791733176679,-0.041023821244217495,140,1471.0625000000618,2.1441279408906087,2,879.1875000001323,0.6,3,0,743.7187500000698,0.6000000000000002
M2K,1H,m2k_1h_delay_stop_zone_filter_require_no_stop_zone_touch_before_entry_sm1p00_tm2p50_d5_ts3_sz1p00,delay_stop_zone_filter,m2k_1h_stop_zone_diag,148,-1300.624999999876,2057.875000000032,3358.4999999999086,0.2635135135135135,-8.78800675675592,-17.499999999998863,0.6127363406282829,-1287.124999999877,-3.0060627209671926,-5.957508074715462,-1.0104884917937267,76.76351351351352,39.5,0.9594594594594594,0.02027027027027027,0.28378378378378377,0.02027027027027027,46,0.18699186991869918,1,32.11942959001783,2.5,-123.49999999999909,142,232,0.6120689655172413,-2.2565343016142867,85,63,-937.9374999999254,-362.68749999995066,1min,dynamic_exit_atr_target_1p0_ts4_vq0p95_bf0p5_ra1p2,1.0,2.5,5,3,require_no_stop_zone_touch_before_entry,"{""stop_zone_fraction"": 1.0}",1.0,,,0.10740213422800649,0.33317202636725435,0.006909325709664907,1.0,0.5,0.26242191254203684,0.015625,0.3,False,0,5,0.47515617491592627,-0.04414173214319256,141,598.0625000000657,1.4752185141041614,50,318.1875000001173,0.6,3,0,557.8125000000335,0.5062500000000001
M2K,1H,m2k_1h_delay_stop_zone_filter_require_no_stop_zone_touch_before_entry_sm1p25_tm2p50_d15_ts3_sz0p75,delay_stop_zone_filter,m2k_1h_stop_zone_diag,99,-1195.1249999999004,1481.6250000000275,2676.749999999928,0.31313131313131315,-12.071969696968692,-18.624999999999545,0.5535163911460044,-1180.2499999999122,-3.595714718298244,-5.970115609803083,-1.0126032620207492,107.01010101010101,101.0,0.9595959595959596,0.010101010101010102,0.4444444444444444,0.030303030303030304,62,0.25203252032520324,1,21.48529411764706,2.5,-172.00000000000045,97,232,0.41810344827586204,-2.2308523359851153,51,48,-556.2499999999432,-638.8749999999573,1min,dynamic_exit_atr_target_1p0_ts4_vq0p95_bf0p5_ra1p2,1.25,2.5,15,3,require_no_stop_zone_touch_before_entry,"{""stop_zone_fraction"": 0.75}",0.75,,,0.16688986312183363,0.28840068713244565,0.005895467051520709,1.0,0.5,0.22994456646792943,0.015625,0.3,False,0,5,0.5401108670641411,-0.046222134921226565,142,1108.9375000000382,2.5649144469925074,10,920.9375000000841,0.6,3,0,557.8125000000335,0.5062500000000001
M2K,1H,m2k_1h_delay_stop_zone_filter_require_no_stop_zone_touch_before_entry_sm1p00_tm2p00_d5_ts3_sz1p00,delay_stop_zone_filter,m2k_1h_stop_zone_diag,148,-1323.6499999998796,2034.8500000000286,3358.4999999999086,0.2635135135135135,-8.943581081080268,-17.499999999998863,0.6058806014590097,-1310.1499999998805,-3.0829197299918447,-6.062974003342359,-1.0103041636453844,74.11486486486487,39.5,0.9391891891891891,0.0472972972972973,0.2635135135135135,0.013513513513513514,46,0.18699186991869918,1,32.11942959001783,2.5,-123.49999999999909,142,232,0.6120689655172413,-2.3142278673452785,85,63,-931.8999999999266,-391.74999999995293,1min,dynamic_exit_atr_target_1p0_ts4_vq0p95_bf0p5_ra1p2,1.0,2.0,5,3,require_no_stop_zone_touch_before_entry,"{""stop_zone_fraction"": 1.0}",1.0,,,0.09441914884619705,0.3279889651398086,0.006997695919699301,1.0,0.5,0.2665546028028467,0.015625,0.3,False,0,5,0.4668907943943066,-0.04714178239441691,143,724.7500000000616,1.5798000000000698,42,432.6500000001113,0.4,2,0,557.8125000000335,0.5062500000000001
M2K,1H,m2k_1h_delay_stop_zone_filter_require_no_stop_zone_touch_before_entry_sm1p25_tm2p00_d30_ts3_sz0p75,delay_stop_zone_filter,m2k_1h_stop_zone_diag,71,-1349.2999999999313,908.2000000000198,2257.499999999951,0.323943661971831,-19.004225352111707,-18.62499999999841,0.402303433001125,-1491.3249999999493,-5.470361500696497,-7.363554990546109,-0.9047658960990912,121.05633802816901,151.0,0.9154929577464789,0.056338028169014086,0.4788732394366197,0.028169014084507043,82,0.3333333333333333,1,15.408645276292336,2.5,-243.62499999999955,70,232,0.3017241379310345,-2.883133661116284,37,34,-922.3249999999655,-426.9749999999658,1min,dynamic_exit_atr_target_1p0_ts4_vq0p95_bf0p5_ra1p2,1.25,2.0,30,3,require_no_stop_zone_touch_before_entry,"{""stop_zone_fraction"": 0.75}",0.75,,,0.07995601855112508,0.17408099072964392,0.05759462836658634,1.0,0.5,0.42329313887298203,0.015625,0.3,False,1,5,0.353413722254036,-0.04971568305791091,144,1103.0500000000347,3.22950985346148,11,676.300000000067,0.6,3,0,557.8125000000335,0.5062500000000001
M2K,1H,m2k_1h_delay_stop_zone_filter_require_no_stop_zone_touch_before_entry_sm1p00_tm2p50_d5_ts3_sz0p75,delay_stop_zone_filter,m2k_1h_stop_zone_diag,124,-1297.6249999998936,1580.875000000027,2878.4999999999213,0.25,-10.464717741934626,-18.249999999999318,0.5492009727288762,-1288.1249999998943,-3.674855162966419,-7.244550495410871,-1.00737506065017,75.43548387096774,39.0,0.9596774193548387,0.024193548387096774,0.27419354838709675,0.016129032258064516,70,0.2845528455284553,1,26.910873440285208,2.5,-120.99999999999909,120,232,0.5172413793103449,-2.5358909835345607,70,54,-909.4374999999377,-388.1874999999559,1min,dynamic_exit_atr_target_1p0_ts4_vq0p95_bf0p5_ra1p2,1.0,2.5,5,3,require_no_stop_zone_touch_before_entry,"{""stop_zone_fraction"": 0.75}",0.75,,,0.10909372841455132,0.2851381537533653,0.008401960266883477,1.0,0.5,0.2757441479626168,0.015625,0.3,False,0,5,0.4485117040747663,-0.05118795733199161,145,754.06250000005,1.7636075949367842,37,408.18750000009345,0.6,3,0,557.8125000000335,0.5062500000000001
M2K,1H,m2k_1h_delay_stop_zone_filter_require_no_stop_zone_touch_before_entry_sm1p25_tm2p00_d15_ts3_sz0p50,delay_stop_zone_filter,m2k_1h_stop_zone_diag,54,-1040.3749999999366,510.00000000001364,1550.3749999999502,0.24074074074074073,-19.26620370370253,-20.49999999999841,0.3289526727404854,-1026.749999999937,-7.066365794650007,-10.715352601704513,-1.0132700267835406,97.68518518518519,88.0,0.9814814814814815,0.0,0.37037037037037035,0.018518518518518517,108,0.43902439024390244,0,11.719251336898397,2.5,-121.74999999999841,53,232,0.22844827586206898,-3.2406623207407725,27,27,-555.1249999999652,-485.24999999997135,1min,dynamic_exit_atr_target_1p0_ts4_vq0p95_bf0p5_ra1p2,1.25,2.0,15,3,require_no_stop_zone_touch_before_entry,"{""stop_zone_fraction"": 0.5}",0.5,,,0.254147929911594,0.11862650622788055,0.005575808102731146,1.0,0.5,0.29604709840201426,0.015625,0.3,False,0,5,0.4079058031959715,-0.052857926796393256,146,527.37500000002,2.5678186547752815,61,132.6250000000482,0.4,2,0,557.8125000000335,0.5062500000000001
M2K,1H,m2k_1h_delay_stop_zone_filter_require_no_stop_zone_touch_before_entry_sm1p25_tm2p50_d15_ts3_sz0p50,delay_stop_zone_filter,m2k_1h_stop_zone_diag,54,-1040.3749999999366,510.00000000001364,1550.3749999999502,0.24074074074074073,-19.26620370370253,-20.49999999999841,0.3289526727404854,-1026.749999999937,-7.066365794650007,-10.715352601704513,-1.0132700267835406,97.68518518518519,88.0,0.9814814814814815,0.0,0.37037037037037035,0.018518518518518517,108,0.43902439024390244,0,11.719251336898397,2.5,-121.74999999999841,53,232,0.22844827586206898,-3.2406623207407725,27,27,-555.1249999999652,-485.24999999997135,1min,dynamic_exit_atr_target_1p0_ts4_vq0p95_bf0p5_ra1p2,1.25,2.5,15,3,require_no_stop_zone_touch_before_entry,"{""stop_zone_fraction"": 0.5}",0.5,,,0.254147929911594,0.11862650622788055,0.005575808102731146,1.0,0.5,0.29604709840201426,0.015625,0.3,False,0,5,0.4079058031959715,-0.052857926796393256,147,418.1875000000218,2.1701643931445522,71,23.437500000050022,0.4,2,0,557.8125000000335,0.5062500000000001
M2K,1H,m2k_1h_delay_stop_zone_filter_require_no_stop_zone_touch_before_entry_sm1p25_tm2p50_d5_ts3_sz0p75,delay_stop_zone_filter,m2k_1h_stop_zone_diag,145,-1411.3124999998786,2253.1875000000337,3664.499999999912,0.2827586206896552,-9.733189655171577,-19.24999999999841,0.6148690135080059,-1395.187499999879,-3.016855365657343,-5.712532637874152,-1.0115575863459219,87.73103448275862,71.0,0.9448275862068966,0.027586206896551724,0.31724137931034485,0.027586206896551724,49,0.1991869918699187,1,31.46836007130125,2.5,-153.6249999999984,139,232,0.5991379310344828,-2.240586007286468,82,63,-811.6249999999263,-599.6874999999523,1min,dynamic_exit_atr_target_1p0_ts4_vq0p95_bf0p5_ra1p2,1.25,2.5,5,3,require_no_stop_zone_touch_before_entry,"{""stop_zone_fraction"": 0.75}",0.75,,,0.04498935705324668,0.33478436514514426,0.006396782666327316,1.0,0.5,0.26967361941454415,0.015625,0.3,False,0,5,0.4606527611709117,-0.05529094524819109,148,734.0625000000739,1.576866404715209,39,237.4375000001271,0.6,3,0,557.8125000000335,0.5062500000000001
M2K,1H,m2k_1h_delay_stop_zone_filter_require_no_stop_zone_touch_before_entry_sm1p00_tm2p00_d5_ts3_sz0p75,delay_stop_zone_filter,m2k_1h_stop_zone_diag,124,-1328.2499999998959,1550.2500000000248,2878.4999999999213,0.25,-10.711693548386258,-18.249999999999318,0.5385617509119567,-1318.7499999998965,-3.80319712592516,-7.4155277491798675,-1.0072037914691943,74.50806451612904,38.5,0.9596774193548387,0.03225806451612903,0.27419354838709675,0.008064516129032258,70,0.2845528455284553,1,26.910873440285208,2.5,-120.99999999999909,120,232,0.5172413793103449,-2.6244553519907794,70,54,-907.3999999999387,-420.84999999995716,1min,dynamic_exit_atr_target_1p0_ts4_vq0p95_bf0p5_ra1p2,1.0,2.0,5,3,require_no_stop_zone_touch_before_entry,"{""stop_zone_fraction"": 0.75}",0.75,,,0.09182537109347065,0.27709471208676567,0.008484069774472823,1.0,0.5,0.28091473743647033,0.015625,0.3,False,0,5,0.4381705251270593,-0.055462412282311246,149,880.7500000000459,1.8996424923391968,25,515.0500000000886,0.4,2,0,557.8125000000335,0.5062500000000001
M2K,1H,m2k_1h_none_baseline_none_sm1p25_tm2p50_d30_ts4,none_baseline,m2k_1h_none_local,152,-1483.5624999998481,1968.4375000000477,3451.999999999896,0.29605263157894735,-9.76027960526216,-12.374999999998408,0.5702310254924992,-1492.9374999998743,-3.126626509753073,-4.7991683235636575,-0.9937204337086938,133.52631578947367,120.0,0.9210526315789473,0.013157894736842105,0.4144736842105263,0.06578947368421052,0,0.0,3,32.98752228163993,2.5,-243.62499999999955,148,232,0.6379310344827587,-2.396109125377379,86,66,-681.6874999999163,-801.8749999999318,1min,dynamic_exit_atr_target_1p0_ts4_vq0p95_bf0p5_ra1p2,1.25,2.5,30,4,none,{},,,,0.004250130393737776,0.30103724915343555,0.014948232562307153,1.0,0.8,0.24562918650206994,0.0,0.3,False,0,5,0.5087416269958601,-0.05985591123090875,150,914.3750000000648,1.621073187298412,22,379.2500000001303,0.6,3,0,743.7187500000698,0.6000000000000002
M2K,1H,m2k_1h_delay_stop_zone_filter_require_no_stop_zone_touch_before_entry_sm1p25_tm2p50_d30_ts3_sz0p75,delay_stop_zone_filter,m2k_1h_stop_zone_diag,71,-1404.3749999999295,853.1250000000216,2257.499999999951,0.323943661971831,-19.779929577463797,-18.62499999999841,0.3779069767442038,-1471.4999999999486,-5.816712056838217,-7.66411660849937,-0.9543832823649192,125.53521126760563,180.0,0.9577464788732394,0.014084507042253521,0.5211267605633803,0.028169014084507043,82,0.3333333333333333,1,15.408645276292336,2.5,-243.62499999999955,70,232,0.3017241379310345,-3.0656764321619265,37,34,-993.8749999999652,-410.4999999999643,1min,dynamic_exit_atr_target_1p0_ts4_vq0p95_bf0p5_ra1p2,1.25,2.5,30,3,require_no_stop_zone_touch_before_entry,"{""stop_zone_fraction"": 0.75}",0.75,,,0.04890116860962575,0.15563683417843566,0.03380716625023123,1.0,0.5,0.42595172928589087,0.015625,0.3,False,1,5,0.34809654142821816,-0.0627848151119694,151,1205.812500000036,3.4372157655382947,6,740.1875000000689,0.6,3,0,557.8125000000335,0.5062500000000001
M2K,1H,m2k_1h_delay_stop_zone_filter_require_no_stop_zone_touch_before_entry_sm1p25_tm2p00_d5_ts3_sz0p75,delay_stop_zone_filter,m2k_1h_stop_zone_diag,145,-1491.099999999882,2173.4000000000296,3664.499999999912,0.2827586206896552,-10.283448275861254,-19.24999999999841,0.5930959203165731,-1474.9749999998824,-3.28413194812971,-6.0354864116446265,-1.0109323886845545,85.2551724137931,68.0,0.9310344827586207,0.04827586206896552,0.30344827586206896,0.020689655172413793,49,0.1991869918699187,1,31.46836007130125,2.5,-153.6249999999984,139,232,0.5991379310344828,-2.439089448180608,82,63,-862.3499999999274,-628.7499999999545,1min,dynamic_exit_atr_target_1p0_ts4_vq0p95_bf0p5_ra1p2,1.25,2.0,5,3,require_no_stop_zone_touch_before_entry,"{""stop_zone_fraction"": 0.75}",0.75,,,0.0,0.31832351791398517,0.006696513603489811,1.0,0.5,0.28199818925624776,0.015625,0.3,False,0,5,0.43600362148750443,-0.0656873409882423,152,860.7500000000698,1.680973101265905,28,334.40000000012105,0.6,3,0,557.8125000000335,0.5062500000000001
M2K,1H,m2k_1h_delay_stop_zone_filter_require_no_stop_zone_touch_before_entry_sm0p75_tm2p00_d30_ts3_sz0p75,delay_stop_zone_filter,m2k_1h_stop_zone_diag,25,-204.8249999999814,293.05000000000746,497.87499999998886,0.32,-8.192999999999255,-11.25,0.5886015566156445,-356.87499999998863,-3.4393171579916797,-7.588310540684341,-0.5739404553414723,88.12,54.0,0.88,0.08,0.32,0.04,128,0.5203252032520326,0,5.425579322638146,2.5,-56.25,25,232,0.10775862068965517,-1.0832830809432652,11,14,-66.92499999999086,-137.89999999999054,1min,dynamic_exit_atr_target_1p0_ts4_vq0p95_bf0p5_ra1p2,0.75,2.0,30,3,require_no_stop_zone_touch_before_entry,"{""stop_zone_fraction"": 0.75}",0.75,,,0.7252851041034998,0.31492569870512044,0.21619825970232523,0.625,0.5,0.5074892658548651,0.015625,0.5,False,2,5,0.38502146829026984,-0.09356096060469743,153,53.65000000000123,1.4685589519650837,157,31.975000000012415,0.4,2,0,557.8125000000335,0.5062500000000001
M2K,1H,m2k_1h_delay_stop_zone_filter_require_no_stop_zone_touch_before_entry_sm0p75_tm2p00_d15_ts3_sz0p50,delay_stop_zone_filter,m2k_1h_stop_zone_diag,18,-84.12499999998431,153.00000000000523,237.12499999998954,0.3333333333333333,-4.673611111110239,-6.749999999999545,0.645229309436002,-125.7499999999925,-2.537715486300391,-4.85323780967567,-0.6689860834989211,87.0,40.5,1.0,0.0,0.4444444444444444,0.0,144,0.5853658536585366,0,3.9064171122994655,2.5,-52.49999999999886,18,232,0.07758620689655173,-0.6782329924890343,8,10,-63.74999999999204,-20.37499999999227,1min,dynamic_exit_atr_target_1p0_ts4_vq0p95_bf0p5_ra1p2,0.75,2.0,15,3,require_no_stop_zone_touch_before_entry,"{""stop_zone_fraction"": 0.5}",0.5,,,0.793343576875883,0.35773729097748147,0.17063168618296218,0.45,0.5,0.5096856414613598,0.015625,0.5,False,2,5,0.3806287170772806,-0.09539247728267886,154,-173.8749999999959,0.2019506597819922,165,-205.74999999999022,0.2,1,0,557.8125000000335,0.5062500000000001
M2K,1H,m2k_1h_delay_stop_zone_filter_require_no_stop_zone_touch_before_entry_sm0p75_tm2p50_d15_ts3_sz0p50,delay_stop_zone_filter,m2k_1h_stop_zone_diag,18,-84.12499999998431,153.00000000000523,237.12499999998954,0.3333333333333333,-4.673611111110239,-6.749999999999545,0.645229309436002,-125.7499999999925,-2.537715486300391,-4.85323780967567,-0.6689860834989211,87.0,40.5,1.0,0.0,0.4444444444444444,0.0,144,0.5853658536585366,0,3.9064171122994655,2.5,-52.49999999999886,18,232,0.07758620689655173,-0.6782329924890343,8,10,-63.74999999999204,-20.37499999999227,1min,dynamic_exit_atr_target_1p0_ts4_vq0p95_bf0p5_ra1p2,0.75,2.5,15,3,require_no_stop_zone_touch_before_entry,"{""stop_zone_fraction"": 0.5}",0.5,,,0.793343576875883,0.35773729097748147,0.17063168618296218,0.45,0.5,0.5096856414613598,0.015625,0.5,False,2,5,0.3806287170772806,-0.09539247728267886,155,-173.8749999999959,0.2019506597819922,166,-205.74999999999022,0.2,1,0,557.8125000000335,0.5062500000000001
M2K,1H,m2k_1h_delay_stop_zone_filter_require_no_stop_zone_touch_before_entry_sm0p75_tm2p00_d30_ts4_sz0p75,delay_stop_zone_filter,m2k_1h_stop_zone_diag,25,-232.82499999998095,314.55000000000723,547.3749999999882,0.24,-9.312999999999239,-17.499999999998863,0.5746517469742206,-366.49999999998613,-3.678900228641198,-9.243360135063424,-0.6352660300136146,107.28,54.0,0.84,0.08,0.28,0.08,128,0.5203252032520326,0,5.425579322638146,2.5,-56.25,25,232,0.10775862068965517,-1.1587446551432465,11,14,-6.4249999999901775,-226.39999999999077,1min,dynamic_exit_atr_target_1p0_ts4_vq0p95_bf0p5_ra1p2,0.75,2.0,30,4,require_no_stop_zone_touch_before_entry,"{""stop_zone_fraction"": 0.75}",0.75,,,0.709496891695656,0.3043793935296307,0.18679768272590422,0.625,0.5,0.4356738475112101,0.015625,0.5,False,1,5,0.32865230497757975,-0.11401026341937548,156,136.65000000000418,2.08452380952387,148,9.975000000014234,0.2,1,0,557.8125000000335,0.5062500000000001
M2K,1H,m2k_1h_delay_stop_zone_filter_require_no_stop_zone_touch_before_entry_sm1p25_tm2p00_d30_ts3_sz0p50,delay_stop_zone_filter,m2k_1h_stop_zone_diag,33,-504.07499999996617,412.05000000000837,916.1249999999745,0.30303030303030304,-15.274999999998975,-16.749999999999545,0.4497748669668657,-689.6249999999782,-5.153505078698875,-8.42649298060653,-0.7309407286568528,121.87878787878788,151.0,0.9090909090909091,0.06060606060606061,0.45454545454545453,0.030303030303030304,120,0.4878048780487805,0,7.161764705882353,2.5,-91.74999999999727,33,232,0.14224137931034483,-1.8649165708325366,18,15,-226.17499999998245,-277.8999999999837,1min,dynamic_exit_atr_target_1p0_ts4_vq0p95_bf0p5_ra1p2,1.25,2.0,30,3,require_no_stop_zone_touch_before_entry,"{""stop_zone_fraction"": 0.5}",0.5,,,0.5565485839946754,0.209970242453491,0.14092952156810606,0.825,0.5,0.5105705455429421,0.015625,0.5,False,2,5,0.3788589089141157,-0.13912747464370945,157,122.02500000000555,1.4611242324043712,151,106.10000000002174,0.8,4,0,557.8125000000335,0.5062500000000001
M2K,1H,m2k_1h_delay_stop_zone_filter_require_no_stop_zone_touch_before_entry_sm0p75_tm2p50_d30_ts3_sz0p75,delay_stop_zone_filter,m2k_1h_stop_zone_diag,25,-266.8749999999807,231.00000000000819,497.87499999998886,0.32,-10.674999999999226,-11.25,0.46397188049211824,-356.87499999998863,-5.35145760766823,-9.887124987404714,-0.7478108581435774,96.72,72.0,0.96,0.0,0.4,0.04,128,0.5203252032520326,0,5.425579322638146,2.5,-56.25,25,232,0.10775862068965517,-1.685550712094619,11,14,-125.6249999999909,-141.24999999998977,1min,dynamic_exit_atr_target_1p0_ts4_vq0p95_bf0p5_ra1p2,0.75,2.5,30,3,require_no_stop_zone_touch_before_entry,"{""stop_zone_fraction"": 0.75}",0.75,,,0.6902972976782602,0.22070343817920599,0.13284167986049392,0.625,0.5,0.4211833932657726,0.015625,0.5,False,1,5,0.3576332134684549,-0.1448523418595668,158,83.06250000000205,1.7254366812227369,154,2.6875000000131877,0.2,1,0,557.8125000000335,0.5062500000000001
M2K,1H,m2k_1h_delay_stop_zone_filter_require_no_stop_zone_touch_before_entry_sm1p25_tm2p50_d30_ts3_sz0p50,delay_stop_zone_filter,m2k_1h_stop_zone_diag,33,-566.1249999999654,350.0000000000091,916.1249999999745,0.30303030303030304,-17.155303030301983,-16.749999999999545,0.3820439350525516,-689.6249999999782,-6.306572977077461,-9.463766976433867,-0.8209171651259501,128.3939393939394,180.0,0.9696969696969697,0.0,0.5151515151515151,0.030303030303030304,120,0.4878048780487805,0,7.161764705882353,2.5,-91.74999999999727,33,232,0.14224137931034483,-2.282181208810575,18,15,-284.8749999999825,-281.24999999998295,1min,dynamic_exit_atr_target_1p0_ts4_vq0p95_bf0p5_ra1p2,1.25,2.5,30,3,require_no_stop_zone_touch_before_entry,"{""stop_zone_fraction"": 0.5}",0.5,,,0.5215607775694359,0.15876444852871005,0.09779320917941141,0.825,0.5,0.39664492078284974,0.015625,0.5,False,1,5,0.4067101584343004,-0.17992548528603158,159,151.43750000000637,1.5722720831365433,144,76.81250000002251,0.6,3,0,557.8125000000335,0.5062500000000001
M2K,1H,m2k_1h_delay_stop_zone_filter_require_no_stop_zone_touch_before_entry_sm0p75_tm2p00_d30_ts3_sz0p50,delay_stop_zone_filter,m2k_1h_stop_zone_diag,10,-106.3749999999925,59.000000000002046,165.37499999999454,0.3,-10.63749999999925,-11.812499999999773,0.3567649281935238,-143.62499999999613,-7.589766273565978,-14.601104201979473,-0.7406440382941365,82.4,30.5,0.9,0.0,0.3,0.1,143,0.5813008130081301,0,2.1702317290552586,2.5,-41.99999999999932,10,232,0.04310344827586207,-1.511917631387891,4,6,-34.87499999999727,-71.49999999999523,1min,dynamic_exit_atr_target_1p0_ts4_vq0p95_bf0p5_ra1p2,0.75,2.0,30,3,require_no_stop_zone_touch_before_entry,"{""stop_zone_fraction"": 0.5}",0.5,,,0.7807975866589308,0.13965306796356328,0.13627758143640437,0.25,0.5,0.40142180094786906,0.015625,0.5,False,1,5,0.39715639810426184,-0.18291121171786012,160,-35.249999999998636,0.0,160,-113.12499999999432,0.0,0,0,557.8125000000335,0.5062500000000001
M2K,1H,m2k_1h_delay_stop_zone_filter_require_no_stop_zone_touch_before_entry_sm0p75_tm2p50_d30_ts3_sz0p50,delay_stop_zone_filter,m2k_1h_stop_zone_diag,10,-106.3749999999925,59.000000000002046,165.37499999999454,0.3,-10.63749999999925,-11.812499999999773,0.3567649281935238,-143.62499999999613,-7.589766273565978,-14.601104201979473,-0.7406440382941365,82.4,30.5,0.9,0.0,0.3,0.1,143,0.5813008130081301,0,2.1702317290552586,2.5,-41.99999999999932,10,232,0.04310344827586207,-1.511917631387891,4,6,-34.87499999999727,-71.49999999999523,1min,dynamic_exit_atr_target_1p0_ts4_vq0p95_bf0p5_ra1p2,0.75,2.5,30,3,require_no_stop_zone_touch_before_entry,"{""stop_zone_fraction"": 0.5}",0.5,,,0.7807975866589308,0.13965306796356328,0.13627758143640437,0.25,0.5,0.40142180094786906,0.015625,0.5,False,1,5,0.39715639810426184,-0.18291121171786012,161,-35.249999999998636,0.0,161,-113.12499999999432,0.0,0,0,557.8125000000335,0.5062500000000001
M2K,1H,m2k_1h_delay_stop_zone_filter_require_no_stop_zone_touch_before_entry_sm1p00_tm2p00_d15_ts3_sz0p50,delay_stop_zone_filter,m2k_1h_stop_zone_diag,34,-539.4999999999641,231.00000000000705,770.4999999999711,0.23529411764705882,-15.867647058822472,-15.749999999999318,0.2998053212200074,-531.4999999999657,-7.40887674491944,-11.213371720596328,-1.0150517403574768,95.47058823529412,83.5,1.0,0.0,0.38235294117647056,0.0,128,0.5203252032520326,0,7.378787878787879,2.5,-94.49999999999818,34,232,0.14655172413793102,-2.7213948462576316,16,18,-345.49999999998136,-193.99999999998272,1min,dynamic_exit_atr_target_1p0_ts4_vq0p95_bf0p5_ra1p2,1.0,2.0,15,3,require_no_stop_zone_touch_before_entry,"{""stop_zone_fraction"": 0.5}",0.5,,,0.5365736759751096,0.09659058802585561,0.004721622759006338,0.85,0.5,0.31742354031510345,0.015625,0.5,False,0,5,0.36515291936979305,-0.21270162273869042,162,220.6000000000165,1.6777265745008387,128,19.100000000030377,0.2,1,0,557.8125000000335,0.5062500000000001
M2K,1H,m2k_1h_delay_stop_zone_filter_require_no_stop_zone_touch_before_entry_sm1p00_tm2p50_d15_ts3_sz0p50,delay_stop_zone_filter,m2k_1h_stop_zone_diag,34,-539.4999999999641,231.00000000000705,770.4999999999711,0.23529411764705882,-15.867647058822472,-15.749999999999318,0.2998053212200074,-531.4999999999657,-7.40887674491944,-11.213371720596328,-1.0150517403574768,95.47058823529412,83.5,1.0,0.0,0.38235294117647056,0.0,128,0.5203252032520326,0,7.378787878787879,2.5,-94.49999999999818,34,232,0.14655172413793102,-2.7213948462576316,16,18,-345.49999999998136,-193.99999999998272,1min,dynamic_exit_atr_target_1p0_ts4_vq0p95_bf0p5_ra1p2,1.0,2.5,15,3,require_no_stop_zone_touch_before_entry,"{""stop_zone_fraction"": 0.5}",0.5,,,0.5365736759751096,0.09659058802585561,0.004721622759006338,0.85,0.5,0.31742354031510345,0.015625,0.5,False,0,5,0.36515291936979305,-0.21270162273869042,163,82.00000000001751,1.2366522366522943,155,-119.49999999996862,0.2,1,0,557.8125000000335,0.5062500000000001
M2K,1H,m2k_1h_delay_stop_zone_filter_require_no_stop_zone_touch_before_entry_sm0p75_tm2p00_d30_ts4_sz0p50,delay_stop_zone_filter,m2k_1h_stop_zone_diag,10,-142.87499999999227,39.000000000002046,181.87499999999432,0.2,-14.287499999999227,-14.937499999999204,0.2144329896907396,-170.62499999999432,-11.534184360498816,-20.340198762591754,-0.83736263736262,100.4,30.5,0.9,0.0,0.3,0.1,143,0.5813008130081301,0,2.1702317290552586,2.5,-41.99999999999932,10,232,0.04310344827586207,-2.2976645221675858,4,6,-34.87499999999727,-107.999999999995,1min,dynamic_exit_atr_target_1p0_ts4_vq0p95_bf0p5_ra1p2,0.75,2.0,30,4,require_no_stop_zone_touch_before_entry,"{""stop_zone_fraction"": 0.5}",0.5,,,0.7602165240558486,0.0320475809888907,0.08990895575019009,0.25,0.5,0.33471882640586736,0.015625,0.5,False,1,5,0.5305623471882652,-0.2255092616676435,164,-35.249999999998636,0.0,162,-142.1249999999941,0.0,0,0,557.8125000000335,0.5062500000000001
M2K,1H,m2k_1h_delay_stop_zone_filter_require_no_stop_zone_touch_before_entry_sm1p00_tm2p00_d30_ts3_sz0p50,delay_stop_zone_filter,m2k_1h_stop_zone_diag,20,-461.99999999998226,96.00000000000477,557.999999999987,0.25,-23.099999999999113,-24.249999999998977,0.17204301075270073,-494.49999999998454,-11.780046380736344,-16.903396723921425,-0.9342770475227437,102.5,102.5,0.95,0.0,0.35,0.05,133,0.540650406504065,0,4.340463458110517,2.5,-71.99999999999932,20,232,0.08620689655172414,-3.3186521065261942,9,11,-218.99999999999181,-242.99999999999045,1min,dynamic_exit_atr_target_1p0_ts4_vq0p95_bf0p5_ra1p2,1.0,2.0,30,3,require_no_stop_zone_touch_before_entry,"{""stop_zone_fraction"": 0.5}",0.5,,,0.5802731924610963,0.0,0.04344645472561357,0.5,0.5,0.4086099585062245,0.015625,0.5,False,1,5,0.38278008298755095,-0.238793149523005,165,81.64999999999964,2.0467948717948734,156,-87.34999999999104,0.2,1,0,557.8125000000335,0.5062500000000001
M2K,1H,m2k_1h_delay_stop_zone_filter_require_no_stop_zone_touch_before_entry_sm1p00_tm2p50_d30_ts3_sz0p50,delay_stop_zone_filter,m2k_1h_stop_zone_diag,20,-461.99999999998226,96.00000000000477,557.999999999987,0.25,-23.099999999999113,-24.249999999998977,0.17204301075270073,-494.49999999998454,-11.780046380736344,-16.903396723921425,-0.9342770475227437,102.5,102.5,0.95,0.0,0.35,0.05,133,0.540650406504065,0,4.340463458110517,2.5,-71.99999999999932,20,232,0.08620689655172414,-3.3186521065261942,9,11,-218.99999999999181,-242.99999999999045,1min,dynamic_exit_atr_target_1p0_ts4_vq0p95_bf0p5_ra1p2,1.0,2.5,30,3,require_no_stop_zone_touch_before_entry,"{""stop_zone_fraction"": 0.5}",0.5,,,0.5802731924610963,0.0,0.04344645472561357,0.5,0.5,0.4086099585062245,0.015625,0.5,False,1,5,0.38278008298755095,-0.238793149523005,166,111.06250000000045,2.423878205128219,152,-57.93749999999022,0.2,1,0,557.8125000000335,0.5062500000000001
MGC,1H,mgc_1h_none_baseline_none_sm1p50_tm3p00_d15_ts4,none_baseline,mgc_1h_none_core,85,744.2500000001633,2090.7500000000778,1346.4999999999145,0.4823529411764706,8.755882352943097,-1.4999999999986358,1.5527292981806242,-171.99999999997317,2.314602430617144,5.38956633878276,4.327034883722554,152.36470588235295,207.0,0.788235294117647,0.03529411764705882,0.47058823529411764,0.17647058823529413,0,0.0,0,6.522321428571428,2.5,-100.99999999999909,85,105,0.8095238095238095,1.3442671854550563,55,30,636.500000000101,107.7500000000623,1min,regime_filtered_ema_mild_atr_20_80_compression_off_atr_target_1p0_ts3_vq0p95_bf0p5_ra1p2,1.5,3.0,15,4,none,{},,,,1.0,1.0,1.0,1.0,0.8,0.6666542334949596,0.6666666666666666,0.0,True,8,14,0.23812010443865225,0.889998135024244,1,1271.9999999999982,3.823529411764776,8,1287.5000000000227,0.6,3,0,797.4999999999818,0.6814814814814812
MGC,1H,mgc_1h_none_baseline_none_sm1p50_tm2p50_d15_ts4,none_baseline,mgc_1h_none_core,85,641.1250000001655,1987.62500000008,1346.4999999999145,0.4823529411764706,7.542647058825477,-1.4999999999986358,1.4761418492389204,-171.99999999997317,2.1484705675049858,4.642775571316402,3.727470930234102,150.95294117647057,194.0,0.7764705882352941,0.047058823529411764,0.4588235294117647,0.17647058823529413,0,0.0,0,6.522321428571428,2.5,-100.99999999999909,85,105,0.8095238095238095,1.2477816685100835,55,30,564.5000000001028,76.62500000006276,1min,regime_filtered_ema_mild_atr_20_80_compression_off_atr_target_1p0_ts3_vq0p95_bf0p5_ra1p2,1.5,2.5,15,4,none,{},,,,0.9183168316831682,0.9254164055851208,0.8882684453587837,1.0,0.8,0.6574442435201875,0.6666666666666666,0.0,True,8,14,0.25654008438819637,0.8406035507855034,2,1271.9999999999982,3.823529411764776,7,1287.5000000000227,0.6,3,0,797.4999999999818,0.6814814814814812
MGC,1H,mgc_1h_none_baseline_none_sm1p25_tm3p00_d15_ts4,none_baseline,mgc_1h_none_core,85,607.0000000001642,2031.2500000000705,1424.2499999999063,0.4470588235294118,7.141176470590167,-4.749999999996817,1.4261892223978965,-238.2499999999277,1.8768781250422213,4.455776064448644,2.547743966423288,139.28235294117647,185.0,0.8117647058823529,0.03529411764705882,0.4,0.15294117647058825,0,0.0,0,6.522321428571428,2.5,-105.99999999999909,85,105,0.8095238095238095,1.0900471032167516,55,30,553.0000000001064,54.00000000005775,1min,regime_filtered_ema_mild_atr_20_80_compression_off_atr_target_1p0_ts3_vq0p95_bf0p5_ra1p2,1.25,3.0,15,4,none,{},,,,0.8912871287128694,0.8767707526517714,0.668420792824277,1.0,0.8,0.7048849059919137,0.6666666666666666,0.0,True,9,14,0.2330873308733156,0.7996074310953567,3,1299.7500000000036,4.074512123004274,4,1320.7500000000277,0.6,3,0,797.4999999999818,0.6814814814814812
MGC,1H,mgc_1h_none_baseline_none_sm1p00_tm2p50_d15_ts4,none_baseline,mgc_1h_none_core,85,516.6250000001537,1865.625000000066,1348.9999999999122,0.4117647058823529,6.077941176472397,-6.499999999996362,1.382968865826677,-258.4999999999377,1.7812338529578398,4.710591661506281,1.9985493230184843,127.45882352941176,133.0,0.8235294117647058,0.047058823529411764,0.3411764705882353,0.12941176470588237,0,0.0,0,6.522321428571428,2.5,-85.49999999999955,85,105,0.8095238095238095,1.0344991375103956,55,30,468.0000000000973,48.62500000005639,1min,regime_filtered_ema_mild_atr_20_80_compression_off_atr_target_1p0_ts3_vq0p95_bf0p5_ra1p2,1.0,2.5,15,4,none,{},,,,0.8197029702970179,0.8346812250657573,0.5660757953453232,1.0,0.8,0.7008886530441386,0.6666666666666666,0.0,True,9,14,0.24107983676886566,0.7609215063309743,4,1318.0000000000018,4.258343634116322,1,1334.5000000000232,0.8,4,0,797.4999999999818,0.6814814814814812
MGC,1H,mgc_1h_none_baseline_none_sm1p25_tm2p50_d15_ts4,none_baseline,mgc_1h_none_core,85,503.87500000016644,1928.1250000000728,1424.2499999999063,0.4470588235294118,5.9279411764725465,-4.749999999996817,1.353782692645392,-238.2499999999277,1.6782944533711066,3.6987712759047695,2.1149003147967234,137.87058823529412,178.0,0.8,0.047058823529411764,0.38823529411764707,0.15294117647058825,0,0.0,0,6.522321428571428,2.5,-105.99999999999909,85,105,0.8095238095238095,0.9747143316515358,55,30,481.00000000010823,22.875000000058208,1min,regime_filtered_ema_mild_atr_20_80_compression_off_atr_target_1p0_ts3_vq0p95_bf0p5_ra1p2,1.25,2.5,15,4,none,{},,,,0.8096039603960377,0.8062586867366334,0.5877583483403648,1.0,0.8,0.6941191995777114,0.6666666666666666,0.0,True,9,14,0.2546187437017203,0.7554541616142456,5,1299.7500000000036,4.074512123004274,3,1320.7500000000277,0.6,3,0,797.4999999999818,0.6814814814814812
MGC,1H,mgc_1h_none_baseline_none_sm1p50_tm3p00_d30_ts4,none_baseline,mgc_1h_none_core,76,458.50000000014006,1735.000000000075,1276.499999999935,0.5,6.032894736843948,1.1368683772161603e-12,1.3591852722288784,-261.9999999999618,1.7218910938129635,3.611807199760676,1.7500000000007898,173.22368421052633,239.0,0.6710526315789473,0.02631578947368421,0.42105263157894735,0.3026315789473684,0,0.0,0,5.8317226890756295,2.5,-134.0000000000009,76,105,0.7238095238095238,0.9456103247906744,53,23,485.5000000000996,-26.999999999959527,1min,regime_filtered_ema_mild_atr_20_80_compression_off_atr_target_1p0_ts3_vq0p95_bf0p5_ra1p2,1.5,3.0,30,4,none,{},,,,0.77366336633661,0.8115199117809037,0.519757463323844,1.0,0.8,0.6677411036616809,0.6666666666666666,0.0,True,9,14,0.30737493553378115,0.7351614406713315,6,794.4999999999845,2.7499999999999973,40,690.0000000000023,0.6,3,0,797.4999999999818,0.6814814814814812
MGC,1H,mgc_1h_none_baseline_none_sm1p00_tm3p00_d15_ts4,none_baseline,mgc_1h_none_core,85,449.75000000015143,1875.2500000000623,1425.4999999999109,0.4,5.291176470590017,-6.499999999998636,1.3155033321642788,-258.4999999999377,1.4343814406342268,3.922920651682263,1.739845261122862,127.85882352941177,133.0,0.8352941176470589,0.03529411764705882,0.3411764705882353,0.12941176470588237,0,0.0,0,6.522321428571428,2.5,-85.49999999999955,85,105,0.8095238095238095,0.8330553344991632,55,30,370.0000000000955,79.75000000005593,1min,regime_filtered_ema_mild_atr_20_80_compression_off_atr_target_1p0_ts3_vq0p95_bf0p5_ra1p2,1.0,3.0,15,4,none,{},,,,0.7667326732673119,0.7689808776956579,0.5178650801090009,1.0,0.8,0.6825439471866095,0.6666666666666666,0.0,True,8,14,0.20634067705535242,0.7272040642869355,7,1318.0000000000018,4.258343634116322,2,1334.5000000000232,0.8,4,0,797.4999999999818,0.6814814814814812
MGC,1H,mgc_1h_none_baseline_none_sm1p50_tm3p00_d15_ts3,none_baseline,mgc_1h_none_core,85,419.3500000001586,1861.85000000007,1442.4999999999113,0.4470588235294118,4.933529411766572,-4.999999999997726,1.2907105719238714,-197.99999999993133,1.4372087649685061,3.0797184536510516,2.1179292929308287,121.67058823529412,180.0,0.8823529411764706,0.023529411764705882,0.5764705882352941,0.09411764705882353,0,0.0,0,6.522321428571428,2.5,-100.99999999999909,85,105,0.8095238095238095,0.8346973786251588,55,30,404.60000000009813,14.750000000060481,1min,regime_filtered_ema_mild_atr_20_80_compression_off_atr_target_1p0_ts3_vq0p95_bf0p5_ra1p2,1.5,3.0,15,3,none,{},,,,0.742653465346525,0.7448368018745217,0.5883228126213289,1.0,0.8,0.6676352603877898,0.6666666666666666,0.0,True,8,14,0.2361580506529918,0.7258917643955771,8,988.4999999999991,3.405109489051151,26,1025.0000000000227,0.6,3,0,797.4999999999818,0.6814814814814812
MGC,1H,mgc_1h_none_baseline_none_sm1p25_tm3p00_d30_ts4,none_baseline,mgc_1h_none_core,76,424.25000000014506,1714.500000000071,1290.2499999999259,0.4605263157894737,5.5822368421071715,-2.4999999999977263,1.3288122456889513,-253.9999999999509,1.6168995506653283,3.8314317815307617,1.6702755905520752,159.51315789473685,226.0,0.7236842105263158,0.02631578947368421,0.39473684210526316,0.25,0,0.0,0,5.8317226890756295,2.5,-112.24999999999909,76,105,0.7238095238095238,0.8879521560639516,53,23,515.2500000001032,-90.99999999995816,1min,regime_filtered_ema_mild_atr_20_80_compression_off_atr_target_1p0_ts3_vq0p95_bf0p5_ra1p2,1.25,3.0,30,4,none,{},,,,0.7465346534653262,0.7819415732422929,0.504900445721752,1.0,0.8,0.6545811724029515,0.6666666666666666,0.0,True,8,14,0.2622662266226683,0.7196174880602294,9,797.4999999999818,2.7682926829268104,38,703.7499999999977,0.6,3,0,797.4999999999818,0.6814814814814812
MGC,1H,mgc_1h_none_baseline_none_sm1p50_tm2p50_d30_ts4,none_baseline,mgc_1h_none_core,76,411.00000000014006,1687.500000000075,1276.499999999935,0.5,5.407894736843948,1.1368683772161603e-12,1.3219741480612308,-261.9999999999618,1.5833058467808931,3.23762870033084,1.5687022900770993,173.19736842105263,239.0,0.6578947368421053,0.039473684210526314,0.40789473684210525,0.3026315789473684,0,0.0,0,5.8317226890756295,2.5,-134.0000000000009,76,105,0.7238095238095238,0.8695035135480428,53,23,438.0000000000996,-26.999999999959527,1min,regime_filtered_ema_mild_atr_20_80_compression_off_atr_target_1p0_ts3_vq0p95_bf0p5_ra1p2,1.5,2.5,30,4,none,{},,,,0.7360396039603715,0.7752823894323783,0.48597178480730446,1.0,0.8,0.6598233653548184,0.6666666666666666,0.0,True,9,14,0.32321041214750584,0.7141336712028684,10,794.4999999999845,2.7499999999999973,39,690.0000000000023,0.6,3,0,797.4999999999818,0.6814814814814812
MGC,1H,mgc_1h_none_baseline_none_sm1p50_tm2p50_d15_ts3,none_baseline,mgc_1h_none_core,85,374.62500000016007,1817.1250000000714,1442.4999999999113,0.4470588235294118,4.407352941178353,-4.999999999997726,1.2597053726171112,-197.99999999993133,1.3232110816648575,2.751256768091288,1.8920454545469192,121.2,180.0,0.8705882352941177,0.03529411764705882,0.5647058823529412,0.09411764705882353,0,0.0,0,6.522321428571428,2.5,-100.99999999999909,85,105,0.8095238095238095,0.7684901791269136,55,30,391.00000000009913,-16.374999999939064,1min,regime_filtered_ema_mild_atr_20_80_compression_off_atr_target_1p0_ts3_vq0p95_bf0p5_ra1p2,1.5,2.5,15,3,none,{},,,,0.7072277227722679,0.7146428309066666,0.5462282999607282,1.0,0.8,0.6303256158156187,0.6666666666666666,0.0,True,7,14,0.23934876836876265,0.7008571981022389,11,988.4999999999991,3.405109489051151,25,1025.0000000000227,0.6,3,0,797.4999999999818,0.6814814814814812
MGC,1H,mgc_1h_none_baseline_none_sm1p25_tm2p50_d30_ts4,none_baseline,mgc_1h_none_core,76,376.75000000014506,1667.000000000071,1290.2499999999259,0.4605263157894737,4.9572368421071715,-2.4999999999977263,1.2919976748693407,-253.9999999999509,1.474189466516016,3.402455919132061,1.483267716536291,159.48684210526315,226.0,0.7105263157894737,0.039473684210526314,0.3815789473684211,0.25,0,0.0,0,5.8317226890756295,2.5,-112.24999999999909,76,105,0.7238095238095238,0.8095801094762048,53,23,467.7500000001032,-90.99999999995816,1min,regime_filtered_ema_mild_atr_20_80_compression_off_atr_target_1p0_ts3_vq0p95_bf0p5_ra1p2,1.25,2.5,30,4,none,{},,,,0.7089108910890877,0.7460902287137959,0.4700506513464222,1.0,0.8,0.6488600951287488,0.6666666666666666,0.0,True,8,14,0.27370838117107393,0.6988368359318523,12,797.4999999999818,2.7682926829268104,37,703.7499999999977,0.6,3,0,797.4999999999818,0.6814814814814812
MGC,1H,mgc_1h_none_baseline_none_sm1p00_tm3p00_d5_ts4,none_baseline,mgc_1h_none_core,96,405.750000000171,1895.2500000000555,1489.4999999998845,0.34375,4.226562500001781,-9.499999999998181,1.2724068479356847,-401.9999999999345,1.3115977667448058,3.6811051324145723,1.009328358209545,113.90625,84.5,0.875,0.03125,0.3125,0.09375,0,0.0,0,7.366386554621848,2.5,-95.49999999999727,95,105,0.9047619047619048,0.8053083473939202,61,35,351.5000000001146,54.25000000005639,1min,regime_filtered_ema_mild_atr_20_80_compression_off_atr_target_1p0_ts3_vq0p95_bf0p5_ra1p2,1.0,3.0,5,4,none,{},,,,0.7318811881188118,0.7270119814231194,0.3817298291832403,1.0,0.8,0.689947928458224,0.6666666666666666,0.0,True,8,14,0.1915327145121234,0.6925302975546059,13,1225.4999999999927,4.203921568627546,9,1290.500000000011,0.8,4,0,797.4999999999818,0.6814814814814812
MGC,1H,mgc_1h_delay_adverse_filter_avoid_immediate_adverse_move_sm1p25_tm3p00_d30_ts3_aw5_mt12,delay_adverse_filter,mgc_1h_adverse_diag,53,339.25000000010186,1033.500000000049,694.2499999999472,0.4716981132075472,6.400943396228337,-1.4999999999986358,1.4886568239108788,-287.49999999994543,2.2895951567961434,6.105063519962941,1.1800000000005784,137.73584905660377,180.0,0.7924528301886793,0.03773584905660377,0.5471698113207547,0.16981132075471697,23,0.20909090909090908,0,4.066859243697479,2.5,-73.49999999999682,53,105,0.5047619047619047,1.0500170766700767,37,16,275.7500000000732,63.50000000002865,1min,regime_filtered_ema_mild_atr_20_80_compression_off_atr_target_1p0_ts3_vq0p95_bf0p5_ra1p2,1.25,3.0,30,3,avoid_immediate_adverse_move,"{""adverse_window_minutes"": 5, ""max_adverse_ticks"": 12}",,5.0,12.0,0.6792079207920231,0.9376039351078278,0.41353529006782,1.0,0.55,0.6824117758067512,0.5,0.0,True,8,14,0.20660501981506915,0.6902544310611558,14,1.750000000001819,1.009055627425624,111,30.750000000014097,0.4,2,0,-61.749999999992724,0.33125000000000004
MGC,1H,mgc_1h_none_baseline_none_sm1p00_tm2p50_d15_ts3,none_baseline,mgc_1h_none_core,85,354.62500000015325,1723.1250000000591,1368.4999999999059,0.3764705882352941,4.172058823531215,-7.5,1.2591340884181057,-293.4999999999354,1.3099633661218275,3.31855614534992,1.2082623509377557,104.88235294117646,133.0,0.9058823529411765,0.03529411764705882,0.43529411764705883,0.058823529411764705,0,0.0,0,6.522321428571428,2.5,-85.49999999999955,85,105,0.8095238095238095,0.7607962144739906,55,30,324.0000000000964,30.625000000056843,1min,regime_filtered_ema_mild_atr_20_80_compression_off_atr_target_1p0_ts3_vq0p95_bf0p5_ra1p2,1.0,2.5,15,3,none,{},,,,0.6913861386138462,0.7140864939404531,0.4188021117132065,1.0,0.8,0.6815642004385569,0.6666666666666666,0.0,True,8,14,0.20830017055145766,0.6861494733336244,15,1028.0000000000018,3.767160161507502,20,1065.5000000000223,0.6,3,0,797.4999999999818,0.6814814814814812
MGC,1H,mgc_1h_none_baseline_none_sm1p25_tm3p00_d15_ts3,none_baseline,mgc_1h_none_core,85,357.85000000016225,1812.3500000000627,1454.4999999999004,0.4117647058823529,4.210000000001909,-7.2499999999990905,1.2460295634239853,-292.99999999992906,1.2340448110640483,2.7243946738152736,1.2213310580213272,112.94117647058823,180.0,0.9058823529411765,0.023529411764705882,0.5058823529411764,0.07058823529411765,0,0.0,0,6.522321428571428,2.5,-105.99999999999909,85,105,0.8095238095238095,0.7167044858119219,55,30,367.8500000001054,-9.999999999943157,1min,regime_filtered_ema_mild_atr_20_80_compression_off_atr_target_1p0_ts3_vq0p95_bf0p5_ra1p2,1.25,3.0,15,3,none,{},,,,0.693940594059398,0.7013248392481146,0.42123752656945707,1.0,0.8,0.6427227699195057,0.6666666666666666,0.0,True,7,14,0.21455446016098867,0.678647131134847,16,1007.0000000000027,3.5656050955414975,23,1049.000000000026,0.6,3,0,797.4999999999818,0.6814814814814812
MGC,1H,mgc_1h_delay_adverse_filter_avoid_immediate_adverse_move_sm1p25_tm2p50_d30_ts3_aw5_mt12,delay_adverse_filter,mgc_1h_adverse_diag,53,293.7500000001023,988.0000000000496,694.2499999999472,0.4716981132075472,5.5424528301906095,-1.4999999999986358,1.4231184731726678,-287.49999999994543,2.0923679050260633,5.286256179776566,1.0217391304353325,137.69811320754718,180.0,0.7924528301886793,0.03773584905660377,0.5471698113207547,0.16981132075471697,23,0.20909090909090908,0,4.066859243697479,2.5,-73.49999999999682,53,105,0.5047619047619047,0.9595679063315617,37,16,230.25000000007367,63.50000000002865,1min,regime_filtered_ema_mild_atr_20_80_compression_off_atr_target_1p0_ts3_vq0p95_bf0p5_ra1p2,1.25,2.5,30,3,avoid_immediate_adverse_move,"{""adverse_window_minutes"": 5, ""max_adverse_ticks"": 12}",,5.0,12.0,0.6431683168316266,0.8737803473317223,0.38404263479307915,1.0,0.55,0.6771936085008473,0.5,0.0,True,8,14,0.21704135442687675,0.6650751693267587,17,1.750000000001819,1.009055627425624,110,30.750000000014097,0.4,2,0,-61.749999999992724,0.33125000000000004
MGC,1H,mgc_1h_delay_adverse_filter_avoid_immediate_adverse_move_sm1p25_tm3p00_d15_ts3_aw5_mt12,delay_adverse_filter,mgc_1h_adverse_diag,57,240.35000000010996,1024.6000000000458,784.2499999999359,0.43859649122807015,4.216666666668596,-4.749999999996817,1.3064711507811662,-280.2499999999418,1.597686401976671,3.5702486882165356,0.8576271186446383,129.859649122807,180.0,0.9122807017543859,0.017543859649122806,0.5964912280701754,0.07017543859649122,28,0.2545454545454545,0,4.373792016806722,2.5,-73.49999999999682,57,105,0.5428571428571428,0.7598514496281028,38,19,150.35000000006903,90.00000000004093,1min,regime_filtered_ema_mild_atr_20_80_compression_off_atr_target_1p0_ts3_vq0p95_bf0p5_ra1p2,1.25,3.0,15,3,avoid_immediate_adverse_move,"{""adverse_window_minutes"": 5, ""max_adverse_ticks"": 12}",,5.0,12.0,0.6008712871286613,0.7601850167253772,0.3534595917232207,1.0,0.55,0.7488214632342707,0.5,0.0,True,9,14,0.14521421638860152,0.6400534190144314,18,-41.49999999998727,0.8195652173913526,129,71.50000000002592,0.4,2,0,-61.749999999992724,0.33125000000000004
MGC,1H,mgc_1h_delay_adverse_filter_avoid_immediate_adverse_move_sm1p00_tm2p50_d15_ts3_aw5_mt12,delay_adverse_filter,mgc_1h_adverse_diag,57,236.00000000010596,994.0000000000441,757.9999999999382,0.40350877192982454,4.140350877194841,-7.499999999997726,1.3113456464381599,-303.99999999994634,1.6511658187243712,4.107981146791831,0.7763157894741698,122.12280701754386,180.0,0.8947368421052632,0.03508771929824561,0.5087719298245614,0.07017543859649122,28,0.2545454545454545,0,4.373792016806722,2.5,-73.49999999999682,57,105,0.5428571428571428,0.785285985648895,38,19,142.50000000006594,93.50000000004002,1min,regime_filtered_ema_mild_atr_20_80_compression_off_atr_target_1p0_ts3_vq0p95_bf0p5_ra1p2,1.0,2.5,15,3,avoid_immediate_adverse_move,"{""adverse_window_minutes"": 5, ""max_adverse_ticks"": 12}",,5.0,12.0,0.5974257425742027,0.7649319747724462,0.33830684418844903,1.0,0.55,0.7597154419321643,0.5,0.0,True,9,14,0.1234262589928141,0.6396748863874216,19,-45.49999999998818,0.8055555555555993,136,67.50000000002501,0.4,2,0,-61.749999999992724,0.33125000000000004
MGC,1H,mgc_1h_delay_adverse_filter_avoid_immediate_adverse_move_sm1p25_tm2p50_d15_ts3_aw5_mt12,delay_adverse_filter,mgc_1h_adverse_diag,57,226.75000000011096,1011.0000000000468,784.2499999999359,0.43859649122807015,3.978070175440543,-4.749999999996817,1.2891297417916856,-280.2499999999418,1.5434380922155646,3.368229207626899,0.8090990187338378,129.1578947368421,180.0,0.8947368421052632,0.03508771929824561,0.5789473684210527,0.07017543859649122,28,0.2545454545454545,0,4.373792016806722,2.5,-73.49999999999682,57,105,0.5428571428571428,0.7340512320379345,38,19,136.75000000007003,90.00000000004093,1min,regime_filtered_ema_mild_atr_20_80_compression_off_atr_target_1p0_ts3_vq0p95_bf0p5_ra1p2,1.25,2.5,15,3,avoid_immediate_adverse_move,"{""adverse_window_minutes"": 5, ""max_adverse_ticks"": 12}",,5.0,12.0,0.5900990099009391,0.7432973330053143,0.34441615271180187,1.0,0.55,0.7597622948079255,0.5,0.0,True,9,14,0.12333255324129185,0.6348060357092097,20,-41.49999999998727,0.8195652173913526,128,71.50000000002592,0.4,2,0,-61.749999999992724,0.33125000000000004
MGC,1H,mgc_1h_delay_adverse_filter_avoid_immediate_adverse_move_sm1p00_tm3p00_d30_ts3_aw5_mt12,delay_adverse_filter,mgc_1h_adverse_diag,53,237.50000000009322,1001.00000000004,763.4999999999468,0.41509433962264153,4.481132075473457,-9.499999999998181,1.3110674525214274,-340.49999999995407,1.581294351492913,4.343875129609556,0.6975036710723209,128.1320754716981,179.0,0.8301886792452831,0.03773584905660377,0.4716981132075472,0.1320754716981132,23,0.20909090909090908,0,4.066859243697479,2.5,-73.49999999999682,53,105,0.5047619047619047,0.7251876242754155,37,16,203.50000000006503,34.000000000028194,1min,regime_filtered_ema_mild_atr_20_80_compression_off_atr_target_1p0_ts3_vq0p95_bf0p5_ra1p2,1.0,3.0,30,3,avoid_immediate_adverse_move,"{""adverse_window_minutes"": 5, ""max_adverse_ticks"": 12}",,5.0,12.0,0.5986138613860738,0.764661059595861,0.3236198363015151,1.0,0.55,0.7015609972627148,0.5,0.0,True,8,14,0.1683065769031418,0.6289321092310214,21,-41.99999999999818,0.8227848101265886,131,-12.999999999985903,0.4,2,0,-61.749999999992724,0.33125000000000004
MGC,1H,mgc_1h_delay_adverse_filter_avoid_immediate_adverse_move_sm1p25_tm3p00_d30_ts3_aw10_mt12,delay_adverse_filter,mgc_1h_adverse_diag,44,167.5000000000864,817.0000000000391,649.4999999999527,0.45454545454545453,3.8068181818201454,-6.749999999998408,1.257890685142569,-281.2499999999386,1.3195708347693524,3.6119267620431637,0.5955555555559927,133.45454545454547,179.5,0.7727272727272727,0.045454545454545456,0.5,0.18181818181818182,32,0.2909090909090909,0,3.3762605042016807,2.5,-73.49999999999682,44,105,0.41904761904761906,0.5513898610353506,31,13,171.5000000000623,-3.9999999999758984,1min,regime_filtered_ema_mild_atr_20_80_compression_off_atr_target_1p0_ts3_vq0p95_bf0p5_ra1p2,1.25,3.0,30,3,avoid_immediate_adverse_move,"{""adverse_window_minutes"": 10, ""max_adverse_ticks"": 12}",,10.0,12.0,0.5431683168316116,0.7128756234012431,0.30462132684625803,1.0,0.55,0.6212744090441876,0.5,0.0,True,6,14,0.18602261048305335,0.5925931484301378,22,-189.7499999999991,0.018111254851224442,179,-212.24999999999,0.4,2,0,-61.749999999992724,0.33125000000000004
MGC,1H,mgc_1h_delay_stop_zone_filter_require_no_stop_zone_touch_before_entry_sm1p00_tm2p50_d15_ts3_sz1p00,delay_stop_zone_filter,mgc_1h_stop_zone_core,68,290.1250000001187,1511.6250000000514,1221.4999999999327,0.4264705882352941,4.266544117648804,-10.99999999999909,1.2375153499796436,-321.49999999995543,1.2632205460996389,3.348919703069539,0.902410575428177,121.70588235294117,180.0,0.8970588235294118,0.04411764705882353,0.5147058823529411,0.058823529411764705,17,0.15454545454545454,0,5.2178571428571425,2.5,-85.49999999999955,68,105,0.6476190476190476,0.6561956797473272,44,24,235.50000000007458,54.62500000004411,1min,regime_filtered_ema_mild_atr_20_80_compression_off_atr_target_1p0_ts3_vq0p95_bf0p5_ra1p2,1.0,2.5,15,3,require_no_stop_zone_touch_before_entry,"{""stop_zone_fraction"": 1.0}",1.0,,,0.6402970297029266,0.6930333939647255,0.36180519892578733,1.0,0.5,0.6284782900927476,0.203125,0.0,True,7,14,0.2430434198145048,0.5706773580863107,23,980.5000000000018,4.21475409836071,27,1024.5000000000186,0.6,3,0,329.62500000001,0.7531249999999999
MGC,1H,mgc_1h_none_baseline_none_sm1p00_tm2p50_d5_ts4,none_baseline,mgc_1h_none_core,96,339.7500000001696,1829.2500000000541,1489.4999999998845,0.34375,3.539062500001767,-9.499999999998181,1.2280966767372916,-401.9999999999345,1.142160320639492,3.0823301755710375,0.8451492537319029,111.54166666666667,84.5,0.8541666666666666,0.052083333333333336,0.2916666666666667,0.09375,0,0.0,0,7.366386554621848,2.5,-95.49999999999727,95,105,0.9047619047619048,0.7012753937176079,61,35,316.12500000011323,23.62500000005639,1min,regime_filtered_ema_mild_atr_20_80_compression_off_atr_target_1p0_ts3_vq0p95_bf0p5_ra1p2,1.0,2.5,5,4,none,{},,,,0.6796039603960371,0.6838611534117263,0.35113428307650957,1.0,0.8,0.6896216005711632,0.6666666666666666,0.15,False,8,14,0.19218537028624508,0.5188064053087036,24,1291.9999999999936,4.377777777777881,5,1367.12500000001,0.8,4,2,797.4999999999818,0.6814814814814812
MGC,1H,mgc_1h_none_baseline_none_sm1p50_tm3p00_d5_ts4,none_baseline,mgc_1h_none_core,96,346.2500000001842,2012.2500000000673,1665.9999999998831,0.40625,3.606770833335252,-7.249999999996817,1.2078331332534264,-380.4999999999245,1.064787028719384,2.473644826235797,0.9099868593961967,131.3125,148.0,0.8333333333333334,0.03125,0.3958333333333333,0.13541666666666666,0,0.0,0,7.366386554621848,2.5,-100.99999999999909,95,105,0.9047619047619048,0.6537689405743916,61,35,361.50000000012597,-15.249999999941792,1min,regime_filtered_ema_mild_atr_20_80_compression_off_atr_target_1p0_ts3_vq0p95_bf0p5_ra1p2,1.5,3.0,5,4,none,{},,,,0.6847524752475339,0.6641277907068365,0.36321707497541456,1.0,0.8,0.6828865222181364,0.6666666666666666,0.15,False,8,14,0.20565552699229847,0.5166915927699067,25,1137.5,3.33572895277217,13,1189.5000000000164,0.6,3,0,797.4999999999818,0.6814814814814812
MGC,1H,mgc_1h_none_baseline_none_sm1p25_tm2p50_d15_ts3,none_baseline,mgc_1h_none_core,85,313.1250000001637,1767.6250000000641,1454.4999999999004,0.4117647058823529,3.6838235294136905,-7.2499999999990905,1.2152801650052838,-292.99999999992906,1.1134347624129244,2.383892922281589,1.068686006826756,112.47058823529412,178.0,0.8941176470588236,0.03529411764705882,0.49411764705882355,0.07058823529411765,0,0.0,0,6.522321428571428,2.5,-105.99999999999909,85,105,0.8095238095238095,0.646656978519443,55,30,354.2500000001064,-41.1249999999427,1min,regime_filtered_ema_mild_atr_20_80_compression_off_atr_target_1p0_ts3_vq0p95_bf0p5_ra1p2,1.25,2.5,15,3,none,{},,,,0.6585148514851409,0.6713799763253708,0.39279140538584595,1.0,0.8,0.6043942641088551,0.6666666666666666,0.15,False,6,14,0.2197829003537183,0.5055568159863075,26,1007.0000000000027,3.5656050955414975,22,1049.000000000026,0.6,3,0,797.4999999999818,0.6814814814814812
MGC,1H,mgc_1h_none_baseline_none_sm1p00_tm3p00_d5_ts3,none_baseline,mgc_1h_none_core,96,266.75000000018144,1790.2500000000578,1523.4999999998763,0.3229166666666667,2.7786458333352235,-10.499999999998408,1.1750902527077145,-395.99999999993315,0.8969853431802666,2.422862317436494,0.673611111111683,93.625,84.5,0.9270833333333334,0.03125,0.3854166666666667,0.041666666666666664,0,0.0,0,7.366386554621848,2.5,-95.49999999999727,95,105,0.9047619047619048,0.5507403280701183,61,35,190.50000000012233,76.25000000005912,1min,regime_filtered_ema_mild_atr_20_80_compression_off_atr_target_1p0_ts3_vq0p95_bf0p5_ra1p2,1.0,3.0,5,3,none,{},,,,0.6217821782178273,0.6322416036573754,0.319167345698589,1.0,0.8,0.748732242714734,0.6666666666666666,0.15,False,9,14,0.14539265742767465,0.5009896946370389,27,1000.5000000000064,3.6156862745099136,24,1099.5000000000255,0.8,4,0,797.4999999999818,0.6814814814814812
MGC,1H,mgc_1h_none_baseline_none_sm1p25_tm3p00_d5_ts4,none_baseline,mgc_1h_none_core,96,316.0000000001878,1961.7500000000632,1645.7499999998754,0.375,3.291666666668623,-8.499999999996817,1.1920097220113697,-474.2499999999268,0.9789990675307473,2.2971663198988046,0.6663152345814162,121.70833333333333,101.5,0.8541666666666666,0.03125,0.3333333333333333,0.11458333333333333,0,0.0,0,7.366386554621848,2.5,-118.49999999999682,95,105,0.9047619047619048,0.6010959618588396,61,35,378.0000000001269,-61.999999999939064,1min,regime_filtered_ema_mild_atr_20_80_compression_off_atr_target_1p0_ts3_vq0p95_bf0p5_ra1p2,1.25,3.0,5,4,none,{},,,,0.6607920792079323,0.6487183874345626,0.3178077248900762,1.0,0.8,0.6319631626235311,0.6666666666666666,0.15,False,7,14,0.2360736747529378,0.49436772645554006,28,1213.9999999999964,3.9573690621194757,10,1261.5000000000146,0.6,3,0,797.4999999999818,0.6814814814814812
MGC,1H,mgc_1h_none_baseline_none_sm1p25_tm3p00_d5_ts3,none_baseline,mgc_1h_none_core,96,251.50000000019645,1889.750000000065,1638.2499999998686,0.3541666666666667,2.619791666668713,-9.124999999997954,1.1535174729133018,-474.74999999992633,0.8170658741773307,2.0370204208205016,0.5297525013169784,99.71875,101.5,0.9166666666666666,0.03125,0.4270833333333333,0.052083333333333336,0,0.0,0,7.366386554621848,2.5,-84.74999999999909,95,105,0.9047619047619048,0.5016705468161553,61,35,257.50000000013415,-5.9999999999377,1min,regime_filtered_ema_mild_atr_20_80_compression_off_atr_target_1p0_ts3_vq0p95_bf0p5_ra1p2,1.25,3.0,5,3,none,{},,,,0.6097029702970469,0.611233259851425,0.2923586190775746,1.0,0.8,0.7530733910982765,0.6666666666666666,0.15,False,10,14,0.20813893208916134,0.491002047556072,29,975.0000000000091,3.3751522533496905,28,1056.5000000000282,0.6,3,0,797.4999999999818,0.6814814814814812
MGC,1H,mgc_1h_none_baseline_none_sm1p50_tm3p00_d30_ts3,none_baseline,mgc_1h_none_core,76,267.0000000001414,1487.000000000071,1219.9999999999295,0.47368421052631576,3.5131578947387028,-1.9999999999993179,1.218852459016522,-275.9999999999104,1.202592915489781,2.6747188853930144,0.9673913043486525,139.3421052631579,180.0,0.8289473684210527,0.02631578947368421,0.5921052631578947,0.14473684210526316,0,0.0,0,5.8317226890756295,2.5,-82.99999999999955,76,105,0.7238095238095238,0.6604275273235022,53,23,335.0000000001023,-67.99999999996089,1min,regime_filtered_ema_mild_atr_20_80_compression_off_atr_target_1p0_ts3_vq0p95_bf0p5_ra1p2,1.5,3.0,30,3,none,{},,,,0.6219801980197759,0.6748588038793175,0.3739146625147188,1.0,0.8,0.5572519083969318,0.6666666666666666,0.15,False,6,14,0.314067611777565,0.48904278601656626,30,771.4999999999918,2.7554038680318613,44,729.00000000001,0.6,3,0,797.4999999999818,0.6814814814814812
MGC,1H,mgc_1h_none_baseline_none_sm1p50_tm2p50_d5_ts4,none_baseline,mgc_1h_none_core,96,280.2500000001828,1946.250000000066,1665.9999999998831,0.40625,2.9192708333352377,-7.249999999996817,1.1682172869148875,-380.4999999999245,0.8929706858021572,2.0021341878777346,0.7365308804211259,128.94791666666666,140.0,0.8125,0.052083333333333336,0.375,0.13541666666666666,0,0.0,0,7.366386554621848,2.5,-100.99999999999909,95,105,0.9047619047619048,0.5482753672562996,61,35,326.1250000001246,-45.87499999994179,1min,regime_filtered_ema_mild_atr_20_80_compression_off_atr_target_1p0_ts3_vq0p95_bf0p5_ra1p2,1.5,2.5,5,4,none,{},,,,0.6324752475247594,0.625548463982365,0.33089273979826306,1.0,0.8,0.6427392739273843,0.6666666666666666,0.15,False,7,14,0.21452145214523147,0.48764954436027197,31,1204.000000000001,3.472279260780391,11,1266.1250000000155,0.6,3,0,797.4999999999818,0.6814814814814812
MGC,1H,mgc_1h_none_baseline_none_sm1p00_tm3p00_d15_ts3,none_baseline,mgc_1h_none_core,85,237.35000000015134,1682.3500000000558,1444.9999999999045,0.36470588235294116,2.792352941178251,-8.499999999996817,1.1642560553634373,-293.4999999999354,0.8488121963544346,2.1190060484027873,0.8086882453158554,105.04705882352941,133.0,0.9176470588235294,0.023529411764705882,0.43529411764705883,0.058823529411764705,0,0.0,0,6.522321428571428,2.5,-85.49999999999955,85,105,0.8095238095238095,0.49297035511583154,55,30,175.60000000009495,61.75000000005639,1min,regime_filtered_ema_mild_atr_20_80_compression_off_atr_target_1p0_ts3_vq0p95_bf0p5_ra1p2,1.0,3.0,15,3,none,{},,,,0.5984950495049317,0.621690875154179,0.3443396031588652,1.0,0.8,0.6536073578313717,0.6666666666666666,0.15,False,7,14,0.1927852843372565,0.48372922908035765,32,1028.0000000000018,3.767160161507502,21,1065.5000000000223,0.6,3,0,797.4999999999818,0.6814814814814812
MGC,1H,mgc_1h_none_baseline_none_sm1p25_tm3p00_d30_ts3,none_baseline,mgc_1h_none_core,76,243.0000000001428,1477.5000000000682,1234.4999999999254,0.4605263157894737,3.1973684210545104,-6.749999999998408,1.196840826245571,-312.2499999999104,1.1013263218862017,2.6242852858037837,0.7782225780631306,128.6184210526316,180.0,0.8552631578947368,0.02631578947368421,0.5394736842105263,0.11842105263157894,0,0.0,0,5.8317226890756295,2.5,-73.49999999999909,76,105,0.7238095238095238,0.6048149878243418,53,23,361.0000000001037,-117.99999999996089,1min,regime_filtered_ema_mild_atr_20_80_compression_off_atr_target_1p0_ts3_vq0p95_bf0p5_ra1p2,1.25,3.0,30,3,none,{},,,,0.6029702970296774,0.6534230893636468,0.3386621831846931,1.0,0.8,0.569124423963123,0.6666666666666666,0.15,False,6,14,0.2903225806451825,0.47744666835083727,33,782.4999999999909,2.8261376896149377,42,750.7500000000073,0.6,3,0,797.4999999999818,0.6814814814814812
MGC,1H,mgc_1h_none_baseline_none_sm1p00_tm2p50_d5_ts3,none_baseline,mgc_1h_none_core,96,193.7500000001819,1717.2500000000582,1523.4999999998763,0.3229166666666667,2.0182291666685614,-10.499999999998408,1.1271742697736775,-395.99999999993315,0.6833166949345364,1.7598109615874118,0.4892676767682187,92.53125,84.5,0.90625,0.052083333333333336,0.3645833333333333,0.041666666666666664,0,0.0,0,7.366386554621848,2.5,-95.49999999999727,95,105,0.9047619047619048,0.41954984393586087,61,35,136.12500000012233,57.62500000005957,1min,regime_filtered_ema_mild_atr_20_80_compression_off_atr_target_1p0_ts3_vq0p95_bf0p5_ra1p2,1.0,2.5,5,3,none,{},,,,0.5639603960396086,0.5855793073343483,0.2848140821522124,1.0,0.8,0.7479641979641949,0.6666666666666666,0.15,False,9,14,0.1469287469287533,0.4748246826922524,34,1130.0000000000045,3.9542483660131893,15,1220.1250000000232,0.8,4,0,797.4999999999818,0.6814814814814812
MGC,1H,mgc_1h_none_baseline_none_sm1p50_tm3p00_d5_ts3,none_baseline,mgc_1h_none_core,96,209.25000000019054,1913.750000000066,1704.4999999998754,0.375,2.1796875000019846,-9.499999999997044,1.1227632736874191,-414.4999999999277,0.6654135520196347,1.5228960195465917,0.5048250904709941,105.67708333333333,148.0,0.8958333333333334,0.03125,0.4791666666666667,0.07291666666666667,0,0.0,0,7.366386554621848,2.5,-100.99999999999909,95,105,0.9047619047619048,0.40855748728543834,61,35,217.50000000013188,-8.249999999941338,1min,regime_filtered_ema_mild_atr_20_80_compression_off_atr_target_1p0_ts3_vq0p95_bf0p5_ra1p2,1.5,3.0,5,3,none,{},,,,0.576237623762388,0.581283721731105,0.28771327915879347,1.0,0.8,0.7224533152426135,0.6666666666666666,0.15,False,9,14,0.19795051237191597,0.4730292582589096,35,946.0000000000082,3.0387931034483495,29,1032.0000000000255,0.8,4,0,797.4999999999818,0.6814814814814812
MGC,1H,mgc_1h_none_baseline_none_sm1p25_tm2p50_d5_ts4,none_baseline,mgc_1h_none_core,96,250.00000000018645,1895.7500000000618,1645.7499999998754,0.375,2.604166666668609,-8.499999999996817,1.1519064256419294,-474.2499999999268,0.8030236311579241,1.8173784176417347,0.5271481286246179,119.34375,97.5,0.8333333333333334,0.052083333333333336,0.3125,0.11458333333333333,0,0.0,0,7.366386554621848,2.5,-118.49999999999682,95,105,0.9047619047619048,0.49304874537185445,61,35,342.6250000001255,-92.62499999993906,1min,regime_filtered_ema_mild_atr_20_80_compression_off_atr_target_1p0_ts3_vq0p95_bf0p5_ra1p2,1.25,2.5,5,4,none,{},,,,0.6085148514851577,0.6096643644523538,0.29187328201204643,1.0,0.8,0.6315641199008247,0.6666666666666666,0.15,False,7,14,0.23687176019835054,0.472151453474433,36,1280.4999999999973,4.119366626065891,6,1338.1250000000136,0.6,3,0,797.4999999999818,0.6814814814814812
MGC,1H,mgc_1h_none_baseline_none_sm1p50_tm2p50_d30_ts3,none_baseline,mgc_1h_none_core,76,221.50000000014188,1441.5000000000714,1219.9999999999295,0.47368421052631576,2.914473684212393,-1.9999999999993179,1.181557377049307,-275.9999999999104,1.0327668382098958,2.218914730766361,0.8025362318848325,139.31578947368422,180.0,0.8289473684210527,0.02631578947368421,0.5921052631578947,0.14473684210526316,0,0.0,0,5.8317226890756295,2.5,-82.99999999999955,76,105,0.7238095238095238,0.5671642003502795,53,23,289.5000000001028,-67.99999999996089,1min,regime_filtered_ema_mild_atr_20_80_compression_off_atr_target_1p0_ts3_vq0p95_bf0p5_ra1p2,1.5,2.5,30,3,none,{},,,,0.5859405940593794,0.6385395204255795,0.3431931466035262,1.0,0.8,0.5490533562822559,0.6666666666666666,0.15,False,6,14,0.3304647160069167,0.46873299832985915,37,771.4999999999918,2.7554038680318613,43,729.00000000001,0.6,3,0,797.4999999999818,0.6814814814814812
MGC,1H,mgc_1h_none_baseline_none_sm1p00_tm3p00_d30_ts4,none_baseline,mgc_1h_none_core,76,198.0000000001337,1548.0000000000587,1349.999999999925,0.39473684210526316,2.605263157896496,-10.99999999999909,1.1466666666667737,-358.99999999992133,0.7784005457175114,2.1588361169064973,0.5515320334266771,144.02631578947367,175.5,0.75,0.02631578947368421,0.3157894736842105,0.2236842105263158,0,0.0,0,5.8317226890756295,2.5,-90.49999999999955,76,105,0.7238095238095238,0.42747395320062415,53,23,294.5000000000937,-96.49999999995998,1min,regime_filtered_ema_mild_atr_20_80_compression_off_atr_target_1p0_ts3_vq0p95_bf0p5_ra1p2,1.0,3.0,30,4,none,{},,,,0.5673267326732337,0.6045616999344092,0.29641733703054074,1.0,0.8,0.6465224766751432,0.6666666666666666,0.15,False,7,14,0.20695504664971354,0.46581865857738114,38,798.4999999999854,2.774444444444448,36,715.5000000000018,0.6,3,0,797.4999999999818,0.6814814814814812
MGC,1H,mgc_1h_none_baseline_none_sm1p25_tm2p50_d5_ts3,none_baseline,mgc_1h_none_core,96,178.5000000001969,1816.7500000000655,1638.2499999998686,0.3541666666666667,1.859375000002051,-9.124999999997954,1.1089577292844262,-474.74999999992633,0.6062302460052347,1.4457580322726704,0.3759873617698254,98.625,97.5,0.8958333333333334,0.052083333333333336,0.40625,0.052083333333333336,0,0.0,0,7.366386554621848,2.5,-84.74999999999909,95,105,0.9047619047619048,0.3722195096156133,61,35,203.12500000013415,-24.624999999937245,1min,regime_filtered_ema_mild_atr_20_80_compression_off_atr_target_1p0_ts3_vq0p95_bf0p5_ra1p2,1.25,2.5,5,3,none,{},,,,0.551881188118828,0.5678393892894644,0.26370376417633196,1.0,0.8,0.7445517186122936,0.6666666666666666,0.15,False,10,14,0.225182277061127,0.4651824378999523,39,1104.5000000000073,3.6906211936663857,16,1177.125000000026,0.6,3,0,797.4999999999818,0.6814814814814812
MGC,1H,mgc_1h_delay_stop_zone_filter_require_no_stop_zone_touch_before_entry_sm1p00_tm2p50_d15_ts3_sz0p50,delay_stop_zone_filter,mgc_1h_stop_zone_core,29,309.8750000000473,878.3750000000236,568.4999999999764,0.4827586206896552,10.685344827587837,-7.499999999997726,1.54507475813555,-108.49999999998772,2.509114860623313,6.535764117635746,2.8559907834108973,122.06896551724138,180.0,0.8620689655172413,0.06896551724137931,0.5517241379310345,0.06896551724137931,56,0.509090909090909,0,2.225262605042017,2.5,-85.49999999999955,29,105,0.2761904761904762,0.851175807036952,21,8,395.2500000000373,-85.37499999999,1min,regime_filtered_ema_mild_atr_20_80_compression_off_atr_target_1p0_ts3_vq0p95_bf0p5_ra1p2,1.0,2.5,15,3,require_no_stop_zone_touch_before_entry,"{""stop_zone_fraction"": 0.5}",0.5,,,0.655940594059306,0.9925457353908103,0.7258640328236867,0.725,0.5,0.6511421738413307,0.203125,0.2,False,7,12,0.28104898565067205,0.46421694688977583,40,1202.9999999999973,18.434782608696533,12,1154.500000000005,0.6,3,2,329.62500000001,0.7531249999999999
MGC,1H,mgc_1h_none_baseline_none_sm1p25_tm2p50_d30_ts3,none_baseline,mgc_1h_none_core,76,197.50000000014325,1432.0000000000687,1234.4999999999254,0.4605263157894737,2.5986842105282006,-6.749999999998408,1.1599837991090767,-312.2499999999104,0.9271165563993145,2.132906765211188,0.6325060048044833,128.5921052631579,180.0,0.8552631578947368,0.02631578947368421,0.5394736842105263,0.11842105263157894,0,0.0,0,5.8317226890756295,2.5,-73.49999999999909,76,105,0.7238095238095238,0.5091442723443206,53,23,315.50000000010414,-117.99999999996089,1min,regime_filtered_ema_mild_atr_20_80_compression_off_atr_target_1p0_ts3_vq0p95_bf0p5_ra1p2,1.25,2.5,30,3,none,{},,,,0.5669306930692809,0.6175303993567124,0.31150721635846784,1.0,0.8,0.5621462531129613,0.6666666666666666,0.15,False,6,14,0.3042789223455061,0.45794023890591307,41,782.4999999999909,2.8261376896149377,41,750.7500000000073,0.6,3,0,797.4999999999818,0.6814814814814812
MGC,1H,mgc_1h_delay_adverse_filter_avoid_immediate_adverse_move_sm1p00_tm2p50_d30_ts3_aw5_mt12,delay_adverse_filter,mgc_1h_adverse_diag,53,192.00000000009368,955.5000000000405,763.4999999999468,0.41509433962264153,3.62264150943573,-9.499999999998181,1.25147347740682,-340.49999999995407,1.3483543382985679,3.511680104779428,0.5638766519827301,128.0943396226415,179.0,0.8301886792452831,0.03773584905660377,0.4716981132075472,0.1320754716981132,23,0.20909090909090908,0,4.066859243697479,2.5,-73.49999999999682,53,105,0.5047619047619047,0.6183604452574122,37,16,158.00000000006548,34.000000000028194,1min,regime_filtered_ema_mild_atr_20_80_compression_off_atr_target_1p0_ts3_vq0p95_bf0p5_ra1p2,1.0,2.5,30,3,avoid_immediate_adverse_move,"{""adverse_window_minutes"": 5, ""max_adverse_ticks"": 12}",,5.0,12.0,0.5625742574256772,0.7066263172074377,0.298717814593769,1.0,0.55,0.6973990683229904,0.5,0.15,False,8,14,0.17663043478259066,0.4557576473641368,42,-41.99999999999818,0.8227848101265886,130,-12.999999999985903,0.4,2,0,-61.749999999992724,0.33125000000000004
MGC,1H,mgc_1h_none_baseline_none_sm1p00_tm2p50_d30_ts4,none_baseline,mgc_1h_none_core,76,150.5000000001337,1500.5000000000587,1349.999999999925,0.39473684210526316,1.980263157896496,-10.99999999999909,1.1114814814815868,-360.9999999999218,0.6089331880506997,1.6409335131035203,0.41689750692566846,144.0,175.5,0.7368421052631579,0.039473684210526314,0.3026315789473684,0.2236842105263158,0,0.0,0,5.8317226890756295,2.5,-90.49999999999955,76,105,0.7238095238095238,0.3344076241508161,53,23,247.00000000009368,-96.49999999995998,1min,regime_filtered_ema_mild_atr_20_80_compression_off_atr_target_1p0_ts3_vq0p95_bf0p5_ra1p2,1.0,2.5,30,4,none,{},,,,0.5297029702969953,0.5702971093581922,0.271327561591545,1.0,0.8,0.6421785240830701,0.6666666666666666,0.15,False,7,14,0.21564295183385987,0.4470259287822298,43,798.4999999999854,2.774444444444448,35,715.5000000000018,0.6,3,0,797.4999999999818,0.6814814814814812
MGC,1H,mgc_1h_none_baseline_none_sm1p50_tm2p50_d5_ts3,none_baseline,mgc_1h_none_core,96,136.250000000191,1840.7500000000664,1704.4999999998754,0.375,1.4192708333353228,-9.499999999997044,1.0799354649458497,-414.4999999999277,0.4521249759076737,0.9916109087853048,0.3287092882996737,104.58333333333333,140.0,0.875,0.052083333333333336,0.4583333333333333,0.07291666666666667,0,0.0,0,7.366386554621848,2.5,-100.99999999999909,95,105,0.9047619047619048,0.2776003637665287,61,35,163.12500000013188,-26.874999999940883,1min,regime_filtered_ema_mild_atr_20_80_compression_off_atr_target_1p0_ts3_vq0p95_bf0p5_ra1p2,1.5,2.5,5,3,none,{},,,,0.5184158415841691,0.5395764712481883,0.25489327345465546,1.0,0.8,0.6796049609554349,0.6666666666666666,0.15,False,8,14,0.21221864951770172,0.44177319772798507,44,1075.5000000000064,3.31788793103456,19,1152.6250000000232,0.8,4,0,797.4999999999818,0.6814814814814812
MGC,1H,mgc_1h_delay_adverse_filter_avoid_immediate_adverse_move_sm1p00_tm2p50_d15_ts3_aw5_mt8,delay_adverse_filter,mgc_1h_adverse_diag,52,132.7500000000964,857.7500000000373,724.9999999999409,0.38461538461538464,2.5528846153864695,-7.999999999998408,1.1831034482760099,-275.4999999999518,1.0676102813527852,2.4965226660702573,0.48185117967375546,124.21153846153847,180.0,0.9038461538461539,0.019230769230769232,0.5192307692307693,0.07692307692307693,33,0.3,0,3.9901260504201677,2.5,-73.49999999999682,52,105,0.49523809523809526,0.484969190103903,33,19,39.25000000005639,93.50000000004002,1min,regime_filtered_ema_mild_atr_20_80_compression_off_atr_target_1p0_ts3_vq0p95_bf0p5_ra1p2,1.0,2.5,15,3,avoid_immediate_adverse_move,"{""adverse_window_minutes"": 5, ""max_adverse_ticks"": 8}",,5.0,8.0,0.5156435643563714,0.6400451398306166,0.2834319831358605,1.0,0.55,0.7662027649769567,0.5,0.15,False,9,14,0.11045161290322941,0.4410829530543202,45,-21.999999999989086,0.7179487179488315,120,91.0000000000241,0.4,2,0,-61.749999999992724,0.33125000000000004
MGC,1H,mgc_1h_delay_adverse_filter_avoid_immediate_adverse_move_sm1p00_tm3p00_d15_ts2_aw5_mt12,delay_adverse_filter,mgc_1h_adverse_diag,57,130.6000000001086,831.6000000000508,700.9999999999422,0.43859649122807015,2.2912280701773438,-4.499999999998181,1.1863052781742074,-184.99999999994316,0.9952881984240796,2.2952564515876253,0.7059459459467499,90.0701754385965,120.0,0.9298245614035088,0.017543859649122806,0.5964912280701754,0.05263157894736842,28,0.2545454545454545,0,4.373792016806722,2.5,-70.49999999999727,57,105,0.5428571428571428,0.4733539569684105,38,19,56.10000000006721,74.50000000004138,1min,regime_filtered_ema_mild_atr_20_80_compression_off_atr_target_1p0_ts3_vq0p95_bf0p5_ra1p2,1.0,3.0,15,2,avoid_immediate_adverse_move,"{""adverse_window_minutes"": 5, ""max_adverse_ticks"": 12}",,5.0,12.0,0.5139405940593512,0.6431631961937991,0.32519309381798217,1.0,0.55,0.6829819277108398,0.5,0.15,False,7,14,0.13403614457832044,0.43514701127995337,46,-73.49999999998545,0.7178502879079125,159,50.500000000029104,0.4,2,0,-61.749999999992724,0.33125000000000004
MGC,1H,mgc_1h_delay_adverse_filter_avoid_immediate_adverse_move_sm1p25_tm3p00_d15_ts3_aw10_mt12,delay_adverse_filter,mgc_1h_adverse_diag,46,123.85000000009086,850.6000000000336,726.7499999999427,0.41304347826086957,2.692391304349801,-7.9999999999972715,1.170416236670245,-278.7499999999477,0.9532918332943193,2.214277944415846,0.4443049327358353,134.0,180.0,0.9130434782608695,0.021739130434782608,0.6086956521739131,0.06521739130434782,39,0.35454545454545455,0,3.529726890756302,2.5,-73.49999999999682,46,105,0.4380952380952381,0.40729072283938694,31,15,131.60000000005766,-7.749999999966803,1min,regime_filtered_ema_mild_atr_20_80_compression_off_atr_target_1p0_ts3_vq0p95_bf0p5_ra1p2,1.25,3.0,15,3,avoid_immediate_adverse_move,"{""adverse_window_minutes"": 10, ""max_adverse_ticks"": 12}",,10.0,12.0,0.5085940594058718,0.6276898798273701,0.27643506392998024,1.0,0.55,0.6757806963669805,0.5,0.15,False,7,14,0.14843860726603905,0.4225891518911925,47,-132.99999999999272,0.29629629629632126,171,-67.49999999998181,0.4,2,0,-61.749999999992724,0.33125000000000004
MGC,1H,mgc_1h_delay_adverse_filter_avoid_immediate_adverse_move_sm1p25_tm3p00_d15_ts2_aw5_mt12,delay_adverse_filter,mgc_1h_adverse_diag,57,109.10000000011678,831.6000000000508,722.4999999999341,0.43859649122807015,1.914035087721347,-4.499999999998181,1.1510034602077879,-194.4999999999368,0.8115428360480968,1.656434144174356,0.560925449872248,92.43859649122807,120.0,0.9298245614035088,0.017543859649122806,0.6491228070175439,0.05263157894736842,28,0.2545454545454545,0,4.373792016806722,2.5,-70.99999999999682,57,105,0.5428571428571428,0.38596560604353963,38,19,35.10000000007267,74.00000000004411,1min,regime_filtered_ema_mild_atr_20_80_compression_off_atr_target_1p0_ts3_vq0p95_bf0p5_ra1p2,1.25,3.0,15,2,avoid_immediate_adverse_move,"{""adverse_window_minutes"": 5, ""max_adverse_ticks"": 12}",,5.0,12.0,0.49691089108906034,0.608785024447676,0.29816784423957066,1.0,0.55,0.6887408702808314,0.5,0.15,False,7,14,0.12251825943833716,0.4216754902854075,48,-65.49999999998363,0.7405940594059914,151,58.50000000003092,0.6,3,0,-61.749999999992724,0.33125000000000004
MGC,1H,mgc_1h_delay_adverse_filter_avoid_immediate_adverse_move_sm1p00_tm2p50_d15_ts2_aw5_mt12,delay_adverse_filter,mgc_1h_adverse_diag,57,105.25000000011005,806.2500000000523,700.9999999999422,0.43859649122807015,1.8464912280721062,-4.499999999998181,1.1501426533525232,-184.99999999994316,0.8404364284248182,1.8497376839942519,0.5689189189196886,90.05263157894737,120.0,0.9298245614035088,0.017543859649122806,0.5964912280701754,0.05263157894736842,28,0.2545454545454545,0,4.373792016806722,2.5,-70.49999999999727,57,105,0.5428571428571428,0.3997072502268115,38,19,30.750000000068667,74.50000000004138,1min,regime_filtered_ema_mild_atr_20_80_compression_off_atr_target_1p0_ts3_vq0p95_bf0p5_ra1p2,1.0,2.5,15,2,avoid_immediate_adverse_move,"{""adverse_window_minutes"": 5, ""max_adverse_ticks"": 12}",,5.0,12.0,0.49386138613855984,0.6079467399735257,0.2996574646853138,1.0,0.55,0.6858584462261514,0.5,0.15,False,7,14,0.12828310754769714,0.4206890118591369,49,-73.49999999998545,0.7178502879079125,158,50.500000000029104,0.4,2,0,-61.749999999992724,0.33125000000000004
MGC,1H,mgc_1h_delay_adverse_filter_avoid_immediate_adverse_move_sm1p00_tm2p50_d15_ts3_aw10_mt12,delay_adverse_filter,mgc_1h_adverse_diag,46,113.50000000008777,820.0000000000318,706.4999999999441,0.3695652173913043,2.467391304349734,-10.99999999999909,1.1606510969569663,-303.49999999995134,0.9224611663963287,2.3988708758704096,0.37397034596410533,124.41304347826087,179.0,0.8913043478260869,0.043478260869565216,0.5,0.06521739130434782,39,0.35454545454545455,0,3.529726890756302,2.5,-73.49999999999682,46,105,0.4380952380952381,0.3941184243176329,31,15,119.00000000005548,-5.499999999967713,1min,regime_filtered_ema_mild_atr_20_80_compression_off_atr_target_1p0_ts3_vq0p95_bf0p5_ra1p2,1.0,2.5,15,3,avoid_immediate_adverse_move,"{""adverse_window_minutes"": 10, ""max_adverse_ticks"": 12}",,10.0,12.0,0.5003960396038889,0.6181802378449849,0.26332788382128763,1.0,0.55,0.6868384721583005,0.5,0.15,False,7,14,0.1263230556833989,0.41874020888671293,50,-144.49999999999363,0.2793017456359322,172,-78.99999999998272,0.4,2,0,-61.749999999992724,0.33125000000000004
MGC,1H,mgc_1h_delay_adverse_filter_avoid_immediate_adverse_move_sm1p00_tm3p00_d30_ts3_aw10_mt12,delay_adverse_filter,mgc_1h_adverse_diag,44,118.00000000007913,799.0000000000327,680.9999999999536,0.4090909090909091,2.68181818181998,-10.999999999997954,1.173274596182213,-335.9999999999468,0.925734885510195,2.5788723470134722,0.3511904761907673,123.06818181818181,174.0,0.7954545454545454,0.045454545454545456,0.4090909090909091,0.1590909090909091,32,0.2909090909090909,0,3.3762605042016807,2.5,-73.49999999999682,44,105,0.41904761904761906,0.38682336440564213,31,13,151.50000000005548,-33.49999999997635,1min,regime_filtered_ema_mild_atr_20_80_compression_off_atr_target_1p0_ts3_vq0p95_bf0p5_ra1p2,1.0,3.0,30,3,avoid_immediate_adverse_move,"{""adverse_window_minutes"": 10, ""max_adverse_ticks"": 12}",,10.0,12.0,0.5039603960395257,0.6304734524555015,0.25908274825319594,1.0,0.55,0.6636450381679351,0.5,0.15,False,7,14,0.1727099236641298,0.41779593766217504,51,-233.4999999999991,0.014767932489447752,181,-255.99999999999,0.4,2,0,-61.749999999992724,0.33125000000000004
MGC,1H,mgc_1h_delay_adverse_filter_avoid_immediate_adverse_move_sm1p25_tm2p50_d15_ts3_aw10_mt12,delay_adverse_filter,mgc_1h_adverse_diag,46,110.25000000009186,837.0000000000346,726.7499999999427,0.41304347826086957,2.3967391304367793,-7.9999999999972715,1.1517027863778473,-278.7499999999477,0.870911766657589,1.971127520160447,0.3955156950676683,133.1304347826087,180.0,0.8913043478260869,0.043478260869565216,0.5869565217391305,0.06521739130434782,39,0.35454545454545455,0,3.529726890756302,2.5,-73.49999999999682,46,105,0.4380952380952381,0.3720941170192343,31,15,118.00000000005866,-7.749999999966803,1min,regime_filtered_ema_mild_atr_20_80_compression_off_atr_target_1p0_ts3_vq0p95_bf0p5_ra1p2,1.25,2.5,15,3,avoid_immediate_adverse_move,"{""adverse_window_minutes"": 10, ""max_adverse_ticks"": 12}",,10.0,12.0,0.49782178217814954,0.6094660532605187,0.2673429606727602,1.0,0.55,0.6869466379516567,0.5,0.15,False,7,14,0.1261067240966866,0.4171010068813962,52,-132.99999999999272,0.29629629629632126,170,-67.49999999998181,0.4,2,0,-61.749999999992724,0.33125000000000004
MGC,1H,mgc_1h_delay_adverse_filter_avoid_immediate_adverse_move_sm1p25_tm2p50_d30_ts3_aw10_mt12,delay_adverse_filter,mgc_1h_adverse_diag,44,122.00000000008686,771.5000000000396,649.4999999999527,0.45454545454545453,2.772727272729247,-6.749999999998408,1.187836797536714,-281.2499999999386,1.0235718773231661,2.630776507279716,0.4337777777781813,133.4090909090909,179.5,0.7727272727272727,0.045454545454545456,0.5,0.18181818181818182,32,0.2909090909090909,0,3.3762605042016807,2.5,-73.49999999999682,44,105,0.41904761904761906,0.4277050843546133,31,13,126.00000000006276,-3.9999999999758984,1min,regime_filtered_ema_mild_atr_20_80_compression_off_atr_target_1p0_ts3_vq0p95_bf0p5_ra1p2,1.25,2.5,30,3,avoid_immediate_adverse_move,"{""adverse_window_minutes"": 10, ""max_adverse_ticks"": 12}",,10.0,12.0,0.5071287128712151,0.6446546444735122,0.2744732792320776,1.0,0.55,0.6167115902964899,0.5,0.15,False,6,14,0.1951482479784487,0.41653440189823054,53,-189.7499999999991,0.018111254851224442,178,-212.24999999999,0.4,2,0,-61.749999999992724,0.33125000000000004
MGC,1H,mgc_1h_delay_adverse_filter_avoid_immediate_adverse_move_sm1p25_tm3p00_d30_ts3_aw5_mt8,delay_adverse_filter,mgc_1h_adverse_diag,49,122.1500000000924,815.9000000000424,693.74999999995,0.4489795918367347,2.4928571428590285,-10.999999999996817,1.176072072072218,-355.9999999999536,0.978013946330341,2.4327425781856316,0.3431179775283942,137.6326530612245,180.0,0.8163265306122449,0.02040816326530612,0.5510204081632653,0.16326530612244897,27,0.24545454545454545,0,3.759926470588235,2.5,-73.49999999999682,49,105,0.4666666666666667,0.4312636134571589,33,16,58.650000000063756,63.50000000002865,1min,regime_filtered_ema_mild_atr_20_80_compression_off_atr_target_1p0_ts3_vq0p95_bf0p5_ra1p2,1.25,3.0,30,3,avoid_immediate_adverse_move,"{""adverse_window_minutes"": 5, ""max_adverse_ticks"": 8}",,5.0,8.0,0.5072475247524076,0.6331977344370615,0.25757840026806733,1.0,0.55,0.6391283389099918,0.5,0.15,False,7,14,0.22174332218001644,0.4150950627146027,54,-54.24999999999727,0.06060606060604867,141,-25.249999999984993,0.4,2,0,-61.749999999992724,0.33125000000000004
MGC,1H,mgc_1h_delay_adverse_filter_avoid_immediate_adverse_move_sm1p25_tm2p50_d15_ts3_aw5_mt8,delay_adverse_filter,mgc_1h_adverse_diag,52,86.25000000010232,863.2500000000391,776.9999999999368,0.40384615384615385,1.6586538461558138,-7.9999999999972715,1.1110038610040016,-288.99999999994634,0.6683279853419067,1.401549524617158,0.29844290657480393,130.48076923076923,180.0,0.9038461538461539,0.019230769230769232,0.5769230769230769,0.07692307692307693,33,0.3,0,3.9901260504201677,2.5,-73.49999999999682,52,105,0.49523809523809526,0.3035925069626927,33,19,-3.749999999938609,90.00000000004093,1min,regime_filtered_ema_mild_atr_20_80_compression_off_atr_target_1p0_ts3_vq0p95_bf0p5_ra1p2,1.25,2.5,15,3,avoid_immediate_adverse_move,"{""adverse_window_minutes"": 5, ""max_adverse_ticks"": 8}",,5.0,8.0,0.47881188118805834,0.5698319854707056,0.24925299127323286,1.0,0.55,0.7645306758712902,0.5,0.15,False,9,14,0.11379579111456263,0.41429632340343125,55,-39.749999999989996,0.5848563968669176,124,73.25000000002319,0.4,2,0,-61.749999999992724,0.33125000000000004
MGC,1H,mgc_1h_delay_stop_zone_filter_require_no_stop_zone_touch_before_entry_sm1p00_tm2p50_d5_ts3_sz0p75,delay_stop_zone_filter,mgc_1h_stop_zone_core,79,231.25000000014552,1555.750000000055,1324.4999999999095,0.379746835443038,2.92721518987526,-10.499999999999545,1.174594186485588,-294.4999999999527,0.9666635250853512,2.4395460298262264,0.7852292020379716,105.9367088607595,115.0,0.8860759493670886,0.06329113924050633,0.4177215189873418,0.05063291139240506,17,0.15454545454545454,0,6.061922268907563,2.5,-95.49999999999727,79,105,0.7523809523809524,0.5412384068471551,51,28,72.12500000010095,159.12500000004457,1min,regime_filtered_ema_mild_atr_20_80_compression_off_atr_target_1p0_ts3_vq0p95_bf0p5_ra1p2,1.0,2.5,5,3,require_no_stop_zone_touch_before_entry,"{""stop_zone_fraction"": 0.75}",0.75,,,0.5936633663366101,0.6317585166447479,0.3399679004229301,1.0,0.5,0.7266156462584967,0.203125,0.15,False,8,14,0.118197278911578,0.41054065859848565,56,896.0000000000036,4.079037800687355,31,996.6250000000218,0.8,4,0,329.62500000001,0.7531249999999999
MGC,1H,mgc_1h_delay_adverse_filter_avoid_immediate_adverse_move_sm1p25_tm3p00_d15_ts3_aw5_mt8,delay_adverse_filter,mgc_1h_adverse_diag,52,74.50000000010277,851.5000000000396,776.9999999999368,0.40384615384615385,1.4326923076942841,-7.9999999999972715,1.095881595881736,-288.99999999994634,0.5849810959328945,1.210613792278243,0.25778546712843114,131.23076923076923,180.0,0.9230769230769231,0.0,0.5961538461538461,0.07692307692307693,33,0.3,0,3.9901260504201677,2.5,-73.49999999999682,52,105,0.49523809523809526,0.2657316188086833,33,19,-15.499999999938154,90.00000000004093,1min,regime_filtered_ema_mild_atr_20_80_compression_off_atr_target_1p0_ts3_vq0p95_bf0p5_ra1p2,1.25,3.0,15,3,avoid_immediate_adverse_move,"{""adverse_window_minutes"": 5, ""max_adverse_ticks"": 8}",,5.0,8.0,0.4695049504949892,0.5551053833433539,0.24167628675214986,1.0,0.55,0.7638273089351533,0.5,0.15,False,9,14,0.11520252498683622,0.40824760612076405,57,-39.749999999989996,0.5848563968669176,125,73.25000000002319,0.4,2,0,-61.749999999992724,0.33125000000000004
MGC,1H,mgc_1h_delay_adverse_filter_avoid_immediate_adverse_move_sm1p25_tm2p50_d15_ts2_aw5_mt12,delay_adverse_filter,mgc_1h_adverse_diag,57,83.75000000011823,806.2500000000523,722.4999999999341,0.43859649122807015,1.4692982456161094,-4.499999999998181,1.1159169550174752,-194.4999999999368,0.6513324009295022,1.2715523334065046,0.43059125964085065,92.42105263157895,120.0,0.9298245614035088,0.017543859649122806,0.6491228070175439,0.05263157894736842,28,0.2545454545454545,0,4.373792016806722,2.5,-70.99999999999682,57,105,0.5428571428571428,0.3097703456846856,38,19,9.750000000074124,74.00000000004411,1min,regime_filtered_ema_mild_atr_20_80_compression_off_atr_target_1p0_ts3_vq0p95_bf0p5_ra1p2,1.25,2.5,15,2,avoid_immediate_adverse_move,"{""adverse_window_minutes"": 5, ""max_adverse_ticks"": 12}",,5.0,12.0,0.4768316831682689,0.5746165319765176,0.27387945663266205,1.0,0.55,0.6887377871666196,0.5,0.15,False,7,14,0.12252442566676065,0.40718222959884953,58,-65.49999999998363,0.7405940594059914,150,58.50000000003092,0.6,3,0,-61.749999999992724,0.33125000000000004
MGC,1H,mgc_1h_delay_adverse_filter_avoid_immediate_adverse_move_sm1p00_tm3p00_d15_ts3_aw5_mt12,delay_adverse_filter,mgc_1h_adverse_diag,57,87.6000000001045,922.1000000000413,834.4999999999368,0.38596491228070173,1.5368421052649912,-7.499999999997726,1.104973037747287,-303.99999999994634,0.5993447403676933,1.342531069572825,0.28815789473723674,122.36842105263158,180.0,0.9122807017543859,0.017543859649122806,0.5087719298245614,0.07017543859649122,28,0.2545454545454545,0,4.373792016806722,2.5,-76.49999999999864,57,105,0.5428571428571428,0.2850452812466388,38,19,-5.899999999935517,93.50000000004002,1min,regime_filtered_ema_mild_atr_20_80_compression_off_atr_target_1p0_ts3_vq0p95_bf0p5_ra1p2,1.0,3.0,15,3,avoid_immediate_adverse_move,"{""adverse_window_minutes"": 5, ""max_adverse_ticks"": 12}",,5.0,12.0,0.4798811881187532,0.5639589542889385,0.2473363310813909,1.0,0.55,0.7197025936064549,0.5,0.15,False,8,14,0.13202338421566165,0.40632386718471525,59,-45.49999999998818,0.8055555555555993,137,67.50000000002501,0.4,2,0,-61.749999999992724,0.33125000000000004
MGC,1H,mgc_1h_delay_adverse_filter_avoid_immediate_adverse_move_sm1p25_tm2p50_d30_ts3_aw5_mt8,delay_adverse_filter,mgc_1h_adverse_diag,49,102.0000000000914,795.7500000000414,693.74999999995,0.4489795918367347,2.0816326530630898,-10.999999999996817,1.1470270270271694,-355.9999999999536,0.8391178695951446,2.031434653908875,0.28651685393287835,137.6122448979592,180.0,0.8163265306122449,0.02040816326530612,0.5510204081632653,0.16326530612244897,27,0.24545454545454545,0,3.759926470588235,2.5,-73.49999999999682,49,105,0.4666666666666667,0.37001620060317997,33,16,38.500000000062755,63.50000000002865,1min,regime_filtered_ema_mild_atr_20_80_compression_off_atr_target_1p0_ts3_vq0p95_bf0p5_ra1p2,1.25,2.5,30,3,avoid_immediate_adverse_move,"{""adverse_window_minutes"": 5, ""max_adverse_ticks"": 8}",,5.0,8.0,0.49128712871280245,0.6049126317298188,0.24703051543114407,1.0,0.55,0.6365351131746884,0.5,0.15,False,7,14,0.22692977365062314,0.4042747963793991,60,-54.24999999999727,0.06060606060604867,139,-25.249999999984993,0.4,2,0,-61.749999999992724,0.33125000000000004
MGC,1H,mgc_1h_delay_stop_zone_filter_require_no_stop_zone_touch_before_entry_sm1p00_tm2p50_d15_ts3_sz0p75,delay_stop_zone_filter,mgc_1h_stop_zone_core,60,215.1250000001005,1331.125000000045,1115.9999999999445,0.43333333333333335,3.585416666668342,-10.99999999999909,1.1927643369176624,-331.9999999999641,1.0343450979468318,2.752551013972874,0.6479668674702523,121.93333333333334,180.0,0.9,0.05,0.5166666666666667,0.05,25,0.22727272727272727,0,4.6039915966386555,2.5,-85.49999999999955,60,105,0.5714285714285714,0.5047087282701354,40,20,300.5000000000655,-85.37499999996498,1min,regime_filtered_ema_mild_atr_20_80_compression_off_atr_target_1p0_ts3_vq0p95_bf0p5_ra1p2,1.0,2.5,15,3,require_no_stop_zone_touch_before_entry,"{""stop_zone_fraction"": 0.75}",0.75,,,0.5808910891088513,0.6494532583943355,0.3143884206264859,1.0,0.5,0.6311620875509332,0.203125,0.15,False,7,14,0.23767582489813352,0.3933701957272502,61,1136.500000000001,8.627516778523683,14,1181.000000000015,0.8,4,0,329.62500000001,0.7531249999999999
MGC,1H,mgc_1h_delay_adverse_filter_avoid_immediate_adverse_move_sm1p00_tm2p50_d30_ts3_aw10_mt12,delay_adverse_filter,mgc_1h_adverse_diag,44,72.50000000007958,753.5000000000332,680.9999999999536,0.4090909090909091,1.6477272727290815,-10.999999999997954,1.1064610866374223,-335.9999999999468,0.6057757881970196,1.5844766538860728,0.21577380952408054,123.02272727272727,174.0,0.7954545454545454,0.045454545454545456,0.4090909090909091,0.1590909090909091,32,0.2909090909090909,0,3.3762605042016807,2.5,-73.49999999999682,44,105,0.41904761904761906,0.2531267127701543,31,13,106.00000000005593,-33.49999999997635,1min,regime_filtered_ema_mild_atr_20_80_compression_off_atr_target_1p0_ts3_vq0p95_bf0p5_ra1p2,1.0,2.5,30,3,avoid_immediate_adverse_move,"{""adverse_window_minutes"": 10, ""max_adverse_ticks"": 12}",,10.0,12.0,0.4679207920791292,0.5654080694693623,0.23384721732614913,1.0,0.55,0.659725685785532,0.5,0.15,False,7,14,0.18054862842893582,0.39320170777645047,62,-233.4999999999991,0.014767932489447752,180,-255.99999999999,0.4,2,0,-61.749999999992724,0.33125000000000004
MGC,1H,mgc_1h_delay_stop_zone_filter_require_no_stop_zone_touch_before_entry_sm1p00_tm2p50_d5_ts3_sz1p00,delay_stop_zone_filter,mgc_1h_stop_zone_core,81,193.25000000014825,1555.750000000055,1362.4999999999068,0.37037037037037035,2.3858024691376327,-10.499999999999545,1.1418348623854395,-332.49999999995,0.7983733539705188,2.0071594129054775,0.5812030075193303,105.60493827160494,115.0,0.8888888888888888,0.06172839506172839,0.41975308641975306,0.04938271604938271,15,0.13636363636363635,0,6.215388655462185,2.5,-95.49999999999727,80,105,0.7619047619047619,0.4498324246467067,52,29,63.62500000010186,129.62500000004638,1min,regime_filtered_ema_mild_atr_20_80_compression_off_atr_target_1p0_ts3_vq0p95_bf0p5_ra1p2,1.0,2.5,5,3,require_no_stop_zone_touch_before_entry,"{""stop_zone_fraction"": 1.0}",1.0,,,0.5635643564356214,0.5998563162744127,0.301946662207284,1.0,0.5,0.7290566770186269,0.203125,0.15,False,8,14,0.11331521739131756,0.39280338542589344,63,821.0000000000082,3.2431693989071877,34,921.6250000000264,0.8,4,0,329.62500000001,0.7531249999999999
MGC,1H,mgc_1h_delay_adverse_filter_avoid_immediate_adverse_move_sm1p00_tm3p00_d30_ts3_aw5_mt8,delay_adverse_filter,mgc_1h_adverse_diag,49,61.40000000008513,789.9000000000365,728.4999999999513,0.40816326530612246,1.2530612244915333,-10.499999999999545,1.0842827728209872,-367.9999999999609,0.4890482464541363,1.2265904981633795,0.16684782608720558,129.0204081632653,179.0,0.8367346938775511,0.02040816326530612,0.46938775510204084,0.14285714285714285,27,0.24545454545454545,0,3.759926470588235,2.5,-73.49999999999682,49,105,0.4666666666666667,0.21565000653831168,33,16,27.400000000056934,34.000000000028194,1min,regime_filtered_ema_mild_atr_20_80_compression_off_atr_target_1p0_ts3_vq0p95_bf0p5_ra1p2,1.0,3.0,30,3,avoid_immediate_adverse_move,"{""adverse_window_minutes"": 5, ""max_adverse_ticks"": 8}",,5.0,8.0,0.4591287128712126,0.5438100349957243,0.2247296308536032,1.0,0.55,0.7020260907769738,0.5,0.15,False,8,14,0.1673763898746239,0.3921011078179739,64,-44.49999999999818,0.07291666666665186,135,-15.499999999985903,0.4,2,0,-61.749999999992724,0.33125000000000004
MGC,1H,mgc_1h_delay_stop_zone_filter_require_no_stop_zone_touch_before_entry_sm1p00_tm2p50_d30_ts3_sz1p00,delay_stop_zone_filter,mgc_1h_stop_zone_core,60,172.5000000001046,1126.000000000049,953.4999999999445,0.45,2.875000000001743,-5.9999999999990905,1.180912427897341,-308.99999999996226,1.0310482556538885,2.6653232010560144,0.5582524271848727,131.21666666666667,180.0,0.85,0.03333333333333333,0.5166666666666667,0.11666666666666667,16,0.14545454545454545,0,4.6039915966386555,2.5,-73.49999999999682,60,105,0.5714285714285714,0.5031000339530438,39,21,219.00000000006912,-46.49999999996453,1min,regime_filtered_ema_mild_atr_20_80_compression_off_atr_target_1p0_ts3_vq0p95_bf0p5_ra1p2,1.0,2.5,30,3,require_no_stop_zone_touch_before_entry,"{""stop_zone_fraction"": 1.0}",1.0,,,0.5471287128712301,0.6379114458959647,0.2976697139255083,1.0,0.5,0.668032786885253,0.203125,0.15,False,7,14,0.16393442622949392,0.3873321568750532,65,702.9999999999973,3.0798816568047425,48,696.5000000000123,0.6,3,0,329.62500000001,0.7531249999999999
MGC,1H,mgc_1h_delay_adverse_filter_avoid_immediate_adverse_move_sm1p00_tm2p50_d30_ts3_aw5_mt8,delay_adverse_filter,mgc_1h_adverse_diag,49,41.25000000008413,769.7500000000355,728.4999999999513,0.40816326530612246,0.8418367346955945,-10.499999999999545,1.0566231983528989,-367.9999999999609,0.3375935237705096,0.8240530626917335,0.11209239130458835,129.0,179.0,0.8367346938775511,0.02040816326530612,0.46938775510204084,0.14285714285714285,27,0.24545454545454545,0,3.759926470588235,2.5,-73.49999999999682,49,105,0.4666666666666667,0.14886475135379013,33,16,7.250000000055934,34.000000000028194,1min,regime_filtered_ema_mild_atr_20_80_compression_off_atr_target_1p0_ts3_vq0p95_bf0p5_ra1p2,1.0,2.5,30,3,avoid_immediate_adverse_move,"{""adverse_window_minutes"": 5, ""max_adverse_ticks"": 8}",,5.0,8.0,0.44316831683160746,0.5168741530421903,0.2145256987831016,1.0,0.55,0.6999826892283679,0.5,0.15,False,8,14,0.17146319297183552,0.3816847521764799,66,-44.49999999999818,0.07291666666665186,133,-15.499999999985903,0.4,2,0,-61.749999999992724,0.33125000000000004
MGC,1H,mgc_1h_delay_adverse_filter_avoid_immediate_adverse_move_sm1p25_tm3p00_d30_ts2_aw5_mt12,delay_adverse_filter,mgc_1h_adverse_diag,53,37.85000000010314,700.6000000000472,662.7499999999441,0.4716981132075472,0.7141509433981724,-6.499999999996362,1.0571105243306018,-279.49999999994816,0.32978176689118965,0.82847440173423,0.13542039356032257,97.56603773584905,120.0,0.9056603773584906,0.018867924528301886,0.6981132075471698,0.07547169811320754,23,0.20909090909090908,0,4.066859243697479,2.5,-49.74999999999909,53,105,0.5047619047619047,0.15123917683977295,37,16,18.350000000068576,19.50000000003456,1min,regime_filtered_ema_mild_atr_20_80_compression_off_atr_target_1p0_ts3_vq0p95_bf0p5_ra1p2,1.25,3.0,30,2,avoid_immediate_adverse_move,"{""adverse_window_minutes"": 5, ""max_adverse_ticks"": 12}",,5.0,12.0,0.44047524752469175,0.5173487284924903,0.21887298140998687,1.0,0.55,0.6852761605592895,0.5,0.15,False,8,14,0.20087625030999232,0.37968716649882783,67,-74.24999999999727,0.6947584789311497,161,-53.24999999998454,0.2,1,0,-61.749999999992724,0.33125000000000004
MGC,1H,mgc_1h_delay_stop_zone_filter_require_no_stop_zone_touch_before_entry_sm1p00_tm3p00_d5_ts3_sz0p50,delay_stop_zone_filter,mgc_1h_stop_zone_core,66,143.75000000011596,1270.250000000044,1126.4999999999281,0.3787878787878788,2.17803030303206,-10.499999999999545,1.127607634265535,-278.4999999999536,0.6887082319492548,1.6933521367476625,0.5161579892285095,109.16666666666667,144.5,0.8939393939393939,0.045454545454545456,0.45454545454545453,0.06060606060606061,30,0.2727272727272727,0,5.064390756302521,2.5,-95.49999999999727,66,105,0.6285714285714286,0.35245767447012616,41,25,-106.49999999992133,250.2500000000373,1min,regime_filtered_ema_mild_atr_20_80_compression_off_atr_target_1p0_ts3_vq0p95_bf0p5_ra1p2,1.0,3.0,5,3,require_no_stop_zone_touch_before_entry,"{""stop_zone_fraction"": 0.5}",0.5,,,0.5243564356435158,0.5860013331615711,0.2898252179926765,1.0,0.5,0.6663061026800043,0.203125,0.15,False,7,14,0.1673877946399914,0.37096000186191946,68,1085.999999999999,11.75247524752484,18,1095.0000000000114,0.8,4,0,329.62500000001,0.7531249999999999
MGC,1H,mgc_1h_delay_stop_zone_filter_require_no_stop_zone_touch_before_entry_sm1p00_tm2p50_d30_ts3_sz0p75,delay_stop_zone_filter,mgc_1h_stop_zone_core,46,130.50000000007458,902.0000000000323,771.4999999999577,0.41304347826086957,2.8369565217407517,-12.999999999998408,1.1691510045367228,-272.99999999997226,0.9601892523327833,2.5397137867947284,0.4780219780222998,126.65217391304348,180.0,0.8695652173913043,0.043478260869565216,0.5217391304347826,0.08695652173913043,30,0.2727272727272727,0,3.529726890756302,2.5,-73.49999999999682,46,105,0.4380952380952381,0.410237621876793,29,17,234.00000000004866,-103.49999999997408,1min,regime_filtered_ema_mild_atr_20_80_compression_off_atr_target_1p0_ts3_vq0p95_bf0p5_ra1p2,1.0,2.5,30,3,require_no_stop_zone_touch_before_entry,"{""stop_zone_fraction"": 0.75}",0.75,,,0.5138613861385323,0.6264577515662614,0.28271839344945165,1.0,0.5,0.5897158588142696,0.203125,0.15,False,6,14,0.2491397109428893,0.3643977153805169,69,891.9999999999982,6.986577181208188,32,857.5000000000091,0.8,4,0,329.62500000001,0.7531249999999999
MGC,1H,mgc_1h_delay_stop_zone_filter_require_no_stop_zone_touch_before_entry_sm1p00_tm2p50_d5_ts3_sz0p50,delay_stop_zone_filter,mgc_1h_stop_zone_core,66,79.62500000011687,1206.125000000045,1126.4999999999281,0.3787878787878788,1.2064393939411646,-10.499999999999545,1.07068353306713,-278.4999999999536,0.40619004324336866,0.9379698357469342,0.2859066427293721,107.84848484848484,129.0,0.8787878787878788,0.06060606060606061,0.4393939393939394,0.06060606060606061,30,0.2727272727272727,0,5.064390756302521,2.5,-95.49999999999727,66,105,0.6285714285714286,0.20787438191246463,41,25,-151.99999999992087,231.62500000003774,1min,regime_filtered_ema_mild_atr_20_80_compression_off_atr_target_1p0_ts3_vq0p95_bf0p5_ra1p2,1.0,2.5,5,3,require_no_stop_zone_touch_before_entry,"{""stop_zone_fraction"": 0.5}",0.5,,,0.4735643564355945,0.5305666093931243,0.24691679971152725,1.0,0.5,0.6690807574041171,0.203125,0.15,False,7,14,0.16183848519176589,0.34369457673309045,70,1085.999999999999,11.75247524752484,17,1095.0000000000114,0.8,4,0,329.62500000001,0.7531249999999999
MGC,1H,mgc_1h_delay_stop_zone_filter_require_no_stop_zone_touch_before_entry_sm1p00_tm2p50_d30_ts3_sz0p50,delay_stop_zone_filter,mgc_1h_stop_zone_core,20,119.7500000000332,467.2500000000173,347.4999999999841,0.45,5.98750000000166,-5.9999999999990905,1.344604316546874,-164.99999999998636,1.8585729160888989,4.249579616961598,0.725757575757837,128.4,179.5,0.8,0.05,0.5,0.15,56,0.509090909090909,0,1.5346638655462184,2.5,-73.49999999999682,20,105,0.19047619047619047,0.5235936025852397,16,4,264.75000000002865,-144.99999999999545,1min,regime_filtered_ema_mild_atr_20_80_compression_off_atr_target_1p0_ts3_vq0p95_bf0p5_ra1p2,1.0,2.5,30,3,require_no_stop_zone_touch_before_entry,"{""stop_zone_fraction"": 0.5}",0.5,,,0.5053465346533508,0.7973204561286371,0.3288850839482922,0.5,0.5,0.5581611022787453,0.203125,0.2,False,5,10,0.3836777954425094,0.2990590760904532,71,834.9999999999909,19.351648351649253,33,812.9999999999973,0.4,2,0,329.62500000001,0.7531249999999999
MGC,1H,mgc_1h_none_baseline_none_sm1p00_tm3p00_d30_ts3,none_baseline,mgc_1h_none_core,76,63.00000000013142,1370.0000000000546,1306.9999999999231,0.39473684210526316,0.8289473684227818,-12.999999999998408,1.0482019892885501,-420.9999999999218,0.2877541018600343,0.7199969295928624,0.14964370546352287,118.59210526315789,175.5,0.881578947368421,0.02631578947368421,0.4473684210526316,0.09210526315789473,0,0.0,0,5.8317226890756295,2.5,-90.49999999999955,76,105,0.7238095238095238,0.15802581864638676,53,23,165.50000000009277,-102.49999999996135,1min,regime_filtered_ema_mild_atr_20_80_compression_off_atr_target_1p0_ts3_vq0p95_bf0p5_ra1p2,1.0,3.0,30,3,none,{},,,,0.46039603960392256,0.5086732787472863,0.22152356228938272,1.0,0.8,0.5742933537051095,0.6666666666666666,0.3,False,5,14,0.2085561497326381,0.25318640106941565,72,754.4999999999936,2.6527929901424034,46,733.5000000000105,0.6,3,0,797.4999999999818,0.6814814814814812
MGC,1H,mgc_1h_none_baseline_none_sm1p00_tm2p50_d30_ts3,none_baseline,mgc_1h_none_core,76,17.500000000131877,1324.500000000055,1306.9999999999231,0.39473684210526316,0.23026315789647206,-12.999999999998408,1.0133894414691147,-420.9999999999218,0.08289731235412066,0.1999991471102184,0.04156769596231622,118.5657894736842,175.5,0.881578947368421,0.02631578947368421,0.4473684210526316,0.09210526315789473,0,0.0,0,5.8317226890756295,2.5,-90.49999999999955,76,105,0.7238095238095238,0.045524687793041585,53,23,120.00000000009322,-102.49999999996135,1min,regime_filtered_ema_mild_atr_20_80_compression_off_atr_target_1p0_ts3_vq0p95_bf0p5_ra1p2,1.0,2.5,30,3,none,{},,,,0.42435643564352604,0.4747715757529784,0.20138309105069394,1.0,0.8,0.5698858735319393,0.6666666666666666,0.3,False,5,14,0.21737111007897852,0.23551594696669592,73,754.4999999999936,2.6527929901424034,45,733.5000000000105,0.6,3,0,797.4999999999818,0.6814814814814812
MGC,1H,mgc_1h_delay_adverse_filter_avoid_immediate_adverse_move_sm1p00_tm3p00_d15_ts2_aw10_mt12,delay_adverse_filter,mgc_1h_adverse_diag,46,23.100000000090404,665.6000000000381,642.4999999999477,0.41304347826086957,0.5021739130454436,-5.999999999997954,1.0359533073931397,-184.49999999994816,0.2103992746108573,0.487978101337568,0.1252032520330455,92.0,120.0,0.9347826086956522,0.021739130434782608,0.6086956521739131,0.043478260869565216,39,0.35454545454545455,0,3.529726890756302,2.5,-70.49999999999727,46,105,0.4380952380952381,0.08989238095642185,31,15,22.600000000056752,0.5000000000336513,1min,regime_filtered_ema_mild_atr_20_80_compression_off_atr_target_1p0_ts3_vq0p95_bf0p5_ra1p2,1.0,3.0,15,2,avoid_immediate_adverse_move,"{""adverse_window_minutes"": 10, ""max_adverse_ticks"": 12}",,10.0,12.0,0.42879207920784973,0.4967450746455994,0.21696896916877398,1.0,0.55,0.6425197887010984,0.5,0.3,False,6,14,0.1435318511692319,0.21653074445117065,74,-185.49999999999272,0.18281938325992103,177,-133.99999999998045,0.2,1,0,-61.749999999992724,0.33125000000000004
MGC,1H,mgc_1h_delay_adverse_filter_avoid_immediate_adverse_move_sm1p25_tm2p50_d30_ts2_aw5_mt12,delay_adverse_filter,mgc_1h_adverse_diag,53,12.500000000104592,675.2500000000487,662.7499999999441,0.4716981132075472,0.235849056605747,-6.499999999996362,1.0188608072427094,-279.49999999994816,0.11542207021678719,0.2736044919877492,0.0447227191417063,97.54716981132076,120.0,0.9056603773584906,0.018867924528301886,0.6981132075471698,0.07547169811320754,23,0.20909090909090908,0,4.066859243697479,2.5,-49.74999999999909,53,105,0.5047619047619047,0.05293300188572592,37,16,-6.999999999929969,19.50000000003456,1min,regime_filtered_ema_mild_atr_20_80_compression_off_atr_target_1p0_ts3_vq0p95_bf0p5_ra1p2,1.25,2.5,30,2,avoid_immediate_adverse_move,"{""adverse_window_minutes"": 5, ""max_adverse_ticks"": 12}",,5.0,12.0,0.4203960396039004,0.4800997872470557,0.20197104441698838,1.0,0.55,0.6808825342043645,0.5,0.3,False,8,14,0.20966350301984235,0.21502720216339416,75,-74.24999999999727,0.6947584789311497,160,-53.24999999998454,0.2,1,0,-61.749999999992724,0.33125000000000004
MGC,1H,mgc_1h_none_baseline_none_sm1p00_tm3p00_d15_ts2,none_baseline,mgc_1h_none_core,85,-74.39999999984593,1260.6000000000654,1334.9999999999113,0.38823529411764707,-0.8752941176452462,-7.499999999997726,0.94426966292146,-266.49999999996,-0.34249815902896724,-0.6889472302557677,-0.27917448405199663,77.2,120.0,0.9411764705882353,0.011764705882352941,0.5058823529411764,0.047058823529411764,0,0.0,0,6.522321428571428,2.5,-85.49999999999955,85,105,0.8095238095238095,-0.1989149541066752,55,30,43.6000000000945,-117.99999999994043,1min,regime_filtered_ema_mild_atr_20_80_compression_off_atr_target_1p0_ts3_vq0p95_bf0p5_ra1p2,1.0,3.0,15,2,none,{},,,,0.3515643564356211,0.4074602656038632,0.1416112815489703,1.0,0.8,0.6774139095205848,0.6666666666666666,0.3,False,7,14,0.14517218095883042,0.21465870306833018,76,367.00000000000273,1.8388571428571665,75,415.50000000002456,1.0,5,0,797.4999999999818,0.6814814814814812
MGC,1H,mgc_1h_delay_adverse_filter_avoid_immediate_adverse_move_sm1p25_tm3p00_d15_ts2_aw10_mt12,delay_adverse_filter,mgc_1h_adverse_diag,46,7.60000000009768,665.6000000000381,657.9999999999404,0.41304347826086957,0.1652173913064713,-4.624999999997499,1.0115501519758334,-192.9999999999427,0.06745283106193431,0.13656430979553547,0.039378238342486716,94.93478260869566,120.0,0.9347826086956522,0.021739130434782608,0.6739130434782609,0.043478260869565216,39,0.35454545454545455,0,3.529726890756302,2.5,-70.99999999999682,46,105,0.4380952380952381,0.028818994730962194,31,15,6.3500000000613,1.2500000000363798,1min,regime_filtered_ema_mild_atr_20_80_compression_off_atr_target_1p0_ts3_vq0p95_bf0p5_ra1p2,1.25,3.0,15,2,avoid_immediate_adverse_move,"{""adverse_window_minutes"": 10, ""max_adverse_ticks"": 12}",,10.0,12.0,0.41651485148508294,0.4729804099226234,0.20097507535485157,1.0,0.55,0.6452902328814674,0.5,0.3,False,6,14,0.1379909628084939,0.20733884851698908,77,-169.9999999999909,0.1962174940898464,175,-118.49999999997863,0.2,1,0,-61.749999999992724,0.33125000000000004
MGC,1H,mgc_1h_none_baseline_none_sm1p50_tm3p00_d15_ts2,none_baseline,mgc_1h_none_core,85,-103.89999999984184,1300.1000000000658,1403.9999999999077,0.4,-1.22235294117461,-4.999999999997726,0.9259971509972588,-312.49999999997044,-0.4533851987879346,-0.786113862717498,-0.3324799999995253,86.29411764705883,120.0,0.9176470588235294,0.011764705882352941,0.6235294117647059,0.07058823529411765,0,0.0,0,6.522321428571428,2.5,-100.99999999999909,85,105,0.8095238095238095,-0.26331556427992453,55,30,28.60000000009677,-132.4999999999386,1min,regime_filtered_ema_mild_atr_20_80_compression_off_atr_target_1p0_ts3_vq0p95_bf0p5_ra1p2,1.5,3.0,15,2,none,{},,,,0.32819801980196045,0.38966584057564463,0.13167754865339476,1.0,0.8,0.6793960499952214,0.6666666666666666,0.3,False,7,14,0.1412079000095571,0.20523381187281348,78,324.4999999999982,1.6760416666666693,83,372.0000000000232,1.0,5,0,797.4999999999818,0.6814814814814812
MGC,1H,mgc_1h_none_baseline_none_sm1p00_tm2p50_d15_ts2,none_baseline,mgc_1h_none_core,85,-99.74999999984448,1235.2500000000668,1334.9999999999113,0.38823529411764707,-1.1735294117628763,-7.499999999997726,0.925280898876516,-266.49999999996,-0.4710339242803397,-0.9236893308877419,-0.3742964352715177,77.18823529411765,120.0,0.9411764705882353,0.011764705882352941,0.5058823529411764,0.047058823529411764,0,0.0,0,6.522321428571428,2.5,-85.49999999999955,85,105,0.8095238095238095,-0.2735655330135262,55,30,18.25000000009595,-117.99999999994043,1min,regime_filtered_ema_mild_atr_20_80_compression_off_atr_target_1p0_ts3_vq0p95_bf0p5_ra1p2,1.0,2.5,15,2,none,{},,,,0.3314851485148297,0.3889683286672255,0.12388485982460665,1.0,0.8,0.6752823631624578,0.6666666666666666,0.3,False,7,14,0.1494352736750844,0.20396577888447082,79,367.00000000000273,1.8388571428571665,74,415.50000000002456,1.0,5,0,797.4999999999818,0.6814814814814812
MGC,1H,mgc_1h_delay_adverse_filter_avoid_immediate_adverse_move_sm1p00_tm2p50_d15_ts2_aw5_mt8,delay_adverse_filter,mgc_1h_adverse_diag,52,1.000444171950221e-10,668.000000000045,667.999999999945,0.4230769230769231,1.9239310999042713e-12,-4.499999999998181,1.0000000000001497,-190.9999999999809,9.531951713293197e-13,1.897342941061166e-12,5.237927601834142e-13,91.21153846153847,120.0,0.9423076923076923,0.0,0.6153846153846154,0.057692307692307696,33,0.3,0,3.9901260504201677,2.5,-70.49999999999727,52,105,0.49523809523809526,4.329953526344665e-13,33,19,-74.49999999994134,74.50000000004138,1min,regime_filtered_ema_mild_atr_20_80_compression_off_atr_target_1p0_ts3_vq0p95_bf0p5_ra1p2,1.0,2.5,15,2,avoid_immediate_adverse_move,"{""adverse_window_minutes"": 5, ""max_adverse_ticks"": 8}",,5.0,8.0,0.41049504950488663,0.4617324592167535,0.19363675595892973,1.0,0.55,0.6427690681698045,0.5,0.3,False,6,14,0.14303329223181963,0.2024063753636382,80,-62.99999999998818,0.397129186602921,146,61.000000000026375,0.4,2,0,-61.749999999992724,0.33125000000000004
MGC,1H,mgc_1h_delay_adverse_filter_avoid_immediate_adverse_move_sm1p00_tm3p00_d15_ts2_aw5_mt8,delay_adverse_filter,mgc_1h_adverse_diag,52,1.000444171950221e-10,668.000000000045,667.999999999945,0.4230769230769231,1.9239310999042713e-12,-4.499999999998181,1.0000000000001497,-190.9999999999809,9.531951713293197e-13,1.897342941061166e-12,5.237927601834142e-13,91.21153846153847,120.0,0.9423076923076923,0.0,0.6153846153846154,0.057692307692307696,33,0.3,0,3.9901260504201677,2.5,-70.49999999999727,52,105,0.49523809523809526,4.329953526344665e-13,33,19,-74.49999999994134,74.50000000004138,1min,regime_filtered_ema_mild_atr_20_80_compression_off_atr_target_1p0_ts3_vq0p95_bf0p5_ra1p2,1.0,3.0,15,2,avoid_immediate_adverse_move,"{""adverse_window_minutes"": 5, ""max_adverse_ticks"": 8}",,5.0,8.0,0.41049504950488663,0.4617324592167535,0.19363675595892973,1.0,0.55,0.6427690681698045,0.5,0.3,False,6,14,0.14303329223181963,0.2024063753636382,81,-62.99999999998818,0.397129186602921,147,61.000000000026375,0.4,2,0,-61.749999999992724,0.33125000000000004
MGC,1H,mgc_1h_delay_adverse_filter_avoid_immediate_adverse_move_sm1p00_tm2p50_d15_ts2_aw10_mt12,delay_adverse_filter,mgc_1h_adverse_diag,46,-2.249999999908141,640.2500000000396,642.4999999999477,0.41304347826086957,-0.048913043476263934,-5.999999999997954,0.9964980544748508,-184.49999999994816,-0.021652376230461592,-0.04753033454374051,-0.012195121950725057,91.97826086956522,120.0,0.9347826086956522,0.021739130434782608,0.6086956521739131,0.043478260869565216,39,0.35454545454545455,0,3.529726890756302,2.5,-70.49999999999727,46,105,0.4380952380952381,-0.009250904768185863,31,15,-2.7499999999417923,0.5000000000336513,1min,regime_filtered_ema_mild_atr_20_80_compression_off_atr_target_1p0_ts3_vq0p95_bf0p5_ra1p2,1.0,2.5,15,2,avoid_immediate_adverse_move,"{""adverse_window_minutes"": 10, ""max_adverse_ticks"": 12}",,10.0,12.0,0.4087128712870583,0.45832213953211826,0.19136413778913428,1.0,0.55,0.6454634063652108,0.5,0.3,False,6,14,0.13764461584100685,0.20143113378698713,82,-185.49999999999272,0.18281938325992103,176,-133.99999999998045,0.2,1,0,-61.749999999992724,0.33125000000000004
MGC,1H,mgc_1h_delay_adverse_filter_avoid_immediate_adverse_move_sm1p00_tm3p00_d30_ts2_aw5_mt12,delay_adverse_filter,mgc_1h_adverse_diag,53,-17.399999999904594,686.1000000000445,703.4999999999491,0.4528301886792453,-0.3283018867906527,-8.49999999999909,0.9752665245203896,-286.999999999955,-0.15051162544878366,-0.39829004250015954,-0.060627177700025514,93.45283018867924,120.0,0.9245283018867925,0.018867924528301886,0.6415094339622641,0.05660377358490566,23,0.20909090909090908,0,4.066859243697479,2.5,-49.49999999999818,53,105,0.5047619047619047,-0.06902520582710357,37,16,-30.399999999938245,13.000000000033651,1min,regime_filtered_ema_mild_atr_20_80_compression_off_atr_target_1p0_ts3_vq0p95_bf0p5_ra1p2,1.0,3.0,30,2,avoid_immediate_adverse_move,"{""adverse_window_minutes"": 5, ""max_adverse_ticks"": 12}",,5.0,12.0,0.39671287128706084,0.43764611701390865,0.1823385970576506,1.0,0.55,0.6771418450483194,0.5,0.3,False,8,14,0.21714488133193255,0.1982938639760895,83,-80.99999999999909,0.6760000000000036,165,-59.99999999998636,0.2,1,0,-61.749999999992724,0.33125000000000004
MGC,1H,mgc_1h_none_baseline_none_sm1p50_tm2p50_d15_ts2,none_baseline,mgc_1h_none_core,85,-129.24999999984038,1274.7500000000673,1403.9999999999077,0.4,-1.5205882352922397,-4.999999999997726,0.907941595441703,-312.49999999997044,-0.5770512242788369,-0.9779135395213262,-0.41359999999952834,86.28235294117647,120.0,0.9176470588235294,0.011764705882352941,0.6235294117647059,0.07058823529411765,0,0.0,0,6.522321428571428,2.5,-100.99999999999909,85,105,0.8095238095238095,-0.3351379117483594,55,30,3.2500000000982254,-132.4999999999386,1min,regime_filtered_ema_mild_atr_20_80_compression_off_atr_target_1p0_ts3_vq0p95_bf0p5_ra1p2,1.5,2.5,15,2,none,{},,,,0.308118811881169,0.372082695411534,0.11656045620685831,1.0,0.8,0.6776460523099406,0.6666666666666666,0.3,False,7,14,0.14470789538011897,0.1951712777360604,84,324.4999999999982,1.6760416666666693,82,372.0000000000232,1.0,5,0,797.4999999999818,0.6814814814814812
MGC,1H,mgc_1h_delay_adverse_filter_avoid_immediate_adverse_move_sm1p00_tm3p00_d15_ts3_aw5_mt8,delay_adverse_filter,mgc_1h_adverse_diag,52,-40.999999999903594,760.5000000000359,801.4999999999395,0.36538461538461536,-0.7884615384596845,-9.499999999999318,0.9488459139115325,-275.4999999999518,-0.3372399392016686,-0.6780889990517824,-0.148820326678442,124.46153846153847,180.0,0.9230769230769231,0.0,0.5192307692307693,0.07692307692307693,33,0.3,0,3.9901260504201677,2.5,-76.49999999999864,52,105,0.49523809523809526,-0.15319352299425668,33,19,-134.4999999999436,93.50000000004002,1min,regime_filtered_ema_mild_atr_20_80_compression_off_atr_target_1p0_ts3_vq0p95_bf0p5_ra1p2,1.0,3.0,15,3,avoid_immediate_adverse_move,"{""adverse_window_minutes"": 5, ""max_adverse_ticks"": 8}",,5.0,8.0,0.3780198019801305,0.4119167823373564,0.1659033901264643,1.0,0.55,0.7226851229673452,0.5,0.3,False,8,14,0.12605832549388105,0.19377559382756893,85,-21.999999999989086,0.7179487179488315,121,91.0000000000241,0.4,2,0,-61.749999999992724,0.33125000000000004
MGC,1H,mgc_1h_delay_adverse_filter_avoid_immediate_adverse_move_sm1p25_tm2p50_d15_ts2_aw10_mt12,delay_adverse_filter,mgc_1h_adverse_diag,46,-17.749999999900865,640.2500000000396,657.9999999999404,0.41304347826086957,-0.3858695652152362,-4.624999999997499,0.9730243161095707,-192.9999999999427,-0.16598317483646158,-0.3189495393192186,-0.09196891191661209,94.91304347826087,120.0,0.9347826086956522,0.021739130434782608,0.6739130434782609,0.043478260869565216,39,0.35454545454545455,0,3.529726890756302,2.5,-70.99999999999682,46,105,0.4380952380952381,-0.07091575202600828,31,15,-18.999999999937245,1.2500000000363798,1min,regime_filtered_ema_mild_atr_20_80_compression_off_atr_target_1p0_ts3_vq0p95_bf0p5_ra1p2,1.25,2.5,15,2,avoid_immediate_adverse_move,"{""adverse_window_minutes"": 10, ""max_adverse_ticks"": 12}",,10.0,12.0,0.3964356435642915,0.4354625743444898,0.17649791789607644,1.0,0.55,0.6450526495289198,0.5,0.3,False,6,14,0.138466129513589,0.19211222869550582,86,-169.9999999999909,0.1962174940898464,174,-118.49999999997863,0.2,1,0,-61.749999999992724,0.33125000000000004
MGC,1H,mgc_1h_delay_adverse_filter_avoid_immediate_adverse_move_sm1p00_tm3p00_d15_ts3_aw10_mt12,delay_adverse_filter,mgc_1h_adverse_diag,46,-34.89999999991369,748.100000000029,782.9999999999427,0.34782608695652173,-0.7586956521720367,-12.499999999997726,0.9554278416348452,-303.49999999995134,-0.277780765467451,-0.6481348651368574,-0.1149917627674441,124.71739130434783,179.0,0.9130434782608695,0.021739130434782608,0.5,0.06521739130434782,39,0.35454545454545455,0,3.529726890756302,2.5,-76.49999999999864,46,105,0.4380952380952381,-0.11868089582509435,31,15,-29.399999999945976,-5.499999999967713,1min,regime_filtered_ema_mild_atr_20_80_compression_off_atr_target_1p0_ts3_vq0p95_bf0p5_ra1p2,1.0,3.0,15,3,avoid_immediate_adverse_move,"{""adverse_window_minutes"": 10, ""max_adverse_ticks"": 12}",,10.0,12.0,0.3828514851484395,0.4183264987408531,0.17220750166463122,1.0,0.55,0.6468783682944976,0.5,0.3,False,6,14,0.13481469198243332,0.18559847727172796,87,-144.49999999999363,0.2793017456359322,173,-78.99999999998272,0.4,2,0,-61.749999999992724,0.33125000000000004
MGC,1H,mgc_1h_delay_adverse_filter_avoid_immediate_adverse_move_sm1p00_tm2p50_d30_ts2_aw5_mt12,delay_adverse_filter,mgc_1h_adverse_diag,53,-42.74999999990314,660.7500000000459,703.4999999999491,0.4528301886792453,-0.8066037735830781,-8.49999999999909,0.9392324093817964,-286.999999999955,-0.3917365007807298,-0.9785574320078508,-0.14895470383243847,93.43396226415095,120.0,0.9245283018867925,0.018867924528301886,0.6415094339622641,0.05660377358490566,23,0.20909090909090908,0,4.066859243697479,2.5,-49.49999999999818,53,105,0.5047619047619047,-0.17965185423886282,37,16,-55.74999999993679,13.000000000033651,1min,regime_filtered_ema_mild_atr_20_80_compression_off_atr_target_1p0_ts3_vq0p95_bf0p5_ra1p2,1.0,2.5,30,2,avoid_immediate_adverse_move,"{""adverse_window_minutes"": 5, ""max_adverse_ticks"": 12}",,5.0,12.0,0.37663366336626947,0.4025548081149586,0.16587834831359857,1.0,0.55,0.6730578183985708,0.5,0.3,False,8,14,0.2253129346314298,0.18417811930307104,88,-80.99999999999909,0.6760000000000036,164,-59.99999999998636,0.2,1,0,-61.749999999992724,0.33125000000000004
MGC,1H,mgc_1h_delay_adverse_filter_avoid_immediate_adverse_move_sm1p25_tm2p50_d15_ts2_aw5_mt8,delay_adverse_filter,mgc_1h_adverse_diag,52,-34.749999999892225,668.000000000045,702.7499999999372,0.4230769230769231,-0.6682692307671582,-4.624999999997499,0.9505514051940301,-206.74999999991087,-0.31878467791122733,-0.569514597221405,-0.16807738814949072,93.51923076923077,120.0,0.9423076923076923,0.0,0.6538461538461539,0.057692307692307696,33,0.3,0,3.9901260504201677,2.5,-70.99999999999682,52,105,0.49523809523809526,-0.1448100957479021,33,19,-108.74999999993634,74.00000000004411,1min,regime_filtered_ema_mild_atr_20_80_compression_off_atr_target_1p0_ts3_vq0p95_bf0p5_ra1p2,1.25,2.5,15,2,avoid_immediate_adverse_move,"{""adverse_window_minutes"": 5, ""max_adverse_ticks"": 8}",,5.0,8.0,0.3829702970296446,0.4135776506891504,0.1623147464072031,1.0,0.55,0.6482076738413929,0.5,0.3,False,6,14,0.1321560808886428,0.18338795258104845,89,-80.74999999998909,0.3394683026585219,162,43.250000000025466,0.4,2,0,-61.749999999992724,0.33125000000000004
MGC,1H,mgc_1h_delay_adverse_filter_avoid_immediate_adverse_move_sm1p25_tm3p00_d15_ts2_aw5_mt8,delay_adverse_filter,mgc_1h_adverse_diag,52,-34.749999999892225,668.000000000045,702.7499999999372,0.4230769230769231,-0.6682692307671582,-4.624999999997499,0.9505514051940301,-206.74999999991087,-0.31878467791122733,-0.569514597221405,-0.16807738814949072,93.51923076923077,120.0,0.9423076923076923,0.0,0.6538461538461539,0.057692307692307696,33,0.3,0,3.9901260504201677,2.5,-70.99999999999682,52,105,0.49523809523809526,-0.1448100957479021,33,19,-108.74999999993634,74.00000000004411,1min,regime_filtered_ema_mild_atr_20_80_compression_off_atr_target_1p0_ts3_vq0p95_bf0p5_ra1p2,1.25,3.0,15,2,avoid_immediate_adverse_move,"{""adverse_window_minutes"": 5, ""max_adverse_ticks"": 8}",,5.0,8.0,0.3829702970296446,0.4135776506891504,0.1623147464072031,1.0,0.55,0.6482076738413929,0.5,0.3,False,6,14,0.1321560808886428,0.18338795258104845,90,-80.74999999998909,0.3394683026585219,163,43.250000000025466,0.4,2,0,-61.749999999992724,0.33125000000000004
MGC,1H,mgc_1h_none_baseline_none_sm1p25_tm3p00_d15_ts2,none_baseline,mgc_1h_none_core,85,-159.6499999998332,1260.6000000000654,1420.2499999998986,0.38823529411764707,-1.8782352941156848,-7.2499999999990905,0.8875902129907801,-294.99999999996135,-0.7057097131082427,-1.2691473724870637,-0.5411864406774716,80.90588235294118,120.0,0.9294117647058824,0.011764705882352941,0.5647058823529412,0.058823529411764705,0,0.0,0,6.522321428571428,2.5,-105.99999999999909,85,105,0.8095238095238095,-0.4098597656511448,55,30,6.60000000010541,-166.2499999999386,1min,regime_filtered_ema_mild_atr_20_80_compression_off_atr_target_1p0_ts3_vq0p95_bf0p5_ra1p2,1.25,3.0,15,2,none,{},,,,0.2840396039603821,0.3522637919818468,0.09278412461596908,1.0,0.8,0.6808244934612904,0.6666666666666666,0.3,False,7,14,0.1383510130774194,0.18330197190003478,91,350.00000000000455,1.7700770077007986,79,403.0000000000291,1.0,5,0,797.4999999999818,0.6814814814814812
MGC,1H,mgc_1h_none_baseline_none_sm1p25_tm2p50_d15_ts2,none_baseline,mgc_1h_none_core,85,-184.99999999983174,1235.2500000000668,1420.2499999998986,0.38823529411764707,-2.1764705882333146,-7.2499999999990905,0.8697412427390636,-294.99999999996135,-0.8372915802590205,-1.4706687373012122,-0.6271186440673084,80.89411764705882,120.0,0.9294117647058824,0.011764705882352941,0.5647058823529412,0.058823529411764705,0,0.0,0,6.522321428571428,2.5,-105.99999999999909,85,105,0.8095238095238095,-0.48627944959856684,55,30,-18.749999999893134,-166.2499999999386,1min,regime_filtered_ema_mild_atr_20_80_compression_off_atr_target_1p0_ts3_vq0p95_bf0p5_ra1p2,1.25,2.5,15,2,none,{},,,,0.2639603960395907,0.3348818269683552,0.07677025549887478,1.0,0.8,0.6787983824378861,0.6666666666666666,0.3,False,7,14,0.14240323512422765,0.17310374029210335,92,350.00000000000455,1.7700770077007986,78,403.0000000000291,1.0,5,0,797.4999999999818,0.6814814814814812
MGC,1H,mgc_1h_delay_stop_zone_filter_require_no_stop_zone_touch_before_entry_sm1p25_tm3p00_d15_ts2_sz0p50,delay_stop_zone_filter,mgc_1h_stop_zone_core,44,8.100000000079035,824.1000000000372,815.9999999999582,0.45454545454545453,0.18409090909270534,-5.499999999998408,1.0099264705883326,-226.49999999997362,0.05830412500235378,0.10665369442755851,0.03576158940432662,95.5909090909091,120.0,0.9318181818181818,0.022727272727272728,0.7272727272727273,0.045454545454545456,41,0.37272727272727274,0,3.3762605042016807,2.5,-105.99999999999909,44,105,0.41904761904761906,0.0243626962158911,29,15,169.85000000005357,-161.74999999997453,1min,regime_filtered_ema_mild_atr_20_80_compression_off_atr_target_1p0_ts3_vq0p95_bf0p5_ra1p2,1.25,3.0,15,2,require_no_stop_zone_touch_before_entry,"{""stop_zone_fraction"": 0.5}",0.5,,,0.41691089108902857,0.47139921096982207,0.20030109586342118,1.0,0.5,0.7161134163208815,0.203125,0.3,False,9,14,0.2106303102153797,0.1705929472394156,93,478.74999999999545,3.439490445859793,60,500.50000000000864,1.0,5,0,329.62500000001,0.7531249999999999
MGC,1H,mgc_1h_delay_adverse_filter_avoid_immediate_adverse_move_sm1p25_tm3p00_d30_ts2_aw10_mt12,delay_adverse_filter,mgc_1h_adverse_diag,44,-85.89999999991278,535.1000000000363,620.9999999999491,0.45454545454545453,-1.952272727270745,-10.749999999997044,0.8616747181965865,-277.7499999999395,-0.8975531104161893,-2.3374807856282405,-0.30927092709246257,94.1590909090909,120.0,0.9090909090909091,0.022727272727272728,0.6818181818181818,0.06818181818181818,32,0.2909090909090909,0,3.3762605042016807,2.5,-49.74999999999909,44,105,0.41904761904761906,-0.37504745617595664,31,13,-31.89999999994143,-53.99999999997135,1min,regime_filtered_ema_mild_atr_20_80_compression_off_atr_target_1p0_ts3_vq0p95_bf0p5_ra1p2,1.25,3.0,30,2,avoid_immediate_adverse_move,"{""adverse_window_minutes"": 10, ""max_adverse_ticks"": 12}",,10.0,12.0,0.3424554455444788,0.32702635713449607,0.13600266823838567,1.0,0.55,0.6965857645875262,0.5,0.3,False,8,14,0.17825704225351915,0.1612846254596818,94,-242.74999999999636,0.0020554984583836494,183,-263.2499999999868,0.2,1,0,-61.749999999992724,0.33125000000000004
MGC,1H,mgc_1h_delay_stop_zone_filter_require_no_stop_zone_touch_before_entry_sm1p25_tm2p50_d15_ts2_sz0p50,delay_stop_zone_filter,mgc_1h_stop_zone_core,44,-17.24999999991951,798.7500000000387,815.9999999999582,0.45454545454545453,-0.3920454545436252,-5.499999999998408,0.9788602941177447,-226.49999999997362,-0.12823081895278524,-0.22713286775911706,-0.0761589403970045,95.56818181818181,120.0,0.9318181818181818,0.022727272727272728,0.7272727272727273,0.045454545454545456,41,0.37272727272727274,0,3.3762605042016807,2.5,-105.99999999999909,44,105,0.41904761904761906,-0.05358194617508654,29,15,144.50000000005502,-161.74999999997453,1min,regime_filtered_ema_mild_atr_20_80_compression_off_atr_target_1p0_ts3_vq0p95_bf0p5_ra1p2,1.25,2.5,15,2,require_no_stop_zone_touch_before_entry,"{""stop_zone_fraction"": 0.5}",0.5,,,0.39683168316823714,0.44114585826098524,0.1794441802363009,1.0,0.5,0.7369251912933606,0.203125,0.3,False,9,14,0.16900676027042164,0.16051966401529377,95,478.74999999999545,3.439490445859793,59,500.50000000000864,1.0,5,0,329.62500000001,0.7531249999999999
MGC,1H,mgc_1h_delay_adverse_filter_avoid_immediate_adverse_move_sm1p00_tm3p00_d30_ts2_aw10_mt12,delay_adverse_filter,mgc_1h_adverse_diag,44,-88.89999999991915,535.1000000000363,623.9999999999554,0.45454545454545453,-2.020454545452708,-9.499999999998181,0.8575320512821707,-286.9999999999459,-0.9327406811118315,-2.6029497946739553,-0.3097560975607523,90.38636363636364,120.0,0.9090909090909091,0.022727272727272728,0.6136363636363636,0.06818181818181818,32,0.2909090909090909,0,3.3762605042016807,2.5,-49.49999999999818,44,105,0.41904761904761906,-0.38975077425848537,31,13,-28.399999999946886,-60.49999999997226,1min,regime_filtered_ema_mild_atr_20_80_compression_off_atr_target_1p0_ts3_vq0p95_bf0p5_ra1p2,1.0,3.0,30,2,avoid_immediate_adverse_move,"{""adverse_window_minutes"": 10, ""max_adverse_ticks"": 12}",,10.0,12.0,0.34007920792071133,0.3229920800667756,0.13591225444620783,1.0,0.55,0.7001117162407426,0.5,0.3,False,8,14,0.17120513894708625,0.16051785320054002,96,-249.49999999999818,0.002000000000007276,185,-269.99999999998863,0.2,1,0,-61.749999999992724,0.33125000000000004
MGC,1H,mgc_1h_none_baseline_none_sm1p50_tm3p00_d30_ts2,none_baseline,mgc_1h_none_core,76,-216.89999999986412,973.6000000000558,1190.49999999992,0.4342105263157895,-2.8539473684192647,-9.999999999997726,0.8178076438472249,-432.4999999999159,-1.2491279030614186,-2.6828697955591116,-0.5015028901731938,97.96052631578948,120.0,0.9210526315789473,0.013157894736842105,0.7105263157894737,0.06578947368421052,0,0.0,0,5.8317226890756295,2.5,-63.49999999999909,76,105,0.7238095238095238,-0.6859831300383659,53,23,-136.39999999991232,-80.4999999999518,1min,regime_filtered_ema_mild_atr_20_80_compression_off_atr_target_1p0_ts3_vq0p95_bf0p5_ra1p2,1.5,3.0,30,2,none,{},,,,0.2386930693068912,0.28430703266750007,0.10017934036522873,1.0,0.8,0.6042057793175492,0.6666666666666666,0.3,False,6,14,0.2201598699363302,0.15025778834729503,97,-4.500000000011823,0.9918845807033151,117,-54.99999999999318,0.4,2,0,797.4999999999818,0.6814814814814812
MGC,1H,mgc_1h_delay_adverse_filter_avoid_immediate_adverse_move_sm1p25_tm2p50_d30_ts2_aw10_mt12,delay_adverse_filter,mgc_1h_adverse_diag,44,-111.24999999991132,509.75000000003774,620.9999999999491,0.45454545454545453,-2.5284090909070756,-10.749999999997044,0.8208534621579381,-277.7499999999395,-1.2487955775571629,-3.0272961280698314,-0.4005400540051685,94.13636363636364,120.0,0.9090909090909091,0.022727272727272728,0.6818181818181818,0.06818181818181818,32,0.2909090909090909,0,3.3762605042016807,2.5,-49.74999999999909,44,105,0.41904761904761906,-0.5218160342950896,31,13,-57.24999999993997,-53.99999999997135,1min,regime_filtered_ema_mild_atr_20_80_compression_off_atr_target_1p0_ts3_vq0p95_bf0p5_ra1p2,1.25,2.5,30,2,avoid_immediate_adverse_move,"{""adverse_window_minutes"": 10, ""max_adverse_ticks"": 12}",,10.0,12.0,0.32237623762368744,0.28727315937215836,0.1189942383930455,1.0,0.55,0.6931428571428583,0.5,0.3,False,8,14,0.1851428571428548,0.14625044372955476,98,-242.74999999999636,0.0020554984583836494,182,-263.2499999999868,0.2,1,0,-61.749999999992724,0.33125000000000004
MGC,1H,mgc_1h_delay_adverse_filter_avoid_immediate_adverse_move_sm1p00_tm2p50_d30_ts2_aw10_mt12,delay_adverse_filter,mgc_1h_adverse_diag,44,-114.24999999991769,509.75000000003774,623.9999999999554,0.45454545454545453,-2.5965909090890382,-9.499999999998181,0.8169070512821701,-286.9999999999459,-1.2886467938995716,-3.345185759747532,-0.3980836236931681,90.36363636363636,120.0,0.9090909090909091,0.022727272727272728,0.6136363636363636,0.06818181818181818,32,0.2909090909090909,0,3.3762605042016807,2.5,-49.49999999999818,44,105,0.41904761904761906,-0.5384680821140846,31,13,-53.74999999994543,-60.49999999997226,1min,regime_filtered_ema_mild_atr_20_80_compression_off_atr_target_1p0_ts3_vq0p95_bf0p5_ra1p2,1.0,2.5,30,2,avoid_immediate_adverse_move,"{""adverse_window_minutes"": 10, ""max_adverse_ticks"": 12}",,10.0,12.0,0.31999999999991996,0.28343000344752656,0.11945200570215525,1.0,0.55,0.6977664029781309,0.5,0.3,False,8,14,0.17589576547230965,0.14576876199153233,99,-249.49999999999818,0.002000000000007276,184,-269.99999999998863,0.2,1,0,-61.749999999992724,0.33125000000000004
MGC,1H,mgc_1h_delay_stop_zone_filter_require_no_stop_zone_touch_before_entry_sm1p50_tm3p00_d15_ts2_sz1p00,delay_stop_zone_filter,mgc_1h_stop_zone_core,71,-49.39999999987094,1215.1000000000613,1264.4999999999322,0.4507042253521127,-0.6957746478855062,-1.4999999999986358,0.9609331751681506,-307.4999999999727,-0.24097687490842995,-0.42648618996643356,-0.1606504065036596,98.8169014084507,120.0,0.9154929577464789,0.014084507042253521,0.7323943661971831,0.07042253521126761,14,0.12727272727272726,0,5.448056722689075,2.5,-100.99999999999909,71,105,0.6761904761904762,-0.12790993314191376,46,25,78.60000000007858,-127.99999999994952,1min,regime_filtered_ema_mild_atr_20_80_compression_off_atr_target_1p0_ts3_vq0p95_bf0p5_ra1p2,1.5,3.0,15,2,require_no_stop_zone_touch_before_entry,"{""stop_zone_fraction"": 1.0}",1.0,,,0.37136633663362156,0.4236877892530782,0.16369879926887412,1.0,0.5,0.6872344534569267,0.203125,0.3,False,7,14,0.12553109308614663,0.14211956308621015,100,362.49999999999545,1.820135746606328,77,418.00000000001546,1.0,5,0,329.62500000001,0.7531249999999999
MGC,1H,mgc_1h_none_baseline_none_sm1p50_tm2p50_d30_ts2,none_baseline,mgc_1h_none_core,76,-242.24999999986267,948.2500000000573,1190.49999999992,0.4342105263157895,-3.187499999998193,-9.999999999997726,0.7965140697187073,-432.4999999999159,-1.4470308643397825,-2.996427883698633,-0.5601156069362077,97.94736842105263,120.0,0.9210526315789473,0.013157894736842105,0.7105263157894737,0.06578947368421052,0,0.0,0,5.8317226890756295,2.5,-63.49999999999909,76,105,0.7238095238095238,-0.7946654294961489,53,23,-161.74999999991087,-80.4999999999518,1min,regime_filtered_ema_mild_atr_20_80_compression_off_atr_target_1p0_ts3_vq0p95_bf0p5_ra1p2,1.5,2.5,30,2,none,{},,,,0.21861386138609978,0.2635705893156216,0.08925658570732557,1.0,0.8,0.6002906248434096,0.6666666666666666,0.3,False,6,14,0.22799017888460948,0.1398689717229546,101,-4.500000000011823,0.9918845807033151,116,-54.99999999999318,0.4,2,0,797.4999999999818,0.6814814814814812
MGC,1H,mgc_1h_delay_adverse_filter_avoid_immediate_adverse_move_sm1p25_tm2p50_d30_ts2_aw5_mt8,delay_adverse_filter,mgc_1h_adverse_diag,49,-126.2499999999045,523.0000000000427,649.2499999999472,0.4489795918367347,-2.576530612242949,-8.49999999999909,0.8055448594533465,-293.4999999999536,-1.4440123470410162,-2.9656187994004073,-0.4301533219758925,97.93877551020408,120.0,0.9183673469387755,0.0,0.6938775510204082,0.08163265306122448,27,0.24545454545454545,0,3.759926470588235,2.5,-49.74999999999909,49,105,0.4666666666666667,-0.6367495933962042,33,16,-145.74999999993906,19.50000000003456,1min,regime_filtered_ema_mild_atr_20_80_compression_off_atr_target_1p0_ts3_vq0p95_bf0p5_ra1p2,1.25,2.5,30,2,avoid_immediate_adverse_move,"{""adverse_window_minutes"": 5, ""max_adverse_ticks"": 8}",,5.0,8.0,0.31049504950488066,0.2723650950488922,0.11347566702276105,1.0,0.55,0.6379668049792525,0.5,0.3,False,7,14,0.22406639004149495,0.1317883997110566,102,-70.24999999999636,0.007067137809213171,155,-49.24999999998363,0.2,1,0,-61.749999999992724,0.33125000000000004
MGC,1H,mgc_1h_delay_adverse_filter_avoid_immediate_adverse_move_sm1p25_tm3p00_d30_ts2_aw5_mt8,delay_adverse_filter,mgc_1h_adverse_diag,49,-126.2499999999045,523.0000000000427,649.2499999999472,0.4489795918367347,-2.576530612242949,-8.49999999999909,0.8055448594533465,-293.4999999999536,-1.4440123470410162,-2.9656187994004073,-0.4301533219758925,97.93877551020408,120.0,0.9183673469387755,0.0,0.6938775510204082,0.08163265306122448,27,0.24545454545454545,0,3.759926470588235,2.5,-49.74999999999909,49,105,0.4666666666666667,-0.6367495933962042,33,16,-145.74999999993906,19.50000000003456,1min,regime_filtered_ema_mild_atr_20_80_compression_off_atr_target_1p0_ts3_vq0p95_bf0p5_ra1p2,1.25,3.0,30,2,avoid_immediate_adverse_move,"{""adverse_window_minutes"": 5, ""max_adverse_ticks"": 8}",,5.0,8.0,0.31049504950488066,0.2723650950488922,0.11347566702276105,1.0,0.55,0.6379668049792525,0.5,0.3,False,7,14,0.22406639004149495,0.1317883997110566,103,-70.24999999999636,0.007067137809213171,157,-49.24999999998363,0.2,1,0,-61.749999999992724,0.33125000000000004
MGC,1H,mgc_1h_delay_stop_zone_filter_require_no_stop_zone_touch_before_entry_sm1p50_tm2p50_d15_ts2_sz1p00,delay_stop_zone_filter,mgc_1h_stop_zone_core,71,-74.74999999986949,1189.7500000000628,1264.4999999999322,0.4507042253521127,-1.0528169014066124,-1.4999999999986358,0.9408857255833345,-307.4999999999727,-0.37342131948595236,-0.6453409453445046,-0.24308943089390608,98.80281690140845,120.0,0.9154929577464789,0.014084507042253521,0.7323943661971831,0.07042253521126761,14,0.12727272727272726,0,5.448056722689075,2.5,-100.99999999999909,71,105,0.6761904761904762,-0.19821111891903984,46,25,53.250000000080036,-127.99999999994952,1min,regime_filtered_ema_mild_atr_20_80_compression_off_atr_target_1p0_ts3_vq0p95_bf0p5_ra1p2,1.5,2.5,15,2,require_no_stop_zone_touch_before_entry,"{""stop_zone_fraction"": 1.0}",1.0,,,0.3512871287128302,0.4041648665085855,0.14833590044109327,1.0,0.5,0.6856594902251851,0.203125,0.3,False,7,14,0.1286810195496296,0.13165845764422496,104,362.49999999999545,1.820135746606328,76,418.00000000001546,1.0,5,0,329.62500000001,0.7531249999999999
MGC,1H,mgc_1h_delay_stop_zone_filter_require_no_stop_zone_touch_before_entry_sm1p00_tm3p00_d15_ts2_sz1p00,delay_stop_zone_filter,mgc_1h_stop_zone_core,68,-57.89999999987913,1130.100000000059,1187.9999999999382,0.4411764705882353,-0.8514705882335166,-8.999999999998636,0.9512626262627255,-281.99999999996635,-0.3073169600653431,-0.6577176728592329,-0.20531914893576608,88.86764705882354,120.0,0.9411764705882353,0.014705882352941176,0.6029411764705882,0.04411764705882353,17,0.15454545454545454,0,5.2178571428571425,2.5,-85.49999999999955,68,105,0.6476190476190476,-0.15963963072846798,44,24,36.10000000007403,-93.99999999995316,1min,regime_filtered_ema_mild_atr_20_80_compression_off_atr_target_1p0_ts3_vq0p95_bf0p5_ra1p2,1.0,3.0,15,2,require_no_stop_zone_touch_before_entry,"{""stop_zone_fraction"": 1.0}",1.0,,,0.36463366336628816,0.41427026317931537,0.15537456962369842,1.0,0.5,0.6465922600564175,0.203125,0.3,False,6,14,0.1353869084585936,0.13154455976113816,105,297.5,1.7880794701986755,89,352.5000000000182,1.0,5,0,329.62500000001,0.7531249999999999
MGC,1H,mgc_1h_none_baseline_none_sm1p00_tm3p00_d30_ts2,none_baseline,mgc_1h_none_core,76,-283.8999999998714,934.1000000000508,1217.9999999999222,0.39473684210526316,-3.7355263157877814,-10.999999999997954,0.7669129720854766,-476.99999999992315,-1.6762928751410349,-4.168053935052919,-0.5951781970648158,85.88157894736842,120.0,0.9473684210526315,0.013157894736842105,0.5921052631578947,0.039473684210526314,0,0.0,0,5.8317226890756295,2.5,-56.499999999998636,76,105,0.7238095238095238,-0.9205691671221268,53,23,-128.39999999991505,-155.49999999995634,1min,regime_filtered_ema_mild_atr_20_80_compression_off_atr_target_1p0_ts3_vq0p95_bf0p5_ra1p2,1.0,3.0,30,2,none,{},,,,0.1856237623761911,0.23474398272904365,0.08272250759601928,1.0,0.8,0.622833452366435,0.6666666666666666,0.3,False,6,14,0.18290452383855862,0.1299069430154151,106,-4.500000000011823,0.9918845807033151,115,-33.49999999999454,0.4,2,0,797.4999999999818,0.6814814814814812
MGC,1H,mgc_1h_none_baseline_none_sm1p25_tm3p00_d30_ts2,none_baseline,mgc_1h_none_core,76,-295.3999999998632,948.6000000000536,1243.9999999999168,0.40789473684210525,-3.886842105261358,-11.249999999997726,0.7625401929261391,-503.7499999999159,-1.6949254805876377,-3.678788514988518,-0.5864019851114889,91.38157894736842,120.0,0.9342105263157895,0.013157894736842105,0.6447368421052632,0.05263157894736842,0,0.0,0,5.8317226890756295,2.5,-69.74999999999909,76,105,0.7238095238095238,-0.9308016284847341,53,23,-101.39999999990778,-193.99999999995543,1min,regime_filtered_ema_mild_atr_20_80_compression_off_atr_target_1p0_ts3_vq0p95_bf0p5_ra1p2,1.25,3.0,30,2,none,{},,,,0.17651485148510826,0.23048561413480945,0.0843579958532781,1.0,0.8,0.6253152097873648,0.6666666666666666,0.3,False,6,14,0.17794100899669898,0.12785107397008005,107,-13.500000000012733,0.976042590949401,119,-53.24999999999591,0.4,2,0,797.4999999999818,0.6814814814814812
MGC,1H,mgc_1h_none_baseline_none_sm1p00_tm3p00_d5_ts2,none_baseline,mgc_1h_none_core,96,-311.8999999998209,1246.1000000000627,1557.9999999998836,0.3541666666666667,-3.2489583333314678,-10.499999999998408,0.7998074454429754,-460.39999999985184,-1.368345725830832,-2.704356398045062,-0.6774543874889689,68.5625,84.5,0.9583333333333334,0.010416666666666666,0.4375,0.03125,0,0.0,0,7.366386554621848,2.5,-95.49999999999727,95,105,0.9047619047619048,-0.840151045596255,61,35,-236.3999999998873,-75.4999999999336,1min,regime_filtered_ema_mild_atr_20_80_compression_off_atr_target_1p0_ts3_vq0p95_bf0p5_ra1p2,1.0,3.0,5,2,none,{},,,,0.1634455445544484,0.26677779627536236,0.06738995364149865,1.0,0.8,0.6091811710750545,0.6666666666666666,0.3,False,5,14,0.13878051499274804,0.12753033687344512,108,494.5000000000118,2.1367816091954412,58,582.5000000000318,0.8,4,0,797.4999999999818,0.6814814814814812
MGC,1H,mgc_1h_delay_stop_zone_filter_require_no_stop_zone_touch_before_entry_sm1p50_tm3p00_d15_ts2_sz0p75,delay_stop_zone_filter,mgc_1h_stop_zone_core,69,-91.39999999987594,1169.6000000000595,1260.9999999999354,0.4492753623188406,-1.3246376811576224,-1.4999999999986358,0.9275178429818551,-332.99999999997,-0.4555965293475542,-0.8149669199704628,-0.27447447447412665,98.18840579710145,120.0,0.9130434782608695,0.014492753623188406,0.7246376811594203,0.07246376811594203,16,0.14545454545454545,0,5.294590336134453,2.5,-100.99999999999909,69,105,0.6571428571428571,-0.23839913869419718,45,24,33.10000000007676,-124.4999999999527,1min,regime_filtered_ema_mild_atr_20_80_compression_off_atr_target_1p0_ts3_vq0p95_bf0p5_ra1p2,1.5,3.0,15,2,require_no_stop_zone_touch_before_entry,"{""stop_zone_fraction"": 0.75}",0.75,,,0.33809900990094355,0.39114674476786315,0.14248715037648832,1.0,0.5,0.6841171700790526,0.203125,0.3,False,7,14,0.13176565984189476,0.12530854900209248,109,313.99999999998727,1.7979669631511674,87,369.5000000000073,1.0,5,0,329.62500000001,0.7531249999999999
MGC,1H,mgc_1h_none_baseline_none_sm1p00_tm2p50_d5_ts2,none_baseline,mgc_1h_none_core,96,-332.7499999998213,1225.2500000000623,1557.9999999998836,0.3541666666666667,-3.466145833331472,-10.499999999998408,0.7864249037228201,-481.2499999998522,-1.494611204344706,-2.8851381579016597,-0.6914285714284124,68.28125,84.5,0.9479166666666666,0.020833333333333332,0.4270833333333333,0.03125,0,0.0,0,7.366386554621848,2.5,-95.49999999999727,95,105,0.9047619047619048,-0.9176768285863189,61,35,-261.74999999988586,-70.99999999993543,1min,regime_filtered_ema_mild_atr_20_80_compression_off_atr_target_1p0_ts3_vq0p95_bf0p5_ra1p2,1.0,2.5,5,2,none,{},,,,0.1469306930692992,0.25374539896107134,0.06478579892653977,1.0,0.8,0.6075300590992491,0.6666666666666666,0.3,False,5,14,0.14208273894435897,0.12098259710994247,110,609.00000000001,2.4000000000000377,49,697.00000000003,0.8,4,0,797.4999999999818,0.6814814814814812
MGC,1H,mgc_1h_delay_stop_zone_filter_require_no_stop_zone_touch_before_entry_sm1p00_tm2p50_d15_ts2_sz1p00,delay_stop_zone_filter,mgc_1h_stop_zone_core,68,-83.24999999987767,1104.7500000000605,1187.9999999999382,0.4411764705882353,-1.224264705880554,-8.999999999998636,0.9299242424243418,-281.99999999996635,-0.45401333444700054,-0.9456821462101035,-0.29521276595704826,88.8529411764706,120.0,0.9411764705882353,0.014705882352941176,0.6029411764705882,0.04411764705882353,17,0.15454545454545454,0,5.2178571428571425,2.5,-85.49999999999955,68,105,0.6476190476190476,-0.23584289341372147,44,24,10.750000000075488,-93.99999999995316,1min,regime_filtered_ema_mild_atr_20_80_compression_off_atr_target_1p0_ts3_vq0p95_bf0p5_ra1p2,1.0,2.5,15,2,require_no_stop_zone_touch_before_entry,"{""stop_zone_fraction"": 1.0}",1.0,,,0.3445544554454968,0.3934901825308213,0.13862247249766024,1.0,0.5,0.6443915174277383,0.203125,0.3,False,6,14,0.13978839371595206,0.12052977608407339,111,297.5,1.7880794701986755,88,352.5000000000182,1.0,5,0,329.62500000001,0.7531249999999999
MGC,1H,mgc_1h_none_baseline_none_sm1p00_tm2p50_d30_ts2,none_baseline,mgc_1h_none_core,76,-309.24999999986994,908.7500000000523,1217.9999999999222,0.39473684210526316,-4.06907894736671,-10.999999999997954,0.7461001642037031,-476.99999999992315,-1.8980825269059372,-4.54022782463951,-0.6483228511528716,85.86842105263158,120.0,0.9473684210526315,0.013157894736842105,0.5921052631578947,0.039473684210526314,0,0.0,0,5.8317226890756295,2.5,-56.499999999998636,76,105,0.7238095238095238,-1.0423693119711257,53,23,-153.7499999999136,-155.49999999995634,1min,regime_filtered_ema_mild_atr_20_80_compression_off_atr_target_1p0_ts3_vq0p95_bf0p5_ra1p2,1.0,2.5,30,2,none,{},,,,0.1655445544553997,0.214475726727064,0.07281875206238625,1.0,0.8,0.6199164157641655,0.6666666666666666,0.3,False,6,14,0.18873859704309776,0.11991433141047553,112,-4.500000000011823,0.9918845807033151,114,-33.49999999999454,0.4,2,0,797.4999999999818,0.6814814814814812
MGC,1H,mgc_1h_none_baseline_none_sm1p25_tm2p50_d30_ts2,none_baseline,mgc_1h_none_core,76,-320.74999999986176,923.250000000055,1243.9999999999168,0.40789473684210525,-4.220394736840286,-11.249999999997726,0.7421623794213158,-503.7499999999159,-1.9088575102783178,-3.994486852344634,-0.6367245657566557,91.36842105263158,120.0,0.9342105263157895,0.013157894736842105,0.6447368421052632,0.05263157894736842,0,0.0,0,5.8317226890756295,2.5,-69.74999999999909,76,105,0.7238095238095238,-1.0482866057901026,53,23,-126.74999999990632,-193.99999999995543,1min,regime_filtered_ema_mild_atr_20_80_compression_off_atr_target_1p0_ts3_vq0p95_bf0p5_ra1p2,1.25,2.5,30,2,none,{},,,,0.15643564356431688,0.2106409712003953,0.07498014694103397,1.0,0.8,0.6226703522218027,0.6666666666666666,0.3,False,6,14,0.18323072412782332,0.11806289782736795,113,-13.500000000012733,0.976042590949401,118,-53.24999999999591,0.4,2,0,797.4999999999818,0.6814814814814812
MGC,1H,mgc_1h_delay_stop_zone_filter_require_no_stop_zone_touch_before_entry_sm1p50_tm3p00_d30_ts2_sz0p75,delay_stop_zone_filter,mgc_1h_stop_zone_core,63,-73.3999999998855,849.6000000000504,922.9999999999359,0.4603174603174603,-1.1650793650775475,-6.499999999996362,0.9204767063923179,-274.4999999999254,-0.5071395910366286,-1.0754971982755546,-0.2673952641162311,102.9047619047619,120.0,0.9047619047619048,0.015873015873015872,0.746031746031746,0.07936507936507936,13,0.11818181818181818,0,4.834191176470588,2.5,-63.49999999999909,63,105,0.6,-0.2535697955183143,42,21,9.10000000006903,-82.49999999995453,1min,regime_filtered_ema_mild_atr_20_80_compression_off_atr_target_1p0_ts3_vq0p95_bf0p5_ra1p2,1.5,3.0,30,2,require_no_stop_zone_touch_before_entry,"{""stop_zone_fraction"": 0.75}",0.75,,,0.3523564356435106,0.38428983436190955,0.14380639442763207,1.0,0.5,0.6054783119553361,0.203125,0.3,False,6,14,0.21761480466075633,0.11519070995852926,114,-113.50000000000364,0.7876520112254404,167,-143.99999999998727,0.4,2,0,329.62500000001,0.7531249999999999
MGC,1H,mgc_1h_delay_stop_zone_filter_require_no_stop_zone_touch_before_entry_sm1p50_tm2p50_d15_ts2_sz0p75,delay_stop_zone_filter,mgc_1h_stop_zone_core,69,-116.74999999987449,1144.250000000061,1260.9999999999354,0.4492753623188406,-1.6920289855054274,-1.4999999999986358,0.9074147501983502,-332.99999999997,-0.5962615079582485,-1.0409998676868533,-0.3506006006002553,98.17391304347827,120.0,0.9130434782608695,0.014492753623188406,0.7246376811594203,0.07246376811594203,16,0.14545454545454545,0,5.294590336134453,2.5,-100.99999999999909,69,105,0.6571428571428571,-0.3120046373867592,45,24,7.7500000000782165,-124.4999999999527,1min,regime_filtered_ema_mild_atr_20_80_compression_off_atr_target_1p0_ts3_vq0p95_bf0p5_ra1p2,1.5,2.5,15,2,require_no_stop_zone_touch_before_entry,"{""stop_zone_fraction"": 0.75}",0.75,,,0.3180198019801522,0.37156963468823523,0.1283006897472312,1.0,0.5,0.6823797139141674,0.203125,0.3,False,7,14,0.13524057217166524,0.11498869788288729,115,313.99999999998727,1.7979669631511674,86,369.5000000000073,1.0,5,0,329.62500000001,0.7531249999999999
MGC,1H,mgc_1h_delay_stop_zone_filter_require_no_stop_zone_touch_before_entry_sm1p25_tm3p00_d15_ts2_sz1p00,delay_stop_zone_filter,mgc_1h_stop_zone_core,71,-121.39999999986685,1175.6000000000608,1296.9999999999277,0.43661971830985913,-1.709859154927702,-9.499999999998181,0.9063993831920789,-290.24999999996226,-0.598906821886939,-1.119564321995774,-0.4182601205852976,92.70422535211267,120.0,0.9295774647887324,0.014084507042253521,0.6619718309859155,0.056338028169014086,14,0.12727272727272726,0,5.448056722689075,2.5,-105.99999999999909,71,105,0.6761904761904762,-0.3178982695949742,46,25,43.35000000008222,-164.74999999994907,1min,regime_filtered_ema_mild_atr_20_80_compression_off_atr_target_1p0_ts3_vq0p95_bf0p5_ra1p2,1.25,3.0,15,2,require_no_stop_zone_touch_before_entry,"{""stop_zone_fraction"": 1.0}",1.0,,,0.3143366336633264,0.37058083401626574,0.11569202088009453,1.0,0.5,0.690974974521564,0.203125,0.3,False,7,14,0.118050050956872,0.11345229284616726,116,388.7499999999909,2.019672131147517,71,449.00000000001,1.0,5,0,329.62500000001,0.7531249999999999
MGC,1H,mgc_1h_delay_stop_zone_filter_require_no_stop_zone_touch_before_entry_sm1p00_tm3p00_d15_ts2_sz0p75,delay_stop_zone_filter,mgc_1h_stop_zone_core,60,-121.89999999989823,984.6000000000458,1106.499999999944,0.4166666666666667,-2.0316666666649703,-9.999999999997726,0.8898328061455902,-274.99999999997044,-0.7161418138680468,-1.521832279837862,-0.44327272727240485,88.71666666666667,120.0,0.95,0.016666666666666666,0.6166666666666667,0.03333333333333333,25,0.22727272727272727,0,4.6039915966386555,2.5,-85.49999999999955,60,105,0.5714285714285714,-0.3494414241976609,40,20,34.10000000006448,-155.9999999999627,1min,regime_filtered_ema_mild_atr_20_80_compression_off_atr_target_1p0_ts3_vq0p95_bf0p5_ra1p2,1.0,3.0,15,2,require_no_stop_zone_touch_before_entry,"{""stop_zone_fraction"": 0.75}",0.75,,,0.31394059405934116,0.35444770932871206,0.11103080431675821,1.0,0.5,0.7091948279093065,0.203125,0.3,False,8,14,0.1530389156099584,0.11218025551152039,117,453.4999999999991,3.047404063205405,64,475.00000000001364,1.0,5,0,329.62500000001,0.7531249999999999
MGC,1H,mgc_1h_delay_adverse_filter_avoid_immediate_adverse_move_sm1p00_tm2p50_d30_ts2_aw5_mt8,delay_adverse_filter,mgc_1h_adverse_diag,49,-160.49999999991087,508.50000000004,668.9999999999509,0.42857142857142855,-3.2755102040798136,-9.499999999998181,0.7600896860987704,-279.9999999999591,-1.843212549410458,-3.948103797685791,-0.5732142857140512,94.08163265306122,120.0,0.9387755102040817,0.0,0.6530612244897959,0.061224489795918366,27,0.24545454545454545,0,3.759926470588235,2.5,-49.49999999999818,49,105,0.4666666666666667,-0.8127803365289042,33,16,-173.49999999994452,13.000000000033651,1min,regime_filtered_ema_mild_atr_20_80_compression_off_atr_target_1p0_ts3_vq0p95_bf0p5_ra1p2,1.0,2.5,30,2,avoid_immediate_adverse_move,"{""adverse_window_minutes"": 5, ""max_adverse_ticks"": 8}",,5.0,8.0,0.2833663366335879,0.22809922302440078,0.08681558548528244,1.0,0.55,0.6186486486486474,0.5,0.3,False,7,14,0.2627027027027052,0.11061274705168722,118,-60.49999999999727,0.008196721311505352,143,-39.49999999998454,0.2,1,0,-61.749999999992724,0.33125000000000004
MGC,1H,mgc_1h_delay_adverse_filter_avoid_immediate_adverse_move_sm1p00_tm3p00_d30_ts2_aw5_mt8,delay_adverse_filter,mgc_1h_adverse_diag,49,-160.49999999991087,508.50000000004,668.9999999999509,0.42857142857142855,-3.2755102040798136,-9.499999999998181,0.7600896860987704,-279.9999999999591,-1.843212549410458,-3.948103797685791,-0.5732142857140512,94.08163265306122,120.0,0.9387755102040817,0.0,0.6530612244897959,0.061224489795918366,27,0.24545454545454545,0,3.759926470588235,2.5,-49.49999999999818,49,105,0.4666666666666667,-0.8127803365289042,33,16,-173.49999999994452,13.000000000033651,1min,regime_filtered_ema_mild_atr_20_80_compression_off_atr_target_1p0_ts3_vq0p95_bf0p5_ra1p2,1.0,3.0,30,2,avoid_immediate_adverse_move,"{""adverse_window_minutes"": 5, ""max_adverse_ticks"": 8}",,5.0,8.0,0.2833663366335879,0.22809922302440078,0.08681558548528244,1.0,0.55,0.6186486486486474,0.5,0.3,False,7,14,0.2627027027027052,0.11061274705168722,119,-60.49999999999727,0.008196721311505352,145,-39.49999999998454,0.2,1,0,-61.749999999992724,0.33125000000000004
MGC,1H,mgc_1h_delay_stop_zone_filter_require_no_stop_zone_touch_before_entry_sm1p25_tm2p50_d15_ts2_sz1p00,delay_stop_zone_filter,mgc_1h_stop_zone_core,71,-146.7499999998654,1150.2500000000623,1296.9999999999277,0.43661971830985913,-2.066901408448808,-9.499999999998181,0.8868542791057259,-299.7499999999354,-0.7419591353841853,-1.3533448455758594,-0.4895746455376047,92.69014084507042,120.0,0.9295774647887324,0.014084507042253521,0.6619718309859155,0.056338028169014086,14,0.12727272727272726,0,5.448056722689075,2.5,-105.99999999999909,71,105,0.6761904761904762,-0.393830086132067,46,25,18.000000000083674,-164.74999999994907,1min,regime_filtered_ema_mild_atr_20_80_compression_off_atr_target_1p0_ts3_vq0p95_bf0p5_ra1p2,1.25,2.5,15,2,require_no_stop_zone_touch_before_entry,"{""stop_zone_fraction"": 1.0}",1.0,,,0.29425742574253505,0.3515471132680692,0.10240222469561701,1.0,0.5,0.6892305450305954,0.203125,0.3,False,7,14,0.12153890993880917,0.10337457326105276,120,388.7499999999909,2.019672131147517,70,449.00000000001,1.0,5,0,329.62500000001,0.7531249999999999
MGC,1H,mgc_1h_delay_stop_zone_filter_require_no_stop_zone_touch_before_entry_sm1p50_tm3p00_d30_ts2_sz1p00,delay_stop_zone_filter,mgc_1h_stop_zone_core,67,-128.89999999987822,923.1000000000518,1051.99999999993,0.44776119402985076,-1.9238805970131077,-8.49999999999909,0.8774714828898414,-347.9999999999245,-0.8093291103496567,-1.7265521857620074,-0.3704022988503051,102.40298507462687,120.0,0.9104477611940298,0.014925373134328358,0.746268656716418,0.07462686567164178,9,0.08181818181818182,0,5.141123949579832,2.5,-63.49999999999909,67,105,0.638095238095238,-0.41731336382304823,45,22,-24.899999999925058,-103.99999999995316,1min,regime_filtered_ema_mild_atr_20_80_compression_off_atr_target_1p0_ts3_vq0p95_bf0p5_ra1p2,1.5,3.0,30,2,require_no_stop_zone_touch_before_entry,"{""stop_zone_fraction"": 1.0}",1.0,,,0.3083960396039114,0.34240981104540785,0.12461055040989873,1.0,0.5,0.6577169016131277,0.203125,0.3,False,7,14,0.1845661967737446,0.10297903793331781,121,-67.00000000000273,0.8746492048643558,153,-97.49999999998636,0.4,2,0,329.62500000001,0.7531249999999999
MGC,1H,mgc_1h_delay_stop_zone_filter_require_no_stop_zone_touch_before_entry_sm1p50_tm2p50_d30_ts2_sz0p75,delay_stop_zone_filter,mgc_1h_stop_zone_core,63,-98.74999999988404,824.2500000000518,922.9999999999359,0.4603174603174603,-1.567460317458477,-6.499999999996362,0.8930119176599232,-274.4999999999254,-0.7125263077107994,-1.4469393505415802,-0.3597449908922072,102.88888888888889,120.0,0.9047619047619048,0.015873015873015872,0.746031746031746,0.07936507936507936,13,0.11818181818181818,0,4.834191176470588,2.5,-63.49999999999909,63,105,0.6,-0.3562631538553997,42,21,-16.249999999929514,-82.49999999995453,1min,regime_filtered_ema_mild_atr_20_80_compression_off_atr_target_1p0_ts3_vq0p95_bf0p5_ra1p2,1.5,2.5,30,2,require_no_stop_zone_touch_before_entry,"{""stop_zone_fraction"": 0.75}",0.75,,,0.33227722772271917,0.3575436417179102,0.1265965897298416,1.0,0.5,0.6005373936408263,0.203125,0.3,False,6,14,0.22749664128977612,0.10250302139372608,122,-113.50000000000364,0.7876520112254404,166,-143.99999999998727,0.4,2,0,329.62500000001,0.7531249999999999
MGC,1H,mgc_1h_delay_stop_zone_filter_require_no_stop_zone_touch_before_entry_sm1p00_tm3p00_d5_ts2_sz0p75,delay_stop_zone_filter,mgc_1h_stop_zone_core,79,-160.3999999998564,1207.1000000000595,1367.4999999999159,0.4050632911392405,-2.030379746833625,-12.5,0.882705667276149,-362.3999999998887,-0.7843212610491093,-1.6296370334902006,-0.442604856511881,78.32911392405063,120.0,0.9493670886075949,0.012658227848101266,0.5063291139240507,0.0379746835443038,17,0.15454545454545454,0,6.061922268907563,2.5,-95.49999999999727,79,105,0.7523809523809524,-0.4391443131663523,51,28,-186.39999999990778,26.000000000051386,1min,regime_filtered_ema_mild_atr_20_80_compression_off_atr_target_1p0_ts3_vq0p95_bf0p5_ra1p2,1.0,3.0,5,2,require_no_stop_zone_touch_before_entry,"{""stop_zone_fraction"": 0.75}",0.75,,,0.2834455445544231,0.3475070468295401,0.11115526516524413,1.0,0.5,0.6884598012646744,0.203125,0.3,False,7,14,0.12308039747065112,0.10160152824128049,123,335.0000000000091,1.9752547307132622,81,433.50000000002865,1.0,5,0,329.62500000001,0.7531249999999999
MGC,1H,mgc_1h_delay_stop_zone_filter_require_no_stop_zone_touch_before_entry_sm1p00_tm2p50_d15_ts2_sz0p75,delay_stop_zone_filter,mgc_1h_stop_zone_core,60,-147.24999999989677,959.2500000000473,1106.499999999944,0.4166666666666667,-2.454166666664946,-9.999999999997726,0.8669227293267924,-274.99999999997044,-0.8910967630855698,-1.83830847585033,-0.5354545454542277,88.7,120.0,0.95,0.016666666666666666,0.6166666666666667,0.03333333333333333,25,0.22727272727272727,0,4.6039915966386555,2.5,-85.49999999999955,60,105,0.5714285714285714,-0.4348106980497047,40,20,8.750000000065938,-155.9999999999627,1min,regime_filtered_ema_mild_atr_20_80_compression_off_atr_target_1p0_ts3_vq0p95_bf0p5_ra1p2,1.0,2.5,15,2,require_no_stop_zone_touch_before_entry,"{""stop_zone_fraction"": 0.75}",0.75,,,0.2938613861385498,0.33213705789589604,0.09385229017296656,1.0,0.5,0.7062591211285935,0.203125,0.3,False,8,14,0.15891032917138445,0.10068515050212318,124,453.4999999999991,3.047404063205405,63,475.00000000001364,1.0,5,0,329.62500000001,0.7531249999999999
MGC,1H,mgc_1h_delay_stop_zone_filter_require_no_stop_zone_touch_before_entry_sm1p25_tm3p00_d15_ts2_sz0p75,delay_stop_zone_filter,mgc_1h_stop_zone_core,68,-146.14999999987276,1130.100000000059,1276.2499999999318,0.4411764705882353,-2.1492647058804817,-9.624999999998636,0.8854848188051866,-332.24999999996726,-0.7431022498388545,-1.405466997645577,-0.43987960872802756,92.8529411764706,120.0,0.9264705882352942,0.014705882352941176,0.6617647058823529,0.058823529411764705,17,0.15454545454545454,0,5.2178571428571425,2.5,-105.99999999999909,68,105,0.6476190476190476,-0.3860137388204842,44,24,15.10000000007949,-161.24999999995225,1min,regime_filtered_ema_mild_atr_20_80_compression_off_atr_target_1p0_ts3_vq0p95_bf0p5_ra1p2,1.25,3.0,15,2,require_no_stop_zone_touch_before_entry,"{""stop_zone_fraction"": 0.75}",0.75,,,0.2947326732672817,0.35021348389362106,0.11166312787096687,1.0,0.5,0.6514352892540541,0.203125,0.3,False,6,14,0.1257008500633203,0.09892274400093376,125,408.4999999999991,2.53283302063789,67,468.7500000000182,1.0,5,0,329.62500000001,0.7531249999999999
MGC,1H,mgc_1h_delay_stop_zone_filter_require_no_stop_zone_touch_before_entry_sm1p00_tm3p00_d5_ts2_sz1p00,delay_stop_zone_filter,mgc_1h_stop_zone_core,81,-176.3999999998532,1220.6000000000608,1396.999999999914,0.4074074074074074,-2.1777777777759657,-12.5,0.8737294201862104,-378.3999999998855,-0.8512846223615005,-1.7702452326115685,-0.4661733615219519,77.93827160493827,120.0,0.9506172839506173,0.012345679012345678,0.5061728395061729,0.037037037037037035,15,0.13636363636363635,0,6.215388655462185,2.5,-95.49999999999727,80,105,0.7619047619047619,-0.47964454704918713,52,29,-172.8999999999064,-3.4999999999467946,1min,regime_filtered_ema_mild_atr_20_80_compression_off_atr_target_1p0_ts3_vq0p95_bf0p5_ra1p2,1.0,3.0,5,2,require_no_stop_zone_touch_before_entry,"{""stop_zone_fraction"": 1.0}",1.0,,,0.27077227722769265,0.3387656566726058,0.10676316372214888,1.0,0.5,0.6895519077196046,0.203125,0.3,False,7,14,0.12089618456079082,0.0968235974963228,126,260.00000000001364,1.6212664277180746,93,358.5000000000332,1.0,5,0,329.62500000001,0.7531249999999999
MGC,1H,mgc_1h_delay_stop_zone_filter_require_no_stop_zone_touch_before_entry_sm1p50_tm3p00_d15_ts2_sz0p50,delay_stop_zone_filter,mgc_1h_stop_zone_core,60,-169.8999999998955,984.6000000000458,1154.4999999999413,0.4166666666666667,-2.831666666664925,-6.999999999998181,0.8528367258554317,-383.9999999999736,-0.9529423766162652,-1.6932134700283403,-0.4424479166664249,99.01666666666667,120.0,0.9166666666666666,0.016666666666666666,0.7333333333333333,0.06666666666666667,25,0.22727272727272727,0,4.6039915966386555,2.5,-100.99999999999909,60,105,0.5714285714285714,-0.46498826742778093,40,20,2.6000000000658474,-172.49999999996135,1min,regime_filtered_ema_mild_atr_20_80_compression_off_atr_target_1p0_ts3_vq0p95_bf0p5_ra1p2,1.5,3.0,15,2,require_no_stop_zone_touch_before_entry,"{""stop_zone_fraction"": 0.5}",0.5,,,0.27592079207914444,0.31841960439206907,0.11118451164148062,1.0,0.5,0.7020675472886646,0.203125,0.3,False,8,14,0.16729347685124205,0.09632463813376452,127,394.49999999999363,2.4064171122994105,69,416.50000000001,1.0,5,0,329.62500000001,0.7531249999999999
MGC,1H,mgc_1h_none_baseline_none_sm1p25_tm3p00_d5_ts2,none_baseline,mgc_1h_none_core,96,-429.1499999998041,1265.1000000000681,1694.2499999998722,0.375,-4.470312499997959,-9.749999999997954,0.7467020805667189,-540.3999999998359,-1.8069464998657576,-3.4047610243342192,-0.7941339748333353,72.01041666666667,101.5,0.9583333333333334,0.010416666666666666,0.4895833333333333,0.03125,0,0.0,0,7.366386554621848,2.5,-87.49999999999773,95,105,0.9047619047619048,-1.1094476801737696,61,35,-267.39999999987504,-161.74999999992906,1min,regime_filtered_ema_mild_atr_20_80_compression_off_atr_target_1p0_ts3_vq0p95_bf0p5_ra1p2,1.25,3.0,5,2,none,{},,,,0.07057425742574668,0.21506189438914433,0.04564616532162136,1.0,0.8,0.6046702228149148,0.6666666666666666,0.3,False,5,14,0.14780241151302753,0.09467468858345868,128,465.0000000000182,2.0010764262648637,62,535.5000000000382,0.8,4,0,797.4999999999818,0.6814814814814812
MGC,1H,mgc_1h_delay_stop_zone_filter_require_no_stop_zone_touch_before_entry_sm1p00_tm2p50_d5_ts2_sz0p75,delay_stop_zone_filter,mgc_1h_stop_zone_core,79,-181.24999999985675,1186.2500000000591,1367.4999999999159,0.4050632911392405,-2.294303797466541,-12.5,0.8674588665448864,-383.24999999988904,-0.9079378912946262,-1.8414695281803606,-0.472928897586195,77.9873417721519,115.0,0.9367088607594937,0.02531645569620253,0.4936708860759494,0.0379746835443038,17,0.15454545454545454,0,6.061922268907563,2.5,-95.49999999999727,79,105,0.7523809523809524,-0.5083577119112672,51,28,-211.74999999990632,30.500000000049567,1min,regime_filtered_ema_mild_atr_20_80_compression_off_atr_target_1p0_ts3_vq0p95_bf0p5_ra1p2,1.0,2.5,5,2,require_no_stop_zone_touch_before_entry,"{""stop_zone_fraction"": 0.75}",0.75,,,0.2669306930692739,0.3326591674762201,0.10550423789363471,1.0,0.5,0.6869760046256093,0.203125,0.3,False,7,14,0.1260479907487814,0.09425875848698545,129,335.0000000000091,1.9752547307132622,80,433.50000000002865,1.0,5,0,329.62500000001,0.7531249999999999
MGC,1H,mgc_1h_delay_stop_zone_filter_require_no_stop_zone_touch_before_entry_sm1p50_tm2p50_d30_ts2_sz1p00,delay_stop_zone_filter,mgc_1h_stop_zone_core,67,-154.24999999987676,897.7500000000532,1051.99999999993,0.44776119402985076,-2.30223880596831,-8.49999999999909,0.8533745247149362,-347.9999999999245,-1.0060986325184311,-2.0661029841258998,-0.44324712643652364,102.38805970149254,120.0,0.9104477611940298,0.014925373134328358,0.746268656716418,0.07462686567164178,9,0.08181818181818182,0,5.141123949579832,2.5,-63.49999999999909,67,105,0.638095238095238,-0.5187733881123376,45,22,-50.2499999999236,-103.99999999995316,1min,regime_filtered_ema_mild_atr_20_80_compression_off_atr_target_1p0_ts3_vq0p95_bf0p5_ra1p2,1.5,2.5,30,2,require_no_stop_zone_touch_before_entry,"{""stop_zone_fraction"": 1.0}",1.0,,,0.28831683168311995,0.3189433321381728,0.11103557515259062,1.0,0.5,0.6541870992078358,0.203125,0.3,False,7,14,0.19162580158432838,0.09170418391832252,130,-67.00000000000273,0.8746492048643558,152,-97.49999999998636,0.4,2,0,329.62500000001,0.7531249999999999
MGC,1H,mgc_1h_delay_stop_zone_filter_require_no_stop_zone_touch_before_entry_sm1p00_tm3p00_d5_ts2_sz0p50,delay_stop_zone_filter,mgc_1h_stop_zone_core,66,-170.8999999998855,1018.1000000000472,1188.9999999999327,0.3939393939393939,-2.5893939393922043,-12.999999999998408,0.8562657695543354,-301.99999999998454,-0.9620211547739586,-1.9554602363391964,-0.5658940397347492,79.51515151515152,120.0,0.9393939393939394,0.015151515151515152,0.5151515151515151,0.045454545454545456,30,0.2727272727272727,0,5.064390756302521,2.5,-95.49999999999727,66,105,0.6285714285714286,-0.49233002202255954,41,25,-269.39999999993006,98.50000000004457,1min,regime_filtered_ema_mild_atr_20_80_compression_off_atr_target_1p0_ts3_vq0p95_bf0p5_ra1p2,1.0,3.0,5,2,require_no_stop_zone_touch_before_entry,"{""stop_zone_fraction"": 0.5}",0.5,,,0.27512871287123153,0.32175892967322056,0.08817974765491374,1.0,0.5,0.6906380988360687,0.203125,0.3,False,8,14,0.19015237375643385,0.09166895548253778,131,525.0000000000045,4.420195439739261,57,576.0000000000173,1.0,5,0,329.62500000001,0.7531249999999999
MGC,1H,mgc_1h_delay_stop_zone_filter_require_no_stop_zone_touch_before_entry_sm1p00_tm2p50_d5_ts2_sz1p00,delay_stop_zone_filter,mgc_1h_stop_zone_core,81,-197.24999999985357,1199.7500000000605,1396.999999999914,0.4074074074074074,-2.4351851851833772,-12.5,0.8588045812456223,-399.24999999988586,-0.9748714598336614,-1.9794834021126033,-0.49405134627403874,77.60493827160494,115.0,0.9382716049382716,0.024691358024691357,0.49382716049382713,0.037037037037037035,15,0.13636363636363635,0,6.215388655462185,2.5,-95.49999999999727,80,105,0.7619047619047619,-0.549277841394546,52,29,-198.24999999990496,1.0000000000513865,1min,regime_filtered_ema_mild_atr_20_80_compression_off_atr_target_1p0_ts3_vq0p95_bf0p5_ra1p2,1.0,2.5,5,2,require_no_stop_zone_touch_before_entry,"{""stop_zone_fraction"": 1.0}",1.0,,,0.25425742574254345,0.32423131521543685,0.10156797051800175,1.0,0.5,0.6881209196707301,0.203125,0.3,False,7,14,0.12375816065853998,0.0896198317199059,132,260.00000000001364,1.6212664277180746,92,358.5000000000332,1.0,5,0,329.62500000001,0.7531249999999999
MGC,1H,mgc_1h_delay_stop_zone_filter_require_no_stop_zone_touch_before_entry_sm1p25_tm2p50_d15_ts2_sz0p75,delay_stop_zone_filter,mgc_1h_stop_zone_core,68,-171.4999999998713,1104.7500000000605,1276.2499999999318,0.4411764705882353,-2.5220588235275194,-9.624999999998636,0.8656219392753141,-332.24999999996726,-0.8941305512959504,-1.6492479650786553,-0.5161775771253219,92.83823529411765,120.0,0.9264705882352942,0.014705882352941176,0.6617647058823529,0.058823529411764705,17,0.15454545454545454,0,5.2178571428571425,2.5,-105.99999999999909,68,105,0.6476190476190476,-0.46446727509466873,44,24,-10.249999999919055,-161.24999999995225,1min,regime_filtered_ema_mild_atr_20_80_compression_off_atr_target_1p0_ts3_vq0p95_bf0p5_ra1p2,1.25,2.5,15,2,require_no_stop_zone_touch_before_entry,"{""stop_zone_fraction"": 0.75}",0.75,,,0.2746534653464903,0.33087030206372026,0.09744464362855104,1.0,0.5,0.6494536247334664,0.203125,0.3,False,6,14,0.12966417910449582,0.08860824373634474,133,408.4999999999991,2.53283302063789,66,468.7500000000182,1.0,5,0,329.62500000001,0.7531249999999999
MGC,1H,mgc_1h_none_baseline_none_sm1p25_tm2p50_d5_ts2,none_baseline,mgc_1h_none_core,96,-449.99999999980446,1244.2500000000678,1694.2499999998722,0.375,-4.687499999997963,-9.749999999997954,0.7343957503321007,-561.2499999998363,-1.9365630520936594,-3.57017933345085,-0.8017817371936494,71.72916666666667,97.5,0.9479166666666666,0.020833333333333332,0.4791666666666667,0.03125,0,0.0,0,7.366386554621848,2.5,-87.49999999999773,95,105,0.9047619047619048,-1.189030990023868,61,35,-292.7499999998736,-157.24999999993088,1min,regime_filtered_ema_mild_atr_20_80_compression_off_atr_target_1p0_ts3_vq0p95_bf0p5_ra1p2,1.25,2.5,5,2,none,{},,,,0.05405940594059749,0.20307755027483684,0.0442209689383619,1.0,0.8,0.6029172761254683,0.6666666666666666,0.3,False,5,14,0.15130830489192054,0.08849812800266149,134,579.5000000000164,2.2475780409042625,51,650.0000000000364,0.8,4,0,797.4999999999818,0.6814814814814812
MGC,1H,mgc_1h_delay_stop_zone_filter_require_no_stop_zone_touch_before_entry_sm1p50_tm2p50_d15_ts2_sz0p50,delay_stop_zone_filter,mgc_1h_stop_zone_core,60,-195.24999999989404,959.2500000000473,1154.4999999999413,0.4166666666666667,-3.2541666666649007,-6.999999999998181,0.8308791684712828,-383.9999999999736,-1.1252201247765066,-1.9458500884229393,-0.5084635416664257,99.0,120.0,0.9166666666666666,0.016666666666666666,0.7333333333333333,0.06666666666666667,25,0.22727272727272727,0,4.6039915966386555,2.5,-100.99999999999909,60,105,0.5714285714285714,-0.5490512009262751,40,20,-22.749999999932697,-172.49999999996135,1min,regime_filtered_ema_mild_atr_20_80_compression_off_atr_target_1p0_ts3_vq0p95_bf0p5_ra1p2,1.5,2.5,15,2,require_no_stop_zone_touch_before_entry,"{""stop_zone_fraction"": 0.5}",0.5,,,0.255841584158353,0.2970365504202969,0.09888219031454697,1.0,0.5,0.6992241750874051,0.203125,0.3,False,8,14,0.17298022125376133,0.08576033172602288,135,394.49999999999363,2.4064171122994105,68,416.50000000001,1.0,5,0,329.62500000001,0.7531249999999999
MGC,1H,mgc_1h_delay_stop_zone_filter_require_no_stop_zone_touch_before_entry_sm1p00_tm2p50_d5_ts2_sz0p50,delay_stop_zone_filter,mgc_1h_stop_zone_core,66,-191.74999999988586,997.2500000000468,1188.9999999999327,0.3939393939393939,-2.905303030301301,-12.999999999998408,0.8387300252313736,-319.2499999999018,-1.1088371319024124,-2.194028673598999,-0.6006264682848703,79.10606060606061,117.5,0.9242424242424242,0.030303030303030304,0.5,0.045454545454545456,30,0.2727272727272727,0,5.064390756302521,2.5,-95.49999999999727,66,105,0.6285714285714286,-0.5674654937262967,41,25,-294.7499999999286,103.00000000004275,1min,regime_filtered_ema_mild_atr_20_80_compression_off_atr_target_1p0_ts3_vq0p95_bf0p5_ra1p2,1.0,2.5,5,2,require_no_stop_zone_touch_before_entry,"{""stop_zone_fraction"": 0.5}",0.5,,,0.25861386138608233,0.3046819952613912,0.08170719670219082,1.0,0.5,0.6880744538358607,0.203125,0.3,False,8,14,0.19527966375684977,0.08359516891020252,136,525.0000000000045,4.420195439739261,56,576.0000000000173,1.0,5,0,329.62500000001,0.7531249999999999
MGC,1H,mgc_1h_raw_hybrid_none_sm1p00_tm1p00_d0_ts4,raw_hybrid,mgc_1h_raw_baseline,99,-179.29999999985966,1518.200000000038,1697.4999999998977,0.3838383838383838,-1.8111111111096936,-12.499999999997726,0.894374079528795,-400.7999999999356,-0.7390589997841688,-1.4018939618594564,-0.44735528942087943,71.51515151515152,31.0,0.6767676767676768,0.26262626262626265,0.12121212121212122,0.06060606060606061,0,0.0,0,7.596586134453781,2.5,-105.49999999999727,97,105,0.9238095238095239,-0.4585267812568947,65,34,-9.649999999905958,-169.6499999999537,1min,regime_filtered_ema_mild_atr_20_80_compression_off_atr_target_1p0_ts3_vq0p95_bf0p5_ra1p2,1.0,1.0,0,4,none,{},,,,0.2684752475247172,0.35887016361881174,0.11026999971348875,1.0,1.0,0.5986397197401419,0.0,0.3,False,5,14,0.15986341766257345,0.08180554014675034,137,915.3000000000156,3.2297198538368868,30,1022.3500000000308,0.8,4,1,753.5500000000093,0.8000000000000002
MGC,1H,mgc_1h_delay_stop_zone_filter_require_no_stop_zone_touch_before_entry_sm1p00_tm3p00_d30_ts2_sz1p00,delay_stop_zone_filter,mgc_1h_stop_zone_core,60,-156.89999999989823,769.6000000000458,926.4999999999441,0.45,-2.614999999998304,-7.499999999997726,0.830652995143111,-290.49999999993815,-1.1569335571382413,-2.7758690160827575,-0.5401032702235168,94.58333333333333,120.0,0.9333333333333333,0.016666666666666666,0.6666666666666666,0.05,16,0.14545454545454545,0,4.6039915966386555,2.5,-56.499999999998636,60,105,0.5714285714285714,-0.5645257714039078,39,21,-57.3999999999387,-99.49999999995953,1min,regime_filtered_ema_mild_atr_20_80_compression_off_atr_target_1p0_ts3_vq0p95_bf0p5_ra1p2,1.0,3.0,30,2,require_no_stop_zone_touch_before_entry,"{""stop_zone_fraction"": 1.0}",1.0,,,0.2862178217821128,0.2968162947516602,0.09298597851004933,1.0,0.5,0.6155872327238789,0.203125,0.3,False,6,14,0.19739696312367067,0.07836155499184388,138,-63.00000000000182,0.8398983481575609,149,-77.49999999998636,0.4,2,0,329.62500000001,0.7531249999999999
MGC,1H,mgc_1h_none_baseline_none_sm1p50_tm3p00_d5_ts2,none_baseline,mgc_1h_none_core,96,-497.3999999998068,1268.6000000000695,1765.9999999998763,0.3854166666666667,-5.181249999997988,-9.499999999998181,0.7183465458664543,-604.39999999983,-2.030832545689066,-3.5831751121455646,-0.8229649238913744,75.57291666666667,120.0,0.9375,0.010416666666666666,0.53125,0.052083333333333336,0,0.0,0,7.366386554621848,2.5,-100.99999999999909,95,105,0.9047619047619048,-1.2469115476321593,61,35,-311.39999999987594,-185.99999999993088,1min,regime_filtered_ema_mild_atr_20_80_compression_off_atr_target_1p0_ts3_vq0p95_bf0p5_ra1p2,1.5,3.0,5,2,none,{},,,,0.01651485148514919,0.18744826149335037,0.040273382749731,1.0,0.8,0.6096683105313399,0.6666666666666666,0.3,False,5,14,0.13780623608017756,0.07828387658786057,139,477.00000000001637,1.9208494208494653,61,552.0000000000346,1.0,5,0,797.4999999999818,0.6814814814814812
MGC,1H,mgc_1h_delay_stop_zone_filter_require_no_stop_zone_touch_before_entry_sm1p25_tm3p00_d30_ts2_sz1p00,delay_stop_zone_filter,mgc_1h_stop_zone_core,65,-173.8999999998805,849.6000000000504,1023.4999999999309,0.4461538461538462,-2.675384615382777,-8.49999999999909,0.830092818759265,-376.24999999992497,-1.1480170128282108,-2.369998124130755,-0.46219269102967486,96.75384615384615,120.0,0.9230769230769231,0.015384615384615385,0.6923076923076923,0.06153846153846154,11,0.1,0,4.98765756302521,2.5,-69.74999999999909,65,105,0.6190476190476191,-0.583048566592133,43,22,-12.149999999924148,-161.74999999995634,1min,regime_filtered_ema_mild_atr_20_80_compression_off_atr_target_1p0_ts3_vq0p95_bf0p5_ra1p2,1.25,3.0,30,2,require_no_stop_zone_touch_before_entry,"{""stop_zone_fraction"": 1.0}",1.0,,,0.2727524752474731,0.2962707749727554,0.10750498033742192,1.0,0.5,0.587999470220254,0.203125,0.3,False,5,14,0.18114391670234906,0.07359906762769713,140,-125.25000000000546,0.7707093821510236,169,-147.74999999998954,0.4,2,0,329.62500000001,0.7531249999999999
MGC,1H,mgc_1h_none_baseline_none_sm1p50_tm2p50_d5_ts2,none_baseline,mgc_1h_none_core,96,-518.2499999998072,1247.7500000000691,1765.9999999998763,0.3854166666666667,-5.398437499997992,-9.499999999998181,0.7065402038505982,-625.2499999998304,-2.1600074143183297,-3.733374551406251,-0.8288684526188689,75.29166666666667,120.0,0.9270833333333334,0.020833333333333332,0.5208333333333334,0.052083333333333336,0,0.0,0,7.366386554621848,2.5,-100.99999999999909,95,105,0.9047619047619048,-1.3262236680231807,61,35,-336.7499999998745,-181.4999999999327,1min,regime_filtered_ema_mild_atr_20_80_compression_off_atr_target_1p0_ts3_vq0p95_bf0p5_ra1p2,1.5,2.5,5,2,none,{},,,,0.0,0.17595082377213558,0.03917323248426856,1.0,0.8,0.6083088309844876,0.6666666666666666,0.3,False,5,14,0.14052519517388182,0.07231247427474058,141,591.5000000000146,2.141891891891936,50,666.5000000000327,1.0,5,0,797.4999999999818,0.6814814814814812
MGC,1H,mgc_1h_delay_stop_zone_filter_require_no_stop_zone_touch_before_entry_sm1p00_tm2p50_d30_ts2_sz1p00,delay_stop_zone_filter,mgc_1h_stop_zone_core,60,-182.24999999989677,744.2500000000473,926.4999999999441,0.45,-3.0374999999982797,-7.499999999997726,0.8032919589855285,-290.49999999993815,-1.4095722814038958,-3.2243602815877894,-0.6273666092940984,94.56666666666666,120.0,0.9333333333333333,0.016666666666666666,0.6666666666666666,0.05,16,0.14545454545454545,0,4.6039915966386555,2.5,-56.499999999998636,60,105,0.5714285714285714,-0.6878008461241462,39,21,-82.74999999993724,-99.49999999995953,1min,regime_filtered_ema_mild_atr_20_80_compression_off_atr_target_1p0_ts3_vq0p95_bf0p5_ra1p2,1.0,2.5,30,2,require_no_stop_zone_touch_before_entry,"{""stop_zone_fraction"": 1.0}",1.0,,,0.2661386138613214,0.2701711400723173,0.07672404601592471,1.0,0.5,0.6239899177107396,0.203125,0.3,False,6,14,0.18059159314994935,0.06783779534572743,142,-63.00000000000182,0.8398983481575609,148,-77.49999999998636,0.4,2,0,329.62500000001,0.7531249999999999
MGC,1H,mgc_1h_delay_stop_zone_filter_require_no_stop_zone_touch_before_entry_sm1p25_tm2p50_d30_ts2_sz1p00,delay_stop_zone_filter,mgc_1h_stop_zone_core,65,-199.24999999987904,824.2500000000518,1023.4999999999309,0.4461538461538462,-3.0653846153827544,-8.49999999999909,0.8053248656571641,-376.24999999992497,-1.3706972996320457,-2.7154808869067897,-0.5295681063120765,96.73846153846154,120.0,0.9230769230769231,0.015384615384615385,0.6923076923076923,0.06153846153846154,11,0.1,0,4.98765756302521,2.5,-69.74999999999909,65,105,0.6190476190476191,-0.6961422059533201,43,22,-37.49999999992269,-161.74999999995634,1min,regime_filtered_ema_mild_atr_20_80_compression_off_atr_target_1p0_ts3_vq0p95_bf0p5_ra1p2,1.25,2.5,30,2,require_no_stop_zone_touch_before_entry,"{""stop_zone_fraction"": 1.0}",1.0,,,0.25267326732668166,0.2721508572293149,0.09494925571405145,1.0,0.5,0.584601765234383,0.203125,0.3,False,5,14,0.18793932667409105,0.062366228053464534,143,-125.25000000000546,0.7707093821510236,168,-147.74999999998954,0.4,2,0,329.62500000001,0.7531249999999999
MGC,1H,mgc_1h_delay_stop_zone_filter_require_no_stop_zone_touch_before_entry_sm1p25_tm3p00_d30_ts2_sz0p75,delay_stop_zone_filter,mgc_1h_stop_zone_core,58,-184.1499999998996,736.1000000000422,920.2499999999418,0.4482758620689655,-3.1749999999982688,-7.499999999997726,0.7998913338767604,-327.99999999993815,-1.3608406583493733,-2.77723665408783,-0.561432926829068,100.8103448275862,120.0,0.9482758620689655,0.017241379310344827,0.7413793103448276,0.034482758620689655,18,0.16363636363636364,0,4.450525210084034,2.5,-69.74999999999909,58,105,0.5523809523809524,-0.6528614162060148,38,20,-10.399999999938245,-173.74999999996135,1min,regime_filtered_ema_mild_atr_20_80_compression_off_atr_target_1p0_ts3_vq0p95_bf0p5_ra1p2,1.25,3.0,30,2,require_no_stop_zone_touch_before_entry,"{""stop_zone_fraction"": 0.75}",0.75,,,0.26463366336626964,0.2668594898296976,0.08901109696716247,1.0,0.5,0.5615309881390749,0.203125,0.3,False,4,14,0.1626523094361359,0.059348693405129105,144,61.75000000000182,1.229767441860464,107,39.250000000017735,0.6,3,0,329.62500000001,0.7531249999999999
MGC,1H,mgc_1h_delay_stop_zone_filter_require_no_stop_zone_touch_before_entry_sm1p00_tm3p00_d30_ts2_sz0p75,delay_stop_zone_filter,mgc_1h_stop_zone_core,46,-202.89999999992688,589.6000000000299,792.4999999999568,0.41304347826086957,-4.410869565215802,-10.499999999997272,0.7439747634070184,-369.49999999995725,-1.824194150774515,-4.60980973106806,-0.5491204330174569,91.73913043478261,120.0,0.9347826086956522,0.021739130434782608,0.6304347826086957,0.043478260869565216,30,0.2727272727272727,0,3.529726890756302,2.5,-56.499999999998636,46,105,0.4380952380952381,-0.779380802729427,29,17,-82.39999999995689,-120.49999999996999,1min,regime_filtered_ema_mild_atr_20_80_compression_off_atr_target_1p0_ts3_vq0p95_bf0p5_ra1p2,1.0,3.0,30,2,require_no_stop_zone_touch_before_entry,"{""stop_zone_fraction"": 0.75}",0.75,,,0.24978217821773283,0.21240593548607814,0.09130558793360138,1.0,0.5,0.6239590584474072,0.203125,0.3,False,6,14,0.1806533116766142,0.05519606969791352,145,125.99999999999909,1.6161369193153634,103,99.50000000000955,0.6,3,0,329.62500000001,0.7531249999999999
MGC,1H,mgc_1h_delay_stop_zone_filter_require_no_stop_zone_touch_before_entry_sm1p25_tm3p00_d5_ts2_sz0p75,delay_stop_zone_filter,mgc_1h_stop_zone_core,81,-281.64999999984275,1239.6000000000663,1521.249999999909,0.43209876543209874,-3.477160493825219,-12.249999999996817,0.8148562037798787,-443.8999999998782,-1.303361464209201,-2.61387939815039,-0.6344897499435008,81.65432098765432,120.0,0.9506172839506173,0.012345679012345678,0.5555555555555556,0.037037037037037035,15,0.13636363636363635,0,6.215388655462185,2.5,-87.49999999999773,80,105,0.7619047619047619,-0.7343609912837303,52,29,-188.64999999989777,-92.99999999994498,1min,regime_filtered_ema_mild_atr_20_80_compression_off_atr_target_1p0_ts3_vq0p95_bf0p5_ra1p2,1.25,3.0,5,2,require_no_stop_zone_touch_before_entry,"{""stop_zone_fraction"": 0.75}",0.75,,,0.18740594059403562,0.28143281486857147,0.07539661534892897,1.0,0.5,0.6009288290727437,0.203125,0.3,False,5,14,0.15528519899736976,0.0506853177557724,146,233.7500000000182,1.5255761663856573,97,316.5000000000373,0.8,4,0,329.62500000001,0.7531249999999999
MGC,1H,mgc_1h_delay_stop_zone_filter_require_no_stop_zone_touch_before_entry_sm1p25_tm3p00_d5_ts2_sz0p50,delay_stop_zone_filter,mgc_1h_stop_zone_core,75,-271.899999999855,1160.100000000059,1431.999999999914,0.4266666666666667,-3.6253333333314,-12.249999999996817,0.8101256983241122,-389.64999999988777,-1.3303926034932756,-2.6566760290663134,-0.6978057230846486,81.85333333333334,120.0,0.9466666666666667,0.013333333333333334,0.56,0.04,21,0.19090909090909092,0,5.754989495798319,2.5,-87.49999999999773,75,105,0.7142857142857143,-0.7257886677996794,49,26,-268.14999999990505,-3.749999999949978,1min,regime_filtered_ema_mild_atr_20_80_compression_off_atr_target_1p0_ts3_vq0p95_bf0p5_ra1p2,1.25,3.0,5,2,require_no_stop_zone_touch_before_entry,"{""stop_zone_fraction"": 0.5}",0.5,,,0.1951287128712538,0.2768260796245393,0.06359738680705132,1.0,0.5,0.6008701352881616,0.203125,0.3,False,5,14,0.15540258656653402,0.049529836813440586,147,374.5000000000073,2.231907894736844,73,412.75000000002365,0.8,4,0,329.62500000001,0.7531249999999999
MGC,1H,mgc_1h_delay_stop_zone_filter_require_no_stop_zone_touch_before_entry_sm1p25_tm2p50_d30_ts2_sz0p75,delay_stop_zone_filter,mgc_1h_stop_zone_core,58,-209.49999999989814,710.7500000000437,920.2499999999418,0.4482758620689655,-3.612068965515485,-7.499999999997726,0.7723444716110716,-327.99999999993815,-1.6218398687769604,-3.1595497096466727,-0.6387195121949318,100.79310344827586,120.0,0.9482758620689655,0.017241379310344827,0.7413793103448276,0.034482758620689655,18,0.16363636363636364,0,4.450525210084034,2.5,-69.74999999999909,58,105,0.5523809523809524,-0.778075424990179,38,20,-35.74999999993679,-173.74999999996135,1min,regime_filtered_ema_mild_atr_20_80_compression_off_atr_target_1p0_ts3_vq0p95_bf0p5_ra1p2,1.25,2.5,30,2,require_no_stop_zone_touch_before_entry,"{""stop_zone_fraction"": 0.75}",0.75,,,0.24455445544547824,0.24003337104631134,0.07460837931611647,1.0,0.5,0.5674603174603134,0.203125,0.3,False,4,14,0.15079365079365875,0.048696619814822484,148,61.75000000000182,1.229767441860464,106,39.250000000017735,0.6,3,0,329.62500000001,0.7531249999999999
MGC,1H,mgc_1h_delay_stop_zone_filter_require_no_stop_zone_touch_before_entry_sm1p50_tm3p00_d5_ts2_sz0p50,delay_stop_zone_filter,mgc_1h_stop_zone_core,79,-298.89999999984866,1229.6000000000663,1528.499999999915,0.4430379746835443,-3.7835443037955527,-10.999999999996817,0.804448806019061,-455.39999999987003,-1.3666691630915473,-2.5352638586268412,-0.6563460693894027,86.43037974683544,120.0,0.9240506329113924,0.012658227848101266,0.6075949367088608,0.06329113924050633,17,0.15454545454545454,0,6.061922268907563,2.5,-100.99999999999909,79,105,0.7523809523809524,-0.765203011516849,51,28,-230.8999999999014,-67.99999999994725,1min,regime_filtered_ema_mild_atr_20_80_compression_off_atr_target_1p0_ts3_vq0p95_bf0p5_ra1p2,1.5,3.0,5,2,require_no_stop_zone_touch_before_entry,"{""stop_zone_fraction"": 0.5}",0.5,,,0.17374257425739695,0.2712977190502216,0.07132358771573472,1.0,0.5,0.6039994298318003,0.203125,0.3,False,5,14,0.1491439974792565,0.045775261293654,149,269.5000000000118,1.6589242053790005,91,358.5000000000309,0.8,4,0,329.62500000001,0.7531249999999999
MGC,1H,mgc_1h_delay_stop_zone_filter_require_no_stop_zone_touch_before_entry_sm1p25_tm2p50_d5_ts2_sz0p75,delay_stop_zone_filter,mgc_1h_stop_zone_core,81,-302.4999999998431,1218.750000000066,1521.249999999909,0.43209876543209874,-3.734567901232631,-12.249999999996817,0.8011503697618003,-464.7499999998786,-1.4310914084196726,-2.80737979030898,-0.6508875739643295,81.32098765432099,120.0,0.9382716049382716,0.024691358024691357,0.5432098765432098,0.037037037037037035,15,0.13636363636363635,0,6.215388655462185,2.5,-87.49999999999773,80,105,0.7619047619047619,-0.8063286618208744,52,29,-213.99999999989632,-88.4999999999468,1min,regime_filtered_ema_mild_atr_20_80_compression_off_atr_target_1p0_ts3_vq0p95_bf0p5_ra1p2,1.25,2.5,5,2,require_no_stop_zone_touch_before_entry,"{""stop_zone_fraction"": 0.75}",0.75,,,0.17089108910888642,0.2680855839626289,0.07234080393811913,1.0,0.5,0.5988976519089448,0.203125,0.3,False,5,14,0.15934755332496758,0.043949852991362726,150,233.7500000000182,1.5255761663856573,96,316.5000000000373,0.8,4,0,329.62500000001,0.7531249999999999
MGC,1H,mgc_1h_raw_hybrid_none_sm1p00_tm1p00_d0_ts3,raw_hybrid,mgc_1h_raw_baseline,99,-316.2999999998556,1431.2000000000376,1747.4999999998931,0.36363636363636365,-3.194949494948036,-13.499999999996817,0.818998569384907,-527.6499999998941,-1.3122328200051712,-2.507784289988595,-0.5994503932529499,62.898989898989896,31.0,0.7171717171717171,0.26262626262626265,0.16161616161616163,0.020202020202020204,0,0.0,0,7.596586134453781,2.5,-105.49999999999727,97,105,0.9238095238095239,-0.8141351250608475,65,34,-128.64999999990232,-187.64999999995325,1min,regime_filtered_ema_mild_atr_20_80_compression_off_atr_target_1p0_ts3_vq0p95_bf0p5_ra1p2,1.0,1.0,0,3,none,{},,,,0.15996039603956938,0.285466798510444,0.08192636380009026,1.0,1.0,0.6134244268877092,0.0,0.3,False,6,14,0.20172257479601027,0.043388057513172595,151,753.5500000000093,2.8356881851401488,47,862.6000000000249,0.8,4,0,753.5500000000093,0.8000000000000002
MGC,1H,mgc_1h_delay_stop_zone_filter_require_no_stop_zone_touch_before_entry_sm1p25_tm2p50_d5_ts2_sz0p50,delay_stop_zone_filter,mgc_1h_stop_zone_core,75,-292.7499999998554,1139.2500000000587,1431.999999999914,0.4266666666666667,-3.903333333331405,-12.249999999996817,0.7955656424581893,-410.49999999988813,-1.4660001573521821,-2.8603968646899367,-0.713154689403009,81.49333333333334,120.0,0.9333333333333333,0.02666666666666667,0.5466666666666666,0.04,21,0.19090909090909092,0,5.754989495798319,2.5,-87.49999999999773,75,105,0.7142857142857143,-0.7997686535575651,49,26,-293.4999999999036,0.7500000000482032,1min,regime_filtered_ema_mild_atr_20_80_compression_off_atr_target_1p0_ts3_vq0p95_bf0p5_ra1p2,1.25,2.5,5,2,require_no_stop_zone_touch_before_entry,"{""stop_zone_fraction"": 0.5}",0.5,,,0.1786138613861046,0.26264697695996875,0.06073703494815809,1.0,0.5,0.5985499462943108,0.203125,0.3,False,5,14,0.16004296455423547,0.04261396485558505,152,374.5000000000073,2.231907894736844,72,412.75000000002365,0.8,4,0,329.62500000001,0.7531249999999999
MGC,1H,mgc_1h_delay_stop_zone_filter_require_no_stop_zone_touch_before_entry_sm1p25_tm3p00_d5_ts2_sz1p00,delay_stop_zone_filter,mgc_1h_stop_zone_core,86,-309.14999999983365,1265.1000000000681,1574.2499999999018,0.4186046511627907,-3.5947674418585307,-10.999999999997954,0.8036207717961867,-443.1499999998732,-1.381313514468896,-2.705697472367477,-0.6976193162584274,79.87209302325581,120.0,0.9534883720930233,0.011627906976744186,0.5465116279069767,0.03488372093023256,10,0.09090909090909091,0,6.599054621848739,2.5,-87.49999999999773,85,105,0.8095238095238095,-0.8022347189150062,54,32,-185.39999999989504,-123.74999999993861,1min,regime_filtered_ema_mild_atr_20_80_compression_off_atr_target_1p0_ts3_vq0p95_bf0p5_ra1p2,1.25,3.0,5,2,require_no_stop_zone_touch_before_entry,"{""stop_zone_fraction"": 1.0}",1.0,,,0.16562376237622053,0.2704913497365303,0.06363212459335126,1.0,0.5,0.6021436738623958,0.203125,0.3,False,5,14,0.1528555094180656,0.04255814219091225,153,324.2500000000109,1.7290612703766495,85,407.00000000003,0.8,4,0,329.62500000001,0.7531249999999999
MGC,1H,mgc_1h_delay_stop_zone_filter_require_no_stop_zone_touch_before_entry_sm1p00_tm2p50_d30_ts2_sz0p75,delay_stop_zone_filter,mgc_1h_stop_zone_core,46,-228.24999999992542,564.2500000000314,792.4999999999568,0.41304347826086957,-4.961956521737509,-10.499999999997272,0.7119873817035485,-369.49999999995725,-2.169370649138508,-5.185751952273631,-0.6177266576453365,91.71739130434783,120.0,0.9347826086956522,0.021739130434782608,0.6304347826086957,0.043478260869565216,30,0.2727272727272727,0,3.529726890756302,2.5,-56.499999999998636,46,105,0.4380952380952381,-0.9268562982867612,29,17,-107.74999999995543,-120.49999999996999,1min,regime_filtered_ema_mild_atr_20_80_compression_off_atr_target_1p0_ts3_vq0p95_bf0p5_ra1p2,1.0,2.5,30,2,require_no_stop_zone_touch_before_entry,"{""stop_zone_fraction"": 0.75}",0.75,,,0.22970297029694142,0.18125548020480245,0.07852049621630032,1.0,0.5,0.6197230665315852,0.203125,0.3,False,6,14,0.18912529550825818,0.042396974512531604,154,125.99999999999909,1.6161369193153634,102,99.50000000000955,0.6,3,0,329.62500000001,0.7531249999999999
MGC,1H,mgc_1h_delay_stop_zone_filter_require_no_stop_zone_touch_before_entry_sm1p50_tm3p00_d30_ts2_sz0p50,delay_stop_zone_filter,mgc_1h_stop_zone_core,46,-217.89999999992233,589.6000000000299,807.4999999999523,0.41304347826086957,-4.736956521737442,-9.999999999997726,0.7301547987616901,-319.49999999995043,-1.9157872788926695,-4.219898507590801,-0.6820031298903165,102.21739130434783,120.0,0.9130434782608695,0.021739130434782608,0.7391304347826086,0.06521739130434782,30,0.2727272727272727,0,3.529726890756302,2.5,-63.49999999999909,46,105,0.4380952380952381,-0.8185136580161944,29,17,-114.39999999995734,-103.49999999996498,1min,regime_filtered_ema_mild_atr_20_80_compression_off_atr_target_1p0_ts3_vq0p95_bf0p5_ra1p2,1.5,3.0,30,2,require_no_stop_zone_touch_before_entry,"{""stop_zone_fraction"": 0.5}",0.5,,,0.23790099009892426,0.19894756009718498,0.06654227416175691,1.0,0.5,0.5786931077440055,0.203125,0.3,False,5,14,0.19975664165484616,0.03962376732508627,155,80.49999999999727,1.3219999999999714,105,38.00000000000864,0.6,3,0,329.62500000001,0.7531249999999999
MGC,1H,mgc_1h_delay_stop_zone_filter_require_no_stop_zone_touch_before_entry_sm1p50_tm2p50_d5_ts2_sz0p50,delay_stop_zone_filter,mgc_1h_stop_zone_core,79,-319.749999999849,1208.750000000066,1528.499999999915,0.4430379746835443,-4.047468354428469,-10.999999999996817,0.7908079816814741,-476.2499999998704,-1.4934794716509812,-2.7121131441818678,-0.6713910761153513,86.0886075949367,120.0,0.9113924050632911,0.02531645569620253,0.5949367088607594,0.06329113924050633,17,0.15454545454545454,0,6.061922268907563,2.5,-100.99999999999909,79,105,0.7523809523809524,-0.8362045623102794,51,28,-256.24999999989996,-63.49999999994907,1min,regime_filtered_ema_mild_atr_20_80_compression_off_atr_target_1p0_ts3_vq0p95_bf0p5_ra1p2,1.5,2.5,5,2,require_no_stop_zone_touch_before_entry,"{""stop_zone_fraction"": 0.5}",0.5,,,0.15722772277224778,0.25801379689407833,0.06851988015243442,1.0,0.5,0.6023298178331733,0.203125,0.3,False,5,14,0.15248322147651047,0.03914450863110641,156,269.5000000000118,1.6589242053790005,90,358.5000000000309,0.8,4,0,329.62500000001,0.7531249999999999
MGC,1H,mgc_1h_delay_stop_zone_filter_require_no_stop_zone_touch_before_entry_sm1p25_tm2p50_d5_ts2_sz1p00,delay_stop_zone_filter,mgc_1h_stop_zone_core,86,-329.999999999834,1244.2500000000678,1574.2499999999018,0.4186046511627907,-3.8372093023236515,-10.999999999997954,0.7903763696999494,-463.9999999998736,-1.5070854825632398,-2.8881777968018723,-0.7112068965515602,79.55813953488372,120.0,0.9418604651162791,0.023255813953488372,0.5348837209302325,0.03488372093023256,10,0.09090909090909091,0,6.599054621848739,2.5,-87.49999999999773,85,105,0.8095238095238095,-0.875280148800884,54,32,-210.7499999998936,-119.24999999994043,1min,regime_filtered_ema_mild_atr_20_80_compression_off_atr_target_1p0_ts3_vq0p95_bf0p5_ra1p2,1.25,2.5,5,2,require_no_stop_zone_touch_before_entry,"{""stop_zone_fraction"": 1.0}",1.0,,,0.14910891089107134,0.2575934777240385,0.06110001528102363,1.0,0.5,0.6001763668430334,0.203125,0.3,False,5,14,0.1567901234567903,0.03600068504163051,157,324.2500000000109,1.7290612703766495,84,407.00000000003,0.8,4,0,329.62500000001,0.7531249999999999
MGC,1H,mgc_1h_delay_stop_zone_filter_require_no_stop_zone_touch_before_entry_sm1p50_tm3p00_d5_ts2_sz0p75,delay_stop_zone_filter,mgc_1h_stop_zone_core,84,-368.39999999984,1243.1000000000677,1611.4999999999077,0.42857142857142855,-4.385714285712381,-9.499999999998181,0.7713931120075327,-498.8999999998623,-1.6224030463868702,-2.9491825804057785,-0.7384245339746276,82.9047619047619,120.0,0.9285714285714286,0.011904761904761904,0.5833333333333334,0.05952380952380952,12,0.10909090909090909,0,6.445588235294117,2.5,-100.99999999999909,83,105,0.7904761904761904,-0.9311025776115927,53,31,-243.39999999989914,-124.99999999994088,1min,regime_filtered_ema_mild_atr_20_80_compression_off_atr_target_1p0_ts3_vq0p95_bf0p5_ra1p2,1.5,3.0,5,2,require_no_stop_zone_touch_before_entry,"{""stop_zone_fraction"": 0.75}",0.75,,,0.11869306930690747,0.2391069030702458,0.05602788089861726,1.0,0.5,0.6079668144107281,0.203125,0.3,False,5,14,0.1412092283214009,0.026627948771832444,158,251.00000000001273,1.484555984556016,95,340.00000000003183,0.8,4,0,329.62500000001,0.7531249999999999
MGC,1H,mgc_1h_delay_stop_zone_filter_require_no_stop_zone_touch_before_entry_sm1p50_tm2p50_d30_ts2_sz0p50,delay_stop_zone_filter,mgc_1h_stop_zone_core,46,-243.24999999992087,564.2500000000314,807.4999999999523,0.41304347826086957,-5.28804347825915,-9.999999999997726,0.6987616099072009,-319.49999999995043,-2.2553866170449237,-4.710832087982994,-0.7613458528950191,102.19565217391305,120.0,0.9130434782608695,0.021739130434782608,0.7391304347826086,0.06521739130434782,30,0.2727272727272727,0,3.529726890756302,2.5,-63.49999999999909,46,105,0.4380952380952381,-0.9636063306700945,29,17,-139.7499999999559,-103.49999999996498,1min,regime_filtered_ema_mild_atr_20_80_compression_off_atr_target_1p0_ts3_vq0p95_bf0p5_ra1p2,1.5,2.5,30,2,require_no_stop_zone_touch_before_entry,"{""stop_zone_fraction"": 0.5}",0.5,,,0.21782178217813286,0.16837575104404434,0.05175638561858655,1.0,0.5,0.5732801404901834,0.203125,0.3,False,5,14,0.2105825761624904,0.026463735560750934,159,80.49999999999727,1.3219999999999714,104,38.00000000000864,0.6,3,0,329.62500000001,0.7531249999999999
MGC,1H,mgc_1h_delay_stop_zone_filter_require_no_stop_zone_touch_before_entry_sm1p50_tm3p00_d5_ts2_sz1p00,delay_stop_zone_filter,mgc_1h_stop_zone_core,88,-383.899999999835,1268.6000000000695,1652.4999999999045,0.42045454545454547,-4.362499999998125,-10.249999999997499,0.7676853252648368,-500.3999999998564,-1.6451316067252086,-2.9569973794853373,-0.7671862509990911,81.95454545454545,120.0,0.9318181818181818,0.011363636363636364,0.5795454545454546,0.056818181818181816,8,0.07272727272727272,0,6.752521008403361,2.5,-100.99999999999909,87,105,0.8285714285714286,-0.966629404659142,55,33,-227.3999999998955,-156.49999999993952,1min,regime_filtered_ema_mild_atr_20_80_compression_off_atr_target_1p0_ts3_vq0p95_bf0p5_ra1p2,1.5,3.0,5,2,require_no_stop_zone_touch_before_entry,"{""stop_zone_fraction"": 1.0}",1.0,,,0.10641584158413886,0.23549612785295673,0.050668000040876626,1.0,0.5,0.6070781247752339,0.203125,0.3,False,5,14,0.14298660759238932,0.02251306260983571,160,411.50000000001455,1.7944015444015837,65,486.50000000003274,0.8,4,0,329.62500000001,0.7531249999999999
MGC,1H,mgc_1h_delay_stop_zone_filter_require_no_stop_zone_touch_before_entry_sm1p50_tm2p50_d5_ts2_sz0p75,delay_stop_zone_filter,mgc_1h_stop_zone_core,84,-389.2499999998404,1222.2500000000673,1611.4999999999077,0.42857142857142855,-4.633928571426671,-9.499999999998181,0.7584548557245655,-519.7499999998627,-1.750325238054267,-3.1160947867073214,-0.7489177489176397,82.58333333333333,120.0,0.9166666666666666,0.023809523809523808,0.5714285714285714,0.05952380952380952,12,0.10909090909090909,0,6.445588235294117,2.5,-100.99999999999909,83,105,0.7904761904761904,-1.0045175546485843,53,31,-268.7499999998977,-120.4999999999427,1min,regime_filtered_ema_mild_atr_20_80_compression_off_atr_target_1p0_ts3_vq0p95_bf0p5_ra1p2,1.5,2.5,5,2,require_no_stop_zone_touch_before_entry,"{""stop_zone_fraction"": 0.75}",0.75,,,0.10217821782175827,0.22650716678996957,0.05407242108161915,1.0,0.5,0.606471910927356,0.203125,0.3,False,5,14,0.1441990352881452,0.020287476723691855,161,251.00000000001273,1.484555984556016,94,340.00000000003183,0.8,4,0,329.62500000001,0.7531249999999999
MGC,1H,mgc_1h_raw_hybrid_none_sm1p00_tm1p00_d0_ts2,raw_hybrid,mgc_1h_raw_baseline,99,-388.1999999998561,1371.8000000000438,1759.9999999999,0.37373737373737376,-3.921212121210668,-12.499999999997726,0.7794318181818874,-593.6499999998773,-1.6219476525536265,-2.924094096618402,-0.6539206603216312,50.686868686868685,31.0,0.7777777777777778,0.21212121212121213,0.24242424242424243,0.010101010101010102,0,0.0,0,7.596586134453781,2.5,-105.49999999999727,97,105,0.9238095238095239,-1.0062883162369702,65,34,-158.7999999999056,-229.39999999995052,1min,regime_filtered_ema_mild_atr_20_80_compression_off_atr_target_1p0_ts3_vq0p95_bf0p5_ra1p2,1.0,1.0,0,2,none,{},,,,0.10300990099006266,0.24693528238321685,0.07177557407049516,1.0,1.0,0.5939514760773656,0.0,0.3,False,5,14,0.16923990498812583,0.01984809419683503,162,543.350000000014,2.153609341825934,54,671.1000000000286,0.8,4,0,753.5500000000093,0.8000000000000002
MGC,1H,mgc_1h_delay_stop_zone_filter_require_no_stop_zone_touch_before_entry_sm1p50_tm2p50_d5_ts2_sz1p00,delay_stop_zone_filter,mgc_1h_stop_zone_core,88,-404.7499999998354,1247.7500000000691,1652.4999999999045,0.42045454545454547,-4.599431818179948,-10.249999999997499,0.7550680786687692,-521.2499999998568,-1.7707169231411497,-3.1175949188505276,-0.7764988009591302,81.64772727272727,120.0,0.9204545454545454,0.022727272727272728,0.5681818181818182,0.056818181818181816,8,0.07272727272727272,0,6.752521008403361,2.5,-100.99999999999909,87,105,0.8285714285714286,-1.0404195252457364,55,33,-252.74999999989404,-151.99999999994134,1min,regime_filtered_ema_mild_atr_20_80_compression_off_atr_target_1p0_ts3_vq0p95_bf0p5_ra1p2,1.5,2.5,5,2,require_no_stop_zone_touch_before_entry,"{""stop_zone_fraction"": 1.0}",1.0,,,0.08990099009898968,0.2232090022761548,0.048932562680683155,1.0,0.5,0.6055449436138548,0.203125,0.3,False,5,14,0.14605296991514746,0.01626237441920958,163,526.0000000000127,2.0154440154440545,55,601.0000000000309,0.8,4,0,329.62500000001,0.7531249999999999
MGC,1H,mgc_1h_delay_stop_zone_filter_require_no_stop_zone_touch_before_entry_sm1p00_tm3p00_d15_ts2_sz0p50,delay_stop_zone_filter,mgc_1h_stop_zone_core,29,28.60000000004902,631.1000000000217,602.4999999999727,0.41379310344827586,0.9862068965534145,-10.499999999997272,1.0474688796681333,-137.9999999999859,0.28142819610108055,0.6234136536892639,0.2072463768119706,87.51724137931035,120.0,0.9310344827586207,0.034482758620689655,0.6206896551724138,0.034482758620689655,56,0.509090909090909,0,2.225262605042017,2.5,-85.49999999999955,29,105,0.2761904761904762,0.09546987094874693,21,8,194.60000000003674,-165.99999999998772,1min,regime_filtered_ema_mild_atr_20_80_compression_off_atr_target_1p0_ts3_vq0p95_bf0p5_ra1p2,1.0,3.0,15,2,require_no_stop_zone_touch_before_entry,"{""stop_zone_fraction"": 0.5}",0.5,,,0.4331485148513814,0.5079593504033296,0.23225809024724647,0.725,0.5,0.6176146384479653,0.203125,0.5,False,6,12,0.2647707231040695,-0.05632876764477596,164,559.9999999999955,5.869565217391072,53,539.5000000000027,0.6,3,0,329.62500000001,0.7531249999999999
MGC,1H,mgc_1h_delay_adverse_filter_avoid_immediate_adverse_move_sm1p00_tm2p50_d15_ts3_aw10_mt8,delay_adverse_filter,mgc_1h_adverse_diag,39,-118.74999999992497,553.7500000000227,672.4999999999477,0.3076923076923077,-3.044871794869871,-14.499999999998181,0.8234200743495402,-281.49999999993724,-1.250749840124379,-2.912894395623702,-0.42184724689147934,123.6923076923077,178.0,0.8974358974358975,0.02564102564102564,0.48717948717948717,0.07692307692307693,46,0.41818181818181815,0,2.9925945378151257,2.5,-73.49999999999682,39,105,0.37142857142857144,-0.49204235582084505,25,14,-100.74999999995498,-17.999999999969987,1min,regime_filtered_ema_mild_atr_20_80_compression_off_atr_target_1p0_ts3_vq0p95_bf0p5_ra1p2,1.0,2.5,15,3,avoid_immediate_adverse_move,"{""adverse_window_minutes"": 10, ""max_adverse_ticks"": 8}",,10.0,8.0,0.31643564356427056,0.28977261803495374,0.11502354306959219,0.975,0.55,0.6634947887698548,0.5,0.5,False,6,13,0.13454888399875214,-0.0619805979042381,165,11.500000000005457,1.258426966292268,108,77.00000000001637,0.4,2,0,-61.749999999992724,0.33125000000000004
MGC,1H,mgc_1h_delay_stop_zone_filter_require_no_stop_zone_touch_before_entry_sm1p00_tm2p50_d15_ts2_sz0p50,delay_stop_zone_filter,mgc_1h_stop_zone_core,29,3.250000000050477,605.7500000000232,602.4999999999727,0.41379310344827586,0.11206896551898196,-10.499999999997272,1.0053941908714532,-137.9999999999859,0.03327835587821412,0.07084246064748612,0.02355072463804934,87.48275862068965,120.0,0.9310344827586207,0.034482758620689655,0.6206896551724138,0.034482758620689655,56,0.509090909090909,0,2.225262605042017,2.5,-85.49999999999955,29,105,0.2761904761904762,0.011289133018990266,21,8,169.2500000000382,-165.99999999998772,1min,regime_filtered_ema_mild_atr_20_80_compression_off_atr_target_1p0_ts3_vq0p95_bf0p5_ra1p2,1.0,2.5,15,2,require_no_stop_zone_touch_before_entry,"{""stop_zone_fraction"": 0.5}",0.5,,,0.41306930693059,0.46698551503335317,0.19802554394621258,0.725,0.5,0.6279918272037397,0.203125,0.5,False,6,12,0.2440163455925205,-0.07211767993471851,166,559.9999999999955,5.869565217391072,52,539.5000000000027,0.6,3,0,329.62500000001,0.7531249999999999
MGC,1H,mgc_1h_delay_adverse_filter_avoid_immediate_adverse_move_sm1p25_tm2p50_d15_ts3_aw10_mt8,delay_adverse_filter,mgc_1h_adverse_diag,39,-158.99999999992133,559.2500000000246,718.2499999999459,0.3333333333333333,-4.07692307692106,-15.999999999996817,0.7786286112078896,-321.7499999999336,-1.6057597800422607,-3.3494280678347037,-0.49417249417235165,132.05128205128204,180.0,0.8974358974358975,0.02564102564102564,0.5641025641025641,0.07692307692307693,46,0.41818181818181815,0,2.9925945378151257,2.5,-73.49999999999682,39,105,0.37142857142857144,-0.6317025193269545,25,14,-138.74999999995225,-20.249999999969077,1min,regime_filtered_ema_mild_atr_20_80_compression_off_atr_target_1p0_ts3_vq0p95_bf0p5_ra1p2,1.25,2.5,15,3,avoid_immediate_adverse_move,"{""adverse_window_minutes"": 10, ""max_adverse_ticks"": 8}",,10.0,8.0,0.2845544554454608,0.24615309073161276,0.10154539403897685,0.975,0.55,0.623741630942637,0.5,0.5,False,5,13,0.13713212273011055,-0.0850654370173432,167,1.2500000000045475,1.022831050228394,112,66.75000000001546,0.4,2,0,-61.749999999992724,0.33125000000000004
MGC,1H,mgc_1h_delay_adverse_filter_avoid_immediate_adverse_move_sm1p25_tm3p00_d15_ts3_aw10_mt8,delay_adverse_filter,mgc_1h_adverse_diag,39,-170.74999999992087,547.500000000025,718.2499999999459,0.3333333333333333,-4.378205128203099,-15.999999999996817,0.7622694048034337,-321.7499999999336,-1.7558385801193215,-3.5969486954892678,-0.5306915306913943,133.05128205128204,180.0,0.9230769230769231,0.0,0.5897435897435898,0.07692307692307693,46,0.41818181818181815,0,2.9925945378151257,2.5,-73.49999999999682,39,105,0.37142857142857144,-0.6907432035467016,25,14,-150.4999999999518,-20.249999999969077,1min,regime_filtered_ema_mild_atr_20_80_compression_off_atr_target_1p0_ts3_vq0p95_bf0p5_ra1p2,1.25,3.0,15,3,avoid_immediate_adverse_move,"{""adverse_window_minutes"": 10, ""max_adverse_ticks"": 8}",,10.0,8.0,0.27524752475239167,0.23022191098507283,0.094739900312192,0.975,0.55,0.6227176065117004,0.5,0.5,False,5,13,0.13918017159198381,-0.09128748682892324,168,1.2500000000045475,1.022831050228394,113,66.75000000001546,0.4,2,0,-61.749999999992724,0.33125000000000004
MGC,1H,mgc_1h_delay_adverse_filter_avoid_immediate_adverse_move_sm1p00_tm2p50_d15_ts2_aw10_mt8,delay_adverse_filter,mgc_1h_adverse_diag,39,-138.49999999992178,467.0000000000323,605.4999999999541,0.41025641025641024,-3.5512820512800456,-10.499999999997272,0.7712634186623745,-202.49999999993634,-1.7336401324663298,-3.552721468505139,-0.6839506172837794,91.12820512820512,120.0,0.9487179487179487,0.0,0.6153846153846154,0.05128205128205128,46,0.41818181818181815,0,2.9925945378151257,2.5,-70.49999999999727,39,105,0.37142857142857144,-0.6820103809403383,25,14,-140.49999999995407,2.000000000032287,1min,regime_filtered_ema_mild_atr_20_80_compression_off_atr_target_1p0_ts3_vq0p95_bf0p5_ra1p2,1.0,2.5,15,2,avoid_immediate_adverse_move,"{""adverse_window_minutes"": 10, ""max_adverse_ticks"": 8}",,10.0,8.0,0.30079207920783707,0.23898060305650656,0.06617935075241961,0.975,0.55,0.5724426450742168,0.5,0.5,False,4,13,0.1628070175438741,-0.09625216417313581,169,-29.499999999993634,0.5845070422535789,122,22.000000000018645,0.2,1,0,-61.749999999992724,0.33125000000000004
MGC,1H,mgc_1h_delay_adverse_filter_avoid_immediate_adverse_move_sm1p00_tm3p00_d15_ts2_aw10_mt8,delay_adverse_filter,mgc_1h_adverse_diag,39,-138.49999999992178,467.0000000000323,605.4999999999541,0.41025641025641024,-3.5512820512800456,-10.499999999997272,0.7712634186623745,-202.49999999993634,-1.7336401324663298,-3.552721468505139,-0.6839506172837794,91.12820512820512,120.0,0.9487179487179487,0.0,0.6153846153846154,0.05128205128205128,46,0.41818181818181815,0,2.9925945378151257,2.5,-70.49999999999727,39,105,0.37142857142857144,-0.6820103809403383,25,14,-140.49999999995407,2.000000000032287,1min,regime_filtered_ema_mild_atr_20_80_compression_off_atr_target_1p0_ts3_vq0p95_bf0p5_ra1p2,1.0,3.0,15,2,avoid_immediate_adverse_move,"{""adverse_window_minutes"": 10, ""max_adverse_ticks"": 8}",,10.0,8.0,0.30079207920783707,0.23898060305650656,0.06617935075241961,0.975,0.55,0.5724426450742168,0.5,0.5,False,4,13,0.1628070175438741,-0.09625216417313581,170,-29.499999999993634,0.5845070422535789,123,22.000000000018645,0.2,1,0,-61.749999999992724,0.33125000000000004
MGC,1H,mgc_1h_delay_adverse_filter_avoid_immediate_adverse_move_sm1p25_tm2p50_d15_ts2_aw10_mt8,delay_adverse_filter,mgc_1h_adverse_diag,39,-166.99999999991633,467.0000000000323,633.9999999999486,0.41025641025641024,-4.282051282049137,-9.499999999998181,0.7365930599370192,-230.99999999993088,-2.00011519161981,-3.581534046117197,-0.722943722943577,94.2051282051282,120.0,0.9487179487179487,0.0,0.6666666666666666,0.05128205128205128,46,0.41818181818181815,0,2.9925945378151257,2.5,-70.99999999999682,39,105,0.37142857142857144,-0.7868411086103402,25,14,-169.74999999995134,2.7500000000350155,1min,regime_filtered_ema_mild_atr_20_80_compression_off_atr_target_1p0_ts3_vq0p95_bf0p5_ra1p2,1.25,2.5,15,2,avoid_immediate_adverse_move,"{""adverse_window_minutes"": 10, ""max_adverse_ticks"": 8}",,10.0,8.0,0.2782178217820983,0.20521736888273828,0.05891280263806184,0.975,0.55,0.5745570219254357,0.5,0.5,False,4,13,0.15857826384143636,-0.10829248818250797,171,-39.74999999999454,0.5107692307692705,126,11.750000000017735,0.2,1,0,-61.749999999992724,0.33125000000000004
MGC,1H,mgc_1h_delay_adverse_filter_avoid_immediate_adverse_move_sm1p25_tm3p00_d15_ts2_aw10_mt8,delay_adverse_filter,mgc_1h_adverse_diag,39,-166.99999999991633,467.0000000000323,633.9999999999486,0.41025641025641024,-4.282051282049137,-9.499999999998181,0.7365930599370192,-230.99999999993088,-2.00011519161981,-3.581534046117197,-0.722943722943577,94.2051282051282,120.0,0.9487179487179487,0.0,0.6666666666666666,0.05128205128205128,46,0.41818181818181815,0,2.9925945378151257,2.5,-70.99999999999682,39,105,0.37142857142857144,-0.7868411086103402,25,14,-169.74999999995134,2.7500000000350155,1min,regime_filtered_ema_mild_atr_20_80_compression_off_atr_target_1p0_ts3_vq0p95_bf0p5_ra1p2,1.25,3.0,15,2,avoid_immediate_adverse_move,"{""adverse_window_minutes"": 10, ""max_adverse_ticks"": 8}",,10.0,8.0,0.2782178217820983,0.20521736888273828,0.05891280263806184,0.975,0.55,0.5745570219254357,0.5,0.5,False,4,13,0.15857826384143636,-0.10829248818250797,172,-39.74999999999454,0.5107692307692705,127,11.750000000017735,0.2,1,0,-61.749999999992724,0.33125000000000004
MGC,1H,mgc_1h_delay_adverse_filter_avoid_immediate_adverse_move_sm1p25_tm3p00_d30_ts3_aw10_mt8,delay_adverse_filter,mgc_1h_adverse_diag,37,-199.59999999992988,428.900000000026,628.4999999999559,0.3783783783783784,-5.394594594592699,-12.499999999997726,0.6824184566428896,-364.4999999999459,-2.348246847076061,-5.0250115781507505,-0.5475994513030439,132.94594594594594,180.0,0.8108108108108109,0.02702702702702703,0.5135135135135135,0.16216216216216217,39,0.35454545454545455,0,2.839128151260504,2.5,-73.49999999999682,37,105,0.3523809523809524,-0.8997965828931029,25,12,-173.0999999999517,-26.499999999978172,1min,regime_filtered_ema_mild_atr_20_80_compression_off_atr_target_1p0_ts3_vq0p95_bf0p5_ra1p2,1.25,3.0,30,3,avoid_immediate_adverse_move,"{""adverse_window_minutes"": 10, ""max_adverse_ticks"": 8}",,10.0,8.0,0.25239603960386914,0.15246020441899064,0.09158903000936905,0.925,0.55,0.5825958255036263,0.5,0.5,False,4,13,0.14250065668505502,-0.1229010228684787,173,-54.24999999999727,0.06060606060604867,140,-76.74999999998818,0.4,2,0,-61.749999999992724,0.33125000000000004
MGC,1H,mgc_1h_delay_adverse_filter_avoid_immediate_adverse_move_sm1p00_tm3p00_d30_ts3_aw10_mt8,delay_adverse_filter,mgc_1h_adverse_diag,37,-211.59999999993488,417.4000000000228,628.9999999999577,0.35135135135135137,-5.718918918917159,-13.49999999999909,0.6635930047695563,-379.4999999999459,-2.5071663811161606,-5.338387708294807,-0.5575757575756655,122.94594594594595,173.0,0.8108108108108109,0.02702702702702703,0.40540540540540543,0.16216216216216217,39,0.35454545454545455,0,2.839128151260504,2.5,-73.49999999999682,37,105,0.3523809523809524,-0.9606910556621382,25,12,-155.59999999995625,-55.99999999997863,1min,regime_filtered_ema_mild_atr_20_80_compression_off_atr_target_1p0_ts3_vq0p95_bf0p5_ra1p2,1.0,3.0,30,3,avoid_immediate_adverse_move,"{""adverse_window_minutes"": 10, ""max_adverse_ticks"": 8}",,10.0,8.0,0.24289108910881543,0.1341273067105651,0.08972989854735998,0.925,0.55,0.6215106651421423,0.5,0.5,False,5,13,0.14159405433110003,-0.12291023628269848,174,-44.49999999999818,0.07291666666665186,134,-66.99999999998909,0.4,2,0,-61.749999999992724,0.33125000000000004
MGC,1H,mgc_1h_delay_adverse_filter_avoid_immediate_adverse_move_sm1p00_tm2p50_d30_ts3_aw10_mt8,delay_adverse_filter,mgc_1h_adverse_diag,37,-231.74999999993588,397.2500000000218,628.9999999999577,0.35135135135135137,-6.26351351351178,-13.49999999999909,0.6315580286169293,-379.4999999999459,-2.885058127837402,-5.846745517000756,-0.6106719367588114,122.91891891891892,173.0,0.8108108108108109,0.02702702702702703,0.40540540540540543,0.16216216216216217,39,0.35454545454545455,0,2.839128151260504,2.5,-73.49999999999682,37,105,0.3523809523809524,-1.1054908678397484,25,12,-175.74999999995725,-55.99999999997863,1min,regime_filtered_ema_mild_atr_20_80_compression_off_atr_target_1p0_ts3_vq0p95_bf0p5_ra1p2,1.0,2.5,30,3,avoid_immediate_adverse_move,"{""adverse_window_minutes"": 10, ""max_adverse_ticks"": 8}",,10.0,8.0,0.22693069306921032,0.10293050225404754,0.07983517653960047,0.925,0.55,0.6196342296309474,0.5,0.5,False,5,13,0.14534692535348995,-0.1341073500097662,175,-44.49999999999818,0.07291666666665186,132,-66.99999999998909,0.4,2,0,-61.749999999992724,0.33125000000000004
MGC,1H,mgc_1h_delay_adverse_filter_avoid_immediate_adverse_move_sm1p25_tm2p50_d30_ts3_aw10_mt8,delay_adverse_filter,mgc_1h_adverse_diag,37,-219.74999999993088,408.750000000025,628.4999999999559,0.3783783783783784,-5.939189189187321,-12.499999999997726,0.6503579952268157,-364.4999999999459,-2.713925124978345,-5.532296063620581,-0.6028806584361138,132.9189189189189,180.0,0.8108108108108109,0.02702702702702703,0.5135135135135135,0.16216216216216217,39,0.35454545454545455,0,2.839128151260504,2.5,-73.49999999999682,37,105,0.3523809523809524,-1.039916462242419,25,12,-193.2499999999527,-26.499999999978172,1min,regime_filtered_ema_mild_atr_20_80_compression_off_atr_target_1p0_ts3_vq0p95_bf0p5_ra1p2,1.25,2.5,30,3,avoid_immediate_adverse_move,"{""adverse_window_minutes"": 10, ""max_adverse_ticks"": 8}",,10.0,8.0,0.236435643564264,0.12123858150228478,0.08128711779552884,0.925,0.55,0.5806589700350232,0.5,0.5,False,4,13,0.1463743676222613,-0.13417324181210738,176,-54.24999999999727,0.06060606060604867,138,-76.74999999998818,0.4,2,0,-61.749999999992724,0.33125000000000004
MGC,1H,mgc_1h_delay_adverse_filter_avoid_immediate_adverse_move_sm1p00_tm3p00_d15_ts3_aw10_mt8,delay_adverse_filter,mgc_1h_adverse_diag,39,-292.49999999992497,456.5000000000214,748.9999999999463,0.28205128205128205,-7.499999999998076,-14.499999999998181,0.6094793057410601,-281.49999999993724,-3.2355191709218643,-6.299606286908621,-1.039076376554139,124.02564102564102,178.0,0.9230769230769231,0.0,0.48717948717948717,0.07692307692307693,46,0.41818181818181815,0,2.9925945378151257,2.5,-76.49999999999864,39,105,0.37142857142857144,-1.272846435067772,25,14,-274.499999999955,-17.999999999969987,1min,regime_filtered_ema_mild_atr_20_80_compression_off_atr_target_1p0_ts3_vq0p95_bf0p5_ra1p2,1.0,3.0,15,3,avoid_immediate_adverse_move,"{""adverse_window_minutes"": 10, ""max_adverse_ticks"": 8}",,10.0,8.0,0.1788118811880297,0.08142945299693265,0.0,0.975,0.55,0.6169844770182036,0.5,0.5,False,5,13,0.15064643057897742,-0.15540406161027692,177,11.500000000005457,1.258426966292268,109,77.00000000001637,0.4,2,0,-61.749999999992724,0.33125000000000004
MGC,1H,mgc_1h_delay_adverse_filter_avoid_immediate_adverse_move_sm1p00_tm2p50_d30_ts2_aw10_mt8,delay_adverse_filter,mgc_1h_adverse_diag,37,-260.4999999999336,305.00000000002956,565.4999999999632,0.43243243243243246,-7.040540540538746,-11.499999999996362,0.5393457117595922,-318.4999999999445,-4.340403769931475,-9.197187383258921,-0.8178963893248947,90.75675675675676,120.0,0.918918918918919,0.0,0.6216216216216216,0.08108108108108109,39,0.35454545454545455,0,2.839128151260504,2.5,-49.49999999999818,37,105,0.3523809523809524,-1.6631473328383792,25,12,-206.4999999999577,-53.9999999999759,1min,regime_filtered_ema_mild_atr_20_80_compression_off_atr_target_1p0_ts3_vq0p95_bf0p5_ra1p2,1.0,2.5,30,2,avoid_immediate_adverse_move,"{""adverse_window_minutes"": 10, ""max_adverse_ticks"": 8}",,10.0,8.0,0.2041584158414888,0.013130853152548671,0.041217927937230225,0.925,0.55,0.6171116068216163,0.5,0.5,False,6,13,0.22731524789522894,-0.1627927159873655,178,-60.49999999999727,0.008196721311505352,142,-80.99999999998772,0.2,1,0,-61.749999999992724,0.33125000000000004
MGC,1H,mgc_1h_delay_adverse_filter_avoid_immediate_adverse_move_sm1p00_tm3p00_d30_ts2_aw10_mt8,delay_adverse_filter,mgc_1h_adverse_diag,37,-260.4999999999336,305.00000000002956,565.4999999999632,0.43243243243243246,-7.040540540538746,-11.499999999996362,0.5393457117595922,-318.4999999999445,-4.340403769931475,-9.197187383258921,-0.8178963893248947,90.75675675675676,120.0,0.918918918918919,0.0,0.6216216216216216,0.08108108108108109,39,0.35454545454545455,0,2.839128151260504,2.5,-49.49999999999818,37,105,0.3523809523809524,-1.6631473328383792,25,12,-206.4999999999577,-53.9999999999759,1min,regime_filtered_ema_mild_atr_20_80_compression_off_atr_target_1p0_ts3_vq0p95_bf0p5_ra1p2,1.0,3.0,30,2,avoid_immediate_adverse_move,"{""adverse_window_minutes"": 10, ""max_adverse_ticks"": 8}",,10.0,8.0,0.2041584158414888,0.013130853152548671,0.041217927937230225,0.925,0.55,0.6171116068216163,0.5,0.5,False,6,13,0.22731524789522894,-0.1627927159873655,179,-60.49999999999727,0.008196721311505352,144,-80.99999999998772,0.2,1,0,-61.749999999992724,0.33125000000000004
MGC,1H,mgc_1h_delay_adverse_filter_avoid_immediate_adverse_move_sm1p25_tm2p50_d30_ts2_aw10_mt8,delay_adverse_filter,mgc_1h_adverse_diag,37,-274.9999999999295,305.00000000002956,579.9999999999591,0.43243243243243246,-7.432432432430527,-10.99999999999909,0.5258620689656053,-327.9999999999404,-4.484126717027712,-9.007965086274819,-0.8384146341462788,94.45945945945945,120.0,0.918918918918919,0.0,0.6756756756756757,0.08108108108108109,39,0.35454545454545455,0,2.839128151260504,2.5,-49.74999999999909,37,105,0.3523809523809524,-1.71821880747553,25,12,-227.49999999995453,-47.49999999997499,1min,regime_filtered_ema_mild_atr_20_80_compression_off_atr_target_1p0_ts3_vq0p95_bf0p5_ra1p2,1.25,2.5,30,2,avoid_immediate_adverse_move,"{""adverse_window_minutes"": 10, ""max_adverse_ticks"": 8}",,10.0,8.0,0.19267326732664028,0.0,0.03739425678578151,0.925,0.55,0.6174296785304246,0.5,0.5,False,6,13,0.22667910447761228,-0.16824175623724097,180,-70.24999999999636,0.007067137809213171,154,-90.74999999998681,0.2,1,0,-61.749999999992724,0.33125000000000004
MGC,1H,mgc_1h_delay_adverse_filter_avoid_immediate_adverse_move_sm1p25_tm3p00_d30_ts2_aw10_mt8,delay_adverse_filter,mgc_1h_adverse_diag,37,-274.9999999999295,305.00000000002956,579.9999999999591,0.43243243243243246,-7.432432432430527,-10.99999999999909,0.5258620689656053,-327.9999999999404,-4.484126717027712,-9.007965086274819,-0.8384146341462788,94.45945945945945,120.0,0.918918918918919,0.0,0.6756756756756757,0.08108108108108109,39,0.35454545454545455,0,2.839128151260504,2.5,-49.74999999999909,37,105,0.3523809523809524,-1.71821880747553,25,12,-227.49999999995453,-47.49999999997499,1min,regime_filtered_ema_mild_atr_20_80_compression_off_atr_target_1p0_ts3_vq0p95_bf0p5_ra1p2,1.25,3.0,30,2,avoid_immediate_adverse_move,"{""adverse_window_minutes"": 10, ""max_adverse_ticks"": 8}",,10.0,8.0,0.19267326732664028,0.0,0.03739425678578151,0.925,0.55,0.6174296785304246,0.5,0.5,False,6,13,0.22667910447761228,-0.16824175623724097,181,-70.24999999999636,0.007067137809213171,156,-90.74999999998681,0.2,1,0,-61.749999999992724,0.33125000000000004
MGC,1H,mgc_1h_delay_stop_zone_filter_require_no_stop_zone_touch_before_entry_sm1p25_tm2p50_d30_ts2_sz0p50,delay_stop_zone_filter,mgc_1h_stop_zone_core,31,-207.24999999994452,349.5000000000209,556.7499999999654,0.41935483870967744,-6.685483870965952,-10.499999999997272,0.6277503367760083,-329.4999999999595,-3.032739817796215,-5.379991035532719,-0.6289833080423975,98.25806451612904,120.0,0.967741935483871,0.0,0.7096774193548387,0.03225806451612903,45,0.4090909090909091,0,2.3787289915966383,2.5,-69.74999999999909,31,105,0.29523809523809524,-1.0636916004819692,20,11,-71.74999999996544,-135.49999999997908,1min,regime_filtered_ema_mild_atr_20_80_compression_off_atr_target_1p0_ts3_vq0p95_bf0p5_ra1p2,1.25,2.5,30,2,require_no_stop_zone_touch_before_entry,"{""stop_zone_fraction"": 0.5}",0.5,,,0.24633663366326333,0.09922243588228129,0.07642276662198687,0.775,0.5,0.6042247907532863,0.203125,0.5,False,5,13,0.17616580310881208,-0.19582230248460009,182,155.49999999999727,1.8885714285713437,98,105.50000000000637,0.6,3,0,329.62500000001,0.7531249999999999
MGC,1H,mgc_1h_delay_stop_zone_filter_require_no_stop_zone_touch_before_entry_sm1p25_tm3p00_d30_ts2_sz0p50,delay_stop_zone_filter,mgc_1h_stop_zone_core,31,-207.24999999994452,349.5000000000209,556.7499999999654,0.41935483870967744,-6.685483870965952,-10.499999999997272,0.6277503367760083,-329.4999999999595,-3.032739817796215,-5.379991035532719,-0.6289833080423975,98.25806451612904,120.0,0.967741935483871,0.0,0.7096774193548387,0.03225806451612903,45,0.4090909090909091,0,2.3787289915966383,2.5,-69.74999999999909,31,105,0.29523809523809524,-1.0636916004819692,20,11,-71.74999999996544,-135.49999999997908,1min,regime_filtered_ema_mild_atr_20_80_compression_off_atr_target_1p0_ts3_vq0p95_bf0p5_ra1p2,1.25,3.0,30,2,require_no_stop_zone_touch_before_entry,"{""stop_zone_fraction"": 0.5}",0.5,,,0.24633663366326333,0.09922243588228129,0.07642276662198687,0.775,0.5,0.6042247907532863,0.203125,0.5,False,5,13,0.17616580310881208,-0.19582230248460009,183,155.49999999999727,1.8885714285713437,99,105.50000000000637,0.6,3,0,329.62500000001,0.7531249999999999
MGC,1H,mgc_1h_delay_stop_zone_filter_require_no_stop_zone_touch_before_entry_sm1p00_tm2p50_d30_ts2_sz0p50,delay_stop_zone_filter,mgc_1h_stop_zone_core,20,-154.9999999999659,214.00000000001455,368.99999999998045,0.4,-7.749999999998295,-10.499999999997272,0.5799457994580648,-208.99999999997135,-3.871185420558758,-7.028943900979611,-0.7416267942583117,91.65,120.0,0.95,0.0,0.65,0.05,56,0.509090909090909,0,1.5346638655462184,2.5,-56.499999999998636,20,105,0.19047619047619047,-1.090582943009412,16,4,-9.999999999970441,-144.99999999999545,1min,regime_filtered_ema_mild_atr_20_80_compression_off_atr_target_1p0_ts3_vq0p95_bf0p5_ra1p2,1.0,2.5,30,2,require_no_stop_zone_touch_before_entry,"{""stop_zone_fraction"": 0.5}",0.5,,,0.28772277227710874,0.052668669282399265,0.055431124676399275,0.5,0.5,0.4925855513307916,0.203125,0.5,False,2,10,0.21482889733841679,-0.24425046028701974,184,133.99999999999181,2.522727272726991,100,125.99999999999682,0.2,1,0,329.62500000001,0.7531249999999999
MGC,1H,mgc_1h_delay_stop_zone_filter_require_no_stop_zone_touch_before_entry_sm1p00_tm3p00_d30_ts2_sz0p50,delay_stop_zone_filter,mgc_1h_stop_zone_core,20,-154.9999999999659,214.00000000001455,368.99999999998045,0.4,-7.749999999998295,-10.499999999997272,0.5799457994580648,-208.99999999997135,-3.871185420558758,-7.028943900979611,-0.7416267942583117,91.65,120.0,0.95,0.0,0.65,0.05,56,0.509090909090909,0,1.5346638655462184,2.5,-56.499999999998636,20,105,0.19047619047619047,-1.090582943009412,16,4,-9.999999999970441,-144.99999999999545,1min,regime_filtered_ema_mild_atr_20_80_compression_off_atr_target_1p0_ts3_vq0p95_bf0p5_ra1p2,1.0,3.0,30,2,require_no_stop_zone_touch_before_entry,"{""stop_zone_fraction"": 0.5}",0.5,,,0.28772277227710874,0.052668669282399265,0.055431124676399275,0.5,0.5,0.4925855513307916,0.203125,0.5,False,2,10,0.21482889733841679,-0.24425046028701974,185,133.99999999999181,2.522727272726991,101,125.99999999999682,0.2,1,0,329.62500000001,0.7531249999999999
MNQ,1H,mnq_1h_none_baseline_none_sm1p00_tm2p00_d30_ts3,none_baseline,mnq_1h_negative_control_none,128,1924.1000000000022,7663.600000000002,5739.5,0.3671875,15.032031250000017,-20.5,1.3352382611725764,-557.0,1.682739847985471,4.304202270060172,3.4543985637342947,97.5625,99.5,0.8671875,0.09375,0.3203125,0.0390625,0,0.0,2,27.696682464454973,2.5,-272.5,125,203,0.6157635467980296,1.1851456184384483,83,45,1100.199999999997,823.9000000000051,1min,dynamic_exit_atr_target_1p0_ts2_vq0p95_bf0p5_ra1p2,1.0,2.0,30,3,none,{},,,,1.0,0.9028681184437652,1.0,1.0,0.8,0.7398147704972952,1.0,0.0,True,4,5,0.32037045900540967,0.9315458392633473,1,622.1500000000015,1.1633797268907566,24,1562.9500000000007,0.8,4,2,380.4312499999978,0.575
MNQ,1H,mnq_1h_none_baseline_none_sm1p00_tm2p50_d30_ts2,none_baseline,mnq_1h_negative_control_none,128,1881.8125,6769.3125,4887.5,0.390625,14.70166015625,-17.5,1.3850255754475704,-558.5,1.9408405360844203,4.786553350607358,3.3694046553267682,75.5234375,111.0,0.9375,0.03125,0.4765625,0.03125,0,0.0,2,27.696682464454973,2.5,-213.0,125,203,0.6157635467980296,1.3669246973511024,83,45,1175.0,706.8125,1min,dynamic_exit_atr_target_1p0_ts2_vq0p95_bf0p5_ra1p2,1.0,2.5,30,2,none,{},,,,0.9890106677408033,0.9579724539063218,0.9809880423988733,1.0,0.8,0.587851019804907,1.0,0.0,True,4,5,0.6242979603901863,0.9147224836599921,2,-183.5,0.9508504084639079,61,227.875,0.6,3,0,380.4312499999978,0.575
MNQ,1H,mnq_1h_none_baseline_none_sm1p00_tm2p50_d30_ts3,none_baseline,mnq_1h_negative_control_none,128,1771.625,7511.125,5739.5,0.3671875,13.8408203125,-20.5,1.3086723582193571,-557.0,1.5540237757779014,3.963116442334256,3.1806552962298027,101.1953125,111.0,0.921875,0.0390625,0.375,0.0390625,0,0.0,2,27.696682464454973,2.5,-272.5,125,203,0.6157635467980296,1.094491505039973,83,45,958.3125,813.3125,1min,dynamic_exit_atr_target_1p0_ts2_vq0p95_bf0p5_ra1p2,1.0,2.5,30,3,none,{},,,,0.9603760346149344,0.8734651179100497,0.9387674305970802,1.0,0.8,0.7197733595711475,1.0,0.0,True,4,5,0.3604532808577051,0.905549349030231,3,670.5,1.176076680672269,22,1621.375,0.8,4,0,380.4312499999978,0.575
MNQ,1H,mnq_1h_none_baseline_none_sm1p00_tm2p00_d30_ts2,none_baseline,mnq_1h_negative_control_none,128,1901.800000000003,6789.300000000003,4887.5,0.390625,14.857812500000023,-17.5,1.3891150895140671,-606.5,1.9588480025359611,4.8373932908752,3.1356966199505405,74.0078125,99.5,0.9140625,0.0546875,0.453125,0.03125,0,0.0,2,27.696682464454973,2.5,-213.0,125,203,0.6157635467980296,1.379607269758103,83,45,1228.3499999999985,673.4500000000044,1min,dynamic_exit_atr_target_1p0_ts2_vq0p95_bf0p5_ra1p2,1.0,2.0,30,2,none,{},,,,0.9942048570054964,0.9624987063921335,0.9287107987367618,1.0,0.8,0.5062093480562697,1.0,0.0,True,3,5,0.5875813038874605,0.8965787346984807,4,-183.5,0.9508504084639079,60,133.09999999999854,0.4,2,2,380.4312499999978,0.575
MNQ,1H,mnq_1h_delay_stop_zone_filter_require_no_stop_zone_touch_before_entry_sm0p75_tm2p50_d5_ts2_sz1p00,delay_stop_zone_filter,mnq_1h_negative_control_stop_zone,110,1646.625,5539.375,3892.75,0.3,14.969318181818181,-25.3125,1.422997880675615,-580.875,1.8564515758167388,5.743562564769364,2.8347320852162685,56.57272727272727,34.5,0.9454545454545454,0.045454545454545456,0.3090909090909091,0.00909090909090909,50,0.2347417840375587,2,23.801836492890992,2.5,-213.375,104,203,0.5123152709359606,1.1926143337234376,74,36,889.125,757.5,1min,dynamic_exit_atr_target_1p0_ts2_vq0p95_bf0p5_ra1p2,0.75,2.5,5,2,require_no_stop_zone_touch_before_entry,"{""stop_zone_fraction"": 1.0}",1.0,,,0.9278920492197342,1.0,0.8613892096838679,1.0,0.5,0.6402075661198527,0.40625,0.0,True,4,5,0.5195848677602946,0.7967554262145049,5,-183.125,0.933545021546836,59,497.3125,0.8,4,1,314.94374999999854,0.48125
MNQ,1H,mnq_1h_delay_stop_zone_filter_require_no_stop_zone_touch_before_entry_sm0p75_tm2p00_d5_ts2_sz1p00,delay_stop_zone_filter,mnq_1h_negative_control_stop_zone,110,1375.7500000000055,5268.5000000000055,3892.75,0.3,12.50681818181823,-25.3125,1.3534133966989932,-580.875,1.6311363587685743,4.798728428440893,2.3684097267054107,54.554545454545455,34.5,0.9090909090909091,0.08181818181818182,0.2727272727272727,0.00909090909090909,50,0.2347417840375587,2,23.801836492890992,2.5,-213.375,104,203,0.5123152709359606,1.0478682164758446,74,36,820.3500000000022,555.4000000000033,1min,dynamic_exit_atr_target_1p0_ts2_vq0p95_bf0p5_ra1p2,0.75,2.0,5,2,require_no_stop_zone_touch_before_entry,"{""stop_zone_fraction"": 1.0}",1.0,,,0.8574992528683371,0.9229842620781312,0.7570793706074392,1.0,0.5,0.630876839572492,0.40625,0.0,True,4,5,0.5382463208550161,0.7502276345162834,6,-235.1750000000029,0.914656384667724,62,268.6749999999993,0.8,4,0,314.94374999999854,0.48125
MNQ,1H,mnq_1h_delay_stop_zone_filter_require_no_stop_zone_touch_before_entry_sm0p75_tm2p50_d5_ts3_sz1p00,delay_stop_zone_filter,mnq_1h_negative_control_stop_zone,110,1282.625,5510.375,4227.75,0.2727272727272727,11.660227272727273,-27.5625,1.3033824138134942,-641.5,1.4390825574262591,4.423179109326522,1.999415432579891,72.66363636363636,34.5,0.9272727272727272,0.045454545454545456,0.22727272727272727,0.02727272727272727,50,0.2347417840375587,2,23.801836492890992,2.5,-213.375,104,203,0.5123152709359606,0.9244897673363078,74,36,412.0,870.625,1min,dynamic_exit_atr_target_1p0_ts2_vq0p95_bf0p5_ra1p2,0.75,2.5,5,3,require_no_stop_zone_touch_before_entry,"{""stop_zone_fraction"": 1.0}",1.0,,,0.8332986837489115,0.8676102354894216,0.6745404686271318,1.0,0.5,0.7193379937673714,0.40625,0.0,True,4,5,0.3613240124652573,0.735201053206842,7,127.4375,1.0473987633083826,56,869.875,0.8,4,0,314.94374999999854,0.48125
MNQ,1H,mnq_1h_none_baseline_none_sm1p00_tm2p00_d15_ts3,none_baseline,mnq_1h_negative_control_none,138,802.7000000000025,7323.700000000003,6521.0,0.3115942028985507,5.816666666666685,-23.25,1.1230946173899712,-670.0,0.6654464928952222,1.6082027714152978,1.1980597014925412,80.28985507246377,53.5,0.8768115942028986,0.09420289855072464,0.2536231884057971,0.028985507246376812,0,0.0,2,29.86048578199052,2.5,-340.0,135,203,0.6650246305418719,0.48705696071984456,93,45,1040.5,-237.79999999999745,1min,dynamic_exit_atr_target_1p0_ts2_vq0p95_bf0p5_ra1p2,1.0,2.0,15,3,none,{},,,,0.7085796702225808,0.6680686583106615,0.4952883143456443,1.0,0.8,0.6183969584109248,1.0,0.0,True,3,5,0.36320608317815056,0.7323824566201339,8,563.7999999999956,1.1227787456445983,34,985.3499999999949,0.6,3,0,380.4312499999978,0.575
MNQ,1H,mnq_1h_delay_adverse_filter_avoid_immediate_adverse_move_sm1p00_tm2p50_d5_ts2_aw5_mt16,delay_adverse_filter,mnq_1h_negative_control_adverse,47,522.9375,2062.4375,1539.5,0.3829787234042553,11.126329787234043,-18.0,1.3396800909386164,-494.0,1.7147410042851712,3.9511959409251314,1.058577935222672,67.34042553191489,79.0,0.9361702127659575,0.0425531914893617,0.40425531914893614,0.02127659574468085,114,0.5352112676056338,1,10.16987559241706,2.5,-217.0,46,203,0.22660098522167488,0.7326173147882409,28,19,253.0,269.9375,1min,dynamic_exit_atr_target_1p0_ts2_vq0p95_bf0p5_ra1p2,1.0,2.5,5,2,avoid_immediate_adverse_move,"{""adverse_window_minutes"": 5, ""max_adverse_ticks"": 16}",,5.0,16.0,0.6358772625095829,0.9077843120778206,0.464088179228453,1.0,0.55,0.6801712234189451,0.78125,0.0,True,4,5,0.4396575531621099,0.7250587253145904,9,414.5,1.8017408123791103,47,411.0,0.6,3,0,503.5750000000007,0.3875
MNQ,1H,mnq_1h_delay_adverse_filter_avoid_immediate_adverse_move_sm1p00_tm2p00_d5_ts2_aw5_mt16,delay_adverse_filter,mnq_1h_negative_control_adverse,47,495.5000000000018,2035.0000000000018,1539.5,0.3829787234042553,10.5425531914894,-18.0,1.3218577460214367,-494.0,1.6449144345299151,3.7438844770711794,1.0030364372469673,65.70212765957447,57.0,0.9148936170212766,0.06382978723404255,0.3829787234042553,0.02127659574468085,114,0.5352112676056338,1,10.16987559241706,2.5,-217.0,46,203,0.22660098522167488,0.7027841482009084,28,19,253.0,242.50000000000182,1min,dynamic_exit_atr_target_1p0_ts2_vq0p95_bf0p5_ra1p2,1.0,2.0,5,2,avoid_immediate_adverse_move,"{""adverse_window_minutes"": 5, ""max_adverse_ticks"": 16}",,5.0,16.0,0.6287470277153369,0.8880586352192293,0.4516643170434819,1.0,0.55,0.6991557943207982,0.78125,0.0,True,4,5,0.40168841135840366,0.7206716492915552,10,414.5,1.8017408123791103,46,411.0,0.6,3,0,503.5750000000007,0.3875
MNQ,1H,mnq_1h_delay_stop_zone_filter_require_no_stop_zone_touch_before_entry_sm0p75_tm2p00_d5_ts3_sz1p00,delay_stop_zone_filter,mnq_1h_negative_control_stop_zone,110,1205.7000000000062,5433.450000000006,4227.75,0.2727272727272727,10.960909090909148,-27.5625,1.2851871562888075,-641.5,1.3812763191062243,4.157900440202722,1.8795011691348498,68.0,34.5,0.8727272727272727,0.1,0.17272727272727273,0.02727272727272727,50,0.2347417840375587,2,23.801836492890992,2.5,-213.375,104,203,0.5123152709359606,0.8873541106366298,74,36,516.1750000000029,689.5250000000033,1min,dynamic_exit_atr_target_1p0_ts2_vq0p95_bf0p5_ra1p2,0.75,2.0,5,3,require_no_stop_zone_touch_before_entry,"{""stop_zone_fraction"": 1.0}",1.0,,,0.813308039136707,0.8474718209340594,0.6477173122962533,1.0,0.5,0.6876602053178603,0.40625,0.0,True,4,5,0.42467958936427946,0.7184000996562703,11,23.474999999998545,1.0087312287879486,58,589.3250000000007,0.8,4,0,314.94374999999854,0.48125
MNQ,1H,mnq_1h_none_baseline_none_sm1p00_tm2p50_d15_ts3,none_baseline,mnq_1h_negative_control_none,138,542.875,7063.875,6521.0,0.3115942028985507,3.933876811594203,-23.25,1.083250268363748,-677.5,0.45757078300349485,1.0876455456983642,0.8012915129151291,85.29710144927536,53.5,0.9492753623188406,0.021739130434782608,0.32608695652173914,0.028985507246376812,0,0.0,2,29.86048578199052,2.5,-340.0,135,203,0.6650246305418719,0.33490752038417104,93,45,880.4375,-337.5625,1min,dynamic_exit_atr_target_1p0_ts2_vq0p95_bf0p5_ra1p2,1.0,2.5,15,3,none,{},,,,0.6410584581801172,0.6239691440669108,0.40653677767620466,1.0,0.8,0.5078031062124249,1.0,0.0,False,2,5,0.3843937875751503,0.6801565030327,12,769.0625,1.1674787674216027,16,1114.5625,0.6,3,0,380.4312499999978,0.575
MNQ,1H,mnq_1h_delay_adverse_filter_avoid_immediate_adverse_move_sm0p75_tm2p50_d5_ts2_aw5_mt16,delay_adverse_filter,mnq_1h_negative_control_adverse,47,304.6875,1701.4375,1396.75,0.3191489361702128,6.482712765957447,-19.875,1.2181403257562198,-654.375,1.1092970548142287,3.1968907984716375,0.4656160458452722,58.06382978723404,36.0,0.9361702127659575,0.0425531914893617,0.2978723404255319,0.02127659574468085,114,0.5352112676056338,1,10.16987559241706,2.5,-163.5,46,203,0.22660098522167488,0.47394342794018196,28,19,29.375,275.3125,1min,dynamic_exit_atr_target_1p0_ts2_vq0p95_bf0p5_ra1p2,0.75,2.5,5,2,avoid_immediate_adverse_move,"{""adverse_window_minutes"": 5, ""max_adverse_ticks"": 16}",,5.0,16.0,0.5791602240095635,0.773264744389171,0.3314508348452079,1.0,0.55,0.7001746959618357,0.78125,0.0,True,4,5,0.3996506080763287,0.6699163233008034,13,307.75,1.5562584726615454,54,52.625,0.4,2,0,503.5750000000007,0.3875
MNQ,1H,mnq_1h_delay_adverse_filter_avoid_immediate_adverse_move_sm0p75_tm2p00_d5_ts2_aw5_mt16,delay_adverse_filter,mnq_1h_negative_control_adverse,47,277.2500000000018,1674.0000000000018,1396.75,0.3191489361702128,5.898936170212805,-19.875,1.1984965097547893,-654.375,1.0252305553416645,2.9090066834913393,0.4236867239732597,56.42553191489362,36.0,0.9148936170212766,0.06382978723404255,0.2765957446808511,0.02127659574468085,114,0.5352112676056338,1,10.16987559241706,2.5,-163.5,46,203,0.22660098522167488,0.43802629937480336,28,19,29.375,247.87500000000182,1min,dynamic_exit_atr_target_1p0_ts2_vq0p95_bf0p5_ra1p2,0.75,2.0,5,2,avoid_immediate_adverse_move,"{""adverse_window_minutes"": 5, ""max_adverse_ticks"": 16}",,5.0,16.0,0.5720299892153174,0.7515230729921414,0.32207182751855923,1.0,0.55,0.7144835225699252,0.78125,0.0,True,4,5,0.3710329548601496,0.6648814149547644,14,307.75,1.5562584726615454,53,52.625,0.4,2,0,503.5750000000007,0.3875
MNQ,1H,mnq_1h_delay_adverse_filter_avoid_immediate_adverse_move_sm1p00_tm2p50_d15_ts2_aw5_mt16,delay_adverse_filter,mnq_1h_negative_control_adverse,41,374.9375,1912.4375,1537.5,0.43902439024390244,9.144817073170731,-19.5,1.2438617886178862,-572.0,1.358721519010001,2.675879995716585,0.6554851398601399,75.60975609756098,97.0,0.926829268292683,0.04878048780487805,0.43902439024390244,0.024390243902439025,97,0.45539906103286387,1,8.871593601895734,2.5,-238.5,41,203,0.2019704433497537,0.5480524349807343,24,17,543.0,-168.0625,1min,dynamic_exit_atr_target_1p0_ts2_vq0p95_bf0p5_ra1p2,1.0,2.5,15,2,avoid_immediate_adverse_move,"{""adverse_window_minutes"": 5, ""max_adverse_ticks"": 16}",,5.0,16.0,0.5974162238016659,0.8017331231068564,0.37392191580629164,1.0,0.55,0.532385353714895,0.78125,0.0,True,3,5,0.5352292925702098,0.6604634598098824,15,607.5,2.095581605049594,28,450.0,0.6,3,0,503.5750000000007,0.3875
MNQ,1H,mnq_1h_delay_stop_zone_filter_require_no_stop_zone_touch_before_entry_sm1p00_tm2p50_d5_ts2_sz0p75,delay_stop_zone_filter,mnq_1h_negative_control_stop_zone,110,950.375,5619.875,4669.5,0.3181818181818182,8.639772727272728,-29.25,1.2035282150123139,-795.5,1.0164500234921825,2.5519674142065685,1.194688874921433,63.263636363636365,56.5,0.9363636363636364,0.045454545454545456,0.37272727272727274,0.01818181818181818,50,0.2347417840375587,2,23.801836492890992,2.5,-283.5,104,203,0.5123152709359606,0.6529838339559084,74,36,418.125,532.25,1min,dynamic_exit_atr_target_1p0_ts2_vq0p95_bf0p5_ra1p2,1.0,2.5,5,2,require_no_stop_zone_touch_before_entry,"{""stop_zone_fraction"": 0.75}",0.75,,,0.7469562505684696,0.7570921376925968,0.4945343072285298,1.0,0.5,0.6609797956158827,0.40625,0.0,True,4,5,0.47804040876823467,0.6600742930788751,16,1028.5,1.4055599369085174,11,1464.9375,0.8,4,0,314.94374999999854,0.48125
MNQ,1H,mnq_1h_delay_adverse_filter_avoid_immediate_adverse_move_sm1p00_tm2p00_d15_ts2_aw5_mt16,delay_adverse_filter,mnq_1h_negative_control_adverse,41,356.5000000000018,1894.0000000000018,1537.5,0.43902439024390244,8.695121951219557,-19.5,1.2318699186991882,-572.0,1.3086333989839176,2.544293964922067,0.6232517482517514,73.29268292682927,77.0,0.9024390243902439,0.07317073170731707,0.4146341463414634,0.024390243902439025,97,0.45539906103286387,1,8.871593601895734,2.5,-238.5,41,203,0.2019704433497537,0.5278489453326836,24,17,543.0,-186.49999999999818,1min,dynamic_exit_atr_target_1p0_ts2_vq0p95_bf0p5_ra1p2,1.0,2.0,15,2,avoid_immediate_adverse_move,"{""adverse_window_minutes"": 5, ""max_adverse_ticks"": 16}",,5.0,16.0,0.5926248359558743,0.7884605850628598,0.3667117535007666,1.0,0.55,0.5368005825949745,0.78125,0.0,True,3,5,0.5263988348100509,0.6564314346181079,17,607.5,2.095581605049594,26,450.0,0.6,3,0,503.5750000000007,0.3875
MNQ,1H,mnq_1h_delay_adverse_filter_avoid_immediate_adverse_move_sm0p75_tm2p50_d5_ts2_aw5_mt12,delay_adverse_filter,mnq_1h_negative_control_adverse,40,159.8125,1358.9375,1199.125,0.3,3.9953125,-18.375,1.1332742624830605,-528.0,0.7000306855087824,1.8824441073824438,0.3026751893939394,55.4,36.0,0.925,0.05,0.275,0.025,121,0.568075117370892,1,8.655213270142179,2.5,-163.5,39,203,0.1921182266009852,0.27539059897890494,21,19,-115.5,275.3125,1min,dynamic_exit_atr_target_1p0_ts2_vq0p95_bf0p5_ra1p2,0.75,2.5,5,2,avoid_immediate_adverse_move,"{""adverse_window_minutes"": 5, ""max_adverse_ticks"": 12}",,5.0,12.0,0.5415112849365266,0.6793354355262604,0.29500322686499075,1.0,0.55,0.7250205374955991,0.78125,0.0,True,4,5,0.34995892500880177,0.6418604087466458,18,324.25,1.6040987424312996,52,195.5,0.6,3,0,503.5750000000007,0.3875
MNQ,1H,mnq_1h_delay_adverse_filter_avoid_immediate_adverse_move_sm0p75_tm2p50_d5_ts3_aw5_mt16,delay_adverse_filter,mnq_1h_negative_control_adverse,47,200.1875,1801.4375,1601.25,0.2978723404255319,4.259308510638298,-26.625,1.1250195160031227,-920.625,0.658737172020724,1.8944068210265401,0.21744738628649016,73.23404255319149,36.0,0.9148936170212766,0.0425531914893617,0.2127659574468085,0.0425531914893617,114,0.5352112676056338,1,10.16987559241706,2.5,-163.5,46,203,0.22660098522167488,0.28144323656516634,28,19,-63.125,263.3125,1min,dynamic_exit_atr_target_1p0_ts2_vq0p95_bf0p5_ra1p2,0.75,2.5,5,3,avoid_immediate_adverse_move,"{""adverse_window_minutes"": 5, ""max_adverse_ticks"": 16}",,5.0,16.0,0.5520036122191762,0.6701991258897048,0.2759389502659338,1.0,0.55,0.6033335102712458,0.78125,0.0,True,3,5,0.39333297945750834,0.6210189167023531,19,436.75,1.8982005141388174,43,-51.875,0.2,1,0,503.5750000000007,0.3875
MNQ,1H,mnq_1h_delay_adverse_filter_avoid_immediate_adverse_move_sm1p00_tm2p00_d5_ts3_aw5_mt16,delay_adverse_filter,mnq_1h_negative_control_adverse,47,209.10000000000036,2115.6000000000004,1906.5,0.3404255319148936,4.448936170212773,-25.5,1.1096774193548389,-994.5,0.6133760871457632,1.4278035402995126,0.21025641025641062,83.65957446808511,57.0,0.851063829787234,0.10638297872340426,0.23404255319148937,0.0425531914893617,114,0.5352112676056338,1,10.16987559241706,2.5,-217.0,46,203,0.22660098522167488,0.2620628659354753,28,19,62.599999999998545,146.50000000000182,1min,dynamic_exit_atr_target_1p0_ts2_vq0p95_bf0p5_ra1p2,1.0,2.0,5,3,avoid_immediate_adverse_move,"{""adverse_window_minutes"": 5, ""max_adverse_ticks"": 16}",,5.0,16.0,0.554319720377854,0.6532185746646186,0.2743304287382606,1.0,0.55,0.6166324836409811,0.78125,0.0,True,3,5,0.3667350327180377,0.6198395958653807,20,566.1500000000015,2.2581111111111145,33,158.75,0.2,1,0,503.5750000000007,0.3875
MNQ,1H,mnq_1h_delay_adverse_filter_avoid_immediate_adverse_move_sm0p75_tm2p00_d5_ts3_aw5_mt16,delay_adverse_filter,mnq_1h_negative_control_adverse,47,192.25000000000182,1793.5000000000018,1601.25,0.2978723404255319,4.090425531914932,-26.625,1.1200624512099933,-920.625,0.6401633515377131,1.8192929695528228,0.20882552613713706,70.17021276595744,36.0,0.8723404255319149,0.0851063829787234,0.1702127659574468,0.0425531914893617,114,0.5352112676056338,1,10.16987559241706,2.5,-163.5,46,203,0.22660098522167488,0.2735076343642411,28,19,-64.625,256.8750000000018,1min,dynamic_exit_atr_target_1p0_ts2_vq0p95_bf0p5_ra1p2,0.75,2.0,5,3,avoid_immediate_adverse_move,"{""adverse_window_minutes"": 5, ""max_adverse_ticks"": 16}",,5.0,16.0,0.5499408791465814,0.6647126728594912,0.2740103598213528,1.0,0.55,0.6019987174005988,0.78125,0.0,True,3,5,0.3960025651988023,0.6190195719845073,21,339.90000000000146,1.6990231362467896,50,-148.72499999999854,0.2,1,0,503.5750000000007,0.3875
MNQ,1H,mnq_1h_delay_stop_zone_filter_require_no_stop_zone_touch_before_entry_sm1p00_tm2p00_d5_ts2_sz0p75,delay_stop_zone_filter,mnq_1h_negative_control_stop_zone,110,679.5000000000055,5349.0000000000055,4669.5,0.3181818181818182,6.1772727272727765,-29.25,1.1455187921619028,-795.5,0.7609564877425348,1.8246080315174296,0.8541797611565122,61.24545454545454,56.0,0.9,0.08181818181818182,0.33636363636363636,0.01818181818181818,50,0.2347417840375587,2,23.801836492890992,2.5,-283.5,104,203,0.5123152709359606,0.48885067967492074,74,36,349.3500000000022,330.1500000000033,1min,dynamic_exit_atr_target_1p0_ts2_vq0p95_bf0p5_ra1p2,1.0,2.0,5,2,require_no_stop_zone_touch_before_entry,"{""stop_zone_fraction"": 0.75}",0.75,,,0.6765634542170724,0.692887616053159,0.4183671447225328,1.0,0.5,0.5548518566438088,0.40625,0.0,True,3,5,0.4902962867123825,0.6058105642589975,22,976.4499999999971,1.3850354889589893,12,1236.2999999999993,0.6,3,0,314.94374999999854,0.48125
MNQ,1H,mnq_1h_delay_adverse_filter_avoid_immediate_adverse_move_sm0p75_tm2p50_d15_ts2_aw5_mt16,delay_adverse_filter,mnq_1h_negative_control_adverse,41,183.1875,1522.9375,1339.75,0.36585365853658536,4.467987804878049,-22.5,1.1367325993655533,-676.125,0.7771484047955304,1.8515513772740453,0.27093732667775927,64.70731707317073,74.0,0.926829268292683,0.04878048780487805,0.34146341463414637,0.024390243902439025,97,0.45539906103286387,1,8.871593601895734,2.5,-179.625,41,203,0.2019704433497537,0.31346973579981163,24,17,300.0,-116.8125,1min,dynamic_exit_atr_target_1p0_ts2_vq0p95_bf0p5_ra1p2,0.75,2.5,15,2,avoid_immediate_adverse_move,"{""adverse_window_minutes"": 5, ""max_adverse_ticks"": 16}",,5.0,16.0,0.547585790205429,0.6831631044513771,0.2879039074947456,1.0,0.55,0.42313389949556224,0.78125,0.0,True,2,5,0.5537322010088755,0.5974929499799073,23,479.5,1.7025641025641025,41,104.875,0.4,2,0,503.5750000000007,0.3875
MNQ,1H,mnq_1h_delay_adverse_filter_avoid_immediate_adverse_move_sm0p75_tm2p00_d15_ts2_aw5_mt16,delay_adverse_filter,mnq_1h_negative_control_adverse,41,164.75000000000182,1504.5000000000018,1339.75,0.36585365853658536,4.018292682926874,-22.5,1.1229707034894583,-676.125,0.7116082336872143,1.6651959844743902,0.24366796080606665,62.390243902439025,61.0,0.9024390243902439,0.07317073170731707,0.3170731707317073,0.024390243902439025,97,0.45539906103286387,1,8.871593601895734,2.5,-179.625,41,203,0.2019704433497537,0.28703352362357526,24,17,300.0,-135.24999999999818,1min,dynamic_exit_atr_target_1p0_ts2_vq0p95_bf0p5_ra1p2,0.75,2.0,15,2,avoid_immediate_adverse_move,"{""adverse_window_minutes"": 5, ""max_adverse_ticks"": 16}",,5.0,16.0,0.5427944023596374,0.667931511062577,0.2818041288461816,1.0,0.55,0.4265197856330856,0.78125,0.0,True,2,5,0.5469604287338288,0.5930812698563329,24,479.5,1.7025641025641025,39,104.875,0.4,2,0,503.5750000000007,0.3875
MNQ,1H,mnq_1h_delay_stop_zone_filter_require_no_stop_zone_touch_before_entry_sm0p75_tm2p50_d5_ts2_sz0p75,delay_stop_zone_filter,mnq_1h_negative_control_stop_zone,90,420.4375,3857.9375,3437.5,0.26666666666666666,4.6715277777777775,-30.5625,1.122309090909091,-677.25,0.6184313561805537,1.83992101439322,0.6208010335917312,57.3,36.0,0.9666666666666667,0.022222222222222223,0.3111111111111111,0.011111111111111112,71,0.3333333333333333,1,19.474229857819903,2.5,-213.375,85,203,0.4187192118226601,0.35917052862867954,62,28,611.25,-190.8125,1min,dynamic_exit_atr_target_1p0_ts2_vq0p95_bf0p5_ra1p2,0.75,2.5,5,2,require_no_stop_zone_touch_before_entry,"{""stop_zone_fraction"": 0.75}",0.75,,,0.6092403944855187,0.6671992417665583,0.366163562647072,1.0,0.5,0.400716628203571,0.40625,0.0,True,2,5,0.598566743592858,0.5562574558780118,25,-844.5,0.6700527446766946,71,-824.1875,0.4,2,0,314.94374999999854,0.48125
MNQ,1H,mnq_1h_none_baseline_none_sm1p00_tm2p00_d15_ts2,none_baseline,mnq_1h_negative_control_none,138,445.600000000004,6169.600000000004,5724.0,0.32608695652173914,3.228985507246406,-21.5,1.0778476589797352,-708.5,0.4262178911394736,0.9149359408967047,0.6289343683839154,61.85507246376812,53.5,0.927536231884058,0.057971014492753624,0.35507246376811596,0.014492753623188406,0,0.0,2,29.86048578199052,2.5,-340.0,135,203,0.6650246305418719,0.3119595532912367,93,45,1079.4000000000015,-633.7999999999975,1min,dynamic_exit_atr_target_1p0_ts2_vq0p95_bf0p5_ra1p2,1.0,2.0,15,2,none,{},,,,0.6157794207455736,0.6179895646458269,0.36798287674995284,1.0,0.8,0.4569995757832857,1.0,0.15,False,2,5,0.4860008484334286,0.5105011649582658,26,41.64999999999418,1.0086897558940109,57,96.04999999999563,0.4,2,0,380.4312499999978,0.575
MNQ,1H,mnq_1h_delay_adverse_filter_avoid_immediate_adverse_move_sm0p75_tm2p00_d5_ts2_aw5_mt12,delay_adverse_filter,mnq_1h_negative_control_adverse,40,132.37500000000182,1331.5000000000018,1199.125,0.3,3.3093750000000455,-18.375,1.1103929948921103,-528.0,0.5911928395114651,1.5592556196464882,0.25071022727273073,53.475,36.0,0.9,0.075,0.25,0.025,121,0.568075117370892,1,8.655213270142179,2.5,-163.5,39,203,0.1921182266009852,0.23257401933284172,21,19,-115.5,247.87500000000182,1min,dynamic_exit_atr_target_1p0_ts2_vq0p95_bf0p5_ra1p2,0.75,2.0,5,2,avoid_immediate_adverse_move,"{""adverse_window_minutes"": 5, ""max_adverse_ticks"": 12}",,5.0,12.0,0.5343810501422805,0.6540105698752221,0.28337938610859736,1.0,0.55,0.7155159613956948,0.78125,0.15,False,4,5,0.3689680772086104,0.4822001261291443,27,324.25,1.6040987424312996,51,195.5,0.6,3,0,503.5750000000007,0.3875
MNQ,1H,mnq_1h_delay_adverse_filter_avoid_immediate_adverse_move_sm1p00_tm2p50_d5_ts2_aw5_mt12,delay_adverse_filter,mnq_1h_negative_control_adverse,40,108.4375,1511.9375,1403.5,0.35,2.7109375,-19.75,1.0772622016387603,-550.5,0.43690985931435955,0.920814291582485,0.19698001816530428,63.275,55.5,0.925,0.05,0.35,0.025,121,0.568075117370892,1,8.655213270142179,2.5,-217.0,39,203,0.1921182266009852,0.1718794194984772,21,19,-161.5,269.9375,1min,dynamic_exit_atr_target_1p0_ts2_vq0p95_bf0p5_ra1p2,1.0,2.5,5,2,avoid_immediate_adverse_move,"{""adverse_window_minutes"": 5, ""max_adverse_ticks"": 12}",,5.0,12.0,0.5281603669390993,0.6173415835649855,0.27136068410289454,1.0,0.55,0.6956050888444959,0.78125,0.15,False,4,5,0.4087898223110083,0.4688327560429254,28,435.5,1.878024193548387,45,267.0,0.6,3,0,503.5750000000007,0.3875
MNQ,1H,mnq_1h_delay_adverse_filter_avoid_immediate_adverse_move_sm1p00_tm2p00_d5_ts2_aw5_mt12,delay_adverse_filter,mnq_1h_negative_control_adverse,40,81.00000000000182,1484.5000000000018,1403.5,0.35,2.0250000000000457,-19.75,1.0577128607053807,-550.5,0.33177070242657186,0.6878243930207074,0.14713896457766,61.35,54.0,0.9,0.075,0.325,0.025,121,0.568075117370892,1,8.655213270142179,2.5,-217.0,39,203,0.1921182266009852,0.1305178963669292,21,19,-161.5,242.50000000000182,1min,dynamic_exit_atr_target_1p0_ts2_vq0p95_bf0p5_ra1p2,1.0,2.0,5,2,avoid_immediate_adverse_move,"{""adverse_window_minutes"": 5, ""max_adverse_ticks"": 12}",,5.0,12.0,0.5210301321448533,0.595704476672359,0.2602119322057543,1.0,0.55,0.6857142857142864,0.78125,0.15,False,4,5,0.4285714285714272,0.4599233544514485,29,435.5,1.878024193548387,44,267.0,0.6,3,0,503.5750000000007,0.3875
MNQ,1H,mnq_1h_delay_adverse_filter_avoid_immediate_adverse_move_sm1p00_tm2p50_d5_ts3_aw5_mt16,delay_adverse_filter,mnq_1h_negative_control_adverse,47,149.4375,2055.9375,1906.5,0.3404255319148936,3.179521276595745,-25.5,1.0783831628638867,-994.5,0.44450025606388854,1.020408376630837,0.15026395173453996,87.72340425531915,79.0,0.9148936170212766,0.0425531914893617,0.2978723404255319,0.0425531914893617,114,0.5352112676056338,1,10.16987559241706,2.5,-217.0,46,203,0.22660098522167488,0.189911236277904,28,19,-3.5,152.9375,1min,dynamic_exit_atr_target_1p0_ts2_vq0p95_bf0p5_ra1p2,1.0,2.5,5,3,avoid_immediate_adverse_move,"{""adverse_window_minutes"": 5, ""max_adverse_ticks"": 16}",,5.0,16.0,0.5388151141487248,0.6185822575055139,0.2609109484581403,1.0,0.55,0.6285486896708543,0.78125,0.15,False,3,5,0.3429026206582912,0.45958592005019694,30,663.0,2.473333333333333,23,188.0,0.2,1,0,503.5750000000007,0.3875
MNQ,1H,mnq_1h_delay_stop_zone_filter_require_no_stop_zone_touch_before_entry_sm1p00_tm2p50_d5_ts3_sz0p75,delay_stop_zone_filter,mnq_1h_negative_control_stop_zone,110,342.875,5612.375,5269.5,0.2909090909090909,3.1170454545454547,-34.25,1.0650678432488851,-903.0,0.3616572181285353,0.9037733020349251,0.3797065337763012,82.2909090909091,56.5,0.9181818181818182,0.045454545454545456,0.2636363636363636,0.03636363636363636,50,0.2347417840375587,2,23.801836492890992,2.5,-283.5,104,203,0.5123152709359606,0.23233441036288738,74,36,-143.375,486.25,1min,dynamic_exit_atr_target_1p0_ts2_vq0p95_bf0p5_ra1p2,1.0,2.5,5,3,require_no_stop_zone_touch_before_entry,"{""stop_zone_fraction"": 0.75}",0.75,,,0.5890840815477971,0.6038449323547028,0.31223406941353227,1.0,0.5,0.7301203411613506,0.40625,0.15,False,4,5,0.3397593176772987,0.43087646436673244,31,2050.0625,1.8872808915819086,1,2433.5,1.0,5,0,314.94374999999854,0.48125
MNQ,1H,mnq_1h_delay_stop_zone_filter_require_no_stop_zone_touch_before_entry_sm1p00_tm2p00_d5_ts3_sz0p75,delay_stop_zone_filter,mnq_1h_negative_control_stop_zone,110,265.9500000000062,5535.450000000006,5269.5,0.2909090909090909,2.417727272727329,-34.25,1.0504696840307441,-903.0,0.28581733591635694,0.7010091423294027,0.294518272425256,77.62727272727273,56.0,0.8636363636363636,0.1,0.20909090909090908,0.03636363636363636,50,0.2347417840375587,2,23.801836492890992,2.5,-283.5,104,203,0.5123152709359606,0.1836136509461765,74,36,-39.19999999999709,305.1500000000033,1min,dynamic_exit_atr_target_1p0_ts2_vq0p95_bf0p5_ra1p2,1.0,2.0,5,3,require_no_stop_zone_touch_before_entry,"{""stop_zone_fraction"": 0.75}",0.75,,,0.5690934369355926,0.5876877671328729,0.293178637756546,1.0,0.5,0.7076123218231457,0.40625,0.15,False,4,5,0.38477535635370863,0.4174123847506468,32,1946.0999999999985,1.842285219649426,2,2152.9500000000007,1.0,5,0,314.94374999999854,0.48125
MNQ,1H,mnq_1h_delay_stop_zone_filter_require_no_stop_zone_touch_before_entry_sm0p75_tm2p00_d5_ts2_sz0p75,delay_stop_zone_filter,mnq_1h_negative_control_stop_zone,90,264.8000000000029,3702.300000000003,3437.5,0.26666666666666666,2.9422222222222545,-30.5625,1.077032727272728,-677.25,0.40571414893648905,1.158819288506211,0.39099298634182783,55.74444444444445,36.0,0.9333333333333333,0.05555555555555555,0.2777777777777778,0.011111111111111112,71,0.3333333333333333,1,19.474229857819903,2.5,-213.375,85,203,0.4187192118226601,0.23562932876758902,62,28,542.4750000000022,-277.6749999999993,1min,dynamic_exit_atr_target_1p0_ts2_vq0p95_bf0p5_ra1p2,0.75,2.0,5,2,require_no_stop_zone_touch_before_entry,"{""stop_zone_fraction"": 0.75}",0.75,,,0.5687945842699559,0.6170876025533556,0.3147586921972507,1.0,0.5,0.3096489089357547,0.40625,0.15,False,1,5,0.5807021821284906,0.36677507753461314,33,-896.5500000000029,0.649716741551083,72,-1052.8250000000007,0.2,1,0,314.94374999999854,0.48125
MNQ,1H,mnq_1h_none_baseline_none_sm1p00_tm2p50_d15_ts2,none_baseline,mnq_1h_negative_control_none,138,230.375,5954.375,5724.0,0.32608695652173914,1.6693840579710144,-21.5,1.0402472047519218,-708.5,0.22704954098280047,0.47302147079011775,0.32515878616796046,63.89855072463768,53.5,0.9637681159420289,0.021739130434782608,0.391304347826087,0.014492753623188406,0,0.0,2,29.86048578199052,2.5,-340.0,135,203,0.6650246305418719,0.16618324770603443,93,45,1065.4375,-835.0625,1min,dynamic_exit_atr_target_1p0_ts2_vq0p95_bf0p5_ra1p2,1.0,2.5,15,2,none,{},,,,0.559848494692117,0.5763735812676156,0.3000324953925534,1.0,0.8,0.46240723562152136,1.0,0.3,False,2,5,0.47518552875695735,0.3316103748440578,34,197.0625,1.041114646359274,55,167.5625,0.4,2,0,380.4312499999978,0.575
MNQ,1H,mnq_1h_delay_adverse_filter_avoid_immediate_adverse_move_sm0p75_tm2p00_d15_ts3_aw5_mt16,delay_adverse_filter,mnq_1h_negative_control_adverse,41,53.00000000000182,1655.5000000000018,1602.5,0.2926829268292683,1.2926829268293127,-32.25,1.0330733229329185,-897.375,0.19759263065792124,0.5428196353948522,0.05906115057807697,78.36585365853658,61.0,0.8536585365853658,0.0975609756097561,0.21951219512195122,0.04878048780487805,97,0.45539906103286387,1,8.871593601895734,2.5,-179.625,41,203,0.2019704433497537,0.07970074871944788,24,17,127.75,-74.74999999999818,1min,dynamic_exit_atr_target_1p0_ts2_vq0p95_bf0p5_ra1p2,0.75,2.0,15,3,avoid_immediate_adverse_move,"{""adverse_window_minutes"": 5, ""max_adverse_ticks"": 16}",,5.0,16.0,0.5137537194163285,0.5684335669069366,0.2405101477280833,1.0,0.55,0.6484894546836404,0.78125,0.3,False,3,5,0.3030210906327191,0.2944748976264115,35,527.6500000000015,1.825743348982788,36,-103.72499999999854,0.2,1,0,503.5750000000007,0.3875
MNQ,1H,mnq_1h_delay_adverse_filter_avoid_immediate_adverse_move_sm0p75_tm2p50_d5_ts3_aw5_mt12,delay_adverse_filter,mnq_1h_negative_control_adverse,40,47.3125,1450.9375,1403.625,0.275,1.1828125,-27.5625,1.0337073648588477,-794.25,0.18013836299321212,0.5009105418833489,0.0595687755744413,69.625,36.0,0.925,0.05,0.2,0.025,121,0.568075117370892,1,8.655213270142179,2.5,-163.5,39,203,0.1921182266009852,0.07086605303269627,21,19,-216.0,263.3125,1min,dynamic_exit_atr_target_1p0_ts2_vq0p95_bf0p5_ra1p2,0.75,2.5,5,3,avoid_immediate_adverse_move,"{""adverse_window_minutes"": 5, ""max_adverse_ticks"": 12}",,5.0,12.0,0.5122756980808464,0.5691353211488053,0.2406236963939698,1.0,0.55,0.5818446837800632,0.78125,0.3,False,3,5,0.43631063243987367,0.2843399608720352,36,453.25,1.9648749334752529,42,91.0,0.2,1,0,503.5750000000007,0.3875
MNQ,1H,mnq_1h_delay_adverse_filter_avoid_immediate_adverse_move_sm0p75_tm2p00_d5_ts3_aw5_mt12,delay_adverse_filter,mnq_1h_negative_control_adverse,40,39.37500000000182,1443.0000000000018,1403.625,0.275,0.9843750000000455,-27.5625,1.0280523644135733,-794.25,0.15196027621806327,0.41687403089369146,0.049575070821532036,66.025,36.0,0.875,0.1,0.15,0.025,121,0.568075117370892,1,8.655213270142179,2.5,-163.5,39,203,0.1921182266009852,0.05978085297543328,21,19,-217.5,256.8750000000018,1min,dynamic_exit_atr_target_1p0_ts2_vq0p95_bf0p5_ra1p2,0.75,2.0,5,3,avoid_immediate_adverse_move,"{""adverse_window_minutes"": 5, ""max_adverse_ticks"": 12}",,5.0,12.0,0.5102129650082516,0.562876396639318,0.2383882433526826,1.0,0.55,0.5795778105056462,0.78125,0.3,False,3,5,0.4408443789887078,0.28200028040826325,37,356.40000000000146,1.7587014369345428,49,-5.849999999998545,0.2,1,0,503.5750000000007,0.3875
MNQ,1H,mnq_1h_delay_adverse_filter_avoid_immediate_adverse_move_sm1p00_tm2p00_d15_ts3_aw5_mt16,delay_adverse_filter,mnq_1h_negative_control_adverse,41,65.60000000000036,1941.1000000000004,1875.5,0.34146341463414637,1.600000000000009,-36.0,1.0349773393761665,-960.0,0.21291994162802236,0.48127822116159485,0.06833333333333372,94.26829268292683,77.0,0.8292682926829268,0.12195121951219512,0.2926829268292683,0.04878048780487805,97,0.45539906103286387,1,8.871593601895734,2.5,-238.5,41,203,0.2019704433497537,0.0858831562115964,24,17,307.09999999999854,-241.49999999999818,1min,dynamic_exit_atr_target_1p0_ts2_vq0p95_bf0p5_ra1p2,1.0,2.0,15,3,avoid_immediate_adverse_move,"{""adverse_window_minutes"": 5, ""max_adverse_ticks"": 16}",,5.0,16.0,0.5170281051441643,0.5705409222110498,0.24258420631317162,1.0,0.55,0.5271599935159671,0.78125,0.3,False,2,5,0.34568001296806583,0.2776629354454136,38,701.6500000000015,2.3090485074626894,20,146.25,0.4,2,0,503.5750000000007,0.3875
MNQ,1H,mnq_1h_delay_adverse_filter_avoid_immediate_adverse_move_sm0p75_tm2p50_d15_ts3_aw5_mt16,delay_adverse_filter,mnq_1h_negative_control_adverse,41,47.9375,1650.4375,1602.5,0.2926829268292683,1.1692073170731707,-32.25,1.0299141965678626,-897.375,0.1768129810024758,0.4909701183347139,0.05341969633653712,82.1951219512195,74.0,0.9024390243902439,0.04878048780487805,0.2682926829268293,0.04878048780487805,97,0.45539906103286387,1,8.871593601895734,2.5,-179.625,41,203,0.2019704433497537,0.07131909182185839,24,17,123.25,-75.3125,1min,dynamic_exit_atr_target_1p0_ts2_vq0p95_bf0p5_ra1p2,0.75,2.5,15,3,avoid_immediate_adverse_move,"{""adverse_window_minutes"": 5, ""max_adverse_ticks"": 16}",,5.0,16.0,0.5124381180078224,0.5649370625960768,0.23924823271725,1.0,0.55,0.5356681288618461,0.78125,0.3,False,2,5,0.32866374227630774,0.27639999035764423,39,582.5,1.9115805946791862,32,-48.875,0.2,1,0,503.5750000000007,0.3875
MNQ,1H,mnq_1h_delay_adverse_filter_avoid_immediate_adverse_move_sm1p00_tm2p50_d15_ts3_aw5_mt16,delay_adverse_filter,mnq_1h_negative_control_adverse,41,-30.5625,1844.9375,1875.5,0.34146341463414637,-0.7454268292682927,-36.0,0.9837043455078646,-960.0,-0.10170706099174026,-0.22422356149773112,-0.0318359375,99.48780487804878,97.0,0.9024390243902439,0.04878048780487805,0.36585365853658536,0.04878048780487805,97,0.45539906103286387,1,8.871593601895734,2.5,-238.5,41,203,0.2019704433497537,-0.04102444956628896,24,17,211.5,-242.0625,1min,dynamic_exit_atr_target_1p0_ts2_vq0p95_bf0p5_ra1p2,1.0,2.5,15,3,avoid_immediate_adverse_move,"{""adverse_window_minutes"": 5, ""max_adverse_ticks"": 16}",,5.0,16.0,0.4920381751796367,0.5137922444518326,0.2201777307703847,1.0,0.55,0.5470846591673015,0.78125,0.3,False,2,5,0.30583068166539684,0.26094294241694677,40,756.5,2.4113805970149254,18,110.0,0.4,2,0,503.5750000000007,0.3875
MNQ,1H,mnq_1h_delay_stop_zone_filter_require_no_stop_zone_touch_before_entry_sm0p75_tm2p50_d5_ts3_sz0p75,delay_stop_zone_filter,mnq_1h_negative_control_stop_zone,90,137.5625,3874.4375,3736.875,0.24444444444444444,1.5284722222222222,-31.5,1.0368121759491553,-866.625,0.19936276863695965,0.5943216081428631,0.15873359296120007,73.72222222222223,36.0,0.9555555555555556,0.022222222222222223,0.23333333333333334,0.022222222222222223,71,0.3333333333333333,1,19.474229857819903,2.5,-213.375,85,203,0.4187192118226601,0.11578525293809404,62,28,206.25,-68.6875,1min,dynamic_exit_atr_target_1p0_ts2_vq0p95_bf0p5_ra1p2,0.75,2.5,5,3,require_no_stop_zone_touch_before_entry,"{""stop_zone_fraction"": 0.75}",0.75,,,0.5357291355361808,0.5725717096015583,0.26280548964250305,1.0,0.5,0.539417563832859,0.40625,0.3,False,2,5,0.32116487233428204,0.22793112704885227,41,-748.9375,0.6995235707121364,67,-565.5,0.4,2,0,314.94374999999854,0.48125
MNQ,1H,mnq_1h_delay_stop_zone_filter_require_no_stop_zone_touch_before_entry_sm0p75_tm2p00_d5_ts3_sz0p75,delay_stop_zone_filter,mnq_1h_negative_control_stop_zone,90,154.87500000000364,3891.7500000000036,3736.875,0.24444444444444444,1.7208333333333738,-31.5,1.0414450577019578,-866.625,0.22447297399978233,0.6691181031249656,0.17871051492860654,69.6,36.0,0.9,0.07777777777777778,0.17777777777777778,0.022222222222222223,71,0.3333333333333333,1,19.474229857819903,2.5,-213.375,85,203,0.4187192118226601,0.1303686754052864,62,28,310.4250000000029,-155.54999999999927,1min,dynamic_exit_atr_target_1p0_ts2_vq0p95_bf0p5_ra1p2,0.75,2.0,5,3,require_no_stop_zone_touch_before_entry,"{""stop_zone_fraction"": 0.75}",0.75,,,0.5402281675134171,0.5776993585615868,0.26727404980830094,1.0,0.5,0.5020210088466233,0.40625,0.3,False,2,5,0.39595798230675355,0.22491726401323947,42,-756.0500000000029,0.6966700100300891,68,-749.2000000000007,0.4,2,0,314.94374999999854,0.48125
MNQ,1H,mnq_1h_delay_adverse_filter_avoid_immediate_adverse_move_sm1p00_tm2p00_d5_ts3_aw5_mt12,delay_adverse_filter,mnq_1h_negative_control_adverse,40,-217.99999999999818,1510.5000000000018,1728.5,0.3,-5.449999999999955,-29.5,0.8738790859126421,-1009.0,-0.7765658193611181,-1.684913208546909,-0.21605550049553834,78.4,54.0,0.875,0.1,0.225,0.025,121,0.568075117370892,1,8.655213270142179,2.5,-217.0,39,203,0.1921182266009852,-0.3054993596244567,21,19,-364.5,146.50000000000182,1min,dynamic_exit_atr_target_1p0_ts2_vq0p95_bf0p5_ra1p2,1.0,2.0,5,3,avoid_immediate_adverse_move,"{""adverse_window_minutes"": 5, ""max_adverse_ticks"": 12}",,5.0,12.0,0.4433284390795346,0.39223822943566067,0.17897037148322062,1.0,0.55,0.5628205128205133,0.78125,0.3,False,3,5,0.47435897435897345,0.2230694663485991,43,587.1500000000015,2.368648018648022,29,10.150000000001455,0.4,2,0,503.5750000000007,0.3875
MNQ,1H,mnq_1h_delay_stop_zone_filter_require_no_stop_zone_touch_before_entry_sm1p00_tm2p50_d5_ts2_sz1p00,delay_stop_zone_filter,mnq_1h_negative_control_stop_zone,126,130.375,5830.875,5700.5,0.29365079365079366,1.0347222222222223,-32.75,1.0228708008069467,-711.5,0.1253074944922631,0.30241917391030765,0.18323963457484188,60.111111111111114,51.0,0.9444444444444444,0.03968253968253968,0.3412698412698413,0.015873015873015872,34,0.1596244131455399,2,27.263921800947866,2.5,-283.5,120,203,0.5911330049261084,0.08647038627659251,86,40,-28.375,158.75,1min,dynamic_exit_atr_target_1p0_ts2_vq0p95_bf0p5_ra1p2,1.0,2.5,5,2,require_no_stop_zone_touch_before_entry,"{""stop_zone_fraction"": 1.0}",1.0,,,0.5338613063759569,0.5571414695126395,0.2682871510092928,1.0,0.5,0.4452549311499814,0.40625,0.3,False,2,5,0.5094901377000373,0.21116936750161047,44,860.5,1.2751398880895284,14,626.9375,0.4,2,0,314.94374999999854,0.48125
MNQ,1H,mnq_1h_delay_adverse_filter_avoid_immediate_adverse_move_sm1p00_tm2p50_d5_ts3_aw5_mt12,delay_adverse_filter,mnq_1h_negative_control_adverse,40,-210.0625,1518.4375,1728.5,0.3,-5.2515625,-29.5,0.8784712178189181,-1009.0,-0.7396185311076601,-1.623564591148569,-0.20818880079286423,82.0,55.5,0.925,0.05,0.275,0.025,121,0.568075117370892,1,8.655213270142179,2.5,-217.0,39,203,0.1921182266009852,-0.2909643741539684,21,19,-363.0,152.9375,1min,dynamic_exit_atr_target_1p0_ts2_vq0p95_bf0p5_ra1p2,1.0,2.5,5,3,avoid_immediate_adverse_move,"{""adverse_window_minutes"": 5, ""max_adverse_ticks"": 12}",,5.0,12.0,0.44539117215212937,0.3973207766816132,0.18073004301745485,1.0,0.55,0.47091260883585945,0.78125,0.3,False,2,5,0.4581747823282812,0.21097628754474568,45,684.0,2.5944055944055946,21,107.0,0.4,2,0,503.5750000000007,0.3875
MNQ,1H,mnq_1h_delay_stop_zone_filter_require_no_stop_zone_touch_before_entry_sm1p00_tm2p00_d5_ts2_sz1p00,delay_stop_zone_filter,mnq_1h_negative_control_stop_zone,126,-140.49999999999454,5560.0000000000055,5700.5,0.29365079365079366,-1.1150793650793218,-32.75,0.975353039207088,-758.5499999999993,-0.1410784583786568,-0.3259052267259565,-0.1852218047590728,58.34920634920635,51.0,0.9126984126984127,0.07142857142857142,0.30952380952380953,0.015873015873015872,34,0.1596244131455399,2,27.263921800947866,2.5,-283.5,120,203,0.5911330049261084,-0.09735338529222483,86,40,-97.14999999999782,-43.349999999996726,1min,dynamic_exit_atr_target_1p0_ts2_vq0p95_bf0p5_ra1p2,1.0,2.0,5,2,require_no_stop_zone_touch_before_entry,"{""stop_zone_fraction"": 1.0}",1.0,,,0.46346851002455963,0.5045490629175419,0.18586744124987947,1.0,0.5,0.4908343125734425,0.40625,0.3,False,2,5,0.418331374853115,0.18104627766191866,46,808.4499999999971,1.2584972022382086,15,398.2999999999993,0.4,2,0,314.94374999999854,0.48125
MNQ,1H,mnq_1h_delay_stop_zone_filter_require_no_stop_zone_touch_before_entry_sm1p00_tm2p50_d5_ts3_sz1p00,delay_stop_zone_filter,mnq_1h_negative_control_stop_zone,126,-394.625,5905.875,6300.5,0.2698412698412698,-3.1319444444444446,-34.75,0.9373660820569796,-934.0,-0.3726050636813758,-0.9024972374682387,-0.42251070663811563,77.67460317460318,51.0,0.9285714285714286,0.03968253968253968,0.24603174603174602,0.031746031746031744,34,0.1596244131455399,2,27.263921800947866,2.5,-283.5,120,203,0.5911330049261084,-0.2571219216830821,86,40,-507.375,112.75,1min,dynamic_exit_atr_target_1p0_ts2_vq0p95_bf0p5_ra1p2,1.0,2.5,5,3,require_no_stop_zone_touch_before_entry,"{""stop_zone_fraction"": 1.0}",1.0,,,0.3974285677161164,0.46250530015420915,0.1327892074532704,1.0,0.5,0.612845635970185,0.40625,0.3,False,3,5,0.3743087280596297,0.16976950008758346,47,1812.5625,1.6245907994486561,4,1526.0,0.8,4,0,314.94374999999854,0.48125
MNQ,1H,mnq_1h_delay_stop_zone_filter_require_no_stop_zone_touch_before_entry_sm1p00_tm2p00_d5_ts3_sz1p00,delay_stop_zone_filter,mnq_1h_negative_control_stop_zone,126,-471.5499999999938,5828.950000000006,6300.5,0.2698412698412698,-3.742460317460268,-34.75,0.925156733592573,-1051.1499999999978,-0.45309745892783776,-1.0784227363399237,-0.4486039100033247,73.60317460317461,51.0,0.8809523809523809,0.0873015873015873,0.1984126984126984,0.031746031746031744,34,0.1596244131455399,2,27.263921800947866,2.5,-283.5,120,203,0.5911330049261084,-0.31266695143163775,86,40,-403.1999999999971,-68.34999999999673,1min,dynamic_exit_atr_target_1p0_ts2_vq0p95_bf0p5_ra1p2,1.0,2.0,5,3,require_no_stop_zone_touch_before_entry,"{""stop_zone_fraction"": 1.0}",1.0,,,0.3774379231039119,0.44899205800891395,0.12695252003235163,1.0,0.5,0.6165722652487196,0.40625,0.3,False,3,5,0.3668554695025608,0.1627522140147259,48,1944.25,1.6699689869055823,3,1481.1000000000022,0.8,4,0,314.94374999999854,0.48125
MNQ,1H,mnq_1h_delay_stop_zone_filter_require_no_stop_zone_touch_before_entry_sm1p00_tm2p00_d15_ts2_sz1p00,delay_stop_zone_filter,mnq_1h_negative_control_stop_zone,91,-487.399999999996,3941.600000000004,4429.0,0.37362637362637363,-5.356043956043912,-31.5,0.8899525852336879,-790.75,-0.7127314679514194,-1.355730777738316,-0.6163768574138425,74.54945054945055,83.0,0.9010989010989011,0.07692307692307693,0.4175824175824176,0.02197802197802198,47,0.22065727699530516,2,19.69061018957346,2.5,-340.0,88,203,0.43349753694581283,-0.42117928164310026,57,34,65.90000000000146,-553.2999999999975,1min,dynamic_exit_atr_target_1p0_ts2_vq0p95_bf0p5_ra1p2,1.0,2.0,15,2,require_no_stop_zone_touch_before_entry,"{""stop_zone_fraction"": 1.0}",1.0,,,0.37331895375579993,0.4100282932609942,0.08942404037365696,1.0,0.5,0.4157228725086993,0.40625,0.3,False,1,5,0.3685542549826014,0.11837898633571226,49,966.4499999999971,1.331202878684029,13,560.8499999999985,0.4,2,0,314.94374999999854,0.48125
MNQ,1H,mnq_1h_delay_stop_zone_filter_require_no_stop_zone_touch_before_entry_sm1p00_tm2p50_d15_ts2_sz1p00,delay_stop_zone_filter,mnq_1h_negative_control_stop_zone,91,-652.125,3776.875,4429.0,0.37362637362637363,-7.166208791208791,-31.5,0.8527602167532174,-733.0625,-0.9850486052603442,-1.8139227193939407,-0.889589905362776,77.06593406593407,101.0,0.945054945054945,0.03296703296703297,0.46153846153846156,0.02197802197802198,47,0.22065727699530516,2,19.69061018957346,2.5,-340.0,88,203,0.43349753694581283,-0.5821015103199687,57,34,102.4375,-754.5625,1min,dynamic_exit_atr_target_1p0_ts2_vq0p95_bf0p5_ra1p2,1.0,2.5,15,2,require_no_stop_zone_touch_before_entry,"{""stop_zone_fraction"": 1.0}",1.0,,,0.3305115578020042,0.36886397702423324,0.02831007372590438,1.0,0.5,0.4554147465437788,0.40625,0.3,False,1,5,0.2891705069124424,0.09837133000570003,50,1049.0625,1.3595142220699108,10,610.0625,0.4,2,0,314.94374999999854,0.48125
MNQ,1H,mnq_1h_delay_stop_zone_filter_require_no_stop_zone_touch_before_entry_sm0p75_tm2p50_d15_ts2_sz0p75,delay_stop_zone_filter,mnq_1h_negative_control_stop_zone,42,-448.4375,1493.9375,1942.375,0.2857142857142857,-10.677083333333334,-30.0,0.7691292875989446,-674.75,-1.623164396349292,-3.24610804559138,-0.6645979992589848,62.5,55.0,0.9523809523809523,0.047619047619047616,0.30952380952380953,0.0,97,0.45539906103286387,0,9.087973933649288,2.5,-207.0,42,203,0.20689655172413793,-0.6626540899514066,30,12,256.6875,-705.125,1min,dynamic_exit_atr_target_1p0_ts2_vq0p95_bf0p5_ra1p2,0.75,2.5,15,2,require_no_stop_zone_touch_before_entry,"{""stop_zone_fraction"": 0.75}",0.75,,,0.3834442120034828,0.27630170805530924,0.07863764024905019,1.0,0.5,0.42600505398575694,0.40625,0.3,False,1,5,0.3479898920284861,0.09358308814697952,51,-988.625,0.4141915413673061,74,-1663.375,0.0,0,0,314.94374999999854,0.48125
MNQ,1H,mnq_1h_delay_stop_zone_filter_require_no_stop_zone_touch_before_entry_sm0p75_tm2p50_d15_ts3_sz0p75,delay_stop_zone_filter,mnq_1h_negative_control_stop_zone,42,-662.6875,1619.4375,2282.125,0.23809523809523808,-15.77827380952381,-40.5,0.7096182286246371,-892.9375,-2.163423616040572,-5.132141069503369,-0.74214320711136,78.83333333333333,55.0,0.9285714285714286,0.047619047619047616,0.21428571428571427,0.023809523809523808,97,0.45539906103286387,0,9.087973933649288,2.5,-207.0,42,203,0.20689655172413793,-0.8832139927977123,30,12,87.4375,-750.125,1min,dynamic_exit_atr_target_1p0_ts2_vq0p95_bf0p5_ra1p2,0.75,2.5,15,3,require_no_stop_zone_touch_before_entry,"{""stop_zone_fraction"": 0.75}",0.75,,,0.3277666610361098,0.21043518351575832,0.061291853574656496,1.0,0.5,0.545903144365389,0.40625,0.3,False,2,5,0.30819371126922196,0.08465711860138053,52,-787.125,0.5018590301400205,70,-1593.375,0.0,0,0,314.94374999999854,0.48125
MNQ,1H,mnq_1h_delay_stop_zone_filter_require_no_stop_zone_touch_before_entry_sm1p00_tm2p00_d15_ts3_sz1p00,delay_stop_zone_filter,mnq_1h_negative_control_stop_zone,91,-899.899999999996,4347.600000000004,5247.5,0.34065934065934067,-9.889010989010945,-42.5,0.8285088137208202,-1124.8499999999985,-1.2247435283130779,-2.5545287393076794,-0.8000177801484617,96.42857142857143,83.0,0.8681318681318682,0.08791208791208792,0.3076923076923077,0.04395604395604396,47,0.22065727699530516,2,19.69061018957346,2.5,-340.0,88,203,0.43349753694581283,-0.7237460707811743,57,34,-397.59999999999854,-502.29999999999745,1min,dynamic_exit_atr_target_1p0_ts2_vq0p95_bf0p5_ra1p2,1.0,2.0,15,3,require_no_stop_zone_touch_before_entry,"{""stop_zone_fraction"": 1.0}",1.0,,,0.2661218019516396,0.3420226527311879,0.04834611488137326,1.0,0.5,0.42388125830748735,0.40625,0.3,False,1,5,0.35223748338502536,0.07840049691489465,53,1354.5999999999985,1.4837857142857138,6,854.5,0.6,3,0,314.94374999999854,0.48125
MNQ,1H,mnq_1h_delay_stop_zone_filter_require_no_stop_zone_touch_before_entry_sm0p75_tm2p00_d15_ts2_sz0p75,delay_stop_zone_filter,mnq_1h_negative_control_stop_zone,42,-555.1749999999993,1387.2000000000007,1942.375,0.2857142857142857,-13.218452380952364,-30.0,0.7141772314820777,-683.625,-2.1231421742598298,-4.018749623328094,-0.8121045895044787,60.45238095238095,53.5,0.9285714285714286,0.07142857142857142,0.2857142857142857,0.0,97,0.45539906103286387,0,9.087973933649288,2.5,-207.0,42,203,0.20689655172413793,-0.8667691630533045,30,12,186.75,-741.9249999999993,1min,dynamic_exit_atr_target_1p0_ts2_vq0p95_bf0p5_ra1p2,0.75,2.0,15,2,require_no_stop_zone_touch_before_entry,"{""stop_zone_fraction"": 0.75}",0.75,,,0.3557061368745216,0.2154810637061131,0.04564246339251964,1.0,0.5,0.4148093812960899,0.40625,0.3,False,1,5,0.37038123740782014,0.0692427168194184,54,-988.625,0.4141915413673061,73,-1663.375,0.0,0,0,314.94374999999854,0.48125
MNQ,1H,mnq_1h_delay_stop_zone_filter_require_no_stop_zone_touch_before_entry_sm0p75_tm2p00_d15_ts3_sz0p75,delay_stop_zone_filter,mnq_1h_negative_control_stop_zone,42,-763.4249999999993,1518.7000000000007,2282.125,0.23809523809523808,-18.176785714285696,-40.5,0.6654762556827521,-950.625,-2.6023690321772013,-5.912296211993746,-0.8030769230769224,75.30952380952381,53.5,0.8809523809523809,0.09523809523809523,0.16666666666666666,0.023809523809523808,97,0.45539906103286387,0,9.087973933649288,2.5,-207.0,42,203,0.20689655172413793,-1.0624127085424402,30,12,23.5,-786.9249999999993,1min,dynamic_exit_atr_target_1p0_ts2_vq0p95_bf0p5_ra1p2,0.75,2.0,15,3,require_no_stop_zone_touch_before_entry,"{""stop_zone_fraction"": 0.75}",0.75,,,0.3015878172061182,0.16157908190855808,0.047661827068971284,1.0,0.5,0.5335911010647791,0.40625,0.3,False,2,5,0.3328177978704418,0.0657588190429979,55,-787.125,0.5018590301400205,69,-1593.375,0.0,0,0,314.94374999999854,0.48125
MNQ,1H,mnq_1h_delay_stop_zone_filter_require_no_stop_zone_touch_before_entry_sm1p00_tm2p50_d15_ts3_sz1p00,delay_stop_zone_filter,mnq_1h_negative_control_stop_zone,91,-1013.125,4234.375,5247.5,0.34065934065934067,-11.133241758241759,-42.5,0.8069318723201524,-1144.5625,-1.4104400193047426,-2.8759383587188627,-0.8851635450226615,101.6043956043956,101.0,0.9230769230769231,0.03296703296703297,0.3626373626373626,0.04395604395604396,47,0.22065727699530516,2,19.69061018957346,2.5,-340.0,88,203,0.43349753694581283,-0.8334809684198524,57,34,-411.0625,-602.0625,1min,dynamic_exit_atr_target_1p0_ts2_vq0p95_bf0p5_ra1p2,1.0,2.5,15,3,require_no_stop_zone_touch_before_entry,"{""stop_zone_fraction"": 1.0}",1.0,,,0.23669780798066625,0.31814140839189453,0.029300189096409152,1.0,0.5,0.343059839605182,0.40625,0.3,False,0,5,0.313880320789636,0.05275934757975087,56,1492.0625,1.5328794642857142,5,914.5625,0.6,3,0,314.94374999999854,0.48125
MNQ,1H,mnq_1h_delay_adverse_filter_avoid_immediate_adverse_move_sm0p75_tm2p00_d15_ts3_aw5_mt12,delay_adverse_filter,mnq_1h_negative_control_adverse,34,6.250000000001819,1443.0000000000018,1436.75,0.2647058823529412,0.1838235294118182,-34.875,1.0043500957021068,-783.375,0.02630138918476461,0.07350033005412392,0.007978299026649842,75.79411764705883,61.0,0.8529411764705882,0.11764705882352941,0.20588235294117646,0.029411764705882353,104,0.48826291079812206,1,7.356931279620852,2.5,-179.625,34,203,0.16748768472906403,0.00966090642902346,17,17,81.0,-74.74999999999818,1min,dynamic_exit_atr_target_1p0_ts2_vq0p95_bf0p5_ra1p2,0.75,2.0,15,3,avoid_immediate_adverse_move,"{""adverse_window_minutes"": 5, ""max_adverse_ticks"": 12}",,5.0,12.0,0.5016047088785236,0.5366428513011171,0.22908362286251568,0.85,0.55,0.5397475079932288,0.78125,0.5,False,2,5,0.32050498401354227,0.05266168166428975,57,527.6500000000015,1.825743348982788,35,10.275000000001455,0.2,1,0,503.5750000000007,0.3875
MNQ,1H,mnq_1h_delay_adverse_filter_avoid_immediate_adverse_move_sm0p75_tm2p50_d15_ts3_aw5_mt12,delay_adverse_filter,mnq_1h_negative_control_adverse,34,1.1875,1437.9375,1436.75,0.2647058823529412,0.034926470588235295,-34.875,1.0008265181834,-783.375,0.0049410751005201405,0.01396506271027948,0.0015158768150630286,80.41176470588235,67.5,0.9117647058823529,0.058823529411764705,0.2647058823529412,0.029411764705882353,104,0.48826291079812206,1,7.356931279620852,2.5,-179.625,34,203,0.16748768472906403,0.0018149331911545556,17,17,76.5,-75.3125,1min,dynamic_exit_atr_target_1p0_ts2_vq0p95_bf0p5_ra1p2,0.75,2.5,15,3,avoid_immediate_adverse_move,"{""adverse_window_minutes"": 5, ""max_adverse_ticks"": 12}",,5.0,12.0,0.5002891074700175,0.5327429743857507,0.2276380687117621,0.85,0.55,0.5333609134535826,0.78125,0.5,False,2,5,0.3332781730928347,0.05044376369595527,58,582.5,1.9115805946791862,31,65.125,0.2,1,0,503.5750000000007,0.3875
MNQ,1H,mnq_1h_delay_adverse_filter_avoid_immediate_adverse_move_sm1p00_tm2p50_d15_ts2_aw5_mt12,delay_adverse_filter,mnq_1h_negative_control_adverse,34,-10.5625,1391.4375,1402.0,0.4117647058823529,-0.31066176470588236,-20.75,0.9924661198288159,-619.5,-0.04742947607882828,-0.0864975163923125,-0.017050040355125102,73.26470588235294,84.0,0.9117647058823529,0.058823529411764705,0.4117647058823529,0.029411764705882353,104,0.48826291079812206,1,7.356931279620852,2.5,-238.5,34,203,0.16748768472906403,-0.017421579033574053,17,17,157.5,-168.0625,1min,dynamic_exit_atr_target_1p0_ts2_vq0p95_bf0p5_ra1p2,1.0,2.5,15,2,avoid_immediate_adverse_move,"{""adverse_window_minutes"": 5, ""max_adverse_ticks"": 12}",,5.0,12.0,0.49723561284286877,0.5234897298145128,0.22348513073445184,0.85,0.55,0.5108250131371519,0.78125,0.5,False,2,5,0.3783499737256963,0.04397909011221679,59,607.5,2.095581605049594,27,289.5,0.4,2,0,503.5750000000007,0.3875
MNQ,1H,mnq_1h_delay_adverse_filter_avoid_immediate_adverse_move_sm1p00_tm2p00_d15_ts2_aw5_mt12,delay_adverse_filter,mnq_1h_negative_control_adverse,34,-28.99999999999818,1373.0000000000018,1402.0,0.4117647058823529,-0.8529411764705347,-20.75,0.9793152639087032,-619.5,-0.1324440593788902,-0.23748430536112705,-0.046811945117026924,70.47058823529412,74.5,0.8823529411764706,0.08823529411764706,0.38235294117647056,0.029411764705882353,104,0.48826291079812206,1,7.356931279620852,2.5,-238.5,34,203,0.16748768472906403,-0.048648748389331,17,17,157.5,-186.49999999999818,1min,dynamic_exit_atr_target_1p0_ts2_vq0p95_bf0p5_ra1p2,1.0,2.0,15,2,avoid_immediate_adverse_move,"{""adverse_window_minutes"": 5, ""max_adverse_ticks"": 12}",,5.0,12.0,0.4924442249970772,0.5089344322092028,0.21682780573241747,0.85,0.55,0.5210702341137119,0.78125,0.5,False,2,5,0.35785953177257634,0.040647937418175295,60,607.5,2.095581605049594,25,289.5,0.4,2,0,503.5750000000007,0.3875
MNQ,1H,mnq_1h_delay_adverse_filter_avoid_immediate_adverse_move_sm0p75_tm2p50_d15_ts2_aw5_mt12,delay_adverse_filter,mnq_1h_negative_control_adverse,34,56.9375,1230.9375,1174.0,0.35294117647058826,1.6746323529411764,-25.125,1.0484987223168654,-562.125,0.2878658134545885,0.6524869836300442,0.1012897487213698,63.26470588235294,67.5,0.9117647058823529,0.058823529411764705,0.3235294117647059,0.029411764705882353,104,0.48826291079812206,1,7.356931279620852,2.5,-179.625,34,203,0.16748768472906403,0.10573755889329431,17,17,173.75,-116.8125,1min,dynamic_exit_atr_target_1p0_ts2_vq0p95_bf0p5_ra1p2,0.75,2.5,15,2,avoid_immediate_adverse_move,"{""adverse_window_minutes"": 5, ""max_adverse_ticks"": 12}",,5.0,12.0,0.5147769649562768,0.5855063171581756,0.24995609900268317,0.85,0.55,0.3295280898876405,0.78125,0.5,False,1,5,0.5409438202247191,0.03666678475643903,61,479.5,1.7025641025641025,40,218.875,0.4,2,0,503.5750000000007,0.3875
MNQ,1H,mnq_1h_delay_adverse_filter_avoid_immediate_adverse_move_sm0p75_tm2p00_d15_ts2_aw5_mt12,delay_adverse_filter,mnq_1h_negative_control_adverse,34,38.50000000000182,1212.5000000000018,1174.0,0.35294117647058826,1.132352941176524,-25.125,1.0327938671209556,-562.125,0.1988655305553012,0.4411986629156161,0.06849010451412377,60.470588235294116,61.0,0.8823529411764706,0.08823529411764706,0.29411764705882354,0.029411764705882353,104,0.48826291079812206,1,7.356931279620852,2.5,-179.625,34,203,0.16748768472906403,0.07304638052220301,17,17,173.75,-135.24999999999818,1min,dynamic_exit_atr_target_1p0_ts2_vq0p95_bf0p5_ra1p2,0.75,2.0,15,2,avoid_immediate_adverse_move,"{""adverse_window_minutes"": 5, ""max_adverse_ticks"": 12}",,5.0,12.0,0.5099855771104853,0.5681242666959568,0.24261927385034107,0.85,0.55,0.3349644614543459,0.78125,0.5,False,1,5,0.5300710770913082,0.03194702905699143,62,479.5,1.7025641025641025,38,218.875,0.4,2,0,503.5750000000007,0.3875
MNQ,1H,mnq_1h_delay_adverse_filter_avoid_immediate_adverse_move_sm1p00_tm2p50_d15_ts3_aw5_mt12,delay_adverse_filter,mnq_1h_negative_control_adverse,34,-271.0625,1468.9375,1740.0,0.29411764705882354,-7.9724264705882355,-38.0,0.8442169540229885,-1007.5,-1.04027990269257,-2.3082575533991574,-0.2690446650124069,96.3529411764706,84.0,0.9117647058823529,0.058823529411764705,0.35294117647058826,0.029411764705882353,104,0.48826291079812206,1,7.356931279620852,2.5,-238.5,34,203,0.16748768472906403,-0.3821108736616907,17,17,-29.0,-242.0625,1min,dynamic_exit_atr_target_1p0_ts2_vq0p95_bf0p5_ra1p2,1.0,2.5,15,3,avoid_immediate_adverse_move,"{""adverse_window_minutes"": 5, ""max_adverse_ticks"": 12}",,5.0,12.0,0.4295389872792717,0.3594083391315956,0.16711743086677733,0.85,0.55,0.5495126361751863,0.78125,0.5,False,2,5,0.3009747276496273,-0.005028524661531919,63,756.5,2.4113805970149254,17,15.0,0.4,2,0,503.5750000000007,0.3875
MNQ,1H,mnq_1h_delay_adverse_filter_avoid_immediate_adverse_move_sm1p00_tm2p00_d15_ts3_aw5_mt12,delay_adverse_filter,mnq_1h_negative_control_adverse,34,-265.9999999999982,1474.0000000000018,1740.0,0.29411764705882354,-7.823529411764652,-38.0,0.8471264367816103,-1007.5,-1.0306172158328473,-2.265147370824705,-0.2640198511166235,91.73529411764706,74.5,0.8529411764705882,0.11764705882352941,0.29411764705882354,0.029411764705882353,104,0.48826291079812206,1,7.356931279620852,2.5,-238.5,34,203,0.16748768472906403,-0.37856161955389594,17,17,-24.5,-241.49999999999818,1min,dynamic_exit_atr_target_1p0_ts2_vq0p95_bf0p5_ra1p2,1.0,2.0,15,3,avoid_immediate_adverse_move,"{""adverse_window_minutes"": 5, ""max_adverse_ticks"": 12}",,5.0,12.0,0.4308545886877778,0.3626285392224879,0.1682414119911908,0.85,0.55,0.541732225025976,0.78125,0.5,False,2,5,0.31653554994804817,-0.005119828865371767,64,701.6500000000015,2.3090485074626894,19,-39.849999999998545,0.4,2,0,503.5750000000007,0.3875
MNQ,1H,mnq_1h_delay_stop_zone_filter_require_no_stop_zone_touch_before_entry_sm1p00_tm2p50_d15_ts2_sz0p75,delay_stop_zone_filter,mnq_1h_negative_control_stop_zone,61,-1378.5625,1865.4375,3244.0,0.32786885245901637,-22.59938524590164,-31.5,0.5750423859432799,-1397.5625,-3.328793191139281,-5.0373066677269716,-0.9864049013908144,77.04918032786885,101.0,0.9508196721311475,0.03278688524590164,0.4426229508196721,0.01639344262295082,78,0.36619718309859156,1,13.199200236966824,2.5,-340.0,60,203,0.2955665024630542,-1.6242847590317024,40,21,-232.0625,-1146.5,1min,dynamic_exit_atr_target_1p0_ts2_vq0p95_bf0p5_ra1p2,1.0,2.5,15,2,require_no_stop_zone_touch_before_entry,"{""stop_zone_fraction"": 0.75}",0.75,,,0.14173087667779874,0.06148735436976402,0.006653902899957088,1.0,0.5,0.422648778344767,0.40625,0.3,False,1,5,0.354702443310466,-0.009023451603778765,65,585.0625,1.2790663009778203,30,-390.9375,0.4,2,0,314.94374999999854,0.48125
MNQ,1H,mnq_1h_delay_stop_zone_filter_require_no_stop_zone_touch_before_entry_sm1p00_tm2p00_d15_ts2_sz0p75,delay_stop_zone_filter,mnq_1h_negative_control_stop_zone,61,-1441.6499999999996,1802.3500000000004,3244.0,0.32786885245901637,-23.633606557377043,-31.5,0.5555949445129471,-1504.2999999999993,-3.589319038685565,-5.267830190889849,-0.9583527221963706,74.67213114754098,83.0,0.9180327868852459,0.06557377049180328,0.4098360655737705,0.01639344262295082,78,0.36619718309859156,1,13.199200236966824,2.5,-340.0,60,203,0.2955665024630542,-1.751408355844401,40,21,-302.0,-1139.6499999999996,1min,dynamic_exit_atr_target_1p0_ts2_vq0p95_bf0p5_ra1p2,1.0,2.0,15,2,require_no_stop_zone_touch_before_entry,"{""stop_zone_fraction"": 0.75}",0.75,,,0.12533620924884134,0.03996302930682892,0.012928786023425091,1.0,0.5,0.4096951060311568,0.40625,0.3,False,1,5,0.3806097879376865,-0.017609068480678614,66,502.4499999999971,1.2396613403291186,37,-473.5500000000029,0.4,2,0,314.94374999999854,0.48125
MNQ,1H,mnq_1h_delay_stop_zone_filter_require_no_stop_zone_touch_before_entry_sm0p75_tm2p50_d15_ts2_sz1p00,delay_stop_zone_filter,mnq_1h_negative_control_stop_zone,61,-1330.9375,1665.9375,2996.875,0.2786885245901639,-21.818647540983605,-32.625,0.5558915537017727,-1331.8125,-3.5740768737914914,-6.163567037941255,-0.9993430006100709,62.63934426229508,51.0,0.9672131147540983,0.03278688524590164,0.3114754098360656,0.0,78,0.36619718309859156,1,13.199200236966824,2.5,-255.75,60,203,0.2955665024630542,-1.7439709409283908,40,21,-160.6875,-1170.25,1min,dynamic_exit_atr_target_1p0_ts2_vq0p95_bf0p5_ra1p2,0.75,2.5,15,2,require_no_stop_zone_touch_before_entry,"{""stop_zone_fraction"": 1.0}",1.0,,,0.15410727511336997,0.04029131478437134,0.003759829684541898,1.0,0.5,0.37335991718108963,0.40625,0.3,False,1,5,0.45328016563782064,-0.018614819990606934,67,-591.5625,0.7628651600942026,65,-1568.5625,0.4,2,0,314.94374999999854,0.48125
MNQ,1H,mnq_1h_delay_stop_zone_filter_require_no_stop_zone_touch_before_entry_sm0p75_tm2p00_d15_ts2_sz1p00,delay_stop_zone_filter,mnq_1h_negative_control_stop_zone,61,-1394.0249999999996,1602.8500000000004,2996.875,0.2786885245901639,-22.85286885245901,-32.625,0.5348404588112619,-1438.5499999999993,-3.888645978636123,-6.455725035973556,-0.9690486948663587,60.26229508196721,51.0,0.9344262295081968,0.06557377049180328,0.2786885245901639,0.0,78,0.36619718309859156,1,13.199200236966824,2.5,-255.75,60,203,0.2955665024630542,-1.8974649471110066,40,21,-230.625,-1163.3999999999996,1min,dynamic_exit_atr_target_1p0_ts2_vq0p95_bf0p5_ra1p2,0.75,2.0,15,2,require_no_stop_zone_touch_before_entry,"{""stop_zone_fraction"": 1.0}",1.0,,,0.13771260768441257,0.016992074574432196,0.010536245396518042,1.0,0.5,0.35439194242691197,0.40625,0.3,False,1,5,0.49121611514617614,-0.028382335374716516,68,-674.1750000000029,0.7297489602645677,66,-1651.175000000003,0.2,1,0,314.94374999999854,0.48125
MNQ,1H,mnq_1h_raw_hybrid_none_sm1p00_tm1p00_d0_ts3,raw_hybrid,mnq_1h_negative_control_raw,184,-1604.3000000000065,5663.199999999993,7267.5,0.23369565217391305,-8.71902173913047,-30.5,0.7792500859993111,-1578.8000000000065,-1.4676680447141544,-3.1361535523595614,-1.0161515074740308,36.94565217391305,14.0,0.8043478260869565,0.18478260869565216,0.059782608695652176,0.010869565217391304,0,0.0,0,39.81398104265403,2.5,-288.0,174,203,0.8571428571428571,-1.219557249820577,127,57,-1112.300000000003,-492.00000000000364,1min,dynamic_exit_atr_target_1p0_ts2_vq0p95_bf0p5_ra1p2,1.0,1.0,0,3,none,{},,,,0.08306804745260515,0.2875033540634131,0.0,1.0,1.0,0.1994795237798429,0.0,0.3,False,0,5,0.6010409524403142,-0.04596379112981991,69,1157.2999999999956,1.2829238479403484,8,698.5999999999949,0.6,3,0,756.9874999999956,0.5
MNQ,1H,mnq_1h_delay_stop_zone_filter_require_no_stop_zone_touch_before_entry_sm0p75_tm2p50_d15_ts3_sz1p00,delay_stop_zone_filter,mnq_1h_negative_control_stop_zone,61,-1599.4375,1808.4375,3407.875,0.2459016393442623,-26.2202868852459,-40.875,0.5306642702563914,-1603.0625,-3.9523023230158363,-7.880025262352012,-0.9977387032632851,78.27868852459017,51.0,0.9344262295081968,0.03278688524590164,0.21311475409836064,0.03278688524590164,78,0.36619718309859156,1,13.199200236966824,2.5,-255.75,60,203,0.2955665024630542,-1.928526062672906,40,21,-374.6875,-1224.75,1min,dynamic_exit_atr_target_1p0_ts2_vq0p95_bf0p5_ra1p2,0.75,2.5,15,3,require_no_stop_zone_touch_before_entry,"{""stop_zone_fraction"": 1.0}",1.0,,,0.08433167448448015,0.012369891224444735,0.004118688733480406,1.0,0.5,0.28582314094798955,0.40625,0.3,False,0,5,0.42835371810402095,-0.05123091240599453,70,-332.0625,0.8650221025354403,63,-1440.5625,0.2,1,0,314.94374999999854,0.48125
MNQ,1H,mnq_1h_delay_stop_zone_filter_require_no_stop_zone_touch_before_entry_sm0p75_tm2p00_d15_ts3_sz1p00,delay_stop_zone_filter,mnq_1h_negative_control_stop_zone,61,-1637.5249999999996,1770.3500000000004,3407.875,0.2459016393442623,-26.844672131147536,-40.875,0.5194879507024173,-1693.0499999999993,-4.165480408677025,-8.067672771041678,-0.967204158176073,73.90163934426229,51.0,0.8852459016393442,0.08196721311475409,0.16393442622950818,0.03278688524590164,78,0.36619718309859156,1,13.199200236966824,2.5,-255.75,60,203,0.2955665024630542,-2.0325463173467972,40,21,-438.625,-1198.8999999999996,1min,dynamic_exit_atr_target_1p0_ts2_vq0p95_bf0p5_ra1p2,0.75,2.0,15,3,require_no_stop_zone_touch_before_entry,"{""stop_zone_fraction"": 1.0}",1.0,,,0.07443380413456277,0.0,0.010948842652091824,1.0,0.5,0.2908047205386177,0.40625,0.3,False,0,5,0.4183905589227646,-0.053912704694481006,71,-469.52500000000146,0.8091458767339053,64,-1578.0250000000015,0.2,1,0,314.94374999999854,0.48125
MNQ,1H,mnq_1h_delay_stop_zone_filter_require_no_stop_zone_touch_before_entry_sm1p00_tm2p50_d15_ts3_sz0p75,delay_stop_zone_filter,mnq_1h_negative_control_stop_zone,61,-1779.0625,2065.9375,3845.0,0.29508196721311475,-29.164959016393443,-43.0,0.5373049414824448,-1783.5625,-3.8624959760758917,-6.708978358985666,-0.9974769597364824,99.8360655737705,101.0,0.9180327868852459,0.03278688524590164,0.32786885245901637,0.04918032786885246,78,0.36619718309859156,1,13.199200236966824,2.5,-340.0,60,203,0.2955665024630542,-1.8847050524079394,40,21,-442.5625,-1336.5,1min,dynamic_exit_atr_target_1p0_ts2_vq0p95_bf0p5_ra1p2,1.0,2.5,15,3,require_no_stop_zone_touch_before_entry,"{""stop_zone_fraction"": 0.75}",0.75,,,0.037652187471577586,0.019719750927979347,0.004177237127443902,1.0,0.5,0.31844370279290357,0.40625,0.3,False,0,5,0.36311259441419286,-0.05419497133203649,72,1190.5625,1.6017500631791761,7,7.5625,0.6,3,0,314.94374999999854,0.48125
MNQ,1H,mnq_1h_delay_stop_zone_filter_require_no_stop_zone_touch_before_entry_sm1p00_tm2p00_d15_ts3_sz0p75,delay_stop_zone_filter,mnq_1h_negative_control_stop_zone,61,-1817.1499999999996,2027.8500000000004,3845.0,0.29508196721311475,-29.789344262295074,-43.0,0.5273992197659298,-1884.2999999999993,-4.034436406337867,-6.85260918322476,-0.9643634240832141,95.45901639344262,83.0,0.8688524590163934,0.08196721311475409,0.2786885245901639,0.04918032786885246,78,0.36619718309859156,1,13.199200236966824,2.5,-340.0,60,203,0.2955665024630542,-1.9686033916256709,40,21,-506.5,-1310.6499999999996,1min,dynamic_exit_atr_target_1p0_ts2_vq0p95_bf0p5_ra1p2,1.0,2.0,15,3,require_no_stop_zone_touch_before_entry,"{""stop_zone_fraction"": 0.75}",0.75,,,0.027754317121660203,0.008756150653205624,0.011584275439469393,1.0,0.5,0.3222491263792202,0.40625,0.3,False,0,5,0.35550174724155964,-0.05668539617222337,73,1053.0999999999985,1.532271923174121,9,-129.90000000000146,0.6,3,0,314.94374999999854,0.48125
MNQ,1H,mnq_1h_raw_hybrid_none_sm1p00_tm1p00_d0_ts2,raw_hybrid,mnq_1h_negative_control_raw,184,-1923.9500000000044,5057.549999999996,6981.5,0.22282608695652173,-10.456250000000024,-28.75,0.7244216858841217,-1898.4500000000044,-1.8964740079298392,-3.781960996682346,-1.0134320103242118,31.809782608695652,14.0,0.8260869565217391,0.16847826086956522,0.10869565217391304,0.005434782608695652,0,0.0,0,39.81398104265403,2.5,-288.0,174,203,0.8571428571428571,-1.5758731232153913,127,57,-1475.4500000000007,-448.50000000000364,1min,dynamic_exit_atr_target_1p0_ts2_vq0p95_bf0p5_ra1p2,1.0,1.0,0,2,none,{},,,,0.0,0.226819571521238,0.000608313765980025,1.0,1.0,0.26734062735518127,0.0,0.3,False,0,5,0.46531874528963746,-0.06444374452757817,74,356.67499999999563,1.0840322770644353,48,-362.0250000000051,0.4,2,0,756.9874999999956,0.5
