config_id,symbol,signal_time,signal_actionable_time,direction,filter_family,filter_label,stop_multiplier,target_multiplier,entry_delay_minutes,skipped_by_filter,filter_reason,executed,pnl,net_pnl_usd,gross_pnl_usd,entry_time,exit_time,entry_price,stop_price,target_price,exit_price,exit_reason,holding_minutes,mfe_ticks_1m,mae_ticks_1m,quantity,session_date,signal_timeframe,family,cluster_id,variant_time_stop_bars,fold_id
m2k_1h_delay_stop_zone_filter_require_no_stop_zone_touch_before_entry_sm0p75_tm2p00_d15_ts4_sz0p50,M2K,2022-01-03 09:30:00-05:00,2022-01-03 10:30:00-05:00,short,require_no_stop_zone_touch_before_entry,stop_zone_0p50,0.75,2.0,15,True,skip_pre_entry_stop_zone_touch,False,,,,2022-01-03 10:46:00-05:00,,2275.5,2282.25,2252.78,,,,,,1,2022-01-03,1H,delay_stop_zone_filter,m2k_1h_stop_zone_diag,4,fold_1
m2k_1h_delay_stop_zone_filter_require_no_stop_zone_touch_before_entry_sm0p75_tm2p00_d15_ts4_sz0p50,M2K,2022-01-10 09:30:00-05:00,2022-01-10 10:30:00-05:00,long,require_no_stop_zone_touch_before_entry,stop_zone_0p50,0.75,2.0,15,True,skip_pre_entry_stop_zone_touch,False,,,,2022-01-10 10:46:00-05:00,,2136.2,2134.775,2174.16,,,,,,1,2022-01-10,1H,delay_stop_zone_filter,m2k_1h_stop_zone_diag,4,fold_1
m2k_1h_delay_stop_zone_filter_require_no_stop_zone_touch_before_entry_sm0p75_tm2p00_d15_ts4_sz0p50,M2K,2022-01-14 09:30:00-05:00,2022-01-14 10:30:00-05:00,short,require_no_stop_zone_touch_before_entry,stop_zone_0p50,0.75,2.0,15,True,skip_pre_entry_stop_zone_touch,False,,,,2022-01-14 10:46:00-05:00,,2140.3,2152.675,2111.15,,,,,,1,2022-01-14,1H,delay_stop_zone_filter,m2k_1h_stop_zone_diag,4,fold_1
m2k_1h_delay_stop_zone_filter_require_no_stop_zone_touch_before_entry_sm0p75_tm2p00_d15_ts4_sz0p50,M2K,2022-01-21 10:30:00-05:00,2022-01-21 11:30:00-05:00,short,require_no_stop_zone_touch_before_entry,stop_zone_0p50,0.75,2.0,15,True,skip_pre_entry_stop_zone_touch,False,,,,2022-01-21 11:46:00-05:00,,2022.0,2038.65,1980.63,,,,,,1,2022-01-21,1H,delay_stop_zone_filter,m2k_1h_stop_zone_diag,4,fold_1
m2k_1h_delay_stop_zone_filter_require_no_stop_zone_touch_before_entry_sm0p75_tm2p00_d15_ts4_sz0p50,M2K,2022-02-24 09:30:00-05:00,2022-02-24 10:30:00-05:00,short,require_no_stop_zone_touch_before_entry,stop_zone_0p50,0.75,2.0,15,True,skip_pre_entry_stop_zone_touch,False,,,,2022-02-24 10:46:00-05:00,,1920.3000000000002,1934.025,1878.6800000000003,,,,,,1,2022-02-24,1H,delay_stop_zone_filter,m2k_1h_stop_zone_diag,4,fold_1
m2k_1h_delay_stop_zone_filter_require_no_stop_zone_touch_before_entry_sm0p75_tm2p00_d15_ts4_sz0p50,M2K,2022-03-02 09:30:00-05:00,2022-03-02 10:30:00-05:00,short,require_no_stop_zone_touch_before_entry,stop_zone_0p50,0.75,2.0,15,True,skip_pre_entry_stop_zone_touch,False,,,,2022-03-02 10:46:00-05:00,,2037.9,2041.575,1999.0300000000002,,,,,,1,2022-03-02,1H,delay_stop_zone_filter,m2k_1h_stop_zone_diag,4,fold_1
m2k_1h_delay_stop_zone_filter_require_no_stop_zone_touch_before_entry_sm0p75_tm2p00_d15_ts4_sz0p50,M2K,2022-03-22 09:30:00-04:00,2022-03-22 10:30:00-04:00,short,require_no_stop_zone_touch_before_entry,stop_zone_0p50,0.75,2.0,15,True,skip_pre_entry_stop_zone_touch,False,,,,2022-03-22 10:46:00-04:00,,2083.4,2093.6,2046.9900000000002,,,,,,1,2022-03-22,1H,delay_stop_zone_filter,m2k_1h_stop_zone_diag,4,fold_1
m2k_1h_delay_stop_zone_filter_require_no_stop_zone_touch_before_entry_sm0p75_tm2p00_d15_ts4_sz0p50,M2K,2022-03-24 09:30:00-04:00,2022-03-24 10:30:00-04:00,long,require_no_stop_zone_touch_before_entry,stop_zone_0p50,0.75,2.0,15,True,skip_pre_entry_stop_zone_touch,False,,,,2022-03-24 10:46:00-04:00,,2051.7,2042.7,2081.3599999999997,,,,,,1,2022-03-24,1H,delay_stop_zone_filter,m2k_1h_stop_zone_diag,4,fold_1
m2k_1h_delay_stop_zone_filter_require_no_stop_zone_touch_before_entry_sm0p75_tm2p00_d15_ts4_sz0p50,M2K,2022-03-29 09:30:00-04:00,2022-03-29 10:30:00-04:00,short,require_no_stop_zone_touch_before_entry,stop_zone_0p50,0.75,2.0,15,True,skip_pre_entry_stop_zone_touch,False,,,,2022-03-29 10:46:00-04:00,,2116.5,2117.925,2090.53,,,,,,1,2022-03-29,1H,delay_stop_zone_filter,m2k_1h_stop_zone_diag,4,fold_1
m2k_1h_delay_stop_zone_filter_require_no_stop_zone_touch_before_entry_sm0p75_tm2p00_d15_ts4_sz0p50,M2K,2022-04-05 09:30:00-04:00,2022-04-05 10:30:00-04:00,long,require_no_stop_zone_touch_before_entry,stop_zone_0p50,0.75,2.0,15,True,skip_pre_entry_stop_zone_touch,False,,,,2022-04-05 10:46:00-04:00,,2063.5,2061.625,2089.5699999999997,,,,,,1,2022-04-05,1H,delay_stop_zone_filter,m2k_1h_stop_zone_diag,4,fold_1
m2k_1h_delay_stop_zone_filter_require_no_stop_zone_touch_before_entry_sm0p75_tm2p00_d15_ts4_sz0p50,M2K,2022-04-22 09:30:00-04:00,2022-04-22 10:30:00-04:00,long,require_no_stop_zone_touch_before_entry,stop_zone_0p50,0.75,2.0,15,False,invalid_stop_geometry,False,,,,2022-04-22 10:46:00-04:00,,1965.1,,,,,,,,1,2022-04-22,1H,delay_stop_zone_filter,m2k_1h_stop_zone_diag,4,fold_1
m2k_1h_delay_stop_zone_filter_require_no_stop_zone_touch_before_entry_sm0p75_tm2p00_d15_ts4_sz0p50,M2K,2022-04-26 09:30:00-04:00,2022-04-26 10:30:00-04:00,long,require_no_stop_zone_touch_before_entry,stop_zone_0p50,0.75,2.0,15,False,invalid_stop_geometry,False,,,,2022-04-26 10:46:00-04:00,,1912.6999999999998,,,,,,,,1,2022-04-26,1H,delay_stop_zone_filter,m2k_1h_stop_zone_diag,4,fold_1
m2k_1h_delay_stop_zone_filter_require_no_stop_zone_touch_before_entry_sm0p75_tm2p00_d15_ts4_sz0p50,M2K,2022-05-02 09:30:00-04:00,2022-05-02 10:30:00-04:00,short,require_no_stop_zone_touch_before_entry,stop_zone_0p50,0.75,2.0,15,False,invalid_stop_geometry,False,,,,2022-05-02 10:46:00-04:00,,1884.6000000000001,,,,,,,,1,2022-05-02,1H,delay_stop_zone_filter,m2k_1h_stop_zone_diag,4,fold_1
m2k_1h_delay_stop_zone_filter_require_no_stop_zone_touch_before_entry_sm0p75_tm2p00_d15_ts4_sz0p50,M2K,2022-05-04 14:30:00-04:00,2022-05-04 15:30:00-04:00,short,require_no_stop_zone_touch_before_entry,stop_zone_0p50,0.75,2.0,15,False,invalid_stop_geometry,False,,,,2022-05-04 15:46:00-04:00,,1947.3000000000002,,,,,,,,1,2022-05-04,1H,delay_stop_zone_filter,m2k_1h_stop_zone_diag,4,fold_1
m2k_1h_delay_stop_zone_filter_require_no_stop_zone_touch_before_entry_sm0p75_tm2p00_d15_ts4_sz0p50,M2K,2022-05-05 09:30:00-04:00,2022-05-05 10:30:00-04:00,long,require_no_stop_zone_touch_before_entry,stop_zone_0p50,0.75,2.0,15,True,skip_pre_entry_stop_zone_touch,False,,,,2022-05-05 10:46:00-04:00,,1888.8,1888.425,1935.92,,,,,,1,2022-05-05,1H,delay_stop_zone_filter,m2k_1h_stop_zone_diag,4,fold_1
m2k_1h_delay_stop_zone_filter_require_no_stop_zone_touch_before_entry_sm0p75_tm2p00_d15_ts4_sz0p50,M2K,2022-05-12 09:30:00-04:00,2022-05-12 10:30:00-04:00,short,require_no_stop_zone_touch_before_entry,stop_zone_0p50,0.75,2.0,15,True,skip_pre_entry_stop_zone_touch,False,,,,2022-05-12 10:46:00-04:00,,1730.6000000000001,1739.075,1676.51,,,,,,1,2022-05-12,1H,delay_stop_zone_filter,m2k_1h_stop_zone_diag,4,fold_1
m2k_1h_delay_stop_zone_filter_require_no_stop_zone_touch_before_entry_sm0p75_tm2p00_d15_ts4_sz0p50,M2K,2022-06-22 09:30:00-04:00,2022-06-22 10:30:00-04:00,short,require_no_stop_zone_touch_before_entry,stop_zone_0p50,0.75,2.0,15,False,invalid_stop_geometry,False,,,,2022-06-22 10:46:00-04:00,,1701.6000000000001,,,,,,,,1,2022-06-22,1H,delay_stop_zone_filter,m2k_1h_stop_zone_diag,4,fold_1
m2k_1h_delay_stop_zone_filter_require_no_stop_zone_touch_before_entry_sm0p75_tm2p00_d15_ts4_sz0p50,M2K,2022-06-24 09:30:00-04:00,2022-06-24 10:30:00-04:00,short,require_no_stop_zone_touch_before_entry,stop_zone_0p50,0.75,2.0,15,True,skip_pre_entry_stop_zone_touch,False,,,,2022-06-24 10:46:00-04:00,,1752.9,1757.625,1722.46,,,,,,1,2022-06-24,1H,delay_stop_zone_filter,m2k_1h_stop_zone_diag,4,fold_1
m2k_1h_delay_stop_zone_filter_require_no_stop_zone_touch_before_entry_sm0p75_tm2p00_d15_ts4_sz0p50,M2K,2022-06-29 09:30:00-04:00,2022-06-29 10:30:00-04:00,long,require_no_stop_zone_touch_before_entry,stop_zone_0p50,0.75,2.0,15,True,skip_pre_entry_stop_zone_touch,False,,,,2022-06-29 10:46:00-04:00,,1720.3,1713.1,1747.64,,,,,,1,2022-06-29,1H,delay_stop_zone_filter,m2k_1h_stop_zone_diag,4,fold_1
m2k_1h_delay_stop_zone_filter_require_no_stop_zone_touch_before_entry_sm0p75_tm2p00_d15_ts4_sz0p50,M2K,2022-07-21 09:30:00-04:00,2022-07-21 10:30:00-04:00,long,require_no_stop_zone_touch_before_entry,stop_zone_0p50,0.75,2.0,15,True,skip_pre_entry_stop_zone_touch,False,,,,2022-07-21 10:46:00-04:00,,1815.3,1804.6499999999999,1840.43,,,,,,1,2022-07-21,1H,delay_stop_zone_filter,m2k_1h_stop_zone_diag,4,fold_1
m2k_1h_delay_stop_zone_filter_require_no_stop_zone_touch_before_entry_sm0p75_tm2p00_d15_ts4_sz0p50,M2K,2022-07-22 09:30:00-04:00,2022-07-22 10:30:00-04:00,long,require_no_stop_zone_touch_before_entry,stop_zone_0p50,0.75,2.0,15,True,skip_pre_entry_stop_zone_touch,False,,,,2022-07-22 10:46:00-04:00,,1826.6,1818.05,1851.02,,,,,,1,2022-07-22,1H,delay_stop_zone_filter,m2k_1h_stop_zone_diag,4,fold_1
m2k_1h_delay_stop_zone_filter_require_no_stop_zone_touch_before_entry_sm0p75_tm2p00_d15_ts4_sz0p50,M2K,2022-07-28 09:30:00-04:00,2022-07-28 10:30:00-04:00,long,require_no_stop_zone_touch_before_entry,stop_zone_0p50,0.75,2.0,15,True,skip_pre_entry_stop_zone_touch,False,,,,2022-07-28 10:46:00-04:00,,1838.1999999999998,1832.5,1863.1999999999998,,,,,,1,2022-07-28,1H,delay_stop_zone_filter,m2k_1h_stop_zone_diag,4,fold_1
m2k_1h_delay_stop_zone_filter_require_no_stop_zone_touch_before_entry_sm0p75_tm2p00_d15_ts4_sz0p50,M2K,2022-08-24 09:30:00-04:00,2022-08-24 10:30:00-04:00,short,require_no_stop_zone_touch_before_entry,stop_zone_0p50,0.75,2.0,15,True,skip_pre_entry_stop_zone_touch,False,,,,2022-08-24 10:46:00-04:00,,1930.8000000000002,1934.1000000000001,1907.88,,,,,,1,2022-08-24,1H,delay_stop_zone_filter,m2k_1h_stop_zone_diag,4,fold_1
m2k_1h_delay_stop_zone_filter_require_no_stop_zone_touch_before_entry_sm0p75_tm2p00_d15_ts4_sz0p50,M2K,2022-08-25 09:30:00-04:00,2022-08-25 10:30:00-04:00,short,require_no_stop_zone_touch_before_entry,stop_zone_0p50,0.75,2.0,15,True,skip_pre_entry_stop_zone_touch,False,,,,2022-08-25 10:46:00-04:00,,1961.6000000000001,1962.8000000000002,1939.9800000000002,,,,,,1,2022-08-25,1H,delay_stop_zone_filter,m2k_1h_stop_zone_diag,4,fold_1
m2k_1h_delay_stop_zone_filter_require_no_stop_zone_touch_before_entry_sm0p75_tm2p00_d15_ts4_sz0p50,M2K,2022-08-26 09:30:00-04:00,2022-08-26 10:30:00-04:00,long,require_no_stop_zone_touch_before_entry,stop_zone_0p50,0.75,2.0,15,False,invalid_stop_geometry,False,,,,2022-08-26 10:46:00-04:00,,1927.1,,,,,,,,1,2022-08-26,1H,delay_stop_zone_filter,m2k_1h_stop_zone_diag,4,fold_1
m2k_1h_delay_stop_zone_filter_require_no_stop_zone_touch_before_entry_sm0p75_tm2p00_d15_ts4_sz0p50,M2K,2022-08-29 09:30:00-04:00,2022-08-29 10:30:00-04:00,short,require_no_stop_zone_touch_before_entry,stop_zone_0p50,0.75,2.0,15,True,skip_pre_entry_stop_zone_touch,False,,,,2022-08-29 10:46:00-04:00,,1884.4,1894.75,1860.5100000000002,,,,,,1,2022-08-29,1H,delay_stop_zone_filter,m2k_1h_stop_zone_diag,4,fold_1
m2k_1h_delay_stop_zone_filter_require_no_stop_zone_touch_before_entry_sm0p75_tm2p00_d15_ts4_sz0p50,M2K,2022-08-30 09:30:00-04:00,2022-08-30 10:30:00-04:00,long,require_no_stop_zone_touch_before_entry,stop_zone_0p50,0.75,2.0,15,False,invalid_stop_geometry,False,,,,2022-08-30 10:46:00-04:00,,1854.5,,,,,,,,1,2022-08-30,1H,delay_stop_zone_filter,m2k_1h_stop_zone_diag,4,fold_1
m2k_1h_delay_stop_zone_filter_require_no_stop_zone_touch_before_entry_sm0p75_tm2p00_d15_ts4_sz0p50,M2K,2022-09-01 09:30:00-04:00,2022-09-01 10:30:00-04:00,long,require_no_stop_zone_touch_before_entry,stop_zone_0p50,0.75,2.0,15,False,invalid_stop_geometry,False,,,,2022-09-01 10:46:00-04:00,,1800.5,,,,,,,,1,2022-09-01,1H,delay_stop_zone_filter,m2k_1h_stop_zone_diag,4,fold_1
m2k_1h_delay_stop_zone_filter_require_no_stop_zone_touch_before_entry_sm0p75_tm2p00_d15_ts4_sz0p50,M2K,2022-09-19 09:30:00-04:00,2022-09-19 10:30:00-04:00,short,require_no_stop_zone_touch_before_entry,stop_zone_0p50,0.75,2.0,15,False,invalid_stop_geometry,False,,,,2022-09-19 10:46:00-04:00,,1811.6000000000001,,,,,,,,1,2022-09-19,1H,delay_stop_zone_filter,m2k_1h_stop_zone_diag,4,fold_1
m2k_1h_delay_stop_zone_filter_require_no_stop_zone_touch_before_entry_sm0p75_tm2p00_d15_ts4_sz0p50,M2K,2022-09-21 13:30:00-04:00,2022-09-21 14:30:00-04:00,long,require_no_stop_zone_touch_before_entry,stop_zone_0p50,0.75,2.0,15,True,skip_pre_entry_stop_zone_touch,False,,,,2022-09-21 14:46:00-04:00,,1822.6,1787.5,1851.01,,,,,,1,2022-09-21,1H,delay_stop_zone_filter,m2k_1h_stop_zone_diag,4,fold_1
m2k_1h_delay_stop_zone_filter_require_no_stop_zone_touch_before_entry_sm0p75_tm2p00_d15_ts4_sz0p50,M2K,2022-09-22 09:30:00-04:00,2022-09-22 10:30:00-04:00,long,require_no_stop_zone_touch_before_entry,stop_zone_0p50,0.75,2.0,15,False,invalid_stop_geometry,False,,,,2022-09-22 10:46:00-04:00,,1732.3999999999999,,,,,,,,1,2022-09-22,1H,delay_stop_zone_filter,m2k_1h_stop_zone_diag,4,fold_1
m2k_1h_delay_stop_zone_filter_require_no_stop_zone_touch_before_entry_sm0p75_tm2p00_d15_ts4_sz0p50,M2K,2022-09-23 09:30:00-04:00,2022-09-23 10:30:00-04:00,long,require_no_stop_zone_touch_before_entry,stop_zone_0p50,0.75,2.0,15,True,skip_pre_entry_stop_zone_touch,False,,,,2022-09-23 10:46:00-04:00,,1681.6,1677.175,1717.9899999999998,,,,,,1,2022-09-23,1H,delay_stop_zone_filter,m2k_1h_stop_zone_diag,4,fold_1
m2k_1h_delay_stop_zone_filter_require_no_stop_zone_touch_before_entry_sm0p75_tm2p00_d15_ts4_sz0p50,M2K,2022-09-28 09:30:00-04:00,2022-09-28 10:30:00-04:00,short,require_no_stop_zone_touch_before_entry,stop_zone_0p50,0.75,2.0,15,False,invalid_stop_geometry,False,,,,2022-09-28 10:46:00-04:00,,1701.8000000000002,,,,,,,,1,2022-09-28,1H,delay_stop_zone_filter,m2k_1h_stop_zone_diag,4,fold_1
m2k_1h_delay_stop_zone_filter_require_no_stop_zone_touch_before_entry_sm0p75_tm2p00_d15_ts4_sz0p50,M2K,2022-09-29 09:30:00-04:00,2022-09-29 10:30:00-04:00,long,require_no_stop_zone_touch_before_entry,stop_zone_0p50,0.75,2.0,15,True,skip_pre_entry_stop_zone_touch,False,,,,2022-09-29 10:46:00-04:00,,1665.3999999999999,1659.775,1702.2499999999998,,,,,,1,2022-09-29,1H,delay_stop_zone_filter,m2k_1h_stop_zone_diag,4,fold_1
m2k_1h_delay_stop_zone_filter_require_no_stop_zone_touch_before_entry_sm0p75_tm2p00_d15_ts4_sz0p50,M2K,2022-09-30 09:30:00-04:00,2022-09-30 10:30:00-04:00,short,require_no_stop_zone_touch_before_entry,stop_zone_0p50,0.75,2.0,15,False,invalid_stop_geometry,False,,,,2022-09-30 10:46:00-04:00,,1703.6000000000001,,,,,,,,1,2022-09-30,1H,delay_stop_zone_filter,m2k_1h_stop_zone_diag,4,fold_1
m2k_1h_delay_stop_zone_filter_require_no_stop_zone_touch_before_entry_sm0p75_tm2p00_d15_ts4_sz0p50,M2K,2022-10-12 09:30:00-04:00,2022-10-12 10:30:00-04:00,long,require_no_stop_zone_touch_before_entry,stop_zone_0p50,0.75,2.0,15,False,invalid_stop_geometry,False,,,,2022-10-12 10:46:00-04:00,,1674.3,,,,,,,,1,2022-10-12,1H,delay_stop_zone_filter,m2k_1h_stop_zone_diag,4,fold_1
m2k_1h_delay_stop_zone_filter_require_no_stop_zone_touch_before_entry_sm0p75_tm2p00_d15_ts4_sz0p50,M2K,2022-10-13 10:30:00-04:00,2022-10-13 11:30:00-04:00,short,require_no_stop_zone_touch_before_entry,stop_zone_0p50,0.75,2.0,15,True,skip_pre_entry_stop_zone_touch,False,,,,2022-10-13 11:46:00-04:00,,1713.3000000000002,1716.375,1674.5900000000001,,,,,,1,2022-10-13,1H,delay_stop_zone_filter,m2k_1h_stop_zone_diag,4,fold_1
m2k_1h_delay_stop_zone_filter_require_no_stop_zone_touch_before_entry_sm0p75_tm2p00_d15_ts4_sz0p50,M2K,2022-10-14 09:30:00-04:00,2022-10-14 10:30:00-04:00,long,require_no_stop_zone_touch_before_entry,stop_zone_0p50,0.75,2.0,15,False,none,True,-12.374999999998408,-12.374999999998408,-9.874999999998408,2022-10-14 10:46:00-04:00,2022-10-14 11:14:00-04:00,1710.3999999999999,1708.525,1752.7699999999998,1708.4250000000002,stop_1m,28.0,119.00000000000091,24.999999999997726,1,2022-10-14,1H,delay_stop_zone_filter,m2k_1h_stop_zone_diag,4,fold_1
m2k_1h_delay_stop_zone_filter_require_no_stop_zone_touch_before_entry_sm0p75_tm2p00_d15_ts4_sz0p50,M2K,2022-11-10 09:30:00-05:00,2022-11-10 10:30:00-05:00,short,require_no_stop_zone_touch_before_entry,stop_zone_0p50,0.75,2.0,15,False,none,True,-30.0,-30.0,-27.5,2022-11-10 10:46:00-05:00,2022-11-10 10:51:00-05:00,1855.2,1860.6000000000001,1818.55,1860.7,stop_1m,5.0,10.0,57.999999999999545,1,2022-11-10,1H,delay_stop_zone_filter,m2k_1h_stop_zone_diag,4,fold_1
m2k_1h_delay_stop_zone_filter_require_no_stop_zone_touch_before_entry_sm0p75_tm2p00_d15_ts4_sz0p50,M2K,2022-11-11 09:30:00-05:00,2022-11-11 10:30:00-05:00,short,require_no_stop_zone_touch_before_entry,stop_zone_0p50,0.75,2.0,15,True,skip_pre_entry_stop_zone_touch,False,,,,2022-11-11 10:46:00-05:00,,1899.9,1904.55,1862.21,,,,,,1,2022-11-11,1H,delay_stop_zone_filter,m2k_1h_stop_zone_diag,4,fold_1
m2k_1h_delay_stop_zone_filter_require_no_stop_zone_touch_before_entry_sm0p75_tm2p00_d15_ts4_sz0p50,M2K,2022-11-15 09:30:00-05:00,2022-11-15 10:30:00-05:00,short,require_no_stop_zone_touch_before_entry,stop_zone_0p50,0.75,2.0,15,True,skip_pre_entry_stop_zone_touch,False,,,,2022-11-15 10:46:00-05:00,,1909.1000000000001,1910.6,1877.98,,,,,,1,2022-11-15,1H,delay_stop_zone_filter,m2k_1h_stop_zone_diag,4,fold_1
m2k_1h_delay_stop_zone_filter_require_no_stop_zone_touch_before_entry_sm0p75_tm2p00_d15_ts4_sz0p50,M2K,2022-11-30 09:30:00-05:00,2022-11-30 10:30:00-05:00,long,require_no_stop_zone_touch_before_entry,stop_zone_0p50,0.75,2.0,15,True,skip_pre_entry_stop_zone_touch,False,,,,2022-11-30 10:46:00-05:00,,1830.1999999999998,1826.6,1850.8599999999997,,,,,,1,2022-11-30,1H,delay_stop_zone_filter,m2k_1h_stop_zone_diag,4,fold_1
m2k_1h_delay_stop_zone_filter_require_no_stop_zone_touch_before_entry_sm0p75_tm2p00_d15_ts4_sz0p50,M2K,2022-11-30 13:30:00-05:00,2022-11-30 14:30:00-05:00,short,require_no_stop_zone_touch_before_entry,stop_zone_0p50,0.75,2.0,15,True,skip_pre_entry_stop_zone_touch,False,,,,2022-11-30 14:46:00-05:00,,1871.5,1876.375,1845.37,,,,,,1,2022-11-30,1H,delay_stop_zone_filter,m2k_1h_stop_zone_diag,4,fold_1
m2k_1h_delay_stop_zone_filter_require_no_stop_zone_touch_before_entry_sm0p75_tm2p00_d15_ts4_sz0p50,M2K,2022-12-01 09:30:00-05:00,2022-12-01 10:30:00-05:00,long,require_no_stop_zone_touch_before_entry,stop_zone_0p50,0.75,2.0,15,True,skip_pre_entry_stop_zone_touch,False,,,,2022-12-01 10:46:00-05:00,,1883.1,1878.45,1910.6699999999998,,,,,,1,2022-12-01,1H,delay_stop_zone_filter,m2k_1h_stop_zone_diag,4,fold_1
m2k_1h_delay_stop_zone_filter_require_no_stop_zone_touch_before_entry_sm0p75_tm2p00_d15_ts4_sz0p50,M2K,2022-12-02 09:30:00-05:00,2022-12-02 10:30:00-05:00,short,require_no_stop_zone_touch_before_entry,stop_zone_0p50,0.75,2.0,15,True,skip_pre_entry_stop_zone_touch,False,,,,2022-12-02 10:46:00-05:00,,1879.5,1881.0749999999998,1851.63,,,,,,1,2022-12-02,1H,delay_stop_zone_filter,m2k_1h_stop_zone_diag,4,fold_1
m2k_1h_delay_stop_zone_filter_require_no_stop_zone_touch_before_entry_sm0p75_tm2p00_d15_ts4_sz0p50,M2K,2022-12-20 09:30:00-05:00,2022-12-20 10:30:00-05:00,short,require_no_stop_zone_touch_before_entry,stop_zone_0p50,0.75,2.0,15,False,invalid_stop_geometry,False,,,,2022-12-20 10:46:00-05:00,,1766.7,,,,,,,,1,2022-12-20,1H,delay_stop_zone_filter,m2k_1h_stop_zone_diag,4,fold_1
m2k_1h_delay_stop_zone_filter_require_no_stop_zone_touch_before_entry_sm0p75_tm2p00_d15_ts4_sz0p50,M2K,2022-12-22 09:30:00-05:00,2022-12-22 10:30:00-05:00,long,require_no_stop_zone_touch_before_entry,stop_zone_0p50,0.75,2.0,15,True,skip_pre_entry_stop_zone_touch,False,,,,2022-12-22 10:46:00-05:00,,1754.8,1752.25,1777.01,,,,,,1,2022-12-22,1H,delay_stop_zone_filter,m2k_1h_stop_zone_diag,4,fold_1
m2k_1h_delay_stop_zone_filter_require_no_stop_zone_touch_before_entry_sm0p75_tm2p00_d15_ts4_sz0p50,M2K,2022-12-29 09:30:00-05:00,2022-12-29 10:30:00-05:00,short,require_no_stop_zone_touch_before_entry,stop_zone_0p50,0.75,2.0,15,False,invalid_stop_geometry,False,,,,2022-12-29 10:46:00-05:00,,1772.1000000000001,,,,,,,,1,2022-12-29,1H,delay_stop_zone_filter,m2k_1h_stop_zone_diag,4,fold_1
m2k_1h_delay_adverse_filter_avoid_immediate_adverse_move_sm0p75_tm2p50_d5_ts3_aw5_mt12,M2K,2023-01-18 09:30:00-05:00,2023-01-18 10:30:00-05:00,short,avoid_immediate_adverse_move,adverse_w5_ticks12,0.75,2.5,5,False,none,True,96.12500000000068,96.12500000000068,98.62500000000068,2023-01-18 10:36:00-05:00,2023-01-18 11:15:00-05:00,1910.0,1914.875,1890.175,1890.2749999999999,target_1m,39.0,205.9999999999991,14.00000000000091,1,2023-01-18,1H,delay_adverse_filter,m2k_1h_adverse_core,3,fold_2
m2k_1h_delay_adverse_filter_avoid_immediate_adverse_move_sm0p75_tm2p50_d5_ts3_aw5_mt12,M2K,2023-01-19 09:30:00-05:00,2023-01-19 10:30:00-05:00,long,avoid_immediate_adverse_move,adverse_w5_ticks12,0.75,2.5,5,True,skip_adverse_move_before_entry,False,,,,2023-01-19 10:36:00-05:00,,1841.6999999999998,1839.1499999999999,1867.1625,,,,,,1,2023-01-19,1H,delay_adverse_filter,m2k_1h_adverse_core,3,fold_2
m2k_1h_delay_adverse_filter_avoid_immediate_adverse_move_sm0p75_tm2p50_d5_ts3_aw5_mt12,M2K,2023-02-01 14:30:00-05:00,2023-02-01 15:30:00-05:00,short,avoid_immediate_adverse_move,adverse_w5_ticks12,0.75,2.5,5,False,invalid_stop_geometry,False,,,,2023-02-01 15:36:00-05:00,,1982.6000000000001,,,,,,,,1,2023-02-01,1H,delay_adverse_filter,m2k_1h_adverse_core,3,fold_2
m2k_1h_delay_adverse_filter_avoid_immediate_adverse_move_sm0p75_tm2p50_d5_ts3_aw5_mt12,M2K,2023-02-02 09:30:00-05:00,2023-02-02 10:30:00-05:00,short,avoid_immediate_adverse_move,adverse_w5_ticks12,0.75,2.5,5,False,invalid_stop_geometry,False,,,,2023-02-02 10:36:00-05:00,,2001.4,,,,,,,,1,2023-02-02,1H,delay_adverse_filter,m2k_1h_adverse_core,3,fold_2
m2k_1h_delay_adverse_filter_avoid_immediate_adverse_move_sm0p75_tm2p50_d5_ts3_aw5_mt12,M2K,2023-02-03 09:30:00-05:00,2023-02-03 10:30:00-05:00,short,avoid_immediate_adverse_move,adverse_w5_ticks12,0.75,2.5,5,False,invalid_stop_geometry,False,,,,2023-02-03 10:36:00-05:00,,2008.4,,,,,,,,1,2023-02-03,1H,delay_adverse_filter,m2k_1h_adverse_core,3,fold_2
m2k_1h_delay_adverse_filter_avoid_immediate_adverse_move_sm0p75_tm2p50_d5_ts3_aw5_mt12,M2K,2023-03-10 09:30:00-05:00,2023-03-10 10:30:00-05:00,long,avoid_immediate_adverse_move,adverse_w5_ticks12,0.75,2.5,5,False,none,True,-52.5,-52.5,-50.0,2023-03-10 10:36:00-05:00,2023-03-10 10:42:00-05:00,1798.3,1788.3999999999999,1829.6374999999998,1788.3,stop_1m,6.0,29.00000000000091,117.00000000000045,1,2023-03-10,1H,delay_adverse_filter,m2k_1h_adverse_core,3,fold_2
m2k_1h_delay_adverse_filter_avoid_immediate_adverse_move_sm0p75_tm2p50_d5_ts3_aw5_mt12,M2K,2023-04-04 09:30:00-04:00,2023-04-04 10:30:00-04:00,long,avoid_immediate_adverse_move,adverse_w5_ticks12,0.75,2.5,5,False,none,True,-19.499999999999318,-19.499999999999318,-16.999999999999318,2023-04-04 10:36:00-04:00,2023-04-04 10:38:00-04:00,1792.6,1789.3,1820.6625,1789.2,stop_1m,2.0,-0.9999999999990905,33.999999999998636,1,2023-04-04,1H,delay_adverse_filter,m2k_1h_adverse_core,3,fold_2
m2k_1h_delay_adverse_filter_avoid_immediate_adverse_move_sm0p75_tm2p50_d5_ts3_aw5_mt12,M2K,2023-04-05 09:30:00-04:00,2023-04-05 10:30:00-04:00,long,avoid_immediate_adverse_move,adverse_w5_ticks12,0.75,2.5,5,False,none,True,-35.62499999999886,-35.62499999999886,-33.12499999999886,2023-04-05 10:36:00-04:00,2023-04-05 10:42:00-04:00,1766.6,1760.075,1795.4875,1759.9750000000001,stop_1m,6.0,10.0,71.99999999999818,1,2023-04-05,1H,delay_adverse_filter,m2k_1h_adverse_core,3,fold_2
m2k_1h_delay_adverse_filter_avoid_immediate_adverse_move_sm0p75_tm2p50_d5_ts3_aw5_mt12,M2K,2023-04-25 09:30:00-04:00,2023-04-25 10:30:00-04:00,long,avoid_immediate_adverse_move,adverse_w5_ticks12,0.75,2.5,5,True,skip_adverse_move_before_entry,False,,,,2023-04-25 10:36:00-04:00,,1771.8,1771.425,1795.3,,,,,,1,2023-04-25,1H,delay_adverse_filter,m2k_1h_adverse_core,3,fold_2
m2k_1h_delay_adverse_filter_avoid_immediate_adverse_move_sm0p75_tm2p50_d5_ts3_aw5_mt12,M2K,2023-05-02 09:30:00-04:00,2023-05-02 10:30:00-04:00,long,avoid_immediate_adverse_move,adverse_w5_ticks12,0.75,2.5,5,False,invalid_stop_geometry,False,,,,2023-05-02 10:36:00-04:00,,1732.0,,,,,,,,1,2023-05-02,1H,delay_adverse_filter,m2k_1h_adverse_core,3,fold_2
m2k_1h_delay_adverse_filter_avoid_immediate_adverse_move_sm0p75_tm2p50_d5_ts3_aw5_mt12,M2K,2023-05-03 14:30:00-04:00,2023-05-03 15:30:00-04:00,long,avoid_immediate_adverse_move,adverse_w5_ticks12,0.75,2.5,5,True,skip_adverse_move_before_entry,False,,,,2023-05-03 15:36:00-04:00,,1751.6,1750.4,1786.2124999999999,,,,,,1,2023-05-03,1H,delay_adverse_filter,m2k_1h_adverse_core,3,fold_2
m2k_1h_delay_adverse_filter_avoid_immediate_adverse_move_sm0p75_tm2p50_d5_ts3_aw5_mt12,M2K,2023-05-04 09:30:00-04:00,2023-05-04 10:30:00-04:00,long,avoid_immediate_adverse_move,adverse_w5_ticks12,0.75,2.5,5,True,skip_adverse_move_before_entry,False,,,,2023-05-04 10:36:00-04:00,,1715.8,1712.2,1750.6499999999999,,,,,,1,2023-05-04,1H,delay_adverse_filter,m2k_1h_adverse_core,3,fold_2
m2k_1h_delay_adverse_filter_avoid_immediate_adverse_move_sm0p75_tm2p50_d5_ts3_aw5_mt12,M2K,2023-05-16 09:30:00-04:00,2023-05-16 10:30:00-04:00,long,avoid_immediate_adverse_move,adverse_w5_ticks12,0.75,2.5,5,True,skip_adverse_move_before_entry,False,,,,2023-05-16 10:36:00-04:00,,1747.0,1742.275,1767.9125000000001,,,,,,1,2023-05-16,1H,delay_adverse_filter,m2k_1h_adverse_core,3,fold_2
m2k_1h_delay_adverse_filter_avoid_immediate_adverse_move_sm0p75_tm2p50_d5_ts3_aw5_mt12,M2K,2023-05-23 09:30:00-04:00,2023-05-23 10:30:00-04:00,short,avoid_immediate_adverse_move,adverse_w5_ticks12,0.75,2.5,5,False,invalid_stop_geometry,False,,,,2023-05-23 10:36:00-04:00,,1820.0,,,,,,,,1,2023-05-23,1H,delay_adverse_filter,m2k_1h_adverse_core,3,fold_2
m2k_1h_delay_adverse_filter_avoid_immediate_adverse_move_sm0p75_tm2p50_d5_ts3_aw5_mt12,M2K,2023-05-24 09:30:00-04:00,2023-05-24 10:30:00-04:00,long,avoid_immediate_adverse_move,adverse_w5_ticks12,0.75,2.5,5,True,skip_adverse_move_before_entry,False,,,,2023-05-24 10:36:00-04:00,,1772.1999999999998,1767.25,1797.8874999999998,,,,,,1,2023-05-24,1H,delay_adverse_filter,m2k_1h_adverse_core,3,fold_2
m2k_1h_delay_adverse_filter_avoid_immediate_adverse_move_sm0p75_tm2p50_d5_ts3_aw5_mt12,M2K,2023-05-25 09:30:00-04:00,2023-05-25 10:30:00-04:00,long,avoid_immediate_adverse_move,adverse_w5_ticks12,0.75,2.5,5,False,invalid_stop_geometry,False,,,,2023-05-25 10:36:00-04:00,,1753.1,,,,,,,,1,2023-05-25,1H,delay_adverse_filter,m2k_1h_adverse_core,3,fold_2
m2k_1h_delay_adverse_filter_avoid_immediate_adverse_move_sm0p75_tm2p50_d5_ts3_aw5_mt12,M2K,2023-05-26 09:30:00-04:00,2023-05-26 10:30:00-04:00,short,avoid_immediate_adverse_move,adverse_w5_ticks12,0.75,2.5,5,False,none,True,-11.999999999999318,-11.999999999999318,-9.499999999999318,2023-05-26 10:36:00-04:00,2023-05-26 10:39:00-04:00,1771.6000000000001,1773.4,1743.5375000000001,1773.5,stop_1m,3.0,3.000000000001819,22.999999999999545,1,2023-05-26,1H,delay_adverse_filter,m2k_1h_adverse_core,3,fold_2
m2k_1h_delay_adverse_filter_avoid_immediate_adverse_move_sm0p75_tm2p50_d5_ts3_aw5_mt12,M2K,2023-05-30 09:30:00-04:00,2023-05-30 10:30:00-04:00,long,avoid_immediate_adverse_move,adverse_w5_ticks12,0.75,2.5,5,True,skip_adverse_move_before_entry,False,,,,2023-05-30 10:36:00-04:00,,1771.3,1768.8999999999999,1794.3374999999999,,,,,,1,2023-05-30,1H,delay_adverse_filter,m2k_1h_adverse_core,3,fold_2
m2k_1h_delay_adverse_filter_avoid_immediate_adverse_move_sm0p75_tm2p50_d5_ts3_aw5_mt12,M2K,2023-05-31 09:30:00-04:00,2023-05-31 10:30:00-04:00,long,avoid_immediate_adverse_move,adverse_w5_ticks12,0.75,2.5,5,True,skip_adverse_move_before_entry,False,,,,2023-05-31 10:36:00-04:00,,1744.0,1743.775,1766.5375,,,,,,1,2023-05-31,1H,delay_adverse_filter,m2k_1h_adverse_core,3,fold_2
m2k_1h_delay_adverse_filter_avoid_immediate_adverse_move_sm0p75_tm2p50_d5_ts3_aw5_mt12,M2K,2023-06-05 09:30:00-04:00,2023-06-05 10:30:00-04:00,long,avoid_immediate_adverse_move,adverse_w5_ticks12,0.75,2.5,5,False,none,True,47.000000000000455,47.000000000000455,49.500000000000455,2023-06-05 10:36:00-04:00,2023-06-05 13:36:00-04:00,1802.6,1799.675,1829.8374999999999,1812.5,time_stop_1m,180.0,183.00000000000182,15.0,1,2023-06-05,1H,delay_adverse_filter,m2k_1h_adverse_core,3,fold_2
m2k_1h_delay_adverse_filter_avoid_immediate_adverse_move_sm0p75_tm2p50_d5_ts3_aw5_mt12,M2K,2023-06-07 09:30:00-04:00,2023-06-07 10:30:00-04:00,short,avoid_immediate_adverse_move,adverse_w5_ticks12,0.75,2.5,5,True,skip_adverse_move_before_entry,False,,,,2023-06-07 10:36:00-04:00,,1884.0,1893.0749999999998,1851.55,,,,,,1,2023-06-07,1H,delay_adverse_filter,m2k_1h_adverse_core,3,fold_2
m2k_1h_delay_adverse_filter_avoid_immediate_adverse_move_sm0p75_tm2p50_d5_ts3_aw5_mt12,M2K,2023-06-20 09:30:00-04:00,2023-06-20 10:30:00-04:00,long,avoid_immediate_adverse_move,adverse_w5_ticks12,0.75,2.5,5,False,none,True,40.00000000000114,40.00000000000114,42.50000000000114,2023-06-20 10:36:00-04:00,2023-06-20 13:36:00-04:00,1876.8999999999999,1872.3249999999998,1903.8374999999999,1885.4,time_stop_1m,180.0,107.00000000000045,31.99999999999818,1,2023-06-20,1H,delay_adverse_filter,m2k_1h_adverse_core,3,fold_2
m2k_1h_delay_adverse_filter_avoid_immediate_adverse_move_sm0p75_tm2p50_d5_ts3_aw5_mt12,M2K,2023-06-23 09:30:00-04:00,2023-06-23 10:30:00-04:00,short,avoid_immediate_adverse_move,adverse_w5_ticks12,0.75,2.5,5,True,skip_adverse_move_before_entry,False,,,,2023-06-23 10:36:00-04:00,,1852.9,1854.925,1828.3000000000002,,,,,,1,2023-06-23,1H,delay_adverse_filter,m2k_1h_adverse_core,3,fold_2
m2k_1h_delay_adverse_filter_avoid_immediate_adverse_move_sm0p75_tm2p50_d5_ts3_aw5_mt12,M2K,2023-06-29 09:30:00-04:00,2023-06-29 10:30:00-04:00,short,avoid_immediate_adverse_move,adverse_w5_ticks12,0.75,2.5,5,True,skip_adverse_move_before_entry,False,,,,2023-06-29 10:36:00-04:00,,1900.0,1901.65,1875.6374999999998,,,,,,1,2023-06-29,1H,delay_adverse_filter,m2k_1h_adverse_core,3,fold_2
m2k_1h_delay_adverse_filter_avoid_immediate_adverse_move_sm0p75_tm2p50_d5_ts3_aw5_mt12,M2K,2023-07-05 09:30:00-04:00,2023-07-05 10:30:00-04:00,long,avoid_immediate_adverse_move,adverse_w5_ticks12,0.75,2.5,5,True,skip_adverse_move_before_entry,False,,,,2023-07-05 10:36:00-04:00,,1894.8,1887.0,1914.3875,,,,,,1,2023-07-05,1H,delay_adverse_filter,m2k_1h_adverse_core,3,fold_2
m2k_1h_delay_adverse_filter_avoid_immediate_adverse_move_sm0p75_tm2p50_d5_ts3_aw5_mt12,M2K,2023-07-06 09:30:00-04:00,2023-07-06 10:30:00-04:00,long,avoid_immediate_adverse_move,adverse_w5_ticks12,0.75,2.5,5,True,skip_adverse_move_before_entry,False,,,,2023-07-06 10:36:00-04:00,,1843.3999999999999,1842.35,1866.1249999999998,,,,,,1,2023-07-06,1H,delay_adverse_filter,m2k_1h_adverse_core,3,fold_2
m2k_1h_delay_adverse_filter_avoid_immediate_adverse_move_sm0p75_tm2p50_d5_ts3_aw5_mt12,M2K,2023-07-18 09:30:00-04:00,2023-07-18 10:30:00-04:00,short,avoid_immediate_adverse_move,adverse_w5_ticks12,0.75,2.5,5,False,none,True,7.000000000000455,7.000000000000455,9.500000000000455,2023-07-18 10:36:00-04:00,2023-07-18 13:36:00-04:00,1984.4,1990.775,1963.275,1982.5,time_stop_1m,180.0,40.0,47.999999999999545,1,2023-07-18,1H,delay_adverse_filter,m2k_1h_adverse_core,3,fold_2
m2k_1h_delay_adverse_filter_avoid_immediate_adverse_move_sm0p75_tm2p50_d5_ts3_aw5_mt12,M2K,2023-07-20 09:30:00-04:00,2023-07-20 10:30:00-04:00,long,avoid_immediate_adverse_move,adverse_w5_ticks12,0.75,2.5,5,False,none,True,-7.8749999999990905,-7.8749999999990905,-5.3749999999990905,2023-07-20 10:36:00-04:00,2023-07-20 10:37:00-04:00,1974.8,1973.825,1996.925,1973.7250000000001,stop_1m,1.0,22.000000000000455,13.999999999998636,1,2023-07-20,1H,delay_adverse_filter,m2k_1h_adverse_core,3,fold_2
m2k_1h_delay_adverse_filter_avoid_immediate_adverse_move_sm0p75_tm2p50_d5_ts3_aw5_mt12,M2K,2023-07-27 09:30:00-04:00,2023-07-27 10:30:00-04:00,long,avoid_immediate_adverse_move,adverse_w5_ticks12,0.75,2.5,5,False,none,True,-26.62499999999909,-26.62499999999909,-24.12499999999909,2023-07-27 10:36:00-04:00,2023-07-27 10:59:00-04:00,1994.5,1989.775,2015.725,1989.6750000000002,stop_1m,23.0,22.000000000000455,55.99999999999909,1,2023-07-27,1H,delay_adverse_filter,m2k_1h_adverse_core,3,fold_2
m2k_1h_delay_adverse_filter_avoid_immediate_adverse_move_sm0p75_tm2p50_d5_ts3_aw5_mt12,M2K,2023-08-01 09:30:00-04:00,2023-08-01 10:30:00-04:00,long,avoid_immediate_adverse_move,adverse_w5_ticks12,0.75,2.5,5,False,none,True,51.50000000000091,51.50000000000091,54.00000000000091,2023-08-01 10:36:00-04:00,2023-08-01 13:36:00-04:00,1987.1999999999998,1985.0249999999999,2013.1374999999998,1998.0,time_stop_1m,180.0,119.00000000000091,14.999999999997726,1,2023-08-01,1H,delay_adverse_filter,m2k_1h_adverse_core,3,fold_2
m2k_1h_delay_adverse_filter_avoid_immediate_adverse_move_sm0p75_tm2p50_d5_ts3_aw5_mt12,M2K,2023-08-03 09:30:00-04:00,2023-08-03 10:30:00-04:00,long,avoid_immediate_adverse_move,adverse_w5_ticks12,0.75,2.5,5,False,none,True,79.00000000000091,79.00000000000091,81.50000000000091,2023-08-03 10:36:00-04:00,2023-08-03 13:36:00-04:00,1959.8999999999999,1956.9,1984.7749999999999,1976.2,time_stop_1m,180.0,214.0000000000009,10.99999999999909,1,2023-08-03,1H,delay_adverse_filter,m2k_1h_adverse_core,3,fold_2
m2k_1h_delay_adverse_filter_avoid_immediate_adverse_move_sm0p75_tm2p50_d5_ts3_aw5_mt12,M2K,2023-08-08 09:30:00-04:00,2023-08-08 10:30:00-04:00,long,avoid_immediate_adverse_move,adverse_w5_ticks12,0.75,2.5,5,True,skip_adverse_move_before_entry,False,,,,2023-08-08 10:36:00-04:00,,1932.6,1928.85,1956.5249999999999,,,,,,1,2023-08-08,1H,delay_adverse_filter,m2k_1h_adverse_core,3,fold_2
m2k_1h_delay_adverse_filter_avoid_immediate_adverse_move_sm0p75_tm2p50_d5_ts3_aw5_mt12,M2K,2023-08-22 09:30:00-04:00,2023-08-22 10:30:00-04:00,long,avoid_immediate_adverse_move,adverse_w5_ticks12,0.75,2.5,5,True,skip_adverse_move_before_entry,False,,,,2023-08-22 10:36:00-04:00,,1855.0,1854.475,1878.0625,,,,,,1,2023-08-22,1H,delay_adverse_filter,m2k_1h_adverse_core,3,fold_2
m2k_1h_delay_adverse_filter_avoid_immediate_adverse_move_sm0p75_tm2p50_d5_ts3_aw5_mt12,M2K,2023-08-25 09:30:00-04:00,2023-08-25 10:30:00-04:00,long,avoid_immediate_adverse_move,adverse_w5_ticks12,0.75,2.5,5,True,skip_adverse_move_before_entry,False,,,,2023-08-25 10:36:00-04:00,,1847.8,1846.0,1868.9875,,,,,,1,2023-08-25,1H,delay_adverse_filter,m2k_1h_adverse_core,3,fold_2
m2k_1h_delay_adverse_filter_avoid_immediate_adverse_move_sm0p75_tm2p50_d5_ts3_aw5_mt12,M2K,2023-08-29 09:30:00-04:00,2023-08-29 10:30:00-04:00,short,avoid_immediate_adverse_move,adverse_w5_ticks12,0.75,2.5,5,False,invalid_stop_geometry,False,,,,2023-08-29 10:36:00-04:00,,1887.9,,,,,,,,1,2023-08-29,1H,delay_adverse_filter,m2k_1h_adverse_core,3,fold_2
m2k_1h_delay_adverse_filter_avoid_immediate_adverse_move_sm0p75_tm2p50_d5_ts3_aw5_mt12,M2K,2023-09-01 09:30:00-04:00,2023-09-01 10:30:00-04:00,short,avoid_immediate_adverse_move,adverse_w5_ticks12,0.75,2.5,5,False,none,True,1.1368683772161603e-12,1.1368683772161603e-12,2.500000000001137,2023-09-01 10:36:00-04:00,2023-09-01 13:36:00-04:00,1926.1000000000001,1932.025,1906.7125,1925.6,time_stop_1m,180.0,63.00000000000182,43.999999999998636,1,2023-09-01,1H,delay_adverse_filter,m2k_1h_adverse_core,3,fold_2
m2k_1h_delay_adverse_filter_avoid_immediate_adverse_move_sm0p75_tm2p50_d5_ts3_aw5_mt12,M2K,2023-09-05 09:30:00-04:00,2023-09-05 10:30:00-04:00,long,avoid_immediate_adverse_move,adverse_w5_ticks12,0.75,2.5,5,True,skip_adverse_move_before_entry,False,,,,2023-09-05 10:36:00-04:00,,1888.6,1886.725,1908.9499999999998,,,,,,1,2023-09-05,1H,delay_adverse_filter,m2k_1h_adverse_core,3,fold_2
m2k_1h_delay_adverse_filter_avoid_immediate_adverse_move_sm0p75_tm2p50_d5_ts3_aw5_mt12,M2K,2023-09-27 09:30:00-04:00,2023-09-27 10:30:00-04:00,short,avoid_immediate_adverse_move,adverse_w5_ticks12,0.75,2.5,5,True,skip_adverse_move_before_entry,False,,,,2023-09-27 10:36:00-04:00,,1799.9,1800.575,1778.2625,,,,,,1,2023-09-27,1H,delay_adverse_filter,m2k_1h_adverse_core,3,fold_2
m2k_1h_delay_adverse_filter_avoid_immediate_adverse_move_sm0p75_tm2p50_d5_ts3_aw5_mt12,M2K,2023-10-03 09:30:00-04:00,2023-10-03 10:30:00-04:00,long,avoid_immediate_adverse_move,adverse_w5_ticks12,0.75,2.5,5,False,none,True,-11.62499999999909,-11.62499999999909,-9.12499999999909,2023-10-03 10:36:00-04:00,2023-10-03 10:38:00-04:00,1748.8999999999999,1747.175,1775.6125,1747.075,stop_1m,2.0,1.0000000000013642,28.999999999998636,1,2023-10-03,1H,delay_adverse_filter,m2k_1h_adverse_core,3,fold_2
m2k_1h_delay_adverse_filter_avoid_immediate_adverse_move_sm0p75_tm2p50_d5_ts3_aw5_mt12,M2K,2023-10-04 09:30:00-04:00,2023-10-04 10:30:00-04:00,long,avoid_immediate_adverse_move,adverse_w5_ticks12,0.75,2.5,5,True,skip_adverse_move_before_entry,False,,,,2023-10-04 10:36:00-04:00,,1726.8,1722.225,1754.475,,,,,,1,2023-10-04,1H,delay_adverse_filter,m2k_1h_adverse_core,3,fold_2
m2k_1h_delay_adverse_filter_avoid_immediate_adverse_move_sm0p75_tm2p50_d5_ts3_aw5_mt12,M2K,2023-10-16 09:30:00-04:00,2023-10-16 10:30:00-04:00,short,avoid_immediate_adverse_move,adverse_w5_ticks12,0.75,2.5,5,False,invalid_stop_geometry,False,,,,2023-10-16 10:36:00-04:00,,1757.6000000000001,,,,,,,,1,2023-10-16,1H,delay_adverse_filter,m2k_1h_adverse_core,3,fold_2
m2k_1h_delay_adverse_filter_avoid_immediate_adverse_move_sm0p75_tm2p50_d5_ts3_aw5_mt12,M2K,2023-10-17 09:30:00-04:00,2023-10-17 10:30:00-04:00,short,avoid_immediate_adverse_move,adverse_w5_ticks12,0.75,2.5,5,True,skip_adverse_move_before_entry,False,,,,2023-10-17 10:36:00-04:00,,1775.5,1778.1999999999998,1749.725,,,,,,1,2023-10-17,1H,delay_adverse_filter,m2k_1h_adverse_core,3,fold_2
m2k_1h_delay_adverse_filter_avoid_immediate_adverse_move_sm0p75_tm2p50_d5_ts3_aw5_mt12,M2K,2023-10-18 09:30:00-04:00,2023-10-18 10:30:00-04:00,long,avoid_immediate_adverse_move,adverse_w5_ticks12,0.75,2.5,5,True,skip_adverse_move_before_entry,False,,,,2023-10-18 10:36:00-04:00,,1754.3,1750.325,1780.375,,,,,,1,2023-10-18,1H,delay_adverse_filter,m2k_1h_adverse_core,3,fold_2
m2k_1h_delay_adverse_filter_avoid_immediate_adverse_move_sm0p75_tm2p50_d5_ts3_aw5_mt12,M2K,2023-10-20 09:30:00-04:00,2023-10-20 10:30:00-04:00,long,avoid_immediate_adverse_move,adverse_w5_ticks12,0.75,2.5,5,False,none,True,-24.74999999999909,-24.74999999999909,-22.24999999999909,2023-10-20 10:36:00-04:00,2023-10-20 10:40:00-04:00,1702.8999999999999,1698.55,1732.525,1698.45,stop_1m,4.0,6.000000000001364,45.99999999999909,1,2023-10-20,1H,delay_adverse_filter,m2k_1h_adverse_core,3,fold_2
m2k_1h_delay_adverse_filter_avoid_immediate_adverse_move_sm0p75_tm2p50_d5_ts3_aw5_mt12,M2K,2023-10-27 09:30:00-04:00,2023-10-27 10:30:00-04:00,long,avoid_immediate_adverse_move,adverse_w5_ticks12,0.75,2.5,5,True,skip_adverse_move_before_entry,False,,,,2023-10-27 10:36:00-04:00,,1652.1999999999998,1647.0249999999999,1679.5749999999998,,,,,,1,2023-10-27,1H,delay_adverse_filter,m2k_1h_adverse_core,3,fold_2
m2k_1h_delay_adverse_filter_avoid_immediate_adverse_move_sm0p75_tm2p50_d5_ts3_aw5_mt12,M2K,2023-11-14 09:30:00-05:00,2023-11-14 10:30:00-05:00,short,avoid_immediate_adverse_move,adverse_w5_ticks12,0.75,2.5,5,False,invalid_stop_geometry,False,,,,2023-11-14 10:36:00-05:00,,1788.2,,,,,,,,1,2023-11-14,1H,delay_adverse_filter,m2k_1h_adverse_core,3,fold_2
m2k_1h_delay_adverse_filter_avoid_immediate_adverse_move_sm0p75_tm2p50_d5_ts3_aw5_mt12,M2K,2023-11-15 09:30:00-05:00,2023-11-15 10:30:00-05:00,short,avoid_immediate_adverse_move,adverse_w5_ticks12,0.75,2.5,5,False,invalid_stop_geometry,False,,,,2023-11-15 10:36:00-05:00,,1834.1000000000001,,,,,,,,1,2023-11-15,1H,delay_adverse_filter,m2k_1h_adverse_core,3,fold_2
m2k_1h_delay_adverse_filter_avoid_immediate_adverse_move_sm0p75_tm2p50_d5_ts3_aw5_mt12,M2K,2023-11-16 09:30:00-05:00,2023-11-16 10:30:00-05:00,long,avoid_immediate_adverse_move,adverse_w5_ticks12,0.75,2.5,5,True,skip_adverse_move_before_entry,False,,,,2023-11-16 10:36:00-05:00,,1778.1999999999998,1777.375,1813.8374999999999,,,,,,1,2023-11-16,1H,delay_adverse_filter,m2k_1h_adverse_core,3,fold_2
m2k_1h_delay_adverse_filter_avoid_immediate_adverse_move_sm0p75_tm2p50_d5_ts3_aw5_mt12,M2K,2023-12-05 09:30:00-05:00,2023-12-05 10:30:00-05:00,long,avoid_immediate_adverse_move,adverse_w5_ticks12,0.75,2.5,5,True,skip_adverse_move_before_entry,False,,,,2023-12-05 10:36:00-05:00,,1863.0,1861.1999999999998,1891.975,,,,,,1,2023-12-05,1H,delay_adverse_filter,m2k_1h_adverse_core,3,fold_2
m2k_1h_delay_adverse_filter_avoid_immediate_adverse_move_sm0p75_tm2p50_d5_ts3_aw5_mt12,M2K,2023-12-19 09:30:00-05:00,2023-12-19 10:30:00-05:00,short,avoid_immediate_adverse_move,adverse_w5_ticks12,0.75,2.5,5,True,skip_adverse_move_before_entry,False,,,,2023-12-19 10:36:00-05:00,,2034.5,2041.4,1987.2125,,,,,,1,2023-12-19,1H,delay_adverse_filter,m2k_1h_adverse_core,3,fold_2
m2k_1h_delay_adverse_filter_avoid_immediate_adverse_move_sm0p75_tm2p50_d5_ts3_aw5_mt12,M2K,2023-12-20 09:30:00-05:00,2023-12-20 10:30:00-05:00,short,avoid_immediate_adverse_move,adverse_w5_ticks12,0.75,2.5,5,False,invalid_stop_geometry,False,,,,2023-12-20 10:36:00-05:00,,2060.2000000000003,,,,,,,,1,2023-12-20,1H,delay_adverse_filter,m2k_1h_adverse_core,3,fold_2
m2k_1h_delay_adverse_filter_avoid_immediate_adverse_move_sm0p75_tm2p50_d5_ts3_aw5_mt12,M2K,2023-12-20 14:30:00-05:00,2023-12-20 15:30:00-05:00,long,avoid_immediate_adverse_move,adverse_w5_ticks12,0.75,2.5,5,False,invalid_stop_geometry,False,,,,2023-12-20 15:36:00-05:00,,2012.8999999999999,,,,,,,,1,2023-12-20,1H,delay_adverse_filter,m2k_1h_adverse_core,3,fold_2
m2k_1h_delay_adverse_filter_avoid_immediate_adverse_move_sm0p75_tm2p50_d5_ts3_aw5_mt12,M2K,2023-12-22 09:30:00-05:00,2023-12-22 10:30:00-05:00,short,avoid_immediate_adverse_move,adverse_w5_ticks12,0.75,2.5,5,True,skip_adverse_move_before_entry,False,,,,2023-12-22 10:36:00-05:00,,2062.6,2068.075,2029.1124999999997,,,,,,1,2023-12-22,1H,delay_adverse_filter,m2k_1h_adverse_core,3,fold_2
m2k_1h_delay_adverse_filter_avoid_immediate_adverse_move_sm0p75_tm2p00_d15_ts3_aw5_mt12,M2K,2024-01-05 09:30:00-05:00,2024-01-05 10:30:00-05:00,short,avoid_immediate_adverse_move,adverse_w5_ticks12,0.75,2.0,15,True,skip_adverse_move_before_entry,False,,,,2024-01-05 10:46:00-05:00,,1985.3000000000002,1988.75,1956.3900000000003,,,,,,1,2024-01-05,1H,delay_adverse_filter,m2k_1h_adverse_core,3,fold_3
m2k_1h_delay_adverse_filter_avoid_immediate_adverse_move_sm0p75_tm2p00_d15_ts3_aw5_mt12,M2K,2024-01-19 09:30:00-05:00,2024-01-19 10:30:00-05:00,long,avoid_immediate_adverse_move,adverse_w5_ticks12,0.75,2.0,15,True,skip_adverse_move_before_entry,False,,,,2024-01-19 10:46:00-05:00,,1927.6999999999998,1922.975,1951.6499999999999,,,,,,1,2024-01-19,1H,delay_adverse_filter,m2k_1h_adverse_core,3,fold_3
m2k_1h_delay_adverse_filter_avoid_immediate_adverse_move_sm0p75_tm2p00_d15_ts3_aw5_mt12,M2K,2024-01-24 09:30:00-05:00,2024-01-24 10:30:00-05:00,long,avoid_immediate_adverse_move,adverse_w5_ticks12,0.75,2.0,15,True,skip_adverse_move_before_entry,False,,,,2024-01-24 10:46:00-05:00,,2002.8,1989.45,2028.32,,,,,,1,2024-01-24,1H,delay_adverse_filter,m2k_1h_adverse_core,3,fold_3
m2k_1h_delay_adverse_filter_avoid_immediate_adverse_move_sm0p75_tm2p00_d15_ts3_aw5_mt12,M2K,2024-01-30 09:30:00-05:00,2024-01-30 10:30:00-05:00,long,avoid_immediate_adverse_move,adverse_w5_ticks12,0.75,2.0,15,False,none,True,-8.249999999999318,-8.249999999999318,-5.749999999999318,2024-01-30 10:46:00-05:00,2024-01-30 12:39:00-05:00,2002.3999999999999,2001.35,2022.7999999999997,2001.25,stop_1m,113.0,91.00000000000136,12.999999999999545,1,2024-01-30,1H,delay_adverse_filter,m2k_1h_adverse_core,3,fold_3
m2k_1h_delay_adverse_filter_avoid_immediate_adverse_move_sm0p75_tm2p00_d15_ts3_aw5_mt12,M2K,2024-02-05 09:30:00-05:00,2024-02-05 10:30:00-05:00,long,avoid_immediate_adverse_move,adverse_w5_ticks12,0.75,2.0,15,True,skip_adverse_move_before_entry,False,,,,2024-02-05 10:46:00-05:00,,1928.3,1926.125,1967.43,,,,,,1,2024-02-05,1H,delay_adverse_filter,m2k_1h_adverse_core,3,fold_3
m2k_1h_delay_adverse_filter_avoid_immediate_adverse_move_sm0p75_tm2p00_d15_ts3_aw5_mt12,M2K,2024-03-06 09:30:00-05:00,2024-03-06 10:30:00-05:00,long,avoid_immediate_adverse_move,adverse_w5_ticks12,0.75,2.0,15,True,skip_adverse_move_before_entry,False,,,,2024-03-06 10:46:00-05:00,,2069.0,2060.8999999999996,2088.6,,,,,,1,2024-03-06,1H,delay_adverse_filter,m2k_1h_adverse_core,3,fold_3
m2k_1h_delay_adverse_filter_avoid_immediate_adverse_move_sm0p75_tm2p00_d15_ts3_aw5_mt12,M2K,2024-03-08 09:30:00-05:00,2024-03-08 10:30:00-05:00,short,avoid_immediate_adverse_move,adverse_w5_ticks12,0.75,2.0,15,False,none,True,114.64999999999918,114.64999999999918,117.14999999999918,2024-03-08 10:46:00-05:00,2024-03-08 12:55:00-05:00,2107.6,2117.875,2084.07,2084.17,target_1m,129.0,235.9999999999991,100.0,1,2024-03-08,1H,delay_adverse_filter,m2k_1h_adverse_core,3,fold_3
m2k_1h_delay_adverse_filter_avoid_immediate_adverse_move_sm0p75_tm2p00_d15_ts3_aw5_mt12,M2K,2024-03-20 13:30:00-04:00,2024-03-20 14:30:00-04:00,short,avoid_immediate_adverse_move,adverse_w5_ticks12,0.75,2.0,15,False,none,True,-26.25,-26.25,-23.75,2024-03-20 14:46:00-04:00,2024-03-20 14:47:00-04:00,2083.2000000000003,2087.8500000000004,2059.6200000000003,2087.9500000000003,stop_1m,1.0,13.000000000001819,55.99999999999909,1,2024-03-20,1H,delay_adverse_filter,m2k_1h_adverse_core,3,fold_3
m2k_1h_delay_adverse_filter_avoid_immediate_adverse_move_sm0p75_tm2p00_d15_ts3_aw5_mt12,M2K,2024-03-20 14:30:00-04:00,2024-03-20 15:30:00-04:00,short,avoid_immediate_adverse_move,adverse_w5_ticks12,0.75,2.0,15,True,skip_adverse_move_before_entry,False,,,,2024-03-20 15:46:00-04:00,,2101.7000000000003,2102.675,2076.03,,,,,,1,2024-03-20,1H,delay_adverse_filter,m2k_1h_adverse_core,3,fold_3
m2k_1h_delay_adverse_filter_avoid_immediate_adverse_move_sm0p75_tm2p00_d15_ts3_aw5_mt12,M2K,2024-03-21 09:30:00-04:00,2024-03-21 10:30:00-04:00,short,avoid_immediate_adverse_move,adverse_w5_ticks12,0.75,2.0,15,False,invalid_stop_geometry,False,,,,2024-03-21 10:46:00-04:00,,2128.3,,,,,,,,1,2024-03-21,1H,delay_adverse_filter,m2k_1h_adverse_core,3,fold_3
m2k_1h_delay_adverse_filter_avoid_immediate_adverse_move_sm0p75_tm2p00_d15_ts3_aw5_mt12,M2K,2024-04-01 09:30:00-04:00,2024-04-01 10:30:00-04:00,long,avoid_immediate_adverse_move,adverse_w5_ticks12,0.75,2.0,15,False,none,True,-19.874999999999545,-19.874999999999545,-17.374999999999545,2024-04-01 10:46:00-04:00,2024-04-01 11:40:00-04:00,2128.5,2125.125,2146.6,2125.025,stop_1m,54.0,45.0,35.99999999999909,1,2024-04-01,1H,delay_adverse_filter,m2k_1h_adverse_core,3,fold_3
m2k_1h_delay_adverse_filter_avoid_immediate_adverse_move_sm0p75_tm2p00_d15_ts3_aw5_mt12,M2K,2024-04-02 09:30:00-04:00,2024-04-02 10:30:00-04:00,long,avoid_immediate_adverse_move,adverse_w5_ticks12,0.75,2.0,15,False,none,True,-13.125,-13.125,-10.625,2024-04-02 10:46:00-04:00,2024-04-02 10:47:00-04:00,2084.9,2082.875,2104.7200000000003,2082.775,stop_1m,1.0,1.999999999998181,25.0,1,2024-04-02,1H,delay_adverse_filter,m2k_1h_adverse_core,3,fold_3
m2k_1h_delay_adverse_filter_avoid_immediate_adverse_move_sm0p75_tm2p00_d15_ts3_aw5_mt12,M2K,2024-04-03 09:30:00-04:00,2024-04-03 10:30:00-04:00,short,avoid_immediate_adverse_move,adverse_w5_ticks12,0.75,2.0,15,False,invalid_stop_geometry,False,,,,2024-04-03 10:46:00-04:00,,2096.9,,,,,,,,1,2024-04-03,1H,delay_adverse_filter,m2k_1h_adverse_core,3,fold_3
m2k_1h_delay_adverse_filter_avoid_immediate_adverse_move_sm0p75_tm2p00_d15_ts3_aw5_mt12,M2K,2024-04-12 09:30:00-04:00,2024-04-12 10:30:00-04:00,long,avoid_immediate_adverse_move,adverse_w5_ticks12,0.75,2.0,15,True,skip_adverse_move_before_entry,False,,,,2024-04-12 10:46:00-04:00,,2032.1999999999998,2030.3999999999999,2062.7799999999997,,,,,,1,2024-04-12,1H,delay_adverse_filter,m2k_1h_adverse_core,3,fold_3
m2k_1h_delay_adverse_filter_avoid_immediate_adverse_move_sm0p75_tm2p00_d15_ts3_aw5_mt12,M2K,2024-04-15 09:30:00-04:00,2024-04-15 10:30:00-04:00,long,avoid_immediate_adverse_move,adverse_w5_ticks12,0.75,2.0,15,False,none,True,-13.49999999999909,-13.49999999999909,-10.99999999999909,2024-04-15 10:46:00-04:00,2024-04-15 10:47:00-04:00,2011.5,2009.4,2036.8200000000002,2009.3000000000002,stop_1m,1.0,10.99999999999909,20.99999999999909,1,2024-04-15,1H,delay_adverse_filter,m2k_1h_adverse_core,3,fold_3
m2k_1h_delay_adverse_filter_avoid_immediate_adverse_move_sm0p75_tm2p00_d15_ts3_aw5_mt12,M2K,2024-04-19 09:30:00-04:00,2024-04-19 10:30:00-04:00,short,avoid_immediate_adverse_move,adverse_w5_ticks12,0.75,2.0,15,False,none,True,8.000000000000682,8.000000000000682,10.500000000000682,2024-04-19 10:46:00-04:00,2024-04-19 13:46:00-04:00,1961.6000000000001,1971.0500000000002,1933.7600000000002,1959.5,time_stop_1m,180.0,117.00000000000045,50.99999999999909,1,2024-04-19,1H,delay_adverse_filter,m2k_1h_adverse_core,3,fold_3
m2k_1h_delay_adverse_filter_avoid_immediate_adverse_move_sm0p75_tm2p00_d15_ts3_aw5_mt12,M2K,2024-05-03 09:30:00-04:00,2024-05-03 10:30:00-04:00,long,avoid_immediate_adverse_move,adverse_w5_ticks12,0.75,2.0,15,True,skip_adverse_move_before_entry,False,,,,2024-05-03 10:46:00-04:00,,2047.6,2042.35,2076.8199999999997,,,,,,1,2024-05-03,1H,delay_adverse_filter,m2k_1h_adverse_core,3,fold_3
m2k_1h_delay_adverse_filter_avoid_immediate_adverse_move_sm0p75_tm2p00_d15_ts3_aw5_mt12,M2K,2024-05-15 09:30:00-04:00,2024-05-15 10:30:00-04:00,long,avoid_immediate_adverse_move,adverse_w5_ticks12,0.75,2.0,15,False,none,True,18.00000000000182,18.00000000000182,20.50000000000182,2024-05-15 10:46:00-04:00,2024-05-15 13:46:00-04:00,2109.7,2104.45,2127.39,2113.8,time_stop_1m,180.0,97.00000000000273,8.999999999996362,1,2024-05-15,1H,delay_adverse_filter,m2k_1h_adverse_core,3,fold_3
m2k_1h_delay_adverse_filter_avoid_immediate_adverse_move_sm0p75_tm2p00_d15_ts3_aw5_mt12,M2K,2024-05-23 09:30:00-04:00,2024-05-23 10:30:00-04:00,long,avoid_immediate_adverse_move,adverse_w5_ticks12,0.75,2.0,15,False,none,True,-6.375000000000455,-6.375000000000455,-3.8750000000004547,2024-05-23 10:46:00-04:00,2024-05-23 10:47:00-04:00,2072.4,2071.725,2087.52,2071.625,stop_1m,1.0,7.9999999999972715,9.00000000000091,1,2024-05-23,1H,delay_adverse_filter,m2k_1h_adverse_core,3,fold_3
m2k_1h_delay_adverse_filter_avoid_immediate_adverse_move_sm0p75_tm2p00_d15_ts3_aw5_mt12,M2K,2024-06-03 09:30:00-04:00,2024-06-03 10:30:00-04:00,long,avoid_immediate_adverse_move,adverse_w5_ticks12,0.75,2.0,15,False,invalid_stop_geometry,False,,,,2024-06-03 10:46:00-04:00,,2074.4,,,,,,,,1,2024-06-03,1H,delay_adverse_filter,m2k_1h_adverse_core,3,fold_3
m2k_1h_delay_adverse_filter_avoid_immediate_adverse_move_sm0p75_tm2p00_d15_ts3_aw5_mt12,M2K,2024-06-12 09:30:00-04:00,2024-06-12 10:30:00-04:00,short,avoid_immediate_adverse_move,adverse_w5_ticks12,0.75,2.0,15,True,skip_adverse_move_before_entry,False,,,,2024-06-12 10:46:00-04:00,,2087.6,2093.225,2064.37,,,,,,1,2024-06-12,1H,delay_adverse_filter,m2k_1h_adverse_core,3,fold_3
m2k_1h_delay_adverse_filter_avoid_immediate_adverse_move_sm0p75_tm2p00_d15_ts3_aw5_mt12,M2K,2024-06-12 14:30:00-04:00,2024-06-12 15:30:00-04:00,long,avoid_immediate_adverse_move,adverse_w5_ticks12,0.75,2.0,15,True,skip_adverse_move_before_entry,False,,,,2024-06-12 15:46:00-04:00,,2056.4,2055.05,2082.8,,,,,,1,2024-06-12,1H,delay_adverse_filter,m2k_1h_adverse_core,3,fold_3
m2k_1h_delay_adverse_filter_avoid_immediate_adverse_move_sm0p75_tm2p00_d15_ts3_aw5_mt12,M2K,2024-07-01 09:30:00-04:00,2024-07-01 10:30:00-04:00,long,avoid_immediate_adverse_move,adverse_w5_ticks12,0.75,2.0,15,True,skip_adverse_move_before_entry,False,,,,2024-07-01 10:46:00-04:00,,2047.1,2046.5,2068.37,,,,,,1,2024-07-01,1H,delay_adverse_filter,m2k_1h_adverse_core,3,fold_3
m2k_1h_delay_adverse_filter_avoid_immediate_adverse_move_sm0p75_tm2p00_d15_ts3_aw5_mt12,M2K,2024-07-11 09:30:00-04:00,2024-07-11 10:30:00-04:00,short,avoid_immediate_adverse_move,adverse_w5_ticks12,0.75,2.0,15,False,invalid_stop_geometry,False,,,,2024-07-11 10:46:00-04:00,,2137.4,,,,,,,,1,2024-07-11,1H,delay_adverse_filter,m2k_1h_adverse_core,3,fold_3
m2k_1h_delay_adverse_filter_avoid_immediate_adverse_move_sm0p75_tm2p00_d15_ts3_aw5_mt12,M2K,2024-07-12 09:30:00-04:00,2024-07-12 10:30:00-04:00,short,avoid_immediate_adverse_move,adverse_w5_ticks12,0.75,2.0,15,False,none,True,29.500000000000455,29.500000000000455,32.000000000000455,2024-07-12 10:46:00-04:00,2024-07-12 13:46:00-04:00,2180.5,2184.8500000000004,2154.43,2174.1,time_stop_1m,180.0,154.0000000000009,1.999999999998181,1,2024-07-12,1H,delay_adverse_filter,m2k_1h_adverse_core,3,fold_3
m2k_1h_delay_adverse_filter_avoid_immediate_adverse_move_sm0p75_tm2p00_d15_ts3_aw5_mt12,M2K,2024-07-15 09:30:00-04:00,2024-07-15 10:30:00-04:00,short,avoid_immediate_adverse_move,adverse_w5_ticks12,0.75,2.0,15,True,skip_adverse_move_before_entry,False,,,,2024-07-15 10:46:00-04:00,,2199.6,2202.2999999999997,2170.8199999999997,,,,,,1,2024-07-15,1H,delay_adverse_filter,m2k_1h_adverse_core,3,fold_3
m2k_1h_delay_adverse_filter_avoid_immediate_adverse_move_sm0p75_tm2p00_d15_ts3_aw5_mt12,M2K,2024-07-16 09:30:00-04:00,2024-07-16 10:30:00-04:00,short,avoid_immediate_adverse_move,adverse_w5_ticks12,0.75,2.0,15,True,skip_adverse_move_before_entry,False,,,,2024-07-16 10:46:00-04:00,,2250.0,2254.7250000000004,2219.62,,,,,,1,2024-07-16,1H,delay_adverse_filter,m2k_1h_adverse_core,3,fold_3
m2k_1h_delay_adverse_filter_avoid_immediate_adverse_move_sm0p75_tm2p00_d15_ts3_aw5_mt12,M2K,2024-07-18 09:30:00-04:00,2024-07-18 10:30:00-04:00,short,avoid_immediate_adverse_move,adverse_w5_ticks12,0.75,2.0,15,True,skip_adverse_move_before_entry,False,,,,2024-07-18 10:46:00-04:00,,2261.7000000000003,2279.55,2228.09,,,,,,1,2024-07-18,1H,delay_adverse_filter,m2k_1h_adverse_core,3,fold_3
m2k_1h_delay_adverse_filter_avoid_immediate_adverse_move_sm0p75_tm2p00_d15_ts3_aw5_mt12,M2K,2024-07-25 09:30:00-04:00,2024-07-25 10:30:00-04:00,short,avoid_immediate_adverse_move,adverse_w5_ticks12,0.75,2.0,15,True,skip_adverse_move_before_entry,False,,,,2024-07-25 10:46:00-04:00,,2241.8,2245.775,2209.0400000000004,,,,,,1,2024-07-25,1H,delay_adverse_filter,m2k_1h_adverse_core,3,fold_3
m2k_1h_delay_adverse_filter_avoid_immediate_adverse_move_sm0p75_tm2p00_d15_ts3_aw5_mt12,M2K,2024-08-01 09:30:00-04:00,2024-08-01 10:30:00-04:00,long,avoid_immediate_adverse_move,adverse_w5_ticks12,0.75,2.0,15,False,invalid_stop_geometry,False,,,,2024-08-01 10:46:00-04:00,,2221.4,,,,,,,,1,2024-08-01,1H,delay_adverse_filter,m2k_1h_adverse_core,3,fold_3
m2k_1h_delay_adverse_filter_avoid_immediate_adverse_move_sm0p75_tm2p00_d15_ts3_aw5_mt12,M2K,2024-08-23 09:30:00-04:00,2024-08-23 10:30:00-04:00,short,avoid_immediate_adverse_move,adverse_w5_ticks12,0.75,2.0,15,False,invalid_stop_geometry,False,,,,2024-08-23 10:46:00-04:00,,2222.4,,,,,,,,1,2024-08-23,1H,delay_adverse_filter,m2k_1h_adverse_core,3,fold_3
m2k_1h_delay_adverse_filter_avoid_immediate_adverse_move_sm0p75_tm2p00_d15_ts3_aw5_mt12,M2K,2024-08-23 10:30:00-04:00,2024-08-23 11:30:00-04:00,short,avoid_immediate_adverse_move,adverse_w5_ticks12,0.75,2.0,15,False,none,True,1.5000000000009095,1.5000000000009095,4.0000000000009095,2024-08-23 11:46:00-04:00,2024-08-23 14:46:00-04:00,2223.4,2229.3250000000003,2195.34,2222.6,time_stop_1m,180.0,87.00000000000273,50.0,1,2024-08-23,1H,delay_adverse_filter,m2k_1h_adverse_core,3,fold_3
m2k_1h_delay_adverse_filter_avoid_immediate_adverse_move_sm0p75_tm2p00_d15_ts3_aw5_mt12,M2K,2024-09-03 09:30:00-04:00,2024-09-03 10:30:00-04:00,long,avoid_immediate_adverse_move,adverse_w5_ticks12,0.75,2.0,15,False,invalid_stop_geometry,False,,,,2024-09-03 10:46:00-04:00,,2173.1,,,,,,,,1,2024-09-03,1H,delay_adverse_filter,m2k_1h_adverse_core,3,fold_3
m2k_1h_delay_adverse_filter_avoid_immediate_adverse_move_sm0p75_tm2p00_d15_ts3_aw5_mt12,M2K,2024-09-04 09:30:00-04:00,2024-09-04 10:30:00-04:00,short,avoid_immediate_adverse_move,adverse_w5_ticks12,0.75,2.0,15,False,invalid_stop_geometry,False,,,,2024-09-04 10:46:00-04:00,,2169.7000000000003,,,,,,,,1,2024-09-04,1H,delay_adverse_filter,m2k_1h_adverse_core,3,fold_3
m2k_1h_delay_adverse_filter_avoid_immediate_adverse_move_sm0p75_tm2p00_d15_ts3_aw5_mt12,M2K,2024-09-06 09:30:00-04:00,2024-09-06 10:30:00-04:00,long,avoid_immediate_adverse_move,adverse_w5_ticks12,0.75,2.0,15,False,invalid_stop_geometry,False,,,,2024-09-06 10:46:00-04:00,,2104.7,,,,,,,,1,2024-09-06,1H,delay_adverse_filter,m2k_1h_adverse_core,3,fold_3
m2k_1h_delay_adverse_filter_avoid_immediate_adverse_move_sm0p75_tm2p00_d15_ts3_aw5_mt12,M2K,2024-09-25 09:30:00-04:00,2024-09-25 10:30:00-04:00,long,avoid_immediate_adverse_move,adverse_w5_ticks12,0.75,2.0,15,False,none,True,-35.249999999998636,-35.249999999998636,-32.749999999998636,2024-09-25 10:46:00-04:00,2024-09-25 11:28:00-04:00,2240.2,2233.75,2259.45,2233.65,stop_1m,42.0,19.00000000000091,67.99999999999727,1,2024-09-25,1H,delay_adverse_filter,m2k_1h_adverse_core,3,fold_3
m2k_1h_delay_adverse_filter_avoid_immediate_adverse_move_sm0p75_tm2p00_d15_ts3_aw5_mt12,M2K,2024-09-26 09:30:00-04:00,2024-09-26 10:30:00-04:00,long,avoid_immediate_adverse_move,adverse_w5_ticks12,0.75,2.0,15,True,skip_adverse_move_before_entry,False,,,,2024-09-26 10:46:00-04:00,,2236.5,2232.675,2255.28,,,,,,1,2024-09-26,1H,delay_adverse_filter,m2k_1h_adverse_core,3,fold_3
m2k_1h_delay_adverse_filter_avoid_immediate_adverse_move_sm0p75_tm2p00_d15_ts3_aw5_mt12,M2K,2024-10-01 09:30:00-04:00,2024-10-01 10:30:00-04:00,long,avoid_immediate_adverse_move,adverse_w5_ticks12,0.75,2.0,15,True,skip_adverse_move_before_entry,False,,,,2024-10-01 10:46:00-04:00,,2213.4,2204.475,2241.21,,,,,,1,2024-10-01,1H,delay_adverse_filter,m2k_1h_adverse_core,3,fold_3
m2k_1h_delay_adverse_filter_avoid_immediate_adverse_move_sm0p75_tm2p00_d15_ts3_aw5_mt12,M2K,2024-10-04 09:30:00-04:00,2024-10-04 10:30:00-04:00,long,avoid_immediate_adverse_move,adverse_w5_ticks12,0.75,2.0,15,True,skip_adverse_move_before_entry,False,,,,2024-10-04 10:46:00-04:00,,2215.2999999999997,2214.1,2241.5199999999995,,,,,,1,2024-10-04,1H,delay_adverse_filter,m2k_1h_adverse_core,3,fold_3
m2k_1h_delay_adverse_filter_avoid_immediate_adverse_move_sm0p75_tm2p00_d15_ts3_aw5_mt12,M2K,2024-10-17 09:30:00-04:00,2024-10-17 10:30:00-04:00,long,avoid_immediate_adverse_move,adverse_w5_ticks12,0.75,2.0,15,True,skip_adverse_move_before_entry,False,,,,2024-10-17 10:46:00-04:00,,2289.4,2287.3,2311.05,,,,,,1,2024-10-17,1H,delay_adverse_filter,m2k_1h_adverse_core,3,fold_3
m2k_1h_delay_adverse_filter_avoid_immediate_adverse_move_sm0p75_tm2p00_d15_ts3_aw5_mt12,M2K,2024-10-30 09:30:00-04:00,2024-10-30 10:30:00-04:00,short,avoid_immediate_adverse_move,adverse_w5_ticks12,0.75,2.0,15,True,skip_adverse_move_before_entry,False,,,,2024-10-30 10:46:00-04:00,,2264.6,2274.35,2242.09,,,,,,1,2024-10-30,1H,delay_adverse_filter,m2k_1h_adverse_core,3,fold_3
m2k_1h_delay_adverse_filter_avoid_immediate_adverse_move_sm0p75_tm2p00_d15_ts3_aw5_mt12,M2K,2024-10-31 09:30:00-04:00,2024-10-31 10:30:00-04:00,long,avoid_immediate_adverse_move,adverse_w5_ticks12,0.75,2.0,15,False,invalid_stop_geometry,False,,,,2024-10-31 10:46:00-04:00,,2224.9,,,,,,,,1,2024-10-31,1H,delay_adverse_filter,m2k_1h_adverse_core,3,fold_3
m2k_1h_delay_adverse_filter_avoid_immediate_adverse_move_sm0p75_tm2p00_d15_ts3_aw5_mt12,M2K,2024-11-15 09:30:00-05:00,2024-11-15 10:30:00-05:00,long,avoid_immediate_adverse_move,adverse_w5_ticks12,0.75,2.0,15,False,invalid_stop_geometry,False,,,,2024-11-15 10:46:00-05:00,,2318.4,,,,,,,,1,2024-11-15,1H,delay_adverse_filter,m2k_1h_adverse_core,3,fold_3
m2k_1h_delay_adverse_filter_avoid_immediate_adverse_move_sm0p75_tm2p00_d15_ts3_aw5_mt12,M2K,2024-11-25 09:30:00-05:00,2024-11-25 10:30:00-05:00,short,avoid_immediate_adverse_move,adverse_w5_ticks12,0.75,2.0,15,False,invalid_stop_geometry,False,,,,2024-11-25 10:46:00-05:00,,2469.9,,,,,,,,1,2024-11-25,1H,delay_adverse_filter,m2k_1h_adverse_core,3,fold_3
m2k_1h_delay_adverse_filter_avoid_immediate_adverse_move_sm0p75_tm2p00_d15_ts3_aw5_mt12,M2K,2024-12-05 09:30:00-05:00,2024-12-05 10:30:00-05:00,long,avoid_immediate_adverse_move,adverse_w5_ticks12,0.75,2.0,15,True,skip_adverse_move_before_entry,False,,,,2024-12-05 10:46:00-05:00,,2411.5,2410.0,2431.64,,,,,,1,2024-12-05,1H,delay_adverse_filter,m2k_1h_adverse_core,3,fold_3
m2k_1h_delay_adverse_filter_avoid_immediate_adverse_move_sm0p75_tm2p00_d15_ts3_aw5_mt12,M2K,2024-12-27 09:30:00-05:00,2024-12-27 10:30:00-05:00,long,avoid_immediate_adverse_move,adverse_w5_ticks12,0.75,2.0,15,False,none,True,-31.124999999999545,-31.124999999999545,-28.624999999999545,2024-12-27 10:46:00-05:00,2024-12-27 11:14:00-05:00,2262.1,2256.475,2292.25,2256.375,stop_1m,28.0,50.99999999999909,65.99999999999909,1,2024-12-27,1H,delay_adverse_filter,m2k_1h_adverse_core,3,fold_3
m2k_1h_delay_adverse_filter_avoid_immediate_adverse_move_sm0p75_tm2p00_d15_ts3_aw5_mt12,M2K,2024-12-30 09:30:00-05:00,2024-12-30 10:30:00-05:00,long,avoid_immediate_adverse_move,adverse_w5_ticks12,0.75,2.0,15,False,none,True,122.5,122.5,125.0,2024-12-30 10:46:00-05:00,2024-12-30 13:46:00-05:00,2230.5,2220.75,2262.09,2255.5,time_stop_1m,180.0,270.9999999999991,70.0,1,2024-12-30,1H,delay_adverse_filter,m2k_1h_adverse_core,3,fold_3
m2k_1h_delay_adverse_filter_avoid_immediate_adverse_move_sm0p75_tm2p00_d15_ts3_aw5_mt12,M2K,2025-01-07 09:30:00-05:00,2025-01-07 10:30:00-05:00,long,avoid_immediate_adverse_move,adverse_w5_ticks12,0.75,2.0,15,False,invalid_stop_geometry,False,,,,2025-01-07 10:46:00-05:00,,2258.1,,,,,,,,1,2025-01-07,1H,delay_adverse_filter,m2k_1h_adverse_core,3,fold_4
m2k_1h_delay_adverse_filter_avoid_immediate_adverse_move_sm0p75_tm2p00_d15_ts3_aw5_mt12,M2K,2025-01-08 09:30:00-05:00,2025-01-08 10:30:00-05:00,long,avoid_immediate_adverse_move,adverse_w5_ticks12,0.75,2.0,15,True,skip_adverse_move_before_entry,False,,,,2025-01-08 10:46:00-05:00,,2233.0,2227.6000000000004,2262.89,,,,,,1,2025-01-08,1H,delay_adverse_filter,m2k_1h_adverse_core,3,fold_4
m2k_1h_delay_adverse_filter_avoid_immediate_adverse_move_sm0p75_tm2p00_d15_ts3_aw5_mt12,M2K,2025-01-27 09:30:00-05:00,2025-01-27 10:30:00-05:00,short,avoid_immediate_adverse_move,adverse_w5_ticks12,0.75,2.0,15,True,skip_adverse_move_before_entry,False,,,,2025-01-27 10:46:00-05:00,,2316.1,2325.1,2295.7799999999997,,,,,,1,2025-01-27,1H,delay_adverse_filter,m2k_1h_adverse_core,3,fold_4
m2k_1h_delay_adverse_filter_avoid_immediate_adverse_move_sm0p75_tm2p00_d15_ts3_aw5_mt12,M2K,2025-02-03 09:30:00-05:00,2025-02-03 10:30:00-05:00,short,avoid_immediate_adverse_move,adverse_w5_ticks12,0.75,2.0,15,True,skip_adverse_move_before_entry,False,,,,2025-02-03 10:46:00-05:00,,2277.3,2278.275,2241.4300000000003,,,,,,1,2025-02-03,1H,delay_adverse_filter,m2k_1h_adverse_core,3,fold_4
m2k_1h_delay_adverse_filter_avoid_immediate_adverse_move_sm0p75_tm2p00_d15_ts3_aw5_mt12,M2K,2025-02-07 10:30:00-05:00,2025-02-07 11:30:00-05:00,long,avoid_immediate_adverse_move,adverse_w5_ticks12,0.75,2.0,15,True,skip_adverse_move_before_entry,False,,,,2025-02-07 11:46:00-05:00,,2288.5,2284.5249999999996,2309.48,,,,,,1,2025-02-07,1H,delay_adverse_filter,m2k_1h_adverse_core,3,fold_4
m2k_1h_delay_adverse_filter_avoid_immediate_adverse_move_sm0p75_tm2p00_d15_ts3_aw5_mt12,M2K,2025-02-20 09:30:00-05:00,2025-02-20 10:30:00-05:00,long,avoid_immediate_adverse_move,adverse_w5_ticks12,0.75,2.0,15,True,skip_adverse_move_before_entry,False,,,,2025-02-20 10:46:00-05:00,,2259.7,2258.05,2277.7599999999998,,,,,,1,2025-02-20,1H,delay_adverse_filter,m2k_1h_adverse_core,3,fold_4
m2k_1h_delay_adverse_filter_avoid_immediate_adverse_move_sm0p75_tm2p00_d15_ts3_aw5_mt12,M2K,2025-02-21 09:30:00-05:00,2025-02-21 10:30:00-05:00,long,avoid_immediate_adverse_move,adverse_w5_ticks12,0.75,2.0,15,False,invalid_stop_geometry,False,,,,2025-02-21 10:46:00-05:00,,2240.7999999999997,,,,,,,,1,2025-02-21,1H,delay_adverse_filter,m2k_1h_adverse_core,3,fold_4
m2k_1h_delay_adverse_filter_avoid_immediate_adverse_move_sm0p75_tm2p00_d15_ts3_aw5_mt12,M2K,2025-02-24 09:30:00-05:00,2025-02-24 10:30:00-05:00,long,avoid_immediate_adverse_move,adverse_w5_ticks12,0.75,2.0,15,True,skip_adverse_move_before_entry,False,,,,2025-02-24 10:46:00-05:00,,2184.2999999999997,2176.425,2212.39,,,,,,1,2025-02-24,1H,delay_adverse_filter,m2k_1h_adverse_core,3,fold_4
m2k_1h_delay_adverse_filter_avoid_immediate_adverse_move_sm0p75_tm2p00_d15_ts3_aw5_mt12,M2K,2025-02-25 09:30:00-05:00,2025-02-25 10:30:00-05:00,long,avoid_immediate_adverse_move,adverse_w5_ticks12,0.75,2.0,15,True,skip_adverse_move_before_entry,False,,,,2025-02-25 10:46:00-05:00,,2169.9,2162.25,2200.39,,,,,,1,2025-02-25,1H,delay_adverse_filter,m2k_1h_adverse_core,3,fold_4
m2k_1h_delay_adverse_filter_avoid_immediate_adverse_move_sm0p75_tm2p00_d15_ts3_aw5_mt12,M2K,2025-03-04 09:30:00-05:00,2025-03-04 10:30:00-05:00,long,avoid_immediate_adverse_move,adverse_w5_ticks12,0.75,2.0,15,True,skip_adverse_move_before_entry,False,,,,2025-03-04 10:46:00-05:00,,2062.7,2054.225,2103.68,,,,,,1,2025-03-04,1H,delay_adverse_filter,m2k_1h_adverse_core,3,fold_4
m2k_1h_delay_adverse_filter_avoid_immediate_adverse_move_sm0p75_tm2p00_d15_ts3_aw5_mt12,M2K,2025-03-28 09:30:00-04:00,2025-03-28 10:30:00-04:00,long,avoid_immediate_adverse_move,adverse_w5_ticks12,0.75,2.0,15,False,invalid_stop_geometry,False,,,,2025-03-28 10:46:00-04:00,,2043.8999999999999,,,,,,,,1,2025-03-28,1H,delay_adverse_filter,m2k_1h_adverse_core,3,fold_4
m2k_1h_delay_adverse_filter_avoid_immediate_adverse_move_sm0p75_tm2p00_d15_ts3_aw5_mt12,M2K,2025-04-01 09:30:00-04:00,2025-04-01 10:30:00-04:00,long,avoid_immediate_adverse_move,adverse_w5_ticks12,0.75,2.0,15,False,none,True,154.75000000000023,154.75000000000023,157.25000000000023,2025-04-01 10:46:00-04:00,2025-04-01 12:20:00-04:00,2012.5,2001.4,2044.05,2043.95,target_1m,94.0,319.0000000000009,19.00000000000091,1,2025-04-01,1H,delay_adverse_filter,m2k_1h_adverse_core,3,fold_4
m2k_1h_delay_adverse_filter_avoid_immediate_adverse_move_sm0p75_tm2p00_d15_ts3_aw5_mt12,M2K,2025-04-02 09:30:00-04:00,2025-04-02 10:30:00-04:00,short,avoid_immediate_adverse_move,adverse_w5_ticks12,0.75,2.0,15,False,invalid_stop_geometry,False,,,,2025-04-02 10:46:00-04:00,,2033.5,,,,,,,,1,2025-04-02,1H,delay_adverse_filter,m2k_1h_adverse_core,3,fold_4
m2k_1h_delay_adverse_filter_avoid_immediate_adverse_move_sm0p75_tm2p00_d15_ts3_aw5_mt12,M2K,2025-04-04 09:30:00-04:00,2025-04-04 10:30:00-04:00,long,avoid_immediate_adverse_move,adverse_w5_ticks12,0.75,2.0,15,False,invalid_stop_geometry,False,,,,2025-04-04 10:46:00-04:00,,1804.6,,,,,,,,1,2025-04-04,1H,delay_adverse_filter,m2k_1h_adverse_core,3,fold_4
m2k_1h_delay_adverse_filter_avoid_immediate_adverse_move_sm0p75_tm2p00_d15_ts3_aw5_mt12,M2K,2025-05-06 09:30:00-04:00,2025-05-06 10:30:00-04:00,short,avoid_immediate_adverse_move,adverse_w5_ticks12,0.75,2.0,15,True,skip_adverse_move_before_entry,False,,,,2025-05-06 10:46:00-04:00,,1999.8000000000002,2000.625,1973.2800000000002,,,,,,1,2025-05-06,1H,delay_adverse_filter,m2k_1h_adverse_core,3,fold_4
m2k_1h_delay_adverse_filter_avoid_immediate_adverse_move_sm0p75_tm2p00_d15_ts3_aw5_mt12,M2K,2025-05-12 09:30:00-04:00,2025-05-12 10:30:00-04:00,long,avoid_immediate_adverse_move,adverse_w5_ticks12,0.75,2.0,15,True,skip_adverse_move_before_entry,False,,,,2025-05-12 10:46:00-04:00,,2093.2,2085.325,2126.97,,,,,,1,2025-05-12,1H,delay_adverse_filter,m2k_1h_adverse_core,3,fold_4
m2k_1h_delay_adverse_filter_avoid_immediate_adverse_move_sm0p75_tm2p00_d15_ts3_aw5_mt12,M2K,2025-05-21 12:30:00-04:00,2025-05-21 13:30:00-04:00,long,avoid_immediate_adverse_move,adverse_w5_ticks12,0.75,2.0,15,False,none,True,-33.75,-33.75,-31.25,2025-05-21 13:46:00-04:00,2025-05-21 14:03:00-04:00,2063.7999999999997,2057.6499999999996,2085.5899999999997,2057.5499999999997,stop_1m,17.0,36.00000000000364,68.99999999999636,1,2025-05-21,1H,delay_adverse_filter,m2k_1h_adverse_core,3,fold_4
m2k_1h_delay_adverse_filter_avoid_immediate_adverse_move_sm0p75_tm2p00_d15_ts3_aw5_mt12,M2K,2025-05-23 09:30:00-04:00,2025-05-23 10:30:00-04:00,short,avoid_immediate_adverse_move,adverse_w5_ticks12,0.75,2.0,15,True,skip_adverse_move_before_entry,False,,,,2025-05-23 10:46:00-04:00,,2036.2,2037.8500000000001,2008.89,,,,,,1,2025-05-23,1H,delay_adverse_filter,m2k_1h_adverse_core,3,fold_4
m2k_1h_delay_adverse_filter_avoid_immediate_adverse_move_sm0p75_tm2p00_d15_ts3_aw5_mt12,M2K,2025-05-29 09:30:00-04:00,2025-05-29 10:30:00-04:00,long,avoid_immediate_adverse_move,adverse_w5_ticks12,0.75,2.0,15,True,skip_adverse_move_before_entry,False,,,,2025-05-29 10:46:00-04:00,,2071.0,2066.7250000000004,2090.07,,,,,,1,2025-05-29,1H,delay_adverse_filter,m2k_1h_adverse_core,3,fold_4
m2k_1h_delay_adverse_filter_avoid_immediate_adverse_move_sm0p75_tm2p00_d15_ts3_aw5_mt12,M2K,2025-06-03 09:30:00-04:00,2025-06-03 10:30:00-04:00,short,avoid_immediate_adverse_move,adverse_w5_ticks12,0.75,2.0,15,False,invalid_stop_geometry,False,,,,2025-06-03 10:46:00-04:00,,2092.1,,,,,,,,1,2025-06-03,1H,delay_adverse_filter,m2k_1h_adverse_core,3,fold_4
m2k_1h_delay_adverse_filter_avoid_immediate_adverse_move_sm0p75_tm2p00_d15_ts3_aw5_mt12,M2K,2025-06-23 09:30:00-04:00,2025-06-23 10:30:00-04:00,short,avoid_immediate_adverse_move,adverse_w5_ticks12,0.75,2.0,15,True,skip_adverse_move_before_entry,False,,,,2025-06-23 10:46:00-04:00,,2130.3,2137.5,2101.1000000000004,,,,,,1,2025-06-23,1H,delay_adverse_filter,m2k_1h_adverse_core,3,fold_4
m2k_1h_delay_adverse_filter_avoid_immediate_adverse_move_sm0p75_tm2p00_d15_ts3_aw5_mt12,M2K,2025-06-23 12:30:00-04:00,2025-06-23 13:30:00-04:00,short,avoid_immediate_adverse_move,adverse_w5_ticks12,0.75,2.0,15,False,invalid_stop_geometry,False,,,,2025-06-23 13:46:00-04:00,,2133.1,,,,,,,,1,2025-06-23,1H,delay_adverse_filter,m2k_1h_adverse_core,3,fold_4
m2k_1h_delay_adverse_filter_avoid_immediate_adverse_move_sm0p75_tm2p00_d15_ts3_aw5_mt12,M2K,2025-07-01 11:30:00-04:00,2025-07-01 12:30:00-04:00,short,avoid_immediate_adverse_move,adverse_w5_ticks12,0.75,2.0,15,True,skip_adverse_move_before_entry,False,,,,2025-07-01 12:46:00-04:00,,2226.6,2235.6749999999997,2203.44,,,,,,1,2025-07-01,1H,delay_adverse_filter,m2k_1h_adverse_core,3,fold_4
m2k_1h_delay_adverse_filter_avoid_immediate_adverse_move_sm0p75_tm2p00_d15_ts3_aw5_mt12,M2K,2025-07-09 09:30:00-04:00,2025-07-09 10:30:00-04:00,long,avoid_immediate_adverse_move,adverse_w5_ticks12,0.75,2.0,15,False,invalid_stop_geometry,False,,,,2025-07-09 10:46:00-04:00,,2245.7,,,,,,,,1,2025-07-09,1H,delay_adverse_filter,m2k_1h_adverse_core,3,fold_4
m2k_1h_delay_adverse_filter_avoid_immediate_adverse_move_sm0p75_tm2p00_d15_ts3_aw5_mt12,M2K,2025-07-15 09:30:00-04:00,2025-07-15 10:30:00-04:00,long,avoid_immediate_adverse_move,adverse_w5_ticks12,0.75,2.0,15,True,skip_adverse_move_before_entry,False,,,,2025-07-15 10:46:00-04:00,,2246.6,2244.725,2266.8799999999997,,,,,,1,2025-07-15,1H,delay_adverse_filter,m2k_1h_adverse_core,3,fold_4
m2k_1h_delay_adverse_filter_avoid_immediate_adverse_move_sm0p75_tm2p00_d15_ts3_aw5_mt12,M2K,2025-07-17 09:30:00-04:00,2025-07-17 10:30:00-04:00,short,avoid_immediate_adverse_move,adverse_w5_ticks12,0.75,2.0,15,True,skip_adverse_move_before_entry,False,,,,2025-07-17 10:46:00-04:00,,2256.3,2264.1,2229.95,,,,,,1,2025-07-17,1H,delay_adverse_filter,m2k_1h_adverse_core,3,fold_4
m2k_1h_delay_adverse_filter_avoid_immediate_adverse_move_sm0p75_tm2p00_d15_ts3_aw5_mt12,M2K,2025-07-30 14:30:00-04:00,2025-07-30 15:30:00-04:00,long,avoid_immediate_adverse_move,adverse_w5_ticks12,0.75,2.0,15,True,skip_adverse_move_before_entry,False,,,,2025-07-30 15:46:00-04:00,,2231.6,2228.0,2255.33,,,,,,1,2025-07-30,1H,delay_adverse_filter,m2k_1h_adverse_core,3,fold_4
m2k_1h_delay_adverse_filter_avoid_immediate_adverse_move_sm0p75_tm2p00_d15_ts3_aw5_mt12,M2K,2025-08-12 09:30:00-04:00,2025-08-12 10:30:00-04:00,short,avoid_immediate_adverse_move,adverse_w5_ticks12,0.75,2.0,15,False,none,True,-18.374999999998636,-18.374999999998636,-15.874999999998636,2025-08-12 10:46:00-04:00,2025-08-12 10:47:00-04:00,2259.9,2262.975,2238.09,2263.075,stop_1m,1.0,-0.9999999999990905,36.99999999999818,1,2025-08-12,1H,delay_adverse_filter,m2k_1h_adverse_core,3,fold_4
m2k_1h_delay_adverse_filter_avoid_immediate_adverse_move_sm0p75_tm2p00_d15_ts3_aw5_mt12,M2K,2025-08-15 09:30:00-04:00,2025-08-15 10:30:00-04:00,long,avoid_immediate_adverse_move,adverse_w5_ticks12,0.75,2.0,15,True,skip_adverse_move_before_entry,False,,,,2025-08-15 10:46:00-04:00,,2290.0,2283.7749999999996,2314.51,,,,,,1,2025-08-15,1H,delay_adverse_filter,m2k_1h_adverse_core,3,fold_4
m2k_1h_delay_adverse_filter_avoid_immediate_adverse_move_sm0p75_tm2p00_d15_ts3_aw5_mt12,M2K,2025-08-20 09:30:00-04:00,2025-08-20 10:30:00-04:00,long,avoid_immediate_adverse_move,adverse_w5_ticks12,0.75,2.0,15,False,none,True,-4.874999999999545,-4.874999999999545,-2.3749999999995453,2025-08-20 10:46:00-04:00,2025-08-20 10:47:00-04:00,2260.9,2260.525,2277.55,2260.425,stop_1m,1.0,7.9999999999972715,28.00000000000182,1,2025-08-20,1H,delay_adverse_filter,m2k_1h_adverse_core,3,fold_4
m2k_1h_delay_adverse_filter_avoid_immediate_adverse_move_sm0p75_tm2p00_d15_ts3_aw5_mt12,M2K,2025-08-22 09:30:00-04:00,2025-08-22 10:30:00-04:00,short,avoid_immediate_adverse_move,adverse_w5_ticks12,0.75,2.0,15,False,invalid_stop_geometry,False,,,,2025-08-22 10:46:00-04:00,,2364.9,,,,,,,,1,2025-08-22,1H,delay_adverse_filter,m2k_1h_adverse_core,3,fold_4
m2k_1h_delay_adverse_filter_avoid_immediate_adverse_move_sm0p75_tm2p00_d15_ts3_aw5_mt12,M2K,2025-08-22 10:30:00-04:00,2025-08-22 11:30:00-04:00,short,avoid_immediate_adverse_move,adverse_w5_ticks12,0.75,2.0,15,True,skip_adverse_move_before_entry,False,,,,2025-08-22 11:46:00-04:00,,2368.9,2373.55,2340.0,,,,,,1,2025-08-22,1H,delay_adverse_filter,m2k_1h_adverse_core,3,fold_4
m2k_1h_delay_adverse_filter_avoid_immediate_adverse_move_sm0p75_tm2p00_d15_ts3_aw5_mt12,M2K,2025-08-29 09:30:00-04:00,2025-08-29 10:30:00-04:00,long,avoid_immediate_adverse_move,adverse_w5_ticks12,0.75,2.0,15,True,skip_adverse_move_before_entry,False,,,,2025-08-29 10:46:00-04:00,,2367.2999999999997,2366.1,2383.9399999999996,,,,,,1,2025-08-29,1H,delay_adverse_filter,m2k_1h_adverse_core,3,fold_4
m2k_1h_delay_adverse_filter_avoid_immediate_adverse_move_sm0p75_tm2p00_d15_ts3_aw5_mt12,M2K,2025-09-09 09:30:00-04:00,2025-09-09 10:30:00-04:00,long,avoid_immediate_adverse_move,adverse_w5_ticks12,0.75,2.0,15,False,invalid_stop_geometry,False,,,,2025-09-09 10:46:00-04:00,,2374.4,,,,,,,,1,2025-09-09,1H,delay_adverse_filter,m2k_1h_adverse_core,3,fold_4
m2k_1h_delay_adverse_filter_avoid_immediate_adverse_move_sm0p75_tm2p00_d15_ts3_aw5_mt12,M2K,2025-09-23 09:30:00-04:00,2025-09-23 10:30:00-04:00,short,avoid_immediate_adverse_move,adverse_w5_ticks12,0.75,2.0,15,True,skip_adverse_move_before_entry,False,,,,2025-09-23 10:46:00-04:00,,2506.7000000000003,2509.325,2472.29,,,,,,1,2025-09-23,1H,delay_adverse_filter,m2k_1h_adverse_core,3,fold_4
m2k_1h_delay_adverse_filter_avoid_immediate_adverse_move_sm0p75_tm2p00_d15_ts3_aw5_mt12,M2K,2025-10-03 09:30:00-04:00,2025-10-03 10:30:00-04:00,short,avoid_immediate_adverse_move,adverse_w5_ticks12,0.75,2.0,15,False,invalid_stop_geometry,False,,,,2025-10-03 10:46:00-04:00,,2512.0,,,,,,,,1,2025-10-03,1H,delay_adverse_filter,m2k_1h_adverse_core,3,fold_4
m2k_1h_delay_adverse_filter_avoid_immediate_adverse_move_sm0p75_tm2p00_d15_ts3_aw5_mt12,M2K,2025-10-10 10:30:00-04:00,2025-10-10 11:30:00-04:00,long,avoid_immediate_adverse_move,adverse_w5_ticks12,0.75,2.0,15,True,skip_adverse_move_before_entry,False,,,,2025-10-10 11:46:00-04:00,,2448.1,2441.875,2473.17,,,,,,1,2025-10-10,1H,delay_adverse_filter,m2k_1h_adverse_core,3,fold_4
m2k_1h_delay_adverse_filter_avoid_immediate_adverse_move_sm0p75_tm2p00_d15_ts3_aw5_mt12,M2K,2025-10-14 09:30:00-04:00,2025-10-14 10:30:00-04:00,short,avoid_immediate_adverse_move,adverse_w5_ticks12,0.75,2.0,15,False,invalid_stop_geometry,False,,,,2025-10-14 10:46:00-04:00,,2477.5,,,,,,,,1,2025-10-14,1H,delay_adverse_filter,m2k_1h_adverse_core,3,fold_4
m2k_1h_delay_adverse_filter_avoid_immediate_adverse_move_sm0p75_tm2p00_d15_ts3_aw5_mt12,M2K,2025-10-29 14:30:00-04:00,2025-10-29 15:30:00-04:00,long,avoid_immediate_adverse_move,adverse_w5_ticks12,0.75,2.0,15,True,skip_adverse_move_before_entry,False,,,,2025-10-29 15:46:00-04:00,,2486.7999999999997,2483.125,2514.5099999999998,,,,,,1,2025-10-29,1H,delay_adverse_filter,m2k_1h_adverse_core,3,fold_4
m2k_1h_delay_adverse_filter_avoid_immediate_adverse_move_sm0p75_tm2p00_d15_ts3_aw5_mt12,M2K,2025-11-14 09:30:00-05:00,2025-11-14 10:30:00-05:00,short,avoid_immediate_adverse_move,adverse_w5_ticks12,0.75,2.0,15,False,invalid_stop_geometry,False,,,,2025-11-14 10:46:00-05:00,,2392.8,,,,,,,,1,2025-11-14,1H,delay_adverse_filter,m2k_1h_adverse_core,3,fold_4
m2k_1h_delay_adverse_filter_avoid_immediate_adverse_move_sm0p75_tm2p00_d15_ts3_aw5_mt12,M2K,2025-11-20 11:30:00-05:00,2025-11-20 12:30:00-05:00,long,avoid_immediate_adverse_move,adverse_w5_ticks12,0.75,2.0,15,False,invalid_stop_geometry,False,,,,2025-11-20 12:46:00-05:00,,2330.7999999999997,,,,,,,,1,2025-11-20,1H,delay_adverse_filter,m2k_1h_adverse_core,3,fold_4
m2k_1h_delay_adverse_filter_avoid_immediate_adverse_move_sm0p75_tm2p00_d15_ts3_aw5_mt12,M2K,2025-12-04 09:30:00-05:00,2025-12-04 10:30:00-05:00,short,avoid_immediate_adverse_move,adverse_w5_ticks12,0.75,2.0,15,False,invalid_stop_geometry,False,,,,2025-12-04 10:46:00-05:00,,2525.8,,,,,,,,1,2025-12-04,1H,delay_adverse_filter,m2k_1h_adverse_core,3,fold_4
m2k_1h_delay_adverse_filter_avoid_immediate_adverse_move_sm0p75_tm2p00_d15_ts3_aw5_mt12,M2K,2025-12-10 14:30:00-05:00,2025-12-10 15:30:00-05:00,short,avoid_immediate_adverse_move,adverse_w5_ticks12,0.75,2.0,15,True,skip_adverse_move_before_entry,False,,,,2025-12-10 15:46:00-05:00,,2571.1,2579.0499999999997,2544.92,,,,,,1,2025-12-10,1H,delay_adverse_filter,m2k_1h_adverse_core,3,fold_4
m2k_1h_delay_adverse_filter_avoid_immediate_adverse_move_sm0p75_tm2p00_d15_ts3_aw5_mt12,M2K,2025-12-11 09:30:00-05:00,2025-12-11 10:30:00-05:00,short,avoid_immediate_adverse_move,adverse_w5_ticks12,0.75,2.0,15,False,none,True,-28.125,-28.125,-25.625,2025-12-11 10:46:00-05:00,2025-12-11 11:36:00-05:00,2574.1,2579.125,2547.38,2579.225,stop_1m,50.0,89.00000000000091,65.0,1,2025-12-11,1H,delay_adverse_filter,m2k_1h_adverse_core,3,fold_4
m2k_1h_delay_adverse_filter_avoid_immediate_adverse_move_sm0p75_tm2p00_d15_ts3_aw5_mt12,M2K,2025-12-12 09:30:00-05:00,2025-12-12 10:30:00-05:00,long,avoid_immediate_adverse_move,adverse_w5_ticks12,0.75,2.0,15,True,skip_adverse_move_before_entry,False,,,,2025-12-12 10:46:00-05:00,,2579.5,2577.55,2606.45,,,,,,1,2025-12-12,1H,delay_adverse_filter,m2k_1h_adverse_core,3,fold_4
m2k_1h_delay_adverse_filter_avoid_immediate_adverse_move_sm0p75_tm2p00_d15_ts3_aw5_mt8,M2K,2026-01-02 09:30:00-05:00,2026-01-02 10:30:00-05:00,long,avoid_immediate_adverse_move,adverse_w5_ticks8,0.75,2.0,15,True,skip_adverse_move_before_entry,False,,,,2026-01-02 10:46:00-05:00,,2509.2,2497.425,2525.0099999999998,,,,,,1,2026-01-02,1H,delay_adverse_filter,m2k_1h_adverse_core,3,fold_5
m2k_1h_delay_adverse_filter_avoid_immediate_adverse_move_sm0p75_tm2p00_d15_ts3_aw5_mt8,M2K,2026-01-05 09:30:00-05:00,2026-01-05 10:30:00-05:00,short,avoid_immediate_adverse_move,adverse_w5_ticks8,0.75,2.0,15,False,invalid_stop_geometry,False,,,,2026-01-05 10:46:00-05:00,,2556.4,,,,,,,,1,2026-01-05,1H,delay_adverse_filter,m2k_1h_adverse_core,3,fold_5
m2k_1h_delay_adverse_filter_avoid_immediate_adverse_move_sm0p75_tm2p00_d15_ts3_aw5_mt8,M2K,2026-01-06 09:30:00-05:00,2026-01-06 10:30:00-05:00,short,avoid_immediate_adverse_move,adverse_w5_ticks8,0.75,2.0,15,False,none,True,-35.99999999999909,-35.99999999999909,-33.49999999999909,2026-01-06 10:46:00-05:00,2026-01-06 12:38:00-05:00,2562.4,2569.0,2539.35,2569.1,stop_1m,112.0,42.00000000000273,70.99999999999909,1,2026-01-06,1H,delay_adverse_filter,m2k_1h_adverse_core,3,fold_5
m2k_1h_delay_adverse_filter_avoid_immediate_adverse_move_sm0p75_tm2p00_d15_ts3_aw5_mt8,M2K,2026-01-07 09:30:00-05:00,2026-01-07 10:30:00-05:00,long,avoid_immediate_adverse_move,adverse_w5_ticks8,0.75,2.0,15,True,skip_adverse_move_before_entry,False,,,,2026-01-07 10:46:00-05:00,,2584.1,2576.525,2608.11,,,,,,1,2026-01-07,1H,delay_adverse_filter,m2k_1h_adverse_core,3,fold_5
m2k_1h_delay_adverse_filter_avoid_immediate_adverse_move_sm0p75_tm2p00_d15_ts3_aw5_mt8,M2K,2026-01-08 09:30:00-05:00,2026-01-08 10:30:00-05:00,short,avoid_immediate_adverse_move,adverse_w5_ticks8,0.75,2.0,15,True,skip_adverse_move_before_entry,False,,,,2026-01-08 10:46:00-05:00,,2607.0,2611.95,2583.8,,,,,,1,2026-01-08,1H,delay_adverse_filter,m2k_1h_adverse_core,3,fold_5
m2k_1h_delay_adverse_filter_avoid_immediate_adverse_move_sm0p75_tm2p00_d15_ts3_aw5_mt8,M2K,2026-01-13 09:30:00-05:00,2026-01-13 10:30:00-05:00,long,avoid_immediate_adverse_move,adverse_w5_ticks8,0.75,2.0,15,True,skip_adverse_move_before_entry,False,,,,2026-01-13 10:46:00-05:00,,2653.9,2642.5750000000003,2675.46,,,,,,1,2026-01-13,1H,delay_adverse_filter,m2k_1h_adverse_core,3,fold_5
m2k_1h_delay_adverse_filter_avoid_immediate_adverse_move_sm0p75_tm2p00_d15_ts3_aw5_mt8,M2K,2026-01-20 09:30:00-05:00,2026-01-20 10:30:00-05:00,short,avoid_immediate_adverse_move,adverse_w5_ticks8,0.75,2.0,15,True,skip_adverse_move_before_entry,False,,,,2026-01-20 10:46:00-05:00,,2672.1,2672.7,2646.7,,,,,,1,2026-01-20,1H,delay_adverse_filter,m2k_1h_adverse_core,3,fold_5
m2k_1h_delay_adverse_filter_avoid_immediate_adverse_move_sm0p75_tm2p00_d15_ts3_aw5_mt8,M2K,2026-01-29 09:30:00-05:00,2026-01-29 10:30:00-05:00,long,avoid_immediate_adverse_move,adverse_w5_ticks8,0.75,2.0,15,False,invalid_stop_geometry,False,,,,2026-01-29 10:46:00-05:00,,2635.0,,,,,,,,1,2026-01-29,1H,delay_adverse_filter,m2k_1h_adverse_core,3,fold_5
m2k_1h_delay_adverse_filter_avoid_immediate_adverse_move_sm0p75_tm2p00_d15_ts3_aw5_mt8,M2K,2026-02-02 09:30:00-05:00,2026-02-02 10:30:00-05:00,short,avoid_immediate_adverse_move,adverse_w5_ticks8,0.75,2.0,15,True,skip_adverse_move_before_entry,False,,,,2026-02-02 10:46:00-05:00,,2654.9,2655.5,2614.05,,,,,,1,2026-02-02,1H,delay_adverse_filter,m2k_1h_adverse_core,3,fold_5
m2k_1h_delay_adverse_filter_avoid_immediate_adverse_move_sm0p75_tm2p00_d15_ts3_aw5_mt8,M2K,2026-02-06 09:30:00-05:00,2026-02-06 10:30:00-05:00,short,avoid_immediate_adverse_move,adverse_w5_ticks8,0.75,2.0,15,True,skip_adverse_move_before_entry,False,,,,2026-02-06 10:46:00-05:00,,2651.3,2652.05,2603.19,,,,,,1,2026-02-06,1H,delay_adverse_filter,m2k_1h_adverse_core,3,fold_5
m2k_1h_delay_adverse_filter_avoid_immediate_adverse_move_sm0p75_tm2p00_d15_ts3_aw5_mt8,M2K,2026-02-11 09:30:00-05:00,2026-02-11 10:30:00-05:00,long,avoid_immediate_adverse_move,adverse_w5_ticks8,0.75,2.0,15,True,skip_adverse_move_before_entry,False,,,,2026-02-11 10:46:00-05:00,,2653.4,2648.4500000000003,2680.86,,,,,,1,2026-02-11,1H,delay_adverse_filter,m2k_1h_adverse_core,3,fold_5
m2k_1h_delay_adverse_filter_avoid_immediate_adverse_move_sm0p75_tm2p00_d15_ts3_aw5_mt8,M2K,2026-02-17 09:30:00-05:00,2026-02-17 10:30:00-05:00,long,avoid_immediate_adverse_move,adverse_w5_ticks8,0.75,2.0,15,True,skip_adverse_move_before_entry,False,,,,2026-02-17 10:46:00-05:00,,2622.5,2620.4750000000004,2660.18,,,,,,1,2026-02-17,1H,delay_adverse_filter,m2k_1h_adverse_core,3,fold_5
m2k_1h_delay_adverse_filter_avoid_immediate_adverse_move_sm0p75_tm2p00_d15_ts3_aw5_mt8,M2K,2026-02-23 09:30:00-05:00,2026-02-23 10:30:00-05:00,long,avoid_immediate_adverse_move,adverse_w5_ticks8,0.75,2.0,15,True,skip_adverse_move_before_entry,False,,,,2026-02-23 10:46:00-05:00,,2619.6,2618.325,2658.97,,,,,,1,2026-02-23,1H,delay_adverse_filter,m2k_1h_adverse_core,3,fold_5
m2k_1h_delay_adverse_filter_avoid_immediate_adverse_move_sm0p75_tm2p00_d15_ts3_aw5_mt8,M2K,2026-03-02 09:30:00-05:00,2026-03-02 10:30:00-05:00,short,avoid_immediate_adverse_move,adverse_w5_ticks8,0.75,2.0,15,False,none,True,-11.999999999998181,-11.999999999998181,-9.499999999998181,2026-03-02 10:46:00-05:00,2026-03-02 10:47:00-05:00,2638.7000000000003,2640.5,2602.9500000000003,2640.6,stop_1m,1.0,14.00000000000091,20.99999999999909,1,2026-03-02,1H,delay_adverse_filter,m2k_1h_adverse_core,3,fold_5
m2k_1h_delay_adverse_filter_avoid_immediate_adverse_move_sm0p75_tm2p00_d15_ts3_aw5_mt8,M2K,2026-03-03 09:30:00-05:00,2026-03-03 10:30:00-05:00,long,avoid_immediate_adverse_move,adverse_w5_ticks8,0.75,2.0,15,False,none,True,225.0,225.0,227.5,2026-03-03 10:46:00-05:00,2026-03-03 13:21:00-05:00,2572.6,2557.0,2618.2,2618.1,target_1m,155.0,464.0000000000009,90.99999999999909,1,2026-03-03,1H,delay_adverse_filter,m2k_1h_adverse_core,3,fold_5
mgc_1h_delay_stop_zone_filter_require_no_stop_zone_touch_before_entry_sm1p00_tm2p50_d15_ts3_sz0p50,MGC,2022-01-05 09:30:00-05:00,2022-01-05 10:30:00-05:00,long,require_no_stop_zone_touch_before_entry,stop_zone_0p50,1.0,2.5,15,True,skip_pre_entry_stop_zone_touch,False,,,,2022-01-05 10:46:00-05:00,,1823.6999999999998,1823.4,1837.1,,,,,,1,2022-01-05,1H,delay_stop_zone_filter,mgc_1h_stop_zone_core,3,fold_1
mgc_1h_delay_stop_zone_filter_require_no_stop_zone_touch_before_entry_sm1p00_tm2p50_d15_ts3_sz0p50,MGC,2022-01-24 09:30:00-05:00,2022-01-24 10:30:00-05:00,long,require_no_stop_zone_touch_before_entry,stop_zone_0p50,1.0,2.5,15,True,skip_pre_entry_stop_zone_touch,False,,,,2022-01-24 10:46:00-05:00,,1833.1,1829.3,1843.4125,,,,,,1,2022-01-24,1H,delay_stop_zone_filter,mgc_1h_stop_zone_core,3,fold_1
mgc_1h_delay_stop_zone_filter_require_no_stop_zone_touch_before_entry_sm1p00_tm2p50_d15_ts3_sz0p50,MGC,2022-05-03 09:30:00-04:00,2022-05-03 10:30:00-04:00,short,require_no_stop_zone_touch_before_entry,stop_zone_0p50,1.0,2.5,15,False,invalid_stop_geometry,False,,,,2022-05-03 10:46:00-04:00,,1876.7,,,,,,,,1,2022-05-03,1H,delay_stop_zone_filter,mgc_1h_stop_zone_core,3,fold_1
mgc_1h_delay_stop_zone_filter_require_no_stop_zone_touch_before_entry_sm1p00_tm2p50_d15_ts3_sz0p50,MGC,2022-09-13 09:30:00-04:00,2022-09-13 10:30:00-04:00,short,require_no_stop_zone_touch_before_entry,stop_zone_0p50,1.0,2.5,15,True,skip_pre_entry_stop_zone_touch,False,,,,2022-09-13 10:46:00-04:00,,1706.3000000000002,1710.0,1693.8375000000003,,,,,,1,2022-09-13,1H,delay_stop_zone_filter,mgc_1h_stop_zone_core,3,fold_1
mgc_1h_delay_stop_zone_filter_require_no_stop_zone_touch_before_entry_sm1p00_tm2p50_d15_ts3_sz0p50,MGC,2022-09-16 09:30:00-04:00,2022-09-16 10:30:00-04:00,short,require_no_stop_zone_touch_before_entry,stop_zone_0p50,1.0,2.5,15,False,invalid_stop_geometry,False,,,,2022-09-16 10:46:00-04:00,,1676.8000000000002,,,,,,,,1,2022-09-16,1H,delay_stop_zone_filter,mgc_1h_stop_zone_core,3,fold_1
mgc_1h_delay_stop_zone_filter_require_no_stop_zone_touch_before_entry_sm1p00_tm2p50_d15_ts3_sz0p50,MGC,2022-11-02 14:30:00-04:00,2022-11-02 15:30:00-04:00,long,require_no_stop_zone_touch_before_entry,stop_zone_0p50,1.0,2.5,15,True,skip_pre_entry_stop_zone_touch,False,,,,2022-11-02 15:46:00-04:00,,1643.3,1639.0,1662.0124999999998,,,,,,1,2022-11-02,1H,delay_stop_zone_filter,mgc_1h_stop_zone_core,3,fold_1
mgc_1h_delay_stop_zone_filter_require_no_stop_zone_touch_before_entry_sm1p00_tm2p50_d15_ts3_sz0p50,MGC,2023-01-26 10:30:00-05:00,2023-01-26 11:30:00-05:00,long,require_no_stop_zone_touch_before_entry,stop_zone_0p50,1.0,2.5,15,False,none,True,47.500000000002274,47.500000000002274,50.000000000002274,2023-01-26 11:46:00-05:00,2023-01-26 14:46:00-05:00,1925.6999999999998,1918.6,1941.7749999999999,1930.7,time_stop_1m,180.0,79.00000000000091,8.999999999998636,1,2023-01-26,1H,delay_stop_zone_filter,mgc_1h_stop_zone_core,3,fold_2
mgc_1h_delay_stop_zone_filter_require_no_stop_zone_touch_before_entry_sm1p00_tm2p50_d15_ts3_sz0p50,MGC,2023-02-28 09:30:00-05:00,2023-02-28 10:30:00-05:00,short,require_no_stop_zone_touch_before_entry,stop_zone_0p50,1.0,2.5,15,False,none,True,-22.499999999997726,-22.499999999997726,-19.999999999997726,2023-02-28 10:46:00-05:00,2023-02-28 11:06:00-05:00,1833.1000000000001,1835.0,1817.4625,1835.1,stop_1m,20.0,38.00000000000182,27.999999999999545,1,2023-02-28,1H,delay_stop_zone_filter,mgc_1h_stop_zone_core,3,fold_2
mgc_1h_delay_stop_zone_filter_require_no_stop_zone_touch_before_entry_sm1p00_tm2p50_d15_ts3_sz0p50,MGC,2023-04-28 09:30:00-04:00,2023-04-28 10:30:00-04:00,long,require_no_stop_zone_touch_before_entry,stop_zone_0p50,1.0,2.5,15,True,skip_pre_entry_stop_zone_touch,False,,,,2023-04-28 10:46:00-04:00,,1998.6999999999998,1990.8,2015.4249999999997,,,,,,1,2023-04-28,1H,delay_stop_zone_filter,mgc_1h_stop_zone_core,3,fold_2
mgc_1h_delay_stop_zone_filter_require_no_stop_zone_touch_before_entry_sm1p00_tm2p50_d15_ts3_sz0p50,MGC,2023-05-01 09:30:00-04:00,2023-05-01 10:30:00-04:00,long,require_no_stop_zone_touch_before_entry,stop_zone_0p50,1.0,2.5,15,False,invalid_stop_geometry,False,,,,2023-05-01 10:46:00-04:00,,1992.5,,,,,,,,1,2023-05-01,1H,delay_stop_zone_filter,mgc_1h_stop_zone_core,3,fold_2
mgc_1h_delay_stop_zone_filter_require_no_stop_zone_touch_before_entry_sm1p00_tm2p50_d15_ts3_sz0p50,MGC,2023-05-11 09:30:00-04:00,2023-05-11 10:30:00-04:00,long,require_no_stop_zone_touch_before_entry,stop_zone_0p50,1.0,2.5,15,False,none,True,-73.49999999999682,-73.49999999999682,-70.99999999999682,2023-05-11 10:46:00-04:00,2023-05-11 13:46:00-04:00,2027.1999999999998,2016.7,2042.0499999999997,2020.1000000000001,time_stop_1m,180.0,8.000000000001819,86.99999999999818,1,2023-05-11,1H,delay_stop_zone_filter,mgc_1h_stop_zone_core,3,fold_2
mgc_1h_delay_stop_zone_filter_require_no_stop_zone_touch_before_entry_sm1p00_tm2p50_d15_ts3_sz0p50,MGC,2023-11-14 09:30:00-05:00,2023-11-14 10:30:00-05:00,short,require_no_stop_zone_touch_before_entry,stop_zone_0p50,1.0,2.5,15,True,skip_pre_entry_stop_zone_touch,False,,,,2023-11-14 10:46:00-05:00,,1970.5,1975.3,1955.1875,,,,,,1,2023-11-14,1H,delay_stop_zone_filter,mgc_1h_stop_zone_core,3,fold_2
mgc_1h_raw_hybrid_none_sm1p00_tm1p00_d0_ts4,MGC,2024-03-21 09:30:00-04:00,2024-03-21 10:30:00-04:00,long,none,none,1.0,1.0,0,False,none,True,-20.49999999999727,-20.49999999999727,-17.99999999999727,2024-03-21 10:31:00-04:00,2024-03-21 10:38:00-04:00,2180.0,2178.3,2187.96,2178.2000000000003,stop_1m,7.0,33.00000000000182,23.00000000000182,1,2024-03-21,1H,raw_hybrid,mgc_1h_raw_baseline,4,fold_3
mgc_1h_raw_hybrid_none_sm1p00_tm1p00_d0_ts4,MGC,2024-05-03 09:30:00-04:00,2024-05-03 10:30:00-04:00,long,none,none,1.0,1.0,0,False,none,True,110.70000000000164,110.70000000000164,113.20000000000164,2024-05-03 10:31:00-04:00,2024-05-03 12:52:00-04:00,2296.7,2285.2,2308.12,2308.02,target_1m,141.0,124.00000000000091,50.0,1,2024-05-03,1H,raw_hybrid,mgc_1h_raw_baseline,4,fold_3
mgc_1h_raw_hybrid_none_sm1p00_tm1p00_d0_ts4,MGC,2024-05-22 09:30:00-04:00,2024-05-22 10:30:00-04:00,long,none,none,1.0,1.0,0,False,none,True,-11.499999999996362,-11.499999999996362,-8.999999999996362,2024-05-22 10:31:00-04:00,2024-05-22 10:32:00-04:00,2387.7999999999997,2387.0,2396.91,2386.9,stop_1m,1.0,5.0000000000045475,24.999999999995453,1,2024-05-22,1H,raw_hybrid,mgc_1h_raw_baseline,4,fold_3
mgc_1h_raw_hybrid_none_sm1p00_tm1p00_d0_ts4,MGC,2024-07-08 11:30:00-04:00,2024-07-08 12:30:00-04:00,long,none,none,1.0,1.0,0,False,none,True,46.50000000000091,46.50000000000091,49.00000000000091,2024-07-08 12:31:00-04:00,2024-07-08 16:00:00-04:00,2361.6,2358.3,2369.08,2366.5,eod_flat_1m,209.0,59.00000000000091,0.9999999999990905,1,2024-07-08,1H,raw_hybrid,mgc_1h_raw_baseline,4,fold_3
mgc_1h_raw_hybrid_none_sm1p00_tm1p00_d0_ts4,MGC,2024-09-06 11:30:00-04:00,2024-09-06 12:30:00-04:00,long,none,none,1.0,1.0,0,False,none,True,-29.49999999999818,-29.49999999999818,-26.99999999999818,2024-09-06 12:31:00-04:00,2024-09-06 12:41:00-04:00,2498.1,2495.5,2506.75,2495.4,stop_1m,10.0,32.00000000000273,67.99999999999727,1,2024-09-06,1H,raw_hybrid,mgc_1h_raw_baseline,4,fold_3
mgc_1h_raw_hybrid_none_sm1p00_tm1p00_d0_ts4,MGC,2024-11-06 09:30:00-05:00,2024-11-06 10:30:00-05:00,short,none,none,1.0,1.0,0,False,none,True,-19.49999999999818,-19.49999999999818,-16.99999999999818,2024-11-06 10:31:00-05:00,2024-11-06 10:32:00-05:00,2675.8,2677.4,2665.425,2677.5,stop_1m,1.0,-0.9999999999990905,40.99999999999909,1,2024-11-06,1H,raw_hybrid,mgc_1h_raw_baseline,4,fold_3
mgc_1h_raw_hybrid_none_sm1p00_tm1p00_d0_ts4,MGC,2024-11-25 09:30:00-05:00,2024-11-25 10:30:00-05:00,long,none,none,1.0,1.0,0,False,none,True,-81.50000000000091,-81.50000000000091,-79.00000000000091,2024-11-25 10:31:00-05:00,2024-11-25 10:54:00-05:00,2639.0,2631.2,2650.105,2631.1,stop_1m,23.0,0.9999999999990905,99.00000000000091,1,2024-11-25,1H,raw_hybrid,mgc_1h_raw_baseline,4,fold_3
mgc_1h_none_baseline_none_sm1p00_tm2p50_d5_ts4,MGC,2025-01-03 09:30:00-05:00,2025-01-03 10:30:00-05:00,long,none,none,1.0,2.5,5,False,none,True,-38.49999999999909,-38.49999999999909,-35.99999999999909,2025-01-03 10:36:00-05:00,2025-01-03 11:27:00-05:00,2658.5,2655.0,2676.425,2654.9,stop_1m,51.0,30.0,45.0,1,2025-01-03,1H,none_baseline,mgc_1h_none_core,4,fold_4
mgc_1h_none_baseline_none_sm1p00_tm2p50_d5_ts4,MGC,2025-01-06 09:30:00-05:00,2025-01-06 10:30:00-05:00,short,none,none,1.0,2.5,5,False,none,True,-48.49999999999909,-48.49999999999909,-45.99999999999909,2025-01-06 10:36:00-05:00,2025-01-06 11:44:00-05:00,2647.4,2651.9,2629.6125,2652.0,stop_1m,68.0,44.00000000000091,49.00000000000091,1,2025-01-06,1H,none_baseline,mgc_1h_none_core,4,fold_4
mgc_1h_none_baseline_none_sm1p00_tm2p50_d5_ts4,MGC,2025-01-10 10:30:00-05:00,2025-01-10 11:30:00-05:00,long,none,none,1.0,2.5,5,False,none,True,-47.5,-47.5,-45.0,2025-01-10 11:36:00-05:00,2025-01-10 13:25:00-05:00,2720.1,2715.7,2744.3999999999996,2715.6,stop_1m,109.0,90.99999999999909,45.99999999999909,1,2025-01-10,1H,none_baseline,mgc_1h_none_core,4,fold_4
mgc_1h_none_baseline_none_sm1p00_tm2p50_d5_ts4,MGC,2025-01-15 09:30:00-05:00,2025-01-15 10:30:00-05:00,long,none,none,1.0,2.5,5,False,none,True,155.50000000000182,155.50000000000182,158.00000000000182,2025-01-15 10:36:00-05:00,2025-01-15 14:36:00-05:00,2702.7,2697.9,2725.475,2718.5,time_stop_1m,240.0,167.00000000000273,45.0,1,2025-01-15,1H,none_baseline,mgc_1h_none_core,4,fold_4
mgc_1h_none_baseline_none_sm1p00_tm2p50_d5_ts4,MGC,2025-01-27 09:30:00-05:00,2025-01-27 10:30:00-05:00,long,none,none,1.0,2.5,5,False,invalid_stop_geometry,False,,,,2025-01-27 10:36:00-05:00,,2742.7999999999997,,,,,,,,1,2025-01-27,1H,none_baseline,mgc_1h_none_core,4,fold_4
mgc_1h_none_baseline_none_sm1p00_tm2p50_d5_ts4,MGC,2025-03-04 09:30:00-05:00,2025-03-04 10:30:00-05:00,long,none,none,1.0,2.5,5,False,none,True,43.50000000000364,43.50000000000364,46.00000000000364,2025-03-04 10:36:00-05:00,2025-03-04 14:36:00-05:00,2919.2,2910.9,2950.6375,2923.8,time_stop_1m,240.0,85.0,51.99999999999818,1,2025-03-04,1H,none_baseline,mgc_1h_none_core,4,fold_4
mgc_1h_none_baseline_none_sm1p00_tm2p50_d5_ts4,MGC,2025-03-21 09:30:00-04:00,2025-03-21 10:30:00-04:00,long,none,none,1.0,2.5,5,False,none,True,135.50000000000182,135.50000000000182,138.00000000000182,2025-03-21 10:36:00-04:00,2025-03-21 14:36:00-04:00,3012.6,3004.0,3036.95,3026.4,time_stop_1m,240.0,139.0000000000009,20.0,1,2025-03-21,1H,none_baseline,mgc_1h_none_core,4,fold_4
mgc_1h_none_baseline_none_sm1p00_tm2p50_d5_ts4,MGC,2025-05-08 11:30:00-04:00,2025-05-08 12:30:00-04:00,long,none,none,1.0,2.5,5,False,none,True,-68.49999999999909,-68.49999999999909,-65.99999999999909,2025-05-08 12:36:00-04:00,2025-05-08 13:04:00-04:00,3316.2,3309.7,3365.925,3309.6,stop_1m,28.0,51.00000000000364,80.99999999999909,1,2025-05-08,1H,none_baseline,mgc_1h_none_core,4,fold_4
mgc_1h_none_baseline_none_sm1p00_tm2p50_d5_ts4,MGC,2025-07-08 09:30:00-04:00,2025-07-08 10:30:00-04:00,long,none,none,1.0,2.5,5,False,none,True,-27.499999999995453,-27.499999999995453,-24.999999999995453,2025-07-08 10:36:00-04:00,2025-07-08 10:37:00-04:00,3311.7,3309.3,3337.4375,3309.2000000000003,stop_1m,1.0,1.000000000003638,53.99999999999636,1,2025-07-08,1H,none_baseline,mgc_1h_none_core,4,fold_4
mgc_1h_none_baseline_none_sm1p00_tm2p50_d5_ts4,MGC,2025-07-09 09:30:00-04:00,2025-07-09 10:30:00-04:00,short,none,none,1.0,2.5,5,False,invalid_stop_geometry,False,,,,2025-07-09 10:36:00-04:00,,3319.6,,,,,,,,1,2025-07-09,1H,none_baseline,mgc_1h_none_core,4,fold_4
mgc_1h_none_baseline_none_sm1p00_tm2p50_d5_ts4,MGC,2025-07-16 10:30:00-04:00,2025-07-16 11:30:00-04:00,short,none,none,1.0,2.5,5,False,none,True,275.0,275.0,277.5,2025-07-16 11:36:00-04:00,2025-07-16 11:56:00-04:00,3376.0,3381.4,3348.15,3348.25,target_1m,20.0,330.9999999999991,53.00000000000182,1,2025-07-16,1H,none_baseline,mgc_1h_none_core,4,fold_4
mgc_1h_none_baseline_none_sm1p00_tm2p50_d5_ts4,MGC,2025-09-04 09:30:00-04:00,2025-09-04 10:30:00-04:00,long,none,none,1.0,2.5,5,False,none,True,16.50000000000091,16.50000000000091,19.00000000000091,2025-09-04 10:36:00-04:00,2025-09-04 14:36:00-04:00,3571.9,3562.2,3603.3375000000005,3573.8,time_stop_1m,240.0,140.9999999999991,20.0,1,2025-09-04,1H,none_baseline,mgc_1h_none_core,4,fold_4
mgc_1h_none_baseline_none_sm1p00_tm2p50_d5_ts4,MGC,2025-11-11 09:30:00-05:00,2025-11-11 10:30:00-05:00,long,none,none,1.0,2.5,5,False,none,True,166.49999999998727,166.49999999998727,168.99999999998727,2025-11-11 10:36:00-05:00,2025-11-11 14:36:00-05:00,4107.900000000001,4102.8,4158.05,4124.799999999999,time_stop_1m,240.0,177.99999999999272,41.00000000000364,1,2025-11-11,1H,none_baseline,mgc_1h_none_core,4,fold_4
mgc_1h_none_baseline_none_sm1p00_tm2p50_d5_ts4,MGC,2026-01-14 09:30:00-05:00,2026-01-14 10:30:00-05:00,long,none,none,1.0,2.5,5,False,none,True,216.49999999998727,216.49999999998727,218.99999999998727,2026-01-14 10:36:00-05:00,2026-01-14 14:36:00-05:00,4620.900000000001,4605.8,4684.337500000001,4642.799999999999,time_stop_1m,240.0,306.9999999999982,132.00000000000728,1,2026-01-14,1H,none_baseline,mgc_1h_none_core,4,fold_5
mgc_1h_none_baseline_none_sm1p00_tm2p50_d5_ts4,MGC,2026-01-16 09:30:00-05:00,2026-01-16 10:30:00-05:00,long,none,none,1.0,2.5,5,False,invalid_stop_geometry,False,,,,2026-01-16 10:36:00-05:00,,4548.5,,,,,,,,1,2026-01-16,1H,none_baseline,mgc_1h_none_core,4,fold_5
mgc_1h_none_baseline_none_sm1p00_tm2p50_d5_ts4,MGC,2026-03-03 09:30:00-05:00,2026-03-03 10:30:00-05:00,long,none,none,1.0,2.5,5,False,none,True,492.4999999999909,492.4999999999909,494.9999999999909,2026-03-03 10:36:00-05:00,2026-03-03 14:36:00-05:00,5065.8,5005.0,5181.275,5115.299999999999,time_stop_1m,240.0,955.9999999999945,56.00000000000364,1,2026-03-03,1H,none_baseline,mgc_1h_none_core,4,fold_5
mnq_1h_none_baseline_none_sm1p00_tm2p00_d30_ts2,MNQ,2022-01-04 09:30:00-05:00,2022-01-04 10:30:00-05:00,long,none,none,1.0,2.0,30,False,invalid_stop_geometry,False,,,,2022-01-04 11:01:00-05:00,,16203.0,,,,,,,,1,2022-01-04,1H,none_baseline,mnq_1h_negative_control_none,2,fold_1
mnq_1h_none_baseline_none_sm1p00_tm2p00_d30_ts2,MNQ,2022-01-07 09:30:00-05:00,2022-01-07 10:30:00-05:00,long,none,none,1.0,2.0,30,False,invalid_stop_geometry,False,,,,2022-01-07 11:01:00-05:00,,15564.0,,,,,,,,1,2022-01-07,1H,none_baseline,mnq_1h_negative_control_none,2,fold_1
mnq_1h_none_baseline_none_sm1p00_tm2p00_d30_ts2,MNQ,2022-01-10 09:30:00-05:00,2022-01-10 10:30:00-05:00,long,none,none,1.0,2.0,30,False,invalid_stop_geometry,False,,,,2022-01-10 11:01:00-05:00,,15185.75,,,,,,,,1,2022-01-10,1H,none_baseline,mnq_1h_negative_control_none,2,fold_1
mnq_1h_none_baseline_none_sm1p00_tm2p00_d30_ts2,MNQ,2022-01-14 09:30:00-05:00,2022-01-14 10:30:00-05:00,short,none,none,1.0,2.0,30,False,none,True,138.5,138.5,141.0,2022-01-14 11:01:00-05:00,2022-01-14 13:01:00-05:00,15523.5,15601.0,15306.15,15453.0,time_stop_1m,120.0,422.0,196.0,1,2022-01-14,1H,none_baseline,mnq_1h_negative_control_none,2,fold_1
mnq_1h_none_baseline_none_sm1p00_tm2p00_d30_ts2,MNQ,2022-01-21 10:30:00-05:00,2022-01-21 11:30:00-05:00,short,none,none,1.0,2.0,30,False,none,True,141.5,141.5,144.0,2022-01-21 12:01:00-05:00,2022-01-21 14:01:00-05:00,14685.0,14858.5,14408.325,14613.0,time_stop_1m,120.0,428.0,231.0,1,2022-01-21,1H,none_baseline,mnq_1h_negative_control_none,2,fold_1
mnq_1h_none_baseline_none_sm1p00_tm2p00_d30_ts2,MNQ,2022-02-18 09:30:00-05:00,2022-02-18 10:30:00-05:00,long,none,none,1.0,2.0,30,False,invalid_stop_geometry,False,,,,2022-02-18 11:01:00-05:00,,14042.75,,,,,,,,1,2022-02-18,1H,none_baseline,mnq_1h_negative_control_none,2,fold_1
mnq_1h_none_baseline_none_sm1p00_tm2p00_d30_ts2,MNQ,2022-02-23 09:30:00-05:00,2022-02-23 10:30:00-05:00,long,none,none,1.0,2.0,30,False,invalid_stop_geometry,False,,,,2022-02-23 11:01:00-05:00,,13772.0,,,,,,,,1,2022-02-23,1H,none_baseline,mnq_1h_negative_control_none,2,fold_1
mnq_1h_none_baseline_none_sm1p00_tm2p00_d30_ts2,MNQ,2022-02-24 09:30:00-05:00,2022-02-24 10:30:00-05:00,short,none,none,1.0,2.0,30,False,none,True,-49.0,-49.0,-46.5,2022-02-24 11:01:00-05:00,2022-02-24 11:07:00-05:00,13460.0,13483.0,13130.55,13483.25,stop_1m,6.0,166.0,138.0,1,2022-02-24,1H,none_baseline,mnq_1h_negative_control_none,2,fold_1
mnq_1h_none_baseline_none_sm1p00_tm2p00_d30_ts2,MNQ,2022-03-21 09:30:00-04:00,2022-03-21 10:30:00-04:00,long,none,none,1.0,2.0,30,False,none,True,-211.5,-211.5,-209.0,2022-03-21 11:01:00-04:00,2022-03-21 13:01:00-04:00,14355.0,14228.0,14660.275,14250.5,time_stop_1m,120.0,401.0,462.0,1,2022-03-21,1H,none_baseline,mnq_1h_negative_control_none,2,fold_1
mnq_1h_none_baseline_none_sm1p00_tm2p00_d30_ts2,MNQ,2022-03-21 10:30:00-04:00,2022-03-21 11:30:00-04:00,short,none,none,1.0,2.0,30,False,blocked_by_open_trade,False,,,,2022-03-21 12:01:00-04:00,,,,,,,,,,1,2022-03-21,1H,none_baseline,mnq_1h_negative_control_none,2,fold_1
mnq_1h_none_baseline_none_sm1p00_tm2p00_d30_ts2,MNQ,2022-03-21 12:30:00-04:00,2022-03-21 13:30:00-04:00,long,none,none,1.0,2.0,30,False,none,True,223.5,223.5,226.0,2022-03-21 14:01:00-04:00,2022-03-21 16:00:00-04:00,14254.5,14183.75,14581.025,14367.5,eod_flat_1m,119.0,481.0,104.0,1,2022-03-21,1H,none_baseline,mnq_1h_negative_control_none,2,fold_1
mnq_1h_none_baseline_none_sm1p00_tm2p00_d30_ts2,MNQ,2022-03-22 09:30:00-04:00,2022-03-22 10:30:00-04:00,short,none,none,1.0,2.0,30,False,invalid_stop_geometry,False,,,,2022-03-22 11:01:00-04:00,,14606.5,,,,,,,,1,2022-03-22,1H,none_baseline,mnq_1h_negative_control_none,2,fold_1
mnq_1h_none_baseline_none_sm1p00_tm2p00_d30_ts2,MNQ,2022-04-05 09:30:00-04:00,2022-04-05 10:30:00-04:00,long,none,none,1.0,2.0,30,False,none,True,-58.0,-58.0,-55.5,2022-04-05 11:01:00-04:00,2022-04-05 11:16:00-04:00,14962.75,14935.25,15147.525,14935.0,stop_1m,15.0,63.0,111.0,1,2022-04-05,1H,none_baseline,mnq_1h_negative_control_none,2,fold_1
mnq_1h_none_baseline_none_sm1p00_tm2p00_d30_ts2,MNQ,2022-04-06 09:30:00-04:00,2022-04-06 10:30:00-04:00,long,none,none,1.0,2.0,30,False,none,True,-29.0,-29.0,-26.5,2022-04-06 11:01:00-04:00,2022-04-06 11:09:00-04:00,14468.0,14455.0,14677.7,14454.75,stop_1m,8.0,120.0,72.0,1,2022-04-06,1H,none_baseline,mnq_1h_negative_control_none,2,fold_1
mnq_1h_none_baseline_none_sm1p00_tm2p00_d30_ts2,MNQ,2022-04-20 09:30:00-04:00,2022-04-20 10:30:00-04:00,long,none,none,1.0,2.0,30,False,none,True,-134.5,-134.5,-132.0,2022-04-20 11:01:00-04:00,2022-04-20 11:18:00-04:00,14102.75,14037.0,14319.25,14036.75,stop_1m,17.0,41.0,295.0,1,2022-04-20,1H,none_baseline,mnq_1h_negative_control_none,2,fold_1
mnq_1h_none_baseline_none_sm1p00_tm2p00_d30_ts2,MNQ,2022-04-22 09:30:00-04:00,2022-04-22 10:30:00-04:00,long,none,none,1.0,2.0,30,False,none,True,-92.5,-92.5,-90.0,2022-04-22 11:01:00-04:00,2022-04-22 11:37:00-04:00,13627.25,13582.5,13875.375,13582.25,stop_1m,36.0,181.0,210.0,1,2022-04-22,1H,none_baseline,mnq_1h_negative_control_none,2,fold_1
mnq_1h_none_baseline_none_sm1p00_tm2p00_d30_ts2,MNQ,2022-04-25 09:30:00-04:00,2022-04-25 10:30:00-04:00,short,none,none,1.0,2.0,30,False,none,True,-132.0,-132.0,-129.5,2022-04-25 11:01:00-04:00,2022-04-25 12:50:00-04:00,13342.5,13407.0,13085.15,13407.25,stop_1m,109.0,408.0,264.0,1,2022-04-25,1H,none_baseline,mnq_1h_negative_control_none,2,fold_1
mnq_1h_none_baseline_none_sm1p00_tm2p00_d30_ts2,MNQ,2022-04-26 09:30:00-04:00,2022-04-26 10:30:00-04:00,long,none,none,1.0,2.0,30,False,invalid_stop_geometry,False,,,,2022-04-26 11:01:00-04:00,,13142.5,,,,,,,,1,2022-04-26,1H,none_baseline,mnq_1h_negative_control_none,2,fold_1
mnq_1h_none_baseline_none_sm1p00_tm2p00_d30_ts2,MNQ,2022-04-28 09:30:00-04:00,2022-04-28 10:30:00-04:00,long,none,none,1.0,2.0,30,False,none,True,524.0,524.0,526.5,2022-04-28 11:01:00-04:00,2022-04-28 13:01:00-04:00,13096.75,13063.75,13410.85,13360.0,time_stop_1m,120.0,1107.0,24.0,1,2022-04-28,1H,none_baseline,mnq_1h_negative_control_none,2,fold_1
mnq_1h_none_baseline_none_sm1p00_tm2p00_d30_ts2,MNQ,2022-05-02 09:30:00-04:00,2022-05-02 10:30:00-04:00,short,none,none,1.0,2.0,30,False,none,True,163.5,163.5,166.0,2022-05-02 11:01:00-04:00,2022-05-02 13:01:00-04:00,12897.0,12994.25,12606.875,12814.0,time_stop_1m,120.0,392.0,234.0,1,2022-05-02,1H,none_baseline,mnq_1h_negative_control_none,2,fold_1
mnq_1h_none_baseline_none_sm1p00_tm2p00_d30_ts2,MNQ,2022-05-12 09:30:00-04:00,2022-05-12 10:30:00-04:00,short,none,none,1.0,2.0,30,False,invalid_stop_geometry,False,,,,2022-05-12 11:01:00-04:00,,12057.5,,,,,,,,1,2022-05-12,1H,none_baseline,mnq_1h_negative_control_none,2,fold_1
mnq_1h_none_baseline_none_sm1p00_tm2p00_d30_ts2,MNQ,2022-05-25 09:30:00-04:00,2022-05-25 10:30:00-04:00,short,none,none,1.0,2.0,30,False,none,True,-36.0,-36.0,-33.5,2022-05-25 11:01:00-04:00,2022-05-25 11:12:00-04:00,11874.5,11891.0,11571.55,11891.25,stop_1m,11.0,153.0,80.0,1,2022-05-25,1H,none_baseline,mnq_1h_negative_control_none,2,fold_1
mnq_1h_none_baseline_none_sm1p00_tm2p00_d30_ts2,MNQ,2022-06-09 09:30:00-04:00,2022-06-09 10:30:00-04:00,short,none,none,1.0,2.0,30,False,none,True,-7.5,-7.5,-5.0,2022-06-09 11:01:00-04:00,2022-06-09 13:01:00-04:00,12584.75,12654.75,12393.7,12587.25,time_stop_1m,120.0,232.0,117.0,1,2022-06-09,1H,none_baseline,mnq_1h_negative_control_none,2,fold_1
mnq_1h_none_baseline_none_sm1p00_tm2p00_d30_ts2,MNQ,2022-06-21 09:30:00-04:00,2022-06-21 10:30:00-04:00,short,none,none,1.0,2.0,30,False,none,True,-6.5,-6.5,-4.0,2022-06-21 11:01:00-04:00,2022-06-21 11:02:00-04:00,11664.5,11666.25,11366.65,11666.5,stop_1m,1.0,30.0,17.0,1,2022-06-21,1H,none_baseline,mnq_1h_negative_control_none,2,fold_1
mnq_1h_none_baseline_none_sm1p00_tm2p00_d30_ts2,MNQ,2022-06-22 09:30:00-04:00,2022-06-22 10:30:00-04:00,short,none,none,1.0,2.0,30,False,none,True,-58.5,-58.5,-56.0,2022-06-22 11:01:00-04:00,2022-06-22 11:33:00-04:00,11688.0,11715.75,11447.175,11716.0,stop_1m,32.0,174.0,111.0,1,2022-06-22,1H,none_baseline,mnq_1h_negative_control_none,2,fold_1
mnq_1h_none_baseline_none_sm1p00_tm2p00_d30_ts2,MNQ,2022-06-24 09:30:00-04:00,2022-06-24 10:30:00-04:00,short,none,none,1.0,2.0,30,False,none,True,-30.5,-30.5,-28.0,2022-06-24 11:01:00-04:00,2022-06-24 13:01:00-04:00,12014.5,12082.75,11794.525,12028.5,time_stop_1m,120.0,181.0,109.0,1,2022-06-24,1H,none_baseline,mnq_1h_negative_control_none,2,fold_1
mnq_1h_none_baseline_none_sm1p00_tm2p00_d30_ts2,MNQ,2022-06-27 09:30:00-04:00,2022-06-27 10:30:00-04:00,long,none,none,1.0,2.0,30,False,none,True,-107.5,-107.5,-105.0,2022-06-27 11:01:00-04:00,2022-06-27 13:01:00-04:00,12137.75,12020.25,12348.075,12085.25,time_stop_1m,120.0,56.0,390.0,1,2022-06-27,1H,none_baseline,mnq_1h_negative_control_none,2,fold_1
mnq_1h_none_baseline_none_sm1p00_tm2p00_d30_ts2,MNQ,2022-07-13 09:30:00-04:00,2022-07-13 10:30:00-04:00,short,none,none,1.0,2.0,30,False,invalid_stop_geometry,False,,,,2022-07-13 11:01:00-04:00,,11780.0,,,,,,,,1,2022-07-13,1H,none_baseline,mnq_1h_negative_control_none,2,fold_1
mnq_1h_none_baseline_none_sm1p00_tm2p00_d30_ts2,MNQ,2022-07-21 09:30:00-04:00,2022-07-21 10:30:00-04:00,long,none,none,1.0,2.0,30,False,none,True,254.5,254.5,257.0,2022-07-21 11:01:00-04:00,2022-07-21 13:01:00-04:00,12470.75,12373.5,12650.2,12599.25,time_stop_1m,120.0,601.0,23.0,1,2022-07-21,1H,none_baseline,mnq_1h_negative_control_none,2,fold_1
mnq_1h_none_baseline_none_sm1p00_tm2p00_d30_ts2,MNQ,2022-07-28 09:30:00-04:00,2022-07-28 10:30:00-04:00,long,none,none,1.0,2.0,30,False,none,True,90.5,90.5,93.0,2022-07-28 11:01:00-04:00,2022-07-28 13:01:00-04:00,12579.5,12452.25,12780.0,12626.0,time_stop_1m,120.0,462.0,9.0,1,2022-07-28,1H,none_baseline,mnq_1h_negative_control_none,2,fold_1
mnq_1h_none_baseline_none_sm1p00_tm2p00_d30_ts2,MNQ,2022-07-29 09:30:00-04:00,2022-07-29 10:30:00-04:00,short,none,none,1.0,2.0,30,False,none,True,-46.0,-46.0,-43.5,2022-07-29 11:01:00-04:00,2022-07-29 13:01:00-04:00,12865.75,12930.5,12654.775,12887.5,time_stop_1m,120.0,318.0,148.0,1,2022-07-29,1H,none_baseline,mnq_1h_negative_control_none,2,fold_1
mnq_1h_none_baseline_none_sm1p00_tm2p00_d30_ts2,MNQ,2022-08-09 09:30:00-04:00,2022-08-09 10:30:00-04:00,long,none,none,1.0,2.0,30,False,none,True,-87.5,-87.5,-85.0,2022-08-09 11:01:00-04:00,2022-08-09 12:27:00-04:00,13015.25,12973.0,13219.6,12972.75,stop_1m,86.0,209.0,178.0,1,2022-08-09,1H,none_baseline,mnq_1h_negative_control_none,2,fold_1
mnq_1h_none_baseline_none_sm1p00_tm2p00_d30_ts2,MNQ,2022-08-22 09:30:00-04:00,2022-08-22 10:30:00-04:00,long,none,none,1.0,2.0,30,False,invalid_stop_geometry,False,,,,2022-08-22 11:01:00-04:00,,12954.25,,,,,,,,1,2022-08-22,1H,none_baseline,mnq_1h_negative_control_none,2,fold_1
mnq_1h_none_baseline_none_sm1p00_tm2p00_d30_ts2,MNQ,2022-08-25 09:30:00-04:00,2022-08-25 10:30:00-04:00,short,none,none,1.0,2.0,30,False,none,True,71.5,71.5,74.0,2022-08-25 11:01:00-04:00,2022-08-25 13:01:00-04:00,13075.0,13101.75,12937.175,13038.0,time_stop_1m,120.0,312.0,4.0,1,2022-08-25,1H,none_baseline,mnq_1h_negative_control_none,2,fold_1
mnq_1h_none_baseline_none_sm1p00_tm2p00_d30_ts2,MNQ,2022-08-26 09:30:00-04:00,2022-08-26 10:30:00-04:00,long,none,none,1.0,2.0,30,False,invalid_stop_geometry,False,,,,2022-08-26 11:01:00-04:00,,12889.75,,,,,,,,1,2022-08-26,1H,none_baseline,mnq_1h_negative_control_none,2,fold_1
mnq_1h_none_baseline_none_sm1p00_tm2p00_d30_ts2,MNQ,2022-08-30 09:30:00-04:00,2022-08-30 10:30:00-04:00,long,none,none,1.0,2.0,30,False,invalid_stop_geometry,False,,,,2022-08-30 11:01:00-04:00,,12354.5,,,,,,,,1,2022-08-30,1H,none_baseline,mnq_1h_negative_control_none,2,fold_1
mnq_1h_none_baseline_none_sm1p00_tm2p00_d30_ts2,MNQ,2022-08-31 09:30:00-04:00,2022-08-31 10:30:00-04:00,long,none,none,1.0,2.0,30,False,invalid_stop_geometry,False,,,,2022-08-31 11:01:00-04:00,,12350.25,,,,,,,,1,2022-08-31,1H,none_baseline,mnq_1h_negative_control_none,2,fold_1
mnq_1h_none_baseline_none_sm1p00_tm2p00_d30_ts2,MNQ,2022-09-26 09:30:00-04:00,2022-09-26 10:30:00-04:00,short,none,none,1.0,2.0,30,False,none,True,194.0,194.0,196.5,2022-09-26 11:01:00-04:00,2022-09-26 13:01:00-04:00,11464.25,11537.75,11212.3,11366.0,time_stop_1m,120.0,620.0,29.0,1,2022-09-26,1H,none_baseline,mnq_1h_negative_control_none,2,fold_1
mnq_1h_none_baseline_none_sm1p00_tm2p00_d30_ts2,MNQ,2022-10-07 09:30:00-04:00,2022-10-07 10:30:00-04:00,long,none,none,1.0,2.0,30,False,none,True,-78.0,-78.0,-75.5,2022-10-07 11:01:00-04:00,2022-10-07 11:19:00-04:00,11242.0,11204.5,11466.025,11204.25,stop_1m,18.0,59.0,188.0,1,2022-10-07,1H,none_baseline,mnq_1h_negative_control_none,2,fold_1
mnq_1h_none_baseline_none_sm1p00_tm2p00_d30_ts2,MNQ,2022-10-13 10:30:00-04:00,2022-10-13 11:30:00-04:00,short,none,none,1.0,2.0,30,False,none,True,-9.0,-9.0,-6.5,2022-10-13 12:01:00-04:00,2022-10-13 12:02:00-04:00,11012.75,11015.75,10761.0,11016.0,stop_1m,1.0,59.0,135.0,1,2022-10-13,1H,none_baseline,mnq_1h_negative_control_none,2,fold_1
mnq_1h_none_baseline_none_sm1p00_tm2p00_d30_ts2,MNQ,2022-10-14 09:30:00-04:00,2022-10-14 10:30:00-04:00,long,none,none,1.0,2.0,30,False,none,True,-191.0,-191.0,-188.5,2022-10-14 11:01:00-04:00,2022-10-14 11:44:00-04:00,10954.0,10860.0,11246.675,10859.75,stop_1m,43.0,70.0,383.0,1,2022-10-14,1H,none_baseline,mnq_1h_negative_control_none,2,fold_1
mnq_1h_none_baseline_none_sm1p00_tm2p00_d30_ts2,MNQ,2022-10-26 09:30:00-04:00,2022-10-26 10:30:00-04:00,short,none,none,1.0,2.0,30,False,invalid_stop_geometry,False,,,,2022-10-26 11:01:00-04:00,,11623.25,,,,,,,,1,2022-10-26,1H,none_baseline,mnq_1h_negative_control_none,2,fold_1
mnq_1h_none_baseline_none_sm1p00_tm2p00_d30_ts2,MNQ,2022-10-28 09:30:00-04:00,2022-10-28 10:30:00-04:00,short,none,none,1.0,2.0,30,False,invalid_stop_geometry,False,,,,2022-10-28 11:01:00-04:00,,11473.5,,,,,,,,1,2022-10-28,1H,none_baseline,mnq_1h_negative_control_none,2,fold_1
mnq_1h_none_baseline_none_sm1p00_tm2p00_d30_ts2,MNQ,2022-11-01 09:30:00-04:00,2022-11-01 10:30:00-04:00,long,none,none,1.0,2.0,30,False,invalid_stop_geometry,False,,,,2022-11-01 11:01:00-04:00,,11363.5,,,,,,,,1,2022-11-01,1H,none_baseline,mnq_1h_negative_control_none,2,fold_1
mnq_1h_none_baseline_none_sm1p00_tm2p00_d30_ts2,MNQ,2022-11-02 14:30:00-04:00,2022-11-02 15:30:00-04:00,long,none,none,1.0,2.0,30,False,entry_delay_out_of_session,False,,,,,,,,,,,,,,1,2022-11-02,1H,none_baseline,mnq_1h_negative_control_none,2,fold_1
mnq_1h_none_baseline_none_sm1p00_tm2p00_d30_ts2,MNQ,2022-11-30 13:30:00-05:00,2022-11-30 14:30:00-05:00,short,none,none,1.0,2.0,30,False,none,True,-84.0,-84.0,-81.5,2022-11-30 15:01:00-05:00,2022-11-30 15:09:00-05:00,11891.5,11932.0,11724.275,11932.25,stop_1m,8.0,21.0,169.0,1,2022-11-30,1H,none_baseline,mnq_1h_negative_control_none,2,fold_1
mnq_1h_none_baseline_none_sm1p00_tm2p00_d30_ts2,MNQ,2022-12-20 09:30:00-05:00,2022-12-20 10:30:00-05:00,short,none,none,1.0,2.0,30,False,none,True,-31.5,-31.5,-29.0,2022-12-20 11:01:00-05:00,2022-12-20 13:01:00-05:00,11183.25,11219.25,10966.5,11197.75,time_stop_1m,120.0,326.0,119.0,1,2022-12-20,1H,none_baseline,mnq_1h_negative_control_none,2,fold_1
mnq_1h_none_baseline_none_sm1p00_tm2p00_d30_ts2,MNQ,2022-12-21 09:30:00-05:00,2022-12-21 10:30:00-05:00,short,none,none,1.0,2.0,30,False,invalid_stop_geometry,False,,,,2022-12-21 11:01:00-05:00,,11355.75,,,,,,,,1,2022-12-21,1H,none_baseline,mnq_1h_negative_control_none,2,fold_1
mnq_1h_none_baseline_none_sm1p00_tm2p00_d30_ts2,MNQ,2023-01-03 09:30:00-05:00,2023-01-03 10:30:00-05:00,long,none,none,1.0,2.0,30,False,none,True,-120.0,-120.0,-117.5,2023-01-03 11:01:00-05:00,2023-01-03 11:09:00-05:00,10983.75,10925.25,11147.325,10925.0,stop_1m,8.0,5.0,261.0,1,2023-01-03,1H,none_baseline,mnq_1h_negative_control_none,2,fold_2
mnq_1h_none_baseline_none_sm1p00_tm2p00_d30_ts2,MNQ,2023-01-04 09:30:00-05:00,2023-01-04 10:30:00-05:00,long,none,none,1.0,2.0,30,False,none,True,72.5,72.5,75.0,2023-01-04 11:01:00-05:00,2023-01-04 13:01:00-05:00,10948.0,10863.25,11111.0,10985.5,time_stop_1m,120.0,480.0,30.0,1,2023-01-04,1H,none_baseline,mnq_1h_negative_control_none,2,fold_2
mnq_1h_none_baseline_none_sm1p00_tm2p00_d30_ts2,MNQ,2023-01-25 09:30:00-05:00,2023-01-25 10:30:00-05:00,long,none,none,1.0,2.0,30,False,none,True,193.5,193.5,196.0,2023-01-25 11:01:00-05:00,2023-01-25 13:01:00-05:00,11661.5,11614.25,11823.275,11759.5,time_stop_1m,120.0,508.0,10.0,1,2023-01-25,1H,none_baseline,mnq_1h_negative_control_none,2,fold_2
mnq_1h_none_baseline_none_sm1p00_tm2p00_d30_ts2,MNQ,2023-02-03 09:30:00-05:00,2023-02-03 10:30:00-05:00,short,none,none,1.0,2.0,30,False,none,True,-39.5,-39.5,-37.0,2023-02-03 11:01:00-05:00,2023-02-03 11:03:00-05:00,12814.25,12832.5,12581.15,12832.75,stop_1m,2.0,24.0,81.0,1,2023-02-03,1H,none_baseline,mnq_1h_negative_control_none,2,fold_2
mnq_1h_none_baseline_none_sm1p00_tm2p00_d30_ts2,MNQ,2023-02-16 09:30:00-05:00,2023-02-16 10:30:00-05:00,short,none,none,1.0,2.0,30,False,invalid_stop_geometry,False,,,,2023-02-16 11:01:00-05:00,,12657.25,,,,,,,,1,2023-02-16,1H,none_baseline,mnq_1h_negative_control_none,2,fold_2
mnq_1h_none_baseline_none_sm1p00_tm2p00_d30_ts2,MNQ,2023-03-01 09:30:00-05:00,2023-03-01 10:30:00-05:00,long,none,none,1.0,2.0,30,False,none,True,-87.0,-87.0,-84.5,2023-03-01 11:01:00-05:00,2023-03-01 11:08:00-05:00,11995.0,11953.0,12129.75,11952.75,stop_1m,7.0,3.0,206.0,1,2023-03-01,1H,none_baseline,mnq_1h_negative_control_none,2,fold_2
mnq_1h_none_baseline_none_sm1p00_tm2p00_d30_ts2,MNQ,2023-03-10 09:30:00-05:00,2023-03-10 10:30:00-05:00,long,none,none,1.0,2.0,30,False,none,True,-184.5,-184.5,-182.0,2023-03-10 11:01:00-05:00,2023-03-10 13:01:00-05:00,12000.5,11865.75,12169.65,11909.5,time_stop_1m,120.0,316.0,427.0,1,2023-03-10,1H,none_baseline,mnq_1h_negative_control_none,2,fold_2
mnq_1h_none_baseline_none_sm1p00_tm2p00_d30_ts2,MNQ,2023-03-22 13:30:00-04:00,2023-03-22 14:30:00-04:00,short,none,none,1.0,2.0,30,False,none,True,288.5,288.5,291.0,2023-03-22 15:01:00-04:00,2023-03-22 15:52:00-04:00,12934.0,13045.0,12788.25,12788.5,target_1m,51.0,667.0,226.0,1,2023-03-22,1H,none_baseline,mnq_1h_negative_control_none,2,fold_2
mnq_1h_none_baseline_none_sm1p00_tm2p00_d30_ts2,MNQ,2023-04-05 09:30:00-04:00,2023-04-05 10:30:00-04:00,long,none,none,1.0,2.0,30,False,invalid_stop_geometry,False,,,,2023-04-05 11:01:00-04:00,,13025.5,,,,,,,,1,2023-04-05,1H,none_baseline,mnq_1h_negative_control_none,2,fold_2
mnq_1h_none_baseline_none_sm1p00_tm2p00_d30_ts2,MNQ,2023-04-13 09:30:00-04:00,2023-04-13 10:30:00-04:00,short,none,none,1.0,2.0,30,False,none,True,-40.0,-40.0,-37.5,2023-04-13 11:01:00-04:00,2023-04-13 11:05:00-04:00,13120.25,13138.75,12974.35,13139.0,stop_1m,4.0,3.0,85.0,1,2023-04-13,1H,none_baseline,mnq_1h_negative_control_none,2,fold_2
mnq_1h_none_baseline_none_sm1p00_tm2p00_d30_ts2,MNQ,2023-04-18 09:30:00-04:00,2023-04-18 10:30:00-04:00,long,none,none,1.0,2.0,30,False,none,True,-37.5,-37.5,-35.0,2023-04-18 11:01:00-04:00,2023-04-18 11:39:00-04:00,13184.5,13167.25,13300.025,13167.0,stop_1m,38.0,51.0,126.0,1,2023-04-18,1H,none_baseline,mnq_1h_negative_control_none,2,fold_2
mnq_1h_none_baseline_none_sm1p00_tm2p00_d30_ts2,MNQ,2023-04-25 09:30:00-04:00,2023-04-25 10:30:00-04:00,long,none,none,1.0,2.0,30,False,none,True,-36.5,-36.5,-34.0,2023-04-25 11:01:00-04:00,2023-04-25 11:32:00-04:00,12953.75,12937.0,13077.15,12936.75,stop_1m,31.0,83.0,75.0,1,2023-04-25,1H,none_baseline,mnq_1h_negative_control_none,2,fold_2
mnq_1h_none_baseline_none_sm1p00_tm2p00_d30_ts2,MNQ,2023-05-02 09:30:00-04:00,2023-05-02 10:30:00-04:00,long,none,none,1.0,2.0,30,False,invalid_stop_geometry,False,,,,2023-05-02 11:01:00-04:00,,13140.0,,,,,,,,1,2023-05-02,1H,none_baseline,mnq_1h_negative_control_none,2,fold_2
mnq_1h_none_baseline_none_sm1p00_tm2p00_d30_ts2,MNQ,2023-05-03 14:30:00-04:00,2023-05-03 15:30:00-04:00,long,none,none,1.0,2.0,30,False,entry_delay_out_of_session,False,,,,,,,,,,,,,,1,2023-05-03,1H,none_baseline,mnq_1h_negative_control_none,2,fold_2
mnq_1h_none_baseline_none_sm1p00_tm2p00_d30_ts2,MNQ,2023-05-16 09:30:00-04:00,2023-05-16 10:30:00-04:00,short,none,none,1.0,2.0,30,False,invalid_stop_geometry,False,,,,2023-05-16 11:01:00-04:00,,13517.75,,,,,,,,1,2023-05-16,1H,none_baseline,mnq_1h_negative_control_none,2,fold_2
mnq_1h_none_baseline_none_sm1p00_tm2p00_d30_ts2,MNQ,2023-05-22 09:30:00-04:00,2023-05-22 10:30:00-04:00,short,none,none,1.0,2.0,30,False,none,True,15.5,15.5,18.0,2023-05-22 11:01:00-04:00,2023-05-22 13:01:00-04:00,13910.0,13946.75,13785.8,13901.0,time_stop_1m,120.0,142.0,64.0,1,2023-05-22,1H,none_baseline,mnq_1h_negative_control_none,2,fold_2
mnq_1h_none_baseline_none_sm1p00_tm2p00_d30_ts2,MNQ,2023-05-25 09:30:00-04:00,2023-05-25 10:30:00-04:00,long,none,none,1.0,2.0,30,False,none,True,75.5,75.5,78.0,2023-05-25 11:01:00-04:00,2023-05-25 13:01:00-04:00,13934.5,13851.25,14071.6,13973.5,time_stop_1m,120.0,275.0,53.0,1,2023-05-25,1H,none_baseline,mnq_1h_negative_control_none,2,fold_2
mnq_1h_none_baseline_none_sm1p00_tm2p00_d30_ts2,MNQ,2023-05-30 09:30:00-04:00,2023-05-30 10:30:00-04:00,long,none,none,1.0,2.0,30,False,none,True,-117.0,-117.0,-114.5,2023-05-30 11:01:00-04:00,2023-05-30 12:41:00-04:00,14456.25,14399.25,14613.075,14399.0,stop_1m,100.0,113.0,250.0,1,2023-05-30,1H,none_baseline,mnq_1h_negative_control_none,2,fold_2
mnq_1h_none_baseline_none_sm1p00_tm2p00_d30_ts2,MNQ,2023-06-21 09:30:00-04:00,2023-06-21 10:30:00-04:00,long,none,none,1.0,2.0,30,False,invalid_stop_geometry,False,,,,2023-06-21 11:01:00-04:00,,15055.5,,,,,,,,1,2023-06-21,1H,none_baseline,mnq_1h_negative_control_none,2,fold_2
mnq_1h_none_baseline_none_sm1p00_tm2p00_d30_ts2,MNQ,2023-06-22 09:30:00-04:00,2023-06-22 10:30:00-04:00,short,none,none,1.0,2.0,30,False,none,True,-120.5,-120.5,-118.0,2023-06-22 11:01:00-04:00,2023-06-22 11:40:00-04:00,15090.5,15149.25,14941.925,15149.5,stop_1m,39.0,10.0,269.0,1,2023-06-22,1H,none_baseline,mnq_1h_negative_control_none,2,fold_2
mnq_1h_none_baseline_none_sm1p00_tm2p00_d30_ts2,MNQ,2023-06-28 09:30:00-04:00,2023-06-28 10:30:00-04:00,short,none,none,1.0,2.0,30,False,invalid_stop_geometry,False,,,,2023-06-28 11:01:00-04:00,,15184.5,,,,,,,,1,2023-06-28,1H,none_baseline,mnq_1h_negative_control_none,2,fold_2
mnq_1h_none_baseline_none_sm1p00_tm2p00_d30_ts2,MNQ,2023-06-29 09:30:00-04:00,2023-06-29 10:30:00-04:00,long,none,none,1.0,2.0,30,False,none,True,24.5,24.5,27.0,2023-06-29 11:01:00-04:00,2023-06-29 13:01:00-04:00,15071.0,15035.25,15219.2,15084.5,time_stop_1m,120.0,276.0,32.0,1,2023-06-29,1H,none_baseline,mnq_1h_negative_control_none,2,fold_2
mnq_1h_none_baseline_none_sm1p00_tm2p00_d30_ts2,MNQ,2023-07-20 09:30:00-04:00,2023-07-20 10:30:00-04:00,long,none,none,1.0,2.0,30,False,invalid_stop_geometry,False,,,,2023-07-20 11:01:00-04:00,,15727.0,,,,,,,,1,2023-07-20,1H,none_baseline,mnq_1h_negative_control_none,2,fold_2
mnq_1h_none_baseline_none_sm1p00_tm2p00_d30_ts2,MNQ,2023-07-21 09:30:00-04:00,2023-07-21 10:30:00-04:00,long,none,none,1.0,2.0,30,False,none,True,-32.5,-32.5,-30.0,2023-07-21 11:01:00-04:00,2023-07-21 13:01:00-04:00,15599.25,15550.5,15764.8,15584.25,time_stop_1m,120.0,174.0,177.0,1,2023-07-21,1H,none_baseline,mnq_1h_negative_control_none,2,fold_2
mnq_1h_none_baseline_none_sm1p00_tm2p00_d30_ts2,MNQ,2023-08-02 09:30:00-04:00,2023-08-02 10:30:00-04:00,long,none,none,1.0,2.0,30,False,invalid_stop_geometry,False,,,,2023-08-02 11:01:00-04:00,,15500.75,,,,,,,,1,2023-08-02,1H,none_baseline,mnq_1h_negative_control_none,2,fold_2
mnq_1h_none_baseline_none_sm1p00_tm2p00_d30_ts2,MNQ,2023-08-10 09:30:00-04:00,2023-08-10 10:30:00-04:00,short,none,none,1.0,2.0,30,False,none,True,212.0,212.0,214.5,2023-08-10 11:01:00-04:00,2023-08-10 13:01:00-04:00,15315.5,15441.75,15141.775,15208.25,time_stop_1m,120.0,478.0,43.0,1,2023-08-10,1H,none_baseline,mnq_1h_negative_control_none,2,fold_2
mnq_1h_none_baseline_none_sm1p00_tm2p00_d30_ts2,MNQ,2023-08-15 09:30:00-04:00,2023-08-15 10:30:00-04:00,long,none,none,1.0,2.0,30,False,none,True,24.5,24.5,27.0,2023-08-15 11:01:00-04:00,2023-08-15 13:01:00-04:00,15146.5,15113.0,15313.225,15160.0,time_stop_1m,120.0,246.0,22.0,1,2023-08-15,1H,none_baseline,mnq_1h_negative_control_none,2,fold_2
mnq_1h_none_baseline_none_sm1p00_tm2p00_d30_ts2,MNQ,2023-08-24 09:30:00-04:00,2023-08-24 10:30:00-04:00,long,none,none,1.0,2.0,30,False,invalid_stop_geometry,False,,,,2023-08-24 11:01:00-04:00,,15015.5,,,,,,,,1,2023-08-24,1H,none_baseline,mnq_1h_negative_control_none,2,fold_2
mnq_1h_none_baseline_none_sm1p00_tm2p00_d30_ts2,MNQ,2023-09-18 09:30:00-04:00,2023-09-18 10:30:00-04:00,short,none,none,1.0,2.0,30,False,none,True,-81.5,-81.5,-79.0,2023-09-18 11:01:00-04:00,2023-09-18 11:32:00-04:00,15402.0,15441.25,15268.475,15441.5,stop_1m,31.0,58.0,167.0,1,2023-09-18,1H,none_baseline,mnq_1h_negative_control_none,2,fold_2
mnq_1h_none_baseline_none_sm1p00_tm2p00_d30_ts2,MNQ,2023-09-19 09:30:00-04:00,2023-09-19 10:30:00-04:00,long,none,none,1.0,2.0,30,False,invalid_stop_geometry,False,,,,2023-09-19 11:01:00-04:00,,15268.75,,,,,,,,1,2023-09-19,1H,none_baseline,mnq_1h_negative_control_none,2,fold_2
mnq_1h_none_baseline_none_sm1p00_tm2p00_d30_ts2,MNQ,2023-10-03 09:30:00-04:00,2023-10-03 10:30:00-04:00,long,none,none,1.0,2.0,30,False,invalid_stop_geometry,False,,,,2023-10-03 11:01:00-04:00,,14746.75,,,,,,,,1,2023-10-03,1H,none_baseline,mnq_1h_negative_control_none,2,fold_2
mnq_1h_none_baseline_none_sm1p00_tm2p00_d30_ts2,MNQ,2023-10-06 09:30:00-04:00,2023-10-06 10:30:00-04:00,short,none,none,1.0,2.0,30,False,invalid_stop_geometry,False,,,,2023-10-06 11:01:00-04:00,,14893.0,,,,,,,,1,2023-10-06,1H,none_baseline,mnq_1h_negative_control_none,2,fold_2
mnq_1h_none_baseline_none_sm1p00_tm2p00_d30_ts2,MNQ,2023-10-13 09:30:00-04:00,2023-10-13 10:30:00-04:00,long,none,none,1.0,2.0,30,False,invalid_stop_geometry,False,,,,2023-10-13 11:01:00-04:00,,15193.0,,,,,,,,1,2023-10-13,1H,none_baseline,mnq_1h_negative_control_none,2,fold_2
mnq_1h_none_baseline_none_sm1p00_tm2p00_d30_ts2,MNQ,2023-10-16 09:30:00-04:00,2023-10-16 10:30:00-04:00,short,none,none,1.0,2.0,30,False,invalid_stop_geometry,False,,,,2023-10-16 11:01:00-04:00,,15314.75,,,,,,,,1,2023-10-16,1H,none_baseline,mnq_1h_negative_control_none,2,fold_2
mnq_1h_none_baseline_none_sm1p00_tm2p00_d30_ts2,MNQ,2023-10-19 09:30:00-04:00,2023-10-19 10:30:00-04:00,long,none,none,1.0,2.0,30,False,none,True,-47.5,-47.5,-45.0,2023-10-19 11:01:00-04:00,2023-10-19 11:06:00-04:00,15025.25,15003.0,15193.8,15002.75,stop_1m,5.0,45.0,101.0,1,2023-10-19,1H,none_baseline,mnq_1h_negative_control_none,2,fold_2
mnq_1h_none_baseline_none_sm1p00_tm2p00_d30_ts2,MNQ,2023-10-20 09:30:00-04:00,2023-10-20 10:30:00-04:00,long,none,none,1.0,2.0,30,False,invalid_stop_geometry,False,,,,2023-10-20 11:01:00-04:00,,14698.0,,,,,,,,1,2023-10-20,1H,none_baseline,mnq_1h_negative_control_none,2,fold_2
mnq_1h_none_baseline_none_sm1p00_tm2p00_d30_ts2,MNQ,2023-10-26 09:30:00-04:00,2023-10-26 10:30:00-04:00,long,none,none,1.0,2.0,30,False,none,True,-159.5,-159.5,-157.0,2023-10-26 11:01:00-04:00,2023-10-26 11:15:00-04:00,14348.25,14270.0,14528.225,14269.75,stop_1m,14.0,39.0,317.0,1,2023-10-26,1H,none_baseline,mnq_1h_negative_control_none,2,fold_2
mnq_1h_none_baseline_none_sm1p00_tm2p00_d30_ts2,MNQ,2023-11-30 09:30:00-05:00,2023-11-30 10:30:00-05:00,long,none,none,1.0,2.0,30,False,none,True,-16.0,-16.0,-13.5,2023-11-30 11:01:00-05:00,2023-11-30 11:04:00-05:00,15925.25,15918.75,16039.05,15918.5,stop_1m,3.0,22.0,43.0,1,2023-11-30,1H,none_baseline,mnq_1h_negative_control_none,2,fold_2
mnq_1h_none_baseline_none_sm1p00_tm2p00_d30_ts2,MNQ,2023-12-01 09:30:00-05:00,2023-12-01 10:30:00-05:00,long,none,none,1.0,2.0,30,False,none,True,254.59999999999854,254.59999999999854,257.09999999999854,2023-12-01 11:01:00-05:00,2023-12-01 12:32:00-05:00,15897.5,15873.5,16026.3,16026.05,target_1m,91.0,518.0,48.0,1,2023-12-01,1H,none_baseline,mnq_1h_negative_control_none,2,fold_2
mnq_1h_none_baseline_none_sm1p00_tm2p00_d30_ts2,MNQ,2023-12-04 09:30:00-05:00,2023-12-04 10:30:00-05:00,long,none,none,1.0,2.0,30,False,invalid_stop_geometry,False,,,,2023-12-04 11:01:00-05:00,,15739.75,,,,,,,,1,2023-12-04,1H,none_baseline,mnq_1h_negative_control_none,2,fold_2
mnq_1h_none_baseline_none_sm1p00_tm2p00_d30_ts2,MNQ,2023-12-05 09:30:00-05:00,2023-12-05 10:30:00-05:00,short,none,none,1.0,2.0,30,False,invalid_stop_geometry,False,,,,2023-12-05 11:01:00-05:00,,15951.0,,,,,,,,1,2023-12-05,1H,none_baseline,mnq_1h_negative_control_none,2,fold_2
mnq_1h_none_baseline_none_sm1p00_tm2p00_d30_ts2,MNQ,2023-12-06 09:30:00-05:00,2023-12-06 10:30:00-05:00,long,none,none,1.0,2.0,30,False,none,True,-129.5,-129.5,-127.0,2023-12-06 11:01:00-05:00,2023-12-06 11:33:00-05:00,15939.25,15876.0,16090.25,15875.75,stop_1m,32.0,42.0,288.0,1,2023-12-06,1H,none_baseline,mnq_1h_negative_control_none,2,fold_2
mnq_1h_none_baseline_none_sm1p00_tm2p00_d30_ts2,MNQ,2023-12-07 09:30:00-05:00,2023-12-07 10:30:00-05:00,short,none,none,1.0,2.0,30,False,invalid_stop_geometry,False,,,,2023-12-07 11:01:00-05:00,,15998.0,,,,,,,,1,2023-12-07,1H,none_baseline,mnq_1h_negative_control_none,2,fold_2
mnq_1h_none_baseline_none_sm1p00_tm2p00_d30_ts2,MNQ,2023-12-20 14:30:00-05:00,2023-12-20 15:30:00-05:00,long,none,none,1.0,2.0,30,False,entry_delay_out_of_session,False,,,,,,,,,,,,,,1,2023-12-20,1H,none_baseline,mnq_1h_negative_control_none,2,fold_2
mnq_1h_none_baseline_none_sm1p00_tm2p00_d30_ts2,MNQ,2023-12-29 10:30:00-05:00,2023-12-29 11:30:00-05:00,long,none,none,1.0,2.0,30,False,none,True,83.0,83.0,85.5,2023-12-29 12:01:00-05:00,2023-12-29 14:01:00-05:00,16985.5,16940.0,17076.075,17028.25,time_stop_1m,120.0,203.0,170.0,1,2023-12-29,1H,none_baseline,mnq_1h_negative_control_none,2,fold_2
mnq_1h_none_baseline_none_sm1p00_tm2p00_d30_ts3,MNQ,2024-01-02 09:30:00-05:00,2024-01-02 10:30:00-05:00,long,none,none,1.0,2.0,30,False,none,True,-7.0,-7.0,-4.5,2024-01-02 11:01:00-05:00,2024-01-02 11:02:00-05:00,16718.75,16716.75,16840.925,16716.5,stop_1m,1.0,17.0,32.0,1,2024-01-02,1H,none_baseline,mnq_1h_negative_control_none,3,fold_3
mnq_1h_none_baseline_none_sm1p00_tm2p00_d30_ts3,MNQ,2024-01-05 09:30:00-05:00,2024-01-05 10:30:00-05:00,short,none,none,1.0,2.0,30,False,invalid_stop_geometry,False,,,,2024-01-05 11:01:00-05:00,,16566.25,,,,,,,,1,2024-01-05,1H,none_baseline,mnq_1h_negative_control_none,3,fold_3
mnq_1h_none_baseline_none_sm1p00_tm2p00_d30_ts3,MNQ,2024-01-16 09:30:00-05:00,2024-01-16 10:30:00-05:00,short,none,none,1.0,2.0,30,False,none,True,-74.5,-74.5,-72.0,2024-01-16 11:01:00-05:00,2024-01-16 11:19:00-05:00,16968.0,17003.75,16824.8,17004.0,stop_1m,18.0,135.0,144.0,1,2024-01-16,1H,none_baseline,mnq_1h_negative_control_none,3,fold_3
mnq_1h_none_baseline_none_sm1p00_tm2p00_d30_ts3,MNQ,2024-02-06 09:30:00-05:00,2024-02-06 10:30:00-05:00,long,none,none,1.0,2.0,30,False,none,True,-84.0,-84.0,-81.5,2024-02-06 11:01:00-05:00,2024-02-06 11:46:00-05:00,17638.5,17598.0,17814.775,17597.75,stop_1m,45.0,100.0,173.0,1,2024-02-06,1H,none_baseline,mnq_1h_negative_control_none,3,fold_3
mnq_1h_none_baseline_none_sm1p00_tm2p00_d30_ts3,MNQ,2024-02-13 09:30:00-05:00,2024-02-13 10:30:00-05:00,short,none,none,1.0,2.0,30,False,none,True,-7.5,-7.5,-5.0,2024-02-13 11:01:00-05:00,2024-02-13 11:02:00-05:00,17740.25,17742.5,17605.825,17742.75,stop_1m,1.0,21.0,22.0,1,2024-02-13,1H,none_baseline,mnq_1h_negative_control_none,3,fold_3
mnq_1h_none_baseline_none_sm1p00_tm2p00_d30_ts3,MNQ,2024-02-16 09:30:00-05:00,2024-02-16 10:30:00-05:00,long,none,none,1.0,2.0,30,False,none,True,150.0,150.0,152.5,2024-02-16 11:01:00-05:00,2024-02-16 14:01:00-05:00,17814.0,17713.75,17993.925,17890.25,time_stop_1m,180.0,312.0,47.0,1,2024-02-16,1H,none_baseline,mnq_1h_negative_control_none,3,fold_3
mnq_1h_none_baseline_none_sm1p00_tm2p00_d30_ts3,MNQ,2024-02-20 09:30:00-05:00,2024-02-20 10:30:00-05:00,long,none,none,1.0,2.0,30,False,none,True,-182.0,-182.0,-179.5,2024-02-20 11:01:00-05:00,2024-02-20 12:00:00-05:00,17593.25,17503.75,17760.925,17503.5,stop_1m,59.0,19.0,426.0,1,2024-02-20,1H,none_baseline,mnq_1h_negative_control_none,3,fold_3
mnq_1h_none_baseline_none_sm1p00_tm2p00_d30_ts3,MNQ,2024-03-01 09:30:00-05:00,2024-03-01 10:30:00-05:00,short,none,none,1.0,2.0,30,False,none,True,-8.0,-8.0,-5.5,2024-03-01 11:01:00-05:00,2024-03-01 11:02:00-05:00,18194.25,18196.75,18055.175,18197.0,stop_1m,1.0,-1.0,46.0,1,2024-03-01,1H,none_baseline,mnq_1h_negative_control_none,3,fold_3
mnq_1h_none_baseline_none_sm1p00_tm2p00_d30_ts3,MNQ,2024-03-05 09:30:00-05:00,2024-03-05 10:30:00-05:00,long,none,none,1.0,2.0,30,False,invalid_stop_geometry,False,,,,2024-03-05 11:01:00-05:00,,17942.75,,,,,,,,1,2024-03-05,1H,none_baseline,mnq_1h_negative_control_none,3,fold_3
mnq_1h_none_baseline_none_sm1p00_tm2p00_d30_ts3,MNQ,2024-03-06 09:30:00-05:00,2024-03-06 10:30:00-05:00,long,none,none,1.0,2.0,30,False,none,True,-61.0,-61.0,-58.5,2024-03-06 11:01:00-05:00,2024-03-06 14:01:00-05:00,18090.25,17963.5,18244.25,18061.0,time_stop_1m,180.0,336.0,238.0,1,2024-03-06,1H,none_baseline,mnq_1h_negative_control_none,3,fold_3
mnq_1h_none_baseline_none_sm1p00_tm2p00_d30_ts3,MNQ,2024-03-08 10:30:00-05:00,2024-03-08 11:30:00-05:00,long,none,none,1.0,2.0,30,False,invalid_stop_geometry,False,,,,2024-03-08 12:01:00-05:00,,18178.0,,,,,,,,1,2024-03-08,1H,none_baseline,mnq_1h_negative_control_none,3,fold_3
mnq_1h_none_baseline_none_sm1p00_tm2p00_d30_ts3,MNQ,2024-03-20 14:30:00-04:00,2024-03-20 15:30:00-04:00,short,none,none,1.0,2.0,30,False,entry_delay_out_of_session,False,,,,,,,,,,,,,,1,2024-03-20,1H,none_baseline,mnq_1h_negative_control_none,3,fold_3
mnq_1h_none_baseline_none_sm1p00_tm2p00_d30_ts3,MNQ,2024-03-27 09:30:00-04:00,2024-03-27 10:30:00-04:00,long,none,none,1.0,2.0,30,False,none,True,18.0,18.0,20.5,2024-03-27 11:01:00-04:00,2024-03-27 14:01:00-04:00,18424.25,18378.5,18548.85,18434.5,time_stop_1m,180.0,117.0,137.0,1,2024-03-27,1H,none_baseline,mnq_1h_negative_control_none,3,fold_3
mnq_1h_none_baseline_none_sm1p00_tm2p00_d30_ts3,MNQ,2024-04-04 14:30:00-04:00,2024-04-04 15:30:00-04:00,long,none,none,1.0,2.0,30,False,entry_delay_out_of_session,False,,,,,,,,,,,,,,1,2024-04-04,1H,none_baseline,mnq_1h_negative_control_none,3,fold_3
mnq_1h_none_baseline_none_sm1p00_tm2p00_d30_ts3,MNQ,2024-04-09 09:30:00-04:00,2024-04-09 10:30:00-04:00,long,none,none,1.0,2.0,30,False,invalid_stop_geometry,False,,,,2024-04-09 11:01:00-04:00,,18216.5,,,,,,,,1,2024-04-09,1H,none_baseline,mnq_1h_negative_control_none,3,fold_3
mnq_1h_none_baseline_none_sm1p00_tm2p00_d30_ts3,MNQ,2024-04-19 09:30:00-04:00,2024-04-19 10:30:00-04:00,long,none,none,1.0,2.0,30,False,none,True,-75.0,-75.0,-72.5,2024-04-19 11:01:00-04:00,2024-04-19 11:19:00-04:00,17377.5,17341.5,17582.175,17341.25,stop_1m,18.0,44.0,163.0,1,2024-04-19,1H,none_baseline,mnq_1h_negative_control_none,3,fold_3
mnq_1h_none_baseline_none_sm1p00_tm2p00_d30_ts3,MNQ,2024-04-23 09:30:00-04:00,2024-04-23 10:30:00-04:00,short,none,none,1.0,2.0,30,False,invalid_stop_geometry,False,,,,2024-04-23 11:01:00-04:00,,17593.0,,,,,,,,1,2024-04-23,1H,none_baseline,mnq_1h_negative_control_none,3,fold_3
mnq_1h_none_baseline_none_sm1p00_tm2p00_d30_ts3,MNQ,2024-04-25 09:30:00-04:00,2024-04-25 10:30:00-04:00,short,none,none,1.0,2.0,30,False,none,True,-157.5,-157.5,-155.0,2024-04-25 11:01:00-04:00,2024-04-25 12:21:00-04:00,17370.5,17447.75,17167.85,17448.0,stop_1m,80.0,60.0,354.0,1,2024-04-25,1H,none_baseline,mnq_1h_negative_control_none,3,fold_3
mnq_1h_none_baseline_none_sm1p00_tm2p00_d30_ts3,MNQ,2024-05-14 09:30:00-04:00,2024-05-14 10:30:00-04:00,short,none,none,1.0,2.0,30,False,none,True,8.5,8.5,11.0,2024-05-14 11:01:00-04:00,2024-05-14 14:01:00-04:00,18341.0,18371.5,18236.55,18335.5,time_stop_1m,180.0,172.0,105.0,1,2024-05-14,1H,none_baseline,mnq_1h_negative_control_none,3,fold_3
mnq_1h_none_baseline_none_sm1p00_tm2p00_d30_ts3,MNQ,2024-05-23 09:30:00-04:00,2024-05-23 10:30:00-04:00,long,none,none,1.0,2.0,30,False,invalid_stop_geometry,False,,,,2024-05-23 11:01:00-04:00,,18829.25,,,,,,,,1,2024-05-23,1H,none_baseline,mnq_1h_negative_control_none,3,fold_3
mnq_1h_none_baseline_none_sm1p00_tm2p00_d30_ts3,MNQ,2024-05-23 13:30:00-04:00,2024-05-23 14:30:00-04:00,long,none,none,1.0,2.0,30,False,invalid_stop_geometry,False,,,,2024-05-23 15:01:00-04:00,,18642.75,,,,,,,,1,2024-05-23,1H,none_baseline,mnq_1h_negative_control_none,3,fold_3
mnq_1h_none_baseline_none_sm1p00_tm2p00_d30_ts3,MNQ,2024-05-24 09:30:00-04:00,2024-05-24 10:30:00-04:00,short,none,none,1.0,2.0,30,False,invalid_stop_geometry,False,,,,2024-05-24 11:01:00-04:00,,18865.0,,,,,,,,1,2024-05-24,1H,none_baseline,mnq_1h_negative_control_none,3,fold_3
mnq_1h_none_baseline_none_sm1p00_tm2p00_d30_ts3,MNQ,2024-05-29 09:30:00-04:00,2024-05-29 10:30:00-04:00,short,none,none,1.0,2.0,30,False,none,True,-6.0,-6.0,-3.5,2024-05-29 11:01:00-04:00,2024-05-29 11:03:00-04:00,18866.25,18867.75,18730.95,18868.0,stop_1m,2.0,34.0,19.0,1,2024-05-29,1H,none_baseline,mnq_1h_negative_control_none,3,fold_3
mnq_1h_none_baseline_none_sm1p00_tm2p00_d30_ts3,MNQ,2024-05-30 09:30:00-04:00,2024-05-30 10:30:00-04:00,long,none,none,1.0,2.0,30,False,invalid_stop_geometry,False,,,,2024-05-30 11:01:00-04:00,,18654.5,,,,,,,,1,2024-05-30,1H,none_baseline,mnq_1h_negative_control_none,3,fold_3
mnq_1h_none_baseline_none_sm1p00_tm2p00_d30_ts3,MNQ,2024-05-31 09:30:00-04:00,2024-05-31 10:30:00-04:00,long,none,none,1.0,2.0,30,False,invalid_stop_geometry,False,,,,2024-05-31 11:01:00-04:00,,18382.75,,,,,,,,1,2024-05-31,1H,none_baseline,mnq_1h_negative_control_none,3,fold_3
mnq_1h_none_baseline_none_sm1p00_tm2p00_d30_ts3,MNQ,2024-06-27 09:30:00-04:00,2024-06-27 10:30:00-04:00,short,none,none,1.0,2.0,30,False,none,True,8.5,8.5,11.0,2024-06-27 11:01:00-04:00,2024-06-27 14:01:00-04:00,20016.0,20116.5,19851.525,20010.5,time_stop_1m,180.0,247.0,201.0,1,2024-06-27,1H,none_baseline,mnq_1h_negative_control_none,3,fold_3
mnq_1h_none_baseline_none_sm1p00_tm2p00_d30_ts3,MNQ,2024-06-28 09:30:00-04:00,2024-06-28 10:30:00-04:00,short,none,none,1.0,2.0,30,False,none,True,167.5,167.5,170.0,2024-06-28 11:01:00-04:00,2024-06-28 14:01:00-04:00,20128.25,20273.25,19963.025,20043.25,time_stop_1m,180.0,572.0,9.0,1,2024-06-28,1H,none_baseline,mnq_1h_negative_control_none,3,fold_3
mnq_1h_none_baseline_none_sm1p00_tm2p00_d30_ts3,MNQ,2024-07-02 09:30:00-04:00,2024-07-02 10:30:00-04:00,short,none,none,1.0,2.0,30,False,invalid_stop_geometry,False,,,,2024-07-02 11:01:00-04:00,,20112.75,,,,,,,,1,2024-07-02,1H,none_baseline,mnq_1h_negative_control_none,3,fold_3
mnq_1h_none_baseline_none_sm1p00_tm2p00_d30_ts3,MNQ,2024-07-11 09:30:00-04:00,2024-07-11 10:30:00-04:00,long,none,none,1.0,2.0,30,False,invalid_stop_geometry,False,,,,2024-07-11 11:01:00-04:00,,20598.5,,,,,,,,1,2024-07-11,1H,none_baseline,mnq_1h_negative_control_none,3,fold_3
mnq_1h_none_baseline_none_sm1p00_tm2p00_d30_ts3,MNQ,2024-07-11 10:30:00-04:00,2024-07-11 11:30:00-04:00,long,none,none,1.0,2.0,30,False,invalid_stop_geometry,False,,,,2024-07-11 12:01:00-04:00,,20477.25,,,,,,,,1,2024-07-11,1H,none_baseline,mnq_1h_negative_control_none,3,fold_3
mnq_1h_none_baseline_none_sm1p00_tm2p00_d30_ts3,MNQ,2024-07-12 09:30:00-04:00,2024-07-12 10:30:00-04:00,short,none,none,1.0,2.0,30,False,invalid_stop_geometry,False,,,,2024-07-12 11:01:00-04:00,,20632.75,,,,,,,,1,2024-07-12,1H,none_baseline,mnq_1h_negative_control_none,3,fold_3
mnq_1h_none_baseline_none_sm1p00_tm2p00_d30_ts3,MNQ,2024-07-16 09:30:00-04:00,2024-07-16 10:30:00-04:00,long,none,none,1.0,2.0,30,False,none,True,-97.5,-97.5,-95.0,2024-07-16 11:01:00-04:00,2024-07-16 12:17:00-04:00,20532.75,20485.5,20756.85,20485.25,stop_1m,76.0,303.0,250.0,1,2024-07-16,1H,none_baseline,mnq_1h_negative_control_none,3,fold_3
mnq_1h_none_baseline_none_sm1p00_tm2p00_d30_ts3,MNQ,2024-07-17 09:30:00-04:00,2024-07-17 10:30:00-04:00,long,none,none,1.0,2.0,30,False,none,True,-38.5,-38.5,-36.0,2024-07-17 11:01:00-04:00,2024-07-17 11:05:00-04:00,20115.75,20098.0,20359.625,20097.75,stop_1m,4.0,52.0,88.0,1,2024-07-17,1H,none_baseline,mnq_1h_negative_control_none,3,fold_3
mnq_1h_none_baseline_none_sm1p00_tm2p00_d30_ts3,MNQ,2024-07-18 10:30:00-04:00,2024-07-18 11:30:00-04:00,long,none,none,1.0,2.0,30,False,invalid_stop_geometry,False,,,,2024-07-18 12:01:00-04:00,,19808.75,,,,,,,,1,2024-07-18,1H,none_baseline,mnq_1h_negative_control_none,3,fold_3
mnq_1h_none_baseline_none_sm1p00_tm2p00_d30_ts3,MNQ,2024-08-23 09:30:00-04:00,2024-08-23 10:30:00-04:00,short,none,none,1.0,2.0,30,False,none,True,-99.0,-99.0,-96.5,2024-08-23 11:01:00-04:00,2024-08-23 14:01:00-04:00,19687.25,19903.25,19463.175,19735.5,time_stop_1m,180.0,381.0,525.0,1,2024-08-23,1H,none_baseline,mnq_1h_negative_control_none,3,fold_3
mnq_1h_none_baseline_none_sm1p00_tm2p00_d30_ts3,MNQ,2024-08-27 09:30:00-04:00,2024-08-27 10:30:00-04:00,short,none,none,1.0,2.0,30,False,invalid_stop_geometry,False,,,,2024-08-27 11:01:00-04:00,,19684.25,,,,,,,,1,2024-08-27,1H,none_baseline,mnq_1h_negative_control_none,3,fold_3
mnq_1h_none_baseline_none_sm1p00_tm2p00_d30_ts3,MNQ,2024-09-03 09:30:00-04:00,2024-09-03 10:30:00-04:00,long,none,none,1.0,2.0,30,False,invalid_stop_geometry,False,,,,2024-09-03 11:01:00-04:00,,19164.25,,,,,,,,1,2024-09-03,1H,none_baseline,mnq_1h_negative_control_none,3,fold_3
mnq_1h_none_baseline_none_sm1p00_tm2p00_d30_ts3,MNQ,2024-09-04 09:30:00-04:00,2024-09-04 10:30:00-04:00,short,none,none,1.0,2.0,30,False,invalid_stop_geometry,False,,,,2024-09-04 11:01:00-04:00,,19086.25,,,,,,,,1,2024-09-04,1H,none_baseline,mnq_1h_negative_control_none,3,fold_3
mnq_1h_none_baseline_none_sm1p00_tm2p00_d30_ts3,MNQ,2024-09-06 09:30:00-04:00,2024-09-06 10:30:00-04:00,long,none,none,1.0,2.0,30,False,invalid_stop_geometry,False,,,,2024-09-06 11:01:00-04:00,,18627.25,,,,,,,,1,2024-09-06,1H,none_baseline,mnq_1h_negative_control_none,3,fold_3
mnq_1h_none_baseline_none_sm1p00_tm2p00_d30_ts3,MNQ,2024-09-11 09:30:00-04:00,2024-09-11 10:30:00-04:00,long,none,none,1.0,2.0,30,False,invalid_stop_geometry,False,,,,2024-09-11 11:01:00-04:00,,18583.5,,,,,,,,1,2024-09-11,1H,none_baseline,mnq_1h_negative_control_none,3,fold_3
mnq_1h_none_baseline_none_sm1p00_tm2p00_d30_ts3,MNQ,2024-09-24 09:30:00-04:00,2024-09-24 10:30:00-04:00,long,none,none,1.0,2.0,30,False,none,True,174.0,174.0,176.5,2024-09-24 11:01:00-04:00,2024-09-24 14:01:00-04:00,20076.25,19963.75,20348.725,20164.5,time_stop_1m,180.0,554.0,29.0,1,2024-09-24,1H,none_baseline,mnq_1h_negative_control_none,3,fold_3
mnq_1h_none_baseline_none_sm1p00_tm2p00_d30_ts3,MNQ,2024-09-25 09:30:00-04:00,2024-09-25 10:30:00-04:00,short,none,none,1.0,2.0,30,False,none,True,59.0,59.0,61.5,2024-09-25 11:01:00-04:00,2024-09-25 14:01:00-04:00,20226.5,20272.75,20047.65,20195.75,time_stop_1m,180.0,364.0,76.0,1,2024-09-25,1H,none_baseline,mnq_1h_negative_control_none,3,fold_3
mnq_1h_none_baseline_none_sm1p00_tm2p00_d30_ts3,MNQ,2024-09-26 09:30:00-04:00,2024-09-26 10:30:00-04:00,long,none,none,1.0,2.0,30,False,invalid_stop_geometry,False,,,,2024-09-26 11:01:00-04:00,,20197.0,,,,,,,,1,2024-09-26,1H,none_baseline,mnq_1h_negative_control_none,3,fold_3
mnq_1h_none_baseline_none_sm1p00_tm2p00_d30_ts3,MNQ,2024-09-26 10:30:00-04:00,2024-09-26 11:30:00-04:00,long,none,none,1.0,2.0,30,False,none,True,41.5,41.5,44.0,2024-09-26 12:01:00-04:00,2024-09-26 15:01:00-04:00,20300.25,20188.0,20481.35,20322.25,time_stop_1m,180.0,201.0,444.0,1,2024-09-26,1H,none_baseline,mnq_1h_negative_control_none,3,fold_3
mnq_1h_none_baseline_none_sm1p00_tm2p00_d30_ts3,MNQ,2024-10-01 09:30:00-04:00,2024-10-01 10:30:00-04:00,long,none,none,1.0,2.0,30,False,none,True,-55.5,-55.5,-53.0,2024-10-01 11:01:00-04:00,2024-10-01 11:06:00-04:00,19908.25,19882.0,20112.95,19881.75,stop_1m,5.0,83.0,141.0,1,2024-10-01,1H,none_baseline,mnq_1h_negative_control_none,3,fold_3
mnq_1h_none_baseline_none_sm1p00_tm2p00_d30_ts3,MNQ,2024-10-04 09:30:00-04:00,2024-10-04 10:30:00-04:00,long,none,none,1.0,2.0,30,False,none,True,-26.5,-26.5,-24.0,2024-10-04 11:01:00-04:00,2024-10-04 14:01:00-04:00,20135.25,20013.0,20359.725,20123.25,time_stop_1m,180.0,188.0,406.0,1,2024-10-04,1H,none_baseline,mnq_1h_negative_control_none,3,fold_3
mnq_1h_none_baseline_none_sm1p00_tm2p00_d30_ts3,MNQ,2024-10-15 10:30:00-04:00,2024-10-15 11:30:00-04:00,long,none,none,1.0,2.0,30,False,none,True,-60.0,-60.0,-57.5,2024-10-15 12:01:00-04:00,2024-10-15 14:59:00-04:00,20360.0,20331.5,20529.775,20331.25,stop_1m,178.0,225.0,150.0,1,2024-10-15,1H,none_baseline,mnq_1h_negative_control_none,3,fold_3
mnq_1h_none_baseline_none_sm1p00_tm2p00_d30_ts3,MNQ,2024-10-17 09:30:00-04:00,2024-10-17 10:30:00-04:00,long,none,none,1.0,2.0,30,False,none,True,148.5,148.5,151.0,2024-10-17 11:01:00-04:00,2024-10-17 14:01:00-04:00,20404.5,20365.25,20578.75,20480.0,time_stop_1m,180.0,498.0,141.0,1,2024-10-17,1H,none_baseline,mnq_1h_negative_control_none,3,fold_3
mnq_1h_none_baseline_none_sm1p00_tm2p00_d30_ts3,MNQ,2024-10-31 09:30:00-04:00,2024-10-31 10:30:00-04:00,long,none,none,1.0,2.0,30,False,invalid_stop_geometry,False,,,,2024-10-31 11:01:00-04:00,,20078.75,,,,,,,,1,2024-10-31,1H,none_baseline,mnq_1h_negative_control_none,3,fold_3
mnq_1h_none_baseline_none_sm1p00_tm2p00_d30_ts3,MNQ,2024-11-06 09:30:00-05:00,2024-11-06 10:30:00-05:00,short,none,none,1.0,2.0,30,False,none,True,-186.0,-186.0,-183.5,2024-11-06 11:01:00-05:00,2024-11-06 11:52:00-05:00,20715.25,20806.75,20504.925,20807.0,stop_1m,51.0,92.0,367.0,1,2024-11-06,1H,none_baseline,mnq_1h_negative_control_none,3,fold_3
mnq_1h_none_baseline_none_sm1p00_tm2p00_d30_ts3,MNQ,2024-11-15 09:30:00-05:00,2024-11-15 10:30:00-05:00,long,none,none,1.0,2.0,30,False,invalid_stop_geometry,False,,,,2024-11-15 11:01:00-05:00,,20553.5,,,,,,,,1,2024-11-15,1H,none_baseline,mnq_1h_negative_control_none,3,fold_3
mnq_1h_none_baseline_none_sm1p00_tm2p00_d30_ts3,MNQ,2024-11-20 09:30:00-05:00,2024-11-20 10:30:00-05:00,long,none,none,1.0,2.0,30,False,none,True,-118.0,-118.0,-115.5,2024-11-20 11:01:00-05:00,2024-11-20 14:01:00-05:00,20643.75,20477.25,20817.8,20586.0,time_stop_1m,180.0,261.0,384.0,1,2024-11-20,1H,none_baseline,mnq_1h_negative_control_none,3,fold_3
mnq_1h_none_baseline_none_sm1p00_tm2p00_d30_ts3,MNQ,2024-11-21 09:30:00-05:00,2024-11-21 10:30:00-05:00,long,none,none,1.0,2.0,30,False,none,True,248.0,248.0,250.5,2024-11-21 11:01:00-05:00,2024-11-21 14:01:00-05:00,20729.5,20523.25,20945.35,20854.75,time_stop_1m,180.0,560.0,164.0,1,2024-11-21,1H,none_baseline,mnq_1h_negative_control_none,3,fold_3
mnq_1h_none_baseline_none_sm1p00_tm2p00_d30_ts3,MNQ,2024-12-11 09:30:00-05:00,2024-12-11 10:30:00-05:00,short,none,none,1.0,2.0,30,False,none,True,-87.0,-87.0,-84.5,2024-12-11 11:01:00-05:00,2024-12-11 11:14:00-05:00,21694.25,21736.25,21536.4,21736.5,stop_1m,13.0,15.0,198.0,1,2024-12-11,1H,none_baseline,mnq_1h_negative_control_none,3,fold_3
mnq_1h_none_baseline_none_sm1p00_tm2p00_d30_ts3,MNQ,2024-12-27 09:30:00-05:00,2024-12-27 10:30:00-05:00,long,none,none,1.0,2.0,30,False,none,True,-179.5,-179.5,-177.0,2024-12-27 11:01:00-05:00,2024-12-27 12:16:00-05:00,21601.0,21512.75,21869.275,21512.5,stop_1m,75.0,201.0,353.0,1,2024-12-27,1H,none_baseline,mnq_1h_negative_control_none,3,fold_3
mnq_1h_none_baseline_none_sm1p00_tm2p00_d30_ts3,MNQ,2024-12-30 09:30:00-05:00,2024-12-30 10:30:00-05:00,long,none,none,1.0,2.0,30,False,none,True,335.5,335.5,338.0,2024-12-30 11:01:00-05:00,2024-12-30 14:01:00-05:00,21367.0,21252.75,21636.5,21536.0,time_stop_1m,180.0,810.0,106.0,1,2024-12-30,1H,none_baseline,mnq_1h_negative_control_none,3,fold_3
mnq_1h_delay_stop_zone_filter_require_no_stop_zone_touch_before_entry_sm0p75_tm2p50_d5_ts2_sz1p00,MNQ,2025-01-07 09:30:00-05:00,2025-01-07 10:30:00-05:00,long,require_no_stop_zone_touch_before_entry,stop_zone_1p00,0.75,2.5,5,False,invalid_stop_geometry,False,,,,2025-01-07 10:36:00-05:00,,21499.75,,,,,,,,1,2025-01-07,1H,delay_stop_zone_filter,mnq_1h_negative_control_stop_zone,2,fold_4
mnq_1h_delay_stop_zone_filter_require_no_stop_zone_touch_before_entry_sm0p75_tm2p50_d5_ts2_sz1p00,MNQ,2025-01-10 09:30:00-05:00,2025-01-10 10:30:00-05:00,long,require_no_stop_zone_touch_before_entry,stop_zone_1p00,0.75,2.5,5,False,none,True,-236.25,-236.25,-233.75,2025-01-10 10:36:00-05:00,2025-01-10 11:37:00-05:00,21030.25,20913.625,21423.4375,20913.375,stop_1m,61.0,371.0,532.0,1,2025-01-10,1H,delay_stop_zone_filter,mnq_1h_negative_control_stop_zone,2,fold_4
mnq_1h_delay_stop_zone_filter_require_no_stop_zone_touch_before_entry_sm0p75_tm2p50_d5_ts2_sz1p00,MNQ,2025-01-17 09:30:00-05:00,2025-01-17 10:30:00-05:00,long,require_no_stop_zone_touch_before_entry,stop_zone_1p00,0.75,2.5,5,False,none,True,102.5,102.5,105.0,2025-01-17 10:36:00-05:00,2025-01-17 12:36:00-05:00,21558.25,21500.3125,21909.21875,21610.75,time_stop_1m,120.0,317.0,78.0,1,2025-01-17,1H,delay_stop_zone_filter,mnq_1h_negative_control_stop_zone,2,fold_4
mnq_1h_delay_stop_zone_filter_require_no_stop_zone_touch_before_entry_sm0p75_tm2p50_d5_ts2_sz1p00,MNQ,2025-01-27 09:30:00-05:00,2025-01-27 10:30:00-05:00,short,require_no_stop_zone_touch_before_entry,stop_zone_1p00,0.75,2.5,5,False,invalid_stop_geometry,False,,,,2025-01-27 10:36:00-05:00,,21393.25,,,,,,,,1,2025-01-27,1H,delay_stop_zone_filter,mnq_1h_negative_control_stop_zone,2,fold_4
mnq_1h_delay_stop_zone_filter_require_no_stop_zone_touch_before_entry_sm0p75_tm2p50_d5_ts2_sz1p00,MNQ,2025-01-28 09:30:00-05:00,2025-01-28 10:30:00-05:00,short,require_no_stop_zone_touch_before_entry,stop_zone_1p00,0.75,2.5,5,True,skip_pre_entry_stop_zone_touch,False,,,,2025-01-28 10:36:00-05:00,,21424.25,21467.0,21079.0,,,,,,1,2025-01-28,1H,delay_stop_zone_filter,mnq_1h_negative_control_stop_zone,2,fold_4
mnq_1h_delay_stop_zone_filter_require_no_stop_zone_touch_before_entry_sm0p75_tm2p50_d5_ts2_sz1p00,MNQ,2025-01-30 09:30:00-05:00,2025-01-30 10:30:00-05:00,long,require_no_stop_zone_touch_before_entry,stop_zone_1p00,0.75,2.5,5,True,skip_pre_entry_stop_zone_touch,False,,,,2025-01-30 10:36:00-05:00,,21566.25,21533.0625,21895.03125,,,,,,1,2025-01-30,1H,delay_stop_zone_filter,mnq_1h_negative_control_stop_zone,2,fold_4
mnq_1h_delay_stop_zone_filter_require_no_stop_zone_touch_before_entry_sm0p75_tm2p50_d5_ts2_sz1p00,MNQ,2025-02-03 09:30:00-05:00,2025-02-03 10:30:00-05:00,short,require_no_stop_zone_touch_before_entry,stop_zone_1p00,0.75,2.5,5,False,invalid_stop_geometry,False,,,,2025-02-03 10:36:00-05:00,,21383.75,,,,,,,,1,2025-02-03,1H,delay_stop_zone_filter,mnq_1h_negative_control_stop_zone,2,fold_4
mnq_1h_delay_stop_zone_filter_require_no_stop_zone_touch_before_entry_sm0p75_tm2p50_d5_ts2_sz1p00,MNQ,2025-02-13 09:30:00-05:00,2025-02-13 10:30:00-05:00,short,require_no_stop_zone_touch_before_entry,stop_zone_1p00,0.75,2.5,5,True,skip_pre_entry_stop_zone_touch,False,,,,2025-02-13 10:36:00-05:00,,21996.25,21996.4375,21787.75,,,,,,1,2025-02-13,1H,delay_stop_zone_filter,mnq_1h_negative_control_stop_zone,2,fold_4
mnq_1h_delay_stop_zone_filter_require_no_stop_zone_touch_before_entry_sm0p75_tm2p50_d5_ts2_sz1p00,MNQ,2025-02-24 09:30:00-05:00,2025-02-24 10:30:00-05:00,long,require_no_stop_zone_touch_before_entry,stop_zone_1p00,0.75,2.5,5,False,none,True,-122.625,-122.625,-120.125,2025-02-24 10:36:00-05:00,2025-02-24 10:47:00-05:00,21516.5,21456.6875,21803.0625,21456.4375,stop_1m,11.0,34.0,269.0,1,2025-02-24,1H,delay_stop_zone_filter,mnq_1h_negative_control_stop_zone,2,fold_4
mnq_1h_delay_stop_zone_filter_require_no_stop_zone_touch_before_entry_sm0p75_tm2p50_d5_ts2_sz1p00,MNQ,2025-02-25 09:30:00-05:00,2025-02-25 10:30:00-05:00,long,require_no_stop_zone_touch_before_entry,stop_zone_1p00,0.75,2.5,5,True,skip_pre_entry_stop_zone_touch,False,,,,2025-02-25 10:36:00-05:00,,21078.75,21040.6875,21404.875,,,,,,1,2025-02-25,1H,delay_stop_zone_filter,mnq_1h_negative_control_stop_zone,2,fold_4
mnq_1h_delay_stop_zone_filter_require_no_stop_zone_touch_before_entry_sm0p75_tm2p50_d5_ts2_sz1p00,MNQ,2025-02-28 09:30:00-05:00,2025-02-28 10:30:00-05:00,short,require_no_stop_zone_touch_before_entry,stop_zone_1p00,0.75,2.5,5,True,skip_pre_entry_stop_zone_touch,False,,,,2025-02-28 10:36:00-05:00,,20735.5,20753.125,20301.875,,,,,,1,2025-02-28,1H,delay_stop_zone_filter,mnq_1h_negative_control_stop_zone,2,fold_4
mnq_1h_delay_stop_zone_filter_require_no_stop_zone_touch_before_entry_sm0p75_tm2p50_d5_ts2_sz1p00,MNQ,2025-03-04 09:30:00-05:00,2025-03-04 10:30:00-05:00,long,require_no_stop_zone_touch_before_entry,stop_zone_1p00,0.75,2.5,5,False,none,True,-222.75,-222.75,-220.25,2025-03-04 10:36:00-05:00,2025-03-04 11:09:00-05:00,20222.25,20112.375,20764.90625,20112.125,stop_1m,33.0,165.0,447.0,1,2025-03-04,1H,delay_stop_zone_filter,mnq_1h_negative_control_stop_zone,2,fold_4
mnq_1h_delay_stop_zone_filter_require_no_stop_zone_touch_before_entry_sm0p75_tm2p50_d5_ts2_sz1p00,MNQ,2025-03-26 09:30:00-04:00,2025-03-26 10:30:00-04:00,long,require_no_stop_zone_touch_before_entry,stop_zone_1p00,0.75,2.5,5,False,none,True,-94.875,-94.875,-92.375,2025-03-26 10:36:00-04:00,2025-03-26 11:49:00-04:00,20287.25,20241.3125,20573.28125,20241.0625,stop_1m,73.0,133.0,198.0,1,2025-03-26,1H,delay_stop_zone_filter,mnq_1h_negative_control_stop_zone,2,fold_4
mnq_1h_delay_stop_zone_filter_require_no_stop_zone_touch_before_entry_sm0p75_tm2p50_d5_ts2_sz1p00,MNQ,2025-03-28 09:30:00-04:00,2025-03-28 10:30:00-04:00,long,require_no_stop_zone_touch_before_entry,stop_zone_1p00,0.75,2.5,5,False,invalid_stop_geometry,False,,,,2025-03-28 10:36:00-04:00,,19617.25,,,,,,,,1,2025-03-28,1H,delay_stop_zone_filter,mnq_1h_negative_control_stop_zone,2,fold_4
mnq_1h_delay_stop_zone_filter_require_no_stop_zone_touch_before_entry_sm0p75_tm2p50_d5_ts2_sz1p00,MNQ,2025-04-02 09:30:00-04:00,2025-04-02 10:30:00-04:00,short,require_no_stop_zone_touch_before_entry,stop_zone_1p00,0.75,2.5,5,True,skip_pre_entry_stop_zone_touch,False,,,,2025-04-02 10:36:00-04:00,,19580.0,19610.375,19184.9375,,,,,,1,2025-04-02,1H,delay_stop_zone_filter,mnq_1h_negative_control_stop_zone,2,fold_4
mnq_1h_delay_stop_zone_filter_require_no_stop_zone_touch_before_entry_sm0p75_tm2p50_d5_ts2_sz1p00,MNQ,2025-05-12 09:30:00-04:00,2025-05-12 10:30:00-04:00,long,require_no_stop_zone_touch_before_entry,stop_zone_1p00,0.75,2.5,5,False,invalid_stop_geometry,False,,,,2025-05-12 10:36:00-04:00,,20715.25,,,,,,,,1,2025-05-12,1H,delay_stop_zone_filter,mnq_1h_negative_control_stop_zone,2,fold_4
mnq_1h_delay_stop_zone_filter_require_no_stop_zone_touch_before_entry_sm0p75_tm2p50_d5_ts2_sz1p00,MNQ,2025-05-23 09:30:00-04:00,2025-05-23 10:30:00-04:00,short,require_no_stop_zone_touch_before_entry,stop_zone_1p00,0.75,2.5,5,False,none,True,-24.75,-24.75,-22.25,2025-05-23 10:36:00-04:00,2025-05-23 11:37:00-04:00,20979.25,20990.125,20625.40625,20990.375,stop_1m,61.0,382.0,120.0,1,2025-05-23,1H,delay_stop_zone_filter,mnq_1h_negative_control_stop_zone,2,fold_4
mnq_1h_delay_stop_zone_filter_require_no_stop_zone_touch_before_entry_sm0p75_tm2p50_d5_ts2_sz1p00,MNQ,2025-05-29 09:30:00-04:00,2025-05-29 10:30:00-04:00,long,require_no_stop_zone_touch_before_entry,stop_zone_1p00,0.75,2.5,5,False,none,True,-92.25,-92.25,-89.75,2025-05-29 10:36:00-04:00,2025-05-29 11:57:00-04:00,21439.75,21395.125,21682.75,21394.875,stop_1m,81.0,329.0,309.0,1,2025-05-29,1H,delay_stop_zone_filter,mnq_1h_negative_control_stop_zone,2,fold_4
mnq_1h_delay_stop_zone_filter_require_no_stop_zone_touch_before_entry_sm0p75_tm2p50_d5_ts2_sz1p00,MNQ,2025-06-23 12:30:00-04:00,2025-06-23 13:30:00-04:00,short,require_no_stop_zone_touch_before_entry,stop_zone_1p00,0.75,2.5,5,False,invalid_stop_geometry,False,,,,2025-06-23 13:36:00-04:00,,22046.25,,,,,,,,1,2025-06-23,1H,delay_stop_zone_filter,mnq_1h_negative_control_stop_zone,2,fold_4
mnq_1h_delay_stop_zone_filter_require_no_stop_zone_touch_before_entry_sm0p75_tm2p50_d5_ts2_sz1p00,MNQ,2025-07-09 09:30:00-04:00,2025-07-09 10:30:00-04:00,short,require_no_stop_zone_touch_before_entry,stop_zone_1p00,0.75,2.5,5,False,none,True,15.0,15.0,17.5,2025-07-09 10:36:00-04:00,2025-07-09 12:36:00-04:00,22992.5,23081.5625,22781.40625,22983.75,time_stop_1m,120.0,302.0,61.0,1,2025-07-09,1H,delay_stop_zone_filter,mnq_1h_negative_control_stop_zone,2,fold_4
mnq_1h_delay_stop_zone_filter_require_no_stop_zone_touch_before_entry_sm0p75_tm2p50_d5_ts2_sz1p00,MNQ,2025-07-09 10:30:00-04:00,2025-07-09 11:30:00-04:00,long,require_no_stop_zone_touch_before_entry,stop_zone_1p00,0.75,2.5,5,False,blocked_by_open_trade,False,,,,2025-07-09 11:36:00-04:00,,,,,,,,,,1,2025-07-09,1H,delay_stop_zone_filter,mnq_1h_negative_control_stop_zone,2,fold_4
mnq_1h_delay_stop_zone_filter_require_no_stop_zone_touch_before_entry_sm0p75_tm2p50_d5_ts2_sz1p00,MNQ,2025-07-10 09:30:00-04:00,2025-07-10 10:30:00-04:00,long,require_no_stop_zone_touch_before_entry,stop_zone_1p00,0.75,2.5,5,False,none,True,82.0,82.0,84.5,2025-07-10 10:36:00-04:00,2025-07-10 12:36:00-04:00,22946.75,22912.4375,23171.03125,22989.0,time_stop_1m,120.0,314.0,26.0,1,2025-07-10,1H,delay_stop_zone_filter,mnq_1h_negative_control_stop_zone,2,fold_4
mnq_1h_delay_stop_zone_filter_require_no_stop_zone_touch_before_entry_sm0p75_tm2p50_d5_ts2_sz1p00,MNQ,2025-07-22 09:30:00-04:00,2025-07-22 10:30:00-04:00,long,require_no_stop_zone_touch_before_entry,stop_zone_1p00,0.75,2.5,5,False,none,True,-71.0,-71.0,-68.5,2025-07-22 10:36:00-04:00,2025-07-22 12:36:00-04:00,23219.0,23133.5,23380.84375,23184.75,time_stop_1m,120.0,65.0,222.0,1,2025-07-22,1H,delay_stop_zone_filter,mnq_1h_negative_control_stop_zone,2,fold_4
mnq_1h_delay_stop_zone_filter_require_no_stop_zone_touch_before_entry_sm0p75_tm2p50_d5_ts2_sz1p00,MNQ,2025-07-30 14:30:00-04:00,2025-07-30 15:30:00-04:00,long,require_no_stop_zone_touch_before_entry,stop_zone_1p00,0.75,2.5,5,False,none,True,140.5,140.5,143.0,2025-07-30 15:36:00-04:00,2025-07-30 16:00:00-04:00,23421.0,23371.5,23605.53125,23492.5,eod_flat_1m,24.0,301.0,153.0,1,2025-07-30,1H,delay_stop_zone_filter,mnq_1h_negative_control_stop_zone,2,fold_4
mnq_1h_delay_stop_zone_filter_require_no_stop_zone_touch_before_entry_sm0p75_tm2p50_d5_ts2_sz1p00,MNQ,2025-07-31 09:30:00-04:00,2025-07-31 10:30:00-04:00,long,require_no_stop_zone_touch_before_entry,stop_zone_1p00,0.75,2.5,5,True,skip_pre_entry_stop_zone_touch,False,,,,2025-07-31 10:36:00-04:00,,23621.75,23611.625,23829.28125,,,,,,1,2025-07-31,1H,delay_stop_zone_filter,mnq_1h_negative_control_stop_zone,2,fold_4
mnq_1h_delay_stop_zone_filter_require_no_stop_zone_touch_before_entry_sm0p75_tm2p50_d5_ts2_sz1p00,MNQ,2025-08-19 09:30:00-04:00,2025-08-19 10:30:00-04:00,long,require_no_stop_zone_touch_before_entry,stop_zone_1p00,0.75,2.5,5,True,skip_pre_entry_stop_zone_touch,False,,,,2025-08-19 10:36:00-04:00,,23629.25,23624.375,23809.34375,,,,,,1,2025-08-19,1H,delay_stop_zone_filter,mnq_1h_negative_control_stop_zone,2,fold_4
mnq_1h_delay_stop_zone_filter_require_no_stop_zone_touch_before_entry_sm0p75_tm2p50_d5_ts2_sz1p00,MNQ,2025-08-20 09:30:00-04:00,2025-08-20 10:30:00-04:00,long,require_no_stop_zone_touch_before_entry,stop_zone_1p00,0.75,2.5,5,False,none,True,-51.75,-51.75,-49.25,2025-08-20 10:36:00-04:00,2025-08-20 10:40:00-04:00,23095.75,23071.375,23312.9375,23071.125,stop_1m,4.0,53.0,107.0,1,2025-08-20,1H,delay_stop_zone_filter,mnq_1h_negative_control_stop_zone,2,fold_4
mnq_1h_delay_stop_zone_filter_require_no_stop_zone_touch_before_entry_sm0p75_tm2p50_d5_ts2_sz1p00,MNQ,2025-08-22 09:30:00-04:00,2025-08-22 10:30:00-04:00,short,require_no_stop_zone_touch_before_entry,stop_zone_1p00,0.75,2.5,5,False,none,True,-55.5,-55.5,-53.0,2025-08-22 10:36:00-04:00,2025-08-22 10:44:00-04:00,23598.5,23624.75,23265.28125,23625.0,stop_1m,8.0,81.0,109.0,1,2025-08-22,1H,delay_stop_zone_filter,mnq_1h_negative_control_stop_zone,2,fold_4
mnq_1h_delay_stop_zone_filter_require_no_stop_zone_touch_before_entry_sm0p75_tm2p50_d5_ts2_sz1p00,MNQ,2025-08-29 09:30:00-04:00,2025-08-29 10:30:00-04:00,long,require_no_stop_zone_touch_before_entry,stop_zone_1p00,0.75,2.5,5,False,none,True,-80.625,-80.625,-78.125,2025-08-29 10:36:00-04:00,2025-08-29 10:50:00-04:00,23479.75,23440.9375,23685.6875,23440.6875,stop_1m,14.0,144.0,225.0,1,2025-08-29,1H,delay_stop_zone_filter,mnq_1h_negative_control_stop_zone,2,fold_4
mnq_1h_delay_stop_zone_filter_require_no_stop_zone_touch_before_entry_sm0p75_tm2p50_d5_ts2_sz1p00,MNQ,2025-09-05 09:30:00-04:00,2025-09-05 10:30:00-04:00,long,require_no_stop_zone_touch_before_entry,stop_zone_1p00,0.75,2.5,5,False,invalid_stop_geometry,False,,,,2025-09-05 10:36:00-04:00,,23623.75,,,,,,,,1,2025-09-05,1H,delay_stop_zone_filter,mnq_1h_negative_control_stop_zone,2,fold_4
mnq_1h_delay_stop_zone_filter_require_no_stop_zone_touch_before_entry_sm0p75_tm2p50_d5_ts2_sz1p00,MNQ,2025-09-24 09:30:00-04:00,2025-09-24 10:30:00-04:00,long,require_no_stop_zone_touch_before_entry,stop_zone_1p00,0.75,2.5,5,False,none,True,-46.875,-46.875,-44.375,2025-09-24 10:36:00-04:00,2025-09-24 10:57:00-04:00,24814.25,24792.3125,25003.53125,24792.0625,stop_1m,21.0,62.0,96.0,1,2025-09-24,1H,delay_stop_zone_filter,mnq_1h_negative_control_stop_zone,2,fold_4
mnq_1h_delay_stop_zone_filter_require_no_stop_zone_touch_before_entry_sm0p75_tm2p50_d5_ts2_sz1p00,MNQ,2025-09-24 11:30:00-04:00,2025-09-24 12:30:00-04:00,long,require_no_stop_zone_touch_before_entry,stop_zone_1p00,0.75,2.5,5,False,none,True,28.5,28.5,31.0,2025-09-24 12:36:00-04:00,2025-09-24 14:36:00-04:00,24693.25,24644.3125,24895.03125,24708.75,time_stop_1m,120.0,247.0,57.0,1,2025-09-24,1H,delay_stop_zone_filter,mnq_1h_negative_control_stop_zone,2,fold_4
mnq_1h_delay_stop_zone_filter_require_no_stop_zone_touch_before_entry_sm0p75_tm2p50_d5_ts2_sz1p00,MNQ,2025-10-02 09:30:00-04:00,2025-10-02 10:30:00-04:00,long,require_no_stop_zone_touch_before_entry,stop_zone_1p00,0.75,2.5,5,False,none,True,-99.375,-99.375,-96.875,2025-10-02 10:36:00-04:00,2025-10-02 10:46:00-04:00,25078.5,25030.3125,25273.90625,25030.0625,stop_1m,10.0,42.0,210.0,1,2025-10-02,1H,delay_stop_zone_filter,mnq_1h_negative_control_stop_zone,2,fold_4
mnq_1h_delay_stop_zone_filter_require_no_stop_zone_touch_before_entry_sm0p75_tm2p50_d5_ts2_sz1p00,MNQ,2025-10-07 10:30:00-04:00,2025-10-07 11:30:00-04:00,long,require_no_stop_zone_touch_before_entry,stop_zone_1p00,0.75,2.5,5,False,invalid_stop_geometry,False,,,,2025-10-07 11:36:00-04:00,,25052.25,,,,,,,,1,2025-10-07,1H,delay_stop_zone_filter,mnq_1h_negative_control_stop_zone,2,fold_4
mnq_1h_delay_stop_zone_filter_require_no_stop_zone_touch_before_entry_sm0p75_tm2p50_d5_ts2_sz1p00,MNQ,2025-10-10 10:30:00-04:00,2025-10-10 11:30:00-04:00,long,require_no_stop_zone_touch_before_entry,stop_zone_1p00,0.75,2.5,5,False,invalid_stop_geometry,False,,,,2025-10-10 11:36:00-04:00,,24757.0,,,,,,,,1,2025-10-10,1H,delay_stop_zone_filter,mnq_1h_negative_control_stop_zone,2,fold_4
mnq_1h_delay_stop_zone_filter_require_no_stop_zone_touch_before_entry_sm0p75_tm2p50_d5_ts2_sz1p00,MNQ,2025-10-17 09:30:00-04:00,2025-10-17 10:30:00-04:00,short,require_no_stop_zone_touch_before_entry,stop_zone_1p00,0.75,2.5,5,False,none,True,-180.75,-180.75,-178.25,2025-10-17 10:36:00-04:00,2025-10-17 12:09:00-04:00,24842.25,24931.125,24400.625,24931.375,stop_1m,93.0,671.0,359.0,1,2025-10-17,1H,delay_stop_zone_filter,mnq_1h_negative_control_stop_zone,2,fold_4
mnq_1h_delay_stop_zone_filter_require_no_stop_zone_touch_before_entry_sm0p75_tm2p50_d5_ts2_sz1p00,MNQ,2025-11-04 09:30:00-05:00,2025-11-04 10:30:00-05:00,short,require_no_stop_zone_touch_before_entry,stop_zone_1p00,0.75,2.5,5,False,none,True,-52.875,-52.875,-50.375,2025-11-04 10:36:00-05:00,2025-11-04 10:40:00-05:00,25860.5,25885.4375,25505.5,25885.6875,stop_1m,4.0,45.0,104.0,1,2025-11-04,1H,delay_stop_zone_filter,mnq_1h_negative_control_stop_zone,2,fold_4
mnq_1h_delay_stop_zone_filter_require_no_stop_zone_touch_before_entry_sm0p75_tm2p50_d5_ts2_sz1p00,MNQ,2025-11-05 09:30:00-05:00,2025-11-05 10:30:00-05:00,short,require_no_stop_zone_touch_before_entry,stop_zone_1p00,0.75,2.5,5,False,none,True,-15.375,-15.375,-12.875,2025-11-05 10:36:00-05:00,2025-11-05 10:41:00-05:00,25709.75,25715.9375,25356.03125,25716.1875,stop_1m,5.0,96.0,81.0,1,2025-11-05,1H,delay_stop_zone_filter,mnq_1h_negative_control_stop_zone,2,fold_4
mnq_1h_delay_stop_zone_filter_require_no_stop_zone_touch_before_entry_sm0p75_tm2p50_d5_ts2_sz1p00,MNQ,2025-11-06 09:30:00-05:00,2025-11-06 10:30:00-05:00,long,require_no_stop_zone_touch_before_entry,stop_zone_1p00,0.75,2.5,5,False,none,True,-51.75,-51.75,-49.25,2025-11-06 10:36:00-05:00,2025-11-06 10:37:00-05:00,25436.75,25412.375,25743.0625,25412.125,stop_1m,1.0,10.0,354.0,1,2025-11-06,1H,delay_stop_zone_filter,mnq_1h_negative_control_stop_zone,2,fold_4
mnq_1h_delay_stop_zone_filter_require_no_stop_zone_touch_before_entry_sm0p75_tm2p50_d5_ts2_sz1p00,MNQ,2025-11-07 09:30:00-05:00,2025-11-07 10:30:00-05:00,long,require_no_stop_zone_touch_before_entry,stop_zone_1p00,0.75,2.5,5,False,none,True,-73.875,-73.875,-71.375,2025-11-07 10:36:00-05:00,2025-11-07 10:39:00-05:00,24929.0,24893.5625,25274.34375,24893.3125,stop_1m,3.0,144.0,167.0,1,2025-11-07,1H,delay_stop_zone_filter,mnq_1h_negative_control_stop_zone,2,fold_4
mnq_1h_delay_stop_zone_filter_require_no_stop_zone_touch_before_entry_sm0p75_tm2p50_d5_ts2_sz1p00,MNQ,2025-11-12 09:30:00-05:00,2025-11-12 10:30:00-05:00,long,require_no_stop_zone_touch_before_entry,stop_zone_1p00,0.75,2.5,5,False,none,True,-21.0,-21.0,-18.5,2025-11-12 10:36:00-05:00,2025-11-12 10:37:00-05:00,25573.5,25564.5,25917.0,25564.25,stop_1m,1.0,8.0,168.0,1,2025-11-12,1H,delay_stop_zone_filter,mnq_1h_negative_control_stop_zone,2,fold_4
mnq_1h_delay_stop_zone_filter_require_no_stop_zone_touch_before_entry_sm0p75_tm2p50_d5_ts2_sz1p00,MNQ,2025-11-14 09:30:00-05:00,2025-11-14 10:30:00-05:00,short,require_no_stop_zone_touch_before_entry,stop_zone_1p00,0.75,2.5,5,True,skip_pre_entry_stop_zone_touch,False,,,,2025-11-14 10:36:00-05:00,,25020.75,25026.375,24661.15625,,,,,,1,2025-11-14,1H,delay_stop_zone_filter,mnq_1h_negative_control_stop_zone,2,fold_4
mnq_1h_delay_stop_zone_filter_require_no_stop_zone_touch_before_entry_sm0p75_tm2p50_d5_ts2_sz1p00,MNQ,2025-11-20 11:30:00-05:00,2025-11-20 12:30:00-05:00,long,require_no_stop_zone_touch_before_entry,stop_zone_1p00,0.75,2.5,5,False,invalid_stop_geometry,False,,,,2025-11-20 12:36:00-05:00,,24335.25,,,,,,,,1,2025-11-20,1H,delay_stop_zone_filter,mnq_1h_negative_control_stop_zone,2,fold_4
mnq_1h_delay_stop_zone_filter_require_no_stop_zone_touch_before_entry_sm0p75_tm2p50_d5_ts2_sz1p00,MNQ,2025-12-04 09:30:00-05:00,2025-12-04 10:30:00-05:00,long,require_no_stop_zone_touch_before_entry,stop_zone_1p00,0.75,2.5,5,False,none,True,-119.625,-119.625,-117.125,2025-12-04 10:36:00-05:00,2025-12-04 11:04:00-05:00,25597.75,25539.4375,25860.09375,25539.1875,stop_1m,28.0,165.0,280.0,1,2025-12-04,1H,delay_stop_zone_filter,mnq_1h_negative_control_stop_zone,2,fold_4
mnq_1h_delay_stop_zone_filter_require_no_stop_zone_touch_before_entry_sm0p75_tm2p50_d5_ts2_sz1p00,MNQ,2025-12-10 14:30:00-05:00,2025-12-10 15:30:00-05:00,short,require_no_stop_zone_touch_before_entry,stop_zone_1p00,0.75,2.5,5,False,none,True,87.0,87.0,89.5,2025-12-10 15:36:00-05:00,2025-12-10 16:00:00-05:00,25848.25,25864.375,25612.125,25803.5,eod_flat_1m,24.0,229.0,38.0,1,2025-12-10,1H,delay_stop_zone_filter,mnq_1h_negative_control_stop_zone,2,fold_4
mnq_1h_delay_stop_zone_filter_require_no_stop_zone_touch_before_entry_sm0p75_tm2p50_d5_ts2_sz1p00,MNQ,2025-12-12 09:30:00-05:00,2025-12-12 10:30:00-05:00,long,require_no_stop_zone_touch_before_entry,stop_zone_1p00,0.75,2.5,5,True,skip_pre_entry_stop_zone_touch,False,,,,2025-12-12 10:36:00-05:00,,25327.25,25318.0625,25642.96875,,,,,,1,2025-12-12,1H,delay_stop_zone_filter,mnq_1h_negative_control_stop_zone,2,fold_4
mnq_1h_none_baseline_none_sm1p00_tm2p00_d30_ts3,MNQ,2026-01-02 09:30:00-05:00,2026-01-02 10:30:00-05:00,long,none,none,1.0,2.0,30,False,invalid_stop_geometry,False,,,,2026-01-02 11:01:00-05:00,,25361.0,,,,,,,,1,2026-01-02,1H,none_baseline,mnq_1h_negative_control_none,3,fold_5
mnq_1h_none_baseline_none_sm1p00_tm2p00_d30_ts3,MNQ,2026-01-09 09:30:00-05:00,2026-01-09 10:30:00-05:00,short,none,none,1.0,2.0,30,False,none,True,-79.5,-79.5,-77.0,2026-01-09 11:01:00-05:00,2026-01-09 11:08:00-05:00,25822.5,25860.75,25637.8,25861.0,stop_1m,7.0,20.0,208.0,1,2026-01-09,1H,none_baseline,mnq_1h_negative_control_none,3,fold_5
mnq_1h_none_baseline_none_sm1p00_tm2p00_d30_ts3,MNQ,2026-01-22 09:30:00-05:00,2026-01-22 10:30:00-05:00,long,none,none,1.0,2.0,30,False,none,True,88.5,88.5,91.0,2026-01-22 11:01:00-05:00,2026-01-22 14:01:00-05:00,25629.5,25534.75,25928.45,25675.0,time_stop_1m,180.0,367.0,95.0,1,2026-01-22,1H,none_baseline,mnq_1h_negative_control_none,3,fold_5
mnq_1h_none_baseline_none_sm1p00_tm2p00_d30_ts3,MNQ,2026-01-29 09:30:00-05:00,2026-01-29 10:30:00-05:00,long,none,none,1.0,2.0,30,False,invalid_stop_geometry,False,,,,2026-01-29 11:01:00-05:00,,25594.75,,,,,,,,1,2026-01-29,1H,none_baseline,mnq_1h_negative_control_none,3,fold_5
mnq_1h_none_baseline_none_sm1p00_tm2p00_d30_ts3,MNQ,2026-02-03 09:30:00-05:00,2026-02-03 10:30:00-05:00,long,none,none,1.0,2.0,30,False,none,True,-269.5,-269.5,-267.0,2026-02-03 11:01:00-05:00,2026-02-03 11:51:00-05:00,25603.5,25470.25,25921.15,25470.0,stop_1m,50.0,29.0,551.0,1,2026-02-03,1H,none_baseline,mnq_1h_negative_control_none,3,fold_5
mnq_1h_none_baseline_none_sm1p00_tm2p00_d30_ts3,MNQ,2026-02-24 09:30:00-05:00,2026-02-24 10:30:00-05:00,short,none,none,1.0,2.0,30,False,none,True,-62.5,-62.5,-60.0,2026-02-24 11:01:00-05:00,2026-02-24 11:02:00-05:00,24984.75,25014.5,24679.525,25014.75,stop_1m,1.0,15.0,149.0,1,2026-02-24,1H,none_baseline,mnq_1h_negative_control_none,3,fold_5
mnq_1h_none_baseline_none_sm1p00_tm2p00_d30_ts3,MNQ,2026-02-26 09:30:00-05:00,2026-02-26 10:30:00-05:00,long,none,none,1.0,2.0,30,False,none,True,-30.0,-30.0,-27.5,2026-02-26 11:01:00-05:00,2026-02-26 14:01:00-05:00,25018.75,24885.0,25249.525,25005.0,time_stop_1m,180.0,267.0,520.0,1,2026-02-26,1H,none_baseline,mnq_1h_negative_control_none,3,fold_5
mnq_1h_none_baseline_none_sm1p00_tm2p00_d30_ts3,MNQ,2026-03-03 09:30:00-05:00,2026-03-03 10:30:00-05:00,long,none,none,1.0,2.0,30,False,none,True,667.6500000000015,667.6500000000015,670.1500000000015,2026-03-03 11:01:00-05:00,2026-03-03 13:33:00-05:00,24441.75,24350.75,24777.075,24776.825,target_1m,152.0,1385.0,12.0,1,2026-03-03,1H,none_baseline,mnq_1h_negative_control_none,3,fold_5
mnq_1h_none_baseline_none_sm1p00_tm2p00_d30_ts3,MNQ,2026-03-06 09:30:00-05:00,2026-03-06 10:30:00-05:00,short,none,none,1.0,2.0,30,False,invalid_stop_geometry,False,,,,2026-03-06 11:01:00-05:00,,24874.0,,,,,,,,1,2026-03-06,1H,none_baseline,mnq_1h_negative_control_none,3,fold_5
