weekday,days,net_pnl_usd,expectancy_per_day,green_day_pct
Monday,355,408.2214285713908,1.1499195171025092,0.4225352112676056
Tuesday,359,2549.1392857143146,7.10066653402316,0.403899721448468
Wednesday,355,-3669.8107142857098,-10.3374949698189,0.36901408450704226
Thursday,356,4675.785714285734,13.134229534510489,0.38764044943820225
Friday,322,-14.671428571362412,-0.04556344276820625,0.391304347826087
