scope,net_pnl,sharpe,sortino,profit_factor,expectancy,max_drawdown,n_trades,n_days_traded,pct_days_traded,hit_rate,avg_win,avg_loss,stop_hit_rate,target_hit_rate,exposure_time_pct
overall,10515.959999999992,0.8236980357774156,0.8164218667491571,1.153396693585584,12.430212765957437,-4693.339999999999,846,846,0.7553571428571428,0.5,186.92666666666665,-162.06624113475178,0.3605200945626478,0.1288416075650118,0.5132326007326007
is,1730.7399999999955,0.22362904266552086,0.20644571218131375,1.0422226862834454,3.3029389312977013,-4693.339999999999,524,524,0.6658195679796697,0.4770992366412214,170.886,-149.60131386861315,0.37213740458015265,0.10305343511450382,0.44676962173785556
oos,8785.219999999998,1.83441524697821,2.042686716334847,1.3187293520432632,27.283291925465832,-3444.79999999999,322,322,0.9669669669669669,0.5372670807453416,210.10682080924852,-184.988322147651,0.3416149068322981,0.17080745341614906,0.6703087703087703
