scope,net_pnl,sharpe,sortino,profit_factor,expectancy,max_drawdown,n_trades,n_days_traded,pct_days_traded,hit_rate,avg_win,avg_loss,stop_hit_rate,target_hit_rate,exposure_time_pct
overall,3108.259999999998,0.3300876025671661,0.22558479784882043,1.0888203202064755,7.751271820448872,-3168.1599999999976,401,401,0.3580357142857143,0.48129675810473815,197.42580310880825,-168.2448076923077,0.3566084788029925,0.14463840399002495,0.2475984432234432
is,-1238.3800000000022,-0.2135292677354677,-0.1369701644960893,0.9444449927459705,-4.726641221374054,-3168.1599999999976,262,262,0.33290978398983484,0.45038167938931295,178.4125423728813,-154.79902777777778,0.37786259541984735,0.11450381679389313,0.22754699768676898
oos,4346.6399999999985,1.2513602542047373,0.9349112423095248,1.3421511257208436,31.270791366906465,-2071.3399999999965,139,139,0.4174174174174174,0.539568345323741,227.33999999999995,-198.4978125,0.31654676258992803,0.2014388489208633,0.294987294987295
