strategy_id,role,pnl_nominal,pnl_slip_x2,pf_nominal,pf_slip_x2,sharpe_nominal,sharpe_slip_x2,dd_nominal,dd_slip_x2,delta_pnl_nominal_vs_slip_x2,pass_fail_cost_stress
paper_vwap_baseline,paper_baseline_reference,-2376.5,-2989.5,0.7662880464178591,0.7205291203141068,-0.7066732810483942,-0.8601573616574665,-2518.5,-2991.0,-613.0,False
baseline_futures_adapted,realistic_baseline_reference,-20043.0,-28667.0,0.9004457910618271,0.8625716696389193,-1.4121554200812398,-1.9869443012576853,-20185.0,-28668.5,-8624.0,False
vwap_reclaim,candidate,151.05357142857247,132.05357142857247,1.140521952921243,1.1212672799724515,0.12531480444303125,0.10957374557709643,-750.4464285714275,-764.4464285714275,-19.0,True
