scope,net_pnl,sharpe,sortino,profit_factor,expectancy,max_drawdown,n_trades,n_days_traded,pct_days_traded,hit_rate,avg_win,avg_loss,stop_hit_rate,target_hit_rate,exposure_time_pct
overall,15852.419999999995,1.153665925959372,1.114416661580476,1.2383408237605613,21.364447439353093,-2223.719999999994,742,742,0.6625,0.5026954177897575,220.81495978552277,-180.24813008130081,0.38274932614555257,0.15498652291105122,0.4476785714285714
is,7213.4199999999955,0.7745929491819376,0.7422860842035643,1.1560076647576867,13.952456479690513,-2223.719999999994,517,517,0.6569250317662008,0.4874274661508704,212.10722222222225,-174.48150943396223,0.3945841392649903,0.13539651837524178,0.44589320040400093
oos,8638.999999999998,1.9636030759726706,1.9134343967630987,1.4261131027189562,38.395555555555546,-2020.3399999999965,225,225,0.6756756756756757,0.5377777777777778,238.9500826446282,-194.94192307692308,0.35555555555555557,0.2,0.4518980518980519
