scope,net_pnl,sharpe,sortino,profit_factor,expectancy,max_drawdown,n_trades,n_days_traded,pct_days_traded,hit_rate,avg_win,avg_loss,stop_hit_rate,target_hit_rate,exposure_time_pct
overall,12208.119999999994,0.9390665659592325,0.8886580425578602,1.1913383869492453,16.5646132971506,-4058.6999999999935,737,737,0.6580357142857143,0.5006784260515604,205.99441734417346,-173.37994565217394,0.38263229308005425,0.13568521031207598,0.4449496336996337
is,5657.739999999996,0.6431705032073518,0.6060720419942984,1.1278366327304838,10.797213740458007,-2208.1999999999935,524,524,0.6658195679796697,0.4904580152671756,194.22303501945527,-165.7587265917603,0.38740458015267176,0.1183206106870229,0.4507053725605187
oos,6550.379999999999,1.5676601480211583,1.4817754435955177,1.3351222536917584,30.75295774647887,-4058.6999999999935,213,213,0.6396396396396397,0.5258215962441315,233.00553571428577,-193.5271287128714,0.37089201877934275,0.1784037558685446,0.43134673134673135
