scope,net_pnl,sharpe,sortino,profit_factor,expectancy,max_drawdown,n_trades,n_days_traded,pct_days_traded,hit_rate,avg_win,avg_loss,stop_hit_rate,target_hit_rate,exposure_time_pct
overall,10006.969999999998,1.3062668271360804,0.5529585262842517,1.6391403928742052,36.79033088235293,-1094.0599999999959,272,272,0.15569547796222094,0.6029411764705882,156.48713414634145,-144.97148148148148,0.27205882352941174,0.2610294117647059,0.09236199785713238
is,7245.769999999999,1.4048799161026044,0.5665307965078622,1.7338915515725584,40.93655367231638,-603.2199999999993,177,177,0.1448445171849427,0.6214689265536724,155.62590909090903,-147.35940298507464,0.288135593220339,0.2542372881355932,0.0852658525326283
oos,2761.2000000000007,1.1082326522269983,0.5165766014884292,1.4773990981769898,29.065263157894744,-1094.0600000000002,95,95,0.18095238095238095,0.5684210526315789,158.2414814814815,-141.06926829268292,0.24210526315789474,0.2736842105263158,0.10887912087912088
