scope,net_pnl,sharpe,sortino,profit_factor,expectancy,max_drawdown,n_trades,n_days_traded,pct_days_traded,hit_rate,avg_win,avg_loss,stop_hit_rate,target_hit_rate,exposure_time_pct
overall,6447.619999999996,0.6939147817326105,0.49169546478193615,1.1945555043925418,16.66051679586562,-2737.219999999989,387,387,0.3455357142857143,0.48578811369509045,210.573829787234,-166.5339698492463,0.39018087855297157,0.1524547803617571,0.23397435897435898
is,2741.1399999999976,0.4498669716525112,0.30918100262544046,1.1266516780836795,10.383106060606051,-2737.219999999989,264,264,0.3354510800508259,0.48484848484848486,190.50218750000005,-159.14073529411763,0.38257575757575757,0.12878787878787878,0.2310982960284104
oos,3706.4799999999996,1.175529767529496,0.8826118470796505,1.3223833446984985,30.133983739837394,-2151.34,123,123,0.36936936936936937,0.4878048780487805,253.39333333333332,-182.49396825396823,0.4065040650406504,0.2032520325203252,0.24077154077154078
