strategy_id,role,pnl_nominal,pnl_slip_x2,pf_nominal,pf_slip_x2,sharpe_nominal,sharpe_slip_x2,dd_nominal,dd_slip_x2,delta_pnl_nominal_vs_slip_x2,pass_fail_cost_stress
paper_vwap_baseline,paper_baseline_reference,-3239.5,-7120.5,0.9788696105929163,0.9544426494345719,-0.23176485399542818,-0.5057415495965852,-7327.0,-10312.5,-3881.0,False
baseline_futures_adapted,realistic_baseline_reference,-3239.5,-7120.5,0.9788696105929163,0.9544426494345719,-0.23176485399542818,-0.5057415495965852,-7327.0,-10312.5,-3881.0,False
vwap_reclaim,candidate,-1593.1666666666715,-1709.1666666666715,0.8105553133298977,0.7987123873829661,-0.5679879592810806,-0.6089707349436118,-2923.2083333333358,-2971.2083333333358,-116.0,False
