scope,net_pnl,sharpe,sortino,profit_factor,expectancy,max_drawdown,n_trades,n_days_traded,pct_days_traded,hit_rate,avg_win,avg_loss,stop_hit_rate,target_hit_rate,exposure_time_pct
overall,749.1799999999998,0.4256579146127031,0.03827922922538903,1.9178877726047534,41.621111111111105,-515.22,18,18,0.01030337721808815,0.7222222222222222,120.41384615384615,-163.24,0.16666666666666666,0.3888888888888889,0.006049931751133812
is,442.3699999999999,0.3512294163323043,0.032152843407181095,1.689092778366253,36.864166666666655,-515.22,12,12,0.009819967266775777,0.6666666666666666,135.54125,-160.49,0.25,0.4166666666666667,0.004985521843132318
oos,306.80999999999995,0.6143893686758116,0.05324301192101056,2.7608471074380163,51.13499999999999,-174.24,6,6,0.011428571428571429,0.8333333333333334,96.21,-174.24,0.0,0.3333333333333333,0.008527472527472527
