scope,net_pnl,sharpe,sortino,profit_factor,expectancy,max_drawdown,n_trades,n_days_traded,pct_days_traded,hit_rate,avg_win,avg_loss,stop_hit_rate,target_hit_rate,exposure_time_pct
overall,2665.069999999999,0.46201993964041144,0.13077034221069503,1.2753052036998394,20.189924242424233,-1471.1900000000003,132,132,0.0755580995993131,0.5606060606060606,166.83094594594596,-166.90379310344827,0.3181818181818182,0.1893939393939394,0.05053938620051957
is,1354.0999999999992,0.3394446752931568,0.09408272150714872,1.2020785391725841,15.930588235294108,-1471.1900000000003,85,85,0.06955810147299508,0.5411764705882353,175.10782608695655,-171.81692307692305,0.36470588235294116,0.17647058823529413,0.04559360443157497
oos,1310.9699999999996,0.7373762552542306,0.21843944011608293,1.439987783431111,27.892978723404248,-1106.44,47,47,0.08952380952380952,0.5957446808510638,153.2332142857143,-156.81894736842102,0.23404255319148937,0.2127659574468085,0.062051282051282054
