scope,net_pnl,sharpe,sortino,profit_factor,expectancy,max_drawdown,n_trades,n_days_traded,pct_days_traded,hit_rate,avg_win,avg_loss,stop_hit_rate,target_hit_rate,exposure_time_pct
overall,-119.09000000000009,-0.07353316939656088,-0.006934642388761381,0.8956650487988644,-7.4431250000000055,-705.46,16,16,0.009158557527189467,0.5,127.79124999999999,-142.6775,0.3125,0.25,0.004385540046673418
is,115.86999999999989,0.09134584574832987,0.009512545833264295,1.136648819491945,9.655833333333325,-705.46,12,12,0.009819967266775777,0.5,160.635,-141.32333333333335,0.4166666666666667,0.3333333333333333,0.004595241092786101
oos,-234.96,-0.7554917551212791,-0.04758727110379232,0.19940029985007493,-58.74,-253.22,4,4,0.007619047619047619,0.5,29.259999999999998,-146.74,0.0,0.0,0.0038974358974358976
