variant_name,box_lookback,compression_threshold,target_r,screening_score,asset_count,oos_positive_assets,oos_total_trades,oos_total_net_pnl,oos_median_profit_factor,oos_median_sharpe,oos_median_top_5_day_contribution_pct,stress_positive_rows,stress_total_rows,worst_stress_oos_net_pnl,worst_stress_oos_profit_factor,median_mfe_r,median_mae_r,pct_trades_reaching_1r_mfe
vceb_n12_ct20_tr1p8,12,20.0,1.8,-2.4190128893339566,4,1,808,-2717.9114583331175,0.8280022513777494,-0.5512462398004909,1.3037457730542745,2,8,-2736.755208333334,0.6347556207403492,0.6374246505066176,-0.8428250663400402,0.3465346534653465
vceb_n16_ct15_tr1p8,16,15.0,1.8,-2.630131934585497,4,0,525,-3914.7499999998417,0.6950498039168338,-1.0733160276217555,0.6659567627684001,0,8,-1836.3624999998942,0.5015048947252548,0.5874125874126555,-0.7741935483871488,0.3028571428571429
