scope,net_pnl,sharpe,sortino,profit_factor,expectancy,max_drawdown,n_trades,n_days_traded,pct_days_traded,hit_rate,avg_win,avg_loss,stop_hit_rate,target_hit_rate,exposure_time_pct
overall,12938.059999999994,1.2728942962147205,0.7486502152662249,1.4084597306918587,24.365461393596977,-1220.5899999999965,531,531,0.3039496279336005,0.5743879472693032,146.27311475409834,-140.15592920353984,0.3126177024482109,0.224105461393597,0.18634729132725697
is,9658.479999999996,1.3344957626910403,0.8174825797262345,1.4135809500156293,24.2675376884422,-1166.0299999999952,398,398,0.32569558101472995,0.5728643216080402,144.78850877192983,-137.3723529411765,0.32914572864321606,0.2185929648241206,0.20204582651391162
oos,3279.579999999999,1.1222275353076574,0.5925292087689042,1.3940883976572773,24.658496240601497,-1195.5800000000002,133,133,0.25333333333333335,0.5789473684210527,150.66909090909093,-148.60607142857143,0.2631578947368421,0.24060150375939848,0.1498070818070818
