scope,net_pnl,sharpe,sortino,profit_factor,expectancy,max_drawdown,n_trades,n_days_traded,pct_days_traded,hit_rate,avg_win,avg_loss,stop_hit_rate,target_hit_rate,exposure_time_pct
overall,795.4099999999999,0.4674250751089241,0.03687731305950535,2.117996795322295,49.71312499999999,-473.98,16,16,0.009158557527189467,0.75,125.57249999999999,-177.865,0.1875,0.125,0.005936917499596378
is,399.6199999999999,0.30575076037483473,0.026487266305129705,1.5616900458212688,33.301666666666655,-473.98,12,12,0.009819967266775777,0.6666666666666666,138.885,-177.865,0.25,0.08333333333333333,0.0068550925343069365
oos,395.78999999999996,1.0726308191289116,0.0,inf,98.94749999999999,0.0,4,4,0.007619047619047619,1.0,98.94749999999999,0.0,0.0,0.25,0.0037997557997558
