scope,net_pnl,sharpe,sortino,profit_factor,expectancy,max_drawdown,n_trades,n_days_traded,pct_days_traded,hit_rate,avg_win,avg_loss,stop_hit_rate,target_hit_rate,exposure_time_pct
overall,7108.019999999997,0.8039712141488681,0.5547138114599967,1.2381113814106146,18.854164456233413,-2858.739999999989,377,377,0.3366071428571429,0.5119363395225465,191.50093264248702,-162.23728260869566,0.35809018567639256,0.13262599469496023,0.2352106227106227
is,4989.139999999998,0.8596836162858119,0.5862057735466688,1.2636199836199833,18.898257575757565,-2858.739999999989,264,264,0.3354510800508259,0.5265151515151515,172.04776978417266,-151.40400000000002,0.3333333333333333,0.12121212121212122,0.23444107777017562
oos,2118.879999999999,0.7067096917350859,0.5023511177190351,1.1939272351860124,18.75115044247787,-2496.7200000000003,113,113,0.33933933933933935,0.4778761061946903,241.57481481481483,-185.18915254237288,0.415929203539823,0.1592920353982301,0.23702933702933704
