scope,net_pnl,sharpe,sortino,profit_factor,expectancy,max_drawdown,n_trades,n_days_traded,pct_days_traded,hit_rate,avg_win,avg_loss,stop_hit_rate,target_hit_rate,exposure_time_pct
overall,15669.519999999993,1.1836009861380268,1.157745399092866,1.244930931113058,20.83712765957446,-2922.7599999999948,752,752,0.6714285714285714,0.5026595744680851,210.7004761904762,-171.05684491978613,0.38430851063829785,0.15159574468085107,0.4559615384615385
is,5967.739999999996,0.6787268459959453,0.6558389997590613,1.1346252324123467,11.388816793893122,-2354.4200000000005,524,524,0.6658195679796697,0.48282442748091603,198.79952569169964,-163.5739483394834,0.4064885496183206,0.13740458015267176,0.452112859609683
oos,9701.779999999999,2.210914569417976,2.1805093068668597,1.4938116896866236,42.55166666666666,-2922.7599999999948,228,228,0.6846846846846847,0.5482456140350878,234.788,-190.74485436893215,0.3333333333333333,0.18421052631578946,0.46505736505736506
