scope,net_pnl,sharpe,sortino,profit_factor,expectancy,max_drawdown,n_trades,n_days_traded,pct_days_traded,hit_rate,avg_win,avg_loss,stop_hit_rate,target_hit_rate,exposure_time_pct
overall,-524.6100000000001,-0.28854033570366494,-0.024313902408284523,0.6176088984780453,-37.47214285714286,-653.72,14,14,0.008013737836290785,0.42857142857142855,141.21833333333333,-171.49,0.2857142857142857,0.14285714285714285,0.003600311156121116
is,-231.1300000000001,-0.1596220596017509,-0.014342790869358465,0.7856811690961016,-19.26083333333334,-653.72,12,12,0.009819967266775777,0.5,141.21833333333333,-179.74,0.3333333333333333,0.16666666666666666,0.0044525578077132906
oos,-293.48,-0.9648074892308521,-0.05943953150979302,0.0,-146.74,-174.24,2,2,0.0038095238095238095,0.0,0.0,-146.74,0.0,0.0,0.0016166056166056165
