scope,net_pnl,sharpe,sortino,profit_factor,expectancy,max_drawdown,n_trades,n_days_traded,pct_days_traded,hit_rate,avg_win,avg_loss,stop_hit_rate,target_hit_rate,exposure_time_pct
overall,-1408.1000000000001,-0.8254293262932039,-0.06606237307372385,0.18105152960334997,-93.87333333333335,-1427.42,15,15,0.008586147681740127,0.3333333333333333,62.25999999999999,-171.94,0.4,0.0,0.003961369674019931
is,-1129.38,-0.8374314049607718,-0.07217700669014812,0.20796398114901254,-94.11500000000001,-1133.94,12,12,0.009819967266775777,0.3333333333333333,74.13499999999999,-178.24,0.5,0.0,0.004630911914054303
oos,-278.72,-0.9138806669609499,-0.05645013705332394,0.05029303530053155,-92.90666666666668,-174.24,3,3,0.005714285714285714,0.3333333333333333,14.76,-146.74,0.0,0.0,0.0024029304029304028
