scope,net_pnl,sharpe,sortino,profit_factor,expectancy,max_drawdown,n_trades,n_days_traded,pct_days_traded,hit_rate,avg_win,avg_loss,stop_hit_rate,target_hit_rate,exposure_time_pct
overall,17749.439999999995,1.2526626846203215,1.2334253204504795,1.2518334050312652,22.354458438287146,-3145.600000000033,794,794,0.7089285714285715,0.5125944584382871,216.78211302211304,-182.1211369509044,0.3765743073047859,0.1486146095717884,0.490121336996337
is,8810.479999999996,0.9325196357466964,0.8946148297162548,1.1897149521259625,16.846042065009552,-2044.1599999999926,523,523,0.6645489199491741,0.497131931166348,212.5042307692308,-176.58030418250948,0.3919694072657744,0.13193116634799235,0.4626462059753038
oos,8938.959999999997,1.9124406468109922,1.9838452271774332,1.3718329169484855,32.9850922509225,-3145.5999999999913,271,271,0.8138138138138138,0.5424354243542435,224.34843537414966,-193.87306451612906,0.34686346863468637,0.18081180811808117,0.555055055055055
