scope,net_pnl,sharpe,sortino,profit_factor,expectancy,max_drawdown,n_trades,n_days_traded,pct_days_traded,hit_rate,avg_win,avg_loss,stop_hit_rate,target_hit_rate,exposure_time_pct
overall,12185.439999999991,0.8580982395685358,0.9209922279339131,1.149799753788992,12.575273477812168,-3752.7599999999893,969,969,0.8651785714285715,0.4953560371517028,194.8547916666667,-166.34940695296524,0.3684210526315789,0.12796697626418987,0.5918292124542125
is,3204.419999999994,0.34766085276762393,0.36236966386134434,1.0604740133591553,4.991308411214944,-3051.379999999992,642,642,0.8157560355781448,0.4750778816199377,184.23868852459017,-157.23554896142434,0.38006230529595014,0.1059190031152648,0.5545433812269899
oos,8981.019999999997,1.8390902370050957,2.0744150409718967,1.3167184361387587,27.464892966360846,-3752.7599999999893,327,327,0.9819819819819819,0.5351681957186545,213.3571428571428,-186.55578947368423,0.345565749235474,0.1712538226299694,0.6799491799491799
