scope,net_pnl,sharpe,sortino,profit_factor,expectancy,max_drawdown,n_trades,n_days_traded,pct_days_traded,hit_rate,avg_win,avg_loss,stop_hit_rate,target_hit_rate,exposure_time_pct
overall,14857.999999999993,1.1216454241467564,1.1452324862826173,1.216132774008441,17.47999999999999,-3444.79999999999,850,850,0.7589285714285714,0.5035294117647059,195.33359813084112,-162.90232227488153,0.3611764705882353,0.14,0.5149084249084249
is,5154.499999999995,0.6280322992419609,0.607124221797953,1.1251653654357585,9.81809523809523,-2493.7399999999943,525,525,0.6670902160101652,0.48,183.87309523809526,-150.84805860805864,0.37523809523809526,0.12,0.4468380412471899
oos,9703.499999999996,2.0011775361900055,2.25619967991185,1.3520447145947176,29.856923076923067,-3444.79999999999,325,325,0.975975975975976,0.5415384615384615,211.74295454545452,-184.988322147651,0.3384615384615385,0.1723076923076923,0.6757834757834758
