scope,net_pnl,sharpe,sortino,profit_factor,expectancy,max_drawdown,n_trades,n_days_traded,pct_days_traded,hit_rate,avg_win,avg_loss,stop_hit_rate,target_hit_rate,exposure_time_pct
overall,7790.179999999993,0.6325719278541836,0.5946721094221811,1.1253882277499787,10.484764468371457,-2867.479999999983,743,743,0.6633928571428571,0.49259757738896365,191.03459016393444,-164.79702917771885,0.36608344549125166,0.11843876177658143,0.4597596153846154
is,5408.279999999995,0.6331188724565017,0.610483081425621,1.1265915583157082,10.242954545454536,-2788.5999999999913,528,528,0.6709021601016518,0.48484848484848486,188.01000000000005,-157.06720588235294,0.36553030303030304,0.11174242424242424,0.4595445215521454
oos,2381.899999999998,0.6317251891922796,0.5603409199148404,1.1227391246096605,11.078604651162781,-2867.479999999983,215,215,0.6456456456456456,0.5116279069767442,198.07363636363633,-184.82095238095238,0.3674418604651163,0.13488372093023257,0.46026796026796024
