scope,net_pnl,sharpe,sortino,profit_factor,expectancy,max_drawdown,n_trades,n_days_traded,pct_days_traded,hit_rate,avg_win,avg_loss,stop_hit_rate,target_hit_rate,exposure_time_pct
overall,-162.11000000000013,-0.09192870897674435,-0.0068167600757144805,0.8542752867570385,-11.579285714285723,-959.7,14,14,0.008013737836290785,0.5714285714285714,118.79124999999999,-185.40666666666667,0.2857142857142857,0.21428571428571427,0.0038967901017128263
is,51.86999999999989,0.03809502352918435,0.0032454075987010974,1.0604404567699837,4.322499999999991,-745.72,12,12,0.009819967266775777,0.5833333333333334,130.01,-171.64000000000001,0.25,0.25,0.005249905577237819
oos,-213.98000000000002,-0.5763122913608992,-0.02544897354767604,0.15835431088735052,-106.99000000000001,-254.24,2,2,0.0038095238095238095,0.5,40.26,-254.24,0.5,0.0,0.0007472527472527472
