scope,net_pnl,sharpe,sortino,profit_factor,expectancy,max_drawdown,n_trades,n_days_traded,pct_days_traded,hit_rate,avg_win,avg_loss,stop_hit_rate,target_hit_rate,exposure_time_pct
overall,-22.080000000000144,-0.013776343627542237,-0.001342090175909448,0.9808403186338313,-1.2988235294117731,-630.1600000000001,17,17,0.009730967372638809,0.5294117647058824,125.59333333333332,-144.0525,0.4117647058823529,0.29411764705882354,0.005778404003933483
is,-82.88000000000011,-0.07410657998252056,-0.0074049893758866905,0.9012086680811499,-6.906666666666676,-500.94000000000005,12,12,0.009819967266775777,0.5,126.00999999999999,-139.82333333333335,0.5,0.3333333333333333,0.005056863485668723
oos,60.79999999999997,0.1255366273033488,0.011407167626894626,1.1939517672578792,12.159999999999993,-313.48,5,5,0.009523809523809525,0.6,124.75999999999999,-156.74,0.2,0.2,0.007457875457875458
