{
  "n_trades": 788,
  "win_rate": 0.4936548223350254,
  "avg_win": 226.81491002570695,
  "avg_loss": -170.82706766917292,
  "average_losing_trade": -170.82706766917292,
  "expectancy": 25.470812182741117,
  "profit_factor": 1.294468896713615,
  "cumulative_pnl": 20071.0,
  "max_drawdown": -2083.5,
  "max_drawdown_pct": 0.04167,
  "sharpe_ratio": 1.089292114958305,
  "max_consecutive_losses": 8,
  "avg_consecutive_losses": 1.946341463414634,
  "longest_loss_streak": 8,
  "number_of_loss_streaks_2_plus": 107,
  "worst_trade": -250.0,
  "worst_day": -250.0,
  "stop_hit_rate": 0.44923857868020306,
  "target_hit_rate": 0.21192893401015228,
  "time_exit_rate": 0.33375634517766495,
  "time_exit_count": 263,
  "time_exit_win_rate": 0.8288973384030418,
  "time_exit_loss_rate": 0.17110266159695817,
  "time_exit_pnl_usd": 25737.0,
  "eod_exit_rate": 0.005076142131979695,
  "proportion_filtered_out": 0.6450553959786622,
  "trade_count_after_filters": 788,
  "percent_of_days_traded": 0.3704748472026328,
  "percent_days_traded": 0.3704748472026328,
  "avg_R": 0.13641669793420902,
  "median_R": -0.03204349216501439,
  "pnl_to_risk_ratio": 0.1364812441138171,
  "average_loss_streak_length": 1.946341463414634,
  "count_loss_streaks_2_plus": 107,
  "daily_sharpe_basis": "daily_pnl_over_static_capital",
  "n_sessions": 2127,
  "raw_signal_count": 2437
}