scope,net_pnl,sharpe,sortino,profit_factor,expectancy,max_drawdown,n_trades,n_days_traded,pct_days_traded,hit_rate,avg_win,avg_loss,stop_hit_rate,target_hit_rate,exposure_time_pct
overall,8351.939999999995,0.8638854454046618,0.6707461416031408,1.2210265741905162,16.90676113360323,-2882.8799999999933,494,494,0.44107142857142856,0.5020242914979757,186.04427419354843,-153.60585365853663,0.34210526315789475,0.13157894736842105,0.3065521978021978
is,1005.8799999999978,0.19420387207717996,0.12835375758985781,1.0532694729506016,3.8246387832699535,-2565.2799999999943,263,263,0.3341804320203304,0.4714828897338403,160.39306451612902,-135.84791366906475,0.34980988593155893,0.08365019011406843,0.2331378490209494
oos,7346.0599999999995,1.819248764215193,1.7698961400708593,1.388594480162588,31.80112554112554,-2096.0799999999963,231,231,0.6936936936936937,0.5367965367965368,211.69548387096773,-176.67457943925237,0.3333333333333333,0.18614718614718614,0.48005698005698005
