scope,net_pnl,sharpe,sortino,profit_factor,expectancy,max_drawdown,n_trades,n_days_traded,pct_days_traded,hit_rate,avg_win,avg_loss,stop_hit_rate,target_hit_rate,exposure_time_pct
overall,-465.5600000000002,-0.23239942160800903,-0.02196827102010896,0.710003737386321,-24.50315789473685,-1151.13,19,19,0.010875787063537493,0.47368421052631576,126.64888888888888,-160.54000000000002,0.2631578947368421,0.3157894736842105,0.005658051164633878
is,-66.62000000000012,-0.0466347905290045,-0.004231834677842187,0.9329400869705265,-5.124615384615394,-977.7,13,13,0.010638297872340425,0.5384615384615384,132.40285714285713,-165.57333333333335,0.23076923076923078,0.38461538461538464,0.005117713710185069
oos,-398.94000000000005,-0.6956604536646945,-0.0696753079228767,0.3480946467089352,-66.49000000000001,-456.72,6,6,0.011428571428571429,0.3333333333333333,106.50999999999999,-152.99,0.3333333333333333,0.16666666666666666,0.006915750915750916
