trades,net_pnl,gross_profit,gross_loss,winrate,avg_trade,median_trade,profit_factor,max_drawdown,sharpe_daily,sortino_daily,pnl_to_maxdd,avg_holding_minutes,median_holding_minutes,stop_exit_rate,target_exit_rate,time_stop_exit_rate,eod_exit_rate,skipped_trades,skip_rate,blocked_setups,turnover_proxy,estimated_cost_per_trade,config_id,symbol,execution_timeframe,entry_timing,protective_orders_active_from,ambiguous_policy,stop_multiplier,target_multiplier,entry_delay_minutes,filter_family,filter_label,filter_params
91,233.17499999999563,3968.4249999999956,3735.25,0.24175824175824176,2.562362637362589,-31.5,1.062425540459138,-1047.324999999997,0.35470111029036366,0.9596021207091882,0.22263862697825057,27.285714285714285,9.0,0.8241758241758241,0.17582417582417584,0.08791208791208792,0.0,0,0.0,0,41.80849056603773,2.5,none_sm0p75_tm1p00_d0,MNQ,1min,next_execution_bar_open,next_execution_bar,stop_first,0.75,1.0,0,none,none,{}
79,-663.5000000000073,3015.7499999999927,3679.25,0.26582278481012656,-8.398734177215282,-30.375,0.8196643337636726,-1809.25,-1.2347175306463034,-2.68936052644356,-0.3667265441481317,35.29113924050633,18.0,0.8227848101265823,0.1518987341772152,0.10126582278481013,0.02531645569620253,0,0.0,1,36.29528301886792,2.5,none_sm0p75_tm1p00_d5,MNQ,1min,next_execution_bar_open,next_execution_bar,stop_first,0.75,1.0,5,none,none,{}
83,-1099.2750000000015,3255.5999999999985,4354.875,0.26506024096385544,-13.244277108433753,-32.625,0.747575992422285,-1388.4500000000044,-1.792208004936239,-3.7261314600067372,-0.7917281861068083,37.87951807228916,19.0,0.8433734939759037,0.13253012048192772,0.13253012048192772,0.024096385542168676,0,0.0,1,38.13301886792453,2.5,none_sm0p75_tm1p00_d10,MNQ,1min,next_execution_bar_open,next_execution_bar,stop_first,0.75,1.0,10,none,none,{}
82,-1347.2750000000087,3340.0999999999913,4687.375,0.24390243902439024,-16.430182926829374,-36.0,0.7125736686311617,-1875.5,-2.1639933307274006,-4.357815819998222,-0.7183551053052566,36.548780487804876,14.5,0.8536585365853658,0.13414634146341464,0.13414634146341464,0.012195121951219513,0,0.0,1,37.67358490566038,2.5,none_sm0p75_tm1p00_d15,MNQ,1min,next_execution_bar_open,next_execution_bar,stop_first,0.75,1.0,15,none,none,{}
65,-844.3250000000116,2944.4249999999884,3788.75,0.27692307692307694,-12.989615384615563,-37.0,0.7771494556252031,-1358.5750000000044,-1.5657625314298982,-3.0791199345375446,-0.6214783872807971,47.261538461538464,35.0,0.8461538461538461,0.15384615384615385,0.18461538461538463,0.0,0,0.0,1,29.86320754716981,2.5,none_sm0p75_tm1p00_d30,MNQ,1min,next_execution_bar_open,next_execution_bar,stop_first,0.75,1.0,30,none,none,{}
91,-103.875,3813.25,3917.125,0.21978021978021978,-1.1414835164835164,-33.0,0.9734818265947602,-1508.625,-0.15613171613334728,-0.4275496243978138,-0.06885408898831717,30.54945054945055,9.0,0.8681318681318682,0.12087912087912088,0.10989010989010989,0.01098901098901099,0,0.0,0,41.80849056603773,2.5,none_sm0p75_tm1p25_d0,MNQ,1min,next_execution_bar_open,next_execution_bar,stop_first,0.75,1.25,0,none,none,{}
79,-560.9375,3177.1875,3738.125,0.24050632911392406,-7.100474683544304,-30.375,0.8499414813576325,-1813.375,-0.9520473702727372,-2.287088282554284,-0.3093334252429861,37.34177215189873,19.0,0.8481012658227848,0.11392405063291139,0.10126582278481013,0.0379746835443038,0,0.0,1,36.29528301886792,2.5,none_sm0p75_tm1p25_d5,MNQ,1min,next_execution_bar_open,next_execution_bar,stop_first,0.75,1.25,5,none,none,{}
83,-896.75,3476.5,4373.25,0.25301204819277107,-10.80421686746988,-32.625,0.7949465500485908,-1327.34375,-1.3835286180280668,-3.042142874941309,-0.6755974102413185,40.31325301204819,19.0,0.8674698795180723,0.10843373493975904,0.14457831325301204,0.024096385542168676,0,0.0,1,38.13301886792453,2.5,none_sm0p75_tm1p25_d10,MNQ,1min,next_execution_bar_open,next_execution_bar,stop_first,0.75,1.25,10,none,none,{}
82,-1036.625,3672.25,4708.875,0.23170731707317074,-12.641768292682928,-36.0,0.7798571845716864,-1792.625,-1.5188702921456954,-3.357692601025757,-0.5782720870232201,38.31707317073171,15.0,0.8780487804878049,0.0975609756097561,0.15853658536585366,0.024390243902439025,0,0.0,1,37.67358490566038,2.5,none_sm0p75_tm1p25_d15,MNQ,1min,next_execution_bar_open,next_execution_bar,stop_first,0.75,1.25,15,none,none,{}
65,-810.1875,2978.5625,3788.75,0.27692307692307694,-12.464423076923078,-37.0,0.7861596832728472,-1220.34375,-1.4523623546485187,-2.9546258632198534,-0.6639010524698471,51.86153846153846,37.0,0.9230769230769231,0.07692307692307693,0.26153846153846155,0.0,0,0.0,1,29.86320754716981,2.5,none_sm0p75_tm1p25_d30,MNQ,1min,next_execution_bar_open,next_execution_bar,stop_first,0.75,1.25,30,none,none,{}
90,67.66250000000582,3980.287500000006,3912.625,0.2222222222222222,0.7518055555556202,-33.9375,1.0172933772083974,-1508.625,0.09527079178754548,0.27849893103075396,0.04485044328445162,33.03333333333333,9.0,0.9,0.08888888888888889,0.13333333333333333,0.011111111111111112,0,0.0,1,41.34905660377358,2.5,none_sm0p75_tm1p50_d0,MNQ,1min,next_execution_bar_open,next_execution_bar,stop_first,0.75,1.5,0,none,none,{}
79,-353.6999999999971,3384.425000000003,3738.125,0.24050632911392406,-4.477215189873381,-30.375,0.9053803711753895,-1813.375,-0.5499891171685652,-1.4421270204602894,-0.1950506651961106,40.139240506329116,19.0,0.8734177215189873,0.08860759493670886,0.12658227848101267,0.0379746835443038,0,0.0,1,36.29528301886792,2.5,none_sm0p75_tm1p50_d5,MNQ,1min,next_execution_bar_open,next_execution_bar,stop_first,0.75,1.5,5,none,none,{}
83,-751.4499999999971,3621.800000000003,4373.25,0.25301204819277107,-9.05361445783129,-32.625,0.8281712685074036,-1251.375,-1.1030642361891507,-2.549225830359228,-0.6004994506043329,42.373493975903614,19.0,0.891566265060241,0.07228915662650602,0.1686746987951807,0.03614457831325301,0,0.0,1,38.13301886792453,2.5,none_sm0p75_tm1p50_d10,MNQ,1min,next_execution_bar_open,next_execution_bar,stop_first,0.75,1.5,10,none,none,{}
82,-740.9499999999898,3967.92500000001,4708.875,0.23170731707317074,-9.035975609755972,-36.0,0.8426481909160914,-1721.625,-1.0035431595983724,-2.399982956932353,-0.4303782763377564,40.51219512195122,16.5,0.8902439024390244,0.08536585365853659,0.17073170731707318,0.024390243902439025,0,0.0,1,37.67358490566038,2.5,none_sm0p75_tm1p50_d15,MNQ,1min,next_execution_bar_open,next_execution_bar,stop_first,0.75,1.5,15,none,none,{}
65,-708.4999999999927,3080.2500000000073,3788.75,0.27692307692307694,-10.899999999999888,-37.0,0.8129990102276495,-1243.699999999997,-1.226425579807423,-2.5837876097708796,-0.5696711425584903,53.58461538461538,37.0,0.9538461538461539,0.046153846153846156,0.2923076923076923,0.0,0,0.0,1,29.86320754716981,2.5,none_sm0p75_tm1p50_d30,MNQ,1min,next_execution_bar_open,next_execution_bar,stop_first,0.75,1.5,30,none,none,{}
90,365.84999999999854,4314.8499999999985,3949.0,0.2111111111111111,4.0649999999999835,-35.25,1.0926437072676622,-1567.5,0.45311019810297143,1.5144544472400945,0.23339712918660194,36.44444444444444,9.0,0.9333333333333333,0.05555555555555555,0.15555555555555556,0.011111111111111112,0,0.0,1,41.34905660377358,2.5,none_sm0p75_tm2p00_d0,MNQ,1min,next_execution_bar_open,next_execution_bar,stop_first,0.75,2.0,0,none,none,{}
79,-663.1750000000029,3074.949999999997,3738.125,0.24050632911392406,-8.394620253164593,-30.375,0.8225915398762741,-1813.375,-1.0917997512058275,-2.703937197607477,-0.3657131040187512,45.075949367088604,21.0,0.9493670886075949,0.012658227848101266,0.20253164556962025,0.0379746835443038,0,0.0,1,36.29528301886792,2.5,none_sm0p75_tm2p00_d5,MNQ,1min,next_execution_bar_open,next_execution_bar,stop_first,0.75,2.0,5,none,none,{}
83,-719.1000000000058,3654.149999999994,4373.25,0.25301204819277107,-8.663855421686817,-32.625,0.8355685131195322,-1255.875,-1.0367147935863514,-2.439481395450586,-0.5725888324873143,45.42168674698795,19.0,0.9397590361445783,0.024096385542168676,0.21686746987951808,0.03614457831325301,0,0.0,1,38.13301886792453,2.5,none_sm0p75_tm2p00_d10,MNQ,1min,next_execution_bar_open,next_execution_bar,stop_first,0.75,2.0,10,none,none,{}
82,-652.7250000000058,4056.149999999994,4708.875,0.23170731707317074,-7.960060975609827,-36.0,0.8613840885561825,-1828.125,-0.8680541223756513,-2.114216715788792,-0.357046153846157,45.03658536585366,17.0,0.9512195121951219,0.024390243902439025,0.23170731707317074,0.024390243902439025,0,0.0,1,37.67358490566038,2.5,none_sm0p75_tm2p00_d15,MNQ,1min,next_execution_bar_open,next_execution_bar,stop_first,0.75,2.0,15,none,none,{}
65,-764.25,3024.5,3788.75,0.27692307692307694,-11.757692307692308,-37.0,0.7982843945892445,-1262.625,-1.337652378180082,-2.78709905542331,-0.6052866052866053,55.215384615384615,37.0,1.0,0.0,0.3384615384615385,0.0,0,0.0,1,29.86320754716981,2.5,none_sm0p75_tm2p00_d30,MNQ,1min,next_execution_bar_open,next_execution_bar,stop_first,0.75,2.0,30,none,none,{}
90,210.5625,4159.5625,3949.0,0.2111111111111111,2.339583333333333,-35.25,1.0533204608761713,-1567.5,0.27232823673956974,0.871634042768877,0.13433014354066986,38.888888888888886,9.0,0.9777777777777777,0.011111111111111112,0.2,0.011111111111111112,0,0.0,1,41.34905660377358,2.5,none_sm0p75_tm2p50_d0,MNQ,1min,next_execution_bar_open,next_execution_bar,stop_first,0.75,2.5,0,none,none,{}
79,-611.125,3127.0,3738.125,0.24050632911392406,-7.735759493670886,-30.375,0.8365156328373182,-1813.375,-0.9905873514140783,-2.4917157912886676,-0.3370097194457848,45.41772151898734,21.0,0.9620253164556962,0.0,0.21518987341772153,0.0379746835443038,0,0.0,1,36.29528301886792,2.5,none_sm0p75_tm2p50_d5,MNQ,1min,next_execution_bar_open,next_execution_bar,stop_first,0.75,2.5,5,none,none,{}
83,-567.625,3805.625,4373.25,0.25301204819277107,-6.838855421686747,-32.625,0.8702052249471217,-1255.875,-0.7836724206869405,-1.9256162245760362,-0.45197571414352544,46.45783132530121,19.0,0.9518072289156626,0.012048192771084338,0.2289156626506024,0.03614457831325301,0,0.0,1,38.13301886792453,2.5,none_sm0p75_tm2p50_d10,MNQ,1min,next_execution_bar_open,next_execution_bar,stop_first,0.75,2.5,10,none,none,{}
82,-497.3125,4211.5625,4708.875,0.23170731707317074,-6.064786585365853,-36.0,0.8943882562183112,-1828.125,-0.6386026312464843,-1.6108259994189043,-0.27203418803418805,45.41463414634146,17.0,0.9634146341463414,0.012195121951219513,0.24390243902439024,0.024390243902439025,0,0.0,1,37.67358490566038,2.5,none_sm0p75_tm2p50_d15,MNQ,1min,next_execution_bar_open,next_execution_bar,stop_first,0.75,2.5,15,none,none,{}
65,-764.25,3024.5,3788.75,0.27692307692307694,-11.757692307692308,-37.0,0.7982843945892445,-1262.625,-1.337652378180082,-2.78709905542331,-0.6052866052866053,55.215384615384615,37.0,1.0,0.0,0.3384615384615385,0.0,0,0.0,1,29.86320754716981,2.5,none_sm0p75_tm2p50_d30,MNQ,1min,next_execution_bar_open,next_execution_bar,stop_first,0.75,2.5,30,none,none,{}
90,123.0,4072.0,3949.0,0.2111111111111111,1.3666666666666667,-35.25,1.0311471258546467,-1567.5,0.1620949820264895,0.5091646768088899,0.0784688995215311,39.022222222222226,9.0,0.9888888888888889,0.0,0.2111111111111111,0.011111111111111112,0,0.0,1,41.34905660377358,2.5,none_sm0p75_tm3p00_d0,MNQ,1min,next_execution_bar_open,next_execution_bar,stop_first,0.75,3.0,0,none,none,{}
79,-611.125,3127.0,3738.125,0.24050632911392406,-7.735759493670886,-30.375,0.8365156328373182,-1813.375,-0.9905873514140783,-2.4917157912886676,-0.3370097194457848,45.41772151898734,21.0,0.9620253164556962,0.0,0.21518987341772153,0.0379746835443038,0,0.0,1,36.29528301886792,2.5,none_sm0p75_tm3p00_d5,MNQ,1min,next_execution_bar_open,next_execution_bar,stop_first,0.75,3.0,5,none,none,{}
83,-551.25,3822.0,4373.25,0.25301204819277107,-6.641566265060241,-32.625,0.8739495798319328,-1255.875,-0.7569373899785133,-1.8700655252984626,-0.43893699611824427,46.602409638554214,19.0,0.963855421686747,0.0,0.24096385542168675,0.03614457831325301,0,0.0,1,38.13301886792453,2.5,none_sm0p75_tm3p00_d10,MNQ,1min,next_execution_bar_open,next_execution_bar,stop_first,0.75,3.0,10,none,none,{}
82,-512.875,4196.0,4708.875,0.23170731707317074,-6.254573170731708,-36.0,0.8910833266969287,-1828.125,-0.6607624947996388,-1.6612339011224742,-0.28054700854700854,45.48780487804878,17.0,0.975609756097561,0.0,0.25609756097560976,0.024390243902439025,0,0.0,1,37.67358490566038,2.5,none_sm0p75_tm3p00_d15,MNQ,1min,next_execution_bar_open,next_execution_bar,stop_first,0.75,3.0,15,none,none,{}
65,-764.25,3024.5,3788.75,0.27692307692307694,-11.757692307692308,-37.0,0.7982843945892445,-1262.625,-1.337652378180082,-2.78709905542331,-0.6052866052866053,55.215384615384615,37.0,1.0,0.0,0.3384615384615385,0.0,0,0.0,1,29.86320754716981,2.5,none_sm0p75_tm3p00_d30,MNQ,1min,next_execution_bar_open,next_execution_bar,stop_first,0.75,3.0,30,none,none,{}
91,356.67499999999563,4601.174999999996,4244.5,0.2857142857142857,3.9195054945054464,-30.0,1.0840322770644353,-1094.199999999997,0.4951929218604316,1.2528853568850706,0.3259687442880612,36.62637362637363,15.0,0.7912087912087912,0.1978021978021978,0.12087912087912088,0.01098901098901099,0,0.0,0,41.80849056603773,2.5,none_sm1p00_tm1p00_d0,MNQ,1min,next_execution_bar_open,next_execution_bar,stop_first,1.0,1.0,0,none,none,{}
79,624.5999999999913,4276.599999999991,3652.0,0.35443037974683544,7.90632911392394,-27.5,1.1710295728367994,-1125.875,0.9964121762845419,2.415814911353429,0.5547685133784757,47.89873417721519,29.0,0.7721518987341772,0.20253164556962025,0.16455696202531644,0.02531645569620253,0,0.0,1,36.29528301886792,2.5,none_sm1p00_tm1p00_d5,MNQ,1min,next_execution_bar_open,next_execution_bar,stop_first,1.0,1.0,5,none,none,{}
83,-545.8250000000044,3922.6749999999956,4468.5,0.3253012048192771,-6.576204819277161,-36.5,0.8778505091193903,-1473.875,-0.8058632971858533,-1.6155611143387798,-0.37033330506318674,48.036144578313255,24.0,0.8192771084337349,0.1566265060240964,0.20481927710843373,0.024096385542168676,0,0.0,1,38.13301886792453,2.5,none_sm1p00_tm1p00_d10,MNQ,1min,next_execution_bar_open,next_execution_bar,stop_first,1.0,1.0,10,none,none,{}
82,-714.4000000000087,4057.0999999999913,4771.5,0.2926829268292683,-8.712195121951327,-30.5,0.8502776904537339,-1571.375,-1.0469066140571448,-2.1297708737298024,-0.45463368069366555,47.53658536585366,26.0,0.8170731707317073,0.15853658536585366,0.2073170731707317,0.024390243902439025,0,0.0,1,37.67358490566038,2.5,none_sm1p00_tm1p00_d15,MNQ,1min,next_execution_bar_open,next_execution_bar,stop_first,1.0,1.0,15,none,none,{}
65,-206.32500000001164,3527.1749999999884,3733.5,0.35384615384615387,-3.1742307692309484,-32.0,0.94473684210526,-1324.0,-0.35227223210117886,-0.6136270947045392,-0.1558345921450239,61.0,56.0,0.8307692307692308,0.16923076923076924,0.2923076923076923,0.0,0,0.0,1,29.86320754716981,2.5,none_sm1p00_tm1p00_d30,MNQ,1min,next_execution_bar_open,next_execution_bar,stop_first,1.0,1.0,30,none,none,{}
91,143.25,4534.75,4391.5,0.27472527472527475,1.5741758241758241,-35.0,1.0326198337697825,-1501.0,0.19487097699940428,0.49809685048480384,0.09543637574950033,40.46153846153846,18.0,0.8461538461538461,0.13186813186813187,0.16483516483516483,0.02197802197802198,0,0.0,0,41.80849056603773,2.5,none_sm1p00_tm1p25_d0,MNQ,1min,next_execution_bar_open,next_execution_bar,stop_first,1.0,1.25,0,none,none,{}
79,853.5,4512.5,3659.0,0.34177215189873417,10.80379746835443,-27.5,1.2332604536758678,-1059.0,1.2526686502732283,3.286859798140662,0.8059490084985835,51.81012658227848,34.0,0.8227848101265823,0.13924050632911392,0.20253164556962025,0.0379746835443038,0,0.0,1,36.29528301886792,2.5,none_sm1p00_tm1p25_d5,MNQ,1min,next_execution_bar_open,next_execution_bar,stop_first,1.0,1.25,5,none,none,{}
83,-232.84375,4259.15625,4492.0,0.3132530120481928,-2.8053463855421685,-36.5,0.9481647929652716,-1365.96875,-0.32077850159021126,-0.6908220127433602,-0.17046052481068838,51.036144578313255,27.0,0.8554216867469879,0.12048192771084337,0.2289156626506024,0.024096385542168676,0,0.0,1,38.13301886792453,2.5,none_sm1p00_tm1p25_d10,MNQ,1min,next_execution_bar_open,next_execution_bar,stop_first,1.0,1.25,10,none,none,{}
82,-302.875,4490.125,4793.0,0.2804878048780488,-3.6935975609756095,-30.5,0.9368088879616107,-1488.5,-0.4058221828976798,-0.9038217959003644,-0.2034766543500168,49.573170731707314,26.0,0.8414634146341463,0.12195121951219512,0.23170731707317074,0.036585365853658534,0,0.0,1,37.67358490566038,2.5,none_sm1p00_tm1p25_d15,MNQ,1min,next_execution_bar_open,next_execution_bar,stop_first,1.0,1.25,15,none,none,{}
65,-128.625,3604.875,3733.5,0.35384615384615387,-1.978846153846154,-32.0,0.965548413017276,-1324.5,-0.21214828868837404,-0.3825410641287625,-0.09711211778029445,65.64615384615385,59.0,0.9076923076923077,0.09230769230769231,0.36923076923076925,0.0,0,0.0,1,29.86320754716981,2.5,none_sm1p00_tm1p25_d30,MNQ,1min,next_execution_bar_open,next_execution_bar,stop_first,1.0,1.25,30,none,none,{}
90,385.7875000000058,4772.787500000006,4387.0,0.2777777777777778,4.2865277777778426,-35.5,1.0879387964440406,-1511.0,0.48970966540440486,1.3414278443728387,0.25531932495036785,43.06666666666667,18.0,0.8777777777777778,0.1,0.18888888888888888,0.022222222222222223,0,0.0,1,41.34905660377358,2.5,none_sm1p00_tm1p50_d0,MNQ,1min,next_execution_bar_open,next_execution_bar,stop_first,1.0,1.5,0,none,none,{}
79,1185.7000000000044,4844.700000000004,3659.0,0.34177215189873417,15.008860759493727,-27.5,1.3240502869636526,-988.0,1.5929095201308252,4.566174180029757,1.2001012145749033,54.65822784810127,34.0,0.8481012658227848,0.11392405063291139,0.22784810126582278,0.0379746835443038,0,0.0,1,36.29528301886792,2.5,none_sm1p00_tm1p50_d5,MNQ,1min,next_execution_bar_open,next_execution_bar,stop_first,1.0,1.5,5,none,none,{}
83,-3.7124999999941792,4488.287500000006,4492.0,0.3132530120481928,-0.04472891566258047,-36.5,0.9991735307212836,-1290.0,-0.004814906300063689,-0.011014582621632334,-0.002877906976739674,53.10843373493976,29.0,0.8795180722891566,0.08433734939759036,0.25301204819277107,0.03614457831325301,0,0.0,1,38.13301886792453,2.5,none_sm1p00_tm1p50_d10,MNQ,1min,next_execution_bar_open,next_execution_bar,stop_first,1.0,1.5,10,none,none,{}
82,-14.199999999989814,4778.80000000001,4793.0,0.2804878048780488,-0.17317073170719285,-30.5,0.9970373461297747,-1417.5,-0.017771309211538303,-0.04237480644416333,-0.010017636684296165,52.74390243902439,37.5,0.8658536585365854,0.0975609756097561,0.25609756097560976,0.036585365853658534,0,0.0,1,37.67358490566038,2.5,none_sm1p00_tm1p50_d15,MNQ,1min,next_execution_bar_open,next_execution_bar,stop_first,1.0,1.5,15,none,none,{}
65,-127.74999999999272,3605.7500000000073,3733.5,0.35384615384615387,-1.9653846153845034,-32.0,0.9657827775545754,-1324.5,-0.2069355692292361,-0.3799387439645996,-0.09645149112872232,68.3076923076923,75.0,0.9538461538461539,0.046153846153846156,0.4153846153846154,0.0,0,0.0,1,29.86320754716981,2.5,none_sm1p00_tm1p50_d30,MNQ,1min,next_execution_bar_open,next_execution_bar,stop_first,1.0,1.5,30,none,none,{}
90,569.8499999999985,5004.3499999999985,4434.5,0.26666666666666666,6.33166666666665,-36.0,1.128503777201488,-1685.0,0.6616101498643056,1.994501647360338,0.3381899109792276,46.6,22.0,0.9222222222222223,0.05555555555555555,0.2222222222222222,0.022222222222222223,0,0.0,1,41.34905660377358,2.5,none_sm1p00_tm2p00_d0,MNQ,1min,next_execution_bar_open,next_execution_bar,stop_first,1.0,2.0,0,none,none,{}
79,881.1499999999942,4540.149999999994,3659.0,0.34177215189873417,11.153797468354357,-27.5,1.2408171631593317,-1091.0,1.2284022357316682,3.393340962075718,0.8076535288725886,60.177215189873415,54.0,0.9367088607594937,0.02531645569620253,0.31645569620253167,0.0379746835443038,0,0.0,1,36.29528301886792,2.5,none_sm1p00_tm2p00_d5,MNQ,1min,next_execution_bar_open,next_execution_bar,stop_first,1.0,2.0,5,none,none,{}
83,-110.85000000000582,4381.149999999994,4492.0,0.3132530120481928,-1.3355421686747688,-36.5,0.9753227960819221,-1294.5,-0.14641308418105445,-0.32887986090502963,-0.08563151796060704,56.81927710843374,38.0,0.9397590361445783,0.024096385542168676,0.3132530120481928,0.03614457831325301,0,0.0,1,38.13301886792453,2.5,none_sm1p00_tm2p00_d10,MNQ,1min,next_execution_bar_open,next_execution_bar,stop_first,1.0,2.0,10,none,none,{}
82,41.64999999999418,4834.649999999994,4793.0,0.2804878048780488,0.5079268292682217,-30.5,1.0086897558940109,-1524.0,0.05159467533686854,0.12428948509862127,0.027329396325455498,57.58536585365854,47.5,0.9390243902439024,0.024390243902439025,0.32926829268292684,0.036585365853658534,0,0.0,1,37.67358490566038,2.5,none_sm1p00_tm2p00_d15,MNQ,1min,next_execution_bar_open,next_execution_bar,stop_first,1.0,2.0,15,none,none,{}
65,-183.5,3550.0,3733.5,0.35384615384615387,-2.8230769230769233,-32.0,0.9508504084639079,-1324.5,-0.30002966678096527,-0.5457437144227633,-0.1385428463571159,69.93846153846154,76.0,1.0,0.0,0.46153846153846156,0.0,0,0.0,1,29.86320754716981,2.5,none_sm1p00_tm2p00_d30,MNQ,1min,next_execution_bar_open,next_execution_bar,stop_first,1.0,2.0,30,none,none,{}
90,414.5625,4849.0625,4434.5,0.26666666666666666,4.60625,-36.0,1.093485736836171,-1685.0,0.4997976576783388,1.4509881357968277,0.24603115727002967,49.044444444444444,23.5,0.9666666666666667,0.011111111111111112,0.26666666666666666,0.022222222222222223,0,0.0,1,41.34905660377358,2.5,none_sm1p00_tm2p50_d0,MNQ,1min,next_execution_bar_open,next_execution_bar,stop_first,1.0,2.5,0,none,none,{}
79,981.0,4640.0,3659.0,0.34177215189873417,12.417721518987342,-27.5,1.2681060399016124,-1091.0,1.3367262618184113,3.7778669736098296,0.8991750687442713,61.35443037974684,54.0,0.9620253164556962,0.0,0.34177215189873417,0.0379746835443038,0,0.0,1,36.29528301886792,2.5,none_sm1p00_tm2p50_d5,MNQ,1min,next_execution_bar_open,next_execution_bar,stop_first,1.0,2.5,5,none,none,{}
83,40.625,4532.625,4492.0,0.3132530120481928,0.4894578313253012,-36.5,1.0090438557435442,-1294.5,0.051761899707208556,0.1205299445130007,0.03138277327153341,57.855421686746986,38.0,0.9518072289156626,0.012048192771084338,0.3253012048192771,0.03614457831325301,0,0.0,1,38.13301886792453,2.5,none_sm1p00_tm2p50_d10,MNQ,1min,next_execution_bar_open,next_execution_bar,stop_first,1.0,2.5,10,none,none,{}
82,197.0625,4990.0625,4793.0,0.2804878048780488,2.4032012195121952,-30.5,1.041114646359274,-1524.0,0.2369194924771239,0.5880623447118962,0.12930610236220472,57.96341463414634,47.5,0.9512195121951219,0.012195121951219513,0.34146341463414637,0.036585365853658534,0,0.0,1,37.67358490566038,2.5,none_sm1p00_tm2p50_d15,MNQ,1min,next_execution_bar_open,next_execution_bar,stop_first,1.0,2.5,15,none,none,{}
65,-183.5,3550.0,3733.5,0.35384615384615387,-2.8230769230769233,-32.0,0.9508504084639079,-1324.5,-0.30002966678096527,-0.5457437144227633,-0.1385428463571159,69.93846153846154,76.0,1.0,0.0,0.46153846153846156,0.0,0,0.0,1,29.86320754716981,2.5,none_sm1p00_tm2p50_d30,MNQ,1min,next_execution_bar_open,next_execution_bar,stop_first,1.0,2.5,30,none,none,{}
90,327.0,4761.5,4434.5,0.26666666666666666,3.6333333333333333,-36.0,1.073739993234863,-1685.0,0.40065666498389035,1.1445152911938796,0.1940652818991098,49.17777777777778,23.5,0.9777777777777777,0.0,0.2777777777777778,0.022222222222222223,0,0.0,1,41.34905660377358,2.5,none_sm1p00_tm3p00_d0,MNQ,1min,next_execution_bar_open,next_execution_bar,stop_first,1.0,3.0,0,none,none,{}
79,981.0,4640.0,3659.0,0.34177215189873417,12.417721518987342,-27.5,1.2681060399016124,-1091.0,1.3367262618184113,3.7778669736098296,0.8991750687442713,61.35443037974684,54.0,0.9620253164556962,0.0,0.34177215189873417,0.0379746835443038,0,0.0,1,36.29528301886792,2.5,none_sm1p00_tm3p00_d5,MNQ,1min,next_execution_bar_open,next_execution_bar,stop_first,1.0,3.0,5,none,none,{}
83,57.0,4549.0,4492.0,0.3132530120481928,0.6867469879518072,-36.5,1.0126892252894033,-1294.5,0.07229466072822051,0.16911278368593327,0.0440324449594438,58.0,38.0,0.963855421686747,0.0,0.3373493975903614,0.03614457831325301,0,0.0,1,38.13301886792453,2.5,none_sm1p00_tm3p00_d10,MNQ,1min,next_execution_bar_open,next_execution_bar,stop_first,1.0,3.0,10,none,none,{}
82,181.5,4974.5,4793.0,0.2804878048780488,2.2134146341463414,-30.5,1.0378677237638223,-1524.0,0.2188273353097393,0.5416216457479691,0.11909448818897637,58.03658536585366,47.5,0.9634146341463414,0.0,0.35365853658536583,0.036585365853658534,0,0.0,1,37.67358490566038,2.5,none_sm1p00_tm3p00_d15,MNQ,1min,next_execution_bar_open,next_execution_bar,stop_first,1.0,3.0,15,none,none,{}
65,-183.5,3550.0,3733.5,0.35384615384615387,-2.8230769230769233,-32.0,0.9508504084639079,-1324.5,-0.30002966678096527,-0.5457437144227633,-0.1385428463571159,69.93846153846154,76.0,1.0,0.0,0.46153846153846156,0.0,0,0.0,1,29.86320754716981,2.5,none_sm1p00_tm3p00_d30,MNQ,1min,next_execution_bar_open,next_execution_bar,stop_first,1.0,3.0,30,none,none,{}
91,-290.57500000000437,4601.174999999996,4891.75,0.2857142857142857,-3.1931318681319163,-35.5,0.9405989676496133,-1310.074999999997,-0.38271745168942645,-0.8495599508967417,-0.22180027861000706,40.417582417582416,23.0,0.7912087912087912,0.1978021978021978,0.14285714285714285,0.01098901098901099,0,0.0,0,41.80849056603773,2.5,none_sm1p25_tm1p00_d0,MNQ,1min,next_execution_bar_open,next_execution_bar,stop_first,1.25,1.0,0,none,none,{}
79,167.09999999999127,4311.099999999991,4144.0,0.3670886075949367,2.115189873417611,-33.0,1.040323359073357,-1207.0,0.25574909701645837,0.5941941183516213,0.13844241922120237,50.63291139240506,30.0,0.7721518987341772,0.20253164556962025,0.189873417721519,0.02531645569620253,0,0.0,1,36.29528301886792,2.5,none_sm1p25_tm1p00_d5,MNQ,1min,next_execution_bar_open,next_execution_bar,stop_first,1.25,1.0,5,none,none,{}
83,-933.8250000000044,3922.6749999999956,4856.5,0.3253012048192771,-11.250903614457885,-43.5,0.8077164624729735,-1479.0,-1.346397088541246,-2.69721740028687,-0.6313894523326602,52.93975903614458,30.0,0.8192771084337349,0.1566265060240964,0.25301204819277107,0.024096385542168676,0,0.0,1,38.13301886792453,2.5,none_sm1p25_tm1p00_d10,MNQ,1min,next_execution_bar_open,next_execution_bar,stop_first,1.25,1.0,10,none,none,{}
82,-1221.0250000000087,4057.0999999999913,5278.125,0.2926829268292683,-14.890548780487912,-33.0,0.7686631142687964,-1765.75,-1.7320911112023571,-3.4622860458409406,-0.6915050261928408,51.78048780487805,32.5,0.8170731707317073,0.15853658536585366,0.25609756097560976,0.024390243902439025,0,0.0,1,37.67358490566038,2.5,none_sm1p25_tm1p00_d15,MNQ,1min,next_execution_bar_open,next_execution_bar,stop_first,1.25,1.0,15,none,none,{}
65,-439.20000000001164,3532.1749999999884,3971.375,0.36923076923076925,-6.756923076923256,-33.0,0.8894085801517078,-1380.875,-0.7318721165205019,-1.2520070348775632,-0.31805920159320117,66.72307692307692,71.0,0.8307692307692308,0.16923076923076924,0.36923076923076925,0.0,0,0.0,1,29.86320754716981,2.5,none_sm1p25_tm1p00_d30,MNQ,1min,next_execution_bar_open,next_execution_bar,stop_first,1.25,1.0,30,none,none,{}
91,-501.0,4534.75,5035.75,0.27472527472527475,-5.5054945054945055,-36.75,0.900511343891178,-1676.78125,-0.6484175425399391,-1.4636298910672003,-0.29878673798386046,44.26373626373626,24.0,0.8461538461538461,0.13186813186813187,0.1978021978021978,0.02197802197802198,0,0.0,0,41.80849056603773,2.5,none_sm1p25_tm1p25_d0,MNQ,1min,next_execution_bar_open,next_execution_bar,stop_first,1.25,1.25,0,none,none,{}
79,395.0,4547.0,4152.0,0.35443037974683544,5.0,-33.0,1.0951348747591523,-1140.125,0.5591574006836643,1.3956858768163722,0.3464532397763403,54.58227848101266,38.0,0.8227848101265823,0.13924050632911392,0.22784810126582278,0.0379746835443038,0,0.0,1,36.29528301886792,2.5,none_sm1p25_tm1p25_d5,MNQ,1min,next_execution_bar_open,next_execution_bar,stop_first,1.25,1.25,5,none,none,{}
83,-625.96875,4259.15625,4885.125,0.3132530120481928,-7.541792168674699,-43.5,0.8718622860213403,-1403.46875,-0.8439049353756833,-1.812098943726074,-0.4460154527843958,55.93975903614458,38.0,0.8554216867469879,0.12048192771084337,0.27710843373493976,0.024096385542168676,0,0.0,1,38.13301886792453,2.5,none_sm1p25_tm1p25_d10,MNQ,1min,next_execution_bar_open,next_execution_bar,stop_first,1.25,1.25,10,none,none,{}
82,-809.5,4490.125,5299.625,0.2804878048780488,-9.871951219512194,-33.0,0.8472533433969385,-1625.5625,-1.0539318561354223,-2.295374562679648,-0.49798146795340076,53.81707317073171,37.5,0.8414634146341463,0.12195121951219512,0.2804878048780488,0.036585365853658534,0,0.0,1,37.67358490566038,2.5,none_sm1p25_tm1p25_d15,MNQ,1min,next_execution_bar_open,next_execution_bar,stop_first,1.25,1.25,15,none,none,{}
65,-361.5,3609.875,3971.375,0.36923076923076925,-5.561538461538461,-33.0,0.9089735922696799,-1381.375,-0.582742807667288,-1.0305112548001527,-0.26169577413808703,71.36923076923077,79.0,0.9076923076923077,0.09230769230769231,0.4461538461538462,0.0,0,0.0,1,29.86320754716981,2.5,none_sm1p25_tm1p25_d30,MNQ,1min,next_execution_bar_open,next_execution_bar,stop_first,1.25,1.25,30,none,none,{}
90,-258.4624999999942,4772.787500000006,5031.25,0.2777777777777778,-2.8718055555554907,-39.875,0.9486285714285726,-1723.875,-0.313786360563915,-0.7550767279839277,-0.1499311144949571,46.91111111111111,24.0,0.8777777777777778,0.1,0.2222222222222222,0.022222222222222223,0,0.0,1,41.34905660377358,2.5,none_sm1p25_tm1p50_d0,MNQ,1min,next_execution_bar_open,next_execution_bar,stop_first,1.25,1.5,0,none,none,{}
79,727.2000000000044,4879.200000000004,4152.0,0.35443037974683544,9.205063291139295,-33.0,1.1751445086705212,-1069.125,0.9466694567297615,2.56947536612879,0.6801823921431117,57.43037974683544,44.0,0.8481012658227848,0.11392405063291139,0.25316455696202533,0.0379746835443038,0,0.0,1,36.29528301886792,2.5,none_sm1p25_tm1p50_d5,MNQ,1min,next_execution_bar_open,next_execution_bar,stop_first,1.25,1.5,5,none,none,{}
83,-396.8374999999942,4488.287500000006,4885.125,0.3132530120481928,-4.781174698795111,-43.5,0.9187661523502482,-1327.5,-0.5045822978075313,-1.148793473445576,-0.2989359698681689,58.01204819277108,50.0,0.8795180722891566,0.08433734939759036,0.30120481927710846,0.03614457831325301,0,0.0,1,38.13301886792453,2.5,none_sm1p25_tm1p50_d10,MNQ,1min,next_execution_bar_open,next_execution_bar,stop_first,1.25,1.5,10,none,none,{}
82,-520.8249999999898,4778.80000000001,5299.625,0.2804878048780488,-6.351524390243778,-33.0,0.9017241785975442,-1545.875,-0.6350732121870716,-1.4768232941415742,-0.33691275167784573,56.98780487804878,48.0,0.8658536585365854,0.0975609756097561,0.3048780487804878,0.036585365853658534,0,0.0,1,37.67358490566038,2.5,none_sm1p25_tm1p50_d15,MNQ,1min,next_execution_bar_open,next_execution_bar,stop_first,1.25,1.5,15,none,none,{}
65,-360.6249999999927,3610.7500000000073,3971.375,0.36923076923076925,-5.548076923076811,-33.0,0.909193918982722,-1381.375,-0.5713847572896336,-1.0280169329524136,-0.2610623472988817,74.03076923076924,111.0,0.9538461538461539,0.046153846153846156,0.49230769230769234,0.0,0,0.0,1,29.86320754716981,2.5,none_sm1p25_tm1p50_d30,MNQ,1min,next_execution_bar_open,next_execution_bar,stop_first,1.25,1.5,30,none,none,{}
90,-85.52500000000146,5004.3499999999985,5089.875,0.26666666666666666,-0.950277777777794,-43.625,0.9831970333259655,-1968.625,-0.09555735810596744,-0.25161848410702886,-0.04344402819226691,50.44444444444444,26.5,0.9222222222222223,0.05555555555555555,0.25555555555555554,0.022222222222222223,0,0.0,1,41.34905660377358,2.5,none_sm1p25_tm2p00_d0,MNQ,1min,next_execution_bar_open,next_execution_bar,stop_first,1.25,2.0,0,none,none,{}
79,422.6499999999942,4574.649999999994,4152.0,0.35443037974683544,5.349999999999926,-33.0,1.1017943159922914,-1172.125,0.5701927379665012,1.4933838881934978,0.360584408659481,62.949367088607595,61.0,0.9367088607594937,0.02531645569620253,0.34177215189873417,0.0379746835443038,0,0.0,1,36.29528301886792,2.5,none_sm1p25_tm2p00_d5,MNQ,1min,next_execution_bar_open,next_execution_bar,stop_first,1.25,2.0,5,none,none,{}
83,-503.9750000000058,4381.149999999994,4885.125,0.3132530120481928,-6.071987951807299,-43.5,0.8968347790486414,-1332.0,-0.6523182204425293,-1.4589427430113064,-0.37835960960961396,61.72289156626506,56.0,0.9397590361445783,0.024096385542168676,0.3614457831325301,0.03614457831325301,0,0.0,1,38.13301886792453,2.5,none_sm1p25_tm2p00_d10,MNQ,1min,next_execution_bar_open,next_execution_bar,stop_first,1.25,2.0,10,none,none,{}
82,-464.9750000000058,4834.649999999994,5299.625,0.2804878048780488,-5.670426829268363,-33.0,0.9122626600938735,-1652.375,-0.5613998469174856,-1.3184580448202379,-0.28139798774491614,61.829268292682926,58.5,0.9390243902439024,0.024390243902439025,0.3780487804878049,0.036585365853658534,0,0.0,1,37.67358490566038,2.5,none_sm1p25_tm2p00_d15,MNQ,1min,next_execution_bar_open,next_execution_bar,stop_first,1.25,2.0,15,none,none,{}
65,-416.375,3555.0,3971.375,0.36923076923076925,-6.405769230769231,-33.0,0.8951559598375878,-1381.375,-0.6657200401375258,-1.1869408678213378,-0.3014206859107773,75.66153846153846,120.0,1.0,0.0,0.5384615384615384,0.0,0,0.0,1,29.86320754716981,2.5,none_sm1p25_tm2p00_d30,MNQ,1min,next_execution_bar_open,next_execution_bar,stop_first,1.25,2.0,30,none,none,{}
90,-240.8125,4849.0625,5089.875,0.26666666666666666,-2.6756944444444444,-43.625,0.952687934379528,-1968.625,-0.2787374139897107,-0.7084814522539943,-0.1223252269985396,52.888888888888886,29.0,0.9666666666666667,0.011111111111111112,0.3,0.022222222222222223,0,0.0,1,41.34905660377358,2.5,none_sm1p25_tm2p50_d0,MNQ,1min,next_execution_bar_open,next_execution_bar,stop_first,1.25,2.5,0,none,none,{}
79,522.5,4674.5,4152.0,0.35443037974683544,6.613924050632911,-33.0,1.1258429672447015,-1172.125,0.6897455490372868,1.8461920775608978,0.44577156873200385,64.12658227848101,66.0,0.9620253164556962,0.0,0.3670886075949367,0.0379746835443038,0,0.0,1,36.29528301886792,2.5,none_sm1p25_tm2p50_d5,MNQ,1min,next_execution_bar_open,next_execution_bar,stop_first,1.25,2.5,5,none,none,{}
83,-352.5,4532.625,4885.125,0.3132530120481928,-4.246987951807229,-43.5,0.927842173946419,-1332.0,-0.4405763144042478,-1.0204421189770911,-0.26463963963963966,62.75903614457831,61.0,0.9518072289156626,0.012048192771084338,0.37349397590361444,0.03614457831325301,0,0.0,1,38.13301886792453,2.5,none_sm1p25_tm2p50_d10,MNQ,1min,next_execution_bar_open,next_execution_bar,stop_first,1.25,2.5,10,none,none,{}
82,-309.5625,4990.0625,5299.625,0.2804878048780488,-3.7751524390243905,-33.0,0.9415878481968064,-1652.375,-0.3631141666405842,-0.8777787375658042,-0.187343974582041,62.207317073170735,58.5,0.9512195121951219,0.012195121951219513,0.3902439024390244,0.036585365853658534,0,0.0,1,37.67358490566038,2.5,none_sm1p25_tm2p50_d15,MNQ,1min,next_execution_bar_open,next_execution_bar,stop_first,1.25,2.5,15,none,none,{}
65,-416.375,3555.0,3971.375,0.36923076923076925,-6.405769230769231,-33.0,0.8951559598375878,-1381.375,-0.6657200401375258,-1.1869408678213378,-0.3014206859107773,75.66153846153846,120.0,1.0,0.0,0.5384615384615384,0.0,0,0.0,1,29.86320754716981,2.5,none_sm1p25_tm2p50_d30,MNQ,1min,next_execution_bar_open,next_execution_bar,stop_first,1.25,2.5,30,none,none,{}
90,-328.375,4761.5,5089.875,0.26666666666666666,-3.6486111111111112,-43.625,0.9354846631793512,-1968.625,-0.38590983684501895,-0.9660943550849951,-0.16680424153914533,53.022222222222226,29.0,0.9777777777777777,0.0,0.3111111111111111,0.022222222222222223,0,0.0,1,41.34905660377358,2.5,none_sm1p25_tm3p00_d0,MNQ,1min,next_execution_bar_open,next_execution_bar,stop_first,1.25,3.0,0,none,none,{}
79,522.5,4674.5,4152.0,0.35443037974683544,6.613924050632911,-33.0,1.1258429672447015,-1172.125,0.6897455490372868,1.8461920775608978,0.44577156873200385,64.12658227848101,66.0,0.9620253164556962,0.0,0.3670886075949367,0.0379746835443038,0,0.0,1,36.29528301886792,2.5,none_sm1p25_tm3p00_d5,MNQ,1min,next_execution_bar_open,next_execution_bar,stop_first,1.25,3.0,5,none,none,{}
83,-336.125,4549.0,4885.125,0.3132530120481928,-4.049698795180723,-43.5,0.9311941864333052,-1332.0,-0.41824890071786186,-0.9730386021026236,-0.2523460960960961,62.903614457831324,61.0,0.963855421686747,0.0,0.3855421686746988,0.03614457831325301,0,0.0,1,38.13301886792453,2.5,none_sm1p25_tm3p00_d10,MNQ,1min,next_execution_bar_open,next_execution_bar,stop_first,1.25,3.0,10,none,none,{}
82,-325.125,4974.5,5299.625,0.2804878048780488,-3.964939024390244,-33.0,0.9386513196688445,-1652.375,-0.38241324633671814,-0.9219069236457326,-0.19676223617520236,62.28048780487805,58.5,0.9634146341463414,0.0,0.4024390243902439,0.036585365853658534,0,0.0,1,37.67358490566038,2.5,none_sm1p25_tm3p00_d15,MNQ,1min,next_execution_bar_open,next_execution_bar,stop_first,1.25,3.0,15,none,none,{}
65,-416.375,3555.0,3971.375,0.36923076923076925,-6.405769230769231,-33.0,0.8951559598375878,-1381.375,-0.6657200401375258,-1.1869408678213378,-0.3014206859107773,75.66153846153846,120.0,1.0,0.0,0.5384615384615384,0.0,0,0.0,1,29.86320754716981,2.5,none_sm1p25_tm3p00_d30,MNQ,1min,next_execution_bar_open,next_execution_bar,stop_first,1.25,3.0,30,none,none,{}
91,-614.3250000000044,4638.674999999996,5253.0,0.3076923076923077,-6.750824175824224,-33.0,0.8830525414049106,-1266.25,-0.777224380847921,-1.5520997344827436,-0.4851530108588386,46.37362637362637,26.0,0.7912087912087912,0.1978021978021978,0.18681318681318682,0.01098901098901099,0,0.0,0,41.80849056603773,2.5,none_sm1p50_tm1p00_d0,MNQ,1min,next_execution_bar_open,next_execution_bar,stop_first,1.5,1.0,0,none,none,{}
79,370.0749999999898,4657.07499999999,4287.0,0.3924050632911392,4.684493670885947,-26.25,1.0863249358525753,-1050.625,0.5361402319365218,1.14481034993095,0.3522427126710195,56.67088607594937,46.0,0.759493670886076,0.21518987341772153,0.24050632911392406,0.02531645569620253,0,0.0,1,36.29528301886792,2.5,none_sm1p50_tm1p00_d5,MNQ,1min,next_execution_bar_open,next_execution_bar,stop_first,1.5,1.0,5,none,none,{}
83,-1203.0750000000044,3974.6749999999956,5177.75,0.3373493975903614,-14.494879518072342,-44.25,0.7676452126889084,-1713.625,-1.6703971980028582,-3.116567661595176,-0.702064337296669,56.36144578313253,42.0,0.8192771084337349,0.1566265060240964,0.30120481927710846,0.024096385542168676,0,0.0,1,38.13301886792453,2.5,none_sm1p50_tm1p00_d10,MNQ,1min,next_execution_bar_open,next_execution_bar,stop_first,1.5,1.0,10,none,none,{}
82,-975.9000000000087,4496.599999999991,5472.5,0.32926829268292684,-11.901219512195228,-32.5,0.8216719963453616,-1912.625,-1.2954885406893475,-2.429734910967313,-0.510241160708455,57.18292682926829,48.5,0.8170731707317073,0.15853658536585366,0.3170731707317073,0.024390243902439025,0,0.0,1,37.67358490566038,2.5,none_sm1p50_tm1p00_d15,MNQ,1min,next_execution_bar_open,next_execution_bar,stop_first,1.5,1.0,15,none,none,{}
65,-618.8250000000116,3630.6749999999884,4249.5,0.4,-9.520384615384794,-31.5,0.8543769855277064,-1445.25,-0.9691597772642014,-1.4831976834620222,-0.42817851582771954,72.0,78.0,0.8307692307692308,0.16923076923076924,0.4,0.0,0,0.0,1,29.86320754716981,2.5,none_sm1p50_tm1p00_d30,MNQ,1min,next_execution_bar_open,next_execution_bar,stop_first,1.5,1.0,30,none,none,{}
91,-824.75,4572.25,5397.0,0.2967032967032967,-9.063186813186814,-39.75,0.847183620529924,-1619.40625,-1.0268591704413064,-2.0902342436517287,-0.5092915999305301,50.21978021978022,27.0,0.8461538461538461,0.13186813186813187,0.24175824175824176,0.02197802197802198,0,0.0,0,41.80849056603773,2.5,none_sm1p50_tm1p25_d0,MNQ,1min,next_execution_bar_open,next_execution_bar,stop_first,1.5,1.25,0,none,none,{}
79,665.09375,4961.09375,4296.0,0.379746835443038,8.418908227848101,-26.25,1.1548169809124766,-980.0,0.8882234396251196,2.0482975475652037,0.6786670918367347,60.860759493670884,58.0,0.810126582278481,0.1518987341772152,0.27848101265822783,0.0379746835443038,0,0.0,1,36.29528301886792,2.5,none_sm1p50_tm1p25_d5,MNQ,1min,next_execution_bar_open,next_execution_bar,stop_first,1.5,1.25,5,none,none,{}
83,-900.34375,4311.15625,5211.5,0.3253012048192771,-10.847515060240964,-44.25,0.827239038664492,-1605.71875,-1.173529487893661,-2.339783188996426,-0.5607107409065255,59.36144578313253,52.0,0.8554216867469879,0.12048192771084337,0.3253012048192771,0.024096385542168676,0,0.0,1,38.13301886792453,2.5,none_sm1p50_tm1p25_d10,MNQ,1min,next_execution_bar_open,next_execution_bar,stop_first,1.5,1.25,10,none,none,{}
82,-564.375,4929.625,5494.0,0.3170731707317073,-6.882621951219512,-32.5,0.8972742992355297,-1829.75,-0.694872910609316,-1.405470470943556,-0.3084437764721957,59.21951219512195,62.0,0.8414634146341463,0.12195121951219512,0.34146341463414637,0.036585365853658534,0,0.0,1,37.67358490566038,2.5,none_sm1p50_tm1p25_d15,MNQ,1min,next_execution_bar_open,next_execution_bar,stop_first,1.5,1.25,15,none,none,{}
65,-541.125,3708.375,4249.5,0.4,-8.325,-31.5,0.8726614895870103,-1445.75,-0.8228066380115415,-1.2969665841932239,-0.37428670240359674,76.64615384615385,103.0,0.9076923076923077,0.09230769230769231,0.47692307692307695,0.0,0,0.0,1,29.86320754716981,2.5,none_sm1p50_tm1p25_d30,MNQ,1min,next_execution_bar_open,next_execution_bar,stop_first,1.5,1.25,30,none,none,{}
90,-582.2124999999942,4810.287500000006,5392.5,0.3,-6.469027777777713,-40.875,0.8920329160871592,-1666.5,-0.6827422046778784,-1.4755507785172113,-0.34936243624362084,52.93333333333333,29.0,0.8777777777777778,0.1,0.26666666666666666,0.022222222222222223,0,0.0,1,41.34905660377358,2.5,none_sm1p50_tm1p50_d0,MNQ,1min,next_execution_bar_open,next_execution_bar,stop_first,1.5,1.5,0,none,none,{}
79,1065.4125000000058,5361.412500000006,4296.0,0.379746835443038,13.486234177215264,-26.25,1.2480010474860348,-909.0,1.3053728965371771,3.281164213158408,1.172070957095716,63.75949367088607,69.0,0.8354430379746836,0.12658227848101267,0.3037974683544304,0.0379746835443038,0,0.0,1,36.29528301886792,2.5,none_sm1p50_tm1p50_d5,MNQ,1min,next_execution_bar_open,next_execution_bar,stop_first,1.5,1.5,5,none,none,{}
83,-671.2124999999942,4540.287500000006,5211.5,0.3253012048192771,-8.086897590361376,-44.25,0.8712055070517136,-1529.75,-0.8278098265195226,-1.7443245690818092,-0.43877267527373376,61.433734939759034,65.0,0.8795180722891566,0.08433734939759036,0.3493975903614458,0.03614457831325301,0,0.0,1,38.13301886792453,2.5,none_sm1p50_tm1p50_d10,MNQ,1min,next_execution_bar_open,next_execution_bar,stop_first,1.5,1.5,10,none,none,{}
82,-275.6999999999898,5218.30000000001,5494.0,0.3170731707317073,-3.3621951219510953,-32.5,0.9498179832544613,-1758.75,-0.3201203069589564,-0.6865793290615709,-0.1567590618336829,62.390243902439025,64.5,0.8658536585365854,0.0975609756097561,0.36585365853658536,0.036585365853658534,0,0.0,1,37.67358490566038,2.5,none_sm1p50_tm1p50_d15,MNQ,1min,next_execution_bar_open,next_execution_bar,stop_first,1.5,1.5,15,none,none,{}
65,-540.2499999999927,3709.2500000000073,4249.5,0.4,-8.31153846153835,-31.5,0.8728673961642563,-1445.75,-0.8089328344727339,-1.2948693871293688,-0.3736814802005829,79.3076923076923,120.0,0.9538461538461539,0.046153846153846156,0.5230769230769231,0.0,0,0.0,1,29.86320754716981,2.5,none_sm1p50_tm1p50_d30,MNQ,1min,next_execution_bar_open,next_execution_bar,stop_first,1.5,1.5,30,none,none,{}
90,-420.40000000000146,5041.8499999999985,5462.25,0.28888888888888886,-4.671111111111127,-42.75,0.9230353791935555,-1982.0,-0.4558065725534409,-1.0736254585254827,-0.21210898082744775,56.46666666666667,31.0,0.9222222222222223,0.05555555555555555,0.3,0.022222222222222223,0,0.0,1,41.34905660377358,2.5,none_sm1p50_tm2p00_d0,MNQ,1min,next_execution_bar_open,next_execution_bar,stop_first,1.5,2.0,0,none,none,{}
79,753.6499999999942,5049.649999999994,4296.0,0.379746835443038,9.539873417721445,-26.25,1.1754306331471123,-1012.0,0.9536326990033449,2.321025339243534,0.7447134387351722,69.81012658227849,82.0,0.9367088607594937,0.02531645569620253,0.4050632911392405,0.0379746835443038,0,0.0,1,36.29528301886792,2.5,none_sm1p50_tm2p00_d5,MNQ,1min,next_execution_bar_open,next_execution_bar,stop_first,1.5,2.0,5,none,none,{}
83,-778.3500000000058,4433.149999999994,5211.5,0.3253012048192771,-9.377710843373563,-44.25,0.8506476062553956,-1534.25,-0.9763174003277737,-2.0227499165239737,-0.5073162783118825,65.144578313253,72.0,0.9397590361445783,0.024096385542168676,0.40963855421686746,0.03614457831325301,0,0.0,1,38.13301886792453,2.5,none_sm1p50_tm2p00_d10,MNQ,1min,next_execution_bar_open,next_execution_bar,stop_first,1.5,2.0,10,none,none,{}
82,-219.85000000000582,5274.149999999994,5494.0,0.3170731707317073,-2.681097560975681,-32.5,0.9599836184929003,-1865.25,-0.253012099183022,-0.5474953409292562,-0.11786623776973908,67.23170731707317,73.0,0.9390243902439024,0.024390243902439025,0.43902439024390244,0.036585365853658534,0,0.0,1,37.67358490566038,2.5,none_sm1p50_tm2p00_d15,MNQ,1min,next_execution_bar_open,next_execution_bar,stop_first,1.5,2.0,15,none,none,{}
65,-596.0,3653.5,4249.5,0.4,-9.169230769230769,-31.5,0.8597482056712554,-1445.75,-0.899732429932163,-1.4284908000538903,-0.41224278056372127,80.93846153846154,120.0,1.0,0.0,0.5692307692307692,0.0,0,0.0,1,29.86320754716981,2.5,none_sm1p50_tm2p00_d30,MNQ,1min,next_execution_bar_open,next_execution_bar,stop_first,1.5,2.0,30,none,none,{}
90,-575.6875,4886.5625,5462.25,0.28888888888888886,-6.396527777777778,-42.75,0.8946061604650098,-1982.0,-0.6454116621245084,-1.4702016083608151,-0.2904578708375378,58.91111111111111,44.0,0.9666666666666667,0.011111111111111112,0.34444444444444444,0.022222222222222223,0,0.0,1,41.34905660377358,2.5,none_sm1p50_tm2p50_d0,MNQ,1min,next_execution_bar_open,next_execution_bar,stop_first,1.5,2.5,0,none,none,{}
79,853.5,5149.5,4296.0,0.379746835443038,10.80379746835443,-26.25,1.198673184357542,-1012.0,1.0596888520570553,2.6285346341728535,0.8433794466403162,70.9873417721519,84.0,0.9620253164556962,0.0,0.43037974683544306,0.0379746835443038,0,0.0,1,36.29528301886792,2.5,none_sm1p50_tm2p50_d5,MNQ,1min,next_execution_bar_open,next_execution_bar,stop_first,1.5,2.5,5,none,none,{}
83,-626.875,4584.625,5211.5,0.3253012048192771,-7.552710843373494,-44.25,0.8797131344142761,-1534.25,-0.7606724157934421,-1.6291017587472947,-0.4085872576177285,66.18072289156626,77.0,0.9518072289156626,0.012048192771084338,0.42168674698795183,0.03614457831325301,0,0.0,1,38.13301886792453,2.5,none_sm1p50_tm2p50_d10,MNQ,1min,next_execution_bar_open,next_execution_bar,stop_first,1.5,2.5,10,none,none,{}
82,-64.4375,5429.5625,5494.0,0.3170731707317073,-0.7858231707317073,-32.5,0.9882712959592282,-1865.25,-0.07224472440083463,-0.1604695521088379,-0.0345463074654872,67.60975609756098,73.0,0.9512195121951219,0.012195121951219513,0.45121951219512196,0.036585365853658534,0,0.0,1,37.67358490566038,2.5,none_sm1p50_tm2p50_d15,MNQ,1min,next_execution_bar_open,next_execution_bar,stop_first,1.5,2.5,15,none,none,{}
65,-596.0,3653.5,4249.5,0.4,-9.169230769230769,-31.5,0.8597482056712554,-1445.75,-0.899732429932163,-1.4284908000538903,-0.41224278056372127,80.93846153846154,120.0,1.0,0.0,0.5692307692307692,0.0,0,0.0,1,29.86320754716981,2.5,none_sm1p50_tm2p50_d30,MNQ,1min,next_execution_bar_open,next_execution_bar,stop_first,1.5,2.5,30,none,none,{}
90,-663.25,4799.0,5462.25,0.28888888888888886,-7.3694444444444445,-42.75,0.8785756785207561,-1982.0,-0.7543589228662471,-1.693820374326889,-0.33463673057517657,59.044444444444444,44.0,0.9777777777777777,0.0,0.35555555555555557,0.022222222222222223,0,0.0,1,41.34905660377358,2.5,none_sm1p50_tm3p00_d0,MNQ,1min,next_execution_bar_open,next_execution_bar,stop_first,1.5,3.0,0,none,none,{}
79,853.5,5149.5,4296.0,0.379746835443038,10.80379746835443,-26.25,1.198673184357542,-1012.0,1.0596888520570553,2.6285346341728535,0.8433794466403162,70.9873417721519,84.0,0.9620253164556962,0.0,0.43037974683544306,0.0379746835443038,0,0.0,1,36.29528301886792,2.5,none_sm1p50_tm3p00_d5,MNQ,1min,next_execution_bar_open,next_execution_bar,stop_first,1.5,3.0,5,none,none,{}
83,-610.5,4601.0,5211.5,0.3253012048192771,-7.355421686746988,-44.25,0.8828552240237936,-1534.25,-0.7376890399037187,-1.5865469570731379,-0.39791429036988757,66.32530120481928,77.0,0.963855421686747,0.0,0.43373493975903615,0.03614457831325301,0,0.0,1,38.13301886792453,2.5,none_sm1p50_tm3p00_d10,MNQ,1min,next_execution_bar_open,next_execution_bar,stop_first,1.5,3.0,10,none,none,{}
82,-80.0,5414.0,5494.0,0.3170731707317073,-0.975609756097561,-32.5,0.9854386603567529,-1865.25,-0.08991537292005686,-0.19922505014482303,-0.042889693070633964,67.6829268292683,73.0,0.9634146341463414,0.0,0.4634146341463415,0.036585365853658534,0,0.0,1,37.67358490566038,2.5,none_sm1p50_tm3p00_d15,MNQ,1min,next_execution_bar_open,next_execution_bar,stop_first,1.5,3.0,15,none,none,{}
65,-596.0,3653.5,4249.5,0.4,-9.169230769230769,-31.5,0.8597482056712554,-1445.75,-0.899732429932163,-1.4284908000538903,-0.41224278056372127,80.93846153846154,120.0,1.0,0.0,0.5692307692307692,0.0,0,0.0,1,29.86320754716981,2.5,none_sm1p50_tm3p00_d30,MNQ,1min,next_execution_bar_open,next_execution_bar,stop_first,1.5,3.0,30,none,none,{}
91,-829.4500000000044,5394.049999999996,6223.5,0.3626373626373626,-9.114835164835213,-32.0,0.8667229051176983,-1807.0499999999956,-0.909602939270059,-1.5089448718925798,-0.45900777510307206,52.69230769230769,36.0,0.7472527472527473,0.24175824175824176,0.2087912087912088,0.01098901098901099,0,0.0,0,41.80849056603773,2.5,none_sm2p00_tm1p00_d0,MNQ,1min,next_execution_bar_open,next_execution_bar,stop_first,2.0,1.0,0,none,none,{}
79,725.8249999999898,5190.32499999999,4464.5,0.4430379746835443,9.187658227847972,-23.0,1.1625769963041752,-1211.125,0.9783788799397297,1.802140064537368,0.5992981731860789,63.50632911392405,60.0,0.7468354430379747,0.22784810126582278,0.3291139240506329,0.02531645569620253,0,0.0,1,36.29528301886792,2.5,none_sm2p00_tm1p00_d5,MNQ,1min,next_execution_bar_open,next_execution_bar,stop_first,2.0,1.0,5,none,none,{}
83,-1196.3250000000044,4349.674999999996,5546.0,0.37349397590361444,-14.413554216867523,-39.0,0.7842904796249541,-2080.375,-1.5209467716311809,-2.486194181502784,-0.5750525746560137,64.2289156626506,58.0,0.8192771084337349,0.1566265060240964,0.37349397590361444,0.024096385542168676,0,0.0,1,38.13301886792453,2.5,none_sm2p00_tm1p00_d10,MNQ,1min,next_execution_bar_open,next_execution_bar,stop_first,2.0,1.0,10,none,none,{}
82,-1422.9000000000087,4503.599999999991,5926.5,0.35365853658536583,-17.35243902439035,-40.0,0.7599088838268778,-2037.375,-1.7658269522968895,-2.8841862150921207,-0.6983986747653274,65.40243902439025,67.0,0.8170731707317073,0.15853658536585366,0.3902439024390244,0.024390243902439025,0,0.0,1,37.67358490566038,2.5,none_sm2p00_tm1p00_d15,MNQ,1min,next_execution_bar_open,next_execution_bar,stop_first,2.0,1.0,15,none,none,{}
65,421.5249999999869,4336.524999999987,3915.0,0.46153846153846156,6.484999999999799,-11.0,1.1076692209450796,-1034.25,0.652640561196009,1.0529449166723925,0.4075658689871761,82.9076923076923,119.0,0.7846153846153846,0.2153846153846154,0.49230769230769234,0.0,0,0.0,1,29.86320754716981,2.5,none_sm2p00_tm1p00_d30,MNQ,1min,next_execution_bar_open,next_execution_bar,stop_first,2.0,1.0,30,none,none,{}
91,-951.96875,5415.53125,6367.5,0.3516483516483517,-10.461195054945055,-34.0,0.850495681193561,-2090.84375,-1.0197519964241122,-1.74585205822113,-0.45530363041236344,57.34065934065934,46.0,0.8241758241758241,0.15384615384615385,0.2857142857142857,0.02197802197802198,0,0.0,0,41.80849056603773,2.5,none_sm2p00_tm1p25_d0,MNQ,1min,next_execution_bar_open,next_execution_bar,stop_first,2.0,1.25,0,none,none,{}
79,1062.28125,5537.78125,4475.5,0.43037974683544306,13.446598101265822,-23.0,1.2373547648307452,-1100.8125,1.3292978799799298,2.632437602942038,0.9649974450689831,67.73417721518987,69.0,0.7974683544303798,0.16455696202531644,0.3670886075949367,0.0379746835443038,0,0.0,1,36.29528301886792,2.5,none_sm2p00_tm1p25_d5,MNQ,1min,next_execution_bar_open,next_execution_bar,stop_first,2.0,1.25,5,none,none,{}
83,-903.84375,4686.15625,5590.0,0.3614457831325301,-10.889683734939759,-40.0,0.8383105992844365,-1972.46875,-1.089106127861727,-1.8887291266250879,-0.45822969311934597,67.2289156626506,74.0,0.8554216867469879,0.12048192771084337,0.39759036144578314,0.024096385542168676,0,0.0,1,38.13301886792453,2.5,none_sm2p00_tm1p25_d10,MNQ,1min,next_execution_bar_open,next_execution_bar,stop_first,2.0,1.25,10,none,none,{}
82,-1011.375,4936.625,5948.0,0.34146341463414637,-12.333841463414634,-40.0,0.8299638533960996,-1954.5,-1.173349837572846,-2.05334949304048,-0.5174597083653109,67.4390243902439,74.0,0.8414634146341463,0.12195121951219512,0.4146341463414634,0.036585365853658534,0,0.0,1,37.67358490566038,2.5,none_sm2p00_tm1p25_d15,MNQ,1min,next_execution_bar_open,next_execution_bar,stop_first,2.0,1.25,15,none,none,{}
65,594.6875,4509.6875,3915.0,0.46153846153846156,9.149038461538462,-11.0,1.1518997445721584,-991.3125,0.8827055282931826,1.4854947633797118,0.5998991236365929,87.92307692307692,120.0,0.8769230769230769,0.12307692307692308,0.5846153846153846,0.0,0,0.0,1,29.86320754716981,2.5,none_sm2p00_tm1p25_d30,MNQ,1min,next_execution_bar_open,next_execution_bar,stop_first,2.0,1.25,30,none,none,{}
90,-597.8749999999927,5765.125000000007,6363.0,0.35555555555555557,-6.643055555555475,-35.5,0.9060388181675322,-2055.0250000000015,-0.6042668660367769,-1.0964659284340428,-0.2909332003260264,60.3,55.5,0.8555555555555555,0.12222222222222222,0.3111111111111111,0.022222222222222223,0,0.0,1,41.34905660377358,2.5,none_sm2p00_tm1p50_d0,MNQ,1min,next_execution_bar_open,next_execution_bar,stop_first,2.0,1.5,0,none,none,{}
79,1506.0375000000058,5981.537500000006,4475.5,0.43037974683544306,19.063765822784884,-23.0,1.3365070941794226,-986.375,1.7406113120537006,3.7321093132735186,1.5268407046001833,70.70886075949367,80.0,0.8227848101265823,0.13924050632911392,0.3924050632911392,0.0379746835443038,0,0.0,1,36.29528301886792,2.5,none_sm2p00_tm1p50_d5,MNQ,1min,next_execution_bar_open,next_execution_bar,stop_first,2.0,1.5,5,none,none,{}
83,-674.7124999999942,4915.287500000006,5590.0,0.3614457831325301,-8.129066265060171,-40.0,0.8793000894454394,-1896.5,-0.7751912002144454,-1.4099219592413161,-0.3557672027418899,69.3012048192771,85.0,0.8795180722891566,0.08433734939759036,0.42168674698795183,0.03614457831325301,0,0.0,1,38.13301886792453,2.5,none_sm2p00_tm1p50_d10,MNQ,1min,next_execution_bar_open,next_execution_bar,stop_first,2.0,1.5,10,none,none,{}
82,-722.6999999999898,5225.30000000001,5948.0,0.34146341463414637,-8.813414634146218,-40.0,0.8784969737726984,-1883.5,-0.7951577854788192,-1.4672655331804068,-0.3837005574727846,70.60975609756098,87.5,0.8658536585365854,0.0975609756097561,0.43902439024390244,0.036585365853658534,0,0.0,1,37.67358490566038,2.5,none_sm2p00_tm1p50_d15,MNQ,1min,next_execution_bar_open,next_execution_bar,stop_first,2.0,1.5,15,none,none,{}
65,639.3750000000073,4554.375000000007,3915.0,0.46153846153846156,9.836538461538574,-11.0,1.1633141762452126,-985.5,0.9302067966433653,1.597121537506529,0.6487823439878309,90.63076923076923,120.0,0.9384615384615385,0.06153846153846154,0.6461538461538462,0.0,0,0.0,1,29.86320754716981,2.5,none_sm2p00_tm1p50_d30,MNQ,1min,next_execution_bar_open,next_execution_bar,stop_first,2.0,1.5,30,none,none,{}
90,-361.15000000000146,6093.8499999999985,6455.0,0.34444444444444444,-4.012777777777794,-37.5,0.9440511231603406,-2397.0,-0.3405080808380871,-0.6679797042798816,-0.150667501042971,64.41111111111111,73.5,0.9111111111111111,0.06666666666666667,0.35555555555555557,0.022222222222222223,0,0.0,1,41.34905660377358,2.5,none_sm2p00_tm2p00_d0,MNQ,1min,next_execution_bar_open,next_execution_bar,stop_first,2.0,2.0,0,none,none,{}
79,1281.1499999999942,5756.649999999994,4475.5,0.43037974683544306,16.217088607594864,-23.0,1.2862585186012723,-1002.5,1.5062119078759302,3.1748159303472385,1.2779551122194455,77.40506329113924,104.0,0.9240506329113924,0.0379746835443038,0.4936708860759494,0.0379746835443038,0,0.0,1,36.29528301886792,2.5,none_sm2p00_tm2p00_d5,MNQ,1min,next_execution_bar_open,next_execution_bar,stop_first,2.0,2.0,5,none,none,{}
83,-781.8500000000058,4808.149999999994,5590.0,0.3614457831325301,-9.41987951807236,-40.0,0.8601341681574229,-1901.0,-0.9115380226803813,-1.6338032626234744,-0.4112835349815917,73.01204819277109,107.0,0.9397590361445783,0.024096385542168676,0.4819277108433735,0.03614457831325301,0,0.0,1,38.13301886792453,2.5,none_sm2p00_tm2p00_d10,MNQ,1min,next_execution_bar_open,next_execution_bar,stop_first,2.0,2.0,10,none,none,{}
82,-666.8500000000058,5281.149999999994,5948.0,0.34146341463414637,-8.132317073170803,-40.0,0.8878866845998645,-1990.0,-0.7277824680017956,-1.3538757725216226,-0.33510050251256573,75.45121951219512,120.0,0.9390243902439024,0.024390243902439025,0.5121951219512195,0.036585365853658534,0,0.0,1,37.67358490566038,2.5,none_sm2p00_tm2p00_d15,MNQ,1min,next_execution_bar_open,next_execution_bar,stop_first,2.0,2.0,15,none,none,{}
65,670.5,4585.5,3915.0,0.46153846153846156,10.315384615384616,-11.0,1.171264367816092,-985.5,0.969208708234555,1.6748699759892323,0.680365296803653,92.4,120.0,0.9846153846153847,0.015384615384615385,0.6923076923076923,0.0,0,0.0,1,29.86320754716981,2.5,none_sm2p00_tm2p00_d30,MNQ,1min,next_execution_bar_open,next_execution_bar,stop_first,2.0,2.0,30,none,none,{}
90,-481.9375,5973.0625,6455.0,0.34444444444444444,-5.354861111111111,-37.5,0.9253388845855925,-2362.5,-0.464028818638726,-0.8913871486401335,-0.203994708994709,67.44444444444444,82.0,0.9666666666666667,0.011111111111111112,0.4111111111111111,0.022222222222222223,0,0.0,1,41.34905660377358,2.5,none_sm2p00_tm2p50_d0,MNQ,1min,next_execution_bar_open,next_execution_bar,stop_first,2.0,2.5,0,none,none,{}
79,1361.5,5837.0,4475.5,0.43037974683544306,17.234177215189874,-23.0,1.30421181990839,-1022.0,1.5791085892467454,3.373931147147316,1.332191780821918,78.78481012658227,120.0,0.9620253164556962,0.0,0.5316455696202531,0.0379746835443038,0,0.0,1,36.29528301886792,2.5,none_sm2p00_tm2p50_d5,MNQ,1min,next_execution_bar_open,next_execution_bar,stop_first,2.0,2.5,5,none,none,{}
83,-630.375,4959.625,5590.0,0.3614457831325301,-7.594879518072289,-40.0,0.887231663685152,-1901.0,-0.7140918843251325,-1.3172715120243843,-0.3316017885323514,74.04819277108433,112.0,0.9518072289156626,0.012048192771084338,0.4939759036144578,0.03614457831325301,0,0.0,1,38.13301886792453,2.5,none_sm2p00_tm2p50_d10,MNQ,1min,next_execution_bar_open,next_execution_bar,stop_first,2.0,2.5,10,none,none,{}
82,-511.4375,5436.5625,5948.0,0.34146341463414637,-6.2370426829268295,-40.0,0.914015215198386,-1990.0,-0.5450025729623049,-1.0383487147169848,-0.2570037688442211,75.82926829268293,120.0,0.9512195121951219,0.012195121951219513,0.524390243902439,0.036585365853658534,0,0.0,1,37.67358490566038,2.5,none_sm2p00_tm2p50_d15,MNQ,1min,next_execution_bar_open,next_execution_bar,stop_first,2.0,2.5,15,none,none,{}
65,757.375,4672.375,3915.0,0.46153846153846156,11.651923076923078,-11.0,1.1934546615581099,-985.5,1.0762516744890707,1.8918786697462264,0.7685185185185185,93.23076923076923,120.0,0.9846153846153847,0.015384615384615385,0.6923076923076923,0.0,0,0.0,1,29.86320754716981,2.5,none_sm2p00_tm2p50_d30,MNQ,1min,next_execution_bar_open,next_execution_bar,stop_first,2.0,2.5,30,none,none,{}
90,-569.5,5885.5,6455.0,0.34444444444444444,-6.3277777777777775,-37.5,0.9117738187451588,-2362.5,-0.5541502130381744,-1.05334193987925,-0.24105820105820105,67.57777777777778,82.0,0.9777777777777777,0.0,0.4222222222222222,0.022222222222222223,0,0.0,1,41.34905660377358,2.5,none_sm2p00_tm3p00_d0,MNQ,1min,next_execution_bar_open,next_execution_bar,stop_first,2.0,3.0,0,none,none,{}
79,1361.5,5837.0,4475.5,0.43037974683544306,17.234177215189874,-23.0,1.30421181990839,-1022.0,1.5791085892467454,3.373931147147316,1.332191780821918,78.78481012658227,120.0,0.9620253164556962,0.0,0.5316455696202531,0.0379746835443038,0,0.0,1,36.29528301886792,2.5,none_sm2p00_tm3p00_d5,MNQ,1min,next_execution_bar_open,next_execution_bar,stop_first,2.0,3.0,5,none,none,{}
83,-614.0,4976.0,5590.0,0.3614457831325301,-7.397590361445783,-40.0,0.8901610017889088,-1901.0,-0.6929923574657898,-1.2830532752456425,-0.32298790110468173,74.19277108433735,120.0,0.963855421686747,0.0,0.5060240963855421,0.03614457831325301,0,0.0,1,38.13301886792453,2.5,none_sm2p00_tm3p00_d10,MNQ,1min,next_execution_bar_open,next_execution_bar,stop_first,2.0,3.0,10,none,none,{}
82,-527.0,5421.0,5948.0,0.34146341463414637,-6.426829268292683,-40.0,0.9113987895090787,-1990.0,-0.5628628054487278,-1.069944563423392,-0.2648241206030151,75.90243902439025,120.0,0.9634146341463414,0.0,0.5365853658536586,0.036585365853658534,0,0.0,1,37.67358490566038,2.5,none_sm2p00_tm3p00_d15,MNQ,1min,next_execution_bar_open,next_execution_bar,stop_first,2.0,3.0,15,none,none,{}
65,665.5,4580.5,3915.0,0.46153846153846156,10.238461538461538,-11.0,1.1699872286079183,-985.5,0.9628286080707509,1.6623802669960241,0.6752917300862507,93.76923076923077,120.0,1.0,0.0,0.7076923076923077,0.0,0,0.0,1,29.86320754716981,2.5,none_sm2p00_tm3p00_d30,MNQ,1min,next_execution_bar_open,next_execution_bar,stop_first,2.0,3.0,30,none,none,{}
8,10.07499999999709,273.0749999999971,263.0,0.25,1.2593749999996362,-35.4375,1.0383079847908634,-170.625,0.19911423334843262,1.019929106206947,0.05904761904760199,46.75,25.0,0.875,0.125,0.25,0.0,71,0.6396396396396397,1,3.6754716981132076,2.5,avoid_immediate_adverse_move_sm0p75_tm1p50_d5_adverse_w5_ticks8,MNQ,1min,next_execution_bar_open,next_execution_bar,stop_first,0.75,1.5,5,avoid_immediate_adverse_move,adverse_w5_ticks8,"{""adverse_window_minutes"": 5, ""max_adverse_ticks"": 8}"
8,176.96250000000146,503.21250000000146,326.25,0.25,22.120312500000182,-21.0625,1.5424137931034527,-139.125,2.234563514713124,8.769340249688465,1.2719676549865333,67.125,69.0,0.875,0.125,0.375,0.0,74,0.6666666666666666,1,3.6754716981132076,2.5,avoid_immediate_adverse_move_sm0p75_tm1p50_d15_adverse_w5_ticks8,MNQ,1min,next_execution_bar_open,next_execution_bar,stop_first,0.75,1.5,15,avoid_immediate_adverse_move,adverse_w5_ticks8,"{""adverse_window_minutes"": 5, ""max_adverse_ticks"": 8}"
13,464.3125,1001.0625,536.75,0.3076923076923077,35.71634615384615,-49.5,1.8650442477876106,-302.25,3.2690255213200445,20.579604490447636,1.5361869313482217,52.15384615384615,40.0,0.7692307692307693,0.23076923076923078,0.15384615384615385,0.0,66,0.5945945945945946,1,5.972641509433962,2.5,avoid_immediate_adverse_move_sm0p75_tm1p50_d5_adverse_w5_ticks12,MNQ,1min,next_execution_bar_open,next_execution_bar,stop_first,0.75,1.5,5,avoid_immediate_adverse_move,adverse_w5_ticks12,"{""adverse_window_minutes"": 5, ""max_adverse_ticks"": 12}"
13,548.7000000000044,1231.2000000000044,682.5,0.3076923076923077,42.207692307692646,-25.125,1.8039560439560502,-318.75,3.3311628929620927,13.785227841508076,1.721411764705896,60.61538461538461,68.0,0.7692307692307693,0.23076923076923078,0.23076923076923078,0.0,69,0.6216216216216216,1,5.972641509433962,2.5,avoid_immediate_adverse_move_sm0p75_tm1p50_d15_adverse_w5_ticks12,MNQ,1min,next_execution_bar_open,next_execution_bar,stop_first,0.75,1.5,15,avoid_immediate_adverse_move,adverse_w5_ticks12,"{""adverse_window_minutes"": 5, ""max_adverse_ticks"": 12}"
14,447.8125,1001.0625,553.25,0.2857142857142857,31.986607142857142,-35.4375,1.8094215996384997,-302.25,3.0283807700820993,17.41011377443339,1.4815963606286187,48.714285714285715,32.0,0.7857142857142857,0.21428571428571427,0.14285714285714285,0.0,65,0.5855855855855856,1,6.432075471698113,2.5,avoid_immediate_adverse_move_sm0p75_tm1p50_d5_adverse_w5_ticks16,MNQ,1min,next_execution_bar_open,next_execution_bar,stop_first,0.75,1.5,5,avoid_immediate_adverse_move,adverse_w5_ticks16,"{""adverse_window_minutes"": 5, ""max_adverse_ticks"": 16}"
13,548.7000000000044,1231.2000000000044,682.5,0.3076923076923077,42.207692307692646,-25.125,1.8039560439560502,-318.75,3.3311628929620927,13.785227841508076,1.721411764705896,60.61538461538461,68.0,0.7692307692307693,0.23076923076923078,0.23076923076923078,0.0,69,0.6216216216216216,1,5.972641509433962,2.5,avoid_immediate_adverse_move_sm0p75_tm1p50_d15_adverse_w5_ticks16,MNQ,1min,next_execution_bar_open,next_execution_bar,stop_first,0.75,1.5,15,avoid_immediate_adverse_move,adverse_w5_ticks16,"{""adverse_window_minutes"": 5, ""max_adverse_ticks"": 16}"
20,-84.6875,1020.5625,1105.25,0.25,-4.234375,-51.1875,0.9233770640126668,-721.1750000000029,-0.4289896563899726,-1.289188098553733,-0.11742988872326364,46.5,28.5,0.85,0.15,0.15,0.0,59,0.5315315315315315,1,9.18867924528302,2.5,avoid_immediate_adverse_move_sm0p75_tm1p50_d5_adverse_w5_ticks24,MNQ,1min,next_execution_bar_open,next_execution_bar,stop_first,0.75,1.5,5,avoid_immediate_adverse_move,adverse_w5_ticks24,"{""adverse_window_minutes"": 5, ""max_adverse_ticks"": 24}"
19,403.6000000000058,1551.9750000000058,1148.375,0.2631578947368421,21.2421052631582,-25.125,1.3514531403069605,-582.0,1.723313111720939,5.031653650180421,0.6934707903780168,55.0,59.0,0.7894736842105263,0.21052631578947367,0.21052631578947367,0.0,63,0.5675675675675675,1,8.729245283018868,2.5,avoid_immediate_adverse_move_sm0p75_tm1p50_d15_adverse_w5_ticks24,MNQ,1min,next_execution_bar_open,next_execution_bar,stop_first,0.75,1.5,15,avoid_immediate_adverse_move,adverse_w5_ticks24,"{""adverse_window_minutes"": 5, ""max_adverse_ticks"": 24}"
6,-212.25,97.5,309.75,0.16666666666666666,-35.375,-37.875,0.31476997578692495,-161.625,-8.06547366723164,-14.128358697831716,-1.3132250580046403,78.0,95.0,1.0,0.0,0.5,0.0,76,0.6846846846846847,1,2.7566037735849056,2.5,avoid_immediate_adverse_move_sm0p75_tm1p50_d15_adverse_w10_ticks8,MNQ,1min,next_execution_bar_open,next_execution_bar,stop_first,0.75,1.5,15,avoid_immediate_adverse_move,adverse_w10_ticks8,"{""adverse_window_minutes"": 10, ""max_adverse_ticks"": 8}"
11,159.4875000000029,825.4875000000029,666.0,0.2727272727272727,14.4988636363639,-50.625,1.2394707207207252,-492.75,1.2352346005140786,4.949266966577416,0.3236681887366878,65.36363636363636,70.0,0.8181818181818182,0.18181818181818182,0.2727272727272727,0.0,71,0.6396396396396397,1,5.05377358490566,2.5,avoid_immediate_adverse_move_sm0p75_tm1p50_d15_adverse_w10_ticks12,MNQ,1min,next_execution_bar_open,next_execution_bar,stop_first,0.75,1.5,15,avoid_immediate_adverse_move,adverse_w10_ticks12,"{""adverse_window_minutes"": 10, ""max_adverse_ticks"": 12}"
11,159.4875000000029,825.4875000000029,666.0,0.2727272727272727,14.4988636363639,-50.625,1.2394707207207252,-492.75,1.2352346005140786,4.949266966577416,0.3236681887366878,65.36363636363636,70.0,0.8181818181818182,0.18181818181818182,0.2727272727272727,0.0,71,0.6396396396396397,1,5.05377358490566,2.5,avoid_immediate_adverse_move_sm0p75_tm1p50_d15_adverse_w10_ticks16,MNQ,1min,next_execution_bar_open,next_execution_bar,stop_first,0.75,1.5,15,avoid_immediate_adverse_move,adverse_w10_ticks16,"{""adverse_window_minutes"": 10, ""max_adverse_ticks"": 16}"
13,404.13750000000437,1146.2625000000044,742.125,0.3076923076923077,31.087500000000336,-50.625,1.5445679636179948,-348.75,2.567309258532057,11.240958621114418,1.1588172043010878,63.38461538461539,63.0,0.7692307692307693,0.23076923076923078,0.23076923076923078,0.0,69,0.6216216216216216,1,5.972641509433962,2.5,avoid_immediate_adverse_move_sm0p75_tm1p50_d15_adverse_w10_ticks24,MNQ,1min,next_execution_bar_open,next_execution_bar,stop_first,0.75,1.5,15,avoid_immediate_adverse_move,adverse_w10_ticks24,"{""adverse_window_minutes"": 10, ""max_adverse_ticks"": 24}"
5,-187.125,97.5,284.625,0.2,-37.425,-50.625,0.3425559947299078,-136.5,-7.80634779693665,-15.085325189138073,-1.370879120879121,92.0,120.0,1.0,0.0,0.6,0.0,77,0.6936936936936937,1,2.297169811320755,2.5,avoid_immediate_adverse_move_sm0p75_tm1p50_d15_adverse_w15_ticks8,MNQ,1min,next_execution_bar_open,next_execution_bar,stop_first,0.75,1.5,15,avoid_immediate_adverse_move,adverse_w15_ticks8,"{""adverse_window_minutes"": 15, ""max_adverse_ticks"": 8}"
10,184.6125000000029,825.4875000000029,640.875,0.3,18.46125000000029,-63.5625,1.2880631948507946,-492.75,1.5030188985945694,6.688208783616226,0.37465753424658127,71.1,77.0,0.8,0.2,0.3,0.0,72,0.6486486486486487,1,4.59433962264151,2.5,avoid_immediate_adverse_move_sm0p75_tm1p50_d15_adverse_w15_ticks12,MNQ,1min,next_execution_bar_open,next_execution_bar,stop_first,0.75,1.5,15,avoid_immediate_adverse_move,adverse_w15_ticks12,"{""adverse_window_minutes"": 15, ""max_adverse_ticks"": 12}"
10,184.6125000000029,825.4875000000029,640.875,0.3,18.46125000000029,-63.5625,1.2880631948507946,-492.75,1.5030188985945694,6.688208783616226,0.37465753424658127,71.1,77.0,0.8,0.2,0.3,0.0,72,0.6486486486486487,1,4.59433962264151,2.5,avoid_immediate_adverse_move_sm0p75_tm1p50_d15_adverse_w15_ticks16,MNQ,1min,next_execution_bar_open,next_execution_bar,stop_first,0.75,1.5,15,avoid_immediate_adverse_move,adverse_w15_ticks16,"{""adverse_window_minutes"": 15, ""max_adverse_ticks"": 16}"
12,429.26250000000437,1146.2625000000044,717.0,0.3333333333333333,35.771875000000364,-63.375,1.598692468619253,-348.75,2.848433294561559,13.748236434711217,1.230860215053776,68.0,66.5,0.75,0.25,0.25,0.0,70,0.6306306306306306,1,5.513207547169811,2.5,avoid_immediate_adverse_move_sm0p75_tm1p50_d15_adverse_w15_ticks24,MNQ,1min,next_execution_bar_open,next_execution_bar,stop_first,0.75,1.5,15,avoid_immediate_adverse_move,adverse_w15_ticks24,"{""adverse_window_minutes"": 15, ""max_adverse_ticks"": 24}"
29,-1130.625,752.75,1883.375,0.2413793103448276,-38.98706896551724,-53.625,0.39968142297736775,-1109.625,-5.410781865335234,-11.048907207465593,-1.01892531260561,54.41379310344828,34.0,0.9310344827586207,0.034482758620689655,0.20689655172413793,0.034482758620689655,50,0.45045045045045046,1,13.323584905660377,2.5,require_no_stop_zone_touch_before_entry_sm0p75_tm1p50_d5_stop_zone_0p50,MNQ,1min,next_execution_bar_open,next_execution_bar,stop_first,0.75,1.5,5,require_no_stop_zone_touch_before_entry,stop_zone_0p50,"{""stop_zone_fraction"": 0.5}"
11,-796.0,69.5,865.5,0.09090909090909091,-72.36363636363636,-71.625,0.0803004043905257,-778.125,-14.55693627088964,-16.870819384289135,-1.0229718875502007,46.36363636363637,10.0,1.0,0.0,0.2727272727272727,0.0,71,0.6396396396396397,1,5.05377358490566,2.5,require_no_stop_zone_touch_before_entry_sm0p75_tm1p50_d15_stop_zone_0p50,MNQ,1min,next_execution_bar_open,next_execution_bar,stop_first,0.75,1.5,15,require_no_stop_zone_touch_before_entry,stop_zone_0p50,"{""stop_zone_fraction"": 0.5}"
4,-219.5,65.5,285.0,0.25,-54.875,-65.625,0.22982456140350876,-75.75,-11.084951465050242,-20.565934803791283,-2.897689768976898,69.75,78.0,1.0,0.0,0.5,0.0,62,0.5585585585585585,0,1.8377358490566038,2.5,require_no_stop_zone_touch_before_entry_sm0p75_tm1p50_d30_stop_zone_0p50,MNQ,1min,next_execution_bar_open,next_execution_bar,stop_first,0.75,1.5,30,require_no_stop_zone_touch_before_entry,stop_zone_0p50,"{""stop_zone_fraction"": 0.5}"
42,-1007.4124999999985,1552.0875000000015,2559.5,0.2619047619047619,-23.98601190476187,-52.3125,0.6064026176987699,-1361.875,-3.0839053064819018,-7.176811968271803,-0.7397246443322615,50.833333333333336,30.5,0.9047619047619048,0.07142857142857142,0.19047619047619047,0.023809523809523808,37,0.3333333333333333,1,19.29622641509434,2.5,require_no_stop_zone_touch_before_entry_sm0p75_tm1p50_d5_stop_zone_0p75,MNQ,1min,next_execution_bar_open,next_execution_bar,stop_first,0.75,1.5,5,require_no_stop_zone_touch_before_entry,stop_zone_0p75,"{""stop_zone_fraction"": 0.75}"
24,-942.625,745.0,1687.625,0.25,-39.276041666666664,-61.875,0.44144878157173545,-1084.0,-5.300187305767725,-8.485722255399143,-0.869580258302583,56.083333333333336,45.0,0.9166666666666666,0.041666666666666664,0.2916666666666667,0.041666666666666664,58,0.5225225225225225,1,11.026415094339622,2.5,require_no_stop_zone_touch_before_entry_sm0p75_tm1p50_d15_stop_zone_0p75,MNQ,1min,next_execution_bar_open,next_execution_bar,stop_first,0.75,1.5,15,require_no_stop_zone_touch_before_entry,stop_zone_0p75,"{""stop_zone_fraction"": 0.75}"
12,-388.5,298.0,686.5,0.3333333333333333,-32.375,-41.375,0.4340859431900947,-481.375,-5.569300537208241,-8.457946960321204,-0.8070631004933784,70.83333333333333,95.5,1.0,0.0,0.5,0.0,53,0.4774774774774775,1,5.513207547169811,2.5,require_no_stop_zone_touch_before_entry_sm0p75_tm1p50_d30_stop_zone_0p75,MNQ,1min,next_execution_bar_open,next_execution_bar,stop_first,0.75,1.5,30,require_no_stop_zone_touch_before_entry,stop_zone_0p75,"{""stop_zone_fraction"": 0.75}"
50,-210.47499999999854,2545.1500000000015,2755.625,0.3,-4.209499999999971,-48.5625,0.9236198684508964,-1345.375,-0.4721160751522617,-1.27922835541139,-0.15644337080739462,49.4,26.5,0.86,0.1,0.18,0.04,29,0.26126126126126126,1,22.971698113207548,2.5,require_no_stop_zone_touch_before_entry_sm0p75_tm1p50_d5_stop_zone_1p00,MNQ,1min,next_execution_bar_open,next_execution_bar,stop_first,0.75,1.5,5,require_no_stop_zone_touch_before_entry,stop_zone_1p00,"{""stop_zone_fraction"": 1.0}"
37,-693.7999999999956,1800.8250000000044,2494.625,0.2972972972972973,-18.751351351351232,-58.875,0.7218820463997613,-1547.375,-2.0399063618746407,-4.216353310684128,-0.4483722433152892,58.513513513513516,59.0,0.8918918918918919,0.08108108108108109,0.2702702702702703,0.02702702702702703,45,0.40540540540540543,1,16.999056603773585,2.5,require_no_stop_zone_touch_before_entry_sm0p75_tm1p50_d15_stop_zone_1p00,MNQ,1min,next_execution_bar_open,next_execution_bar,stop_first,0.75,1.5,15,require_no_stop_zone_touch_before_entry,stop_zone_1p00,"{""stop_zone_fraction"": 1.0}"
25,-1080.375,641.0,1721.375,0.32,-43.215,-45.75,0.37237673371577956,-1334.625,-6.5179829315503,-9.26005976122643,-0.8094970497330711,69.84,71.0,1.0,0.0,0.44,0.0,40,0.36036036036036034,1,11.485849056603774,2.5,require_no_stop_zone_touch_before_entry_sm0p75_tm1p50_d30_stop_zone_1p00,MNQ,1min,next_execution_bar_open,next_execution_bar,stop_first,0.75,1.5,30,require_no_stop_zone_touch_before_entry,stop_zone_1p00,"{""stop_zone_fraction"": 1.0}"
48,450.1750000000029,3007.425000000003,2557.25,0.3333333333333333,9.378645833333394,-37.6875,1.1760387134617276,-1122.625,0.9436609103708499,2.704230454740412,0.4010021155773325,46.625,24.5,0.8125,0.14583333333333334,0.16666666666666666,0.041666666666666664,31,0.27927927927927926,1,22.052830188679245,2.5,require_micro_momentum_confirmation_sm0p75_tm1p50_d5_momentum_w5_close_vs_window_open,MNQ,1min,next_execution_bar_open,next_execution_bar,stop_first,0.75,1.5,5,require_micro_momentum_confirmation,momentum_w5_close_vs_window_open,"{""confirmation_window_minutes"": 5, ""mode"": ""close_vs_window_open""}"
61,-154.3249999999898,3744.92500000001,3899.25,0.26229508196721313,-2.529918032786718,-37.875,0.9604218760017978,-1256.5,-0.24345217455450396,-0.6021952422101726,-0.12282132908873045,46.78688524590164,22.0,0.8688524590163934,0.11475409836065574,0.19672131147540983,0.01639344262295082,21,0.1891891891891892,1,28.025471698113208,2.5,require_micro_momentum_confirmation_sm0p75_tm1p50_d15_momentum_w5_close_vs_window_open,MNQ,1min,next_execution_bar_open,next_execution_bar,stop_first,0.75,1.5,15,require_micro_momentum_confirmation,momentum_w5_close_vs_window_open,"{""confirmation_window_minutes"": 5, ""mode"": ""close_vs_window_open""}"
49,127.80000000000291,2830.175000000003,2702.375,0.32653061224489793,2.6081632653061817,-38.25,1.0472917341227634,-1457.875,0.2783703702335831,0.7520591527268807,0.08766183657721198,50.0,28.0,0.8367346938775511,0.12244897959183673,0.1836734693877551,0.04081632653061224,30,0.2702702702702703,1,22.512264150943395,2.5,require_micro_momentum_confirmation_sm0p75_tm1p50_d5_momentum_w5_close_vs_local_mid,MNQ,1min,next_execution_bar_open,next_execution_bar,stop_first,0.75,1.5,5,require_micro_momentum_confirmation,momentum_w5_close_vs_local_mid,"{""confirmation_window_minutes"": 5, ""mode"": ""close_vs_local_mid""}"
61,-529.4499999999898,3325.92500000001,3855.375,0.26229508196721313,-8.679508196721144,-37.875,0.8626722432966988,-1873.125,-0.8889662344904012,-2.047783405399671,-0.28265598932265057,44.622950819672134,18.0,0.8688524590163934,0.09836065573770492,0.19672131147540983,0.03278688524590164,21,0.1891891891891892,1,28.025471698113208,2.5,require_micro_momentum_confirmation_sm0p75_tm1p50_d15_momentum_w5_close_vs_local_mid,MNQ,1min,next_execution_bar_open,next_execution_bar,stop_first,0.75,1.5,15,require_micro_momentum_confirmation,momentum_w5_close_vs_local_mid,"{""confirmation_window_minutes"": 5, ""mode"": ""close_vs_local_mid""}"
61,-154.3249999999898,3744.92500000001,3899.25,0.26229508196721313,-2.529918032786718,-37.875,0.9604218760017978,-1256.5,-0.24345217455450396,-0.6021952422101726,-0.12282132908873045,46.78688524590164,22.0,0.8688524590163934,0.11475409836065574,0.19672131147540983,0.01639344262295082,21,0.1891891891891892,1,28.025471698113208,2.5,require_micro_momentum_confirmation_sm0p75_tm1p50_d15_momentum_w10_close_vs_window_open,MNQ,1min,next_execution_bar_open,next_execution_bar,stop_first,0.75,1.5,15,require_micro_momentum_confirmation,momentum_w10_close_vs_window_open,"{""confirmation_window_minutes"": 10, ""mode"": ""close_vs_window_open""}"
61,-100.44999999998981,3748.92500000001,3849.375,0.2786885245901639,-1.6467213114752428,-37.875,0.9739048546842046,-1450.125,-0.15914784647395705,-0.390596646662845,-0.0692698905266717,46.14754098360656,19.0,0.8524590163934426,0.11475409836065574,0.19672131147540983,0.03278688524590164,21,0.1891891891891892,1,28.025471698113208,2.5,require_micro_momentum_confirmation_sm0p75_tm1p50_d15_momentum_w10_close_vs_local_mid,MNQ,1min,next_execution_bar_open,next_execution_bar,stop_first,0.75,1.5,15,require_micro_momentum_confirmation,momentum_w10_close_vs_local_mid,"{""confirmation_window_minutes"": 10, ""mode"": ""close_vs_local_mid""}"
61,-154.3249999999898,3744.92500000001,3899.25,0.26229508196721313,-2.529918032786718,-37.875,0.9604218760017978,-1256.5,-0.24345217455450396,-0.6021952422101726,-0.12282132908873045,46.78688524590164,22.0,0.8688524590163934,0.11475409836065574,0.19672131147540983,0.01639344262295082,21,0.1891891891891892,1,28.025471698113208,2.5,require_micro_momentum_confirmation_sm0p75_tm1p50_d15_momentum_w15_close_vs_window_open,MNQ,1min,next_execution_bar_open,next_execution_bar,stop_first,0.75,1.5,15,require_micro_momentum_confirmation,momentum_w15_close_vs_window_open,"{""confirmation_window_minutes"": 15, ""mode"": ""close_vs_window_open""}"
64,-174.6999999999898,3748.92500000001,3923.625,0.265625,-2.729687499999841,-30.375,0.9554748478766473,-1507.875,-0.2699798413248423,-0.6499753153617478,-0.11585841001408592,44.03125,17.5,0.859375,0.109375,0.1875,0.03125,18,0.16216216216216217,1,29.40377358490566,2.5,require_micro_momentum_confirmation_sm0p75_tm1p50_d15_momentum_w15_close_vs_local_mid,MNQ,1min,next_execution_bar_open,next_execution_bar,stop_first,0.75,1.5,15,require_micro_momentum_confirmation,momentum_w15_close_vs_local_mid,"{""confirmation_window_minutes"": 15, ""mode"": ""close_vs_local_mid""}"
7,-396.25,125.5,521.75,0.42857142857142855,-56.607142857142854,-71.0,0.24053665548634404,-162.125,-9.018557204892845,-14.15938054118007,-2.444101773323053,91.71428571428571,120.0,1.0,0.0,0.5714285714285714,0.0,72,0.6486486486486487,1,3.2160377358490564,2.5,avoid_high_noise_first_5min_sm0p75_tm1p50_d5_noise_w5_r0p50,MNQ,1min,next_execution_bar_open,next_execution_bar,stop_first,0.75,1.5,5,avoid_high_noise_first_5min,noise_w5_r0p50,"{""max_range_to_stop_distance"": 0.5, ""noise_window_minutes"": 5}"
12,-100.78749999999854,781.8375000000015,882.625,0.5,-8.398958333333212,-43.5,0.8858093754425735,-656.75,-0.7942815735163605,-2.0381862700968045,-0.15346402740768716,80.08333333333333,102.5,0.9166666666666666,0.08333333333333333,0.5,0.0,71,0.6396396396396397,1,5.513207547169811,2.5,avoid_high_noise_first_5min_sm0p75_tm1p50_d10_noise_w5_r0p50,MNQ,1min,next_execution_bar_open,next_execution_bar,stop_first,0.75,1.5,10,avoid_high_noise_first_5min,noise_w5_r0p50,"{""max_range_to_stop_distance"": 0.5, ""noise_window_minutes"": 5}"
19,-394.03749999999854,982.3375000000015,1376.375,0.42105263157894735,-20.73881578947361,-80.625,0.7137135591681056,-1110.375,-2.3146766752867527,-6.269807490606007,-0.35486885061353013,64.6842105263158,61.0,0.8421052631578947,0.10526315789473684,0.3157894736842105,0.05263157894736842,60,0.5405405405405406,1,8.729245283018868,2.5,avoid_high_noise_first_5min_sm0p75_tm1p50_d5_noise_w5_r0p75,MNQ,1min,next_execution_bar_open,next_execution_bar,stop_first,0.75,1.5,5,avoid_high_noise_first_5min,noise_w5_r0p75,"{""max_range_to_stop_distance"": 0.75, ""noise_window_minutes"": 5}"
22,-1180.0374999999985,825.3375000000015,2005.375,0.3181818181818182,-53.63806818181811,-100.125,0.4115626753101048,-1282.5374999999985,-6.024254340626053,-14.84613087764415,-0.9200803095426059,66.63636363636364,76.5,0.9545454545454546,0.045454545454545456,0.3181818181818182,0.0,61,0.5495495495495496,1,10.10754716981132,2.5,avoid_high_noise_first_5min_sm0p75_tm1p50_d10_noise_w5_r0p75,MNQ,1min,next_execution_bar_open,next_execution_bar,stop_first,0.75,1.5,10,avoid_high_noise_first_5min,noise_w5_r0p75,"{""max_range_to_stop_distance"": 0.75, ""noise_window_minutes"": 5}"
30,-517.3375000000015,1556.9124999999985,2074.25,0.4,-17.24458333333338,-78.5625,0.7505905749065921,-1067.425000000003,-1.9928060739713116,-5.624336013123149,-0.48465934374780434,65.03333333333333,67.0,0.8666666666666667,0.1,0.3,0.03333333333333333,49,0.44144144144144143,1,13.783018867924527,2.5,avoid_high_noise_first_5min_sm0p75_tm1p50_d5_noise_w5_r1p00,MNQ,1min,next_execution_bar_open,next_execution_bar,stop_first,0.75,1.5,5,avoid_high_noise_first_5min,noise_w5_r1p00,"{""max_range_to_stop_distance"": 1.0, ""noise_window_minutes"": 5}"
37,51.025000000001455,2648.5250000000015,2597.5,0.43243243243243246,1.3790540540540934,-87.0,1.0196438883541872,-720.75,0.13166474317003493,0.4051316306315169,0.0707943114810981,66.08108108108108,75.0,0.8648648648648649,0.10810810810810811,0.32432432432432434,0.02702702702702703,46,0.4144144144144144,1,16.999056603773585,2.5,avoid_high_noise_first_5min_sm0p75_tm1p50_d10_noise_w5_r1p00,MNQ,1min,next_execution_bar_open,next_execution_bar,stop_first,0.75,1.5,10,avoid_high_noise_first_5min,noise_w5_r1p00,"{""max_range_to_stop_distance"": 1.0, ""noise_window_minutes"": 5}"
34,-842.0875000000015,1556.9124999999985,2399.0,0.35294117647058826,-24.767279411764747,-77.8125,0.6489839516465188,-1392.175000000003,-2.995357077965524,-8.111551061815984,-0.6048718731481313,58.911764705882355,44.5,0.8823529411764706,0.08823529411764706,0.2647058823529412,0.029411764705882353,45,0.40540540540540543,1,15.620754716981132,2.5,avoid_high_noise_first_5min_sm0p75_tm1p50_d5_noise_w5_r1p25,MNQ,1min,next_execution_bar_open,next_execution_bar,stop_first,0.75,1.5,5,avoid_high_noise_first_5min,noise_w5_r1p25,"{""max_range_to_stop_distance"": 1.25, ""noise_window_minutes"": 5}"
42,-404.34999999999854,2648.5250000000015,3052.875,0.38095238095238093,-9.627380952380918,-79.6875,0.8675510789010363,-1001.75,-0.9581013220256605,-2.869554400608319,-0.403643623658596,65.4047619047619,71.5,0.8809523809523809,0.09523809523809523,0.30952380952380953,0.023809523809523808,41,0.36936936936936937,1,19.29622641509434,2.5,avoid_high_noise_first_5min_sm0p75_tm1p50_d10_noise_w5_r1p25,MNQ,1min,next_execution_bar_open,next_execution_bar,stop_first,0.75,1.5,10,avoid_high_noise_first_5min,noise_w5_r1p25,"{""max_range_to_stop_distance"": 1.25, ""noise_window_minutes"": 5}"
2,-62.0,36.5,98.5,0.5,-31.0,-31.0,0.37055837563451777,0.0,-7.290514723822428,,,120.0,120.0,1.0,0.0,1.0,0.0,82,0.7387387387387387,0,0.9188679245283019,2.5,avoid_high_noise_first_5min_sm0p75_tm1p50_d10_noise_w10_r0p50,MNQ,1min,next_execution_bar_open,next_execution_bar,stop_first,0.75,1.5,10,avoid_high_noise_first_5min,noise_w10_r0p50,"{""max_range_to_stop_distance"": 0.5, ""noise_window_minutes"": 10}"
10,-850.625,105.5,956.125,0.3,-85.0625,-98.75,0.11034122107465028,-758.0,-14.057627529623328,-20.886666112172755,-1.1221965699208443,73.0,83.0,1.0,0.0,0.4,0.0,73,0.6576576576576577,1,4.59433962264151,2.5,avoid_high_noise_first_5min_sm0p75_tm1p50_d10_noise_w10_r0p75,MNQ,1min,next_execution_bar_open,next_execution_bar,stop_first,0.75,1.5,10,avoid_high_noise_first_5min,noise_w10_r0p75,"{""max_range_to_stop_distance"": 0.75, ""noise_window_minutes"": 10}"
24,-753.9124999999985,1220.3375000000015,1974.25,0.375,-31.413020833333274,-98.75,0.6181271368874264,-1231.0,-3.2347715604639453,-8.590537392588248,-0.6124390739236382,68.33333333333333,80.5,0.9166666666666666,0.08333333333333333,0.3333333333333333,0.0,59,0.5315315315315315,1,11.026415094339622,2.5,avoid_high_noise_first_5min_sm0p75_tm1p50_d10_noise_w10_r1p00,MNQ,1min,next_execution_bar_open,next_execution_bar,stop_first,0.75,1.5,10,avoid_high_noise_first_5min,noise_w10_r1p00,"{""max_range_to_stop_distance"": 1.0, ""noise_window_minutes"": 10}"
30,-735.7125000000015,1580.9124999999985,2316.625,0.36666666666666664,-24.52375000000005,-95.5625,0.6824205471321421,-1104.9625000000015,-2.57570671001253,-6.9184726310415074,-0.6658257633177601,69.66666666666667,80.5,0.9,0.1,0.3,0.0,53,0.4774774774774775,1,13.783018867924527,2.5,avoid_high_noise_first_5min_sm0p75_tm1p50_d10_noise_w10_r1p25,MNQ,1min,next_execution_bar_open,next_execution_bar,stop_first,0.75,1.5,10,avoid_high_noise_first_5min,noise_w10_r1p25,"{""max_range_to_stop_distance"": 1.25, ""noise_window_minutes"": 10}"
8,-87.0,176.0,263.0,0.25,-10.875,-35.4375,0.6692015209125475,-170.625,-2.4714784343106504,-8.80732826203772,-0.5098901098901099,52.0,25.0,1.0,0.0,0.375,0.0,71,0.6396396396396397,1,3.6754716981132076,2.5,avoid_immediate_adverse_move_sm0p75_tm2p00_d5_adverse_w5_ticks8,MNQ,1min,next_execution_bar_open,next_execution_bar,stop_first,0.75,2.0,5,avoid_immediate_adverse_move,adverse_w5_ticks8,"{""adverse_window_minutes"": 5, ""max_adverse_ticks"": 8}"
8,170.75,497.0,326.25,0.25,21.34375,-21.0625,1.5233716475095787,-139.125,2.1824141991637,8.461481091385425,1.2273135669362085,73.625,95.0,1.0,0.0,0.5,0.0,74,0.6666666666666666,1,3.6754716981132076,2.5,avoid_immediate_adverse_move_sm0p75_tm2p00_d15_adverse_w5_ticks8,MNQ,1min,next_execution_bar_open,next_execution_bar,stop_first,0.75,2.0,15,avoid_immediate_adverse_move,adverse_w5_ticks8,"{""adverse_window_minutes"": 5, ""max_adverse_ticks"": 8}"
13,324.25,861.0,536.75,0.3076923076923077,24.942307692307693,-49.5,1.6040987424312996,-302.25,2.524325162594211,14.371650033173017,1.0727874276261373,61.30769230769231,40.0,1.0,0.0,0.38461538461538464,0.0,66,0.5945945945945946,1,5.972641509433962,2.5,avoid_immediate_adverse_move_sm0p75_tm2p00_d5_adverse_w5_ticks12,MNQ,1min,next_execution_bar_open,next_execution_bar,stop_first,0.75,2.0,5,avoid_immediate_adverse_move,adverse_w5_ticks12,"{""adverse_window_minutes"": 5, ""max_adverse_ticks"": 12}"
13,479.5,1162.0,682.5,0.3076923076923077,36.88461538461539,-25.125,1.7025641025641025,-318.75,3.013299051521983,12.04668625843461,1.5043137254901962,72.07692307692308,90.0,1.0,0.0,0.46153846153846156,0.0,69,0.6216216216216216,1,5.972641509433962,2.5,avoid_immediate_adverse_move_sm0p75_tm2p00_d15_adverse_w5_ticks12,MNQ,1min,next_execution_bar_open,next_execution_bar,stop_first,0.75,2.0,15,avoid_immediate_adverse_move,adverse_w5_ticks12,"{""adverse_window_minutes"": 5, ""max_adverse_ticks"": 12}"
14,307.75,861.0,553.25,0.2857142857142857,21.982142857142858,-35.4375,1.5562584726615454,-302.25,2.3029842361627217,11.964745321048154,1.0181968569065343,57.214285714285715,32.0,1.0,0.0,0.35714285714285715,0.0,65,0.5855855855855856,1,6.432075471698113,2.5,avoid_immediate_adverse_move_sm0p75_tm2p00_d5_adverse_w5_ticks16,MNQ,1min,next_execution_bar_open,next_execution_bar,stop_first,0.75,2.0,5,avoid_immediate_adverse_move,adverse_w5_ticks16,"{""adverse_window_minutes"": 5, ""max_adverse_ticks"": 16}"
13,479.5,1162.0,682.5,0.3076923076923077,36.88461538461539,-25.125,1.7025641025641025,-318.75,3.013299051521983,12.04668625843461,1.5043137254901962,72.07692307692308,90.0,1.0,0.0,0.46153846153846156,0.0,69,0.6216216216216216,1,5.972641509433962,2.5,avoid_immediate_adverse_move_sm0p75_tm2p00_d15_adverse_w5_ticks16,MNQ,1min,next_execution_bar_open,next_execution_bar,stop_first,0.75,2.0,15,avoid_immediate_adverse_move,adverse_w5_ticks16,"{""adverse_window_minutes"": 5, ""max_adverse_ticks"": 16}"
20,-224.75,880.5,1105.25,0.25,-11.2375,-51.1875,0.7966523410992988,-818.25,-1.2472176190640791,-3.421343470405331,-0.2746715551481821,52.45,28.5,1.0,0.0,0.3,0.0,59,0.5315315315315315,1,9.18867924528302,2.5,avoid_immediate_adverse_move_sm0p75_tm2p00_d5_adverse_w5_ticks24,MNQ,1min,next_execution_bar_open,next_execution_bar,stop_first,0.75,2.0,5,avoid_immediate_adverse_move,adverse_w5_ticks24,"{""adverse_window_minutes"": 5, ""max_adverse_ticks"": 24}"
19,442.3249999999971,1590.699999999997,1148.375,0.2631578947368421,23.280263157894584,-25.125,1.3851747033852158,-582.0,1.840464284654434,5.514435581803785,0.7600085910652871,66.52631578947368,70.0,0.9473684210526315,0.05263157894736842,0.3684210526315789,0.0,63,0.5675675675675675,1,8.729245283018868,2.5,avoid_immediate_adverse_move_sm0p75_tm2p00_d15_adverse_w5_ticks24,MNQ,1min,next_execution_bar_open,next_execution_bar,stop_first,0.75,2.0,15,avoid_immediate_adverse_move,adverse_w5_ticks24,"{""adverse_window_minutes"": 5, ""max_adverse_ticks"": 24}"
6,-212.25,97.5,309.75,0.16666666666666666,-35.375,-37.875,0.31476997578692495,-161.625,-8.06547366723164,-14.128358697831716,-1.3132250580046403,78.0,95.0,1.0,0.0,0.5,0.0,76,0.6846846846846847,1,2.7566037735849056,2.5,avoid_immediate_adverse_move_sm0p75_tm2p00_d15_adverse_w10_ticks8,MNQ,1min,next_execution_bar_open,next_execution_bar,stop_first,0.75,2.0,15,avoid_immediate_adverse_move,adverse_w10_ticks8,"{""adverse_window_minutes"": 10, ""max_adverse_ticks"": 8}"
11,96.5,762.5,666.0,0.2727272727272727,8.772727272727273,-50.625,1.144894894894895,-492.75,0.7831680546402593,2.994618777488593,0.19583967529173008,74.18181818181819,90.0,1.0,0.0,0.45454545454545453,0.0,71,0.6396396396396397,1,5.05377358490566,2.5,avoid_immediate_adverse_move_sm0p75_tm2p00_d15_adverse_w10_ticks12,MNQ,1min,next_execution_bar_open,next_execution_bar,stop_first,0.75,2.0,15,avoid_immediate_adverse_move,adverse_w10_ticks12,"{""adverse_window_minutes"": 10, ""max_adverse_ticks"": 12}"
11,96.5,762.5,666.0,0.2727272727272727,8.772727272727273,-50.625,1.144894894894895,-492.75,0.7831680546402593,2.994618777488593,0.19583967529173008,74.18181818181819,90.0,1.0,0.0,0.45454545454545453,0.0,71,0.6396396396396397,1,5.05377358490566,2.5,avoid_immediate_adverse_move_sm0p75_tm2p00_d15_adverse_w10_ticks16,MNQ,1min,next_execution_bar_open,next_execution_bar,stop_first,0.75,2.0,15,avoid_immediate_adverse_move,adverse_w10_ticks16,"{""adverse_window_minutes"": 10, ""max_adverse_ticks"": 16}"
13,449.0749999999971,1191.199999999997,742.125,0.3076923076923077,34.544230769230545,-50.625,1.605120431194202,-348.75,2.734692246855359,12.490881179739247,1.287670250896049,76.23076923076923,90.0,0.9230769230769231,0.07692307692307693,0.38461538461538464,0.0,69,0.6216216216216216,1,5.972641509433962,2.5,avoid_immediate_adverse_move_sm0p75_tm2p00_d15_adverse_w10_ticks24,MNQ,1min,next_execution_bar_open,next_execution_bar,stop_first,0.75,2.0,15,avoid_immediate_adverse_move,adverse_w10_ticks24,"{""adverse_window_minutes"": 10, ""max_adverse_ticks"": 24}"
5,-187.125,97.5,284.625,0.2,-37.425,-50.625,0.3425559947299078,-136.5,-7.80634779693665,-15.085325189138073,-1.370879120879121,92.0,120.0,1.0,0.0,0.6,0.0,77,0.6936936936936937,1,2.297169811320755,2.5,avoid_immediate_adverse_move_sm0p75_tm2p00_d15_adverse_w15_ticks8,MNQ,1min,next_execution_bar_open,next_execution_bar,stop_first,0.75,2.0,15,avoid_immediate_adverse_move,adverse_w15_ticks8,"{""adverse_window_minutes"": 15, ""max_adverse_ticks"": 8}"
10,121.625,762.5,640.875,0.3,12.1625,-63.5625,1.1897795982055783,-492.75,1.0371400150662737,4.406274728457231,0.24682902080162353,80.8,105.0,1.0,0.0,0.5,0.0,72,0.6486486486486487,1,4.59433962264151,2.5,avoid_immediate_adverse_move_sm0p75_tm2p00_d15_adverse_w15_ticks12,MNQ,1min,next_execution_bar_open,next_execution_bar,stop_first,0.75,2.0,15,avoid_immediate_adverse_move,adverse_w15_ticks12,"{""adverse_window_minutes"": 15, ""max_adverse_ticks"": 12}"
10,121.625,762.5,640.875,0.3,12.1625,-63.5625,1.1897795982055783,-492.75,1.0371400150662737,4.406274728457231,0.24682902080162353,80.8,105.0,1.0,0.0,0.5,0.0,72,0.6486486486486487,1,4.59433962264151,2.5,avoid_immediate_adverse_move_sm0p75_tm2p00_d15_adverse_w15_ticks16,MNQ,1min,next_execution_bar_open,next_execution_bar,stop_first,0.75,2.0,15,avoid_immediate_adverse_move,adverse_w15_ticks16,"{""adverse_window_minutes"": 15, ""max_adverse_ticks"": 16}"
12,474.1999999999971,1191.199999999997,717.0,0.3333333333333333,39.516666666666424,-63.375,1.6613668061366766,-348.75,3.0167575439915186,15.187475536157836,1.359713261648737,81.91666666666667,101.0,0.9166666666666666,0.08333333333333333,0.4166666666666667,0.0,70,0.6306306306306306,1,5.513207547169811,2.5,avoid_immediate_adverse_move_sm0p75_tm2p00_d15_adverse_w15_ticks24,MNQ,1min,next_execution_bar_open,next_execution_bar,stop_first,0.75,2.0,15,avoid_immediate_adverse_move,adverse_w15_ticks24,"{""adverse_window_minutes"": 15, ""max_adverse_ticks"": 24}"
29,-1097.875,785.5,1883.375,0.2413793103448276,-37.85775862068966,-53.625,0.41707041879604434,-1109.625,-5.05869240996899,-10.728861470776152,-0.9894108369944801,55.275862068965516,34.0,0.9655172413793104,0.0,0.2413793103448276,0.034482758620689655,50,0.45045045045045046,1,13.323584905660377,2.5,require_no_stop_zone_touch_before_entry_sm0p75_tm2p00_d5_stop_zone_0p50,MNQ,1min,next_execution_bar_open,next_execution_bar,stop_first,0.75,2.0,5,require_no_stop_zone_touch_before_entry,stop_zone_0p50,"{""stop_zone_fraction"": 0.5}"
11,-796.0,69.5,865.5,0.09090909090909091,-72.36363636363636,-71.625,0.0803004043905257,-778.125,-14.55693627088964,-16.870819384289135,-1.0229718875502007,46.36363636363637,10.0,1.0,0.0,0.2727272727272727,0.0,71,0.6396396396396397,1,5.05377358490566,2.5,require_no_stop_zone_touch_before_entry_sm0p75_tm2p00_d15_stop_zone_0p50,MNQ,1min,next_execution_bar_open,next_execution_bar,stop_first,0.75,2.0,15,require_no_stop_zone_touch_before_entry,stop_zone_0p50,"{""stop_zone_fraction"": 0.5}"
4,-219.5,65.5,285.0,0.25,-54.875,-65.625,0.22982456140350876,-75.75,-11.084951465050242,-20.565934803791283,-2.897689768976898,69.75,78.0,1.0,0.0,0.5,0.0,62,0.5585585585585585,0,1.8377358490566038,2.5,require_no_stop_zone_touch_before_entry_sm0p75_tm2p00_d30_stop_zone_0p50,MNQ,1min,next_execution_bar_open,next_execution_bar,stop_first,0.75,2.0,30,require_no_stop_zone_touch_before_entry,stop_zone_0p50,"{""stop_zone_fraction"": 0.5}"
42,-896.5500000000029,1662.949999999997,2559.5,0.2619047619047619,-21.34642857142864,-52.3125,0.649716741551083,-1329.125,-2.5919040693975015,-6.387026933013155,-0.6745415216777977,53.666666666666664,33.5,0.9523809523809523,0.023809523809523808,0.23809523809523808,0.023809523809523808,37,0.3333333333333333,1,19.29622641509434,2.5,require_no_stop_zone_touch_before_entry_sm0p75_tm2p00_d5_stop_zone_0p75,MNQ,1min,next_execution_bar_open,next_execution_bar,stop_first,0.75,2.0,5,require_no_stop_zone_touch_before_entry,stop_zone_0p75,"{""stop_zone_fraction"": 0.75}"
24,-988.625,699.0,1687.625,0.25,-41.192708333333336,-61.875,0.4141915413673061,-1084.0,-5.757850943182387,-8.89982460124013,-0.9120156826568265,57.583333333333336,45.0,0.9583333333333334,0.0,0.3333333333333333,0.041666666666666664,58,0.5225225225225225,1,11.026415094339622,2.5,require_no_stop_zone_touch_before_entry_sm0p75_tm2p00_d15_stop_zone_0p75,MNQ,1min,next_execution_bar_open,next_execution_bar,stop_first,0.75,2.0,15,require_no_stop_zone_touch_before_entry,stop_zone_0p75,"{""stop_zone_fraction"": 0.75}"
12,-388.5,298.0,686.5,0.3333333333333333,-32.375,-41.375,0.4340859431900947,-481.375,-5.569300537208241,-8.457946960321204,-0.8070631004933784,70.83333333333333,95.5,1.0,0.0,0.5,0.0,53,0.4774774774774775,1,5.513207547169811,2.5,require_no_stop_zone_touch_before_entry_sm0p75_tm2p00_d30_stop_zone_0p75,MNQ,1min,next_execution_bar_open,next_execution_bar,stop_first,0.75,2.0,30,require_no_stop_zone_touch_before_entry,stop_zone_0p75,"{""stop_zone_fraction"": 0.75}"
50,-235.1750000000029,2520.449999999997,2755.625,0.3,-4.703500000000059,-48.5625,0.914656384667724,-1345.375,-0.528896409567265,-1.4293504144619524,-0.17480256434079933,53.64,30.5,0.94,0.02,0.26,0.04,29,0.26126126126126126,1,22.971698113207548,2.5,require_no_stop_zone_touch_before_entry_sm0p75_tm2p00_d5_stop_zone_1p00,MNQ,1min,next_execution_bar_open,next_execution_bar,stop_first,0.75,2.0,5,require_no_stop_zone_touch_before_entry,stop_zone_1p00,"{""stop_zone_fraction"": 1.0}"
37,-674.1750000000029,1820.449999999997,2494.625,0.2972972972972973,-18.220945945946024,-58.875,0.7297489602645677,-1547.375,-1.967121730022892,-4.097088488369129,-0.4356894741093807,61.432432432432435,60.0,0.9459459459459459,0.02702702702702703,0.32432432432432434,0.02702702702702703,45,0.40540540540540543,1,16.999056603773585,2.5,require_no_stop_zone_touch_before_entry_sm0p75_tm2p00_d15_stop_zone_1p00,MNQ,1min,next_execution_bar_open,next_execution_bar,stop_first,0.75,2.0,15,require_no_stop_zone_touch_before_entry,stop_zone_1p00,"{""stop_zone_fraction"": 1.0}"
25,-1080.375,641.0,1721.375,0.32,-43.215,-45.75,0.37237673371577956,-1334.625,-6.5179829315503,-9.26005976122643,-0.8094970497330711,69.84,71.0,1.0,0.0,0.44,0.0,40,0.36036036036036034,1,11.485849056603774,2.5,require_no_stop_zone_touch_before_entry_sm0p75_tm2p00_d30_stop_zone_1p00,MNQ,1min,next_execution_bar_open,next_execution_bar,stop_first,0.75,2.0,30,require_no_stop_zone_touch_before_entry,stop_zone_1p00,"{""stop_zone_fraction"": 1.0}"
48,140.6999999999971,2697.949999999997,2557.25,0.3333333333333333,2.9312499999999395,-37.6875,1.055020041059731,-1122.625,0.313357702495397,0.845194035612741,0.12533125487139257,54.75,28.5,0.9375,0.020833333333333332,0.2916666666666667,0.041666666666666664,31,0.27927927927927926,1,22.052830188679245,2.5,require_micro_momentum_confirmation_sm0p75_tm2p00_d5_momentum_w5_close_vs_window_open,MNQ,1min,next_execution_bar_open,next_execution_bar,stop_first,0.75,2.0,5,require_micro_momentum_confirmation,momentum_w5_close_vs_window_open,"{""confirmation_window_minutes"": 5, ""mode"": ""close_vs_window_open""}"
61,-66.10000000000582,3833.149999999994,3899.25,0.26229508196721313,-1.0836065573771445,-37.875,0.983048022055522,-1363.0,-0.1023681304385385,-0.25793037751562314,-0.048495964783569934,52.868852459016395,30.0,0.9508196721311475,0.03278688524590164,0.2786885245901639,0.01639344262295082,21,0.1891891891891892,1,28.025471698113208,2.5,require_micro_momentum_confirmation_sm0p75_tm2p00_d15_momentum_w5_close_vs_window_open,MNQ,1min,next_execution_bar_open,next_execution_bar,stop_first,0.75,2.0,15,require_micro_momentum_confirmation,momentum_w5_close_vs_window_open,"{""confirmation_window_minutes"": 5, ""mode"": ""close_vs_window_open""}"
49,-214.4250000000029,2487.949999999997,2702.375,0.32653061224489793,-4.376020408163325,-38.25,0.9206531291919134,-1457.875,-0.5071696762562184,-1.2618175573040684,-0.14708051101775044,57.44897959183673,33.0,0.9387755102040817,0.02040816326530612,0.2857142857142857,0.04081632653061224,30,0.2702702702702703,1,22.512264150943395,2.5,require_micro_momentum_confirmation_sm0p75_tm2p00_d5_momentum_w5_close_vs_local_mid,MNQ,1min,next_execution_bar_open,next_execution_bar,stop_first,0.75,2.0,5,require_micro_momentum_confirmation,momentum_w5_close_vs_local_mid,"{""confirmation_window_minutes"": 5, ""mode"": ""close_vs_local_mid""}"
61,-334.7250000000058,3520.649999999994,3855.375,0.26229508196721313,-5.487295081967309,-37.875,0.9131796517848443,-1873.125,-0.5365642251488125,-1.2946346215363682,-0.1786986986987018,50.278688524590166,19.0,0.9344262295081968,0.03278688524590164,0.26229508196721313,0.03278688524590164,21,0.1891891891891892,1,28.025471698113208,2.5,require_micro_momentum_confirmation_sm0p75_tm2p00_d15_momentum_w5_close_vs_local_mid,MNQ,1min,next_execution_bar_open,next_execution_bar,stop_first,0.75,2.0,15,require_micro_momentum_confirmation,momentum_w5_close_vs_local_mid,"{""confirmation_window_minutes"": 5, ""mode"": ""close_vs_local_mid""}"
61,-66.10000000000582,3833.149999999994,3899.25,0.26229508196721313,-1.0836065573771445,-37.875,0.983048022055522,-1363.0,-0.1023681304385385,-0.25793037751562314,-0.048495964783569934,52.868852459016395,30.0,0.9508196721311475,0.03278688524590164,0.2786885245901639,0.01639344262295082,21,0.1891891891891892,1,28.025471698113208,2.5,require_micro_momentum_confirmation_sm0p75_tm2p00_d15_momentum_w10_close_vs_window_open,MNQ,1min,next_execution_bar_open,next_execution_bar,stop_first,0.75,2.0,15,require_micro_momentum_confirmation,momentum_w10_close_vs_window_open,"{""confirmation_window_minutes"": 10, ""mode"": ""close_vs_window_open""}"
61,-12.22500000000582,3837.149999999994,3849.375,0.2786885245901639,-0.2004098360656692,-37.875,0.9968241597661943,-1556.625,-0.019012414760520097,-0.04753652568896006,-0.007853529270059148,52.22950819672131,22.0,0.9344262295081968,0.03278688524590164,0.2786885245901639,0.03278688524590164,21,0.1891891891891892,1,28.025471698113208,2.5,require_micro_momentum_confirmation_sm0p75_tm2p00_d15_momentum_w10_close_vs_local_mid,MNQ,1min,next_execution_bar_open,next_execution_bar,stop_first,0.75,2.0,15,require_micro_momentum_confirmation,momentum_w10_close_vs_local_mid,"{""confirmation_window_minutes"": 10, ""mode"": ""close_vs_local_mid""}"
61,-66.10000000000582,3833.149999999994,3899.25,0.26229508196721313,-1.0836065573771445,-37.875,0.983048022055522,-1363.0,-0.1023681304385385,-0.25793037751562314,-0.048495964783569934,52.868852459016395,30.0,0.9508196721311475,0.03278688524590164,0.2786885245901639,0.01639344262295082,21,0.1891891891891892,1,28.025471698113208,2.5,require_micro_momentum_confirmation_sm0p75_tm2p00_d15_momentum_w15_close_vs_window_open,MNQ,1min,next_execution_bar_open,next_execution_bar,stop_first,0.75,2.0,15,require_micro_momentum_confirmation,momentum_w15_close_vs_window_open,"{""confirmation_window_minutes"": 15, ""mode"": ""close_vs_window_open""}"
64,-86.47500000000582,3837.149999999994,3923.625,0.265625,-1.351171875000091,-30.375,0.9779604319984693,-1614.375,-0.13117453395883336,-0.3217322003200584,-0.053565621370503025,49.828125,18.5,0.9375,0.03125,0.265625,0.03125,18,0.16216216216216217,1,29.40377358490566,2.5,require_micro_momentum_confirmation_sm0p75_tm2p00_d15_momentum_w15_close_vs_local_mid,MNQ,1min,next_execution_bar_open,next_execution_bar,stop_first,0.75,2.0,15,require_micro_momentum_confirmation,momentum_w15_close_vs_local_mid,"{""confirmation_window_minutes"": 15, ""mode"": ""close_vs_local_mid""}"
7,-396.25,125.5,521.75,0.42857142857142855,-56.607142857142854,-71.0,0.24053665548634404,-162.125,-9.018557204892845,-14.15938054118007,-2.444101773323053,91.71428571428571,120.0,1.0,0.0,0.5714285714285714,0.0,72,0.6486486486486487,1,3.2160377358490564,2.5,avoid_high_noise_first_5min_sm0p75_tm2p00_d5_noise_w5_r0p50,MNQ,1min,next_execution_bar_open,next_execution_bar,stop_first,0.75,2.0,5,avoid_high_noise_first_5min,noise_w5_r0p50,"{""max_range_to_stop_distance"": 0.5, ""noise_window_minutes"": 5}"
12,-18.17500000000291,864.4499999999971,882.625,0.5,-1.5145833333335759,-43.5,0.9794080158617726,-656.75,-0.13401787322185438,-0.3675459303883506,-0.027674153026270135,81.16666666666667,109.0,0.9166666666666666,0.08333333333333333,0.5,0.0,71,0.6396396396396397,1,5.513207547169811,2.5,avoid_high_noise_first_5min_sm0p75_tm2p00_d10_noise_w5_r0p50,MNQ,1min,next_execution_bar_open,next_execution_bar,stop_first,0.75,2.0,10,avoid_high_noise_first_5min,noise_w5_r0p50,"{""max_range_to_stop_distance"": 0.5, ""noise_window_minutes"": 5}"
19,-315.9250000000029,1060.449999999997,1376.375,0.42105263157894735,-16.627631578947522,-80.625,0.770465897738623,-1110.375,-1.7494453010442577,-5.026904625751936,-0.28452099515929563,69.63157894736842,73.0,0.8947368421052632,0.05263157894736842,0.3684210526315789,0.05263157894736842,60,0.5405405405405406,1,8.729245283018868,2.5,avoid_high_noise_first_5min_sm0p75_tm2p00_d5_noise_w5_r0p75,MNQ,1min,next_execution_bar_open,next_execution_bar,stop_first,0.75,2.0,5,avoid_high_noise_first_5min,noise_w5_r0p75,"{""max_range_to_stop_distance"": 0.75, ""noise_window_minutes"": 5}"
22,-1097.425000000003,907.9499999999971,2005.375,0.3181818181818182,-49.88295454545468,-100.125,0.45275821230443036,-1249.5,-5.27733407386281,-13.806777478172256,-0.878291316526613,67.22727272727273,76.5,0.9545454545454546,0.045454545454545456,0.3181818181818182,0.0,61,0.5495495495495496,1,10.10754716981132,2.5,avoid_high_noise_first_5min_sm0p75_tm2p00_d10_noise_w5_r0p75,MNQ,1min,next_execution_bar_open,next_execution_bar,stop_first,0.75,2.0,10,avoid_high_noise_first_5min,noise_w5_r0p75,"{""max_range_to_stop_distance"": 0.75, ""noise_window_minutes"": 5}"
30,-536.3000000000029,1537.949999999997,2074.25,0.4,-17.876666666666765,-78.5625,0.741448716403518,-1164.5,-2.0587734043362067,-5.830490547926552,-0.4605410047230596,69.56666666666666,77.0,0.9333333333333333,0.03333333333333333,0.36666666666666664,0.03333333333333333,49,0.44144144144144143,1,13.783018867924527,2.5,avoid_high_noise_first_5min_sm0p75_tm2p00_d5_noise_w5_r1p00,MNQ,1min,next_execution_bar_open,next_execution_bar,stop_first,0.75,2.0,5,avoid_high_noise_first_5min,noise_w5_r1p00,"{""max_range_to_stop_distance"": 1.0, ""noise_window_minutes"": 5}"
37,-20.05000000000291,2577.449999999997,2597.5,0.43243243243243246,-0.5418918918919705,-87.0,0.9922810394610191,-720.75,-0.05235364457163426,-0.1591943007185274,-0.027818244883805635,71.56756756756756,85.0,0.9459459459459459,0.02702702702702703,0.40540540540540543,0.02702702702702703,46,0.4144144144144144,1,16.999056603773585,2.5,avoid_high_noise_first_5min_sm0p75_tm2p00_d10_noise_w5_r1p00,MNQ,1min,next_execution_bar_open,next_execution_bar,stop_first,0.75,2.0,10,avoid_high_noise_first_5min,noise_w5_r1p00,"{""max_range_to_stop_distance"": 1.0, ""noise_window_minutes"": 5}"
34,-861.0500000000029,1537.949999999997,2399.0,0.35294117647058826,-25.325000000000085,-77.8125,0.6410796165068766,-1489.25,-3.0534013733690544,-8.29421056811396,-0.5781769346986758,62.911764705882355,58.5,0.9411764705882353,0.029411764705882353,0.3235294117647059,0.029411764705882353,45,0.40540540540540543,1,15.620754716981132,2.5,avoid_high_noise_first_5min_sm0p75_tm2p00_d5_noise_w5_r1p25,MNQ,1min,next_execution_bar_open,next_execution_bar,stop_first,0.75,2.0,5,avoid_high_noise_first_5min,noise_w5_r1p25,"{""max_range_to_stop_distance"": 1.25, ""noise_window_minutes"": 5}"
42,-475.4250000000029,2577.449999999997,3052.875,0.38095238095238093,-11.319642857142927,-79.6875,0.8442697457314816,-1001.75,-1.1402002445152015,-3.3739530132539226,-0.4745944596955357,70.23809523809524,80.5,0.9523809523809523,0.023809523809523808,0.38095238095238093,0.023809523809523808,41,0.36936936936936937,1,19.29622641509434,2.5,avoid_high_noise_first_5min_sm0p75_tm2p00_d10_noise_w5_r1p25,MNQ,1min,next_execution_bar_open,next_execution_bar,stop_first,0.75,2.0,10,avoid_high_noise_first_5min,noise_w5_r1p25,"{""max_range_to_stop_distance"": 1.25, ""noise_window_minutes"": 5}"
2,-62.0,36.5,98.5,0.5,-31.0,-31.0,0.37055837563451777,0.0,-7.290514723822428,,,120.0,120.0,1.0,0.0,1.0,0.0,82,0.7387387387387387,0,0.9188679245283019,2.5,avoid_high_noise_first_5min_sm0p75_tm2p00_d10_noise_w10_r0p50,MNQ,1min,next_execution_bar_open,next_execution_bar,stop_first,0.75,2.0,10,avoid_high_noise_first_5min,noise_w10_r0p50,"{""max_range_to_stop_distance"": 0.5, ""noise_window_minutes"": 10}"
10,-850.625,105.5,956.125,0.3,-85.0625,-98.75,0.11034122107465028,-758.0,-14.057627529623328,-20.886666112172755,-1.1221965699208443,73.0,83.0,1.0,0.0,0.4,0.0,73,0.6576576576576577,1,4.59433962264151,2.5,avoid_high_noise_first_5min_sm0p75_tm2p00_d10_noise_w10_r0p75,MNQ,1min,next_execution_bar_open,next_execution_bar,stop_first,0.75,2.0,10,avoid_high_noise_first_5min,noise_w10_r0p75,"{""max_range_to_stop_distance"": 0.75, ""noise_window_minutes"": 10}"
24,-666.3000000000029,1307.949999999997,1974.25,0.375,-27.76250000000012,-98.75,0.6625047486387221,-1231.0,-2.730753187892367,-7.592227300491217,-0.5412672623883046,70.20833333333333,80.5,0.9583333333333334,0.041666666666666664,0.375,0.0,59,0.5315315315315315,1,11.026415094339622,2.5,avoid_high_noise_first_5min_sm0p75_tm2p00_d10_noise_w10_r1p00,MNQ,1min,next_execution_bar_open,next_execution_bar,stop_first,0.75,2.0,10,avoid_high_noise_first_5min,noise_w10_r1p00,"{""max_range_to_stop_distance"": 1.0, ""noise_window_minutes"": 10}"
30,-762.1750000000029,1554.449999999997,2316.625,0.36666666666666664,-25.40583333333343,-95.5625,0.6709976798143839,-1204.375,-2.6637005627814583,-7.167319948436476,-0.6328386092371586,72.66666666666667,86.0,0.9666666666666667,0.03333333333333333,0.36666666666666664,0.0,53,0.4774774774774775,1,13.783018867924527,2.5,avoid_high_noise_first_5min_sm0p75_tm2p00_d10_noise_w10_r1p25,MNQ,1min,next_execution_bar_open,next_execution_bar,stop_first,0.75,2.0,10,avoid_high_noise_first_5min,noise_w10_r1p25,"{""max_range_to_stop_distance"": 1.25, ""noise_window_minutes"": 10}"
8,-87.0,176.0,263.0,0.25,-10.875,-35.4375,0.6692015209125475,-170.625,-2.4714784343106504,-8.80732826203772,-0.5098901098901099,52.0,25.0,1.0,0.0,0.375,0.0,71,0.6396396396396397,1,3.6754716981132076,2.5,avoid_immediate_adverse_move_sm0p75_tm2p50_d5_adverse_w5_ticks8,MNQ,1min,next_execution_bar_open,next_execution_bar,stop_first,0.75,2.5,5,avoid_immediate_adverse_move,adverse_w5_ticks8,"{""adverse_window_minutes"": 5, ""max_adverse_ticks"": 8}"
8,170.75,497.0,326.25,0.25,21.34375,-21.0625,1.5233716475095787,-139.125,2.1824141991637,8.461481091385425,1.2273135669362085,73.625,95.0,1.0,0.0,0.5,0.0,74,0.6666666666666666,1,3.6754716981132076,2.5,avoid_immediate_adverse_move_sm0p75_tm2p50_d15_adverse_w5_ticks8,MNQ,1min,next_execution_bar_open,next_execution_bar,stop_first,0.75,2.5,15,avoid_immediate_adverse_move,adverse_w5_ticks8,"{""adverse_window_minutes"": 5, ""max_adverse_ticks"": 8}"
13,324.25,861.0,536.75,0.3076923076923077,24.942307692307693,-49.5,1.6040987424312996,-302.25,2.524325162594211,14.371650033173017,1.0727874276261373,61.30769230769231,40.0,1.0,0.0,0.38461538461538464,0.0,66,0.5945945945945946,1,5.972641509433962,2.5,avoid_immediate_adverse_move_sm0p75_tm2p50_d5_adverse_w5_ticks12,MNQ,1min,next_execution_bar_open,next_execution_bar,stop_first,0.75,2.5,5,avoid_immediate_adverse_move,adverse_w5_ticks12,"{""adverse_window_minutes"": 5, ""max_adverse_ticks"": 12}"
13,479.5,1162.0,682.5,0.3076923076923077,36.88461538461539,-25.125,1.7025641025641025,-318.75,3.013299051521983,12.04668625843461,1.5043137254901962,72.07692307692308,90.0,1.0,0.0,0.46153846153846156,0.0,69,0.6216216216216216,1,5.972641509433962,2.5,avoid_immediate_adverse_move_sm0p75_tm2p50_d15_adverse_w5_ticks12,MNQ,1min,next_execution_bar_open,next_execution_bar,stop_first,0.75,2.5,15,avoid_immediate_adverse_move,adverse_w5_ticks12,"{""adverse_window_minutes"": 5, ""max_adverse_ticks"": 12}"
14,307.75,861.0,553.25,0.2857142857142857,21.982142857142858,-35.4375,1.5562584726615454,-302.25,2.3029842361627217,11.964745321048154,1.0181968569065343,57.214285714285715,32.0,1.0,0.0,0.35714285714285715,0.0,65,0.5855855855855856,1,6.432075471698113,2.5,avoid_immediate_adverse_move_sm0p75_tm2p50_d5_adverse_w5_ticks16,MNQ,1min,next_execution_bar_open,next_execution_bar,stop_first,0.75,2.5,5,avoid_immediate_adverse_move,adverse_w5_ticks16,"{""adverse_window_minutes"": 5, ""max_adverse_ticks"": 16}"
13,479.5,1162.0,682.5,0.3076923076923077,36.88461538461539,-25.125,1.7025641025641025,-318.75,3.013299051521983,12.04668625843461,1.5043137254901962,72.07692307692308,90.0,1.0,0.0,0.46153846153846156,0.0,69,0.6216216216216216,1,5.972641509433962,2.5,avoid_immediate_adverse_move_sm0p75_tm2p50_d15_adverse_w5_ticks16,MNQ,1min,next_execution_bar_open,next_execution_bar,stop_first,0.75,2.5,15,avoid_immediate_adverse_move,adverse_w5_ticks16,"{""adverse_window_minutes"": 5, ""max_adverse_ticks"": 16}"
20,-224.75,880.5,1105.25,0.25,-11.2375,-51.1875,0.7966523410992988,-818.25,-1.2472176190640791,-3.421343470405331,-0.2746715551481821,52.45,28.5,1.0,0.0,0.3,0.0,59,0.5315315315315315,1,9.18867924528302,2.5,avoid_immediate_adverse_move_sm0p75_tm2p50_d5_adverse_w5_ticks24,MNQ,1min,next_execution_bar_open,next_execution_bar,stop_first,0.75,2.5,5,avoid_immediate_adverse_move,adverse_w5_ticks24,"{""adverse_window_minutes"": 5, ""max_adverse_ticks"": 24}"
19,515.125,1663.5,1148.375,0.2631578947368421,27.111842105263158,-25.125,1.4485686295852835,-582.0,2.0590295425113974,6.422028212460733,0.885094501718213,66.94736842105263,70.0,1.0,0.0,0.42105263157894735,0.0,63,0.5675675675675675,1,8.729245283018868,2.5,avoid_immediate_adverse_move_sm0p75_tm2p50_d15_adverse_w5_ticks24,MNQ,1min,next_execution_bar_open,next_execution_bar,stop_first,0.75,2.5,15,avoid_immediate_adverse_move,adverse_w5_ticks24,"{""adverse_window_minutes"": 5, ""max_adverse_ticks"": 24}"
6,-212.25,97.5,309.75,0.16666666666666666,-35.375,-37.875,0.31476997578692495,-161.625,-8.06547366723164,-14.128358697831716,-1.3132250580046403,78.0,95.0,1.0,0.0,0.5,0.0,76,0.6846846846846847,1,2.7566037735849056,2.5,avoid_immediate_adverse_move_sm0p75_tm2p50_d15_adverse_w10_ticks8,MNQ,1min,next_execution_bar_open,next_execution_bar,stop_first,0.75,2.5,15,avoid_immediate_adverse_move,adverse_w10_ticks8,"{""adverse_window_minutes"": 10, ""max_adverse_ticks"": 8}"
11,96.5,762.5,666.0,0.2727272727272727,8.772727272727273,-50.625,1.144894894894895,-492.75,0.7831680546402593,2.994618777488593,0.19583967529173008,74.18181818181819,90.0,1.0,0.0,0.45454545454545453,0.0,71,0.6396396396396397,1,5.05377358490566,2.5,avoid_immediate_adverse_move_sm0p75_tm2p50_d15_adverse_w10_ticks12,MNQ,1min,next_execution_bar_open,next_execution_bar,stop_first,0.75,2.5,15,avoid_immediate_adverse_move,adverse_w10_ticks12,"{""adverse_window_minutes"": 10, ""max_adverse_ticks"": 12}"
11,96.5,762.5,666.0,0.2727272727272727,8.772727272727273,-50.625,1.144894894894895,-492.75,0.7831680546402593,2.994618777488593,0.19583967529173008,74.18181818181819,90.0,1.0,0.0,0.45454545454545453,0.0,71,0.6396396396396397,1,5.05377358490566,2.5,avoid_immediate_adverse_move_sm0p75_tm2p50_d15_adverse_w10_ticks16,MNQ,1min,next_execution_bar_open,next_execution_bar,stop_first,0.75,2.5,15,avoid_immediate_adverse_move,adverse_w10_ticks16,"{""adverse_window_minutes"": 10, ""max_adverse_ticks"": 16}"
13,521.875,1264.0,742.125,0.3076923076923077,40.14423076923077,-50.625,1.7032171130200437,-348.75,3.004088433456258,14.515790493072341,1.496415770609319,76.84615384615384,90.0,1.0,0.0,0.46153846153846156,0.0,69,0.6216216216216216,1,5.972641509433962,2.5,avoid_immediate_adverse_move_sm0p75_tm2p50_d15_adverse_w10_ticks24,MNQ,1min,next_execution_bar_open,next_execution_bar,stop_first,0.75,2.5,15,avoid_immediate_adverse_move,adverse_w10_ticks24,"{""adverse_window_minutes"": 10, ""max_adverse_ticks"": 24}"
5,-187.125,97.5,284.625,0.2,-37.425,-50.625,0.3425559947299078,-136.5,-7.80634779693665,-15.085325189138073,-1.370879120879121,92.0,120.0,1.0,0.0,0.6,0.0,77,0.6936936936936937,1,2.297169811320755,2.5,avoid_immediate_adverse_move_sm0p75_tm2p50_d15_adverse_w15_ticks8,MNQ,1min,next_execution_bar_open,next_execution_bar,stop_first,0.75,2.5,15,avoid_immediate_adverse_move,adverse_w15_ticks8,"{""adverse_window_minutes"": 15, ""max_adverse_ticks"": 8}"
10,121.625,762.5,640.875,0.3,12.1625,-63.5625,1.1897795982055783,-492.75,1.0371400150662737,4.406274728457231,0.24682902080162353,80.8,105.0,1.0,0.0,0.5,0.0,72,0.6486486486486487,1,4.59433962264151,2.5,avoid_immediate_adverse_move_sm0p75_tm2p50_d15_adverse_w15_ticks12,MNQ,1min,next_execution_bar_open,next_execution_bar,stop_first,0.75,2.5,15,avoid_immediate_adverse_move,adverse_w15_ticks12,"{""adverse_window_minutes"": 15, ""max_adverse_ticks"": 12}"
10,121.625,762.5,640.875,0.3,12.1625,-63.5625,1.1897795982055783,-492.75,1.0371400150662737,4.406274728457231,0.24682902080162353,80.8,105.0,1.0,0.0,0.5,0.0,72,0.6486486486486487,1,4.59433962264151,2.5,avoid_immediate_adverse_move_sm0p75_tm2p50_d15_adverse_w15_ticks16,MNQ,1min,next_execution_bar_open,next_execution_bar,stop_first,0.75,2.5,15,avoid_immediate_adverse_move,adverse_w15_ticks16,"{""adverse_window_minutes"": 15, ""max_adverse_ticks"": 16}"
12,547.0,1264.0,717.0,0.3333333333333333,45.583333333333336,-63.375,1.7629009762900976,-348.75,3.290291966411758,17.519082914969182,1.5684587813620072,82.58333333333333,105.0,1.0,0.0,0.5,0.0,70,0.6306306306306306,1,5.513207547169811,2.5,avoid_immediate_adverse_move_sm0p75_tm2p50_d15_adverse_w15_ticks24,MNQ,1min,next_execution_bar_open,next_execution_bar,stop_first,0.75,2.5,15,avoid_immediate_adverse_move,adverse_w15_ticks24,"{""adverse_window_minutes"": 15, ""max_adverse_ticks"": 24}"
29,-1097.875,785.5,1883.375,0.2413793103448276,-37.85775862068966,-53.625,0.41707041879604434,-1109.625,-5.05869240996899,-10.728861470776152,-0.9894108369944801,55.275862068965516,34.0,0.9655172413793104,0.0,0.2413793103448276,0.034482758620689655,50,0.45045045045045046,1,13.323584905660377,2.5,require_no_stop_zone_touch_before_entry_sm0p75_tm2p50_d5_stop_zone_0p50,MNQ,1min,next_execution_bar_open,next_execution_bar,stop_first,0.75,2.5,5,require_no_stop_zone_touch_before_entry,stop_zone_0p50,"{""stop_zone_fraction"": 0.5}"
11,-796.0,69.5,865.5,0.09090909090909091,-72.36363636363636,-71.625,0.0803004043905257,-778.125,-14.55693627088964,-16.870819384289135,-1.0229718875502007,46.36363636363637,10.0,1.0,0.0,0.2727272727272727,0.0,71,0.6396396396396397,1,5.05377358490566,2.5,require_no_stop_zone_touch_before_entry_sm0p75_tm2p50_d15_stop_zone_0p50,MNQ,1min,next_execution_bar_open,next_execution_bar,stop_first,0.75,2.5,15,require_no_stop_zone_touch_before_entry,stop_zone_0p50,"{""stop_zone_fraction"": 0.5}"
4,-219.5,65.5,285.0,0.25,-54.875,-65.625,0.22982456140350876,-75.75,-11.084951465050242,-20.565934803791283,-2.897689768976898,69.75,78.0,1.0,0.0,0.5,0.0,62,0.5585585585585585,0,1.8377358490566038,2.5,require_no_stop_zone_touch_before_entry_sm0p75_tm2p50_d30_stop_zone_0p50,MNQ,1min,next_execution_bar_open,next_execution_bar,stop_first,0.75,2.5,30,require_no_stop_zone_touch_before_entry,stop_zone_0p50,"{""stop_zone_fraction"": 0.5}"
42,-844.5,1715.0,2559.5,0.2619047619047619,-20.107142857142858,-52.3125,0.6700527446766946,-1329.125,-2.377769918267043,-6.016222458233887,-0.6353804194488856,54.30952380952381,33.5,0.9761904761904762,0.0,0.2619047619047619,0.023809523809523808,37,0.3333333333333333,1,19.29622641509434,2.5,require_no_stop_zone_touch_before_entry_sm0p75_tm2p50_d5_stop_zone_0p75,MNQ,1min,next_execution_bar_open,next_execution_bar,stop_first,0.75,2.5,5,require_no_stop_zone_touch_before_entry,stop_zone_0p75,"{""stop_zone_fraction"": 0.75}"
24,-988.625,699.0,1687.625,0.25,-41.192708333333336,-61.875,0.4141915413673061,-1084.0,-5.757850943182387,-8.89982460124013,-0.9120156826568265,57.583333333333336,45.0,0.9583333333333334,0.0,0.3333333333333333,0.041666666666666664,58,0.5225225225225225,1,11.026415094339622,2.5,require_no_stop_zone_touch_before_entry_sm0p75_tm2p50_d15_stop_zone_0p75,MNQ,1min,next_execution_bar_open,next_execution_bar,stop_first,0.75,2.5,15,require_no_stop_zone_touch_before_entry,stop_zone_0p75,"{""stop_zone_fraction"": 0.75}"
12,-388.5,298.0,686.5,0.3333333333333333,-32.375,-41.375,0.4340859431900947,-481.375,-5.569300537208241,-8.457946960321204,-0.8070631004933784,70.83333333333333,95.5,1.0,0.0,0.5,0.0,53,0.4774774774774775,1,5.513207547169811,2.5,require_no_stop_zone_touch_before_entry_sm0p75_tm2p50_d30_stop_zone_0p75,MNQ,1min,next_execution_bar_open,next_execution_bar,stop_first,0.75,2.5,30,require_no_stop_zone_touch_before_entry,stop_zone_0p75,"{""stop_zone_fraction"": 0.75}"
50,-183.125,2572.5,2755.625,0.3,-3.6625,-48.5625,0.933545021546836,-1345.375,-0.40449790765640387,-1.1130000835477487,-0.13611446622688841,54.18,30.5,0.96,0.0,0.28,0.04,29,0.26126126126126126,1,22.971698113207548,2.5,require_no_stop_zone_touch_before_entry_sm0p75_tm2p50_d5_stop_zone_1p00,MNQ,1min,next_execution_bar_open,next_execution_bar,stop_first,0.75,2.5,5,require_no_stop_zone_touch_before_entry,stop_zone_1p00,"{""stop_zone_fraction"": 1.0}"
37,-591.5625,1903.0625,2494.625,0.2972972972972973,-15.988175675675675,-58.875,0.7628651600942026,-1547.375,-1.6627359821217518,-3.595036761821267,-0.38230067049034655,62.054054054054056,60.0,0.9459459459459459,0.02702702702702703,0.32432432432432434,0.02702702702702703,45,0.40540540540540543,1,16.999056603773585,2.5,require_no_stop_zone_touch_before_entry_sm0p75_tm2p50_d15_stop_zone_1p00,MNQ,1min,next_execution_bar_open,next_execution_bar,stop_first,0.75,2.5,15,require_no_stop_zone_touch_before_entry,stop_zone_1p00,"{""stop_zone_fraction"": 1.0}"
25,-1080.375,641.0,1721.375,0.32,-43.215,-45.75,0.37237673371577956,-1334.625,-6.5179829315503,-9.26005976122643,-0.8094970497330711,69.84,71.0,1.0,0.0,0.44,0.0,40,0.36036036036036034,1,11.485849056603774,2.5,require_no_stop_zone_touch_before_entry_sm0p75_tm2p50_d30_stop_zone_1p00,MNQ,1min,next_execution_bar_open,next_execution_bar,stop_first,0.75,2.5,30,require_no_stop_zone_touch_before_entry,stop_zone_1p00,"{""stop_zone_fraction"": 1.0}"
48,192.75,2750.0,2557.25,0.3333333333333333,4.015625,-37.6875,1.0753739368462216,-1122.625,0.4220768106156623,1.1578617652051115,0.17169580224919273,55.3125,28.5,0.9583333333333334,0.0,0.3125,0.041666666666666664,31,0.27927927927927926,1,22.052830188679245,2.5,require_micro_momentum_confirmation_sm0p75_tm2p50_d5_momentum_w5_close_vs_window_open,MNQ,1min,next_execution_bar_open,next_execution_bar,stop_first,0.75,2.5,5,require_micro_momentum_confirmation,momentum_w5_close_vs_window_open,"{""confirmation_window_minutes"": 5, ""mode"": ""close_vs_window_open""}"
61,89.3125,3988.5625,3899.25,0.26229508196721313,1.464139344262295,-37.875,1.0229050458421491,-1363.0,0.13350230322037637,0.3485084242339193,0.06552641232575201,53.377049180327866,30.0,0.9672131147540983,0.01639344262295082,0.29508196721311475,0.01639344262295082,21,0.1891891891891892,1,28.025471698113208,2.5,require_micro_momentum_confirmation_sm0p75_tm2p50_d15_momentum_w5_close_vs_window_open,MNQ,1min,next_execution_bar_open,next_execution_bar,stop_first,0.75,2.5,15,require_micro_momentum_confirmation,momentum_w5_close_vs_window_open,"{""confirmation_window_minutes"": 5, ""mode"": ""close_vs_window_open""}"
49,-162.375,2540.0,2702.375,0.32653061224489793,-3.313775510204082,-38.25,0.9399139645682039,-1457.875,-0.3766641063846131,-0.9555211652897064,-0.11137786161365,58.0,33.0,0.9591836734693877,0.0,0.30612244897959184,0.04081632653061224,30,0.2702702702702703,1,22.512264150943395,2.5,require_micro_momentum_confirmation_sm0p75_tm2p50_d5_momentum_w5_close_vs_local_mid,MNQ,1min,next_execution_bar_open,next_execution_bar,stop_first,0.75,2.5,5,require_micro_momentum_confirmation,momentum_w5_close_vs_local_mid,"{""confirmation_window_minutes"": 5, ""mode"": ""close_vs_local_mid""}"
61,-179.3125,3676.0625,3855.375,0.26229508196721313,-2.939549180327869,-37.875,0.9534902571085822,-1873.125,-0.2766485466471806,-0.6935369947695451,-0.09572906239572906,50.78688524590164,19.0,0.9508196721311475,0.01639344262295082,0.2786885245901639,0.03278688524590164,21,0.1891891891891892,1,28.025471698113208,2.5,require_micro_momentum_confirmation_sm0p75_tm2p50_d15_momentum_w5_close_vs_local_mid,MNQ,1min,next_execution_bar_open,next_execution_bar,stop_first,0.75,2.5,15,require_micro_momentum_confirmation,momentum_w5_close_vs_local_mid,"{""confirmation_window_minutes"": 5, ""mode"": ""close_vs_local_mid""}"
61,89.3125,3988.5625,3899.25,0.26229508196721313,1.464139344262295,-37.875,1.0229050458421491,-1363.0,0.13350230322037637,0.3485084242339193,0.06552641232575201,53.377049180327866,30.0,0.9672131147540983,0.01639344262295082,0.29508196721311475,0.01639344262295082,21,0.1891891891891892,1,28.025471698113208,2.5,require_micro_momentum_confirmation_sm0p75_tm2p50_d15_momentum_w10_close_vs_window_open,MNQ,1min,next_execution_bar_open,next_execution_bar,stop_first,0.75,2.5,15,require_micro_momentum_confirmation,momentum_w10_close_vs_window_open,"{""confirmation_window_minutes"": 10, ""mode"": ""close_vs_window_open""}"
61,143.1875,3992.5625,3849.375,0.2786885245901639,2.3473360655737703,-37.875,1.037197597012502,-1556.625,0.21488884750147338,0.5567800631562149,0.09198586685939131,52.73770491803279,22.0,0.9508196721311475,0.01639344262295082,0.29508196721311475,0.03278688524590164,21,0.1891891891891892,1,28.025471698113208,2.5,require_micro_momentum_confirmation_sm0p75_tm2p50_d15_momentum_w10_close_vs_local_mid,MNQ,1min,next_execution_bar_open,next_execution_bar,stop_first,0.75,2.5,15,require_micro_momentum_confirmation,momentum_w10_close_vs_local_mid,"{""confirmation_window_minutes"": 10, ""mode"": ""close_vs_local_mid""}"
61,89.3125,3988.5625,3899.25,0.26229508196721313,1.464139344262295,-37.875,1.0229050458421491,-1363.0,0.13350230322037637,0.3485084242339193,0.06552641232575201,53.377049180327866,30.0,0.9672131147540983,0.01639344262295082,0.29508196721311475,0.01639344262295082,21,0.1891891891891892,1,28.025471698113208,2.5,require_micro_momentum_confirmation_sm0p75_tm2p50_d15_momentum_w15_close_vs_window_open,MNQ,1min,next_execution_bar_open,next_execution_bar,stop_first,0.75,2.5,15,require_micro_momentum_confirmation,momentum_w15_close_vs_window_open,"{""confirmation_window_minutes"": 15, ""mode"": ""close_vs_window_open""}"
64,68.9375,3992.5625,3923.625,0.265625,1.0771484375,-30.375,1.0175698493102678,-1614.375,0.10090356382994654,0.25648353350173503,0.0427022841656988,50.3125,18.5,0.953125,0.015625,0.28125,0.03125,18,0.16216216216216217,1,29.40377358490566,2.5,require_micro_momentum_confirmation_sm0p75_tm2p50_d15_momentum_w15_close_vs_local_mid,MNQ,1min,next_execution_bar_open,next_execution_bar,stop_first,0.75,2.5,15,require_micro_momentum_confirmation,momentum_w15_close_vs_local_mid,"{""confirmation_window_minutes"": 15, ""mode"": ""close_vs_local_mid""}"
7,-396.25,125.5,521.75,0.42857142857142855,-56.607142857142854,-71.0,0.24053665548634404,-162.125,-9.018557204892845,-14.15938054118007,-2.444101773323053,91.71428571428571,120.0,1.0,0.0,0.5714285714285714,0.0,72,0.6486486486486487,1,3.2160377358490564,2.5,avoid_high_noise_first_5min_sm0p75_tm2p50_d5_noise_w5_r0p50,MNQ,1min,next_execution_bar_open,next_execution_bar,stop_first,0.75,2.5,5,avoid_high_noise_first_5min,noise_w5_r0p50,"{""max_range_to_stop_distance"": 0.5, ""noise_window_minutes"": 5}"
12,25.375,908.0,882.625,0.5,2.1145833333333335,-43.5,1.0287494689137515,-656.75,0.1801550598308161,0.5131487198681103,0.03863722877807385,83.0,120.0,1.0,0.0,0.5833333333333334,0.0,71,0.6396396396396397,1,5.513207547169811,2.5,avoid_high_noise_first_5min_sm0p75_tm2p50_d10_noise_w5_r0p50,MNQ,1min,next_execution_bar_open,next_execution_bar,stop_first,0.75,2.5,10,avoid_high_noise_first_5min,noise_w5_r0p50,"{""max_range_to_stop_distance"": 0.5, ""noise_window_minutes"": 5}"
19,-263.875,1112.5,1376.375,0.42105263157894735,-13.888157894736842,-80.625,0.8082826264644446,-1110.375,-1.400397571840476,-4.198700508412692,-0.23764493977259935,71.05263157894737,73.0,0.9473684210526315,0.0,0.42105263157894735,0.05263157894736842,60,0.5405405405405406,1,8.729245283018868,2.5,avoid_high_noise_first_5min_sm0p75_tm2p50_d5_noise_w5_r0p75,MNQ,1min,next_execution_bar_open,next_execution_bar,stop_first,0.75,2.5,5,avoid_high_noise_first_5min,noise_w5_r0p75,"{""max_range_to_stop_distance"": 0.75, ""noise_window_minutes"": 5}"
22,-1053.875,951.5,2005.375,0.3181818181818182,-47.90340909090909,-100.125,0.4744748488437325,-1249.5,-4.89932046518587,-13.258872009302458,-0.84343737494998,68.22727272727273,76.5,1.0,0.0,0.36363636363636365,0.0,61,0.5495495495495496,1,10.10754716981132,2.5,avoid_high_noise_first_5min_sm0p75_tm2p50_d10_noise_w5_r0p75,MNQ,1min,next_execution_bar_open,next_execution_bar,stop_first,0.75,2.5,10,avoid_high_noise_first_5min,noise_w5_r0p75,"{""max_range_to_stop_distance"": 0.75, ""noise_window_minutes"": 5}"
30,-484.25,1590.0,2074.25,0.4,-16.141666666666666,-78.5625,0.7665421236591539,-1164.5,-1.7990927753982429,-5.264618772764157,-0.4158437097466724,70.46666666666667,77.0,0.9666666666666667,0.0,0.4,0.03333333333333333,49,0.44144144144144143,1,13.783018867924527,2.5,avoid_high_noise_first_5min_sm0p75_tm2p50_d5_noise_w5_r1p00,MNQ,1min,next_execution_bar_open,next_execution_bar,stop_first,0.75,2.5,5,avoid_high_noise_first_5min,noise_w5_r1p00,"{""max_range_to_stop_distance"": 1.0, ""noise_window_minutes"": 5}"
37,23.5,2621.0,2597.5,0.43243243243243246,0.6351351351351351,-87.0,1.0090471607314726,-720.75,0.06044881117448859,0.18658683625360853,0.03260492542490461,72.16216216216216,85.0,0.972972972972973,0.0,0.43243243243243246,0.02702702702702703,46,0.4144144144144144,1,16.999056603773585,2.5,avoid_high_noise_first_5min_sm0p75_tm2p50_d10_noise_w5_r1p00,MNQ,1min,next_execution_bar_open,next_execution_bar,stop_first,0.75,2.5,10,avoid_high_noise_first_5min,noise_w5_r1p00,"{""max_range_to_stop_distance"": 1.0, ""noise_window_minutes"": 5}"
34,-809.0,1590.0,2399.0,0.35294117647058826,-23.794117647058822,-77.8125,0.6627761567319717,-1489.25,-2.7775952082091804,-7.7928300907080565,-0.5432264562699345,63.705882352941174,58.5,0.9705882352941176,0.0,0.35294117647058826,0.029411764705882353,45,0.40540540540540543,1,15.620754716981132,2.5,avoid_high_noise_first_5min_sm0p75_tm2p50_d5_noise_w5_r1p25,MNQ,1min,next_execution_bar_open,next_execution_bar,stop_first,0.75,2.5,5,avoid_high_noise_first_5min,noise_w5_r1p25,"{""max_range_to_stop_distance"": 1.25, ""noise_window_minutes"": 5}"
42,-431.875,2621.0,3052.875,0.38095238095238093,-10.282738095238095,-79.6875,0.8585349875117717,-1001.75,-1.0205299822396738,-3.064891323760906,-0.4311205390566509,70.76190476190476,80.5,0.9761904761904762,0.0,0.40476190476190477,0.023809523809523808,41,0.36936936936936937,1,19.29622641509434,2.5,avoid_high_noise_first_5min_sm0p75_tm2p50_d10_noise_w5_r1p25,MNQ,1min,next_execution_bar_open,next_execution_bar,stop_first,0.75,2.5,10,avoid_high_noise_first_5min,noise_w5_r1p25,"{""max_range_to_stop_distance"": 1.25, ""noise_window_minutes"": 5}"
2,-62.0,36.5,98.5,0.5,-31.0,-31.0,0.37055837563451777,0.0,-7.290514723822428,,,120.0,120.0,1.0,0.0,1.0,0.0,82,0.7387387387387387,0,0.9188679245283019,2.5,avoid_high_noise_first_5min_sm0p75_tm2p50_d10_noise_w10_r0p50,MNQ,1min,next_execution_bar_open,next_execution_bar,stop_first,0.75,2.5,10,avoid_high_noise_first_5min,noise_w10_r0p50,"{""max_range_to_stop_distance"": 0.5, ""noise_window_minutes"": 10}"
10,-850.625,105.5,956.125,0.3,-85.0625,-98.75,0.11034122107465028,-758.0,-14.057627529623328,-20.886666112172755,-1.1221965699208443,73.0,83.0,1.0,0.0,0.4,0.0,73,0.6576576576576577,1,4.59433962264151,2.5,avoid_high_noise_first_5min_sm0p75_tm2p50_d10_noise_w10_r0p75,MNQ,1min,next_execution_bar_open,next_execution_bar,stop_first,0.75,2.5,10,avoid_high_noise_first_5min,noise_w10_r0p75,"{""max_range_to_stop_distance"": 0.75, ""noise_window_minutes"": 10}"
24,-622.75,1351.5,1974.25,0.375,-25.947916666666668,-98.75,0.6845637583892618,-1231.0,-2.4879168983187387,-7.095992122738834,-0.5058895207148659,71.125,80.5,1.0,0.0,0.4166666666666667,0.0,59,0.5315315315315315,1,11.026415094339622,2.5,avoid_high_noise_first_5min_sm0p75_tm2p50_d10_noise_w10_r1p00,MNQ,1min,next_execution_bar_open,next_execution_bar,stop_first,0.75,2.5,10,avoid_high_noise_first_5min,noise_w10_r1p00,"{""max_range_to_stop_distance"": 1.0, ""noise_window_minutes"": 10}"
30,-718.625,1598.0,2316.625,0.36666666666666664,-23.954166666666666,-95.5625,0.6897965790751632,-1204.375,-2.4540655933969164,-6.757785676445885,-0.5966787752983913,73.4,86.0,1.0,0.0,0.4,0.0,53,0.4774774774774775,1,13.783018867924527,2.5,avoid_high_noise_first_5min_sm0p75_tm2p50_d10_noise_w10_r1p25,MNQ,1min,next_execution_bar_open,next_execution_bar,stop_first,0.75,2.5,10,avoid_high_noise_first_5min,noise_w10_r1p25,"{""max_range_to_stop_distance"": 1.25, ""noise_window_minutes"": 10}"
8,65.07499999999709,317.5749999999971,252.5,0.375,8.134374999999636,-23.0,1.2577227722772162,-109.5,1.263082193614053,5.680744143377683,0.5942922374428958,68.625,81.0,0.875,0.125,0.375,0.0,71,0.6396396396396397,1,3.6754716981132076,2.5,avoid_immediate_adverse_move_sm1p00_tm1p50_d5_adverse_w5_ticks8,MNQ,1min,next_execution_bar_open,next_execution_bar,stop_first,1.0,1.5,5,avoid_immediate_adverse_move,adverse_w5_ticks8,"{""adverse_window_minutes"": 5, ""max_adverse_ticks"": 8}"
8,242.71250000000146,503.21250000000146,260.5,0.25,30.339062500000182,-20.75,1.9317178502879135,-120.0,3.175840013134654,15.322676723298418,2.022604166666679,79.125,97.0,0.875,0.125,0.5,0.0,74,0.6666666666666666,1,3.6754716981132076,2.5,avoid_immediate_adverse_move_sm1p00_tm1p50_d15_adverse_w5_ticks8,MNQ,1min,next_execution_bar_open,next_execution_bar,stop_first,1.0,1.5,15,avoid_immediate_adverse_move,adverse_w5_ticks8,"{""adverse_window_minutes"": 5, ""max_adverse_ticks"": 8}"
13,575.5625,1071.5625,496.0,0.46153846153846156,44.27403846153846,-18.5,2.1604082661290325,-191.5,4.052595637532478,18.70686957099018,3.0055483028720626,71.84615384615384,84.0,0.7692307692307693,0.23076923076923078,0.3076923076923077,0.0,66,0.5945945945945946,1,5.972641509433962,2.5,avoid_immediate_adverse_move_sm1p00_tm1p50_d5_adverse_w5_ticks12,MNQ,1min,next_execution_bar_open,next_execution_bar,stop_first,1.0,1.5,5,avoid_immediate_adverse_move,adverse_w5_ticks12,"{""adverse_window_minutes"": 5, ""max_adverse_ticks"": 12}"
13,676.7000000000044,1231.2000000000044,554.5,0.3076923076923077,52.05384615384649,-21.0,2.2203787195671856,-281.0,4.233672135708127,17.433299742149234,2.4081850533807985,75.23076923076923,74.0,0.7692307692307693,0.23076923076923078,0.38461538461538464,0.0,69,0.6216216216216216,1,5.972641509433962,2.5,avoid_immediate_adverse_move_sm1p00_tm1p50_d15_adverse_w5_ticks12,MNQ,1min,next_execution_bar_open,next_execution_bar,stop_first,1.0,1.5,15,avoid_immediate_adverse_move,adverse_w5_ticks12,"{""adverse_window_minutes"": 5, ""max_adverse_ticks"": 12}"
14,554.5625,1071.5625,517.0,0.42857142857142855,39.611607142857146,-19.75,2.072654738878143,-191.5,3.7438009850968763,16.198259749380068,2.89588772845953,67.0,81.0,0.7857142857142857,0.21428571428571427,0.2857142857142857,0.0,65,0.5855855855855856,1,6.432075471698113,2.5,avoid_immediate_adverse_move_sm1p00_tm1p50_d5_adverse_w5_ticks16,MNQ,1min,next_execution_bar_open,next_execution_bar,stop_first,1.0,1.5,5,avoid_immediate_adverse_move,adverse_w5_ticks16,"{""adverse_window_minutes"": 5, ""max_adverse_ticks"": 16}"
13,676.7000000000044,1231.2000000000044,554.5,0.3076923076923077,52.05384615384649,-21.0,2.2203787195671856,-281.0,4.233672135708127,17.433299742149234,2.4081850533807985,75.23076923076923,74.0,0.7692307692307693,0.23076923076923078,0.38461538461538464,0.0,69,0.6216216216216216,1,5.972641509433962,2.5,avoid_immediate_adverse_move_sm1p00_tm1p50_d15_adverse_w5_ticks16,MNQ,1min,next_execution_bar_open,next_execution_bar,stop_first,1.0,1.5,15,avoid_immediate_adverse_move,adverse_w5_ticks16,"{""adverse_window_minutes"": 5, ""max_adverse_ticks"": 16}"
20,902.3375000000015,1739.8375000000015,837.5,0.45,45.11687500000007,-19.75,2.077417910447763,-324.5,4.0365040872726325,15.245046861676162,2.780701078582439,70.0,81.0,0.8,0.2,0.35,0.0,59,0.5315315315315315,1,9.18867924528302,2.5,avoid_immediate_adverse_move_sm1p00_tm1p50_d5_adverse_w5_ticks24,MNQ,1min,next_execution_bar_open,next_execution_bar,stop_first,1.0,1.5,5,avoid_immediate_adverse_move,adverse_w5_ticks24,"{""adverse_window_minutes"": 5, ""max_adverse_ticks"": 24}"
19,1142.9750000000058,1854.4750000000058,711.5,0.3157894736842105,60.15657894736873,-21.0,2.606430077301484,-220.5,5.09561613787254,21.094496173854726,5.183560090702974,76.15789473684211,74.0,0.7894736842105263,0.21052631578947367,0.42105263157894735,0.0,63,0.5675675675675675,1,8.729245283018868,2.5,avoid_immediate_adverse_move_sm1p00_tm1p50_d15_adverse_w5_ticks24,MNQ,1min,next_execution_bar_open,next_execution_bar,stop_first,1.0,1.5,15,avoid_immediate_adverse_move,adverse_w5_ticks24,"{""adverse_window_minutes"": 5, ""max_adverse_ticks"": 24}"
6,-142.0,97.5,239.5,0.16666666666666666,-23.666666666666668,-26.5,0.407098121085595,-120.0,-6.0756702762452806,-11.51263655383427,-1.1833333333333333,94.0,120.0,1.0,0.0,0.6666666666666666,0.0,76,0.6846846846846847,1,2.7566037735849056,2.5,avoid_immediate_adverse_move_sm1p00_tm1p50_d15_adverse_w10_ticks8,MNQ,1min,next_execution_bar_open,next_execution_bar,stop_first,1.0,1.5,15,avoid_immediate_adverse_move,adverse_w10_ticks8,"{""adverse_window_minutes"": 10, ""max_adverse_ticks"": 8}"
11,291.9875000000029,825.4875000000029,533.5,0.2727272727272727,26.544318181818447,-32.0,1.54730552952203,-337.0,2.3368293373497306,8.794714417069054,0.8664317507418484,82.63636363636364,84.0,0.8181818181818182,0.18181818181818182,0.45454545454545453,0.0,71,0.6396396396396397,1,5.05377358490566,2.5,avoid_immediate_adverse_move_sm1p00_tm1p50_d15_adverse_w10_ticks12,MNQ,1min,next_execution_bar_open,next_execution_bar,stop_first,1.0,1.5,15,avoid_immediate_adverse_move,adverse_w10_ticks12,"{""adverse_window_minutes"": 10, ""max_adverse_ticks"": 12}"
11,291.9875000000029,825.4875000000029,533.5,0.2727272727272727,26.544318181818447,-32.0,1.54730552952203,-337.0,2.3368293373497306,8.794714417069054,0.8664317507418484,82.63636363636364,84.0,0.8181818181818182,0.18181818181818182,0.45454545454545453,0.0,71,0.6396396396396397,1,5.05377358490566,2.5,avoid_immediate_adverse_move_sm1p00_tm1p50_d15_adverse_w10_ticks16,MNQ,1min,next_execution_bar_open,next_execution_bar,stop_first,1.0,1.5,15,avoid_immediate_adverse_move,adverse_w10_ticks16,"{""adverse_window_minutes"": 10, ""max_adverse_ticks"": 16}"
13,512.2625000000044,1146.2625000000044,634.0,0.3076923076923077,39.404807692308026,-32.0,1.8079850157728776,-381.5,3.331797303536219,13.479697830822285,1.3427588466579408,78.23076923076923,74.0,0.7692307692307693,0.23076923076923078,0.38461538461538464,0.0,69,0.6216216216216216,1,5.972641509433962,2.5,avoid_immediate_adverse_move_sm1p00_tm1p50_d15_adverse_w10_ticks24,MNQ,1min,next_execution_bar_open,next_execution_bar,stop_first,1.0,1.5,15,avoid_immediate_adverse_move,adverse_w10_ticks24,"{""adverse_window_minutes"": 10, ""max_adverse_ticks"": 24}"
5,-109.5,97.5,207.0,0.2,-21.9,-20.5,0.47101449275362317,-120.0,-5.142788210683525,-9.805414333473186,-0.9125,110.8,120.0,1.0,0.0,0.8,0.0,77,0.6936936936936937,1,2.297169811320755,2.5,avoid_immediate_adverse_move_sm1p00_tm1p50_d15_adverse_w15_ticks8,MNQ,1min,next_execution_bar_open,next_execution_bar,stop_first,1.0,1.5,15,avoid_immediate_adverse_move,adverse_w15_ticks8,"{""adverse_window_minutes"": 15, ""max_adverse_ticks"": 8}"
10,324.4875000000029,825.4875000000029,501.0,0.3,32.44875000000029,-26.25,1.6476796407185688,-337.0,2.738405918569878,10.443593436484496,0.9628709198813142,89.9,102.0,0.8,0.2,0.5,0.0,72,0.6486486486486487,1,4.59433962264151,2.5,avoid_immediate_adverse_move_sm1p00_tm1p50_d15_adverse_w15_ticks12,MNQ,1min,next_execution_bar_open,next_execution_bar,stop_first,1.0,1.5,15,avoid_immediate_adverse_move,adverse_w15_ticks12,"{""adverse_window_minutes"": 15, ""max_adverse_ticks"": 12}"
10,324.4875000000029,825.4875000000029,501.0,0.3,32.44875000000029,-26.25,1.6476796407185688,-337.0,2.738405918569878,10.443593436484496,0.9628709198813142,89.9,102.0,0.8,0.2,0.5,0.0,72,0.6486486486486487,1,4.59433962264151,2.5,avoid_immediate_adverse_move_sm1p00_tm1p50_d15_adverse_w15_ticks16,MNQ,1min,next_execution_bar_open,next_execution_bar,stop_first,1.0,1.5,15,avoid_immediate_adverse_move,adverse_w15_ticks16,"{""adverse_window_minutes"": 15, ""max_adverse_ticks"": 16}"
12,544.7625000000044,1146.2625000000044,601.5,0.3333333333333333,45.396875000000364,-26.25,1.9056733167082367,-381.5,3.7106065170152562,15.294376750087727,1.4279488859764204,83.91666666666667,79.0,0.75,0.25,0.4166666666666667,0.0,70,0.6306306306306306,1,5.513207547169811,2.5,avoid_immediate_adverse_move_sm1p00_tm1p50_d15_adverse_w15_ticks24,MNQ,1min,next_execution_bar_open,next_execution_bar,stop_first,1.0,1.5,15,avoid_immediate_adverse_move,adverse_w15_ticks24,"{""adverse_window_minutes"": 15, ""max_adverse_ticks"": 24}"
39,138.25,2299.75,2161.5,0.38461538461538464,3.5448717948717947,-39.5,1.0639602128151746,-703.5,0.3707024857937819,1.0936943166481932,0.19651741293532338,69.92307692307692,81.0,0.8974358974358975,0.07692307692307693,0.358974358974359,0.02564102564102564,40,0.36036036036036034,1,17.917924528301885,2.5,require_no_stop_zone_touch_before_entry_sm1p00_tm1p50_d5_stop_zone_0p50,MNQ,1min,next_execution_bar_open,next_execution_bar,stop_first,1.0,1.5,5,require_no_stop_zone_touch_before_entry,stop_zone_0p50,"{""stop_zone_fraction"": 0.5}"
21,197.375,1382.375,1185.0,0.38095238095238093,9.398809523809524,-26.5,1.166561181434599,-676.5,0.9932597021198128,2.4530435002297923,0.2917590539541759,78.95238095238095,94.0,0.9047619047619048,0.09523809523809523,0.47619047619047616,0.0,61,0.5495495495495496,1,9.64811320754717,2.5,require_no_stop_zone_touch_before_entry_sm1p00_tm1p50_d15_stop_zone_0p50,MNQ,1min,next_execution_bar_open,next_execution_bar,stop_first,1.0,1.5,15,require_no_stop_zone_touch_before_entry,stop_zone_0p50,"{""stop_zone_fraction"": 0.5}"
11,295.0,624.0,329.0,0.5454545454545454,26.818181818181817,33.5,1.8966565349544073,-100.0,4.302899179021811,15.38550025196453,2.95,99.9090909090909,120.0,1.0,0.0,0.7272727272727273,0.0,54,0.4864864864864865,1,5.05377358490566,2.5,require_no_stop_zone_touch_before_entry_sm1p00_tm1p50_d30_stop_zone_0p50,MNQ,1min,next_execution_bar_open,next_execution_bar,stop_first,1.0,1.5,30,require_no_stop_zone_touch_before_entry,stop_zone_0p50,"{""stop_zone_fraction"": 0.5}"
50,1104.1500000000015,3640.1500000000015,2536.0,0.42,22.08300000000003,-29.25,1.4353903785488964,-765.0,2.173239269212344,6.857296945727443,1.4433333333333351,66.1,72.5,0.84,0.12,0.32,0.04,29,0.26126126126126126,1,22.971698113207548,2.5,require_no_stop_zone_touch_before_entry_sm1p00_tm1p50_d5_stop_zone_0p75,MNQ,1min,next_execution_bar_open,next_execution_bar,stop_first,1.0,1.5,5,require_no_stop_zone_touch_before_entry,stop_zone_0p75,"{""stop_zone_fraction"": 0.75}"
37,515.2000000000044,2611.7000000000044,2096.5,0.40540540540540543,13.924324324324441,-24.0,1.2457429048414044,-971.0,1.3684161370573829,3.000948245769648,0.5305870236869252,78.0,91.0,0.8648648648648649,0.10810810810810811,0.43243243243243246,0.02702702702702703,45,0.40540540540540543,1,16.999056603773585,2.5,require_no_stop_zone_touch_before_entry_sm1p00_tm1p50_d15_stop_zone_0p75,MNQ,1min,next_execution_bar_open,next_execution_bar,stop_first,1.0,1.5,15,require_no_stop_zone_touch_before_entry,stop_zone_0p75,"{""stop_zone_fraction"": 0.75}"
25,-341.5,1081.0,1422.5,0.44,-13.66,-32.0,0.7599297012302285,-914.0,-1.689307210751685,-2.1238133316374657,-0.37363238512035013,92.52,120.0,1.0,0.0,0.64,0.0,40,0.36036036036036034,1,11.485849056603774,2.5,require_no_stop_zone_touch_before_entry_sm1p00_tm1p50_d30_stop_zone_0p75,MNQ,1min,next_execution_bar_open,next_execution_bar,stop_first,1.0,1.5,30,require_no_stop_zone_touch_before_entry,stop_zone_0p75,"{""stop_zone_fraction"": 0.75}"
58,981.2625000000044,4108.762500000004,3127.5,0.39655172413793105,16.918318965517315,-31.0,1.3137529976019198,-842.5,1.6623443552899684,5.1921716253409995,1.1647032640949606,63.775862068965516,69.5,0.8448275862068966,0.1206896551724138,0.29310344827586204,0.034482758620689655,21,0.1891891891891892,1,26.647169811320754,2.5,require_no_stop_zone_touch_before_entry_sm1p00_tm1p50_d5_stop_zone_1p00,MNQ,1min,next_execution_bar_open,next_execution_bar,stop_first,1.0,1.5,5,require_no_stop_zone_touch_before_entry,stop_zone_1p00,"{""stop_zone_fraction"": 1.0}"
47,1012.3125000000073,3930.3125000000073,2918.0,0.425531914893617,21.53856382978739,-24.0,1.3469199794379738,-743.0,1.90879496811835,4.619971863069579,1.362466352624505,74.27659574468085,84.0,0.8297872340425532,0.1276595744680851,0.3829787234042553,0.0425531914893617,35,0.3153153153153153,1,21.593396226415095,2.5,require_no_stop_zone_touch_before_entry_sm1p00_tm1p50_d15_stop_zone_1p00,MNQ,1min,next_execution_bar_open,next_execution_bar,stop_first,1.0,1.5,15,require_no_stop_zone_touch_before_entry,stop_zone_1p00,"{""stop_zone_fraction"": 1.0}"
39,378.82500000000437,2687.8250000000044,2309.0,0.46153846153846156,9.713461538461651,-32.0,1.1640645300996122,-947.0,0.9220638114464296,1.6606208048176454,0.40002639915523164,87.23076923076923,120.0,0.9487179487179487,0.05128205128205128,0.5641025641025641,0.0,26,0.23423423423423423,1,17.917924528301885,2.5,require_no_stop_zone_touch_before_entry_sm1p00_tm1p50_d30_stop_zone_1p00,MNQ,1min,next_execution_bar_open,next_execution_bar,stop_first,1.0,1.5,30,require_no_stop_zone_touch_before_entry,stop_zone_1p00,"{""stop_zone_fraction"": 1.0}"
48,1262.2000000000044,3742.2000000000044,2480.0,0.4375,26.295833333333423,-24.25,1.5089516129032277,-782.5,2.452242244836518,7.429098950950456,1.6130351437699737,62.104166666666664,61.5,0.7916666666666666,0.16666666666666666,0.2916666666666667,0.041666666666666664,31,0.27927927927927926,1,22.052830188679245,2.5,require_micro_momentum_confirmation_sm1p00_tm1p50_d5_momentum_w5_close_vs_window_open,MNQ,1min,next_execution_bar_open,next_execution_bar,stop_first,1.0,1.5,5,require_micro_momentum_confirmation,momentum_w5_close_vs_window_open,"{""confirmation_window_minutes"": 5, ""mode"": ""close_vs_window_open""}"
61,61.925000000010186,4064.42500000001,4002.5,0.29508196721311475,1.0151639344263965,-30.5,1.0154715802623386,-1038.5,0.09368771274396431,0.22561322342597842,0.05962927298989907,56.75409836065574,59.0,0.8524590163934426,0.11475409836065574,0.2786885245901639,0.03278688524590164,21,0.1891891891891892,1,28.025471698113208,2.5,require_micro_momentum_confirmation_sm1p00_tm1p50_d15_momentum_w5_close_vs_window_open,MNQ,1min,next_execution_bar_open,next_execution_bar,stop_first,1.0,1.5,15,require_micro_momentum_confirmation,momentum_w5_close_vs_window_open,"{""confirmation_window_minutes"": 5, ""mode"": ""close_vs_window_open""}"
49,1284.9500000000044,3794.9500000000044,2510.0,0.4489795918367347,26.22346938775519,-17.0,1.5119322709163363,-861.0,2.5438930531611326,7.221031398645832,1.4923925667828157,67.85714285714286,76.0,0.8163265306122449,0.14285714285714285,0.32653061224489793,0.04081632653061224,30,0.2702702702702703,1,22.512264150943395,2.5,require_micro_momentum_confirmation_sm1p00_tm1p50_d5_momentum_w5_close_vs_local_mid,MNQ,1min,next_execution_bar_open,next_execution_bar,stop_first,1.0,1.5,5,require_micro_momentum_confirmation,momentum_w5_close_vs_local_mid,"{""confirmation_window_minutes"": 5, ""mode"": ""close_vs_local_mid""}"
61,-298.5749999999898,3645.42500000001,3944.0,0.29508196721311475,-4.894672131147374,-30.5,0.9242963995943231,-1662.0,-0.47828008309311887,-1.0784562868510308,-0.17964801444042708,54.77049180327869,42.0,0.8524590163934426,0.09836065573770492,0.2786885245901639,0.04918032786885246,21,0.1891891891891892,1,28.025471698113208,2.5,require_micro_momentum_confirmation_sm1p00_tm1p50_d15_momentum_w5_close_vs_local_mid,MNQ,1min,next_execution_bar_open,next_execution_bar,stop_first,1.0,1.5,15,require_micro_momentum_confirmation,momentum_w5_close_vs_local_mid,"{""confirmation_window_minutes"": 5, ""mode"": ""close_vs_local_mid""}"
61,61.925000000010186,4064.42500000001,4002.5,0.29508196721311475,1.0151639344263965,-30.5,1.0154715802623386,-1038.5,0.09368771274396431,0.22561322342597842,0.05962927298989907,56.75409836065574,59.0,0.8524590163934426,0.11475409836065574,0.2786885245901639,0.03278688524590164,21,0.1891891891891892,1,28.025471698113208,2.5,require_micro_momentum_confirmation_sm1p00_tm1p50_d15_momentum_w10_close_vs_window_open,MNQ,1min,next_execution_bar_open,next_execution_bar,stop_first,1.0,1.5,15,require_micro_momentum_confirmation,momentum_w10_close_vs_window_open,"{""confirmation_window_minutes"": 10, ""mode"": ""close_vs_window_open""}"
61,131.4250000000102,4068.42500000001,3937.0,0.3114754098360656,2.1545081967214785,-30.5,1.0333820167640362,-1239.0,0.19982120644740822,0.4772880179642907,0.10607344632769183,56.295081967213115,44.0,0.8360655737704918,0.11475409836065574,0.2786885245901639,0.04918032786885246,21,0.1891891891891892,1,28.025471698113208,2.5,require_micro_momentum_confirmation_sm1p00_tm1p50_d15_momentum_w10_close_vs_local_mid,MNQ,1min,next_execution_bar_open,next_execution_bar,stop_first,1.0,1.5,15,require_micro_momentum_confirmation,momentum_w10_close_vs_local_mid,"{""confirmation_window_minutes"": 10, ""mode"": ""close_vs_local_mid""}"
61,61.925000000010186,4064.42500000001,4002.5,0.29508196721311475,1.0151639344263965,-30.5,1.0154715802623386,-1038.5,0.09368771274396431,0.22561322342597842,0.05962927298989907,56.75409836065574,59.0,0.8524590163934426,0.11475409836065574,0.2786885245901639,0.03278688524590164,21,0.1891891891891892,1,28.025471698113208,2.5,require_micro_momentum_confirmation_sm1p00_tm1p50_d15_momentum_w15_close_vs_window_open,MNQ,1min,next_execution_bar_open,next_execution_bar,stop_first,1.0,1.5,15,require_micro_momentum_confirmation,momentum_w15_close_vs_window_open,"{""confirmation_window_minutes"": 15, ""mode"": ""close_vs_window_open""}"
64,35.425000000010186,4068.42500000001,4033.0,0.296875,0.5535156250001592,-30.5,1.0087837837837863,-1314.0,0.05251055901809168,0.12363715996733932,0.026959665144604402,53.703125,37.5,0.84375,0.109375,0.265625,0.046875,18,0.16216216216216217,1,29.40377358490566,2.5,require_micro_momentum_confirmation_sm1p00_tm1p50_d15_momentum_w15_close_vs_local_mid,MNQ,1min,next_execution_bar_open,next_execution_bar,stop_first,1.0,1.5,15,require_micro_momentum_confirmation,momentum_w15_close_vs_local_mid,"{""confirmation_window_minutes"": 15, ""mode"": ""close_vs_local_mid""}"
14,288.5,942.0,653.5,0.6428571428571429,20.607142857142858,22.75,1.441469013006886,-226.0,2.3170860064418095,10.063531688825586,1.2765486725663717,103.5,120.0,0.9285714285714286,0.0,0.7857142857142857,0.07142857142857142,65,0.5855855855855856,1,6.432075471698113,2.5,avoid_high_noise_first_5min_sm1p00_tm1p50_d5_noise_w5_r0p50,MNQ,1min,next_execution_bar_open,next_execution_bar,stop_first,1.0,1.5,5,avoid_high_noise_first_5min,noise_w5_r0p50,"{""max_range_to_stop_distance"": 0.5, ""noise_window_minutes"": 5}"
19,-205.66249999999854,1187.8375000000015,1393.5,0.5263157894736842,-10.824342105263081,11.5,0.8524129888769296,-973.5,-1.0301002065465295,-2.151730602000917,-0.21126091422701443,93.15789473684211,120.0,0.9473684210526315,0.05263157894736842,0.631578947368421,0.0,64,0.5765765765765766,1,8.729245283018868,2.5,avoid_high_noise_first_5min_sm1p00_tm1p50_d10_noise_w5_r0p50,MNQ,1min,next_execution_bar_open,next_execution_bar,stop_first,1.0,1.5,10,avoid_high_noise_first_5min,noise_w5_r0p50,"{""max_range_to_stop_distance"": 0.5, ""noise_window_minutes"": 5}"
30,514.9124999999985,2228.9124999999985,1714.0,0.5666666666666667,17.16374999999995,17.5,1.3004156942823795,-689.0,1.7848406891284168,6.630256655764131,0.7473330914368629,87.2,120.0,0.8666666666666667,0.1,0.5333333333333333,0.03333333333333333,49,0.44144144144144143,1,13.783018867924527,2.5,avoid_high_noise_first_5min_sm1p00_tm1p50_d5_noise_w5_r0p75,MNQ,1min,next_execution_bar_open,next_execution_bar,stop_first,1.0,1.5,5,avoid_high_noise_first_5min,noise_w5_r0p75,"{""max_range_to_stop_distance"": 0.75, ""noise_window_minutes"": 5}"
37,1331.5125000000044,3515.0125000000044,2183.5,0.5675675675675675,35.986824324324445,36.5,1.6098065033203592,-926.5,3.064530582267513,8.460565068494404,1.437142471667571,86.35135135135135,120.0,0.8378378378378378,0.13513513513513514,0.5135135135135135,0.02702702702702703,46,0.4144144144144144,1,16.999056603773585,2.5,avoid_high_noise_first_5min_sm1p00_tm1p50_d10_noise_w5_r0p75,MNQ,1min,next_execution_bar_open,next_execution_bar,stop_first,1.0,1.5,10,avoid_high_noise_first_5min,noise_w5_r0p75,"{""max_range_to_stop_distance"": 0.75, ""noise_window_minutes"": 5}"
38,1130.7750000000015,3386.2750000000015,2255.5,0.5263157894736842,29.7572368421053,15.25,1.501341166038573,-598.5,2.6653298835018977,10.911031071670237,1.8893483709273207,78.6842105263158,94.5,0.8157894736842105,0.15789473684210525,0.42105263157894735,0.02631578947368421,41,0.36936936936936937,1,17.458490566037735,2.5,avoid_high_noise_first_5min_sm1p00_tm1p50_d5_noise_w5_r1p00,MNQ,1min,next_execution_bar_open,next_execution_bar,stop_first,1.0,1.5,5,avoid_high_noise_first_5min,noise_w5_r1p00,"{""max_range_to_stop_distance"": 1.0, ""noise_window_minutes"": 5}"
43,756.0125000000044,3523.5125000000044,2767.5,0.5116279069767442,17.58168604651173,4.0,1.2731752484191525,-1222.5,1.5440193908921716,4.245098993567058,0.6184151329243389,82.25581395348837,100.0,0.8372093023255814,0.11627906976744186,0.46511627906976744,0.046511627906976744,40,0.36036036036036034,1,19.75566037735849,2.5,avoid_high_noise_first_5min_sm1p00_tm1p50_d10_noise_w5_r1p00,MNQ,1min,next_execution_bar_open,next_execution_bar,stop_first,1.0,1.5,10,avoid_high_noise_first_5min,noise_w5_r1p00,"{""max_range_to_stop_distance"": 1.0, ""noise_window_minutes"": 5}"
45,1485.7625000000044,4066.2625000000044,2580.5,0.5111111111111111,33.01694444444454,15.0,1.5757653555512514,-733.0,2.9304717543147265,11.731485625047116,2.02696111869032,78.86666666666666,95.0,0.8222222222222222,0.15555555555555556,0.4,0.022222222222222223,34,0.3063063063063063,1,20.67452830188679,2.5,avoid_high_noise_first_5min_sm1p00_tm1p50_d5_noise_w5_r1p25,MNQ,1min,next_execution_bar_open,next_execution_bar,stop_first,1.0,1.5,5,avoid_high_noise_first_5min,noise_w5_r1p25,"{""max_range_to_stop_distance"": 1.25, ""noise_window_minutes"": 5}"
49,477.01250000000437,3744.5125000000044,3267.5,0.4897959183673469,9.734948979591925,-43.5,1.1459869931140028,-1092.0,0.881820686384655,2.539826275904068,0.4368246336996377,77.53061224489795,88.0,0.8367346938775511,0.10204081632653061,0.42857142857142855,0.061224489795918366,34,0.3063063063063063,1,22.512264150943395,2.5,avoid_high_noise_first_5min_sm1p00_tm1p50_d10_noise_w5_r1p25,MNQ,1min,next_execution_bar_open,next_execution_bar,stop_first,1.0,1.5,10,avoid_high_noise_first_5min,noise_w5_r1p25,"{""max_range_to_stop_distance"": 1.25, ""noise_window_minutes"": 5}"
7,-822.0,36.5,858.5,0.14285714285714285,-117.42857142857143,-131.0,0.0425160163075131,-697.0,-26.219871788956162,-51.90406884856918,-1.1793400286944047,69.0,71.0,1.0,0.0,0.42857142857142855,0.0,77,0.6936936936936937,0,3.2160377358490564,2.5,avoid_high_noise_first_5min_sm1p00_tm1p50_d10_noise_w10_r0p50,MNQ,1min,next_execution_bar_open,next_execution_bar,stop_first,1.0,1.5,10,avoid_high_noise_first_5min,noise_w10_r0p50,"{""max_range_to_stop_distance"": 0.5, ""noise_window_minutes"": 10}"
24,-103.66249999999854,1586.8375000000015,1690.5,0.5416666666666666,-4.319270833333273,7.75,0.9386793847973981,-1113.0,-0.41052453894925506,-0.9778090069502416,-0.09313791554357462,91.58333333333333,120.0,0.9166666666666666,0.08333333333333333,0.5833333333333334,0.0,59,0.5315315315315315,1,11.026415094339622,2.5,avoid_high_noise_first_5min_sm1p00_tm1p50_d10_noise_w10_r0p75,MNQ,1min,next_execution_bar_open,next_execution_bar,stop_first,1.0,1.5,10,avoid_high_noise_first_5min,noise_w10_r0p75,"{""max_range_to_stop_distance"": 0.75, ""noise_window_minutes"": 10}"
35,1038.9000000000015,3181.9000000000015,2143.0,0.5714285714285714,29.682857142857184,36.5,1.4847876808212792,-926.5,2.5541213627641186,7.2071608489696,1.121316783594173,88.94285714285714,120.0,0.8571428571428571,0.11428571428571428,0.5142857142857142,0.02857142857142857,48,0.43243243243243246,1,16.080188679245282,2.5,avoid_high_noise_first_5min_sm1p00_tm1p50_d10_noise_w10_r1p00,MNQ,1min,next_execution_bar_open,next_execution_bar,stop_first,1.0,1.5,10,avoid_high_noise_first_5min,noise_w10_r1p00,"{""max_range_to_stop_distance"": 1.0, ""noise_window_minutes"": 10}"
40,1027.5125000000044,3589.0125000000044,2561.5,0.55,25.68781250000011,24.0,1.4011370290845224,-1070.0,2.1905681979793967,6.125549046278883,0.9602920560747704,83.5,104.5,0.825,0.125,0.475,0.05,43,0.38738738738738737,1,18.37735849056604,2.5,avoid_high_noise_first_5min_sm1p00_tm1p50_d10_noise_w10_r1p25,MNQ,1min,next_execution_bar_open,next_execution_bar,stop_first,1.0,1.5,10,avoid_high_noise_first_5min,noise_w10_r1p25,"{""max_range_to_stop_distance"": 1.25, ""noise_window_minutes"": 10}"
8,-32.0,220.5,252.5,0.375,-4.0,-23.0,0.8732673267326733,-109.5,-0.8627716712609638,-2.793450827323765,-0.2922374429223744,73.875,102.0,1.0,0.0,0.5,0.0,71,0.6396396396396397,1,3.6754716981132076,2.5,avoid_immediate_adverse_move_sm1p00_tm2p00_d5_adverse_w5_ticks8,MNQ,1min,next_execution_bar_open,next_execution_bar,stop_first,1.0,2.0,5,avoid_immediate_adverse_move,adverse_w5_ticks8,"{""adverse_window_minutes"": 5, ""max_adverse_ticks"": 8}"
8,236.5,497.0,260.5,0.25,29.5625,-20.75,1.907869481765835,-120.0,3.1342413775567004,14.930475542298208,1.9708333333333334,85.625,120.0,1.0,0.0,0.625,0.0,74,0.6666666666666666,1,3.6754716981132076,2.5,avoid_immediate_adverse_move_sm1p00_tm2p00_d15_adverse_w5_ticks8,MNQ,1min,next_execution_bar_open,next_execution_bar,stop_first,1.0,2.0,15,avoid_immediate_adverse_move,adverse_w5_ticks8,"{""adverse_window_minutes"": 5, ""max_adverse_ticks"": 8}"
13,435.5,931.5,496.0,0.46153846153846156,33.5,-18.5,1.878024193548387,-196.0,3.378094900454433,14.154573479276749,2.2219387755102042,81.0,120.0,1.0,0.0,0.5384615384615384,0.0,66,0.5945945945945946,1,5.972641509433962,2.5,avoid_immediate_adverse_move_sm1p00_tm2p00_d5_adverse_w5_ticks12,MNQ,1min,next_execution_bar_open,next_execution_bar,stop_first,1.0,2.0,5,avoid_immediate_adverse_move,adverse_w5_ticks12,"{""adverse_window_minutes"": 5, ""max_adverse_ticks"": 12}"
13,607.5,1162.0,554.5,0.3076923076923077,46.73076923076923,-21.0,2.095581605049594,-281.0,3.937152997800793,15.650553558970875,2.1619217081850532,86.6923076923077,120.0,1.0,0.0,0.6153846153846154,0.0,69,0.6216216216216216,1,5.972641509433962,2.5,avoid_immediate_adverse_move_sm1p00_tm2p00_d15_adverse_w5_ticks12,MNQ,1min,next_execution_bar_open,next_execution_bar,stop_first,1.0,2.0,15,avoid_immediate_adverse_move,adverse_w5_ticks12,"{""adverse_window_minutes"": 5, ""max_adverse_ticks"": 12}"
14,414.5,931.5,517.0,0.42857142857142855,29.607142857142858,-19.75,1.8017408123791103,-196.0,3.085068561312656,12.107163153148724,2.114795918367347,75.5,102.0,1.0,0.0,0.5,0.0,65,0.5855855855855856,1,6.432075471698113,2.5,avoid_immediate_adverse_move_sm1p00_tm2p00_d5_adverse_w5_ticks16,MNQ,1min,next_execution_bar_open,next_execution_bar,stop_first,1.0,2.0,5,avoid_immediate_adverse_move,adverse_w5_ticks16,"{""adverse_window_minutes"": 5, ""max_adverse_ticks"": 16}"
13,607.5,1162.0,554.5,0.3076923076923077,46.73076923076923,-21.0,2.095581605049594,-281.0,3.937152997800793,15.650553558970875,2.1619217081850532,86.6923076923077,120.0,1.0,0.0,0.6153846153846154,0.0,69,0.6216216216216216,1,5.972641509433962,2.5,avoid_immediate_adverse_move_sm1p00_tm2p00_d15_adverse_w5_ticks16,MNQ,1min,next_execution_bar_open,next_execution_bar,stop_first,1.0,2.0,15,avoid_immediate_adverse_move,adverse_w5_ticks16,"{""adverse_window_minutes"": 5, ""max_adverse_ticks"": 16}"
20,870.1999999999971,1707.699999999997,837.5,0.45,43.509999999999856,-19.75,2.0390447761193995,-324.5,3.880383506023072,14.702081847457887,2.681664098613242,77.45,102.0,0.95,0.05,0.5,0.0,59,0.5315315315315315,1,9.18867924528302,2.5,avoid_immediate_adverse_move_sm1p00_tm2p00_d5_adverse_w5_ticks24,MNQ,1min,next_execution_bar_open,next_execution_bar,stop_first,1.0,2.0,5,avoid_immediate_adverse_move,adverse_w5_ticks24,"{""adverse_window_minutes"": 5, ""max_adverse_ticks"": 24}"
19,1181.699999999997,1893.199999999997,711.5,0.3157894736842105,62.19473684210511,-21.0,2.6608573436401928,-220.5,5.133160080872537,21.809196289196123,5.359183673469374,87.6842105263158,120.0,0.9473684210526315,0.05263157894736842,0.5789473684210527,0.0,63,0.5675675675675675,1,8.729245283018868,2.5,avoid_immediate_adverse_move_sm1p00_tm2p00_d15_adverse_w5_ticks24,MNQ,1min,next_execution_bar_open,next_execution_bar,stop_first,1.0,2.0,15,avoid_immediate_adverse_move,adverse_w5_ticks24,"{""adverse_window_minutes"": 5, ""max_adverse_ticks"": 24}"
6,-142.0,97.5,239.5,0.16666666666666666,-23.666666666666668,-26.5,0.407098121085595,-120.0,-6.0756702762452806,-11.51263655383427,-1.1833333333333333,94.0,120.0,1.0,0.0,0.6666666666666666,0.0,76,0.6846846846846847,1,2.7566037735849056,2.5,avoid_immediate_adverse_move_sm1p00_tm2p00_d15_adverse_w10_ticks8,MNQ,1min,next_execution_bar_open,next_execution_bar,stop_first,1.0,2.0,15,avoid_immediate_adverse_move,adverse_w10_ticks8,"{""adverse_window_minutes"": 10, ""max_adverse_ticks"": 8}"
11,229.0,762.5,533.5,0.2727272727272727,20.818181818181817,-32.0,1.429240862230553,-337.0,1.9223590563971045,6.897519933246435,0.6795252225519288,91.45454545454545,120.0,1.0,0.0,0.6363636363636364,0.0,71,0.6396396396396397,1,5.05377358490566,2.5,avoid_immediate_adverse_move_sm1p00_tm2p00_d15_adverse_w10_ticks12,MNQ,1min,next_execution_bar_open,next_execution_bar,stop_first,1.0,2.0,15,avoid_immediate_adverse_move,adverse_w10_ticks12,"{""adverse_window_minutes"": 10, ""max_adverse_ticks"": 12}"
11,229.0,762.5,533.5,0.2727272727272727,20.818181818181817,-32.0,1.429240862230553,-337.0,1.9223590563971045,6.897519933246435,0.6795252225519288,91.45454545454545,120.0,1.0,0.0,0.6363636363636364,0.0,71,0.6396396396396397,1,5.05377358490566,2.5,avoid_immediate_adverse_move_sm1p00_tm2p00_d15_adverse_w10_ticks16,MNQ,1min,next_execution_bar_open,next_execution_bar,stop_first,1.0,2.0,15,avoid_immediate_adverse_move,adverse_w10_ticks16,"{""adverse_window_minutes"": 10, ""max_adverse_ticks"": 16}"
13,557.1999999999971,1191.199999999997,634.0,0.3076923076923077,42.86153846153824,-32.0,1.8788643533122982,-381.5,3.4698763041256684,14.66218517134101,1.4605504587155886,91.07692307692308,120.0,0.9230769230769231,0.07692307692307693,0.5384615384615384,0.0,69,0.6216216216216216,1,5.972641509433962,2.5,avoid_immediate_adverse_move_sm1p00_tm2p00_d15_adverse_w10_ticks24,MNQ,1min,next_execution_bar_open,next_execution_bar,stop_first,1.0,2.0,15,avoid_immediate_adverse_move,adverse_w10_ticks24,"{""adverse_window_minutes"": 10, ""max_adverse_ticks"": 24}"
5,-109.5,97.5,207.0,0.2,-21.9,-20.5,0.47101449275362317,-120.0,-5.142788210683525,-9.805414333473186,-0.9125,110.8,120.0,1.0,0.0,0.8,0.0,77,0.6936936936936937,1,2.297169811320755,2.5,avoid_immediate_adverse_move_sm1p00_tm2p00_d15_adverse_w15_ticks8,MNQ,1min,next_execution_bar_open,next_execution_bar,stop_first,1.0,2.0,15,avoid_immediate_adverse_move,adverse_w15_ticks8,"{""adverse_window_minutes"": 15, ""max_adverse_ticks"": 8}"
10,261.5,762.5,501.0,0.3,26.15,-26.25,1.5219560878243512,-337.0,2.3134809569592663,8.416347882863505,0.7759643916913946,99.6,120.0,1.0,0.0,0.7,0.0,72,0.6486486486486487,1,4.59433962264151,2.5,avoid_immediate_adverse_move_sm1p00_tm2p00_d15_adverse_w15_ticks12,MNQ,1min,next_execution_bar_open,next_execution_bar,stop_first,1.0,2.0,15,avoid_immediate_adverse_move,adverse_w15_ticks12,"{""adverse_window_minutes"": 15, ""max_adverse_ticks"": 12}"
10,261.5,762.5,501.0,0.3,26.15,-26.25,1.5219560878243512,-337.0,2.3134809569592663,8.416347882863505,0.7759643916913946,99.6,120.0,1.0,0.0,0.7,0.0,72,0.6486486486486487,1,4.59433962264151,2.5,avoid_immediate_adverse_move_sm1p00_tm2p00_d15_adverse_w15_ticks16,MNQ,1min,next_execution_bar_open,next_execution_bar,stop_first,1.0,2.0,15,avoid_immediate_adverse_move,adverse_w15_ticks16,"{""adverse_window_minutes"": 15, ""max_adverse_ticks"": 16}"
12,589.6999999999971,1191.199999999997,601.5,0.3333333333333333,49.141666666666424,-26.25,1.980382377389854,-381.5,3.845957136908333,16.556011049818252,1.5457404980340683,97.83333333333333,120.0,0.9166666666666666,0.08333333333333333,0.5833333333333334,0.0,70,0.6306306306306306,1,5.513207547169811,2.5,avoid_immediate_adverse_move_sm1p00_tm2p00_d15_adverse_w15_ticks24,MNQ,1min,next_execution_bar_open,next_execution_bar,stop_first,1.0,2.0,15,avoid_immediate_adverse_move,adverse_w15_ticks24,"{""adverse_window_minutes"": 15, ""max_adverse_ticks"": 24}"
39,63.5,2225.0,2161.5,0.38461538461538464,1.6282051282051282,-39.5,1.029377746934999,-774.0,0.175296864715022,0.5023478416431122,0.08204134366925064,71.64102564102564,81.0,0.9743589743589743,0.0,0.4358974358974359,0.02564102564102564,40,0.36036036036036034,1,17.917924528301885,2.5,require_no_stop_zone_touch_before_entry_sm1p00_tm2p00_d5_stop_zone_0p50,MNQ,1min,next_execution_bar_open,next_execution_bar,stop_first,1.0,2.0,5,require_no_stop_zone_touch_before_entry,stop_zone_0p50,"{""stop_zone_fraction"": 0.5}"
21,119.0,1304.0,1185.0,0.38095238095238093,5.666666666666667,-26.5,1.10042194092827,-676.5,0.6249136389504298,1.478972395325372,0.17590539541759054,81.9047619047619,120.0,1.0,0.0,0.5714285714285714,0.0,61,0.5495495495495496,1,9.64811320754717,2.5,require_no_stop_zone_touch_before_entry_sm1p00_tm2p00_d15_stop_zone_0p50,MNQ,1min,next_execution_bar_open,next_execution_bar,stop_first,1.0,2.0,15,require_no_stop_zone_touch_before_entry,stop_zone_0p50,"{""stop_zone_fraction"": 0.5}"
11,295.0,624.0,329.0,0.5454545454545454,26.818181818181817,33.5,1.8966565349544073,-100.0,4.302899179021811,15.38550025196453,2.95,99.9090909090909,120.0,1.0,0.0,0.7272727272727273,0.0,54,0.4864864864864865,1,5.05377358490566,2.5,require_no_stop_zone_touch_before_entry_sm1p00_tm2p00_d30_stop_zone_0p50,MNQ,1min,next_execution_bar_open,next_execution_bar,stop_first,1.0,2.0,30,require_no_stop_zone_touch_before_entry,stop_zone_0p50,"{""stop_zone_fraction"": 0.5}"
50,976.4499999999971,3512.449999999997,2536.0,0.42,19.528999999999943,-29.25,1.3850354889589893,-815.5,1.979540753402727,6.06421917552464,1.1973635806253797,70.66,78.5,0.94,0.02,0.42,0.04,29,0.26126126126126126,1,22.971698113207548,2.5,require_no_stop_zone_touch_before_entry_sm1p00_tm2p00_d5_stop_zone_0p75,MNQ,1min,next_execution_bar_open,next_execution_bar,stop_first,1.0,2.0,5,require_no_stop_zone_touch_before_entry,stop_zone_0p75,"{""stop_zone_fraction"": 0.75}"
37,502.4499999999971,2598.949999999997,2096.5,0.40540540540540543,13.579729729729651,-24.0,1.2396613403291186,-971.0,1.3406064867121186,2.926681766473094,0.5174562306900073,81.62162162162163,120.0,0.9459459459459459,0.02702702702702703,0.5135135135135135,0.02702702702702703,45,0.40540540540540543,1,16.999056603773585,2.5,require_no_stop_zone_touch_before_entry_sm1p00_tm2p00_d15_stop_zone_0p75,MNQ,1min,next_execution_bar_open,next_execution_bar,stop_first,1.0,2.0,15,require_no_stop_zone_touch_before_entry,stop_zone_0p75,"{""stop_zone_fraction"": 0.75}"
25,-341.5,1081.0,1422.5,0.44,-13.66,-32.0,0.7599297012302285,-914.0,-1.689307210751685,-2.1238133316374657,-0.37363238512035013,92.52,120.0,1.0,0.0,0.64,0.0,40,0.36036036036036034,1,11.485849056603774,2.5,require_no_stop_zone_touch_before_entry_sm1p00_tm2p00_d30_stop_zone_0p75,MNQ,1min,next_execution_bar_open,next_execution_bar,stop_first,1.0,2.0,30,require_no_stop_zone_touch_before_entry,stop_zone_0p75,"{""stop_zone_fraction"": 0.75}"
58,808.4499999999971,3935.949999999997,3127.5,0.39655172413793105,13.938793103448226,-31.0,1.2584972022382086,-945.5,1.4184004893990951,4.277765786939678,0.8550502379693253,69.56896551724138,78.5,0.9482758620689655,0.017241379310344827,0.39655172413793105,0.034482758620689655,21,0.1891891891891892,1,26.647169811320754,2.5,require_no_stop_zone_touch_before_entry_sm1p00_tm2p00_d5_stop_zone_1p00,MNQ,1min,next_execution_bar_open,next_execution_bar,stop_first,1.0,2.0,5,require_no_stop_zone_touch_before_entry,stop_zone_1p00,"{""stop_zone_fraction"": 1.0}"
47,966.4499999999971,3884.449999999997,2918.0,0.425531914893617,20.562765957446747,-24.0,1.331202878684029,-823.5,1.841424344736226,4.410665488239599,1.173588342440798,80.12765957446808,104.0,0.9361702127659575,0.02127659574468085,0.48936170212765956,0.0425531914893617,35,0.3153153153153153,1,21.593396226415095,2.5,require_no_stop_zone_touch_before_entry_sm1p00_tm2p00_d15_stop_zone_1p00,MNQ,1min,next_execution_bar_open,next_execution_bar,stop_first,1.0,2.0,15,require_no_stop_zone_touch_before_entry,stop_zone_1p00,"{""stop_zone_fraction"": 1.0}"
39,342.0,2651.0,2309.0,0.46153846153846156,8.76923076923077,-32.0,1.148116067561715,-947.0,0.8383228801926822,1.4991943912034005,0.3611404435058078,89.71794871794872,120.0,1.0,0.0,0.6153846153846154,0.0,26,0.23423423423423423,1,17.917924528301885,2.5,require_no_stop_zone_touch_before_entry_sm1p00_tm2p00_d30_stop_zone_1p00,MNQ,1min,next_execution_bar_open,next_execution_bar,stop_first,1.0,2.0,30,require_no_stop_zone_touch_before_entry,stop_zone_1p00,"{""stop_zone_fraction"": 1.0}"
48,1060.6499999999942,3540.649999999994,2480.0,0.4375,22.09687499999988,-24.25,1.4276814516129008,-782.5,2.098352478845133,6.242809223835788,1.355463258785935,70.85416666666667,84.0,0.9166666666666666,0.041666666666666664,0.4166666666666667,0.041666666666666664,31,0.27927927927927926,1,22.052830188679245,2.5,require_micro_momentum_confirmation_sm1p00_tm2p00_d5_momentum_w5_close_vs_window_open,MNQ,1min,next_execution_bar_open,next_execution_bar,stop_first,1.0,2.0,5,require_micro_momentum_confirmation,momentum_w5_close_vs_window_open,"{""confirmation_window_minutes"": 5, ""mode"": ""close_vs_window_open""}"
61,150.14999999999418,4152.649999999994,4002.5,0.29508196721311475,2.46147540983597,-30.5,1.0375140537164258,-1145.0,0.22337410941627836,0.5470460314477801,0.1311353711790342,62.83606557377049,71.0,0.9344262295081968,0.03278688524590164,0.36065573770491804,0.03278688524590164,21,0.1891891891891892,1,28.025471698113208,2.5,require_micro_momentum_confirmation_sm1p00_tm2p00_d15_momentum_w5_close_vs_window_open,MNQ,1min,next_execution_bar_open,next_execution_bar,stop_first,1.0,2.0,15,require_micro_momentum_confirmation,momentum_w5_close_vs_window_open,"{""confirmation_window_minutes"": 5, ""mode"": ""close_vs_window_open""}"
49,1050.6499999999942,3560.649999999994,2510.0,0.4489795918367347,21.44183673469376,-17.0,1.4185856573705156,-861.0,2.1410206181682483,5.90433607454545,1.2202671312427342,75.91836734693878,93.0,0.9183673469387755,0.04081632653061224,0.42857142857142855,0.04081632653061224,30,0.2702702702702703,1,22.512264150943395,2.5,require_micro_momentum_confirmation_sm1p00_tm2p00_d5_momentum_w5_close_vs_local_mid,MNQ,1min,next_execution_bar_open,next_execution_bar,stop_first,1.0,2.0,5,require_micro_momentum_confirmation,momentum_w5_close_vs_local_mid,"{""confirmation_window_minutes"": 5, ""mode"": ""close_vs_local_mid""}"
61,-103.85000000000582,3840.149999999994,3944.0,0.29508196721311475,-1.702459016393538,-30.5,0.9736688640973616,-1662.0,-0.15952339522756803,-0.37510737801051536,-0.0624849578820733,60.42622950819672,66.0,0.9180327868852459,0.03278688524590164,0.3442622950819672,0.04918032786885246,21,0.1891891891891892,1,28.025471698113208,2.5,require_micro_momentum_confirmation_sm1p00_tm2p00_d15_momentum_w5_close_vs_local_mid,MNQ,1min,next_execution_bar_open,next_execution_bar,stop_first,1.0,2.0,15,require_micro_momentum_confirmation,momentum_w5_close_vs_local_mid,"{""confirmation_window_minutes"": 5, ""mode"": ""close_vs_local_mid""}"
61,150.14999999999418,4152.649999999994,4002.5,0.29508196721311475,2.46147540983597,-30.5,1.0375140537164258,-1145.0,0.22337410941627836,0.5470460314477801,0.1311353711790342,62.83606557377049,71.0,0.9344262295081968,0.03278688524590164,0.36065573770491804,0.03278688524590164,21,0.1891891891891892,1,28.025471698113208,2.5,require_micro_momentum_confirmation_sm1p00_tm2p00_d15_momentum_w10_close_vs_window_open,MNQ,1min,next_execution_bar_open,next_execution_bar,stop_first,1.0,2.0,15,require_micro_momentum_confirmation,momentum_w10_close_vs_window_open,"{""confirmation_window_minutes"": 10, ""mode"": ""close_vs_window_open""}"
61,219.64999999999418,4156.649999999994,3937.0,0.3114754098360656,3.600819672131052,-30.5,1.0557912115824217,-1345.5,0.3283506523305043,0.7976892763617695,0.16324786324785892,62.377049180327866,71.0,0.9180327868852459,0.03278688524590164,0.36065573770491804,0.04918032786885246,21,0.1891891891891892,1,28.025471698113208,2.5,require_micro_momentum_confirmation_sm1p00_tm2p00_d15_momentum_w10_close_vs_local_mid,MNQ,1min,next_execution_bar_open,next_execution_bar,stop_first,1.0,2.0,15,require_micro_momentum_confirmation,momentum_w10_close_vs_local_mid,"{""confirmation_window_minutes"": 10, ""mode"": ""close_vs_local_mid""}"
61,150.14999999999418,4152.649999999994,4002.5,0.29508196721311475,2.46147540983597,-30.5,1.0375140537164258,-1145.0,0.22337410941627836,0.5470460314477801,0.1311353711790342,62.83606557377049,71.0,0.9344262295081968,0.03278688524590164,0.36065573770491804,0.03278688524590164,21,0.1891891891891892,1,28.025471698113208,2.5,require_micro_momentum_confirmation_sm1p00_tm2p00_d15_momentum_w15_close_vs_window_open,MNQ,1min,next_execution_bar_open,next_execution_bar,stop_first,1.0,2.0,15,require_micro_momentum_confirmation,momentum_w15_close_vs_window_open,"{""confirmation_window_minutes"": 15, ""mode"": ""close_vs_window_open""}"
64,123.64999999999418,4156.649999999994,4033.0,0.296875,1.932031249999909,-30.5,1.0306595586412086,-1420.5,0.18019989491222752,0.43155214763461935,0.08704681450193184,59.5,55.0,0.921875,0.03125,0.34375,0.046875,18,0.16216216216216217,1,29.40377358490566,2.5,require_micro_momentum_confirmation_sm1p00_tm2p00_d15_momentum_w15_close_vs_local_mid,MNQ,1min,next_execution_bar_open,next_execution_bar,stop_first,1.0,2.0,15,require_micro_momentum_confirmation,momentum_w15_close_vs_local_mid,"{""confirmation_window_minutes"": 15, ""mode"": ""close_vs_local_mid""}"
14,288.5,942.0,653.5,0.6428571428571429,20.607142857142858,22.75,1.441469013006886,-226.0,2.3170860064418095,10.063531688825586,1.2765486725663717,103.5,120.0,0.9285714285714286,0.0,0.7857142857142857,0.07142857142857142,65,0.5855855855855856,1,6.432075471698113,2.5,avoid_high_noise_first_5min_sm1p00_tm2p00_d5_noise_w5_r0p50,MNQ,1min,next_execution_bar_open,next_execution_bar,stop_first,1.0,2.0,5,avoid_high_noise_first_5min,noise_w5_r0p50,"{""max_range_to_stop_distance"": 0.5, ""noise_window_minutes"": 5}"
19,-123.05000000000291,1270.449999999997,1393.5,0.5263157894736842,-6.476315789473837,11.5,0.9116971654108339,-973.5,-0.5897514456492988,-1.2874026649302663,-0.12639958911145652,93.84210526315789,120.0,0.9473684210526315,0.05263157894736842,0.631578947368421,0.0,64,0.5765765765765766,1,8.729245283018868,2.5,avoid_high_noise_first_5min_sm1p00_tm2p00_d10_noise_w5_r0p50,MNQ,1min,next_execution_bar_open,next_execution_bar,stop_first,1.0,2.0,10,avoid_high_noise_first_5min,noise_w5_r0p50,"{""max_range_to_stop_distance"": 0.5, ""noise_window_minutes"": 5}"
30,495.9499999999971,2209.949999999997,1714.0,0.5666666666666667,16.53166666666657,17.5,1.2893523920653425,-689.0,1.712748696255762,6.386086545629036,0.7198113207547128,91.73333333333333,120.0,0.9333333333333333,0.03333333333333333,0.6,0.03333333333333333,49,0.44144144144144143,1,13.783018867924527,2.5,avoid_high_noise_first_5min_sm1p00_tm2p00_d5_noise_w5_r0p75,MNQ,1min,next_execution_bar_open,next_execution_bar,stop_first,1.0,2.0,5,avoid_high_noise_first_5min,noise_w5_r0p75,"{""max_range_to_stop_distance"": 0.75, ""noise_window_minutes"": 5}"
37,1120.949999999997,3304.449999999997,2183.5,0.5675675675675675,30.295945945945867,36.5,1.5133730249599253,-926.5,2.721241782090649,7.1226296512640666,1.209875876956284,93.32432432432432,120.0,0.9459459459459459,0.02702702702702703,0.6216216216216216,0.02702702702702703,46,0.4144144144144144,1,16.999056603773585,2.5,avoid_high_noise_first_5min_sm1p00_tm2p00_d10_noise_w5_r0p75,MNQ,1min,next_execution_bar_open,next_execution_bar,stop_first,1.0,2.0,10,avoid_high_noise_first_5min,noise_w5_r0p75,"{""max_range_to_stop_distance"": 0.75, ""noise_window_minutes"": 5}"
38,996.4499999999971,3251.949999999997,2255.5,0.5263157894736842,26.222368421052554,15.25,1.441786743515849,-624.0,2.415520109595542,9.614907396578245,1.5968749999999954,86.1842105263158,120.0,0.9473684210526315,0.02631578947368421,0.5526315789473685,0.02631578947368421,41,0.36936936936936937,1,17.458490566037735,2.5,avoid_high_noise_first_5min_sm1p00_tm2p00_d5_noise_w5_r1p00,MNQ,1min,next_execution_bar_open,next_execution_bar,stop_first,1.0,2.0,5,avoid_high_noise_first_5min,noise_w5_r1p00,"{""max_range_to_stop_distance"": 1.0, ""noise_window_minutes"": 5}"
43,545.4499999999971,3312.949999999997,2767.5,0.5116279069767442,12.684883720930165,4.0,1.1970912375790415,-1222.5,1.1729283924191678,3.0627658220480822,0.446175869120652,88.25581395348837,120.0,0.9302325581395349,0.023255813953488372,0.5581395348837209,0.046511627906976744,40,0.36036036036036034,1,19.75566037735849,2.5,avoid_high_noise_first_5min_sm1p00_tm2p00_d10_noise_w5_r1p00,MNQ,1min,next_execution_bar_open,next_execution_bar,stop_first,1.0,2.0,10,avoid_high_noise_first_5min,noise_w5_r1p00,"{""max_range_to_stop_distance"": 1.0, ""noise_window_minutes"": 5}"
45,1312.949999999997,3893.449999999997,2580.5,0.5111111111111111,29.176666666666602,15.0,1.5087967448168949,-758.5,2.68099637972857,10.366969183436474,1.7309822017139052,86.33333333333333,120.0,0.9555555555555556,0.022222222222222223,0.5333333333333333,0.022222222222222223,34,0.3063063063063063,1,20.67452830188679,2.5,avoid_high_noise_first_5min_sm1p00_tm2p00_d5_noise_w5_r1p25,MNQ,1min,next_execution_bar_open,next_execution_bar,stop_first,1.0,2.0,5,avoid_high_noise_first_5min,noise_w5_r1p25,"{""max_range_to_stop_distance"": 1.25, ""noise_window_minutes"": 5}"
49,266.4499999999971,3533.949999999997,3267.5,0.4897959183673469,5.437755102040757,-43.5,1.0815455241009937,-1092.0,0.5173742168109012,1.4186980660142563,0.24400183150182883,82.79591836734694,120.0,0.9183673469387755,0.02040816326530612,0.5102040816326531,0.061224489795918366,34,0.3063063063063063,1,22.512264150943395,2.5,avoid_high_noise_first_5min_sm1p00_tm2p00_d10_noise_w5_r1p25,MNQ,1min,next_execution_bar_open,next_execution_bar,stop_first,1.0,2.0,10,avoid_high_noise_first_5min,noise_w5_r1p25,"{""max_range_to_stop_distance"": 1.25, ""noise_window_minutes"": 5}"
7,-822.0,36.5,858.5,0.14285714285714285,-117.42857142857143,-131.0,0.0425160163075131,-697.0,-26.219871788956162,-51.90406884856918,-1.1793400286944047,69.0,71.0,1.0,0.0,0.42857142857142855,0.0,77,0.6936936936936937,0,3.2160377358490564,2.5,avoid_high_noise_first_5min_sm1p00_tm2p00_d10_noise_w10_r0p50,MNQ,1min,next_execution_bar_open,next_execution_bar,stop_first,1.0,2.0,10,avoid_high_noise_first_5min,noise_w10_r0p50,"{""max_range_to_stop_distance"": 0.5, ""noise_window_minutes"": 10}"
24,-16.05000000000291,1674.449999999997,1690.5,0.5416666666666666,-0.6687500000001213,7.75,0.9905057675243993,-1113.0,-0.06131213434172506,-0.15139355660489032,-0.014420485175204771,93.45833333333333,120.0,0.9583333333333334,0.041666666666666664,0.625,0.0,59,0.5315315315315315,1,11.026415094339622,2.5,avoid_high_noise_first_5min_sm1p00_tm2p00_d10_noise_w10_r0p75,MNQ,1min,next_execution_bar_open,next_execution_bar,stop_first,1.0,2.0,10,avoid_high_noise_first_5min,noise_w10_r0p75,"{""max_range_to_stop_distance"": 0.75, ""noise_window_minutes"": 10}"
35,872.9499999999971,3015.949999999997,2143.0,0.5714285714285714,24.94142857142849,36.5,1.4073495100326632,-926.5,2.2497976246764595,6.055915933302515,0.9422018348623822,93.08571428571429,120.0,0.9428571428571428,0.02857142857142857,0.6,0.02857142857142857,48,0.43243243243243246,1,16.080188679245282,2.5,avoid_high_noise_first_5min_sm1p00_tm2p00_d10_noise_w10_r1p00,MNQ,1min,next_execution_bar_open,next_execution_bar,stop_first,1.0,2.0,10,avoid_high_noise_first_5min,noise_w10_r1p00,"{""max_range_to_stop_distance"": 1.0, ""noise_window_minutes"": 10}"
40,816.9499999999971,3378.449999999997,2561.5,0.55,20.423749999999927,24.0,1.3189342182315038,-1070.0,1.8327378443323823,4.870273883147402,0.7635046728971936,89.95,120.0,0.925,0.025,0.575,0.05,43,0.38738738738738737,1,18.37735849056604,2.5,avoid_high_noise_first_5min_sm1p00_tm2p00_d10_noise_w10_r1p25,MNQ,1min,next_execution_bar_open,next_execution_bar,stop_first,1.0,2.0,10,avoid_high_noise_first_5min,noise_w10_r1p25,"{""max_range_to_stop_distance"": 1.25, ""noise_window_minutes"": 10}"
8,-32.0,220.5,252.5,0.375,-4.0,-23.0,0.8732673267326733,-109.5,-0.8627716712609638,-2.793450827323765,-0.2922374429223744,73.875,102.0,1.0,0.0,0.5,0.0,71,0.6396396396396397,1,3.6754716981132076,2.5,avoid_immediate_adverse_move_sm1p00_tm2p50_d5_adverse_w5_ticks8,MNQ,1min,next_execution_bar_open,next_execution_bar,stop_first,1.0,2.5,5,avoid_immediate_adverse_move,adverse_w5_ticks8,"{""adverse_window_minutes"": 5, ""max_adverse_ticks"": 8}"
8,236.5,497.0,260.5,0.25,29.5625,-20.75,1.907869481765835,-120.0,3.1342413775567004,14.930475542298208,1.9708333333333334,85.625,120.0,1.0,0.0,0.625,0.0,74,0.6666666666666666,1,3.6754716981132076,2.5,avoid_immediate_adverse_move_sm1p00_tm2p50_d15_adverse_w5_ticks8,MNQ,1min,next_execution_bar_open,next_execution_bar,stop_first,1.0,2.5,15,avoid_immediate_adverse_move,adverse_w5_ticks8,"{""adverse_window_minutes"": 5, ""max_adverse_ticks"": 8}"
13,435.5,931.5,496.0,0.46153846153846156,33.5,-18.5,1.878024193548387,-196.0,3.378094900454433,14.154573479276749,2.2219387755102042,81.0,120.0,1.0,0.0,0.5384615384615384,0.0,66,0.5945945945945946,1,5.972641509433962,2.5,avoid_immediate_adverse_move_sm1p00_tm2p50_d5_adverse_w5_ticks12,MNQ,1min,next_execution_bar_open,next_execution_bar,stop_first,1.0,2.5,5,avoid_immediate_adverse_move,adverse_w5_ticks12,"{""adverse_window_minutes"": 5, ""max_adverse_ticks"": 12}"
13,607.5,1162.0,554.5,0.3076923076923077,46.73076923076923,-21.0,2.095581605049594,-281.0,3.937152997800793,15.650553558970875,2.1619217081850532,86.6923076923077,120.0,1.0,0.0,0.6153846153846154,0.0,69,0.6216216216216216,1,5.972641509433962,2.5,avoid_immediate_adverse_move_sm1p00_tm2p50_d15_adverse_w5_ticks12,MNQ,1min,next_execution_bar_open,next_execution_bar,stop_first,1.0,2.5,15,avoid_immediate_adverse_move,adverse_w5_ticks12,"{""adverse_window_minutes"": 5, ""max_adverse_ticks"": 12}"
14,414.5,931.5,517.0,0.42857142857142855,29.607142857142858,-19.75,1.8017408123791103,-196.0,3.085068561312656,12.107163153148724,2.114795918367347,75.5,102.0,1.0,0.0,0.5,0.0,65,0.5855855855855856,1,6.432075471698113,2.5,avoid_immediate_adverse_move_sm1p00_tm2p50_d5_adverse_w5_ticks16,MNQ,1min,next_execution_bar_open,next_execution_bar,stop_first,1.0,2.5,5,avoid_immediate_adverse_move,adverse_w5_ticks16,"{""adverse_window_minutes"": 5, ""max_adverse_ticks"": 16}"
13,607.5,1162.0,554.5,0.3076923076923077,46.73076923076923,-21.0,2.095581605049594,-281.0,3.937152997800793,15.650553558970875,2.1619217081850532,86.6923076923077,120.0,1.0,0.0,0.6153846153846154,0.0,69,0.6216216216216216,1,5.972641509433962,2.5,avoid_immediate_adverse_move_sm1p00_tm2p50_d15_adverse_w5_ticks16,MNQ,1min,next_execution_bar_open,next_execution_bar,stop_first,1.0,2.5,15,avoid_immediate_adverse_move,adverse_w5_ticks16,"{""adverse_window_minutes"": 5, ""max_adverse_ticks"": 16}"
20,918.0,1755.5,837.5,0.45,45.9,-19.75,2.0961194029850745,-324.5,3.973108070651346,15.509665750363576,2.8289676425269645,80.75,120.0,1.0,0.0,0.55,0.0,59,0.5315315315315315,1,9.18867924528302,2.5,avoid_immediate_adverse_move_sm1p00_tm2p50_d5_adverse_w5_ticks24,MNQ,1min,next_execution_bar_open,next_execution_bar,stop_first,1.0,2.5,5,avoid_immediate_adverse_move,adverse_w5_ticks24,"{""adverse_window_minutes"": 5, ""max_adverse_ticks"": 24}"
19,1254.5,1966.0,711.5,0.3157894736842105,66.02631578947368,-21.0,2.76317638791286,-220.5,5.2362644589210845,23.152777138695612,5.6893424036281175,88.10526315789474,120.0,1.0,0.0,0.631578947368421,0.0,63,0.5675675675675675,1,8.729245283018868,2.5,avoid_immediate_adverse_move_sm1p00_tm2p50_d15_adverse_w5_ticks24,MNQ,1min,next_execution_bar_open,next_execution_bar,stop_first,1.0,2.5,15,avoid_immediate_adverse_move,adverse_w5_ticks24,"{""adverse_window_minutes"": 5, ""max_adverse_ticks"": 24}"
6,-142.0,97.5,239.5,0.16666666666666666,-23.666666666666668,-26.5,0.407098121085595,-120.0,-6.0756702762452806,-11.51263655383427,-1.1833333333333333,94.0,120.0,1.0,0.0,0.6666666666666666,0.0,76,0.6846846846846847,1,2.7566037735849056,2.5,avoid_immediate_adverse_move_sm1p00_tm2p50_d15_adverse_w10_ticks8,MNQ,1min,next_execution_bar_open,next_execution_bar,stop_first,1.0,2.5,15,avoid_immediate_adverse_move,adverse_w10_ticks8,"{""adverse_window_minutes"": 10, ""max_adverse_ticks"": 8}"
11,229.0,762.5,533.5,0.2727272727272727,20.818181818181817,-32.0,1.429240862230553,-337.0,1.9223590563971045,6.897519933246435,0.6795252225519288,91.45454545454545,120.0,1.0,0.0,0.6363636363636364,0.0,71,0.6396396396396397,1,5.05377358490566,2.5,avoid_immediate_adverse_move_sm1p00_tm2p50_d15_adverse_w10_ticks12,MNQ,1min,next_execution_bar_open,next_execution_bar,stop_first,1.0,2.5,15,avoid_immediate_adverse_move,adverse_w10_ticks12,"{""adverse_window_minutes"": 10, ""max_adverse_ticks"": 12}"
11,229.0,762.5,533.5,0.2727272727272727,20.818181818181817,-32.0,1.429240862230553,-337.0,1.9223590563971045,6.897519933246435,0.6795252225519288,91.45454545454545,120.0,1.0,0.0,0.6363636363636364,0.0,71,0.6396396396396397,1,5.05377358490566,2.5,avoid_immediate_adverse_move_sm1p00_tm2p50_d15_adverse_w10_ticks16,MNQ,1min,next_execution_bar_open,next_execution_bar,stop_first,1.0,2.5,15,avoid_immediate_adverse_move,adverse_w10_ticks16,"{""adverse_window_minutes"": 10, ""max_adverse_ticks"": 16}"
13,630.0,1264.0,634.0,0.3076923076923077,48.46153846153846,-32.0,1.9936908517350158,-381.5,3.703508668648908,16.577847555536405,1.651376146788991,91.6923076923077,120.0,1.0,0.0,0.6153846153846154,0.0,69,0.6216216216216216,1,5.972641509433962,2.5,avoid_immediate_adverse_move_sm1p00_tm2p50_d15_adverse_w10_ticks24,MNQ,1min,next_execution_bar_open,next_execution_bar,stop_first,1.0,2.5,15,avoid_immediate_adverse_move,adverse_w10_ticks24,"{""adverse_window_minutes"": 10, ""max_adverse_ticks"": 24}"
5,-109.5,97.5,207.0,0.2,-21.9,-20.5,0.47101449275362317,-120.0,-5.142788210683525,-9.805414333473186,-0.9125,110.8,120.0,1.0,0.0,0.8,0.0,77,0.6936936936936937,1,2.297169811320755,2.5,avoid_immediate_adverse_move_sm1p00_tm2p50_d15_adverse_w15_ticks8,MNQ,1min,next_execution_bar_open,next_execution_bar,stop_first,1.0,2.5,15,avoid_immediate_adverse_move,adverse_w15_ticks8,"{""adverse_window_minutes"": 15, ""max_adverse_ticks"": 8}"
10,261.5,762.5,501.0,0.3,26.15,-26.25,1.5219560878243512,-337.0,2.3134809569592663,8.416347882863505,0.7759643916913946,99.6,120.0,1.0,0.0,0.7,0.0,72,0.6486486486486487,1,4.59433962264151,2.5,avoid_immediate_adverse_move_sm1p00_tm2p50_d15_adverse_w15_ticks12,MNQ,1min,next_execution_bar_open,next_execution_bar,stop_first,1.0,2.5,15,avoid_immediate_adverse_move,adverse_w15_ticks12,"{""adverse_window_minutes"": 15, ""max_adverse_ticks"": 12}"
10,261.5,762.5,501.0,0.3,26.15,-26.25,1.5219560878243512,-337.0,2.3134809569592663,8.416347882863505,0.7759643916913946,99.6,120.0,1.0,0.0,0.7,0.0,72,0.6486486486486487,1,4.59433962264151,2.5,avoid_immediate_adverse_move_sm1p00_tm2p50_d15_adverse_w15_ticks16,MNQ,1min,next_execution_bar_open,next_execution_bar,stop_first,1.0,2.5,15,avoid_immediate_adverse_move,adverse_w15_ticks16,"{""adverse_window_minutes"": 15, ""max_adverse_ticks"": 16}"
12,662.5,1264.0,601.5,0.3333333333333333,55.208333333333336,-26.25,2.1014131338320863,-381.5,4.079493273816498,18.59989370952119,1.7365661861074706,98.5,120.0,1.0,0.0,0.6666666666666666,0.0,70,0.6306306306306306,1,5.513207547169811,2.5,avoid_immediate_adverse_move_sm1p00_tm2p50_d15_adverse_w15_ticks24,MNQ,1min,next_execution_bar_open,next_execution_bar,stop_first,1.0,2.5,15,avoid_immediate_adverse_move,adverse_w15_ticks24,"{""adverse_window_minutes"": 15, ""max_adverse_ticks"": 24}"
39,63.5,2225.0,2161.5,0.38461538461538464,1.6282051282051282,-39.5,1.029377746934999,-774.0,0.175296864715022,0.5023478416431122,0.08204134366925064,71.64102564102564,81.0,0.9743589743589743,0.0,0.4358974358974359,0.02564102564102564,40,0.36036036036036034,1,17.917924528301885,2.5,require_no_stop_zone_touch_before_entry_sm1p00_tm2p50_d5_stop_zone_0p50,MNQ,1min,next_execution_bar_open,next_execution_bar,stop_first,1.0,2.5,5,require_no_stop_zone_touch_before_entry,stop_zone_0p50,"{""stop_zone_fraction"": 0.5}"
21,119.0,1304.0,1185.0,0.38095238095238093,5.666666666666667,-26.5,1.10042194092827,-676.5,0.6249136389504298,1.478972395325372,0.17590539541759054,81.9047619047619,120.0,1.0,0.0,0.5714285714285714,0.0,61,0.5495495495495496,1,9.64811320754717,2.5,require_no_stop_zone_touch_before_entry_sm1p00_tm2p50_d15_stop_zone_0p50,MNQ,1min,next_execution_bar_open,next_execution_bar,stop_first,1.0,2.5,15,require_no_stop_zone_touch_before_entry,stop_zone_0p50,"{""stop_zone_fraction"": 0.5}"
11,295.0,624.0,329.0,0.5454545454545454,26.818181818181817,33.5,1.8966565349544073,-100.0,4.302899179021811,15.38550025196453,2.95,99.9090909090909,120.0,1.0,0.0,0.7272727272727273,0.0,54,0.4864864864864865,1,5.05377358490566,2.5,require_no_stop_zone_touch_before_entry_sm1p00_tm2p50_d30_stop_zone_0p50,MNQ,1min,next_execution_bar_open,next_execution_bar,stop_first,1.0,2.5,30,require_no_stop_zone_touch_before_entry,stop_zone_0p50,"{""stop_zone_fraction"": 0.5}"
50,1028.5,3564.5,2536.0,0.42,20.57,-29.25,1.4055599369085174,-815.5,2.056765289134453,6.387474445211851,1.2611894543225015,71.2,78.5,0.96,0.0,0.44,0.04,29,0.26126126126126126,1,22.971698113207548,2.5,require_no_stop_zone_touch_before_entry_sm1p00_tm2p50_d5_stop_zone_0p75,MNQ,1min,next_execution_bar_open,next_execution_bar,stop_first,1.0,2.5,5,require_no_stop_zone_touch_before_entry,stop_zone_0p75,"{""stop_zone_fraction"": 0.75}"
37,585.0625,2681.5625,2096.5,0.40540540540540543,15.8125,-24.0,1.2790663009778203,-971.0,1.5166158091044122,3.4078848661502126,0.6025360453141092,82.24324324324324,120.0,0.9459459459459459,0.02702702702702703,0.5135135135135135,0.02702702702702703,45,0.40540540540540543,1,16.999056603773585,2.5,require_no_stop_zone_touch_before_entry_sm1p00_tm2p50_d15_stop_zone_0p75,MNQ,1min,next_execution_bar_open,next_execution_bar,stop_first,1.0,2.5,15,require_no_stop_zone_touch_before_entry,stop_zone_0p75,"{""stop_zone_fraction"": 0.75}"
25,-341.5,1081.0,1422.5,0.44,-13.66,-32.0,0.7599297012302285,-914.0,-1.689307210751685,-2.1238133316374657,-0.37363238512035013,92.52,120.0,1.0,0.0,0.64,0.0,40,0.36036036036036034,1,11.485849056603774,2.5,require_no_stop_zone_touch_before_entry_sm1p00_tm2p50_d30_stop_zone_0p75,MNQ,1min,next_execution_bar_open,next_execution_bar,stop_first,1.0,2.5,30,require_no_stop_zone_touch_before_entry,stop_zone_0p75,"{""stop_zone_fraction"": 0.75}"
58,860.5,3988.0,3127.5,0.39655172413793105,14.836206896551724,-31.0,1.2751398880895284,-945.5,1.4915168548199629,4.553178872733758,0.9101004759386568,70.03448275862068,78.5,0.9655172413793104,0.0,0.41379310344827586,0.034482758620689655,21,0.1891891891891892,1,26.647169811320754,2.5,require_no_stop_zone_touch_before_entry_sm1p00_tm2p50_d5_stop_zone_1p00,MNQ,1min,next_execution_bar_open,next_execution_bar,stop_first,1.0,2.5,5,require_no_stop_zone_touch_before_entry,stop_zone_1p00,"{""stop_zone_fraction"": 1.0}"
47,1049.0625,3967.0625,2918.0,0.425531914893617,22.320478723404257,-24.0,1.3595142220699108,-823.5,1.961923032936615,4.787690789752567,1.2739071038251366,80.61702127659575,114.0,0.9361702127659575,0.02127659574468085,0.48936170212765956,0.0425531914893617,35,0.3153153153153153,1,21.593396226415095,2.5,require_no_stop_zone_touch_before_entry_sm1p00_tm2p50_d15_stop_zone_1p00,MNQ,1min,next_execution_bar_open,next_execution_bar,stop_first,1.0,2.5,15,require_no_stop_zone_touch_before_entry,stop_zone_1p00,"{""stop_zone_fraction"": 1.0}"
39,342.0,2651.0,2309.0,0.46153846153846156,8.76923076923077,-32.0,1.148116067561715,-947.0,0.8383228801926822,1.4991943912034005,0.3611404435058078,89.71794871794872,120.0,1.0,0.0,0.6153846153846154,0.0,26,0.23423423423423423,1,17.917924528301885,2.5,require_no_stop_zone_touch_before_entry_sm1p00_tm2p50_d30_stop_zone_1p00,MNQ,1min,next_execution_bar_open,next_execution_bar,stop_first,1.0,2.5,30,require_no_stop_zone_touch_before_entry,stop_zone_1p00,"{""stop_zone_fraction"": 1.0}"
48,1160.5,3640.5,2480.0,0.4375,24.177083333333332,-24.25,1.4679435483870968,-782.5,2.233928054176061,6.830509691473598,1.4830670926517573,72.79166666666667,94.5,0.9583333333333334,0.0,0.4583333333333333,0.041666666666666664,31,0.27927927927927926,1,22.052830188679245,2.5,require_micro_momentum_confirmation_sm1p00_tm2p50_d5_momentum_w5_close_vs_window_open,MNQ,1min,next_execution_bar_open,next_execution_bar,stop_first,1.0,2.5,5,require_micro_momentum_confirmation,momentum_w5_close_vs_window_open,"{""confirmation_window_minutes"": 5, ""mode"": ""close_vs_window_open""}"
61,305.5625,4308.0625,4002.5,0.29508196721311475,5.00922131147541,-30.5,1.0763429106808244,-1145.0,0.4400390694609948,1.113265088140318,0.26686681222707426,63.34426229508197,71.0,0.9508196721311475,0.01639344262295082,0.3770491803278688,0.03278688524590164,21,0.1891891891891892,1,28.025471698113208,2.5,require_micro_momentum_confirmation_sm1p00_tm2p50_d15_momentum_w5_close_vs_window_open,MNQ,1min,next_execution_bar_open,next_execution_bar,stop_first,1.0,2.5,15,require_micro_momentum_confirmation,momentum_w5_close_vs_window_open,"{""confirmation_window_minutes"": 5, ""mode"": ""close_vs_window_open""}"
49,1150.5,3660.5,2510.0,0.4489795918367347,23.479591836734695,-17.0,1.4583665338645417,-861.0,2.277488658084794,6.465462955089304,1.3362369337979094,77.81632653061224,105.0,0.9591836734693877,0.0,0.46938775510204084,0.04081632653061224,30,0.2702702702702703,1,22.512264150943395,2.5,require_micro_momentum_confirmation_sm1p00_tm2p50_d5_momentum_w5_close_vs_local_mid,MNQ,1min,next_execution_bar_open,next_execution_bar,stop_first,1.0,2.5,5,require_micro_momentum_confirmation,momentum_w5_close_vs_local_mid,"{""confirmation_window_minutes"": 5, ""mode"": ""close_vs_local_mid""}"
61,51.5625,3995.5625,3944.0,0.29508196721311475,0.8452868852459017,-30.5,1.0130736561866125,-1662.0,0.07648627231088195,0.18624433489327025,0.03102436823104693,60.9344262295082,66.0,0.9344262295081968,0.01639344262295082,0.36065573770491804,0.04918032786885246,21,0.1891891891891892,1,28.025471698113208,2.5,require_micro_momentum_confirmation_sm1p00_tm2p50_d15_momentum_w5_close_vs_local_mid,MNQ,1min,next_execution_bar_open,next_execution_bar,stop_first,1.0,2.5,15,require_micro_momentum_confirmation,momentum_w5_close_vs_local_mid,"{""confirmation_window_minutes"": 5, ""mode"": ""close_vs_local_mid""}"
61,305.5625,4308.0625,4002.5,0.29508196721311475,5.00922131147541,-30.5,1.0763429106808244,-1145.0,0.4400390694609948,1.113265088140318,0.26686681222707426,63.34426229508197,71.0,0.9508196721311475,0.01639344262295082,0.3770491803278688,0.03278688524590164,21,0.1891891891891892,1,28.025471698113208,2.5,require_micro_momentum_confirmation_sm1p00_tm2p50_d15_momentum_w10_close_vs_window_open,MNQ,1min,next_execution_bar_open,next_execution_bar,stop_first,1.0,2.5,15,require_micro_momentum_confirmation,momentum_w10_close_vs_window_open,"{""confirmation_window_minutes"": 10, ""mode"": ""close_vs_window_open""}"
61,375.0625,4312.0625,3937.0,0.3114754098360656,6.148565573770492,-30.5,1.0952660655321311,-1345.5,0.5426255537460235,1.3620912097220308,0.27875325157933856,62.885245901639344,71.0,0.9344262295081968,0.01639344262295082,0.3770491803278688,0.04918032786885246,21,0.1891891891891892,1,28.025471698113208,2.5,require_micro_momentum_confirmation_sm1p00_tm2p50_d15_momentum_w10_close_vs_local_mid,MNQ,1min,next_execution_bar_open,next_execution_bar,stop_first,1.0,2.5,15,require_micro_momentum_confirmation,momentum_w10_close_vs_local_mid,"{""confirmation_window_minutes"": 10, ""mode"": ""close_vs_local_mid""}"
61,305.5625,4308.0625,4002.5,0.29508196721311475,5.00922131147541,-30.5,1.0763429106808244,-1145.0,0.4400390694609948,1.113265088140318,0.26686681222707426,63.34426229508197,71.0,0.9508196721311475,0.01639344262295082,0.3770491803278688,0.03278688524590164,21,0.1891891891891892,1,28.025471698113208,2.5,require_micro_momentum_confirmation_sm1p00_tm2p50_d15_momentum_w15_close_vs_window_open,MNQ,1min,next_execution_bar_open,next_execution_bar,stop_first,1.0,2.5,15,require_micro_momentum_confirmation,momentum_w15_close_vs_window_open,"{""confirmation_window_minutes"": 15, ""mode"": ""close_vs_window_open""}"
64,279.0625,4312.0625,4033.0,0.296875,4.3603515625,-30.5,1.0691947681626581,-1420.5,0.39356939921335643,0.9739589259950798,0.1964537134811686,59.984375,55.0,0.9375,0.015625,0.359375,0.046875,18,0.16216216216216217,1,29.40377358490566,2.5,require_micro_momentum_confirmation_sm1p00_tm2p50_d15_momentum_w15_close_vs_local_mid,MNQ,1min,next_execution_bar_open,next_execution_bar,stop_first,1.0,2.5,15,require_micro_momentum_confirmation,momentum_w15_close_vs_local_mid,"{""confirmation_window_minutes"": 15, ""mode"": ""close_vs_local_mid""}"
14,288.5,942.0,653.5,0.6428571428571429,20.607142857142858,22.75,1.441469013006886,-226.0,2.3170860064418095,10.063531688825586,1.2765486725663717,103.5,120.0,0.9285714285714286,0.0,0.7857142857142857,0.07142857142857142,65,0.5855855855855856,1,6.432075471698113,2.5,avoid_high_noise_first_5min_sm1p00_tm2p50_d5_noise_w5_r0p50,MNQ,1min,next_execution_bar_open,next_execution_bar,stop_first,1.0,2.5,5,avoid_high_noise_first_5min,noise_w5_r0p50,"{""max_range_to_stop_distance"": 0.5, ""noise_window_minutes"": 5}"
19,-79.5,1314.0,1393.5,0.5263157894736842,-4.184210526315789,11.5,0.9429494079655544,-973.5,-0.37122772066150184,-0.8317636071674421,-0.08166409861325115,95.0,120.0,1.0,0.0,0.6842105263157895,0.0,64,0.5765765765765766,1,8.729245283018868,2.5,avoid_high_noise_first_5min_sm1p00_tm2p50_d10_noise_w5_r0p50,MNQ,1min,next_execution_bar_open,next_execution_bar,stop_first,1.0,2.5,10,avoid_high_noise_first_5min,noise_w5_r0p50,"{""max_range_to_stop_distance"": 0.5, ""noise_window_minutes"": 5}"
30,548.0,2262.0,1714.0,0.5666666666666667,18.266666666666666,17.5,1.3197199533255544,-689.0,1.8471803506771056,7.056306940225288,0.795355587808418,92.63333333333334,120.0,0.9666666666666667,0.0,0.6333333333333333,0.03333333333333333,49,0.44144144144144143,1,13.783018867924527,2.5,avoid_high_noise_first_5min_sm1p00_tm2p50_d5_noise_w5_r0p75,MNQ,1min,next_execution_bar_open,next_execution_bar,stop_first,1.0,2.5,5,avoid_high_noise_first_5min,noise_w5_r0p75,"{""max_range_to_stop_distance"": 0.75, ""noise_window_minutes"": 5}"
37,1164.5,3348.0,2183.5,0.5675675675675675,31.472972972972972,36.5,1.533318067323105,-926.5,2.7936501786458474,7.399350755071169,1.2568807339449541,93.91891891891892,120.0,0.972972972972973,0.0,0.6486486486486487,0.02702702702702703,46,0.4144144144144144,1,16.999056603773585,2.5,avoid_high_noise_first_5min_sm1p00_tm2p50_d10_noise_w5_r0p75,MNQ,1min,next_execution_bar_open,next_execution_bar,stop_first,1.0,2.5,10,avoid_high_noise_first_5min,noise_w5_r0p75,"{""max_range_to_stop_distance"": 0.75, ""noise_window_minutes"": 5}"
38,1048.5,3304.0,2255.5,0.5263157894736842,27.592105263157894,15.25,1.4648636665927732,-624.0,2.5042562047281542,10.117146274587101,1.6802884615384615,86.89473684210526,120.0,0.9736842105263158,0.0,0.5789473684210527,0.02631578947368421,41,0.36936936936936937,1,17.458490566037735,2.5,avoid_high_noise_first_5min_sm1p00_tm2p50_d5_noise_w5_r1p00,MNQ,1min,next_execution_bar_open,next_execution_bar,stop_first,1.0,2.5,5,avoid_high_noise_first_5min,noise_w5_r1p00,"{""max_range_to_stop_distance"": 1.0, ""noise_window_minutes"": 5}"
43,589.0,3356.5,2767.5,0.5116279069767442,13.69767441860465,4.0,1.2128274616079495,-1222.5,1.2522010006994093,3.307304187709836,0.481799591002045,88.76744186046511,120.0,0.9534883720930233,0.0,0.5813953488372093,0.046511627906976744,40,0.36036036036036034,1,19.75566037735849,2.5,avoid_high_noise_first_5min_sm1p00_tm2p50_d10_noise_w5_r1p00,MNQ,1min,next_execution_bar_open,next_execution_bar,stop_first,1.0,2.5,10,avoid_high_noise_first_5min,noise_w5_r1p00,"{""max_range_to_stop_distance"": 1.0, ""noise_window_minutes"": 5}"
45,1365.0,3945.5,2580.5,0.5111111111111111,30.333333333333332,15.0,1.5289672544080604,-758.5,2.7537744438344935,10.777952652721595,1.7996044825313118,86.93333333333334,120.0,0.9777777777777777,0.0,0.5555555555555556,0.022222222222222223,34,0.3063063063063063,1,20.67452830188679,2.5,avoid_high_noise_first_5min_sm1p00_tm2p50_d5_noise_w5_r1p25,MNQ,1min,next_execution_bar_open,next_execution_bar,stop_first,1.0,2.5,5,avoid_high_noise_first_5min,noise_w5_r1p25,"{""max_range_to_stop_distance"": 1.25, ""noise_window_minutes"": 5}"
49,310.0,3577.5,3267.5,0.4897959183673469,6.326530612244898,-43.5,1.0948737566947206,-1092.0,0.5954447240392456,1.650577596038372,0.2838827838827839,83.24489795918367,120.0,0.9387755102040817,0.0,0.5306122448979592,0.061224489795918366,34,0.3063063063063063,1,22.512264150943395,2.5,avoid_high_noise_first_5min_sm1p00_tm2p50_d10_noise_w5_r1p25,MNQ,1min,next_execution_bar_open,next_execution_bar,stop_first,1.0,2.5,10,avoid_high_noise_first_5min,noise_w5_r1p25,"{""max_range_to_stop_distance"": 1.25, ""noise_window_minutes"": 5}"
7,-822.0,36.5,858.5,0.14285714285714285,-117.42857142857143,-131.0,0.0425160163075131,-697.0,-26.219871788956162,-51.90406884856918,-1.1793400286944047,69.0,71.0,1.0,0.0,0.42857142857142855,0.0,77,0.6936936936936937,0,3.2160377358490564,2.5,avoid_high_noise_first_5min_sm1p00_tm2p50_d10_noise_w10_r0p50,MNQ,1min,next_execution_bar_open,next_execution_bar,stop_first,1.0,2.5,10,avoid_high_noise_first_5min,noise_w10_r0p50,"{""max_range_to_stop_distance"": 0.5, ""noise_window_minutes"": 10}"
24,27.5,1718.0,1690.5,0.5416666666666666,1.1458333333333333,7.75,1.0162673765158237,-1113.0,0.10290087838261279,0.2593970596033476,0.024707996406109614,94.375,120.0,1.0,0.0,0.6666666666666666,0.0,59,0.5315315315315315,1,11.026415094339622,2.5,avoid_high_noise_first_5min_sm1p00_tm2p50_d10_noise_w10_r0p75,MNQ,1min,next_execution_bar_open,next_execution_bar,stop_first,1.0,2.5,10,avoid_high_noise_first_5min,noise_w10_r0p75,"{""max_range_to_stop_distance"": 0.75, ""noise_window_minutes"": 10}"
35,916.5,3059.5,2143.0,0.5714285714285714,26.185714285714287,36.5,1.4276714885674289,-926.5,2.331908263929696,6.358035343229021,0.9892066918510524,93.71428571428571,120.0,0.9714285714285714,0.0,0.6285714285714286,0.02857142857142857,48,0.43243243243243246,1,16.080188679245282,2.5,avoid_high_noise_first_5min_sm1p00_tm2p50_d10_noise_w10_r1p00,MNQ,1min,next_execution_bar_open,next_execution_bar,stop_first,1.0,2.5,10,avoid_high_noise_first_5min,noise_w10_r1p00,"{""max_range_to_stop_distance"": 1.0, ""noise_window_minutes"": 10}"
40,860.5,3422.0,2561.5,0.55,21.5125,24.0,1.3359359750146398,-1070.0,1.9087622479223565,5.129898618579294,0.8042056074766355,90.5,120.0,0.95,0.0,0.6,0.05,43,0.38738738738738737,1,18.37735849056604,2.5,avoid_high_noise_first_5min_sm1p00_tm2p50_d10_noise_w10_r1p25,MNQ,1min,next_execution_bar_open,next_execution_bar,stop_first,1.0,2.5,10,avoid_high_noise_first_5min,noise_w10_r1p25,"{""max_range_to_stop_distance"": 1.25, ""noise_window_minutes"": 10}"
