trades,net_pnl,gross_profit,gross_loss,winrate,avg_trade,median_trade,profit_factor,max_drawdown,sharpe_daily,sortino_daily,pnl_to_maxdd,avg_holding_minutes,median_holding_minutes,stop_exit_rate,target_exit_rate,time_stop_exit_rate,eod_exit_rate,skipped_trades,skip_rate,blocked_setups,turnover_proxy,estimated_cost_per_trade,config_id,symbol,execution_timeframe,entry_timing,protective_orders_active_from,ambiguous_policy,stop_multiplier,target_multiplier,entry_delay_minutes,filter_family,filter_label,filter_params
184,-808.3000000000029,4717.824999999997,5526.125,0.21195652173913043,-4.3929347826087115,-22.5,0.8537311407179529,-858.6000000000022,-0.8845354144361536,-2.0806539967234303,-0.9414162590263229,28.005434782608695,9.5,0.842391304347826,0.15760869565217392,0.10326086956521739,0.0,0,0.0,0,39.81398104265403,2.5,none_sm0p75_tm1p00_d0,MNQ,1min,next_execution_bar_open,next_execution_bar,stop_first,0.75,1.0,0,none,none,{}
162,-296.1000000000058,4955.649999999994,5251.75,0.24074074074074073,-1.8277777777778137,-23.625,0.9436187937354205,-1052.625,-0.3393606866428268,-0.7802369726040471,-0.2812967581047437,30.728395061728396,13.0,0.808641975308642,0.19135802469135801,0.08641975308641975,0.0,0,0.0,0,35.053613744075825,2.5,none_sm0p75_tm1p00_d5,MNQ,1min,next_execution_bar_open,next_execution_bar,stop_first,0.75,1.0,5,none,none,{}
148,-734.5750000000044,4673.424999999996,5408.0,0.25675675675675674,-4.963344594594624,-24.1875,0.8641688239644962,-1394.9750000000022,-0.8420828038991947,-1.7396874209010902,-0.5265864979659157,35.398648648648646,20.5,0.8040540540540541,0.1891891891891892,0.10135135135135136,0.006756756756756757,0,0.0,1,32.024289099526065,2.5,none_sm0p75_tm1p00_d10,MNQ,1min,next_execution_bar_open,next_execution_bar,stop_first,0.75,1.0,10,none,none,{}
139,131.87500000000364,5178.750000000004,5046.875,0.302158273381295,0.9487410071942708,-22.0,1.026130030959753,-566.3000000000029,0.15003088947926915,0.33794506385746853,0.23287126964506968,39.460431654676256,26.0,0.7697841726618705,0.22302158273381295,0.11510791366906475,0.007194244604316547,0,0.0,1,30.076866113744074,2.5,none_sm0p75_tm1p00_d15,MNQ,1min,next_execution_bar_open,next_execution_bar,stop_first,0.75,1.0,15,none,none,{}
128,547.4499999999971,5210.199999999997,4662.75,0.3359375,4.276953124999977,-22.3125,1.117409254195485,-593.0,0.7011927824812911,1.656985027603998,0.923187183811125,51.4765625,35.5,0.78125,0.203125,0.1796875,0.015625,0,0.0,2,27.696682464454973,2.5,none_sm0p75_tm1p00_d30,MNQ,1min,next_execution_bar_open,next_execution_bar,stop_first,0.75,1.0,30,none,none,{}
183,-196.9375,5337.8125,5534.75,0.20765027322404372,-1.0761612021857923,-22.5,0.9644179953927459,-703.25,-0.19110119977858972,-0.5080964570826916,-0.2800391041592606,31.69945355191257,9.0,0.8579234972677595,0.14207650273224043,0.12021857923497267,0.0,0,0.0,1,39.59760071090047,2.5,none_sm0p75_tm1p25_d0,MNQ,1min,next_execution_bar_open,next_execution_bar,stop_first,0.75,1.25,0,none,none,{}
161,-193.1875,5270.4375,5463.625,0.22981366459627328,-1.1999223602484472,-24.75,0.9646411494200279,-787.15625,-0.19783861722824295,-0.4926129859701361,-0.24542459009885267,35.440993788819874,15.0,0.8509316770186336,0.14285714285714285,0.11801242236024845,0.006211180124223602,0,0.0,1,34.83723341232227,2.5,none_sm0p75_tm1p25_d5,MNQ,1min,next_execution_bar_open,next_execution_bar,stop_first,0.75,1.25,5,none,none,{}
147,-975.46875,4435.53125,5411.0,0.25170068027210885,-6.635841836734694,-24.375,0.8197248660136759,-1658.53125,-1.1346953152948176,-2.3184555152957036,-0.5881521677689221,40.53061224489796,22.0,0.8503401360544217,0.14285714285714285,0.14285714285714285,0.006802721088435374,0,0.0,2,31.80790876777251,2.5,none_sm0p75_tm1p25_d10,MNQ,1min,next_execution_bar_open,next_execution_bar,stop_first,0.75,1.25,10,none,none,{}
138,4.40625,5092.53125,5088.125,0.2826086956521739,0.03192934782608696,-22.25,1.0008659869794865,-599.625,0.004999390272515098,0.011378574601862482,0.007348342714196373,46.18840579710145,26.0,0.855072463768116,0.13768115942028986,0.18115942028985507,0.007246376811594203,0,0.0,2,29.86048578199052,2.5,none_sm0p75_tm1p25_d15,MNQ,1min,next_execution_bar_open,next_execution_bar,stop_first,0.75,1.25,15,none,none,{}
128,726.3125,5389.0625,4662.75,0.3359375,5.67431640625,-22.3125,1.1557691276607152,-527.71875,0.8906321064208965,2.1983540740919447,1.376324983715284,56.9765625,51.0,0.8359375,0.1484375,0.234375,0.015625,0,0.0,2,27.696682464454973,2.5,none_sm0p75_tm1p25_d30,MNQ,1min,next_execution_bar_open,next_execution_bar,stop_first,0.75,1.25,30,none,none,{}
182,-49.07499999999709,5550.925000000003,5600.0,0.2032967032967033,-0.26964285714284114,-22.875,0.9912366071428577,-650.5,-0.04539425070632425,-0.12519941318099123,-0.07544196771713618,34.92857142857143,10.5,0.8791208791208791,0.11538461538461539,0.13736263736263737,0.005494505494505495,0,0.0,2,39.38122037914692,2.5,none_sm0p75_tm1p50_d0,MNQ,1min,next_execution_bar_open,next_execution_bar,stop_first,0.75,1.5,0,none,none,{}
160,-160.53749999999127,5244.962500000009,5405.5,0.225,-1.0033593749999454,-24.375,0.9703010822310626,-881.6374999999971,-0.1620503391609403,-0.40934815595491886,-0.18209014475903282,39.1125,15.5,0.8875,0.10625,0.15625,0.00625,0,0.0,2,34.620853080568715,2.5,none_sm0p75_tm1p50_d5,MNQ,1min,next_execution_bar_open,next_execution_bar,stop_first,0.75,1.5,5,none,none,{}
147,-725.7624999999971,4712.737500000003,5438.5,0.24489795918367346,-4.937159863945558,-24.375,0.8665509791302755,-1419.887499999997,-0.7906038998884604,-1.7310549739664185,-0.5111408474262916,42.83673469387755,22.0,0.8843537414965986,0.10884353741496598,0.17687074829931973,0.006802721088435374,0,0.0,2,31.80790876777251,2.5,none_sm0p75_tm1p50_d10,MNQ,1min,next_execution_bar_open,next_execution_bar,stop_first,0.75,1.5,10,none,none,{}
138,377.987499999992,5466.112499999992,5088.125,0.2826086956521739,2.7390398550724058,-22.25,1.0742881709863636,-673.625,0.40126762835190605,0.976104162796347,0.5611245128966295,48.61594202898551,26.5,0.8840579710144928,0.10869565217391304,0.21014492753623187,0.007246376811594203,0,0.0,2,29.86048578199052,2.5,none_sm0p75_tm1p50_d15,MNQ,1min,next_execution_bar_open,next_execution_bar,stop_first,0.75,1.5,15,none,none,{}
128,975.8625000000029,5638.612500000003,4662.75,0.3359375,7.623925781250023,-22.3125,1.209289046163745,-489.1124999999993,1.1374114523084167,2.953675315554334,1.995169822893515,59.515625,54.5,0.8671875,0.109375,0.265625,0.0234375,0,0.0,2,27.696682464454973,2.5,none_sm0p75_tm1p50_d30,MNQ,1min,next_execution_bar_open,next_execution_bar,stop_first,0.75,1.5,30,none,none,{}
182,359.05000000000473,5959.050000000005,5600.0,0.2032967032967033,1.9728021978022239,-22.875,1.0641160714285722,-655.0,0.3015021289151422,0.9160030423359788,0.5481679389313049,38.62637362637363,10.5,0.9395604395604396,0.054945054945054944,0.1978021978021978,0.005494505494505495,0,0.0,2,39.38122037914692,2.5,none_sm0p75_tm2p00_d0,MNQ,1min,next_execution_bar_open,next_execution_bar,stop_first,0.75,2.0,0,none,none,{}
160,518.0000000000055,5923.5000000000055,5405.5,0.225,3.237500000000034,-24.375,1.0958283230043484,-767.4249999999993,0.4668799848254622,1.3208275000212517,0.674984526175204,42.45625,15.5,0.93125,0.0625,0.2,0.00625,0,0.0,2,34.620853080568715,2.5,none_sm0p75_tm2p00_d5,MNQ,1min,next_execution_bar_open,next_execution_bar,stop_first,0.75,2.0,5,none,none,{}
147,-420.3999999999978,5018.100000000002,5438.5,0.24489795918367346,-2.8598639455782164,-24.375,0.9226992736967918,-1388.199999999997,-0.43637322852253363,-1.0027185354099741,-0.3028382077510436,47.17687074829932,22.0,0.9387755102040817,0.05442176870748299,0.23129251700680273,0.006802721088435374,0,0.0,2,31.80790876777251,2.5,none_sm0p75_tm2p00_d10,MNQ,1min,next_execution_bar_open,next_execution_bar,stop_first,0.75,2.0,10,none,none,{}
138,470.975000000004,5559.100000000004,5088.125,0.2826086956521739,3.4128623188406086,-22.25,1.092563567129346,-740.75,0.4846644678140703,1.2162324364510022,0.6358083023962254,51.61594202898551,27.0,0.9347826086956522,0.057971014492753624,0.2608695652173913,0.007246376811594203,0,0.0,2,29.86048578199052,2.5,none_sm0p75_tm2p00_d15,MNQ,1min,next_execution_bar_open,next_execution_bar,stop_first,0.75,2.0,15,none,none,{}
128,1333.550000000003,5996.300000000003,4662.75,0.3359375,10.418359375000023,-22.3125,1.2860007506299937,-510.47499999999854,1.4595348159305637,4.036299906039507,2.6123708310887053,63.078125,61.5,0.921875,0.0546875,0.3203125,0.0234375,0,0.0,2,27.696682464454973,2.5,none_sm0p75_tm2p00_d30,MNQ,1min,next_execution_bar_open,next_execution_bar,stop_first,0.75,2.0,30,none,none,{}
182,634.875,6234.875,5600.0,0.2032967032967033,3.4883241758241756,-22.875,1.1133705357142858,-655.0,0.5093249441681963,1.6196836972651352,0.9692748091603054,40.25824175824176,10.5,0.9725274725274725,0.02197802197802198,0.23076923076923078,0.005494505494505495,0,0.0,2,39.38122037914692,2.5,none_sm0p75_tm2p50_d0,MNQ,1min,next_execution_bar_open,next_execution_bar,stop_first,0.75,2.5,0,none,none,{}
160,734.875,6140.375,5405.5,0.225,4.59296875,-24.375,1.135949495883822,-680.5625,0.6393365086614903,1.8738283959036823,1.079805308109101,44.1125,15.5,0.9625,0.03125,0.23125,0.00625,0,0.0,2,34.620853080568715,2.5,none_sm0p75_tm2p50_d5,MNQ,1min,next_execution_bar_open,next_execution_bar,stop_first,0.75,2.5,5,none,none,{}
147,-614.5625,4823.9375,5438.5,0.24489795918367346,-4.180697278911564,-24.375,0.8869977935092397,-1565.8125,-0.6584601490527991,-1.4658259037057457,-0.3924879255977328,48.10204081632653,22.0,0.9795918367346939,0.013605442176870748,0.272108843537415,0.006802721088435374,0,0.0,2,31.80790876777251,2.5,none_sm0p75_tm2p50_d10,MNQ,1min,next_execution_bar_open,next_execution_bar,stop_first,0.75,2.5,10,none,none,{}
138,255.75,5343.875,5088.125,0.2826086956521739,1.8532608695652173,-22.25,1.0502640953199853,-740.75,0.2725002779728759,0.660441521571933,0.3452581842726966,53.65942028985507,27.0,0.9710144927536232,0.021739130434782608,0.2971014492753623,0.007246376811594203,0,0.0,2,29.86048578199052,2.5,none_sm0p75_tm2p50_d15,MNQ,1min,next_execution_bar_open,next_execution_bar,stop_first,0.75,2.5,15,none,none,{}
128,1313.5625,5976.3125,4662.75,0.3359375,10.26220703125,-22.3125,1.2817141172055118,-485.1875,1.439897962081951,3.9758030784950007,2.7073296406028597,64.59375,63.0,0.9453125,0.03125,0.34375,0.0234375,0,0.0,2,27.696682464454973,2.5,none_sm0p75_tm2p50_d30,MNQ,1min,next_execution_bar_open,next_execution_bar,stop_first,0.75,2.5,30,none,none,{}
182,516.5249999999978,6116.524999999998,5600.0,0.2032967032967033,2.8380494505494385,-22.875,1.0922366071428569,-681.625,0.4241878751787043,1.3177509300726449,0.7577847056666024,40.57692307692308,10.5,0.9835164835164835,0.01098901098901099,0.24175824175824176,0.005494505494505495,0,0.0,2,39.38122037914692,2.5,none_sm0p75_tm3p00_d0,MNQ,1min,next_execution_bar_open,next_execution_bar,stop_first,0.75,3.0,0,none,none,{}
160,415.72499999999854,5821.2249999999985,5405.5,0.225,2.598281249999991,-24.375,1.0769077791138653,-747.875,0.3804496715241893,1.0600405645681994,0.5558749791074692,44.66875,15.5,0.9875,0.00625,0.25625,0.00625,0,0.0,2,34.620853080568715,2.5,none_sm0p75_tm3p00_d5,MNQ,1min,next_execution_bar_open,next_execution_bar,stop_first,0.75,3.0,5,none,none,{}
147,-635.2750000000015,4803.2249999999985,5438.5,0.24489795918367346,-4.321598639455792,-24.375,0.8831892985198122,-1586.5250000000015,-0.6823837696903615,-1.515228395772065,-0.40041915507161935,48.4421768707483,22.0,0.9863945578231292,0.006802721088435374,0.2789115646258503,0.006802721088435374,0,0.0,2,31.80790876777251,2.5,none_sm0p75_tm3p00_d10,MNQ,1min,next_execution_bar_open,next_execution_bar,stop_first,0.75,3.0,10,none,none,{}
138,186.67499999999927,5274.799999999999,5088.125,0.2826086956521739,1.3527173913043427,-22.25,1.0366883675224172,-740.75,0.20012592670796156,0.4820642073878401,0.2520080998987503,53.992753623188406,27.0,0.9855072463768116,0.007246376811594203,0.3115942028985507,0.007246376811594203,0,0.0,2,29.86048578199052,2.5,none_sm0p75_tm3p00_d15,MNQ,1min,next_execution_bar_open,next_execution_bar,stop_first,0.75,3.0,15,none,none,{}
128,1169.0,5831.75,4662.75,0.3359375,9.1328125,-22.3125,1.2507104176719748,-511.125,1.2828965519171949,3.538250976836394,2.2871117632673026,65.40625,63.0,0.96875,0.0078125,0.3671875,0.0234375,0,0.0,2,27.696682464454973,2.5,none_sm0p75_tm3p00_d30,MNQ,1min,next_execution_bar_open,next_execution_bar,stop_first,0.75,3.0,30,none,none,{}
184,-1923.9500000000044,5057.549999999996,6981.5,0.22282608695652173,-10.456250000000024,-28.75,0.7244216858841217,-1898.4500000000044,-1.8964740079298392,-3.781960996682346,-1.0134320103242118,31.809782608695652,14.0,0.8260869565217391,0.16847826086956522,0.10869565217391304,0.005434782608695652,0,0.0,0,39.81398104265403,2.5,none_sm1p00_tm1p00_d0,MNQ,1min,next_execution_bar_open,next_execution_bar,stop_first,1.0,1.0,0,none,none,{}
162,-1088.0500000000065,5235.449999999993,6323.5,0.2654320987654321,-6.716358024691399,-27.25,0.8279354787696677,-1583.0,-1.147363137514535,-2.202214962833559,-0.6873341756159232,36.96913580246913,20.0,0.7962962962962963,0.19753086419753085,0.12962962962962962,0.006172839506172839,0,0.0,0,35.053613744075825,2.5,none_sm1p00_tm1p00_d5,MNQ,1min,next_execution_bar_open,next_execution_bar,stop_first,1.0,1.0,5,none,none,{}
148,-525.0500000000065,5581.449999999993,6106.5,0.30405405405405406,-3.5476351351351796,-26.25,0.914017849832145,-1217.2000000000007,-0.5325035705398167,-0.9912021926263606,-0.43135885639172383,44.33108108108108,28.0,0.7702702702702703,0.21621621621621623,0.14864864864864866,0.013513513513513514,0,0.0,1,32.024289099526065,2.5,none_sm1p00_tm1p00_d10,MNQ,1min,next_execution_bar_open,next_execution_bar,stop_first,1.0,1.0,10,none,none,{}
139,95.09999999999854,5767.0999999999985,5672.0,0.34532374100719426,0.6841726618704931,-21.5,1.0167665726375175,-591.4500000000007,0.09981144717816527,0.19358947449247518,0.16079127567841478,48.0431654676259,38.0,0.7410071942446043,0.2446043165467626,0.17985611510791366,0.014388489208633094,0,0.0,1,30.076866113744074,2.5,none_sm1p00_tm1p00_d15,MNQ,1min,next_execution_bar_open,next_execution_bar,stop_first,1.0,1.0,15,none,none,{}
128,1032.9249999999956,5920.424999999996,4887.5,0.390625,8.069726562499966,-17.5,1.2113401534526844,-685.8500000000022,1.2319652840190438,2.627334349025785,1.5060508857621817,60.2109375,46.0,0.734375,0.2421875,0.2734375,0.0234375,0,0.0,2,27.696682464454973,2.5,none_sm1p00_tm1p00_d30,MNQ,1min,next_execution_bar_open,next_execution_bar,stop_first,1.0,1.0,30,none,none,{}
183,-1589.6875,5422.3125,7012.0,0.21311475409836064,-8.68681693989071,-29.0,0.7732904306902453,-1637.28125,-1.4392569536991398,-3.138375007009849,-0.9709312312713531,36.021857923497265,14.0,0.8524590163934426,0.14207650273224043,0.13114754098360656,0.00546448087431694,0,0.0,1,39.59760071090047,2.5,none_sm1p00_tm1p25_d0,MNQ,1min,next_execution_bar_open,next_execution_bar,stop_first,1.0,1.25,0,none,none,{}
161,-1007.5625,5582.4375,6590.0,0.2546583850931677,-6.258152173913044,-27.5,0.8471073596358119,-1189.15625,-0.9553398363218413,-1.9678065747270344,-0.8472919349328568,42.0,21.0,0.8385093167701864,0.14906832298136646,0.16770186335403728,0.012422360248447204,0,0.0,1,34.83723341232227,2.5,none_sm1p00_tm1p25_d5,MNQ,1min,next_execution_bar_open,next_execution_bar,stop_first,1.0,1.25,5,none,none,{}
147,-760.28125,5350.21875,6110.5,0.29931972789115646,-5.171981292517007,-26.5,0.8755778986989609,-1265.3125,-0.7719753400171613,-1.4411809381433824,-0.6008644109656706,50.46258503401361,34.0,0.8231292517006803,0.16326530612244897,0.19727891156462585,0.013605442176870748,0,0.0,2,31.80790876777251,2.5,none_sm1p00_tm1p25_d10,MNQ,1min,next_execution_bar_open,next_execution_bar,stop_first,1.0,1.25,10,none,none,{}
138,-99.75,5624.25,5724.0,0.32608695652173914,-0.7228260869565217,-21.5,0.9825733752620545,-773.84375,-0.10458376294491589,-0.20481342034211283,-0.1289019908734806,55.69565217391305,46.0,0.8333333333333334,0.15217391304347827,0.2608695652173913,0.014492753623188406,0,0.0,2,29.86048578199052,2.5,none_sm1p00_tm1p25_d15,MNQ,1min,next_execution_bar_open,next_execution_bar,stop_first,1.0,1.25,15,none,none,{}
128,1253.9375,6141.4375,4887.5,0.390625,9.79638671875,-17.5,1.2565601023017903,-579.6875,1.4290359861654405,3.189498816740357,2.1631266846361186,66.40625,63.0,0.8046875,0.171875,0.34375,0.0234375,0,0.0,2,27.696682464454973,2.5,none_sm1p00_tm1p25_d30,MNQ,1min,next_execution_bar_open,next_execution_bar,stop_first,1.0,1.25,30,none,none,{}
182,-1463.574999999997,5635.425000000003,7099.0,0.2087912087912088,-8.041620879120863,-29.0,0.7938336385406399,-1543.4999999999964,-1.2615415651916055,-2.859042363844265,-0.9482183349530292,39.285714285714285,15.0,0.8736263736263736,0.11538461538461539,0.14835164835164835,0.01098901098901099,0,0.0,2,39.38122037914692,2.5,none_sm1p00_tm1p50_d0,MNQ,1min,next_execution_bar_open,next_execution_bar,stop_first,1.0,1.5,0,none,none,{}
160,-922.8374999999905,5589.1625000000095,6512.0,0.25,-5.767734374999941,-27.5,0.8582866246928762,-1131.262499999997,-0.8572335109811665,-1.802648692080016,-0.8157589418901386,45.74375,23.5,0.875,0.1125,0.20625,0.0125,0,0.0,2,34.620853080568715,2.5,none_sm1p00_tm1p50_d5,MNQ,1min,next_execution_bar_open,next_execution_bar,stop_first,1.0,1.5,5,none,none,{}
147,-441.1499999999978,5696.850000000002,6138.0,0.2925170068027211,-3.0010204081632503,-27.5,0.9281280547409583,-962.0249999999978,-0.4197559870791853,-0.8390405400372611,-0.4585639666328825,53.2312925170068,38.0,0.8707482993197279,0.11564625850340136,0.24489795918367346,0.013605442176870748,0,0.0,2,31.80790876777251,2.5,none_sm1p00_tm1p50_d10,MNQ,1min,next_execution_bar_open,next_execution_bar,stop_first,1.0,1.5,10,none,none,{}
138,313.8124999999927,6037.812499999993,5724.0,0.32608695652173914,2.274003623188353,-21.5,1.0548239867225704,-665.8750000000036,0.3095976233184492,0.6443409671289001,0.471278393091783,58.471014492753625,47.5,0.8695652173913043,0.11594202898550725,0.2971014492753623,0.014492753623188406,0,0.0,2,29.86048578199052,2.5,none_sm1p00_tm1p50_d15,MNQ,1min,next_execution_bar_open,next_execution_bar,stop_first,1.0,1.5,15,none,none,{}
128,1607.862500000003,6495.362500000003,4887.5,0.390625,12.561425781250023,-17.5,1.3289744245524302,-633.2125000000015,1.7303698192838883,4.089737759043974,2.539214718597626,69.5,71.5,0.8359375,0.1328125,0.375,0.03125,0,0.0,2,27.696682464454973,2.5,none_sm1p00_tm1p50_d30,MNQ,1min,next_execution_bar_open,next_execution_bar,stop_first,1.0,1.5,30,none,none,{}
182,-1055.4499999999953,6043.550000000005,7099.0,0.2087912087912088,-5.799175824175798,-29.0,0.851324130159178,-1133.3999999999978,-0.8344181904003737,-2.0617845091091485,-0.9312246338450656,42.98351648351648,15.0,0.9340659340659341,0.054945054945054944,0.2087912087912088,0.01098901098901099,0,0.0,2,39.38122037914692,2.5,none_sm1p00_tm2p00_d0,MNQ,1min,next_execution_bar_open,next_execution_bar,stop_first,1.0,2.0,0,none,none,{}
160,-226.49999999999454,6285.5000000000055,6512.0,0.25,-1.415624999999966,-27.5,0.9652180589680598,-938.0499999999993,-0.19028126207387563,-0.44243968061128636,-0.2414583444379241,49.35625,23.5,0.925,0.0625,0.25625,0.0125,0,0.0,2,34.620853080568715,2.5,none_sm1p00_tm2p00_d5,MNQ,1min,next_execution_bar_open,next_execution_bar,stop_first,1.0,2.0,5,none,none,{}
147,-147.39999999999782,5990.600000000002,6138.0,0.2925170068027211,-1.0027210884353592,-27.5,0.9759856630824376,-965.0999999999985,-0.1354801530785907,-0.2803458587815733,-0.1527302870168874,57.63945578231292,43.0,0.9319727891156463,0.05442176870748299,0.30612244897959184,0.013605442176870748,0,0.0,2,31.80790876777251,2.5,none_sm1p00_tm2p00_d10,MNQ,1min,next_execution_bar_open,next_execution_bar,stop_first,1.0,2.0,10,none,none,{}
138,445.600000000004,6169.600000000004,5724.0,0.32608695652173914,3.228985507246406,-21.5,1.0778476589797352,-708.5,0.4262178911394736,0.9149359408967047,0.6289343683839154,61.85507246376812,53.5,0.927536231884058,0.057971014492753624,0.35507246376811596,0.014492753623188406,0,0.0,2,29.86048578199052,2.5,none_sm1p00_tm2p00_d15,MNQ,1min,next_execution_bar_open,next_execution_bar,stop_first,1.0,2.0,15,none,none,{}
128,1901.800000000003,6789.300000000003,4887.5,0.390625,14.857812500000023,-17.5,1.3891150895140671,-606.5,1.9588480025359611,4.8373932908752,3.1356966199505405,74.0078125,99.5,0.9140625,0.0546875,0.453125,0.03125,0,0.0,2,27.696682464454973,2.5,none_sm1p00_tm2p00_d30,MNQ,1min,next_execution_bar_open,next_execution_bar,stop_first,1.0,2.0,30,none,none,{}
182,-779.625,6319.375,7099.0,0.2087912087912088,-4.283653846153846,-29.0,0.8901781941118467,-1020.5625,-0.5912618804951257,-1.522970058187718,-0.763916957560169,44.61538461538461,15.0,0.967032967032967,0.02197802197802198,0.24175824175824176,0.01098901098901099,0,0.0,2,39.38122037914692,2.5,none_sm1p00_tm2p50_d0,MNQ,1min,next_execution_bar_open,next_execution_bar,stop_first,1.0,2.5,0,none,none,{}
160,-9.625,6502.375,6512.0,0.25,-0.06015625,-27.5,0.9985219594594594,-860.5,-0.007836809755121792,-0.01880124470588845,-0.011185357350377687,51.0125,23.5,0.95625,0.03125,0.2875,0.0125,0,0.0,2,34.620853080568715,2.5,none_sm1p00_tm2p50_d5,MNQ,1min,next_execution_bar_open,next_execution_bar,stop_first,1.0,2.5,5,none,none,{}
147,-341.5625,5796.4375,6138.0,0.2925170068027211,-2.3235544217687076,-27.5,0.9443528022157054,-1119.5625,-0.3217273017843993,-0.6496311559707093,-0.305085691955563,58.564625850340136,43.0,0.9727891156462585,0.013605442176870748,0.3469387755102041,0.013605442176870748,0,0.0,2,31.80790876777251,2.5,none_sm1p00_tm2p50_d10,MNQ,1min,next_execution_bar_open,next_execution_bar,stop_first,1.0,2.5,10,none,none,{}
138,230.375,5954.375,5724.0,0.32608695652173914,1.6693840579710144,-21.5,1.0402472047519218,-708.5,0.22704954098280047,0.47302147079011775,0.32515878616796046,63.89855072463768,53.5,0.9637681159420289,0.021739130434782608,0.391304347826087,0.014492753623188406,0,0.0,2,29.86048578199052,2.5,none_sm1p00_tm2p50_d15,MNQ,1min,next_execution_bar_open,next_execution_bar,stop_first,1.0,2.5,15,none,none,{}
128,1881.8125,6769.3125,4887.5,0.390625,14.70166015625,-17.5,1.3850255754475704,-558.5,1.9408405360844203,4.786553350607358,3.3694046553267682,75.5234375,111.0,0.9375,0.03125,0.4765625,0.03125,0,0.0,2,27.696682464454973,2.5,none_sm1p00_tm2p50_d30,MNQ,1min,next_execution_bar_open,next_execution_bar,stop_first,1.0,2.5,30,none,none,{}
182,-897.9750000000022,6201.024999999998,7099.0,0.2087912087912088,-4.933928571428583,-29.0,0.8735068319481614,-1051.0,-0.6956461368211637,-1.754162626905396,-0.8544005708848736,44.934065934065934,15.0,0.978021978021978,0.01098901098901099,0.25274725274725274,0.01098901098901099,0,0.0,2,39.38122037914692,2.5,none_sm1p00_tm3p00_d0,MNQ,1min,next_execution_bar_open,next_execution_bar,stop_first,1.0,3.0,0,none,none,{}
160,-328.77500000000146,6183.2249999999985,6512.0,0.25,-2.054843750000009,-27.5,0.9495124385749384,-918.5,-0.27993522597584214,-0.6422212185120522,-0.3579477408818742,51.56875,23.5,0.98125,0.00625,0.3125,0.0125,0,0.0,2,34.620853080568715,2.5,none_sm1p00_tm3p00_d5,MNQ,1min,next_execution_bar_open,next_execution_bar,stop_first,1.0,3.0,5,none,none,{}
147,-362.27500000000146,5775.7249999999985,6138.0,0.2925170068027211,-2.464455782312935,-27.5,0.9409783317041379,-1140.2750000000015,-0.34190053463865544,-0.6890250745596769,-0.31770844752362454,58.904761904761905,43.0,0.9795918367346939,0.006802721088435374,0.35374149659863946,0.013605442176870748,0,0.0,2,31.80790876777251,2.5,none_sm1p00_tm3p00_d10,MNQ,1min,next_execution_bar_open,next_execution_bar,stop_first,1.0,3.0,10,none,none,{}
138,161.29999999999927,5885.299999999999,5724.0,0.32608695652173914,1.1688405797101395,-21.5,1.0281795946890284,-722.5,0.1598090994934146,0.3311920270795253,0.22325259515570833,64.23188405797102,53.5,0.9782608695652174,0.007246376811594203,0.4057971014492754,0.014492753623188406,0,0.0,2,29.86048578199052,2.5,none_sm1p00_tm3p00_d15,MNQ,1min,next_execution_bar_open,next_execution_bar,stop_first,1.0,3.0,15,none,none,{}
128,1737.25,6624.75,4887.5,0.390625,13.572265625,-17.5,1.3554475703324809,-558.5,1.7929333234795033,4.418846090321237,3.1105640107430617,76.3359375,119.5,0.9609375,0.0078125,0.5,0.03125,0,0.0,2,27.696682464454973,2.5,none_sm1p00_tm3p00_d30,MNQ,1min,next_execution_bar_open,next_execution_bar,stop_first,1.0,3.0,30,none,none,{}
184,-2299.8000000000065,5636.449999999993,7936.25,0.25,-12.498913043478296,-31.125,0.7102157820129146,-2425.650000000005,-2.0898317873834986,-3.8838206473022603,-0.948116999567127,36.63586956521739,17.0,0.8043478260869565,0.19021739130434784,0.1358695652173913,0.005434782608695652,0,0.0,0,39.81398104265403,2.5,none_sm1p25_tm1p00_d0,MNQ,1min,next_execution_bar_open,next_execution_bar,stop_first,1.25,1.0,0,none,none,{}
162,-1178.400000000005,6011.224999999995,7189.625,0.30246913580246915,-7.274074074074106,-26.4375,0.8360971538849377,-1612.1499999999978,-1.1145794256674129,-1.929864831567864,-0.7309493533480177,41.882716049382715,25.0,0.7654320987654321,0.22839506172839505,0.14814814814814814,0.006172839506172839,0,0.0,0,35.053613744075825,2.5,none_sm1p25_tm1p00_d5,MNQ,1min,next_execution_bar_open,next_execution_bar,stop_first,1.25,1.0,5,none,none,{}
148,-1016.9750000000058,5923.399999999994,6940.375,0.32432432432432434,-6.871452702702742,-28.9375,0.8534697332636917,-1368.5999999999985,-0.9643421305364086,-1.6875849791738131,-0.7430768668712603,49.37162162162162,38.0,0.7567567567567568,0.22972972972972974,0.18243243243243243,0.013513513513513514,0,0.0,1,32.024289099526065,2.5,none_sm1p25_tm1p00_d10,MNQ,1min,next_execution_bar_open,next_execution_bar,stop_first,1.25,1.0,10,none,none,{}
139,-84.375,6197.25,6281.625,0.3669064748201439,-0.6070143884892086,-23.625,0.9865679660915766,-849.0750000000007,-0.08333917084542802,-0.1525520679187564,-0.09937284692164995,53.21582733812949,46.0,0.7122302158273381,0.26618705035971224,0.22302158273381295,0.02158273381294964,0,0.0,1,30.076866113744074,2.5,none_sm1p25_tm1p00_d15,MNQ,1min,next_execution_bar_open,next_execution_bar,stop_first,1.25,1.0,15,none,none,{}
128,1333.9999999999964,6275.749999999996,4941.75,0.4140625,10.421874999999972,-15.25,1.2699448575909336,-880.4750000000022,1.5393124539759675,3.1611171230737867,1.5150912859535968,66.234375,59.5,0.7265625,0.25,0.34375,0.0234375,0,0.0,2,27.696682464454973,2.5,none_sm1p25_tm1p00_d30,MNQ,1min,next_execution_bar_open,next_execution_bar,stop_first,1.25,1.0,30,none,none,{}
182,-2053.28125,5939.09375,7992.375,0.23076923076923078,-11.28176510989011,-32.0625,0.7430949811539124,-2133.875,-1.725155139397163,-3.494964895217845,-0.9622312694042529,41.214285714285715,22.5,0.8406593406593407,0.15384615384615385,0.16483516483516483,0.005494505494505495,0,0.0,2,39.38122037914692,2.5,none_sm1p25_tm1p25_d0,MNQ,1min,next_execution_bar_open,next_execution_bar,stop_first,1.25,1.25,0,none,none,{}
160,-1221.90625,6189.21875,7411.125,0.275,-7.6369140625,-30.5,0.8351254026885256,-1409.65625,-1.067610165124089,-2.030158278547805,-0.8668115010308364,47.825,32.5,0.83125,0.1625,0.20625,0.00625,0,0.0,2,34.620853080568715,2.5,none_sm1p25_tm1p25_d5,MNQ,1min,next_execution_bar_open,next_execution_bar,stop_first,1.25,1.25,5,none,none,{}
146,-1297.625,5668.25,6965.875,0.3150684931506849,-8.887842465753424,-29.875,0.8137168697399824,-1585.78125,-1.225086759436448,-2.1685296205720768,-0.8182875160114297,56.136986301369866,50.0,0.821917808219178,0.17123287671232876,0.23972602739726026,0.00684931506849315,0,0.0,3,31.591528436018955,2.5,none_sm1p25_tm1p25_d10,MNQ,1min,next_execution_bar_open,next_execution_bar,stop_first,1.25,1.25,10,none,none,{}
137,-410.0,5920.0,6330.0,0.34306569343065696,-2.9927007299270074,-23.625,0.9352290679304898,-791.09375,-0.40611787100428565,-0.7475844383834508,-0.5182698005135296,61.81021897810219,55.0,0.8248175182481752,0.16058394160583941,0.32116788321167883,0.014598540145985401,0,0.0,3,29.644105450236964,2.5,none_sm1p25_tm1p25_d15,MNQ,1min,next_execution_bar_open,next_execution_bar,stop_first,1.25,1.25,15,none,none,{}
128,1417.1875,6358.9375,4941.75,0.4140625,11.07177734375,-15.25,1.2867784691657813,-772.3125,1.5884276743692514,3.3582426333254456,1.8349923120498504,72.84375,74.0,0.8046875,0.171875,0.421875,0.0234375,0,0.0,2,27.696682464454973,2.5,none_sm1p25_tm1p25_d30,MNQ,1min,next_execution_bar_open,next_execution_bar,stop_first,1.25,1.25,30,none,none,{}
181,-1799.287499999995,6301.837500000005,8101.125,0.2265193370165746,-9.940814917127044,-33.0,0.7778965884367918,-1938.9999999999964,-1.4255620590889007,-3.011763610678985,-0.9279461062403291,44.45303867403315,25.0,0.861878453038674,0.13259668508287292,0.18232044198895028,0.0055248618784530384,0,0.0,3,39.16484004739336,2.5,none_sm1p25_tm1p50_d0,MNQ,1min,next_execution_bar_open,next_execution_bar,stop_first,1.25,1.5,0,none,none,{}
159,-1093.7874999999913,6219.462500000009,7313.25,0.27044025157232704,-6.879166666666611,-29.875,0.8504375619594583,-1521.387499999997,-0.9338144327451536,-1.817497405400504,-0.7189407695278115,52.0440251572327,37.0,0.8742138364779874,0.11949685534591195,0.25157232704402516,0.006289308176100629,0,0.0,3,34.40447274881516,2.5,none_sm1p25_tm1p50_d5,MNQ,1min,next_execution_bar_open,next_execution_bar,stop_first,1.25,1.5,5,none,none,{}
146,-1037.5249999999978,5955.850000000002,6993.375,0.3082191780821918,-7.106335616438341,-29.875,0.8516417323538352,-1341.5249999999978,-0.9305206866864164,-1.7388886084125799,-0.7733922215389198,59.321917808219176,56.0,0.8767123287671232,0.11643835616438356,0.2945205479452055,0.00684931506849315,0,0.0,3,31.591528436018955,2.5,none_sm1p25_tm1p50_d10,MNQ,1min,next_execution_bar_open,next_execution_bar,stop_first,1.25,1.5,10,none,none,{}
137,34.112499999991996,6364.112499999992,6330.0,0.34306569343065696,0.24899635036490508,-23.625,1.0053890205371236,-746.75,0.031902578518863536,0.062199936961827997,0.045681285570796114,64.75912408759125,59.0,0.8613138686131386,0.12408759124087591,0.35766423357664234,0.014598540145985401,0,0.0,3,29.644105450236964,2.5,none_sm1p25_tm1p50_d15,MNQ,1min,next_execution_bar_open,next_execution_bar,stop_first,1.25,1.5,15,none,none,{}
128,1771.112500000003,6712.862500000003,4941.75,0.4140625,13.836816406250023,-15.25,1.3583978347751309,-825.8375000000015,1.8784160970522916,4.196922076941564,2.1446259100609986,75.9375,95.5,0.8359375,0.1328125,0.453125,0.03125,0,0.0,2,27.696682464454973,2.5,none_sm1p25_tm1p50_d30,MNQ,1min,next_execution_bar_open,next_execution_bar,stop_first,1.25,1.5,30,none,none,{}
181,-1331.5749999999953,6769.550000000005,8101.125,0.2265193370165746,-7.356767955801079,-33.0,0.8356308537394503,-1394.4499999999953,-0.9684713685214617,-2.228876224555479,-0.9549105382050269,48.70165745856354,25.0,0.9337016574585635,0.06077348066298342,0.2541436464088398,0.0055248618784530384,0,0.0,3,39.16484004739336,2.5,none_sm1p25_tm2p00_d0,MNQ,1min,next_execution_bar_open,next_execution_bar,stop_first,1.25,2.0,0,none,none,{}
159,-336.3499999999931,6976.900000000007,7313.25,0.27044025157232704,-2.1154088050314033,-29.875,0.9540081359176846,-1213.5249999999978,-0.26210742497978057,-0.5588976399039592,-0.277167755093627,55.735849056603776,38.0,0.9245283018867925,0.06918238993710692,0.3018867924528302,0.006289308176100629,0,0.0,3,34.40447274881516,2.5,none_sm1p25_tm2p00_d5,MNQ,1min,next_execution_bar_open,next_execution_bar,stop_first,1.25,2.0,5,none,none,{}
146,-743.7749999999978,6249.600000000002,6993.375,0.3082191780821918,-5.094349315068478,-29.875,0.8936457718912545,-1321.449999999997,-0.6464495286577177,-1.246564540345597,-0.5628476294978996,63.76027397260274,63.0,0.9383561643835616,0.0547945205479452,0.3561643835616438,0.00684931506849315,0,0.0,3,31.591528436018955,2.5,none_sm1p25_tm2p00_d10,MNQ,1min,next_execution_bar_open,next_execution_bar,stop_first,1.25,2.0,10,none,none,{}
137,227.00000000000546,6557.0000000000055,6330.0,0.34306569343065696,1.656934306569383,-23.625,1.0358609794628761,-933.375,0.2052685766656257,0.41390650612938396,0.24320342841838002,68.48905109489051,76.0,0.9197080291970803,0.06569343065693431,0.41605839416058393,0.014598540145985401,0,0.0,3,29.644105450236964,2.5,none_sm1p25_tm2p00_d15,MNQ,1min,next_execution_bar_open,next_execution_bar,stop_first,1.25,2.0,15,none,none,{}
128,2065.050000000003,7006.800000000003,4941.75,0.4140625,16.133203125000023,-15.25,1.4178782819851272,-799.125,2.0991014443874865,4.893451960272527,2.584138901923983,80.4453125,120.0,0.9140625,0.0546875,0.53125,0.03125,0,0.0,2,27.696682464454973,2.5,none_sm1p25_tm2p00_d30,MNQ,1min,next_execution_bar_open,next_execution_bar,stop_first,1.25,2.0,30,none,none,{}
181,-1046.75,7054.375,8101.125,0.2265193370165746,-5.783149171270718,-33.0,0.8707895508339891,-1346.0,-0.7338087603931132,-1.752117746318049,-0.7776745913818722,50.60220994475138,25.0,0.9723756906077348,0.022099447513812154,0.292817679558011,0.0055248618784530384,0,0.0,3,39.16484004739336,2.5,none_sm1p25_tm2p50_d0,MNQ,1min,next_execution_bar_open,next_execution_bar,stop_first,1.25,2.5,0,none,none,{}
159,-160.875,7152.375,7313.25,0.27044025157232704,-1.0117924528301887,-29.875,0.9780022561788535,-1095.3125,-0.12240690188799487,-0.2673187388718635,-0.1468758915834522,57.59748427672956,38.0,0.9622641509433962,0.031446540880503145,0.33962264150943394,0.006289308176100629,0,0.0,3,34.40447274881516,2.5,none_sm1p25_tm2p50_d5,MNQ,1min,next_execution_bar_open,next_execution_bar,stop_first,1.25,2.5,5,none,none,{}
146,-937.9375,6055.4375,6993.375,0.3082191780821918,-6.424229452054795,-29.875,0.8658819954599889,-1499.0625,-0.8335147142966146,-1.5719802743577047,-0.6256827183656452,64.6917808219178,63.0,0.9794520547945206,0.0136986301369863,0.3972602739726027,0.00684931506849315,0,0.0,3,31.591528436018955,2.5,none_sm1p25_tm2p50_d10,MNQ,1min,next_execution_bar_open,next_execution_bar,stop_first,1.25,2.5,10,none,none,{}
137,72.875,6402.875,6330.0,0.34306569343065696,0.531934306569343,-23.625,1.0115126382306476,-933.375,0.06717677754598385,0.1328785754809609,0.07807687156823356,70.58394160583941,94.0,0.9562043795620438,0.029197080291970802,0.45255474452554745,0.014598540145985401,0,0.0,3,29.644105450236964,2.5,none_sm1p25_tm2p50_d15,MNQ,1min,next_execution_bar_open,next_execution_bar,stop_first,1.25,2.5,15,none,none,{}
128,2045.0625,6986.8125,4941.75,0.4140625,15.97705078125,-15.25,1.4138336621642131,-726.25,2.0814508310602613,4.846088520619268,2.81592082616179,81.9609375,120.0,0.9375,0.03125,0.5546875,0.03125,0,0.0,2,27.696682464454973,2.5,none_sm1p25_tm2p50_d30,MNQ,1min,next_execution_bar_open,next_execution_bar,stop_first,1.25,2.5,30,none,none,{}
181,-1165.1000000000022,6936.024999999998,8101.125,0.2265193370165746,-6.437016574585647,-33.0,0.8561804687620543,-1346.0,-0.8317502113039615,-1.9502196190448176,-0.8656017830609228,50.92265193370166,25.0,0.9834254143646409,0.011049723756906077,0.30386740331491713,0.0055248618784530384,0,0.0,3,39.16484004739336,2.5,none_sm1p25_tm3p00_d0,MNQ,1min,next_execution_bar_open,next_execution_bar,stop_first,1.25,3.0,0,none,none,{}
159,-480.02500000000146,6833.2249999999985,7313.25,0.27044025157232704,-3.0190251572327136,-29.875,0.9343622876286191,-1177.875,-0.3797470733906225,-0.7976359137651386,-0.4075347553857595,58.15723270440252,38.0,0.9874213836477987,0.006289308176100629,0.36477987421383645,0.006289308176100629,0,0.0,3,34.40447274881516,2.5,none_sm1p25_tm3p00_d5,MNQ,1min,next_execution_bar_open,next_execution_bar,stop_first,1.25,3.0,5,none,none,{}
146,-958.6500000000015,6034.7249999999985,6993.375,0.3082191780821918,-6.566095890410969,-29.875,0.8629202638211162,-1519.7750000000015,-0.8534284702010487,-1.6066943586465152,-0.6307841621292629,65.03424657534246,63.0,0.9863013698630136,0.00684931506849315,0.4041095890410959,0.00684931506849315,0,0.0,3,31.591528436018955,2.5,none_sm1p25_tm3p00_d10,MNQ,1min,next_execution_bar_open,next_execution_bar,stop_first,1.25,3.0,10,none,none,{}
137,21.799999999999272,6351.799999999999,6330.0,0.34306569343065696,0.15912408759123556,-23.625,1.0034439178515007,-933.375,0.02013689229458773,0.03974961160185044,0.02335610017409859,70.92700729927007,94.0,0.9781021897810219,0.0072992700729927005,0.4744525547445255,0.014598540145985401,0,0.0,3,29.644105450236964,2.5,none_sm1p25_tm3p00_d15,MNQ,1min,next_execution_bar_open,next_execution_bar,stop_first,1.25,3.0,15,none,none,{}
128,1900.5,6842.25,4941.75,0.4140625,14.84765625,-15.25,1.384580361208074,-705.375,1.9353790335488512,4.50352555652305,2.6943115364167998,82.7734375,120.0,0.9609375,0.0078125,0.578125,0.03125,0,0.0,2,27.696682464454973,2.5,none_sm1p25_tm3p00_d30,MNQ,1min,next_execution_bar_open,next_execution_bar,stop_first,1.25,3.0,30,none,none,{}
184,-2143.5500000000065,6556.199999999993,8699.75,0.2717391304347826,-11.649728260869601,-28.875,0.7536078622948927,-2241.900000000005,-1.6069292307476435,-3.155729823619044,-0.9561309603461358,41.32608695652174,24.5,0.7771739130434783,0.21195652173913043,0.15217391304347827,0.010869565217391304,0,0.0,0,39.81398104265403,2.5,none_sm1p50_tm1p00_d0,MNQ,1min,next_execution_bar_open,next_execution_bar,stop_first,1.5,1.0,0,none,none,{}
162,-774.1000000000058,6506.649999999994,7280.75,0.3271604938271605,-4.778395061728431,-25.875,0.893678535865123,-1440.625,-0.6469433735547863,-1.271553014042442,-0.5373362255965334,46.69753086419753,31.5,0.7530864197530864,0.24074074074074073,0.19135802469135801,0.006172839506172839,0,0.0,0,35.053613744075825,2.5,none_sm1p50_tm1p00_d5,MNQ,1min,next_execution_bar_open,next_execution_bar,stop_first,1.5,1.0,5,none,none,{}
148,-977.0000000000036,6197.249999999996,7174.25,0.33783783783783783,-6.601351351351376,-26.125,0.8638185176150812,-1330.0249999999978,-0.8967096894683162,-1.5107988096721827,-0.7345726584086805,54.195945945945944,39.5,0.7364864864864865,0.24324324324324326,0.23648648648648649,0.02027027027027027,0,0.0,1,32.024289099526065,2.5,none_sm1p50_tm1p00_d10,MNQ,1min,next_execution_bar_open,next_execution_bar,stop_first,1.5,1.0,10,none,none,{}
139,-54.82500000000073,6508.424999999999,6563.25,0.37410071942446044,-0.3944244604316599,-24.5,0.9916466689521196,-835.0,-0.047600287623884165,-0.09213924438827316,-0.06565868263473142,58.25179856115108,52.0,0.7050359712230215,0.2733812949640288,0.2733812949640288,0.02158273381294964,0,0.0,1,30.076866113744074,2.5,none_sm1p50_tm1p00_d15,MNQ,1min,next_execution_bar_open,next_execution_bar,stop_first,1.5,1.0,15,none,none,{}
128,1058.3749999999964,6365.874999999996,5307.5,0.4296875,8.268554687499972,-14.25,1.1994112105511063,-1128.3500000000022,1.1754818279511368,2.2062962767540877,0.9379846678778697,69.265625,66.5,0.71875,0.2578125,0.375,0.0234375,0,0.0,2,27.696682464454973,2.5,none_sm1p50_tm1p00_d30,MNQ,1min,next_execution_bar_open,next_execution_bar,stop_first,1.5,1.0,30,none,none,{}
182,-1773.125,6985.875,8759.0,0.25274725274725274,-9.742445054945055,-30.75,0.797565361342619,-1846.59375,-1.2071505117198804,-2.631360249850652,-0.9602139073632194,46.52197802197802,28.5,0.8186813186813187,0.17032967032967034,0.18681318681318682,0.01098901098901099,0,0.0,2,39.38122037914692,2.5,none_sm1p50_tm1p25_d0,MNQ,1min,next_execution_bar_open,next_execution_bar,stop_first,1.5,1.25,0,none,none,{}
160,-710.125,6799.625,7509.75,0.3,-4.43828125,-28.875,0.9054395951929158,-1251.21875,-0.5352788197844022,-1.183662256899567,-0.5675466420240266,52.81875,38.5,0.81875,0.175,0.25,0.00625,0,0.0,2,34.620853080568715,2.5,none_sm1p50_tm1p25_d5,MNQ,1min,next_execution_bar_open,next_execution_bar,stop_first,1.5,1.25,5,none,none,{}
146,-1188.6875,6012.0625,7200.75,0.3287671232876712,-8.141695205479452,-26.25,0.8349217095441447,-1452.46875,-1.0790408551561566,-1.851946453433394,-0.8183911013576024,61.0958904109589,56.5,0.8013698630136986,0.18493150684931506,0.2945205479452055,0.0136986301369863,0,0.0,3,31.591528436018955,2.5,none_sm1p50_tm1p25_d10,MNQ,1min,next_execution_bar_open,next_execution_bar,stop_first,1.5,1.25,10,none,none,{}
137,-733.0,5920.0,6653.0,0.34306569343065696,-5.350364963503649,-25.5,0.8898241394859462,-930.25,-0.7075057698232559,-1.2445902847505548,-0.7879602257457673,66.54014598540147,64.0,0.8248175182481752,0.16058394160583941,0.3795620437956204,0.014598540145985401,0,0.0,3,29.644105450236964,2.5,none_sm1p50_tm1p25_d15,MNQ,1min,next_execution_bar_open,next_execution_bar,stop_first,1.5,1.25,15,none,none,{}
128,1160.59375,6468.09375,5307.5,0.4296875,9.067138671875,-14.25,1.2186705134243994,-1020.1875,1.2537176264615155,2.4193822316750424,1.1376278870305703,75.9140625,93.0,0.796875,0.1796875,0.453125,0.0234375,0,0.0,2,27.696682464454973,2.5,none_sm1p50_tm1p25_d30,MNQ,1min,next_execution_bar_open,next_execution_bar,stop_first,1.5,1.25,30,none,none,{}
181,-1930.7499999999964,7051.000000000004,8981.75,0.2430939226519337,-10.667127071823185,-32.25,0.7850363236563035,-2057.962499999998,-1.393408709042427,-2.80831431794172,-0.9381852196043409,49.51933701657459,29.0,0.850828729281768,0.13812154696132597,0.20994475138121546,0.011049723756906077,0,0.0,3,39.16484004739336,2.5,none_sm1p50_tm1p50_d0,MNQ,1min,next_execution_bar_open,next_execution_bar,stop_first,1.5,1.5,0,none,none,{}
159,-1037.6624999999913,6476.587500000009,7514.25,0.2893081761006289,-6.526179245282964,-30.0,0.8619073759856285,-1435.7124999999978,-0.8713611252937544,-1.7287879130193355,-0.7227508989438992,56.81761006289308,43.0,0.8679245283018868,0.12578616352201258,0.29559748427672955,0.006289308176100629,0,0.0,3,34.40447274881516,2.5,none_sm1p50_tm1p50_d5,MNQ,1min,next_execution_bar_open,next_execution_bar,stop_first,1.5,1.5,5,none,none,{}
146,-858.625,6369.625,7228.25,0.3219178082191781,-5.880993150684931,-26.875,0.8812126033272231,-1138.25,-0.7389079769207357,-1.3415773288749018,-0.7543377992532396,64.34931506849315,60.5,0.8561643835616438,0.13013698630136986,0.3493150684931507,0.0136986301369863,0,0.0,3,31.591528436018955,2.5,none_sm1p50_tm1p50_d10,MNQ,1min,next_execution_bar_open,next_execution_bar,stop_first,1.5,1.5,10,none,none,{}
137,-288.887500000008,6364.112499999992,6653.0,0.34306569343065696,-2.108667883211737,-25.5,0.9565778596122038,-930.25,-0.2638670568407913,-0.49051374609261383,-0.3105482397205138,69.48905109489051,74.0,0.8613138686131386,0.12408759124087591,0.41605839416058393,0.014598540145985401,0,0.0,3,29.644105450236964,2.5,none_sm1p50_tm1p50_d15,MNQ,1min,next_execution_bar_open,next_execution_bar,stop_first,1.5,1.5,15,none,none,{}
127,1469.862500000003,6763.362500000003,5293.5,0.4330708661417323,11.573720472440968,-14.25,1.2776730896382362,-1073.7125000000015,1.5090488448348145,3.064086133072373,1.3689535140924605,79.96850393700787,119.0,0.8346456692913385,0.13385826771653545,0.4881889763779528,0.031496062992125984,0,0.0,3,27.480302132701418,2.5,none_sm1p50_tm1p50_d30,MNQ,1min,next_execution_bar_open,next_execution_bar,stop_first,1.5,1.5,30,none,none,{}
181,-1532.1999999999953,7449.550000000005,8981.75,0.2430939226519337,-8.46519337016572,-32.25,0.8294096362067531,-1589.4499999999953,-1.0336151443476274,-2.2286154074583964,-0.9639812513762621,53.98342541436464,29.0,0.9281767955801105,0.06077348066298342,0.287292817679558,0.011049723756906077,0,0.0,3,39.16484004739336,2.5,none_sm1p50_tm2p00_d0,MNQ,1min,next_execution_bar_open,next_execution_bar,stop_first,1.5,2.0,0,none,none,{}
159,-207.3499999999931,7306.900000000007,7514.25,0.2893081761006289,-1.3040880503144219,-30.0,0.9724057623848031,-1099.75,-0.15833297227664164,-0.34545353018399555,-0.18854285064786824,60.534591194968556,54.0,0.9182389937106918,0.07547169811320754,0.34591194968553457,0.006289308176100629,0,0.0,3,34.40447274881516,2.5,none_sm1p50_tm2p00_d5,MNQ,1min,next_execution_bar_open,next_execution_bar,stop_first,1.5,2.0,5,none,none,{}
146,-525.7499999999964,6702.500000000004,7228.25,0.3219178082191781,-3.601027397260249,-26.875,0.9272645522775227,-1098.0,-0.43818412223763265,-0.8214695363586837,-0.47882513661201853,69.0,77.5,0.9246575342465754,0.06164383561643835,0.4178082191780822,0.0136986301369863,0,0.0,3,31.591528436018955,2.5,none_sm1p50_tm2p00_d10,MNQ,1min,next_execution_bar_open,next_execution_bar,stop_first,1.5,2.0,10,none,none,{}
137,-95.99999999999454,6557.0000000000055,6653.0,0.34306569343065696,-0.7007299270072594,-25.5,0.9855704193596881,-930.25,-0.08489479890566672,-0.1630022746740061,-0.1031980650362747,73.21897810218978,96.0,0.9197080291970803,0.06569343065693431,0.4744525547445255,0.014598540145985401,0,0.0,3,29.644105450236964,2.5,none_sm1p50_tm2p00_d15,MNQ,1min,next_execution_bar_open,next_execution_bar,stop_first,1.5,2.0,15,none,none,{}
127,1763.800000000003,7057.300000000003,5293.5,0.4330708661417323,13.888188976377975,-14.25,1.3332010956833857,-1047.0,1.7394045478736941,3.676830398430499,1.6846227316141384,84.51181102362204,120.0,0.9133858267716536,0.05511811023622047,0.5669291338582677,0.031496062992125984,0,0.0,3,27.480302132701418,2.5,none_sm1p50_tm2p00_d30,MNQ,1min,next_execution_bar_open,next_execution_bar,stop_first,1.5,2.0,30,none,none,{}
181,-1247.375,7734.375,8981.75,0.2430939226519337,-6.891574585635359,-32.25,0.8611211623570016,-1304.625,-0.8150429018773113,-1.8143317738405074,-0.956117658330938,55.88397790055249,29.0,0.9668508287292817,0.022099447513812154,0.3259668508287293,0.011049723756906077,0,0.0,3,39.16484004739336,2.5,none_sm1p50_tm2p50_d0,MNQ,1min,next_execution_bar_open,next_execution_bar,stop_first,1.5,2.5,0,none,none,{}
159,41.0,7555.25,7514.25,0.2893081761006289,0.2578616352201258,-30.0,1.0054562996972418,-1099.75,0.030356798922355935,0.06830766692811328,0.03728120027278927,62.41509433962264,61.0,0.9559748427672956,0.03773584905660377,0.3836477987421384,0.006289308176100629,0,0.0,3,34.40447274881516,2.5,none_sm1p50_tm2p50_d5,MNQ,1min,next_execution_bar_open,next_execution_bar,stop_first,1.5,2.5,5,none,none,{}
146,-674.8125,6553.4375,7228.25,0.3219178082191781,-4.622003424657534,-26.875,0.9066423408155501,-1211.5625,-0.5711179483717059,-1.0543754855046088,-0.5569770441062677,70.18493150684931,81.5,0.9726027397260274,0.0136986301369863,0.4657534246575342,0.0136986301369863,0,0.0,3,31.591528436018955,2.5,none_sm1p50_tm2p50_d10,MNQ,1min,next_execution_bar_open,next_execution_bar,stop_first,1.5,2.5,10,none,none,{}
137,-250.125,6402.875,6653.0,0.34306569343065696,-1.8257299270072993,-25.5,0.9624041785660604,-930.25,-0.2253251898203427,-0.4246973328420635,-0.26887933351249665,75.31386861313868,120.0,0.9562043795620438,0.029197080291970802,0.5109489051094891,0.014598540145985401,0,0.0,3,29.644105450236964,2.5,none_sm1p50_tm2p50_d15,MNQ,1min,next_execution_bar_open,next_execution_bar,stop_first,1.5,2.5,15,none,none,{}
127,1743.8125,7037.3125,5293.5,0.4330708661417323,13.730807086614174,-14.25,1.3294252385000471,-974.125,1.721809598768877,3.6351643095379718,1.7901321698960606,86.03937007874016,120.0,0.937007874015748,0.031496062992125984,0.5905511811023622,0.031496062992125984,0,0.0,3,27.480302132701418,2.5,none_sm1p50_tm2p50_d30,MNQ,1min,next_execution_bar_open,next_execution_bar,stop_first,1.5,2.5,30,none,none,{}
181,-1365.7250000000022,7616.024999999998,8981.75,0.2430939226519337,-7.545441988950288,-32.25,0.8479444428980987,-1422.9750000000022,-0.9065721392085594,-1.9864742052937816,-0.9597673887454102,56.20441988950276,29.0,0.9779005524861878,0.011049723756906077,0.3370165745856354,0.011049723756906077,0,0.0,3,39.16484004739336,2.5,none_sm1p50_tm3p00_d0,MNQ,1min,next_execution_bar_open,next_execution_bar,stop_first,1.5,3.0,0,none,none,{}
159,-205.27500000000146,7308.9749999999985,7514.25,0.2893081761006289,-1.2910377358490657,-30.0,0.9726819043816747,-1099.75,-0.15604270332770295,-0.34199649582118424,-0.18665605819504566,63.0,61.0,0.9811320754716981,0.012578616352201259,0.4088050314465409,0.006289308176100629,0,0.0,3,34.40447274881516,2.5,none_sm1p50_tm3p00_d5,MNQ,1min,next_execution_bar_open,next_execution_bar,stop_first,1.5,3.0,5,none,none,{}
146,-695.5250000000015,6532.7249999999985,7228.25,0.3219178082191781,-4.763869863013708,-26.875,0.9037768477847333,-1232.2750000000015,-0.5895828677172933,-1.086738182170002,-0.564423525592908,70.52739726027397,84.0,0.9794520547945206,0.00684931506849315,0.4726027397260274,0.0136986301369863,0,0.0,3,31.591528436018955,2.5,none_sm1p50_tm3p00_d10,MNQ,1min,next_execution_bar_open,next_execution_bar,stop_first,1.5,3.0,10,none,none,{}
137,-301.2000000000007,6351.799999999999,6653.0,0.34306569343065696,-2.198540145985407,-25.5,0.954727190741019,-930.25,-0.2718853463942292,-0.5114196367897245,-0.3237839290513311,75.65693430656934,120.0,0.9781021897810219,0.0072992700729927005,0.5328467153284672,0.014598540145985401,0,0.0,3,29.644105450236964,2.5,none_sm1p50_tm3p00_d15,MNQ,1min,next_execution_bar_open,next_execution_bar,stop_first,1.5,3.0,15,none,none,{}
127,1599.25,6892.75,5293.5,0.4330708661417323,12.59251968503937,-14.25,1.3021158023991688,-901.25,1.580154278224076,3.3338082632327737,1.7744798890429958,86.85826771653544,120.0,0.9606299212598425,0.007874015748031496,0.6141732283464567,0.031496062992125984,0,0.0,3,27.480302132701418,2.5,none_sm1p50_tm3p00_d30,MNQ,1min,next_execution_bar_open,next_execution_bar,stop_first,1.5,3.0,30,none,none,{}
184,-2744.600000000006,6868.899999999994,9613.5,0.29891304347826086,-14.916304347826118,-29.0,0.7145056431060481,-2845.350000000002,-1.9738122529576703,-3.744057617243706,-0.9645913508004301,50.21195652173913,34.0,0.7717391304347826,0.21739130434782608,0.22282608695652173,0.010869565217391304,0,0.0,0,39.81398104265403,2.5,none_sm2p00_tm1p00_d0,MNQ,1min,next_execution_bar_open,next_execution_bar,stop_first,2.0,1.0,0,none,none,{}
162,-646.4000000000051,7049.599999999995,7696.0,0.35185185185185186,-3.9901234567901547,-24.0,0.9160083160083153,-1509.5999999999985,-0.5244054867852826,-1.0947551579223156,-0.42819289878113787,54.03086419753087,42.0,0.7345679012345679,0.25925925925925924,0.24074074074074073,0.006172839506172839,0,0.0,0,35.053613744075825,2.5,none_sm2p00_tm1p00_d5,MNQ,1min,next_execution_bar_open,next_execution_bar,stop_first,2.0,1.0,5,none,none,{}
148,58.674999999995634,6961.174999999996,6902.5,0.39864864864864863,0.3964527027026732,-22.25,1.0085005432814191,-1274.4249999999993,0.04952863602585094,0.09481776705654116,0.04604037114776913,64.77702702702703,58.5,0.722972972972973,0.25675675675675674,0.3310810810810811,0.02027027027027027,0,0.0,1,32.024289099526065,2.5,none_sm2p00_tm1p00_d10,MNQ,1min,next_execution_bar_open,next_execution_bar,stop_first,2.0,1.0,10,none,none,{}
139,39.92499999999927,6628.924999999999,6589.0,0.4028776978417266,0.2872302158273329,-21.0,1.0060593413264531,-1104.5,0.0350528459637835,0.07383763104638515,0.03614757808963266,67.31654676258992,61.0,0.697841726618705,0.2733812949640288,0.3669064748201439,0.02877697841726619,0,0.0,1,30.076866113744074,2.5,none_sm2p00_tm1p00_d15,MNQ,1min,next_execution_bar_open,next_execution_bar,stop_first,2.0,1.0,15,none,none,{}
128,1389.7999999999956,6674.799999999996,5285.0,0.4609375,10.857812499999966,-12.0,1.2629706717123927,-1066.3500000000022,1.5058973449353934,2.6997461791332715,1.3033244244384985,78.0703125,92.0,0.7109375,0.265625,0.4609375,0.0234375,0,0.0,2,27.696682464454973,2.5,none_sm2p00_tm1p00_d30,MNQ,1min,next_execution_bar_open,next_execution_bar,stop_first,2.0,1.0,30,none,none,{}
182,-2343.375,7335.625,9679.0,0.2802197802197802,-12.875686813186814,-30.5,0.7578907945035644,-2500.46875,-1.5366330571839266,-3.2221554664299026,-0.9371742798225333,55.67032967032967,44.0,0.8131868131868132,0.17582417582417584,0.25824175824175827,0.01098901098901099,0,0.0,2,39.38122037914692,2.5,none_sm2p00_tm1p25_d0,MNQ,1min,next_execution_bar_open,next_execution_bar,stop_first,2.0,1.25,0,none,none,{}
160,-465.1875,7474.8125,7940.0,0.325,-2.907421875,-27.0,0.941412153652393,-1363.875,-0.33773555543360645,-0.7988005273603661,-0.34107781138300797,60.5375,50.0,0.8,0.19375,0.3,0.00625,0,0.0,2,34.620853080568715,2.5,none_sm2p00_tm1p25_d5,MNQ,1min,next_execution_bar_open,next_execution_bar,stop_first,2.0,1.25,5,none,none,{}
146,-490.75,6501.25,6992.0,0.3835616438356164,-3.3613013698630136,-24.5,0.929812643020595,-1237.8125,-0.44511488028008395,-0.7992442787672811,-0.3964655390053017,71.45890410958904,82.0,0.7945205479452054,0.1917808219178082,0.3904109589041096,0.0136986301369863,0,0.0,3,31.591528436018955,2.5,none_sm2p00_tm1p25_d10,MNQ,1min,next_execution_bar_open,next_execution_bar,stop_first,2.0,1.25,10,none,none,{}
137,-643.0,6040.5,6683.5,0.3722627737226277,-4.693430656934306,-23.5,0.9037929228697539,-1001.5625,-0.6291036119152064,-1.1968853887954274,-0.641996879875195,75.75912408759125,100.0,0.8175182481751825,0.16058394160583941,0.4744525547445255,0.021897810218978103,0,0.0,3,29.644105450236964,2.5,none_sm2p00_tm1p25_d15,MNQ,1min,next_execution_bar_open,next_execution_bar,stop_first,2.0,1.25,15,none,none,{}
128,1541.625,6826.625,5285.0,0.4609375,12.0439453125,-12.0,1.2916982024597918,-958.1875,1.6178318170154005,2.9946727611212713,1.6088970060661405,84.8046875,120.0,0.7890625,0.1875,0.5390625,0.0234375,0,0.0,2,27.696682464454973,2.5,none_sm2p00_tm1p25_d30,MNQ,1min,next_execution_bar_open,next_execution_bar,stop_first,2.0,1.25,30,none,none,{}
181,-2106.8749999999964,7572.125000000004,9679.0,0.27624309392265195,-11.640193370165726,-31.0,0.7823251368943076,-2479.9874999999993,-1.4599275678286696,-2.8969664685910237,-0.8495506529770803,58.966850828729285,47.0,0.8453038674033149,0.143646408839779,0.287292817679558,0.011049723756906077,0,0.0,3,39.16484004739336,2.5,none_sm2p00_tm1p50_d0,MNQ,1min,next_execution_bar_open,next_execution_bar,stop_first,2.0,1.5,0,none,none,{}
159,-707.1374999999935,7237.362500000007,7944.5,0.31446540880503143,-4.447405660377317,-27.0,0.9109903077600864,-1379.9749999999985,-0.5591869812291651,-1.2117683998555324,-0.5124277613724845,64.96855345911949,61.0,0.8553459119496856,0.13836477987421383,0.3522012578616352,0.006289308176100629,0,0.0,3,34.40447274881516,2.5,none_sm2p00_tm1p50_d5,MNQ,1min,next_execution_bar_open,next_execution_bar,stop_first,2.0,1.5,5,none,none,{}
146,-124.25,6895.25,7019.5,0.3767123287671233,-0.851027397260274,-25.5,0.9822993090675974,-996.2249999999985,-0.10659791897445334,-0.2028329417706637,-0.12472082109965137,74.73287671232876,93.0,0.8493150684931506,0.136986301369863,0.4452054794520548,0.0136986301369863,0,0.0,3,31.591528436018955,2.5,none_sm2p00_tm1p50_d10,MNQ,1min,next_execution_bar_open,next_execution_bar,stop_first,2.0,1.5,10,none,none,{}
137,-198.887500000008,6484.612499999992,6683.5,0.3722627737226277,-1.4517335766423942,-23.5,0.9702420139148638,-949.9125000000022,-0.18390156039220987,-0.37021079745577007,-0.20937454765571306,78.7080291970803,120.0,0.8540145985401459,0.12408759124087591,0.5109489051094891,0.021897810218978103,0,0.0,3,29.644105450236964,2.5,none_sm2p00_tm1p50_d15,MNQ,1min,next_execution_bar_open,next_execution_bar,stop_first,2.0,1.5,15,none,none,{}
127,1732.362500000003,7003.362500000003,5271.0,0.4645669291338583,13.640649606299236,-10.0,1.3286591728324801,-1011.7125000000015,1.7511172087172573,3.365188545293412,1.7123071030554633,89.26771653543307,120.0,0.8346456692913385,0.13385826771653545,0.5826771653543307,0.031496062992125984,0,0.0,3,27.480302132701418,2.5,none_sm2p00_tm1p50_d30,MNQ,1min,next_execution_bar_open,next_execution_bar,stop_first,2.0,1.5,30,none,none,{}
181,-1635.4499999999953,8043.550000000005,9679.0,0.27624309392265195,-9.035635359115997,-31.0,0.8310310982539524,-1940.899999999996,-1.058553176537406,-2.24875410788831,-0.8426245556185268,63.4585635359116,61.0,0.9226519337016574,0.06629834254143646,0.36464088397790057,0.011049723756906077,0,0.0,3,39.16484004739336,2.5,none_sm2p00_tm2p00_d0,MNQ,1min,next_execution_bar_open,next_execution_bar,stop_first,2.0,2.0,0,none,none,{}
159,126.90000000000691,8071.400000000007,7944.5,0.31446540880503143,0.7981132075472133,-27.0,1.0159733148719248,-1206.5499999999993,0.09208056798022003,0.21745899480889766,0.1051759147983979,69.0880503144654,76.0,0.9182389937106918,0.07547169811320754,0.41509433962264153,0.006289308176100629,0,0.0,3,34.40447274881516,2.5,none_sm2p00_tm2p00_d5,MNQ,1min,next_execution_bar_open,next_execution_bar,stop_first,2.0,2.0,5,none,none,{}
146,281.50000000000364,7301.000000000004,7019.5,0.3767123287671233,1.9280821917808468,-25.5,1.0401025714082204,-1044.199999999997,0.23244981805712267,0.4595370069089945,0.2695843708101939,79.41095890410959,120.0,0.9178082191780822,0.0684931506849315,0.5136986301369864,0.0136986301369863,0,0.0,3,31.591528436018955,2.5,none_sm2p00_tm2p00_d10,MNQ,1min,next_execution_bar_open,next_execution_bar,stop_first,2.0,2.0,10,none,none,{}
137,-5.999999999994543,6677.5000000000055,6683.5,0.3722627737226277,-0.04379562043791637,-23.5,0.9991022667763905,-1155.5,-0.005367466658691722,-0.011168448417987609,-0.005192557334482512,82.43795620437956,120.0,0.9124087591240876,0.06569343065693431,0.5693430656934306,0.021897810218978103,0,0.0,3,29.644105450236964,2.5,none_sm2p00_tm2p00_d15,MNQ,1min,next_execution_bar_open,next_execution_bar,stop_first,2.0,2.0,15,none,none,{}
127,2026.300000000003,7297.300000000003,5271.0,0.4645669291338583,15.955118110236244,-10.0,1.3844242079301845,-985.0,1.970357746158739,3.936174760956809,2.0571573604060944,93.81102362204724,120.0,0.9133858267716536,0.05511811023622047,0.6614173228346457,0.031496062992125984,0,0.0,3,27.480302132701418,2.5,none_sm2p00_tm2p00_d30,MNQ,1min,next_execution_bar_open,next_execution_bar,stop_first,2.0,2.0,30,none,none,{}
181,-1277.75,8401.25,9679.0,0.27624309392265195,-7.05939226519337,-31.0,0.8679873953920859,-1630.0625,-0.7977364569158599,-1.756914342446603,-0.7838656493232622,65.59116022099448,68.0,0.9613259668508287,0.027624309392265192,0.40331491712707185,0.011049723756906077,0,0.0,3,39.16484004739336,2.5,none_sm2p00_tm2p50_d0,MNQ,1min,next_execution_bar_open,next_execution_bar,stop_first,2.0,2.5,0,none,none,{}
159,375.25,8319.75,7944.5,0.31446540880503143,2.360062893081761,-27.0,1.047233935427025,-1174.0,0.2648299549935685,0.6430377289364414,0.319633730834753,70.96855345911949,90.0,0.9559748427672956,0.03773584905660377,0.4528301886792453,0.006289308176100629,0,0.0,3,34.40447274881516,2.5,none_sm2p00_tm2p50_d5,MNQ,1min,next_execution_bar_open,next_execution_bar,stop_first,2.0,2.5,5,none,none,{}
146,205.3125,7224.8125,7019.5,0.3767123287671233,1.40625,-25.5,1.0292488781252227,-1198.5625,0.1704685654436944,0.3351640914067557,0.17129895186942692,80.87671232876713,120.0,0.9657534246575342,0.02054794520547945,0.5616438356164384,0.0136986301369863,0,0.0,3,31.591528436018955,2.5,none_sm2p00_tm2p50_d10,MNQ,1min,next_execution_bar_open,next_execution_bar,stop_first,2.0,2.5,10,none,none,{}
137,-160.125,6523.375,6683.5,0.3722627737226277,-1.1687956204379562,-23.5,0.9760417445948979,-1155.5,-0.1459793507367718,-0.2980579671553154,-0.13857637386412808,84.53284671532846,120.0,0.948905109489051,0.029197080291970802,0.6058394160583942,0.021897810218978103,0,0.0,3,29.644105450236964,2.5,none_sm2p00_tm2p50_d15,MNQ,1min,next_execution_bar_open,next_execution_bar,stop_first,2.0,2.5,15,none,none,{}
127,2006.3125,7277.3125,5271.0,0.4645669291338583,15.79773622047244,-10.0,1.3806322329728704,-912.125,1.9532174227241375,3.897348183927427,2.199602576401261,95.33858267716535,120.0,0.937007874015748,0.031496062992125984,0.6850393700787402,0.031496062992125984,0,0.0,3,27.480302132701418,2.5,none_sm2p00_tm2p50_d30,MNQ,1min,next_execution_bar_open,next_execution_bar,stop_first,2.0,2.5,30,none,none,{}
181,-1323.2250000000022,8355.774999999998,9679.0,0.27624309392265195,-7.310635359116034,-31.0,0.8632890794503563,-1773.7750000000015,-0.8313288791886566,-1.8194427554560046,-0.7459937139716148,65.92265193370166,68.0,0.9723756906077348,0.016574585635359115,0.4143646408839779,0.011049723756906077,0,0.0,3,39.16484004739336,2.5,none_sm2p00_tm3p00_d0,MNQ,1min,next_execution_bar_open,next_execution_bar,stop_first,2.0,3.0,0,none,none,{}
159,128.97499999999854,8073.4749999999985,7944.5,0.31446540880503143,0.8111635220125695,-27.0,1.0162345018566301,-1174.0,0.09320559574538717,0.22101476639460782,0.10985945485519467,71.55345911949685,93.0,0.9811320754716981,0.012578616352201259,0.4779874213836478,0.006289308176100629,0,0.0,3,34.40447274881516,2.5,none_sm2p00_tm3p00_d5,MNQ,1min,next_execution_bar_open,next_execution_bar,stop_first,2.0,3.0,5,none,none,{}
146,257.47499999999854,7276.9749999999985,7019.5,0.3767123287671233,1.763527397260264,-25.5,1.0366799629603245,-1219.2750000000015,0.21172578126462,0.420317196639045,0.21117057267638412,81.23972602739725,120.0,0.9726027397260274,0.0136986301369863,0.5684931506849316,0.0136986301369863,0,0.0,3,31.591528436018955,2.5,none_sm2p00_tm3p00_d10,MNQ,1min,next_execution_bar_open,next_execution_bar,stop_first,2.0,3.0,10,none,none,{}
137,-211.20000000000073,6472.299999999999,6683.5,0.3722627737226277,-1.5416058394160637,-23.5,0.9683997905289143,-1155.5,-0.19293855461951398,-0.3931293843135228,-0.1827780181739513,84.87591240875912,120.0,0.9708029197080292,0.0072992700729927005,0.6277372262773723,0.021897810218978103,0,0.0,3,29.644105450236964,2.5,none_sm2p00_tm3p00_d15,MNQ,1min,next_execution_bar_open,next_execution_bar,stop_first,2.0,3.0,15,none,none,{}
127,1861.75,7132.75,5271.0,0.4645669291338583,14.659448818897637,-10.0,1.3532062227281352,-839.25,1.8134300622413584,3.6165293200470456,2.2183497170092346,96.15748031496064,120.0,0.9606299212598425,0.007874015748031496,0.7086614173228346,0.031496062992125984,0,0.0,3,27.480302132701418,2.5,none_sm2p00_tm3p00_d30,MNQ,1min,next_execution_bar_open,next_execution_bar,stop_first,2.0,3.0,30,none,none,{}
28,-234.5,632.75,867.25,0.2857142857142857,-8.375,-18.375,0.7296050735082156,-568.125,-2.034249053336463,-3.553139779477035,-0.41276127612761276,50.642857142857146,36.0,0.8214285714285714,0.14285714285714285,0.17857142857142858,0.03571428571428571,134,0.6291079812206573,0,6.058649289099526,2.5,avoid_immediate_adverse_move_sm0p75_tm1p50_d5_adverse_w5_ticks8,MNQ,1min,next_execution_bar_open,next_execution_bar,stop_first,0.75,1.5,5,avoid_immediate_adverse_move,adverse_w5_ticks8,"{""adverse_window_minutes"": 5, ""max_adverse_ticks"": 8}"
24,-219.52500000000146,666.0999999999985,885.625,0.3333333333333333,-9.14687500000006,-22.25,0.7521242060691585,-467.75,-1.696335717066446,-3.145202476667483,-0.4693212185996824,50.916666666666664,41.0,0.7916666666666666,0.16666666666666666,0.16666666666666666,0.041666666666666664,115,0.539906103286385,0,5.193127962085308,2.5,avoid_immediate_adverse_move_sm0p75_tm1p50_d15_adverse_w5_ticks8,MNQ,1min,next_execution_bar_open,next_execution_bar,stop_first,0.75,1.5,15,avoid_immediate_adverse_move,adverse_w5_ticks8,"{""adverse_window_minutes"": 5, ""max_adverse_ticks"": 8}"
40,99.13750000000073,1298.2625000000007,1199.125,0.3,2.4784375000000183,-18.375,1.0826748670905875,-528.0,0.43473395805884507,1.167748472088406,0.18776041666666804,51.35,36.0,0.85,0.125,0.2,0.025,121,0.568075117370892,1,8.655213270142179,2.5,avoid_immediate_adverse_move_sm0p75_tm1p50_d5_adverse_w5_ticks12,MNQ,1min,next_execution_bar_open,next_execution_bar,stop_first,0.75,1.5,5,avoid_immediate_adverse_move,adverse_w5_ticks12,"{""adverse_window_minutes"": 5, ""max_adverse_ticks"": 12}"
34,202.33749999999782,1376.3374999999978,1174.0,0.35294117647058826,5.951102941176407,-25.125,1.172348807495739,-501.0,0.9417043781030413,2.3187281677320337,0.40386726546905755,55.6764705882353,45.5,0.8235294117647058,0.14705882352941177,0.23529411764705882,0.029411764705882353,104,0.48826291079812206,1,7.356931279620852,2.5,avoid_immediate_adverse_move_sm0p75_tm1p50_d15_adverse_w5_ticks12,MNQ,1min,next_execution_bar_open,next_execution_bar,stop_first,0.75,1.5,15,avoid_immediate_adverse_move,adverse_w5_ticks12,"{""adverse_window_minutes"": 5, ""max_adverse_ticks"": 12}"
47,228.36249999999927,1625.1124999999993,1396.75,0.3191489361702128,4.858776595744666,-19.875,1.1634956148201177,-654.375,0.8393513138115464,2.3960614562985914,0.3489780324737334,53.638297872340424,36.0,0.851063829787234,0.1276595744680851,0.2127659574468085,0.02127659574468085,114,0.5352112676056338,1,10.16987559241706,2.5,avoid_immediate_adverse_move_sm0p75_tm1p50_d5_adverse_w5_ticks16,MNQ,1min,next_execution_bar_open,next_execution_bar,stop_first,0.75,1.5,5,avoid_immediate_adverse_move,adverse_w5_ticks16,"{""adverse_window_minutes"": 5, ""max_adverse_ticks"": 16}"
41,360.93749999999636,1700.6874999999964,1339.75,0.36585365853658536,8.803353658536496,-22.5,1.2694066057100177,-501.0,1.4035675935905874,3.648143706502048,0.7204341317365197,57.951219512195124,46.0,0.8292682926829268,0.14634146341463414,0.24390243902439024,0.024390243902439025,97,0.45539906103286387,1,8.871593601895734,2.5,avoid_immediate_adverse_move_sm0p75_tm1p50_d15_adverse_w5_ticks16,MNQ,1min,next_execution_bar_open,next_execution_bar,stop_first,0.75,1.5,15,avoid_immediate_adverse_move,adverse_w5_ticks16,"{""adverse_window_minutes"": 5, ""max_adverse_ticks"": 16}"
58,-178.13750000000073,1695.6124999999993,1873.75,0.27586206896551724,-3.0713362068965644,-26.25,0.904929953302201,-807.75,-0.5756458411031182,-1.6834139701735216,-0.2205354379449096,49.0,29.5,0.8793103448275862,0.10344827586206896,0.1896551724137931,0.017241379310344827,103,0.4835680751173709,1,12.55005924170616,2.5,avoid_immediate_adverse_move_sm0p75_tm1p50_d5_adverse_w5_ticks24,MNQ,1min,next_execution_bar_open,next_execution_bar,stop_first,0.75,1.5,5,avoid_immediate_adverse_move,adverse_w5_ticks24,"{""adverse_window_minutes"": 5, ""max_adverse_ticks"": 24}"
51,-27.562500000003638,1730.6874999999964,1758.25,0.3137254901960784,-0.5404411764706596,-30.75,0.9843239016067091,-660.9000000000015,-0.09375284418212035,-0.250910489159454,-0.04170449387199815,54.1764705882353,37.0,0.8627450980392157,0.11764705882352941,0.21568627450980393,0.0196078431372549,87,0.4084507042253521,1,11.035396919431278,2.5,avoid_immediate_adverse_move_sm0p75_tm1p50_d15_adverse_w5_ticks24,MNQ,1min,next_execution_bar_open,next_execution_bar,stop_first,0.75,1.5,15,avoid_immediate_adverse_move,adverse_w5_ticks24,"{""adverse_window_minutes"": 5, ""max_adverse_ticks"": 24}"
19,-109.77500000000146,666.0999999999985,775.875,0.42105263157894735,-5.777631578947445,-28.5,0.8585145803125485,-445.25,-0.9575567948926219,-1.9054040066751907,-0.24654688377316442,50.1578947368421,37.0,0.7894736842105263,0.21052631578947367,0.21052631578947367,0.0,120,0.5633802816901409,0,4.111226303317535,2.5,avoid_immediate_adverse_move_sm0p75_tm1p50_d15_adverse_w10_ticks8,MNQ,1min,next_execution_bar_open,next_execution_bar,stop_first,0.75,1.5,15,avoid_immediate_adverse_move,adverse_w10_ticks8,"{""adverse_window_minutes"": 10, ""max_adverse_ticks"": 8}"
31,-34.775000000001455,1084.0999999999985,1118.875,0.3548387096774194,-1.121774193548434,-27.75,0.9689196737794646,-501.0,-0.1959142807965259,-0.42716664204853494,-0.06941117764471348,55.354838709677416,45.0,0.8387096774193549,0.12903225806451613,0.25806451612903225,0.03225806451612903,107,0.5023474178403756,1,6.707790284360189,2.5,avoid_immediate_adverse_move_sm0p75_tm1p50_d15_adverse_w10_ticks12,MNQ,1min,next_execution_bar_open,next_execution_bar,stop_first,0.75,1.5,15,avoid_immediate_adverse_move,adverse_w10_ticks12,"{""adverse_window_minutes"": 10, ""max_adverse_ticks"": 12}"
37,157.9499999999971,1408.449999999997,1250.5,0.3783783783783784,4.26891891891884,-22.5,1.1263094762095138,-501.0,0.7280372320229559,1.7077219072127379,0.3152694610778385,59.08108108108108,46.0,0.8378378378378378,0.13513513513513514,0.2702702702702703,0.02702702702702703,101,0.47417840375586856,1,8.006072274881516,2.5,avoid_immediate_adverse_move_sm0p75_tm1p50_d15_adverse_w10_ticks16,MNQ,1min,next_execution_bar_open,next_execution_bar,stop_first,0.75,1.5,15,avoid_immediate_adverse_move,adverse_w10_ticks16,"{""adverse_window_minutes"": 10, ""max_adverse_ticks"": 16}"
45,-139.0500000000029,1438.449999999997,1577.5,0.3333333333333333,-3.0900000000000647,-28.5,0.9118541996830409,-613.2750000000015,-0.5683920914149885,-1.3601872975992337,-0.22673352085117213,54.44444444444444,37.0,0.8666666666666667,0.1111111111111111,0.24444444444444444,0.022222222222222223,93,0.43661971830985913,1,9.737114928909952,2.5,avoid_immediate_adverse_move_sm0p75_tm1p50_d15_adverse_w10_ticks24,MNQ,1min,next_execution_bar_open,next_execution_bar,stop_first,0.75,1.5,15,avoid_immediate_adverse_move,adverse_w10_ticks24,"{""adverse_window_minutes"": 10, ""max_adverse_ticks"": 24}"
17,-328.25,415.375,743.625,0.4117647058823529,-19.308823529411764,-28.5,0.558581274163725,-533.0,-3.905700031950818,-6.273162527469879,-0.6158536585365854,51.88235294117647,37.0,0.8235294117647058,0.17647058823529413,0.23529411764705882,0.0,122,0.5727699530516432,0,3.678465639810426,2.5,avoid_immediate_adverse_move_sm0p75_tm1p50_d15_adverse_w15_ticks8,MNQ,1min,next_execution_bar_open,next_execution_bar,stop_first,0.75,1.5,15,avoid_immediate_adverse_move,adverse_w15_ticks8,"{""adverse_window_minutes"": 15, ""max_adverse_ticks"": 8}"
26,-192.875,833.375,1026.25,0.38461538461538464,-7.418269230769231,-31.5,0.8120584652862363,-566.25,-1.3795841823221706,-2.7609279096042467,-0.34061810154525385,60.19230769230769,53.5,0.8461538461538461,0.11538461538461539,0.3076923076923077,0.038461538461538464,112,0.5258215962441315,1,5.625888625592417,2.5,avoid_immediate_adverse_move_sm0p75_tm1p50_d15_adverse_w15_ticks12,MNQ,1min,next_execution_bar_open,next_execution_bar,stop_first,0.75,1.5,15,avoid_immediate_adverse_move,adverse_w15_ticks12,"{""adverse_window_minutes"": 15, ""max_adverse_ticks"": 12}"
32,-0.1500000000014552,1157.7249999999985,1157.875,0.40625,-0.004687500000045475,-25.25,0.9998704523372545,-680.25,-0.0008320002677703245,-0.0018354983952759186,-0.0002205071664850499,63.59375,65.0,0.84375,0.125,0.3125,0.03125,106,0.49765258215962443,1,6.924170616113743,2.5,avoid_immediate_adverse_move_sm0p75_tm1p50_d15_adverse_w15_ticks16,MNQ,1min,next_execution_bar_open,next_execution_bar,stop_first,0.75,1.5,15,avoid_immediate_adverse_move,adverse_w15_ticks16,"{""adverse_window_minutes"": 15, ""max_adverse_ticks"": 16}"
39,-218.02500000000146,1187.7249999999985,1405.75,0.358974358974359,-5.590384615384653,-30.75,0.8449048550595757,-762.375,-1.0797032795970978,-2.4113163861197418,-0.2859813084112169,58.51282051282051,46.0,0.8717948717948718,0.10256410256410256,0.28205128205128205,0.02564102564102564,99,0.4647887323943662,1,8.438832938388625,2.5,avoid_immediate_adverse_move_sm0p75_tm1p50_d15_adverse_w15_ticks24,MNQ,1min,next_execution_bar_open,next_execution_bar,stop_first,0.75,1.5,15,avoid_immediate_adverse_move,adverse_w15_ticks24,"{""adverse_window_minutes"": 15, ""max_adverse_ticks"": 24}"
51,-472.8874999999971,1404.862500000003,1877.75,0.27450980392156865,-9.27230392156857,-25.5,0.7481626947144204,-780.125,-1.7649426795769851,-3.273193110552189,-0.6061688831917924,53.90196078431372,31.0,0.9215686274509803,0.0784313725490196,0.29411764705882354,0.0,110,0.5164319248826291,1,11.035396919431278,2.5,require_no_stop_zone_touch_before_entry_sm0p75_tm1p50_d5_stop_zone_0p50,MNQ,1min,next_execution_bar_open,next_execution_bar,stop_first,0.75,1.5,5,require_no_stop_zone_touch_before_entry,stop_zone_0p50,"{""stop_zone_fraction"": 0.5}"
20,97.09999999999854,869.7249999999985,772.625,0.35,4.854999999999928,-21.5625,1.1256754570457836,-313.8125,0.7214707994924704,1.4088230383837583,0.30942043417645426,54.65,41.0,0.85,0.15,0.25,0.0,119,0.5586854460093896,0,4.327606635071089,2.5,require_no_stop_zone_touch_before_entry_sm0p75_tm1p50_d15_stop_zone_0p50,MNQ,1min,next_execution_bar_open,next_execution_bar,stop_first,0.75,1.5,15,require_no_stop_zone_touch_before_entry,stop_zone_0p50,"{""stop_zone_fraction"": 0.5}"
13,49.0,539.0,490.0,0.3076923076923077,3.769230769230769,-15.75,1.1,-214.375,0.5775144096355318,1.5530309477112614,0.22857142857142856,66.15384615384616,61.0,1.0,0.0,0.38461538461538464,0.0,116,0.5446009389671361,0,2.8129443127962084,2.5,require_no_stop_zone_touch_before_entry_sm0p75_tm1p50_d30_stop_zone_0p50,MNQ,1min,next_execution_bar_open,next_execution_bar,stop_first,0.75,1.5,30,require_no_stop_zone_touch_before_entry,stop_zone_0p50,"{""stop_zone_fraction"": 0.5}"
90,-128.0749999999971,3309.425000000003,3437.5,0.26666666666666666,-1.4230555555555233,-30.5625,0.962741818181819,-677.25,-0.2197868010190704,-0.56048255428787,-0.18911037283129878,51.81111111111111,32.0,0.8888888888888888,0.1,0.23333333333333334,0.011111111111111112,71,0.3333333333333333,1,19.474229857819903,2.5,require_no_stop_zone_touch_before_entry_sm0p75_tm1p50_d5_stop_zone_0p75,MNQ,1min,next_execution_bar_open,next_execution_bar,stop_first,0.75,1.5,5,require_no_stop_zone_touch_before_entry,stop_zone_0p75,"{""stop_zone_fraction"": 0.75}"
42,-391.5500000000029,1550.824999999997,1942.375,0.2857142857142857,-9.322619047619117,-30.0,0.7984168865435342,-539.9375,-1.4023298202280479,-2.834316053522094,-0.7251765250607763,55.785714285714285,45.5,0.8571428571428571,0.14285714285714285,0.21428571428571427,0.0,97,0.45539906103286387,0,9.087973933649288,2.5,require_no_stop_zone_touch_before_entry_sm0p75_tm1p50_d15_stop_zone_0p75,MNQ,1min,next_execution_bar_open,next_execution_bar,stop_first,0.75,1.5,15,require_no_stop_zone_touch_before_entry,stop_zone_0p75,"{""stop_zone_fraction"": 0.75}"
27,27.212500000001455,1068.4625000000015,1041.25,0.4074074074074074,1.0078703703704244,-15.75,1.026134453781514,-364.125,0.1649996019692555,0.3667794308724508,0.07473395125300777,75.33333333333333,82.0,0.8888888888888888,0.1111111111111111,0.4074074074074074,0.0,102,0.4788732394366197,1,5.842268957345971,2.5,require_no_stop_zone_touch_before_entry_sm0p75_tm1p50_d30_stop_zone_0p75,MNQ,1min,next_execution_bar_open,next_execution_bar,stop_first,0.75,1.5,30,require_no_stop_zone_touch_before_entry,stop_zone_0p75,"{""stop_zone_fraction"": 0.75}"
110,784.1000000000058,4676.850000000006,3892.75,0.3,7.128181818181871,-25.3125,1.2014257273135973,-580.875,1.0353461634921524,2.735004877877897,1.3498601248117166,50.21818181818182,30.0,0.8545454545454545,0.13636363636363635,0.21818181818181817,0.00909090909090909,50,0.2347417840375587,2,23.801836492890992,2.5,require_no_stop_zone_touch_before_entry_sm0p75_tm1p50_d5_stop_zone_1p00,MNQ,1min,next_execution_bar_open,next_execution_bar,stop_first,0.75,1.5,5,require_no_stop_zone_touch_before_entry,stop_zone_1p00,"{""stop_zone_fraction"": 1.0}"
61,-1251.9375000000036,1744.9374999999964,2996.875,0.2786885245901639,-20.52356557377055,-32.625,0.5822523461939508,-1274.925000000003,-3.321407793401514,-5.797718306503952,-0.9819695276192724,56.65573770491803,46.0,0.8852459016393442,0.11475409836065574,0.22950819672131148,0.0,78,0.36619718309859156,1,13.199200236966824,2.5,require_no_stop_zone_touch_before_entry_sm0p75_tm1p50_d15_stop_zone_1p00,MNQ,1min,next_execution_bar_open,next_execution_bar,stop_first,0.75,1.5,15,require_no_stop_zone_touch_before_entry,stop_zone_1p00,"{""stop_zone_fraction"": 1.0}"
48,-435.1374999999971,1708.362500000003,2143.5,0.375,-9.065364583333272,-30.625,0.7969967343130407,-910.125,-1.4609394515241878,-2.9678467433317555,-0.4781074028292785,75.9375,88.0,0.875,0.08333333333333333,0.3333333333333333,0.041666666666666664,81,0.38028169014084506,1,10.386255924170616,2.5,require_no_stop_zone_touch_before_entry_sm0p75_tm1p50_d30_stop_zone_1p00,MNQ,1min,next_execution_bar_open,next_execution_bar,stop_first,0.75,1.5,30,require_no_stop_zone_touch_before_entry,stop_zone_1p00,"{""stop_zone_fraction"": 1.0}"
98,272.43750000000364,4074.4375000000036,3802.0,0.2755102040816326,2.7799744897959555,-30.9375,1.0716563650710162,-675.5999999999985,0.39284177419704136,1.1124727004802892,0.40325266429840767,48.214285714285715,28.5,0.8673469387755102,0.12244897959183673,0.19387755102040816,0.01020408163265306,63,0.29577464788732394,1,21.20527251184834,2.5,require_micro_momentum_confirmation_sm0p75_tm1p50_d5_momentum_w5_close_vs_window_open,MNQ,1min,next_execution_bar_open,next_execution_bar,stop_first,0.75,1.5,5,require_micro_momentum_confirmation,momentum_w5_close_vs_window_open,"{""confirmation_window_minutes"": 5, ""mode"": ""close_vs_window_open""}"
102,-150.9875000000029,3919.012499999997,4070.0,0.3137254901960784,-1.4802696078431659,-32.4375,0.9629023341523334,-711.5125000000007,-0.22359524932341387,-0.5146932342103486,-0.21220639131428157,56.46078431372549,44.0,0.9019607843137255,0.08823529411764706,0.27450980392156865,0.00980392156862745,36,0.16901408450704225,2,22.070793838862556,2.5,require_micro_momentum_confirmation_sm0p75_tm1p50_d15_momentum_w5_close_vs_window_open,MNQ,1min,next_execution_bar_open,next_execution_bar,stop_first,0.75,1.5,15,require_micro_momentum_confirmation,momentum_w5_close_vs_window_open,"{""confirmation_window_minutes"": 5, ""mode"": ""close_vs_window_open""}"
97,-209.13749999999345,3687.2375000000065,3896.375,0.26804123711340205,-2.1560567010308604,-31.125,0.9463251098777727,-792.7249999999985,-0.3232296176236456,-0.7924375096780445,-0.2638209971932181,47.50515463917526,30.0,0.845360824742268,0.14432989690721648,0.16494845360824742,0.010309278350515464,63,0.29577464788732394,2,20.988892180094783,2.5,require_micro_momentum_confirmation_sm0p75_tm1p50_d5_momentum_w5_close_vs_local_mid,MNQ,1min,next_execution_bar_open,next_execution_bar,stop_first,0.75,1.5,5,require_micro_momentum_confirmation,momentum_w5_close_vs_local_mid,"{""confirmation_window_minutes"": 5, ""mode"": ""close_vs_local_mid""}"
100,-946.8500000000022,3268.649999999998,4215.5,0.29,-9.468500000000022,-34.875,0.7753884473965124,-988.5125000000007,-1.5126488831199834,-3.1641946364906497,-0.9578533402460783,55.26,37.5,0.93,0.06,0.28,0.01,38,0.1784037558685446,2,21.63803317535545,2.5,require_micro_momentum_confirmation_sm0p75_tm1p50_d15_momentum_w5_close_vs_local_mid,MNQ,1min,next_execution_bar_open,next_execution_bar,stop_first,0.75,1.5,15,require_micro_momentum_confirmation,momentum_w5_close_vs_local_mid,"{""confirmation_window_minutes"": 5, ""mode"": ""close_vs_local_mid""}"
102,-150.9875000000029,3919.012499999997,4070.0,0.3137254901960784,-1.4802696078431659,-32.4375,0.9629023341523334,-711.5125000000007,-0.22359524932341387,-0.5146932342103486,-0.21220639131428157,56.46078431372549,44.0,0.9019607843137255,0.08823529411764706,0.27450980392156865,0.00980392156862745,36,0.16901408450704225,2,22.070793838862556,2.5,require_micro_momentum_confirmation_sm0p75_tm1p50_d15_momentum_w10_close_vs_window_open,MNQ,1min,next_execution_bar_open,next_execution_bar,stop_first,0.75,1.5,15,require_micro_momentum_confirmation,momentum_w10_close_vs_window_open,"{""confirmation_window_minutes"": 10, ""mode"": ""close_vs_window_open""}"
98,-487.43750000000364,3508.3124999999964,3995.75,0.30612244897959184,-4.973852040816364,-34.5,0.8780110116999302,-787.875,-0.7741495176900803,-1.7131213159691323,-0.6186736474694636,56.59183673469388,44.0,0.9183673469387755,0.07142857142857142,0.2857142857142857,0.01020408163265306,40,0.18779342723004694,2,21.20527251184834,2.5,require_micro_momentum_confirmation_sm0p75_tm1p50_d15_momentum_w10_close_vs_local_mid,MNQ,1min,next_execution_bar_open,next_execution_bar,stop_first,0.75,1.5,15,require_micro_momentum_confirmation,momentum_w10_close_vs_local_mid,"{""confirmation_window_minutes"": 10, ""mode"": ""close_vs_local_mid""}"
102,-150.9875000000029,3919.012499999997,4070.0,0.3137254901960784,-1.4802696078431659,-32.4375,0.9629023341523334,-711.5125000000007,-0.22359524932341387,-0.5146932342103486,-0.21220639131428157,56.46078431372549,44.0,0.9019607843137255,0.08823529411764706,0.27450980392156865,0.00980392156862745,36,0.16901408450704225,2,22.070793838862556,2.5,require_micro_momentum_confirmation_sm0p75_tm1p50_d15_momentum_w15_close_vs_window_open,MNQ,1min,next_execution_bar_open,next_execution_bar,stop_first,0.75,1.5,15,require_micro_momentum_confirmation,momentum_w15_close_vs_window_open,"{""confirmation_window_minutes"": 15, ""mode"": ""close_vs_window_open""}"
98,-487.43750000000364,3508.3124999999964,3995.75,0.30612244897959184,-4.973852040816364,-34.5,0.8780110116999302,-787.875,-0.7741495176900803,-1.7131213159691323,-0.6186736474694636,56.59183673469388,44.0,0.9183673469387755,0.07142857142857142,0.2857142857142857,0.01020408163265306,40,0.18779342723004694,2,21.20527251184834,2.5,require_micro_momentum_confirmation_sm0p75_tm1p50_d15_momentum_w15_close_vs_local_mid,MNQ,1min,next_execution_bar_open,next_execution_bar,stop_first,0.75,1.5,15,require_micro_momentum_confirmation,momentum_w15_close_vs_local_mid,"{""confirmation_window_minutes"": 15, ""mode"": ""close_vs_local_mid""}"
10,-303.875,303.875,607.75,0.3,-30.3875,-43.3125,0.5,-439.5,-4.626966569366805,-7.152449159256611,-0.691410693970421,68.9,66.5,0.9,0.1,0.4,0.0,152,0.7136150234741784,0,2.1638033175355447,2.5,avoid_high_noise_first_5min_sm0p75_tm1p50_d5_noise_w5_r0p50,MNQ,1min,next_execution_bar_open,next_execution_bar,stop_first,0.75,1.5,5,avoid_high_noise_first_5min,noise_w5_r0p50,"{""max_range_to_stop_distance"": 0.5, ""noise_window_minutes"": 5}"
25,42.450000000004366,1381.5750000000044,1339.125,0.44,1.6980000000001747,-23.0,1.0316998039764804,-536.2874999999985,0.1906285835432441,0.3899997147819441,0.0791553038249157,77.92,79.0,0.8,0.16,0.32,0.04,123,0.5774647887323944,1,5.409508293838862,2.5,avoid_high_noise_first_5min_sm0p75_tm1p50_d10_noise_w5_r0p50,MNQ,1min,next_execution_bar_open,next_execution_bar,stop_first,0.75,1.5,10,avoid_high_noise_first_5min,noise_w5_r0p50,"{""max_range_to_stop_distance"": 0.5, ""noise_window_minutes"": 5}"
32,-362.4375,1045.1875,1407.625,0.3125,-11.326171875,-32.0625,0.7425184264274931,-551.3499999999985,-1.9114333861795685,-3.5986293572756565,-0.6573637435385888,72.34375,82.5,0.84375,0.15625,0.3125,0.0,129,0.6056338028169014,1,6.924170616113743,2.5,avoid_high_noise_first_5min_sm0p75_tm1p50_d5_noise_w5_r0p75,MNQ,1min,next_execution_bar_open,next_execution_bar,stop_first,0.75,1.5,5,avoid_high_noise_first_5min,noise_w5_r0p75,"{""max_range_to_stop_distance"": 0.75, ""noise_window_minutes"": 5}"
54,-6.474999999994907,2677.775000000005,2684.25,0.4074074074074074,-0.1199074074073131,-29.5,0.9975877805718563,-842.0625,-0.014874180266225188,-0.03210628351071478,-0.007689452980028094,72.35185185185185,71.5,0.8518518518518519,0.12962962962962962,0.35185185185185186,0.018518518518518517,93,0.43661971830985913,2,11.684537914691942,2.5,avoid_high_noise_first_5min_sm0p75_tm1p50_d10_noise_w5_r0p75,MNQ,1min,next_execution_bar_open,next_execution_bar,stop_first,0.75,1.5,10,avoid_high_noise_first_5min,noise_w5_r0p75,"{""max_range_to_stop_distance"": 0.75, ""noise_window_minutes"": 5}"
60,-298.2749999999978,2214.850000000002,2513.125,0.35,-4.971249999999964,-28.6875,0.8813131061924903,-640.6875,-0.8114082756670163,-1.712696097254278,-0.4655545800409682,66.9,73.5,0.85,0.13333333333333333,0.31666666666666665,0.016666666666666666,101,0.47417840375586856,1,12.982819905213269,2.5,avoid_high_noise_first_5min_sm0p75_tm1p50_d5_noise_w5_r1p00,MNQ,1min,next_execution_bar_open,next_execution_bar,stop_first,0.75,1.5,5,avoid_high_noise_first_5min,noise_w5_r1p00,"{""max_range_to_stop_distance"": 1.0, ""noise_window_minutes"": 5}"
68,-43.21249999999782,3218.912500000002,3262.125,0.38235294117647056,-0.6354779411764385,-26.875,0.9867532666590036,-1036.8125,-0.08155499479799304,-0.18195920312803004,-0.041678220507563146,64.61764705882354,55.0,0.8382352941176471,0.14705882352941177,0.29411764705882354,0.014705882352941176,79,0.37089201877934275,2,14.713862559241704,2.5,avoid_high_noise_first_5min_sm0p75_tm1p50_d10_noise_w5_r1p00,MNQ,1min,next_execution_bar_open,next_execution_bar,stop_first,0.75,1.5,10,avoid_high_noise_first_5min,noise_w5_r1p00,"{""max_range_to_stop_distance"": 1.0, ""noise_window_minutes"": 5}"
83,-226.77499999999782,3363.725000000002,3590.5,0.3373493975903614,-2.7322289156626245,-31.125,0.9368402729424877,-626.5999999999985,-0.41031555124691,-0.9312718996491165,-0.3619135014363204,61.2289156626506,55.0,0.8554216867469879,0.13253012048192772,0.27710843373493976,0.012048192771084338,78,0.36619718309859156,1,17.959567535545023,2.5,avoid_high_noise_first_5min_sm0p75_tm1p50_d5_noise_w5_r1p25,MNQ,1min,next_execution_bar_open,next_execution_bar,stop_first,0.75,1.5,5,avoid_high_noise_first_5min,noise_w5_r1p25,"{""max_range_to_stop_distance"": 1.25, ""noise_window_minutes"": 5}"
88,102.75000000000364,4055.8750000000036,3953.125,0.3522727272727273,1.1676136363636778,-29.5,1.025992094861661,-1081.6624999999985,0.15486069656345708,0.3539284459432502,0.09499266175910118,60.68181818181818,51.0,0.8295454545454546,0.1590909090909091,0.26136363636363635,0.011363636363636364,59,0.27699530516431925,2,19.041469194312796,2.5,avoid_high_noise_first_5min_sm0p75_tm1p50_d10_noise_w5_r1p25,MNQ,1min,next_execution_bar_open,next_execution_bar,stop_first,0.75,1.5,10,avoid_high_noise_first_5min,noise_w5_r1p25,"{""max_range_to_stop_distance"": 1.25, ""noise_window_minutes"": 5}"
3,37.375,242.5,205.125,0.6666666666666666,12.458333333333334,93.0,1.182205971968312,-205.125,1.2712265909070959,,0.182205971968312,101.66666666666667,120.0,1.0,0.0,0.6666666666666666,0.0,146,0.6854460093896714,0,0.6491409952606635,2.5,avoid_high_noise_first_5min_sm0p75_tm1p50_d10_noise_w10_r0p50,MNQ,1min,next_execution_bar_open,next_execution_bar,stop_first,0.75,1.5,10,avoid_high_noise_first_5min,noise_w10_r0p50,"{""max_range_to_stop_distance"": 0.5, ""noise_window_minutes"": 10}"
15,-164.8125,536.9375,701.75,0.5333333333333333,-10.9875,28.0,0.7651407196294977,-304.75,-1.7294869311224097,-2.477897822627794,-0.5408121410992617,79.53333333333333,120.0,0.9333333333333333,0.06666666666666667,0.5333333333333333,0.0,134,0.6291079812206573,0,3.2457049763033172,2.5,avoid_high_noise_first_5min_sm0p75_tm1p50_d10_noise_w10_r0p75,MNQ,1min,next_execution_bar_open,next_execution_bar,stop_first,0.75,1.5,10,avoid_high_noise_first_5min,noise_w10_r0p75,"{""max_range_to_stop_distance"": 0.75, ""noise_window_minutes"": 10}"
42,-1071.1749999999993,1200.3250000000007,2271.5,0.3333333333333333,-25.50416666666665,-39.1875,0.5284283513097076,-1214.5499999999993,-3.9435362797098517,-6.9776043567558785,-0.881952163352682,69.73809523809524,59.0,0.9047619047619048,0.09523809523809523,0.3333333333333333,0.0,106,0.49765258215962443,1,9.087973933649288,2.5,avoid_high_noise_first_5min_sm0p75_tm1p50_d10_noise_w10_r1p00,MNQ,1min,next_execution_bar_open,next_execution_bar,stop_first,0.75,1.5,10,avoid_high_noise_first_5min,noise_w10_r1p00,"{""max_range_to_stop_distance"": 1.0, ""noise_window_minutes"": 10}"
65,-521.9499999999971,2683.675000000003,3205.625,0.38461538461538464,-8.029999999999955,-31.5,0.8371768375901745,-1029.512499999997,-1.1228577028681441,-2.2095875243588368,-0.5069875305059419,68.18461538461538,65.0,0.8615384615384616,0.13846153846153847,0.3230769230769231,0.0,82,0.38497652582159625,2,14.064721563981042,2.5,avoid_high_noise_first_5min_sm0p75_tm1p50_d10_noise_w10_r1p25,MNQ,1min,next_execution_bar_open,next_execution_bar,stop_first,0.75,1.5,10,avoid_high_noise_first_5min,noise_w10_r1p25,"{""max_range_to_stop_distance"": 1.25, ""noise_window_minutes"": 10}"
28,-171.24999999999818,696.0000000000018,867.25,0.2857142857142857,-6.116071428571364,-18.375,0.8025367541078141,-568.125,-1.4137684993304527,-2.5947769178483404,-0.3014301430142982,53.142857142857146,36.0,0.8571428571428571,0.10714285714285714,0.21428571428571427,0.03571428571428571,134,0.6291079812206573,0,6.058649289099526,2.5,avoid_immediate_adverse_move_sm0p75_tm2p00_d5_adverse_w5_ticks8,MNQ,1min,next_execution_bar_open,next_execution_bar,stop_first,0.75,2.0,5,avoid_immediate_adverse_move,adverse_w5_ticks8,"{""adverse_window_minutes"": 5, ""max_adverse_ticks"": 8}"
24,-344.6249999999982,541.0000000000018,885.625,0.3333333333333333,-14.359374999999924,-22.25,0.6108680310515193,-528.875,-3.1151312905402406,-4.937548814583844,-0.6516190025998547,55.125,53.5,0.8333333333333334,0.125,0.20833333333333334,0.041666666666666664,115,0.539906103286385,0,5.193127962085308,2.5,avoid_immediate_adverse_move_sm0p75_tm2p00_d15_adverse_w5_ticks8,MNQ,1min,next_execution_bar_open,next_execution_bar,stop_first,0.75,2.0,15,avoid_immediate_adverse_move,adverse_w5_ticks8,"{""adverse_window_minutes"": 5, ""max_adverse_ticks"": 8}"
40,132.37500000000182,1331.5000000000018,1199.125,0.3,3.3093750000000455,-18.375,1.1103929948921103,-528.0,0.5911928395114651,1.5592556196464882,0.25071022727273073,53.475,36.0,0.9,0.075,0.25,0.025,121,0.568075117370892,1,8.655213270142179,2.5,avoid_immediate_adverse_move_sm0p75_tm2p00_d5_adverse_w5_ticks12,MNQ,1min,next_execution_bar_open,next_execution_bar,stop_first,0.75,2.0,5,avoid_immediate_adverse_move,adverse_w5_ticks12,"{""adverse_window_minutes"": 5, ""max_adverse_ticks"": 12}"
34,38.50000000000182,1212.5000000000018,1174.0,0.35294117647058826,1.132352941176524,-25.125,1.0327938671209556,-562.125,0.1988655305553012,0.4411986629156161,0.06849010451412377,60.470588235294116,61.0,0.8823529411764706,0.08823529411764706,0.29411764705882354,0.029411764705882353,104,0.48826291079812206,1,7.356931279620852,2.5,avoid_immediate_adverse_move_sm0p75_tm2p00_d15_adverse_w5_ticks12,MNQ,1min,next_execution_bar_open,next_execution_bar,stop_first,0.75,2.0,15,avoid_immediate_adverse_move,adverse_w5_ticks12,"{""adverse_window_minutes"": 5, ""max_adverse_ticks"": 12}"
47,277.2500000000018,1674.0000000000018,1396.75,0.3191489361702128,5.898936170212805,-19.875,1.1984965097547893,-654.375,1.0252305553416645,2.9090066834913393,0.4236867239732597,56.42553191489362,36.0,0.9148936170212766,0.06382978723404255,0.2765957446808511,0.02127659574468085,114,0.5352112676056338,1,10.16987559241706,2.5,avoid_immediate_adverse_move_sm0p75_tm2p00_d5_adverse_w5_ticks16,MNQ,1min,next_execution_bar_open,next_execution_bar,stop_first,0.75,2.0,5,avoid_immediate_adverse_move,adverse_w5_ticks16,"{""adverse_window_minutes"": 5, ""max_adverse_ticks"": 16}"
41,164.75000000000182,1504.5000000000018,1339.75,0.36585365853658536,4.018292682926874,-22.5,1.1229707034894583,-676.125,0.7116082336872143,1.6651959844743902,0.24366796080606665,62.390243902439025,61.0,0.9024390243902439,0.07317073170731707,0.3170731707317073,0.024390243902439025,97,0.45539906103286387,1,8.871593601895734,2.5,avoid_immediate_adverse_move_sm0p75_tm2p00_d15_adverse_w5_ticks16,MNQ,1min,next_execution_bar_open,next_execution_bar,stop_first,0.75,2.0,15,avoid_immediate_adverse_move,adverse_w5_ticks16,"{""adverse_window_minutes"": 5, ""max_adverse_ticks"": 16}"
58,-129.24999999999818,1744.5000000000018,1873.75,0.27586206896551724,-2.2284482758620374,-26.25,0.9310206804536367,-807.75,-0.419619571246595,-1.2214230897195915,-0.16001238006808813,51.258620689655174,29.5,0.9310344827586207,0.05172413793103448,0.2413793103448276,0.017241379310344827,103,0.4835680751173709,1,12.55005924170616,2.5,avoid_immediate_adverse_move_sm0p75_tm2p00_d5_adverse_w5_ticks24,MNQ,1min,next_execution_bar_open,next_execution_bar,stop_first,0.75,2.0,5,avoid_immediate_adverse_move,adverse_w5_ticks24,"{""adverse_window_minutes"": 5, ""max_adverse_ticks"": 24}"
51,-223.74999999999818,1534.5000000000018,1758.25,0.3137254901960784,-4.387254901960748,-30.75,0.8727427840182009,-869.625,-0.8429521972100066,-2.0368697305912007,-0.2572948109817429,57.745098039215684,46.0,0.9215686274509803,0.058823529411764705,0.27450980392156865,0.0196078431372549,87,0.4084507042253521,1,11.035396919431278,2.5,avoid_immediate_adverse_move_sm0p75_tm2p00_d15_adverse_w5_ticks24,MNQ,1min,next_execution_bar_open,next_execution_bar,stop_first,0.75,2.0,15,avoid_immediate_adverse_move,adverse_w5_ticks24,"{""adverse_window_minutes"": 5, ""max_adverse_ticks"": 24}"
19,-234.87499999999818,541.0000000000018,775.875,0.42105263157894735,-12.361842105263062,-28.5,0.6972772676010979,-491.0,-2.394199032566592,-4.0768095291990525,-0.47836048879836696,55.473684210526315,46.0,0.8421052631578947,0.15789473684210525,0.2631578947368421,0.0,120,0.5633802816901409,0,4.111226303317535,2.5,avoid_immediate_adverse_move_sm0p75_tm2p00_d15_adverse_w10_ticks8,MNQ,1min,next_execution_bar_open,next_execution_bar,stop_first,0.75,2.0,15,avoid_immediate_adverse_move,adverse_w10_ticks8,"{""adverse_window_minutes"": 10, ""max_adverse_ticks"": 8}"
31,-159.87499999999818,959.0000000000018,1118.875,0.3548387096774194,-5.15725806451607,-27.75,0.8571109373254401,-546.75,-0.992488567796106,-1.9638610179009603,-0.29240969364425823,58.61290322580645,61.0,0.8709677419354839,0.0967741935483871,0.2903225806451613,0.03225806451612903,107,0.5023474178403756,1,6.707790284360189,2.5,avoid_immediate_adverse_move_sm0p75_tm2p00_d15_adverse_w10_ticks12,MNQ,1min,next_execution_bar_open,next_execution_bar,stop_first,0.75,2.0,15,avoid_immediate_adverse_move,adverse_w10_ticks12,"{""adverse_window_minutes"": 10, ""max_adverse_ticks"": 12}"
37,0.500000000001819,1251.0000000000018,1250.5,0.3783783783783784,0.013513513513562675,-22.5,1.000399840063976,-660.75,0.0025450853521756405,0.0054058939766349545,0.0007567158531998774,62.32432432432432,61.0,0.8918918918918919,0.08108108108108109,0.32432432432432434,0.02702702702702703,101,0.47417840375586856,1,8.006072274881516,2.5,avoid_immediate_adverse_move_sm0p75_tm2p00_d15_adverse_w10_ticks16,MNQ,1min,next_execution_bar_open,next_execution_bar,stop_first,0.75,2.0,15,avoid_immediate_adverse_move,adverse_w10_ticks16,"{""adverse_window_minutes"": 10, ""max_adverse_ticks"": 16}"
45,-296.4999999999982,1281.0000000000018,1577.5,0.3333333333333333,-6.588888888888849,-28.5,0.8120443740095099,-822.0,-1.3342696601615354,-2.9003634213460043,-0.36070559610705377,57.111111111111114,46.0,0.9111111111111111,0.06666666666666667,0.28888888888888886,0.022222222222222223,93,0.43661971830985913,1,9.737114928909952,2.5,avoid_immediate_adverse_move_sm0p75_tm2p00_d15_adverse_w10_ticks24,MNQ,1min,next_execution_bar_open,next_execution_bar,stop_first,0.75,2.0,15,avoid_immediate_adverse_move,adverse_w10_ticks24,"{""adverse_window_minutes"": 10, ""max_adverse_ticks"": 24}"
17,-244.62499999999818,499.0000000000018,743.625,0.4117647058823529,-14.389705882352834,-28.5,0.6710371491006917,-533.0,-2.672238626741256,-4.67501106864374,-0.45895872420262324,53.411764705882355,46.0,0.8235294117647058,0.17647058823529413,0.23529411764705882,0.0,122,0.5727699530516432,0,3.678465639810426,2.5,avoid_immediate_adverse_move_sm0p75_tm2p00_d15_adverse_w15_ticks8,MNQ,1min,next_execution_bar_open,next_execution_bar,stop_first,0.75,2.0,15,avoid_immediate_adverse_move,adverse_w15_ticks8,"{""adverse_window_minutes"": 15, ""max_adverse_ticks"": 8}"
26,-109.24999999999818,917.0000000000018,1026.25,0.38461538461538464,-4.201923076923007,-31.5,0.8935444579780772,-566.25,-0.7473541117591049,-1.5638697297434034,-0.19293598233995263,61.19230769230769,61.0,0.8461538461538461,0.11538461538461539,0.3076923076923077,0.038461538461538464,112,0.5258215962441315,1,5.625888625592417,2.5,avoid_immediate_adverse_move_sm0p75_tm2p00_d15_adverse_w15_ticks12,MNQ,1min,next_execution_bar_open,next_execution_bar,stop_first,0.75,2.0,15,avoid_immediate_adverse_move,adverse_w15_ticks12,"{""adverse_window_minutes"": 15, ""max_adverse_ticks"": 12}"
32,51.12500000000182,1209.0000000000018,1157.875,0.40625,1.5976562500000568,-25.25,1.0441541617186672,-680.25,0.28212611317703074,0.6255990363838287,0.0751561925762614,65.0,65.0,0.875,0.09375,0.34375,0.03125,106,0.49765258215962443,1,6.924170616113743,2.5,avoid_immediate_adverse_move_sm0p75_tm2p00_d15_adverse_w15_ticks16,MNQ,1min,next_execution_bar_open,next_execution_bar,stop_first,0.75,2.0,15,avoid_immediate_adverse_move,adverse_w15_ticks16,"{""adverse_window_minutes"": 15, ""max_adverse_ticks"": 16}"
39,-166.74999999999818,1239.0000000000018,1405.75,0.358974358974359,-4.275641025640979,-30.75,0.881380046238664,-762.375,-0.8208853076492509,-1.844224320080082,-0.21872438104607075,59.666666666666664,61.0,0.8974358974358975,0.07692307692307693,0.3076923076923077,0.02564102564102564,99,0.4647887323943662,1,8.438832938388625,2.5,avoid_immediate_adverse_move_sm0p75_tm2p00_d15_adverse_w15_ticks24,MNQ,1min,next_execution_bar_open,next_execution_bar,stop_first,0.75,2.0,15,avoid_immediate_adverse_move,adverse_w15_ticks24,"{""adverse_window_minutes"": 15, ""max_adverse_ticks"": 24}"
51,-352.5499999999993,1525.2000000000007,1877.75,0.27450980392156865,-6.912745098039202,-25.5,0.8122487019038747,-780.125,-1.2171781061390523,-2.4402510768949885,-0.4519147572504397,57.549019607843135,44.0,0.9607843137254902,0.0392156862745098,0.3333333333333333,0.0,110,0.5164319248826291,1,11.035396919431278,2.5,require_no_stop_zone_touch_before_entry_sm0p75_tm2p00_d5_stop_zone_0p50,MNQ,1min,next_execution_bar_open,next_execution_bar,stop_first,0.75,2.0,5,require_no_stop_zone_touch_before_entry,stop_zone_0p50,"{""stop_zone_fraction"": 0.5}"
20,-18.125,754.5,772.625,0.35,-0.90625,-21.5625,0.9765410127811034,-282.0,-0.14411623619972336,-0.26297546416793,-0.06427304964539007,61.8,58.5,0.9,0.1,0.3,0.0,119,0.5586854460093896,0,4.327606635071089,2.5,require_no_stop_zone_touch_before_entry_sm0p75_tm2p00_d15_stop_zone_0p50,MNQ,1min,next_execution_bar_open,next_execution_bar,stop_first,0.75,2.0,15,require_no_stop_zone_touch_before_entry,stop_zone_0p50,"{""stop_zone_fraction"": 0.5}"
13,49.0,539.0,490.0,0.3076923076923077,3.769230769230769,-15.75,1.1,-214.375,0.5775144096355318,1.5530309477112614,0.22857142857142856,66.15384615384616,61.0,1.0,0.0,0.38461538461538464,0.0,116,0.5446009389671361,0,2.8129443127962084,2.5,require_no_stop_zone_touch_before_entry_sm0p75_tm2p00_d30_stop_zone_0p50,MNQ,1min,next_execution_bar_open,next_execution_bar,stop_first,0.75,2.0,30,require_no_stop_zone_touch_before_entry,stop_zone_0p50,"{""stop_zone_fraction"": 0.5}"
90,264.8000000000029,3702.300000000003,3437.5,0.26666666666666666,2.9422222222222545,-30.5625,1.077032727272728,-677.25,0.40571414893648905,1.158819288506211,0.39099298634182783,55.74444444444445,36.0,0.9333333333333333,0.05555555555555555,0.2777777777777778,0.011111111111111112,71,0.3333333333333333,1,19.474229857819903,2.5,require_no_stop_zone_touch_before_entry_sm0p75_tm2p00_d5_stop_zone_0p75,MNQ,1min,next_execution_bar_open,next_execution_bar,stop_first,0.75,2.0,5,require_no_stop_zone_touch_before_entry,stop_zone_0p75,"{""stop_zone_fraction"": 0.75}"
42,-555.1749999999993,1387.2000000000007,1942.375,0.2857142857142857,-13.218452380952364,-30.0,0.7141772314820777,-683.625,-2.1231421742598298,-4.018749623328094,-0.8121045895044787,60.45238095238095,53.5,0.9285714285714286,0.07142857142857142,0.2857142857142857,0.0,97,0.45539906103286387,0,9.087973933649288,2.5,require_no_stop_zone_touch_before_entry_sm0p75_tm2p00_d15_stop_zone_0p75,MNQ,1min,next_execution_bar_open,next_execution_bar,stop_first,0.75,2.0,15,require_no_stop_zone_touch_before_entry,stop_zone_0p75,"{""stop_zone_fraction"": 0.75}"
27,64.0,1105.25,1041.25,0.4074074074074074,2.3703703703703702,-15.75,1.0614645858343337,-364.125,0.37428993211668937,0.8626140037054879,0.17576381737040853,77.0,82.0,0.9629629629629629,0.037037037037037035,0.48148148148148145,0.0,102,0.4788732394366197,1,5.842268957345971,2.5,require_no_stop_zone_touch_before_entry_sm0p75_tm2p00_d30_stop_zone_0p75,MNQ,1min,next_execution_bar_open,next_execution_bar,stop_first,0.75,2.0,30,require_no_stop_zone_touch_before_entry,stop_zone_0p75,"{""stop_zone_fraction"": 0.75}"
110,1375.7500000000055,5268.5000000000055,3892.75,0.3,12.50681818181823,-25.3125,1.3534133966989932,-580.875,1.6311363587685743,4.798728428440893,2.3684097267054107,54.554545454545455,34.5,0.9090909090909091,0.08181818181818182,0.2727272727272727,0.00909090909090909,50,0.2347417840375587,2,23.801836492890992,2.5,require_no_stop_zone_touch_before_entry_sm0p75_tm2p00_d5_stop_zone_1p00,MNQ,1min,next_execution_bar_open,next_execution_bar,stop_first,0.75,2.0,5,require_no_stop_zone_touch_before_entry,stop_zone_1p00,"{""stop_zone_fraction"": 1.0}"
61,-1394.0249999999996,1602.8500000000004,2996.875,0.2786885245901639,-22.85286885245901,-32.625,0.5348404588112619,-1438.5499999999993,-3.888645978636123,-6.455725035973556,-0.9690486948663587,60.26229508196721,51.0,0.9344262295081968,0.06557377049180328,0.2786885245901639,0.0,78,0.36619718309859156,1,13.199200236966824,2.5,require_no_stop_zone_touch_before_entry_sm0p75_tm2p00_d15_stop_zone_1p00,MNQ,1min,next_execution_bar_open,next_execution_bar,stop_first,0.75,2.0,15,require_no_stop_zone_touch_before_entry,stop_zone_1p00,"{""stop_zone_fraction"": 1.0}"
48,-361.5499999999993,1781.9500000000007,2143.5,0.375,-7.5322916666666515,-30.625,0.8313272684861212,-910.125,-1.1770220340348672,-2.465944649798285,-0.3972531245707999,77.0625,88.0,0.9166666666666666,0.041666666666666664,0.375,0.041666666666666664,81,0.38028169014084506,1,10.386255924170616,2.5,require_no_stop_zone_touch_before_entry_sm0p75_tm2p00_d30_stop_zone_1p00,MNQ,1min,next_execution_bar_open,next_execution_bar,stop_first,0.75,2.0,30,require_no_stop_zone_touch_before_entry,stop_zone_1p00,"{""stop_zone_fraction"": 1.0}"
98,733.9000000000033,4535.900000000003,3802.0,0.2755102040816326,7.488775510204115,-30.9375,1.193029984218833,-703.75,0.9557206763502138,2.996811066327055,1.0428419182948536,51.46938775510204,29.0,0.9183673469387755,0.07142857142857142,0.24489795918367346,0.01020408163265306,63,0.29577464788732394,1,21.20527251184834,2.5,require_micro_momentum_confirmation_sm0p75_tm2p00_d5_momentum_w5_close_vs_window_open,MNQ,1min,next_execution_bar_open,next_execution_bar,stop_first,0.75,2.0,5,require_micro_momentum_confirmation,momentum_w5_close_vs_window_open,"{""confirmation_window_minutes"": 5, ""mode"": ""close_vs_window_open""}"
102,-69.399999999996,4000.600000000004,4070.0,0.3137254901960784,-0.6803921568627058,-32.4375,0.9829484029484039,-701.875,-0.09854815042730644,-0.23657395780574844,-0.098878005342826,58.8235294117647,47.0,0.9313725490196079,0.058823529411764705,0.30392156862745096,0.00980392156862745,36,0.16901408450704225,2,22.070793838862556,2.5,require_micro_momentum_confirmation_sm0p75_tm2p00_d15_momentum_w5_close_vs_window_open,MNQ,1min,next_execution_bar_open,next_execution_bar,stop_first,0.75,2.0,15,require_micro_momentum_confirmation,momentum_w5_close_vs_window_open,"{""confirmation_window_minutes"": 5, ""mode"": ""close_vs_window_open""}"
97,153.32500000000255,4049.7000000000025,3896.375,0.26804123711340205,1.5806701030928099,-31.125,1.0393506785152873,-665.125,0.22088778126465897,0.5809598047762452,0.230520578838568,51.5360824742268,30.0,0.9175257731958762,0.07216494845360824,0.23711340206185566,0.010309278350515464,63,0.29577464788732394,2,20.988892180094783,2.5,require_micro_momentum_confirmation_sm0p75_tm2p00_d5_momentum_w5_close_vs_local_mid,MNQ,1min,next_execution_bar_open,next_execution_bar,stop_first,0.75,2.0,5,require_micro_momentum_confirmation,momentum_w5_close_vs_local_mid,"{""confirmation_window_minutes"": 5, ""mode"": ""close_vs_local_mid""}"
100,-654.5999999999967,3560.9000000000033,4215.5,0.29,-6.545999999999967,-34.875,0.8447159293085051,-965.625,-0.9636613172529709,-2.1875500966856043,-0.6779029126213558,56.28,44.0,0.94,0.05,0.29,0.01,38,0.1784037558685446,2,21.63803317535545,2.5,require_micro_momentum_confirmation_sm0p75_tm2p00_d15_momentum_w5_close_vs_local_mid,MNQ,1min,next_execution_bar_open,next_execution_bar,stop_first,0.75,2.0,15,require_micro_momentum_confirmation,momentum_w5_close_vs_local_mid,"{""confirmation_window_minutes"": 5, ""mode"": ""close_vs_local_mid""}"
102,-69.399999999996,4000.600000000004,4070.0,0.3137254901960784,-0.6803921568627058,-32.4375,0.9829484029484039,-701.875,-0.09854815042730644,-0.23657395780574844,-0.098878005342826,58.8235294117647,47.0,0.9313725490196079,0.058823529411764705,0.30392156862745096,0.00980392156862745,36,0.16901408450704225,2,22.070793838862556,2.5,require_micro_momentum_confirmation_sm0p75_tm2p00_d15_momentum_w10_close_vs_window_open,MNQ,1min,next_execution_bar_open,next_execution_bar,stop_first,0.75,2.0,15,require_micro_momentum_confirmation,momentum_w10_close_vs_window_open,"{""confirmation_window_minutes"": 10, ""mode"": ""close_vs_window_open""}"
98,-211.84999999999673,3783.9000000000033,3995.75,0.30612244897959184,-2.1617346938775177,-34.5,0.9469811674904595,-787.875,-0.3121425160986009,-0.7445564832169299,-0.26888783119149195,58.19387755102041,46.5,0.9387755102040817,0.05102040816326531,0.30612244897959184,0.01020408163265306,40,0.18779342723004694,2,21.20527251184834,2.5,require_micro_momentum_confirmation_sm0p75_tm2p00_d15_momentum_w10_close_vs_local_mid,MNQ,1min,next_execution_bar_open,next_execution_bar,stop_first,0.75,2.0,15,require_micro_momentum_confirmation,momentum_w10_close_vs_local_mid,"{""confirmation_window_minutes"": 10, ""mode"": ""close_vs_local_mid""}"
102,-69.399999999996,4000.600000000004,4070.0,0.3137254901960784,-0.6803921568627058,-32.4375,0.9829484029484039,-701.875,-0.09854815042730644,-0.23657395780574844,-0.098878005342826,58.8235294117647,47.0,0.9313725490196079,0.058823529411764705,0.30392156862745096,0.00980392156862745,36,0.16901408450704225,2,22.070793838862556,2.5,require_micro_momentum_confirmation_sm0p75_tm2p00_d15_momentum_w15_close_vs_window_open,MNQ,1min,next_execution_bar_open,next_execution_bar,stop_first,0.75,2.0,15,require_micro_momentum_confirmation,momentum_w15_close_vs_window_open,"{""confirmation_window_minutes"": 15, ""mode"": ""close_vs_window_open""}"
98,-211.84999999999673,3783.9000000000033,3995.75,0.30612244897959184,-2.1617346938775177,-34.5,0.9469811674904595,-787.875,-0.3121425160986009,-0.7445564832169299,-0.26888783119149195,58.19387755102041,46.5,0.9387755102040817,0.05102040816326531,0.30612244897959184,0.01020408163265306,40,0.18779342723004694,2,21.20527251184834,2.5,require_micro_momentum_confirmation_sm0p75_tm2p00_d15_momentum_w15_close_vs_local_mid,MNQ,1min,next_execution_bar_open,next_execution_bar,stop_first,0.75,2.0,15,require_micro_momentum_confirmation,momentum_w15_close_vs_local_mid,"{""confirmation_window_minutes"": 15, ""mode"": ""close_vs_local_mid""}"
10,-324.25,283.5,607.75,0.3,-32.425,-43.3125,0.4664747017688194,-439.5,-5.079750721894622,-7.6320251415514795,-0.7377701934015927,72.2,83.0,1.0,0.0,0.5,0.0,152,0.7136150234741784,0,2.1638033175355447,2.5,avoid_high_noise_first_5min_sm0p75_tm2p00_d5_noise_w5_r0p50,MNQ,1min,next_execution_bar_open,next_execution_bar,stop_first,0.75,2.0,5,avoid_high_noise_first_5min,noise_w5_r0p50,"{""max_range_to_stop_distance"": 0.5, ""noise_window_minutes"": 5}"
25,-42.875,1296.25,1339.125,0.44,-1.715,-23.0,0.9679828246056194,-540.75,-0.207026893620311,-0.3939043055659396,-0.07928802588996764,82.96,104.0,0.92,0.04,0.44,0.04,123,0.5774647887323944,1,5.409508293838862,2.5,avoid_high_noise_first_5min_sm0p75_tm2p00_d10_noise_w5_r0p50,MNQ,1min,next_execution_bar_open,next_execution_bar,stop_first,0.75,2.0,10,avoid_high_noise_first_5min,noise_w5_r0p50,"{""max_range_to_stop_distance"": 0.5, ""noise_window_minutes"": 5}"
32,-255.625,1152.0,1407.625,0.3125,-7.98828125,-32.0625,0.8183997868750555,-528.5,-1.2633701730260796,-2.538091752243048,-0.4836802270577105,78.4375,89.0,0.9375,0.0625,0.40625,0.0,129,0.6056338028169014,1,6.924170616113743,2.5,avoid_high_noise_first_5min_sm0p75_tm2p00_d5_noise_w5_r0p75,MNQ,1min,next_execution_bar_open,next_execution_bar,stop_first,0.75,2.0,5,avoid_high_noise_first_5min,noise_w5_r0p75,"{""max_range_to_stop_distance"": 0.75, ""noise_window_minutes"": 5}"
54,57.10000000000218,2741.350000000002,2684.25,0.4074074074074074,1.0574074074074478,-29.5,1.0212722361926059,-784.375,0.1314458151412687,0.2831303148205909,0.07279681274900676,76.77777777777777,81.5,0.9074074074074074,0.07407407407407407,0.4074074074074074,0.018518518518518517,93,0.43661971830985913,2,11.684537914691942,2.5,avoid_high_noise_first_5min_sm0p75_tm2p00_d10_noise_w5_r0p75,MNQ,1min,next_execution_bar_open,next_execution_bar,stop_first,0.75,2.0,10,avoid_high_noise_first_5min,noise_w5_r0p75,"{""max_range_to_stop_distance"": 0.75, ""noise_window_minutes"": 5}"
60,-161.27499999999964,2351.8500000000004,2513.125,0.35,-2.6879166666666605,-28.6875,0.935826908729172,-598.5,-0.4247123718782087,-0.9260416162423437,-0.2694653299916452,70.91666666666667,81.5,0.9166666666666666,0.06666666666666667,0.38333333333333336,0.016666666666666666,101,0.47417840375586856,1,12.982819905213269,2.5,avoid_high_noise_first_5min_sm0p75_tm2p00_d5_noise_w5_r1p00,MNQ,1min,next_execution_bar_open,next_execution_bar,stop_first,0.75,2.0,5,avoid_high_noise_first_5min,noise_w5_r1p00,"{""max_range_to_stop_distance"": 1.0, ""noise_window_minutes"": 5}"
68,29.125000000003638,3291.2500000000036,3262.125,0.38235294117647056,0.42830882352946525,-26.875,1.0089282292983879,-979.125,0.054240183966772035,0.12263955547827145,0.02974594663603078,69.8970588235294,74.0,0.9117647058823529,0.07352941176470588,0.36764705882352944,0.014705882352941176,79,0.37089201877934275,2,14.713862559241704,2.5,avoid_high_noise_first_5min_sm0p75_tm2p00_d10_noise_w5_r1p00,MNQ,1min,next_execution_bar_open,next_execution_bar,stop_first,0.75,2.0,10,avoid_high_noise_first_5min,noise_w5_r1p00,"{""max_range_to_stop_distance"": 1.0, ""noise_window_minutes"": 5}"
83,-38.99999999999818,3551.500000000002,3590.5,0.3373493975903614,-0.46987951807226724,-31.125,0.9891380030636406,-599.25,-0.06882194744421685,-0.1601570018137546,-0.06508135168960898,65.1566265060241,69.0,0.927710843373494,0.060240963855421686,0.3493975903614458,0.012048192771084338,78,0.36619718309859156,1,17.959567535545023,2.5,avoid_high_noise_first_5min_sm0p75_tm2p00_d5_noise_w5_r1p25,MNQ,1min,next_execution_bar_open,next_execution_bar,stop_first,0.75,2.0,5,avoid_high_noise_first_5min,noise_w5_r1p25,"{""max_range_to_stop_distance"": 1.25, ""noise_window_minutes"": 5}"
88,262.82500000000437,4215.950000000004,3953.125,0.3522727272727273,2.9866477272727767,-29.5,1.0664853754940722,-987.1749999999993,0.38539900034886515,0.9053162414115131,0.2662395218679612,67.17045454545455,69.5,0.9204545454545454,0.06818181818181818,0.3522727272727273,0.011363636363636364,59,0.27699530516431925,2,19.041469194312796,2.5,avoid_high_noise_first_5min_sm0p75_tm2p00_d10_noise_w5_r1p25,MNQ,1min,next_execution_bar_open,next_execution_bar,stop_first,0.75,2.0,10,avoid_high_noise_first_5min,noise_w5_r1p25,"{""max_range_to_stop_distance"": 1.25, ""noise_window_minutes"": 5}"
3,37.375,242.5,205.125,0.6666666666666666,12.458333333333334,93.0,1.182205971968312,-205.125,1.2712265909070959,,0.182205971968312,101.66666666666667,120.0,1.0,0.0,0.6666666666666666,0.0,146,0.6854460093896714,0,0.6491409952606635,2.5,avoid_high_noise_first_5min_sm0p75_tm2p00_d10_noise_w10_r0p50,MNQ,1min,next_execution_bar_open,next_execution_bar,stop_first,0.75,2.0,10,avoid_high_noise_first_5min,noise_w10_r0p50,"{""max_range_to_stop_distance"": 0.5, ""noise_window_minutes"": 10}"
15,-129.0,572.75,701.75,0.5333333333333333,-8.6,28.0,0.8161738510865693,-304.75,-1.313552587902054,-1.9394695130465551,-0.42329778506972926,84.86666666666666,120.0,0.9333333333333333,0.06666666666666667,0.5333333333333333,0.0,134,0.6291079812206573,0,3.2457049763033172,2.5,avoid_high_noise_first_5min_sm0p75_tm2p00_d10_noise_w10_r0p75,MNQ,1min,next_execution_bar_open,next_execution_bar,stop_first,0.75,2.0,10,avoid_high_noise_first_5min,noise_w10_r0p75,"{""max_range_to_stop_distance"": 0.75, ""noise_window_minutes"": 10}"
42,-956.8499999999985,1314.6500000000015,2271.5,0.3333333333333333,-22.782142857142823,-39.1875,0.5787585296059878,-1123.875,-3.373032952258206,-6.232894465201164,-0.8513847180513834,73.5,74.0,0.9285714285714286,0.07142857142857142,0.35714285714285715,0.0,106,0.49765258215962443,1,9.087973933649288,2.5,avoid_high_noise_first_5min_sm0p75_tm2p00_d10_noise_w10_r1p00,MNQ,1min,next_execution_bar_open,next_execution_bar,stop_first,0.75,2.0,10,avoid_high_noise_first_5min,noise_w10_r1p00,"{""max_range_to_stop_distance"": 1.0, ""noise_window_minutes"": 10}"
65,-395.5749999999971,2810.050000000003,3205.625,0.38461538461538464,-6.085769230769186,-31.5,0.8765997270423094,-858.5499999999993,-0.8219749480691394,-1.6746002202284613,-0.46074777240696224,73.01538461538462,80.0,0.9230769230769231,0.07692307692307693,0.38461538461538464,0.0,82,0.38497652582159625,2,14.064721563981042,2.5,avoid_high_noise_first_5min_sm0p75_tm2p00_d10_noise_w10_r1p25,MNQ,1min,next_execution_bar_open,next_execution_bar,stop_first,0.75,2.0,10,avoid_high_noise_first_5min,noise_w10_r1p25,"{""max_range_to_stop_distance"": 1.25, ""noise_window_minutes"": 10}"
28,-143.8125,723.4375,867.25,0.2857142857142857,-5.136160714285714,-18.375,0.8341741135773998,-568.125,-1.1333784446213055,-2.179044411667553,-0.25313531353135316,55.892857142857146,36.0,0.8928571428571429,0.07142857142857142,0.25,0.03571428571428571,134,0.6291079812206573,0,6.058649289099526,2.5,avoid_immediate_adverse_move_sm0p75_tm2p50_d5_adverse_w5_ticks8,MNQ,1min,next_execution_bar_open,next_execution_bar,stop_first,0.75,2.5,5,avoid_immediate_adverse_move,adverse_w5_ticks8,"{""adverse_window_minutes"": 5, ""max_adverse_ticks"": 8}"
24,-326.1875,559.4375,885.625,0.3333333333333333,-13.591145833333334,-22.25,0.6316866619618913,-528.875,-2.8124348638175127,-4.673389057546831,-0.6167572677853935,59.083333333333336,53.5,0.875,0.08333333333333333,0.25,0.041666666666666664,115,0.539906103286385,0,5.193127962085308,2.5,avoid_immediate_adverse_move_sm0p75_tm2p50_d15_adverse_w5_ticks8,MNQ,1min,next_execution_bar_open,next_execution_bar,stop_first,0.75,2.5,15,avoid_immediate_adverse_move,adverse_w5_ticks8,"{""adverse_window_minutes"": 5, ""max_adverse_ticks"": 8}"
40,159.8125,1358.9375,1199.125,0.3,3.9953125,-18.375,1.1332742624830605,-528.0,0.7000306855087824,1.8824441073824438,0.3026751893939394,55.4,36.0,0.925,0.05,0.275,0.025,121,0.568075117370892,1,8.655213270142179,2.5,avoid_immediate_adverse_move_sm0p75_tm2p50_d5_adverse_w5_ticks12,MNQ,1min,next_execution_bar_open,next_execution_bar,stop_first,0.75,2.5,5,avoid_immediate_adverse_move,adverse_w5_ticks12,"{""adverse_window_minutes"": 5, ""max_adverse_ticks"": 12}"
34,56.9375,1230.9375,1174.0,0.35294117647058826,1.6746323529411764,-25.125,1.0484987223168654,-562.125,0.2878658134545885,0.6524869836300442,0.1012897487213698,63.26470588235294,67.5,0.9117647058823529,0.058823529411764705,0.3235294117647059,0.029411764705882353,104,0.48826291079812206,1,7.356931279620852,2.5,avoid_immediate_adverse_move_sm0p75_tm2p50_d15_adverse_w5_ticks12,MNQ,1min,next_execution_bar_open,next_execution_bar,stop_first,0.75,2.5,15,avoid_immediate_adverse_move,adverse_w5_ticks12,"{""adverse_window_minutes"": 5, ""max_adverse_ticks"": 12}"
47,304.6875,1701.4375,1396.75,0.3191489361702128,6.482712765957447,-19.875,1.2181403257562198,-654.375,1.1092970548142287,3.1968907984716375,0.4656160458452722,58.06382978723404,36.0,0.9361702127659575,0.0425531914893617,0.2978723404255319,0.02127659574468085,114,0.5352112676056338,1,10.16987559241706,2.5,avoid_immediate_adverse_move_sm0p75_tm2p50_d5_adverse_w5_ticks16,MNQ,1min,next_execution_bar_open,next_execution_bar,stop_first,0.75,2.5,5,avoid_immediate_adverse_move,adverse_w5_ticks16,"{""adverse_window_minutes"": 5, ""max_adverse_ticks"": 16}"
41,183.1875,1522.9375,1339.75,0.36585365853658536,4.467987804878049,-22.5,1.1367325993655533,-676.125,0.7771484047955304,1.8515513772740453,0.27093732667775927,64.70731707317073,74.0,0.926829268292683,0.04878048780487805,0.34146341463414637,0.024390243902439025,97,0.45539906103286387,1,8.871593601895734,2.5,avoid_immediate_adverse_move_sm0p75_tm2p50_d15_adverse_w5_ticks16,MNQ,1min,next_execution_bar_open,next_execution_bar,stop_first,0.75,2.5,15,avoid_immediate_adverse_move,adverse_w5_ticks16,"{""adverse_window_minutes"": 5, ""max_adverse_ticks"": 16}"
58,-101.8125,1771.9375,1873.75,0.27586206896551724,-1.7553879310344827,-26.25,0.945663775850567,-807.75,-0.32566210214581337,-0.9621364667085313,-0.12604456824512536,52.58620689655172,29.5,0.9482758620689655,0.034482758620689655,0.25862068965517243,0.017241379310344827,103,0.4835680751173709,1,12.55005924170616,2.5,avoid_immediate_adverse_move_sm0p75_tm2p50_d5_adverse_w5_ticks24,MNQ,1min,next_execution_bar_open,next_execution_bar,stop_first,0.75,2.5,5,avoid_immediate_adverse_move,adverse_w5_ticks24,"{""adverse_window_minutes"": 5, ""max_adverse_ticks"": 24}"
51,-205.3125,1552.9375,1758.25,0.3137254901960784,-4.025735294117647,-30.75,0.8832290629887672,-869.625,-0.7603552621610321,-1.869027113126299,-0.23609314359637776,59.6078431372549,46.0,0.9411764705882353,0.0392156862745098,0.29411764705882354,0.0196078431372549,87,0.4084507042253521,1,11.035396919431278,2.5,avoid_immediate_adverse_move_sm0p75_tm2p50_d15_adverse_w5_ticks24,MNQ,1min,next_execution_bar_open,next_execution_bar,stop_first,0.75,2.5,15,avoid_immediate_adverse_move,adverse_w5_ticks24,"{""adverse_window_minutes"": 5, ""max_adverse_ticks"": 24}"
19,-216.4375,559.4375,775.875,0.42105263157894735,-11.391447368421053,-28.5,0.7210407604317706,-491.0,-2.104402523259978,-3.7567832356616364,-0.44080957230142565,60.473684210526315,46.0,0.8947368421052632,0.10526315789473684,0.3157894736842105,0.0,120,0.5633802816901409,0,4.111226303317535,2.5,avoid_immediate_adverse_move_sm0p75_tm2p50_d15_adverse_w10_ticks8,MNQ,1min,next_execution_bar_open,next_execution_bar,stop_first,0.75,2.5,15,avoid_immediate_adverse_move,adverse_w10_ticks8,"{""adverse_window_minutes"": 10, ""max_adverse_ticks"": 8}"
31,-141.4375,977.4375,1118.875,0.3548387096774194,-4.5625,-27.75,0.8735895430678137,-546.75,-0.8533143943612818,-1.737379782451104,-0.2586877000457247,61.67741935483871,61.0,0.9032258064516129,0.06451612903225806,0.3225806451612903,0.03225806451612903,107,0.5023474178403756,1,6.707790284360189,2.5,avoid_immediate_adverse_move_sm0p75_tm2p50_d15_adverse_w10_ticks12,MNQ,1min,next_execution_bar_open,next_execution_bar,stop_first,0.75,2.5,15,avoid_immediate_adverse_move,adverse_w10_ticks12,"{""adverse_window_minutes"": 10, ""max_adverse_ticks"": 12}"
37,18.9375,1269.4375,1250.5,0.3783783783783784,0.5118243243243243,-22.5,1.0151439424230309,-660.75,0.09423188972284588,0.2047482343643041,0.02866061293984109,64.89189189189189,74.0,0.918918918918919,0.05405405405405406,0.35135135135135137,0.02702702702702703,101,0.47417840375586856,1,8.006072274881516,2.5,avoid_immediate_adverse_move_sm0p75_tm2p50_d15_adverse_w10_ticks16,MNQ,1min,next_execution_bar_open,next_execution_bar,stop_first,0.75,2.5,15,avoid_immediate_adverse_move,adverse_w10_ticks16,"{""adverse_window_minutes"": 10, ""max_adverse_ticks"": 16}"
45,-278.0625,1299.4375,1577.5,0.3333333333333333,-6.179166666666666,-28.5,0.8237321711568938,-822.0,-1.2246189170384971,-2.7200077701451204,-0.33827554744525545,59.22222222222222,46.0,0.9333333333333333,0.044444444444444446,0.3111111111111111,0.022222222222222223,93,0.43661971830985913,1,9.737114928909952,2.5,avoid_immediate_adverse_move_sm0p75_tm2p50_d15_adverse_w10_ticks24,MNQ,1min,next_execution_bar_open,next_execution_bar,stop_first,0.75,2.5,15,avoid_immediate_adverse_move,adverse_w10_ticks24,"{""adverse_window_minutes"": 10, ""max_adverse_ticks"": 24}"
17,-226.1875,517.4375,743.625,0.4117647058823529,-13.305147058823529,-28.5,0.6958312321398554,-533.0,-2.3532166190233044,-4.322653310531891,-0.42436679174484054,59.0,46.0,0.8823529411764706,0.11764705882352941,0.29411764705882354,0.0,122,0.5727699530516432,0,3.678465639810426,2.5,avoid_immediate_adverse_move_sm0p75_tm2p50_d15_adverse_w15_ticks8,MNQ,1min,next_execution_bar_open,next_execution_bar,stop_first,0.75,2.5,15,avoid_immediate_adverse_move,adverse_w15_ticks8,"{""adverse_window_minutes"": 15, ""max_adverse_ticks"": 8}"
26,-90.8125,935.4375,1026.25,0.38461538461538464,-3.4927884615384617,-31.5,0.911510353227771,-566.25,-0.6034830241517021,-1.2999443462913058,-0.16037527593818984,64.84615384615384,67.5,0.8846153846153846,0.07692307692307693,0.34615384615384615,0.038461538461538464,112,0.5258215962441315,1,5.625888625592417,2.5,avoid_immediate_adverse_move_sm0p75_tm2p50_d15_adverse_w15_ticks12,MNQ,1min,next_execution_bar_open,next_execution_bar,stop_first,0.75,2.5,15,avoid_immediate_adverse_move,adverse_w15_ticks12,"{""adverse_window_minutes"": 15, ""max_adverse_ticks"": 12}"
32,69.5625,1227.4375,1157.875,0.40625,2.173828125,-25.25,1.0600777285976466,-680.25,0.37516057307555684,0.8512123808009494,0.10226019845644983,67.96875,76.0,0.90625,0.0625,0.375,0.03125,106,0.49765258215962443,1,6.924170616113743,2.5,avoid_immediate_adverse_move_sm0p75_tm2p50_d15_adverse_w15_ticks16,MNQ,1min,next_execution_bar_open,next_execution_bar,stop_first,0.75,2.5,15,avoid_immediate_adverse_move,adverse_w15_ticks16,"{""adverse_window_minutes"": 15, ""max_adverse_ticks"": 16}"
39,-148.3125,1257.4375,1405.75,0.358974358974359,-3.8028846153846154,-30.75,0.8944958207362618,-762.375,-0.7141570118105512,-1.640308962350106,-0.19454008853910476,62.1025641025641,61.0,0.9230769230769231,0.05128205128205128,0.3333333333333333,0.02564102564102564,99,0.4647887323943662,1,8.438832938388625,2.5,avoid_immediate_adverse_move_sm0p75_tm2p50_d15_adverse_w15_ticks24,MNQ,1min,next_execution_bar_open,next_execution_bar,stop_first,0.75,2.5,15,avoid_immediate_adverse_move,adverse_w15_ticks24,"{""adverse_window_minutes"": 15, ""max_adverse_ticks"": 24}"
51,-257.9375,1619.8125,1877.75,0.27450980392156865,-5.057598039215686,-25.5,0.8626348022899747,-780.125,-0.8242166776535658,-1.7853701947145155,-0.3306361160070502,58.294117647058826,44.0,0.9803921568627451,0.0196078431372549,0.35294117647058826,0.0,110,0.5164319248826291,1,11.035396919431278,2.5,require_no_stop_zone_touch_before_entry_sm0p75_tm2p50_d5_stop_zone_0p50,MNQ,1min,next_execution_bar_open,next_execution_bar,stop_first,0.75,2.5,5,require_no_stop_zone_touch_before_entry,stop_zone_0p50,"{""stop_zone_fraction"": 0.5}"
20,51.8125,824.4375,772.625,0.35,2.590625,-21.5625,1.067060346222294,-282.0,0.3815310585612543,0.7517471027421172,0.1837322695035461,65.7,67.5,0.95,0.05,0.35,0.0,119,0.5586854460093896,0,4.327606635071089,2.5,require_no_stop_zone_touch_before_entry_sm0p75_tm2p50_d15_stop_zone_0p50,MNQ,1min,next_execution_bar_open,next_execution_bar,stop_first,0.75,2.5,15,require_no_stop_zone_touch_before_entry,stop_zone_0p50,"{""stop_zone_fraction"": 0.5}"
13,49.0,539.0,490.0,0.3076923076923077,3.769230769230769,-15.75,1.1,-214.375,0.5775144096355318,1.5530309477112614,0.22857142857142856,66.15384615384616,61.0,1.0,0.0,0.38461538461538464,0.0,116,0.5446009389671361,0,2.8129443127962084,2.5,require_no_stop_zone_touch_before_entry_sm0p75_tm2p50_d30_stop_zone_0p50,MNQ,1min,next_execution_bar_open,next_execution_bar,stop_first,0.75,2.5,30,require_no_stop_zone_touch_before_entry,stop_zone_0p50,"{""stop_zone_fraction"": 0.5}"
90,420.4375,3857.9375,3437.5,0.26666666666666666,4.6715277777777775,-30.5625,1.122309090909091,-677.25,0.6184313561805537,1.83992101439322,0.6208010335917312,57.3,36.0,0.9666666666666667,0.022222222222222223,0.3111111111111111,0.011111111111111112,71,0.3333333333333333,1,19.474229857819903,2.5,require_no_stop_zone_touch_before_entry_sm0p75_tm2p50_d5_stop_zone_0p75,MNQ,1min,next_execution_bar_open,next_execution_bar,stop_first,0.75,2.5,5,require_no_stop_zone_touch_before_entry,stop_zone_0p75,"{""stop_zone_fraction"": 0.75}"
42,-448.4375,1493.9375,1942.375,0.2857142857142857,-10.677083333333334,-30.0,0.7691292875989446,-674.75,-1.623164396349292,-3.24610804559138,-0.6645979992589848,62.5,55.0,0.9523809523809523,0.047619047619047616,0.30952380952380953,0.0,97,0.45539906103286387,0,9.087973933649288,2.5,require_no_stop_zone_touch_before_entry_sm0p75_tm2p50_d15_stop_zone_0p75,MNQ,1min,next_execution_bar_open,next_execution_bar,stop_first,0.75,2.5,15,require_no_stop_zone_touch_before_entry,stop_zone_0p75,"{""stop_zone_fraction"": 0.75}"
27,-11.25,1030.0,1041.25,0.4074074074074074,-0.4166666666666667,-15.75,0.9891956782713085,-364.125,-0.06951903050640773,-0.1516313678388553,-0.030895983522142123,79.81481481481481,120.0,1.0,0.0,0.5185185185185185,0.0,102,0.4788732394366197,1,5.842268957345971,2.5,require_no_stop_zone_touch_before_entry_sm0p75_tm2p50_d30_stop_zone_0p75,MNQ,1min,next_execution_bar_open,next_execution_bar,stop_first,0.75,2.5,30,require_no_stop_zone_touch_before_entry,stop_zone_0p75,"{""stop_zone_fraction"": 0.75}"
110,1646.625,5539.375,3892.75,0.3,14.969318181818181,-25.3125,1.422997880675615,-580.875,1.8564515758167388,5.743562564769364,2.8347320852162685,56.57272727272727,34.5,0.9454545454545454,0.045454545454545456,0.3090909090909091,0.00909090909090909,50,0.2347417840375587,2,23.801836492890992,2.5,require_no_stop_zone_touch_before_entry_sm0p75_tm2p50_d5_stop_zone_1p00,MNQ,1min,next_execution_bar_open,next_execution_bar,stop_first,0.75,2.5,5,require_no_stop_zone_touch_before_entry,stop_zone_1p00,"{""stop_zone_fraction"": 1.0}"
61,-1330.9375,1665.9375,2996.875,0.2786885245901639,-21.818647540983605,-32.625,0.5558915537017727,-1331.8125,-3.5740768737914914,-6.163567037941255,-0.9993430006100709,62.63934426229508,51.0,0.9672131147540983,0.03278688524590164,0.3114754098360656,0.0,78,0.36619718309859156,1,13.199200236966824,2.5,require_no_stop_zone_touch_before_entry_sm0p75_tm2p50_d15_stop_zone_1p00,MNQ,1min,next_execution_bar_open,next_execution_bar,stop_first,0.75,2.5,15,require_no_stop_zone_touch_before_entry,stop_zone_1p00,"{""stop_zone_fraction"": 1.0}"
48,-400.0,1743.5,2143.5,0.375,-8.333333333333334,-30.625,0.8133893165383719,-910.125,-1.3254874224727342,-2.7281921170496917,-0.43950006867188574,78.6875,91.0,0.9375,0.020833333333333332,0.3958333333333333,0.041666666666666664,81,0.38028169014084506,1,10.386255924170616,2.5,require_no_stop_zone_touch_before_entry_sm0p75_tm2p50_d30_stop_zone_1p00,MNQ,1min,next_execution_bar_open,next_execution_bar,stop_first,0.75,2.5,30,require_no_stop_zone_touch_before_entry,stop_zone_1p00,"{""stop_zone_fraction"": 1.0}"
98,766.4375,4568.4375,3802.0,0.2755102040816326,7.8207908163265305,-30.9375,1.2015879800105207,-703.75,0.99547486929279,3.129674862580776,1.089076376554174,53.53061224489796,29.0,0.9591836734693877,0.030612244897959183,0.2857142857142857,0.01020408163265306,63,0.29577464788732394,1,21.20527251184834,2.5,require_micro_momentum_confirmation_sm0p75_tm2p50_d5_momentum_w5_close_vs_window_open,MNQ,1min,next_execution_bar_open,next_execution_bar,stop_first,0.75,2.5,5,require_micro_momentum_confirmation,momentum_w5_close_vs_window_open,"{""confirmation_window_minutes"": 5, ""mode"": ""close_vs_window_open""}"
102,-354.5625,3715.4375,4070.0,0.3137254901960784,-3.4761029411764706,-32.4375,0.9128839066339066,-701.875,-0.5380796145245968,-1.2086491918516646,-0.5051647373107747,60.8235294117647,47.0,0.9705882352941176,0.0196078431372549,0.3431372549019608,0.00980392156862745,36,0.16901408450704225,2,22.070793838862556,2.5,require_micro_momentum_confirmation_sm0p75_tm2p50_d15_momentum_w5_close_vs_window_open,MNQ,1min,next_execution_bar_open,next_execution_bar,stop_first,0.75,2.5,15,require_micro_momentum_confirmation,momentum_w5_close_vs_window_open,"{""confirmation_window_minutes"": 5, ""mode"": ""close_vs_window_open""}"
97,225.5625,4121.9375,3896.375,0.26804123711340205,2.3253865979381443,-31.125,1.057890346796702,-719.125,0.3194128650144697,0.8546730537410053,0.31366243698939683,53.36082474226804,30.0,0.9587628865979382,0.030927835051546393,0.27835051546391754,0.010309278350515464,63,0.29577464788732394,2,20.988892180094783,2.5,require_micro_momentum_confirmation_sm0p75_tm2p50_d5_momentum_w5_close_vs_local_mid,MNQ,1min,next_execution_bar_open,next_execution_bar,stop_first,0.75,2.5,5,require_micro_momentum_confirmation,momentum_w5_close_vs_local_mid,"{""confirmation_window_minutes"": 5, ""mode"": ""close_vs_local_mid""}"
100,-976.5625,3238.9375,4215.5,0.29,-9.765625,-34.875,0.7683400545605503,-1118.1875,-1.5546000044592385,-3.2634882237924625,-0.8733441395114863,58.24,44.0,0.98,0.01,0.33,0.01,38,0.1784037558685446,2,21.63803317535545,2.5,require_micro_momentum_confirmation_sm0p75_tm2p50_d15_momentum_w5_close_vs_local_mid,MNQ,1min,next_execution_bar_open,next_execution_bar,stop_first,0.75,2.5,15,require_micro_momentum_confirmation,momentum_w5_close_vs_local_mid,"{""confirmation_window_minutes"": 5, ""mode"": ""close_vs_local_mid""}"
102,-354.5625,3715.4375,4070.0,0.3137254901960784,-3.4761029411764706,-32.4375,0.9128839066339066,-701.875,-0.5380796145245968,-1.2086491918516646,-0.5051647373107747,60.8235294117647,47.0,0.9705882352941176,0.0196078431372549,0.3431372549019608,0.00980392156862745,36,0.16901408450704225,2,22.070793838862556,2.5,require_micro_momentum_confirmation_sm0p75_tm2p50_d15_momentum_w10_close_vs_window_open,MNQ,1min,next_execution_bar_open,next_execution_bar,stop_first,0.75,2.5,15,require_micro_momentum_confirmation,momentum_w10_close_vs_window_open,"{""confirmation_window_minutes"": 10, ""mode"": ""close_vs_window_open""}"
98,-533.8125,3461.9375,3995.75,0.30612244897959184,-5.447066326530612,-34.5,0.8664049302383783,-878.5625,-0.8480204142655638,-1.8761083676999932,-0.60759763818738,60.19387755102041,46.5,0.9795918367346939,0.01020408163265306,0.3469387755102041,0.01020408163265306,40,0.18779342723004694,2,21.20527251184834,2.5,require_micro_momentum_confirmation_sm0p75_tm2p50_d15_momentum_w10_close_vs_local_mid,MNQ,1min,next_execution_bar_open,next_execution_bar,stop_first,0.75,2.5,15,require_micro_momentum_confirmation,momentum_w10_close_vs_local_mid,"{""confirmation_window_minutes"": 10, ""mode"": ""close_vs_local_mid""}"
102,-354.5625,3715.4375,4070.0,0.3137254901960784,-3.4761029411764706,-32.4375,0.9128839066339066,-701.875,-0.5380796145245968,-1.2086491918516646,-0.5051647373107747,60.8235294117647,47.0,0.9705882352941176,0.0196078431372549,0.3431372549019608,0.00980392156862745,36,0.16901408450704225,2,22.070793838862556,2.5,require_micro_momentum_confirmation_sm0p75_tm2p50_d15_momentum_w15_close_vs_window_open,MNQ,1min,next_execution_bar_open,next_execution_bar,stop_first,0.75,2.5,15,require_micro_momentum_confirmation,momentum_w15_close_vs_window_open,"{""confirmation_window_minutes"": 15, ""mode"": ""close_vs_window_open""}"
98,-533.8125,3461.9375,3995.75,0.30612244897959184,-5.447066326530612,-34.5,0.8664049302383783,-878.5625,-0.8480204142655638,-1.8761083676999932,-0.60759763818738,60.19387755102041,46.5,0.9795918367346939,0.01020408163265306,0.3469387755102041,0.01020408163265306,40,0.18779342723004694,2,21.20527251184834,2.5,require_micro_momentum_confirmation_sm0p75_tm2p50_d15_momentum_w15_close_vs_local_mid,MNQ,1min,next_execution_bar_open,next_execution_bar,stop_first,0.75,2.5,15,require_micro_momentum_confirmation,momentum_w15_close_vs_local_mid,"{""confirmation_window_minutes"": 15, ""mode"": ""close_vs_local_mid""}"
10,-324.25,283.5,607.75,0.3,-32.425,-43.3125,0.4664747017688194,-439.5,-5.079750721894622,-7.6320251415514795,-0.7377701934015927,72.2,83.0,1.0,0.0,0.5,0.0,152,0.7136150234741784,0,2.1638033175355447,2.5,avoid_high_noise_first_5min_sm0p75_tm2p50_d5_noise_w5_r0p50,MNQ,1min,next_execution_bar_open,next_execution_bar,stop_first,0.75,2.5,5,avoid_high_noise_first_5min,noise_w5_r0p50,"{""max_range_to_stop_distance"": 0.5, ""noise_window_minutes"": 5}"
25,-66.125,1273.0,1339.125,0.44,-2.645,-23.0,0.9506207411556054,-540.75,-0.322954335987649,-0.607508389633767,-0.1222838650023116,83.6,113.0,0.96,0.0,0.48,0.04,123,0.5774647887323944,1,5.409508293838862,2.5,avoid_high_noise_first_5min_sm0p75_tm2p50_d10_noise_w5_r0p50,MNQ,1min,next_execution_bar_open,next_execution_bar,stop_first,0.75,2.5,10,avoid_high_noise_first_5min,noise_w5_r0p50,"{""max_range_to_stop_distance"": 0.5, ""noise_window_minutes"": 5}"
32,-244.625,1163.0,1407.625,0.3125,-7.64453125,-32.0625,0.8262143681733416,-528.5,-1.2017640926580548,-2.428873134053616,-0.4628666035950804,80.0625,104.0,1.0,0.0,0.46875,0.0,129,0.6056338028169014,1,6.924170616113743,2.5,avoid_high_noise_first_5min_sm0p75_tm2p50_d5_noise_w5_r0p75,MNQ,1min,next_execution_bar_open,next_execution_bar,stop_first,0.75,2.5,5,avoid_high_noise_first_5min,noise_w5_r0p75,"{""max_range_to_stop_distance"": 0.75, ""noise_window_minutes"": 5}"
54,-157.3125,2526.9375,2684.25,0.4074074074074074,-2.9131944444444446,-29.5,0.9413942442022911,-807.625,-0.38580320024639236,-0.7800339343294659,-0.19478408915028633,77.92592592592592,83.5,0.9629629629629629,0.018518518518518517,0.46296296296296297,0.018518518518518517,93,0.43661971830985913,2,11.684537914691942,2.5,avoid_high_noise_first_5min_sm0p75_tm2p50_d10_noise_w5_r0p75,MNQ,1min,next_execution_bar_open,next_execution_bar,stop_first,0.75,2.5,10,avoid_high_noise_first_5min,noise_w5_r0p75,"{""max_range_to_stop_distance"": 0.75, ""noise_window_minutes"": 5}"
60,-148.125,2365.0,2513.125,0.35,-2.46875,-28.6875,0.9410594379507585,-598.5,-0.3866995193900414,-0.8505342700722213,-0.2474937343358396,72.65,87.5,0.9666666666666667,0.016666666666666666,0.43333333333333335,0.016666666666666666,101,0.47417840375586856,1,12.982819905213269,2.5,avoid_high_noise_first_5min_sm0p75_tm2p50_d5_noise_w5_r1p00,MNQ,1min,next_execution_bar_open,next_execution_bar,stop_first,0.75,2.5,5,avoid_high_noise_first_5min,noise_w5_r1p00,"{""max_range_to_stop_distance"": 1.0, ""noise_window_minutes"": 5}"
68,-146.6875,3115.4375,3262.125,0.38235294117647056,-2.157169117647059,-26.875,0.955033145572288,-1002.375,-0.2834704832708425,-0.6176717525911313,-0.14633994263623892,71.01470588235294,74.0,0.9705882352941176,0.014705882352941176,0.4264705882352941,0.014705882352941176,79,0.37089201877934275,2,14.713862559241704,2.5,avoid_high_noise_first_5min_sm0p75_tm2p50_d10_noise_w5_r1p00,MNQ,1min,next_execution_bar_open,next_execution_bar,stop_first,0.75,2.5,10,avoid_high_noise_first_5min,noise_w5_r1p00,"{""max_range_to_stop_distance"": 1.0, ""noise_window_minutes"": 5}"
83,-0.5625,3589.9375,3590.5,0.3373493975903614,-0.00677710843373494,-31.125,0.9998433365826487,-599.25,-0.0009846053119403955,-0.0023099567569292608,-0.0009386733416770963,66.71084337349397,79.0,0.963855421686747,0.024096385542168676,0.3855421686746988,0.012048192771084338,78,0.36619718309859156,1,17.959567535545023,2.5,avoid_high_noise_first_5min_sm0p75_tm2p50_d5_noise_w5_r1p25,MNQ,1min,next_execution_bar_open,next_execution_bar,stop_first,0.75,2.5,5,avoid_high_noise_first_5min,noise_w5_r1p25,"{""max_range_to_stop_distance"": 1.25, ""noise_window_minutes"": 5}"
88,123.8125,4076.9375,3953.125,0.3522727272727273,1.4069602272727273,-29.5,1.031320158102767,-973.625,0.18606138251458046,0.42647947166274547,0.1271665168827834,68.10227272727273,69.5,0.9659090909090909,0.022727272727272728,0.3977272727272727,0.011363636363636364,59,0.27699530516431925,2,19.041469194312796,2.5,avoid_high_noise_first_5min_sm0p75_tm2p50_d10_noise_w5_r1p25,MNQ,1min,next_execution_bar_open,next_execution_bar,stop_first,0.75,2.5,10,avoid_high_noise_first_5min,noise_w5_r1p25,"{""max_range_to_stop_distance"": 1.25, ""noise_window_minutes"": 5}"
3,37.375,242.5,205.125,0.6666666666666666,12.458333333333334,93.0,1.182205971968312,-205.125,1.2712265909070959,,0.182205971968312,101.66666666666667,120.0,1.0,0.0,0.6666666666666666,0.0,146,0.6854460093896714,0,0.6491409952606635,2.5,avoid_high_noise_first_5min_sm0p75_tm2p50_d10_noise_w10_r0p50,MNQ,1min,next_execution_bar_open,next_execution_bar,stop_first,0.75,2.5,10,avoid_high_noise_first_5min,noise_w10_r0p50,"{""max_range_to_stop_distance"": 0.5, ""noise_window_minutes"": 10}"
15,-137.25,564.5,701.75,0.5333333333333333,-9.15,28.0,0.8044175276095475,-304.75,-1.407992614277071,-2.0635053539972072,-0.45036915504511893,85.26666666666667,120.0,1.0,0.0,0.6,0.0,134,0.6291079812206573,0,3.2457049763033172,2.5,avoid_high_noise_first_5min_sm0p75_tm2p50_d10_noise_w10_r0p75,MNQ,1min,next_execution_bar_open,next_execution_bar,stop_first,0.75,2.5,10,avoid_high_noise_first_5min,noise_w10_r0p75,"{""max_range_to_stop_distance"": 0.75, ""noise_window_minutes"": 10}"
42,-963.0625,1308.4375,2271.5,0.3333333333333333,-22.930059523809526,-39.1875,0.576023552718468,-1147.125,-3.4191562088351564,-6.27336251856906,-0.839544513457557,74.02380952380952,74.0,0.9761904761904762,0.023809523809523808,0.40476190476190477,0.0,106,0.49765258215962443,1,9.087973933649288,2.5,avoid_high_noise_first_5min_sm0p75_tm2p50_d10_noise_w10_r1p00,MNQ,1min,next_execution_bar_open,next_execution_bar,stop_first,0.75,2.5,10,avoid_high_noise_first_5min,noise_w10_r1p00,"{""max_range_to_stop_distance"": 1.0, ""noise_window_minutes"": 10}"
65,-573.1875,2632.4375,3205.625,0.38461538461538464,-8.81826923076923,-31.5,0.821193215051667,-1041.875,-1.260358163968258,-2.426492861612105,-0.5501499700059987,74.06153846153846,83.0,0.9692307692307692,0.03076923076923077,0.4307692307692308,0.0,82,0.38497652582159625,2,14.064721563981042,2.5,avoid_high_noise_first_5min_sm0p75_tm2p50_d10_noise_w10_r1p25,MNQ,1min,next_execution_bar_open,next_execution_bar,stop_first,0.75,2.5,10,avoid_high_noise_first_5min,noise_w10_r1p25,"{""max_range_to_stop_distance"": 1.25, ""noise_window_minutes"": 10}"
28,-216.75,785.75,1002.5,0.35714285714285715,-7.741071428571429,-19.75,0.7837905236907731,-584.5,-1.580477453081538,-2.3442395858364167,-0.37082976903336184,60.0,48.5,0.8214285714285714,0.14285714285714285,0.25,0.03571428571428571,134,0.6291079812206573,0,6.058649289099526,2.5,avoid_immediate_adverse_move_sm1p00_tm1p50_d5_adverse_w5_ticks8,MNQ,1min,next_execution_bar_open,next_execution_bar,stop_first,1.0,1.5,5,avoid_immediate_adverse_move,adverse_w5_ticks8,"{""adverse_window_minutes"": 5, ""max_adverse_ticks"": 8}"
24,-207.40000000000146,826.5999999999985,1034.0,0.4166666666666667,-8.641666666666728,-18.75,0.7994197292069618,-499.0,-1.364133390520505,-2.0955589129608776,-0.415631262525053,62.25,58.0,0.7916666666666666,0.16666666666666666,0.2916666666666667,0.041666666666666664,115,0.539906103286385,0,5.193127962085308,2.5,avoid_immediate_adverse_move_sm1p00_tm1p50_d15_adverse_w5_ticks8,MNQ,1min,next_execution_bar_open,next_execution_bar,stop_first,1.0,1.5,15,avoid_immediate_adverse_move,adverse_w5_ticks8,"{""adverse_window_minutes"": 5, ""max_adverse_ticks"": 8}"
40,47.76250000000073,1451.2625000000007,1403.5,0.35,1.1940625000000182,-19.75,1.0340309939437127,-550.5,0.19266029602931467,0.4055828712549543,0.08676203451407943,59.225,48.5,0.85,0.125,0.275,0.025,121,0.568075117370892,1,8.655213270142179,2.5,avoid_immediate_adverse_move_sm1p00_tm1p50_d5_adverse_w5_ticks12,MNQ,1min,next_execution_bar_open,next_execution_bar,stop_first,1.0,1.5,5,avoid_immediate_adverse_move,adverse_w5_ticks12,"{""adverse_window_minutes"": 5, ""max_adverse_ticks"": 12}"
34,134.83749999999782,1536.8374999999978,1402.0,0.4117647058823529,3.9658088235293474,-20.75,1.0961751069900127,-526.0,0.5661778625693119,1.1041996560045675,0.2563450570342164,65.67647058823529,63.5,0.8235294117647058,0.14705882352941177,0.3235294117647059,0.029411764705882353,104,0.48826291079812206,1,7.356931279620852,2.5,avoid_immediate_adverse_move_sm1p00_tm1p50_d15_adverse_w5_ticks12,MNQ,1min,next_execution_bar_open,next_execution_bar,stop_first,1.0,1.5,15,avoid_immediate_adverse_move,adverse_w5_ticks12,"{""adverse_window_minutes"": 5, ""max_adverse_ticks"": 12}"
47,428.8125,1968.3125,1539.5,0.3829787234042553,9.123670212765957,-18.0,1.2785401104254628,-494.0,1.4255427515881527,3.240009005699453,0.8680414979757085,62.0,54.0,0.8297872340425532,0.14893617021276595,0.2978723404255319,0.02127659574468085,114,0.5352112676056338,1,10.16987559241706,2.5,avoid_immediate_adverse_move_sm1p00_tm1p50_d5_adverse_w5_ticks16,MNQ,1min,next_execution_bar_open,next_execution_bar,stop_first,1.0,1.5,5,avoid_immediate_adverse_move,adverse_w5_ticks16,"{""adverse_window_minutes"": 5, ""max_adverse_ticks"": 16}"
41,513.8874999999971,2051.387499999997,1537.5,0.43902439024390244,12.533841463414563,-19.5,1.3342357723577216,-526.0,1.7734792952865432,3.6675480081314853,0.9769724334600706,67.5609756097561,69.0,0.8048780487804879,0.17073170731707318,0.3170731707317073,0.024390243902439025,97,0.45539906103286387,1,8.871593601895734,2.5,avoid_immediate_adverse_move_sm1p00_tm1p50_d15_adverse_w5_ticks16,MNQ,1min,next_execution_bar_open,next_execution_bar,stop_first,1.0,1.5,15,avoid_immediate_adverse_move,adverse_w5_ticks16,"{""adverse_window_minutes"": 5, ""max_adverse_ticks"": 16}"
58,-30.6875,2038.8125,2069.5,0.3275862068965517,-0.5290948275862069,-23.5,0.9851715390190867,-639.0,-0.08932767121744158,-0.21385233305331428,-0.048024256651017214,60.706896551724135,51.5,0.8620689655172413,0.1206896551724138,0.29310344827586204,0.017241379310344827,103,0.4835680751173709,1,12.55005924170616,2.5,avoid_immediate_adverse_move_sm1p00_tm1p50_d5_adverse_w5_ticks24,MNQ,1min,next_execution_bar_open,next_execution_bar,stop_first,1.0,1.5,5,avoid_immediate_adverse_move,adverse_w5_ticks24,"{""adverse_window_minutes"": 5, ""max_adverse_ticks"": 24}"
51,56.88749999999709,2081.387499999997,2024.5,0.37254901960784315,1.1154411764705312,-34.5,1.0280995307483314,-630.5,0.17119015473463925,0.3761402860033472,0.09022601110229514,65.0,67.0,0.8431372549019608,0.13725490196078433,0.3137254901960784,0.0196078431372549,87,0.4084507042253521,1,11.035396919431278,2.5,avoid_immediate_adverse_move_sm1p00_tm1p50_d15_adverse_w5_ticks24,MNQ,1min,next_execution_bar_open,next_execution_bar,stop_first,1.0,1.5,15,avoid_immediate_adverse_move,adverse_w5_ticks24,"{""adverse_window_minutes"": 5, ""max_adverse_ticks"": 24}"
19,-211.90000000000146,730.0999999999985,942.0,0.47368421052631576,-11.152631578947444,-18.0,0.7750530785562617,-595.5,-1.6078512248338939,-2.6344099012942253,-0.35583543240974214,58.10526315789474,45.0,0.7894736842105263,0.21052631578947367,0.2631578947368421,0.0,120,0.5633802816901409,0,4.111226303317535,2.5,avoid_immediate_adverse_move_sm1p00_tm1p50_d15_adverse_w10_ticks8,MNQ,1min,next_execution_bar_open,next_execution_bar,stop_first,1.0,1.5,15,avoid_immediate_adverse_move,adverse_w10_ticks8,"{""adverse_window_minutes"": 10, ""max_adverse_ticks"": 8}"
31,-99.90000000000146,1244.5999999999985,1344.5,0.41935483870967744,-3.2225806451613375,-22.0,0.9256972852361461,-526.0,-0.49331852335853876,-0.8784674881887232,-0.18992395437262635,66.25806451612904,69.0,0.8387096774193549,0.12903225806451613,0.3225806451612903,0.03225806451612903,107,0.5023474178403756,1,6.707790284360189,2.5,avoid_immediate_adverse_move_sm1p00_tm1p50_d15_adverse_w10_ticks12,MNQ,1min,next_execution_bar_open,next_execution_bar,stop_first,1.0,1.5,15,avoid_immediate_adverse_move,adverse_w10_ticks12,"{""adverse_window_minutes"": 10, ""max_adverse_ticks"": 12}"
37,323.6499999999978,1759.1499999999978,1435.5,0.4594594594594595,8.747297297297239,-18.0,1.2254615116684067,-526.0,1.2873809121850701,2.461748790682481,0.6153041825095016,69.67567567567568,74.0,0.8108108108108109,0.16216216216216217,0.32432432432432434,0.02702702702702703,101,0.47417840375586856,1,8.006072274881516,2.5,avoid_immediate_adverse_move_sm1p00_tm1p50_d15_adverse_w10_ticks16,MNQ,1min,next_execution_bar_open,next_execution_bar,stop_first,1.0,1.5,15,avoid_immediate_adverse_move,adverse_w10_ticks16,"{""adverse_window_minutes"": 10, ""max_adverse_ticks"": 16}"
45,-39.85000000000218,1789.1499999999978,1829.0,0.4,-0.8855555555556041,-22.5,0.9782121377802065,-630.5,-0.14014931721293705,-0.2834527971732737,-0.06320380650277904,66.57777777777778,69.0,0.8444444444444444,0.13333333333333333,0.3111111111111111,0.022222222222222223,93,0.43661971830985913,1,9.737114928909952,2.5,avoid_immediate_adverse_move_sm1p00_tm1p50_d15_adverse_w10_ticks24,MNQ,1min,next_execution_bar_open,next_execution_bar,stop_first,1.0,1.5,15,avoid_immediate_adverse_move,adverse_w10_ticks24,"{""adverse_window_minutes"": 10, ""max_adverse_ticks"": 24}"
17,-420.625,479.375,900.0,0.47058823529411764,-24.74264705882353,-18.0,0.5326388888888889,-711.5,-4.0781487375039776,-5.740385154600527,-0.5911806043569923,60.05882352941177,47.0,0.8235294117647058,0.17647058823529413,0.29411764705882354,0.0,122,0.5727699530516432,0,3.678465639810426,2.5,avoid_immediate_adverse_move_sm1p00_tm1p50_d15_adverse_w15_ticks8,MNQ,1min,next_execution_bar_open,next_execution_bar,stop_first,1.0,1.5,15,avoid_immediate_adverse_move,adverse_w15_ticks8,"{""adverse_window_minutes"": 15, ""max_adverse_ticks"": 8}"
26,-356.625,897.375,1254.0,0.4230769230769231,-13.716346153846153,-28.25,0.71561004784689,-738.5,-2.2055764109456466,-3.6487164798858727,-0.48290453622207175,67.92307692307692,71.5,0.8461538461538461,0.11538461538461539,0.34615384615384615,0.038461538461538464,112,0.5258215962441315,1,5.625888625592417,2.5,avoid_immediate_adverse_move_sm1p00_tm1p50_d15_adverse_w15_ticks12,MNQ,1min,next_execution_bar_open,next_execution_bar,stop_first,1.0,1.5,15,avoid_immediate_adverse_move,adverse_w15_ticks12,"{""adverse_window_minutes"": 15, ""max_adverse_ticks"": 12}"
32,66.92499999999927,1411.9249999999993,1345.0,0.46875,2.0914062499999773,-20.0,1.0497583643122672,-691.0,0.31399024970231326,0.5731679317048837,0.09685238784370372,71.5625,75.5,0.8125,0.15625,0.34375,0.03125,106,0.49765258215962443,1,6.924170616113743,2.5,avoid_immediate_adverse_move_sm1p00_tm1p50_d15_adverse_w15_ticks16,MNQ,1min,next_execution_bar_open,next_execution_bar,stop_first,1.0,1.5,15,avoid_immediate_adverse_move,adverse_w15_ticks16,"{""adverse_window_minutes"": 15, ""max_adverse_ticks"": 16}"
39,-192.07500000000073,1441.9249999999993,1634.0,0.41025641025641024,-4.9250000000000185,-22.5,0.8824510403916764,-797.5,-0.8068675028237625,-1.535758598515335,-0.24084639498432694,68.12820512820512,74.0,0.8461538461538461,0.1282051282051282,0.3333333333333333,0.02564102564102564,99,0.4647887323943662,1,8.438832938388625,2.5,avoid_immediate_adverse_move_sm1p00_tm1p50_d15_adverse_w15_ticks24,MNQ,1min,next_execution_bar_open,next_execution_bar,stop_first,1.0,1.5,15,avoid_immediate_adverse_move,adverse_w15_ticks24,"{""adverse_window_minutes"": 15, ""max_adverse_ticks"": 24}"
77,-1410.2124999999978,2331.787500000002,3742.0,0.24675324675324675,-18.314448051948023,-39.5,0.6231393639764837,-1393.2124999999978,-2.8402253302986926,-5.405781232960279,-1.01220201512691,56.63636363636363,48.0,0.8831168831168831,0.09090909090909091,0.2727272727272727,0.025974025974025976,84,0.39436619718309857,1,16.661285545023695,2.5,require_no_stop_zone_touch_before_entry_sm1p00_tm1p50_d5_stop_zone_0p50,MNQ,1min,next_execution_bar_open,next_execution_bar,stop_first,1.0,1.5,5,require_no_stop_zone_touch_before_entry,stop_zone_0p50,"{""stop_zone_fraction"": 0.5}"
36,-448.875,1223.125,1672.0,0.3333333333333333,-12.46875,-27.0,0.7315340909090909,-612.0999999999985,-1.9647664116197086,-3.4250052522725793,-0.7333360561999691,69.52777777777777,77.0,0.8611111111111112,0.1111111111111111,0.3611111111111111,0.027777777777777776,103,0.4835680751173709,0,7.789691943127961,2.5,require_no_stop_zone_touch_before_entry_sm1p00_tm1p50_d15_stop_zone_0p50,MNQ,1min,next_execution_bar_open,next_execution_bar,stop_first,1.0,1.5,15,require_no_stop_zone_touch_before_entry,stop_zone_0p50,"{""stop_zone_fraction"": 0.5}"
20,-181.0,839.0,1020.0,0.35,-9.05,-24.0,0.8225490196078431,-363.0,-1.2522370500425222,-2.450696631208544,-0.4986225895316804,73.0,75.0,0.9,0.1,0.4,0.0,109,0.5117370892018779,0,4.327606635071089,2.5,require_no_stop_zone_touch_before_entry_sm1p00_tm1p50_d30_stop_zone_0p50,MNQ,1min,next_execution_bar_open,next_execution_bar,stop_first,1.0,1.5,30,require_no_stop_zone_touch_before_entry,stop_zone_0p50,"{""stop_zone_fraction"": 0.5}"
110,87.85000000000582,4757.350000000006,4669.5,0.3181818181818182,0.7986363636364165,-29.25,1.0188135774708225,-795.5,0.10844230423292951,0.23589671165388598,0.11043368950346426,56.90909090909091,47.5,0.8454545454545455,0.13636363636363635,0.2818181818181818,0.01818181818181818,50,0.2347417840375587,2,23.801836492890992,2.5,require_no_stop_zone_touch_before_entry_sm1p00_tm1p50_d5_stop_zone_0p75,MNQ,1min,next_execution_bar_open,next_execution_bar,stop_first,1.0,1.5,5,require_no_stop_zone_touch_before_entry,stop_zone_0p75,"{""stop_zone_fraction"": 0.75}"
61,-1299.5625000000036,1944.4374999999964,3244.0,0.32786885245901637,-21.304303278688586,-31.5,0.5993950369913675,-1340.675000000003,-3.1070785736128577,-4.748638416015197,-0.9693344770358221,71.06557377049181,77.0,0.8688524590163934,0.11475409836065574,0.36065573770491804,0.01639344262295082,78,0.36619718309859156,1,13.199200236966824,2.5,require_no_stop_zone_touch_before_entry_sm1p00_tm1p50_d15_stop_zone_0p75,MNQ,1min,next_execution_bar_open,next_execution_bar,stop_first,1.0,1.5,15,require_no_stop_zone_touch_before_entry,stop_zone_0p75,"{""stop_zone_fraction"": 0.75}"
48,-298.28749999999854,1940.7125000000015,2239.0,0.3958333333333333,-6.214322916666636,-25.5,0.866776462706566,-981.0,-0.9215556513481177,-1.8897153231315482,-0.3040647298674807,83.22916666666667,105.5,0.8541666666666666,0.10416666666666667,0.4375,0.041666666666666664,81,0.38028169014084506,1,10.386255924170616,2.5,require_no_stop_zone_touch_before_entry_sm1p00_tm1p50_d30_stop_zone_0p75,MNQ,1min,next_execution_bar_open,next_execution_bar,stop_first,1.0,1.5,30,require_no_stop_zone_touch_before_entry,stop_zone_0p75,"{""stop_zone_fraction"": 0.75}"
126,-732.1499999999942,4968.350000000006,5700.5,0.29365079365079366,-5.81071428571424,-32.75,0.8715638979036937,-927.5874999999978,-0.8061251304833813,-1.6983025747147074,-0.7893055911167366,54.56349206349206,40.5,0.8650793650793651,0.11904761904761904,0.2619047619047619,0.015873015873015872,34,0.1596244131455399,2,27.263921800947866,2.5,require_no_stop_zone_touch_before_entry_sm1p00_tm1p50_d5_stop_zone_1p00,MNQ,1min,next_execution_bar_open,next_execution_bar,stop_first,1.0,1.5,5,require_no_stop_zone_touch_before_entry,stop_zone_1p00,"{""stop_zone_fraction"": 1.0}"
91,-548.1250000000036,3880.8749999999964,4429.0,0.37362637362637363,-6.023351648351689,-31.5,0.8762418153081951,-848.4375,-0.8212654815468192,-1.5246408135983291,-0.6460405156537796,71.8021978021978,77.0,0.8681318681318682,0.10989010989010989,0.38461538461538464,0.02197802197802198,47,0.22065727699530516,2,19.69061018957346,2.5,require_no_stop_zone_touch_before_entry_sm1p00_tm1p50_d15_stop_zone_1p00,MNQ,1min,next_execution_bar_open,next_execution_bar,stop_first,1.0,1.5,15,require_no_stop_zone_touch_before_entry,stop_zone_1p00,"{""stop_zone_fraction"": 1.0}"
73,242.26250000000073,3526.2625000000007,3284.0,0.4246575342465753,3.3186643835616536,-25.5,1.0737705542021927,-647.3250000000007,0.48762452120897065,1.0708544176017354,0.3742517282663275,83.10958904109589,111.0,0.8356164383561644,0.1232876712328767,0.4657534246575342,0.0410958904109589,55,0.25821596244131456,2,15.795764218009477,2.5,require_no_stop_zone_touch_before_entry_sm1p00_tm1p50_d30_stop_zone_1p00,MNQ,1min,next_execution_bar_open,next_execution_bar,stop_first,1.0,1.5,30,require_no_stop_zone_touch_before_entry,stop_zone_1p00,"{""stop_zone_fraction"": 1.0}"
98,-13.362499999995634,4418.637500000004,4432.0,0.3163265306122449,-0.136352040816282,-31.75,0.9969849954873656,-768.0999999999985,-0.017845989585871084,-0.0416064812801612,-0.017396823330289884,58.06122448979592,48.5,0.8469387755102041,0.1326530612244898,0.2755102040816326,0.02040816326530612,63,0.29577464788732394,1,21.20527251184834,2.5,require_micro_momentum_confirmation_sm1p00_tm1p50_d5_momentum_w5_close_vs_window_open,MNQ,1min,next_execution_bar_open,next_execution_bar,stop_first,1.0,1.5,5,require_micro_momentum_confirmation,momentum_w5_close_vs_window_open,"{""confirmation_window_minutes"": 5, ""mode"": ""close_vs_window_open""}"
102,-120.28750000000218,4373.212499999998,4493.5,0.35294117647058826,-1.179289215686296,-22.0,0.9732307777901408,-789.6375000000007,-0.1644753559616641,-0.3311281400970893,-0.15233255766095463,67.08823529411765,68.0,0.8921568627450981,0.09803921568627451,0.38235294117647056,0.00980392156862745,36,0.16901408450704225,2,22.070793838862556,2.5,require_micro_momentum_confirmation_sm1p00_tm1p50_d15_momentum_w5_close_vs_window_open,MNQ,1min,next_execution_bar_open,next_execution_bar,stop_first,1.0,1.5,15,require_micro_momentum_confirmation,momentum_w5_close_vs_window_open,"{""confirmation_window_minutes"": 5, ""mode"": ""close_vs_window_open""}"
97,-525.0624999999927,4031.4375000000073,4556.5,0.30927835051546393,-5.413015463917451,-30.5,0.8847662679688373,-961.0999999999985,-0.7386999729566291,-1.50608652428656,-0.5463141192383659,57.422680412371136,49.0,0.8247422680412371,0.15463917525773196,0.24742268041237114,0.020618556701030927,63,0.29577464788732394,2,20.988892180094783,2.5,require_micro_momentum_confirmation_sm1p00_tm1p50_d5_momentum_w5_close_vs_local_mid,MNQ,1min,next_execution_bar_open,next_execution_bar,stop_first,1.0,1.5,5,require_micro_momentum_confirmation,momentum_w5_close_vs_local_mid,"{""confirmation_window_minutes"": 5, ""mode"": ""close_vs_local_mid""}"
100,-963.6500000000015,3722.8499999999985,4686.5,0.33,-9.636500000000014,-22.25,0.7943774671930008,-1111.0,-1.3946171082300642,-2.5644335057130507,-0.8673717371737186,66.38,62.5,0.92,0.07,0.39,0.01,38,0.1784037558685446,2,21.63803317535545,2.5,require_micro_momentum_confirmation_sm1p00_tm1p50_d15_momentum_w5_close_vs_local_mid,MNQ,1min,next_execution_bar_open,next_execution_bar,stop_first,1.0,1.5,15,require_micro_momentum_confirmation,momentum_w5_close_vs_local_mid,"{""confirmation_window_minutes"": 5, ""mode"": ""close_vs_local_mid""}"
102,-120.28750000000218,4373.212499999998,4493.5,0.35294117647058826,-1.179289215686296,-22.0,0.9732307777901408,-789.6375000000007,-0.1644753559616641,-0.3311281400970893,-0.15233255766095463,67.08823529411765,68.0,0.8921568627450981,0.09803921568627451,0.38235294117647056,0.00980392156862745,36,0.16901408450704225,2,22.070793838862556,2.5,require_micro_momentum_confirmation_sm1p00_tm1p50_d15_momentum_w10_close_vs_window_open,MNQ,1min,next_execution_bar_open,next_execution_bar,stop_first,1.0,1.5,15,require_micro_momentum_confirmation,momentum_w10_close_vs_window_open,"{""confirmation_window_minutes"": 10, ""mode"": ""close_vs_window_open""}"
98,-433.9875000000029,3962.512499999997,4396.5,0.3469387755102041,-4.42844387755105,-21.75,0.9012879563288974,-875.0,-0.6320416133638347,-1.2294204451044524,-0.49598571428571764,67.83673469387755,68.0,0.9081632653061225,0.08163265306122448,0.3979591836734694,0.01020408163265306,40,0.18779342723004694,2,21.20527251184834,2.5,require_micro_momentum_confirmation_sm1p00_tm1p50_d15_momentum_w10_close_vs_local_mid,MNQ,1min,next_execution_bar_open,next_execution_bar,stop_first,1.0,1.5,15,require_micro_momentum_confirmation,momentum_w10_close_vs_local_mid,"{""confirmation_window_minutes"": 10, ""mode"": ""close_vs_local_mid""}"
102,-120.28750000000218,4373.212499999998,4493.5,0.35294117647058826,-1.179289215686296,-22.0,0.9732307777901408,-789.6375000000007,-0.1644753559616641,-0.3311281400970893,-0.15233255766095463,67.08823529411765,68.0,0.8921568627450981,0.09803921568627451,0.38235294117647056,0.00980392156862745,36,0.16901408450704225,2,22.070793838862556,2.5,require_micro_momentum_confirmation_sm1p00_tm1p50_d15_momentum_w15_close_vs_window_open,MNQ,1min,next_execution_bar_open,next_execution_bar,stop_first,1.0,1.5,15,require_micro_momentum_confirmation,momentum_w15_close_vs_window_open,"{""confirmation_window_minutes"": 15, ""mode"": ""close_vs_window_open""}"
98,-433.9875000000029,3962.512499999997,4396.5,0.3469387755102041,-4.42844387755105,-21.75,0.9012879563288974,-875.0,-0.6320416133638347,-1.2294204451044524,-0.49598571428571764,67.83673469387755,68.0,0.9081632653061225,0.08163265306122448,0.3979591836734694,0.01020408163265306,40,0.18779342723004694,2,21.20527251184834,2.5,require_micro_momentum_confirmation_sm1p00_tm1p50_d15_momentum_w15_close_vs_local_mid,MNQ,1min,next_execution_bar_open,next_execution_bar,stop_first,1.0,1.5,15,require_micro_momentum_confirmation,momentum_w15_close_vs_local_mid,"{""confirmation_window_minutes"": 15, ""mode"": ""close_vs_local_mid""}"
24,-234.3125,991.6875,1226.0,0.375,-9.763020833333334,-35.25,0.8088805057096248,-496.5,-1.3769225888319347,-2.3233838390115618,-0.4719284994964753,81.66666666666667,88.0,0.75,0.20833333333333334,0.4166666666666667,0.041666666666666664,137,0.6431924882629108,1,5.193127962085308,2.5,avoid_high_noise_first_5min_sm1p00_tm1p50_d5_noise_w5_r0p50,MNQ,1min,next_execution_bar_open,next_execution_bar,stop_first,1.0,1.5,5,avoid_high_noise_first_5min,noise_w5_r0p50,"{""max_range_to_stop_distance"": 0.5, ""noise_window_minutes"": 5}"
46,446.4125000000058,2539.412500000006,2093.0,0.4782608695652174,9.704619565217518,-5.25,1.2132883420926928,-780.5999999999985,1.1655154746191374,2.000139281523398,0.5718838073277052,91.69565217391305,120.0,0.8260869565217391,0.13043478260869565,0.5217391304347826,0.043478260869565216,101,0.47417840375586856,2,9.953495260663507,2.5,avoid_high_noise_first_5min_sm1p00_tm1p50_d10_noise_w5_r0p50,MNQ,1min,next_execution_bar_open,next_execution_bar,stop_first,1.0,1.5,10,avoid_high_noise_first_5min,noise_w5_r0p50,"{""max_range_to_stop_distance"": 0.5, ""noise_window_minutes"": 5}"
60,-671.1499999999978,2295.350000000002,2966.5,0.38333333333333336,-11.185833333333298,-29.0,0.7737569526377894,-861.4124999999985,-1.6513666835846743,-2.951954731396522,-0.7791273054430937,75.51666666666667,87.0,0.8333333333333334,0.13333333333333333,0.4,0.03333333333333333,101,0.47417840375586856,1,12.982819905213269,2.5,avoid_high_noise_first_5min_sm1p00_tm1p50_d5_noise_w5_r0p75,MNQ,1min,next_execution_bar_open,next_execution_bar,stop_first,1.0,1.5,5,avoid_high_noise_first_5min,noise_w5_r0p75,"{""max_range_to_stop_distance"": 0.75, ""noise_window_minutes"": 5}"
68,90.91250000000218,3556.912500000002,3466.0,0.4264705882352941,1.3369485294117969,-25.5,1.0262298038084254,-706.9375,0.15858805391438624,0.2906782907899589,0.12860047741137254,78.13235294117646,83.0,0.8235294117647058,0.14705882352941177,0.39705882352941174,0.029411764705882353,79,0.37089201877934275,2,14.713862559241704,2.5,avoid_high_noise_first_5min_sm1p00_tm1p50_d10_noise_w5_r0p75,MNQ,1min,next_execution_bar_open,next_execution_bar,stop_first,1.0,1.5,10,avoid_high_noise_first_5min,noise_w5_r0p75,"{""max_range_to_stop_distance"": 0.75, ""noise_window_minutes"": 5}"
90,-982.6874999999964,3701.8125000000036,4684.5,0.34444444444444444,-10.91874999999996,-38.5,0.7902257444764658,-1118.6499999999978,-1.4953882481785683,-2.899632595519149,-0.8784584096902501,66.23333333333333,61.0,0.8444444444444444,0.13333333333333333,0.3333333333333333,0.022222222222222223,71,0.3333333333333333,1,19.474229857819903,2.5,avoid_high_noise_first_5min_sm1p00_tm1p50_d5_noise_w5_r1p00,MNQ,1min,next_execution_bar_open,next_execution_bar,stop_first,1.0,1.5,5,avoid_high_noise_first_5min,noise_w5_r1p00,"{""max_range_to_stop_distance"": 1.0, ""noise_window_minutes"": 5}"
91,12.875000000003638,4508.875000000004,4496.0,0.38461538461538464,0.14148351648355645,-28.0,1.0028636565836306,-865.4375,0.017513602378046167,0.03381207364296534,0.014876868635809793,71.41758241758242,79.0,0.8241758241758241,0.15384615384615385,0.34065934065934067,0.02197802197802198,56,0.26291079812206575,2,19.69061018957346,2.5,avoid_high_noise_first_5min_sm1p00_tm1p50_d10_noise_w5_r1p00,MNQ,1min,next_execution_bar_open,next_execution_bar,stop_first,1.0,1.5,10,avoid_high_noise_first_5min,noise_w5_r1p00,"{""max_range_to_stop_distance"": 1.0, ""noise_window_minutes"": 5}"
101,-388.8374999999942,4598.662500000006,4987.5,0.3564356435643564,-3.849876237623705,-37.0,0.9220375939849635,-621.4749999999985,-0.5062695349800481,-1.0760354260583105,-0.6256687718733579,64.60396039603961,61.0,0.8316831683168316,0.1485148514851485,0.31683168316831684,0.019801980198019802,59,0.27699530516431925,2,21.854413507109,2.5,avoid_high_noise_first_5min_sm1p00_tm1p50_d5_noise_w5_r1p25,MNQ,1min,next_execution_bar_open,next_execution_bar,stop_first,1.0,1.5,5,avoid_high_noise_first_5min,noise_w5_r1p25,"{""max_range_to_stop_distance"": 1.25, ""noise_window_minutes"": 5}"
99,-321.12499999999636,4589.375000000004,4910.5,0.36363636363636365,-3.243686868686832,-31.0,0.9346044191019252,-865.4375,-0.41381881543495674,-0.8121341618862516,-0.37105510218819543,68.41414141414141,63.0,0.8383838383838383,0.1414141414141414,0.32323232323232326,0.020202020202020204,48,0.22535211267605634,2,21.421652843601894,2.5,avoid_high_noise_first_5min_sm1p00_tm1p50_d10_noise_w5_r1p25,MNQ,1min,next_execution_bar_open,next_execution_bar,stop_first,1.0,1.5,10,avoid_high_noise_first_5min,noise_w5_r1p25,"{""max_range_to_stop_distance"": 1.25, ""noise_window_minutes"": 5}"
13,-135.5625,508.9375,644.5,0.5384615384615384,-10.427884615384615,33.5,0.7896625290923196,-256.5,-1.5078128437429175,-2.0194461285128216,-0.5285087719298246,89.53846153846153,120.0,0.9230769230769231,0.07692307692307693,0.6153846153846154,0.0,136,0.6384976525821596,0,2.8129443127962084,2.5,avoid_high_noise_first_5min_sm1p00_tm1p50_d10_noise_w10_r0p50,MNQ,1min,next_execution_bar_open,next_execution_bar,stop_first,1.0,1.5,10,avoid_high_noise_first_5min,noise_w10_r0p50,"{""max_range_to_stop_distance"": 0.5, ""noise_window_minutes"": 10}"
42,-1082.1749999999993,1385.8250000000007,2468.0,0.35714285714285715,-25.76607142857141,-47.5,0.561517423014587,-1189.1749999999993,-3.5222628621440117,-5.609004855899933,-0.9100216536674585,84.38095238095238,114.0,0.9047619047619048,0.09523809523809523,0.4523809523809524,0.0,106,0.49765258215962443,1,9.087973933649288,2.5,avoid_high_noise_first_5min_sm1p00_tm1p50_d10_noise_w10_r0p75,MNQ,1min,next_execution_bar_open,next_execution_bar,stop_first,1.0,1.5,10,avoid_high_noise_first_5min,noise_w10_r0p75,"{""max_range_to_stop_distance"": 0.75, ""noise_window_minutes"": 10}"
71,-301.04999999999563,3508.9500000000044,3810.0,0.4225352112676056,-4.2401408450703615,-27.5,0.9209842519685051,-850.4375,-0.508379635330262,-0.9166912853367954,-0.3539942676563482,80.32394366197182,94.0,0.8309859154929577,0.15492957746478872,0.39436619718309857,0.014084507042253521,76,0.3568075117370892,2,15.363003554502368,2.5,avoid_high_noise_first_5min_sm1p00_tm1p50_d10_noise_w10_r1p00,MNQ,1min,next_execution_bar_open,next_execution_bar,stop_first,1.0,1.5,10,avoid_high_noise_first_5min,noise_w10_r1p00,"{""max_range_to_stop_distance"": 1.0, ""noise_window_minutes"": 10}"
85,-20.374999999996362,4291.625000000004,4312.0,0.4117647058823529,-0.2397058823528984,-28.0,0.9952748144712439,-736.9375,-0.02944178843782322,-0.055959753040904475,-0.027648206259006172,75.09411764705882,82.0,0.8235294117647058,0.15294117647058825,0.36470588235294116,0.023529411764705882,62,0.29107981220657275,2,18.39232819905213,2.5,avoid_high_noise_first_5min_sm1p00_tm1p50_d10_noise_w10_r1p25,MNQ,1min,next_execution_bar_open,next_execution_bar,stop_first,1.0,1.5,10,avoid_high_noise_first_5min,noise_w10_r1p25,"{""max_range_to_stop_distance"": 1.25, ""noise_window_minutes"": 10}"
28,-153.49999999999818,849.0000000000018,1002.5,0.35714285714285715,-5.482142857142792,-19.75,0.8468827930174582,-584.5,-1.0804765746062779,-1.660165058481595,-0.2626176218990559,62.5,55.5,0.8571428571428571,0.10714285714285714,0.2857142857142857,0.03571428571428571,134,0.6291079812206573,0,6.058649289099526,2.5,avoid_immediate_adverse_move_sm1p00_tm2p00_d5_adverse_w5_ticks8,MNQ,1min,next_execution_bar_open,next_execution_bar,stop_first,1.0,2.0,5,avoid_immediate_adverse_move,adverse_w5_ticks8,"{""adverse_window_minutes"": 5, ""max_adverse_ticks"": 8}"
24,-332.4999999999982,701.5000000000018,1034.0,0.4166666666666667,-13.854166666666591,-18.75,0.6784332688588025,-592.5,-2.4367548313597323,-3.3595628667284623,-0.561181434599153,66.45833333333333,71.5,0.8333333333333334,0.125,0.3333333333333333,0.041666666666666664,115,0.539906103286385,0,5.193127962085308,2.5,avoid_immediate_adverse_move_sm1p00_tm2p00_d15_adverse_w5_ticks8,MNQ,1min,next_execution_bar_open,next_execution_bar,stop_first,1.0,2.0,15,avoid_immediate_adverse_move,adverse_w5_ticks8,"{""adverse_window_minutes"": 5, ""max_adverse_ticks"": 8}"
40,81.00000000000182,1484.5000000000018,1403.5,0.35,2.0250000000000457,-19.75,1.0577128607053807,-550.5,0.33177070242657186,0.6878243930207074,0.14713896457766,61.35,54.0,0.9,0.075,0.325,0.025,121,0.568075117370892,1,8.655213270142179,2.5,avoid_immediate_adverse_move_sm1p00_tm2p00_d5_adverse_w5_ticks12,MNQ,1min,next_execution_bar_open,next_execution_bar,stop_first,1.0,2.0,5,avoid_immediate_adverse_move,adverse_w5_ticks12,"{""adverse_window_minutes"": 5, ""max_adverse_ticks"": 12}"
34,-28.99999999999818,1373.0000000000018,1402.0,0.4117647058823529,-0.8529411764705347,-20.75,0.9793152639087032,-619.5,-0.1324440593788902,-0.23748430536112705,-0.046811945117026924,70.47058823529412,74.5,0.8823529411764706,0.08823529411764706,0.38235294117647056,0.029411764705882353,104,0.48826291079812206,1,7.356931279620852,2.5,avoid_immediate_adverse_move_sm1p00_tm2p00_d15_adverse_w5_ticks12,MNQ,1min,next_execution_bar_open,next_execution_bar,stop_first,1.0,2.0,15,avoid_immediate_adverse_move,adverse_w5_ticks12,"{""adverse_window_minutes"": 5, ""max_adverse_ticks"": 12}"
47,495.5000000000018,2035.0000000000018,1539.5,0.3829787234042553,10.5425531914894,-18.0,1.3218577460214367,-494.0,1.6449144345299151,3.7438844770711794,1.0030364372469673,65.70212765957447,57.0,0.9148936170212766,0.06382978723404255,0.3829787234042553,0.02127659574468085,114,0.5352112676056338,1,10.16987559241706,2.5,avoid_immediate_adverse_move_sm1p00_tm2p00_d5_adverse_w5_ticks16,MNQ,1min,next_execution_bar_open,next_execution_bar,stop_first,1.0,2.0,5,avoid_immediate_adverse_move,adverse_w5_ticks16,"{""adverse_window_minutes"": 5, ""max_adverse_ticks"": 16}"
41,356.5000000000018,1894.0000000000018,1537.5,0.43902439024390244,8.695121951219557,-19.5,1.2318699186991882,-572.0,1.3086333989839176,2.544293964922067,0.6232517482517514,73.29268292682927,77.0,0.9024390243902439,0.07317073170731707,0.4146341463414634,0.024390243902439025,97,0.45539906103286387,1,8.871593601895734,2.5,avoid_immediate_adverse_move_sm1p00_tm2p00_d15_adverse_w5_ticks16,MNQ,1min,next_execution_bar_open,next_execution_bar,stop_first,1.0,2.0,15,avoid_immediate_adverse_move,adverse_w5_ticks16,"{""adverse_window_minutes"": 5, ""max_adverse_ticks"": 16}"
58,36.00000000000182,2105.500000000002,2069.5,0.3275862068965517,0.6206896551724451,-23.5,1.0173955061609092,-639.0,0.10452769474302276,0.250873612706141,0.05633802816901693,63.706896551724135,55.5,0.9310344827586207,0.05172413793103448,0.3620689655172414,0.017241379310344827,103,0.4835680751173709,1,12.55005924170616,2.5,avoid_immediate_adverse_move_sm1p00_tm2p00_d5_adverse_w5_ticks24,MNQ,1min,next_execution_bar_open,next_execution_bar,stop_first,1.0,2.0,5,avoid_immediate_adverse_move,adverse_w5_ticks24,"{""adverse_window_minutes"": 5, ""max_adverse_ticks"": 24}"
51,-100.49999999999818,1924.0000000000018,2024.5,0.37254901960784315,-1.970588235294082,-34.5,0.9503581131143501,-799.5,-0.32128405915468444,-0.6645062402696136,-0.1257035647279527,69.6078431372549,75.0,0.9215686274509803,0.058823529411764705,0.39215686274509803,0.0196078431372549,87,0.4084507042253521,1,11.035396919431278,2.5,avoid_immediate_adverse_move_sm1p00_tm2p00_d15_adverse_w5_ticks24,MNQ,1min,next_execution_bar_open,next_execution_bar,stop_first,1.0,2.0,15,avoid_immediate_adverse_move,adverse_w5_ticks24,"{""adverse_window_minutes"": 5, ""max_adverse_ticks"": 24}"
19,-336.9999999999982,605.0000000000018,942.0,0.47368421052631576,-17.73684210526306,-18.0,0.6422505307855646,-669.5,-2.8740638708521646,-4.1896938968199295,-0.5033607169529473,63.421052631578945,61.0,0.8421052631578947,0.15789473684210525,0.3157894736842105,0.0,120,0.5633802816901409,0,4.111226303317535,2.5,avoid_immediate_adverse_move_sm1p00_tm2p00_d15_adverse_w10_ticks8,MNQ,1min,next_execution_bar_open,next_execution_bar,stop_first,1.0,2.0,15,avoid_immediate_adverse_move,adverse_w10_ticks8,"{""adverse_window_minutes"": 10, ""max_adverse_ticks"": 8}"
31,-224.99999999999818,1119.5000000000018,1344.5,0.41935483870967744,-7.258064516128973,-22.0,0.8326515433246574,-600.0,-1.1961017172738597,-1.978530378803386,-0.37499999999999695,69.51612903225806,74.0,0.8709677419354839,0.0967741935483871,0.3548387096774194,0.03225806451612903,107,0.5023474178403756,1,6.707790284360189,2.5,avoid_immediate_adverse_move_sm1p00_tm2p00_d15_adverse_w10_ticks12,MNQ,1min,next_execution_bar_open,next_execution_bar,stop_first,1.0,2.0,15,avoid_immediate_adverse_move,adverse_w10_ticks12,"{""adverse_window_minutes"": 10, ""max_adverse_ticks"": 12}"
37,205.00000000000182,1640.5000000000018,1435.5,0.4594594594594595,5.54054054054059,-18.0,1.1428073841866957,-552.5,0.8566418639245038,1.5592723685769083,0.37104072398190374,74.35135135135135,77.0,0.8918918918918919,0.08108108108108109,0.40540540540540543,0.02702702702702703,101,0.47417840375586856,1,8.006072274881516,2.5,avoid_immediate_adverse_move_sm1p00_tm2p00_d15_adverse_w10_ticks16,MNQ,1min,next_execution_bar_open,next_execution_bar,stop_first,1.0,2.0,15,avoid_immediate_adverse_move,adverse_w10_ticks16,"{""adverse_window_minutes"": 10, ""max_adverse_ticks"": 16}"
45,-158.49999999999818,1670.5000000000018,1829.0,0.4,-3.5222222222221817,-22.5,0.9133406232914171,-763.5,-0.5850284650281553,-1.127409494403034,-0.20759659462999108,70.42222222222222,75.0,0.9111111111111111,0.06666666666666667,0.37777777777777777,0.022222222222222223,93,0.43661971830985913,1,9.737114928909952,2.5,avoid_immediate_adverse_move_sm1p00_tm2p00_d15_adverse_w10_ticks24,MNQ,1min,next_execution_bar_open,next_execution_bar,stop_first,1.0,2.0,15,avoid_immediate_adverse_move,adverse_w10_ticks24,"{""adverse_window_minutes"": 10, ""max_adverse_ticks"": 24}"
17,-336.9999999999982,563.0000000000018,900.0,0.47058823529411764,-19.8235294117646,-18.0,0.6255555555555575,-711.5,-3.074303068258032,-4.599131761308451,-0.4736472241742771,61.588235294117645,61.0,0.8235294117647058,0.17647058823529413,0.29411764705882354,0.0,122,0.5727699530516432,0,3.678465639810426,2.5,avoid_immediate_adverse_move_sm1p00_tm2p00_d15_adverse_w15_ticks8,MNQ,1min,next_execution_bar_open,next_execution_bar,stop_first,1.0,2.0,15,avoid_immediate_adverse_move,adverse_w15_ticks8,"{""adverse_window_minutes"": 15, ""max_adverse_ticks"": 8}"
26,-272.9999999999982,981.0000000000018,1254.0,0.4230769230769231,-10.49999999999993,-28.25,0.7822966507177048,-738.5,-1.6292624072071982,-2.793128914150261,-0.3696682464454952,68.92307692307692,71.5,0.8461538461538461,0.11538461538461539,0.34615384615384615,0.038461538461538464,112,0.5258215962441315,1,5.625888625592417,2.5,avoid_immediate_adverse_move_sm1p00_tm2p00_d15_adverse_w15_ticks12,MNQ,1min,next_execution_bar_open,next_execution_bar,stop_first,1.0,2.0,15,avoid_immediate_adverse_move,adverse_w15_ticks12,"{""adverse_window_minutes"": 15, ""max_adverse_ticks"": 12}"
32,157.00000000000182,1502.0000000000018,1345.0,0.46875,4.906250000000057,-20.0,1.1167286245353174,-691.0,0.7184000689692869,1.3446001535699479,0.22720694645441653,74.625,80.0,0.875,0.09375,0.40625,0.03125,106,0.49765258215962443,1,6.924170616113743,2.5,avoid_immediate_adverse_move_sm1p00_tm2p00_d15_adverse_w15_ticks16,MNQ,1min,next_execution_bar_open,next_execution_bar,stop_first,1.0,2.0,15,avoid_immediate_adverse_move,adverse_w15_ticks16,"{""adverse_window_minutes"": 15, ""max_adverse_ticks"": 16}"
39,-101.99999999999818,1532.0000000000018,1634.0,0.41025641025641024,-2.615384615384569,-22.5,0.937576499388006,-797.5,-0.41768553076560727,-0.8155531800003165,-0.1278996865203739,70.64102564102564,77.0,0.8974358974358975,0.07692307692307693,0.38461538461538464,0.02564102564102564,99,0.4647887323943662,1,8.438832938388625,2.5,avoid_immediate_adverse_move_sm1p00_tm2p00_d15_adverse_w15_ticks24,MNQ,1min,next_execution_bar_open,next_execution_bar,stop_first,1.0,2.0,15,avoid_immediate_adverse_move,adverse_w15_ticks24,"{""adverse_window_minutes"": 15, ""max_adverse_ticks"": 24}"
77,-1246.5499999999993,2495.4500000000007,3742.0,0.24675324675324675,-16.18896103896103,-39.5,0.6668760021378943,-1230.5,-2.4111917197749477,-4.77841218677798,-1.013043478260869,59.94805194805195,56.0,0.935064935064935,0.03896103896103896,0.3246753246753247,0.025974025974025976,84,0.39436619718309857,1,16.661285545023695,2.5,require_no_stop_zone_touch_before_entry_sm1p00_tm2p00_d5_stop_zone_0p50,MNQ,1min,next_execution_bar_open,next_execution_bar,stop_first,1.0,2.0,5,require_no_stop_zone_touch_before_entry,stop_zone_0p50,"{""stop_zone_fraction"": 0.5}"
36,-527.2999999999993,1144.7000000000007,1672.0,0.3333333333333333,-14.647222222222203,-27.0,0.6846291866028712,-481.7999999999993,-2.381716588184085,-4.023403552265839,-1.0944375259443755,73.55555555555556,83.5,0.8888888888888888,0.08333333333333333,0.3888888888888889,0.027777777777777776,103,0.4835680751173709,0,7.789691943127961,2.5,require_no_stop_zone_touch_before_entry_sm1p00_tm2p00_d15_stop_zone_0p50,MNQ,1min,next_execution_bar_open,next_execution_bar,stop_first,1.0,2.0,15,require_no_stop_zone_touch_before_entry,stop_zone_0p50,"{""stop_zone_fraction"": 0.5}"
20,-141.25,878.75,1020.0,0.35,-7.0625,-24.0,0.8615196078431373,-363.0,-0.9418228455126894,-1.9124911555702033,-0.3891184573002755,74.8,75.0,0.95,0.05,0.45,0.0,109,0.5117370892018779,0,4.327606635071089,2.5,require_no_stop_zone_touch_before_entry_sm1p00_tm2p00_d30_stop_zone_0p50,MNQ,1min,next_execution_bar_open,next_execution_bar,stop_first,1.0,2.0,30,require_no_stop_zone_touch_before_entry,stop_zone_0p50,"{""stop_zone_fraction"": 0.5}"
110,679.5000000000055,5349.0000000000055,4669.5,0.3181818181818182,6.1772727272727765,-29.25,1.1455187921619028,-795.5,0.7609564877425348,1.8246080315174296,0.8541797611565122,61.24545454545454,56.0,0.9,0.08181818181818182,0.33636363636363636,0.01818181818181818,50,0.2347417840375587,2,23.801836492890992,2.5,require_no_stop_zone_touch_before_entry_sm1p00_tm2p00_d5_stop_zone_0p75,MNQ,1min,next_execution_bar_open,next_execution_bar,stop_first,1.0,2.0,5,require_no_stop_zone_touch_before_entry,stop_zone_0p75,"{""stop_zone_fraction"": 0.75}"
61,-1441.6499999999996,1802.3500000000004,3244.0,0.32786885245901637,-23.633606557377043,-31.5,0.5555949445129471,-1504.2999999999993,-3.589319038685565,-5.267830190889849,-0.9583527221963706,74.67213114754098,83.0,0.9180327868852459,0.06557377049180328,0.4098360655737705,0.01639344262295082,78,0.36619718309859156,1,13.199200236966824,2.5,require_no_stop_zone_touch_before_entry_sm1p00_tm2p00_d15_stop_zone_0p75,MNQ,1min,next_execution_bar_open,next_execution_bar,stop_first,1.0,2.0,15,require_no_stop_zone_touch_before_entry,stop_zone_0p75,"{""stop_zone_fraction"": 0.75}"
48,-255.54999999999927,1983.4500000000007,2239.0,0.3958333333333333,-5.3239583333333185,-25.5,0.8858642251004916,-981.0,-0.7786173875955258,-1.6189640894313984,-0.26049949031600333,85.0625,119.5,0.9166666666666666,0.041666666666666664,0.5,0.041666666666666664,81,0.38028169014084506,1,10.386255924170616,2.5,require_no_stop_zone_touch_before_entry_sm1p00_tm2p00_d30_stop_zone_0p75,MNQ,1min,next_execution_bar_open,next_execution_bar,stop_first,1.0,2.0,30,require_no_stop_zone_touch_before_entry,stop_zone_0p75,"{""stop_zone_fraction"": 0.75}"
126,-140.49999999999454,5560.0000000000055,5700.5,0.29365079365079366,-1.1150793650793218,-32.75,0.975353039207088,-758.5499999999993,-0.1410784583786568,-0.3259052267259565,-0.1852218047590728,58.34920634920635,51.0,0.9126984126984127,0.07142857142857142,0.30952380952380953,0.015873015873015872,34,0.1596244131455399,2,27.263921800947866,2.5,require_no_stop_zone_touch_before_entry_sm1p00_tm2p00_d5_stop_zone_1p00,MNQ,1min,next_execution_bar_open,next_execution_bar,stop_first,1.0,2.0,5,require_no_stop_zone_touch_before_entry,stop_zone_1p00,"{""stop_zone_fraction"": 1.0}"
91,-487.399999999996,3941.600000000004,4429.0,0.37362637362637363,-5.356043956043912,-31.5,0.8899525852336879,-790.75,-0.7127314679514194,-1.355730777738316,-0.6163768574138425,74.54945054945055,83.0,0.9010989010989011,0.07692307692307693,0.4175824175824176,0.02197802197802198,47,0.22065727699530516,2,19.69061018957346,2.5,require_no_stop_zone_touch_before_entry_sm1p00_tm2p00_d15_stop_zone_1p00,MNQ,1min,next_execution_bar_open,next_execution_bar,stop_first,1.0,2.0,15,require_no_stop_zone_touch_before_entry,stop_zone_1p00,"{""stop_zone_fraction"": 1.0}"
73,356.8000000000029,3640.800000000003,3284.0,0.4246575342465753,4.887671232876752,-25.5,1.1086479902557864,-659.0,0.6936722835062638,1.5771357771025278,0.5414264036418861,86.31506849315069,120.0,0.9041095890410958,0.0547945205479452,0.5342465753424658,0.0410958904109589,55,0.25821596244131456,2,15.795764218009477,2.5,require_no_stop_zone_touch_before_entry_sm1p00_tm2p00_d30_stop_zone_1p00,MNQ,1min,next_execution_bar_open,next_execution_bar,stop_first,1.0,2.0,30,require_no_stop_zone_touch_before_entry,stop_zone_1p00,"{""stop_zone_fraction"": 1.0}"
98,465.9000000000033,4897.900000000003,4432.0,0.3163265306122449,4.754081632653095,-31.75,1.1051218411552355,-691.5,0.5679155008619887,1.4506611508650005,0.673752711496751,61.755102040816325,56.5,0.9081632653061225,0.07142857142857142,0.336734693877551,0.02040816326530612,63,0.29577464788732394,1,21.20527251184834,2.5,require_micro_momentum_confirmation_sm1p00_tm2p00_d5_momentum_w5_close_vs_window_open,MNQ,1min,next_execution_bar_open,next_execution_bar,stop_first,1.0,2.0,5,require_micro_momentum_confirmation,momentum_w5_close_vs_window_open,"{""confirmation_window_minutes"": 5, ""mode"": ""close_vs_window_open""}"
102,0.10000000000400178,4493.600000000004,4493.5,0.35294117647058826,0.0009803921569019782,-22.0,1.0000222543674204,-764.3499999999985,0.00013115905090299812,0.00027528059034424553,0.00013083011709819057,69.97058823529412,77.0,0.9313725490196079,0.058823529411764705,0.4215686274509804,0.00980392156862745,36,0.16901408450704225,2,22.070793838862556,2.5,require_micro_momentum_confirmation_sm1p00_tm2p00_d15_momentum_w5_close_vs_window_open,MNQ,1min,next_execution_bar_open,next_execution_bar,stop_first,1.0,2.0,15,require_micro_momentum_confirmation,momentum_w5_close_vs_window_open,"{""confirmation_window_minutes"": 5, ""mode"": ""close_vs_window_open""}"
97,-144.79999999999745,4411.700000000003,4556.5,0.30927835051546393,-1.492783505154613,-30.5,0.9682212224294969,-833.5,-0.19146048380053282,-0.41534356141734186,-0.17372525494900715,61.896907216494846,57.0,0.9072164948453608,0.07216494845360824,0.32989690721649484,0.020618556701030927,63,0.29577464788732394,2,20.988892180094783,2.5,require_micro_momentum_confirmation_sm1p00_tm2p00_d5_momentum_w5_close_vs_local_mid,MNQ,1min,next_execution_bar_open,next_execution_bar,stop_first,1.0,2.0,5,require_micro_momentum_confirmation,momentum_w5_close_vs_local_mid,"{""confirmation_window_minutes"": 5, ""mode"": ""close_vs_local_mid""}"
100,-632.5999999999967,4053.9000000000033,4686.5,0.33,-6.325999999999968,-22.25,0.8650165368611977,-1111.0,-0.8501520975155608,-1.6834541957288072,-0.5693969396939664,67.93,68.0,0.94,0.05,0.41,0.01,38,0.1784037558685446,2,21.63803317535545,2.5,require_micro_momentum_confirmation_sm1p00_tm2p00_d15_momentum_w5_close_vs_local_mid,MNQ,1min,next_execution_bar_open,next_execution_bar,stop_first,1.0,2.0,15,require_micro_momentum_confirmation,momentum_w5_close_vs_local_mid,"{""confirmation_window_minutes"": 5, ""mode"": ""close_vs_local_mid""}"
102,0.10000000000400178,4493.600000000004,4493.5,0.35294117647058826,0.0009803921569019782,-22.0,1.0000222543674204,-764.3499999999985,0.00013115905090299812,0.00027528059034424553,0.00013083011709819057,69.97058823529412,77.0,0.9313725490196079,0.058823529411764705,0.4215686274509804,0.00980392156862745,36,0.16901408450704225,2,22.070793838862556,2.5,require_micro_momentum_confirmation_sm1p00_tm2p00_d15_momentum_w10_close_vs_window_open,MNQ,1min,next_execution_bar_open,next_execution_bar,stop_first,1.0,2.0,15,require_micro_momentum_confirmation,momentum_w10_close_vs_window_open,"{""confirmation_window_minutes"": 10, ""mode"": ""close_vs_window_open""}"
98,-119.59999999999673,4276.900000000003,4396.5,0.3469387755102041,-1.2204081632652728,-21.75,0.9727965427044247,-875.0,-0.16247759028186956,-0.3388085722157608,-0.13668571428571055,69.9795918367347,75.5,0.9387755102040817,0.05102040816326531,0.42857142857142855,0.01020408163265306,40,0.18779342723004694,2,21.20527251184834,2.5,require_micro_momentum_confirmation_sm1p00_tm2p00_d15_momentum_w10_close_vs_local_mid,MNQ,1min,next_execution_bar_open,next_execution_bar,stop_first,1.0,2.0,15,require_micro_momentum_confirmation,momentum_w10_close_vs_local_mid,"{""confirmation_window_minutes"": 10, ""mode"": ""close_vs_local_mid""}"
102,0.10000000000400178,4493.600000000004,4493.5,0.35294117647058826,0.0009803921569019782,-22.0,1.0000222543674204,-764.3499999999985,0.00013115905090299812,0.00027528059034424553,0.00013083011709819057,69.97058823529412,77.0,0.9313725490196079,0.058823529411764705,0.4215686274509804,0.00980392156862745,36,0.16901408450704225,2,22.070793838862556,2.5,require_micro_momentum_confirmation_sm1p00_tm2p00_d15_momentum_w15_close_vs_window_open,MNQ,1min,next_execution_bar_open,next_execution_bar,stop_first,1.0,2.0,15,require_micro_momentum_confirmation,momentum_w15_close_vs_window_open,"{""confirmation_window_minutes"": 15, ""mode"": ""close_vs_window_open""}"
98,-119.59999999999673,4276.900000000003,4396.5,0.3469387755102041,-1.2204081632652728,-21.75,0.9727965427044247,-875.0,-0.16247759028186956,-0.3388085722157608,-0.13668571428571055,69.9795918367347,75.5,0.9387755102040817,0.05102040816326531,0.42857142857142855,0.01020408163265306,40,0.18779342723004694,2,21.20527251184834,2.5,require_micro_momentum_confirmation_sm1p00_tm2p00_d15_momentum_w15_close_vs_local_mid,MNQ,1min,next_execution_bar_open,next_execution_bar,stop_first,1.0,2.0,15,require_micro_momentum_confirmation,momentum_w15_close_vs_local_mid,"{""confirmation_window_minutes"": 15, ""mode"": ""close_vs_local_mid""}"
24,-127.5,1098.5,1226.0,0.375,-5.3125,-35.25,0.8960032626427407,-496.5,-0.7055689125431787,-1.2642579438739894,-0.256797583081571,89.79166666666667,120.0,0.875,0.08333333333333333,0.5416666666666666,0.041666666666666664,137,0.6431924882629108,1,5.193127962085308,2.5,avoid_high_noise_first_5min_sm1p00_tm2p00_d5_noise_w5_r0p50,MNQ,1min,next_execution_bar_open,next_execution_bar,stop_first,1.0,2.0,5,avoid_high_noise_first_5min,noise_w5_r0p50,"{""max_range_to_stop_distance"": 0.5, ""noise_window_minutes"": 5}"
46,484.7000000000007,2577.7000000000007,2093.0,0.4782608695652174,10.536956521739146,-5.25,1.231581462016245,-749.25,1.2724099571243987,2.1716854025243015,0.6469135802469146,96.28260869565217,120.0,0.8913043478260869,0.06521739130434782,0.5869565217391305,0.043478260869565216,101,0.47417840375586856,2,9.953495260663507,2.5,avoid_high_noise_first_5min_sm1p00_tm2p00_d10_noise_w5_r0p50,MNQ,1min,next_execution_bar_open,next_execution_bar,stop_first,1.0,2.0,10,avoid_high_noise_first_5min,noise_w5_r0p50,"{""max_range_to_stop_distance"": 0.5, ""noise_window_minutes"": 5}"
60,-534.1499999999996,2432.3500000000004,2966.5,0.38333333333333336,-8.902499999999995,-29.0,0.8199393224338447,-746.0499999999993,-1.278158018767099,-2.3493803468307477,-0.7159707794383756,79.53333333333333,106.5,0.9,0.06666666666666667,0.4666666666666667,0.03333333333333333,101,0.47417840375586856,1,12.982819905213269,2.5,avoid_high_noise_first_5min_sm1p00_tm2p00_d5_noise_w5_r0p75,MNQ,1min,next_execution_bar_open,next_execution_bar,stop_first,1.0,2.0,5,avoid_high_noise_first_5min,noise_w5_r0p75,"{""max_range_to_stop_distance"": 0.75, ""noise_window_minutes"": 5}"
68,163.25000000000364,3629.2500000000036,3466.0,0.4264705882352941,2.4007352941177005,-25.5,1.0471004039238325,-649.25,0.2815770881610432,0.5219659669623067,0.2514439738159471,83.41176470588235,115.0,0.8970588235294118,0.07352941176470588,0.47058823529411764,0.029411764705882353,79,0.37089201877934275,2,14.713862559241704,2.5,avoid_high_noise_first_5min_sm1p00_tm2p00_d10_noise_w5_r0p75,MNQ,1min,next_execution_bar_open,next_execution_bar,stop_first,1.0,2.0,10,avoid_high_noise_first_5min,noise_w5_r0p75,"{""max_range_to_stop_distance"": 0.75, ""noise_window_minutes"": 5}"
90,-708.0499999999975,3976.4500000000025,4684.5,0.34444444444444444,-7.867222222222194,-38.5,0.8488525989966917,-1031.5499999999993,-1.0345953287180074,-2.089255087967776,-0.6863942610634463,70.35555555555555,72.0,0.9111111111111111,0.06666666666666667,0.4,0.022222222222222223,71,0.3333333333333333,1,19.474229857819903,2.5,avoid_high_noise_first_5min_sm1p00_tm2p00_d5_noise_w5_r1p00,MNQ,1min,next_execution_bar_open,next_execution_bar,stop_first,1.0,2.0,5,avoid_high_noise_first_5min,noise_w5_r1p00,"{""max_range_to_stop_distance"": 1.0, ""noise_window_minutes"": 5}"
91,172.95000000000437,4668.950000000004,4496.0,0.38461538461538464,1.9005494505494984,-28.0,1.0384675266903924,-807.75,0.22982984747655635,0.4541979135183961,0.21411327762303234,77.6923076923077,104.0,0.9120879120879121,0.06593406593406594,0.42857142857142855,0.02197802197802198,56,0.26291079812206575,2,19.69061018957346,2.5,avoid_high_noise_first_5min_sm1p00_tm2p00_d10_noise_w5_r1p00,MNQ,1min,next_execution_bar_open,next_execution_bar,stop_first,1.0,2.0,10,avoid_high_noise_first_5min,noise_w5_r1p00,"{""max_range_to_stop_distance"": 1.0, ""noise_window_minutes"": 5}"
101,91.65000000000327,5079.150000000003,4987.5,0.3564356435643564,0.9074257425742899,-37.0,1.0183759398496248,-559.0,0.11123979056933264,0.2536243206950183,0.1639534883720989,69.05940594059406,70.0,0.900990099009901,0.07920792079207921,0.38613861386138615,0.019801980198019802,59,0.27699530516431925,2,21.854413507109,2.5,avoid_high_noise_first_5min_sm1p00_tm2p00_d5_noise_w5_r1p25,MNQ,1min,next_execution_bar_open,next_execution_bar,stop_first,1.0,2.0,5,avoid_high_noise_first_5min,noise_w5_r1p25,"{""max_range_to_stop_distance"": 1.25, ""noise_window_minutes"": 5}"
99,-161.04999999999563,4749.450000000004,4910.5,0.36363636363636365,-1.6267676767676327,-31.0,0.9672029324916005,-807.75,-0.20276968074495283,-0.40729998216202024,-0.19938099659547587,74.18181818181819,84.0,0.9191919191919192,0.06060606060606061,0.40404040404040403,0.020202020202020204,48,0.22535211267605634,2,21.421652843601894,2.5,avoid_high_noise_first_5min_sm1p00_tm2p00_d10_noise_w5_r1p25,MNQ,1min,next_execution_bar_open,next_execution_bar,stop_first,1.0,2.0,10,avoid_high_noise_first_5min,noise_w5_r1p25,"{""max_range_to_stop_distance"": 1.25, ""noise_window_minutes"": 5}"
13,-99.75,544.75,644.5,0.5384615384615384,-7.673076923076923,33.5,0.8452288595810706,-256.5,-1.077593960775506,-1.485954827619393,-0.3888888888888889,95.6923076923077,120.0,0.9230769230769231,0.07692307692307693,0.6153846153846154,0.0,136,0.6384976525821596,0,2.8129443127962084,2.5,avoid_high_noise_first_5min_sm1p00_tm2p00_d10_noise_w10_r0p50,MNQ,1min,next_execution_bar_open,next_execution_bar,stop_first,1.0,2.0,10,avoid_high_noise_first_5min,noise_w10_r0p50,"{""max_range_to_stop_distance"": 0.5, ""noise_window_minutes"": 10}"
42,-967.8499999999985,1500.1500000000015,2468.0,0.35714285714285715,-23.044047619047586,-47.5,0.60784035656402,-1074.8499999999985,-3.043974052226903,-5.016448679541429,-0.9004512257524304,88.14285714285714,117.5,0.9285714285714286,0.07142857142857142,0.47619047619047616,0.0,106,0.49765258215962443,1,9.087973933649288,2.5,avoid_high_noise_first_5min_sm1p00_tm2p00_d10_noise_w10_r0p75,MNQ,1min,next_execution_bar_open,next_execution_bar,stop_first,1.0,2.0,10,avoid_high_noise_first_5min,noise_w10_r0p75,"{""max_range_to_stop_distance"": 0.75, ""noise_window_minutes"": 10}"
71,-300.9499999999971,3509.050000000003,3810.0,0.4225352112676056,-4.238732394366156,-27.5,0.9210104986876648,-792.75,-0.5121408829774353,-0.9163867873180865,-0.379627877641119,85.95774647887323,119.0,0.9154929577464789,0.07042253521126761,0.4788732394366197,0.014084507042253521,76,0.3568075117370892,2,15.363003554502368,2.5,avoid_high_noise_first_5min_sm1p00_tm2p00_d10_noise_w10_r1p00,MNQ,1min,next_execution_bar_open,next_execution_bar,stop_first,1.0,2.0,10,avoid_high_noise_first_5min,noise_w10_r1p00,"{""max_range_to_stop_distance"": 1.0, ""noise_window_minutes"": 10}"
85,122.95000000000437,4434.950000000004,4312.0,0.4117647058823529,1.4464705882353455,-28.0,1.0285134508348803,-679.25,0.1738782210802303,0.3376810619082541,0.18100846521899797,80.91764705882353,106.0,0.9058823529411765,0.07058823529411765,0.4470588235294118,0.023529411764705882,62,0.29107981220657275,2,18.39232819905213,2.5,avoid_high_noise_first_5min_sm1p00_tm2p00_d10_noise_w10_r1p25,MNQ,1min,next_execution_bar_open,next_execution_bar,stop_first,1.0,2.0,10,avoid_high_noise_first_5min,noise_w10_r1p25,"{""max_range_to_stop_distance"": 1.25, ""noise_window_minutes"": 10}"
28,-126.0625,876.4375,1002.5,0.35714285714285715,-4.502232142857143,-19.75,0.8742518703241895,-584.5,-0.8576020818379715,-1.363417313907743,-0.21567579127459366,65.25,68.0,0.8928571428571429,0.07142857142857142,0.32142857142857145,0.03571428571428571,134,0.6291079812206573,0,6.058649289099526,2.5,avoid_immediate_adverse_move_sm1p00_tm2p50_d5_adverse_w5_ticks8,MNQ,1min,next_execution_bar_open,next_execution_bar,stop_first,1.0,2.5,5,avoid_immediate_adverse_move,adverse_w5_ticks8,"{""adverse_window_minutes"": 5, ""max_adverse_ticks"": 8}"
24,-314.0625,719.9375,1034.0,0.4166666666666667,-13.0859375,-18.75,0.6962645067698259,-592.5,-2.2302573140197275,-3.1732713167877096,-0.5300632911392406,70.41666666666667,76.0,0.875,0.08333333333333333,0.375,0.041666666666666664,115,0.539906103286385,0,5.193127962085308,2.5,avoid_immediate_adverse_move_sm1p00_tm2p50_d15_adverse_w5_ticks8,MNQ,1min,next_execution_bar_open,next_execution_bar,stop_first,1.0,2.5,15,avoid_immediate_adverse_move,adverse_w5_ticks8,"{""adverse_window_minutes"": 5, ""max_adverse_ticks"": 8}"
40,108.4375,1511.9375,1403.5,0.35,2.7109375,-19.75,1.0772622016387603,-550.5,0.43690985931435955,0.920814291582485,0.19698001816530428,63.275,55.5,0.925,0.05,0.35,0.025,121,0.568075117370892,1,8.655213270142179,2.5,avoid_immediate_adverse_move_sm1p00_tm2p50_d5_adverse_w5_ticks12,MNQ,1min,next_execution_bar_open,next_execution_bar,stop_first,1.0,2.5,5,avoid_immediate_adverse_move,adverse_w5_ticks12,"{""adverse_window_minutes"": 5, ""max_adverse_ticks"": 12}"
34,-10.5625,1391.4375,1402.0,0.4117647058823529,-0.31066176470588236,-20.75,0.9924661198288159,-619.5,-0.04742947607882828,-0.0864975163923125,-0.017050040355125102,73.26470588235294,84.0,0.9117647058823529,0.058823529411764705,0.4117647058823529,0.029411764705882353,104,0.48826291079812206,1,7.356931279620852,2.5,avoid_immediate_adverse_move_sm1p00_tm2p50_d15_adverse_w5_ticks12,MNQ,1min,next_execution_bar_open,next_execution_bar,stop_first,1.0,2.5,15,avoid_immediate_adverse_move,adverse_w5_ticks12,"{""adverse_window_minutes"": 5, ""max_adverse_ticks"": 12}"
47,522.9375,2062.4375,1539.5,0.3829787234042553,11.126329787234043,-18.0,1.3396800909386164,-494.0,1.7147410042851712,3.9511959409251314,1.058577935222672,67.34042553191489,79.0,0.9361702127659575,0.0425531914893617,0.40425531914893614,0.02127659574468085,114,0.5352112676056338,1,10.16987559241706,2.5,avoid_immediate_adverse_move_sm1p00_tm2p50_d5_adverse_w5_ticks16,MNQ,1min,next_execution_bar_open,next_execution_bar,stop_first,1.0,2.5,5,avoid_immediate_adverse_move,adverse_w5_ticks16,"{""adverse_window_minutes"": 5, ""max_adverse_ticks"": 16}"
41,374.9375,1912.4375,1537.5,0.43902439024390244,9.144817073170731,-19.5,1.2438617886178862,-572.0,1.358721519010001,2.675879995716585,0.6554851398601399,75.60975609756098,97.0,0.926829268292683,0.04878048780487805,0.43902439024390244,0.024390243902439025,97,0.45539906103286387,1,8.871593601895734,2.5,avoid_immediate_adverse_move_sm1p00_tm2p50_d15_adverse_w5_ticks16,MNQ,1min,next_execution_bar_open,next_execution_bar,stop_first,1.0,2.5,15,avoid_immediate_adverse_move,adverse_w5_ticks16,"{""adverse_window_minutes"": 5, ""max_adverse_ticks"": 16}"
58,63.4375,2132.9375,2069.5,0.3275862068965517,1.09375,-23.5,1.0306535395022953,-639.0,0.1820361778161315,0.4420776335012504,0.09927621283255086,65.03448275862068,59.0,0.9482758620689655,0.034482758620689655,0.3793103448275862,0.017241379310344827,103,0.4835680751173709,1,12.55005924170616,2.5,avoid_immediate_adverse_move_sm1p00_tm2p50_d5_adverse_w5_ticks24,MNQ,1min,next_execution_bar_open,next_execution_bar,stop_first,1.0,2.5,5,avoid_immediate_adverse_move,adverse_w5_ticks24,"{""adverse_window_minutes"": 5, ""max_adverse_ticks"": 24}"
51,-82.0625,1942.4375,2024.5,0.37254901960784315,-1.6090686274509804,-34.5,0.9594653000740924,-799.5,-0.2591343846640261,-0.54259744619031,-0.10264227642276423,71.47058823529412,89.0,0.9411764705882353,0.0392156862745098,0.4117647058823529,0.0196078431372549,87,0.4084507042253521,1,11.035396919431278,2.5,avoid_immediate_adverse_move_sm1p00_tm2p50_d15_adverse_w5_ticks24,MNQ,1min,next_execution_bar_open,next_execution_bar,stop_first,1.0,2.5,15,avoid_immediate_adverse_move,adverse_w5_ticks24,"{""adverse_window_minutes"": 5, ""max_adverse_ticks"": 24}"
19,-318.5625,623.4375,942.0,0.47368421052631576,-16.76644736842105,-18.0,0.6618232484076433,-669.5,-2.625855425719057,-3.960472884289929,-0.47582150858849886,68.42105263157895,77.0,0.8947368421052632,0.10526315789473684,0.3684210526315789,0.0,120,0.5633802816901409,0,4.111226303317535,2.5,avoid_immediate_adverse_move_sm1p00_tm2p50_d15_adverse_w10_ticks8,MNQ,1min,next_execution_bar_open,next_execution_bar,stop_first,1.0,2.5,15,avoid_immediate_adverse_move,adverse_w10_ticks8,"{""adverse_window_minutes"": 10, ""max_adverse_ticks"": 8}"
31,-206.5625,1137.9375,1344.5,0.41935483870967744,-6.663306451612903,-22.0,0.8463648196355522,-600.0,-1.0750264438039274,-1.8164008060959007,-0.34427083333333336,72.58064516129032,77.0,0.9032258064516129,0.06451612903225806,0.3870967741935484,0.03225806451612903,107,0.5023474178403756,1,6.707790284360189,2.5,avoid_immediate_adverse_move_sm1p00_tm2p50_d15_adverse_w10_ticks12,MNQ,1min,next_execution_bar_open,next_execution_bar,stop_first,1.0,2.5,15,avoid_immediate_adverse_move,adverse_w10_ticks12,"{""adverse_window_minutes"": 10, ""max_adverse_ticks"": 12}"
37,223.4375,1658.9375,1435.5,0.4594594594594595,6.038851351351352,-18.0,1.1556513409961686,-552.5,0.9196434535816546,1.6995118041653654,0.40441176470588236,76.91891891891892,97.0,0.918918918918919,0.05405405405405406,0.43243243243243246,0.02702702702702703,101,0.47417840375586856,1,8.006072274881516,2.5,avoid_immediate_adverse_move_sm1p00_tm2p50_d15_adverse_w10_ticks16,MNQ,1min,next_execution_bar_open,next_execution_bar,stop_first,1.0,2.5,15,avoid_immediate_adverse_move,adverse_w10_ticks16,"{""adverse_window_minutes"": 10, ""max_adverse_ticks"": 16}"
45,-140.0625,1688.9375,1829.0,0.4,-3.1125,-22.5,0.9234212684527064,-763.5,-0.509549280458666,-0.9962636738790333,-0.18344793713163066,72.53333333333333,89.0,0.9333333333333333,0.044444444444444446,0.4,0.022222222222222223,93,0.43661971830985913,1,9.737114928909952,2.5,avoid_immediate_adverse_move_sm1p00_tm2p50_d15_adverse_w10_ticks24,MNQ,1min,next_execution_bar_open,next_execution_bar,stop_first,1.0,2.5,15,avoid_immediate_adverse_move,adverse_w10_ticks24,"{""adverse_window_minutes"": 10, ""max_adverse_ticks"": 24}"
17,-318.5625,581.4375,900.0,0.47058823529411764,-18.738970588235293,-18.0,0.6460416666666666,-711.5,-2.8060578346015097,-4.347510123773979,-0.44773366127898806,67.17647058823529,77.0,0.8823529411764706,0.11764705882352941,0.35294117647058826,0.0,122,0.5727699530516432,0,3.678465639810426,2.5,avoid_immediate_adverse_move_sm1p00_tm2p50_d15_adverse_w15_ticks8,MNQ,1min,next_execution_bar_open,next_execution_bar,stop_first,1.0,2.5,15,avoid_immediate_adverse_move,adverse_w15_ticks8,"{""adverse_window_minutes"": 15, ""max_adverse_ticks"": 8}"
26,-254.5625,999.4375,1254.0,0.4230769230769231,-9.790865384615385,-28.25,0.7969996012759171,-738.5,-1.4852549108008304,-2.6044904000306976,-0.34470209884901826,72.57692307692308,84.0,0.8846153846153846,0.07692307692307693,0.38461538461538464,0.038461538461538464,112,0.5258215962441315,1,5.625888625592417,2.5,avoid_immediate_adverse_move_sm1p00_tm2p50_d15_adverse_w15_ticks12,MNQ,1min,next_execution_bar_open,next_execution_bar,stop_first,1.0,2.5,15,avoid_immediate_adverse_move,adverse_w15_ticks12,"{""adverse_window_minutes"": 15, ""max_adverse_ticks"": 12}"
32,175.4375,1520.4375,1345.0,0.46875,5.482421875,-20.0,1.1304368029739778,-691.0,0.7902325462843279,1.5025050282925156,0.25388929088277856,77.59375,105.5,0.90625,0.0625,0.4375,0.03125,106,0.49765258215962443,1,6.924170616113743,2.5,avoid_immediate_adverse_move_sm1p00_tm2p50_d15_adverse_w15_ticks16,MNQ,1min,next_execution_bar_open,next_execution_bar,stop_first,1.0,2.5,15,avoid_immediate_adverse_move,adverse_w15_ticks16,"{""adverse_window_minutes"": 15, ""max_adverse_ticks"": 16}"
39,-83.5625,1550.4375,1634.0,0.41025641025641024,-2.1426282051282053,-22.5,0.948860159118727,-797.5,-0.3369815351899369,-0.6681339470958595,-0.10478056426332288,73.07692307692308,91.0,0.9230769230769231,0.05128205128205128,0.41025641025641024,0.02564102564102564,99,0.4647887323943662,1,8.438832938388625,2.5,avoid_immediate_adverse_move_sm1p00_tm2p50_d15_adverse_w15_ticks24,MNQ,1min,next_execution_bar_open,next_execution_bar,stop_first,1.0,2.5,15,avoid_immediate_adverse_move,adverse_w15_ticks24,"{""adverse_window_minutes"": 15, ""max_adverse_ticks"": 24}"
77,-1148.6875,2593.3125,3742.0,0.24675324675324675,-14.918019480519481,-39.5,0.6930284607161945,-1219.5,-2.137475452756093,-4.403274917812791,-0.9419331693316934,61.103896103896105,56.0,0.961038961038961,0.012987012987012988,0.35064935064935066,0.025974025974025976,84,0.39436619718309857,1,16.661285545023695,2.5,require_no_stop_zone_touch_before_entry_sm1p00_tm2p50_d5_stop_zone_0p50,MNQ,1min,next_execution_bar_open,next_execution_bar,stop_first,1.0,2.5,5,require_no_stop_zone_touch_before_entry,stop_zone_0p50,"{""stop_zone_fraction"": 0.5}"
36,-420.5625,1251.4375,1672.0,0.3333333333333333,-11.682291666666666,-27.0,0.74846740430622,-433.5,-1.7792936658021872,-3.208975263511861,-0.9701557093425606,75.94444444444444,100.0,0.9166666666666666,0.05555555555555555,0.4166666666666667,0.027777777777777776,103,0.4835680751173709,0,7.789691943127961,2.5,require_no_stop_zone_touch_before_entry_sm1p00_tm2p50_d15_stop_zone_0p50,MNQ,1min,next_execution_bar_open,next_execution_bar,stop_first,1.0,2.5,15,require_no_stop_zone_touch_before_entry,stop_zone_0p50,"{""stop_zone_fraction"": 0.5}"
20,-216.5,803.5,1020.0,0.35,-10.825,-24.0,0.7877450980392157,-363.0,-1.5265123939822536,-2.93135812517486,-0.5964187327823691,78.6,103.0,1.0,0.0,0.5,0.0,109,0.5117370892018779,0,4.327606635071089,2.5,require_no_stop_zone_touch_before_entry_sm1p00_tm2p50_d30_stop_zone_0p50,MNQ,1min,next_execution_bar_open,next_execution_bar,stop_first,1.0,2.5,30,require_no_stop_zone_touch_before_entry,stop_zone_0p50,"{""stop_zone_fraction"": 0.5}"
110,950.375,5619.875,4669.5,0.3181818181818182,8.639772727272728,-29.25,1.2035282150123139,-795.5,1.0164500234921825,2.5519674142065685,1.194688874921433,63.263636363636365,56.5,0.9363636363636364,0.045454545454545456,0.37272727272727274,0.01818181818181818,50,0.2347417840375587,2,23.801836492890992,2.5,require_no_stop_zone_touch_before_entry_sm1p00_tm2p50_d5_stop_zone_0p75,MNQ,1min,next_execution_bar_open,next_execution_bar,stop_first,1.0,2.5,5,require_no_stop_zone_touch_before_entry,stop_zone_0p75,"{""stop_zone_fraction"": 0.75}"
61,-1378.5625,1865.4375,3244.0,0.32786885245901637,-22.59938524590164,-31.5,0.5750423859432799,-1397.5625,-3.328793191139281,-5.0373066677269716,-0.9864049013908144,77.04918032786885,101.0,0.9508196721311475,0.03278688524590164,0.4426229508196721,0.01639344262295082,78,0.36619718309859156,1,13.199200236966824,2.5,require_no_stop_zone_touch_before_entry_sm1p00_tm2p50_d15_stop_zone_0p75,MNQ,1min,next_execution_bar_open,next_execution_bar,stop_first,1.0,2.5,15,require_no_stop_zone_touch_before_entry,stop_zone_0p75,"{""stop_zone_fraction"": 0.75}"
48,-294.0,1945.0,2239.0,0.3958333333333333,-6.125,-25.5,0.868691380080393,-981.0,-0.9096144961445956,-1.8625530905608783,-0.2996941896024465,86.6875,120.0,0.9375,0.020833333333333332,0.5208333333333334,0.041666666666666664,81,0.38028169014084506,1,10.386255924170616,2.5,require_no_stop_zone_touch_before_entry_sm1p00_tm2p50_d30_stop_zone_0p75,MNQ,1min,next_execution_bar_open,next_execution_bar,stop_first,1.0,2.5,30,require_no_stop_zone_touch_before_entry,stop_zone_0p75,"{""stop_zone_fraction"": 0.75}"
126,130.375,5830.875,5700.5,0.29365079365079366,1.0347222222222223,-32.75,1.0228708008069467,-711.5,0.1253074944922631,0.30241917391030765,0.18323963457484188,60.111111111111114,51.0,0.9444444444444444,0.03968253968253968,0.3412698412698413,0.015873015873015872,34,0.1596244131455399,2,27.263921800947866,2.5,require_no_stop_zone_touch_before_entry_sm1p00_tm2p50_d5_stop_zone_1p00,MNQ,1min,next_execution_bar_open,next_execution_bar,stop_first,1.0,2.5,5,require_no_stop_zone_touch_before_entry,stop_zone_1p00,"{""stop_zone_fraction"": 1.0}"
91,-652.125,3776.875,4429.0,0.37362637362637363,-7.166208791208791,-31.5,0.8527602167532174,-733.0625,-0.9850486052603442,-1.8139227193939407,-0.889589905362776,77.06593406593407,101.0,0.945054945054945,0.03296703296703297,0.46153846153846156,0.02197802197802198,47,0.22065727699530516,2,19.69061018957346,2.5,require_no_stop_zone_touch_before_entry_sm1p00_tm2p50_d15_stop_zone_1p00,MNQ,1min,next_execution_bar_open,next_execution_bar,stop_first,1.0,2.5,15,require_no_stop_zone_touch_before_entry,stop_zone_1p00,"{""stop_zone_fraction"": 1.0}"
73,180.9375,3464.9375,3284.0,0.4246575342465753,2.478595890410959,-25.5,1.0550966808769793,-659.0,0.37137809383007525,0.7997842059122373,0.2745637329286798,88.47945205479452,120.0,0.9315068493150684,0.0273972602739726,0.5616438356164384,0.0410958904109589,55,0.25821596244131456,2,15.795764218009477,2.5,require_no_stop_zone_touch_before_entry_sm1p00_tm2p50_d30_stop_zone_1p00,MNQ,1min,next_execution_bar_open,next_execution_bar,stop_first,1.0,2.5,30,require_no_stop_zone_touch_before_entry,stop_zone_1p00,"{""stop_zone_fraction"": 1.0}"
98,498.4375,4930.4375,4432.0,0.3163265306122449,5.08609693877551,-31.75,1.1124633348375452,-694.5,0.6061496407170258,1.551972348968166,0.7176925845932326,63.816326530612244,59.0,0.9489795918367347,0.030612244897959183,0.37755102040816324,0.02040816326530612,63,0.29577464788732394,1,21.20527251184834,2.5,require_micro_momentum_confirmation_sm1p00_tm2p50_d5_momentum_w5_close_vs_window_open,MNQ,1min,next_execution_bar_open,next_execution_bar,stop_first,1.0,2.5,5,require_micro_momentum_confirmation,momentum_w5_close_vs_window_open,"{""confirmation_window_minutes"": 5, ""mode"": ""close_vs_window_open""}"
102,-285.0625,4208.4375,4493.5,0.35294117647058826,-2.794730392156863,-22.0,0.9365611438744854,-769.5625,-0.39541232683206307,-0.7847217328186621,-0.3704215057256558,71.97058823529412,90.0,0.9705882352941176,0.0196078431372549,0.46078431372549017,0.00980392156862745,36,0.16901408450704225,2,22.070793838862556,2.5,require_micro_momentum_confirmation_sm1p00_tm2p50_d15_momentum_w5_close_vs_window_open,MNQ,1min,next_execution_bar_open,next_execution_bar,stop_first,1.0,2.5,15,require_micro_momentum_confirmation,momentum_w5_close_vs_window_open,"{""confirmation_window_minutes"": 5, ""mode"": ""close_vs_window_open""}"
97,-72.5625,4483.9375,4556.5,0.30927835051546393,-0.7480670103092784,-30.5,0.9840749478766597,-887.5,-0.09454697569502543,-0.2081378948573646,-0.08176056338028169,63.72164948453608,61.0,0.9484536082474226,0.030927835051546393,0.3711340206185567,0.020618556701030927,63,0.29577464788732394,2,20.988892180094783,2.5,require_micro_momentum_confirmation_sm1p00_tm2p50_d5_momentum_w5_close_vs_local_mid,MNQ,1min,next_execution_bar_open,next_execution_bar,stop_first,1.0,2.5,5,require_micro_momentum_confirmation,momentum_w5_close_vs_local_mid,"{""confirmation_window_minutes"": 5, ""mode"": ""close_vs_local_mid""}"
100,-954.5625,3731.9375,4686.5,0.33,-9.545625,-22.25,0.7963165475301398,-1195.5625,-1.3679636957363663,-2.540250151296851,-0.7984212452297559,69.89,77.0,0.98,0.01,0.45,0.01,38,0.1784037558685446,2,21.63803317535545,2.5,require_micro_momentum_confirmation_sm1p00_tm2p50_d15_momentum_w5_close_vs_local_mid,MNQ,1min,next_execution_bar_open,next_execution_bar,stop_first,1.0,2.5,15,require_micro_momentum_confirmation,momentum_w5_close_vs_local_mid,"{""confirmation_window_minutes"": 5, ""mode"": ""close_vs_local_mid""}"
102,-285.0625,4208.4375,4493.5,0.35294117647058826,-2.794730392156863,-22.0,0.9365611438744854,-769.5625,-0.39541232683206307,-0.7847217328186621,-0.3704215057256558,71.97058823529412,90.0,0.9705882352941176,0.0196078431372549,0.46078431372549017,0.00980392156862745,36,0.16901408450704225,2,22.070793838862556,2.5,require_micro_momentum_confirmation_sm1p00_tm2p50_d15_momentum_w10_close_vs_window_open,MNQ,1min,next_execution_bar_open,next_execution_bar,stop_first,1.0,2.5,15,require_micro_momentum_confirmation,momentum_w10_close_vs_window_open,"{""confirmation_window_minutes"": 10, ""mode"": ""close_vs_window_open""}"
98,-441.5625,3954.9375,4396.5,0.3469387755102041,-4.505739795918367,-21.75,0.8995649948822927,-879.0625,-0.6388741517585184,-1.2508792656273073,-0.5023107003199431,71.9795918367347,84.0,0.9795918367346939,0.01020408163265306,0.46938775510204084,0.01020408163265306,40,0.18779342723004694,2,21.20527251184834,2.5,require_micro_momentum_confirmation_sm1p00_tm2p50_d15_momentum_w10_close_vs_local_mid,MNQ,1min,next_execution_bar_open,next_execution_bar,stop_first,1.0,2.5,15,require_micro_momentum_confirmation,momentum_w10_close_vs_local_mid,"{""confirmation_window_minutes"": 10, ""mode"": ""close_vs_local_mid""}"
102,-285.0625,4208.4375,4493.5,0.35294117647058826,-2.794730392156863,-22.0,0.9365611438744854,-769.5625,-0.39541232683206307,-0.7847217328186621,-0.3704215057256558,71.97058823529412,90.0,0.9705882352941176,0.0196078431372549,0.46078431372549017,0.00980392156862745,36,0.16901408450704225,2,22.070793838862556,2.5,require_micro_momentum_confirmation_sm1p00_tm2p50_d15_momentum_w15_close_vs_window_open,MNQ,1min,next_execution_bar_open,next_execution_bar,stop_first,1.0,2.5,15,require_micro_momentum_confirmation,momentum_w15_close_vs_window_open,"{""confirmation_window_minutes"": 15, ""mode"": ""close_vs_window_open""}"
98,-441.5625,3954.9375,4396.5,0.3469387755102041,-4.505739795918367,-21.75,0.8995649948822927,-879.0625,-0.6388741517585184,-1.2508792656273073,-0.5023107003199431,71.9795918367347,84.0,0.9795918367346939,0.01020408163265306,0.46938775510204084,0.01020408163265306,40,0.18779342723004694,2,21.20527251184834,2.5,require_micro_momentum_confirmation_sm1p00_tm2p50_d15_momentum_w15_close_vs_local_mid,MNQ,1min,next_execution_bar_open,next_execution_bar,stop_first,1.0,2.5,15,require_micro_momentum_confirmation,momentum_w15_close_vs_local_mid,"{""confirmation_window_minutes"": 15, ""mode"": ""close_vs_local_mid""}"
24,-116.5,1109.5,1226.0,0.375,-4.854166666666667,-35.25,0.9049755301794453,-496.5,-0.6411192346201781,-1.1551847095005472,-0.23464249748237664,91.95833333333333,120.0,0.9583333333333334,0.0,0.625,0.041666666666666664,137,0.6431924882629108,1,5.193127962085308,2.5,avoid_high_noise_first_5min_sm1p00_tm2p50_d5_noise_w5_r0p50,MNQ,1min,next_execution_bar_open,next_execution_bar,stop_first,1.0,2.5,5,avoid_high_noise_first_5min,noise_w5_r0p50,"{""max_range_to_stop_distance"": 0.5, ""noise_window_minutes"": 5}"
46,245.0,2338.0,2093.0,0.4782608695652174,5.326086956521739,-5.25,1.117056856187291,-757.5,0.691704120315139,1.0977159554744236,0.3234323432343234,97.6304347826087,120.0,0.9565217391304348,0.0,0.6521739130434783,0.043478260869565216,101,0.47417840375586856,2,9.953495260663507,2.5,avoid_high_noise_first_5min_sm1p00_tm2p50_d10_noise_w5_r0p50,MNQ,1min,next_execution_bar_open,next_execution_bar,stop_first,1.0,2.5,10,avoid_high_noise_first_5min,noise_w5_r0p50,"{""max_range_to_stop_distance"": 0.5, ""noise_window_minutes"": 5}"
60,-521.0,2445.5,2966.5,0.38333333333333336,-8.683333333333334,-29.0,0.8243721557390865,-706.0,-1.237609384495858,-2.2915420026187783,-0.7379603399433428,81.26666666666667,120.0,0.95,0.016666666666666666,0.5166666666666667,0.03333333333333333,101,0.47417840375586856,1,12.982819905213269,2.5,avoid_high_noise_first_5min_sm1p00_tm2p50_d5_noise_w5_r0p75,MNQ,1min,next_execution_bar_open,next_execution_bar,stop_first,1.0,2.5,5,avoid_high_noise_first_5min,noise_w5_r0p75,"{""max_range_to_stop_distance"": 0.75, ""noise_window_minutes"": 5}"
68,-12.5625,3453.4375,3466.0,0.4264705882352941,-0.18474264705882354,-25.5,0.9963755049047894,-672.5,-0.02235595988505801,-0.04016660006103419,-0.018680297397769517,84.52941176470588,120.0,0.9558823529411765,0.014705882352941176,0.5294117647058824,0.029411764705882353,79,0.37089201877934275,2,14.713862559241704,2.5,avoid_high_noise_first_5min_sm1p00_tm2p50_d10_noise_w5_r0p75,MNQ,1min,next_execution_bar_open,next_execution_bar,stop_first,1.0,2.5,10,avoid_high_noise_first_5min,noise_w5_r0p75,"{""max_range_to_stop_distance"": 0.75, ""noise_window_minutes"": 5}"
90,-582.75,4101.75,4684.5,0.34444444444444444,-6.475,-38.5,0.8756003842459174,-991.5,-0.8260212928610973,-1.719530262711992,-0.5877458396369137,72.2,86.0,0.9444444444444444,0.03333333333333333,0.43333333333333335,0.022222222222222223,71,0.3333333333333333,1,19.474229857819903,2.5,avoid_high_noise_first_5min_sm1p00_tm2p50_d5_noise_w5_r1p00,MNQ,1min,next_execution_bar_open,next_execution_bar,stop_first,1.0,2.5,5,avoid_high_noise_first_5min,noise_w5_r1p00,"{""max_range_to_stop_distance"": 1.0, ""noise_window_minutes"": 5}"
91,33.9375,4529.9375,4496.0,0.38461538461538464,0.37293956043956045,-28.0,1.0075483763345197,-831.0,0.046050235830442196,0.08912599994235432,0.04083935018050541,78.5934065934066,116.0,0.9560439560439561,0.02197802197802198,0.4725274725274725,0.02197802197802198,56,0.26291079812206575,2,19.69061018957346,2.5,avoid_high_noise_first_5min_sm1p00_tm2p50_d10_noise_w5_r1p00,MNQ,1min,next_execution_bar_open,next_execution_bar,stop_first,1.0,2.5,10,avoid_high_noise_first_5min,noise_w5_r1p00,"{""max_range_to_stop_distance"": 1.0, ""noise_window_minutes"": 5}"
101,250.75,5238.25,4987.5,0.3564356435643564,2.482673267326733,-37.0,1.0502756892230576,-559.0,0.2951841164889515,0.6939039652403007,0.44856887298747766,71.17821782178218,85.0,0.9405940594059405,0.039603960396039604,0.42574257425742573,0.019801980198019802,59,0.27699530516431925,2,21.854413507109,2.5,avoid_high_noise_first_5min_sm1p00_tm2p50_d5_noise_w5_r1p25,MNQ,1min,next_execution_bar_open,next_execution_bar,stop_first,1.0,2.5,5,avoid_high_noise_first_5min,noise_w5_r1p25,"{""max_range_to_stop_distance"": 1.25, ""noise_window_minutes"": 5}"
99,-300.0625,4610.4375,4910.5,0.36363636363636365,-3.0309343434343434,-31.0,0.9388936971795133,-872.5625,-0.3857206824205912,-0.7588665066593885,-0.3438865410787193,75.01010101010101,94.0,0.9595959595959596,0.020202020202020204,0.4444444444444444,0.020202020202020204,48,0.22535211267605634,2,21.421652843601894,2.5,avoid_high_noise_first_5min_sm1p00_tm2p50_d10_noise_w5_r1p25,MNQ,1min,next_execution_bar_open,next_execution_bar,stop_first,1.0,2.5,10,avoid_high_noise_first_5min,noise_w5_r1p25,"{""max_range_to_stop_distance"": 1.25, ""noise_window_minutes"": 5}"
13,-108.0,536.5,644.5,0.5384615384615384,-8.307692307692308,33.5,0.8324282389449186,-256.5,-1.1751603927313847,-1.6088533471969366,-0.42105263157894735,96.15384615384616,120.0,1.0,0.0,0.6923076923076923,0.0,136,0.6384976525821596,0,2.8129443127962084,2.5,avoid_high_noise_first_5min_sm1p00_tm2p50_d10_noise_w10_r0p50,MNQ,1min,next_execution_bar_open,next_execution_bar,stop_first,1.0,2.5,10,avoid_high_noise_first_5min,noise_w10_r0p50,"{""max_range_to_stop_distance"": 0.5, ""noise_window_minutes"": 10}"
42,-974.0625,1493.9375,2468.0,0.35714285714285715,-23.191964285714285,-47.5,0.6053231361426256,-1081.0625,-3.0808826868279757,-5.048648594220004,-0.9010232988379487,88.66666666666667,120.0,0.9761904761904762,0.023809523809523808,0.5238095238095238,0.0,106,0.49765258215962443,1,9.087973933649288,2.5,avoid_high_noise_first_5min_sm1p00_tm2p50_d10_noise_w10_r0p75,MNQ,1min,next_execution_bar_open,next_execution_bar,stop_first,1.0,2.5,10,avoid_high_noise_first_5min,noise_w10_r0p75,"{""max_range_to_stop_distance"": 0.75, ""noise_window_minutes"": 10}"
71,-478.5625,3331.4375,3810.0,0.4225352112676056,-6.740316901408451,-27.5,0.8743930446194226,-816.0,-0.8481438268604223,-1.4572133308055026,-0.5864736519607843,86.91549295774648,120.0,0.9577464788732394,0.028169014084507043,0.5211267605633803,0.014084507042253521,76,0.3568075117370892,2,15.363003554502368,2.5,avoid_high_noise_first_5min_sm1p00_tm2p50_d10_noise_w10_r1p00,MNQ,1min,next_execution_bar_open,next_execution_bar,stop_first,1.0,2.5,10,avoid_high_noise_first_5min,noise_w10_r1p00,"{""max_range_to_stop_distance"": 1.0, ""noise_window_minutes"": 10}"
85,-16.0625,4295.9375,4312.0,0.4117647058823529,-0.1889705882352941,-28.0,0.9962749304267161,-702.5,-0.023229698466701417,-0.04411551083286815,-0.02286476868327402,81.88235294117646,120.0,0.9529411764705882,0.023529411764705882,0.49411764705882355,0.023529411764705882,62,0.29107981220657275,2,18.39232819905213,2.5,avoid_high_noise_first_5min_sm1p00_tm2p50_d10_noise_w10_r1p25,MNQ,1min,next_execution_bar_open,next_execution_bar,stop_first,1.0,2.5,10,avoid_high_noise_first_5min,noise_w10_r1p25,"{""max_range_to_stop_distance"": 1.25, ""noise_window_minutes"": 10}"
