trades,net_pnl,gross_profit,gross_loss,winrate,avg_trade,median_trade,profit_factor,max_drawdown,sharpe_daily,sortino_daily,pnl_to_maxdd,avg_holding_minutes,median_holding_minutes,stop_exit_rate,target_exit_rate,time_stop_exit_rate,eod_exit_rate,skipped_trades,skip_rate,blocked_setups,turnover_proxy,estimated_cost_per_trade,config_id,symbol,execution_timeframe,entry_timing,protective_orders_active_from,ambiguous_policy,stop_multiplier,target_multiplier,entry_delay_minutes,filter_family,filter_label,filter_params
275,-575.1250000000073,8686.249999999993,9261.375,0.22181818181818183,-2.091363636363663,-23.625,0.9379006896924045,-1090.525000000005,-0.35999718073053427,-0.889937772579953,-0.5273835996423782,27.767272727272726,9.0,0.8363636363636363,0.16363636363636364,0.09818181818181818,0.0,0,0.0,0,40.4037610619469,2.5,none_sm0p75_tm1p00_d0,MNQ,1min,next_execution_bar_open,next_execution_bar,stop_first,0.75,1.0,0,none,none,{}
241,-959.6000000000131,7971.399999999987,8931.0,0.24896265560165975,-3.981742738589266,-24.75,0.8925540253051155,-2270.2750000000087,-0.6774151041894219,-1.4920356237731534,-0.42268007179747363,32.22406639004149,15.0,0.8132780082987552,0.17842323651452283,0.0912863070539419,0.008298755186721992,0,0.0,1,35.40838696701528,2.5,none_sm0p75_tm1p00_d5,MNQ,1min,next_execution_bar_open,next_execution_bar,stop_first,0.75,1.0,5,none,none,{}
231,-1833.8500000000058,7929.024999999994,9762.875,0.2597402597402597,-7.938744588744614,-26.25,0.8121608644994425,-1813.6000000000058,-1.2261200716522551,-2.48780778734679,-1.0111656374062636,36.29004329004329,19.0,0.8181818181818182,0.16883116883116883,0.11255411255411256,0.012987012987012988,0,0.0,2,33.9391592920354,2.5,none_sm0p75_tm1p00_d10,MNQ,1min,next_execution_bar_open,next_execution_bar,stop_first,0.75,1.0,10,none,none,{}
221,-1215.400000000005,8518.849999999995,9734.25,0.28054298642533937,-5.49954751131224,-26.625,0.8751418958830927,-2237.2750000000087,-0.8034231979332223,-1.6638470428006646,-0.5432501592338896,38.380090497737555,19.0,0.8009049773755657,0.19004524886877827,0.12217194570135746,0.00904977375565611,0,0.0,2,32.46993161705551,2.5,none_sm0p75_tm1p00_d15,MNQ,1min,next_execution_bar_open,next_execution_bar,stop_first,0.75,1.0,15,none,none,{}
193,-296.87500000001455,8154.624999999985,8451.5,0.3160621761658031,-1.538212435233236,-27.75,0.9648730994498,-1687.750000000011,-0.2218843966430405,-0.4581503756079982,-0.17589986668642432,50.056994818652846,35.0,0.8031088082901554,0.18652849740932642,0.18134715025906736,0.010362694300518135,0,0.0,3,28.356094127111824,2.5,none_sm0p75_tm1p00_d30,MNQ,1min,next_execution_bar_open,next_execution_bar,stop_first,0.75,1.0,30,none,none,{}
274,-300.8125,9151.0625,9451.875,0.2116788321167883,-1.0978558394160585,-24.375,0.9681743040402037,-1508.625,-0.17600986019448475,-0.46388641077398296,-0.1993951445853012,31.317518248175183,9.0,0.8613138686131386,0.13503649635036497,0.11678832116788321,0.0036496350364963502,0,0.0,1,40.25683829444891,2.5,none_sm0p75_tm1p25_d0,MNQ,1min,next_execution_bar_open,next_execution_bar,stop_first,0.75,1.25,0,none,none,{}
240,-754.125,8447.625,9201.75,0.23333333333333334,-3.1421875,-25.5,0.9180454804792567,-2021.125,-0.47989667657002283,-1.1596528389823573,-0.37312140515801845,36.06666666666667,16.5,0.85,0.13333333333333333,0.1125,0.016666666666666666,0,0.0,2,35.26146419951729,2.5,none_sm0p75_tm1p25_d5,MNQ,1min,next_execution_bar_open,next_execution_bar,stop_first,0.75,1.25,5,none,none,{}
230,-1872.21875,7912.03125,9784.25,0.25217391304347825,-8.14008152173913,-26.4375,0.8086497432097504,-1851.96875,-1.2286252066887016,-2.547888990242823,-1.0109343097716956,40.45217391304348,20.5,0.8565217391304348,0.13043478260869565,0.14347826086956522,0.013043478260869565,0,0.0,3,33.79223652453741,2.5,none_sm0p75_tm1p25_d10,MNQ,1min,next_execution_bar_open,next_execution_bar,stop_first,0.75,1.25,10,none,none,{}
220,-1032.21875,8764.78125,9797.0,0.2636363636363636,-4.6919034090909095,-26.8125,0.8946393028478106,-1977.625,-0.6527703837949185,-1.4212546424463661,-0.5219486758106314,43.25454545454546,20.0,0.8636363636363636,0.12272727272727273,0.17272727272727273,0.013636363636363636,0,0.0,3,32.32300884955752,2.5,none_sm0p75_tm1p25_d15,MNQ,1min,next_execution_bar_open,next_execution_bar,stop_first,0.75,1.25,15,none,none,{}
193,-83.875,8367.625,8451.5,0.3160621761658031,-0.43458549222797926,-27.75,0.9900757262024493,-1602.78125,-0.06029105025761636,-0.12943953769808492,-0.052330909161808575,55.25388601036269,45.0,0.8652849740932642,0.12435233160621761,0.24352331606217617,0.010362694300518135,0,0.0,3,28.356094127111824,2.5,none_sm0p75_tm1p25_d30,MNQ,1min,next_execution_bar_open,next_execution_bar,stop_first,0.75,1.25,30,none,none,{}
272,18.58750000000873,9531.212500000009,9512.625,0.20955882352941177,0.06833639705885564,-24.9375,1.0019539822078563,-1508.625,0.010284594897307212,0.02853374281383957,0.012320821940514528,34.3014705882353,9.0,0.8860294117647058,0.10661764705882353,0.13602941176470587,0.007352941176470588,0,0.0,3,39.96299275945294,2.5,none_sm0p75_tm1p50_d0,MNQ,1min,next_execution_bar_open,next_execution_bar,stop_first,0.75,1.5,0,none,none,{}
239,-514.2374999999884,8629.387500000012,9143.625,0.2301255230125523,-2.151621338912085,-25.5,0.9437599967190268,-2027.2499999999927,-0.3125408020120909,-0.7905986237573183,-0.2536625971143126,39.45188284518829,17.0,0.8828451882845189,0.100418410041841,0.14644351464435146,0.016736401673640166,0,0.0,3,35.11454143201931,2.5,none_sm0p75_tm1p50_d5,MNQ,1min,next_execution_bar_open,next_execution_bar,stop_first,0.75,1.5,5,none,none,{}
230,-1477.2124999999942,8334.537500000006,9811.75,0.24782608695652175,-6.422663043478235,-27.0625,0.8494445435319903,-1456.9624999999942,-0.9150519000789038,-2.0142188996997663,-1.0138987791381042,42.6695652173913,20.5,0.8869565217391304,0.09565217391304348,0.17391304347826086,0.017391304347826087,0,0.0,3,33.79223652453741,2.5,none_sm0p75_tm1p50_d10,MNQ,1min,next_execution_bar_open,next_execution_bar,stop_first,0.75,1.5,10,none,none,{}
220,-362.9624999999978,9434.037500000002,9797.0,0.2636363636363636,-1.6498295454545355,-26.8125,0.9629516688782283,-1905.9374999999927,-0.21352342599715243,-0.4997604801878827,-0.190437776684702,45.595454545454544,22.0,0.8863636363636364,0.1,0.19545454545454546,0.013636363636363636,0,0.0,3,32.32300884955752,2.5,none_sm0p75_tm1p50_d15,MNQ,1min,next_execution_bar_open,next_execution_bar,stop_first,0.75,1.5,15,none,none,{}
193,267.3625000000102,8718.86250000001,8451.5,0.3160621761658031,1.3852979274611927,-27.75,1.0316349168786618,-1606.2499999999964,0.1840660246555351,0.4126054056370259,0.166451361867711,57.51813471502591,47.0,0.8963730569948186,0.08808290155440414,0.27461139896373055,0.015544041450777202,0,0.0,3,28.356094127111824,2.5,none_sm0p75_tm1p50_d30,MNQ,1min,next_execution_bar_open,next_execution_bar,stop_first,0.75,1.5,30,none,none,{}
272,724.9000000000033,10273.900000000003,9549.0,0.20588235294117646,2.6650735294117767,-25.875,1.075913708241701,-1567.5,0.3587333544239493,1.1153355998080907,0.4624561403508793,37.904411764705884,9.0,0.9375,0.05514705882352941,0.18382352941176472,0.007352941176470588,0,0.0,3,39.96299275945294,2.5,none_sm0p75_tm2p00_d0,MNQ,1min,next_execution_bar_open,next_execution_bar,stop_first,0.75,2.0,0,none,none,{}
239,-145.17499999999745,8998.450000000003,9143.625,0.2301255230125523,-0.6074267782426672,-25.5,0.9841228178102233,-1957.7250000000022,-0.08441135821503855,-0.22319483741261428,-0.07415495026114356,43.32217573221757,18.0,0.9372384937238494,0.04602510460251046,0.200836820083682,0.016736401673640166,0,0.0,3,35.11454143201931,2.5,none_sm0p75_tm2p00_d5,MNQ,1min,next_execution_bar_open,next_execution_bar,stop_first,0.75,2.0,5,none,none,{}
230,-1139.5000000000036,8672.249999999996,9811.75,0.24782608695652175,-4.954347826086972,-27.0625,0.8838637348077556,-1388.199999999997,-0.6824714196006785,-1.5537388400165177,-0.8208471401815344,46.54347826086956,21.5,0.9391304347826087,0.043478260869565216,0.22608695652173913,0.017391304347826087,0,0.0,3,33.79223652453741,2.5,none_sm0p75_tm2p00_d10,MNQ,1min,next_execution_bar_open,next_execution_bar,stop_first,0.75,2.0,10,none,none,{}
220,-181.75000000000182,9615.249999999998,9797.0,0.2636363636363636,-0.8261363636363719,-26.8125,0.9814484025722158,-1867.8500000000058,-0.10433734903677148,-0.2502502800541354,-0.09730438739727561,49.163636363636364,23.0,0.9409090909090909,0.045454545454545456,0.25,0.013636363636363636,0,0.0,3,32.32300884955752,2.5,none_sm0p75_tm2p00_d15,MNQ,1min,next_execution_bar_open,next_execution_bar,stop_first,0.75,2.0,15,none,none,{}
193,569.3000000000029,9020.800000000003,8451.5,0.3160621761658031,2.949740932642502,-27.75,1.0673608235224519,-1571.4000000000015,0.38017228244617,0.8785684508079894,0.36228840524373324,60.4300518134715,54.0,0.9481865284974094,0.03626943005181347,0.32642487046632124,0.015544041450777202,0,0.0,3,28.356094127111824,2.5,none_sm0p75_tm2p00_d30,MNQ,1min,next_execution_bar_open,next_execution_bar,stop_first,0.75,2.0,30,none,none,{}
272,845.4375,10394.4375,9549.0,0.20588235294117646,3.1082261029411766,-25.875,1.0885367577756833,-1567.5,0.4163034755726905,1.3007953388919138,0.5393540669856459,39.80514705882353,9.0,0.9742647058823529,0.01838235294117647,0.22058823529411764,0.007352941176470588,0,0.0,3,39.96299275945294,2.5,none_sm0p75_tm2p50_d0,MNQ,1min,next_execution_bar_open,next_execution_bar,stop_first,0.75,2.5,0,none,none,{}
239,123.75,9267.375,9143.625,0.2301255230125523,0.5177824267782427,-25.5,1.0135340196038223,-1818.8125,0.06995333012580188,0.19025563030695025,0.06803889900690697,44.54393305439331,18.0,0.9623430962343096,0.02092050209205021,0.22594142259414227,0.016736401673640166,0,0.0,3,35.11454143201931,2.5,none_sm0p75_tm2p50_d5,MNQ,1min,next_execution_bar_open,next_execution_bar,stop_first,0.75,2.5,5,none,none,{}
230,-1182.1875,8629.5625,9811.75,0.24782608695652175,-5.139945652173913,-27.0625,0.8795130838025836,-1565.8125,-0.7042231005931692,-1.611944392217658,-0.7549994012693091,47.50869565217391,21.5,0.9695652173913043,0.013043478260869565,0.2565217391304348,0.017391304347826087,0,0.0,3,33.79223652453741,2.5,none_sm0p75_tm2p50_d10,MNQ,1min,next_execution_bar_open,next_execution_bar,stop_first,0.75,2.5,10,none,none,{}
220,-241.5625,9555.4375,9797.0,0.2636363636363636,-1.0980113636363635,-26.8125,0.9753432173114218,-1828.125,-0.13850160149140278,-0.3326056851476011,-0.13213675213675213,50.586363636363636,23.0,0.9681818181818181,0.01818181818181818,0.2772727272727273,0.013636363636363636,0,0.0,3,32.32300884955752,2.5,none_sm0p75_tm2p50_d15,MNQ,1min,next_execution_bar_open,next_execution_bar,stop_first,0.75,2.5,15,none,none,{}
193,549.3125,9000.8125,8451.5,0.3160621761658031,2.846178756476684,-27.75,1.0649958587233035,-1476.625,0.3671648414644919,0.8477228739407364,0.3720054177600948,61.43523316062176,56.0,0.9637305699481865,0.02072538860103627,0.34196891191709844,0.015544041450777202,0,0.0,3,28.356094127111824,2.5,none_sm0p75_tm2p50_d30,MNQ,1min,next_execution_bar_open,next_execution_bar,stop_first,0.75,2.5,30,none,none,{}
272,639.5249999999978,10188.524999999998,9549.0,0.20588235294117646,2.3511948529411684,-25.875,1.0669729814640274,-1567.5,0.32171239709143823,0.9839770995547847,0.4079904306220082,40.0625,9.0,0.9852941176470589,0.007352941176470588,0.23161764705882354,0.007352941176470588,0,0.0,3,39.96299275945294,2.5,none_sm0p75_tm3p00_d0,MNQ,1min,next_execution_bar_open,next_execution_bar,stop_first,0.75,3.0,0,none,none,{}
239,-195.40000000000146,8948.224999999999,9143.625,0.2301255230125523,-0.8175732217573283,-25.5,0.9786299197528331,-1886.125,-0.11405251128825375,-0.3004117184806332,-0.10359864802173846,44.9163179916318,18.0,0.9790794979079498,0.0041841004184100415,0.24267782426778242,0.016736401673640166,0,0.0,3,35.11454143201931,2.5,none_sm0p75_tm3p00_d5,MNQ,1min,next_execution_bar_open,next_execution_bar,stop_first,0.75,3.0,5,none,none,{}
230,-1186.5250000000015,8625.224999999999,9811.75,0.24782608695652175,-5.158804347826093,-27.0625,0.8790710117970799,-1586.5250000000015,-0.7056890588671147,-1.6178586899083764,-0.7478766486503524,47.778260869565216,21.5,0.9782608695652174,0.004347826086956522,0.26521739130434785,0.017391304347826087,0,0.0,3,33.79223652453741,2.5,none_sm0p75_tm3p00_d10,MNQ,1min,next_execution_bar_open,next_execution_bar,stop_first,0.75,3.0,10,none,none,{}
220,-326.2000000000007,9470.8,9797.0,0.2636363636363636,-1.482727272727276,-26.8125,0.9667040930897213,-1828.125,-0.1878975402431963,-0.4491424558660707,-0.17843418803418842,50.82272727272727,23.0,0.9818181818181818,0.004545454545454545,0.2909090909090909,0.013636363636363636,0,0.0,3,32.32300884955752,2.5,none_sm0p75_tm3p00_d15,MNQ,1min,next_execution_bar_open,next_execution_bar,stop_first,0.75,3.0,15,none,none,{}
193,404.75,8856.25,8451.5,0.3160621761658031,2.0971502590673574,-27.75,1.0478909069395965,-1433.875,0.2708091356386368,0.624627754197316,0.2822770464649987,61.97409326424871,56.0,0.9792746113989638,0.0051813471502590676,0.35751295336787564,0.015544041450777202,0,0.0,3,28.356094127111824,2.5,none_sm0p75_tm3p00_d30,MNQ,1min,next_execution_bar_open,next_execution_bar,stop_first,0.75,3.0,30,none,none,{}
275,-1567.2750000000087,9658.724999999991,11226.0,0.24363636363636362,-5.69918181818185,-29.0,0.8603888295029388,-2143.3750000000073,-0.8881539267027757,-1.9515069508295018,-0.7312182889135141,33.403636363636366,14.0,0.8145454545454546,0.1781818181818182,0.11272727272727273,0.007272727272727273,0,0.0,0,40.4037610619469,2.5,none_sm1p00_tm1p00_d0,MNQ,1min,next_execution_bar_open,next_execution_bar,stop_first,1.0,1.0,0,none,none,{}
241,-463.4500000000153,9512.049999999985,9975.5,0.2946058091286307,-1.9230290456432169,-27.5,0.9535411758809067,-1685.550000000003,-0.29123784407907816,-0.6096004005313014,-0.27495476254042567,40.551867219917014,23.0,0.7883817427385892,0.1991701244813278,0.14107883817427386,0.012448132780082987,0,0.0,1,35.40838696701528,2.5,none_sm1p00_tm1p00_d5,MNQ,1min,next_execution_bar_open,next_execution_bar,stop_first,1.0,1.0,5,none,none,{}
231,-1070.875000000011,9504.124999999989,10575.0,0.3116883116883117,-4.635822510822558,-28.0,0.8987352245862874,-1473.875,-0.6407240071584521,-1.2189412064419665,-0.7265711135611982,45.66233766233766,28.0,0.7878787878787878,0.19480519480519481,0.16883116883116883,0.017316017316017316,0,0.0,2,33.9391592920354,2.5,none_sm1p00_tm1p00_d10,MNQ,1min,next_execution_bar_open,next_execution_bar,stop_first,1.0,1.0,10,none,none,{}
221,-619.3000000000102,9824.19999999999,10443.5,0.3257918552036199,-2.80226244343896,-22.5,0.9406999569109963,-1571.375,-0.37658110271599543,-0.7342103375266448,-0.39411343568531393,47.8552036199095,33.0,0.7692307692307693,0.21266968325791855,0.19004524886877827,0.01809954751131222,0,0.0,2,32.46993161705551,2.5,none_sm1p00_tm1p00_d15,MNQ,1min,next_execution_bar_open,next_execution_bar,stop_first,1.0,1.0,15,none,none,{}
193,826.599999999984,9447.599999999984,8621.0,0.37823834196891193,4.282901554404062,-22.0,1.0958821482426615,-1324.0,0.5731255037248608,1.0651644249730137,0.6243202416918308,60.476683937823836,56.0,0.7668393782383419,0.21761658031088082,0.27979274611398963,0.015544041450777202,0,0.0,3,28.356094127111824,2.5,none_sm1p00_tm1p00_d30,MNQ,1min,next_execution_bar_open,next_execution_bar,stop_first,1.0,1.0,30,none,none,{}
274,-1446.4375,9957.0625,11403.5,0.23357664233576642,-5.278968978102189,-29.5,0.8731584601218924,-2081.0625,-0.7778284512655521,-1.7942997661517268,-0.6950476018860559,37.496350364963504,15.0,0.8503649635036497,0.1386861313868613,0.14233576642335766,0.010948905109489052,0,0.0,1,40.25683829444891,2.5,none_sm1p00_tm1p25_d0,MNQ,1min,next_execution_bar_open,next_execution_bar,stop_first,1.0,1.25,0,none,none,{}
240,-154.0625,10094.9375,10249.0,0.2833333333333333,-0.6419270833333334,-27.5,0.9849680456629916,-1242.03125,-0.08794576476408157,-0.19833136374992621,-0.12404075984400553,45.229166666666664,24.5,0.8333333333333334,0.14583333333333334,0.17916666666666667,0.020833333333333332,0,0.0,2,35.26146419951729,2.5,none_sm1p00_tm1p25_d5,MNQ,1min,next_execution_bar_open,next_execution_bar,stop_first,1.0,1.25,5,none,none,{}
230,-993.125,9609.375,10602.5,0.30434782608695654,-4.317934782608695,-28.25,0.9063310539966989,-1383.28125,-0.5754217342427284,-1.1349097706426858,-0.717948717948718,50.6695652173913,32.0,0.8347826086956521,0.14782608695652175,0.20869565217391303,0.017391304347826087,0,0.0,3,33.79223652453741,2.5,none_sm1p00_tm1p25_d10,MNQ,1min,next_execution_bar_open,next_execution_bar,stop_first,1.0,1.25,10,none,none,{}
220,-402.625,10114.375,10517.0,0.3090909090909091,-1.8301136363636363,-22.75,0.9617167443187221,-1488.5,-0.23436645461860658,-0.4802380234556161,-0.2704904266039637,53.413636363636364,44.0,0.8363636363636363,0.1409090909090909,0.25,0.022727272727272728,0,0.0,3,32.32300884955752,2.5,none_sm1p00_tm1p25_d15,MNQ,1min,next_execution_bar_open,next_execution_bar,stop_first,1.0,1.25,15,none,none,{}
193,1125.3125,9746.3125,8621.0,0.37823834196891193,5.830634715025907,-22.0,1.130531550864169,-1324.5,0.7494867686405227,1.4500881224019693,0.8496130615326538,66.15025906735751,62.0,0.8393782383419689,0.14507772020725387,0.35233160621761656,0.015544041450777202,0,0.0,3,28.356094127111824,2.5,none_sm1p00_tm1p25_d30,MNQ,1min,next_execution_bar_open,next_execution_bar,stop_first,1.0,1.25,30,none,none,{}
272,-1077.7874999999913,10408.212500000009,11486.0,0.23161764705882354,-3.962454044117615,-30.0,0.90616511405189,-1868.049999999992,-0.5464137039822772,-1.3300918248403464,-0.576958593185405,40.536764705882355,15.5,0.875,0.11029411764705882,0.16176470588235295,0.014705882352941176,0,0.0,3,39.96299275945294,2.5,none_sm1p00_tm1p50_d0,MNQ,1min,next_execution_bar_open,next_execution_bar,stop_first,1.0,1.5,0,none,none,{}
239,262.8625000000138,10433.862500000014,10171.0,0.2803347280334728,1.0998430962343675,-27.5,1.0258443122603493,-1132.362499999992,0.14230635491911642,0.33828477942865176,0.2321363520957429,48.69037656903766,29.0,0.8661087866108786,0.11297071129707113,0.21338912133891214,0.02092050209205021,0,0.0,3,35.11454143201931,2.5,none_sm1p00_tm1p50_d5,MNQ,1min,next_execution_bar_open,next_execution_bar,stop_first,1.0,1.5,5,none,none,{}
230,-444.862499999992,10185.137500000008,10630.0,0.3,-1.934184782608661,-28.25,0.9581502822201324,-1290.0,-0.24208127462321952,-0.509317886226146,-0.3448546511627845,53.18695652173913,35.5,0.8739130434782608,0.10434782608695652,0.24782608695652175,0.021739130434782608,0,0.0,3,33.79223652453741,2.5,none_sm1p00_tm1p50_d10,MNQ,1min,next_execution_bar_open,next_execution_bar,stop_first,1.0,1.5,10,none,none,{}
220,299.6125000000029,10816.612500000003,10517.0,0.3090909090909091,1.3618750000000133,-22.75,1.0284883997337646,-1417.5,0.16349042108691372,0.3573680591185276,0.21136684303351175,56.336363636363636,46.5,0.8681818181818182,0.10909090909090909,0.2818181818181818,0.022727272727272728,0,0.0,3,32.32300884955752,2.5,none_sm1p00_tm1p50_d15,MNQ,1min,next_execution_bar_open,next_execution_bar,stop_first,1.0,1.5,15,none,none,{}
193,1480.1125000000102,10101.11250000001,8621.0,0.37823834196891193,7.668976683937877,-22.0,1.1716868692727074,-1324.5,0.9479408407026442,1.9072866924242817,1.1174877312193356,69.09844559585493,73.0,0.8756476683937824,0.10362694300518134,0.38860103626943004,0.02072538860103627,0,0.0,3,28.356094127111824,2.5,none_sm1p00_tm1p50_d30,MNQ,1min,next_execution_bar_open,next_execution_bar,stop_first,1.0,1.5,30,none,none,{}
272,-485.5999999999967,11047.900000000003,11533.5,0.22794117647058823,-1.7852941176470467,-30.25,0.957896562188408,-1685.0,-0.22555455554787926,-0.6007135229379814,-0.2881899109792265,44.18014705882353,17.0,0.9301470588235294,0.05514705882352941,0.21323529411764705,0.014705882352941176,0,0.0,3,39.96299275945294,2.5,none_sm1p00_tm2p00_d0,MNQ,1min,next_execution_bar_open,next_execution_bar,stop_first,1.0,2.0,0,none,none,{}
239,654.6499999999996,10825.65,10171.0,0.2803347280334728,2.7391213389121325,-27.5,1.0643643692852227,-1091.0,0.34168608260430083,0.8424865884367496,0.6000458295142068,52.93305439330544,30.0,0.9288702928870293,0.0502092050209205,0.27615062761506276,0.02092050209205021,0,0.0,3,35.11454143201931,2.5,none_sm1p00_tm2p00_d5,MNQ,1min,next_execution_bar_open,next_execution_bar,stop_first,1.0,2.0,5,none,none,{}
230,-258.25000000000364,10371.749999999996,10630.0,0.3,-1.1228260869565376,-28.25,0.9757055503292564,-1294.5,-0.13921404140725274,-0.29566741210577746,-0.19949787562765828,57.34347826086957,40.5,0.9347826086956522,0.043478260869565216,0.30869565217391304,0.021739130434782608,0,0.0,3,33.79223652453741,2.5,none_sm1p00_tm2p00_d10,MNQ,1min,next_execution_bar_open,next_execution_bar,stop_first,1.0,2.0,10,none,none,{}
220,487.2499999999982,11004.249999999998,10517.0,0.3090909090909091,2.214772727272719,-22.75,1.0463297518303698,-1524.0,0.2605125879129672,0.5811759749860245,0.3197178477690277,60.263636363636365,52.5,0.9318181818181818,0.045454545454545456,0.34545454545454546,0.022727272727272728,0,0.0,3,32.32300884955752,2.5,none_sm1p00_tm2p00_d15,MNQ,1min,next_execution_bar_open,next_execution_bar,stop_first,1.0,2.0,15,none,none,{}
193,1718.300000000003,10339.300000000003,8621.0,0.37823834196891193,8.90310880829017,-22.0,1.1993156246375134,-1324.5,1.07810528922877,2.214217313611382,1.2973197432993604,72.63730569948187,91.0,0.9430051813471503,0.03626943005181347,0.45595854922279794,0.02072538860103627,0,0.0,3,28.356094127111824,2.5,none_sm1p00_tm2p00_d30,MNQ,1min,next_execution_bar_open,next_execution_bar,stop_first,1.0,2.0,30,none,none,{}
272,-365.0625,11168.4375,11533.5,0.22794117647058823,-1.342141544117647,-30.25,0.9683476394849786,-1685.0,-0.1688021003130152,-0.45160210145706003,-0.21665430267062313,46.080882352941174,17.0,0.9669117647058824,0.01838235294117647,0.25,0.014705882352941176,0,0.0,3,39.96299275945294,2.5,none_sm1p00_tm2p50_d0,MNQ,1min,next_execution_bar_open,next_execution_bar,stop_first,1.0,2.5,0,none,none,{}
239,971.375,11142.375,10171.0,0.2803347280334728,4.064330543933054,-27.5,1.0955043751843476,-1091.0,0.49313945856293817,1.2500884592419585,0.8903528872593951,54.43096234309623,30.0,0.9581589958158996,0.02092050209205021,0.3054393305439331,0.02092050209205021,0,0.0,3,35.11454143201931,2.5,none_sm1p00_tm2p50_d5,MNQ,1min,next_execution_bar_open,next_execution_bar,stop_first,1.0,2.5,5,none,none,{}
230,-300.9375,10329.0625,10630.0,0.3,-1.3084239130434783,-28.25,0.9716897930385701,-1294.5,-0.1615093563919671,-0.3445398328386492,-0.2324739281575898,58.30869565217391,40.5,0.9652173913043478,0.013043478260869565,0.3391304347826087,0.021739130434782608,0,0.0,3,33.79223652453741,2.5,none_sm1p00_tm2p50_d10,MNQ,1min,next_execution_bar_open,next_execution_bar,stop_first,1.0,2.5,10,none,none,{}
220,427.4375,10944.4375,10517.0,0.3090909090909091,1.9428977272727272,-22.75,1.040642531140059,-1524.0,0.22827652552041228,0.5098335675897173,0.2804708005249344,61.68636363636364,52.5,0.9590909090909091,0.01818181818181818,0.37272727272727274,0.022727272727272728,0,0.0,3,32.32300884955752,2.5,none_sm1p00_tm2p50_d15,MNQ,1min,next_execution_bar_open,next_execution_bar,stop_first,1.0,2.5,15,none,none,{}
193,1698.3125,10319.3125,8621.0,0.37823834196891193,8.799546632124352,-22.0,1.1969971581023082,-1324.5,1.0663979965623747,2.188461235769437,1.2822291430728576,73.64248704663213,100.0,0.9585492227979274,0.02072538860103627,0.47150259067357514,0.02072538860103627,0,0.0,3,28.356094127111824,2.5,none_sm1p00_tm2p50_d30,MNQ,1min,next_execution_bar_open,next_execution_bar,stop_first,1.0,2.5,30,none,none,{}
272,-570.9750000000022,10962.524999999998,11533.5,0.22794117647058823,-2.099172794117655,-30.25,0.9504942125113797,-1685.0,-0.26908328664504494,-0.7063270258639158,-0.33885756676557993,46.338235294117645,17.0,0.9779411764705882,0.007352941176470588,0.2610294117647059,0.014705882352941176,0,0.0,3,39.96299275945294,2.5,none_sm1p00_tm3p00_d0,MNQ,1min,next_execution_bar_open,next_execution_bar,stop_first,1.0,3.0,0,none,none,{}
239,652.2249999999985,10823.224999999999,10171.0,0.2803347280334728,2.7289748953974833,-27.5,1.0641259463179626,-1091.0,0.33963182256243546,0.8393657910993021,0.5978230980751591,54.80334728033473,30.0,0.9748953974895398,0.0041841004184100415,0.32217573221757323,0.02092050209205021,0,0.0,3,35.11454143201931,2.5,none_sm1p00_tm3p00_d5,MNQ,1min,next_execution_bar_open,next_execution_bar,stop_first,1.0,3.0,5,none,none,{}
230,-305.27500000000146,10324.724999999999,10630.0,0.3,-1.3272826086956584,-28.25,0.9712817497648164,-1294.5,-0.16362610268692687,-0.34950578598486115,-0.23582464271919773,58.57826086956522,40.5,0.9739130434782609,0.004347826086956522,0.34782608695652173,0.021739130434782608,0,0.0,3,33.79223652453741,2.5,none_sm1p00_tm3p00_d10,MNQ,1min,next_execution_bar_open,next_execution_bar,stop_first,1.0,3.0,10,none,none,{}
220,342.7999999999993,10859.8,10517.0,0.3090909090909091,1.5581818181818148,-22.75,1.0325948464390986,-1524.0,0.1838001388936061,0.40888070646528374,0.22493438320209927,61.92272727272727,52.5,0.9727272727272728,0.004545454545454545,0.38636363636363635,0.022727272727272728,0,0.0,3,32.32300884955752,2.5,none_sm1p00_tm3p00_d15,MNQ,1min,next_execution_bar_open,next_execution_bar,stop_first,1.0,3.0,15,none,none,{}
193,1553.75,10174.75,8621.0,0.37823834196891193,8.050518134715025,-22.0,1.1802285117735762,-1324.5,0.9762331086597525,2.0021766577568987,1.1730841827104568,74.18134715025907,113.0,0.9740932642487047,0.0051813471502590676,0.48704663212435234,0.02072538860103627,0,0.0,3,28.356094127111824,2.5,none_sm1p00_tm3p00_d30,MNQ,1min,next_execution_bar_open,next_execution_bar,stop_first,1.0,3.0,30,none,none,{}
275,-2590.375000000011,10237.624999999989,12828.0,0.26181818181818184,-9.419545454545494,-33.0,0.7980686778921101,-3032.750000000011,-1.3744876822155372,-2.7399331706946537,-0.8541340367653125,37.88727272727273,19.0,0.8,0.19272727272727272,0.13818181818181818,0.007272727272727273,0,0.0,0,40.4037610619469,2.5,none_sm1p25_tm1p00_d0,MNQ,1min,next_execution_bar_open,next_execution_bar,stop_first,1.25,1.0,0,none,none,{}
241,-1011.3000000000138,10322.324999999986,11333.625,0.3236514522821577,-4.196265560166032,-26.75,0.9107699434205725,-1938.6750000000102,-0.5881518242323611,-1.1221749528709315,-0.5216449379086275,44.75103734439834,26.0,0.7676348547717843,0.21991701244813278,0.16182572614107885,0.012448132780082987,0,0.0,1,35.40838696701528,2.5,none_sm1p25_tm1p00_d5,MNQ,1min,next_execution_bar_open,next_execution_bar,stop_first,1.25,1.0,5,none,none,{}
231,-1950.8000000000102,9846.07499999999,11796.875,0.3246753246753247,-8.44502164502169,-31.75,0.8346341721854296,-2251.3750000000073,-1.1125640022338856,-2.042421039028873,-0.8664926989062257,50.65367965367965,37.0,0.7792207792207793,0.20346320346320346,0.2077922077922078,0.017316017316017316,0,0.0,2,33.9391592920354,2.5,none_sm1p25_tm1p00_d10,MNQ,1min,next_execution_bar_open,next_execution_bar,stop_first,1.25,1.0,10,none,none,{}
221,-1305.4000000000087,10254.349999999991,11559.75,0.3393665158371041,-5.9067873303167815,-26.75,0.8870736823893243,-2302.4750000000095,-0.7561602952610778,-1.4210281567617784,-0.5669551243770306,52.68325791855204,41.0,0.751131221719457,0.22624434389140272,0.23529411764705882,0.02262443438914027,0,0.0,2,32.46993161705551,2.5,none_sm1p25_tm1p00_d15,MNQ,1min,next_execution_bar_open,next_execution_bar,stop_first,1.25,1.0,15,none,none,{}
193,894.7999999999847,9807.924999999985,8913.125,0.39896373056994816,4.636269430051734,-19.25,1.100391276909051,-1564.4250000000138,0.6020688303650845,1.0854190989075094,0.5719673362417353,66.39896373056995,62.0,0.7616580310880829,0.22279792746113988,0.35233160621761656,0.015544041450777202,0,0.0,3,28.356094127111824,2.5,none_sm1p25_tm1p00_d30,MNQ,1min,next_execution_bar_open,next_execution_bar,stop_first,1.25,1.0,30,none,none,{}
273,-2554.28125,10473.84375,13028.125,0.2454212454212454,-9.356341575091575,-33.625,0.8039409930438954,-3052.0625,-1.290431868649187,-2.7087274080364727,-0.8369033235721746,42.23076923076923,23.0,0.8424908424908425,0.14652014652014653,0.17582417582417584,0.01098901098901099,0,0.0,2,40.10991552695092,2.5,none_sm1p25_tm1p25_d0,MNQ,1min,next_execution_bar_open,next_execution_bar,stop_first,1.25,1.25,0,none,none,{}
239,-826.90625,10736.21875,11563.125,0.301255230125523,-3.4598587866108788,-31.125,0.9284876493162532,-1647.4375,-0.4443095500026412,-0.926690347192857,-0.5019348230206002,50.05857740585774,35.0,0.8284518828451883,0.15481171548117154,0.21338912133891214,0.016736401673640166,0,0.0,3,35.11454143201931,2.5,none_sm1p25_tm1p25_d5,MNQ,1min,next_execution_bar_open,next_execution_bar,stop_first,1.25,1.25,5,none,none,{}
229,-1923.59375,9927.40625,11851.0,0.314410480349345,-8.399972707423581,-32.375,0.8376851109611003,-2308.0,-1.0619855511865615,-2.024980812857832,-0.8334461655112652,56.06550218340611,50.0,0.834061135371179,0.15283842794759825,0.25327510917030566,0.013100436681222707,0,0.0,4,33.64531375703942,2.5,none_sm1p25_tm1p25_d10,MNQ,1min,next_execution_bar_open,next_execution_bar,stop_first,1.25,1.25,10,none,none,{}
219,-1219.5,10410.125,11629.625,0.319634703196347,-5.568493150684931,-26.75,0.8951384932876167,-1763.625,-0.6800334195276544,-1.334205820649544,-0.6914735275356155,58.817351598173516,53.0,0.8310502283105022,0.1461187214611872,0.3059360730593607,0.0228310502283105,0,0.0,4,32.176086082059534,2.5,none_sm1p25_tm1p25_d15,MNQ,1min,next_execution_bar_open,next_execution_bar,stop_first,1.25,1.25,15,none,none,{}
193,1055.6875,9968.8125,8913.125,0.39896373056994816,5.469883419689119,-19.25,1.118441904494776,-1440.46875,0.6887769886797378,1.2805804369445024,0.7328777524677297,72.34715025906736,77.0,0.8393782383419689,0.14507772020725387,0.43005181347150256,0.015544041450777202,0,0.0,3,28.356094127111824,2.5,none_sm1p25_tm1p25_d30,MNQ,1min,next_execution_bar_open,next_execution_bar,stop_first,1.25,1.25,30,none,none,{}
271,-2057.749999999989,11074.625000000011,13132.375,0.24354243542435425,-7.593173431734277,-34.875,0.8433070941090253,-2715.312499999989,-0.9778621716561544,-2.1636169559830747,-0.7578317412820799,45.269372693726936,24.0,0.8671586715867159,0.12177121771217712,0.19557195571955718,0.01107011070110701,0,0.0,4,39.81606999195495,2.5,none_sm1p25_tm1p50_d0,MNQ,1min,next_execution_bar_open,next_execution_bar,stop_first,1.25,1.5,0,none,none,{}
238,-366.5874999999869,11098.662500000013,11465.25,0.29831932773109243,-1.540283613445323,-30.5,0.9680262096334588,-1785.8124999999927,-0.18727344387210312,-0.4106100061791839,-0.20527770972595857,53.831932773109244,38.0,0.865546218487395,0.11764705882352941,0.25210084033613445,0.01680672268907563,0,0.0,4,34.96761866452132,2.5,none_sm1p25_tm1p50_d5,MNQ,1min,next_execution_bar_open,next_execution_bar,stop_first,1.25,1.5,5,none,none,{}
229,-1434.362499999992,10444.137500000008,11878.5,0.31004366812227074,-6.263591703056734,-32.375,0.879247169255378,-1902.599999999995,-0.7497242108559059,-1.5122412245300234,-0.7538959844423399,58.8471615720524,56.0,0.8777292576419214,0.10480349344978165,0.29694323144104806,0.017467248908296942,0,0.0,4,33.64531375703942,2.5,none_sm1p25_tm1p50_d10,MNQ,1min,next_execution_bar_open,next_execution_bar,stop_first,1.25,1.5,10,none,none,{}
219,-486.7124999999978,11142.912500000002,11629.625,0.319634703196347,-2.222431506849305,-26.75,0.9581489084987695,-1630.237499999992,-0.25523706082968645,-0.5324925383213517,-0.2985531249281164,61.84931506849315,57.0,0.863013698630137,0.1141552511415525,0.3378995433789954,0.0228310502283105,0,0.0,4,32.176086082059534,2.5,none_sm1p25_tm1p50_d15,MNQ,1min,next_execution_bar_open,next_execution_bar,stop_first,1.25,1.5,15,none,none,{}
193,1410.4875000000102,10323.61250000001,8913.125,0.39896373056994816,7.308225388601089,-19.25,1.1582483696795467,-1544.7499999999964,0.88624257176023,1.7109634234134363,0.913084641527764,75.29533678756476,99.0,0.8756476683937824,0.10362694300518134,0.46632124352331605,0.02072538860103627,0,0.0,3,28.356094127111824,2.5,none_sm1p25_tm1p50_d30,MNQ,1min,next_execution_bar_open,next_execution_bar,stop_first,1.25,1.5,30,none,none,{}
271,-1417.0999999999967,11773.900000000003,13191.0,0.23985239852398524,-5.2291512915129035,-34.875,0.8925706921385795,-2053.624999999998,-0.6189780404203411,-1.4937189273688312,-0.6900480857021112,49.28044280442804,25.0,0.9298892988929889,0.05904059040590406,0.25461254612546125,0.01107011070110701,0,0.0,4,39.81606999195495,2.5,none_sm1p25_tm2p00_d0,MNQ,1min,next_execution_bar_open,next_execution_bar,stop_first,1.25,2.0,0,none,none,{}
238,86.30000000000109,11551.550000000001,11465.25,0.29831932773109243,0.3626050420168113,-30.5,1.0075270927367481,-1399.0750000000007,0.04253669292883414,0.09666353471753751,0.061683612386756285,58.13025210084034,45.5,0.9285714285714286,0.0546218487394958,0.31512605042016806,0.01680672268907563,0,0.0,4,34.96761866452132,2.5,none_sm1p25_tm2p00_d5,MNQ,1min,next_execution_bar_open,next_execution_bar,stop_first,1.25,2.0,5,none,none,{}
229,-1247.7500000000036,10630.749999999996,11878.5,0.31004366812227074,-5.448689956331894,-32.375,0.8949572757503048,-1576.5000000000036,-0.646407080889279,-1.3154965972042303,-0.7914684427529342,63.02183406113537,61.0,0.9388646288209607,0.043668122270742356,0.35807860262008734,0.017467248908296942,0,0.0,4,33.64531375703942,2.5,none_sm1p25_tm2p00_d10,MNQ,1min,next_execution_bar_open,next_execution_bar,stop_first,1.25,2.0,10,none,none,{}
219,-237.97500000000036,11391.65,11629.625,0.319634703196347,-1.08664383561644,-26.75,0.9795371733826327,-1705.2250000000058,-0.12209056867326978,-0.26035886032724537,-0.1395563635297392,65.99543378995433,69.0,0.9269406392694064,0.0502283105022831,0.4018264840182648,0.0228310502283105,0,0.0,4,32.176086082059534,2.5,none_sm1p25_tm2p00_d15,MNQ,1min,next_execution_bar_open,next_execution_bar,stop_first,1.25,2.0,15,none,none,{}
193,1648.675000000003,10561.800000000003,8913.125,0.39896373056994816,8.542357512953384,-19.25,1.1849716008695046,-1509.9000000000015,1.0155738613373297,1.9998919679161509,1.091910060268893,78.83419689119171,120.0,0.9430051813471503,0.03626943005181347,0.533678756476684,0.02072538860103627,0,0.0,3,28.356094127111824,2.5,none_sm1p25_tm2p00_d30,MNQ,1min,next_execution_bar_open,next_execution_bar,stop_first,1.25,2.0,30,none,none,{}
271,-1287.5625,11903.4375,13191.0,0.23985239852398524,-4.751153136531365,-34.875,0.9023908346599955,-2049.3125,-0.5597039142179697,-1.3571776701858267,-0.6282899752965934,51.361623616236166,25.0,0.9704797047970479,0.01845018450184502,0.2952029520295203,0.01107011070110701,0,0.0,4,39.81606999195495,2.5,none_sm1p25_tm2p50_d0,MNQ,1min,next_execution_bar_open,next_execution_bar,stop_first,1.25,2.5,0,none,none,{}
238,361.625,11826.875,11465.25,0.29831932773109243,1.5194327731092436,-30.5,1.03154096072916,-1245.8125,0.17418502114929516,0.4050515729111131,0.2902724125821502,59.76470588235294,45.5,0.9621848739495799,0.02100840336134454,0.3487394957983193,0.01680672268907563,0,0.0,4,34.96761866452132,2.5,none_sm1p25_tm2p50_d5,MNQ,1min,next_execution_bar_open,next_execution_bar,stop_first,1.25,2.5,5,none,none,{}
229,-1290.4375,10588.0625,11878.5,0.31004366812227074,-5.6350982532751095,-32.375,0.8913635980974028,-1619.1875,-0.6658245262228027,-1.3605018153914878,-0.7969660709460763,63.99126637554585,63.0,0.9694323144104804,0.013100436681222707,0.388646288209607,0.017467248908296942,0,0.0,4,33.64531375703942,2.5,none_sm1p25_tm2p50_d10,MNQ,1min,next_execution_bar_open,next_execution_bar,stop_first,1.25,2.5,10,none,none,{}
219,-236.6875,11392.9375,11629.625,0.319634703196347,-1.0807648401826484,-26.75,0.9796478820254307,-1652.375,-0.12086066039945842,-0.2589502584460754,-0.14324078977229746,67.44748858447488,76.0,0.954337899543379,0.0228310502283105,0.4292237442922374,0.0228310502283105,0,0.0,4,32.176086082059534,2.5,none_sm1p25_tm2p50_d15,MNQ,1min,next_execution_bar_open,next_execution_bar,stop_first,1.25,2.5,15,none,none,{}
193,1628.6875,10541.8125,8913.125,0.39896373056994816,8.438795336787564,-19.25,1.1827291213799873,-1415.125,1.0040200732261233,1.975646534032135,1.1509142301916793,79.83937823834196,120.0,0.9585492227979274,0.02072538860103627,0.5492227979274611,0.02072538860103627,0,0.0,3,28.356094127111824,2.5,none_sm1p25_tm2p50_d30,MNQ,1min,next_execution_bar_open,next_execution_bar,stop_first,1.25,2.5,30,none,none,{}
271,-1493.4750000000022,11697.524999999998,13191.0,0.23985239852398524,-5.510977859778606,-34.875,0.8867807596088241,-2136.875,-0.6602905279648077,-1.574223325843041,-0.6989061128985093,51.61992619926199,25.0,0.981549815498155,0.007380073800738007,0.3062730627306273,0.01107011070110701,0,0.0,4,39.81606999195495,2.5,none_sm1p25_tm3p00_d0,MNQ,1min,next_execution_bar_open,next_execution_bar,stop_first,1.25,3.0,0,none,none,{}
238,42.474999999998545,11507.724999999999,11465.25,0.29831932773109243,0.17846638655461575,-30.5,1.003704672815682,-1328.375,0.020934818435114917,0.047575708425576055,0.031975157617388575,60.13865546218487,45.5,0.9789915966386554,0.004201680672268907,0.36554621848739494,0.01680672268907563,0,0.0,4,34.96761866452132,2.5,none_sm1p25_tm3p00_d5,MNQ,1min,next_execution_bar_open,next_execution_bar,stop_first,1.25,3.0,5,none,none,{}
229,-1294.7750000000015,10583.724999999999,11878.5,0.31004366812227074,-5.65403930131005,-32.375,0.8909984425642967,-1623.5250000000015,-0.6672697054148727,-1.365074819992069,-0.7975085077223943,64.26200873362446,63.0,0.9781659388646288,0.004366812227074236,0.39737991266375544,0.017467248908296942,0,0.0,4,33.64531375703942,2.5,none_sm1p25_tm3p00_d10,MNQ,1min,next_execution_bar_open,next_execution_bar,stop_first,1.25,3.0,10,none,none,{}
219,-303.3250000000007,11326.3,11629.625,0.319634703196347,-1.3850456621004599,-26.75,0.9739179036297386,-1652.375,-0.1552625995305625,-0.3318556626064157,-0.18356910507602736,67.68949771689498,76.0,0.9726027397260274,0.0045662100456621,0.4474885844748858,0.0228310502283105,0,0.0,4,32.176086082059534,2.5,none_sm1p25_tm3p00_d15,MNQ,1min,next_execution_bar_open,next_execution_bar,stop_first,1.25,3.0,15,none,none,{}
193,1484.125,10397.25,8913.125,0.39896373056994816,7.689766839378239,-19.25,1.1665100624079658,-1381.375,0.9154667953700711,1.8002879080980498,1.07438240883178,80.37823834196891,120.0,0.9740932642487047,0.0051813471502590676,0.5647668393782384,0.02072538860103627,0,0.0,3,28.356094127111824,2.5,none_sm1p25_tm3p00_d30,MNQ,1min,next_execution_bar_open,next_execution_bar,stop_first,1.25,3.0,30,none,none,{}
275,-2757.875000000011,11194.874999999989,13952.75,0.28363636363636363,-10.028636363636403,-29.25,0.8023418322552894,-3113.125000000011,-1.2936227214166618,-2.5405662994221014,-0.8858863681991572,42.99636363636364,25.0,0.7818181818181819,0.20727272727272728,0.16363636363636364,0.01090909090909091,0,0.0,0,40.4037610619469,2.5,none_sm1p50_tm1p00_d0,MNQ,1min,next_execution_bar_open,next_execution_bar,stop_first,1.5,1.0,0,none,none,{}
241,-404.025000000016,11163.724999999984,11567.75,0.34854771784232363,-1.6764522821577428,-26.25,0.9650731559724219,-1893.200000000008,-0.21361655710052135,-0.4296137036760424,-0.21340851468414024,49.96680497925311,33.0,0.7551867219917012,0.23236514522821577,0.2074688796680498,0.012448132780082987,0,0.0,1,35.40838696701528,2.5,none_sm1p50_tm1p00_d5,MNQ,1min,next_execution_bar_open,next_execution_bar,stop_first,1.5,1.0,5,none,none,{}
231,-2180.075000000008,10171.924999999992,12352.0,0.33766233766233766,-9.437554112554148,-32.25,0.8235042908031082,-2492.4250000000065,-1.2003879847465087,-2.0925071314390946,-0.8746802812521951,54.97402597402598,40.0,0.7662337662337663,0.21212121212121213,0.2597402597402597,0.021645021645021644,0,0.0,2,33.9391592920354,2.5,none_sm1p50_tm1p00_d10,MNQ,1min,next_execution_bar_open,next_execution_bar,stop_first,1.5,1.0,10,none,none,{}
221,-1030.7250000000095,11005.02499999999,12035.75,0.3574660633484163,-4.663914027149364,-29.25,0.9143613817169675,-2041.4000000000087,-0.5397918060740847,-1.015869473713787,-0.50491084549819,57.8552036199095,50.0,0.746606334841629,0.23076923076923078,0.2895927601809955,0.02262443438914027,0,0.0,2,32.46993161705551,2.5,none_sm1p50_tm1p00_d15,MNQ,1min,next_execution_bar_open,next_execution_bar,stop_first,1.5,1.0,15,none,none,{}
193,439.5499999999847,9996.549999999985,9557.0,0.41968911917098445,2.277461139896294,-14.5,1.0459924662550995,-1991.9250000000138,0.28138239994476677,0.4578099454200395,0.22066593872760354,70.18652849740933,70.0,0.7564766839378239,0.22797927461139897,0.38341968911917096,0.015544041450777202,0,0.0,3,28.356094127111824,2.5,none_sm1p50_tm1p00_d30,MNQ,1min,next_execution_bar_open,next_execution_bar,stop_first,1.5,1.0,30,none,none,{}
273,-2597.875,11558.125,14156.0,0.2673992673992674,-9.51602564102564,-32.25,0.8164824102853914,-3028.90625,-1.1423674254757232,-2.4042106224267683,-0.8576940933711633,47.75457875457875,28.0,0.8278388278388278,0.1575091575091575,0.20512820512820512,0.014652014652014652,0,0.0,2,40.10991552695092,2.5,none_sm1p50_tm1p25_d0,MNQ,1min,next_execution_bar_open,next_execution_bar,stop_first,1.5,1.25,0,none,none,{}
239,-45.03125,11760.71875,11805.75,0.3263598326359833,-0.1884152719665272,-27.75,0.9961856510598649,-1611.21875,-0.021650774595516536,-0.04838298731896899,-0.027948563781299094,55.47698744769875,43.0,0.8158995815899581,0.16736401673640167,0.2594142259414226,0.016736401673640166,0,0.0,3,35.11454143201931,2.5,none_sm1p50_tm1p25_d5,MNQ,1min,next_execution_bar_open,next_execution_bar,stop_first,1.5,1.25,5,none,none,{}
229,-2089.03125,10323.21875,12412.25,0.32751091703056767,-9.122407205240174,-33.75,0.8316960059618522,-2467.6875,-1.1117185231318554,-2.017303683817665,-0.8465542132056835,60.467248908296945,56.0,0.8209606986899564,0.1615720524017467,0.3056768558951965,0.017467248908296942,0,0.0,4,33.64531375703942,2.5,none_sm1p50_tm1p25_d10,MNQ,1min,next_execution_bar_open,next_execution_bar,stop_first,1.5,1.25,10,none,none,{}
219,-1297.375,10849.625,12147.0,0.3333333333333333,-5.924086757990867,-30.0,0.893193792706018,-1829.75,-0.6946127358417854,-1.2861798591345963,-0.709044951496106,63.79908675799087,64.0,0.8310502283105022,0.1461187214611872,0.365296803652968,0.0228310502283105,0,0.0,4,32.176086082059534,2.5,none_sm1p50_tm1p25_d15,MNQ,1min,next_execution_bar_open,next_execution_bar,stop_first,1.5,1.25,15,none,none,{}
193,619.46875,10176.46875,9557.0,0.41968911917098445,3.2096826424870466,-14.5,1.0648183268808202,-1867.96875,0.38544173840170437,0.6452029453462177,0.33162693433709745,76.16062176165804,98.0,0.8341968911917098,0.15025906735751296,0.46113989637305697,0.015544041450777202,0,0.0,3,28.356094127111824,2.5,none_sm1p50_tm1p25_d30,MNQ,1min,next_execution_bar_open,next_execution_bar,stop_first,1.5,1.25,30,none,none,{}
271,-2512.9624999999905,11861.28750000001,14374.25,0.26199261992619927,-9.272924354243507,-34.5,0.8251760961441473,-3098.3999999999905,-1.1168498870407109,-2.3010360620274413,-0.8110516718306217,50.65313653136531,29.0,0.8597785977859779,0.12546125461254612,0.22878228782287824,0.014760147601476014,0,0.0,4,39.81606999195495,2.5,none_sm1p50_tm1p50_d0,MNQ,1min,next_execution_bar_open,next_execution_bar,stop_first,1.5,1.5,0,none,none,{}
238,27.750000000014552,11838.000000000015,11810.25,0.31932773109243695,0.11659663865552333,-27.75,1.0023496539023318,-1842.0624999999927,0.013648788672623223,0.02979420147570529,0.015064635429044704,59.121848739495796,48.5,0.8571428571428571,0.12605042016806722,0.29831932773109243,0.01680672268907563,0,0.0,4,34.96761866452132,2.5,none_sm1p50_tm1p50_d5,MNQ,1min,next_execution_bar_open,next_execution_bar,stop_first,1.5,1.5,5,none,none,{}
229,-1529.8374999999942,10909.912500000006,12439.75,0.3231441048034934,-6.680513100436656,-33.75,0.8770202375449672,-1992.324999999997,-0.7711449847876105,-1.4795060600338492,-0.7678654336014438,63.29257641921397,62.0,0.8646288209606987,0.11353711790393013,0.34934497816593885,0.021834061135371178,0,0.0,4,33.64531375703942,2.5,none_sm1p50_tm1p50_d10,MNQ,1min,next_execution_bar_open,next_execution_bar,stop_first,1.5,1.5,10,none,none,{}
219,-564.5874999999978,11582.412500000002,12147.0,0.3333333333333333,-2.578025114155241,-30.0,0.9535204165637607,-1758.75,-0.28554661194810854,-0.5597156344304083,-0.3210163468372411,66.8310502283105,69.0,0.863013698630137,0.1141552511415525,0.3972602739726027,0.0228310502283105,0,0.0,4,32.176086082059534,2.5,none_sm1p50_tm1p50_d15,MNQ,1min,next_execution_bar_open,next_execution_bar,stop_first,1.5,1.5,15,none,none,{}
192,929.6125000000102,10472.61250000001,9543.0,0.421875,4.841731770833387,-15.25,1.097413025254114,-1972.2499999999964,0.5590920480188718,0.96823079942397,0.47134617822284797,79.74479166666667,119.5,0.875,0.10416666666666667,0.5,0.020833333333333332,0,0.0,4,28.209171359613837,2.5,none_sm1p50_tm1p50_d30,MNQ,1min,next_execution_bar_open,next_execution_bar,stop_first,1.5,1.5,30,none,none,{}
271,-1952.5999999999967,12491.400000000003,14444.0,0.25830258302583026,-7.2051660516605045,-35.25,0.8648158404873998,-2583.499999999998,-0.8073623146153793,-1.7925586089844991,-0.7557964002322424,54.808118081180815,29.0,0.9261992619926199,0.05904059040590406,0.2915129151291513,0.014760147601476014,0,0.0,4,39.81606999195495,2.5,none_sm1p50_tm2p00_d0,MNQ,1min,next_execution_bar_open,next_execution_bar,stop_first,1.5,2.0,0,none,none,{}
238,546.3000000000011,12356.550000000001,11810.25,0.31932773109243695,2.295378151260509,-27.75,1.0462564297961516,-1382.4500000000007,0.25912421194139645,0.5865431447268217,0.39516799884263504,63.61344537815126,65.5,0.9243697478991597,0.058823529411764705,0.36554621848739494,0.01680672268907563,0,0.0,4,34.96761866452132,2.5,none_sm1p50_tm2p00_d5,MNQ,1min,next_execution_bar_open,next_execution_bar,stop_first,1.5,2.0,5,none,none,{}
229,-1304.1000000000022,11135.649999999998,12439.75,0.3231441048034934,-5.6947598253275205,-33.75,0.8951667035109224,-1646.0500000000065,-0.6507479966827117,-1.2611952922386551,-0.7922602594088861,67.60262008733625,75.0,0.9301310043668122,0.048034934497816595,0.4148471615720524,0.021834061135371178,0,0.0,4,33.64531375703942,2.5,none_sm1p50_tm2p00_d10,MNQ,1min,next_execution_bar_open,next_execution_bar,stop_first,1.5,2.0,10,none,none,{}
219,-315.85000000000036,11831.15,12147.0,0.3333333333333333,-1.442237442922376,-30.0,0.9739976949040915,-1865.25,-0.15651273316889738,-0.31312450795464897,-0.1693338694544969,70.9771689497717,86.0,0.9269406392694064,0.0502283105022831,0.4611872146118721,0.0228310502283105,0,0.0,4,32.176086082059534,2.5,none_sm1p50_tm2p00_d15,MNQ,1min,next_execution_bar_open,next_execution_bar,stop_first,1.5,2.0,15,none,none,{}
192,1167.800000000003,10710.800000000003,9543.0,0.421875,6.0822916666666815,-15.25,1.1223724195745575,-1937.4000000000015,0.6895762452226623,1.2163131708828168,0.6027665944048736,83.30208333333333,120.0,0.9427083333333334,0.036458333333333336,0.5677083333333334,0.020833333333333332,0,0.0,4,28.209171359613837,2.5,none_sm1p50_tm2p00_d30,MNQ,1min,next_execution_bar_open,next_execution_bar,stop_first,1.5,2.0,30,none,none,{}
271,-1823.0625,12620.9375,14444.0,0.25830258302583026,-6.727167896678967,-35.25,0.8737840972029909,-2342.8125,-0.7505288989636771,-1.6736384201023295,-0.7781512605042017,56.88929889298893,30.0,0.966789667896679,0.01845018450184502,0.33210332103321033,0.014760147601476014,0,0.0,4,39.81606999195495,2.5,none_sm1p50_tm2p50_d0,MNQ,1min,next_execution_bar_open,next_execution_bar,stop_first,1.5,2.5,0,none,none,{}
238,894.5,12704.75,11810.25,0.31932773109243695,3.758403361344538,-27.75,1.0757392942571071,-1134.9375,0.41345393450573226,0.9603932691893481,0.788149127154579,65.26050420168067,69.5,0.957983193277311,0.025210084033613446,0.39915966386554624,0.01680672268907563,0,0.0,4,34.96761866452132,2.5,none_sm1p50_tm2p50_d5,MNQ,1min,next_execution_bar_open,next_execution_bar,stop_first,1.5,2.5,5,none,none,{}
229,-1301.6875,11138.0625,12439.75,0.3231441048034934,-5.684224890829694,-33.75,0.8953606382764927,-1624.6875,-0.6454049837759667,-1.2588621631515233,-0.8011925370263512,68.73362445414847,79.0,0.9650655021834061,0.013100436681222707,0.4497816593886463,0.021834061135371178,0,0.0,4,33.64531375703942,2.5,none_sm1p50_tm2p50_d10,MNQ,1min,next_execution_bar_open,next_execution_bar,stop_first,1.5,2.5,10,none,none,{}
219,-314.5625,11832.4375,12147.0,0.3333333333333333,-1.4363584474885844,-30.0,0.9741036881534535,-1865.25,-0.15519256708608398,-0.3118481178834388,-0.1686436134566412,72.42922374429224,99.0,0.954337899543379,0.0228310502283105,0.4885844748858447,0.0228310502283105,0,0.0,4,32.176086082059534,2.5,none_sm1p50_tm2p50_d15,MNQ,1min,next_execution_bar_open,next_execution_bar,stop_first,1.5,2.5,15,none,none,{}
192,1147.8125,10690.8125,9543.0,0.421875,5.978190104166667,-15.25,1.120277952425862,-1842.625,0.6782535834848721,1.1954953429131099,0.6229224611627434,84.3125,120.0,0.9583333333333334,0.020833333333333332,0.5833333333333334,0.020833333333333332,0,0.0,4,28.209171359613837,2.5,none_sm1p50_tm2p50_d30,MNQ,1min,next_execution_bar_open,next_execution_bar,stop_first,1.5,2.5,30,none,none,{}
271,-2028.9750000000022,12415.024999999998,14444.0,0.25830258302583026,-7.486992619926207,-35.25,0.8595281777900857,-2548.725000000002,-0.8481133119410972,-1.8626736677580324,-0.7960745078421565,57.14760147601476,30.0,0.977859778597786,0.007380073800738007,0.34317343173431736,0.014760147601476014,0,0.0,4,39.81606999195495,2.5,none_sm1p50_tm3p00_d0,MNQ,1min,next_execution_bar_open,next_execution_bar,stop_first,1.5,3.0,0,none,none,{}
238,648.2249999999985,12458.474999999999,11810.25,0.31932773109243695,2.7236344537815067,-27.75,1.0548866450752523,-1149.0,0.3041894861756349,0.6959764414983385,0.5641644908616176,65.65126050420169,69.5,0.9747899159663865,0.008403361344537815,0.41596638655462187,0.01680672268907563,0,0.0,4,34.96761866452132,2.5,none_sm1p50_tm3p00_d5,MNQ,1min,next_execution_bar_open,next_execution_bar,stop_first,1.5,3.0,5,none,none,{}
229,-1306.0250000000015,11133.724999999999,12439.75,0.3231441048034934,-5.703165938864635,-33.75,0.8950119576358044,-1629.0250000000015,-0.6468458904517105,-1.2630569600076593,-0.801721888859901,69.00436681222708,79.0,0.9737991266375546,0.004366812227074236,0.4585152838427948,0.021834061135371178,0,0.0,4,33.64531375703942,2.5,none_sm1p50_tm3p00_d10,MNQ,1min,next_execution_bar_open,next_execution_bar,stop_first,1.5,3.0,10,none,none,{}
219,-381.2000000000007,11765.8,12147.0,0.3333333333333333,-1.740639269406396,-30.0,0.9686177657034658,-1865.25,-0.18849425801165484,-0.3779105981710061,-0.2043693874815712,72.67123287671232,120.0,0.9726027397260274,0.0045662100456621,0.5068493150684932,0.0228310502283105,0,0.0,4,32.176086082059534,2.5,none_sm1p50_tm3p00_d15,MNQ,1min,next_execution_bar_open,next_execution_bar,stop_first,1.5,3.0,15,none,none,{}
192,1003.25,10546.25,9543.0,0.421875,5.225260416666667,-15.25,1.1051294142303258,-1769.75,0.5932229683333506,1.0449273751397354,0.5668879785280407,84.85416666666667,120.0,0.9739583333333334,0.005208333333333333,0.5989583333333334,0.020833333333333332,0,0.0,4,28.209171359613837,2.5,none_sm1p50_tm3p00_d30,MNQ,1min,next_execution_bar_open,next_execution_bar,stop_first,1.5,3.0,30,none,none,{}
275,-3574.05000000001,12262.94999999999,15837.0,0.32,-12.996545454545492,-29.0,0.7743227884068946,-3858.3750000000073,-1.5384270024881954,-2.7066022001011976,-0.9263096510836825,51.03272727272727,34.0,0.7636363636363637,0.22545454545454546,0.21818181818181817,0.01090909090909091,0,0.0,0,40.4037610619469,2.5,none_sm2p00_tm1p00_d0,MNQ,1min,next_execution_bar_open,next_execution_bar,stop_first,2.0,1.0,0,none,none,{}
241,79.42499999998472,12239.924999999985,12160.5,0.3817427385892116,0.3295643153526337,-23.0,1.0065313926236572,-1931.6750000000065,0.04005152836499778,0.07882854438595542,0.041117165154585765,57.136929460580916,44.0,0.7385892116182573,0.24896265560165975,0.2697095435684647,0.012448132780082987,0,0.0,1,35.40838696701528,2.5,none_sm2p00_tm1p00_d5,MNQ,1min,next_execution_bar_open,next_execution_bar,stop_first,2.0,1.0,5,none,none,{}
231,-1137.6500000000087,11310.849999999991,12448.5,0.38961038961038963,-4.924891774891813,-25.0,0.9086114792946934,-2080.375,-0.5744822150916109,-1.0036280462657625,-0.5468485249053698,64.58008658008659,58.0,0.7575757575757576,0.22077922077922077,0.3463203463203463,0.021645021645021644,0,0.0,2,33.9391592920354,2.5,none_sm2p00_tm1p00_d10,MNQ,1min,next_execution_bar_open,next_execution_bar,stop_first,2.0,1.0,10,none,none,{}
221,-1382.9750000000095,11132.52499999999,12515.5,0.38461538461538464,-6.257805429864296,-29.0,0.8894990212136943,-2754.1500000000087,-0.7067087033973707,-1.268418809072157,-0.5021422217381062,66.60633484162896,64.0,0.7420814479638009,0.23076923076923078,0.3755656108597285,0.027149321266968326,0,0.0,2,32.46993161705551,2.5,none_sm2p00_tm1p00_d15,MNQ,1min,next_execution_bar_open,next_execution_bar,stop_first,2.0,1.0,15,none,none,{}
193,1811.3249999999825,11011.324999999983,9200.0,0.46113989637305697,9.385103626942914,-11.0,1.1968831521739112,-1304.075000000008,1.140933063311256,1.8906076188988463,1.388973026858096,79.69948186528498,113.0,0.7357512953367875,0.24870466321243523,0.47150259067357514,0.015544041450777202,0,0.0,3,28.356094127111824,2.5,none_sm2p00_tm1p00_d30,MNQ,1min,next_execution_bar_open,next_execution_bar,stop_first,2.0,1.0,30,none,none,{}
273,-3295.34375,12751.15625,16046.5,0.304029304029304,-12.070856227106226,-31.0,0.7946378493752532,-3663.5,-1.3338868781985622,-2.5123588855420587,-0.8995069605568445,56.227106227106226,44.0,0.8168498168498168,0.1684981684981685,0.2673992673992674,0.014652014652014652,0,0.0,2,40.10991552695092,2.5,none_sm2p00_tm1p25_d0,MNQ,1min,next_execution_bar_open,next_execution_bar,stop_first,2.0,1.25,0,none,none,{}
239,597.09375,13012.59375,12415.5,0.3598326359832636,2.498300209205021,-26.0,1.0480926060166726,-1657.625,0.27342668478394777,0.5990610775111996,0.3602103913731996,62.9163179916318,56.0,0.799163179916318,0.18410041841004185,0.32217573221757323,0.016736401673640166,0,0.0,3,35.11454143201931,2.5,none_sm2p00_tm1p25_d5,MNQ,1min,next_execution_bar_open,next_execution_bar,stop_first,2.0,1.25,5,none,none,{}
229,-1394.59375,11187.40625,12582.0,0.37554585152838427,-6.08992903930131,-27.0,0.8891596129391194,-1972.46875,-0.7140627512784586,-1.2391100703279079,-0.7070295790490977,69.92576419213974,79.0,0.8165938864628821,0.16593886462882096,0.3930131004366812,0.017467248908296942,0,0.0,4,33.64531375703942,2.5,none_sm2p00_tm1p25_d10,MNQ,1min,next_execution_bar_open,next_execution_bar,stop_first,2.0,1.25,10,none,none,{}
219,-1654.375,10977.125,12631.5,0.3607305936073059,-7.554223744292237,-31.5,0.8690278272572537,-2208.75,-0.8634216577491106,-1.52608883088633,-0.7490096208262592,72.64383561643835,82.0,0.8264840182648402,0.1461187214611872,0.4520547945205479,0.0273972602739726,0,0.0,4,32.176086082059534,2.5,none_sm2p00_tm1p25_d15,MNQ,1min,next_execution_bar_open,next_execution_bar,stop_first,2.0,1.25,15,none,none,{}
193,2136.3125,11336.3125,9200.0,0.46113989637305697,11.068976683937823,-11.0,1.2322078804347827,-1265.6875,1.2968600356051017,2.2298199874947233,1.687867265814034,85.85492227979275,120.0,0.8186528497409327,0.16580310880829016,0.5544041450777202,0.015544041450777202,0,0.0,3,28.356094127111824,2.5,none_sm2p00_tm1p25_d30,MNQ,1min,next_execution_bar_open,next_execution_bar,stop_first,2.0,1.25,30,none,none,{}
271,-2704.749999999989,13337.250000000011,16042.0,0.3025830258302583,-9.980627306273023,-32.0,0.8313957112579485,-3156.737499999992,-1.0985047712972016,-2.0620922159243196,-0.8568181548196503,59.40959409594096,50.0,0.8487084870848709,0.13653136531365315,0.2952029520295203,0.014760147601476014,0,0.0,4,39.81606999195495,2.5,none_sm2p00_tm1p50_d0,MNQ,1min,next_execution_bar_open,next_execution_bar,stop_first,2.0,1.5,0,none,none,{}
238,798.9000000000124,13218.900000000012,12420.0,0.35294117647058826,3.3567226890756823,-26.5,1.0643236714975854,-1721.5749999999935,0.37013702777014446,0.8006517733490217,0.46405181302006326,66.87394957983193,68.0,0.8445378151260504,0.13865546218487396,0.36554621848739494,0.01680672268907563,0,0.0,4,34.96761866452132,2.5,none_sm2p00_tm1p50_d5,MNQ,1min,next_execution_bar_open,next_execution_bar,stop_first,2.0,1.5,5,none,none,{}
229,-798.9624999999942,11810.537500000006,12609.5,0.37117903930131,-3.488919213973774,-27.5,0.936638050676078,-1896.5,-0.3885219073798852,-0.7109063565989374,-0.4212826258897939,72.76419213973799,88.0,0.8602620087336245,0.11790393013100436,0.4366812227074236,0.021834061135371178,0,0.0,4,33.64531375703942,2.5,none_sm2p00_tm1p50_d10,MNQ,1min,next_execution_bar_open,next_execution_bar,stop_first,2.0,1.5,10,none,none,{}
219,-921.5874999999978,11709.912500000002,12631.5,0.3607305936073059,-4.208162100456611,-31.5,0.9270405335866684,-2036.599999999995,-0.45546049976487135,-0.8501243009804018,-0.4525127663753315,75.67579908675799,102.0,0.8584474885844748,0.1141552511415525,0.4840182648401826,0.0273972602739726,0,0.0,4,32.176086082059534,2.5,none_sm2p00_tm1p50_d15,MNQ,1min,next_execution_bar_open,next_execution_bar,stop_first,2.0,1.5,15,none,none,{}
192,2371.73750000001,11557.73750000001,9186.0,0.4635416666666667,12.35279947916672,-10.5,1.2581904528630536,-1287.0125000000007,1.398664146133149,2.4755496597949924,1.8428239818960646,89.72916666666667,120.0,0.8697916666666666,0.109375,0.6041666666666666,0.020833333333333332,0,0.0,4,28.209171359613837,2.5,none_sm2p00_tm1p50_d30,MNQ,1min,next_execution_bar_open,next_execution_bar,stop_first,2.0,1.5,30,none,none,{}
271,-1996.5999999999967,14137.400000000003,16134.0,0.2988929889298893,-7.367527675276741,-32.0,0.8762489153340773,-2616.249999999998,-0.7569790675122473,-1.526388381469804,-0.763153368370759,63.77490774907749,67.0,0.9188191881918819,0.06642066420664207,0.36162361623616235,0.014760147601476014,0,0.0,4,39.81606999195495,2.5,none_sm2p00_tm2p00_d0,MNQ,1min,next_execution_bar_open,next_execution_bar,stop_first,2.0,2.0,0,none,none,{}
238,1408.050000000001,13828.050000000001,12420.0,0.35294117647058826,5.91617647058824,-26.5,1.1133695652173914,-1465.6000000000022,0.6283391248323881,1.4111374758593984,0.9607328056768553,71.84873949579831,89.5,0.9201680672268907,0.06302521008403361,0.4411764705882353,0.01680672268907563,0,0.0,4,34.96761866452132,2.5,none_sm2p00_tm2p00_d5,MNQ,1min,next_execution_bar_open,next_execution_bar,stop_first,2.0,2.0,5,none,none,{}
229,-500.3500000000022,12109.149999999998,12609.5,0.37117903930131,-2.184934497816603,-27.5,0.9603196003013599,-1901.0,-0.24016007659023164,-0.4452048694704477,-0.26320357706470393,77.09170305676857,120.0,0.925764192139738,0.05240174672489083,0.5021834061135371,0.021834061135371178,0,0.0,4,33.64531375703942,2.5,none_sm2p00_tm2p00_d10,MNQ,1min,next_execution_bar_open,next_execution_bar,stop_first,2.0,2.0,10,none,none,{}
219,-672.8500000000004,11958.65,12631.5,0.3607305936073059,-3.072374429223746,-31.5,0.9467323754106797,-2150.350000000006,-0.3260712699817323,-0.6206747985564746,-0.312902550747552,79.82191780821918,120.0,0.9223744292237442,0.0502283105022831,0.547945205479452,0.0273972602739726,0,0.0,4,32.176086082059534,2.5,none_sm2p00_tm2p00_d15,MNQ,1min,next_execution_bar_open,next_execution_bar,stop_first,2.0,2.0,15,none,none,{}
192,2696.800000000003,11882.800000000003,9186.0,0.4635416666666667,14.045833333333348,-10.5,1.2935771826692797,-1195.9000000000015,1.5535186902016838,2.814840311179089,2.2550380466594193,93.33333333333333,120.0,0.9375,0.041666666666666664,0.671875,0.020833333333333332,0,0.0,4,28.209171359613837,2.5,none_sm2p00_tm2p00_d30,MNQ,1min,next_execution_bar_open,next_execution_bar,stop_first,2.0,2.0,30,none,none,{}
271,-1759.6875,14374.3125,16134.0,0.2988929889298893,-6.493311808118081,-32.0,0.8909329676459651,-2362.5,-0.6611216850011788,-1.3452702369115748,-0.7448412698412699,66.20664206642067,72.0,0.9630996309963099,0.02214022140221402,0.4059040590405904,0.014760147601476014,0,0.0,4,39.81606999195495,2.5,none_sm2p00_tm2p50_d0,MNQ,1min,next_execution_bar_open,next_execution_bar,stop_first,2.0,2.5,0,none,none,{}
238,1736.75,14156.75,12420.0,0.35294117647058826,7.2972689075630255,-26.5,1.1398349436392914,-1253.8125,0.7584494091092877,1.740558226766669,1.385175215592443,73.56302521008404,104.0,0.957983193277311,0.025210084033613446,0.4789915966386555,0.01680672268907563,0,0.0,4,34.96761866452132,2.5,none_sm2p00_tm2p50_d5,MNQ,1min,next_execution_bar_open,next_execution_bar,stop_first,2.0,2.5,5,none,none,{}
229,-425.0625,12184.4375,12609.5,0.37117903930131,-1.8561681222707425,-27.5,0.9662902969982949,-1901.0,-0.20185729615167478,-0.3782150391311708,-0.22359942135718044,78.40174672489083,120.0,0.9606986899563319,0.017467248908296942,0.537117903930131,0.021834061135371178,0,0.0,4,33.64531375703942,2.5,none_sm2p00_tm2p50_d10,MNQ,1min,next_execution_bar_open,next_execution_bar,stop_first,2.0,2.5,10,none,none,{}
219,-671.5625,11959.9375,12631.5,0.3607305936073059,-3.0664954337899544,-31.5,0.9468343031310612,-1994.9375,-0.32408457507673444,-0.6194871359226904,-0.3366333531752248,81.27397260273973,120.0,0.9497716894977168,0.0228310502283105,0.5753424657534246,0.0273972602739726,0,0.0,4,32.176086082059534,2.5,none_sm2p00_tm2p50_d15,MNQ,1min,next_execution_bar_open,next_execution_bar,stop_first,2.0,2.5,15,none,none,{}
192,2763.6875,11949.6875,9186.0,0.4635416666666667,14.394205729166666,-10.5,1.300858643588069,-1101.125,1.5803294791739495,2.884655511162025,2.50987626291293,94.625,120.0,0.953125,0.026041666666666668,0.6875,0.020833333333333332,0,0.0,4,28.209171359613837,2.5,none_sm2p00_tm2p50_d30,MNQ,1min,next_execution_bar_open,next_execution_bar,stop_first,2.0,2.5,30,none,none,{}
271,-1892.7250000000022,14241.274999999998,16134.0,0.2988929889298893,-6.984225092250931,-32.0,0.8826871823478367,-2401.225000000002,-0.7169812114026056,-1.4469765848529714,-0.7882330893606391,66.47232472324723,72.0,0.974169741697417,0.01107011070110701,0.41697416974169743,0.014760147601476014,0,0.0,4,39.81606999195495,2.5,none_sm2p00_tm3p00_d0,MNQ,1min,next_execution_bar_open,next_execution_bar,stop_first,2.0,3.0,0,none,none,{}
238,1490.4749999999985,13910.474999999999,12420.0,0.35294117647058826,6.262499999999994,-26.5,1.120006038647343,-1248.25,0.659630304269255,1.493743211769137,1.1940516723412766,73.95378151260505,106.5,0.9747899159663865,0.008403361344537815,0.4957983193277311,0.01680672268907563,0,0.0,4,34.96761866452132,2.5,none_sm2p00_tm3p00_d5,MNQ,1min,next_execution_bar_open,next_execution_bar,stop_first,2.0,3.0,5,none,none,{}
229,-356.52500000000146,12252.974999999999,12609.5,0.37117903930131,-1.5568777292576483,-27.5,0.971725683016773,-1901.0,-0.16817064495390882,-0.31723127028670184,-0.18754602840610282,78.68558951965065,120.0,0.9694323144104804,0.008733624454148471,0.5458515283842795,0.021834061135371178,0,0.0,4,33.64531375703942,2.5,none_sm2p00_tm3p00_d10,MNQ,1min,next_execution_bar_open,next_execution_bar,stop_first,2.0,3.0,10,none,none,{}
219,-738.2000000000007,11893.3,12631.5,0.3607305936073059,-3.370776255707766,-31.5,0.9415588014091754,-2010.5,-0.35702146238697846,-0.6809573252498918,-0.3671723451877646,81.51598173515981,120.0,0.9680365296803652,0.0045662100456621,0.593607305936073,0.0273972602739726,0,0.0,4,32.176086082059534,2.5,none_sm2p00_tm3p00_d15,MNQ,1min,next_execution_bar_open,next_execution_bar,stop_first,2.0,3.0,15,none,none,{}
192,2527.25,11713.25,9186.0,0.4635416666666667,13.162760416666666,-10.5,1.2751197474417593,-1028.25,1.4578604445682581,2.637869021220463,2.457816678823243,95.34895833333333,120.0,0.9739583333333334,0.005208333333333333,0.7083333333333334,0.020833333333333332,0,0.0,4,28.209171359613837,2.5,none_sm2p00_tm3p00_d30,MNQ,1min,next_execution_bar_open,next_execution_bar,stop_first,2.0,3.0,30,none,none,{}
36,-224.4250000000029,905.8249999999971,1130.25,0.2777777777777778,-6.234027777777858,-20.625,0.8014377350143748,-760.125,-1.3291030761945068,-2.894646231868331,-0.29524749218878854,49.77777777777778,36.0,0.8333333333333334,0.1388888888888889,0.19444444444444445,0.027777777777777776,205,0.6327160493827161,1,5.289219629927595,2.5,avoid_immediate_adverse_move_sm0p75_tm1p50_d5_adverse_w5_ticks8,MNQ,1min,next_execution_bar_open,next_execution_bar,stop_first,0.75,1.5,5,avoid_immediate_adverse_move,adverse_w5_ticks8,"{""adverse_window_minutes"": 5, ""max_adverse_ticks"": 8}"
32,-42.5625,1169.3125,1211.875,0.3125,-1.330078125,-22.25,0.9648788035069623,-509.90000000000146,-0.19394554831517544,-0.4736086246533491,-0.08347224946067833,54.96875,45.5,0.8125,0.15625,0.21875,0.03125,189,0.5833333333333334,1,4.701528559935639,2.5,avoid_immediate_adverse_move_sm0p75_tm1p50_d15_adverse_w5_ticks8,MNQ,1min,next_execution_bar_open,next_execution_bar,stop_first,0.75,1.5,15,avoid_immediate_adverse_move,adverse_w5_ticks8,"{""adverse_window_minutes"": 5, ""max_adverse_ticks"": 8}"
53,563.4500000000007,2299.3250000000007,1735.875,0.3018867924528302,10.631132075471712,-21.375,1.3245913444228419,-677.25,1.4440501706827722,5.106508499851181,0.831967515688447,51.54716981132076,36.0,0.8301886792452831,0.1509433962264151,0.18867924528301888,0.018867924528301886,187,0.5771604938271605,2,7.786906677393403,2.5,avoid_immediate_adverse_move_sm0p75_tm1p50_d5_adverse_w5_ticks12,MNQ,1min,next_execution_bar_open,next_execution_bar,stop_first,0.75,1.5,5,avoid_immediate_adverse_move,adverse_w5_ticks12,"{""adverse_window_minutes"": 5, ""max_adverse_ticks"": 12}"
47,751.0375000000022,2607.537500000002,1856.5,0.3404255319148936,15.979521276595792,-25.125,1.404544842445463,-501.0,1.8533384439638252,5.718216168394367,1.4990768463073896,57.04255319148936,58.0,0.8085106382978723,0.1702127659574468,0.23404255319148937,0.02127659574468085,173,0.5339506172839507,2,6.9053700724054705,2.5,avoid_immediate_adverse_move_sm0p75_tm1p50_d15_adverse_w5_ticks12,MNQ,1min,next_execution_bar_open,next_execution_bar,stop_first,0.75,1.5,15,avoid_immediate_adverse_move,adverse_w5_ticks12,"{""adverse_window_minutes"": 5, ""max_adverse_ticks"": 12}"
61,676.1749999999993,2626.1749999999993,1950.0,0.3114754098360656,11.084836065573759,-21.375,1.3467564102564098,-820.125,1.5426344899472302,5.525600026200456,0.8244779759183043,52.50819672131148,36.0,0.8360655737704918,0.14754098360655737,0.19672131147540983,0.01639344262295082,179,0.5524691358024691,2,8.962288817377312,2.5,avoid_immediate_adverse_move_sm0p75_tm1p50_d5_adverse_w5_ticks16,MNQ,1min,next_execution_bar_open,next_execution_bar,stop_first,0.75,1.5,5,avoid_immediate_adverse_move,adverse_w5_ticks16,"{""adverse_window_minutes"": 5, ""max_adverse_ticks"": 16}"
54,909.6375000000007,2931.8875000000007,2022.25,0.35185185185185186,16.8451388888889,-23.8125,1.4498145629867725,-543.1500000000015,2.0231201202456255,6.284753223700828,1.674744545705603,58.592592592592595,58.5,0.8148148148148148,0.16666666666666666,0.24074074074074073,0.018518518518518517,166,0.5123456790123457,2,7.9338294448913915,2.5,avoid_immediate_adverse_move_sm0p75_tm1p50_d15_adverse_w5_ticks16,MNQ,1min,next_execution_bar_open,next_execution_bar,stop_first,0.75,1.5,15,avoid_immediate_adverse_move,adverse_w5_ticks16,"{""adverse_window_minutes"": 5, ""max_adverse_ticks"": 16}"
78,-262.8250000000007,2716.1749999999993,2979.0,0.2692307692307692,-3.369551282051291,-28.875,0.911774085263511,-1392.425000000003,-0.4996155601258139,-1.4030365880577529,-0.18875343375765313,48.35897435897436,29.5,0.8717948717948718,0.11538461538461539,0.1794871794871795,0.01282051282051282,162,0.5,2,11.459975864843122,2.5,avoid_immediate_adverse_move_sm0p75_tm1p50_d5_adverse_w5_ticks24,MNQ,1min,next_execution_bar_open,next_execution_bar,stop_first,0.75,1.5,5,avoid_immediate_adverse_move,adverse_w5_ticks24,"{""adverse_window_minutes"": 5, ""max_adverse_ticks"": 24}"
70,376.0375000000022,3282.662500000002,2906.625,0.3,5.371964285714317,-29.625,1.1293725540790442,-757.2874999999985,0.6644811375502684,1.7803187512313556,0.49655844048660897,54.4,43.5,0.8428571428571429,0.14285714285714285,0.21428571428571427,0.014285714285714285,150,0.46296296296296297,2,10.284593724859212,2.5,avoid_immediate_adverse_move_sm0p75_tm1p50_d15_adverse_w5_ticks24,MNQ,1min,next_execution_bar_open,next_execution_bar,stop_first,0.75,1.5,15,avoid_immediate_adverse_move,adverse_w5_ticks24,"{""adverse_window_minutes"": 5, ""max_adverse_ticks"": 24}"
25,-322.02500000000146,763.5999999999985,1085.625,0.36,-12.881000000000059,-28.5,0.7033736327000563,-494.52500000000146,-2.2450408634544283,-4.459492473121951,-0.6511804256609889,56.84,45.0,0.84,0.16,0.28,0.0,196,0.6049382716049383,1,3.6730691874497183,2.5,avoid_immediate_adverse_move_sm0p75_tm1p50_d15_adverse_w10_ticks8,MNQ,1min,next_execution_bar_open,next_execution_bar,stop_first,0.75,1.5,15,avoid_immediate_adverse_move,adverse_w10_ticks8,"{""adverse_window_minutes"": 10, ""max_adverse_ticks"": 8}"
42,124.71250000000146,1909.5875000000015,1784.875,0.3333333333333333,2.969345238095273,-28.125,1.0698718397646902,-678.5250000000015,0.38184930805108325,1.0510206536960687,0.1837994178549076,57.976190476190474,52.5,0.8333333333333334,0.14285714285714285,0.2619047619047619,0.023809523809523808,178,0.5493827160493827,2,6.170756234915527,2.5,avoid_immediate_adverse_move_sm0p75_tm1p50_d15_adverse_w10_ticks12,MNQ,1min,next_execution_bar_open,next_execution_bar,stop_first,0.75,1.5,15,avoid_immediate_adverse_move,adverse_w10_ticks12,"{""adverse_window_minutes"": 10, ""max_adverse_ticks"": 12}"
48,317.4375,2233.9375,1916.5,0.3541666666666667,6.61328125,-26.4375,1.1656339681711454,-792.5250000000015,0.8672506119304766,2.417298668179802,0.4005394151604043,60.520833333333336,60.0,0.8333333333333334,0.14583333333333334,0.2708333333333333,0.020833333333333332,172,0.5308641975308642,2,7.052292839903459,2.5,avoid_immediate_adverse_move_sm0p75_tm1p50_d15_adverse_w10_ticks16,MNQ,1min,next_execution_bar_open,next_execution_bar,stop_first,0.75,1.5,15,avoid_immediate_adverse_move,adverse_w10_ticks16,"{""adverse_window_minutes"": 10, ""max_adverse_ticks"": 16}"
58,265.08750000000146,2584.7125000000015,2319.625,0.3275862068965517,4.570474137931059,-29.625,1.1142803254836455,-809.7750000000015,0.6100126951802209,1.8247225518868082,0.3273594516995474,56.44827586206897,45.5,0.8448275862068966,0.13793103448275862,0.2413793103448276,0.017241379310344827,162,0.5,2,8.521520514883345,2.5,avoid_immediate_adverse_move_sm0p75_tm1p50_d15_adverse_w10_ticks24,MNQ,1min,next_execution_bar_open,next_execution_bar,stop_first,0.75,1.5,15,avoid_immediate_adverse_move,adverse_w10_ticks24,"{""adverse_window_minutes"": 10, ""max_adverse_ticks"": 24}"
22,-515.375,512.875,1028.25,0.36363636363636365,-23.426136363636363,-33.0,0.4987843423292001,-720.125,-4.74848154280199,-8.019046164105793,-0.715674362089915,61.0,53.5,0.8636363636363636,0.13636363636363635,0.3181818181818182,0.0,199,0.6141975308641975,1,3.232300884955752,2.5,avoid_immediate_adverse_move_sm0p75_tm1p50_d15_adverse_w15_ticks8,MNQ,1min,next_execution_bar_open,next_execution_bar,stop_first,0.75,1.5,15,avoid_immediate_adverse_move,adverse_w15_ticks8,"{""adverse_window_minutes"": 15, ""max_adverse_ticks"": 8}"
36,-8.26249999999709,1658.862500000003,1667.125,0.3611111111111111,-0.22951388888880805,-36.0,0.9950438629376939,-881.625,-0.028842198953719415,-0.08128612837368136,-0.00937189848291177,63.22222222222222,65.0,0.8333333333333334,0.1388888888888889,0.3055555555555556,0.027777777777777776,184,0.5679012345679012,2,5.289219629927595,2.5,avoid_immediate_adverse_move_sm0p75_tm1p50_d15_adverse_w15_ticks12,MNQ,1min,next_execution_bar_open,next_execution_bar,stop_first,0.75,1.5,15,avoid_immediate_adverse_move,adverse_w15_ticks12,"{""adverse_window_minutes"": 15, ""max_adverse_ticks"": 12}"
42,184.46250000000146,1983.2125000000015,1798.75,0.38095238095238093,4.39196428571432,-31.5,1.1025503822098688,-995.625,0.5653509764940345,1.59850951842734,0.1852730696798508,65.38095238095238,69.5,0.8333333333333334,0.14285714285714285,0.30952380952380953,0.023809523809523808,178,0.5493827160493827,2,6.170756234915527,2.5,avoid_immediate_adverse_move_sm0p75_tm1p50_d15_adverse_w15_ticks16,MNQ,1min,next_execution_bar_open,next_execution_bar,stop_first,0.75,1.5,15,avoid_immediate_adverse_move,adverse_w15_ticks16,"{""adverse_window_minutes"": 15, ""max_adverse_ticks"": 16}"
51,211.2375000000029,2333.987500000003,2122.75,0.35294117647058826,4.14191176470594,-34.5,1.099511247202922,-933.75,0.542887065928571,1.6375349260693195,0.2262248995983967,60.745098039215684,61.0,0.8431372549019608,0.13725490196078433,0.27450980392156865,0.0196078431372549,169,0.5216049382716049,2,7.493061142397425,2.5,avoid_immediate_adverse_move_sm0p75_tm1p50_d15_adverse_w15_ticks24,MNQ,1min,next_execution_bar_open,next_execution_bar,stop_first,0.75,1.5,15,avoid_immediate_adverse_move,adverse_w15_ticks24,"{""adverse_window_minutes"": 15, ""max_adverse_ticks"": 24}"
80,-1603.512499999997,2157.612500000003,3761.125,0.2625,-20.043906249999964,-34.125,0.5736614709694581,-1689.7874999999985,-3.2911138092649845,-6.133886172691329,-0.948943284288704,54.0875,33.5,0.925,0.0625,0.2625,0.0125,160,0.49382716049382713,2,11.753821399839099,2.5,require_no_stop_zone_touch_before_entry_sm0p75_tm1p50_d5_stop_zone_0p50,MNQ,1min,next_execution_bar_open,next_execution_bar,stop_first,0.75,1.5,5,require_no_stop_zone_touch_before_entry,stop_zone_0p50,"{""stop_zone_fraction"": 0.5}"
31,-698.9000000000015,939.2249999999985,1638.125,0.25806451612903225,-22.54516129032263,-40.125,0.5733536818008385,-803.25,-3.4221983733139782,-5.7397041264230655,-0.8700902583255542,51.70967741935484,37.0,0.9032258064516129,0.0967741935483871,0.25806451612903225,0.0,190,0.5864197530864198,1,4.55460579243765,2.5,require_no_stop_zone_touch_before_entry_sm0p75_tm1p50_d15_stop_zone_0p50,MNQ,1min,next_execution_bar_open,next_execution_bar,stop_first,0.75,1.5,15,require_no_stop_zone_touch_before_entry,stop_zone_0p50,"{""stop_zone_fraction"": 0.5}"
17,-170.5,604.5,775.0,0.29411764705882354,-10.029411764705882,-21.75,0.78,-433.875,-1.5702411019778377,-3.6815494450877932,-0.3929703255545952,67.0,61.0,1.0,0.0,0.4117647058823529,0.0,178,0.5493827160493827,0,2.4976870474658086,2.5,require_no_stop_zone_touch_before_entry_sm0p75_tm1p50_d30_stop_zone_0p50,MNQ,1min,next_execution_bar_open,next_execution_bar,stop_first,0.75,1.5,30,require_no_stop_zone_touch_before_entry,stop_zone_0p50,"{""stop_zone_fraction"": 0.5}"
132,-1135.4874999999956,4861.512500000004,5997.0,0.26515151515151514,-8.602178030302998,-33.5625,0.8106574120393537,-1664.199999999997,-1.240997358047518,-2.9370103696346237,-0.6823023074149728,51.5,32.0,0.8939393939393939,0.09090909090909091,0.2196969696969697,0.015151515151515152,108,0.3333333333333333,2,19.393805309734514,2.5,require_no_stop_zone_touch_before_entry_sm0p75_tm1p50_d5_stop_zone_0p75,MNQ,1min,next_execution_bar_open,next_execution_bar,stop_first,0.75,1.5,5,require_no_stop_zone_touch_before_entry,stop_zone_0p75,"{""stop_zone_fraction"": 0.75}"
66,-1334.175000000003,2295.824999999997,3630.0,0.2727272727272727,-20.21477272727277,-34.875,0.6324586776859497,-1475.2125000000015,-2.8902915711501724,-5.121668329371817,-0.9043951295152404,55.89393939393939,45.5,0.8787878787878788,0.10606060606060606,0.24242424242424243,0.015151515151515152,155,0.4783950617283951,1,9.696902654867257,2.5,require_no_stop_zone_touch_before_entry_sm0p75_tm1p50_d15_stop_zone_0p75,MNQ,1min,next_execution_bar_open,next_execution_bar,stop_first,0.75,1.5,15,require_no_stop_zone_touch_before_entry,stop_zone_0p75,"{""stop_zone_fraction"": 0.75}"
39,-361.28749999999854,1366.4625000000015,1727.75,0.38461538461538464,-9.263782051282014,-25.5,0.7908913326580822,-711.0,-1.5194542379247478,-2.886912010468904,-0.5081399437412075,73.94871794871794,82.0,0.9230769230769231,0.07692307692307693,0.4358974358974359,0.0,155,0.4783950617283951,2,5.729987932421561,2.5,require_no_stop_zone_touch_before_entry_sm0p75_tm1p50_d30_stop_zone_0p75,MNQ,1min,next_execution_bar_open,next_execution_bar,stop_first,0.75,1.5,30,require_no_stop_zone_touch_before_entry,stop_zone_0p75,"{""stop_zone_fraction"": 0.75}"
160,573.6250000000073,7222.000000000007,6648.375,0.3,3.5851562500000456,-26.625,1.0862804820726881,-1345.375,0.4735699556031303,1.2270053884625927,0.42636811297965793,49.9625,29.0,0.85625,0.125,0.20625,0.01875,79,0.24382716049382716,3,23.507642799678198,2.5,require_no_stop_zone_touch_before_entry_sm0p75_tm1p50_d5_stop_zone_1p00,MNQ,1min,next_execution_bar_open,next_execution_bar,stop_first,0.75,1.5,5,require_no_stop_zone_touch_before_entry,stop_zone_1p00,"{""stop_zone_fraction"": 1.0}"
98,-1945.7374999999993,3545.7625000000007,5491.5,0.2857142857142857,-19.85446428571428,-38.0625,0.6456819630337796,-2509.3375000000015,-2.658130583374255,-4.973483907459467,-0.7753988851639121,57.357142857142854,47.5,0.8877551020408163,0.10204081632653061,0.24489795918367346,0.01020408163265306,123,0.37962962962962965,2,14.398431214802896,2.5,require_no_stop_zone_touch_before_entry_sm0p75_tm1p50_d15_stop_zone_1p00,MNQ,1min,next_execution_bar_open,next_execution_bar,stop_first,0.75,1.5,15,require_no_stop_zone_touch_before_entry,stop_zone_1p00,"{""stop_zone_fraction"": 1.0}"
73,-1515.512499999997,2349.362500000003,3864.875,0.3561643835616438,-20.760445205479414,-33.0,0.607875416410622,-2156.0,-3.2208497480355676,-5.366928667082323,-0.7029278756957315,73.84931506849315,82.0,0.9178082191780822,0.0547945205479452,0.3698630136986301,0.0273972602739726,121,0.3734567901234568,2,10.725362027353178,2.5,require_no_stop_zone_touch_before_entry_sm0p75_tm1p50_d30_stop_zone_1p00,MNQ,1min,next_execution_bar_open,next_execution_bar,stop_first,0.75,1.5,30,require_no_stop_zone_touch_before_entry,stop_zone_1p00,"{""stop_zone_fraction"": 1.0}"
146,722.6125000000065,7081.862500000007,6359.25,0.2945205479452055,4.949400684931551,-33.75,1.1136317175767594,-1180.574999999997,0.6106005531400853,1.6964546442589663,0.6120852127141506,47.69178082191781,27.0,0.8493150684931506,0.13013698630136986,0.18493150684931506,0.02054794520547945,94,0.29012345679012347,2,21.450724054706356,2.5,require_micro_momentum_confirmation_sm0p75_tm1p50_d5_momentum_w5_close_vs_window_open,MNQ,1min,next_execution_bar_open,next_execution_bar,stop_first,0.75,1.5,5,require_micro_momentum_confirmation,momentum_w5_close_vs_window_open,"{""confirmation_window_minutes"": 5, ""mode"": ""close_vs_window_open""}"
163,-305.3124999999927,7663.937500000007,7969.25,0.294478527607362,-1.8730828220858449,-34.125,0.9616886783574373,-1256.5,-0.2272412344046006,-0.5242768856037939,-0.24298647035415258,52.84049079754601,38.0,0.8895705521472392,0.09815950920245399,0.24539877300613497,0.012269938650306749,57,0.17592592592592593,3,23.948411102172162,2.5,require_micro_momentum_confirmation_sm0p75_tm1p50_d15_momentum_w5_close_vs_window_open,MNQ,1min,next_execution_bar_open,next_execution_bar,stop_first,0.75,1.5,15,require_micro_momentum_confirmation,momentum_w5_close_vs_window_open,"{""confirmation_window_minutes"": 5, ""mode"": ""close_vs_window_open""}"
146,-81.33749999999054,6517.4125000000095,6598.75,0.2876712328767123,-0.5571061643834968,-34.6875,0.9876738018564136,-1487.2124999999942,-0.07256551175398697,-0.1817473848094385,-0.05469124284524966,48.342465753424655,28.5,0.8424657534246576,0.136986301369863,0.17123287671232876,0.02054794520547945,93,0.28703703703703703,3,21.450724054706356,2.5,require_micro_momentum_confirmation_sm0p75_tm1p50_d5_momentum_w5_close_vs_local_mid,MNQ,1min,next_execution_bar_open,next_execution_bar,stop_first,0.75,1.5,5,require_micro_momentum_confirmation,momentum_w5_close_vs_local_mid,"{""confirmation_window_minutes"": 5, ""mode"": ""close_vs_local_mid""}"
161,-1476.299999999992,6594.575000000008,8070.875,0.2795031055900621,-9.169565217391254,-35.25,0.8170830300308217,-1945.2749999999942,-1.1784809620266912,-2.5286354253255254,-0.7589158345221094,51.22981366459627,32.0,0.906832298136646,0.07453416149068323,0.2484472049689441,0.018633540372670808,59,0.18209876543209877,3,23.654565567176185,2.5,require_micro_momentum_confirmation_sm0p75_tm1p50_d15_momentum_w5_close_vs_local_mid,MNQ,1min,next_execution_bar_open,next_execution_bar,stop_first,0.75,1.5,15,require_micro_momentum_confirmation,momentum_w5_close_vs_local_mid,"{""confirmation_window_minutes"": 5, ""mode"": ""close_vs_local_mid""}"
163,-305.3124999999927,7663.937500000007,7969.25,0.294478527607362,-1.8730828220858449,-34.125,0.9616886783574373,-1256.5,-0.2272412344046006,-0.5242768856037939,-0.24298647035415258,52.84049079754601,38.0,0.8895705521472392,0.09815950920245399,0.24539877300613497,0.012269938650306749,57,0.17592592592592593,3,23.948411102172162,2.5,require_micro_momentum_confirmation_sm0p75_tm1p50_d15_momentum_w10_close_vs_window_open,MNQ,1min,next_execution_bar_open,next_execution_bar,stop_first,0.75,1.5,15,require_micro_momentum_confirmation,momentum_w10_close_vs_window_open,"{""confirmation_window_minutes"": 10, ""mode"": ""close_vs_window_open""}"
159,-587.8874999999935,7257.237500000007,7845.125,0.29559748427672955,-3.697405660377317,-34.5,0.9250633355109072,-1450.125,-0.4529769125925334,-1.0280728186882073,-0.4054047064908152,52.58490566037736,37.0,0.8930817610062893,0.0880503144654088,0.25157232704402516,0.018867924528301886,61,0.1882716049382716,3,23.360720032180208,2.5,require_micro_momentum_confirmation_sm0p75_tm1p50_d15_momentum_w10_close_vs_local_mid,MNQ,1min,next_execution_bar_open,next_execution_bar,stop_first,0.75,1.5,15,require_micro_momentum_confirmation,momentum_w10_close_vs_local_mid,"{""confirmation_window_minutes"": 10, ""mode"": ""close_vs_local_mid""}"
163,-305.3124999999927,7663.937500000007,7969.25,0.294478527607362,-1.8730828220858449,-34.125,0.9616886783574373,-1256.5,-0.2272412344046006,-0.5242768856037939,-0.24298647035415258,52.84049079754601,38.0,0.8895705521472392,0.09815950920245399,0.24539877300613497,0.012269938650306749,57,0.17592592592592593,3,23.948411102172162,2.5,require_micro_momentum_confirmation_sm0p75_tm1p50_d15_momentum_w15_close_vs_window_open,MNQ,1min,next_execution_bar_open,next_execution_bar,stop_first,0.75,1.5,15,require_micro_momentum_confirmation,momentum_w15_close_vs_window_open,"{""confirmation_window_minutes"": 15, ""mode"": ""close_vs_window_open""}"
162,-662.1374999999935,7257.237500000007,7919.375,0.29012345679012347,-4.087268518518478,-34.3125,0.9163901823060541,-1507.875,-0.505246066279803,-1.1415662523269867,-0.4391196219845766,51.629629629629626,34.5,0.8950617283950617,0.08641975308641975,0.24691358024691357,0.018518518518518517,58,0.17901234567901234,3,23.801488334674175,2.5,require_micro_momentum_confirmation_sm0p75_tm1p50_d15_momentum_w15_close_vs_local_mid,MNQ,1min,next_execution_bar_open,next_execution_bar,stop_first,0.75,1.5,15,require_micro_momentum_confirmation,momentum_w15_close_vs_local_mid,"{""confirmation_window_minutes"": 15, ""mode"": ""close_vs_local_mid""}"
17,-700.125,429.375,1129.5,0.35294117647058826,-41.18382352941177,-45.375,0.3801460823373174,-658.875,-6.335606353589332,-9.436979313536073,-1.0626067159931702,78.29411764705883,87.0,0.9411764705882353,0.058823529411764705,0.47058823529411764,0.0,224,0.691358024691358,1,2.4976870474658086,2.5,avoid_high_noise_first_5min_sm0p75_tm1p50_d5_noise_w5_r0p50,MNQ,1min,next_execution_bar_open,next_execution_bar,stop_first,0.75,1.5,5,avoid_high_noise_first_5min,noise_w5_r0p50,"{""max_range_to_stop_distance"": 0.5, ""noise_window_minutes"": 5}"
37,-58.33749999999418,2163.412500000006,2221.75,0.4594594594594595,-1.5766891891890318,-23.0,0.9737425452908769,-656.75,-0.16647152509223537,-0.35275720423311246,-0.08882755995431166,78.62162162162163,83.0,0.8378378378378378,0.13513513513513514,0.3783783783783784,0.02702702702702703,194,0.5987654320987654,2,5.436142397425583,2.5,avoid_high_noise_first_5min_sm0p75_tm1p50_d10_noise_w5_r0p50,MNQ,1min,next_execution_bar_open,next_execution_bar,stop_first,0.75,1.5,10,avoid_high_noise_first_5min,noise_w5_r0p50,"{""max_range_to_stop_distance"": 0.5, ""noise_window_minutes"": 5}"
51,-756.4749999999985,2027.5250000000015,2784.0,0.35294117647058826,-14.832843137254873,-35.25,0.7282776580459775,-1110.375,-2.056555609297638,-4.029900650722181,-0.6812788472362927,69.49019607843137,74.0,0.8431372549019608,0.13725490196078433,0.3137254901960784,0.0196078431372549,189,0.5833333333333334,2,7.493061142397425,2.5,avoid_high_noise_first_5min_sm0p75_tm1p50_d5_noise_w5_r0p75,MNQ,1min,next_execution_bar_open,next_execution_bar,stop_first,0.75,1.5,5,avoid_high_noise_first_5min,noise_w5_r0p75,"{""max_range_to_stop_distance"": 0.75, ""noise_window_minutes"": 5}"
76,-1186.5124999999935,3503.1125000000065,4689.625,0.3815789473684211,-15.612006578947282,-43.5,0.7469920302796079,-1601.137499999997,-1.849109029259273,-3.9956621816383757,-0.7410434769031364,70.69736842105263,71.5,0.881578947368421,0.10526315789473684,0.34210526315789475,0.013157894736842105,154,0.47530864197530864,3,11.166130329847144,2.5,avoid_high_noise_first_5min_sm0p75_tm1p50_d10_noise_w5_r0p75,MNQ,1min,next_execution_bar_open,next_execution_bar,stop_first,0.75,1.5,10,avoid_high_noise_first_5min,noise_w5_r0p75,"{""max_range_to_stop_distance"": 0.75, ""noise_window_minutes"": 5}"
90,-815.6124999999993,3771.7625000000007,4587.375,0.36666666666666664,-9.062361111111104,-34.3125,0.8222049647129351,-1067.425000000003,-1.2853097947893686,-2.77777508015261,-0.7640934960301633,66.27777777777777,73.0,0.8555555555555555,0.12222222222222222,0.3111111111111111,0.022222222222222223,150,0.46296296296296297,2,13.223049074818986,2.5,avoid_high_noise_first_5min_sm0p75_tm1p50_d5_noise_w5_r1p00,MNQ,1min,next_execution_bar_open,next_execution_bar,stop_first,0.75,1.5,5,avoid_high_noise_first_5min,noise_w5_r1p00,"{""max_range_to_stop_distance"": 1.0, ""noise_window_minutes"": 5}"
105,7.812500000003638,5867.437500000004,5859.625,0.4,0.07440476190479656,-34.125,1.0013332764468723,-1036.8125,0.008450894552500596,0.020340047750739068,0.007535113629517042,65.13333333333334,62.0,0.8476190476190476,0.13333333333333333,0.3047619047619048,0.01904761904761905,125,0.38580246913580246,3,15.426890587288817,2.5,avoid_high_noise_first_5min_sm0p75_tm1p50_d10_noise_w5_r1p00,MNQ,1min,next_execution_bar_open,next_execution_bar,stop_first,0.75,1.5,10,avoid_high_noise_first_5min,noise_w5_r1p00,"{""max_range_to_stop_distance"": 1.0, ""noise_window_minutes"": 5}"
117,-1068.8624999999993,4920.637500000001,5989.5,0.3418803418803419,-9.135576923076917,-39.0,0.8215439519158528,-1616.6875,-1.2732602878804746,-2.864871242478889,-0.661143541964665,60.55555555555556,55.0,0.8632478632478633,0.11965811965811966,0.27350427350427353,0.017094017094017096,123,0.37962962962962965,2,17.18996379726468,2.5,avoid_high_noise_first_5min_sm0p75_tm1p50_d5_noise_w5_r1p25,MNQ,1min,next_execution_bar_open,next_execution_bar,stop_first,0.75,1.5,5,avoid_high_noise_first_5min,noise_w5_r1p25,"{""max_range_to_stop_distance"": 1.25, ""noise_window_minutes"": 5}"
130,-301.5999999999949,6704.400000000005,7006.0,0.36153846153846153,-2.3199999999999608,-39.0,0.9569511846988303,-1081.6624999999985,-0.27574381762369016,-0.6533463947578461,-0.2788300417181841,62.207692307692305,54.5,0.8461538461538461,0.13846153846153847,0.27692307692307694,0.015384615384615385,100,0.30864197530864196,3,19.099959774738533,2.5,avoid_high_noise_first_5min_sm0p75_tm1p50_d10_noise_w5_r1p25,MNQ,1min,next_execution_bar_open,next_execution_bar,stop_first,0.75,1.5,10,avoid_high_noise_first_5min,noise_w5_r1p25,"{""max_range_to_stop_distance"": 1.25, ""noise_window_minutes"": 5}"
5,-24.625,279.0,303.625,0.6,-4.925,36.5,0.9188966652943599,-303.625,-0.603227290083543,-1.4664844312676888,-0.08110333470564018,109.0,120.0,1.0,0.0,0.8,0.0,228,0.7037037037037037,0,0.7346138374899437,2.5,avoid_high_noise_first_5min_sm0p75_tm1p50_d10_noise_w10_r0p50,MNQ,1min,next_execution_bar_open,next_execution_bar,stop_first,0.75,1.5,10,avoid_high_noise_first_5min,noise_w10_r0p50,"{""max_range_to_stop_distance"": 0.5, ""noise_window_minutes"": 10}"
25,-1015.4375,642.4375,1657.875,0.44,-40.6175,-38.625,0.38750659730076153,-1115.875,-6.117186551826548,-9.213641788770895,-0.9099921586199171,76.92,98.0,0.96,0.04,0.48,0.0,207,0.6388888888888888,1,3.6730691874497183,2.5,avoid_high_noise_first_5min_sm0p75_tm1p50_d10_noise_w10_r0p75,MNQ,1min,next_execution_bar_open,next_execution_bar,stop_first,0.75,1.5,10,avoid_high_noise_first_5min,noise_w10_r0p75,"{""max_range_to_stop_distance"": 0.75, ""noise_window_minutes"": 10}"
66,-1825.0874999999978,2420.662500000002,4245.75,0.3484848484848485,-27.652840909090877,-53.25,0.5701377848436677,-1956.8374999999978,-3.5507592433518593,-7.054324854305603,-0.932671977105917,69.22727272727273,66.5,0.9090909090909091,0.09090909090909091,0.3333333333333333,0.0,165,0.5092592592592593,2,9.696902654867257,2.5,avoid_high_noise_first_5min_sm0p75_tm1p50_d10_noise_w10_r1p00,MNQ,1min,next_execution_bar_open,next_execution_bar,stop_first,0.75,1.5,10,avoid_high_noise_first_5min,noise_w10_r1p00,"{""max_range_to_stop_distance"": 1.0, ""noise_window_minutes"": 10}"
95,-1257.6624999999985,4264.5875000000015,5522.25,0.37894736842105264,-13.238552631578932,-39.75,0.7722554212503964,-1545.637499999997,-1.6601889284531115,-3.4975944791008775,-0.8136852916676781,68.65263157894736,74.0,0.8736842105263158,0.12631578947368421,0.3157894736842105,0.0,135,0.4166666666666667,3,13.95766291230893,2.5,avoid_high_noise_first_5min_sm0p75_tm1p50_d10_noise_w10_r1p25,MNQ,1min,next_execution_bar_open,next_execution_bar,stop_first,0.75,1.5,10,avoid_high_noise_first_5min,noise_w10_r1p25,"{""max_range_to_stop_distance"": 1.25, ""noise_window_minutes"": 10}"
36,-258.2499999999982,872.0000000000018,1130.25,0.2777777777777778,-7.173611111111061,-20.625,0.7715107277151089,-760.125,-1.6512867927665291,-3.3309229781886223,-0.33974675217891553,52.888888888888886,36.0,0.8888888888888888,0.08333333333333333,0.25,0.027777777777777776,205,0.6327160493827161,1,5.289219629927595,2.5,avoid_immediate_adverse_move_sm0p75_tm2p00_d5_adverse_w5_ticks8,MNQ,1min,next_execution_bar_open,next_execution_bar,stop_first,0.75,2.0,5,avoid_immediate_adverse_move,adverse_w5_ticks8,"{""adverse_window_minutes"": 5, ""max_adverse_ticks"": 8}"
32,-173.87499999999818,1038.0000000000018,1211.875,0.3125,-5.433593749999943,-22.25,0.8565239814337302,-718.625,-0.8507040715805374,-1.9347712096704894,-0.2419551226300201,59.75,61.0,0.875,0.09375,0.28125,0.03125,189,0.5833333333333334,1,4.701528559935639,2.5,avoid_immediate_adverse_move_sm0p75_tm2p00_d15_adverse_w5_ticks8,MNQ,1min,next_execution_bar_open,next_execution_bar,stop_first,0.75,2.0,15,avoid_immediate_adverse_move,adverse_w5_ticks8,"{""adverse_window_minutes"": 5, ""max_adverse_ticks"": 8}"
53,456.6250000000018,2192.500000000002,1735.875,0.3018867924528302,8.615566037735883,-21.375,1.2630517750414068,-681.75,1.2484270863516578,4.138360890486381,0.6697836450311725,55.39622641509434,36.0,0.9245283018867925,0.05660377358490566,0.2830188679245283,0.018867924528301886,187,0.5771604938271605,2,7.786906677393403,2.5,avoid_immediate_adverse_move_sm0p75_tm2p00_d5_adverse_w5_ticks12,MNQ,1min,next_execution_bar_open,next_execution_bar,stop_first,0.75,2.0,5,avoid_immediate_adverse_move,adverse_w5_ticks12,"{""adverse_window_minutes"": 5, ""max_adverse_ticks"": 12}"
47,518.0000000000018,2374.500000000002,1856.5,0.3404255319148936,11.02127659574472,-25.125,1.279019660651765,-646.375,1.357526274551015,3.9439255366453523,0.8013923805840291,63.680851063829785,69.0,0.9148936170212766,0.06382978723404255,0.3404255319148936,0.02127659574468085,173,0.5339506172839507,2,6.9053700724054705,2.5,avoid_immediate_adverse_move_sm0p75_tm2p00_d15_adverse_w5_ticks12,MNQ,1min,next_execution_bar_open,next_execution_bar,stop_first,0.75,2.0,15,avoid_immediate_adverse_move,adverse_w5_ticks12,"{""adverse_window_minutes"": 5, ""max_adverse_ticks"": 12}"
61,585.0000000000018,2535.000000000002,1950.0,0.3114754098360656,9.59016393442626,-21.375,1.300000000000001,-824.625,1.4082308918106947,4.780531689765638,0.7094133697135083,56.60655737704918,36.0,0.9344262295081968,0.04918032786885246,0.29508196721311475,0.01639344262295082,179,0.5524691358024691,2,8.962288817377312,2.5,avoid_immediate_adverse_move_sm0p75_tm2p00_d5_adverse_w5_ticks16,MNQ,1min,next_execution_bar_open,next_execution_bar,stop_first,0.75,2.0,5,avoid_immediate_adverse_move,adverse_w5_ticks16,"{""adverse_window_minutes"": 5, ""max_adverse_ticks"": 16}"
54,644.2500000000018,2666.500000000002,2022.25,0.35185185185185186,11.930555555555589,-23.8125,1.3185807887254304,-760.375,1.5267491663881703,4.451171224107699,0.8472793029755079,64.72222222222223,69.5,0.9259259259259259,0.05555555555555555,0.35185185185185186,0.018518518518518517,166,0.5123456790123457,2,7.9338294448913915,2.5,avoid_immediate_adverse_move_sm0p75_tm2p00_d15_adverse_w5_ticks16,MNQ,1min,next_execution_bar_open,next_execution_bar,stop_first,0.75,2.0,15,avoid_immediate_adverse_move,adverse_w5_ticks16,"{""adverse_window_minutes"": 5, ""max_adverse_ticks"": 16}"
78,-353.9999999999982,2625.000000000002,2979.0,0.2692307692307692,-4.538461538461515,-28.875,0.8811681772406854,-1494.0,-0.7058984275942307,-1.889755358784136,-0.23694779116465742,51.56410256410256,29.5,0.9487179487179487,0.038461538461538464,0.2564102564102564,0.01282051282051282,162,0.5,2,11.459975864843122,2.5,avoid_immediate_adverse_move_sm0p75_tm2p00_d5_adverse_w5_ticks24,MNQ,1min,next_execution_bar_open,next_execution_bar,stop_first,0.75,2.0,5,avoid_immediate_adverse_move,adverse_w5_ticks24,"{""adverse_window_minutes"": 5, ""max_adverse_ticks"": 24}"
70,218.5749999999989,3125.199999999999,2906.625,0.3,3.1224999999999845,-29.625,1.0751988990667867,-991.875,0.3926391874115205,1.0348254390862333,0.22036546943919236,60.128571428571426,61.0,0.9285714285714286,0.05714285714285714,0.3,0.014285714285714285,150,0.46296296296296297,2,10.284593724859212,2.5,avoid_immediate_adverse_move_sm0p75_tm2p00_d15_adverse_w5_ticks24,MNQ,1min,next_execution_bar_open,next_execution_bar,stop_first,0.75,2.0,15,avoid_immediate_adverse_move,adverse_w5_ticks24,"{""adverse_window_minutes"": 5, ""max_adverse_ticks"": 24}"
25,-447.1249999999982,638.5000000000018,1085.625,0.36,-17.884999999999927,-28.5,0.5881404720782976,-703.25,-3.558465719884233,-6.191912342348063,-0.63579808034127,60.88,61.0,0.88,0.12,0.32,0.0,196,0.6049382716049383,1,3.6730691874497183,2.5,avoid_immediate_adverse_move_sm0p75_tm2p00_d15_adverse_w10_ticks8,MNQ,1min,next_execution_bar_open,next_execution_bar,stop_first,0.75,2.0,15,avoid_immediate_adverse_move,adverse_w10_ticks8,"{""adverse_window_minutes"": 10, ""max_adverse_ticks"": 8}"
42,-63.37499999999818,1721.5000000000018,1784.875,0.3333333333333333,-1.508928571428528,-28.125,0.9644933118565736,-933.25,-0.2073824727530955,-0.5340958919754287,-0.06790784891507975,62.69047619047619,65.0,0.9047619047619048,0.07142857142857142,0.3333333333333333,0.023809523809523808,178,0.5493827160493827,2,6.170756234915527,2.5,avoid_immediate_adverse_move_sm0p75_tm2p00_d15_adverse_w10_ticks12,MNQ,1min,next_execution_bar_open,next_execution_bar,stop_first,0.75,2.0,15,avoid_immediate_adverse_move,adverse_w10_ticks12,"{""adverse_window_minutes"": 10, ""max_adverse_ticks"": 12}"
48,97.00000000000182,2013.5000000000018,1916.5,0.3541666666666667,2.0208333333333712,-26.4375,1.0506130967910263,-1047.25,0.28425743639364437,0.7386586991563542,0.09262353783719439,65.04166666666667,69.5,0.9166666666666666,0.0625,0.3541666666666667,0.020833333333333332,172,0.5308641975308642,2,7.052292839903459,2.5,avoid_immediate_adverse_move_sm0p75_tm2p00_d15_adverse_w10_ticks16,MNQ,1min,next_execution_bar_open,next_execution_bar,stop_first,0.75,2.0,15,avoid_immediate_adverse_move,adverse_w10_ticks16,"{""adverse_window_minutes"": 10, ""max_adverse_ticks"": 16}"
58,152.5749999999989,2472.199999999999,2319.625,0.3275862068965517,2.6306034482758434,-29.625,1.0657757180578753,-1064.5,0.3537022476409705,1.0502458371448156,0.14333020197275614,61.39655172413793,62.0,0.9137931034482759,0.06896551724137931,0.3103448275862069,0.017241379310344827,162,0.5,2,8.521520514883345,2.5,avoid_immediate_adverse_move_sm0p75_tm2p00_d15_adverse_w10_ticks24,MNQ,1min,next_execution_bar_open,next_execution_bar,stop_first,0.75,2.0,15,avoid_immediate_adverse_move,adverse_w10_ticks24,"{""adverse_window_minutes"": 10, ""max_adverse_ticks"": 24}"
22,-431.7499999999982,596.5000000000018,1028.25,0.36363636363636365,-19.62499999999992,-33.0,0.5801118405057154,-720.125,-3.708760145066087,-6.717871804710477,-0.5995486894636323,62.18181818181818,61.0,0.8636363636363636,0.13636363636363635,0.3181818181818182,0.0,199,0.6141975308641975,1,3.232300884955752,2.5,avoid_immediate_adverse_move_sm0p75_tm2p00_d15_adverse_w15_ticks8,MNQ,1min,next_execution_bar_open,next_execution_bar,stop_first,0.75,2.0,15,avoid_immediate_adverse_move,adverse_w15_ticks8,"{""adverse_window_minutes"": 15, ""max_adverse_ticks"": 8}"
36,12.375000000001819,1679.5000000000018,1667.125,0.3611111111111111,0.3437500000000505,-36.0,1.0074229586863623,-927.625,0.04392488972718408,0.12174473084717809,0.013340520145534909,66.63888888888889,69.5,0.8888888888888888,0.08333333333333333,0.3611111111111111,0.027777777777777776,184,0.5679012345679012,2,5.289219629927595,2.5,avoid_immediate_adverse_move_sm0p75_tm2p00_d15_adverse_w15_ticks12,MNQ,1min,next_execution_bar_open,next_execution_bar,stop_first,0.75,2.0,15,avoid_immediate_adverse_move,adverse_w15_ticks12,"{""adverse_window_minutes"": 15, ""max_adverse_ticks"": 12}"
42,172.75000000000182,1971.5000000000018,1798.75,0.38095238095238093,4.113095238095282,-31.5,1.09603891591383,-1041.625,0.5435696272657791,1.4970116923945178,0.16584663386535636,68.76190476190476,72.0,0.9047619047619048,0.07142857142857142,0.38095238095238093,0.023809523809523808,178,0.5493827160493827,2,6.170756234915527,2.5,avoid_immediate_adverse_move_sm0p75_tm2p00_d15_adverse_w15_ticks16,MNQ,1min,next_execution_bar_open,next_execution_bar,stop_first,0.75,2.0,15,avoid_immediate_adverse_move,adverse_w15_ticks16,"{""adverse_window_minutes"": 15, ""max_adverse_ticks"": 16}"
51,307.4499999999989,2430.199999999999,2122.75,0.35294117647058826,6.028431372548998,-34.5,1.144835708397126,-979.75,0.7668695067323499,2.3833841672051768,0.3138045419749925,64.90196078431373,69.0,0.9019607843137255,0.0784313725490196,0.3333333333333333,0.0196078431372549,169,0.5216049382716049,2,7.493061142397425,2.5,avoid_immediate_adverse_move_sm0p75_tm2p00_d15_adverse_w15_ticks24,MNQ,1min,next_execution_bar_open,next_execution_bar,stop_first,0.75,2.0,15,avoid_immediate_adverse_move,adverse_w15_ticks24,"{""adverse_window_minutes"": 15, ""max_adverse_ticks"": 24}"
80,-1450.4249999999993,2310.7000000000007,3761.125,0.2625,-18.13031249999999,-34.125,0.6143640533085183,-1590.5499999999993,-2.8105453822668145,-5.5482834415234255,-0.9119015434912451,56.725,39.0,0.9625,0.025,0.3,0.0125,160,0.49382716049382713,2,11.753821399839099,2.5,require_no_stop_zone_touch_before_entry_sm0p75_tm2p00_d5_stop_zone_0p50,MNQ,1min,next_execution_bar_open,next_execution_bar,stop_first,0.75,2.0,5,require_no_stop_zone_touch_before_entry,stop_zone_0p50,"{""stop_zone_fraction"": 0.5}"
31,-814.125,824.0,1638.125,0.25806451612903225,-26.262096774193548,-40.125,0.5030141167493323,-881.625,-4.209677945316128,-6.68598744015477,-0.9234368353891961,56.32258064516129,44.0,0.9354838709677419,0.06451612903225806,0.2903225806451613,0.0,190,0.5864197530864198,1,4.55460579243765,2.5,require_no_stop_zone_touch_before_entry_sm0p75_tm2p00_d15_stop_zone_0p50,MNQ,1min,next_execution_bar_open,next_execution_bar,stop_first,0.75,2.0,15,require_no_stop_zone_touch_before_entry,stop_zone_0p50,"{""stop_zone_fraction"": 0.5}"
17,-170.5,604.5,775.0,0.29411764705882354,-10.029411764705882,-21.75,0.78,-433.875,-1.5702411019778377,-3.6815494450877932,-0.3929703255545952,67.0,61.0,1.0,0.0,0.4117647058823529,0.0,178,0.5493827160493827,0,2.4976870474658086,2.5,require_no_stop_zone_touch_before_entry_sm0p75_tm2p00_d30_stop_zone_0p50,MNQ,1min,next_execution_bar_open,next_execution_bar,stop_first,0.75,2.0,30,require_no_stop_zone_touch_before_entry,stop_zone_0p50,"{""stop_zone_fraction"": 0.5}"
132,-631.75,5365.25,5997.0,0.26515151515151514,-4.785984848484849,-33.5625,0.8946556611639153,-1466.4750000000022,-0.6296291355005105,-1.634061406238889,-0.4307949334287997,55.083333333333336,35.0,0.9393939393939394,0.045454545454545456,0.26515151515151514,0.015151515151515152,108,0.3333333333333333,2,19.393805309734514,2.5,require_no_stop_zone_touch_before_entry_sm0p75_tm2p00_d5_stop_zone_0p75,MNQ,1min,next_execution_bar_open,next_execution_bar,stop_first,0.75,2.0,5,require_no_stop_zone_touch_before_entry,stop_zone_0p75,"{""stop_zone_fraction"": 0.75}"
66,-1543.7999999999993,2086.2000000000007,3630.0,0.2727272727272727,-23.39090909090908,-34.875,0.5747107438016531,-1672.25,-3.526436376074947,-5.926382646117781,-0.923187322469726,59.40909090909091,48.0,0.9393939393939394,0.045454545454545456,0.30303030303030304,0.015151515151515152,155,0.4783950617283951,1,9.696902654867257,2.5,require_no_stop_zone_touch_before_entry_sm0p75_tm2p00_d15_stop_zone_0p75,MNQ,1min,next_execution_bar_open,next_execution_bar,stop_first,0.75,2.0,15,require_no_stop_zone_touch_before_entry,stop_zone_0p75,"{""stop_zone_fraction"": 0.75}"
39,-324.5,1403.25,1727.75,0.38461538461538464,-8.320512820512821,-25.5,0.8121834756185791,-711.0,-1.3292120617494658,-2.5929569868793223,-0.45639943741209565,75.1025641025641,82.0,0.9743589743589743,0.02564102564102564,0.48717948717948717,0.0,155,0.4783950617283951,2,5.729987932421561,2.5,require_no_stop_zone_touch_before_entry_sm0p75_tm2p00_d30_stop_zone_0p75,MNQ,1min,next_execution_bar_open,next_execution_bar,stop_first,0.75,2.0,30,require_no_stop_zone_touch_before_entry,stop_zone_0p75,"{""stop_zone_fraction"": 0.75}"
160,1140.5750000000025,7788.950000000003,6648.375,0.3,7.128593750000016,-26.625,1.1715569594073745,-1345.375,0.8824789445581315,2.4397327015832766,0.847774783982163,54.26875,33.0,0.91875,0.0625,0.26875,0.01875,79,0.24382716049382716,3,23.507642799678198,2.5,require_no_stop_zone_touch_before_entry_sm0p75_tm2p00_d5_stop_zone_1p00,MNQ,1min,next_execution_bar_open,next_execution_bar,stop_first,0.75,2.0,5,require_no_stop_zone_touch_before_entry,stop_zone_1p00,"{""stop_zone_fraction"": 1.0}"
98,-2068.2000000000025,3423.2999999999975,5491.5,0.2857142857142857,-21.104081632653088,-38.0625,0.6233815897295816,-2636.350000000002,-2.8707974324529286,-5.286509314544068,-0.7844937128985153,60.704081632653065,54.0,0.9387755102040817,0.05102040816326531,0.29591836734693877,0.01020408163265306,123,0.37962962962962965,2,14.398431214802896,2.5,require_no_stop_zone_touch_before_entry_sm0p75_tm2p00_d15_stop_zone_1p00,MNQ,1min,next_execution_bar_open,next_execution_bar,stop_first,0.75,2.0,15,require_no_stop_zone_touch_before_entry,stop_zone_1p00,"{""stop_zone_fraction"": 1.0}"
73,-1441.9249999999993,2422.9500000000007,3864.875,0.3561643835616438,-19.752397260273963,-33.0,0.626915488857984,-2156.0,-3.0041515578127407,-5.106331104680886,-0.668796382189239,74.58904109589041,82.0,0.9452054794520548,0.0273972602739726,0.3972602739726027,0.0273972602739726,121,0.3734567901234568,2,10.725362027353178,2.5,require_no_stop_zone_touch_before_entry_sm0p75_tm2p00_d30_stop_zone_1p00,MNQ,1min,next_execution_bar_open,next_execution_bar,stop_first,0.75,2.0,30,require_no_stop_zone_touch_before_entry,stop_zone_1p00,"{""stop_zone_fraction"": 1.0}"
146,874.6000000000004,7233.85,6359.25,0.2945205479452055,5.990410958904112,-33.75,1.1375319416597869,-1240.050000000003,0.7170700908710252,2.053270918879592,0.7052941413652661,52.54794520547945,28.5,0.9246575342465754,0.0547945205479452,0.2602739726027397,0.02054794520547945,94,0.29012345679012347,2,21.450724054706356,2.5,require_micro_momentum_confirmation_sm0p75_tm2p00_d5_momentum_w5_close_vs_window_open,MNQ,1min,next_execution_bar_open,next_execution_bar,stop_first,0.75,2.0,5,require_micro_momentum_confirmation,momentum_w5_close_vs_window_open,"{""confirmation_window_minutes"": 5, ""mode"": ""close_vs_window_open""}"
163,-135.50000000000182,7833.749999999998,7969.25,0.294478527607362,-0.8312883435582934,-34.125,0.9829971452771589,-1363.0,-0.09806136839264498,-0.23267805281250103,-0.09941305942773428,56.59509202453988,44.0,0.9386503067484663,0.049079754601226995,0.294478527607362,0.012269938650306749,57,0.17592592592592593,3,23.948411102172162,2.5,require_micro_momentum_confirmation_sm0p75_tm2p00_d15_momentum_w5_close_vs_window_open,MNQ,1min,next_execution_bar_open,next_execution_bar,stop_first,0.75,2.0,15,require_micro_momentum_confirmation,momentum_w5_close_vs_window_open,"{""confirmation_window_minutes"": 5, ""mode"": ""close_vs_window_open""}"
146,-61.100000000000364,6537.65,6598.75,0.2876712328767123,-0.418493150684934,-34.6875,0.9907406705815495,-1457.875,-0.054490235848006226,-0.13652700429516582,-0.04191031467032521,53.52054794520548,30.5,0.9246575342465754,0.0547945205479452,0.2534246575342466,0.02054794520547945,93,0.28703703703703703,3,21.450724054706356,2.5,require_micro_momentum_confirmation_sm0p75_tm2p00_d5_momentum_w5_close_vs_local_mid,MNQ,1min,next_execution_bar_open,next_execution_bar,stop_first,0.75,2.0,5,require_micro_momentum_confirmation,momentum_w5_close_vs_local_mid,"{""confirmation_window_minutes"": 5, ""mode"": ""close_vs_local_mid""}"
161,-989.3250000000025,7081.549999999997,8070.875,0.2795031055900621,-6.144875776397531,-35.25,0.8774203540508306,-1873.125,-0.7431206100532388,-1.6945351501457666,-0.5281681681681696,54.006211180124225,34.0,0.937888198757764,0.043478260869565216,0.2795031055900621,0.018633540372670808,59,0.18209876543209877,3,23.654565567176185,2.5,require_micro_momentum_confirmation_sm0p75_tm2p00_d15_momentum_w5_close_vs_local_mid,MNQ,1min,next_execution_bar_open,next_execution_bar,stop_first,0.75,2.0,15,require_micro_momentum_confirmation,momentum_w5_close_vs_local_mid,"{""confirmation_window_minutes"": 5, ""mode"": ""close_vs_local_mid""}"
163,-135.50000000000182,7833.749999999998,7969.25,0.294478527607362,-0.8312883435582934,-34.125,0.9829971452771589,-1363.0,-0.09806136839264498,-0.23267805281250103,-0.09941305942773428,56.59509202453988,44.0,0.9386503067484663,0.049079754601226995,0.294478527607362,0.012269938650306749,57,0.17592592592592593,3,23.948411102172162,2.5,require_micro_momentum_confirmation_sm0p75_tm2p00_d15_momentum_w10_close_vs_window_open,MNQ,1min,next_execution_bar_open,next_execution_bar,stop_first,0.75,2.0,15,require_micro_momentum_confirmation,momentum_w10_close_vs_window_open,"{""confirmation_window_minutes"": 10, ""mode"": ""close_vs_window_open""}"
159,-224.07500000000255,7621.049999999997,7845.125,0.29559748427672955,-1.4092767295597644,-34.5,0.9714376762639215,-1556.625,-0.16575400797145132,-0.39185289166305665,-0.1439492491769068,55.905660377358494,44.0,0.9371069182389937,0.0440251572327044,0.29559748427672955,0.018867924528301886,61,0.1882716049382716,3,23.360720032180208,2.5,require_micro_momentum_confirmation_sm0p75_tm2p00_d15_momentum_w10_close_vs_local_mid,MNQ,1min,next_execution_bar_open,next_execution_bar,stop_first,0.75,2.0,15,require_micro_momentum_confirmation,momentum_w10_close_vs_local_mid,"{""confirmation_window_minutes"": 10, ""mode"": ""close_vs_local_mid""}"
163,-135.50000000000182,7833.749999999998,7969.25,0.294478527607362,-0.8312883435582934,-34.125,0.9829971452771589,-1363.0,-0.09806136839264498,-0.23267805281250103,-0.09941305942773428,56.59509202453988,44.0,0.9386503067484663,0.049079754601226995,0.294478527607362,0.012269938650306749,57,0.17592592592592593,3,23.948411102172162,2.5,require_micro_momentum_confirmation_sm0p75_tm2p00_d15_momentum_w15_close_vs_window_open,MNQ,1min,next_execution_bar_open,next_execution_bar,stop_first,0.75,2.0,15,require_micro_momentum_confirmation,momentum_w15_close_vs_window_open,"{""confirmation_window_minutes"": 15, ""mode"": ""close_vs_window_open""}"
162,-298.32500000000255,7621.049999999997,7919.375,0.29012345679012347,-1.841512345679028,-34.3125,0.9623297293031328,-1614.375,-0.21853448582523274,-0.5143308636430568,-0.18479287650019516,54.888888888888886,40.5,0.9382716049382716,0.043209876543209874,0.29012345679012347,0.018518518518518517,58,0.17901234567901234,3,23.801488334674175,2.5,require_micro_momentum_confirmation_sm0p75_tm2p00_d15_momentum_w15_close_vs_local_mid,MNQ,1min,next_execution_bar_open,next_execution_bar,stop_first,0.75,2.0,15,require_micro_momentum_confirmation,momentum_w15_close_vs_local_mid,"{""confirmation_window_minutes"": 15, ""mode"": ""close_vs_local_mid""}"
17,-720.5,409.0,1129.5,0.35294117647058826,-42.38235294117647,-45.375,0.3621071270473661,-679.25,-6.639100868297898,-9.711613776686647,-1.0607287449392713,80.23529411764706,120.0,1.0,0.0,0.5294117647058824,0.0,224,0.691358024691358,1,2.4976870474658086,2.5,avoid_high_noise_first_5min_sm0p75_tm2p00_d5_noise_w5_r0p50,MNQ,1min,next_execution_bar_open,next_execution_bar,stop_first,0.75,2.0,5,avoid_high_noise_first_5min,noise_w5_r0p50,"{""max_range_to_stop_distance"": 0.5, ""noise_window_minutes"": 5}"
37,-61.05000000000291,2160.699999999997,2221.75,0.4594594594594595,-1.6500000000000787,-23.0,0.9725216608529299,-656.75,-0.1765969553178657,-0.36915924265583355,-0.09295774647887767,82.37837837837837,104.0,0.918918918918919,0.05405405405405406,0.4594594594594595,0.02702702702702703,194,0.5987654320987654,2,5.436142397425583,2.5,avoid_high_noise_first_5min_sm0p75_tm2p00_d10_noise_w5_r0p50,MNQ,1min,next_execution_bar_open,next_execution_bar,stop_first,0.75,2.0,10,avoid_high_noise_first_5min,noise_w5_r0p50,"{""max_range_to_stop_distance"": 0.5, ""noise_window_minutes"": 5}"
51,-571.5500000000029,2212.449999999997,2784.0,0.35294117647058826,-11.206862745098096,-35.25,0.7947018678160909,-1110.375,-1.4613715932688014,-3.044766472018611,-0.5147360126083557,75.15686274509804,89.0,0.9215686274509803,0.058823529411764705,0.39215686274509803,0.0196078431372549,189,0.5833333333333334,2,7.493061142397425,2.5,avoid_high_noise_first_5min_sm0p75_tm2p00_d5_noise_w5_r0p75,MNQ,1min,next_execution_bar_open,next_execution_bar,stop_first,0.75,2.0,5,avoid_high_noise_first_5min,noise_w5_r0p75,"{""max_range_to_stop_distance"": 0.75, ""noise_window_minutes"": 5}"
76,-1040.3250000000007,3649.2999999999993,4689.625,0.3815789473684211,-13.688486842105272,-43.5,0.7781645653970198,-1492.425000000003,-1.5942989170834172,-3.5033657539326124,-0.6970702045328903,74.01315789473684,81.5,0.9210526315789473,0.06578947368421052,0.3815789473684211,0.013157894736842105,154,0.47530864197530864,3,11.166130329847144,2.5,avoid_high_noise_first_5min_sm0p75_tm2p00_d10_noise_w5_r0p75,MNQ,1min,next_execution_bar_open,next_execution_bar,stop_first,0.75,2.0,10,avoid_high_noise_first_5min,noise_w5_r0p75,"{""max_range_to_stop_distance"": 0.75, ""noise_window_minutes"": 5}"
90,-697.5750000000025,3889.7999999999975,4587.375,0.36666666666666664,-7.750833333333362,-34.3125,0.8479359110602464,-1164.5,-1.0784279664888818,-2.375768458106595,-0.5990339201374002,70.46666666666667,80.0,0.9222222222222223,0.05555555555555555,0.37777777777777777,0.022222222222222223,150,0.46296296296296297,2,13.223049074818986,2.5,avoid_high_noise_first_5min_sm0p75_tm2p00_d5_noise_w5_r1p00,MNQ,1min,next_execution_bar_open,next_execution_bar,stop_first,0.75,2.0,5,avoid_high_noise_first_5min,noise_w5_r1p00,"{""max_range_to_stop_distance"": 1.0, ""noise_window_minutes"": 5}"
105,9.075000000000728,5868.700000000001,5859.625,0.4,0.08642857142857836,-34.125,1.001548733920686,-979.125,0.0098041216379202,0.023626999467249395,0.009268479509767115,70.48571428571428,76.0,0.9238095238095239,0.05714285714285714,0.38095238095238093,0.01904761904761905,125,0.38580246913580246,3,15.426890587288817,2.5,avoid_high_noise_first_5min_sm0p75_tm2p00_d10_noise_w5_r1p00,MNQ,1min,next_execution_bar_open,next_execution_bar,stop_first,0.75,2.0,10,avoid_high_noise_first_5min,noise_w5_r1p00,"{""max_range_to_stop_distance"": 1.0, ""noise_window_minutes"": 5}"
117,-900.0500000000011,5089.449999999999,5989.5,0.3418803418803419,-7.692735042735052,-39.0,0.849728691877452,-1608.300000000003,-1.0532854513710979,-2.41240324344163,-0.5596281788223587,64.5042735042735,61.0,0.9316239316239316,0.05128205128205128,0.3418803418803419,0.017094017094017096,123,0.37962962962962965,2,17.18996379726468,2.5,avoid_high_noise_first_5min_sm0p75_tm2p00_d5_noise_w5_r1p25,MNQ,1min,next_execution_bar_open,next_execution_bar,stop_first,0.75,2.0,5,avoid_high_noise_first_5min,noise_w5_r1p25,"{""max_range_to_stop_distance"": 1.25, ""noise_window_minutes"": 5}"
130,-212.59999999999854,6793.4000000000015,7006.0,0.36153846153846153,-1.6353846153846041,-39.0,0.9696545817870399,-1001.75,-0.1923135298155533,-0.46054855280344653,-0.2122285999500859,68.16153846153846,74.0,0.9307692307692308,0.05384615384615385,0.36153846153846153,0.015384615384615385,100,0.30864197530864196,3,19.099959774738533,2.5,avoid_high_noise_first_5min_sm0p75_tm2p00_d10_noise_w5_r1p25,MNQ,1min,next_execution_bar_open,next_execution_bar,stop_first,0.75,2.0,10,avoid_high_noise_first_5min,noise_w5_r1p25,"{""max_range_to_stop_distance"": 1.25, ""noise_window_minutes"": 5}"
5,-24.625,279.0,303.625,0.6,-4.925,36.5,0.9188966652943599,-303.625,-0.603227290083543,-1.4664844312676888,-0.08110333470564018,109.0,120.0,1.0,0.0,0.8,0.0,228,0.7037037037037037,0,0.7346138374899437,2.5,avoid_high_noise_first_5min_sm0p75_tm2p00_d10_noise_w10_r0p50,MNQ,1min,next_execution_bar_open,next_execution_bar,stop_first,0.75,2.0,10,avoid_high_noise_first_5min,noise_w10_r0p50,"{""max_range_to_stop_distance"": 0.5, ""noise_window_minutes"": 10}"
25,-979.625,678.25,1657.875,0.44,-39.185,-38.625,0.4091080449370429,-1115.875,-5.781736017079355,-8.888694614217702,-0.8778985101377843,80.12,114.0,0.96,0.04,0.48,0.0,207,0.6388888888888888,1,3.6730691874497183,2.5,avoid_high_noise_first_5min_sm0p75_tm2p00_d10_noise_w10_r0p75,MNQ,1min,next_execution_bar_open,next_execution_bar,stop_first,0.75,2.0,10,avoid_high_noise_first_5min,noise_w10_r0p75,"{""max_range_to_stop_distance"": 0.75, ""noise_window_minutes"": 10}"
66,-1623.1500000000015,2622.5999999999985,4245.75,0.3484848484848485,-24.59318181818184,-53.25,0.6177000529941703,-1778.550000000003,-3.0198673684919046,-6.273796400044471,-0.912625453318714,72.3030303030303,75.0,0.9393939393939394,0.06060606060606061,0.36363636363636365,0.0,165,0.5092592592592593,2,9.696902654867257,2.5,avoid_high_noise_first_5min_sm0p75_tm2p00_d10_noise_w10_r1p00,MNQ,1min,next_execution_bar_open,next_execution_bar,stop_first,0.75,2.0,10,avoid_high_noise_first_5min,noise_w10_r1p00,"{""max_range_to_stop_distance"": 1.0, ""noise_window_minutes"": 10}"
95,-1157.75,4364.5,5522.25,0.37894736842105264,-12.186842105263159,-39.75,0.7903481370818054,-1432.7250000000022,-1.49660054304331,-3.2197350308044057,-0.8080755204243649,72.90526315789474,83.0,0.9368421052631579,0.06315789473684211,0.37894736842105264,0.0,135,0.4166666666666667,3,13.95766291230893,2.5,avoid_high_noise_first_5min_sm0p75_tm2p00_d10_noise_w10_r1p25,MNQ,1min,next_execution_bar_open,next_execution_bar,stop_first,0.75,2.0,10,avoid_high_noise_first_5min,noise_w10_r1p25,"{""max_range_to_stop_distance"": 1.25, ""noise_window_minutes"": 10}"
36,-230.8125,899.4375,1130.25,0.2777777777777778,-6.411458333333333,-20.625,0.7957863304578633,-760.125,-1.422739897741635,-2.9770325649687,-0.30365071534287125,55.02777777777778,36.0,0.9166666666666666,0.05555555555555555,0.2777777777777778,0.027777777777777776,205,0.6327160493827161,1,5.289219629927595,2.5,avoid_immediate_adverse_move_sm0p75_tm2p50_d5_adverse_w5_ticks8,MNQ,1min,next_execution_bar_open,next_execution_bar,stop_first,0.75,2.5,5,avoid_immediate_adverse_move,adverse_w5_ticks8,"{""adverse_window_minutes"": 5, ""max_adverse_ticks"": 8}"
32,-155.4375,1056.4375,1211.875,0.3125,-4.857421875,-22.25,0.8717380092831356,-718.625,-0.74654933409053,-1.7296103517076054,-0.21629848669333798,62.71875,65.5,0.90625,0.0625,0.3125,0.03125,189,0.5833333333333334,1,4.701528559935639,2.5,avoid_immediate_adverse_move_sm0p75_tm2p50_d15_adverse_w5_ticks8,MNQ,1min,next_execution_bar_open,next_execution_bar,stop_first,0.75,2.5,15,avoid_immediate_adverse_move,adverse_w5_ticks8,"{""adverse_window_minutes"": 5, ""max_adverse_ticks"": 8}"
53,484.0625,2219.9375,1735.875,0.3018867924528302,9.133254716981131,-21.375,1.2788579246777563,-681.75,1.3108526628528572,4.387025061157527,0.7100293362669601,56.84905660377358,36.0,0.9433962264150944,0.03773584905660377,0.3018867924528302,0.018867924528301886,187,0.5771604938271605,2,7.786906677393403,2.5,avoid_immediate_adverse_move_sm0p75_tm2p50_d5_adverse_w5_ticks12,MNQ,1min,next_execution_bar_open,next_execution_bar,stop_first,0.75,2.5,5,avoid_immediate_adverse_move,adverse_w5_ticks12,"{""adverse_window_minutes"": 5, ""max_adverse_ticks"": 12}"
47,536.4375,2392.9375,1856.5,0.3404255319148936,11.413563829787234,-25.125,1.2889509830325883,-646.375,1.3953366080832745,4.084304160355567,0.8299168439373429,65.70212765957447,74.0,0.9361702127659575,0.0425531914893617,0.3617021276595745,0.02127659574468085,173,0.5339506172839507,2,6.9053700724054705,2.5,avoid_immediate_adverse_move_sm0p75_tm2p50_d15_adverse_w5_ticks12,MNQ,1min,next_execution_bar_open,next_execution_bar,stop_first,0.75,2.5,15,avoid_immediate_adverse_move,adverse_w5_ticks12,"{""adverse_window_minutes"": 5, ""max_adverse_ticks"": 12}"
61,612.4375,2562.4375,1950.0,0.3114754098360656,10.039959016393443,-21.375,1.3140705128205128,-824.625,1.461766646368269,5.004746797864673,0.7426860694254964,57.868852459016395,36.0,0.9508196721311475,0.03278688524590164,0.3114754098360656,0.01639344262295082,179,0.5524691358024691,2,8.962288817377312,2.5,avoid_immediate_adverse_move_sm0p75_tm2p50_d5_adverse_w5_ticks16,MNQ,1min,next_execution_bar_open,next_execution_bar,stop_first,0.75,2.5,5,avoid_immediate_adverse_move,adverse_w5_ticks16,"{""adverse_window_minutes"": 5, ""max_adverse_ticks"": 16}"
54,662.6875,2684.9375,2022.25,0.35185185185185186,12.27199074074074,-23.8125,1.327698108542465,-760.375,1.5594363663758348,4.578557284557023,0.871527206970245,66.48148148148148,74.5,0.9444444444444444,0.037037037037037035,0.37037037037037035,0.018518518518518517,166,0.5123456790123457,2,7.9338294448913915,2.5,avoid_immediate_adverse_move_sm0p75_tm2p50_d15_adverse_w5_ticks16,MNQ,1min,next_execution_bar_open,next_execution_bar,stop_first,0.75,2.5,15,avoid_immediate_adverse_move,adverse_w5_ticks16,"{""adverse_window_minutes"": 5, ""max_adverse_ticks"": 16}"
78,-326.5625,2652.4375,2979.0,0.2692307692307692,-4.186698717948718,-28.875,0.8903784827123196,-1494.0,-0.6461371493786099,-1.7432859727484395,-0.2185826639892905,52.55128205128205,29.5,0.9615384615384616,0.02564102564102564,0.2692307692307692,0.01282051282051282,162,0.5,2,11.459975864843122,2.5,avoid_immediate_adverse_move_sm0p75_tm2p50_d5_adverse_w5_ticks24,MNQ,1min,next_execution_bar_open,next_execution_bar,stop_first,0.75,2.5,5,avoid_immediate_adverse_move,adverse_w5_ticks24,"{""adverse_window_minutes"": 5, ""max_adverse_ticks"": 24}"
70,309.8125,3216.4375,2906.625,0.3,4.425892857142857,-29.625,1.1065883971960606,-991.875,0.5380195883483813,1.46678191168663,0.31235034656584754,61.6,62.0,0.9571428571428572,0.02857142857142857,0.32857142857142857,0.014285714285714285,150,0.46296296296296297,2,10.284593724859212,2.5,avoid_immediate_adverse_move_sm0p75_tm2p50_d15_adverse_w5_ticks24,MNQ,1min,next_execution_bar_open,next_execution_bar,stop_first,0.75,2.5,15,avoid_immediate_adverse_move,adverse_w5_ticks24,"{""adverse_window_minutes"": 5, ""max_adverse_ticks"": 24}"
25,-428.6875,656.9375,1085.625,0.36,-17.1475,-28.5,0.6051237766263673,-703.25,-3.281684557313039,-5.93658467377209,-0.6095805190188411,64.68,61.0,0.92,0.08,0.36,0.0,196,0.6049382716049383,1,3.6730691874497183,2.5,avoid_immediate_adverse_move_sm0p75_tm2p50_d15_adverse_w10_ticks8,MNQ,1min,next_execution_bar_open,next_execution_bar,stop_first,0.75,2.5,15,avoid_immediate_adverse_move,adverse_w10_ticks8,"{""adverse_window_minutes"": 10, ""max_adverse_ticks"": 8}"
42,-44.9375,1739.9375,1784.875,0.3333333333333333,-1.0699404761904763,-28.125,0.9748231668884376,-933.25,-0.14546592672720118,-0.37871296482282485,-0.048151620680417895,64.95238095238095,72.0,0.9285714285714286,0.047619047619047616,0.35714285714285715,0.023809523809523808,178,0.5493827160493827,2,6.170756234915527,2.5,avoid_immediate_adverse_move_sm0p75_tm2p50_d15_adverse_w10_ticks12,MNQ,1min,next_execution_bar_open,next_execution_bar,stop_first,0.75,2.5,15,avoid_immediate_adverse_move,adverse_w10_ticks12,"{""adverse_window_minutes"": 10, ""max_adverse_ticks"": 12}"
48,115.4375,2031.9375,1916.5,0.3541666666666667,2.4049479166666665,-26.4375,1.0602334985650925,-1047.25,0.3349798580584379,0.8790609647820622,0.11022917164000955,67.02083333333333,74.5,0.9375,0.041666666666666664,0.375,0.020833333333333332,172,0.5308641975308642,2,7.052292839903459,2.5,avoid_immediate_adverse_move_sm0p75_tm2p50_d15_adverse_w10_ticks16,MNQ,1min,next_execution_bar_open,next_execution_bar,stop_first,0.75,2.5,15,avoid_immediate_adverse_move,adverse_w10_ticks16,"{""adverse_window_minutes"": 10, ""max_adverse_ticks"": 16}"
58,243.8125,2563.4375,2319.625,0.3275862068965517,4.203663793103448,-29.625,1.1051085843616963,-1064.5,0.5397920991314938,1.678276671596737,0.22903945514325974,63.172413793103445,66.5,0.9482758620689655,0.034482758620689655,0.3448275862068966,0.017241379310344827,162,0.5,2,8.521520514883345,2.5,avoid_immediate_adverse_move_sm0p75_tm2p50_d15_adverse_w10_ticks24,MNQ,1min,next_execution_bar_open,next_execution_bar,stop_first,0.75,2.5,15,avoid_immediate_adverse_move,adverse_w10_ticks24,"{""adverse_window_minutes"": 10, ""max_adverse_ticks"": 24}"
22,-413.3125,614.9375,1028.25,0.36363636363636365,-18.786931818181817,-33.0,0.5980427911500121,-720.125,-3.411205232999896,-6.430991060299735,-0.5739454955736851,66.5,65.5,0.9090909090909091,0.09090909090909091,0.36363636363636365,0.0,199,0.6141975308641975,1,3.232300884955752,2.5,avoid_immediate_adverse_move_sm0p75_tm2p50_d15_adverse_w15_ticks8,MNQ,1min,next_execution_bar_open,next_execution_bar,stop_first,0.75,2.5,15,avoid_immediate_adverse_move,adverse_w15_ticks8,"{""adverse_window_minutes"": 15, ""max_adverse_ticks"": 8}"
36,30.8125,1697.9375,1667.125,0.3611111111111111,0.8559027777777778,-36.0,1.0184824173352327,-927.625,0.10818768102877109,0.30313208236186856,0.03321654763508961,69.27777777777777,76.0,0.9166666666666666,0.05555555555555555,0.3888888888888889,0.027777777777777776,184,0.5679012345679012,2,5.289219629927595,2.5,avoid_immediate_adverse_move_sm0p75_tm2p50_d15_adverse_w15_ticks12,MNQ,1min,next_execution_bar_open,next_execution_bar,stop_first,0.75,2.5,15,avoid_immediate_adverse_move,adverse_w15_ticks12,"{""adverse_window_minutes"": 15, ""max_adverse_ticks"": 12}"
42,191.1875,1989.9375,1798.75,0.38095238095238093,4.552083333333333,-31.5,1.1062890896455873,-1041.625,0.595687653420745,1.6567868187535384,0.18354734189367575,71.02380952380952,84.0,0.9285714285714286,0.047619047619047616,0.40476190476190477,0.023809523809523808,178,0.5493827160493827,2,6.170756234915527,2.5,avoid_immediate_adverse_move_sm0p75_tm2p50_d15_adverse_w15_ticks16,MNQ,1min,next_execution_bar_open,next_execution_bar,stop_first,0.75,2.5,15,avoid_immediate_adverse_move,adverse_w15_ticks16,"{""adverse_window_minutes"": 15, ""max_adverse_ticks"": 16}"
51,398.6875,2521.4375,2122.75,0.35294117647058826,7.817401960784314,-34.5,1.1878165116005182,-979.75,0.9494229261830612,3.0906666943002676,0.4069277877009441,66.92156862745098,74.0,0.9411764705882353,0.0392156862745098,0.37254901960784315,0.0196078431372549,169,0.5216049382716049,2,7.493061142397425,2.5,avoid_immediate_adverse_move_sm0p75_tm2p50_d15_adverse_w15_ticks24,MNQ,1min,next_execution_bar_open,next_execution_bar,stop_first,0.75,2.5,15,avoid_immediate_adverse_move,adverse_w15_ticks24,"{""adverse_window_minutes"": 15, ""max_adverse_ticks"": 24}"
80,-1355.8125,2405.3125,3761.125,0.2625,-16.94765625,-34.125,0.6395194257037455,-1503.6875,-2.5211522479909942,-5.186364026792481,-0.9016584230433518,57.2,39.0,0.975,0.0125,0.3125,0.0125,160,0.49382716049382713,2,11.753821399839099,2.5,require_no_stop_zone_touch_before_entry_sm0p75_tm2p50_d5_stop_zone_0p50,MNQ,1min,next_execution_bar_open,next_execution_bar,stop_first,0.75,2.5,5,require_no_stop_zone_touch_before_entry,stop_zone_0p50,"{""stop_zone_fraction"": 0.5}"
31,-744.1875,893.9375,1638.125,0.25806451612903225,-24.006048387096776,-40.125,0.5457077451354445,-881.625,-3.634875382461711,-6.111626934586431,-0.8441088898341131,58.83870967741935,44.0,0.967741935483871,0.03225806451612903,0.3225806451612903,0.0,190,0.5864197530864198,1,4.55460579243765,2.5,require_no_stop_zone_touch_before_entry_sm0p75_tm2p50_d15_stop_zone_0p50,MNQ,1min,next_execution_bar_open,next_execution_bar,stop_first,0.75,2.5,15,require_no_stop_zone_touch_before_entry,stop_zone_0p50,"{""stop_zone_fraction"": 0.5}"
17,-170.5,604.5,775.0,0.29411764705882354,-10.029411764705882,-21.75,0.78,-433.875,-1.5702411019778377,-3.6815494450877932,-0.3929703255545952,67.0,61.0,1.0,0.0,0.4117647058823529,0.0,178,0.5493827160493827,0,2.4976870474658086,2.5,require_no_stop_zone_touch_before_entry_sm0p75_tm2p50_d30_stop_zone_0p50,MNQ,1min,next_execution_bar_open,next_execution_bar,stop_first,0.75,2.5,30,require_no_stop_zone_touch_before_entry,stop_zone_0p50,"{""stop_zone_fraction"": 0.5}"
132,-424.0625,5572.9375,5997.0,0.26515151515151514,-3.212594696969697,-33.5625,0.9292875604468901,-1329.125,-0.40788694351921595,-1.0968645272389062,-0.31905388883664065,56.34848484848485,35.0,0.9696969696969697,0.015151515151515152,0.29545454545454547,0.015151515151515152,108,0.3333333333333333,2,19.393805309734514,2.5,require_no_stop_zone_touch_before_entry_sm0p75_tm2p50_d5_stop_zone_0p75,MNQ,1min,next_execution_bar_open,next_execution_bar,stop_first,0.75,2.5,5,require_no_stop_zone_touch_before_entry,stop_zone_0p75,"{""stop_zone_fraction"": 0.75}"
66,-1437.0625,2192.9375,3630.0,0.2727272727272727,-21.773674242424242,-34.875,0.6041150137741047,-1663.375,-3.175953266955194,-5.516635743870085,-0.8639437889832419,60.71212121212121,48.0,0.9545454545454546,0.030303030303030304,0.3181818181818182,0.015151515151515152,155,0.4783950617283951,1,9.696902654867257,2.5,require_no_stop_zone_touch_before_entry_sm0p75_tm2p50_d15_stop_zone_0p75,MNQ,1min,next_execution_bar_open,next_execution_bar,stop_first,0.75,2.5,15,require_no_stop_zone_touch_before_entry,stop_zone_0p75,"{""stop_zone_fraction"": 0.75}"
39,-399.75,1328.0,1727.75,0.38461538461538464,-10.25,-25.5,0.7686297207350601,-711.0,-1.7052427253778173,-3.194251326671831,-0.5622362869198312,77.05128205128206,120.0,1.0,0.0,0.5128205128205128,0.0,155,0.4783950617283951,2,5.729987932421561,2.5,require_no_stop_zone_touch_before_entry_sm0p75_tm2p50_d30_stop_zone_0p75,MNQ,1min,next_execution_bar_open,next_execution_bar,stop_first,0.75,2.5,30,require_no_stop_zone_touch_before_entry,stop_zone_0p75,"{""stop_zone_fraction"": 0.75}"
160,1463.5,8111.875,6648.375,0.3,9.146875,-26.625,1.220128978885818,-1345.375,1.0892852051180828,3.1304813876922752,1.0878007990337266,55.825,33.0,0.95,0.03125,0.3,0.01875,79,0.24382716049382716,3,23.507642799678198,2.5,require_no_stop_zone_touch_before_entry_sm0p75_tm2p50_d5_stop_zone_1p00,MNQ,1min,next_execution_bar_open,next_execution_bar,stop_first,0.75,2.5,5,require_no_stop_zone_touch_before_entry,stop_zone_1p00,"{""stop_zone_fraction"": 1.0}"
98,-1922.5,3569.0,5491.5,0.2857142857142857,-19.617346938775512,-38.0625,0.6499135026859693,-2447.0,-2.5697450507598356,-4.914086721405549,-0.7856559051900286,62.41836734693877,55.5,0.9591836734693877,0.030612244897959183,0.3163265306122449,0.01020408163265306,123,0.37962962962962965,2,14.398431214802896,2.5,require_no_stop_zone_touch_before_entry_sm0p75_tm2p50_d15_stop_zone_1p00,MNQ,1min,next_execution_bar_open,next_execution_bar,stop_first,0.75,2.5,15,require_no_stop_zone_touch_before_entry,stop_zone_1p00,"{""stop_zone_fraction"": 1.0}"
73,-1480.375,2384.5,3864.875,0.3561643835616438,-20.279109589041095,-33.0,0.6169669135483037,-2156.0,-3.119682272768757,-5.242495212366781,-0.6866303339517625,75.65753424657534,87.0,0.958904109589041,0.0136986301369863,0.410958904109589,0.0273972602739726,121,0.3734567901234568,2,10.725362027353178,2.5,require_no_stop_zone_touch_before_entry_sm0p75_tm2p50_d30_stop_zone_1p00,MNQ,1min,next_execution_bar_open,next_execution_bar,stop_first,0.75,2.5,30,require_no_stop_zone_touch_before_entry,stop_zone_1p00,"{""stop_zone_fraction"": 1.0}"
146,959.1875,7318.4375,6359.25,0.2945205479452055,6.569777397260274,-33.75,1.1508334316153634,-1188.0,0.7798696191492192,2.2518543328410905,0.8073968855218855,54.11643835616438,28.5,0.958904109589041,0.02054794520547945,0.2945205479452055,0.02054794520547945,94,0.29012345679012347,2,21.450724054706356,2.5,require_micro_momentum_confirmation_sm0p75_tm2p50_d5_momentum_w5_close_vs_window_open,MNQ,1min,next_execution_bar_open,next_execution_bar,stop_first,0.75,2.5,5,require_micro_momentum_confirmation,momentum_w5_close_vs_window_open,"{""confirmation_window_minutes"": 5, ""mode"": ""close_vs_window_open""}"
163,-265.25,7704.0,7969.25,0.294478527607362,-1.6273006134969326,-34.125,0.9667158139097155,-1363.0,-0.19275308205106695,-0.4554823137159784,-0.1946074834922964,58.03680981595092,44.0,0.9693251533742331,0.018404907975460124,0.32515337423312884,0.012269938650306749,57,0.17592592592592593,3,23.948411102172162,2.5,require_micro_momentum_confirmation_sm0p75_tm2p50_d15_momentum_w5_close_vs_window_open,MNQ,1min,next_execution_bar_open,next_execution_bar,stop_first,0.75,2.5,15,require_micro_momentum_confirmation,momentum_w5_close_vs_window_open,"{""confirmation_window_minutes"": 5, ""mode"": ""close_vs_window_open""}"
146,63.1875,6661.9375,6598.75,0.2876712328767123,0.432791095890411,-34.6875,1.0095756772115931,-1457.875,0.05534038835058999,0.14119149073487297,0.04334219326073909,54.917808219178085,30.5,0.958904109589041,0.02054794520547945,0.2876712328767123,0.02054794520547945,93,0.28703703703703703,3,21.450724054706356,2.5,require_micro_momentum_confirmation_sm0p75_tm2p50_d5_momentum_w5_close_vs_local_mid,MNQ,1min,next_execution_bar_open,next_execution_bar,stop_first,0.75,2.5,5,require_micro_momentum_confirmation,momentum_w5_close_vs_local_mid,"{""confirmation_window_minutes"": 5, ""mode"": ""close_vs_local_mid""}"
161,-1155.875,6915.0,8070.875,0.2795031055900621,-7.179347826086956,-35.25,0.8567844254805086,-1873.125,-0.8742168176613002,-1.9798052375859632,-0.6170837504170837,55.41614906832298,34.0,0.968944099378882,0.012422360248447204,0.3105590062111801,0.018633540372670808,59,0.18209876543209877,3,23.654565567176185,2.5,require_micro_momentum_confirmation_sm0p75_tm2p50_d15_momentum_w5_close_vs_local_mid,MNQ,1min,next_execution_bar_open,next_execution_bar,stop_first,0.75,2.5,15,require_micro_momentum_confirmation,momentum_w5_close_vs_local_mid,"{""confirmation_window_minutes"": 5, ""mode"": ""close_vs_local_mid""}"
163,-265.25,7704.0,7969.25,0.294478527607362,-1.6273006134969326,-34.125,0.9667158139097155,-1363.0,-0.19275308205106695,-0.4554823137159784,-0.1946074834922964,58.03680981595092,44.0,0.9693251533742331,0.018404907975460124,0.32515337423312884,0.012269938650306749,57,0.17592592592592593,3,23.948411102172162,2.5,require_micro_momentum_confirmation_sm0p75_tm2p50_d15_momentum_w10_close_vs_window_open,MNQ,1min,next_execution_bar_open,next_execution_bar,stop_first,0.75,2.5,15,require_micro_momentum_confirmation,momentum_w10_close_vs_window_open,"{""confirmation_window_minutes"": 10, ""mode"": ""close_vs_window_open""}"
159,-390.625,7454.5,7845.125,0.29559748427672955,-2.4567610062893084,-34.5,0.9502079316773155,-1556.625,-0.2907847489667113,-0.6831084940572566,-0.2509435477395005,57.333333333333336,44.0,0.9685534591194969,0.012578616352201259,0.3270440251572327,0.018867924528301886,61,0.1882716049382716,3,23.360720032180208,2.5,require_micro_momentum_confirmation_sm0p75_tm2p50_d15_momentum_w10_close_vs_local_mid,MNQ,1min,next_execution_bar_open,next_execution_bar,stop_first,0.75,2.5,15,require_micro_momentum_confirmation,momentum_w10_close_vs_local_mid,"{""confirmation_window_minutes"": 10, ""mode"": ""close_vs_local_mid""}"
163,-265.25,7704.0,7969.25,0.294478527607362,-1.6273006134969326,-34.125,0.9667158139097155,-1363.0,-0.19275308205106695,-0.4554823137159784,-0.1946074834922964,58.03680981595092,44.0,0.9693251533742331,0.018404907975460124,0.32515337423312884,0.012269938650306749,57,0.17592592592592593,3,23.948411102172162,2.5,require_micro_momentum_confirmation_sm0p75_tm2p50_d15_momentum_w15_close_vs_window_open,MNQ,1min,next_execution_bar_open,next_execution_bar,stop_first,0.75,2.5,15,require_micro_momentum_confirmation,momentum_w15_close_vs_window_open,"{""confirmation_window_minutes"": 15, ""mode"": ""close_vs_window_open""}"
162,-464.875,7454.5,7919.375,0.29012345679012347,-2.869598765432099,-34.3125,0.9412990292794571,-1614.375,-0.3427018844642278,-0.8014734274233268,-0.28795973674022457,56.29012345679013,40.5,0.9691358024691358,0.012345679012345678,0.32098765432098764,0.018518518518518517,58,0.17901234567901234,3,23.801488334674175,2.5,require_micro_momentum_confirmation_sm0p75_tm2p50_d15_momentum_w15_close_vs_local_mid,MNQ,1min,next_execution_bar_open,next_execution_bar,stop_first,0.75,2.5,15,require_micro_momentum_confirmation,momentum_w15_close_vs_local_mid,"{""confirmation_window_minutes"": 15, ""mode"": ""close_vs_local_mid""}"
17,-720.5,409.0,1129.5,0.35294117647058826,-42.38235294117647,-45.375,0.3621071270473661,-679.25,-6.639100868297898,-9.711613776686647,-1.0607287449392713,80.23529411764706,120.0,1.0,0.0,0.5294117647058824,0.0,224,0.691358024691358,1,2.4976870474658086,2.5,avoid_high_noise_first_5min_sm0p75_tm2p50_d5_noise_w5_r0p50,MNQ,1min,next_execution_bar_open,next_execution_bar,stop_first,0.75,2.5,5,avoid_high_noise_first_5min,noise_w5_r0p50,"{""max_range_to_stop_distance"": 0.5, ""noise_window_minutes"": 5}"
37,-40.75,2181.0,2221.75,0.4594594594594595,-1.1013513513513513,-23.0,0.9816586024530213,-656.75,-0.11646277689963169,-0.2464085034926208,-0.06204796345641416,83.4054054054054,120.0,0.972972972972973,0.0,0.5135135135135135,0.02702702702702703,194,0.5987654320987654,2,5.436142397425583,2.5,avoid_high_noise_first_5min_sm0p75_tm2p50_d10_noise_w5_r0p50,MNQ,1min,next_execution_bar_open,next_execution_bar,stop_first,0.75,2.5,10,avoid_high_noise_first_5min,noise_w5_r0p50,"{""max_range_to_stop_distance"": 0.5, ""noise_window_minutes"": 5}"
51,-508.5,2275.5,2784.0,0.35294117647058826,-9.970588235294118,-35.25,0.8173491379310345,-1110.375,-1.2655900711463066,-2.7088859260282665,-0.4579533941236069,76.70588235294117,89.0,0.9803921568627451,0.0,0.45098039215686275,0.0196078431372549,189,0.5833333333333334,2,7.493061142397425,2.5,avoid_high_noise_first_5min_sm0p75_tm2p50_d5_noise_w5_r0p75,MNQ,1min,next_execution_bar_open,next_execution_bar,stop_first,0.75,2.5,5,avoid_high_noise_first_5min,noise_w5_r0p75,"{""max_range_to_stop_distance"": 0.75, ""noise_window_minutes"": 5}"
76,-1211.1875,3478.4375,4689.625,0.3815789473684211,-15.936677631578947,-43.5,0.741730415544953,-1472.125,-1.9117470221659152,-4.078756935660735,-0.8227477286235884,75.11842105263158,83.5,0.9736842105263158,0.013157894736842105,0.4342105263157895,0.013157894736842105,154,0.47530864197530864,3,11.166130329847144,2.5,avoid_high_noise_first_5min_sm0p75_tm2p50_d10_noise_w5_r0p75,MNQ,1min,next_execution_bar_open,next_execution_bar,stop_first,0.75,2.5,10,avoid_high_noise_first_5min,noise_w5_r0p75,"{""max_range_to_stop_distance"": 0.75, ""noise_window_minutes"": 5}"
90,-632.375,3955.0,4587.375,0.36666666666666664,-7.026388888888889,-34.3125,0.8621488323932532,-1164.5,-0.9584762510292572,-2.153713333613092,-0.5430442249892657,71.92222222222222,85.0,0.9666666666666667,0.011111111111111112,0.4222222222222222,0.022222222222222223,150,0.46296296296296297,2,13.223049074818986,2.5,avoid_high_noise_first_5min_sm0p75_tm2p50_d5_noise_w5_r1p00,MNQ,1min,next_execution_bar_open,next_execution_bar,stop_first,0.75,2.5,5,avoid_high_noise_first_5min,noise_w5_r1p00,"{""max_range_to_stop_distance"": 1.0, ""noise_window_minutes"": 5}"
105,-123.1875,5736.4375,5859.625,0.4,-1.1732142857142858,-34.125,0.9789768969857287,-1002.375,-0.13465577063091602,-0.32072187293350424,-0.12289562289562289,71.41904761904762,76.0,0.9714285714285714,0.009523809523809525,0.42857142857142855,0.01904761904761905,125,0.38580246913580246,3,15.426890587288817,2.5,avoid_high_noise_first_5min_sm0p75_tm2p50_d10_noise_w5_r1p00,MNQ,1min,next_execution_bar_open,next_execution_bar,stop_first,0.75,2.5,10,avoid_high_noise_first_5min,noise_w5_r1p00,"{""max_range_to_stop_distance"": 1.0, ""noise_window_minutes"": 5}"
117,-809.5625,5179.9375,5989.5,0.3418803418803419,-6.9193376068376065,-39.0,0.8648363803322481,-1556.25,-0.9318149800950527,-2.169869674761082,-0.5202008032128514,65.83760683760684,73.0,0.9658119658119658,0.017094017094017096,0.37606837606837606,0.017094017094017096,123,0.37962962962962965,2,17.18996379726468,2.5,avoid_high_noise_first_5min_sm0p75_tm2p50_d5_noise_w5_r1p25,MNQ,1min,next_execution_bar_open,next_execution_bar,stop_first,0.75,2.5,5,avoid_high_noise_first_5min,noise_w5_r1p25,"{""max_range_to_stop_distance"": 1.25, ""noise_window_minutes"": 5}"
130,-308.0625,6697.9375,7006.0,0.36153846153846153,-2.3697115384615386,-39.0,0.9560287610619469,-1001.75,-0.28082254348422353,-0.667345900978423,-0.30752433241826804,68.96153846153847,74.0,0.9692307692307692,0.015384615384615385,0.4,0.015384615384615385,100,0.30864197530864196,3,19.099959774738533,2.5,avoid_high_noise_first_5min_sm0p75_tm2p50_d10_noise_w5_r1p25,MNQ,1min,next_execution_bar_open,next_execution_bar,stop_first,0.75,2.5,10,avoid_high_noise_first_5min,noise_w5_r1p25,"{""max_range_to_stop_distance"": 1.25, ""noise_window_minutes"": 5}"
5,-24.625,279.0,303.625,0.6,-4.925,36.5,0.9188966652943599,-303.625,-0.603227290083543,-1.4664844312676888,-0.08110333470564018,109.0,120.0,1.0,0.0,0.8,0.0,228,0.7037037037037037,0,0.7346138374899437,2.5,avoid_high_noise_first_5min_sm0p75_tm2p50_d10_noise_w10_r0p50,MNQ,1min,next_execution_bar_open,next_execution_bar,stop_first,0.75,2.5,10,avoid_high_noise_first_5min,noise_w10_r0p50,"{""max_range_to_stop_distance"": 0.5, ""noise_window_minutes"": 10}"
25,-987.875,670.0,1657.875,0.44,-39.515,-38.625,0.4041317952197844,-1115.875,-5.859816092837117,-8.963551554952467,-0.8852918113587992,80.36,120.0,1.0,0.0,0.52,0.0,207,0.6388888888888888,1,3.6730691874497183,2.5,avoid_high_noise_first_5min_sm0p75_tm2p50_d10_noise_w10_r0p75,MNQ,1min,next_execution_bar_open,next_execution_bar,stop_first,0.75,2.5,10,avoid_high_noise_first_5min,noise_w10_r0p75,"{""max_range_to_stop_distance"": 0.75, ""noise_window_minutes"": 10}"
66,-1585.8125,2659.9375,4245.75,0.3484848484848485,-24.02746212121212,-53.25,0.6264941412000236,-1758.25,-2.917290541648778,-6.129479563592715,-0.9019266315939144,72.96969696969697,75.0,0.9848484848484849,0.015151515151515152,0.4090909090909091,0.0,165,0.5092592592592593,2,9.696902654867257,2.5,avoid_high_noise_first_5min_sm0p75_tm2p50_d10_noise_w10_r1p00,MNQ,1min,next_execution_bar_open,next_execution_bar,stop_first,0.75,2.5,10,avoid_high_noise_first_5min,noise_w10_r1p00,"{""max_range_to_stop_distance"": 1.0, ""noise_window_minutes"": 10}"
95,-1291.8125,4230.4375,5522.25,0.37894736842105264,-13.598026315789474,-39.75,0.7660713477296391,-1572.5,-1.7068693379291224,-3.5925665812835383,-0.8215023847376789,73.85263157894737,84.0,0.9789473684210527,0.021052631578947368,0.42105263157894735,0.0,135,0.4166666666666667,3,13.95766291230893,2.5,avoid_high_noise_first_5min_sm0p75_tm2p50_d10_noise_w10_r1p25,MNQ,1min,next_execution_bar_open,next_execution_bar,stop_first,0.75,2.5,10,avoid_high_noise_first_5min,noise_w10_r1p25,"{""max_range_to_stop_distance"": 1.25, ""noise_window_minutes"": 10}"
36,-151.6750000000029,1103.324999999997,1255.0,0.3611111111111111,-4.213194444444525,-20.0,0.8791434262948185,-721.5,-0.7969929373881678,-1.4018205358749816,-0.21022176022176425,61.916666666666664,53.0,0.8333333333333334,0.1388888888888889,0.2777777777777778,0.027777777777777776,205,0.6327160493827161,1,5.289219629927595,2.5,avoid_immediate_adverse_move_sm1p00_tm1p50_d5_adverse_w5_ticks8,MNQ,1min,next_execution_bar_open,next_execution_bar,stop_first,1.0,1.5,5,avoid_immediate_adverse_move,adverse_w5_ticks8,"{""adverse_window_minutes"": 5, ""max_adverse_ticks"": 8}"
32,35.3125,1329.8125,1294.5,0.375,1.103515625,-20.0,1.02727887215141,-503.27500000000146,0.15010793785093648,0.2964948061682703,0.07016541652178213,66.46875,71.5,0.8125,0.15625,0.34375,0.03125,189,0.5833333333333334,1,4.701528559935639,2.5,avoid_immediate_adverse_move_sm1p00_tm1p50_d15_adverse_w5_ticks8,MNQ,1min,next_execution_bar_open,next_execution_bar,stop_first,1.0,1.5,15,avoid_immediate_adverse_move,adverse_w5_ticks8,"{""adverse_window_minutes"": 5, ""max_adverse_ticks"": 8}"
53,623.3250000000007,2522.8250000000007,1899.5,0.37735849056603776,11.760849056603787,-18.5,1.3281521453013956,-648.5,1.528248571854135,4.105663728659055,0.9611796453353905,62.320754716981135,57.0,0.8301886792452831,0.1509433962264151,0.2830188679245283,0.018867924528301886,187,0.5771604938271605,2,7.786906677393403,2.5,avoid_immediate_adverse_move_sm1p00_tm1p50_d5_adverse_w5_ticks12,MNQ,1min,next_execution_bar_open,next_execution_bar,stop_first,1.0,1.5,5,avoid_immediate_adverse_move,adverse_w5_ticks12,"{""adverse_window_minutes"": 5, ""max_adverse_ticks"": 12}"
47,811.5375000000022,2768.037500000002,1956.5,0.3829787234042553,17.26675531914898,-21.0,1.4147904421160247,-526.0,1.9409142795259278,5.042769244633725,1.5428469581749091,68.31914893617021,74.0,0.8085106382978723,0.1702127659574468,0.3404255319148936,0.02127659574468085,173,0.5339506172839507,2,6.9053700724054705,2.5,avoid_immediate_adverse_move_sm1p00_tm1p50_d15_adverse_w5_ticks12,MNQ,1min,next_execution_bar_open,next_execution_bar,stop_first,1.0,1.5,15,avoid_immediate_adverse_move,adverse_w5_ticks12,"{""adverse_window_minutes"": 5, ""max_adverse_ticks"": 12}"
61,983.375,3039.875,2056.5,0.39344262295081966,16.12090163934426,-18.5,1.4781789448091418,-522.2999999999993,2.123742173799835,5.8502558838377645,1.8827780968791907,63.14754098360656,69.0,0.819672131147541,0.16393442622950818,0.29508196721311475,0.01639344262295082,179,0.5524691358024691,2,8.962288817377312,2.5,avoid_immediate_adverse_move_sm1p00_tm1p50_d5_adverse_w5_ticks16,MNQ,1min,next_execution_bar_open,next_execution_bar,stop_first,1.0,1.5,5,avoid_immediate_adverse_move,adverse_w5_ticks16,"{""adverse_window_minutes"": 5, ""max_adverse_ticks"": 16}"
54,1190.5875000000015,3282.5875000000015,2092.0,0.4074074074074074,22.047916666666694,-20.75,1.5691144837476105,-526.0,2.538280641999379,6.670786608710677,2.263474334600763,69.4074074074074,74.0,0.7962962962962963,0.18518518518518517,0.3333333333333333,0.018518518518518517,166,0.5123456790123457,2,7.9338294448913915,2.5,avoid_immediate_adverse_move_sm1p00_tm1p50_d15_adverse_w5_ticks16,MNQ,1min,next_execution_bar_open,next_execution_bar,stop_first,1.0,1.5,15,avoid_immediate_adverse_move,adverse_w5_ticks16,"{""adverse_window_minutes"": 5, ""max_adverse_ticks"": 16}"
78,871.6500000000015,3778.6500000000015,2907.0,0.358974358974359,11.175000000000018,-21.5,1.2998452012383905,-754.2999999999993,1.4579506954961103,4.2247831612366,1.155574705024529,63.08974358974359,65.0,0.8461538461538461,0.14102564102564102,0.3076923076923077,0.01282051282051282,162,0.5,2,11.459975864843122,2.5,avoid_immediate_adverse_move_sm1p00_tm1p50_d5_adverse_w5_ticks24,MNQ,1min,next_execution_bar_open,next_execution_bar,stop_first,1.0,1.5,5,avoid_immediate_adverse_move,adverse_w5_ticks24,"{""adverse_window_minutes"": 5, ""max_adverse_ticks"": 24}"
70,1199.862500000003,3935.862500000003,2736.0,0.35714285714285715,17.140892857142898,-22.25,1.438546235380118,-630.5,2.0332671711579295,5.8154062754071525,1.9030333068992908,68.02857142857142,71.5,0.8285714285714286,0.15714285714285714,0.34285714285714286,0.014285714285714285,150,0.46296296296296297,2,10.284593724859212,2.5,avoid_immediate_adverse_move_sm1p00_tm1p50_d15_adverse_w5_ticks24,MNQ,1min,next_execution_bar_open,next_execution_bar,stop_first,1.0,1.5,15,avoid_immediate_adverse_move,adverse_w5_ticks24,"{""adverse_window_minutes"": 5, ""max_adverse_ticks"": 24}"
25,-353.90000000000146,827.5999999999985,1181.5,0.4,-14.156000000000057,-20.5,0.7004655099449839,-602.7750000000015,-2.2293351246699435,-3.6253281559708985,-0.5871179129857751,66.72,69.0,0.84,0.16,0.36,0.0,196,0.6049382716049383,1,3.6730691874497183,2.5,avoid_immediate_adverse_move_sm1p00_tm1p50_d15_adverse_w10_ticks8,MNQ,1min,next_execution_bar_open,next_execution_bar,stop_first,1.0,1.5,15,avoid_immediate_adverse_move,adverse_w10_ticks8,"{""adverse_window_minutes"": 10, ""max_adverse_ticks"": 8}"
42,192.08750000000146,2070.0875000000015,1878.0,0.38095238095238093,4.573511904761939,-27.0,1.1022830138445163,-599.2750000000015,0.5630889589649369,1.3108060178223615,0.3205331442159292,70.54761904761905,74.0,0.8333333333333334,0.14285714285714285,0.35714285714285715,0.023809523809523808,178,0.5493827160493827,2,6.170756234915527,2.5,avoid_immediate_adverse_move_sm1p00_tm1p50_d15_adverse_w10_ticks12,MNQ,1min,next_execution_bar_open,next_execution_bar,stop_first,1.0,1.5,15,avoid_immediate_adverse_move,adverse_w10_ticks12,"{""adverse_window_minutes"": 10, ""max_adverse_ticks"": 12}"
48,615.6375000000007,2584.6375000000007,1969.0,0.4166666666666667,12.825781250000015,-21.25,1.3126650584052821,-526.0,1.5862304300783607,3.758953709643616,1.1704134980988607,72.64583333333333,74.5,0.8125,0.16666666666666666,0.3541666666666667,0.020833333333333332,172,0.5308641975308642,2,7.052292839903459,2.5,avoid_immediate_adverse_move_sm1p00_tm1p50_d15_adverse_w10_ticks16,MNQ,1min,next_execution_bar_open,next_execution_bar,stop_first,1.0,1.5,15,avoid_immediate_adverse_move,adverse_w10_ticks16,"{""adverse_window_minutes"": 10, ""max_adverse_ticks"": 16}"
58,472.4125000000022,2935.412500000002,2463.0,0.3793103448275862,8.145043103448314,-27.25,1.1918036946812838,-630.5,1.02583968502675,2.6500051095528745,0.7492664551942937,69.1896551724138,74.0,0.8275862068965517,0.15517241379310345,0.3275862068965517,0.017241379310344827,162,0.5,2,8.521520514883345,2.5,avoid_immediate_adverse_move_sm1p00_tm1p50_d15_adverse_w10_ticks24,MNQ,1min,next_execution_bar_open,next_execution_bar,stop_first,1.0,1.5,15,avoid_immediate_adverse_move,adverse_w10_ticks24,"{""adverse_window_minutes"": 10, ""max_adverse_ticks"": 24}"
22,-530.125,576.875,1107.0,0.4090909090909091,-24.09659090909091,-19.25,0.5211156278229448,-821.0,-4.222206669150663,-5.956618941651216,-0.6457064555420219,71.5909090909091,75.5,0.8636363636363636,0.13636363636363635,0.4090909090909091,0.0,199,0.6141975308641975,1,3.232300884955752,2.5,avoid_immediate_adverse_move_sm1p00_tm1p50_d15_adverse_w15_ticks8,MNQ,1min,next_execution_bar_open,next_execution_bar,stop_first,1.0,1.5,15,avoid_immediate_adverse_move,adverse_w15_ticks8,"{""adverse_window_minutes"": 15, ""max_adverse_ticks"": 8}"
36,-32.13749999999709,1722.862500000003,1755.0,0.3888888888888889,-0.8927083333332525,-27.0,0.9816880341880359,-914.0,-0.10775739768317878,-0.24921305576069275,-0.0351613785557955,74.02777777777777,75.5,0.8333333333333334,0.1388888888888889,0.3888888888888889,0.027777777777777776,184,0.5679012345679012,2,5.289219629927595,2.5,avoid_immediate_adverse_move_sm1p00_tm1p50_d15_adverse_w15_ticks12,MNQ,1min,next_execution_bar_open,next_execution_bar,stop_first,1.0,1.5,15,avoid_immediate_adverse_move,adverse_w15_ticks12,"{""adverse_window_minutes"": 15, ""max_adverse_ticks"": 12}"
42,391.4125000000022,2237.412500000002,1846.0,0.42857142857142855,9.31934523809529,-21.25,1.212032773564465,-792.2999999999993,1.1309956134046435,2.657986387940141,0.4940205730152752,75.92857142857143,79.0,0.8095238095238095,0.16666666666666666,0.38095238095238093,0.023809523809523808,178,0.5493827160493827,2,6.170756234915527,2.5,avoid_immediate_adverse_move_sm1p00_tm1p50_d15_adverse_w15_ticks16,MNQ,1min,next_execution_bar_open,next_execution_bar,stop_first,1.0,1.5,15,avoid_immediate_adverse_move,adverse_w15_ticks16,"{""adverse_window_minutes"": 15, ""max_adverse_ticks"": 16}"
51,352.68750000000364,2588.1875000000036,2235.5,0.39215686274509803,6.91544117647066,-22.5,1.157766718854844,-797.5,0.8579793070067876,2.1985203400696016,0.4422413793103494,71.84313725490196,74.0,0.8235294117647058,0.1568627450980392,0.35294117647058826,0.0196078431372549,169,0.5216049382716049,2,7.493061142397425,2.5,avoid_immediate_adverse_move_sm1p00_tm1p50_d15_adverse_w15_ticks24,MNQ,1min,next_execution_bar_open,next_execution_bar,stop_first,1.0,1.5,15,avoid_immediate_adverse_move,adverse_w15_ticks24,"{""adverse_window_minutes"": 15, ""max_adverse_ticks"": 24}"
116,-1271.9624999999978,4631.537500000002,5903.5,0.29310344827586204,-10.965193965517223,-39.5,0.7845409502837304,-1430.2124999999978,-1.4369381224898548,-3.210518131911389,-0.8893521067673509,61.10344827586207,56.5,0.8879310344827587,0.08620689655172414,0.3017241379310345,0.02586206896551724,124,0.38271604938271603,2,17.04304102976669,2.5,require_no_stop_zone_touch_before_entry_sm1p00_tm1p50_d5_stop_zone_0p50,MNQ,1min,next_execution_bar_open,next_execution_bar,stop_first,1.0,1.5,5,require_no_stop_zone_touch_before_entry,stop_zone_0p50,"{""stop_zone_fraction"": 0.5}"
57,-251.5,2605.5,2857.0,0.3508771929824561,-4.412280701754386,-26.5,0.9119705985299265,-676.5,-0.5750817227321159,-1.172044782291573,-0.37176644493717664,73.0,81.0,0.8771929824561403,0.10526315789473684,0.40350877192982454,0.017543859649122806,164,0.5061728395061729,1,8.374597747385357,2.5,require_no_stop_zone_touch_before_entry_sm1p00_tm1p50_d15_stop_zone_0p50,MNQ,1min,next_execution_bar_open,next_execution_bar,stop_first,1.0,1.5,15,require_no_stop_zone_touch_before_entry,stop_zone_0p50,"{""stop_zone_fraction"": 0.5}"
31,114.0,1463.0,1349.0,0.41935483870967744,3.6774193548387095,-20.0,1.0845070422535212,-363.0,0.5272342780845835,1.1179407855035681,0.3140495867768595,82.54838709677419,120.0,0.9354838709677419,0.06451612903225806,0.5161290322580645,0.0,163,0.5030864197530864,1,4.55460579243765,2.5,require_no_stop_zone_touch_before_entry_sm1p00_tm1p50_d30_stop_zone_0p50,MNQ,1min,next_execution_bar_open,next_execution_bar,stop_first,1.0,1.5,30,require_no_stop_zone_touch_before_entry,stop_zone_0p50,"{""stop_zone_fraction"": 0.5}"
160,1192.0000000000073,8397.500000000007,7205.5,0.35,7.4500000000000455,-29.25,1.1654291860384438,-795.5,0.8931916051408819,2.194634263399033,1.498428661219368,59.78125,54.5,0.84375,0.13125,0.29375,0.025,79,0.24382716049382716,3,23.507642799678198,2.5,require_no_stop_zone_touch_before_entry_sm1p00_tm1p50_d5_stop_zone_0p75,MNQ,1min,next_execution_bar_open,next_execution_bar,stop_first,1.0,1.5,5,require_no_stop_zone_touch_before_entry,stop_zone_0p75,"{""stop_zone_fraction"": 0.75}"
98,-784.3624999999993,4556.137500000001,5340.5,0.35714285714285715,-8.00369897959183,-25.25,0.8531293886340232,-1421.675000000003,-0.9589757400032325,-1.754084273864245,-0.5517171646121636,73.68367346938776,80.5,0.8673469387755102,0.11224489795918367,0.3877551020408163,0.02040816326530612,123,0.37962962962962965,2,14.398431214802896,2.5,require_no_stop_zone_touch_before_entry_sm1p00_tm1p50_d15_stop_zone_0p75,MNQ,1min,next_execution_bar_open,next_execution_bar,stop_first,1.0,1.5,15,require_no_stop_zone_touch_before_entry,stop_zone_0p75,"{""stop_zone_fraction"": 0.75}"
73,-639.7874999999985,3021.7125000000015,3661.5,0.410958904109589,-8.764212328767103,-25.5,0.8252662843097095,-1488.0,-1.2089905598693582,-1.8897022060644566,-0.4299647177419345,86.41095890410959,120.0,0.9041095890410958,0.0684931506849315,0.5068493150684932,0.0273972602739726,121,0.3734567901234568,2,10.725362027353178,2.5,require_no_stop_zone_touch_before_entry_sm1p00_tm1p50_d30_stop_zone_0p75,MNQ,1min,next_execution_bar_open,next_execution_bar,stop_first,1.0,1.5,30,require_no_stop_zone_touch_before_entry,stop_zone_0p75,"{""stop_zone_fraction"": 0.75}"
184,249.1125000000102,9077.11250000001,8828.0,0.32608695652173914,1.353872282608751,-32.25,1.0282184526506581,-1044.5874999999978,0.1637811778902579,0.3942935545548763,0.23847930403150594,57.46739130434783,47.5,0.8586956521739131,0.11956521739130435,0.2717391304347826,0.021739130434782608,55,0.1697530864197531,3,27.033789219629927,2.5,require_no_stop_zone_touch_before_entry_sm1p00_tm1p50_d5_stop_zone_1p00,MNQ,1min,next_execution_bar_open,next_execution_bar,stop_first,1.0,1.5,5,require_no_stop_zone_touch_before_entry,stop_zone_1p00,"{""stop_zone_fraction"": 1.0}"
138,464.18750000000364,7811.187500000004,7347.0,0.391304347826087,3.3636775362319105,-25.25,1.063180549884307,-853.7000000000007,0.37769762464963613,0.787243646635519,0.5437360899613485,72.64492753623189,79.5,0.855072463768116,0.11594202898550725,0.38405797101449274,0.028985507246376812,82,0.25308641975308643,3,20.275341914722446,2.5,require_no_stop_zone_touch_before_entry_sm1p00_tm1p50_d15_stop_zone_1p00,MNQ,1min,next_execution_bar_open,next_execution_bar,stop_first,1.0,1.5,15,require_no_stop_zone_touch_before_entry,stop_zone_1p00,"{""stop_zone_fraction"": 1.0}"
112,621.0875000000051,6214.087500000005,5593.0,0.4375,5.545424107142902,-25.5,1.1110472912569291,-947.0,0.6683501690692668,1.2744015257240535,0.6558474128827931,84.54464285714286,119.5,0.875,0.09821428571428571,0.5,0.026785714285714284,81,0.25,3,16.455349959774736,2.5,require_no_stop_zone_touch_before_entry_sm1p00_tm1p50_d30_stop_zone_1p00,MNQ,1min,next_execution_bar_open,next_execution_bar,stop_first,1.0,1.5,30,require_no_stop_zone_touch_before_entry,stop_zone_1p00,"{""stop_zone_fraction"": 1.0}"
146,1248.8375000000087,8160.837500000009,6912.0,0.3561643835616438,8.553681506849374,-29.75,1.1806767216435199,-934.8999999999978,0.9742260965818628,2.496885606581173,1.33579794630443,59.39041095890411,52.0,0.8287671232876712,0.14383561643835616,0.2808219178082192,0.0273972602739726,94,0.29012345679012347,2,21.450724054706356,2.5,require_micro_momentum_confirmation_sm1p00_tm1p50_d5_momentum_w5_close_vs_window_open,MNQ,1min,next_execution_bar_open,next_execution_bar,stop_first,1.0,1.5,5,require_micro_momentum_confirmation,momentum_w5_close_vs_window_open,"{""confirmation_window_minutes"": 5, ""mode"": ""close_vs_window_open""}"
163,-58.362499999991996,8437.637500000008,8496.0,0.3312883435582822,-0.3580521472392147,-23.0,0.993130590866291,-1038.5,-0.04101275184095514,-0.08865088266597927,-0.05619884448723351,63.22085889570552,60.0,0.8773006134969326,0.10429447852760736,0.34355828220858897,0.018404907975460124,57,0.17592592592592593,3,23.948411102172162,2.5,require_micro_momentum_confirmation_sm1p00_tm1p50_d15_momentum_w5_close_vs_window_open,MNQ,1min,next_execution_bar_open,next_execution_bar,stop_first,1.0,1.5,15,require_micro_momentum_confirmation,momentum_w5_close_vs_window_open,"{""confirmation_window_minutes"": 5, ""mode"": ""close_vs_window_open""}"
146,759.8875000000116,7826.387500000012,7066.5,0.3561643835616438,5.204708904109669,-28.25,1.1075337861742038,-961.0999999999985,0.6129837979460366,1.421982852394053,0.790643533451267,60.92465753424658,55.5,0.821917808219178,0.1506849315068493,0.273972602739726,0.0273972602739726,93,0.28703703703703703,3,21.450724054706356,2.5,require_micro_momentum_confirmation_sm1p00_tm1p50_d5_momentum_w5_close_vs_local_mid,MNQ,1min,next_execution_bar_open,next_execution_bar,stop_first,1.0,1.5,5,require_micro_momentum_confirmation,momentum_w5_close_vs_local_mid,"{""confirmation_window_minutes"": 5, ""mode"": ""close_vs_local_mid""}"
161,-1262.2249999999913,7368.275000000009,8630.5,0.3167701863354037,-7.839906832298082,-27.5,0.8537483343954589,-1765.9374999999927,-0.9407855915856242,-1.893409072346436,-0.7147619890284885,61.98136645962733,54.0,0.8944099378881988,0.08074534161490683,0.34782608695652173,0.024844720496894408,59,0.18209876543209877,3,23.654565567176185,2.5,require_micro_momentum_confirmation_sm1p00_tm1p50_d15_momentum_w5_close_vs_local_mid,MNQ,1min,next_execution_bar_open,next_execution_bar,stop_first,1.0,1.5,15,require_micro_momentum_confirmation,momentum_w5_close_vs_local_mid,"{""confirmation_window_minutes"": 5, ""mode"": ""close_vs_local_mid""}"
163,-58.362499999991996,8437.637500000008,8496.0,0.3312883435582822,-0.3580521472392147,-23.0,0.993130590866291,-1038.5,-0.04101275184095514,-0.08865088266597927,-0.05619884448723351,63.22085889570552,60.0,0.8773006134969326,0.10429447852760736,0.34355828220858897,0.018404907975460124,57,0.17592592592592593,3,23.948411102172162,2.5,require_micro_momentum_confirmation_sm1p00_tm1p50_d15_momentum_w10_close_vs_window_open,MNQ,1min,next_execution_bar_open,next_execution_bar,stop_first,1.0,1.5,15,require_micro_momentum_confirmation,momentum_w10_close_vs_window_open,"{""confirmation_window_minutes"": 10, ""mode"": ""close_vs_window_open""}"
159,-302.5624999999927,8030.937500000007,8333.5,0.3333333333333333,-1.9029088050314007,-23.0,0.9636932261354781,-1239.0,-0.21972887263246685,-0.46770199128512463,-0.2441989507667415,63.40880503144654,65.0,0.8805031446540881,0.09433962264150944,0.3522012578616352,0.025157232704402517,61,0.1882716049382716,3,23.360720032180208,2.5,require_micro_momentum_confirmation_sm1p00_tm1p50_d15_momentum_w10_close_vs_local_mid,MNQ,1min,next_execution_bar_open,next_execution_bar,stop_first,1.0,1.5,15,require_micro_momentum_confirmation,momentum_w10_close_vs_local_mid,"{""confirmation_window_minutes"": 10, ""mode"": ""close_vs_local_mid""}"
163,-58.362499999991996,8437.637500000008,8496.0,0.3312883435582822,-0.3580521472392147,-23.0,0.993130590866291,-1038.5,-0.04101275184095514,-0.08865088266597927,-0.05619884448723351,63.22085889570552,60.0,0.8773006134969326,0.10429447852760736,0.34355828220858897,0.018404907975460124,57,0.17592592592592593,3,23.948411102172162,2.5,require_micro_momentum_confirmation_sm1p00_tm1p50_d15_momentum_w15_close_vs_window_open,MNQ,1min,next_execution_bar_open,next_execution_bar,stop_first,1.0,1.5,15,require_micro_momentum_confirmation,momentum_w15_close_vs_window_open,"{""confirmation_window_minutes"": 15, ""mode"": ""close_vs_window_open""}"
162,-398.5624999999927,8030.937500000007,8429.5,0.3271604938271605,-2.4602623456789674,-25.25,0.9527181327480879,-1314.0,-0.2865817312680769,-0.6084145493920217,-0.3033200152206946,62.25308641975309,58.5,0.8827160493827161,0.09259259259259259,0.345679012345679,0.024691358024691357,58,0.17901234567901234,3,23.801488334674175,2.5,require_micro_momentum_confirmation_sm1p00_tm1p50_d15_momentum_w15_close_vs_local_mid,MNQ,1min,next_execution_bar_open,next_execution_bar,stop_first,1.0,1.5,15,require_micro_momentum_confirmation,momentum_w15_close_vs_local_mid,"{""confirmation_window_minutes"": 15, ""mode"": ""close_vs_local_mid""}"
38,54.1875,1933.6875,1879.5,0.47368421052631576,1.425986842105263,-10.5,1.028830806065443,-496.5,0.18147481324645187,0.3556602836775044,0.10913897280966767,89.71052631578948,120.0,0.8157894736842105,0.13157894736842105,0.5526315789473685,0.05263157894736842,202,0.6234567901234568,2,5.583065164923572,2.5,avoid_high_noise_first_5min_sm1p00_tm1p50_d5_noise_w5_r0p50,MNQ,1min,next_execution_bar_open,next_execution_bar,stop_first,1.0,1.5,5,avoid_high_noise_first_5min,noise_w5_r0p50,"{""max_range_to_stop_distance"": 0.5, ""noise_window_minutes"": 5}"
65,240.75000000000728,3727.2500000000073,3486.5,0.49230769230769234,3.703846153846266,-5.0,1.069052057937762,-973.5,0.41025311340185494,0.710049961346771,0.2473035439137209,92.12307692307692,120.0,0.8615384615384616,0.1076923076923077,0.5538461538461539,0.03076923076923077,165,0.5092592592592593,3,9.549979887369267,2.5,avoid_high_noise_first_5min_sm1p00_tm1p50_d10_noise_w5_r0p50,MNQ,1min,next_execution_bar_open,next_execution_bar,stop_first,1.0,1.5,10,avoid_high_noise_first_5min,noise_w5_r0p50,"{""max_range_to_stop_distance"": 0.5, ""noise_window_minutes"": 5}"
90,-156.23749999999927,4524.262500000001,4680.5,0.4444444444444444,-1.735972222222214,-21.75,0.9666194850977461,-861.4124999999985,-0.22113976701800667,-0.46021031619802294,-0.18137361600859,79.41111111111111,92.5,0.8444444444444444,0.12222222222222222,0.4444444444444444,0.03333333333333333,150,0.46296296296296297,2,13.223049074818986,2.5,avoid_high_noise_first_5min_sm1p00_tm1p50_d5_noise_w5_r0p75,MNQ,1min,next_execution_bar_open,next_execution_bar,stop_first,1.0,1.5,5,avoid_high_noise_first_5min,noise_w5_r0p75,"{""max_range_to_stop_distance"": 0.75, ""noise_window_minutes"": 5}"
105,1422.4250000000065,7071.925000000007,5649.5,0.47619047619047616,13.546904761904825,-8.5,1.251778918488363,-926.5,1.3897729107030614,2.910286929973845,1.5352671343766935,81.02857142857142,95.0,0.8285714285714286,0.14285714285714285,0.4380952380952381,0.02857142857142857,125,0.38580246913580246,3,15.426890587288817,2.5,avoid_high_noise_first_5min_sm1p00_tm1p50_d10_noise_w5_r0p75,MNQ,1min,next_execution_bar_open,next_execution_bar,stop_first,1.0,1.5,10,avoid_high_noise_first_5min,noise_w5_r0p75,"{""max_range_to_stop_distance"": 0.75, ""noise_window_minutes"": 5}"
128,148.0875000000051,7088.087500000005,6940.0,0.3984375,1.1569335937500398,-35.75,1.0213382564841507,-1222.5624999999964,0.1334182646020452,0.30878010177829873,0.12112877664741518,69.9296875,77.0,0.8359375,0.140625,0.359375,0.0234375,112,0.345679012345679,2,18.806114239742556,2.5,avoid_high_noise_first_5min_sm1p00_tm1p50_d5_noise_w5_r1p00,MNQ,1min,next_execution_bar_open,next_execution_bar,stop_first,1.0,1.5,5,avoid_high_noise_first_5min,noise_w5_r1p00,"{""max_range_to_stop_distance"": 1.0, ""noise_window_minutes"": 5}"
134,768.887500000008,8032.387500000008,7263.5,0.4253731343283582,5.737966417910507,-27.75,1.105856336476906,-1222.5,0.6202170272045092,1.3105834960004743,0.6289468302658552,74.8955223880597,82.0,0.8283582089552238,0.1417910447761194,0.3805970149253731,0.029850746268656716,96,0.2962962962962963,3,19.68765084473049,2.5,avoid_high_noise_first_5min_sm1p00_tm1p50_d10_noise_w5_r1p00,MNQ,1min,next_execution_bar_open,next_execution_bar,stop_first,1.0,1.5,10,avoid_high_noise_first_5min,noise_w5_r1p00,"{""max_range_to_stop_distance"": 1.0, ""noise_window_minutes"": 5}"
146,1096.9250000000102,8664.92500000001,7568.0,0.4041095890410959,7.5131849315069195,-35.75,1.1449425211416504,-733.0,0.8407765309023636,2.12239799469342,1.4964870395634517,69.0,75.0,0.8287671232876712,0.1506849315068493,0.3424657534246575,0.02054794520547945,93,0.28703703703703703,3,21.450724054706356,2.5,avoid_high_noise_first_5min_sm1p00_tm1p50_d5_noise_w5_r1p25,MNQ,1min,next_execution_bar_open,next_execution_bar,stop_first,1.0,1.5,5,avoid_high_noise_first_5min,noise_w5_r1p25,"{""max_range_to_stop_distance"": 1.25, ""noise_window_minutes"": 5}"
148,155.887500000008,8333.887500000008,8178.0,0.40540540540540543,1.053293918918973,-32.25,1.0190618121790178,-1092.0,0.11697765039366008,0.25157774510717784,0.1427541208791282,71.43243243243244,75.5,0.8378378378378378,0.12837837837837837,0.3581081081081081,0.033783783783783786,82,0.25308641975308643,3,21.744569589702333,2.5,avoid_high_noise_first_5min_sm1p00_tm1p50_d10_noise_w5_r1p25,MNQ,1min,next_execution_bar_open,next_execution_bar,stop_first,1.0,1.5,10,avoid_high_noise_first_5min,noise_w5_r1p25,"{""max_range_to_stop_distance"": 1.25, ""noise_window_minutes"": 5}"
20,-957.5625,545.4375,1503.0,0.4,-47.878125,-59.5,0.3628992015968064,-994.0,-6.878755961315581,-11.560126264136212,-0.963342555331992,82.35,120.0,0.95,0.05,0.55,0.0,213,0.6574074074074074,0,2.9384553499597748,2.5,avoid_high_noise_first_5min_sm1p00_tm1p50_d10_noise_w10_r0p50,MNQ,1min,next_execution_bar_open,next_execution_bar,stop_first,1.0,1.5,10,avoid_high_noise_first_5min,noise_w10_r0p50,"{""max_range_to_stop_distance"": 0.5, ""noise_window_minutes"": 10}"
66,-1185.8374999999978,2972.662500000002,4158.5,0.42424242424242425,-17.967234848484814,-37.75,0.7148400865696771,-1335.3374999999978,-2.082519053175838,-3.7067207054551123,-0.8880432849373284,87.0,119.5,0.9090909090909091,0.09090909090909091,0.5,0.0,165,0.5092592592592593,2,9.696902654867257,2.5,avoid_high_noise_first_5min_sm1p00_tm1p50_d10_noise_w10_r0p75,MNQ,1min,next_execution_bar_open,next_execution_bar,stop_first,1.0,1.5,10,avoid_high_noise_first_5min,noise_w10_r0p75,"{""max_range_to_stop_distance"": 0.75, ""noise_window_minutes"": 10}"
106,737.8500000000058,6690.850000000006,5953.0,0.4716981132075472,6.960849056603829,-22.0,1.1239459096253999,-930.0124999999971,0.7265747885798652,1.4830342708176871,0.7933764331124669,83.16981132075472,98.0,0.839622641509434,0.14150943396226415,0.4339622641509434,0.018867924528301886,124,0.38271604938271603,3,15.573813354786806,2.5,avoid_high_noise_first_5min_sm1p00_tm1p50_d10_noise_w10_r1p00,MNQ,1min,next_execution_bar_open,next_execution_bar,stop_first,1.0,1.5,10,avoid_high_noise_first_5min,noise_w10_r1p00,"{""max_range_to_stop_distance"": 1.0, ""noise_window_minutes"": 10}"
125,1007.137500000008,7880.637500000008,6873.5,0.456,8.057100000000064,-27.5,1.1465246962973752,-1070.0,0.8535185398998558,1.7886188990249994,0.9412500000000075,77.784,87.0,0.824,0.144,0.4,0.032,105,0.32407407407407407,3,18.36534593724859,2.5,avoid_high_noise_first_5min_sm1p00_tm1p50_d10_noise_w10_r1p25,MNQ,1min,next_execution_bar_open,next_execution_bar,stop_first,1.0,1.5,10,avoid_high_noise_first_5min,noise_w10_r1p25,"{""max_range_to_stop_distance"": 1.25, ""noise_window_minutes"": 10}"
36,-185.49999999999818,1069.5000000000018,1255.0,0.3611111111111111,-5.152777777777727,-20.0,0.8521912350597624,-721.5,-1.0340068190055447,-1.7144401477158502,-0.2571032571032546,65.02777777777777,63.5,0.8888888888888888,0.08333333333333333,0.3333333333333333,0.027777777777777776,205,0.6327160493827161,1,5.289219629927595,2.5,avoid_immediate_adverse_move_sm1p00_tm2p00_d5_adverse_w5_ticks8,MNQ,1min,next_execution_bar_open,next_execution_bar,stop_first,1.0,2.0,5,avoid_immediate_adverse_move,adverse_w5_ticks8,"{""adverse_window_minutes"": 5, ""max_adverse_ticks"": 8}"
32,-95.99999999999818,1198.5000000000018,1294.5,0.375,-2.999999999999943,-20.0,0.9258400926998855,-712.0,-0.4335216301795206,-0.8060460571229283,-0.13483146067415475,71.25,74.5,0.875,0.09375,0.40625,0.03125,189,0.5833333333333334,1,4.701528559935639,2.5,avoid_immediate_adverse_move_sm1p00_tm2p00_d15_adverse_w5_ticks8,MNQ,1min,next_execution_bar_open,next_execution_bar,stop_first,1.0,2.0,15,avoid_immediate_adverse_move,adverse_w5_ticks8,"{""adverse_window_minutes"": 5, ""max_adverse_ticks"": 8}"
53,516.5000000000018,2416.000000000002,1899.5,0.37735849056603776,9.745283018867958,-18.5,1.2719136614898667,-648.5,1.3428399800252293,3.4020379671157204,0.7964533538936034,66.16981132075472,70.0,0.9245283018867925,0.05660377358490566,0.37735849056603776,0.018867924528301886,187,0.5771604938271605,2,7.786906677393403,2.5,avoid_immediate_adverse_move_sm1p00_tm2p00_d5_adverse_w5_ticks12,MNQ,1min,next_execution_bar_open,next_execution_bar,stop_first,1.0,2.0,5,avoid_immediate_adverse_move,adverse_w5_ticks12,"{""adverse_window_minutes"": 5, ""max_adverse_ticks"": 12}"
47,578.5000000000018,2535.000000000002,1956.5,0.3829787234042553,12.30851063829791,-21.0,1.2956810631229245,-718.5,1.4631628344842358,3.594710051008871,0.8051496172581792,74.95744680851064,77.0,0.9148936170212766,0.06382978723404255,0.44680851063829785,0.02127659574468085,173,0.5339506172839507,2,6.9053700724054705,2.5,avoid_immediate_adverse_move_sm1p00_tm2p00_d15_adverse_w5_ticks12,MNQ,1min,next_execution_bar_open,next_execution_bar,stop_first,1.0,2.0,15,avoid_immediate_adverse_move,adverse_w5_ticks12,"{""adverse_window_minutes"": 5, ""max_adverse_ticks"": 12}"
61,910.0000000000018,2966.500000000002,2056.5,0.39344262295081966,14.918032786885275,-18.5,1.4424993921711655,-504.5,2.0521935832163263,5.413736218932121,1.803766105054513,67.95081967213115,84.0,0.9344262295081968,0.04918032786885246,0.4098360655737705,0.01639344262295082,179,0.5524691358024691,2,8.962288817377312,2.5,avoid_immediate_adverse_move_sm1p00_tm2p00_d5_adverse_w5_ticks16,MNQ,1min,next_execution_bar_open,next_execution_bar,stop_first,1.0,2.0,5,avoid_immediate_adverse_move,adverse_w5_ticks16,"{""adverse_window_minutes"": 5, ""max_adverse_ticks"": 16}"
54,964.0000000000018,3056.000000000002,2092.0,0.4074074074074074,17.851851851851887,-20.75,1.4608030592734234,-572.0,2.157185463205621,5.401231149157115,1.6853146853146885,76.51851851851852,98.5,0.9259259259259259,0.05555555555555555,0.46296296296296297,0.018518518518518517,166,0.5123456790123457,2,7.9338294448913915,2.5,avoid_immediate_adverse_move_sm1p00_tm2p00_d15_adverse_w5_ticks16,MNQ,1min,next_execution_bar_open,next_execution_bar,stop_first,1.0,2.0,15,avoid_immediate_adverse_move,adverse_w5_ticks16,"{""adverse_window_minutes"": 5, ""max_adverse_ticks"": 16}"
78,906.1999999999989,3813.199999999999,2907.0,0.358974358974359,11.617948717948703,-21.5,1.3117303061575503,-741.0,1.513793342764294,4.392242873530196,1.2229419703103899,67.23076923076923,73.0,0.9358974358974359,0.05128205128205128,0.3974358974358974,0.01282051282051282,162,0.5,2,11.459975864843122,2.5,avoid_immediate_adverse_move_sm1p00_tm2p00_d5_adverse_w5_ticks24,MNQ,1min,next_execution_bar_open,next_execution_bar,stop_first,1.0,2.0,5,avoid_immediate_adverse_move,adverse_w5_ticks24,"{""adverse_window_minutes"": 5, ""max_adverse_ticks"": 24}"
70,1081.199999999999,3817.199999999999,2736.0,0.35714285714285715,15.44571428571427,-22.25,1.3951754385964907,-799.5,1.8460326358355952,5.240281503064053,1.3523452157598486,74.51428571428572,86.0,0.9285714285714286,0.05714285714285714,0.44285714285714284,0.014285714285714285,150,0.46296296296296297,2,10.284593724859212,2.5,avoid_immediate_adverse_move_sm1p00_tm2p00_d15_adverse_w5_ticks24,MNQ,1min,next_execution_bar_open,next_execution_bar,stop_first,1.0,2.0,15,avoid_immediate_adverse_move,adverse_w5_ticks24,"{""adverse_window_minutes"": 5, ""max_adverse_ticks"": 24}"
25,-478.9999999999982,702.5000000000018,1181.5,0.4,-19.159999999999926,-20.5,0.5945831570038103,-811.5,-3.3551061474387116,-4.906844268748366,-0.590264941466418,70.76,74.0,0.88,0.12,0.4,0.0,196,0.6049382716049383,1,3.6730691874497183,2.5,avoid_immediate_adverse_move_sm1p00_tm2p00_d15_adverse_w10_ticks8,MNQ,1min,next_execution_bar_open,next_execution_bar,stop_first,1.0,2.0,15,avoid_immediate_adverse_move,adverse_w10_ticks8,"{""adverse_window_minutes"": 10, ""max_adverse_ticks"": 8}"
42,4.000000000001819,1882.0000000000018,1878.0,0.38095238095238093,0.09523809523813855,-27.0,1.0021299254526101,-854.0,0.012451990516104067,0.02729601911260124,0.00468384074941665,75.26190476190476,76.0,0.9047619047619048,0.07142857142857142,0.42857142857142855,0.023809523809523808,178,0.5493827160493827,2,6.170756234915527,2.5,avoid_immediate_adverse_move_sm1p00_tm2p00_d15_adverse_w10_ticks12,MNQ,1min,next_execution_bar_open,next_execution_bar,stop_first,1.0,2.0,15,avoid_immediate_adverse_move,adverse_w10_ticks12,"{""adverse_window_minutes"": 10, ""max_adverse_ticks"": 12}"
48,434.0000000000018,2403.000000000002,1969.0,0.4166666666666667,9.041666666666705,-21.25,1.2204164550533274,-693.5,1.1742908824712772,2.6499131550390196,0.6258111031002189,78.27083333333333,98.5,0.9166666666666666,0.0625,0.4583333333333333,0.020833333333333332,172,0.5308641975308642,2,7.052292839903459,2.5,avoid_immediate_adverse_move_sm1p00_tm2p00_d15_adverse_w10_ticks16,MNQ,1min,next_execution_bar_open,next_execution_bar,stop_first,1.0,2.0,15,avoid_immediate_adverse_move,adverse_w10_ticks16,"{""adverse_window_minutes"": 10, ""max_adverse_ticks"": 16}"
58,398.6999999999989,2861.699999999999,2463.0,0.3793103448275862,6.874137931034464,-27.25,1.1618757612667474,-763.5,0.8637787220148044,2.2365137187917834,0.522200392927307,75.05172413793103,80.0,0.9137931034482759,0.06896551724137931,0.41379310344827586,0.017241379310344827,162,0.5,2,8.521520514883345,2.5,avoid_immediate_adverse_move_sm1p00_tm2p00_d15_adverse_w10_ticks24,MNQ,1min,next_execution_bar_open,next_execution_bar,stop_first,1.0,2.0,15,avoid_immediate_adverse_move,adverse_w10_ticks24,"{""adverse_window_minutes"": 10, ""max_adverse_ticks"": 24}"
22,-446.4999999999982,660.5000000000018,1107.0,0.4090909090909091,-20.29545454545446,-19.25,0.5966576332430007,-821.0,-3.370744226799834,-5.016987234043399,-0.5438489646772207,72.77272727272727,75.5,0.8636363636363636,0.13636363636363635,0.4090909090909091,0.0,199,0.6141975308641975,1,3.232300884955752,2.5,avoid_immediate_adverse_move_sm1p00_tm2p00_d15_adverse_w15_ticks8,MNQ,1min,next_execution_bar_open,next_execution_bar,stop_first,1.0,2.0,15,avoid_immediate_adverse_move,adverse_w15_ticks8,"{""adverse_window_minutes"": 15, ""max_adverse_ticks"": 8}"
36,-11.499999999998181,1743.5000000000018,1755.0,0.3888888888888889,-0.3194444444443939,-27.0,0.9934472934472944,-960.0,-0.039156347315310376,-0.08917775624263781,-0.011979166666664771,77.44444444444444,80.0,0.8888888888888888,0.08333333333333333,0.4444444444444444,0.027777777777777776,184,0.5679012345679012,2,5.289219629927595,2.5,avoid_immediate_adverse_move_sm1p00_tm2p00_d15_adverse_w15_ticks12,MNQ,1min,next_execution_bar_open,next_execution_bar,stop_first,1.0,2.0,15,avoid_immediate_adverse_move,adverse_w15_ticks12,"{""adverse_window_minutes"": 15, ""max_adverse_ticks"": 12}"
42,418.5000000000018,2264.500000000002,1846.0,0.42857142857142855,9.964285714285758,-21.25,1.2267063921993508,-799.5,1.2239162452538321,2.8419309637606047,0.5234521575985014,80.57142857142857,114.5,0.9047619047619048,0.07142857142857142,0.47619047619047616,0.023809523809523808,178,0.5493827160493827,2,6.170756234915527,2.5,avoid_immediate_adverse_move_sm1p00_tm2p00_d15_adverse_w15_ticks16,MNQ,1min,next_execution_bar_open,next_execution_bar,stop_first,1.0,2.0,15,avoid_immediate_adverse_move,adverse_w15_ticks16,"{""adverse_window_minutes"": 15, ""max_adverse_ticks"": 16}"
51,487.6999999999989,2723.199999999999,2235.5,0.39215686274509803,9.562745098039194,-22.5,1.2181614851263693,-797.5,1.1454357952737653,3.0401371464878437,0.6115360501567384,77.03921568627452,89.0,0.9019607843137255,0.0784313725490196,0.43137254901960786,0.0196078431372549,169,0.5216049382716049,2,7.493061142397425,2.5,avoid_immediate_adverse_move_sm1p00_tm2p00_d15_adverse_w15_ticks24,MNQ,1min,next_execution_bar_open,next_execution_bar,stop_first,1.0,2.0,15,avoid_immediate_adverse_move,adverse_w15_ticks24,"{""adverse_window_minutes"": 15, ""max_adverse_ticks"": 24}"
116,-1183.0499999999993,4720.450000000001,5903.5,0.29310344827586204,-10.198706896551718,-39.5,0.7996019310578472,-1271.0499999999993,-1.3303180044314025,-2.9860970555010646,-0.9307659022068369,63.87931034482759,61.0,0.9482758620689655,0.02586206896551724,0.3620689655172414,0.02586206896551724,124,0.38271604938271603,2,17.04304102976669,2.5,require_no_stop_zone_touch_before_entry_sm1p00_tm2p00_d5_stop_zone_0p50,MNQ,1min,next_execution_bar_open,next_execution_bar,stop_first,1.0,2.0,5,require_no_stop_zone_touch_before_entry,stop_zone_0p50,"{""stop_zone_fraction"": 0.5}"
57,-408.2999999999993,2448.7000000000007,2857.0,0.3508771929824561,-7.1631578947368295,-26.5,0.8570878543927198,-676.5,-0.9697486450550045,-1.9027669368176872,-0.6035476718403537,76.63157894736842,101.0,0.9298245614035088,0.05263157894736842,0.45614035087719296,0.017543859649122806,164,0.5061728395061729,1,8.374597747385357,2.5,require_no_stop_zone_touch_before_entry_sm1p00_tm2p00_d15_stop_zone_0p50,MNQ,1min,next_execution_bar_open,next_execution_bar,stop_first,1.0,2.0,15,require_no_stop_zone_touch_before_entry,stop_zone_0p50,"{""stop_zone_fraction"": 0.5}"
31,153.75,1502.75,1349.0,0.41935483870967744,4.959677419354839,-20.0,1.1139733135656043,-363.0,0.6937810176409683,1.507749085712049,0.42355371900826444,83.70967741935483,120.0,0.967741935483871,0.03225806451612903,0.5483870967741935,0.0,163,0.5030864197530864,1,4.55460579243765,2.5,require_no_stop_zone_touch_before_entry_sm1p00_tm2p00_d30_stop_zone_0p50,MNQ,1min,next_execution_bar_open,next_execution_bar,stop_first,1.0,2.0,30,require_no_stop_zone_touch_before_entry,stop_zone_0p50,"{""stop_zone_fraction"": 0.5}"
160,1655.9500000000025,8861.450000000003,7205.5,0.35,10.349687500000016,-29.25,1.2298175005204361,-815.5,1.1900004920589198,3.0488293695265205,2.030594727161254,64.1875,64.5,0.9125,0.0625,0.3625,0.025,79,0.24382716049382716,3,23.507642799678198,2.5,require_no_stop_zone_touch_before_entry_sm1p00_tm2p00_d5_stop_zone_0p75,MNQ,1min,next_execution_bar_open,next_execution_bar,stop_first,1.0,2.0,5,require_no_stop_zone_touch_before_entry,stop_zone_0p75,"{""stop_zone_fraction"": 0.75}"
98,-939.2000000000025,4401.299999999997,5340.5,0.35714285714285715,-9.583673469387781,-25.25,0.8241363168242669,-1585.2999999999993,-1.1693776749277853,-2.100350220737612,-0.59244307071217,77.29591836734694,96.0,0.9285714285714286,0.05102040816326531,0.4489795918367347,0.02040816326530612,123,0.37962962962962965,2,14.398431214802896,2.5,require_no_stop_zone_touch_before_entry_sm1p00_tm2p00_d15_stop_zone_0p75,MNQ,1min,next_execution_bar_open,next_execution_bar,stop_first,1.0,2.0,15,require_no_stop_zone_touch_before_entry,stop_zone_0p75,"{""stop_zone_fraction"": 0.75}"
73,-597.0499999999993,3064.4500000000007,3661.5,0.410958904109589,-8.178767123287662,-25.5,0.8369384132186265,-1488.0,-1.1192733167892734,-1.7634709995596745,-0.401243279569892,87.61643835616438,120.0,0.9452054794520548,0.0273972602739726,0.547945205479452,0.0273972602739726,121,0.3734567901234568,2,10.725362027353178,2.5,require_no_stop_zone_touch_before_entry_sm1p00_tm2p00_d30_stop_zone_0p75,MNQ,1min,next_execution_bar_open,next_execution_bar,stop_first,1.0,2.0,30,require_no_stop_zone_touch_before_entry,stop_zone_0p75,"{""stop_zone_fraction"": 0.75}"
184,667.9500000000025,9495.950000000003,8828.0,0.32608695652173914,3.630163043478275,-32.25,1.0756626642501135,-945.5,0.42430846683937934,1.0572266737514973,0.7064516129032286,61.88586956521739,56.5,0.9239130434782609,0.05434782608695652,0.33695652173913043,0.021739130434782608,55,0.1697530864197531,3,27.033789219629927,2.5,require_no_stop_zone_touch_before_entry_sm1p00_tm2p00_d5_stop_zone_1p00,MNQ,1min,next_execution_bar_open,next_execution_bar,stop_first,1.0,2.0,5,require_no_stop_zone_touch_before_entry,stop_zone_1p00,"{""stop_zone_fraction"": 1.0}"
138,479.0500000000011,7826.050000000001,7347.0,0.391304347826087,3.4713768115942107,-25.25,1.065203484415408,-884.3499999999985,0.3878171376938021,0.8124498589917722,0.5416972917962366,76.44927536231884,91.0,0.9130434782608695,0.057971014492753624,0.4420289855072464,0.028985507246376812,82,0.25308641975308643,3,20.275341914722446,2.5,require_no_stop_zone_touch_before_entry_sm1p00_tm2p00_d15_stop_zone_1p00,MNQ,1min,next_execution_bar_open,next_execution_bar,stop_first,1.0,2.0,15,require_no_stop_zone_touch_before_entry,stop_zone_1p00,"{""stop_zone_fraction"": 1.0}"
112,698.8000000000029,6291.800000000003,5593.0,0.4375,6.2392857142857405,-25.5,1.1249418916502776,-947.0,0.7433498105278016,1.4338588140575443,0.737909186906022,87.5,120.0,0.9375,0.03571428571428571,0.5625,0.026785714285714284,81,0.25,3,16.455349959774736,2.5,require_no_stop_zone_touch_before_entry_sm1p00_tm2p00_d30_stop_zone_1p00,MNQ,1min,next_execution_bar_open,next_execution_bar,stop_first,1.0,2.0,30,require_no_stop_zone_touch_before_entry,stop_zone_1p00,"{""stop_zone_fraction"": 1.0}"
146,1526.5499999999975,8438.549999999997,6912.0,0.3561643835616438,10.455821917808201,-29.75,1.2208550347222218,-845.0,1.1449135061283238,3.052135063790491,1.8065680473372752,64.74657534246575,66.0,0.910958904109589,0.06164383561643835,0.363013698630137,0.0273972602739726,94,0.29012345679012347,2,21.450724054706356,2.5,require_micro_momentum_confirmation_sm1p00_tm2p00_d5_momentum_w5_close_vs_window_open,MNQ,1min,next_execution_bar_open,next_execution_bar,stop_first,1.0,2.0,5,require_micro_momentum_confirmation,momentum_w5_close_vs_window_open,"{""confirmation_window_minutes"": 5, ""mode"": ""close_vs_window_open""}"
163,150.24999999999818,8646.249999999998,8496.0,0.3312883435582822,0.9217791411042833,-23.0,1.017684792843691,-1145.0,0.10272745627150093,0.2282252323078184,0.1312227074235792,67.30061349693251,74.0,0.9325153374233128,0.049079754601226995,0.3987730061349693,0.018404907975460124,57,0.17592592592592593,3,23.948411102172162,2.5,require_micro_momentum_confirmation_sm1p00_tm2p00_d15_momentum_w5_close_vs_window_open,MNQ,1min,next_execution_bar_open,next_execution_bar,stop_first,1.0,2.0,15,require_micro_momentum_confirmation,momentum_w5_close_vs_window_open,"{""confirmation_window_minutes"": 5, ""mode"": ""close_vs_window_open""}"
146,905.8499999999967,7972.349999999997,7066.5,0.3561643835616438,6.204452054794498,-28.25,1.1281893440883035,-861.0,0.7192287218454352,1.6951235108369707,1.052090592334491,66.6027397260274,68.5,0.910958904109589,0.06164383561643835,0.363013698630137,0.0273972602739726,93,0.28703703703703703,3,21.450724054706356,2.5,require_micro_momentum_confirmation_sm1p00_tm2p00_d5_momentum_w5_close_vs_local_mid,MNQ,1min,next_execution_bar_open,next_execution_bar,stop_first,1.0,2.0,5,require_micro_momentum_confirmation,momentum_w5_close_vs_local_mid,"{""confirmation_window_minutes"": 5, ""mode"": ""close_vs_local_mid""}"
161,-736.4500000000025,7894.049999999997,8630.5,0.3167701863354037,-4.574223602484488,-27.5,0.9146689067840794,-1662.0,-0.5190843356568372,-1.1047167591590625,-0.4431107099879678,65.08695652173913,67.0,0.9316770186335404,0.043478260869565216,0.38509316770186336,0.024844720496894408,59,0.18209876543209877,3,23.654565567176185,2.5,require_micro_momentum_confirmation_sm1p00_tm2p00_d15_momentum_w5_close_vs_local_mid,MNQ,1min,next_execution_bar_open,next_execution_bar,stop_first,1.0,2.0,15,require_micro_momentum_confirmation,momentum_w5_close_vs_local_mid,"{""confirmation_window_minutes"": 5, ""mode"": ""close_vs_local_mid""}"
163,150.24999999999818,8646.249999999998,8496.0,0.3312883435582822,0.9217791411042833,-23.0,1.017684792843691,-1145.0,0.10272745627150093,0.2282252323078184,0.1312227074235792,67.30061349693251,74.0,0.9325153374233128,0.049079754601226995,0.3987730061349693,0.018404907975460124,57,0.17592592592592593,3,23.948411102172162,2.5,require_micro_momentum_confirmation_sm1p00_tm2p00_d15_momentum_w10_close_vs_window_open,MNQ,1min,next_execution_bar_open,next_execution_bar,stop_first,1.0,2.0,15,require_micro_momentum_confirmation,momentum_w10_close_vs_window_open,"{""confirmation_window_minutes"": 10, ""mode"": ""close_vs_window_open""}"
159,100.04999999999745,8433.549999999997,8333.5,0.3333333333333333,0.6292452830188519,-23.0,1.012005759884802,-1345.5,0.06990349980079967,0.15465758059269294,0.07435897435897247,67.062893081761,74.0,0.9308176100628931,0.0440251572327044,0.4025157232704403,0.025157232704402517,61,0.1882716049382716,3,23.360720032180208,2.5,require_micro_momentum_confirmation_sm1p00_tm2p00_d15_momentum_w10_close_vs_local_mid,MNQ,1min,next_execution_bar_open,next_execution_bar,stop_first,1.0,2.0,15,require_micro_momentum_confirmation,momentum_w10_close_vs_local_mid,"{""confirmation_window_minutes"": 10, ""mode"": ""close_vs_local_mid""}"
163,150.24999999999818,8646.249999999998,8496.0,0.3312883435582822,0.9217791411042833,-23.0,1.017684792843691,-1145.0,0.10272745627150093,0.2282252323078184,0.1312227074235792,67.30061349693251,74.0,0.9325153374233128,0.049079754601226995,0.3987730061349693,0.018404907975460124,57,0.17592592592592593,3,23.948411102172162,2.5,require_micro_momentum_confirmation_sm1p00_tm2p00_d15_momentum_w15_close_vs_window_open,MNQ,1min,next_execution_bar_open,next_execution_bar,stop_first,1.0,2.0,15,require_micro_momentum_confirmation,momentum_w15_close_vs_window_open,"{""confirmation_window_minutes"": 15, ""mode"": ""close_vs_window_open""}"
162,4.049999999997453,8433.549999999997,8429.5,0.3271604938271605,0.02499999999998428,-25.25,1.000480455543033,-1420.5,0.0028015685913699924,0.006182415367818556,0.0028511087645177427,65.8395061728395,70.0,0.9320987654320988,0.043209876543209874,0.3950617283950617,0.024691358024691357,58,0.17901234567901234,3,23.801488334674175,2.5,require_micro_momentum_confirmation_sm1p00_tm2p00_d15_momentum_w15_close_vs_local_mid,MNQ,1min,next_execution_bar_open,next_execution_bar,stop_first,1.0,2.0,15,require_micro_momentum_confirmation,momentum_w15_close_vs_local_mid,"{""confirmation_window_minutes"": 15, ""mode"": ""close_vs_local_mid""}"
38,161.0,2040.5,1879.5,0.47368421052631576,4.2368421052631575,-10.5,1.085661080074488,-496.5,0.5232424163004536,1.0567253641906014,0.324269889224572,94.84210526315789,120.0,0.8947368421052632,0.05263157894736842,0.631578947368421,0.05263157894736842,202,0.6234567901234568,2,5.583065164923572,2.5,avoid_high_noise_first_5min_sm1p00_tm2p00_d5_noise_w5_r0p50,MNQ,1min,next_execution_bar_open,next_execution_bar,stop_first,1.0,2.0,5,avoid_high_noise_first_5min,noise_w5_r0p50,"{""max_range_to_stop_distance"": 0.5, ""noise_window_minutes"": 5}"
65,361.6499999999978,3848.149999999998,3486.5,0.49230769230769234,5.563846153846121,-5.0,1.1037286677183415,-973.5,0.6078150552039668,1.0666233375744567,0.37149460708782517,95.56923076923077,120.0,0.9076923076923077,0.06153846153846154,0.6,0.03076923076923077,165,0.5092592592592593,3,9.549979887369267,2.5,avoid_high_noise_first_5min_sm1p00_tm2p00_d10_noise_w5_r0p50,MNQ,1min,next_execution_bar_open,next_execution_bar,stop_first,1.0,2.0,10,avoid_high_noise_first_5min,noise_w5_r0p50,"{""max_range_to_stop_distance"": 0.5, ""noise_window_minutes"": 5}"
90,-38.20000000000255,4642.299999999997,4680.5,0.4444444444444444,-0.4244444444444727,-21.75,0.991838478795,-746.0499999999993,-0.05326796748656976,-0.11252121980168481,-0.051203002479730024,83.6,120.0,0.9111111111111111,0.05555555555555555,0.5111111111111111,0.03333333333333333,150,0.46296296296296297,2,13.223049074818986,2.5,avoid_high_noise_first_5min_sm1p00_tm2p00_d5_noise_w5_r0p75,MNQ,1min,next_execution_bar_open,next_execution_bar,stop_first,1.0,2.0,5,avoid_high_noise_first_5min,noise_w5_r0p75,"{""max_range_to_stop_distance"": 0.75, ""noise_window_minutes"": 5}"
105,1284.2000000000007,6933.700000000001,5649.5,0.47619047619047616,12.230476190476198,-8.5,1.2273121515178336,-926.5,1.282525437954246,2.6274780571716594,1.3860766324878584,86.9047619047619,120.0,0.9142857142857143,0.05714285714285714,0.5238095238095238,0.02857142857142857,125,0.38580246913580246,3,15.426890587288817,2.5,avoid_high_noise_first_5min_sm1p00_tm2p00_d10_noise_w5_r0p75,MNQ,1min,next_execution_bar_open,next_execution_bar,stop_first,1.0,2.0,10,avoid_high_noise_first_5min,noise_w5_r0p75,"{""max_range_to_stop_distance"": 0.75, ""noise_window_minutes"": 5}"
128,288.39999999999964,7228.4,6940.0,0.3984375,2.253124999999997,-35.75,1.0415561959654178,-1048.5999999999985,0.2583648052171622,0.6013484011335067,0.2750333778371162,75.0546875,87.0,0.921875,0.0546875,0.4453125,0.0234375,112,0.345679012345679,2,18.806114239742556,2.5,avoid_high_noise_first_5min_sm1p00_tm2p00_d5_noise_w5_r1p00,MNQ,1min,next_execution_bar_open,next_execution_bar,stop_first,1.0,2.0,5,avoid_high_noise_first_5min,noise_w5_r1p00,"{""max_range_to_stop_distance"": 1.0, ""noise_window_minutes"": 5}"
134,718.4000000000015,7981.9000000000015,7263.5,0.4253731343283582,5.361194029850757,-27.75,1.0989054863357888,-1222.5,0.5862480672825077,1.2245265835726717,0.5876482617586924,81.08208955223881,111.5,0.917910447761194,0.05223880597014925,0.4701492537313433,0.029850746268656716,96,0.2962962962962963,3,19.68765084473049,2.5,avoid_high_noise_first_5min_sm1p00_tm2p00_d10_noise_w5_r1p00,MNQ,1min,next_execution_bar_open,next_execution_bar,stop_first,1.0,2.0,10,avoid_high_noise_first_5min,noise_w5_r1p00,"{""max_range_to_stop_distance"": 1.0, ""noise_window_minutes"": 5}"
146,1404.6000000000004,8972.6,7568.0,0.4041095890410959,9.620547945205482,-35.75,1.1855972515856237,-758.5,1.0566565339410707,2.7177065189929577,1.8518127883981548,74.38356164383562,86.0,0.9178082191780822,0.06164383561643835,0.4315068493150685,0.02054794520547945,93,0.28703703703703703,3,21.450724054706356,2.5,avoid_high_noise_first_5min_sm1p00_tm2p00_d5_noise_w5_r1p25,MNQ,1min,next_execution_bar_open,next_execution_bar,stop_first,1.0,2.0,5,avoid_high_noise_first_5min,noise_w5_r1p25,"{""max_range_to_stop_distance"": 1.25, ""noise_window_minutes"": 5}"
148,105.40000000000146,8283.400000000001,8178.0,0.40540540540540543,0.712162162162172,-32.25,1.0128882367326977,-1092.0,0.0799816644881146,0.17009891321815765,0.09652014652014786,77.03378378378379,99.0,0.918918918918919,0.0472972972972973,0.4391891891891892,0.033783783783783786,82,0.25308641975308643,3,21.744569589702333,2.5,avoid_high_noise_first_5min_sm1p00_tm2p00_d10_noise_w5_r1p25,MNQ,1min,next_execution_bar_open,next_execution_bar,stop_first,1.0,2.0,10,avoid_high_noise_first_5min,noise_w5_r1p25,"{""max_range_to_stop_distance"": 1.25, ""noise_window_minutes"": 5}"
20,-921.75,581.25,1503.0,0.4,-46.0875,-59.5,0.38672654690618763,-994.0,-6.462927379588704,-11.127781616309695,-0.9273138832997988,86.35,120.0,0.95,0.05,0.55,0.0,213,0.6574074074074074,0,2.9384553499597748,2.5,avoid_high_noise_first_5min_sm1p00_tm2p00_d10_noise_w10_r0p50,MNQ,1min,next_execution_bar_open,next_execution_bar,stop_first,1.0,2.0,10,avoid_high_noise_first_5min,noise_w10_r0p50,"{""max_range_to_stop_distance"": 0.5, ""noise_window_minutes"": 10}"
66,-983.9000000000015,3174.5999999999985,4158.5,0.42424242424242425,-14.90757575757578,-37.75,0.7634002645184558,-1133.4000000000015,-1.6680568963458355,-3.075499385115833,-0.8680959943532736,90.07575757575758,120.0,0.9393939393939394,0.06060606060606061,0.5303030303030303,0.0,165,0.5092592592592593,2,9.696902654867257,2.5,avoid_high_noise_first_5min_sm1p00_tm2p00_d10_noise_w10_r0p75,MNQ,1min,next_execution_bar_open,next_execution_bar,stop_first,1.0,2.0,10,avoid_high_noise_first_5min,noise_w10_r0p75,"{""max_range_to_stop_distance"": 0.75, ""noise_window_minutes"": 10}"
106,572.0,6525.0,5953.0,0.4716981132075472,5.39622641509434,-22.0,1.0960860070552663,-926.5,0.5789732019404397,1.1496857124181206,0.6173772261198057,88.31132075471699,120.0,0.9245283018867925,0.05660377358490566,0.5188679245283019,0.018867924528301886,124,0.38271604938271603,3,15.573813354786806,2.5,avoid_high_noise_first_5min_sm1p00_tm2p00_d10_noise_w10_r1p00,MNQ,1min,next_execution_bar_open,next_execution_bar,stop_first,1.0,2.0,10,avoid_high_noise_first_5min,noise_w10_r1p00,"{""max_range_to_stop_distance"": 1.0, ""noise_window_minutes"": 10}"
125,939.9000000000015,7813.4000000000015,6873.5,0.456,7.519200000000011,-27.5,1.1367425620135305,-1070.0,0.8075676499873548,1.6692089244950035,0.8784112149532723,83.808,119.0,0.912,0.056,0.488,0.032,105,0.32407407407407407,3,18.36534593724859,2.5,avoid_high_noise_first_5min_sm1p00_tm2p00_d10_noise_w10_r1p25,MNQ,1min,next_execution_bar_open,next_execution_bar,stop_first,1.0,2.0,10,avoid_high_noise_first_5min,noise_w10_r1p25,"{""max_range_to_stop_distance"": 1.25, ""noise_window_minutes"": 10}"
36,-158.0625,1096.9375,1255.0,0.3611111111111111,-4.390625,-20.0,0.8740537848605577,-721.5,-0.8568577588355485,-1.4608555032255484,-0.21907484407484407,67.16666666666667,81.5,0.9166666666666666,0.05555555555555555,0.3611111111111111,0.027777777777777776,205,0.6327160493827161,1,5.289219629927595,2.5,avoid_immediate_adverse_move_sm1p00_tm2p50_d5_adverse_w5_ticks8,MNQ,1min,next_execution_bar_open,next_execution_bar,stop_first,1.0,2.5,5,avoid_immediate_adverse_move,adverse_w5_ticks8,"{""adverse_window_minutes"": 5, ""max_adverse_ticks"": 8}"
32,-77.5625,1216.9375,1294.5,0.375,-2.423828125,-20.0,0.9400830436461954,-712.0,-0.3448048530743829,-0.6512390344333158,-0.10893609550561797,74.21875,84.0,0.90625,0.0625,0.4375,0.03125,189,0.5833333333333334,1,4.701528559935639,2.5,avoid_immediate_adverse_move_sm1p00_tm2p50_d15_adverse_w5_ticks8,MNQ,1min,next_execution_bar_open,next_execution_bar,stop_first,1.0,2.5,15,avoid_immediate_adverse_move,adverse_w5_ticks8,"{""adverse_window_minutes"": 5, ""max_adverse_ticks"": 8}"
53,543.9375,2443.4375,1899.5,0.37735849056603776,10.262971698113208,-18.5,1.2863582521716241,-648.5,1.4020536472430158,3.582760942377542,0.8387625289128758,67.62264150943396,84.0,0.9433962264150944,0.03773584905660377,0.39622641509433965,0.018867924528301886,187,0.5771604938271605,2,7.786906677393403,2.5,avoid_immediate_adverse_move_sm1p00_tm2p50_d5_adverse_w5_ticks12,MNQ,1min,next_execution_bar_open,next_execution_bar,stop_first,1.0,2.5,5,avoid_immediate_adverse_move,adverse_w5_ticks12,"{""adverse_window_minutes"": 5, ""max_adverse_ticks"": 12}"
47,596.9375,2553.4375,1956.5,0.3829787234042553,12.700797872340425,-21.0,1.3051047789419883,-718.5,1.499317501820735,3.709277841096112,0.8308107167710508,76.97872340425532,97.0,0.9361702127659575,0.0425531914893617,0.46808510638297873,0.02127659574468085,173,0.5339506172839507,2,6.9053700724054705,2.5,avoid_immediate_adverse_move_sm1p00_tm2p50_d15_adverse_w5_ticks12,MNQ,1min,next_execution_bar_open,next_execution_bar,stop_first,1.0,2.5,15,avoid_immediate_adverse_move,adverse_w5_ticks12,"{""adverse_window_minutes"": 5, ""max_adverse_ticks"": 12}"
61,937.4375,2993.9375,2056.5,0.39344262295081966,15.367827868852459,-18.5,1.4558412351081935,-504.5,2.098669712628478,5.5769663150935935,1.8581516352824579,69.21311475409836,84.0,0.9508196721311475,0.03278688524590164,0.4262295081967213,0.01639344262295082,179,0.5524691358024691,2,8.962288817377312,2.5,avoid_immediate_adverse_move_sm1p00_tm2p50_d5_adverse_w5_ticks16,MNQ,1min,next_execution_bar_open,next_execution_bar,stop_first,1.0,2.5,5,avoid_immediate_adverse_move,adverse_w5_ticks16,"{""adverse_window_minutes"": 5, ""max_adverse_ticks"": 16}"
54,982.4375,3074.4375,2092.0,0.4074074074074074,18.193287037037038,-20.75,1.4696163957934991,-572.0,2.1849430419591176,5.5045352978216116,1.7175480769230769,78.27777777777777,114.5,0.9444444444444444,0.037037037037037035,0.48148148148148145,0.018518518518518517,166,0.5123456790123457,2,7.9338294448913915,2.5,avoid_immediate_adverse_move_sm1p00_tm2p50_d15_adverse_w5_ticks16,MNQ,1min,next_execution_bar_open,next_execution_bar,stop_first,1.0,2.5,15,avoid_immediate_adverse_move,adverse_w5_ticks16,"{""adverse_window_minutes"": 5, ""max_adverse_ticks"": 16}"
78,981.4375,3888.4375,2907.0,0.358974358974359,12.582532051282051,-21.5,1.3376117991056071,-741.0,1.6036604746662495,4.756910025590705,1.3244770580296896,69.06410256410257,84.0,0.9615384615384616,0.02564102564102564,0.4230769230769231,0.01282051282051282,162,0.5,2,11.459975864843122,2.5,avoid_immediate_adverse_move_sm1p00_tm2p50_d5_adverse_w5_ticks24,MNQ,1min,next_execution_bar_open,next_execution_bar,stop_first,1.0,2.5,5,avoid_immediate_adverse_move,adverse_w5_ticks24,"{""adverse_window_minutes"": 5, ""max_adverse_ticks"": 24}"
70,1172.4375,3908.4375,2736.0,0.35714285714285715,16.74910714285714,-22.25,1.4285224780701755,-799.5,1.943023569486896,5.6824847805666545,1.4664634146341464,75.98571428571428,105.5,0.9571428571428572,0.02857142857142857,0.4714285714285714,0.014285714285714285,150,0.46296296296296297,2,10.284593724859212,2.5,avoid_immediate_adverse_move_sm1p00_tm2p50_d15_adverse_w5_ticks24,MNQ,1min,next_execution_bar_open,next_execution_bar,stop_first,1.0,2.5,15,avoid_immediate_adverse_move,adverse_w5_ticks24,"{""adverse_window_minutes"": 5, ""max_adverse_ticks"": 24}"
25,-460.5625,720.9375,1181.5,0.4,-18.4225,-20.5,0.6101883199322895,-811.5,-3.1291488846886817,-4.717971740136593,-0.5675446703635243,74.56,91.0,0.92,0.08,0.44,0.0,196,0.6049382716049383,1,3.6730691874497183,2.5,avoid_immediate_adverse_move_sm1p00_tm2p50_d15_adverse_w10_ticks8,MNQ,1min,next_execution_bar_open,next_execution_bar,stop_first,1.0,2.5,15,avoid_immediate_adverse_move,adverse_w10_ticks8,"{""adverse_window_minutes"": 10, ""max_adverse_ticks"": 8}"
42,22.4375,1900.4375,1878.0,0.38095238095238093,0.5342261904761905,-27.0,1.0119475505857296,-854.0,0.06916943009568553,0.15311360720967793,0.026273419203747074,77.52380952380952,94.0,0.9285714285714286,0.047619047619047616,0.4523809523809524,0.023809523809523808,178,0.5493827160493827,2,6.170756234915527,2.5,avoid_immediate_adverse_move_sm1p00_tm2p50_d15_adverse_w10_ticks12,MNQ,1min,next_execution_bar_open,next_execution_bar,stop_first,1.0,2.5,15,avoid_immediate_adverse_move,adverse_w10_ticks12,"{""adverse_window_minutes"": 10, ""max_adverse_ticks"": 12}"
48,452.4375,2421.4375,1969.0,0.4166666666666667,9.42578125,-21.25,1.229780345352971,-693.5,1.214164936248793,2.762488670698067,0.6523972602739726,80.25,114.5,0.9375,0.041666666666666664,0.4791666666666667,0.020833333333333332,172,0.5308641975308642,2,7.052292839903459,2.5,avoid_immediate_adverse_move_sm1p00_tm2p50_d15_adverse_w10_ticks16,MNQ,1min,next_execution_bar_open,next_execution_bar,stop_first,1.0,2.5,15,avoid_immediate_adverse_move,adverse_w10_ticks16,"{""adverse_window_minutes"": 10, ""max_adverse_ticks"": 16}"
58,489.9375,2952.9375,2463.0,0.3793103448275862,8.44719827586207,-27.25,1.1989190012180269,-763.5,1.0197920589911378,2.7483118638087594,0.6416994106090373,76.82758620689656,94.0,0.9482758620689655,0.034482758620689655,0.4482758620689655,0.017241379310344827,162,0.5,2,8.521520514883345,2.5,avoid_immediate_adverse_move_sm1p00_tm2p50_d15_adverse_w10_ticks24,MNQ,1min,next_execution_bar_open,next_execution_bar,stop_first,1.0,2.5,15,avoid_immediate_adverse_move,adverse_w10_ticks24,"{""adverse_window_minutes"": 10, ""max_adverse_ticks"": 24}"
22,-428.0625,678.9375,1107.0,0.4090909090909091,-19.457386363636363,-19.25,0.6133130081300813,-821.0,-3.1322222119074627,-4.8098188082255575,-0.5213915956151035,77.0909090909091,94.0,0.9090909090909091,0.09090909090909091,0.45454545454545453,0.0,199,0.6141975308641975,1,3.232300884955752,2.5,avoid_immediate_adverse_move_sm1p00_tm2p50_d15_adverse_w15_ticks8,MNQ,1min,next_execution_bar_open,next_execution_bar,stop_first,1.0,2.5,15,avoid_immediate_adverse_move,adverse_w15_ticks8,"{""adverse_window_minutes"": 15, ""max_adverse_ticks"": 8}"
36,6.9375,1761.9375,1755.0,0.3888888888888889,0.19270833333333334,-27.0,1.0039529914529914,-960.0,0.023386037624065506,0.0537974507768172,0.0072265625,80.08333333333333,105.5,0.9166666666666666,0.05555555555555555,0.4722222222222222,0.027777777777777776,184,0.5679012345679012,2,5.289219629927595,2.5,avoid_immediate_adverse_move_sm1p00_tm2p50_d15_adverse_w15_ticks12,MNQ,1min,next_execution_bar_open,next_execution_bar,stop_first,1.0,2.5,15,avoid_immediate_adverse_move,adverse_w15_ticks12,"{""adverse_window_minutes"": 15, ""max_adverse_ticks"": 12}"
42,436.9375,2282.9375,1846.0,0.42857142857142855,10.40327380952381,-21.25,1.2366942036836404,-799.5,1.2671870451025282,2.967135508908348,0.5465134459036898,82.83333333333333,117.5,0.9285714285714286,0.047619047619047616,0.5,0.023809523809523808,178,0.5493827160493827,2,6.170756234915527,2.5,avoid_immediate_adverse_move_sm1p00_tm2p50_d15_adverse_w15_ticks16,MNQ,1min,next_execution_bar_open,next_execution_bar,stop_first,1.0,2.5,15,avoid_immediate_adverse_move,adverse_w15_ticks16,"{""adverse_window_minutes"": 15, ""max_adverse_ticks"": 16}"
51,578.9375,2814.4375,2235.5,0.39215686274509803,11.35171568627451,-22.5,1.258974502348468,-797.5,1.3051586907792803,3.6088771770449246,0.7259404388714733,79.05882352941177,114.0,0.9411764705882353,0.0392156862745098,0.47058823529411764,0.0196078431372549,169,0.5216049382716049,2,7.493061142397425,2.5,avoid_immediate_adverse_move_sm1p00_tm2p50_d15_adverse_w15_ticks24,MNQ,1min,next_execution_bar_open,next_execution_bar,stop_first,1.0,2.5,15,avoid_immediate_adverse_move,adverse_w15_ticks24,"{""adverse_window_minutes"": 15, ""max_adverse_ticks"": 24}"
116,-1085.1875,4818.3125,5903.5,0.29310344827586204,-9.355064655172415,-39.5,0.8161789616329296,-1219.5,-1.1959579749519629,-2.7390855825337592,-0.8898626486264862,64.64655172413794,61.0,0.9655172413793104,0.008620689655172414,0.3793103448275862,0.02586206896551724,124,0.38271604938271603,2,17.04304102976669,2.5,require_no_stop_zone_touch_before_entry_sm1p00_tm2p50_d5_stop_zone_0p50,MNQ,1min,next_execution_bar_open,next_execution_bar,stop_first,1.0,2.5,5,require_no_stop_zone_touch_before_entry,stop_zone_0p50,"{""stop_zone_fraction"": 0.5}"
57,-301.5625,2555.4375,2857.0,0.3508771929824561,-5.290570175438597,-26.5,0.8944478473923696,-676.5,-0.6958961978521471,-1.4053469370171072,-0.44576866223207684,78.14035087719299,111.0,0.9473684210526315,0.03508771929824561,0.47368421052631576,0.017543859649122806,164,0.5061728395061729,1,8.374597747385357,2.5,require_no_stop_zone_touch_before_entry_sm1p00_tm2p50_d15_stop_zone_0p50,MNQ,1min,next_execution_bar_open,next_execution_bar,stop_first,1.0,2.5,15,require_no_stop_zone_touch_before_entry,stop_zone_0p50,"{""stop_zone_fraction"": 0.5}"
31,78.5,1427.5,1349.0,0.41935483870967744,2.532258064516129,-20.0,1.058191252779837,-363.0,0.3673636914083599,0.7698101022985095,0.2162534435261708,86.16129032258064,120.0,1.0,0.0,0.5806451612903226,0.0,163,0.5030864197530864,1,4.55460579243765,2.5,require_no_stop_zone_touch_before_entry_sm1p00_tm2p50_d30_stop_zone_0p50,MNQ,1min,next_execution_bar_open,next_execution_bar,stop_first,1.0,2.5,30,require_no_stop_zone_touch_before_entry,stop_zone_0p50,"{""stop_zone_fraction"": 0.5}"
160,1978.875,9184.375,7205.5,0.35,12.36796875,-29.25,1.274633960169315,-815.5,1.375501359739149,3.643378253342059,2.4265787860208463,65.74375,69.0,0.94375,0.03125,0.39375,0.025,79,0.24382716049382716,3,23.507642799678198,2.5,require_no_stop_zone_touch_before_entry_sm1p00_tm2p50_d5_stop_zone_0p75,MNQ,1min,next_execution_bar_open,next_execution_bar,stop_first,1.0,2.5,5,require_no_stop_zone_touch_before_entry,stop_zone_0p75,"{""stop_zone_fraction"": 0.75}"
98,-793.5,4547.0,5340.5,0.35714285714285715,-8.096938775510203,-25.25,0.8514184065162438,-1478.5625,-0.9591300141483279,-1.7745186330443892,-0.5366699074269772,79.01020408163265,112.5,0.9489795918367347,0.030612244897959183,0.46938775510204084,0.02040816326530612,123,0.37962962962962965,2,14.398431214802896,2.5,require_no_stop_zone_touch_before_entry_sm1p00_tm2p50_d15_stop_zone_0p75,MNQ,1min,next_execution_bar_open,next_execution_bar,stop_first,1.0,2.5,15,require_no_stop_zone_touch_before_entry,stop_zone_0p75,"{""stop_zone_fraction"": 0.75}"
73,-635.5,3026.0,3661.5,0.410958904109589,-8.705479452054794,-25.5,0.8264372524921481,-1488.0,-1.2018417496211165,-1.8770384728585119,-0.4270833333333333,88.68493150684931,120.0,0.958904109589041,0.0136986301369863,0.5616438356164384,0.0273972602739726,121,0.3734567901234568,2,10.725362027353178,2.5,require_no_stop_zone_touch_before_entry_sm1p00_tm2p50_d30_stop_zone_0p75,MNQ,1min,next_execution_bar_open,next_execution_bar,stop_first,1.0,2.5,30,require_no_stop_zone_touch_before_entry,stop_zone_0p75,"{""stop_zone_fraction"": 0.75}"
184,990.875,9818.875,8828.0,0.32608695652173914,5.385190217391305,-32.25,1.112242297236067,-945.5,0.6103480521078557,1.5683501464982572,1.0479904812268641,63.23913043478261,59.0,0.9510869565217391,0.02717391304347826,0.3641304347826087,0.021739130434782608,55,0.1697530864197531,3,27.033789219629927,2.5,require_no_stop_zone_touch_before_entry_sm1p00_tm2p50_d5_stop_zone_1p00,MNQ,1min,next_execution_bar_open,next_execution_bar,stop_first,1.0,2.5,5,require_no_stop_zone_touch_before_entry,stop_zone_1p00,"{""stop_zone_fraction"": 1.0}"
138,396.9375,7743.9375,7347.0,0.391304347826087,2.876358695652174,-25.25,1.0540271539403838,-860.0625,0.32249760678629796,0.6731903056122449,0.46152169173751906,78.27536231884058,107.5,0.9420289855072463,0.028985507246376812,0.47101449275362317,0.028985507246376812,82,0.25308641975308643,3,20.275341914722446,2.5,require_no_stop_zone_touch_before_entry_sm1p00_tm2p50_d15_stop_zone_1p00,MNQ,1min,next_execution_bar_open,next_execution_bar,stop_first,1.0,2.5,15,require_no_stop_zone_touch_before_entry,stop_zone_1p00,"{""stop_zone_fraction"": 1.0}"
112,522.9375,6115.9375,5593.0,0.4375,4.669084821428571,-25.5,1.0934985696406223,-947.0,0.5698100543847321,1.0730087916087778,0.5522043294614573,88.91071428571429,120.0,0.9553571428571429,0.017857142857142856,0.5803571428571429,0.026785714285714284,81,0.25,3,16.455349959774736,2.5,require_no_stop_zone_touch_before_entry_sm1p00_tm2p50_d30_stop_zone_1p00,MNQ,1min,next_execution_bar_open,next_execution_bar,stop_first,1.0,2.5,30,require_no_stop_zone_touch_before_entry,stop_zone_1p00,"{""stop_zone_fraction"": 1.0}"
146,1658.9375,8570.9375,6912.0,0.3561643835616438,11.362585616438356,-29.75,1.2400083188657407,-848.0,1.2275967640537364,3.316826381308798,1.9562942216981132,66.76712328767124,73.0,0.952054794520548,0.02054794520547945,0.4041095890410959,0.0273972602739726,94,0.29012345679012347,2,21.450724054706356,2.5,require_micro_momentum_confirmation_sm1p00_tm2p50_d5_momentum_w5_close_vs_window_open,MNQ,1min,next_execution_bar_open,next_execution_bar,stop_first,1.0,2.5,5,require_micro_momentum_confirmation,momentum_w5_close_vs_window_open,"{""confirmation_window_minutes"": 5, ""mode"": ""close_vs_window_open""}"
163,20.5,8516.5,8496.0,0.3312883435582822,0.12576687116564417,-23.0,1.002412900188324,-1145.0,0.014066638934852148,0.03113888360938658,0.017903930131004366,68.74233128834356,77.0,0.9631901840490797,0.018404907975460124,0.4294478527607362,0.018404907975460124,57,0.17592592592592593,3,23.948411102172162,2.5,require_micro_momentum_confirmation_sm1p00_tm2p50_d15_momentum_w5_close_vs_window_open,MNQ,1min,next_execution_bar_open,next_execution_bar,stop_first,1.0,2.5,15,require_micro_momentum_confirmation,momentum_w5_close_vs_window_open,"{""confirmation_window_minutes"": 5, ""mode"": ""close_vs_window_open""}"
146,1077.9375,8144.4375,7066.5,0.3561643835616438,7.383133561643835,-28.25,1.152541923158565,-887.5,0.837730987841574,2.017152066526283,1.2145774647887324,68.45205479452055,76.0,0.952054794520548,0.02054794520547945,0.4041095890410959,0.0273972602739726,93,0.28703703703703703,3,21.450724054706356,2.5,require_micro_momentum_confirmation_sm1p00_tm2p50_d5_momentum_w5_close_vs_local_mid,MNQ,1min,next_execution_bar_open,next_execution_bar,stop_first,1.0,2.5,5,require_micro_momentum_confirmation,momentum_w5_close_vs_local_mid,"{""confirmation_window_minutes"": 5, ""mode"": ""close_vs_local_mid""}"
161,-903.0,7727.5,8630.5,0.3167701863354037,-5.608695652173913,-27.5,0.895371067724929,-1662.0,-0.6402871120039095,-1.3545512030967886,-0.5433212996389891,66.4968944099379,74.0,0.9627329192546584,0.012422360248447204,0.4161490683229814,0.024844720496894408,59,0.18209876543209877,3,23.654565567176185,2.5,require_micro_momentum_confirmation_sm1p00_tm2p50_d15_momentum_w5_close_vs_local_mid,MNQ,1min,next_execution_bar_open,next_execution_bar,stop_first,1.0,2.5,15,require_micro_momentum_confirmation,momentum_w5_close_vs_local_mid,"{""confirmation_window_minutes"": 5, ""mode"": ""close_vs_local_mid""}"
163,20.5,8516.5,8496.0,0.3312883435582822,0.12576687116564417,-23.0,1.002412900188324,-1145.0,0.014066638934852148,0.03113888360938658,0.017903930131004366,68.74233128834356,77.0,0.9631901840490797,0.018404907975460124,0.4294478527607362,0.018404907975460124,57,0.17592592592592593,3,23.948411102172162,2.5,require_micro_momentum_confirmation_sm1p00_tm2p50_d15_momentum_w10_close_vs_window_open,MNQ,1min,next_execution_bar_open,next_execution_bar,stop_first,1.0,2.5,15,require_micro_momentum_confirmation,momentum_w10_close_vs_window_open,"{""confirmation_window_minutes"": 10, ""mode"": ""close_vs_window_open""}"
159,-66.5,8267.0,8333.5,0.3333333333333333,-0.41823899371069184,-23.0,0.9920201595968081,-1345.5,-0.04671981715461279,-0.10279589314756964,-0.04942400594574508,68.49056603773585,77.0,0.9622641509433962,0.012578616352201259,0.4339622641509434,0.025157232704402517,61,0.1882716049382716,3,23.360720032180208,2.5,require_micro_momentum_confirmation_sm1p00_tm2p50_d15_momentum_w10_close_vs_local_mid,MNQ,1min,next_execution_bar_open,next_execution_bar,stop_first,1.0,2.5,15,require_micro_momentum_confirmation,momentum_w10_close_vs_local_mid,"{""confirmation_window_minutes"": 10, ""mode"": ""close_vs_local_mid""}"
163,20.5,8516.5,8496.0,0.3312883435582822,0.12576687116564417,-23.0,1.002412900188324,-1145.0,0.014066638934852148,0.03113888360938658,0.017903930131004366,68.74233128834356,77.0,0.9631901840490797,0.018404907975460124,0.4294478527607362,0.018404907975460124,57,0.17592592592592593,3,23.948411102172162,2.5,require_micro_momentum_confirmation_sm1p00_tm2p50_d15_momentum_w15_close_vs_window_open,MNQ,1min,next_execution_bar_open,next_execution_bar,stop_first,1.0,2.5,15,require_micro_momentum_confirmation,momentum_w15_close_vs_window_open,"{""confirmation_window_minutes"": 15, ""mode"": ""close_vs_window_open""}"
162,-162.5,8267.0,8429.5,0.3271604938271605,-1.0030864197530864,-25.25,0.9807224627795242,-1420.5,-0.11303375086465582,-0.248059875869419,-0.11439633931714185,67.24074074074075,74.0,0.9629629629629629,0.012345679012345678,0.42592592592592593,0.024691358024691357,58,0.17901234567901234,3,23.801488334674175,2.5,require_micro_momentum_confirmation_sm1p00_tm2p50_d15_momentum_w15_close_vs_local_mid,MNQ,1min,next_execution_bar_open,next_execution_bar,stop_first,1.0,2.5,15,require_micro_momentum_confirmation,momentum_w15_close_vs_local_mid,"{""confirmation_window_minutes"": 15, ""mode"": ""close_vs_local_mid""}"
38,172.0,2051.5,1879.5,0.47368421052631576,4.526315789473684,-10.5,1.091513700452248,-496.5,0.5573836240949823,1.128923991557661,0.3464249748237664,96.21052631578948,120.0,0.9473684210526315,0.0,0.6842105263157895,0.05263157894736842,202,0.6234567901234568,2,5.583065164923572,2.5,avoid_high_noise_first_5min_sm1p00_tm2p50_d5_noise_w5_r0p50,MNQ,1min,next_execution_bar_open,next_execution_bar,stop_first,1.0,2.5,5,avoid_high_noise_first_5min,noise_w5_r0p50,"{""max_range_to_stop_distance"": 0.5, ""noise_window_minutes"": 5}"
65,165.5,3652.0,3486.5,0.49230769230769234,2.546153846153846,-5.0,1.047468808260433,-973.5,0.2867016197533482,0.48811326522486836,0.17000513610683102,96.86153846153846,120.0,0.9692307692307692,0.0,0.6615384615384615,0.03076923076923077,165,0.5092592592592593,3,9.549979887369267,2.5,avoid_high_noise_first_5min_sm1p00_tm2p50_d10_noise_w5_r0p50,MNQ,1min,next_execution_bar_open,next_execution_bar,stop_first,1.0,2.5,10,avoid_high_noise_first_5min,noise_w5_r0p50,"{""max_range_to_stop_distance"": 0.5, ""noise_window_minutes"": 5}"
90,27.0,4707.5,4680.5,0.4444444444444444,0.3,-21.75,1.0057686144642666,-706.0,0.037058586422656886,0.07953070509542638,0.03824362606232295,85.05555555555556,120.0,0.9555555555555556,0.011111111111111112,0.5555555555555556,0.03333333333333333,150,0.46296296296296297,2,13.223049074818986,2.5,avoid_high_noise_first_5min_sm1p00_tm2p50_d5_noise_w5_r0p75,MNQ,1min,next_execution_bar_open,next_execution_bar,stop_first,1.0,2.5,5,avoid_high_noise_first_5min,noise_w5_r0p75,"{""max_range_to_stop_distance"": 0.75, ""noise_window_minutes"": 5}"
105,1151.9375,6801.4375,5649.5,0.47619047619047616,10.970833333333333,-8.5,1.2039007876803256,-926.5,1.1612193867298197,2.3568684819211776,1.2433216405828387,87.83809523809524,120.0,0.9619047619047619,0.009523809523809525,0.5714285714285714,0.02857142857142857,125,0.38580246913580246,3,15.426890587288817,2.5,avoid_high_noise_first_5min_sm1p00_tm2p50_d10_noise_w5_r0p75,MNQ,1min,next_execution_bar_open,next_execution_bar,stop_first,1.0,2.5,10,avoid_high_noise_first_5min,noise_w5_r0p75,"{""max_range_to_stop_distance"": 0.75, ""noise_window_minutes"": 5}"
128,465.75,7405.75,6940.0,0.3984375,3.638671875,-35.75,1.0671109510086456,-991.5,0.40770900019332207,0.9711443059220911,0.4697428139183056,76.5625,107.5,0.953125,0.0234375,0.4765625,0.0234375,112,0.345679012345679,2,18.806114239742556,2.5,avoid_high_noise_first_5min_sm1p00_tm2p50_d5_noise_w5_r1p00,MNQ,1min,next_execution_bar_open,next_execution_bar,stop_first,1.0,2.5,5,avoid_high_noise_first_5min,noise_w5_r1p00,"{""max_range_to_stop_distance"": 1.0, ""noise_window_minutes"": 5}"
134,622.9375,7886.4375,7263.5,0.4253731343283582,4.648787313432836,-27.75,1.0857627176980795,-1222.5,0.5115191330690233,1.0618089207325998,0.509560327198364,81.85820895522389,120.0,0.9552238805970149,0.014925373134328358,0.5074626865671642,0.029850746268656716,96,0.2962962962962963,3,19.68765084473049,2.5,avoid_high_noise_first_5min_sm1p00_tm2p50_d10_noise_w5_r1p00,MNQ,1min,next_execution_bar_open,next_execution_bar,stop_first,1.0,2.5,10,avoid_high_noise_first_5min,noise_w5_r1p00,"{""max_range_to_stop_distance"": 1.0, ""noise_window_minutes"": 5}"
146,1615.75,9183.75,7568.0,0.4041095890410959,11.066780821917808,-35.75,1.213497621564482,-758.5,1.1886813101250464,3.126252533150271,2.1301911667765325,76.03424657534246,102.5,0.952054794520548,0.0273972602739726,0.4657534246575342,0.02054794520547945,93,0.28703703703703703,3,21.450724054706356,2.5,avoid_high_noise_first_5min_sm1p00_tm2p50_d5_noise_w5_r1p25,MNQ,1min,next_execution_bar_open,next_execution_bar,stop_first,1.0,2.5,5,avoid_high_noise_first_5min,noise_w5_r1p25,"{""max_range_to_stop_distance"": 1.25, ""noise_window_minutes"": 5}"
148,9.9375,8187.9375,8178.0,0.40540540540540543,0.06714527027027027,-32.25,1.0012151504035216,-1092.0,0.007587179213784552,0.016037551708780063,0.009100274725274726,77.73648648648648,107.5,0.9527027027027027,0.013513513513513514,0.47297297297297297,0.033783783783783786,82,0.25308641975308643,3,21.744569589702333,2.5,avoid_high_noise_first_5min_sm1p00_tm2p50_d10_noise_w5_r1p25,MNQ,1min,next_execution_bar_open,next_execution_bar,stop_first,1.0,2.5,10,avoid_high_noise_first_5min,noise_w5_r1p25,"{""max_range_to_stop_distance"": 1.25, ""noise_window_minutes"": 5}"
20,-930.0,573.0,1503.0,0.4,-46.5,-59.5,0.3812375249500998,-994.0,-6.559403436295939,-11.227379336227846,-0.9356136820925554,86.65,120.0,1.0,0.0,0.6,0.0,213,0.6574074074074074,0,2.9384553499597748,2.5,avoid_high_noise_first_5min_sm1p00_tm2p50_d10_noise_w10_r0p50,MNQ,1min,next_execution_bar_open,next_execution_bar,stop_first,1.0,2.5,10,avoid_high_noise_first_5min,noise_w10_r0p50,"{""max_range_to_stop_distance"": 0.5, ""noise_window_minutes"": 10}"
66,-946.5625,3211.9375,4158.5,0.42424242424242425,-14.34185606060606,-37.75,0.7723788625706385,-1113.0,-1.5901849882687062,-2.9587888878175646,-0.8504604672057502,90.74242424242425,120.0,0.9848484848484849,0.015151515151515152,0.5757575757575758,0.0,165,0.5092592592592593,2,9.696902654867257,2.5,avoid_high_noise_first_5min_sm1p00_tm2p50_d10_noise_w10_r0p75,MNQ,1min,next_execution_bar_open,next_execution_bar,stop_first,1.0,2.5,10,avoid_high_noise_first_5min,noise_w10_r0p75,"{""max_range_to_stop_distance"": 0.75, ""noise_window_minutes"": 10}"
106,437.9375,6390.9375,5953.0,0.4716981132075472,4.131485849056604,-22.0,1.0735658491516882,-926.5,0.44946194739308704,0.8802281235701237,0.47267943874797624,89.16037735849056,120.0,0.9622641509433962,0.018867924528301886,0.5566037735849056,0.018867924528301886,124,0.38271604938271603,3,15.573813354786806,2.5,avoid_high_noise_first_5min_sm1p00_tm2p50_d10_noise_w10_r1p00,MNQ,1min,next_execution_bar_open,next_execution_bar,stop_first,1.0,2.5,10,avoid_high_noise_first_5min,noise_w10_r1p00,"{""max_range_to_stop_distance"": 1.0, ""noise_window_minutes"": 10}"
125,844.4375,7717.9375,6873.5,0.456,6.7555,-27.5,1.122854077253219,-1070.0,0.7302045077996048,1.499672955823223,0.7891939252336448,84.64,120.0,0.952,0.016,0.528,0.032,105,0.32407407407407407,3,18.36534593724859,2.5,avoid_high_noise_first_5min_sm1p00_tm2p50_d10_noise_w10_r1p25,MNQ,1min,next_execution_bar_open,next_execution_bar,stop_first,1.0,2.5,10,avoid_high_noise_first_5min,noise_w10_r1p25,"{""max_range_to_stop_distance"": 1.25, ""noise_window_minutes"": 10}"
