scope,net_pnl,sharpe,sortino,profit_factor,expectancy,max_drawdown,n_trades,n_days_traded,pct_days_traded,hit_rate,avg_win,avg_loss,stop_hit_rate,target_hit_rate,exposure_time_pct
overall,4994.07,0.8735977624312221,0.25822288673634586,1.5888219716888368,37.83386363636363,-909.9599999999991,132,132,0.0755580995993131,0.5909090909090909,172.76320512820513,-157.06407407407406,0.3409090909090909,0.2878787878787879,0.04412399277882964
is,3069.67,0.7810035135990345,0.2398300523303799,1.5163361423693462,33.36597826086957,-741.96,92,92,0.07528641571194762,0.5652173913043478,173.36096153846154,-148.6275,0.3695652173913043,0.2717391304347826,0.04295396365772798
oos,1924.3999999999996,1.0786397864828137,0.29045100659982814,1.758725102114842,48.10999999999999,-909.96,40,40,0.0761904761904762,0.65,171.5676923076923,-181.1685714285714,0.275,0.325,0.04684737484737485
