entry_hour,trade_count,net_pnl_usd,expectancy_per_trade,win_rate
13.0,1,-37.85416666666606,-37.85416666666606,0.0
15.0,3,23.241666666676792,7.747222222225598,0.3333333333333333
