scope,net_pnl,sharpe,sortino,profit_factor,expectancy,max_drawdown,n_trades,n_days_traded,pct_days_traded,hit_rate,avg_win,avg_loss,stop_hit_rate,target_hit_rate,exposure_time_pct
overall,4957.419999999996,0.5535229012159656,0.377851527054336,1.151322994873097,12.646479591836725,-2333.72,392,392,0.35,0.49489795918367346,194.42237113402064,-165.45717171717178,0.3647959183673469,0.14030612244897958,0.2432165750915751
is,2355.0999999999976,0.3984361968666753,0.27092007618704106,1.1110286616216378,9.058076923076914,-2333.72,260,260,0.3303684879288437,0.47692307692307695,190.05435483870966,-155.9679411764706,0.38076923076923075,0.12307692307692308,0.2264294790343075
oos,2602.319999999999,0.8646425520131261,0.5983023671738158,1.2253309411821753,19.714545454545444,-2093.619999999998,132,132,0.3963963963963964,0.5303030303030303,202.16,-186.2722580645161,0.3333333333333333,0.17424242424242425,0.2828905828905829
