scope,net_pnl,sharpe,sortino,profit_factor,expectancy,max_drawdown,n_trades,n_days_traded,pct_days_traded,hit_rate,avg_win,avg_loss,stop_hit_rate,target_hit_rate,exposure_time_pct
overall,1669.479999999999,0.2680059061524451,0.10921579621926548,1.1305215294695266,13.573008130081293,-1696.4800000000002,123,123,0.10982142857142857,0.4634146341463415,253.68982456140347,-193.80060606060607,0.42276422764227645,0.12195121951219512,0.07859661172161173
is,1473.679999999999,0.29427953182307004,0.13886560158907302,1.1228310281539173,12.488813559322026,-1696.4800000000002,118,118,0.14993646759847523,0.4661016949152542,244.9327272727273,-190.4384126984127,0.4152542372881356,0.11864406779661017,0.10777375948913433
oos,195.79999999999995,0.20350726638580813,0.03516344553165735,1.2468419858299085,39.15999999999999,-499.98,5,5,0.015015015015015015,0.4,494.51,-264.4066666666667,0.6,0.2,0.009640409640409641
