scope,net_pnl,sharpe,sortino,profit_factor,expectancy,max_drawdown,n_trades,n_days_traded,pct_days_traded,hit_rate,avg_win,avg_loss,stop_hit_rate,target_hit_rate,exposure_time_pct
overall,6270.059999999992,0.4751262737965966,0.477145313838911,1.086819920591688,7.545198555956669,-4793.099999999994,831,831,0.7419642857142857,0.4753309265944645,198.70683544303796,-165.64022935779818,0.3862815884476534,0.1299638989169675,0.49998626373626376
is,-1508.5000000000048,-0.18061155138695165,-0.17301481026942192,0.9668809615915757,-2.8733333333333424,-4793.099999999994,525,525,0.6670902160101652,0.4419047619047619,189.82465517241383,-155.4533105802048,0.4057142857142857,0.10666666666666667,0.4451959730231649
oos,7778.559999999998,1.6559719641347384,1.8009280612451903,1.2916451079286666,25.42013071895424,-3212.7799999999897,306,306,0.918918918918919,0.5326797385620915,211.34895705521475,-186.51272727272726,0.35294117647058826,0.16993464052287582,0.6294756294756295
