variant_name,box_lookback,compression_threshold,target_r,screening_score,asset_count,oos_positive_assets,oos_total_trades,oos_total_net_pnl,oos_median_profit_factor,oos_median_sharpe,oos_median_top_5_day_contribution_pct,stress_positive_rows,stress_total_rows,worst_stress_oos_net_pnl,worst_stress_oos_profit_factor,median_mfe_r,median_mae_r,pct_trades_reaching_1r_mfe
vceb_n8_ct15_tr2p2,8,15.0,2.2,2.6837924379396854,4,1,53,168.65312500000982,0.8700469355920982,-0.40693871635496676,-2.681434561939029,2,8,-326.34895833333303,0.5060386283011447,0.655367231638418,-0.9285714285714286,0.41509433962264153
vceb_n16_ct15_tr2p2,16,15.0,2.2,5.246770333001077,4,0,42,-467.07499999998026,0.8435207830185734,-0.6176946977644752,-5.639146093352355,0,8,-318.49999999998727,0.0,0.5721583652618414,-0.8877123713807005,0.38095238095238093
