scope,net_pnl,sharpe,sortino,profit_factor,expectancy,max_drawdown,n_trades,n_days_traded,pct_days_traded,hit_rate,avg_win,avg_loss,stop_hit_rate,target_hit_rate,exposure_time_pct
overall,7153.599999999999,1.3466181034730367,0.3913905191737005,2.054164136963531,52.989629629629626,-1683.069999999996,135,135,0.07727532913566114,0.6592592592592592,156.6251685393258,-147.52260869565217,0.2740740740740741,0.34814814814814815,0.046513436954192536
is,5620.6,1.6815704922491255,0.4871334045158062,2.6764198834386206,66.12470588235294,-567.9599999999991,85,85,0.06955810147299508,0.6941176470588235,152.09050847457627,-128.95153846153846,0.24705882352941178,0.35294117647058826,0.04213563305216333
oos,1532.9999999999995,0.7992786959675038,0.25052227334971083,1.4465091894096065,30.65999999999999,-1683.0700000000002,50,50,0.09523809523809523,0.6,165.54333333333338,-171.66499999999996,0.32,0.34,0.056703296703296706
