scope,net_pnl,sharpe,sortino,profit_factor,expectancy,max_drawdown,n_trades,n_days_traded,pct_days_traded,hit_rate,avg_win,avg_loss,stop_hit_rate,target_hit_rate,exposure_time_pct
overall,4952.76,0.7314541886382746,0.34005585713758957,1.352265404623414,32.79973509933775,-1527.3600000000004,151,151,0.13482142857142856,0.4966887417218543,253.49999999999994,-184.99657894736842,0.41721854304635764,0.17880794701986755,0.0943452380952381
is,3727.6999999999994,0.6923542865235418,0.36961287224266326,1.2722439291582979,25.708275862068962,-1527.3600000000004,145,145,0.18424396442185514,0.4827586206896552,248.8599999999999,-182.56666666666666,0.42758620689655175,0.1724137931034483,0.12909132375460203
oos,1225.06,1.048370585829045,0.1590242726671508,4.3358566604945,204.17666666666665,-367.24,6,6,0.018018018018018018,0.8333333333333334,318.46,-367.24,0.16666666666666666,0.3333333333333333,0.012227612227612228
