scope,net_pnl,sharpe,sortino,profit_factor,expectancy,max_drawdown,n_trades,n_days_traded,pct_days_traded,hit_rate,avg_win,avg_loss,stop_hit_rate,target_hit_rate,exposure_time_pct
overall,-312.3000000000002,-0.1649502386732335,-0.01706050784342856,0.8034167589888205,-15.615000000000009,-695.94,20,20,0.011448196908986834,0.45,141.81555555555553,-144.4218181818182,0.4,0.25,0.007303362540912627
is,-336.88000000000005,-0.28993567819359295,-0.02751479903102878,0.6478655349751222,-28.073333333333338,-603.46,12,12,0.009819967266775777,0.4166666666666667,123.96,-136.66857142857143,0.4166666666666667,0.25,0.006431239246296529
oos,24.579999999999956,0.034861533906858436,0.004166773257431539,1.038894866763719,3.0724999999999945,-287.72,8,8,0.015238095238095238,0.5,164.135,-157.99,0.375,0.25,0.009333333333333334
