scope,net_pnl,sharpe,sortino,profit_factor,expectancy,max_drawdown,n_trades,n_days_traded,pct_days_traded,hit_rate,avg_win,avg_loss,stop_hit_rate,target_hit_rate,exposure_time_pct
overall,1468.6799999999967,0.17315879206301413,0.11137683196602782,1.0467295845219786,3.9909782608695563,-2801.5199999999913,368,368,0.32857142857142857,0.48097826086956524,185.8645197740113,-164.55151832460734,0.35597826086956524,0.10054347826086957,0.23021291208791209
is,964.3799999999976,0.15943962872849726,0.10658634512642336,1.043144476148806,3.666844106463869,-2649.739999999999,263,263,0.3341804320203304,0.46387832699619774,191.12065573770494,-158.5272340425532,0.35361216730038025,0.07984790874524715,0.2315218453719089
oos,504.29999999999905,0.20745993797757273,0.12093934998050081,1.055558003745731,4.802857142857134,-2801.519999999994,105,105,0.3153153153153153,0.5238095238095238,174.20545454545456,-181.54,0.3619047619047619,0.1523809523809524,0.22711942711942712
