scope,net_pnl,sharpe,sortino,profit_factor,expectancy,max_drawdown,n_trades,n_days_traded,pct_days_traded,hit_rate,avg_win,avg_loss,stop_hit_rate,target_hit_rate,exposure_time_pct
overall,7563.459999999997,0.8969583831958094,0.6185886436913918,1.2551964045914337,19.099646464646458,-2320.800000000001,396,396,0.3535714285714286,0.5075757575757576,185.08089552238803,-151.98871794871798,0.32575757575757575,0.13131313131313133,0.23901098901098902
is,1706.8799999999978,0.30082902363544617,0.19678897283750882,1.0819064674668821,6.49003802281368,-2320.800000000001,263,263,0.3341804320203304,0.4790874524714829,178.93857142857138,-152.11226277372265,0.34980988593155893,0.09885931558935361,0.22200827550255758
oos,5856.579999999999,2.1463323735219197,1.6488101270873936,1.665639967175925,44.034436090225554,-1613.979999999994,133,133,0.3993993993993994,0.5639097744360902,195.40000000000003,-151.69689655172414,0.2781954887218045,0.19548872180451127,0.2791945791945792
