scope,net_pnl,sharpe,sortino,profit_factor,expectancy,max_drawdown,n_trades,n_days_traded,pct_days_traded,hit_rate,avg_win,avg_loss,stop_hit_rate,target_hit_rate,exposure_time_pct
overall,5361.499999999998,0.5556124440430241,0.3807265600477297,1.1548098018007191,14.297333333333329,-3262.879999999999,375,375,0.33482142857142855,0.48533333333333334,219.74901098901094,-179.44466321243527,0.4186666666666667,0.152,0.22463369963369964
is,593.8799999999976,0.092502368033917,0.06245729291697547,1.0245292651133284,2.2580988593155804,-3107.039999999999,263,263,0.3341804320203304,0.4600760456273764,204.99966942148762,-170.5005633802817,0.4296577946768061,0.12547528517110265,0.225559573844199
oos,4767.619999999999,1.4936643670814023,1.033718944164712,1.4574687144373206,42.568035714285706,-2042.8799999999974,112,112,0.33633633633633636,0.5446428571428571,249.0059016393443,-204.3478431372549,0.39285714285714285,0.21428571428571427,0.22244552244552246
