scope,net_pnl,sharpe,sortino,profit_factor,expectancy,max_drawdown,n_trades,n_days_traded,pct_days_traded,hit_rate,avg_win,avg_loss,stop_hit_rate,target_hit_rate,exposure_time_pct
overall,-401.6000000000001,-0.28390839113515964,-0.022149800682016708,0.6247360257153001,-26.773333333333337,-779.6800000000001,15,15,0.008586147681740127,0.5333333333333333,83.57249999999999,-152.88285714285715,0.4,0.13333333333333333,0.005426151791349273
is,-290.38000000000005,-0.25689712230939094,-0.02268524727273634,0.6826239972020022,-24.198333333333338,-677.2,12,12,0.009819967266775777,0.5,104.09333333333332,-152.49,0.4166666666666667,0.16666666666666666,0.005774476478240799
oos,-111.22,-0.4858870995636898,-0.021663081003909433,0.28356093790260245,-37.07333333333333,0.0,3,3,0.005714285714285714,0.6666666666666666,22.01,-155.24,0.3333333333333333,0.0,0.004615384615384616
