entry_hour,trade_count,net_pnl_usd,expectancy_per_trade,win_rate
10.0,3,-137.51562499999636,-45.838541666665456,0.0
11.0,28,-180.81614583330747,-6.457719494046695,0.32142857142857145
12.0,41,-231.30729166663514,-5.641641260161832,0.43902439024390244
13.0,27,-185.4416666666475,-6.8682098765425,0.3333333333333333
14.0,25,-141.3697916666547,-5.6547916666661875,0.36
15.0,10,-52.214583333329756,-5.221458333332976,0.4
