scope,net_pnl,sharpe,sortino,profit_factor,expectancy,max_drawdown,n_trades,n_days_traded,pct_days_traded,hit_rate,avg_win,avg_loss,stop_hit_rate,target_hit_rate,exposure_time_pct
overall,-1.3200000000001548,-0.0006820794975844368,-6.289971659054891e-05,0.9990506465672242,-0.07333333333334194,-1174.18,18,18,0.01030337721808815,0.5555555555555556,138.91,-173.8025,0.3333333333333333,0.3333333333333333,0.005926643476729338
is,99.12999999999988,0.06938840741572042,0.0066824196922574885,1.0970017809264732,7.625384615384606,-868.46,13,13,0.010638297872340425,0.5384615384615384,160.15285714285713,-170.32333333333335,0.38461538461538464,0.38461538461538464,0.0053695077426664985
oos,-100.45000000000003,-0.20146825262147272,-0.016461454603627742,0.7273936170212765,-20.090000000000007,-174.24,5,5,0.009523809523809525,0.6,89.34333333333332,-184.24,0.2,0.2,0.0072234432234432235
