scope,net_pnl,sharpe,sortino,profit_factor,expectancy,max_drawdown,n_trades,n_days_traded,pct_days_traded,hit_rate,avg_win,avg_loss,stop_hit_rate,target_hit_rate,exposure_time_pct
overall,5187.3799999999965,0.5641711044875908,0.3842623426352068,1.1625698635666466,14.29030303030302,-2205.62,363,363,0.32410714285714287,0.4820936639118457,211.97714285714278,-169.72670212765962,0.3939393939393939,0.15151515151515152,0.21372252747252748
is,2974.6399999999976,0.4596022896503644,0.3215375868786097,1.130144957464793,11.267575757575749,-2205.62,264,264,0.3354510800508259,0.4734848484848485,206.648,-164.43424460431655,0.3939393939393939,0.13636363636363635,0.21855146124523506
oos,2212.739999999999,0.8129129711289086,0.5166614846488319,1.2444406148298877,22.35090909090908,-1625.14,99,99,0.2972972972972973,0.5050505050505051,225.3,-184.74,0.3939393939393939,0.1919191919191919,0.20231000231000232
