scope,net_pnl,sharpe,sortino,profit_factor,expectancy,max_drawdown,n_trades,n_days_traded,pct_days_traded,hit_rate,avg_win,avg_loss,stop_hit_rate,target_hit_rate,exposure_time_pct
overall,9327.759999999993,0.7489749118336867,0.7163286971656557,1.1497889604237361,12.420452729693732,-3122.29999999999,751,751,0.6705357142857142,0.49134487350199735,194.03913279132792,-163.0174869109948,0.3595206391478029,0.12916111850865514,0.46186813186813186
is,4683.239999999995,0.5474829773499502,0.5293784963205873,1.1093429114963171,8.937480916030525,-2112.42,524,524,0.6658195679796697,0.4770992366412214,190.056,-156.31664233576643,0.3683206106870229,0.11259541984732824,0.4530870230997296
oos,4644.519999999998,1.193879765353275,1.111238806962301,1.238892043584172,20.46044052863435,-3122.29999999999,227,227,0.6816816816816816,0.5242290748898678,202.40705882352933,-180.01777777777784,0.3392070484581498,0.16740088105726872,0.4826210826210826
