config_id,symbol,signal_timeframe,execution_timeframe,base_signal_variant,stop_multiplier,target_multiplier,entry_delay_minutes,filter_name,filter_params_json,family
mnq_15min_none_sm1p00_tm1p00_d0,MNQ,15min,1min,dynamic_exit_atr_target_1p0_ts2_vq0p95_bf0p5_ra1p2,1.0,1.0,0,none,{},raw_hybrid
mnq_15min_none_sm1p00_tm1p00_d5,MNQ,15min,1min,dynamic_exit_atr_target_1p0_ts2_vq0p95_bf0p5_ra1p2,1.0,1.0,5,none,{},delay_only
mnq_15min_none_sm1p00_tm1p00_d15,MNQ,15min,1min,dynamic_exit_atr_target_1p0_ts2_vq0p95_bf0p5_ra1p2,1.0,1.0,15,none,{},delay_only
mnq_15min_none_sm1p00_tm1p00_d30,MNQ,15min,1min,dynamic_exit_atr_target_1p0_ts2_vq0p95_bf0p5_ra1p2,1.0,1.0,30,none,{},delay_only
mnq_15min_none_sm0p75_tm1p50_d0,MNQ,15min,1min,dynamic_exit_atr_target_1p0_ts2_vq0p95_bf0p5_ra1p2,0.75,1.5,0,none,{},stop_target_recalibration
mnq_15min_none_sm0p75_tm1p50_d5,MNQ,15min,1min,dynamic_exit_atr_target_1p0_ts2_vq0p95_bf0p5_ra1p2,0.75,1.5,5,none,{},delay_stop_target
mnq_15min_none_sm0p75_tm1p50_d15,MNQ,15min,1min,dynamic_exit_atr_target_1p0_ts2_vq0p95_bf0p5_ra1p2,0.75,1.5,15,none,{},delay_stop_target
mnq_15min_none_sm0p75_tm1p50_d30,MNQ,15min,1min,dynamic_exit_atr_target_1p0_ts2_vq0p95_bf0p5_ra1p2,0.75,1.5,30,none,{},delay_stop_target
mnq_15min_none_sm0p75_tm2p00_d0,MNQ,15min,1min,dynamic_exit_atr_target_1p0_ts2_vq0p95_bf0p5_ra1p2,0.75,2.0,0,none,{},stop_target_recalibration
mnq_15min_none_sm0p75_tm2p00_d5,MNQ,15min,1min,dynamic_exit_atr_target_1p0_ts2_vq0p95_bf0p5_ra1p2,0.75,2.0,5,none,{},delay_stop_target
mnq_15min_none_sm0p75_tm2p00_d15,MNQ,15min,1min,dynamic_exit_atr_target_1p0_ts2_vq0p95_bf0p5_ra1p2,0.75,2.0,15,none,{},delay_stop_target
mnq_15min_none_sm0p75_tm2p00_d30,MNQ,15min,1min,dynamic_exit_atr_target_1p0_ts2_vq0p95_bf0p5_ra1p2,0.75,2.0,30,none,{},delay_stop_target
mnq_15min_none_sm0p75_tm2p50_d0,MNQ,15min,1min,dynamic_exit_atr_target_1p0_ts2_vq0p95_bf0p5_ra1p2,0.75,2.5,0,none,{},stop_target_recalibration
mnq_15min_none_sm0p75_tm2p50_d5,MNQ,15min,1min,dynamic_exit_atr_target_1p0_ts2_vq0p95_bf0p5_ra1p2,0.75,2.5,5,none,{},delay_stop_target
mnq_15min_none_sm0p75_tm2p50_d15,MNQ,15min,1min,dynamic_exit_atr_target_1p0_ts2_vq0p95_bf0p5_ra1p2,0.75,2.5,15,none,{},delay_stop_target
mnq_15min_none_sm0p75_tm2p50_d30,MNQ,15min,1min,dynamic_exit_atr_target_1p0_ts2_vq0p95_bf0p5_ra1p2,0.75,2.5,30,none,{},delay_stop_target
mnq_15min_none_sm0p75_tm3p00_d0,MNQ,15min,1min,dynamic_exit_atr_target_1p0_ts2_vq0p95_bf0p5_ra1p2,0.75,3.0,0,none,{},stop_target_recalibration
mnq_15min_none_sm0p75_tm3p00_d5,MNQ,15min,1min,dynamic_exit_atr_target_1p0_ts2_vq0p95_bf0p5_ra1p2,0.75,3.0,5,none,{},delay_stop_target
mnq_15min_none_sm0p75_tm3p00_d15,MNQ,15min,1min,dynamic_exit_atr_target_1p0_ts2_vq0p95_bf0p5_ra1p2,0.75,3.0,15,none,{},delay_stop_target
mnq_15min_none_sm0p75_tm3p00_d30,MNQ,15min,1min,dynamic_exit_atr_target_1p0_ts2_vq0p95_bf0p5_ra1p2,0.75,3.0,30,none,{},delay_stop_target
mnq_15min_none_sm1p00_tm1p50_d0,MNQ,15min,1min,dynamic_exit_atr_target_1p0_ts2_vq0p95_bf0p5_ra1p2,1.0,1.5,0,none,{},stop_target_recalibration
mnq_15min_none_sm1p00_tm1p50_d5,MNQ,15min,1min,dynamic_exit_atr_target_1p0_ts2_vq0p95_bf0p5_ra1p2,1.0,1.5,5,none,{},delay_stop_target
mnq_15min_none_sm1p00_tm1p50_d15,MNQ,15min,1min,dynamic_exit_atr_target_1p0_ts2_vq0p95_bf0p5_ra1p2,1.0,1.5,15,none,{},delay_stop_target
mnq_15min_none_sm1p00_tm1p50_d30,MNQ,15min,1min,dynamic_exit_atr_target_1p0_ts2_vq0p95_bf0p5_ra1p2,1.0,1.5,30,none,{},delay_stop_target
mnq_15min_none_sm1p00_tm2p00_d0,MNQ,15min,1min,dynamic_exit_atr_target_1p0_ts2_vq0p95_bf0p5_ra1p2,1.0,2.0,0,none,{},stop_target_recalibration
mnq_15min_none_sm1p00_tm2p00_d5,MNQ,15min,1min,dynamic_exit_atr_target_1p0_ts2_vq0p95_bf0p5_ra1p2,1.0,2.0,5,none,{},delay_stop_target
mnq_15min_none_sm1p00_tm2p00_d15,MNQ,15min,1min,dynamic_exit_atr_target_1p0_ts2_vq0p95_bf0p5_ra1p2,1.0,2.0,15,none,{},delay_stop_target
mnq_15min_none_sm1p00_tm2p00_d30,MNQ,15min,1min,dynamic_exit_atr_target_1p0_ts2_vq0p95_bf0p5_ra1p2,1.0,2.0,30,none,{},delay_stop_target
mnq_15min_none_sm1p00_tm2p50_d0,MNQ,15min,1min,dynamic_exit_atr_target_1p0_ts2_vq0p95_bf0p5_ra1p2,1.0,2.5,0,none,{},stop_target_recalibration
mnq_15min_none_sm1p00_tm2p50_d5,MNQ,15min,1min,dynamic_exit_atr_target_1p0_ts2_vq0p95_bf0p5_ra1p2,1.0,2.5,5,none,{},delay_stop_target
mnq_15min_none_sm1p00_tm2p50_d15,MNQ,15min,1min,dynamic_exit_atr_target_1p0_ts2_vq0p95_bf0p5_ra1p2,1.0,2.5,15,none,{},delay_stop_target
mnq_15min_none_sm1p00_tm2p50_d30,MNQ,15min,1min,dynamic_exit_atr_target_1p0_ts2_vq0p95_bf0p5_ra1p2,1.0,2.5,30,none,{},delay_stop_target
mnq_15min_none_sm1p00_tm3p00_d0,MNQ,15min,1min,dynamic_exit_atr_target_1p0_ts2_vq0p95_bf0p5_ra1p2,1.0,3.0,0,none,{},stop_target_recalibration
mnq_15min_none_sm1p00_tm3p00_d5,MNQ,15min,1min,dynamic_exit_atr_target_1p0_ts2_vq0p95_bf0p5_ra1p2,1.0,3.0,5,none,{},delay_stop_target
mnq_15min_none_sm1p00_tm3p00_d15,MNQ,15min,1min,dynamic_exit_atr_target_1p0_ts2_vq0p95_bf0p5_ra1p2,1.0,3.0,15,none,{},delay_stop_target
mnq_15min_none_sm1p00_tm3p00_d30,MNQ,15min,1min,dynamic_exit_atr_target_1p0_ts2_vq0p95_bf0p5_ra1p2,1.0,3.0,30,none,{},delay_stop_target
mnq_15min_none_sm1p25_tm1p50_d0,MNQ,15min,1min,dynamic_exit_atr_target_1p0_ts2_vq0p95_bf0p5_ra1p2,1.25,1.5,0,none,{},stop_target_recalibration
mnq_15min_none_sm1p25_tm1p50_d5,MNQ,15min,1min,dynamic_exit_atr_target_1p0_ts2_vq0p95_bf0p5_ra1p2,1.25,1.5,5,none,{},delay_stop_target
mnq_15min_none_sm1p25_tm1p50_d15,MNQ,15min,1min,dynamic_exit_atr_target_1p0_ts2_vq0p95_bf0p5_ra1p2,1.25,1.5,15,none,{},delay_stop_target
mnq_15min_none_sm1p25_tm1p50_d30,MNQ,15min,1min,dynamic_exit_atr_target_1p0_ts2_vq0p95_bf0p5_ra1p2,1.25,1.5,30,none,{},delay_stop_target
mnq_15min_none_sm1p25_tm2p00_d0,MNQ,15min,1min,dynamic_exit_atr_target_1p0_ts2_vq0p95_bf0p5_ra1p2,1.25,2.0,0,none,{},stop_target_recalibration
mnq_15min_none_sm1p25_tm2p00_d5,MNQ,15min,1min,dynamic_exit_atr_target_1p0_ts2_vq0p95_bf0p5_ra1p2,1.25,2.0,5,none,{},delay_stop_target
mnq_15min_none_sm1p25_tm2p00_d15,MNQ,15min,1min,dynamic_exit_atr_target_1p0_ts2_vq0p95_bf0p5_ra1p2,1.25,2.0,15,none,{},delay_stop_target
mnq_15min_none_sm1p25_tm2p00_d30,MNQ,15min,1min,dynamic_exit_atr_target_1p0_ts2_vq0p95_bf0p5_ra1p2,1.25,2.0,30,none,{},delay_stop_target
mnq_15min_none_sm1p25_tm2p50_d0,MNQ,15min,1min,dynamic_exit_atr_target_1p0_ts2_vq0p95_bf0p5_ra1p2,1.25,2.5,0,none,{},stop_target_recalibration
mnq_15min_none_sm1p25_tm2p50_d5,MNQ,15min,1min,dynamic_exit_atr_target_1p0_ts2_vq0p95_bf0p5_ra1p2,1.25,2.5,5,none,{},delay_stop_target
mnq_15min_none_sm1p25_tm2p50_d15,MNQ,15min,1min,dynamic_exit_atr_target_1p0_ts2_vq0p95_bf0p5_ra1p2,1.25,2.5,15,none,{},delay_stop_target
mnq_15min_none_sm1p25_tm2p50_d30,MNQ,15min,1min,dynamic_exit_atr_target_1p0_ts2_vq0p95_bf0p5_ra1p2,1.25,2.5,30,none,{},delay_stop_target
mnq_15min_none_sm1p25_tm3p00_d0,MNQ,15min,1min,dynamic_exit_atr_target_1p0_ts2_vq0p95_bf0p5_ra1p2,1.25,3.0,0,none,{},stop_target_recalibration
mnq_15min_none_sm1p25_tm3p00_d5,MNQ,15min,1min,dynamic_exit_atr_target_1p0_ts2_vq0p95_bf0p5_ra1p2,1.25,3.0,5,none,{},delay_stop_target
mnq_15min_none_sm1p25_tm3p00_d15,MNQ,15min,1min,dynamic_exit_atr_target_1p0_ts2_vq0p95_bf0p5_ra1p2,1.25,3.0,15,none,{},delay_stop_target
mnq_15min_none_sm1p25_tm3p00_d30,MNQ,15min,1min,dynamic_exit_atr_target_1p0_ts2_vq0p95_bf0p5_ra1p2,1.25,3.0,30,none,{},delay_stop_target
mnq_15min_none_sm1p50_tm1p50_d0,MNQ,15min,1min,dynamic_exit_atr_target_1p0_ts2_vq0p95_bf0p5_ra1p2,1.5,1.5,0,none,{},stop_target_recalibration
mnq_15min_none_sm1p50_tm1p50_d5,MNQ,15min,1min,dynamic_exit_atr_target_1p0_ts2_vq0p95_bf0p5_ra1p2,1.5,1.5,5,none,{},delay_stop_target
mnq_15min_none_sm1p50_tm1p50_d15,MNQ,15min,1min,dynamic_exit_atr_target_1p0_ts2_vq0p95_bf0p5_ra1p2,1.5,1.5,15,none,{},delay_stop_target
mnq_15min_none_sm1p50_tm1p50_d30,MNQ,15min,1min,dynamic_exit_atr_target_1p0_ts2_vq0p95_bf0p5_ra1p2,1.5,1.5,30,none,{},delay_stop_target
mnq_15min_none_sm1p50_tm2p00_d0,MNQ,15min,1min,dynamic_exit_atr_target_1p0_ts2_vq0p95_bf0p5_ra1p2,1.5,2.0,0,none,{},stop_target_recalibration
mnq_15min_none_sm1p50_tm2p00_d5,MNQ,15min,1min,dynamic_exit_atr_target_1p0_ts2_vq0p95_bf0p5_ra1p2,1.5,2.0,5,none,{},delay_stop_target
mnq_15min_none_sm1p50_tm2p00_d15,MNQ,15min,1min,dynamic_exit_atr_target_1p0_ts2_vq0p95_bf0p5_ra1p2,1.5,2.0,15,none,{},delay_stop_target
mnq_15min_none_sm1p50_tm2p00_d30,MNQ,15min,1min,dynamic_exit_atr_target_1p0_ts2_vq0p95_bf0p5_ra1p2,1.5,2.0,30,none,{},delay_stop_target
mnq_15min_none_sm1p50_tm2p50_d0,MNQ,15min,1min,dynamic_exit_atr_target_1p0_ts2_vq0p95_bf0p5_ra1p2,1.5,2.5,0,none,{},stop_target_recalibration
mnq_15min_none_sm1p50_tm2p50_d5,MNQ,15min,1min,dynamic_exit_atr_target_1p0_ts2_vq0p95_bf0p5_ra1p2,1.5,2.5,5,none,{},delay_stop_target
mnq_15min_none_sm1p50_tm2p50_d15,MNQ,15min,1min,dynamic_exit_atr_target_1p0_ts2_vq0p95_bf0p5_ra1p2,1.5,2.5,15,none,{},delay_stop_target
mnq_15min_none_sm1p50_tm2p50_d30,MNQ,15min,1min,dynamic_exit_atr_target_1p0_ts2_vq0p95_bf0p5_ra1p2,1.5,2.5,30,none,{},delay_stop_target
mnq_15min_none_sm1p50_tm3p00_d0,MNQ,15min,1min,dynamic_exit_atr_target_1p0_ts2_vq0p95_bf0p5_ra1p2,1.5,3.0,0,none,{},stop_target_recalibration
mnq_15min_none_sm1p50_tm3p00_d5,MNQ,15min,1min,dynamic_exit_atr_target_1p0_ts2_vq0p95_bf0p5_ra1p2,1.5,3.0,5,none,{},delay_stop_target
mnq_15min_none_sm1p50_tm3p00_d15,MNQ,15min,1min,dynamic_exit_atr_target_1p0_ts2_vq0p95_bf0p5_ra1p2,1.5,3.0,15,none,{},delay_stop_target
mnq_15min_none_sm1p50_tm3p00_d30,MNQ,15min,1min,dynamic_exit_atr_target_1p0_ts2_vq0p95_bf0p5_ra1p2,1.5,3.0,30,none,{},delay_stop_target
mnq_15min_require_no_stop_zone_touch_before_entry_sm0p75_tm2p00_d5_sz0p50,MNQ,15min,1min,dynamic_exit_atr_target_1p0_ts2_vq0p95_bf0p5_ra1p2,0.75,2.0,5,require_no_stop_zone_touch_before_entry,"{""stop_zone_fraction"": 0.5}",delay_stop_zone_filter
mnq_15min_require_no_stop_zone_touch_before_entry_sm0p75_tm2p00_d5_sz0p75,MNQ,15min,1min,dynamic_exit_atr_target_1p0_ts2_vq0p95_bf0p5_ra1p2,0.75,2.0,5,require_no_stop_zone_touch_before_entry,"{""stop_zone_fraction"": 0.75}",delay_stop_zone_filter
mnq_15min_require_no_stop_zone_touch_before_entry_sm0p75_tm2p00_d5_sz1p00,MNQ,15min,1min,dynamic_exit_atr_target_1p0_ts2_vq0p95_bf0p5_ra1p2,0.75,2.0,5,require_no_stop_zone_touch_before_entry,"{""stop_zone_fraction"": 1.0}",delay_stop_zone_filter
mnq_15min_avoid_immediate_adverse_move_sm0p75_tm2p00_d5_aw5_mt8,MNQ,15min,1min,dynamic_exit_atr_target_1p0_ts2_vq0p95_bf0p5_ra1p2,0.75,2.0,5,avoid_immediate_adverse_move,"{""adverse_window_minutes"": 5, ""max_adverse_ticks"": 8}",delay_adverse_filter
mnq_15min_avoid_immediate_adverse_move_sm0p75_tm2p00_d5_aw5_mt12,MNQ,15min,1min,dynamic_exit_atr_target_1p0_ts2_vq0p95_bf0p5_ra1p2,0.75,2.0,5,avoid_immediate_adverse_move,"{""adverse_window_minutes"": 5, ""max_adverse_ticks"": 12}",delay_adverse_filter
mnq_15min_avoid_immediate_adverse_move_sm0p75_tm2p00_d5_aw5_mt16,MNQ,15min,1min,dynamic_exit_atr_target_1p0_ts2_vq0p95_bf0p5_ra1p2,0.75,2.0,5,avoid_immediate_adverse_move,"{""adverse_window_minutes"": 5, ""max_adverse_ticks"": 16}",delay_adverse_filter
mnq_15min_require_no_stop_zone_touch_before_entry_sm0p75_tm2p00_d15_sz0p50,MNQ,15min,1min,dynamic_exit_atr_target_1p0_ts2_vq0p95_bf0p5_ra1p2,0.75,2.0,15,require_no_stop_zone_touch_before_entry,"{""stop_zone_fraction"": 0.5}",delay_stop_zone_filter
mnq_15min_require_no_stop_zone_touch_before_entry_sm0p75_tm2p00_d15_sz0p75,MNQ,15min,1min,dynamic_exit_atr_target_1p0_ts2_vq0p95_bf0p5_ra1p2,0.75,2.0,15,require_no_stop_zone_touch_before_entry,"{""stop_zone_fraction"": 0.75}",delay_stop_zone_filter
mnq_15min_require_no_stop_zone_touch_before_entry_sm0p75_tm2p00_d15_sz1p00,MNQ,15min,1min,dynamic_exit_atr_target_1p0_ts2_vq0p95_bf0p5_ra1p2,0.75,2.0,15,require_no_stop_zone_touch_before_entry,"{""stop_zone_fraction"": 1.0}",delay_stop_zone_filter
mnq_15min_avoid_immediate_adverse_move_sm0p75_tm2p00_d15_aw5_mt8,MNQ,15min,1min,dynamic_exit_atr_target_1p0_ts2_vq0p95_bf0p5_ra1p2,0.75,2.0,15,avoid_immediate_adverse_move,"{""adverse_window_minutes"": 5, ""max_adverse_ticks"": 8}",delay_adverse_filter
mnq_15min_avoid_immediate_adverse_move_sm0p75_tm2p00_d15_aw5_mt12,MNQ,15min,1min,dynamic_exit_atr_target_1p0_ts2_vq0p95_bf0p5_ra1p2,0.75,2.0,15,avoid_immediate_adverse_move,"{""adverse_window_minutes"": 5, ""max_adverse_ticks"": 12}",delay_adverse_filter
mnq_15min_avoid_immediate_adverse_move_sm0p75_tm2p00_d15_aw5_mt16,MNQ,15min,1min,dynamic_exit_atr_target_1p0_ts2_vq0p95_bf0p5_ra1p2,0.75,2.0,15,avoid_immediate_adverse_move,"{""adverse_window_minutes"": 5, ""max_adverse_ticks"": 16}",delay_adverse_filter
mnq_15min_avoid_immediate_adverse_move_sm0p75_tm2p00_d15_aw10_mt8,MNQ,15min,1min,dynamic_exit_atr_target_1p0_ts2_vq0p95_bf0p5_ra1p2,0.75,2.0,15,avoid_immediate_adverse_move,"{""adverse_window_minutes"": 10, ""max_adverse_ticks"": 8}",delay_adverse_filter
mnq_15min_avoid_immediate_adverse_move_sm0p75_tm2p00_d15_aw10_mt12,MNQ,15min,1min,dynamic_exit_atr_target_1p0_ts2_vq0p95_bf0p5_ra1p2,0.75,2.0,15,avoid_immediate_adverse_move,"{""adverse_window_minutes"": 10, ""max_adverse_ticks"": 12}",delay_adverse_filter
mnq_15min_avoid_immediate_adverse_move_sm0p75_tm2p00_d15_aw10_mt16,MNQ,15min,1min,dynamic_exit_atr_target_1p0_ts2_vq0p95_bf0p5_ra1p2,0.75,2.0,15,avoid_immediate_adverse_move,"{""adverse_window_minutes"": 10, ""max_adverse_ticks"": 16}",delay_adverse_filter
mnq_15min_require_no_stop_zone_touch_before_entry_sm0p75_tm2p00_d30_sz0p50,MNQ,15min,1min,dynamic_exit_atr_target_1p0_ts2_vq0p95_bf0p5_ra1p2,0.75,2.0,30,require_no_stop_zone_touch_before_entry,"{""stop_zone_fraction"": 0.5}",delay_stop_zone_filter
mnq_15min_require_no_stop_zone_touch_before_entry_sm0p75_tm2p00_d30_sz0p75,MNQ,15min,1min,dynamic_exit_atr_target_1p0_ts2_vq0p95_bf0p5_ra1p2,0.75,2.0,30,require_no_stop_zone_touch_before_entry,"{""stop_zone_fraction"": 0.75}",delay_stop_zone_filter
mnq_15min_require_no_stop_zone_touch_before_entry_sm0p75_tm2p00_d30_sz1p00,MNQ,15min,1min,dynamic_exit_atr_target_1p0_ts2_vq0p95_bf0p5_ra1p2,0.75,2.0,30,require_no_stop_zone_touch_before_entry,"{""stop_zone_fraction"": 1.0}",delay_stop_zone_filter
mnq_15min_avoid_immediate_adverse_move_sm0p75_tm2p00_d30_aw5_mt8,MNQ,15min,1min,dynamic_exit_atr_target_1p0_ts2_vq0p95_bf0p5_ra1p2,0.75,2.0,30,avoid_immediate_adverse_move,"{""adverse_window_minutes"": 5, ""max_adverse_ticks"": 8}",delay_adverse_filter
mnq_15min_avoid_immediate_adverse_move_sm0p75_tm2p00_d30_aw5_mt12,MNQ,15min,1min,dynamic_exit_atr_target_1p0_ts2_vq0p95_bf0p5_ra1p2,0.75,2.0,30,avoid_immediate_adverse_move,"{""adverse_window_minutes"": 5, ""max_adverse_ticks"": 12}",delay_adverse_filter
mnq_15min_avoid_immediate_adverse_move_sm0p75_tm2p00_d30_aw5_mt16,MNQ,15min,1min,dynamic_exit_atr_target_1p0_ts2_vq0p95_bf0p5_ra1p2,0.75,2.0,30,avoid_immediate_adverse_move,"{""adverse_window_minutes"": 5, ""max_adverse_ticks"": 16}",delay_adverse_filter
mnq_15min_avoid_immediate_adverse_move_sm0p75_tm2p00_d30_aw10_mt8,MNQ,15min,1min,dynamic_exit_atr_target_1p0_ts2_vq0p95_bf0p5_ra1p2,0.75,2.0,30,avoid_immediate_adverse_move,"{""adverse_window_minutes"": 10, ""max_adverse_ticks"": 8}",delay_adverse_filter
mnq_15min_avoid_immediate_adverse_move_sm0p75_tm2p00_d30_aw10_mt12,MNQ,15min,1min,dynamic_exit_atr_target_1p0_ts2_vq0p95_bf0p5_ra1p2,0.75,2.0,30,avoid_immediate_adverse_move,"{""adverse_window_minutes"": 10, ""max_adverse_ticks"": 12}",delay_adverse_filter
mnq_15min_avoid_immediate_adverse_move_sm0p75_tm2p00_d30_aw10_mt16,MNQ,15min,1min,dynamic_exit_atr_target_1p0_ts2_vq0p95_bf0p5_ra1p2,0.75,2.0,30,avoid_immediate_adverse_move,"{""adverse_window_minutes"": 10, ""max_adverse_ticks"": 16}",delay_adverse_filter
mnq_15min_require_no_stop_zone_touch_before_entry_sm0p75_tm2p50_d5_sz0p50,MNQ,15min,1min,dynamic_exit_atr_target_1p0_ts2_vq0p95_bf0p5_ra1p2,0.75,2.5,5,require_no_stop_zone_touch_before_entry,"{""stop_zone_fraction"": 0.5}",delay_stop_zone_filter
mnq_15min_require_no_stop_zone_touch_before_entry_sm0p75_tm2p50_d5_sz0p75,MNQ,15min,1min,dynamic_exit_atr_target_1p0_ts2_vq0p95_bf0p5_ra1p2,0.75,2.5,5,require_no_stop_zone_touch_before_entry,"{""stop_zone_fraction"": 0.75}",delay_stop_zone_filter
mnq_15min_require_no_stop_zone_touch_before_entry_sm0p75_tm2p50_d5_sz1p00,MNQ,15min,1min,dynamic_exit_atr_target_1p0_ts2_vq0p95_bf0p5_ra1p2,0.75,2.5,5,require_no_stop_zone_touch_before_entry,"{""stop_zone_fraction"": 1.0}",delay_stop_zone_filter
mnq_15min_avoid_immediate_adverse_move_sm0p75_tm2p50_d5_aw5_mt8,MNQ,15min,1min,dynamic_exit_atr_target_1p0_ts2_vq0p95_bf0p5_ra1p2,0.75,2.5,5,avoid_immediate_adverse_move,"{""adverse_window_minutes"": 5, ""max_adverse_ticks"": 8}",delay_adverse_filter
mnq_15min_avoid_immediate_adverse_move_sm0p75_tm2p50_d5_aw5_mt12,MNQ,15min,1min,dynamic_exit_atr_target_1p0_ts2_vq0p95_bf0p5_ra1p2,0.75,2.5,5,avoid_immediate_adverse_move,"{""adverse_window_minutes"": 5, ""max_adverse_ticks"": 12}",delay_adverse_filter
mnq_15min_avoid_immediate_adverse_move_sm0p75_tm2p50_d5_aw5_mt16,MNQ,15min,1min,dynamic_exit_atr_target_1p0_ts2_vq0p95_bf0p5_ra1p2,0.75,2.5,5,avoid_immediate_adverse_move,"{""adverse_window_minutes"": 5, ""max_adverse_ticks"": 16}",delay_adverse_filter
mnq_15min_require_no_stop_zone_touch_before_entry_sm0p75_tm2p50_d15_sz0p50,MNQ,15min,1min,dynamic_exit_atr_target_1p0_ts2_vq0p95_bf0p5_ra1p2,0.75,2.5,15,require_no_stop_zone_touch_before_entry,"{""stop_zone_fraction"": 0.5}",delay_stop_zone_filter
mnq_15min_require_no_stop_zone_touch_before_entry_sm0p75_tm2p50_d15_sz0p75,MNQ,15min,1min,dynamic_exit_atr_target_1p0_ts2_vq0p95_bf0p5_ra1p2,0.75,2.5,15,require_no_stop_zone_touch_before_entry,"{""stop_zone_fraction"": 0.75}",delay_stop_zone_filter
mnq_15min_require_no_stop_zone_touch_before_entry_sm0p75_tm2p50_d15_sz1p00,MNQ,15min,1min,dynamic_exit_atr_target_1p0_ts2_vq0p95_bf0p5_ra1p2,0.75,2.5,15,require_no_stop_zone_touch_before_entry,"{""stop_zone_fraction"": 1.0}",delay_stop_zone_filter
mnq_15min_avoid_immediate_adverse_move_sm0p75_tm2p50_d15_aw5_mt8,MNQ,15min,1min,dynamic_exit_atr_target_1p0_ts2_vq0p95_bf0p5_ra1p2,0.75,2.5,15,avoid_immediate_adverse_move,"{""adverse_window_minutes"": 5, ""max_adverse_ticks"": 8}",delay_adverse_filter
mnq_15min_avoid_immediate_adverse_move_sm0p75_tm2p50_d15_aw5_mt12,MNQ,15min,1min,dynamic_exit_atr_target_1p0_ts2_vq0p95_bf0p5_ra1p2,0.75,2.5,15,avoid_immediate_adverse_move,"{""adverse_window_minutes"": 5, ""max_adverse_ticks"": 12}",delay_adverse_filter
mnq_15min_avoid_immediate_adverse_move_sm0p75_tm2p50_d15_aw5_mt16,MNQ,15min,1min,dynamic_exit_atr_target_1p0_ts2_vq0p95_bf0p5_ra1p2,0.75,2.5,15,avoid_immediate_adverse_move,"{""adverse_window_minutes"": 5, ""max_adverse_ticks"": 16}",delay_adverse_filter
mnq_15min_avoid_immediate_adverse_move_sm0p75_tm2p50_d15_aw10_mt8,MNQ,15min,1min,dynamic_exit_atr_target_1p0_ts2_vq0p95_bf0p5_ra1p2,0.75,2.5,15,avoid_immediate_adverse_move,"{""adverse_window_minutes"": 10, ""max_adverse_ticks"": 8}",delay_adverse_filter
mnq_15min_avoid_immediate_adverse_move_sm0p75_tm2p50_d15_aw10_mt12,MNQ,15min,1min,dynamic_exit_atr_target_1p0_ts2_vq0p95_bf0p5_ra1p2,0.75,2.5,15,avoid_immediate_adverse_move,"{""adverse_window_minutes"": 10, ""max_adverse_ticks"": 12}",delay_adverse_filter
mnq_15min_avoid_immediate_adverse_move_sm0p75_tm2p50_d15_aw10_mt16,MNQ,15min,1min,dynamic_exit_atr_target_1p0_ts2_vq0p95_bf0p5_ra1p2,0.75,2.5,15,avoid_immediate_adverse_move,"{""adverse_window_minutes"": 10, ""max_adverse_ticks"": 16}",delay_adverse_filter
mnq_15min_require_no_stop_zone_touch_before_entry_sm0p75_tm2p50_d30_sz0p50,MNQ,15min,1min,dynamic_exit_atr_target_1p0_ts2_vq0p95_bf0p5_ra1p2,0.75,2.5,30,require_no_stop_zone_touch_before_entry,"{""stop_zone_fraction"": 0.5}",delay_stop_zone_filter
mnq_15min_require_no_stop_zone_touch_before_entry_sm0p75_tm2p50_d30_sz0p75,MNQ,15min,1min,dynamic_exit_atr_target_1p0_ts2_vq0p95_bf0p5_ra1p2,0.75,2.5,30,require_no_stop_zone_touch_before_entry,"{""stop_zone_fraction"": 0.75}",delay_stop_zone_filter
mnq_15min_require_no_stop_zone_touch_before_entry_sm0p75_tm2p50_d30_sz1p00,MNQ,15min,1min,dynamic_exit_atr_target_1p0_ts2_vq0p95_bf0p5_ra1p2,0.75,2.5,30,require_no_stop_zone_touch_before_entry,"{""stop_zone_fraction"": 1.0}",delay_stop_zone_filter
mnq_15min_avoid_immediate_adverse_move_sm0p75_tm2p50_d30_aw5_mt8,MNQ,15min,1min,dynamic_exit_atr_target_1p0_ts2_vq0p95_bf0p5_ra1p2,0.75,2.5,30,avoid_immediate_adverse_move,"{""adverse_window_minutes"": 5, ""max_adverse_ticks"": 8}",delay_adverse_filter
mnq_15min_avoid_immediate_adverse_move_sm0p75_tm2p50_d30_aw5_mt12,MNQ,15min,1min,dynamic_exit_atr_target_1p0_ts2_vq0p95_bf0p5_ra1p2,0.75,2.5,30,avoid_immediate_adverse_move,"{""adverse_window_minutes"": 5, ""max_adverse_ticks"": 12}",delay_adverse_filter
mnq_15min_avoid_immediate_adverse_move_sm0p75_tm2p50_d30_aw5_mt16,MNQ,15min,1min,dynamic_exit_atr_target_1p0_ts2_vq0p95_bf0p5_ra1p2,0.75,2.5,30,avoid_immediate_adverse_move,"{""adverse_window_minutes"": 5, ""max_adverse_ticks"": 16}",delay_adverse_filter
mnq_15min_avoid_immediate_adverse_move_sm0p75_tm2p50_d30_aw10_mt8,MNQ,15min,1min,dynamic_exit_atr_target_1p0_ts2_vq0p95_bf0p5_ra1p2,0.75,2.5,30,avoid_immediate_adverse_move,"{""adverse_window_minutes"": 10, ""max_adverse_ticks"": 8}",delay_adverse_filter
mnq_15min_avoid_immediate_adverse_move_sm0p75_tm2p50_d30_aw10_mt12,MNQ,15min,1min,dynamic_exit_atr_target_1p0_ts2_vq0p95_bf0p5_ra1p2,0.75,2.5,30,avoid_immediate_adverse_move,"{""adverse_window_minutes"": 10, ""max_adverse_ticks"": 12}",delay_adverse_filter
mnq_15min_avoid_immediate_adverse_move_sm0p75_tm2p50_d30_aw10_mt16,MNQ,15min,1min,dynamic_exit_atr_target_1p0_ts2_vq0p95_bf0p5_ra1p2,0.75,2.5,30,avoid_immediate_adverse_move,"{""adverse_window_minutes"": 10, ""max_adverse_ticks"": 16}",delay_adverse_filter
mnq_15min_require_no_stop_zone_touch_before_entry_sm0p75_tm3p00_d5_sz0p50,MNQ,15min,1min,dynamic_exit_atr_target_1p0_ts2_vq0p95_bf0p5_ra1p2,0.75,3.0,5,require_no_stop_zone_touch_before_entry,"{""stop_zone_fraction"": 0.5}",delay_stop_zone_filter
mnq_15min_require_no_stop_zone_touch_before_entry_sm0p75_tm3p00_d5_sz0p75,MNQ,15min,1min,dynamic_exit_atr_target_1p0_ts2_vq0p95_bf0p5_ra1p2,0.75,3.0,5,require_no_stop_zone_touch_before_entry,"{""stop_zone_fraction"": 0.75}",delay_stop_zone_filter
mnq_15min_require_no_stop_zone_touch_before_entry_sm0p75_tm3p00_d5_sz1p00,MNQ,15min,1min,dynamic_exit_atr_target_1p0_ts2_vq0p95_bf0p5_ra1p2,0.75,3.0,5,require_no_stop_zone_touch_before_entry,"{""stop_zone_fraction"": 1.0}",delay_stop_zone_filter
mnq_15min_avoid_immediate_adverse_move_sm0p75_tm3p00_d5_aw5_mt8,MNQ,15min,1min,dynamic_exit_atr_target_1p0_ts2_vq0p95_bf0p5_ra1p2,0.75,3.0,5,avoid_immediate_adverse_move,"{""adverse_window_minutes"": 5, ""max_adverse_ticks"": 8}",delay_adverse_filter
mnq_15min_avoid_immediate_adverse_move_sm0p75_tm3p00_d5_aw5_mt12,MNQ,15min,1min,dynamic_exit_atr_target_1p0_ts2_vq0p95_bf0p5_ra1p2,0.75,3.0,5,avoid_immediate_adverse_move,"{""adverse_window_minutes"": 5, ""max_adverse_ticks"": 12}",delay_adverse_filter
mnq_15min_avoid_immediate_adverse_move_sm0p75_tm3p00_d5_aw5_mt16,MNQ,15min,1min,dynamic_exit_atr_target_1p0_ts2_vq0p95_bf0p5_ra1p2,0.75,3.0,5,avoid_immediate_adverse_move,"{""adverse_window_minutes"": 5, ""max_adverse_ticks"": 16}",delay_adverse_filter
mnq_15min_require_no_stop_zone_touch_before_entry_sm0p75_tm3p00_d15_sz0p50,MNQ,15min,1min,dynamic_exit_atr_target_1p0_ts2_vq0p95_bf0p5_ra1p2,0.75,3.0,15,require_no_stop_zone_touch_before_entry,"{""stop_zone_fraction"": 0.5}",delay_stop_zone_filter
mnq_15min_require_no_stop_zone_touch_before_entry_sm0p75_tm3p00_d15_sz0p75,MNQ,15min,1min,dynamic_exit_atr_target_1p0_ts2_vq0p95_bf0p5_ra1p2,0.75,3.0,15,require_no_stop_zone_touch_before_entry,"{""stop_zone_fraction"": 0.75}",delay_stop_zone_filter
mnq_15min_require_no_stop_zone_touch_before_entry_sm0p75_tm3p00_d15_sz1p00,MNQ,15min,1min,dynamic_exit_atr_target_1p0_ts2_vq0p95_bf0p5_ra1p2,0.75,3.0,15,require_no_stop_zone_touch_before_entry,"{""stop_zone_fraction"": 1.0}",delay_stop_zone_filter
mnq_15min_avoid_immediate_adverse_move_sm0p75_tm3p00_d15_aw5_mt8,MNQ,15min,1min,dynamic_exit_atr_target_1p0_ts2_vq0p95_bf0p5_ra1p2,0.75,3.0,15,avoid_immediate_adverse_move,"{""adverse_window_minutes"": 5, ""max_adverse_ticks"": 8}",delay_adverse_filter
mnq_15min_avoid_immediate_adverse_move_sm0p75_tm3p00_d15_aw5_mt12,MNQ,15min,1min,dynamic_exit_atr_target_1p0_ts2_vq0p95_bf0p5_ra1p2,0.75,3.0,15,avoid_immediate_adverse_move,"{""adverse_window_minutes"": 5, ""max_adverse_ticks"": 12}",delay_adverse_filter
mnq_15min_avoid_immediate_adverse_move_sm0p75_tm3p00_d15_aw5_mt16,MNQ,15min,1min,dynamic_exit_atr_target_1p0_ts2_vq0p95_bf0p5_ra1p2,0.75,3.0,15,avoid_immediate_adverse_move,"{""adverse_window_minutes"": 5, ""max_adverse_ticks"": 16}",delay_adverse_filter
mnq_15min_avoid_immediate_adverse_move_sm0p75_tm3p00_d15_aw10_mt8,MNQ,15min,1min,dynamic_exit_atr_target_1p0_ts2_vq0p95_bf0p5_ra1p2,0.75,3.0,15,avoid_immediate_adverse_move,"{""adverse_window_minutes"": 10, ""max_adverse_ticks"": 8}",delay_adverse_filter
mnq_15min_avoid_immediate_adverse_move_sm0p75_tm3p00_d15_aw10_mt12,MNQ,15min,1min,dynamic_exit_atr_target_1p0_ts2_vq0p95_bf0p5_ra1p2,0.75,3.0,15,avoid_immediate_adverse_move,"{""adverse_window_minutes"": 10, ""max_adverse_ticks"": 12}",delay_adverse_filter
mnq_15min_avoid_immediate_adverse_move_sm0p75_tm3p00_d15_aw10_mt16,MNQ,15min,1min,dynamic_exit_atr_target_1p0_ts2_vq0p95_bf0p5_ra1p2,0.75,3.0,15,avoid_immediate_adverse_move,"{""adverse_window_minutes"": 10, ""max_adverse_ticks"": 16}",delay_adverse_filter
mnq_15min_require_no_stop_zone_touch_before_entry_sm0p75_tm3p00_d30_sz0p50,MNQ,15min,1min,dynamic_exit_atr_target_1p0_ts2_vq0p95_bf0p5_ra1p2,0.75,3.0,30,require_no_stop_zone_touch_before_entry,"{""stop_zone_fraction"": 0.5}",delay_stop_zone_filter
mnq_15min_require_no_stop_zone_touch_before_entry_sm0p75_tm3p00_d30_sz0p75,MNQ,15min,1min,dynamic_exit_atr_target_1p0_ts2_vq0p95_bf0p5_ra1p2,0.75,3.0,30,require_no_stop_zone_touch_before_entry,"{""stop_zone_fraction"": 0.75}",delay_stop_zone_filter
mnq_15min_require_no_stop_zone_touch_before_entry_sm0p75_tm3p00_d30_sz1p00,MNQ,15min,1min,dynamic_exit_atr_target_1p0_ts2_vq0p95_bf0p5_ra1p2,0.75,3.0,30,require_no_stop_zone_touch_before_entry,"{""stop_zone_fraction"": 1.0}",delay_stop_zone_filter
mnq_15min_avoid_immediate_adverse_move_sm0p75_tm3p00_d30_aw5_mt8,MNQ,15min,1min,dynamic_exit_atr_target_1p0_ts2_vq0p95_bf0p5_ra1p2,0.75,3.0,30,avoid_immediate_adverse_move,"{""adverse_window_minutes"": 5, ""max_adverse_ticks"": 8}",delay_adverse_filter
mnq_15min_avoid_immediate_adverse_move_sm0p75_tm3p00_d30_aw5_mt12,MNQ,15min,1min,dynamic_exit_atr_target_1p0_ts2_vq0p95_bf0p5_ra1p2,0.75,3.0,30,avoid_immediate_adverse_move,"{""adverse_window_minutes"": 5, ""max_adverse_ticks"": 12}",delay_adverse_filter
mnq_15min_avoid_immediate_adverse_move_sm0p75_tm3p00_d30_aw5_mt16,MNQ,15min,1min,dynamic_exit_atr_target_1p0_ts2_vq0p95_bf0p5_ra1p2,0.75,3.0,30,avoid_immediate_adverse_move,"{""adverse_window_minutes"": 5, ""max_adverse_ticks"": 16}",delay_adverse_filter
mnq_15min_avoid_immediate_adverse_move_sm0p75_tm3p00_d30_aw10_mt8,MNQ,15min,1min,dynamic_exit_atr_target_1p0_ts2_vq0p95_bf0p5_ra1p2,0.75,3.0,30,avoid_immediate_adverse_move,"{""adverse_window_minutes"": 10, ""max_adverse_ticks"": 8}",delay_adverse_filter
mnq_15min_avoid_immediate_adverse_move_sm0p75_tm3p00_d30_aw10_mt12,MNQ,15min,1min,dynamic_exit_atr_target_1p0_ts2_vq0p95_bf0p5_ra1p2,0.75,3.0,30,avoid_immediate_adverse_move,"{""adverse_window_minutes"": 10, ""max_adverse_ticks"": 12}",delay_adverse_filter
mnq_15min_avoid_immediate_adverse_move_sm0p75_tm3p00_d30_aw10_mt16,MNQ,15min,1min,dynamic_exit_atr_target_1p0_ts2_vq0p95_bf0p5_ra1p2,0.75,3.0,30,avoid_immediate_adverse_move,"{""adverse_window_minutes"": 10, ""max_adverse_ticks"": 16}",delay_adverse_filter
mnq_15min_require_no_stop_zone_touch_before_entry_sm1p00_tm2p00_d5_sz0p50,MNQ,15min,1min,dynamic_exit_atr_target_1p0_ts2_vq0p95_bf0p5_ra1p2,1.0,2.0,5,require_no_stop_zone_touch_before_entry,"{""stop_zone_fraction"": 0.5}",delay_stop_zone_filter
mnq_15min_require_no_stop_zone_touch_before_entry_sm1p00_tm2p00_d5_sz0p75,MNQ,15min,1min,dynamic_exit_atr_target_1p0_ts2_vq0p95_bf0p5_ra1p2,1.0,2.0,5,require_no_stop_zone_touch_before_entry,"{""stop_zone_fraction"": 0.75}",delay_stop_zone_filter
mnq_15min_require_no_stop_zone_touch_before_entry_sm1p00_tm2p00_d5_sz1p00,MNQ,15min,1min,dynamic_exit_atr_target_1p0_ts2_vq0p95_bf0p5_ra1p2,1.0,2.0,5,require_no_stop_zone_touch_before_entry,"{""stop_zone_fraction"": 1.0}",delay_stop_zone_filter
mnq_15min_avoid_immediate_adverse_move_sm1p00_tm2p00_d5_aw5_mt8,MNQ,15min,1min,dynamic_exit_atr_target_1p0_ts2_vq0p95_bf0p5_ra1p2,1.0,2.0,5,avoid_immediate_adverse_move,"{""adverse_window_minutes"": 5, ""max_adverse_ticks"": 8}",delay_adverse_filter
mnq_15min_avoid_immediate_adverse_move_sm1p00_tm2p00_d5_aw5_mt12,MNQ,15min,1min,dynamic_exit_atr_target_1p0_ts2_vq0p95_bf0p5_ra1p2,1.0,2.0,5,avoid_immediate_adverse_move,"{""adverse_window_minutes"": 5, ""max_adverse_ticks"": 12}",delay_adverse_filter
mnq_15min_avoid_immediate_adverse_move_sm1p00_tm2p00_d5_aw5_mt16,MNQ,15min,1min,dynamic_exit_atr_target_1p0_ts2_vq0p95_bf0p5_ra1p2,1.0,2.0,5,avoid_immediate_adverse_move,"{""adverse_window_minutes"": 5, ""max_adverse_ticks"": 16}",delay_adverse_filter
mnq_15min_require_no_stop_zone_touch_before_entry_sm1p00_tm2p00_d15_sz0p50,MNQ,15min,1min,dynamic_exit_atr_target_1p0_ts2_vq0p95_bf0p5_ra1p2,1.0,2.0,15,require_no_stop_zone_touch_before_entry,"{""stop_zone_fraction"": 0.5}",delay_stop_zone_filter
mnq_15min_require_no_stop_zone_touch_before_entry_sm1p00_tm2p00_d15_sz0p75,MNQ,15min,1min,dynamic_exit_atr_target_1p0_ts2_vq0p95_bf0p5_ra1p2,1.0,2.0,15,require_no_stop_zone_touch_before_entry,"{""stop_zone_fraction"": 0.75}",delay_stop_zone_filter
mnq_15min_require_no_stop_zone_touch_before_entry_sm1p00_tm2p00_d15_sz1p00,MNQ,15min,1min,dynamic_exit_atr_target_1p0_ts2_vq0p95_bf0p5_ra1p2,1.0,2.0,15,require_no_stop_zone_touch_before_entry,"{""stop_zone_fraction"": 1.0}",delay_stop_zone_filter
mnq_15min_avoid_immediate_adverse_move_sm1p00_tm2p00_d15_aw5_mt8,MNQ,15min,1min,dynamic_exit_atr_target_1p0_ts2_vq0p95_bf0p5_ra1p2,1.0,2.0,15,avoid_immediate_adverse_move,"{""adverse_window_minutes"": 5, ""max_adverse_ticks"": 8}",delay_adverse_filter
mnq_15min_avoid_immediate_adverse_move_sm1p00_tm2p00_d15_aw5_mt12,MNQ,15min,1min,dynamic_exit_atr_target_1p0_ts2_vq0p95_bf0p5_ra1p2,1.0,2.0,15,avoid_immediate_adverse_move,"{""adverse_window_minutes"": 5, ""max_adverse_ticks"": 12}",delay_adverse_filter
mnq_15min_avoid_immediate_adverse_move_sm1p00_tm2p00_d15_aw5_mt16,MNQ,15min,1min,dynamic_exit_atr_target_1p0_ts2_vq0p95_bf0p5_ra1p2,1.0,2.0,15,avoid_immediate_adverse_move,"{""adverse_window_minutes"": 5, ""max_adverse_ticks"": 16}",delay_adverse_filter
mnq_15min_avoid_immediate_adverse_move_sm1p00_tm2p00_d15_aw10_mt8,MNQ,15min,1min,dynamic_exit_atr_target_1p0_ts2_vq0p95_bf0p5_ra1p2,1.0,2.0,15,avoid_immediate_adverse_move,"{""adverse_window_minutes"": 10, ""max_adverse_ticks"": 8}",delay_adverse_filter
mnq_15min_avoid_immediate_adverse_move_sm1p00_tm2p00_d15_aw10_mt12,MNQ,15min,1min,dynamic_exit_atr_target_1p0_ts2_vq0p95_bf0p5_ra1p2,1.0,2.0,15,avoid_immediate_adverse_move,"{""adverse_window_minutes"": 10, ""max_adverse_ticks"": 12}",delay_adverse_filter
mnq_15min_avoid_immediate_adverse_move_sm1p00_tm2p00_d15_aw10_mt16,MNQ,15min,1min,dynamic_exit_atr_target_1p0_ts2_vq0p95_bf0p5_ra1p2,1.0,2.0,15,avoid_immediate_adverse_move,"{""adverse_window_minutes"": 10, ""max_adverse_ticks"": 16}",delay_adverse_filter
mnq_15min_require_no_stop_zone_touch_before_entry_sm1p00_tm2p00_d30_sz0p50,MNQ,15min,1min,dynamic_exit_atr_target_1p0_ts2_vq0p95_bf0p5_ra1p2,1.0,2.0,30,require_no_stop_zone_touch_before_entry,"{""stop_zone_fraction"": 0.5}",delay_stop_zone_filter
mnq_15min_require_no_stop_zone_touch_before_entry_sm1p00_tm2p00_d30_sz0p75,MNQ,15min,1min,dynamic_exit_atr_target_1p0_ts2_vq0p95_bf0p5_ra1p2,1.0,2.0,30,require_no_stop_zone_touch_before_entry,"{""stop_zone_fraction"": 0.75}",delay_stop_zone_filter
mnq_15min_require_no_stop_zone_touch_before_entry_sm1p00_tm2p00_d30_sz1p00,MNQ,15min,1min,dynamic_exit_atr_target_1p0_ts2_vq0p95_bf0p5_ra1p2,1.0,2.0,30,require_no_stop_zone_touch_before_entry,"{""stop_zone_fraction"": 1.0}",delay_stop_zone_filter
mnq_15min_avoid_immediate_adverse_move_sm1p00_tm2p00_d30_aw5_mt8,MNQ,15min,1min,dynamic_exit_atr_target_1p0_ts2_vq0p95_bf0p5_ra1p2,1.0,2.0,30,avoid_immediate_adverse_move,"{""adverse_window_minutes"": 5, ""max_adverse_ticks"": 8}",delay_adverse_filter
mnq_15min_avoid_immediate_adverse_move_sm1p00_tm2p00_d30_aw5_mt12,MNQ,15min,1min,dynamic_exit_atr_target_1p0_ts2_vq0p95_bf0p5_ra1p2,1.0,2.0,30,avoid_immediate_adverse_move,"{""adverse_window_minutes"": 5, ""max_adverse_ticks"": 12}",delay_adverse_filter
mnq_15min_avoid_immediate_adverse_move_sm1p00_tm2p00_d30_aw5_mt16,MNQ,15min,1min,dynamic_exit_atr_target_1p0_ts2_vq0p95_bf0p5_ra1p2,1.0,2.0,30,avoid_immediate_adverse_move,"{""adverse_window_minutes"": 5, ""max_adverse_ticks"": 16}",delay_adverse_filter
mnq_15min_avoid_immediate_adverse_move_sm1p00_tm2p00_d30_aw10_mt8,MNQ,15min,1min,dynamic_exit_atr_target_1p0_ts2_vq0p95_bf0p5_ra1p2,1.0,2.0,30,avoid_immediate_adverse_move,"{""adverse_window_minutes"": 10, ""max_adverse_ticks"": 8}",delay_adverse_filter
mnq_15min_avoid_immediate_adverse_move_sm1p00_tm2p00_d30_aw10_mt12,MNQ,15min,1min,dynamic_exit_atr_target_1p0_ts2_vq0p95_bf0p5_ra1p2,1.0,2.0,30,avoid_immediate_adverse_move,"{""adverse_window_minutes"": 10, ""max_adverse_ticks"": 12}",delay_adverse_filter
mnq_15min_avoid_immediate_adverse_move_sm1p00_tm2p00_d30_aw10_mt16,MNQ,15min,1min,dynamic_exit_atr_target_1p0_ts2_vq0p95_bf0p5_ra1p2,1.0,2.0,30,avoid_immediate_adverse_move,"{""adverse_window_minutes"": 10, ""max_adverse_ticks"": 16}",delay_adverse_filter
mnq_15min_require_no_stop_zone_touch_before_entry_sm1p00_tm2p50_d5_sz0p50,MNQ,15min,1min,dynamic_exit_atr_target_1p0_ts2_vq0p95_bf0p5_ra1p2,1.0,2.5,5,require_no_stop_zone_touch_before_entry,"{""stop_zone_fraction"": 0.5}",delay_stop_zone_filter
mnq_15min_require_no_stop_zone_touch_before_entry_sm1p00_tm2p50_d5_sz0p75,MNQ,15min,1min,dynamic_exit_atr_target_1p0_ts2_vq0p95_bf0p5_ra1p2,1.0,2.5,5,require_no_stop_zone_touch_before_entry,"{""stop_zone_fraction"": 0.75}",delay_stop_zone_filter
mnq_15min_require_no_stop_zone_touch_before_entry_sm1p00_tm2p50_d5_sz1p00,MNQ,15min,1min,dynamic_exit_atr_target_1p0_ts2_vq0p95_bf0p5_ra1p2,1.0,2.5,5,require_no_stop_zone_touch_before_entry,"{""stop_zone_fraction"": 1.0}",delay_stop_zone_filter
mnq_15min_avoid_immediate_adverse_move_sm1p00_tm2p50_d5_aw5_mt8,MNQ,15min,1min,dynamic_exit_atr_target_1p0_ts2_vq0p95_bf0p5_ra1p2,1.0,2.5,5,avoid_immediate_adverse_move,"{""adverse_window_minutes"": 5, ""max_adverse_ticks"": 8}",delay_adverse_filter
mnq_15min_avoid_immediate_adverse_move_sm1p00_tm2p50_d5_aw5_mt12,MNQ,15min,1min,dynamic_exit_atr_target_1p0_ts2_vq0p95_bf0p5_ra1p2,1.0,2.5,5,avoid_immediate_adverse_move,"{""adverse_window_minutes"": 5, ""max_adverse_ticks"": 12}",delay_adverse_filter
mnq_15min_avoid_immediate_adverse_move_sm1p00_tm2p50_d5_aw5_mt16,MNQ,15min,1min,dynamic_exit_atr_target_1p0_ts2_vq0p95_bf0p5_ra1p2,1.0,2.5,5,avoid_immediate_adverse_move,"{""adverse_window_minutes"": 5, ""max_adverse_ticks"": 16}",delay_adverse_filter
mnq_15min_require_no_stop_zone_touch_before_entry_sm1p00_tm2p50_d15_sz0p50,MNQ,15min,1min,dynamic_exit_atr_target_1p0_ts2_vq0p95_bf0p5_ra1p2,1.0,2.5,15,require_no_stop_zone_touch_before_entry,"{""stop_zone_fraction"": 0.5}",delay_stop_zone_filter
mnq_15min_require_no_stop_zone_touch_before_entry_sm1p00_tm2p50_d15_sz0p75,MNQ,15min,1min,dynamic_exit_atr_target_1p0_ts2_vq0p95_bf0p5_ra1p2,1.0,2.5,15,require_no_stop_zone_touch_before_entry,"{""stop_zone_fraction"": 0.75}",delay_stop_zone_filter
mnq_15min_require_no_stop_zone_touch_before_entry_sm1p00_tm2p50_d15_sz1p00,MNQ,15min,1min,dynamic_exit_atr_target_1p0_ts2_vq0p95_bf0p5_ra1p2,1.0,2.5,15,require_no_stop_zone_touch_before_entry,"{""stop_zone_fraction"": 1.0}",delay_stop_zone_filter
mnq_15min_avoid_immediate_adverse_move_sm1p00_tm2p50_d15_aw5_mt8,MNQ,15min,1min,dynamic_exit_atr_target_1p0_ts2_vq0p95_bf0p5_ra1p2,1.0,2.5,15,avoid_immediate_adverse_move,"{""adverse_window_minutes"": 5, ""max_adverse_ticks"": 8}",delay_adverse_filter
mnq_15min_avoid_immediate_adverse_move_sm1p00_tm2p50_d15_aw5_mt12,MNQ,15min,1min,dynamic_exit_atr_target_1p0_ts2_vq0p95_bf0p5_ra1p2,1.0,2.5,15,avoid_immediate_adverse_move,"{""adverse_window_minutes"": 5, ""max_adverse_ticks"": 12}",delay_adverse_filter
mnq_15min_avoid_immediate_adverse_move_sm1p00_tm2p50_d15_aw5_mt16,MNQ,15min,1min,dynamic_exit_atr_target_1p0_ts2_vq0p95_bf0p5_ra1p2,1.0,2.5,15,avoid_immediate_adverse_move,"{""adverse_window_minutes"": 5, ""max_adverse_ticks"": 16}",delay_adverse_filter
mnq_15min_avoid_immediate_adverse_move_sm1p00_tm2p50_d15_aw10_mt8,MNQ,15min,1min,dynamic_exit_atr_target_1p0_ts2_vq0p95_bf0p5_ra1p2,1.0,2.5,15,avoid_immediate_adverse_move,"{""adverse_window_minutes"": 10, ""max_adverse_ticks"": 8}",delay_adverse_filter
mnq_15min_avoid_immediate_adverse_move_sm1p00_tm2p50_d15_aw10_mt12,MNQ,15min,1min,dynamic_exit_atr_target_1p0_ts2_vq0p95_bf0p5_ra1p2,1.0,2.5,15,avoid_immediate_adverse_move,"{""adverse_window_minutes"": 10, ""max_adverse_ticks"": 12}",delay_adverse_filter
mnq_15min_avoid_immediate_adverse_move_sm1p00_tm2p50_d15_aw10_mt16,MNQ,15min,1min,dynamic_exit_atr_target_1p0_ts2_vq0p95_bf0p5_ra1p2,1.0,2.5,15,avoid_immediate_adverse_move,"{""adverse_window_minutes"": 10, ""max_adverse_ticks"": 16}",delay_adverse_filter
mnq_15min_require_no_stop_zone_touch_before_entry_sm1p00_tm2p50_d30_sz0p50,MNQ,15min,1min,dynamic_exit_atr_target_1p0_ts2_vq0p95_bf0p5_ra1p2,1.0,2.5,30,require_no_stop_zone_touch_before_entry,"{""stop_zone_fraction"": 0.5}",delay_stop_zone_filter
mnq_15min_require_no_stop_zone_touch_before_entry_sm1p00_tm2p50_d30_sz0p75,MNQ,15min,1min,dynamic_exit_atr_target_1p0_ts2_vq0p95_bf0p5_ra1p2,1.0,2.5,30,require_no_stop_zone_touch_before_entry,"{""stop_zone_fraction"": 0.75}",delay_stop_zone_filter
mnq_15min_require_no_stop_zone_touch_before_entry_sm1p00_tm2p50_d30_sz1p00,MNQ,15min,1min,dynamic_exit_atr_target_1p0_ts2_vq0p95_bf0p5_ra1p2,1.0,2.5,30,require_no_stop_zone_touch_before_entry,"{""stop_zone_fraction"": 1.0}",delay_stop_zone_filter
mnq_15min_avoid_immediate_adverse_move_sm1p00_tm2p50_d30_aw5_mt8,MNQ,15min,1min,dynamic_exit_atr_target_1p0_ts2_vq0p95_bf0p5_ra1p2,1.0,2.5,30,avoid_immediate_adverse_move,"{""adverse_window_minutes"": 5, ""max_adverse_ticks"": 8}",delay_adverse_filter
mnq_15min_avoid_immediate_adverse_move_sm1p00_tm2p50_d30_aw5_mt12,MNQ,15min,1min,dynamic_exit_atr_target_1p0_ts2_vq0p95_bf0p5_ra1p2,1.0,2.5,30,avoid_immediate_adverse_move,"{""adverse_window_minutes"": 5, ""max_adverse_ticks"": 12}",delay_adverse_filter
mnq_15min_avoid_immediate_adverse_move_sm1p00_tm2p50_d30_aw5_mt16,MNQ,15min,1min,dynamic_exit_atr_target_1p0_ts2_vq0p95_bf0p5_ra1p2,1.0,2.5,30,avoid_immediate_adverse_move,"{""adverse_window_minutes"": 5, ""max_adverse_ticks"": 16}",delay_adverse_filter
mnq_15min_avoid_immediate_adverse_move_sm1p00_tm2p50_d30_aw10_mt8,MNQ,15min,1min,dynamic_exit_atr_target_1p0_ts2_vq0p95_bf0p5_ra1p2,1.0,2.5,30,avoid_immediate_adverse_move,"{""adverse_window_minutes"": 10, ""max_adverse_ticks"": 8}",delay_adverse_filter
mnq_15min_avoid_immediate_adverse_move_sm1p00_tm2p50_d30_aw10_mt12,MNQ,15min,1min,dynamic_exit_atr_target_1p0_ts2_vq0p95_bf0p5_ra1p2,1.0,2.5,30,avoid_immediate_adverse_move,"{""adverse_window_minutes"": 10, ""max_adverse_ticks"": 12}",delay_adverse_filter
mnq_15min_avoid_immediate_adverse_move_sm1p00_tm2p50_d30_aw10_mt16,MNQ,15min,1min,dynamic_exit_atr_target_1p0_ts2_vq0p95_bf0p5_ra1p2,1.0,2.5,30,avoid_immediate_adverse_move,"{""adverse_window_minutes"": 10, ""max_adverse_ticks"": 16}",delay_adverse_filter
mnq_15min_require_no_stop_zone_touch_before_entry_sm1p00_tm3p00_d5_sz0p50,MNQ,15min,1min,dynamic_exit_atr_target_1p0_ts2_vq0p95_bf0p5_ra1p2,1.0,3.0,5,require_no_stop_zone_touch_before_entry,"{""stop_zone_fraction"": 0.5}",delay_stop_zone_filter
mnq_15min_require_no_stop_zone_touch_before_entry_sm1p00_tm3p00_d5_sz0p75,MNQ,15min,1min,dynamic_exit_atr_target_1p0_ts2_vq0p95_bf0p5_ra1p2,1.0,3.0,5,require_no_stop_zone_touch_before_entry,"{""stop_zone_fraction"": 0.75}",delay_stop_zone_filter
mnq_15min_require_no_stop_zone_touch_before_entry_sm1p00_tm3p00_d5_sz1p00,MNQ,15min,1min,dynamic_exit_atr_target_1p0_ts2_vq0p95_bf0p5_ra1p2,1.0,3.0,5,require_no_stop_zone_touch_before_entry,"{""stop_zone_fraction"": 1.0}",delay_stop_zone_filter
mnq_15min_avoid_immediate_adverse_move_sm1p00_tm3p00_d5_aw5_mt8,MNQ,15min,1min,dynamic_exit_atr_target_1p0_ts2_vq0p95_bf0p5_ra1p2,1.0,3.0,5,avoid_immediate_adverse_move,"{""adverse_window_minutes"": 5, ""max_adverse_ticks"": 8}",delay_adverse_filter
mnq_15min_avoid_immediate_adverse_move_sm1p00_tm3p00_d5_aw5_mt12,MNQ,15min,1min,dynamic_exit_atr_target_1p0_ts2_vq0p95_bf0p5_ra1p2,1.0,3.0,5,avoid_immediate_adverse_move,"{""adverse_window_minutes"": 5, ""max_adverse_ticks"": 12}",delay_adverse_filter
mnq_15min_avoid_immediate_adverse_move_sm1p00_tm3p00_d5_aw5_mt16,MNQ,15min,1min,dynamic_exit_atr_target_1p0_ts2_vq0p95_bf0p5_ra1p2,1.0,3.0,5,avoid_immediate_adverse_move,"{""adverse_window_minutes"": 5, ""max_adverse_ticks"": 16}",delay_adverse_filter
mnq_15min_require_no_stop_zone_touch_before_entry_sm1p00_tm3p00_d15_sz0p50,MNQ,15min,1min,dynamic_exit_atr_target_1p0_ts2_vq0p95_bf0p5_ra1p2,1.0,3.0,15,require_no_stop_zone_touch_before_entry,"{""stop_zone_fraction"": 0.5}",delay_stop_zone_filter
mnq_15min_require_no_stop_zone_touch_before_entry_sm1p00_tm3p00_d15_sz0p75,MNQ,15min,1min,dynamic_exit_atr_target_1p0_ts2_vq0p95_bf0p5_ra1p2,1.0,3.0,15,require_no_stop_zone_touch_before_entry,"{""stop_zone_fraction"": 0.75}",delay_stop_zone_filter
mnq_15min_require_no_stop_zone_touch_before_entry_sm1p00_tm3p00_d15_sz1p00,MNQ,15min,1min,dynamic_exit_atr_target_1p0_ts2_vq0p95_bf0p5_ra1p2,1.0,3.0,15,require_no_stop_zone_touch_before_entry,"{""stop_zone_fraction"": 1.0}",delay_stop_zone_filter
mnq_15min_avoid_immediate_adverse_move_sm1p00_tm3p00_d15_aw5_mt8,MNQ,15min,1min,dynamic_exit_atr_target_1p0_ts2_vq0p95_bf0p5_ra1p2,1.0,3.0,15,avoid_immediate_adverse_move,"{""adverse_window_minutes"": 5, ""max_adverse_ticks"": 8}",delay_adverse_filter
mnq_15min_avoid_immediate_adverse_move_sm1p00_tm3p00_d15_aw5_mt12,MNQ,15min,1min,dynamic_exit_atr_target_1p0_ts2_vq0p95_bf0p5_ra1p2,1.0,3.0,15,avoid_immediate_adverse_move,"{""adverse_window_minutes"": 5, ""max_adverse_ticks"": 12}",delay_adverse_filter
mnq_15min_avoid_immediate_adverse_move_sm1p00_tm3p00_d15_aw5_mt16,MNQ,15min,1min,dynamic_exit_atr_target_1p0_ts2_vq0p95_bf0p5_ra1p2,1.0,3.0,15,avoid_immediate_adverse_move,"{""adverse_window_minutes"": 5, ""max_adverse_ticks"": 16}",delay_adverse_filter
mnq_15min_avoid_immediate_adverse_move_sm1p00_tm3p00_d15_aw10_mt8,MNQ,15min,1min,dynamic_exit_atr_target_1p0_ts2_vq0p95_bf0p5_ra1p2,1.0,3.0,15,avoid_immediate_adverse_move,"{""adverse_window_minutes"": 10, ""max_adverse_ticks"": 8}",delay_adverse_filter
mnq_15min_avoid_immediate_adverse_move_sm1p00_tm3p00_d15_aw10_mt12,MNQ,15min,1min,dynamic_exit_atr_target_1p0_ts2_vq0p95_bf0p5_ra1p2,1.0,3.0,15,avoid_immediate_adverse_move,"{""adverse_window_minutes"": 10, ""max_adverse_ticks"": 12}",delay_adverse_filter
mnq_15min_avoid_immediate_adverse_move_sm1p00_tm3p00_d15_aw10_mt16,MNQ,15min,1min,dynamic_exit_atr_target_1p0_ts2_vq0p95_bf0p5_ra1p2,1.0,3.0,15,avoid_immediate_adverse_move,"{""adverse_window_minutes"": 10, ""max_adverse_ticks"": 16}",delay_adverse_filter
mnq_15min_require_no_stop_zone_touch_before_entry_sm1p00_tm3p00_d30_sz0p50,MNQ,15min,1min,dynamic_exit_atr_target_1p0_ts2_vq0p95_bf0p5_ra1p2,1.0,3.0,30,require_no_stop_zone_touch_before_entry,"{""stop_zone_fraction"": 0.5}",delay_stop_zone_filter
mnq_15min_require_no_stop_zone_touch_before_entry_sm1p00_tm3p00_d30_sz0p75,MNQ,15min,1min,dynamic_exit_atr_target_1p0_ts2_vq0p95_bf0p5_ra1p2,1.0,3.0,30,require_no_stop_zone_touch_before_entry,"{""stop_zone_fraction"": 0.75}",delay_stop_zone_filter
mnq_15min_require_no_stop_zone_touch_before_entry_sm1p00_tm3p00_d30_sz1p00,MNQ,15min,1min,dynamic_exit_atr_target_1p0_ts2_vq0p95_bf0p5_ra1p2,1.0,3.0,30,require_no_stop_zone_touch_before_entry,"{""stop_zone_fraction"": 1.0}",delay_stop_zone_filter
mnq_15min_avoid_immediate_adverse_move_sm1p00_tm3p00_d30_aw5_mt8,MNQ,15min,1min,dynamic_exit_atr_target_1p0_ts2_vq0p95_bf0p5_ra1p2,1.0,3.0,30,avoid_immediate_adverse_move,"{""adverse_window_minutes"": 5, ""max_adverse_ticks"": 8}",delay_adverse_filter
mnq_15min_avoid_immediate_adverse_move_sm1p00_tm3p00_d30_aw5_mt12,MNQ,15min,1min,dynamic_exit_atr_target_1p0_ts2_vq0p95_bf0p5_ra1p2,1.0,3.0,30,avoid_immediate_adverse_move,"{""adverse_window_minutes"": 5, ""max_adverse_ticks"": 12}",delay_adverse_filter
mnq_15min_avoid_immediate_adverse_move_sm1p00_tm3p00_d30_aw5_mt16,MNQ,15min,1min,dynamic_exit_atr_target_1p0_ts2_vq0p95_bf0p5_ra1p2,1.0,3.0,30,avoid_immediate_adverse_move,"{""adverse_window_minutes"": 5, ""max_adverse_ticks"": 16}",delay_adverse_filter
mnq_15min_avoid_immediate_adverse_move_sm1p00_tm3p00_d30_aw10_mt8,MNQ,15min,1min,dynamic_exit_atr_target_1p0_ts2_vq0p95_bf0p5_ra1p2,1.0,3.0,30,avoid_immediate_adverse_move,"{""adverse_window_minutes"": 10, ""max_adverse_ticks"": 8}",delay_adverse_filter
mnq_15min_avoid_immediate_adverse_move_sm1p00_tm3p00_d30_aw10_mt12,MNQ,15min,1min,dynamic_exit_atr_target_1p0_ts2_vq0p95_bf0p5_ra1p2,1.0,3.0,30,avoid_immediate_adverse_move,"{""adverse_window_minutes"": 10, ""max_adverse_ticks"": 12}",delay_adverse_filter
mnq_15min_avoid_immediate_adverse_move_sm1p00_tm3p00_d30_aw10_mt16,MNQ,15min,1min,dynamic_exit_atr_target_1p0_ts2_vq0p95_bf0p5_ra1p2,1.0,3.0,30,avoid_immediate_adverse_move,"{""adverse_window_minutes"": 10, ""max_adverse_ticks"": 16}",delay_adverse_filter
mnq_15min_require_no_stop_zone_touch_before_entry_sm1p25_tm2p00_d5_sz0p50,MNQ,15min,1min,dynamic_exit_atr_target_1p0_ts2_vq0p95_bf0p5_ra1p2,1.25,2.0,5,require_no_stop_zone_touch_before_entry,"{""stop_zone_fraction"": 0.5}",delay_stop_zone_filter
mnq_15min_require_no_stop_zone_touch_before_entry_sm1p25_tm2p00_d5_sz0p75,MNQ,15min,1min,dynamic_exit_atr_target_1p0_ts2_vq0p95_bf0p5_ra1p2,1.25,2.0,5,require_no_stop_zone_touch_before_entry,"{""stop_zone_fraction"": 0.75}",delay_stop_zone_filter
mnq_15min_require_no_stop_zone_touch_before_entry_sm1p25_tm2p00_d5_sz1p00,MNQ,15min,1min,dynamic_exit_atr_target_1p0_ts2_vq0p95_bf0p5_ra1p2,1.25,2.0,5,require_no_stop_zone_touch_before_entry,"{""stop_zone_fraction"": 1.0}",delay_stop_zone_filter
mnq_15min_avoid_immediate_adverse_move_sm1p25_tm2p00_d5_aw5_mt8,MNQ,15min,1min,dynamic_exit_atr_target_1p0_ts2_vq0p95_bf0p5_ra1p2,1.25,2.0,5,avoid_immediate_adverse_move,"{""adverse_window_minutes"": 5, ""max_adverse_ticks"": 8}",delay_adverse_filter
mnq_15min_avoid_immediate_adverse_move_sm1p25_tm2p00_d5_aw5_mt12,MNQ,15min,1min,dynamic_exit_atr_target_1p0_ts2_vq0p95_bf0p5_ra1p2,1.25,2.0,5,avoid_immediate_adverse_move,"{""adverse_window_minutes"": 5, ""max_adverse_ticks"": 12}",delay_adverse_filter
mnq_15min_avoid_immediate_adverse_move_sm1p25_tm2p00_d5_aw5_mt16,MNQ,15min,1min,dynamic_exit_atr_target_1p0_ts2_vq0p95_bf0p5_ra1p2,1.25,2.0,5,avoid_immediate_adverse_move,"{""adverse_window_minutes"": 5, ""max_adverse_ticks"": 16}",delay_adverse_filter
mnq_15min_require_no_stop_zone_touch_before_entry_sm1p25_tm2p00_d15_sz0p50,MNQ,15min,1min,dynamic_exit_atr_target_1p0_ts2_vq0p95_bf0p5_ra1p2,1.25,2.0,15,require_no_stop_zone_touch_before_entry,"{""stop_zone_fraction"": 0.5}",delay_stop_zone_filter
mnq_15min_require_no_stop_zone_touch_before_entry_sm1p25_tm2p00_d15_sz0p75,MNQ,15min,1min,dynamic_exit_atr_target_1p0_ts2_vq0p95_bf0p5_ra1p2,1.25,2.0,15,require_no_stop_zone_touch_before_entry,"{""stop_zone_fraction"": 0.75}",delay_stop_zone_filter
mnq_15min_require_no_stop_zone_touch_before_entry_sm1p25_tm2p00_d15_sz1p00,MNQ,15min,1min,dynamic_exit_atr_target_1p0_ts2_vq0p95_bf0p5_ra1p2,1.25,2.0,15,require_no_stop_zone_touch_before_entry,"{""stop_zone_fraction"": 1.0}",delay_stop_zone_filter
mnq_15min_avoid_immediate_adverse_move_sm1p25_tm2p00_d15_aw5_mt8,MNQ,15min,1min,dynamic_exit_atr_target_1p0_ts2_vq0p95_bf0p5_ra1p2,1.25,2.0,15,avoid_immediate_adverse_move,"{""adverse_window_minutes"": 5, ""max_adverse_ticks"": 8}",delay_adverse_filter
mnq_15min_avoid_immediate_adverse_move_sm1p25_tm2p00_d15_aw5_mt12,MNQ,15min,1min,dynamic_exit_atr_target_1p0_ts2_vq0p95_bf0p5_ra1p2,1.25,2.0,15,avoid_immediate_adverse_move,"{""adverse_window_minutes"": 5, ""max_adverse_ticks"": 12}",delay_adverse_filter
mnq_15min_avoid_immediate_adverse_move_sm1p25_tm2p00_d15_aw5_mt16,MNQ,15min,1min,dynamic_exit_atr_target_1p0_ts2_vq0p95_bf0p5_ra1p2,1.25,2.0,15,avoid_immediate_adverse_move,"{""adverse_window_minutes"": 5, ""max_adverse_ticks"": 16}",delay_adverse_filter
mnq_15min_avoid_immediate_adverse_move_sm1p25_tm2p00_d15_aw10_mt8,MNQ,15min,1min,dynamic_exit_atr_target_1p0_ts2_vq0p95_bf0p5_ra1p2,1.25,2.0,15,avoid_immediate_adverse_move,"{""adverse_window_minutes"": 10, ""max_adverse_ticks"": 8}",delay_adverse_filter
mnq_15min_avoid_immediate_adverse_move_sm1p25_tm2p00_d15_aw10_mt12,MNQ,15min,1min,dynamic_exit_atr_target_1p0_ts2_vq0p95_bf0p5_ra1p2,1.25,2.0,15,avoid_immediate_adverse_move,"{""adverse_window_minutes"": 10, ""max_adverse_ticks"": 12}",delay_adverse_filter
mnq_15min_avoid_immediate_adverse_move_sm1p25_tm2p00_d15_aw10_mt16,MNQ,15min,1min,dynamic_exit_atr_target_1p0_ts2_vq0p95_bf0p5_ra1p2,1.25,2.0,15,avoid_immediate_adverse_move,"{""adverse_window_minutes"": 10, ""max_adverse_ticks"": 16}",delay_adverse_filter
mnq_15min_require_no_stop_zone_touch_before_entry_sm1p25_tm2p00_d30_sz0p50,MNQ,15min,1min,dynamic_exit_atr_target_1p0_ts2_vq0p95_bf0p5_ra1p2,1.25,2.0,30,require_no_stop_zone_touch_before_entry,"{""stop_zone_fraction"": 0.5}",delay_stop_zone_filter
mnq_15min_require_no_stop_zone_touch_before_entry_sm1p25_tm2p00_d30_sz0p75,MNQ,15min,1min,dynamic_exit_atr_target_1p0_ts2_vq0p95_bf0p5_ra1p2,1.25,2.0,30,require_no_stop_zone_touch_before_entry,"{""stop_zone_fraction"": 0.75}",delay_stop_zone_filter
mnq_15min_require_no_stop_zone_touch_before_entry_sm1p25_tm2p00_d30_sz1p00,MNQ,15min,1min,dynamic_exit_atr_target_1p0_ts2_vq0p95_bf0p5_ra1p2,1.25,2.0,30,require_no_stop_zone_touch_before_entry,"{""stop_zone_fraction"": 1.0}",delay_stop_zone_filter
mnq_15min_avoid_immediate_adverse_move_sm1p25_tm2p00_d30_aw5_mt8,MNQ,15min,1min,dynamic_exit_atr_target_1p0_ts2_vq0p95_bf0p5_ra1p2,1.25,2.0,30,avoid_immediate_adverse_move,"{""adverse_window_minutes"": 5, ""max_adverse_ticks"": 8}",delay_adverse_filter
mnq_15min_avoid_immediate_adverse_move_sm1p25_tm2p00_d30_aw5_mt12,MNQ,15min,1min,dynamic_exit_atr_target_1p0_ts2_vq0p95_bf0p5_ra1p2,1.25,2.0,30,avoid_immediate_adverse_move,"{""adverse_window_minutes"": 5, ""max_adverse_ticks"": 12}",delay_adverse_filter
mnq_15min_avoid_immediate_adverse_move_sm1p25_tm2p00_d30_aw5_mt16,MNQ,15min,1min,dynamic_exit_atr_target_1p0_ts2_vq0p95_bf0p5_ra1p2,1.25,2.0,30,avoid_immediate_adverse_move,"{""adverse_window_minutes"": 5, ""max_adverse_ticks"": 16}",delay_adverse_filter
mnq_15min_avoid_immediate_adverse_move_sm1p25_tm2p00_d30_aw10_mt8,MNQ,15min,1min,dynamic_exit_atr_target_1p0_ts2_vq0p95_bf0p5_ra1p2,1.25,2.0,30,avoid_immediate_adverse_move,"{""adverse_window_minutes"": 10, ""max_adverse_ticks"": 8}",delay_adverse_filter
mnq_15min_avoid_immediate_adverse_move_sm1p25_tm2p00_d30_aw10_mt12,MNQ,15min,1min,dynamic_exit_atr_target_1p0_ts2_vq0p95_bf0p5_ra1p2,1.25,2.0,30,avoid_immediate_adverse_move,"{""adverse_window_minutes"": 10, ""max_adverse_ticks"": 12}",delay_adverse_filter
mnq_15min_avoid_immediate_adverse_move_sm1p25_tm2p00_d30_aw10_mt16,MNQ,15min,1min,dynamic_exit_atr_target_1p0_ts2_vq0p95_bf0p5_ra1p2,1.25,2.0,30,avoid_immediate_adverse_move,"{""adverse_window_minutes"": 10, ""max_adverse_ticks"": 16}",delay_adverse_filter
mnq_15min_require_no_stop_zone_touch_before_entry_sm1p25_tm2p50_d5_sz0p50,MNQ,15min,1min,dynamic_exit_atr_target_1p0_ts2_vq0p95_bf0p5_ra1p2,1.25,2.5,5,require_no_stop_zone_touch_before_entry,"{""stop_zone_fraction"": 0.5}",delay_stop_zone_filter
mnq_15min_require_no_stop_zone_touch_before_entry_sm1p25_tm2p50_d5_sz0p75,MNQ,15min,1min,dynamic_exit_atr_target_1p0_ts2_vq0p95_bf0p5_ra1p2,1.25,2.5,5,require_no_stop_zone_touch_before_entry,"{""stop_zone_fraction"": 0.75}",delay_stop_zone_filter
mnq_15min_require_no_stop_zone_touch_before_entry_sm1p25_tm2p50_d5_sz1p00,MNQ,15min,1min,dynamic_exit_atr_target_1p0_ts2_vq0p95_bf0p5_ra1p2,1.25,2.5,5,require_no_stop_zone_touch_before_entry,"{""stop_zone_fraction"": 1.0}",delay_stop_zone_filter
mnq_15min_avoid_immediate_adverse_move_sm1p25_tm2p50_d5_aw5_mt8,MNQ,15min,1min,dynamic_exit_atr_target_1p0_ts2_vq0p95_bf0p5_ra1p2,1.25,2.5,5,avoid_immediate_adverse_move,"{""adverse_window_minutes"": 5, ""max_adverse_ticks"": 8}",delay_adverse_filter
mnq_15min_avoid_immediate_adverse_move_sm1p25_tm2p50_d5_aw5_mt12,MNQ,15min,1min,dynamic_exit_atr_target_1p0_ts2_vq0p95_bf0p5_ra1p2,1.25,2.5,5,avoid_immediate_adverse_move,"{""adverse_window_minutes"": 5, ""max_adverse_ticks"": 12}",delay_adverse_filter
mnq_15min_avoid_immediate_adverse_move_sm1p25_tm2p50_d5_aw5_mt16,MNQ,15min,1min,dynamic_exit_atr_target_1p0_ts2_vq0p95_bf0p5_ra1p2,1.25,2.5,5,avoid_immediate_adverse_move,"{""adverse_window_minutes"": 5, ""max_adverse_ticks"": 16}",delay_adverse_filter
mnq_15min_require_no_stop_zone_touch_before_entry_sm1p25_tm2p50_d15_sz0p50,MNQ,15min,1min,dynamic_exit_atr_target_1p0_ts2_vq0p95_bf0p5_ra1p2,1.25,2.5,15,require_no_stop_zone_touch_before_entry,"{""stop_zone_fraction"": 0.5}",delay_stop_zone_filter
mnq_15min_require_no_stop_zone_touch_before_entry_sm1p25_tm2p50_d15_sz0p75,MNQ,15min,1min,dynamic_exit_atr_target_1p0_ts2_vq0p95_bf0p5_ra1p2,1.25,2.5,15,require_no_stop_zone_touch_before_entry,"{""stop_zone_fraction"": 0.75}",delay_stop_zone_filter
mnq_15min_require_no_stop_zone_touch_before_entry_sm1p25_tm2p50_d15_sz1p00,MNQ,15min,1min,dynamic_exit_atr_target_1p0_ts2_vq0p95_bf0p5_ra1p2,1.25,2.5,15,require_no_stop_zone_touch_before_entry,"{""stop_zone_fraction"": 1.0}",delay_stop_zone_filter
mnq_15min_avoid_immediate_adverse_move_sm1p25_tm2p50_d15_aw5_mt8,MNQ,15min,1min,dynamic_exit_atr_target_1p0_ts2_vq0p95_bf0p5_ra1p2,1.25,2.5,15,avoid_immediate_adverse_move,"{""adverse_window_minutes"": 5, ""max_adverse_ticks"": 8}",delay_adverse_filter
mnq_15min_avoid_immediate_adverse_move_sm1p25_tm2p50_d15_aw5_mt12,MNQ,15min,1min,dynamic_exit_atr_target_1p0_ts2_vq0p95_bf0p5_ra1p2,1.25,2.5,15,avoid_immediate_adverse_move,"{""adverse_window_minutes"": 5, ""max_adverse_ticks"": 12}",delay_adverse_filter
mnq_15min_avoid_immediate_adverse_move_sm1p25_tm2p50_d15_aw5_mt16,MNQ,15min,1min,dynamic_exit_atr_target_1p0_ts2_vq0p95_bf0p5_ra1p2,1.25,2.5,15,avoid_immediate_adverse_move,"{""adverse_window_minutes"": 5, ""max_adverse_ticks"": 16}",delay_adverse_filter
mnq_15min_avoid_immediate_adverse_move_sm1p25_tm2p50_d15_aw10_mt8,MNQ,15min,1min,dynamic_exit_atr_target_1p0_ts2_vq0p95_bf0p5_ra1p2,1.25,2.5,15,avoid_immediate_adverse_move,"{""adverse_window_minutes"": 10, ""max_adverse_ticks"": 8}",delay_adverse_filter
mnq_15min_avoid_immediate_adverse_move_sm1p25_tm2p50_d15_aw10_mt12,MNQ,15min,1min,dynamic_exit_atr_target_1p0_ts2_vq0p95_bf0p5_ra1p2,1.25,2.5,15,avoid_immediate_adverse_move,"{""adverse_window_minutes"": 10, ""max_adverse_ticks"": 12}",delay_adverse_filter
mnq_15min_avoid_immediate_adverse_move_sm1p25_tm2p50_d15_aw10_mt16,MNQ,15min,1min,dynamic_exit_atr_target_1p0_ts2_vq0p95_bf0p5_ra1p2,1.25,2.5,15,avoid_immediate_adverse_move,"{""adverse_window_minutes"": 10, ""max_adverse_ticks"": 16}",delay_adverse_filter
mnq_15min_require_no_stop_zone_touch_before_entry_sm1p25_tm2p50_d30_sz0p50,MNQ,15min,1min,dynamic_exit_atr_target_1p0_ts2_vq0p95_bf0p5_ra1p2,1.25,2.5,30,require_no_stop_zone_touch_before_entry,"{""stop_zone_fraction"": 0.5}",delay_stop_zone_filter
mnq_15min_require_no_stop_zone_touch_before_entry_sm1p25_tm2p50_d30_sz0p75,MNQ,15min,1min,dynamic_exit_atr_target_1p0_ts2_vq0p95_bf0p5_ra1p2,1.25,2.5,30,require_no_stop_zone_touch_before_entry,"{""stop_zone_fraction"": 0.75}",delay_stop_zone_filter
mnq_15min_require_no_stop_zone_touch_before_entry_sm1p25_tm2p50_d30_sz1p00,MNQ,15min,1min,dynamic_exit_atr_target_1p0_ts2_vq0p95_bf0p5_ra1p2,1.25,2.5,30,require_no_stop_zone_touch_before_entry,"{""stop_zone_fraction"": 1.0}",delay_stop_zone_filter
mnq_15min_avoid_immediate_adverse_move_sm1p25_tm2p50_d30_aw5_mt8,MNQ,15min,1min,dynamic_exit_atr_target_1p0_ts2_vq0p95_bf0p5_ra1p2,1.25,2.5,30,avoid_immediate_adverse_move,"{""adverse_window_minutes"": 5, ""max_adverse_ticks"": 8}",delay_adverse_filter
mnq_15min_avoid_immediate_adverse_move_sm1p25_tm2p50_d30_aw5_mt12,MNQ,15min,1min,dynamic_exit_atr_target_1p0_ts2_vq0p95_bf0p5_ra1p2,1.25,2.5,30,avoid_immediate_adverse_move,"{""adverse_window_minutes"": 5, ""max_adverse_ticks"": 12}",delay_adverse_filter
mnq_15min_avoid_immediate_adverse_move_sm1p25_tm2p50_d30_aw5_mt16,MNQ,15min,1min,dynamic_exit_atr_target_1p0_ts2_vq0p95_bf0p5_ra1p2,1.25,2.5,30,avoid_immediate_adverse_move,"{""adverse_window_minutes"": 5, ""max_adverse_ticks"": 16}",delay_adverse_filter
mnq_15min_avoid_immediate_adverse_move_sm1p25_tm2p50_d30_aw10_mt8,MNQ,15min,1min,dynamic_exit_atr_target_1p0_ts2_vq0p95_bf0p5_ra1p2,1.25,2.5,30,avoid_immediate_adverse_move,"{""adverse_window_minutes"": 10, ""max_adverse_ticks"": 8}",delay_adverse_filter
mnq_15min_avoid_immediate_adverse_move_sm1p25_tm2p50_d30_aw10_mt12,MNQ,15min,1min,dynamic_exit_atr_target_1p0_ts2_vq0p95_bf0p5_ra1p2,1.25,2.5,30,avoid_immediate_adverse_move,"{""adverse_window_minutes"": 10, ""max_adverse_ticks"": 12}",delay_adverse_filter
mnq_15min_avoid_immediate_adverse_move_sm1p25_tm2p50_d30_aw10_mt16,MNQ,15min,1min,dynamic_exit_atr_target_1p0_ts2_vq0p95_bf0p5_ra1p2,1.25,2.5,30,avoid_immediate_adverse_move,"{""adverse_window_minutes"": 10, ""max_adverse_ticks"": 16}",delay_adverse_filter
mnq_15min_require_no_stop_zone_touch_before_entry_sm1p25_tm3p00_d5_sz0p50,MNQ,15min,1min,dynamic_exit_atr_target_1p0_ts2_vq0p95_bf0p5_ra1p2,1.25,3.0,5,require_no_stop_zone_touch_before_entry,"{""stop_zone_fraction"": 0.5}",delay_stop_zone_filter
mnq_15min_require_no_stop_zone_touch_before_entry_sm1p25_tm3p00_d5_sz0p75,MNQ,15min,1min,dynamic_exit_atr_target_1p0_ts2_vq0p95_bf0p5_ra1p2,1.25,3.0,5,require_no_stop_zone_touch_before_entry,"{""stop_zone_fraction"": 0.75}",delay_stop_zone_filter
mnq_15min_require_no_stop_zone_touch_before_entry_sm1p25_tm3p00_d5_sz1p00,MNQ,15min,1min,dynamic_exit_atr_target_1p0_ts2_vq0p95_bf0p5_ra1p2,1.25,3.0,5,require_no_stop_zone_touch_before_entry,"{""stop_zone_fraction"": 1.0}",delay_stop_zone_filter
mnq_15min_avoid_immediate_adverse_move_sm1p25_tm3p00_d5_aw5_mt8,MNQ,15min,1min,dynamic_exit_atr_target_1p0_ts2_vq0p95_bf0p5_ra1p2,1.25,3.0,5,avoid_immediate_adverse_move,"{""adverse_window_minutes"": 5, ""max_adverse_ticks"": 8}",delay_adverse_filter
mnq_15min_avoid_immediate_adverse_move_sm1p25_tm3p00_d5_aw5_mt12,MNQ,15min,1min,dynamic_exit_atr_target_1p0_ts2_vq0p95_bf0p5_ra1p2,1.25,3.0,5,avoid_immediate_adverse_move,"{""adverse_window_minutes"": 5, ""max_adverse_ticks"": 12}",delay_adverse_filter
mnq_15min_avoid_immediate_adverse_move_sm1p25_tm3p00_d5_aw5_mt16,MNQ,15min,1min,dynamic_exit_atr_target_1p0_ts2_vq0p95_bf0p5_ra1p2,1.25,3.0,5,avoid_immediate_adverse_move,"{""adverse_window_minutes"": 5, ""max_adverse_ticks"": 16}",delay_adverse_filter
mnq_15min_require_no_stop_zone_touch_before_entry_sm1p25_tm3p00_d15_sz0p50,MNQ,15min,1min,dynamic_exit_atr_target_1p0_ts2_vq0p95_bf0p5_ra1p2,1.25,3.0,15,require_no_stop_zone_touch_before_entry,"{""stop_zone_fraction"": 0.5}",delay_stop_zone_filter
mnq_15min_require_no_stop_zone_touch_before_entry_sm1p25_tm3p00_d15_sz0p75,MNQ,15min,1min,dynamic_exit_atr_target_1p0_ts2_vq0p95_bf0p5_ra1p2,1.25,3.0,15,require_no_stop_zone_touch_before_entry,"{""stop_zone_fraction"": 0.75}",delay_stop_zone_filter
mnq_15min_require_no_stop_zone_touch_before_entry_sm1p25_tm3p00_d15_sz1p00,MNQ,15min,1min,dynamic_exit_atr_target_1p0_ts2_vq0p95_bf0p5_ra1p2,1.25,3.0,15,require_no_stop_zone_touch_before_entry,"{""stop_zone_fraction"": 1.0}",delay_stop_zone_filter
mnq_15min_avoid_immediate_adverse_move_sm1p25_tm3p00_d15_aw5_mt8,MNQ,15min,1min,dynamic_exit_atr_target_1p0_ts2_vq0p95_bf0p5_ra1p2,1.25,3.0,15,avoid_immediate_adverse_move,"{""adverse_window_minutes"": 5, ""max_adverse_ticks"": 8}",delay_adverse_filter
mnq_15min_avoid_immediate_adverse_move_sm1p25_tm3p00_d15_aw5_mt12,MNQ,15min,1min,dynamic_exit_atr_target_1p0_ts2_vq0p95_bf0p5_ra1p2,1.25,3.0,15,avoid_immediate_adverse_move,"{""adverse_window_minutes"": 5, ""max_adverse_ticks"": 12}",delay_adverse_filter
mnq_15min_avoid_immediate_adverse_move_sm1p25_tm3p00_d15_aw5_mt16,MNQ,15min,1min,dynamic_exit_atr_target_1p0_ts2_vq0p95_bf0p5_ra1p2,1.25,3.0,15,avoid_immediate_adverse_move,"{""adverse_window_minutes"": 5, ""max_adverse_ticks"": 16}",delay_adverse_filter
mnq_15min_avoid_immediate_adverse_move_sm1p25_tm3p00_d15_aw10_mt8,MNQ,15min,1min,dynamic_exit_atr_target_1p0_ts2_vq0p95_bf0p5_ra1p2,1.25,3.0,15,avoid_immediate_adverse_move,"{""adverse_window_minutes"": 10, ""max_adverse_ticks"": 8}",delay_adverse_filter
mnq_15min_avoid_immediate_adverse_move_sm1p25_tm3p00_d15_aw10_mt12,MNQ,15min,1min,dynamic_exit_atr_target_1p0_ts2_vq0p95_bf0p5_ra1p2,1.25,3.0,15,avoid_immediate_adverse_move,"{""adverse_window_minutes"": 10, ""max_adverse_ticks"": 12}",delay_adverse_filter
mnq_15min_avoid_immediate_adverse_move_sm1p25_tm3p00_d15_aw10_mt16,MNQ,15min,1min,dynamic_exit_atr_target_1p0_ts2_vq0p95_bf0p5_ra1p2,1.25,3.0,15,avoid_immediate_adverse_move,"{""adverse_window_minutes"": 10, ""max_adverse_ticks"": 16}",delay_adverse_filter
mnq_15min_require_no_stop_zone_touch_before_entry_sm1p25_tm3p00_d30_sz0p50,MNQ,15min,1min,dynamic_exit_atr_target_1p0_ts2_vq0p95_bf0p5_ra1p2,1.25,3.0,30,require_no_stop_zone_touch_before_entry,"{""stop_zone_fraction"": 0.5}",delay_stop_zone_filter
mnq_15min_require_no_stop_zone_touch_before_entry_sm1p25_tm3p00_d30_sz0p75,MNQ,15min,1min,dynamic_exit_atr_target_1p0_ts2_vq0p95_bf0p5_ra1p2,1.25,3.0,30,require_no_stop_zone_touch_before_entry,"{""stop_zone_fraction"": 0.75}",delay_stop_zone_filter
mnq_15min_require_no_stop_zone_touch_before_entry_sm1p25_tm3p00_d30_sz1p00,MNQ,15min,1min,dynamic_exit_atr_target_1p0_ts2_vq0p95_bf0p5_ra1p2,1.25,3.0,30,require_no_stop_zone_touch_before_entry,"{""stop_zone_fraction"": 1.0}",delay_stop_zone_filter
mnq_15min_avoid_immediate_adverse_move_sm1p25_tm3p00_d30_aw5_mt8,MNQ,15min,1min,dynamic_exit_atr_target_1p0_ts2_vq0p95_bf0p5_ra1p2,1.25,3.0,30,avoid_immediate_adverse_move,"{""adverse_window_minutes"": 5, ""max_adverse_ticks"": 8}",delay_adverse_filter
mnq_15min_avoid_immediate_adverse_move_sm1p25_tm3p00_d30_aw5_mt12,MNQ,15min,1min,dynamic_exit_atr_target_1p0_ts2_vq0p95_bf0p5_ra1p2,1.25,3.0,30,avoid_immediate_adverse_move,"{""adverse_window_minutes"": 5, ""max_adverse_ticks"": 12}",delay_adverse_filter
mnq_15min_avoid_immediate_adverse_move_sm1p25_tm3p00_d30_aw5_mt16,MNQ,15min,1min,dynamic_exit_atr_target_1p0_ts2_vq0p95_bf0p5_ra1p2,1.25,3.0,30,avoid_immediate_adverse_move,"{""adverse_window_minutes"": 5, ""max_adverse_ticks"": 16}",delay_adverse_filter
mnq_15min_avoid_immediate_adverse_move_sm1p25_tm3p00_d30_aw10_mt8,MNQ,15min,1min,dynamic_exit_atr_target_1p0_ts2_vq0p95_bf0p5_ra1p2,1.25,3.0,30,avoid_immediate_adverse_move,"{""adverse_window_minutes"": 10, ""max_adverse_ticks"": 8}",delay_adverse_filter
mnq_15min_avoid_immediate_adverse_move_sm1p25_tm3p00_d30_aw10_mt12,MNQ,15min,1min,dynamic_exit_atr_target_1p0_ts2_vq0p95_bf0p5_ra1p2,1.25,3.0,30,avoid_immediate_adverse_move,"{""adverse_window_minutes"": 10, ""max_adverse_ticks"": 12}",delay_adverse_filter
mnq_15min_avoid_immediate_adverse_move_sm1p25_tm3p00_d30_aw10_mt16,MNQ,15min,1min,dynamic_exit_atr_target_1p0_ts2_vq0p95_bf0p5_ra1p2,1.25,3.0,30,avoid_immediate_adverse_move,"{""adverse_window_minutes"": 10, ""max_adverse_ticks"": 16}",delay_adverse_filter
mnq_30min_none_sm1p00_tm1p00_d0,MNQ,30min,1min,dynamic_exit_atr_target_1p0_ts2_vq0p95_bf0p5_ra1p2,1.0,1.0,0,none,{},raw_hybrid
mnq_30min_none_sm1p00_tm1p00_d5,MNQ,30min,1min,dynamic_exit_atr_target_1p0_ts2_vq0p95_bf0p5_ra1p2,1.0,1.0,5,none,{},delay_only
mnq_30min_none_sm1p00_tm1p00_d15,MNQ,30min,1min,dynamic_exit_atr_target_1p0_ts2_vq0p95_bf0p5_ra1p2,1.0,1.0,15,none,{},delay_only
mnq_30min_none_sm1p00_tm1p00_d30,MNQ,30min,1min,dynamic_exit_atr_target_1p0_ts2_vq0p95_bf0p5_ra1p2,1.0,1.0,30,none,{},delay_only
mnq_30min_none_sm0p75_tm1p50_d0,MNQ,30min,1min,dynamic_exit_atr_target_1p0_ts2_vq0p95_bf0p5_ra1p2,0.75,1.5,0,none,{},stop_target_recalibration
mnq_30min_none_sm0p75_tm1p50_d5,MNQ,30min,1min,dynamic_exit_atr_target_1p0_ts2_vq0p95_bf0p5_ra1p2,0.75,1.5,5,none,{},delay_stop_target
mnq_30min_none_sm0p75_tm1p50_d15,MNQ,30min,1min,dynamic_exit_atr_target_1p0_ts2_vq0p95_bf0p5_ra1p2,0.75,1.5,15,none,{},delay_stop_target
mnq_30min_none_sm0p75_tm1p50_d30,MNQ,30min,1min,dynamic_exit_atr_target_1p0_ts2_vq0p95_bf0p5_ra1p2,0.75,1.5,30,none,{},delay_stop_target
mnq_30min_none_sm0p75_tm2p00_d0,MNQ,30min,1min,dynamic_exit_atr_target_1p0_ts2_vq0p95_bf0p5_ra1p2,0.75,2.0,0,none,{},stop_target_recalibration
mnq_30min_none_sm0p75_tm2p00_d5,MNQ,30min,1min,dynamic_exit_atr_target_1p0_ts2_vq0p95_bf0p5_ra1p2,0.75,2.0,5,none,{},delay_stop_target
mnq_30min_none_sm0p75_tm2p00_d15,MNQ,30min,1min,dynamic_exit_atr_target_1p0_ts2_vq0p95_bf0p5_ra1p2,0.75,2.0,15,none,{},delay_stop_target
mnq_30min_none_sm0p75_tm2p00_d30,MNQ,30min,1min,dynamic_exit_atr_target_1p0_ts2_vq0p95_bf0p5_ra1p2,0.75,2.0,30,none,{},delay_stop_target
mnq_30min_none_sm0p75_tm2p50_d0,MNQ,30min,1min,dynamic_exit_atr_target_1p0_ts2_vq0p95_bf0p5_ra1p2,0.75,2.5,0,none,{},stop_target_recalibration
mnq_30min_none_sm0p75_tm2p50_d5,MNQ,30min,1min,dynamic_exit_atr_target_1p0_ts2_vq0p95_bf0p5_ra1p2,0.75,2.5,5,none,{},delay_stop_target
mnq_30min_none_sm0p75_tm2p50_d15,MNQ,30min,1min,dynamic_exit_atr_target_1p0_ts2_vq0p95_bf0p5_ra1p2,0.75,2.5,15,none,{},delay_stop_target
mnq_30min_none_sm0p75_tm2p50_d30,MNQ,30min,1min,dynamic_exit_atr_target_1p0_ts2_vq0p95_bf0p5_ra1p2,0.75,2.5,30,none,{},delay_stop_target
mnq_30min_none_sm0p75_tm3p00_d0,MNQ,30min,1min,dynamic_exit_atr_target_1p0_ts2_vq0p95_bf0p5_ra1p2,0.75,3.0,0,none,{},stop_target_recalibration
mnq_30min_none_sm0p75_tm3p00_d5,MNQ,30min,1min,dynamic_exit_atr_target_1p0_ts2_vq0p95_bf0p5_ra1p2,0.75,3.0,5,none,{},delay_stop_target
mnq_30min_none_sm0p75_tm3p00_d15,MNQ,30min,1min,dynamic_exit_atr_target_1p0_ts2_vq0p95_bf0p5_ra1p2,0.75,3.0,15,none,{},delay_stop_target
mnq_30min_none_sm0p75_tm3p00_d30,MNQ,30min,1min,dynamic_exit_atr_target_1p0_ts2_vq0p95_bf0p5_ra1p2,0.75,3.0,30,none,{},delay_stop_target
mnq_30min_none_sm1p00_tm1p50_d0,MNQ,30min,1min,dynamic_exit_atr_target_1p0_ts2_vq0p95_bf0p5_ra1p2,1.0,1.5,0,none,{},stop_target_recalibration
mnq_30min_none_sm1p00_tm1p50_d5,MNQ,30min,1min,dynamic_exit_atr_target_1p0_ts2_vq0p95_bf0p5_ra1p2,1.0,1.5,5,none,{},delay_stop_target
mnq_30min_none_sm1p00_tm1p50_d15,MNQ,30min,1min,dynamic_exit_atr_target_1p0_ts2_vq0p95_bf0p5_ra1p2,1.0,1.5,15,none,{},delay_stop_target
mnq_30min_none_sm1p00_tm1p50_d30,MNQ,30min,1min,dynamic_exit_atr_target_1p0_ts2_vq0p95_bf0p5_ra1p2,1.0,1.5,30,none,{},delay_stop_target
mnq_30min_none_sm1p00_tm2p00_d0,MNQ,30min,1min,dynamic_exit_atr_target_1p0_ts2_vq0p95_bf0p5_ra1p2,1.0,2.0,0,none,{},stop_target_recalibration
mnq_30min_none_sm1p00_tm2p00_d5,MNQ,30min,1min,dynamic_exit_atr_target_1p0_ts2_vq0p95_bf0p5_ra1p2,1.0,2.0,5,none,{},delay_stop_target
mnq_30min_none_sm1p00_tm2p00_d15,MNQ,30min,1min,dynamic_exit_atr_target_1p0_ts2_vq0p95_bf0p5_ra1p2,1.0,2.0,15,none,{},delay_stop_target
mnq_30min_none_sm1p00_tm2p00_d30,MNQ,30min,1min,dynamic_exit_atr_target_1p0_ts2_vq0p95_bf0p5_ra1p2,1.0,2.0,30,none,{},delay_stop_target
mnq_30min_none_sm1p00_tm2p50_d0,MNQ,30min,1min,dynamic_exit_atr_target_1p0_ts2_vq0p95_bf0p5_ra1p2,1.0,2.5,0,none,{},stop_target_recalibration
mnq_30min_none_sm1p00_tm2p50_d5,MNQ,30min,1min,dynamic_exit_atr_target_1p0_ts2_vq0p95_bf0p5_ra1p2,1.0,2.5,5,none,{},delay_stop_target
mnq_30min_none_sm1p00_tm2p50_d15,MNQ,30min,1min,dynamic_exit_atr_target_1p0_ts2_vq0p95_bf0p5_ra1p2,1.0,2.5,15,none,{},delay_stop_target
mnq_30min_none_sm1p00_tm2p50_d30,MNQ,30min,1min,dynamic_exit_atr_target_1p0_ts2_vq0p95_bf0p5_ra1p2,1.0,2.5,30,none,{},delay_stop_target
mnq_30min_none_sm1p00_tm3p00_d0,MNQ,30min,1min,dynamic_exit_atr_target_1p0_ts2_vq0p95_bf0p5_ra1p2,1.0,3.0,0,none,{},stop_target_recalibration
mnq_30min_none_sm1p00_tm3p00_d5,MNQ,30min,1min,dynamic_exit_atr_target_1p0_ts2_vq0p95_bf0p5_ra1p2,1.0,3.0,5,none,{},delay_stop_target
mnq_30min_none_sm1p00_tm3p00_d15,MNQ,30min,1min,dynamic_exit_atr_target_1p0_ts2_vq0p95_bf0p5_ra1p2,1.0,3.0,15,none,{},delay_stop_target
mnq_30min_none_sm1p00_tm3p00_d30,MNQ,30min,1min,dynamic_exit_atr_target_1p0_ts2_vq0p95_bf0p5_ra1p2,1.0,3.0,30,none,{},delay_stop_target
mnq_30min_none_sm1p25_tm1p50_d0,MNQ,30min,1min,dynamic_exit_atr_target_1p0_ts2_vq0p95_bf0p5_ra1p2,1.25,1.5,0,none,{},stop_target_recalibration
mnq_30min_none_sm1p25_tm1p50_d5,MNQ,30min,1min,dynamic_exit_atr_target_1p0_ts2_vq0p95_bf0p5_ra1p2,1.25,1.5,5,none,{},delay_stop_target
mnq_30min_none_sm1p25_tm1p50_d15,MNQ,30min,1min,dynamic_exit_atr_target_1p0_ts2_vq0p95_bf0p5_ra1p2,1.25,1.5,15,none,{},delay_stop_target
mnq_30min_none_sm1p25_tm1p50_d30,MNQ,30min,1min,dynamic_exit_atr_target_1p0_ts2_vq0p95_bf0p5_ra1p2,1.25,1.5,30,none,{},delay_stop_target
mnq_30min_none_sm1p25_tm2p00_d0,MNQ,30min,1min,dynamic_exit_atr_target_1p0_ts2_vq0p95_bf0p5_ra1p2,1.25,2.0,0,none,{},stop_target_recalibration
mnq_30min_none_sm1p25_tm2p00_d5,MNQ,30min,1min,dynamic_exit_atr_target_1p0_ts2_vq0p95_bf0p5_ra1p2,1.25,2.0,5,none,{},delay_stop_target
mnq_30min_none_sm1p25_tm2p00_d15,MNQ,30min,1min,dynamic_exit_atr_target_1p0_ts2_vq0p95_bf0p5_ra1p2,1.25,2.0,15,none,{},delay_stop_target
mnq_30min_none_sm1p25_tm2p00_d30,MNQ,30min,1min,dynamic_exit_atr_target_1p0_ts2_vq0p95_bf0p5_ra1p2,1.25,2.0,30,none,{},delay_stop_target
mnq_30min_none_sm1p25_tm2p50_d0,MNQ,30min,1min,dynamic_exit_atr_target_1p0_ts2_vq0p95_bf0p5_ra1p2,1.25,2.5,0,none,{},stop_target_recalibration
mnq_30min_none_sm1p25_tm2p50_d5,MNQ,30min,1min,dynamic_exit_atr_target_1p0_ts2_vq0p95_bf0p5_ra1p2,1.25,2.5,5,none,{},delay_stop_target
mnq_30min_none_sm1p25_tm2p50_d15,MNQ,30min,1min,dynamic_exit_atr_target_1p0_ts2_vq0p95_bf0p5_ra1p2,1.25,2.5,15,none,{},delay_stop_target
mnq_30min_none_sm1p25_tm2p50_d30,MNQ,30min,1min,dynamic_exit_atr_target_1p0_ts2_vq0p95_bf0p5_ra1p2,1.25,2.5,30,none,{},delay_stop_target
mnq_30min_none_sm1p25_tm3p00_d0,MNQ,30min,1min,dynamic_exit_atr_target_1p0_ts2_vq0p95_bf0p5_ra1p2,1.25,3.0,0,none,{},stop_target_recalibration
mnq_30min_none_sm1p25_tm3p00_d5,MNQ,30min,1min,dynamic_exit_atr_target_1p0_ts2_vq0p95_bf0p5_ra1p2,1.25,3.0,5,none,{},delay_stop_target
mnq_30min_none_sm1p25_tm3p00_d15,MNQ,30min,1min,dynamic_exit_atr_target_1p0_ts2_vq0p95_bf0p5_ra1p2,1.25,3.0,15,none,{},delay_stop_target
mnq_30min_none_sm1p25_tm3p00_d30,MNQ,30min,1min,dynamic_exit_atr_target_1p0_ts2_vq0p95_bf0p5_ra1p2,1.25,3.0,30,none,{},delay_stop_target
mnq_30min_none_sm1p50_tm1p50_d0,MNQ,30min,1min,dynamic_exit_atr_target_1p0_ts2_vq0p95_bf0p5_ra1p2,1.5,1.5,0,none,{},stop_target_recalibration
mnq_30min_none_sm1p50_tm1p50_d5,MNQ,30min,1min,dynamic_exit_atr_target_1p0_ts2_vq0p95_bf0p5_ra1p2,1.5,1.5,5,none,{},delay_stop_target
mnq_30min_none_sm1p50_tm1p50_d15,MNQ,30min,1min,dynamic_exit_atr_target_1p0_ts2_vq0p95_bf0p5_ra1p2,1.5,1.5,15,none,{},delay_stop_target
mnq_30min_none_sm1p50_tm1p50_d30,MNQ,30min,1min,dynamic_exit_atr_target_1p0_ts2_vq0p95_bf0p5_ra1p2,1.5,1.5,30,none,{},delay_stop_target
mnq_30min_none_sm1p50_tm2p00_d0,MNQ,30min,1min,dynamic_exit_atr_target_1p0_ts2_vq0p95_bf0p5_ra1p2,1.5,2.0,0,none,{},stop_target_recalibration
mnq_30min_none_sm1p50_tm2p00_d5,MNQ,30min,1min,dynamic_exit_atr_target_1p0_ts2_vq0p95_bf0p5_ra1p2,1.5,2.0,5,none,{},delay_stop_target
mnq_30min_none_sm1p50_tm2p00_d15,MNQ,30min,1min,dynamic_exit_atr_target_1p0_ts2_vq0p95_bf0p5_ra1p2,1.5,2.0,15,none,{},delay_stop_target
mnq_30min_none_sm1p50_tm2p00_d30,MNQ,30min,1min,dynamic_exit_atr_target_1p0_ts2_vq0p95_bf0p5_ra1p2,1.5,2.0,30,none,{},delay_stop_target
mnq_30min_none_sm1p50_tm2p50_d0,MNQ,30min,1min,dynamic_exit_atr_target_1p0_ts2_vq0p95_bf0p5_ra1p2,1.5,2.5,0,none,{},stop_target_recalibration
mnq_30min_none_sm1p50_tm2p50_d5,MNQ,30min,1min,dynamic_exit_atr_target_1p0_ts2_vq0p95_bf0p5_ra1p2,1.5,2.5,5,none,{},delay_stop_target
mnq_30min_none_sm1p50_tm2p50_d15,MNQ,30min,1min,dynamic_exit_atr_target_1p0_ts2_vq0p95_bf0p5_ra1p2,1.5,2.5,15,none,{},delay_stop_target
mnq_30min_none_sm1p50_tm2p50_d30,MNQ,30min,1min,dynamic_exit_atr_target_1p0_ts2_vq0p95_bf0p5_ra1p2,1.5,2.5,30,none,{},delay_stop_target
mnq_30min_none_sm1p50_tm3p00_d0,MNQ,30min,1min,dynamic_exit_atr_target_1p0_ts2_vq0p95_bf0p5_ra1p2,1.5,3.0,0,none,{},stop_target_recalibration
mnq_30min_none_sm1p50_tm3p00_d5,MNQ,30min,1min,dynamic_exit_atr_target_1p0_ts2_vq0p95_bf0p5_ra1p2,1.5,3.0,5,none,{},delay_stop_target
mnq_30min_none_sm1p50_tm3p00_d15,MNQ,30min,1min,dynamic_exit_atr_target_1p0_ts2_vq0p95_bf0p5_ra1p2,1.5,3.0,15,none,{},delay_stop_target
mnq_30min_none_sm1p50_tm3p00_d30,MNQ,30min,1min,dynamic_exit_atr_target_1p0_ts2_vq0p95_bf0p5_ra1p2,1.5,3.0,30,none,{},delay_stop_target
mnq_30min_require_no_stop_zone_touch_before_entry_sm0p75_tm2p00_d5_sz0p50,MNQ,30min,1min,dynamic_exit_atr_target_1p0_ts2_vq0p95_bf0p5_ra1p2,0.75,2.0,5,require_no_stop_zone_touch_before_entry,"{""stop_zone_fraction"": 0.5}",delay_stop_zone_filter
mnq_30min_require_no_stop_zone_touch_before_entry_sm0p75_tm2p00_d5_sz0p75,MNQ,30min,1min,dynamic_exit_atr_target_1p0_ts2_vq0p95_bf0p5_ra1p2,0.75,2.0,5,require_no_stop_zone_touch_before_entry,"{""stop_zone_fraction"": 0.75}",delay_stop_zone_filter
mnq_30min_require_no_stop_zone_touch_before_entry_sm0p75_tm2p00_d5_sz1p00,MNQ,30min,1min,dynamic_exit_atr_target_1p0_ts2_vq0p95_bf0p5_ra1p2,0.75,2.0,5,require_no_stop_zone_touch_before_entry,"{""stop_zone_fraction"": 1.0}",delay_stop_zone_filter
mnq_30min_avoid_immediate_adverse_move_sm0p75_tm2p00_d5_aw5_mt8,MNQ,30min,1min,dynamic_exit_atr_target_1p0_ts2_vq0p95_bf0p5_ra1p2,0.75,2.0,5,avoid_immediate_adverse_move,"{""adverse_window_minutes"": 5, ""max_adverse_ticks"": 8}",delay_adverse_filter
mnq_30min_avoid_immediate_adverse_move_sm0p75_tm2p00_d5_aw5_mt12,MNQ,30min,1min,dynamic_exit_atr_target_1p0_ts2_vq0p95_bf0p5_ra1p2,0.75,2.0,5,avoid_immediate_adverse_move,"{""adverse_window_minutes"": 5, ""max_adverse_ticks"": 12}",delay_adverse_filter
mnq_30min_avoid_immediate_adverse_move_sm0p75_tm2p00_d5_aw5_mt16,MNQ,30min,1min,dynamic_exit_atr_target_1p0_ts2_vq0p95_bf0p5_ra1p2,0.75,2.0,5,avoid_immediate_adverse_move,"{""adverse_window_minutes"": 5, ""max_adverse_ticks"": 16}",delay_adverse_filter
mnq_30min_require_no_stop_zone_touch_before_entry_sm0p75_tm2p00_d15_sz0p50,MNQ,30min,1min,dynamic_exit_atr_target_1p0_ts2_vq0p95_bf0p5_ra1p2,0.75,2.0,15,require_no_stop_zone_touch_before_entry,"{""stop_zone_fraction"": 0.5}",delay_stop_zone_filter
mnq_30min_require_no_stop_zone_touch_before_entry_sm0p75_tm2p00_d15_sz0p75,MNQ,30min,1min,dynamic_exit_atr_target_1p0_ts2_vq0p95_bf0p5_ra1p2,0.75,2.0,15,require_no_stop_zone_touch_before_entry,"{""stop_zone_fraction"": 0.75}",delay_stop_zone_filter
mnq_30min_require_no_stop_zone_touch_before_entry_sm0p75_tm2p00_d15_sz1p00,MNQ,30min,1min,dynamic_exit_atr_target_1p0_ts2_vq0p95_bf0p5_ra1p2,0.75,2.0,15,require_no_stop_zone_touch_before_entry,"{""stop_zone_fraction"": 1.0}",delay_stop_zone_filter
mnq_30min_avoid_immediate_adverse_move_sm0p75_tm2p00_d15_aw5_mt8,MNQ,30min,1min,dynamic_exit_atr_target_1p0_ts2_vq0p95_bf0p5_ra1p2,0.75,2.0,15,avoid_immediate_adverse_move,"{""adverse_window_minutes"": 5, ""max_adverse_ticks"": 8}",delay_adverse_filter
mnq_30min_avoid_immediate_adverse_move_sm0p75_tm2p00_d15_aw5_mt12,MNQ,30min,1min,dynamic_exit_atr_target_1p0_ts2_vq0p95_bf0p5_ra1p2,0.75,2.0,15,avoid_immediate_adverse_move,"{""adverse_window_minutes"": 5, ""max_adverse_ticks"": 12}",delay_adverse_filter
mnq_30min_avoid_immediate_adverse_move_sm0p75_tm2p00_d15_aw5_mt16,MNQ,30min,1min,dynamic_exit_atr_target_1p0_ts2_vq0p95_bf0p5_ra1p2,0.75,2.0,15,avoid_immediate_adverse_move,"{""adverse_window_minutes"": 5, ""max_adverse_ticks"": 16}",delay_adverse_filter
mnq_30min_avoid_immediate_adverse_move_sm0p75_tm2p00_d15_aw10_mt8,MNQ,30min,1min,dynamic_exit_atr_target_1p0_ts2_vq0p95_bf0p5_ra1p2,0.75,2.0,15,avoid_immediate_adverse_move,"{""adverse_window_minutes"": 10, ""max_adverse_ticks"": 8}",delay_adverse_filter
mnq_30min_avoid_immediate_adverse_move_sm0p75_tm2p00_d15_aw10_mt12,MNQ,30min,1min,dynamic_exit_atr_target_1p0_ts2_vq0p95_bf0p5_ra1p2,0.75,2.0,15,avoid_immediate_adverse_move,"{""adverse_window_minutes"": 10, ""max_adverse_ticks"": 12}",delay_adverse_filter
mnq_30min_avoid_immediate_adverse_move_sm0p75_tm2p00_d15_aw10_mt16,MNQ,30min,1min,dynamic_exit_atr_target_1p0_ts2_vq0p95_bf0p5_ra1p2,0.75,2.0,15,avoid_immediate_adverse_move,"{""adverse_window_minutes"": 10, ""max_adverse_ticks"": 16}",delay_adverse_filter
mnq_30min_require_no_stop_zone_touch_before_entry_sm0p75_tm2p00_d30_sz0p50,MNQ,30min,1min,dynamic_exit_atr_target_1p0_ts2_vq0p95_bf0p5_ra1p2,0.75,2.0,30,require_no_stop_zone_touch_before_entry,"{""stop_zone_fraction"": 0.5}",delay_stop_zone_filter
mnq_30min_require_no_stop_zone_touch_before_entry_sm0p75_tm2p00_d30_sz0p75,MNQ,30min,1min,dynamic_exit_atr_target_1p0_ts2_vq0p95_bf0p5_ra1p2,0.75,2.0,30,require_no_stop_zone_touch_before_entry,"{""stop_zone_fraction"": 0.75}",delay_stop_zone_filter
mnq_30min_require_no_stop_zone_touch_before_entry_sm0p75_tm2p00_d30_sz1p00,MNQ,30min,1min,dynamic_exit_atr_target_1p0_ts2_vq0p95_bf0p5_ra1p2,0.75,2.0,30,require_no_stop_zone_touch_before_entry,"{""stop_zone_fraction"": 1.0}",delay_stop_zone_filter
mnq_30min_avoid_immediate_adverse_move_sm0p75_tm2p00_d30_aw5_mt8,MNQ,30min,1min,dynamic_exit_atr_target_1p0_ts2_vq0p95_bf0p5_ra1p2,0.75,2.0,30,avoid_immediate_adverse_move,"{""adverse_window_minutes"": 5, ""max_adverse_ticks"": 8}",delay_adverse_filter
mnq_30min_avoid_immediate_adverse_move_sm0p75_tm2p00_d30_aw5_mt12,MNQ,30min,1min,dynamic_exit_atr_target_1p0_ts2_vq0p95_bf0p5_ra1p2,0.75,2.0,30,avoid_immediate_adverse_move,"{""adverse_window_minutes"": 5, ""max_adverse_ticks"": 12}",delay_adverse_filter
mnq_30min_avoid_immediate_adverse_move_sm0p75_tm2p00_d30_aw5_mt16,MNQ,30min,1min,dynamic_exit_atr_target_1p0_ts2_vq0p95_bf0p5_ra1p2,0.75,2.0,30,avoid_immediate_adverse_move,"{""adverse_window_minutes"": 5, ""max_adverse_ticks"": 16}",delay_adverse_filter
mnq_30min_avoid_immediate_adverse_move_sm0p75_tm2p00_d30_aw10_mt8,MNQ,30min,1min,dynamic_exit_atr_target_1p0_ts2_vq0p95_bf0p5_ra1p2,0.75,2.0,30,avoid_immediate_adverse_move,"{""adverse_window_minutes"": 10, ""max_adverse_ticks"": 8}",delay_adverse_filter
mnq_30min_avoid_immediate_adverse_move_sm0p75_tm2p00_d30_aw10_mt12,MNQ,30min,1min,dynamic_exit_atr_target_1p0_ts2_vq0p95_bf0p5_ra1p2,0.75,2.0,30,avoid_immediate_adverse_move,"{""adverse_window_minutes"": 10, ""max_adverse_ticks"": 12}",delay_adverse_filter
mnq_30min_avoid_immediate_adverse_move_sm0p75_tm2p00_d30_aw10_mt16,MNQ,30min,1min,dynamic_exit_atr_target_1p0_ts2_vq0p95_bf0p5_ra1p2,0.75,2.0,30,avoid_immediate_adverse_move,"{""adverse_window_minutes"": 10, ""max_adverse_ticks"": 16}",delay_adverse_filter
mnq_30min_require_no_stop_zone_touch_before_entry_sm0p75_tm2p50_d5_sz0p50,MNQ,30min,1min,dynamic_exit_atr_target_1p0_ts2_vq0p95_bf0p5_ra1p2,0.75,2.5,5,require_no_stop_zone_touch_before_entry,"{""stop_zone_fraction"": 0.5}",delay_stop_zone_filter
mnq_30min_require_no_stop_zone_touch_before_entry_sm0p75_tm2p50_d5_sz0p75,MNQ,30min,1min,dynamic_exit_atr_target_1p0_ts2_vq0p95_bf0p5_ra1p2,0.75,2.5,5,require_no_stop_zone_touch_before_entry,"{""stop_zone_fraction"": 0.75}",delay_stop_zone_filter
mnq_30min_require_no_stop_zone_touch_before_entry_sm0p75_tm2p50_d5_sz1p00,MNQ,30min,1min,dynamic_exit_atr_target_1p0_ts2_vq0p95_bf0p5_ra1p2,0.75,2.5,5,require_no_stop_zone_touch_before_entry,"{""stop_zone_fraction"": 1.0}",delay_stop_zone_filter
mnq_30min_avoid_immediate_adverse_move_sm0p75_tm2p50_d5_aw5_mt8,MNQ,30min,1min,dynamic_exit_atr_target_1p0_ts2_vq0p95_bf0p5_ra1p2,0.75,2.5,5,avoid_immediate_adverse_move,"{""adverse_window_minutes"": 5, ""max_adverse_ticks"": 8}",delay_adverse_filter
mnq_30min_avoid_immediate_adverse_move_sm0p75_tm2p50_d5_aw5_mt12,MNQ,30min,1min,dynamic_exit_atr_target_1p0_ts2_vq0p95_bf0p5_ra1p2,0.75,2.5,5,avoid_immediate_adverse_move,"{""adverse_window_minutes"": 5, ""max_adverse_ticks"": 12}",delay_adverse_filter
mnq_30min_avoid_immediate_adverse_move_sm0p75_tm2p50_d5_aw5_mt16,MNQ,30min,1min,dynamic_exit_atr_target_1p0_ts2_vq0p95_bf0p5_ra1p2,0.75,2.5,5,avoid_immediate_adverse_move,"{""adverse_window_minutes"": 5, ""max_adverse_ticks"": 16}",delay_adverse_filter
mnq_30min_require_no_stop_zone_touch_before_entry_sm0p75_tm2p50_d15_sz0p50,MNQ,30min,1min,dynamic_exit_atr_target_1p0_ts2_vq0p95_bf0p5_ra1p2,0.75,2.5,15,require_no_stop_zone_touch_before_entry,"{""stop_zone_fraction"": 0.5}",delay_stop_zone_filter
mnq_30min_require_no_stop_zone_touch_before_entry_sm0p75_tm2p50_d15_sz0p75,MNQ,30min,1min,dynamic_exit_atr_target_1p0_ts2_vq0p95_bf0p5_ra1p2,0.75,2.5,15,require_no_stop_zone_touch_before_entry,"{""stop_zone_fraction"": 0.75}",delay_stop_zone_filter
mnq_30min_require_no_stop_zone_touch_before_entry_sm0p75_tm2p50_d15_sz1p00,MNQ,30min,1min,dynamic_exit_atr_target_1p0_ts2_vq0p95_bf0p5_ra1p2,0.75,2.5,15,require_no_stop_zone_touch_before_entry,"{""stop_zone_fraction"": 1.0}",delay_stop_zone_filter
mnq_30min_avoid_immediate_adverse_move_sm0p75_tm2p50_d15_aw5_mt8,MNQ,30min,1min,dynamic_exit_atr_target_1p0_ts2_vq0p95_bf0p5_ra1p2,0.75,2.5,15,avoid_immediate_adverse_move,"{""adverse_window_minutes"": 5, ""max_adverse_ticks"": 8}",delay_adverse_filter
mnq_30min_avoid_immediate_adverse_move_sm0p75_tm2p50_d15_aw5_mt12,MNQ,30min,1min,dynamic_exit_atr_target_1p0_ts2_vq0p95_bf0p5_ra1p2,0.75,2.5,15,avoid_immediate_adverse_move,"{""adverse_window_minutes"": 5, ""max_adverse_ticks"": 12}",delay_adverse_filter
mnq_30min_avoid_immediate_adverse_move_sm0p75_tm2p50_d15_aw5_mt16,MNQ,30min,1min,dynamic_exit_atr_target_1p0_ts2_vq0p95_bf0p5_ra1p2,0.75,2.5,15,avoid_immediate_adverse_move,"{""adverse_window_minutes"": 5, ""max_adverse_ticks"": 16}",delay_adverse_filter
mnq_30min_avoid_immediate_adverse_move_sm0p75_tm2p50_d15_aw10_mt8,MNQ,30min,1min,dynamic_exit_atr_target_1p0_ts2_vq0p95_bf0p5_ra1p2,0.75,2.5,15,avoid_immediate_adverse_move,"{""adverse_window_minutes"": 10, ""max_adverse_ticks"": 8}",delay_adverse_filter
mnq_30min_avoid_immediate_adverse_move_sm0p75_tm2p50_d15_aw10_mt12,MNQ,30min,1min,dynamic_exit_atr_target_1p0_ts2_vq0p95_bf0p5_ra1p2,0.75,2.5,15,avoid_immediate_adverse_move,"{""adverse_window_minutes"": 10, ""max_adverse_ticks"": 12}",delay_adverse_filter
mnq_30min_avoid_immediate_adverse_move_sm0p75_tm2p50_d15_aw10_mt16,MNQ,30min,1min,dynamic_exit_atr_target_1p0_ts2_vq0p95_bf0p5_ra1p2,0.75,2.5,15,avoid_immediate_adverse_move,"{""adverse_window_minutes"": 10, ""max_adverse_ticks"": 16}",delay_adverse_filter
mnq_30min_require_no_stop_zone_touch_before_entry_sm0p75_tm2p50_d30_sz0p50,MNQ,30min,1min,dynamic_exit_atr_target_1p0_ts2_vq0p95_bf0p5_ra1p2,0.75,2.5,30,require_no_stop_zone_touch_before_entry,"{""stop_zone_fraction"": 0.5}",delay_stop_zone_filter
mnq_30min_require_no_stop_zone_touch_before_entry_sm0p75_tm2p50_d30_sz0p75,MNQ,30min,1min,dynamic_exit_atr_target_1p0_ts2_vq0p95_bf0p5_ra1p2,0.75,2.5,30,require_no_stop_zone_touch_before_entry,"{""stop_zone_fraction"": 0.75}",delay_stop_zone_filter
mnq_30min_require_no_stop_zone_touch_before_entry_sm0p75_tm2p50_d30_sz1p00,MNQ,30min,1min,dynamic_exit_atr_target_1p0_ts2_vq0p95_bf0p5_ra1p2,0.75,2.5,30,require_no_stop_zone_touch_before_entry,"{""stop_zone_fraction"": 1.0}",delay_stop_zone_filter
mnq_30min_avoid_immediate_adverse_move_sm0p75_tm2p50_d30_aw5_mt8,MNQ,30min,1min,dynamic_exit_atr_target_1p0_ts2_vq0p95_bf0p5_ra1p2,0.75,2.5,30,avoid_immediate_adverse_move,"{""adverse_window_minutes"": 5, ""max_adverse_ticks"": 8}",delay_adverse_filter
mnq_30min_avoid_immediate_adverse_move_sm0p75_tm2p50_d30_aw5_mt12,MNQ,30min,1min,dynamic_exit_atr_target_1p0_ts2_vq0p95_bf0p5_ra1p2,0.75,2.5,30,avoid_immediate_adverse_move,"{""adverse_window_minutes"": 5, ""max_adverse_ticks"": 12}",delay_adverse_filter
mnq_30min_avoid_immediate_adverse_move_sm0p75_tm2p50_d30_aw5_mt16,MNQ,30min,1min,dynamic_exit_atr_target_1p0_ts2_vq0p95_bf0p5_ra1p2,0.75,2.5,30,avoid_immediate_adverse_move,"{""adverse_window_minutes"": 5, ""max_adverse_ticks"": 16}",delay_adverse_filter
mnq_30min_avoid_immediate_adverse_move_sm0p75_tm2p50_d30_aw10_mt8,MNQ,30min,1min,dynamic_exit_atr_target_1p0_ts2_vq0p95_bf0p5_ra1p2,0.75,2.5,30,avoid_immediate_adverse_move,"{""adverse_window_minutes"": 10, ""max_adverse_ticks"": 8}",delay_adverse_filter
mnq_30min_avoid_immediate_adverse_move_sm0p75_tm2p50_d30_aw10_mt12,MNQ,30min,1min,dynamic_exit_atr_target_1p0_ts2_vq0p95_bf0p5_ra1p2,0.75,2.5,30,avoid_immediate_adverse_move,"{""adverse_window_minutes"": 10, ""max_adverse_ticks"": 12}",delay_adverse_filter
mnq_30min_avoid_immediate_adverse_move_sm0p75_tm2p50_d30_aw10_mt16,MNQ,30min,1min,dynamic_exit_atr_target_1p0_ts2_vq0p95_bf0p5_ra1p2,0.75,2.5,30,avoid_immediate_adverse_move,"{""adverse_window_minutes"": 10, ""max_adverse_ticks"": 16}",delay_adverse_filter
mnq_30min_require_no_stop_zone_touch_before_entry_sm0p75_tm3p00_d5_sz0p50,MNQ,30min,1min,dynamic_exit_atr_target_1p0_ts2_vq0p95_bf0p5_ra1p2,0.75,3.0,5,require_no_stop_zone_touch_before_entry,"{""stop_zone_fraction"": 0.5}",delay_stop_zone_filter
mnq_30min_require_no_stop_zone_touch_before_entry_sm0p75_tm3p00_d5_sz0p75,MNQ,30min,1min,dynamic_exit_atr_target_1p0_ts2_vq0p95_bf0p5_ra1p2,0.75,3.0,5,require_no_stop_zone_touch_before_entry,"{""stop_zone_fraction"": 0.75}",delay_stop_zone_filter
mnq_30min_require_no_stop_zone_touch_before_entry_sm0p75_tm3p00_d5_sz1p00,MNQ,30min,1min,dynamic_exit_atr_target_1p0_ts2_vq0p95_bf0p5_ra1p2,0.75,3.0,5,require_no_stop_zone_touch_before_entry,"{""stop_zone_fraction"": 1.0}",delay_stop_zone_filter
mnq_30min_avoid_immediate_adverse_move_sm0p75_tm3p00_d5_aw5_mt8,MNQ,30min,1min,dynamic_exit_atr_target_1p0_ts2_vq0p95_bf0p5_ra1p2,0.75,3.0,5,avoid_immediate_adverse_move,"{""adverse_window_minutes"": 5, ""max_adverse_ticks"": 8}",delay_adverse_filter
mnq_30min_avoid_immediate_adverse_move_sm0p75_tm3p00_d5_aw5_mt12,MNQ,30min,1min,dynamic_exit_atr_target_1p0_ts2_vq0p95_bf0p5_ra1p2,0.75,3.0,5,avoid_immediate_adverse_move,"{""adverse_window_minutes"": 5, ""max_adverse_ticks"": 12}",delay_adverse_filter
mnq_30min_avoid_immediate_adverse_move_sm0p75_tm3p00_d5_aw5_mt16,MNQ,30min,1min,dynamic_exit_atr_target_1p0_ts2_vq0p95_bf0p5_ra1p2,0.75,3.0,5,avoid_immediate_adverse_move,"{""adverse_window_minutes"": 5, ""max_adverse_ticks"": 16}",delay_adverse_filter
mnq_30min_require_no_stop_zone_touch_before_entry_sm0p75_tm3p00_d15_sz0p50,MNQ,30min,1min,dynamic_exit_atr_target_1p0_ts2_vq0p95_bf0p5_ra1p2,0.75,3.0,15,require_no_stop_zone_touch_before_entry,"{""stop_zone_fraction"": 0.5}",delay_stop_zone_filter
mnq_30min_require_no_stop_zone_touch_before_entry_sm0p75_tm3p00_d15_sz0p75,MNQ,30min,1min,dynamic_exit_atr_target_1p0_ts2_vq0p95_bf0p5_ra1p2,0.75,3.0,15,require_no_stop_zone_touch_before_entry,"{""stop_zone_fraction"": 0.75}",delay_stop_zone_filter
mnq_30min_require_no_stop_zone_touch_before_entry_sm0p75_tm3p00_d15_sz1p00,MNQ,30min,1min,dynamic_exit_atr_target_1p0_ts2_vq0p95_bf0p5_ra1p2,0.75,3.0,15,require_no_stop_zone_touch_before_entry,"{""stop_zone_fraction"": 1.0}",delay_stop_zone_filter
mnq_30min_avoid_immediate_adverse_move_sm0p75_tm3p00_d15_aw5_mt8,MNQ,30min,1min,dynamic_exit_atr_target_1p0_ts2_vq0p95_bf0p5_ra1p2,0.75,3.0,15,avoid_immediate_adverse_move,"{""adverse_window_minutes"": 5, ""max_adverse_ticks"": 8}",delay_adverse_filter
mnq_30min_avoid_immediate_adverse_move_sm0p75_tm3p00_d15_aw5_mt12,MNQ,30min,1min,dynamic_exit_atr_target_1p0_ts2_vq0p95_bf0p5_ra1p2,0.75,3.0,15,avoid_immediate_adverse_move,"{""adverse_window_minutes"": 5, ""max_adverse_ticks"": 12}",delay_adverse_filter
mnq_30min_avoid_immediate_adverse_move_sm0p75_tm3p00_d15_aw5_mt16,MNQ,30min,1min,dynamic_exit_atr_target_1p0_ts2_vq0p95_bf0p5_ra1p2,0.75,3.0,15,avoid_immediate_adverse_move,"{""adverse_window_minutes"": 5, ""max_adverse_ticks"": 16}",delay_adverse_filter
mnq_30min_avoid_immediate_adverse_move_sm0p75_tm3p00_d15_aw10_mt8,MNQ,30min,1min,dynamic_exit_atr_target_1p0_ts2_vq0p95_bf0p5_ra1p2,0.75,3.0,15,avoid_immediate_adverse_move,"{""adverse_window_minutes"": 10, ""max_adverse_ticks"": 8}",delay_adverse_filter
mnq_30min_avoid_immediate_adverse_move_sm0p75_tm3p00_d15_aw10_mt12,MNQ,30min,1min,dynamic_exit_atr_target_1p0_ts2_vq0p95_bf0p5_ra1p2,0.75,3.0,15,avoid_immediate_adverse_move,"{""adverse_window_minutes"": 10, ""max_adverse_ticks"": 12}",delay_adverse_filter
mnq_30min_avoid_immediate_adverse_move_sm0p75_tm3p00_d15_aw10_mt16,MNQ,30min,1min,dynamic_exit_atr_target_1p0_ts2_vq0p95_bf0p5_ra1p2,0.75,3.0,15,avoid_immediate_adverse_move,"{""adverse_window_minutes"": 10, ""max_adverse_ticks"": 16}",delay_adverse_filter
mnq_30min_require_no_stop_zone_touch_before_entry_sm0p75_tm3p00_d30_sz0p50,MNQ,30min,1min,dynamic_exit_atr_target_1p0_ts2_vq0p95_bf0p5_ra1p2,0.75,3.0,30,require_no_stop_zone_touch_before_entry,"{""stop_zone_fraction"": 0.5}",delay_stop_zone_filter
mnq_30min_require_no_stop_zone_touch_before_entry_sm0p75_tm3p00_d30_sz0p75,MNQ,30min,1min,dynamic_exit_atr_target_1p0_ts2_vq0p95_bf0p5_ra1p2,0.75,3.0,30,require_no_stop_zone_touch_before_entry,"{""stop_zone_fraction"": 0.75}",delay_stop_zone_filter
mnq_30min_require_no_stop_zone_touch_before_entry_sm0p75_tm3p00_d30_sz1p00,MNQ,30min,1min,dynamic_exit_atr_target_1p0_ts2_vq0p95_bf0p5_ra1p2,0.75,3.0,30,require_no_stop_zone_touch_before_entry,"{""stop_zone_fraction"": 1.0}",delay_stop_zone_filter
mnq_30min_avoid_immediate_adverse_move_sm0p75_tm3p00_d30_aw5_mt8,MNQ,30min,1min,dynamic_exit_atr_target_1p0_ts2_vq0p95_bf0p5_ra1p2,0.75,3.0,30,avoid_immediate_adverse_move,"{""adverse_window_minutes"": 5, ""max_adverse_ticks"": 8}",delay_adverse_filter
mnq_30min_avoid_immediate_adverse_move_sm0p75_tm3p00_d30_aw5_mt12,MNQ,30min,1min,dynamic_exit_atr_target_1p0_ts2_vq0p95_bf0p5_ra1p2,0.75,3.0,30,avoid_immediate_adverse_move,"{""adverse_window_minutes"": 5, ""max_adverse_ticks"": 12}",delay_adverse_filter
mnq_30min_avoid_immediate_adverse_move_sm0p75_tm3p00_d30_aw5_mt16,MNQ,30min,1min,dynamic_exit_atr_target_1p0_ts2_vq0p95_bf0p5_ra1p2,0.75,3.0,30,avoid_immediate_adverse_move,"{""adverse_window_minutes"": 5, ""max_adverse_ticks"": 16}",delay_adverse_filter
mnq_30min_avoid_immediate_adverse_move_sm0p75_tm3p00_d30_aw10_mt8,MNQ,30min,1min,dynamic_exit_atr_target_1p0_ts2_vq0p95_bf0p5_ra1p2,0.75,3.0,30,avoid_immediate_adverse_move,"{""adverse_window_minutes"": 10, ""max_adverse_ticks"": 8}",delay_adverse_filter
mnq_30min_avoid_immediate_adverse_move_sm0p75_tm3p00_d30_aw10_mt12,MNQ,30min,1min,dynamic_exit_atr_target_1p0_ts2_vq0p95_bf0p5_ra1p2,0.75,3.0,30,avoid_immediate_adverse_move,"{""adverse_window_minutes"": 10, ""max_adverse_ticks"": 12}",delay_adverse_filter
mnq_30min_avoid_immediate_adverse_move_sm0p75_tm3p00_d30_aw10_mt16,MNQ,30min,1min,dynamic_exit_atr_target_1p0_ts2_vq0p95_bf0p5_ra1p2,0.75,3.0,30,avoid_immediate_adverse_move,"{""adverse_window_minutes"": 10, ""max_adverse_ticks"": 16}",delay_adverse_filter
mnq_30min_require_no_stop_zone_touch_before_entry_sm1p00_tm2p00_d5_sz0p50,MNQ,30min,1min,dynamic_exit_atr_target_1p0_ts2_vq0p95_bf0p5_ra1p2,1.0,2.0,5,require_no_stop_zone_touch_before_entry,"{""stop_zone_fraction"": 0.5}",delay_stop_zone_filter
mnq_30min_require_no_stop_zone_touch_before_entry_sm1p00_tm2p00_d5_sz0p75,MNQ,30min,1min,dynamic_exit_atr_target_1p0_ts2_vq0p95_bf0p5_ra1p2,1.0,2.0,5,require_no_stop_zone_touch_before_entry,"{""stop_zone_fraction"": 0.75}",delay_stop_zone_filter
mnq_30min_require_no_stop_zone_touch_before_entry_sm1p00_tm2p00_d5_sz1p00,MNQ,30min,1min,dynamic_exit_atr_target_1p0_ts2_vq0p95_bf0p5_ra1p2,1.0,2.0,5,require_no_stop_zone_touch_before_entry,"{""stop_zone_fraction"": 1.0}",delay_stop_zone_filter
mnq_30min_avoid_immediate_adverse_move_sm1p00_tm2p00_d5_aw5_mt8,MNQ,30min,1min,dynamic_exit_atr_target_1p0_ts2_vq0p95_bf0p5_ra1p2,1.0,2.0,5,avoid_immediate_adverse_move,"{""adverse_window_minutes"": 5, ""max_adverse_ticks"": 8}",delay_adverse_filter
mnq_30min_avoid_immediate_adverse_move_sm1p00_tm2p00_d5_aw5_mt12,MNQ,30min,1min,dynamic_exit_atr_target_1p0_ts2_vq0p95_bf0p5_ra1p2,1.0,2.0,5,avoid_immediate_adverse_move,"{""adverse_window_minutes"": 5, ""max_adverse_ticks"": 12}",delay_adverse_filter
mnq_30min_avoid_immediate_adverse_move_sm1p00_tm2p00_d5_aw5_mt16,MNQ,30min,1min,dynamic_exit_atr_target_1p0_ts2_vq0p95_bf0p5_ra1p2,1.0,2.0,5,avoid_immediate_adverse_move,"{""adverse_window_minutes"": 5, ""max_adverse_ticks"": 16}",delay_adverse_filter
mnq_30min_require_no_stop_zone_touch_before_entry_sm1p00_tm2p00_d15_sz0p50,MNQ,30min,1min,dynamic_exit_atr_target_1p0_ts2_vq0p95_bf0p5_ra1p2,1.0,2.0,15,require_no_stop_zone_touch_before_entry,"{""stop_zone_fraction"": 0.5}",delay_stop_zone_filter
mnq_30min_require_no_stop_zone_touch_before_entry_sm1p00_tm2p00_d15_sz0p75,MNQ,30min,1min,dynamic_exit_atr_target_1p0_ts2_vq0p95_bf0p5_ra1p2,1.0,2.0,15,require_no_stop_zone_touch_before_entry,"{""stop_zone_fraction"": 0.75}",delay_stop_zone_filter
mnq_30min_require_no_stop_zone_touch_before_entry_sm1p00_tm2p00_d15_sz1p00,MNQ,30min,1min,dynamic_exit_atr_target_1p0_ts2_vq0p95_bf0p5_ra1p2,1.0,2.0,15,require_no_stop_zone_touch_before_entry,"{""stop_zone_fraction"": 1.0}",delay_stop_zone_filter
mnq_30min_avoid_immediate_adverse_move_sm1p00_tm2p00_d15_aw5_mt8,MNQ,30min,1min,dynamic_exit_atr_target_1p0_ts2_vq0p95_bf0p5_ra1p2,1.0,2.0,15,avoid_immediate_adverse_move,"{""adverse_window_minutes"": 5, ""max_adverse_ticks"": 8}",delay_adverse_filter
mnq_30min_avoid_immediate_adverse_move_sm1p00_tm2p00_d15_aw5_mt12,MNQ,30min,1min,dynamic_exit_atr_target_1p0_ts2_vq0p95_bf0p5_ra1p2,1.0,2.0,15,avoid_immediate_adverse_move,"{""adverse_window_minutes"": 5, ""max_adverse_ticks"": 12}",delay_adverse_filter
mnq_30min_avoid_immediate_adverse_move_sm1p00_tm2p00_d15_aw5_mt16,MNQ,30min,1min,dynamic_exit_atr_target_1p0_ts2_vq0p95_bf0p5_ra1p2,1.0,2.0,15,avoid_immediate_adverse_move,"{""adverse_window_minutes"": 5, ""max_adverse_ticks"": 16}",delay_adverse_filter
mnq_30min_avoid_immediate_adverse_move_sm1p00_tm2p00_d15_aw10_mt8,MNQ,30min,1min,dynamic_exit_atr_target_1p0_ts2_vq0p95_bf0p5_ra1p2,1.0,2.0,15,avoid_immediate_adverse_move,"{""adverse_window_minutes"": 10, ""max_adverse_ticks"": 8}",delay_adverse_filter
mnq_30min_avoid_immediate_adverse_move_sm1p00_tm2p00_d15_aw10_mt12,MNQ,30min,1min,dynamic_exit_atr_target_1p0_ts2_vq0p95_bf0p5_ra1p2,1.0,2.0,15,avoid_immediate_adverse_move,"{""adverse_window_minutes"": 10, ""max_adverse_ticks"": 12}",delay_adverse_filter
mnq_30min_avoid_immediate_adverse_move_sm1p00_tm2p00_d15_aw10_mt16,MNQ,30min,1min,dynamic_exit_atr_target_1p0_ts2_vq0p95_bf0p5_ra1p2,1.0,2.0,15,avoid_immediate_adverse_move,"{""adverse_window_minutes"": 10, ""max_adverse_ticks"": 16}",delay_adverse_filter
mnq_30min_require_no_stop_zone_touch_before_entry_sm1p00_tm2p00_d30_sz0p50,MNQ,30min,1min,dynamic_exit_atr_target_1p0_ts2_vq0p95_bf0p5_ra1p2,1.0,2.0,30,require_no_stop_zone_touch_before_entry,"{""stop_zone_fraction"": 0.5}",delay_stop_zone_filter
mnq_30min_require_no_stop_zone_touch_before_entry_sm1p00_tm2p00_d30_sz0p75,MNQ,30min,1min,dynamic_exit_atr_target_1p0_ts2_vq0p95_bf0p5_ra1p2,1.0,2.0,30,require_no_stop_zone_touch_before_entry,"{""stop_zone_fraction"": 0.75}",delay_stop_zone_filter
mnq_30min_require_no_stop_zone_touch_before_entry_sm1p00_tm2p00_d30_sz1p00,MNQ,30min,1min,dynamic_exit_atr_target_1p0_ts2_vq0p95_bf0p5_ra1p2,1.0,2.0,30,require_no_stop_zone_touch_before_entry,"{""stop_zone_fraction"": 1.0}",delay_stop_zone_filter
mnq_30min_avoid_immediate_adverse_move_sm1p00_tm2p00_d30_aw5_mt8,MNQ,30min,1min,dynamic_exit_atr_target_1p0_ts2_vq0p95_bf0p5_ra1p2,1.0,2.0,30,avoid_immediate_adverse_move,"{""adverse_window_minutes"": 5, ""max_adverse_ticks"": 8}",delay_adverse_filter
mnq_30min_avoid_immediate_adverse_move_sm1p00_tm2p00_d30_aw5_mt12,MNQ,30min,1min,dynamic_exit_atr_target_1p0_ts2_vq0p95_bf0p5_ra1p2,1.0,2.0,30,avoid_immediate_adverse_move,"{""adverse_window_minutes"": 5, ""max_adverse_ticks"": 12}",delay_adverse_filter
mnq_30min_avoid_immediate_adverse_move_sm1p00_tm2p00_d30_aw5_mt16,MNQ,30min,1min,dynamic_exit_atr_target_1p0_ts2_vq0p95_bf0p5_ra1p2,1.0,2.0,30,avoid_immediate_adverse_move,"{""adverse_window_minutes"": 5, ""max_adverse_ticks"": 16}",delay_adverse_filter
mnq_30min_avoid_immediate_adverse_move_sm1p00_tm2p00_d30_aw10_mt8,MNQ,30min,1min,dynamic_exit_atr_target_1p0_ts2_vq0p95_bf0p5_ra1p2,1.0,2.0,30,avoid_immediate_adverse_move,"{""adverse_window_minutes"": 10, ""max_adverse_ticks"": 8}",delay_adverse_filter
mnq_30min_avoid_immediate_adverse_move_sm1p00_tm2p00_d30_aw10_mt12,MNQ,30min,1min,dynamic_exit_atr_target_1p0_ts2_vq0p95_bf0p5_ra1p2,1.0,2.0,30,avoid_immediate_adverse_move,"{""adverse_window_minutes"": 10, ""max_adverse_ticks"": 12}",delay_adverse_filter
mnq_30min_avoid_immediate_adverse_move_sm1p00_tm2p00_d30_aw10_mt16,MNQ,30min,1min,dynamic_exit_atr_target_1p0_ts2_vq0p95_bf0p5_ra1p2,1.0,2.0,30,avoid_immediate_adverse_move,"{""adverse_window_minutes"": 10, ""max_adverse_ticks"": 16}",delay_adverse_filter
mnq_30min_require_no_stop_zone_touch_before_entry_sm1p00_tm2p50_d5_sz0p50,MNQ,30min,1min,dynamic_exit_atr_target_1p0_ts2_vq0p95_bf0p5_ra1p2,1.0,2.5,5,require_no_stop_zone_touch_before_entry,"{""stop_zone_fraction"": 0.5}",delay_stop_zone_filter
mnq_30min_require_no_stop_zone_touch_before_entry_sm1p00_tm2p50_d5_sz0p75,MNQ,30min,1min,dynamic_exit_atr_target_1p0_ts2_vq0p95_bf0p5_ra1p2,1.0,2.5,5,require_no_stop_zone_touch_before_entry,"{""stop_zone_fraction"": 0.75}",delay_stop_zone_filter
mnq_30min_require_no_stop_zone_touch_before_entry_sm1p00_tm2p50_d5_sz1p00,MNQ,30min,1min,dynamic_exit_atr_target_1p0_ts2_vq0p95_bf0p5_ra1p2,1.0,2.5,5,require_no_stop_zone_touch_before_entry,"{""stop_zone_fraction"": 1.0}",delay_stop_zone_filter
mnq_30min_avoid_immediate_adverse_move_sm1p00_tm2p50_d5_aw5_mt8,MNQ,30min,1min,dynamic_exit_atr_target_1p0_ts2_vq0p95_bf0p5_ra1p2,1.0,2.5,5,avoid_immediate_adverse_move,"{""adverse_window_minutes"": 5, ""max_adverse_ticks"": 8}",delay_adverse_filter
mnq_30min_avoid_immediate_adverse_move_sm1p00_tm2p50_d5_aw5_mt12,MNQ,30min,1min,dynamic_exit_atr_target_1p0_ts2_vq0p95_bf0p5_ra1p2,1.0,2.5,5,avoid_immediate_adverse_move,"{""adverse_window_minutes"": 5, ""max_adverse_ticks"": 12}",delay_adverse_filter
mnq_30min_avoid_immediate_adverse_move_sm1p00_tm2p50_d5_aw5_mt16,MNQ,30min,1min,dynamic_exit_atr_target_1p0_ts2_vq0p95_bf0p5_ra1p2,1.0,2.5,5,avoid_immediate_adverse_move,"{""adverse_window_minutes"": 5, ""max_adverse_ticks"": 16}",delay_adverse_filter
mnq_30min_require_no_stop_zone_touch_before_entry_sm1p00_tm2p50_d15_sz0p50,MNQ,30min,1min,dynamic_exit_atr_target_1p0_ts2_vq0p95_bf0p5_ra1p2,1.0,2.5,15,require_no_stop_zone_touch_before_entry,"{""stop_zone_fraction"": 0.5}",delay_stop_zone_filter
mnq_30min_require_no_stop_zone_touch_before_entry_sm1p00_tm2p50_d15_sz0p75,MNQ,30min,1min,dynamic_exit_atr_target_1p0_ts2_vq0p95_bf0p5_ra1p2,1.0,2.5,15,require_no_stop_zone_touch_before_entry,"{""stop_zone_fraction"": 0.75}",delay_stop_zone_filter
mnq_30min_require_no_stop_zone_touch_before_entry_sm1p00_tm2p50_d15_sz1p00,MNQ,30min,1min,dynamic_exit_atr_target_1p0_ts2_vq0p95_bf0p5_ra1p2,1.0,2.5,15,require_no_stop_zone_touch_before_entry,"{""stop_zone_fraction"": 1.0}",delay_stop_zone_filter
mnq_30min_avoid_immediate_adverse_move_sm1p00_tm2p50_d15_aw5_mt8,MNQ,30min,1min,dynamic_exit_atr_target_1p0_ts2_vq0p95_bf0p5_ra1p2,1.0,2.5,15,avoid_immediate_adverse_move,"{""adverse_window_minutes"": 5, ""max_adverse_ticks"": 8}",delay_adverse_filter
mnq_30min_avoid_immediate_adverse_move_sm1p00_tm2p50_d15_aw5_mt12,MNQ,30min,1min,dynamic_exit_atr_target_1p0_ts2_vq0p95_bf0p5_ra1p2,1.0,2.5,15,avoid_immediate_adverse_move,"{""adverse_window_minutes"": 5, ""max_adverse_ticks"": 12}",delay_adverse_filter
mnq_30min_avoid_immediate_adverse_move_sm1p00_tm2p50_d15_aw5_mt16,MNQ,30min,1min,dynamic_exit_atr_target_1p0_ts2_vq0p95_bf0p5_ra1p2,1.0,2.5,15,avoid_immediate_adverse_move,"{""adverse_window_minutes"": 5, ""max_adverse_ticks"": 16}",delay_adverse_filter
mnq_30min_avoid_immediate_adverse_move_sm1p00_tm2p50_d15_aw10_mt8,MNQ,30min,1min,dynamic_exit_atr_target_1p0_ts2_vq0p95_bf0p5_ra1p2,1.0,2.5,15,avoid_immediate_adverse_move,"{""adverse_window_minutes"": 10, ""max_adverse_ticks"": 8}",delay_adverse_filter
mnq_30min_avoid_immediate_adverse_move_sm1p00_tm2p50_d15_aw10_mt12,MNQ,30min,1min,dynamic_exit_atr_target_1p0_ts2_vq0p95_bf0p5_ra1p2,1.0,2.5,15,avoid_immediate_adverse_move,"{""adverse_window_minutes"": 10, ""max_adverse_ticks"": 12}",delay_adverse_filter
mnq_30min_avoid_immediate_adverse_move_sm1p00_tm2p50_d15_aw10_mt16,MNQ,30min,1min,dynamic_exit_atr_target_1p0_ts2_vq0p95_bf0p5_ra1p2,1.0,2.5,15,avoid_immediate_adverse_move,"{""adverse_window_minutes"": 10, ""max_adverse_ticks"": 16}",delay_adverse_filter
mnq_30min_require_no_stop_zone_touch_before_entry_sm1p00_tm2p50_d30_sz0p50,MNQ,30min,1min,dynamic_exit_atr_target_1p0_ts2_vq0p95_bf0p5_ra1p2,1.0,2.5,30,require_no_stop_zone_touch_before_entry,"{""stop_zone_fraction"": 0.5}",delay_stop_zone_filter
mnq_30min_require_no_stop_zone_touch_before_entry_sm1p00_tm2p50_d30_sz0p75,MNQ,30min,1min,dynamic_exit_atr_target_1p0_ts2_vq0p95_bf0p5_ra1p2,1.0,2.5,30,require_no_stop_zone_touch_before_entry,"{""stop_zone_fraction"": 0.75}",delay_stop_zone_filter
mnq_30min_require_no_stop_zone_touch_before_entry_sm1p00_tm2p50_d30_sz1p00,MNQ,30min,1min,dynamic_exit_atr_target_1p0_ts2_vq0p95_bf0p5_ra1p2,1.0,2.5,30,require_no_stop_zone_touch_before_entry,"{""stop_zone_fraction"": 1.0}",delay_stop_zone_filter
mnq_30min_avoid_immediate_adverse_move_sm1p00_tm2p50_d30_aw5_mt8,MNQ,30min,1min,dynamic_exit_atr_target_1p0_ts2_vq0p95_bf0p5_ra1p2,1.0,2.5,30,avoid_immediate_adverse_move,"{""adverse_window_minutes"": 5, ""max_adverse_ticks"": 8}",delay_adverse_filter
mnq_30min_avoid_immediate_adverse_move_sm1p00_tm2p50_d30_aw5_mt12,MNQ,30min,1min,dynamic_exit_atr_target_1p0_ts2_vq0p95_bf0p5_ra1p2,1.0,2.5,30,avoid_immediate_adverse_move,"{""adverse_window_minutes"": 5, ""max_adverse_ticks"": 12}",delay_adverse_filter
mnq_30min_avoid_immediate_adverse_move_sm1p00_tm2p50_d30_aw5_mt16,MNQ,30min,1min,dynamic_exit_atr_target_1p0_ts2_vq0p95_bf0p5_ra1p2,1.0,2.5,30,avoid_immediate_adverse_move,"{""adverse_window_minutes"": 5, ""max_adverse_ticks"": 16}",delay_adverse_filter
mnq_30min_avoid_immediate_adverse_move_sm1p00_tm2p50_d30_aw10_mt8,MNQ,30min,1min,dynamic_exit_atr_target_1p0_ts2_vq0p95_bf0p5_ra1p2,1.0,2.5,30,avoid_immediate_adverse_move,"{""adverse_window_minutes"": 10, ""max_adverse_ticks"": 8}",delay_adverse_filter
mnq_30min_avoid_immediate_adverse_move_sm1p00_tm2p50_d30_aw10_mt12,MNQ,30min,1min,dynamic_exit_atr_target_1p0_ts2_vq0p95_bf0p5_ra1p2,1.0,2.5,30,avoid_immediate_adverse_move,"{""adverse_window_minutes"": 10, ""max_adverse_ticks"": 12}",delay_adverse_filter
mnq_30min_avoid_immediate_adverse_move_sm1p00_tm2p50_d30_aw10_mt16,MNQ,30min,1min,dynamic_exit_atr_target_1p0_ts2_vq0p95_bf0p5_ra1p2,1.0,2.5,30,avoid_immediate_adverse_move,"{""adverse_window_minutes"": 10, ""max_adverse_ticks"": 16}",delay_adverse_filter
mnq_30min_require_no_stop_zone_touch_before_entry_sm1p00_tm3p00_d5_sz0p50,MNQ,30min,1min,dynamic_exit_atr_target_1p0_ts2_vq0p95_bf0p5_ra1p2,1.0,3.0,5,require_no_stop_zone_touch_before_entry,"{""stop_zone_fraction"": 0.5}",delay_stop_zone_filter
mnq_30min_require_no_stop_zone_touch_before_entry_sm1p00_tm3p00_d5_sz0p75,MNQ,30min,1min,dynamic_exit_atr_target_1p0_ts2_vq0p95_bf0p5_ra1p2,1.0,3.0,5,require_no_stop_zone_touch_before_entry,"{""stop_zone_fraction"": 0.75}",delay_stop_zone_filter
mnq_30min_require_no_stop_zone_touch_before_entry_sm1p00_tm3p00_d5_sz1p00,MNQ,30min,1min,dynamic_exit_atr_target_1p0_ts2_vq0p95_bf0p5_ra1p2,1.0,3.0,5,require_no_stop_zone_touch_before_entry,"{""stop_zone_fraction"": 1.0}",delay_stop_zone_filter
mnq_30min_avoid_immediate_adverse_move_sm1p00_tm3p00_d5_aw5_mt8,MNQ,30min,1min,dynamic_exit_atr_target_1p0_ts2_vq0p95_bf0p5_ra1p2,1.0,3.0,5,avoid_immediate_adverse_move,"{""adverse_window_minutes"": 5, ""max_adverse_ticks"": 8}",delay_adverse_filter
mnq_30min_avoid_immediate_adverse_move_sm1p00_tm3p00_d5_aw5_mt12,MNQ,30min,1min,dynamic_exit_atr_target_1p0_ts2_vq0p95_bf0p5_ra1p2,1.0,3.0,5,avoid_immediate_adverse_move,"{""adverse_window_minutes"": 5, ""max_adverse_ticks"": 12}",delay_adverse_filter
mnq_30min_avoid_immediate_adverse_move_sm1p00_tm3p00_d5_aw5_mt16,MNQ,30min,1min,dynamic_exit_atr_target_1p0_ts2_vq0p95_bf0p5_ra1p2,1.0,3.0,5,avoid_immediate_adverse_move,"{""adverse_window_minutes"": 5, ""max_adverse_ticks"": 16}",delay_adverse_filter
mnq_30min_require_no_stop_zone_touch_before_entry_sm1p00_tm3p00_d15_sz0p50,MNQ,30min,1min,dynamic_exit_atr_target_1p0_ts2_vq0p95_bf0p5_ra1p2,1.0,3.0,15,require_no_stop_zone_touch_before_entry,"{""stop_zone_fraction"": 0.5}",delay_stop_zone_filter
mnq_30min_require_no_stop_zone_touch_before_entry_sm1p00_tm3p00_d15_sz0p75,MNQ,30min,1min,dynamic_exit_atr_target_1p0_ts2_vq0p95_bf0p5_ra1p2,1.0,3.0,15,require_no_stop_zone_touch_before_entry,"{""stop_zone_fraction"": 0.75}",delay_stop_zone_filter
mnq_30min_require_no_stop_zone_touch_before_entry_sm1p00_tm3p00_d15_sz1p00,MNQ,30min,1min,dynamic_exit_atr_target_1p0_ts2_vq0p95_bf0p5_ra1p2,1.0,3.0,15,require_no_stop_zone_touch_before_entry,"{""stop_zone_fraction"": 1.0}",delay_stop_zone_filter
mnq_30min_avoid_immediate_adverse_move_sm1p00_tm3p00_d15_aw5_mt8,MNQ,30min,1min,dynamic_exit_atr_target_1p0_ts2_vq0p95_bf0p5_ra1p2,1.0,3.0,15,avoid_immediate_adverse_move,"{""adverse_window_minutes"": 5, ""max_adverse_ticks"": 8}",delay_adverse_filter
mnq_30min_avoid_immediate_adverse_move_sm1p00_tm3p00_d15_aw5_mt12,MNQ,30min,1min,dynamic_exit_atr_target_1p0_ts2_vq0p95_bf0p5_ra1p2,1.0,3.0,15,avoid_immediate_adverse_move,"{""adverse_window_minutes"": 5, ""max_adverse_ticks"": 12}",delay_adverse_filter
mnq_30min_avoid_immediate_adverse_move_sm1p00_tm3p00_d15_aw5_mt16,MNQ,30min,1min,dynamic_exit_atr_target_1p0_ts2_vq0p95_bf0p5_ra1p2,1.0,3.0,15,avoid_immediate_adverse_move,"{""adverse_window_minutes"": 5, ""max_adverse_ticks"": 16}",delay_adverse_filter
mnq_30min_avoid_immediate_adverse_move_sm1p00_tm3p00_d15_aw10_mt8,MNQ,30min,1min,dynamic_exit_atr_target_1p0_ts2_vq0p95_bf0p5_ra1p2,1.0,3.0,15,avoid_immediate_adverse_move,"{""adverse_window_minutes"": 10, ""max_adverse_ticks"": 8}",delay_adverse_filter
mnq_30min_avoid_immediate_adverse_move_sm1p00_tm3p00_d15_aw10_mt12,MNQ,30min,1min,dynamic_exit_atr_target_1p0_ts2_vq0p95_bf0p5_ra1p2,1.0,3.0,15,avoid_immediate_adverse_move,"{""adverse_window_minutes"": 10, ""max_adverse_ticks"": 12}",delay_adverse_filter
mnq_30min_avoid_immediate_adverse_move_sm1p00_tm3p00_d15_aw10_mt16,MNQ,30min,1min,dynamic_exit_atr_target_1p0_ts2_vq0p95_bf0p5_ra1p2,1.0,3.0,15,avoid_immediate_adverse_move,"{""adverse_window_minutes"": 10, ""max_adverse_ticks"": 16}",delay_adverse_filter
mnq_30min_require_no_stop_zone_touch_before_entry_sm1p00_tm3p00_d30_sz0p50,MNQ,30min,1min,dynamic_exit_atr_target_1p0_ts2_vq0p95_bf0p5_ra1p2,1.0,3.0,30,require_no_stop_zone_touch_before_entry,"{""stop_zone_fraction"": 0.5}",delay_stop_zone_filter
mnq_30min_require_no_stop_zone_touch_before_entry_sm1p00_tm3p00_d30_sz0p75,MNQ,30min,1min,dynamic_exit_atr_target_1p0_ts2_vq0p95_bf0p5_ra1p2,1.0,3.0,30,require_no_stop_zone_touch_before_entry,"{""stop_zone_fraction"": 0.75}",delay_stop_zone_filter
mnq_30min_require_no_stop_zone_touch_before_entry_sm1p00_tm3p00_d30_sz1p00,MNQ,30min,1min,dynamic_exit_atr_target_1p0_ts2_vq0p95_bf0p5_ra1p2,1.0,3.0,30,require_no_stop_zone_touch_before_entry,"{""stop_zone_fraction"": 1.0}",delay_stop_zone_filter
mnq_30min_avoid_immediate_adverse_move_sm1p00_tm3p00_d30_aw5_mt8,MNQ,30min,1min,dynamic_exit_atr_target_1p0_ts2_vq0p95_bf0p5_ra1p2,1.0,3.0,30,avoid_immediate_adverse_move,"{""adverse_window_minutes"": 5, ""max_adverse_ticks"": 8}",delay_adverse_filter
mnq_30min_avoid_immediate_adverse_move_sm1p00_tm3p00_d30_aw5_mt12,MNQ,30min,1min,dynamic_exit_atr_target_1p0_ts2_vq0p95_bf0p5_ra1p2,1.0,3.0,30,avoid_immediate_adverse_move,"{""adverse_window_minutes"": 5, ""max_adverse_ticks"": 12}",delay_adverse_filter
mnq_30min_avoid_immediate_adverse_move_sm1p00_tm3p00_d30_aw5_mt16,MNQ,30min,1min,dynamic_exit_atr_target_1p0_ts2_vq0p95_bf0p5_ra1p2,1.0,3.0,30,avoid_immediate_adverse_move,"{""adverse_window_minutes"": 5, ""max_adverse_ticks"": 16}",delay_adverse_filter
mnq_30min_avoid_immediate_adverse_move_sm1p00_tm3p00_d30_aw10_mt8,MNQ,30min,1min,dynamic_exit_atr_target_1p0_ts2_vq0p95_bf0p5_ra1p2,1.0,3.0,30,avoid_immediate_adverse_move,"{""adverse_window_minutes"": 10, ""max_adverse_ticks"": 8}",delay_adverse_filter
mnq_30min_avoid_immediate_adverse_move_sm1p00_tm3p00_d30_aw10_mt12,MNQ,30min,1min,dynamic_exit_atr_target_1p0_ts2_vq0p95_bf0p5_ra1p2,1.0,3.0,30,avoid_immediate_adverse_move,"{""adverse_window_minutes"": 10, ""max_adverse_ticks"": 12}",delay_adverse_filter
mnq_30min_avoid_immediate_adverse_move_sm1p00_tm3p00_d30_aw10_mt16,MNQ,30min,1min,dynamic_exit_atr_target_1p0_ts2_vq0p95_bf0p5_ra1p2,1.0,3.0,30,avoid_immediate_adverse_move,"{""adverse_window_minutes"": 10, ""max_adverse_ticks"": 16}",delay_adverse_filter
mnq_30min_require_no_stop_zone_touch_before_entry_sm1p25_tm2p00_d5_sz0p50,MNQ,30min,1min,dynamic_exit_atr_target_1p0_ts2_vq0p95_bf0p5_ra1p2,1.25,2.0,5,require_no_stop_zone_touch_before_entry,"{""stop_zone_fraction"": 0.5}",delay_stop_zone_filter
mnq_30min_require_no_stop_zone_touch_before_entry_sm1p25_tm2p00_d5_sz0p75,MNQ,30min,1min,dynamic_exit_atr_target_1p0_ts2_vq0p95_bf0p5_ra1p2,1.25,2.0,5,require_no_stop_zone_touch_before_entry,"{""stop_zone_fraction"": 0.75}",delay_stop_zone_filter
mnq_30min_require_no_stop_zone_touch_before_entry_sm1p25_tm2p00_d5_sz1p00,MNQ,30min,1min,dynamic_exit_atr_target_1p0_ts2_vq0p95_bf0p5_ra1p2,1.25,2.0,5,require_no_stop_zone_touch_before_entry,"{""stop_zone_fraction"": 1.0}",delay_stop_zone_filter
mnq_30min_avoid_immediate_adverse_move_sm1p25_tm2p00_d5_aw5_mt8,MNQ,30min,1min,dynamic_exit_atr_target_1p0_ts2_vq0p95_bf0p5_ra1p2,1.25,2.0,5,avoid_immediate_adverse_move,"{""adverse_window_minutes"": 5, ""max_adverse_ticks"": 8}",delay_adverse_filter
mnq_30min_avoid_immediate_adverse_move_sm1p25_tm2p00_d5_aw5_mt12,MNQ,30min,1min,dynamic_exit_atr_target_1p0_ts2_vq0p95_bf0p5_ra1p2,1.25,2.0,5,avoid_immediate_adverse_move,"{""adverse_window_minutes"": 5, ""max_adverse_ticks"": 12}",delay_adverse_filter
mnq_30min_avoid_immediate_adverse_move_sm1p25_tm2p00_d5_aw5_mt16,MNQ,30min,1min,dynamic_exit_atr_target_1p0_ts2_vq0p95_bf0p5_ra1p2,1.25,2.0,5,avoid_immediate_adverse_move,"{""adverse_window_minutes"": 5, ""max_adverse_ticks"": 16}",delay_adverse_filter
mnq_30min_require_no_stop_zone_touch_before_entry_sm1p25_tm2p00_d15_sz0p50,MNQ,30min,1min,dynamic_exit_atr_target_1p0_ts2_vq0p95_bf0p5_ra1p2,1.25,2.0,15,require_no_stop_zone_touch_before_entry,"{""stop_zone_fraction"": 0.5}",delay_stop_zone_filter
mnq_30min_require_no_stop_zone_touch_before_entry_sm1p25_tm2p00_d15_sz0p75,MNQ,30min,1min,dynamic_exit_atr_target_1p0_ts2_vq0p95_bf0p5_ra1p2,1.25,2.0,15,require_no_stop_zone_touch_before_entry,"{""stop_zone_fraction"": 0.75}",delay_stop_zone_filter
mnq_30min_require_no_stop_zone_touch_before_entry_sm1p25_tm2p00_d15_sz1p00,MNQ,30min,1min,dynamic_exit_atr_target_1p0_ts2_vq0p95_bf0p5_ra1p2,1.25,2.0,15,require_no_stop_zone_touch_before_entry,"{""stop_zone_fraction"": 1.0}",delay_stop_zone_filter
mnq_30min_avoid_immediate_adverse_move_sm1p25_tm2p00_d15_aw5_mt8,MNQ,30min,1min,dynamic_exit_atr_target_1p0_ts2_vq0p95_bf0p5_ra1p2,1.25,2.0,15,avoid_immediate_adverse_move,"{""adverse_window_minutes"": 5, ""max_adverse_ticks"": 8}",delay_adverse_filter
mnq_30min_avoid_immediate_adverse_move_sm1p25_tm2p00_d15_aw5_mt12,MNQ,30min,1min,dynamic_exit_atr_target_1p0_ts2_vq0p95_bf0p5_ra1p2,1.25,2.0,15,avoid_immediate_adverse_move,"{""adverse_window_minutes"": 5, ""max_adverse_ticks"": 12}",delay_adverse_filter
mnq_30min_avoid_immediate_adverse_move_sm1p25_tm2p00_d15_aw5_mt16,MNQ,30min,1min,dynamic_exit_atr_target_1p0_ts2_vq0p95_bf0p5_ra1p2,1.25,2.0,15,avoid_immediate_adverse_move,"{""adverse_window_minutes"": 5, ""max_adverse_ticks"": 16}",delay_adverse_filter
mnq_30min_avoid_immediate_adverse_move_sm1p25_tm2p00_d15_aw10_mt8,MNQ,30min,1min,dynamic_exit_atr_target_1p0_ts2_vq0p95_bf0p5_ra1p2,1.25,2.0,15,avoid_immediate_adverse_move,"{""adverse_window_minutes"": 10, ""max_adverse_ticks"": 8}",delay_adverse_filter
mnq_30min_avoid_immediate_adverse_move_sm1p25_tm2p00_d15_aw10_mt12,MNQ,30min,1min,dynamic_exit_atr_target_1p0_ts2_vq0p95_bf0p5_ra1p2,1.25,2.0,15,avoid_immediate_adverse_move,"{""adverse_window_minutes"": 10, ""max_adverse_ticks"": 12}",delay_adverse_filter
mnq_30min_avoid_immediate_adverse_move_sm1p25_tm2p00_d15_aw10_mt16,MNQ,30min,1min,dynamic_exit_atr_target_1p0_ts2_vq0p95_bf0p5_ra1p2,1.25,2.0,15,avoid_immediate_adverse_move,"{""adverse_window_minutes"": 10, ""max_adverse_ticks"": 16}",delay_adverse_filter
mnq_30min_require_no_stop_zone_touch_before_entry_sm1p25_tm2p00_d30_sz0p50,MNQ,30min,1min,dynamic_exit_atr_target_1p0_ts2_vq0p95_bf0p5_ra1p2,1.25,2.0,30,require_no_stop_zone_touch_before_entry,"{""stop_zone_fraction"": 0.5}",delay_stop_zone_filter
mnq_30min_require_no_stop_zone_touch_before_entry_sm1p25_tm2p00_d30_sz0p75,MNQ,30min,1min,dynamic_exit_atr_target_1p0_ts2_vq0p95_bf0p5_ra1p2,1.25,2.0,30,require_no_stop_zone_touch_before_entry,"{""stop_zone_fraction"": 0.75}",delay_stop_zone_filter
mnq_30min_require_no_stop_zone_touch_before_entry_sm1p25_tm2p00_d30_sz1p00,MNQ,30min,1min,dynamic_exit_atr_target_1p0_ts2_vq0p95_bf0p5_ra1p2,1.25,2.0,30,require_no_stop_zone_touch_before_entry,"{""stop_zone_fraction"": 1.0}",delay_stop_zone_filter
mnq_30min_avoid_immediate_adverse_move_sm1p25_tm2p00_d30_aw5_mt8,MNQ,30min,1min,dynamic_exit_atr_target_1p0_ts2_vq0p95_bf0p5_ra1p2,1.25,2.0,30,avoid_immediate_adverse_move,"{""adverse_window_minutes"": 5, ""max_adverse_ticks"": 8}",delay_adverse_filter
mnq_30min_avoid_immediate_adverse_move_sm1p25_tm2p00_d30_aw5_mt12,MNQ,30min,1min,dynamic_exit_atr_target_1p0_ts2_vq0p95_bf0p5_ra1p2,1.25,2.0,30,avoid_immediate_adverse_move,"{""adverse_window_minutes"": 5, ""max_adverse_ticks"": 12}",delay_adverse_filter
mnq_30min_avoid_immediate_adverse_move_sm1p25_tm2p00_d30_aw5_mt16,MNQ,30min,1min,dynamic_exit_atr_target_1p0_ts2_vq0p95_bf0p5_ra1p2,1.25,2.0,30,avoid_immediate_adverse_move,"{""adverse_window_minutes"": 5, ""max_adverse_ticks"": 16}",delay_adverse_filter
mnq_30min_avoid_immediate_adverse_move_sm1p25_tm2p00_d30_aw10_mt8,MNQ,30min,1min,dynamic_exit_atr_target_1p0_ts2_vq0p95_bf0p5_ra1p2,1.25,2.0,30,avoid_immediate_adverse_move,"{""adverse_window_minutes"": 10, ""max_adverse_ticks"": 8}",delay_adverse_filter
mnq_30min_avoid_immediate_adverse_move_sm1p25_tm2p00_d30_aw10_mt12,MNQ,30min,1min,dynamic_exit_atr_target_1p0_ts2_vq0p95_bf0p5_ra1p2,1.25,2.0,30,avoid_immediate_adverse_move,"{""adverse_window_minutes"": 10, ""max_adverse_ticks"": 12}",delay_adverse_filter
mnq_30min_avoid_immediate_adverse_move_sm1p25_tm2p00_d30_aw10_mt16,MNQ,30min,1min,dynamic_exit_atr_target_1p0_ts2_vq0p95_bf0p5_ra1p2,1.25,2.0,30,avoid_immediate_adverse_move,"{""adverse_window_minutes"": 10, ""max_adverse_ticks"": 16}",delay_adverse_filter
mnq_30min_require_no_stop_zone_touch_before_entry_sm1p25_tm2p50_d5_sz0p50,MNQ,30min,1min,dynamic_exit_atr_target_1p0_ts2_vq0p95_bf0p5_ra1p2,1.25,2.5,5,require_no_stop_zone_touch_before_entry,"{""stop_zone_fraction"": 0.5}",delay_stop_zone_filter
mnq_30min_require_no_stop_zone_touch_before_entry_sm1p25_tm2p50_d5_sz0p75,MNQ,30min,1min,dynamic_exit_atr_target_1p0_ts2_vq0p95_bf0p5_ra1p2,1.25,2.5,5,require_no_stop_zone_touch_before_entry,"{""stop_zone_fraction"": 0.75}",delay_stop_zone_filter
mnq_30min_require_no_stop_zone_touch_before_entry_sm1p25_tm2p50_d5_sz1p00,MNQ,30min,1min,dynamic_exit_atr_target_1p0_ts2_vq0p95_bf0p5_ra1p2,1.25,2.5,5,require_no_stop_zone_touch_before_entry,"{""stop_zone_fraction"": 1.0}",delay_stop_zone_filter
mnq_30min_avoid_immediate_adverse_move_sm1p25_tm2p50_d5_aw5_mt8,MNQ,30min,1min,dynamic_exit_atr_target_1p0_ts2_vq0p95_bf0p5_ra1p2,1.25,2.5,5,avoid_immediate_adverse_move,"{""adverse_window_minutes"": 5, ""max_adverse_ticks"": 8}",delay_adverse_filter
mnq_30min_avoid_immediate_adverse_move_sm1p25_tm2p50_d5_aw5_mt12,MNQ,30min,1min,dynamic_exit_atr_target_1p0_ts2_vq0p95_bf0p5_ra1p2,1.25,2.5,5,avoid_immediate_adverse_move,"{""adverse_window_minutes"": 5, ""max_adverse_ticks"": 12}",delay_adverse_filter
mnq_30min_avoid_immediate_adverse_move_sm1p25_tm2p50_d5_aw5_mt16,MNQ,30min,1min,dynamic_exit_atr_target_1p0_ts2_vq0p95_bf0p5_ra1p2,1.25,2.5,5,avoid_immediate_adverse_move,"{""adverse_window_minutes"": 5, ""max_adverse_ticks"": 16}",delay_adverse_filter
mnq_30min_require_no_stop_zone_touch_before_entry_sm1p25_tm2p50_d15_sz0p50,MNQ,30min,1min,dynamic_exit_atr_target_1p0_ts2_vq0p95_bf0p5_ra1p2,1.25,2.5,15,require_no_stop_zone_touch_before_entry,"{""stop_zone_fraction"": 0.5}",delay_stop_zone_filter
mnq_30min_require_no_stop_zone_touch_before_entry_sm1p25_tm2p50_d15_sz0p75,MNQ,30min,1min,dynamic_exit_atr_target_1p0_ts2_vq0p95_bf0p5_ra1p2,1.25,2.5,15,require_no_stop_zone_touch_before_entry,"{""stop_zone_fraction"": 0.75}",delay_stop_zone_filter
mnq_30min_require_no_stop_zone_touch_before_entry_sm1p25_tm2p50_d15_sz1p00,MNQ,30min,1min,dynamic_exit_atr_target_1p0_ts2_vq0p95_bf0p5_ra1p2,1.25,2.5,15,require_no_stop_zone_touch_before_entry,"{""stop_zone_fraction"": 1.0}",delay_stop_zone_filter
mnq_30min_avoid_immediate_adverse_move_sm1p25_tm2p50_d15_aw5_mt8,MNQ,30min,1min,dynamic_exit_atr_target_1p0_ts2_vq0p95_bf0p5_ra1p2,1.25,2.5,15,avoid_immediate_adverse_move,"{""adverse_window_minutes"": 5, ""max_adverse_ticks"": 8}",delay_adverse_filter
mnq_30min_avoid_immediate_adverse_move_sm1p25_tm2p50_d15_aw5_mt12,MNQ,30min,1min,dynamic_exit_atr_target_1p0_ts2_vq0p95_bf0p5_ra1p2,1.25,2.5,15,avoid_immediate_adverse_move,"{""adverse_window_minutes"": 5, ""max_adverse_ticks"": 12}",delay_adverse_filter
mnq_30min_avoid_immediate_adverse_move_sm1p25_tm2p50_d15_aw5_mt16,MNQ,30min,1min,dynamic_exit_atr_target_1p0_ts2_vq0p95_bf0p5_ra1p2,1.25,2.5,15,avoid_immediate_adverse_move,"{""adverse_window_minutes"": 5, ""max_adverse_ticks"": 16}",delay_adverse_filter
mnq_30min_avoid_immediate_adverse_move_sm1p25_tm2p50_d15_aw10_mt8,MNQ,30min,1min,dynamic_exit_atr_target_1p0_ts2_vq0p95_bf0p5_ra1p2,1.25,2.5,15,avoid_immediate_adverse_move,"{""adverse_window_minutes"": 10, ""max_adverse_ticks"": 8}",delay_adverse_filter
mnq_30min_avoid_immediate_adverse_move_sm1p25_tm2p50_d15_aw10_mt12,MNQ,30min,1min,dynamic_exit_atr_target_1p0_ts2_vq0p95_bf0p5_ra1p2,1.25,2.5,15,avoid_immediate_adverse_move,"{""adverse_window_minutes"": 10, ""max_adverse_ticks"": 12}",delay_adverse_filter
mnq_30min_avoid_immediate_adverse_move_sm1p25_tm2p50_d15_aw10_mt16,MNQ,30min,1min,dynamic_exit_atr_target_1p0_ts2_vq0p95_bf0p5_ra1p2,1.25,2.5,15,avoid_immediate_adverse_move,"{""adverse_window_minutes"": 10, ""max_adverse_ticks"": 16}",delay_adverse_filter
mnq_30min_require_no_stop_zone_touch_before_entry_sm1p25_tm2p50_d30_sz0p50,MNQ,30min,1min,dynamic_exit_atr_target_1p0_ts2_vq0p95_bf0p5_ra1p2,1.25,2.5,30,require_no_stop_zone_touch_before_entry,"{""stop_zone_fraction"": 0.5}",delay_stop_zone_filter
mnq_30min_require_no_stop_zone_touch_before_entry_sm1p25_tm2p50_d30_sz0p75,MNQ,30min,1min,dynamic_exit_atr_target_1p0_ts2_vq0p95_bf0p5_ra1p2,1.25,2.5,30,require_no_stop_zone_touch_before_entry,"{""stop_zone_fraction"": 0.75}",delay_stop_zone_filter
mnq_30min_require_no_stop_zone_touch_before_entry_sm1p25_tm2p50_d30_sz1p00,MNQ,30min,1min,dynamic_exit_atr_target_1p0_ts2_vq0p95_bf0p5_ra1p2,1.25,2.5,30,require_no_stop_zone_touch_before_entry,"{""stop_zone_fraction"": 1.0}",delay_stop_zone_filter
mnq_30min_avoid_immediate_adverse_move_sm1p25_tm2p50_d30_aw5_mt8,MNQ,30min,1min,dynamic_exit_atr_target_1p0_ts2_vq0p95_bf0p5_ra1p2,1.25,2.5,30,avoid_immediate_adverse_move,"{""adverse_window_minutes"": 5, ""max_adverse_ticks"": 8}",delay_adverse_filter
mnq_30min_avoid_immediate_adverse_move_sm1p25_tm2p50_d30_aw5_mt12,MNQ,30min,1min,dynamic_exit_atr_target_1p0_ts2_vq0p95_bf0p5_ra1p2,1.25,2.5,30,avoid_immediate_adverse_move,"{""adverse_window_minutes"": 5, ""max_adverse_ticks"": 12}",delay_adverse_filter
mnq_30min_avoid_immediate_adverse_move_sm1p25_tm2p50_d30_aw5_mt16,MNQ,30min,1min,dynamic_exit_atr_target_1p0_ts2_vq0p95_bf0p5_ra1p2,1.25,2.5,30,avoid_immediate_adverse_move,"{""adverse_window_minutes"": 5, ""max_adverse_ticks"": 16}",delay_adverse_filter
mnq_30min_avoid_immediate_adverse_move_sm1p25_tm2p50_d30_aw10_mt8,MNQ,30min,1min,dynamic_exit_atr_target_1p0_ts2_vq0p95_bf0p5_ra1p2,1.25,2.5,30,avoid_immediate_adverse_move,"{""adverse_window_minutes"": 10, ""max_adverse_ticks"": 8}",delay_adverse_filter
mnq_30min_avoid_immediate_adverse_move_sm1p25_tm2p50_d30_aw10_mt12,MNQ,30min,1min,dynamic_exit_atr_target_1p0_ts2_vq0p95_bf0p5_ra1p2,1.25,2.5,30,avoid_immediate_adverse_move,"{""adverse_window_minutes"": 10, ""max_adverse_ticks"": 12}",delay_adverse_filter
mnq_30min_avoid_immediate_adverse_move_sm1p25_tm2p50_d30_aw10_mt16,MNQ,30min,1min,dynamic_exit_atr_target_1p0_ts2_vq0p95_bf0p5_ra1p2,1.25,2.5,30,avoid_immediate_adverse_move,"{""adverse_window_minutes"": 10, ""max_adverse_ticks"": 16}",delay_adverse_filter
mnq_30min_require_no_stop_zone_touch_before_entry_sm1p25_tm3p00_d5_sz0p50,MNQ,30min,1min,dynamic_exit_atr_target_1p0_ts2_vq0p95_bf0p5_ra1p2,1.25,3.0,5,require_no_stop_zone_touch_before_entry,"{""stop_zone_fraction"": 0.5}",delay_stop_zone_filter
mnq_30min_require_no_stop_zone_touch_before_entry_sm1p25_tm3p00_d5_sz0p75,MNQ,30min,1min,dynamic_exit_atr_target_1p0_ts2_vq0p95_bf0p5_ra1p2,1.25,3.0,5,require_no_stop_zone_touch_before_entry,"{""stop_zone_fraction"": 0.75}",delay_stop_zone_filter
mnq_30min_require_no_stop_zone_touch_before_entry_sm1p25_tm3p00_d5_sz1p00,MNQ,30min,1min,dynamic_exit_atr_target_1p0_ts2_vq0p95_bf0p5_ra1p2,1.25,3.0,5,require_no_stop_zone_touch_before_entry,"{""stop_zone_fraction"": 1.0}",delay_stop_zone_filter
mnq_30min_avoid_immediate_adverse_move_sm1p25_tm3p00_d5_aw5_mt8,MNQ,30min,1min,dynamic_exit_atr_target_1p0_ts2_vq0p95_bf0p5_ra1p2,1.25,3.0,5,avoid_immediate_adverse_move,"{""adverse_window_minutes"": 5, ""max_adverse_ticks"": 8}",delay_adverse_filter
mnq_30min_avoid_immediate_adverse_move_sm1p25_tm3p00_d5_aw5_mt12,MNQ,30min,1min,dynamic_exit_atr_target_1p0_ts2_vq0p95_bf0p5_ra1p2,1.25,3.0,5,avoid_immediate_adverse_move,"{""adverse_window_minutes"": 5, ""max_adverse_ticks"": 12}",delay_adverse_filter
mnq_30min_avoid_immediate_adverse_move_sm1p25_tm3p00_d5_aw5_mt16,MNQ,30min,1min,dynamic_exit_atr_target_1p0_ts2_vq0p95_bf0p5_ra1p2,1.25,3.0,5,avoid_immediate_adverse_move,"{""adverse_window_minutes"": 5, ""max_adverse_ticks"": 16}",delay_adverse_filter
mnq_30min_require_no_stop_zone_touch_before_entry_sm1p25_tm3p00_d15_sz0p50,MNQ,30min,1min,dynamic_exit_atr_target_1p0_ts2_vq0p95_bf0p5_ra1p2,1.25,3.0,15,require_no_stop_zone_touch_before_entry,"{""stop_zone_fraction"": 0.5}",delay_stop_zone_filter
mnq_30min_require_no_stop_zone_touch_before_entry_sm1p25_tm3p00_d15_sz0p75,MNQ,30min,1min,dynamic_exit_atr_target_1p0_ts2_vq0p95_bf0p5_ra1p2,1.25,3.0,15,require_no_stop_zone_touch_before_entry,"{""stop_zone_fraction"": 0.75}",delay_stop_zone_filter
mnq_30min_require_no_stop_zone_touch_before_entry_sm1p25_tm3p00_d15_sz1p00,MNQ,30min,1min,dynamic_exit_atr_target_1p0_ts2_vq0p95_bf0p5_ra1p2,1.25,3.0,15,require_no_stop_zone_touch_before_entry,"{""stop_zone_fraction"": 1.0}",delay_stop_zone_filter
mnq_30min_avoid_immediate_adverse_move_sm1p25_tm3p00_d15_aw5_mt8,MNQ,30min,1min,dynamic_exit_atr_target_1p0_ts2_vq0p95_bf0p5_ra1p2,1.25,3.0,15,avoid_immediate_adverse_move,"{""adverse_window_minutes"": 5, ""max_adverse_ticks"": 8}",delay_adverse_filter
mnq_30min_avoid_immediate_adverse_move_sm1p25_tm3p00_d15_aw5_mt12,MNQ,30min,1min,dynamic_exit_atr_target_1p0_ts2_vq0p95_bf0p5_ra1p2,1.25,3.0,15,avoid_immediate_adverse_move,"{""adverse_window_minutes"": 5, ""max_adverse_ticks"": 12}",delay_adverse_filter
mnq_30min_avoid_immediate_adverse_move_sm1p25_tm3p00_d15_aw5_mt16,MNQ,30min,1min,dynamic_exit_atr_target_1p0_ts2_vq0p95_bf0p5_ra1p2,1.25,3.0,15,avoid_immediate_adverse_move,"{""adverse_window_minutes"": 5, ""max_adverse_ticks"": 16}",delay_adverse_filter
mnq_30min_avoid_immediate_adverse_move_sm1p25_tm3p00_d15_aw10_mt8,MNQ,30min,1min,dynamic_exit_atr_target_1p0_ts2_vq0p95_bf0p5_ra1p2,1.25,3.0,15,avoid_immediate_adverse_move,"{""adverse_window_minutes"": 10, ""max_adverse_ticks"": 8}",delay_adverse_filter
mnq_30min_avoid_immediate_adverse_move_sm1p25_tm3p00_d15_aw10_mt12,MNQ,30min,1min,dynamic_exit_atr_target_1p0_ts2_vq0p95_bf0p5_ra1p2,1.25,3.0,15,avoid_immediate_adverse_move,"{""adverse_window_minutes"": 10, ""max_adverse_ticks"": 12}",delay_adverse_filter
mnq_30min_avoid_immediate_adverse_move_sm1p25_tm3p00_d15_aw10_mt16,MNQ,30min,1min,dynamic_exit_atr_target_1p0_ts2_vq0p95_bf0p5_ra1p2,1.25,3.0,15,avoid_immediate_adverse_move,"{""adverse_window_minutes"": 10, ""max_adverse_ticks"": 16}",delay_adverse_filter
mnq_30min_require_no_stop_zone_touch_before_entry_sm1p25_tm3p00_d30_sz0p50,MNQ,30min,1min,dynamic_exit_atr_target_1p0_ts2_vq0p95_bf0p5_ra1p2,1.25,3.0,30,require_no_stop_zone_touch_before_entry,"{""stop_zone_fraction"": 0.5}",delay_stop_zone_filter
mnq_30min_require_no_stop_zone_touch_before_entry_sm1p25_tm3p00_d30_sz0p75,MNQ,30min,1min,dynamic_exit_atr_target_1p0_ts2_vq0p95_bf0p5_ra1p2,1.25,3.0,30,require_no_stop_zone_touch_before_entry,"{""stop_zone_fraction"": 0.75}",delay_stop_zone_filter
mnq_30min_require_no_stop_zone_touch_before_entry_sm1p25_tm3p00_d30_sz1p00,MNQ,30min,1min,dynamic_exit_atr_target_1p0_ts2_vq0p95_bf0p5_ra1p2,1.25,3.0,30,require_no_stop_zone_touch_before_entry,"{""stop_zone_fraction"": 1.0}",delay_stop_zone_filter
mnq_30min_avoid_immediate_adverse_move_sm1p25_tm3p00_d30_aw5_mt8,MNQ,30min,1min,dynamic_exit_atr_target_1p0_ts2_vq0p95_bf0p5_ra1p2,1.25,3.0,30,avoid_immediate_adverse_move,"{""adverse_window_minutes"": 5, ""max_adverse_ticks"": 8}",delay_adverse_filter
mnq_30min_avoid_immediate_adverse_move_sm1p25_tm3p00_d30_aw5_mt12,MNQ,30min,1min,dynamic_exit_atr_target_1p0_ts2_vq0p95_bf0p5_ra1p2,1.25,3.0,30,avoid_immediate_adverse_move,"{""adverse_window_minutes"": 5, ""max_adverse_ticks"": 12}",delay_adverse_filter
mnq_30min_avoid_immediate_adverse_move_sm1p25_tm3p00_d30_aw5_mt16,MNQ,30min,1min,dynamic_exit_atr_target_1p0_ts2_vq0p95_bf0p5_ra1p2,1.25,3.0,30,avoid_immediate_adverse_move,"{""adverse_window_minutes"": 5, ""max_adverse_ticks"": 16}",delay_adverse_filter
mnq_30min_avoid_immediate_adverse_move_sm1p25_tm3p00_d30_aw10_mt8,MNQ,30min,1min,dynamic_exit_atr_target_1p0_ts2_vq0p95_bf0p5_ra1p2,1.25,3.0,30,avoid_immediate_adverse_move,"{""adverse_window_minutes"": 10, ""max_adverse_ticks"": 8}",delay_adverse_filter
mnq_30min_avoid_immediate_adverse_move_sm1p25_tm3p00_d30_aw10_mt12,MNQ,30min,1min,dynamic_exit_atr_target_1p0_ts2_vq0p95_bf0p5_ra1p2,1.25,3.0,30,avoid_immediate_adverse_move,"{""adverse_window_minutes"": 10, ""max_adverse_ticks"": 12}",delay_adverse_filter
mnq_30min_avoid_immediate_adverse_move_sm1p25_tm3p00_d30_aw10_mt16,MNQ,30min,1min,dynamic_exit_atr_target_1p0_ts2_vq0p95_bf0p5_ra1p2,1.25,3.0,30,avoid_immediate_adverse_move,"{""adverse_window_minutes"": 10, ""max_adverse_ticks"": 16}",delay_adverse_filter
mnq_1h_none_sm1p00_tm1p00_d0,MNQ,1H,1min,dynamic_exit_atr_target_1p0_ts2_vq0p95_bf0p5_ra1p2,1.0,1.0,0,none,{},raw_hybrid
mnq_1h_none_sm1p00_tm1p00_d5,MNQ,1H,1min,dynamic_exit_atr_target_1p0_ts2_vq0p95_bf0p5_ra1p2,1.0,1.0,5,none,{},delay_only
mnq_1h_none_sm1p00_tm1p00_d15,MNQ,1H,1min,dynamic_exit_atr_target_1p0_ts2_vq0p95_bf0p5_ra1p2,1.0,1.0,15,none,{},delay_only
mnq_1h_none_sm1p00_tm1p00_d30,MNQ,1H,1min,dynamic_exit_atr_target_1p0_ts2_vq0p95_bf0p5_ra1p2,1.0,1.0,30,none,{},delay_only
mnq_1h_none_sm0p75_tm1p50_d0,MNQ,1H,1min,dynamic_exit_atr_target_1p0_ts2_vq0p95_bf0p5_ra1p2,0.75,1.5,0,none,{},stop_target_recalibration
mnq_1h_none_sm0p75_tm1p50_d5,MNQ,1H,1min,dynamic_exit_atr_target_1p0_ts2_vq0p95_bf0p5_ra1p2,0.75,1.5,5,none,{},delay_stop_target
mnq_1h_none_sm0p75_tm1p50_d15,MNQ,1H,1min,dynamic_exit_atr_target_1p0_ts2_vq0p95_bf0p5_ra1p2,0.75,1.5,15,none,{},delay_stop_target
mnq_1h_none_sm0p75_tm1p50_d30,MNQ,1H,1min,dynamic_exit_atr_target_1p0_ts2_vq0p95_bf0p5_ra1p2,0.75,1.5,30,none,{},delay_stop_target
mnq_1h_none_sm0p75_tm2p00_d0,MNQ,1H,1min,dynamic_exit_atr_target_1p0_ts2_vq0p95_bf0p5_ra1p2,0.75,2.0,0,none,{},stop_target_recalibration
mnq_1h_none_sm0p75_tm2p00_d5,MNQ,1H,1min,dynamic_exit_atr_target_1p0_ts2_vq0p95_bf0p5_ra1p2,0.75,2.0,5,none,{},delay_stop_target
mnq_1h_none_sm0p75_tm2p00_d15,MNQ,1H,1min,dynamic_exit_atr_target_1p0_ts2_vq0p95_bf0p5_ra1p2,0.75,2.0,15,none,{},delay_stop_target
mnq_1h_none_sm0p75_tm2p00_d30,MNQ,1H,1min,dynamic_exit_atr_target_1p0_ts2_vq0p95_bf0p5_ra1p2,0.75,2.0,30,none,{},delay_stop_target
mnq_1h_none_sm0p75_tm2p50_d0,MNQ,1H,1min,dynamic_exit_atr_target_1p0_ts2_vq0p95_bf0p5_ra1p2,0.75,2.5,0,none,{},stop_target_recalibration
mnq_1h_none_sm0p75_tm2p50_d5,MNQ,1H,1min,dynamic_exit_atr_target_1p0_ts2_vq0p95_bf0p5_ra1p2,0.75,2.5,5,none,{},delay_stop_target
mnq_1h_none_sm0p75_tm2p50_d15,MNQ,1H,1min,dynamic_exit_atr_target_1p0_ts2_vq0p95_bf0p5_ra1p2,0.75,2.5,15,none,{},delay_stop_target
mnq_1h_none_sm0p75_tm2p50_d30,MNQ,1H,1min,dynamic_exit_atr_target_1p0_ts2_vq0p95_bf0p5_ra1p2,0.75,2.5,30,none,{},delay_stop_target
mnq_1h_none_sm0p75_tm3p00_d0,MNQ,1H,1min,dynamic_exit_atr_target_1p0_ts2_vq0p95_bf0p5_ra1p2,0.75,3.0,0,none,{},stop_target_recalibration
mnq_1h_none_sm0p75_tm3p00_d5,MNQ,1H,1min,dynamic_exit_atr_target_1p0_ts2_vq0p95_bf0p5_ra1p2,0.75,3.0,5,none,{},delay_stop_target
mnq_1h_none_sm0p75_tm3p00_d15,MNQ,1H,1min,dynamic_exit_atr_target_1p0_ts2_vq0p95_bf0p5_ra1p2,0.75,3.0,15,none,{},delay_stop_target
mnq_1h_none_sm0p75_tm3p00_d30,MNQ,1H,1min,dynamic_exit_atr_target_1p0_ts2_vq0p95_bf0p5_ra1p2,0.75,3.0,30,none,{},delay_stop_target
mnq_1h_none_sm1p00_tm1p50_d0,MNQ,1H,1min,dynamic_exit_atr_target_1p0_ts2_vq0p95_bf0p5_ra1p2,1.0,1.5,0,none,{},stop_target_recalibration
mnq_1h_none_sm1p00_tm1p50_d5,MNQ,1H,1min,dynamic_exit_atr_target_1p0_ts2_vq0p95_bf0p5_ra1p2,1.0,1.5,5,none,{},delay_stop_target
mnq_1h_none_sm1p00_tm1p50_d15,MNQ,1H,1min,dynamic_exit_atr_target_1p0_ts2_vq0p95_bf0p5_ra1p2,1.0,1.5,15,none,{},delay_stop_target
mnq_1h_none_sm1p00_tm1p50_d30,MNQ,1H,1min,dynamic_exit_atr_target_1p0_ts2_vq0p95_bf0p5_ra1p2,1.0,1.5,30,none,{},delay_stop_target
mnq_1h_none_sm1p00_tm2p00_d0,MNQ,1H,1min,dynamic_exit_atr_target_1p0_ts2_vq0p95_bf0p5_ra1p2,1.0,2.0,0,none,{},stop_target_recalibration
mnq_1h_none_sm1p00_tm2p00_d5,MNQ,1H,1min,dynamic_exit_atr_target_1p0_ts2_vq0p95_bf0p5_ra1p2,1.0,2.0,5,none,{},delay_stop_target
mnq_1h_none_sm1p00_tm2p00_d15,MNQ,1H,1min,dynamic_exit_atr_target_1p0_ts2_vq0p95_bf0p5_ra1p2,1.0,2.0,15,none,{},delay_stop_target
mnq_1h_none_sm1p00_tm2p00_d30,MNQ,1H,1min,dynamic_exit_atr_target_1p0_ts2_vq0p95_bf0p5_ra1p2,1.0,2.0,30,none,{},delay_stop_target
mnq_1h_none_sm1p00_tm2p50_d0,MNQ,1H,1min,dynamic_exit_atr_target_1p0_ts2_vq0p95_bf0p5_ra1p2,1.0,2.5,0,none,{},stop_target_recalibration
mnq_1h_none_sm1p00_tm2p50_d5,MNQ,1H,1min,dynamic_exit_atr_target_1p0_ts2_vq0p95_bf0p5_ra1p2,1.0,2.5,5,none,{},delay_stop_target
mnq_1h_none_sm1p00_tm2p50_d15,MNQ,1H,1min,dynamic_exit_atr_target_1p0_ts2_vq0p95_bf0p5_ra1p2,1.0,2.5,15,none,{},delay_stop_target
mnq_1h_none_sm1p00_tm2p50_d30,MNQ,1H,1min,dynamic_exit_atr_target_1p0_ts2_vq0p95_bf0p5_ra1p2,1.0,2.5,30,none,{},delay_stop_target
mnq_1h_none_sm1p00_tm3p00_d0,MNQ,1H,1min,dynamic_exit_atr_target_1p0_ts2_vq0p95_bf0p5_ra1p2,1.0,3.0,0,none,{},stop_target_recalibration
mnq_1h_none_sm1p00_tm3p00_d5,MNQ,1H,1min,dynamic_exit_atr_target_1p0_ts2_vq0p95_bf0p5_ra1p2,1.0,3.0,5,none,{},delay_stop_target
mnq_1h_none_sm1p00_tm3p00_d15,MNQ,1H,1min,dynamic_exit_atr_target_1p0_ts2_vq0p95_bf0p5_ra1p2,1.0,3.0,15,none,{},delay_stop_target
mnq_1h_none_sm1p00_tm3p00_d30,MNQ,1H,1min,dynamic_exit_atr_target_1p0_ts2_vq0p95_bf0p5_ra1p2,1.0,3.0,30,none,{},delay_stop_target
mnq_1h_none_sm1p25_tm1p50_d0,MNQ,1H,1min,dynamic_exit_atr_target_1p0_ts2_vq0p95_bf0p5_ra1p2,1.25,1.5,0,none,{},stop_target_recalibration
mnq_1h_none_sm1p25_tm1p50_d5,MNQ,1H,1min,dynamic_exit_atr_target_1p0_ts2_vq0p95_bf0p5_ra1p2,1.25,1.5,5,none,{},delay_stop_target
mnq_1h_none_sm1p25_tm1p50_d15,MNQ,1H,1min,dynamic_exit_atr_target_1p0_ts2_vq0p95_bf0p5_ra1p2,1.25,1.5,15,none,{},delay_stop_target
mnq_1h_none_sm1p25_tm1p50_d30,MNQ,1H,1min,dynamic_exit_atr_target_1p0_ts2_vq0p95_bf0p5_ra1p2,1.25,1.5,30,none,{},delay_stop_target
mnq_1h_none_sm1p25_tm2p00_d0,MNQ,1H,1min,dynamic_exit_atr_target_1p0_ts2_vq0p95_bf0p5_ra1p2,1.25,2.0,0,none,{},stop_target_recalibration
mnq_1h_none_sm1p25_tm2p00_d5,MNQ,1H,1min,dynamic_exit_atr_target_1p0_ts2_vq0p95_bf0p5_ra1p2,1.25,2.0,5,none,{},delay_stop_target
mnq_1h_none_sm1p25_tm2p00_d15,MNQ,1H,1min,dynamic_exit_atr_target_1p0_ts2_vq0p95_bf0p5_ra1p2,1.25,2.0,15,none,{},delay_stop_target
mnq_1h_none_sm1p25_tm2p00_d30,MNQ,1H,1min,dynamic_exit_atr_target_1p0_ts2_vq0p95_bf0p5_ra1p2,1.25,2.0,30,none,{},delay_stop_target
mnq_1h_none_sm1p25_tm2p50_d0,MNQ,1H,1min,dynamic_exit_atr_target_1p0_ts2_vq0p95_bf0p5_ra1p2,1.25,2.5,0,none,{},stop_target_recalibration
mnq_1h_none_sm1p25_tm2p50_d5,MNQ,1H,1min,dynamic_exit_atr_target_1p0_ts2_vq0p95_bf0p5_ra1p2,1.25,2.5,5,none,{},delay_stop_target
mnq_1h_none_sm1p25_tm2p50_d15,MNQ,1H,1min,dynamic_exit_atr_target_1p0_ts2_vq0p95_bf0p5_ra1p2,1.25,2.5,15,none,{},delay_stop_target
mnq_1h_none_sm1p25_tm2p50_d30,MNQ,1H,1min,dynamic_exit_atr_target_1p0_ts2_vq0p95_bf0p5_ra1p2,1.25,2.5,30,none,{},delay_stop_target
mnq_1h_none_sm1p25_tm3p00_d0,MNQ,1H,1min,dynamic_exit_atr_target_1p0_ts2_vq0p95_bf0p5_ra1p2,1.25,3.0,0,none,{},stop_target_recalibration
mnq_1h_none_sm1p25_tm3p00_d5,MNQ,1H,1min,dynamic_exit_atr_target_1p0_ts2_vq0p95_bf0p5_ra1p2,1.25,3.0,5,none,{},delay_stop_target
mnq_1h_none_sm1p25_tm3p00_d15,MNQ,1H,1min,dynamic_exit_atr_target_1p0_ts2_vq0p95_bf0p5_ra1p2,1.25,3.0,15,none,{},delay_stop_target
mnq_1h_none_sm1p25_tm3p00_d30,MNQ,1H,1min,dynamic_exit_atr_target_1p0_ts2_vq0p95_bf0p5_ra1p2,1.25,3.0,30,none,{},delay_stop_target
mnq_1h_none_sm1p50_tm1p50_d0,MNQ,1H,1min,dynamic_exit_atr_target_1p0_ts2_vq0p95_bf0p5_ra1p2,1.5,1.5,0,none,{},stop_target_recalibration
mnq_1h_none_sm1p50_tm1p50_d5,MNQ,1H,1min,dynamic_exit_atr_target_1p0_ts2_vq0p95_bf0p5_ra1p2,1.5,1.5,5,none,{},delay_stop_target
mnq_1h_none_sm1p50_tm1p50_d15,MNQ,1H,1min,dynamic_exit_atr_target_1p0_ts2_vq0p95_bf0p5_ra1p2,1.5,1.5,15,none,{},delay_stop_target
mnq_1h_none_sm1p50_tm1p50_d30,MNQ,1H,1min,dynamic_exit_atr_target_1p0_ts2_vq0p95_bf0p5_ra1p2,1.5,1.5,30,none,{},delay_stop_target
mnq_1h_none_sm1p50_tm2p00_d0,MNQ,1H,1min,dynamic_exit_atr_target_1p0_ts2_vq0p95_bf0p5_ra1p2,1.5,2.0,0,none,{},stop_target_recalibration
mnq_1h_none_sm1p50_tm2p00_d5,MNQ,1H,1min,dynamic_exit_atr_target_1p0_ts2_vq0p95_bf0p5_ra1p2,1.5,2.0,5,none,{},delay_stop_target
mnq_1h_none_sm1p50_tm2p00_d15,MNQ,1H,1min,dynamic_exit_atr_target_1p0_ts2_vq0p95_bf0p5_ra1p2,1.5,2.0,15,none,{},delay_stop_target
mnq_1h_none_sm1p50_tm2p00_d30,MNQ,1H,1min,dynamic_exit_atr_target_1p0_ts2_vq0p95_bf0p5_ra1p2,1.5,2.0,30,none,{},delay_stop_target
mnq_1h_none_sm1p50_tm2p50_d0,MNQ,1H,1min,dynamic_exit_atr_target_1p0_ts2_vq0p95_bf0p5_ra1p2,1.5,2.5,0,none,{},stop_target_recalibration
mnq_1h_none_sm1p50_tm2p50_d5,MNQ,1H,1min,dynamic_exit_atr_target_1p0_ts2_vq0p95_bf0p5_ra1p2,1.5,2.5,5,none,{},delay_stop_target
mnq_1h_none_sm1p50_tm2p50_d15,MNQ,1H,1min,dynamic_exit_atr_target_1p0_ts2_vq0p95_bf0p5_ra1p2,1.5,2.5,15,none,{},delay_stop_target
mnq_1h_none_sm1p50_tm2p50_d30,MNQ,1H,1min,dynamic_exit_atr_target_1p0_ts2_vq0p95_bf0p5_ra1p2,1.5,2.5,30,none,{},delay_stop_target
mnq_1h_none_sm1p50_tm3p00_d0,MNQ,1H,1min,dynamic_exit_atr_target_1p0_ts2_vq0p95_bf0p5_ra1p2,1.5,3.0,0,none,{},stop_target_recalibration
mnq_1h_none_sm1p50_tm3p00_d5,MNQ,1H,1min,dynamic_exit_atr_target_1p0_ts2_vq0p95_bf0p5_ra1p2,1.5,3.0,5,none,{},delay_stop_target
mnq_1h_none_sm1p50_tm3p00_d15,MNQ,1H,1min,dynamic_exit_atr_target_1p0_ts2_vq0p95_bf0p5_ra1p2,1.5,3.0,15,none,{},delay_stop_target
mnq_1h_none_sm1p50_tm3p00_d30,MNQ,1H,1min,dynamic_exit_atr_target_1p0_ts2_vq0p95_bf0p5_ra1p2,1.5,3.0,30,none,{},delay_stop_target
mnq_1h_require_no_stop_zone_touch_before_entry_sm0p75_tm2p00_d5_sz0p50,MNQ,1H,1min,dynamic_exit_atr_target_1p0_ts2_vq0p95_bf0p5_ra1p2,0.75,2.0,5,require_no_stop_zone_touch_before_entry,"{""stop_zone_fraction"": 0.5}",delay_stop_zone_filter
mnq_1h_require_no_stop_zone_touch_before_entry_sm0p75_tm2p00_d5_sz0p75,MNQ,1H,1min,dynamic_exit_atr_target_1p0_ts2_vq0p95_bf0p5_ra1p2,0.75,2.0,5,require_no_stop_zone_touch_before_entry,"{""stop_zone_fraction"": 0.75}",delay_stop_zone_filter
mnq_1h_require_no_stop_zone_touch_before_entry_sm0p75_tm2p00_d5_sz1p00,MNQ,1H,1min,dynamic_exit_atr_target_1p0_ts2_vq0p95_bf0p5_ra1p2,0.75,2.0,5,require_no_stop_zone_touch_before_entry,"{""stop_zone_fraction"": 1.0}",delay_stop_zone_filter
mnq_1h_avoid_immediate_adverse_move_sm0p75_tm2p00_d5_aw5_mt8,MNQ,1H,1min,dynamic_exit_atr_target_1p0_ts2_vq0p95_bf0p5_ra1p2,0.75,2.0,5,avoid_immediate_adverse_move,"{""adverse_window_minutes"": 5, ""max_adverse_ticks"": 8}",delay_adverse_filter
mnq_1h_avoid_immediate_adverse_move_sm0p75_tm2p00_d5_aw5_mt12,MNQ,1H,1min,dynamic_exit_atr_target_1p0_ts2_vq0p95_bf0p5_ra1p2,0.75,2.0,5,avoid_immediate_adverse_move,"{""adverse_window_minutes"": 5, ""max_adverse_ticks"": 12}",delay_adverse_filter
mnq_1h_avoid_immediate_adverse_move_sm0p75_tm2p00_d5_aw5_mt16,MNQ,1H,1min,dynamic_exit_atr_target_1p0_ts2_vq0p95_bf0p5_ra1p2,0.75,2.0,5,avoid_immediate_adverse_move,"{""adverse_window_minutes"": 5, ""max_adverse_ticks"": 16}",delay_adverse_filter
mnq_1h_require_no_stop_zone_touch_before_entry_sm0p75_tm2p00_d15_sz0p50,MNQ,1H,1min,dynamic_exit_atr_target_1p0_ts2_vq0p95_bf0p5_ra1p2,0.75,2.0,15,require_no_stop_zone_touch_before_entry,"{""stop_zone_fraction"": 0.5}",delay_stop_zone_filter
mnq_1h_require_no_stop_zone_touch_before_entry_sm0p75_tm2p00_d15_sz0p75,MNQ,1H,1min,dynamic_exit_atr_target_1p0_ts2_vq0p95_bf0p5_ra1p2,0.75,2.0,15,require_no_stop_zone_touch_before_entry,"{""stop_zone_fraction"": 0.75}",delay_stop_zone_filter
mnq_1h_require_no_stop_zone_touch_before_entry_sm0p75_tm2p00_d15_sz1p00,MNQ,1H,1min,dynamic_exit_atr_target_1p0_ts2_vq0p95_bf0p5_ra1p2,0.75,2.0,15,require_no_stop_zone_touch_before_entry,"{""stop_zone_fraction"": 1.0}",delay_stop_zone_filter
mnq_1h_avoid_immediate_adverse_move_sm0p75_tm2p00_d15_aw5_mt8,MNQ,1H,1min,dynamic_exit_atr_target_1p0_ts2_vq0p95_bf0p5_ra1p2,0.75,2.0,15,avoid_immediate_adverse_move,"{""adverse_window_minutes"": 5, ""max_adverse_ticks"": 8}",delay_adverse_filter
mnq_1h_avoid_immediate_adverse_move_sm0p75_tm2p00_d15_aw5_mt12,MNQ,1H,1min,dynamic_exit_atr_target_1p0_ts2_vq0p95_bf0p5_ra1p2,0.75,2.0,15,avoid_immediate_adverse_move,"{""adverse_window_minutes"": 5, ""max_adverse_ticks"": 12}",delay_adverse_filter
mnq_1h_avoid_immediate_adverse_move_sm0p75_tm2p00_d15_aw5_mt16,MNQ,1H,1min,dynamic_exit_atr_target_1p0_ts2_vq0p95_bf0p5_ra1p2,0.75,2.0,15,avoid_immediate_adverse_move,"{""adverse_window_minutes"": 5, ""max_adverse_ticks"": 16}",delay_adverse_filter
mnq_1h_avoid_immediate_adverse_move_sm0p75_tm2p00_d15_aw10_mt8,MNQ,1H,1min,dynamic_exit_atr_target_1p0_ts2_vq0p95_bf0p5_ra1p2,0.75,2.0,15,avoid_immediate_adverse_move,"{""adverse_window_minutes"": 10, ""max_adverse_ticks"": 8}",delay_adverse_filter
mnq_1h_avoid_immediate_adverse_move_sm0p75_tm2p00_d15_aw10_mt12,MNQ,1H,1min,dynamic_exit_atr_target_1p0_ts2_vq0p95_bf0p5_ra1p2,0.75,2.0,15,avoid_immediate_adverse_move,"{""adverse_window_minutes"": 10, ""max_adverse_ticks"": 12}",delay_adverse_filter
mnq_1h_avoid_immediate_adverse_move_sm0p75_tm2p00_d15_aw10_mt16,MNQ,1H,1min,dynamic_exit_atr_target_1p0_ts2_vq0p95_bf0p5_ra1p2,0.75,2.0,15,avoid_immediate_adverse_move,"{""adverse_window_minutes"": 10, ""max_adverse_ticks"": 16}",delay_adverse_filter
mnq_1h_require_no_stop_zone_touch_before_entry_sm0p75_tm2p00_d30_sz0p50,MNQ,1H,1min,dynamic_exit_atr_target_1p0_ts2_vq0p95_bf0p5_ra1p2,0.75,2.0,30,require_no_stop_zone_touch_before_entry,"{""stop_zone_fraction"": 0.5}",delay_stop_zone_filter
mnq_1h_require_no_stop_zone_touch_before_entry_sm0p75_tm2p00_d30_sz0p75,MNQ,1H,1min,dynamic_exit_atr_target_1p0_ts2_vq0p95_bf0p5_ra1p2,0.75,2.0,30,require_no_stop_zone_touch_before_entry,"{""stop_zone_fraction"": 0.75}",delay_stop_zone_filter
mnq_1h_require_no_stop_zone_touch_before_entry_sm0p75_tm2p00_d30_sz1p00,MNQ,1H,1min,dynamic_exit_atr_target_1p0_ts2_vq0p95_bf0p5_ra1p2,0.75,2.0,30,require_no_stop_zone_touch_before_entry,"{""stop_zone_fraction"": 1.0}",delay_stop_zone_filter
mnq_1h_avoid_immediate_adverse_move_sm0p75_tm2p00_d30_aw5_mt8,MNQ,1H,1min,dynamic_exit_atr_target_1p0_ts2_vq0p95_bf0p5_ra1p2,0.75,2.0,30,avoid_immediate_adverse_move,"{""adverse_window_minutes"": 5, ""max_adverse_ticks"": 8}",delay_adverse_filter
mnq_1h_avoid_immediate_adverse_move_sm0p75_tm2p00_d30_aw5_mt12,MNQ,1H,1min,dynamic_exit_atr_target_1p0_ts2_vq0p95_bf0p5_ra1p2,0.75,2.0,30,avoid_immediate_adverse_move,"{""adverse_window_minutes"": 5, ""max_adverse_ticks"": 12}",delay_adverse_filter
mnq_1h_avoid_immediate_adverse_move_sm0p75_tm2p00_d30_aw5_mt16,MNQ,1H,1min,dynamic_exit_atr_target_1p0_ts2_vq0p95_bf0p5_ra1p2,0.75,2.0,30,avoid_immediate_adverse_move,"{""adverse_window_minutes"": 5, ""max_adverse_ticks"": 16}",delay_adverse_filter
mnq_1h_avoid_immediate_adverse_move_sm0p75_tm2p00_d30_aw10_mt8,MNQ,1H,1min,dynamic_exit_atr_target_1p0_ts2_vq0p95_bf0p5_ra1p2,0.75,2.0,30,avoid_immediate_adverse_move,"{""adverse_window_minutes"": 10, ""max_adverse_ticks"": 8}",delay_adverse_filter
mnq_1h_avoid_immediate_adverse_move_sm0p75_tm2p00_d30_aw10_mt12,MNQ,1H,1min,dynamic_exit_atr_target_1p0_ts2_vq0p95_bf0p5_ra1p2,0.75,2.0,30,avoid_immediate_adverse_move,"{""adverse_window_minutes"": 10, ""max_adverse_ticks"": 12}",delay_adverse_filter
mnq_1h_avoid_immediate_adverse_move_sm0p75_tm2p00_d30_aw10_mt16,MNQ,1H,1min,dynamic_exit_atr_target_1p0_ts2_vq0p95_bf0p5_ra1p2,0.75,2.0,30,avoid_immediate_adverse_move,"{""adverse_window_minutes"": 10, ""max_adverse_ticks"": 16}",delay_adverse_filter
mnq_1h_require_no_stop_zone_touch_before_entry_sm0p75_tm2p50_d5_sz0p50,MNQ,1H,1min,dynamic_exit_atr_target_1p0_ts2_vq0p95_bf0p5_ra1p2,0.75,2.5,5,require_no_stop_zone_touch_before_entry,"{""stop_zone_fraction"": 0.5}",delay_stop_zone_filter
mnq_1h_require_no_stop_zone_touch_before_entry_sm0p75_tm2p50_d5_sz0p75,MNQ,1H,1min,dynamic_exit_atr_target_1p0_ts2_vq0p95_bf0p5_ra1p2,0.75,2.5,5,require_no_stop_zone_touch_before_entry,"{""stop_zone_fraction"": 0.75}",delay_stop_zone_filter
mnq_1h_require_no_stop_zone_touch_before_entry_sm0p75_tm2p50_d5_sz1p00,MNQ,1H,1min,dynamic_exit_atr_target_1p0_ts2_vq0p95_bf0p5_ra1p2,0.75,2.5,5,require_no_stop_zone_touch_before_entry,"{""stop_zone_fraction"": 1.0}",delay_stop_zone_filter
mnq_1h_avoid_immediate_adverse_move_sm0p75_tm2p50_d5_aw5_mt8,MNQ,1H,1min,dynamic_exit_atr_target_1p0_ts2_vq0p95_bf0p5_ra1p2,0.75,2.5,5,avoid_immediate_adverse_move,"{""adverse_window_minutes"": 5, ""max_adverse_ticks"": 8}",delay_adverse_filter
mnq_1h_avoid_immediate_adverse_move_sm0p75_tm2p50_d5_aw5_mt12,MNQ,1H,1min,dynamic_exit_atr_target_1p0_ts2_vq0p95_bf0p5_ra1p2,0.75,2.5,5,avoid_immediate_adverse_move,"{""adverse_window_minutes"": 5, ""max_adverse_ticks"": 12}",delay_adverse_filter
mnq_1h_avoid_immediate_adverse_move_sm0p75_tm2p50_d5_aw5_mt16,MNQ,1H,1min,dynamic_exit_atr_target_1p0_ts2_vq0p95_bf0p5_ra1p2,0.75,2.5,5,avoid_immediate_adverse_move,"{""adverse_window_minutes"": 5, ""max_adverse_ticks"": 16}",delay_adverse_filter
mnq_1h_require_no_stop_zone_touch_before_entry_sm0p75_tm2p50_d15_sz0p50,MNQ,1H,1min,dynamic_exit_atr_target_1p0_ts2_vq0p95_bf0p5_ra1p2,0.75,2.5,15,require_no_stop_zone_touch_before_entry,"{""stop_zone_fraction"": 0.5}",delay_stop_zone_filter
mnq_1h_require_no_stop_zone_touch_before_entry_sm0p75_tm2p50_d15_sz0p75,MNQ,1H,1min,dynamic_exit_atr_target_1p0_ts2_vq0p95_bf0p5_ra1p2,0.75,2.5,15,require_no_stop_zone_touch_before_entry,"{""stop_zone_fraction"": 0.75}",delay_stop_zone_filter
mnq_1h_require_no_stop_zone_touch_before_entry_sm0p75_tm2p50_d15_sz1p00,MNQ,1H,1min,dynamic_exit_atr_target_1p0_ts2_vq0p95_bf0p5_ra1p2,0.75,2.5,15,require_no_stop_zone_touch_before_entry,"{""stop_zone_fraction"": 1.0}",delay_stop_zone_filter
mnq_1h_avoid_immediate_adverse_move_sm0p75_tm2p50_d15_aw5_mt8,MNQ,1H,1min,dynamic_exit_atr_target_1p0_ts2_vq0p95_bf0p5_ra1p2,0.75,2.5,15,avoid_immediate_adverse_move,"{""adverse_window_minutes"": 5, ""max_adverse_ticks"": 8}",delay_adverse_filter
mnq_1h_avoid_immediate_adverse_move_sm0p75_tm2p50_d15_aw5_mt12,MNQ,1H,1min,dynamic_exit_atr_target_1p0_ts2_vq0p95_bf0p5_ra1p2,0.75,2.5,15,avoid_immediate_adverse_move,"{""adverse_window_minutes"": 5, ""max_adverse_ticks"": 12}",delay_adverse_filter
mnq_1h_avoid_immediate_adverse_move_sm0p75_tm2p50_d15_aw5_mt16,MNQ,1H,1min,dynamic_exit_atr_target_1p0_ts2_vq0p95_bf0p5_ra1p2,0.75,2.5,15,avoid_immediate_adverse_move,"{""adverse_window_minutes"": 5, ""max_adverse_ticks"": 16}",delay_adverse_filter
mnq_1h_avoid_immediate_adverse_move_sm0p75_tm2p50_d15_aw10_mt8,MNQ,1H,1min,dynamic_exit_atr_target_1p0_ts2_vq0p95_bf0p5_ra1p2,0.75,2.5,15,avoid_immediate_adverse_move,"{""adverse_window_minutes"": 10, ""max_adverse_ticks"": 8}",delay_adverse_filter
mnq_1h_avoid_immediate_adverse_move_sm0p75_tm2p50_d15_aw10_mt12,MNQ,1H,1min,dynamic_exit_atr_target_1p0_ts2_vq0p95_bf0p5_ra1p2,0.75,2.5,15,avoid_immediate_adverse_move,"{""adverse_window_minutes"": 10, ""max_adverse_ticks"": 12}",delay_adverse_filter
mnq_1h_avoid_immediate_adverse_move_sm0p75_tm2p50_d15_aw10_mt16,MNQ,1H,1min,dynamic_exit_atr_target_1p0_ts2_vq0p95_bf0p5_ra1p2,0.75,2.5,15,avoid_immediate_adverse_move,"{""adverse_window_minutes"": 10, ""max_adverse_ticks"": 16}",delay_adverse_filter
mnq_1h_require_no_stop_zone_touch_before_entry_sm0p75_tm2p50_d30_sz0p50,MNQ,1H,1min,dynamic_exit_atr_target_1p0_ts2_vq0p95_bf0p5_ra1p2,0.75,2.5,30,require_no_stop_zone_touch_before_entry,"{""stop_zone_fraction"": 0.5}",delay_stop_zone_filter
mnq_1h_require_no_stop_zone_touch_before_entry_sm0p75_tm2p50_d30_sz0p75,MNQ,1H,1min,dynamic_exit_atr_target_1p0_ts2_vq0p95_bf0p5_ra1p2,0.75,2.5,30,require_no_stop_zone_touch_before_entry,"{""stop_zone_fraction"": 0.75}",delay_stop_zone_filter
mnq_1h_require_no_stop_zone_touch_before_entry_sm0p75_tm2p50_d30_sz1p00,MNQ,1H,1min,dynamic_exit_atr_target_1p0_ts2_vq0p95_bf0p5_ra1p2,0.75,2.5,30,require_no_stop_zone_touch_before_entry,"{""stop_zone_fraction"": 1.0}",delay_stop_zone_filter
mnq_1h_avoid_immediate_adverse_move_sm0p75_tm2p50_d30_aw5_mt8,MNQ,1H,1min,dynamic_exit_atr_target_1p0_ts2_vq0p95_bf0p5_ra1p2,0.75,2.5,30,avoid_immediate_adverse_move,"{""adverse_window_minutes"": 5, ""max_adverse_ticks"": 8}",delay_adverse_filter
mnq_1h_avoid_immediate_adverse_move_sm0p75_tm2p50_d30_aw5_mt12,MNQ,1H,1min,dynamic_exit_atr_target_1p0_ts2_vq0p95_bf0p5_ra1p2,0.75,2.5,30,avoid_immediate_adverse_move,"{""adverse_window_minutes"": 5, ""max_adverse_ticks"": 12}",delay_adverse_filter
mnq_1h_avoid_immediate_adverse_move_sm0p75_tm2p50_d30_aw5_mt16,MNQ,1H,1min,dynamic_exit_atr_target_1p0_ts2_vq0p95_bf0p5_ra1p2,0.75,2.5,30,avoid_immediate_adverse_move,"{""adverse_window_minutes"": 5, ""max_adverse_ticks"": 16}",delay_adverse_filter
mnq_1h_avoid_immediate_adverse_move_sm0p75_tm2p50_d30_aw10_mt8,MNQ,1H,1min,dynamic_exit_atr_target_1p0_ts2_vq0p95_bf0p5_ra1p2,0.75,2.5,30,avoid_immediate_adverse_move,"{""adverse_window_minutes"": 10, ""max_adverse_ticks"": 8}",delay_adverse_filter
mnq_1h_avoid_immediate_adverse_move_sm0p75_tm2p50_d30_aw10_mt12,MNQ,1H,1min,dynamic_exit_atr_target_1p0_ts2_vq0p95_bf0p5_ra1p2,0.75,2.5,30,avoid_immediate_adverse_move,"{""adverse_window_minutes"": 10, ""max_adverse_ticks"": 12}",delay_adverse_filter
mnq_1h_avoid_immediate_adverse_move_sm0p75_tm2p50_d30_aw10_mt16,MNQ,1H,1min,dynamic_exit_atr_target_1p0_ts2_vq0p95_bf0p5_ra1p2,0.75,2.5,30,avoid_immediate_adverse_move,"{""adverse_window_minutes"": 10, ""max_adverse_ticks"": 16}",delay_adverse_filter
mnq_1h_require_no_stop_zone_touch_before_entry_sm0p75_tm3p00_d5_sz0p50,MNQ,1H,1min,dynamic_exit_atr_target_1p0_ts2_vq0p95_bf0p5_ra1p2,0.75,3.0,5,require_no_stop_zone_touch_before_entry,"{""stop_zone_fraction"": 0.5}",delay_stop_zone_filter
mnq_1h_require_no_stop_zone_touch_before_entry_sm0p75_tm3p00_d5_sz0p75,MNQ,1H,1min,dynamic_exit_atr_target_1p0_ts2_vq0p95_bf0p5_ra1p2,0.75,3.0,5,require_no_stop_zone_touch_before_entry,"{""stop_zone_fraction"": 0.75}",delay_stop_zone_filter
mnq_1h_require_no_stop_zone_touch_before_entry_sm0p75_tm3p00_d5_sz1p00,MNQ,1H,1min,dynamic_exit_atr_target_1p0_ts2_vq0p95_bf0p5_ra1p2,0.75,3.0,5,require_no_stop_zone_touch_before_entry,"{""stop_zone_fraction"": 1.0}",delay_stop_zone_filter
mnq_1h_avoid_immediate_adverse_move_sm0p75_tm3p00_d5_aw5_mt8,MNQ,1H,1min,dynamic_exit_atr_target_1p0_ts2_vq0p95_bf0p5_ra1p2,0.75,3.0,5,avoid_immediate_adverse_move,"{""adverse_window_minutes"": 5, ""max_adverse_ticks"": 8}",delay_adverse_filter
mnq_1h_avoid_immediate_adverse_move_sm0p75_tm3p00_d5_aw5_mt12,MNQ,1H,1min,dynamic_exit_atr_target_1p0_ts2_vq0p95_bf0p5_ra1p2,0.75,3.0,5,avoid_immediate_adverse_move,"{""adverse_window_minutes"": 5, ""max_adverse_ticks"": 12}",delay_adverse_filter
mnq_1h_avoid_immediate_adverse_move_sm0p75_tm3p00_d5_aw5_mt16,MNQ,1H,1min,dynamic_exit_atr_target_1p0_ts2_vq0p95_bf0p5_ra1p2,0.75,3.0,5,avoid_immediate_adverse_move,"{""adverse_window_minutes"": 5, ""max_adverse_ticks"": 16}",delay_adverse_filter
mnq_1h_require_no_stop_zone_touch_before_entry_sm0p75_tm3p00_d15_sz0p50,MNQ,1H,1min,dynamic_exit_atr_target_1p0_ts2_vq0p95_bf0p5_ra1p2,0.75,3.0,15,require_no_stop_zone_touch_before_entry,"{""stop_zone_fraction"": 0.5}",delay_stop_zone_filter
mnq_1h_require_no_stop_zone_touch_before_entry_sm0p75_tm3p00_d15_sz0p75,MNQ,1H,1min,dynamic_exit_atr_target_1p0_ts2_vq0p95_bf0p5_ra1p2,0.75,3.0,15,require_no_stop_zone_touch_before_entry,"{""stop_zone_fraction"": 0.75}",delay_stop_zone_filter
mnq_1h_require_no_stop_zone_touch_before_entry_sm0p75_tm3p00_d15_sz1p00,MNQ,1H,1min,dynamic_exit_atr_target_1p0_ts2_vq0p95_bf0p5_ra1p2,0.75,3.0,15,require_no_stop_zone_touch_before_entry,"{""stop_zone_fraction"": 1.0}",delay_stop_zone_filter
mnq_1h_avoid_immediate_adverse_move_sm0p75_tm3p00_d15_aw5_mt8,MNQ,1H,1min,dynamic_exit_atr_target_1p0_ts2_vq0p95_bf0p5_ra1p2,0.75,3.0,15,avoid_immediate_adverse_move,"{""adverse_window_minutes"": 5, ""max_adverse_ticks"": 8}",delay_adverse_filter
mnq_1h_avoid_immediate_adverse_move_sm0p75_tm3p00_d15_aw5_mt12,MNQ,1H,1min,dynamic_exit_atr_target_1p0_ts2_vq0p95_bf0p5_ra1p2,0.75,3.0,15,avoid_immediate_adverse_move,"{""adverse_window_minutes"": 5, ""max_adverse_ticks"": 12}",delay_adverse_filter
mnq_1h_avoid_immediate_adverse_move_sm0p75_tm3p00_d15_aw5_mt16,MNQ,1H,1min,dynamic_exit_atr_target_1p0_ts2_vq0p95_bf0p5_ra1p2,0.75,3.0,15,avoid_immediate_adverse_move,"{""adverse_window_minutes"": 5, ""max_adverse_ticks"": 16}",delay_adverse_filter
mnq_1h_avoid_immediate_adverse_move_sm0p75_tm3p00_d15_aw10_mt8,MNQ,1H,1min,dynamic_exit_atr_target_1p0_ts2_vq0p95_bf0p5_ra1p2,0.75,3.0,15,avoid_immediate_adverse_move,"{""adverse_window_minutes"": 10, ""max_adverse_ticks"": 8}",delay_adverse_filter
mnq_1h_avoid_immediate_adverse_move_sm0p75_tm3p00_d15_aw10_mt12,MNQ,1H,1min,dynamic_exit_atr_target_1p0_ts2_vq0p95_bf0p5_ra1p2,0.75,3.0,15,avoid_immediate_adverse_move,"{""adverse_window_minutes"": 10, ""max_adverse_ticks"": 12}",delay_adverse_filter
mnq_1h_avoid_immediate_adverse_move_sm0p75_tm3p00_d15_aw10_mt16,MNQ,1H,1min,dynamic_exit_atr_target_1p0_ts2_vq0p95_bf0p5_ra1p2,0.75,3.0,15,avoid_immediate_adverse_move,"{""adverse_window_minutes"": 10, ""max_adverse_ticks"": 16}",delay_adverse_filter
mnq_1h_require_no_stop_zone_touch_before_entry_sm0p75_tm3p00_d30_sz0p50,MNQ,1H,1min,dynamic_exit_atr_target_1p0_ts2_vq0p95_bf0p5_ra1p2,0.75,3.0,30,require_no_stop_zone_touch_before_entry,"{""stop_zone_fraction"": 0.5}",delay_stop_zone_filter
mnq_1h_require_no_stop_zone_touch_before_entry_sm0p75_tm3p00_d30_sz0p75,MNQ,1H,1min,dynamic_exit_atr_target_1p0_ts2_vq0p95_bf0p5_ra1p2,0.75,3.0,30,require_no_stop_zone_touch_before_entry,"{""stop_zone_fraction"": 0.75}",delay_stop_zone_filter
mnq_1h_require_no_stop_zone_touch_before_entry_sm0p75_tm3p00_d30_sz1p00,MNQ,1H,1min,dynamic_exit_atr_target_1p0_ts2_vq0p95_bf0p5_ra1p2,0.75,3.0,30,require_no_stop_zone_touch_before_entry,"{""stop_zone_fraction"": 1.0}",delay_stop_zone_filter
mnq_1h_avoid_immediate_adverse_move_sm0p75_tm3p00_d30_aw5_mt8,MNQ,1H,1min,dynamic_exit_atr_target_1p0_ts2_vq0p95_bf0p5_ra1p2,0.75,3.0,30,avoid_immediate_adverse_move,"{""adverse_window_minutes"": 5, ""max_adverse_ticks"": 8}",delay_adverse_filter
mnq_1h_avoid_immediate_adverse_move_sm0p75_tm3p00_d30_aw5_mt12,MNQ,1H,1min,dynamic_exit_atr_target_1p0_ts2_vq0p95_bf0p5_ra1p2,0.75,3.0,30,avoid_immediate_adverse_move,"{""adverse_window_minutes"": 5, ""max_adverse_ticks"": 12}",delay_adverse_filter
mnq_1h_avoid_immediate_adverse_move_sm0p75_tm3p00_d30_aw5_mt16,MNQ,1H,1min,dynamic_exit_atr_target_1p0_ts2_vq0p95_bf0p5_ra1p2,0.75,3.0,30,avoid_immediate_adverse_move,"{""adverse_window_minutes"": 5, ""max_adverse_ticks"": 16}",delay_adverse_filter
mnq_1h_avoid_immediate_adverse_move_sm0p75_tm3p00_d30_aw10_mt8,MNQ,1H,1min,dynamic_exit_atr_target_1p0_ts2_vq0p95_bf0p5_ra1p2,0.75,3.0,30,avoid_immediate_adverse_move,"{""adverse_window_minutes"": 10, ""max_adverse_ticks"": 8}",delay_adverse_filter
mnq_1h_avoid_immediate_adverse_move_sm0p75_tm3p00_d30_aw10_mt12,MNQ,1H,1min,dynamic_exit_atr_target_1p0_ts2_vq0p95_bf0p5_ra1p2,0.75,3.0,30,avoid_immediate_adverse_move,"{""adverse_window_minutes"": 10, ""max_adverse_ticks"": 12}",delay_adverse_filter
mnq_1h_avoid_immediate_adverse_move_sm0p75_tm3p00_d30_aw10_mt16,MNQ,1H,1min,dynamic_exit_atr_target_1p0_ts2_vq0p95_bf0p5_ra1p2,0.75,3.0,30,avoid_immediate_adverse_move,"{""adverse_window_minutes"": 10, ""max_adverse_ticks"": 16}",delay_adverse_filter
mnq_1h_require_no_stop_zone_touch_before_entry_sm1p00_tm2p00_d5_sz0p50,MNQ,1H,1min,dynamic_exit_atr_target_1p0_ts2_vq0p95_bf0p5_ra1p2,1.0,2.0,5,require_no_stop_zone_touch_before_entry,"{""stop_zone_fraction"": 0.5}",delay_stop_zone_filter
mnq_1h_require_no_stop_zone_touch_before_entry_sm1p00_tm2p00_d5_sz0p75,MNQ,1H,1min,dynamic_exit_atr_target_1p0_ts2_vq0p95_bf0p5_ra1p2,1.0,2.0,5,require_no_stop_zone_touch_before_entry,"{""stop_zone_fraction"": 0.75}",delay_stop_zone_filter
mnq_1h_require_no_stop_zone_touch_before_entry_sm1p00_tm2p00_d5_sz1p00,MNQ,1H,1min,dynamic_exit_atr_target_1p0_ts2_vq0p95_bf0p5_ra1p2,1.0,2.0,5,require_no_stop_zone_touch_before_entry,"{""stop_zone_fraction"": 1.0}",delay_stop_zone_filter
mnq_1h_avoid_immediate_adverse_move_sm1p00_tm2p00_d5_aw5_mt8,MNQ,1H,1min,dynamic_exit_atr_target_1p0_ts2_vq0p95_bf0p5_ra1p2,1.0,2.0,5,avoid_immediate_adverse_move,"{""adverse_window_minutes"": 5, ""max_adverse_ticks"": 8}",delay_adverse_filter
mnq_1h_avoid_immediate_adverse_move_sm1p00_tm2p00_d5_aw5_mt12,MNQ,1H,1min,dynamic_exit_atr_target_1p0_ts2_vq0p95_bf0p5_ra1p2,1.0,2.0,5,avoid_immediate_adverse_move,"{""adverse_window_minutes"": 5, ""max_adverse_ticks"": 12}",delay_adverse_filter
mnq_1h_avoid_immediate_adverse_move_sm1p00_tm2p00_d5_aw5_mt16,MNQ,1H,1min,dynamic_exit_atr_target_1p0_ts2_vq0p95_bf0p5_ra1p2,1.0,2.0,5,avoid_immediate_adverse_move,"{""adverse_window_minutes"": 5, ""max_adverse_ticks"": 16}",delay_adverse_filter
mnq_1h_require_no_stop_zone_touch_before_entry_sm1p00_tm2p00_d15_sz0p50,MNQ,1H,1min,dynamic_exit_atr_target_1p0_ts2_vq0p95_bf0p5_ra1p2,1.0,2.0,15,require_no_stop_zone_touch_before_entry,"{""stop_zone_fraction"": 0.5}",delay_stop_zone_filter
mnq_1h_require_no_stop_zone_touch_before_entry_sm1p00_tm2p00_d15_sz0p75,MNQ,1H,1min,dynamic_exit_atr_target_1p0_ts2_vq0p95_bf0p5_ra1p2,1.0,2.0,15,require_no_stop_zone_touch_before_entry,"{""stop_zone_fraction"": 0.75}",delay_stop_zone_filter
mnq_1h_require_no_stop_zone_touch_before_entry_sm1p00_tm2p00_d15_sz1p00,MNQ,1H,1min,dynamic_exit_atr_target_1p0_ts2_vq0p95_bf0p5_ra1p2,1.0,2.0,15,require_no_stop_zone_touch_before_entry,"{""stop_zone_fraction"": 1.0}",delay_stop_zone_filter
mnq_1h_avoid_immediate_adverse_move_sm1p00_tm2p00_d15_aw5_mt8,MNQ,1H,1min,dynamic_exit_atr_target_1p0_ts2_vq0p95_bf0p5_ra1p2,1.0,2.0,15,avoid_immediate_adverse_move,"{""adverse_window_minutes"": 5, ""max_adverse_ticks"": 8}",delay_adverse_filter
mnq_1h_avoid_immediate_adverse_move_sm1p00_tm2p00_d15_aw5_mt12,MNQ,1H,1min,dynamic_exit_atr_target_1p0_ts2_vq0p95_bf0p5_ra1p2,1.0,2.0,15,avoid_immediate_adverse_move,"{""adverse_window_minutes"": 5, ""max_adverse_ticks"": 12}",delay_adverse_filter
mnq_1h_avoid_immediate_adverse_move_sm1p00_tm2p00_d15_aw5_mt16,MNQ,1H,1min,dynamic_exit_atr_target_1p0_ts2_vq0p95_bf0p5_ra1p2,1.0,2.0,15,avoid_immediate_adverse_move,"{""adverse_window_minutes"": 5, ""max_adverse_ticks"": 16}",delay_adverse_filter
mnq_1h_avoid_immediate_adverse_move_sm1p00_tm2p00_d15_aw10_mt8,MNQ,1H,1min,dynamic_exit_atr_target_1p0_ts2_vq0p95_bf0p5_ra1p2,1.0,2.0,15,avoid_immediate_adverse_move,"{""adverse_window_minutes"": 10, ""max_adverse_ticks"": 8}",delay_adverse_filter
mnq_1h_avoid_immediate_adverse_move_sm1p00_tm2p00_d15_aw10_mt12,MNQ,1H,1min,dynamic_exit_atr_target_1p0_ts2_vq0p95_bf0p5_ra1p2,1.0,2.0,15,avoid_immediate_adverse_move,"{""adverse_window_minutes"": 10, ""max_adverse_ticks"": 12}",delay_adverse_filter
mnq_1h_avoid_immediate_adverse_move_sm1p00_tm2p00_d15_aw10_mt16,MNQ,1H,1min,dynamic_exit_atr_target_1p0_ts2_vq0p95_bf0p5_ra1p2,1.0,2.0,15,avoid_immediate_adverse_move,"{""adverse_window_minutes"": 10, ""max_adverse_ticks"": 16}",delay_adverse_filter
mnq_1h_require_no_stop_zone_touch_before_entry_sm1p00_tm2p00_d30_sz0p50,MNQ,1H,1min,dynamic_exit_atr_target_1p0_ts2_vq0p95_bf0p5_ra1p2,1.0,2.0,30,require_no_stop_zone_touch_before_entry,"{""stop_zone_fraction"": 0.5}",delay_stop_zone_filter
mnq_1h_require_no_stop_zone_touch_before_entry_sm1p00_tm2p00_d30_sz0p75,MNQ,1H,1min,dynamic_exit_atr_target_1p0_ts2_vq0p95_bf0p5_ra1p2,1.0,2.0,30,require_no_stop_zone_touch_before_entry,"{""stop_zone_fraction"": 0.75}",delay_stop_zone_filter
mnq_1h_require_no_stop_zone_touch_before_entry_sm1p00_tm2p00_d30_sz1p00,MNQ,1H,1min,dynamic_exit_atr_target_1p0_ts2_vq0p95_bf0p5_ra1p2,1.0,2.0,30,require_no_stop_zone_touch_before_entry,"{""stop_zone_fraction"": 1.0}",delay_stop_zone_filter
mnq_1h_avoid_immediate_adverse_move_sm1p00_tm2p00_d30_aw5_mt8,MNQ,1H,1min,dynamic_exit_atr_target_1p0_ts2_vq0p95_bf0p5_ra1p2,1.0,2.0,30,avoid_immediate_adverse_move,"{""adverse_window_minutes"": 5, ""max_adverse_ticks"": 8}",delay_adverse_filter
mnq_1h_avoid_immediate_adverse_move_sm1p00_tm2p00_d30_aw5_mt12,MNQ,1H,1min,dynamic_exit_atr_target_1p0_ts2_vq0p95_bf0p5_ra1p2,1.0,2.0,30,avoid_immediate_adverse_move,"{""adverse_window_minutes"": 5, ""max_adverse_ticks"": 12}",delay_adverse_filter
mnq_1h_avoid_immediate_adverse_move_sm1p00_tm2p00_d30_aw5_mt16,MNQ,1H,1min,dynamic_exit_atr_target_1p0_ts2_vq0p95_bf0p5_ra1p2,1.0,2.0,30,avoid_immediate_adverse_move,"{""adverse_window_minutes"": 5, ""max_adverse_ticks"": 16}",delay_adverse_filter
mnq_1h_avoid_immediate_adverse_move_sm1p00_tm2p00_d30_aw10_mt8,MNQ,1H,1min,dynamic_exit_atr_target_1p0_ts2_vq0p95_bf0p5_ra1p2,1.0,2.0,30,avoid_immediate_adverse_move,"{""adverse_window_minutes"": 10, ""max_adverse_ticks"": 8}",delay_adverse_filter
mnq_1h_avoid_immediate_adverse_move_sm1p00_tm2p00_d30_aw10_mt12,MNQ,1H,1min,dynamic_exit_atr_target_1p0_ts2_vq0p95_bf0p5_ra1p2,1.0,2.0,30,avoid_immediate_adverse_move,"{""adverse_window_minutes"": 10, ""max_adverse_ticks"": 12}",delay_adverse_filter
mnq_1h_avoid_immediate_adverse_move_sm1p00_tm2p00_d30_aw10_mt16,MNQ,1H,1min,dynamic_exit_atr_target_1p0_ts2_vq0p95_bf0p5_ra1p2,1.0,2.0,30,avoid_immediate_adverse_move,"{""adverse_window_minutes"": 10, ""max_adverse_ticks"": 16}",delay_adverse_filter
mnq_1h_require_no_stop_zone_touch_before_entry_sm1p00_tm2p50_d5_sz0p50,MNQ,1H,1min,dynamic_exit_atr_target_1p0_ts2_vq0p95_bf0p5_ra1p2,1.0,2.5,5,require_no_stop_zone_touch_before_entry,"{""stop_zone_fraction"": 0.5}",delay_stop_zone_filter
mnq_1h_require_no_stop_zone_touch_before_entry_sm1p00_tm2p50_d5_sz0p75,MNQ,1H,1min,dynamic_exit_atr_target_1p0_ts2_vq0p95_bf0p5_ra1p2,1.0,2.5,5,require_no_stop_zone_touch_before_entry,"{""stop_zone_fraction"": 0.75}",delay_stop_zone_filter
mnq_1h_require_no_stop_zone_touch_before_entry_sm1p00_tm2p50_d5_sz1p00,MNQ,1H,1min,dynamic_exit_atr_target_1p0_ts2_vq0p95_bf0p5_ra1p2,1.0,2.5,5,require_no_stop_zone_touch_before_entry,"{""stop_zone_fraction"": 1.0}",delay_stop_zone_filter
mnq_1h_avoid_immediate_adverse_move_sm1p00_tm2p50_d5_aw5_mt8,MNQ,1H,1min,dynamic_exit_atr_target_1p0_ts2_vq0p95_bf0p5_ra1p2,1.0,2.5,5,avoid_immediate_adverse_move,"{""adverse_window_minutes"": 5, ""max_adverse_ticks"": 8}",delay_adverse_filter
mnq_1h_avoid_immediate_adverse_move_sm1p00_tm2p50_d5_aw5_mt12,MNQ,1H,1min,dynamic_exit_atr_target_1p0_ts2_vq0p95_bf0p5_ra1p2,1.0,2.5,5,avoid_immediate_adverse_move,"{""adverse_window_minutes"": 5, ""max_adverse_ticks"": 12}",delay_adverse_filter
mnq_1h_avoid_immediate_adverse_move_sm1p00_tm2p50_d5_aw5_mt16,MNQ,1H,1min,dynamic_exit_atr_target_1p0_ts2_vq0p95_bf0p5_ra1p2,1.0,2.5,5,avoid_immediate_adverse_move,"{""adverse_window_minutes"": 5, ""max_adverse_ticks"": 16}",delay_adverse_filter
mnq_1h_require_no_stop_zone_touch_before_entry_sm1p00_tm2p50_d15_sz0p50,MNQ,1H,1min,dynamic_exit_atr_target_1p0_ts2_vq0p95_bf0p5_ra1p2,1.0,2.5,15,require_no_stop_zone_touch_before_entry,"{""stop_zone_fraction"": 0.5}",delay_stop_zone_filter
mnq_1h_require_no_stop_zone_touch_before_entry_sm1p00_tm2p50_d15_sz0p75,MNQ,1H,1min,dynamic_exit_atr_target_1p0_ts2_vq0p95_bf0p5_ra1p2,1.0,2.5,15,require_no_stop_zone_touch_before_entry,"{""stop_zone_fraction"": 0.75}",delay_stop_zone_filter
mnq_1h_require_no_stop_zone_touch_before_entry_sm1p00_tm2p50_d15_sz1p00,MNQ,1H,1min,dynamic_exit_atr_target_1p0_ts2_vq0p95_bf0p5_ra1p2,1.0,2.5,15,require_no_stop_zone_touch_before_entry,"{""stop_zone_fraction"": 1.0}",delay_stop_zone_filter
mnq_1h_avoid_immediate_adverse_move_sm1p00_tm2p50_d15_aw5_mt8,MNQ,1H,1min,dynamic_exit_atr_target_1p0_ts2_vq0p95_bf0p5_ra1p2,1.0,2.5,15,avoid_immediate_adverse_move,"{""adverse_window_minutes"": 5, ""max_adverse_ticks"": 8}",delay_adverse_filter
mnq_1h_avoid_immediate_adverse_move_sm1p00_tm2p50_d15_aw5_mt12,MNQ,1H,1min,dynamic_exit_atr_target_1p0_ts2_vq0p95_bf0p5_ra1p2,1.0,2.5,15,avoid_immediate_adverse_move,"{""adverse_window_minutes"": 5, ""max_adverse_ticks"": 12}",delay_adverse_filter
mnq_1h_avoid_immediate_adverse_move_sm1p00_tm2p50_d15_aw5_mt16,MNQ,1H,1min,dynamic_exit_atr_target_1p0_ts2_vq0p95_bf0p5_ra1p2,1.0,2.5,15,avoid_immediate_adverse_move,"{""adverse_window_minutes"": 5, ""max_adverse_ticks"": 16}",delay_adverse_filter
mnq_1h_avoid_immediate_adverse_move_sm1p00_tm2p50_d15_aw10_mt8,MNQ,1H,1min,dynamic_exit_atr_target_1p0_ts2_vq0p95_bf0p5_ra1p2,1.0,2.5,15,avoid_immediate_adverse_move,"{""adverse_window_minutes"": 10, ""max_adverse_ticks"": 8}",delay_adverse_filter
mnq_1h_avoid_immediate_adverse_move_sm1p00_tm2p50_d15_aw10_mt12,MNQ,1H,1min,dynamic_exit_atr_target_1p0_ts2_vq0p95_bf0p5_ra1p2,1.0,2.5,15,avoid_immediate_adverse_move,"{""adverse_window_minutes"": 10, ""max_adverse_ticks"": 12}",delay_adverse_filter
mnq_1h_avoid_immediate_adverse_move_sm1p00_tm2p50_d15_aw10_mt16,MNQ,1H,1min,dynamic_exit_atr_target_1p0_ts2_vq0p95_bf0p5_ra1p2,1.0,2.5,15,avoid_immediate_adverse_move,"{""adverse_window_minutes"": 10, ""max_adverse_ticks"": 16}",delay_adverse_filter
mnq_1h_require_no_stop_zone_touch_before_entry_sm1p00_tm2p50_d30_sz0p50,MNQ,1H,1min,dynamic_exit_atr_target_1p0_ts2_vq0p95_bf0p5_ra1p2,1.0,2.5,30,require_no_stop_zone_touch_before_entry,"{""stop_zone_fraction"": 0.5}",delay_stop_zone_filter
mnq_1h_require_no_stop_zone_touch_before_entry_sm1p00_tm2p50_d30_sz0p75,MNQ,1H,1min,dynamic_exit_atr_target_1p0_ts2_vq0p95_bf0p5_ra1p2,1.0,2.5,30,require_no_stop_zone_touch_before_entry,"{""stop_zone_fraction"": 0.75}",delay_stop_zone_filter
mnq_1h_require_no_stop_zone_touch_before_entry_sm1p00_tm2p50_d30_sz1p00,MNQ,1H,1min,dynamic_exit_atr_target_1p0_ts2_vq0p95_bf0p5_ra1p2,1.0,2.5,30,require_no_stop_zone_touch_before_entry,"{""stop_zone_fraction"": 1.0}",delay_stop_zone_filter
mnq_1h_avoid_immediate_adverse_move_sm1p00_tm2p50_d30_aw5_mt8,MNQ,1H,1min,dynamic_exit_atr_target_1p0_ts2_vq0p95_bf0p5_ra1p2,1.0,2.5,30,avoid_immediate_adverse_move,"{""adverse_window_minutes"": 5, ""max_adverse_ticks"": 8}",delay_adverse_filter
mnq_1h_avoid_immediate_adverse_move_sm1p00_tm2p50_d30_aw5_mt12,MNQ,1H,1min,dynamic_exit_atr_target_1p0_ts2_vq0p95_bf0p5_ra1p2,1.0,2.5,30,avoid_immediate_adverse_move,"{""adverse_window_minutes"": 5, ""max_adverse_ticks"": 12}",delay_adverse_filter
mnq_1h_avoid_immediate_adverse_move_sm1p00_tm2p50_d30_aw5_mt16,MNQ,1H,1min,dynamic_exit_atr_target_1p0_ts2_vq0p95_bf0p5_ra1p2,1.0,2.5,30,avoid_immediate_adverse_move,"{""adverse_window_minutes"": 5, ""max_adverse_ticks"": 16}",delay_adverse_filter
mnq_1h_avoid_immediate_adverse_move_sm1p00_tm2p50_d30_aw10_mt8,MNQ,1H,1min,dynamic_exit_atr_target_1p0_ts2_vq0p95_bf0p5_ra1p2,1.0,2.5,30,avoid_immediate_adverse_move,"{""adverse_window_minutes"": 10, ""max_adverse_ticks"": 8}",delay_adverse_filter
mnq_1h_avoid_immediate_adverse_move_sm1p00_tm2p50_d30_aw10_mt12,MNQ,1H,1min,dynamic_exit_atr_target_1p0_ts2_vq0p95_bf0p5_ra1p2,1.0,2.5,30,avoid_immediate_adverse_move,"{""adverse_window_minutes"": 10, ""max_adverse_ticks"": 12}",delay_adverse_filter
mnq_1h_avoid_immediate_adverse_move_sm1p00_tm2p50_d30_aw10_mt16,MNQ,1H,1min,dynamic_exit_atr_target_1p0_ts2_vq0p95_bf0p5_ra1p2,1.0,2.5,30,avoid_immediate_adverse_move,"{""adverse_window_minutes"": 10, ""max_adverse_ticks"": 16}",delay_adverse_filter
mnq_1h_require_no_stop_zone_touch_before_entry_sm1p00_tm3p00_d5_sz0p50,MNQ,1H,1min,dynamic_exit_atr_target_1p0_ts2_vq0p95_bf0p5_ra1p2,1.0,3.0,5,require_no_stop_zone_touch_before_entry,"{""stop_zone_fraction"": 0.5}",delay_stop_zone_filter
mnq_1h_require_no_stop_zone_touch_before_entry_sm1p00_tm3p00_d5_sz0p75,MNQ,1H,1min,dynamic_exit_atr_target_1p0_ts2_vq0p95_bf0p5_ra1p2,1.0,3.0,5,require_no_stop_zone_touch_before_entry,"{""stop_zone_fraction"": 0.75}",delay_stop_zone_filter
mnq_1h_require_no_stop_zone_touch_before_entry_sm1p00_tm3p00_d5_sz1p00,MNQ,1H,1min,dynamic_exit_atr_target_1p0_ts2_vq0p95_bf0p5_ra1p2,1.0,3.0,5,require_no_stop_zone_touch_before_entry,"{""stop_zone_fraction"": 1.0}",delay_stop_zone_filter
mnq_1h_avoid_immediate_adverse_move_sm1p00_tm3p00_d5_aw5_mt8,MNQ,1H,1min,dynamic_exit_atr_target_1p0_ts2_vq0p95_bf0p5_ra1p2,1.0,3.0,5,avoid_immediate_adverse_move,"{""adverse_window_minutes"": 5, ""max_adverse_ticks"": 8}",delay_adverse_filter
mnq_1h_avoid_immediate_adverse_move_sm1p00_tm3p00_d5_aw5_mt12,MNQ,1H,1min,dynamic_exit_atr_target_1p0_ts2_vq0p95_bf0p5_ra1p2,1.0,3.0,5,avoid_immediate_adverse_move,"{""adverse_window_minutes"": 5, ""max_adverse_ticks"": 12}",delay_adverse_filter
mnq_1h_avoid_immediate_adverse_move_sm1p00_tm3p00_d5_aw5_mt16,MNQ,1H,1min,dynamic_exit_atr_target_1p0_ts2_vq0p95_bf0p5_ra1p2,1.0,3.0,5,avoid_immediate_adverse_move,"{""adverse_window_minutes"": 5, ""max_adverse_ticks"": 16}",delay_adverse_filter
mnq_1h_require_no_stop_zone_touch_before_entry_sm1p00_tm3p00_d15_sz0p50,MNQ,1H,1min,dynamic_exit_atr_target_1p0_ts2_vq0p95_bf0p5_ra1p2,1.0,3.0,15,require_no_stop_zone_touch_before_entry,"{""stop_zone_fraction"": 0.5}",delay_stop_zone_filter
mnq_1h_require_no_stop_zone_touch_before_entry_sm1p00_tm3p00_d15_sz0p75,MNQ,1H,1min,dynamic_exit_atr_target_1p0_ts2_vq0p95_bf0p5_ra1p2,1.0,3.0,15,require_no_stop_zone_touch_before_entry,"{""stop_zone_fraction"": 0.75}",delay_stop_zone_filter
mnq_1h_require_no_stop_zone_touch_before_entry_sm1p00_tm3p00_d15_sz1p00,MNQ,1H,1min,dynamic_exit_atr_target_1p0_ts2_vq0p95_bf0p5_ra1p2,1.0,3.0,15,require_no_stop_zone_touch_before_entry,"{""stop_zone_fraction"": 1.0}",delay_stop_zone_filter
mnq_1h_avoid_immediate_adverse_move_sm1p00_tm3p00_d15_aw5_mt8,MNQ,1H,1min,dynamic_exit_atr_target_1p0_ts2_vq0p95_bf0p5_ra1p2,1.0,3.0,15,avoid_immediate_adverse_move,"{""adverse_window_minutes"": 5, ""max_adverse_ticks"": 8}",delay_adverse_filter
mnq_1h_avoid_immediate_adverse_move_sm1p00_tm3p00_d15_aw5_mt12,MNQ,1H,1min,dynamic_exit_atr_target_1p0_ts2_vq0p95_bf0p5_ra1p2,1.0,3.0,15,avoid_immediate_adverse_move,"{""adverse_window_minutes"": 5, ""max_adverse_ticks"": 12}",delay_adverse_filter
mnq_1h_avoid_immediate_adverse_move_sm1p00_tm3p00_d15_aw5_mt16,MNQ,1H,1min,dynamic_exit_atr_target_1p0_ts2_vq0p95_bf0p5_ra1p2,1.0,3.0,15,avoid_immediate_adverse_move,"{""adverse_window_minutes"": 5, ""max_adverse_ticks"": 16}",delay_adverse_filter
mnq_1h_avoid_immediate_adverse_move_sm1p00_tm3p00_d15_aw10_mt8,MNQ,1H,1min,dynamic_exit_atr_target_1p0_ts2_vq0p95_bf0p5_ra1p2,1.0,3.0,15,avoid_immediate_adverse_move,"{""adverse_window_minutes"": 10, ""max_adverse_ticks"": 8}",delay_adverse_filter
mnq_1h_avoid_immediate_adverse_move_sm1p00_tm3p00_d15_aw10_mt12,MNQ,1H,1min,dynamic_exit_atr_target_1p0_ts2_vq0p95_bf0p5_ra1p2,1.0,3.0,15,avoid_immediate_adverse_move,"{""adverse_window_minutes"": 10, ""max_adverse_ticks"": 12}",delay_adverse_filter
mnq_1h_avoid_immediate_adverse_move_sm1p00_tm3p00_d15_aw10_mt16,MNQ,1H,1min,dynamic_exit_atr_target_1p0_ts2_vq0p95_bf0p5_ra1p2,1.0,3.0,15,avoid_immediate_adverse_move,"{""adverse_window_minutes"": 10, ""max_adverse_ticks"": 16}",delay_adverse_filter
mnq_1h_require_no_stop_zone_touch_before_entry_sm1p00_tm3p00_d30_sz0p50,MNQ,1H,1min,dynamic_exit_atr_target_1p0_ts2_vq0p95_bf0p5_ra1p2,1.0,3.0,30,require_no_stop_zone_touch_before_entry,"{""stop_zone_fraction"": 0.5}",delay_stop_zone_filter
mnq_1h_require_no_stop_zone_touch_before_entry_sm1p00_tm3p00_d30_sz0p75,MNQ,1H,1min,dynamic_exit_atr_target_1p0_ts2_vq0p95_bf0p5_ra1p2,1.0,3.0,30,require_no_stop_zone_touch_before_entry,"{""stop_zone_fraction"": 0.75}",delay_stop_zone_filter
mnq_1h_require_no_stop_zone_touch_before_entry_sm1p00_tm3p00_d30_sz1p00,MNQ,1H,1min,dynamic_exit_atr_target_1p0_ts2_vq0p95_bf0p5_ra1p2,1.0,3.0,30,require_no_stop_zone_touch_before_entry,"{""stop_zone_fraction"": 1.0}",delay_stop_zone_filter
mnq_1h_avoid_immediate_adverse_move_sm1p00_tm3p00_d30_aw5_mt8,MNQ,1H,1min,dynamic_exit_atr_target_1p0_ts2_vq0p95_bf0p5_ra1p2,1.0,3.0,30,avoid_immediate_adverse_move,"{""adverse_window_minutes"": 5, ""max_adverse_ticks"": 8}",delay_adverse_filter
mnq_1h_avoid_immediate_adverse_move_sm1p00_tm3p00_d30_aw5_mt12,MNQ,1H,1min,dynamic_exit_atr_target_1p0_ts2_vq0p95_bf0p5_ra1p2,1.0,3.0,30,avoid_immediate_adverse_move,"{""adverse_window_minutes"": 5, ""max_adverse_ticks"": 12}",delay_adverse_filter
mnq_1h_avoid_immediate_adverse_move_sm1p00_tm3p00_d30_aw5_mt16,MNQ,1H,1min,dynamic_exit_atr_target_1p0_ts2_vq0p95_bf0p5_ra1p2,1.0,3.0,30,avoid_immediate_adverse_move,"{""adverse_window_minutes"": 5, ""max_adverse_ticks"": 16}",delay_adverse_filter
mnq_1h_avoid_immediate_adverse_move_sm1p00_tm3p00_d30_aw10_mt8,MNQ,1H,1min,dynamic_exit_atr_target_1p0_ts2_vq0p95_bf0p5_ra1p2,1.0,3.0,30,avoid_immediate_adverse_move,"{""adverse_window_minutes"": 10, ""max_adverse_ticks"": 8}",delay_adverse_filter
mnq_1h_avoid_immediate_adverse_move_sm1p00_tm3p00_d30_aw10_mt12,MNQ,1H,1min,dynamic_exit_atr_target_1p0_ts2_vq0p95_bf0p5_ra1p2,1.0,3.0,30,avoid_immediate_adverse_move,"{""adverse_window_minutes"": 10, ""max_adverse_ticks"": 12}",delay_adverse_filter
mnq_1h_avoid_immediate_adverse_move_sm1p00_tm3p00_d30_aw10_mt16,MNQ,1H,1min,dynamic_exit_atr_target_1p0_ts2_vq0p95_bf0p5_ra1p2,1.0,3.0,30,avoid_immediate_adverse_move,"{""adverse_window_minutes"": 10, ""max_adverse_ticks"": 16}",delay_adverse_filter
mnq_1h_require_no_stop_zone_touch_before_entry_sm1p25_tm2p00_d5_sz0p50,MNQ,1H,1min,dynamic_exit_atr_target_1p0_ts2_vq0p95_bf0p5_ra1p2,1.25,2.0,5,require_no_stop_zone_touch_before_entry,"{""stop_zone_fraction"": 0.5}",delay_stop_zone_filter
mnq_1h_require_no_stop_zone_touch_before_entry_sm1p25_tm2p00_d5_sz0p75,MNQ,1H,1min,dynamic_exit_atr_target_1p0_ts2_vq0p95_bf0p5_ra1p2,1.25,2.0,5,require_no_stop_zone_touch_before_entry,"{""stop_zone_fraction"": 0.75}",delay_stop_zone_filter
mnq_1h_require_no_stop_zone_touch_before_entry_sm1p25_tm2p00_d5_sz1p00,MNQ,1H,1min,dynamic_exit_atr_target_1p0_ts2_vq0p95_bf0p5_ra1p2,1.25,2.0,5,require_no_stop_zone_touch_before_entry,"{""stop_zone_fraction"": 1.0}",delay_stop_zone_filter
mnq_1h_avoid_immediate_adverse_move_sm1p25_tm2p00_d5_aw5_mt8,MNQ,1H,1min,dynamic_exit_atr_target_1p0_ts2_vq0p95_bf0p5_ra1p2,1.25,2.0,5,avoid_immediate_adverse_move,"{""adverse_window_minutes"": 5, ""max_adverse_ticks"": 8}",delay_adverse_filter
mnq_1h_avoid_immediate_adverse_move_sm1p25_tm2p00_d5_aw5_mt12,MNQ,1H,1min,dynamic_exit_atr_target_1p0_ts2_vq0p95_bf0p5_ra1p2,1.25,2.0,5,avoid_immediate_adverse_move,"{""adverse_window_minutes"": 5, ""max_adverse_ticks"": 12}",delay_adverse_filter
mnq_1h_avoid_immediate_adverse_move_sm1p25_tm2p00_d5_aw5_mt16,MNQ,1H,1min,dynamic_exit_atr_target_1p0_ts2_vq0p95_bf0p5_ra1p2,1.25,2.0,5,avoid_immediate_adverse_move,"{""adverse_window_minutes"": 5, ""max_adverse_ticks"": 16}",delay_adverse_filter
mnq_1h_require_no_stop_zone_touch_before_entry_sm1p25_tm2p00_d15_sz0p50,MNQ,1H,1min,dynamic_exit_atr_target_1p0_ts2_vq0p95_bf0p5_ra1p2,1.25,2.0,15,require_no_stop_zone_touch_before_entry,"{""stop_zone_fraction"": 0.5}",delay_stop_zone_filter
mnq_1h_require_no_stop_zone_touch_before_entry_sm1p25_tm2p00_d15_sz0p75,MNQ,1H,1min,dynamic_exit_atr_target_1p0_ts2_vq0p95_bf0p5_ra1p2,1.25,2.0,15,require_no_stop_zone_touch_before_entry,"{""stop_zone_fraction"": 0.75}",delay_stop_zone_filter
mnq_1h_require_no_stop_zone_touch_before_entry_sm1p25_tm2p00_d15_sz1p00,MNQ,1H,1min,dynamic_exit_atr_target_1p0_ts2_vq0p95_bf0p5_ra1p2,1.25,2.0,15,require_no_stop_zone_touch_before_entry,"{""stop_zone_fraction"": 1.0}",delay_stop_zone_filter
mnq_1h_avoid_immediate_adverse_move_sm1p25_tm2p00_d15_aw5_mt8,MNQ,1H,1min,dynamic_exit_atr_target_1p0_ts2_vq0p95_bf0p5_ra1p2,1.25,2.0,15,avoid_immediate_adverse_move,"{""adverse_window_minutes"": 5, ""max_adverse_ticks"": 8}",delay_adverse_filter
mnq_1h_avoid_immediate_adverse_move_sm1p25_tm2p00_d15_aw5_mt12,MNQ,1H,1min,dynamic_exit_atr_target_1p0_ts2_vq0p95_bf0p5_ra1p2,1.25,2.0,15,avoid_immediate_adverse_move,"{""adverse_window_minutes"": 5, ""max_adverse_ticks"": 12}",delay_adverse_filter
mnq_1h_avoid_immediate_adverse_move_sm1p25_tm2p00_d15_aw5_mt16,MNQ,1H,1min,dynamic_exit_atr_target_1p0_ts2_vq0p95_bf0p5_ra1p2,1.25,2.0,15,avoid_immediate_adverse_move,"{""adverse_window_minutes"": 5, ""max_adverse_ticks"": 16}",delay_adverse_filter
mnq_1h_avoid_immediate_adverse_move_sm1p25_tm2p00_d15_aw10_mt8,MNQ,1H,1min,dynamic_exit_atr_target_1p0_ts2_vq0p95_bf0p5_ra1p2,1.25,2.0,15,avoid_immediate_adverse_move,"{""adverse_window_minutes"": 10, ""max_adverse_ticks"": 8}",delay_adverse_filter
mnq_1h_avoid_immediate_adverse_move_sm1p25_tm2p00_d15_aw10_mt12,MNQ,1H,1min,dynamic_exit_atr_target_1p0_ts2_vq0p95_bf0p5_ra1p2,1.25,2.0,15,avoid_immediate_adverse_move,"{""adverse_window_minutes"": 10, ""max_adverse_ticks"": 12}",delay_adverse_filter
mnq_1h_avoid_immediate_adverse_move_sm1p25_tm2p00_d15_aw10_mt16,MNQ,1H,1min,dynamic_exit_atr_target_1p0_ts2_vq0p95_bf0p5_ra1p2,1.25,2.0,15,avoid_immediate_adverse_move,"{""adverse_window_minutes"": 10, ""max_adverse_ticks"": 16}",delay_adverse_filter
mnq_1h_require_no_stop_zone_touch_before_entry_sm1p25_tm2p00_d30_sz0p50,MNQ,1H,1min,dynamic_exit_atr_target_1p0_ts2_vq0p95_bf0p5_ra1p2,1.25,2.0,30,require_no_stop_zone_touch_before_entry,"{""stop_zone_fraction"": 0.5}",delay_stop_zone_filter
mnq_1h_require_no_stop_zone_touch_before_entry_sm1p25_tm2p00_d30_sz0p75,MNQ,1H,1min,dynamic_exit_atr_target_1p0_ts2_vq0p95_bf0p5_ra1p2,1.25,2.0,30,require_no_stop_zone_touch_before_entry,"{""stop_zone_fraction"": 0.75}",delay_stop_zone_filter
mnq_1h_require_no_stop_zone_touch_before_entry_sm1p25_tm2p00_d30_sz1p00,MNQ,1H,1min,dynamic_exit_atr_target_1p0_ts2_vq0p95_bf0p5_ra1p2,1.25,2.0,30,require_no_stop_zone_touch_before_entry,"{""stop_zone_fraction"": 1.0}",delay_stop_zone_filter
mnq_1h_avoid_immediate_adverse_move_sm1p25_tm2p00_d30_aw5_mt8,MNQ,1H,1min,dynamic_exit_atr_target_1p0_ts2_vq0p95_bf0p5_ra1p2,1.25,2.0,30,avoid_immediate_adverse_move,"{""adverse_window_minutes"": 5, ""max_adverse_ticks"": 8}",delay_adverse_filter
mnq_1h_avoid_immediate_adverse_move_sm1p25_tm2p00_d30_aw5_mt12,MNQ,1H,1min,dynamic_exit_atr_target_1p0_ts2_vq0p95_bf0p5_ra1p2,1.25,2.0,30,avoid_immediate_adverse_move,"{""adverse_window_minutes"": 5, ""max_adverse_ticks"": 12}",delay_adverse_filter
mnq_1h_avoid_immediate_adverse_move_sm1p25_tm2p00_d30_aw5_mt16,MNQ,1H,1min,dynamic_exit_atr_target_1p0_ts2_vq0p95_bf0p5_ra1p2,1.25,2.0,30,avoid_immediate_adverse_move,"{""adverse_window_minutes"": 5, ""max_adverse_ticks"": 16}",delay_adverse_filter
mnq_1h_avoid_immediate_adverse_move_sm1p25_tm2p00_d30_aw10_mt8,MNQ,1H,1min,dynamic_exit_atr_target_1p0_ts2_vq0p95_bf0p5_ra1p2,1.25,2.0,30,avoid_immediate_adverse_move,"{""adverse_window_minutes"": 10, ""max_adverse_ticks"": 8}",delay_adverse_filter
mnq_1h_avoid_immediate_adverse_move_sm1p25_tm2p00_d30_aw10_mt12,MNQ,1H,1min,dynamic_exit_atr_target_1p0_ts2_vq0p95_bf0p5_ra1p2,1.25,2.0,30,avoid_immediate_adverse_move,"{""adverse_window_minutes"": 10, ""max_adverse_ticks"": 12}",delay_adverse_filter
mnq_1h_avoid_immediate_adverse_move_sm1p25_tm2p00_d30_aw10_mt16,MNQ,1H,1min,dynamic_exit_atr_target_1p0_ts2_vq0p95_bf0p5_ra1p2,1.25,2.0,30,avoid_immediate_adverse_move,"{""adverse_window_minutes"": 10, ""max_adverse_ticks"": 16}",delay_adverse_filter
mnq_1h_require_no_stop_zone_touch_before_entry_sm1p25_tm2p50_d5_sz0p50,MNQ,1H,1min,dynamic_exit_atr_target_1p0_ts2_vq0p95_bf0p5_ra1p2,1.25,2.5,5,require_no_stop_zone_touch_before_entry,"{""stop_zone_fraction"": 0.5}",delay_stop_zone_filter
mnq_1h_require_no_stop_zone_touch_before_entry_sm1p25_tm2p50_d5_sz0p75,MNQ,1H,1min,dynamic_exit_atr_target_1p0_ts2_vq0p95_bf0p5_ra1p2,1.25,2.5,5,require_no_stop_zone_touch_before_entry,"{""stop_zone_fraction"": 0.75}",delay_stop_zone_filter
mnq_1h_require_no_stop_zone_touch_before_entry_sm1p25_tm2p50_d5_sz1p00,MNQ,1H,1min,dynamic_exit_atr_target_1p0_ts2_vq0p95_bf0p5_ra1p2,1.25,2.5,5,require_no_stop_zone_touch_before_entry,"{""stop_zone_fraction"": 1.0}",delay_stop_zone_filter
mnq_1h_avoid_immediate_adverse_move_sm1p25_tm2p50_d5_aw5_mt8,MNQ,1H,1min,dynamic_exit_atr_target_1p0_ts2_vq0p95_bf0p5_ra1p2,1.25,2.5,5,avoid_immediate_adverse_move,"{""adverse_window_minutes"": 5, ""max_adverse_ticks"": 8}",delay_adverse_filter
mnq_1h_avoid_immediate_adverse_move_sm1p25_tm2p50_d5_aw5_mt12,MNQ,1H,1min,dynamic_exit_atr_target_1p0_ts2_vq0p95_bf0p5_ra1p2,1.25,2.5,5,avoid_immediate_adverse_move,"{""adverse_window_minutes"": 5, ""max_adverse_ticks"": 12}",delay_adverse_filter
mnq_1h_avoid_immediate_adverse_move_sm1p25_tm2p50_d5_aw5_mt16,MNQ,1H,1min,dynamic_exit_atr_target_1p0_ts2_vq0p95_bf0p5_ra1p2,1.25,2.5,5,avoid_immediate_adverse_move,"{""adverse_window_minutes"": 5, ""max_adverse_ticks"": 16}",delay_adverse_filter
mnq_1h_require_no_stop_zone_touch_before_entry_sm1p25_tm2p50_d15_sz0p50,MNQ,1H,1min,dynamic_exit_atr_target_1p0_ts2_vq0p95_bf0p5_ra1p2,1.25,2.5,15,require_no_stop_zone_touch_before_entry,"{""stop_zone_fraction"": 0.5}",delay_stop_zone_filter
mnq_1h_require_no_stop_zone_touch_before_entry_sm1p25_tm2p50_d15_sz0p75,MNQ,1H,1min,dynamic_exit_atr_target_1p0_ts2_vq0p95_bf0p5_ra1p2,1.25,2.5,15,require_no_stop_zone_touch_before_entry,"{""stop_zone_fraction"": 0.75}",delay_stop_zone_filter
mnq_1h_require_no_stop_zone_touch_before_entry_sm1p25_tm2p50_d15_sz1p00,MNQ,1H,1min,dynamic_exit_atr_target_1p0_ts2_vq0p95_bf0p5_ra1p2,1.25,2.5,15,require_no_stop_zone_touch_before_entry,"{""stop_zone_fraction"": 1.0}",delay_stop_zone_filter
mnq_1h_avoid_immediate_adverse_move_sm1p25_tm2p50_d15_aw5_mt8,MNQ,1H,1min,dynamic_exit_atr_target_1p0_ts2_vq0p95_bf0p5_ra1p2,1.25,2.5,15,avoid_immediate_adverse_move,"{""adverse_window_minutes"": 5, ""max_adverse_ticks"": 8}",delay_adverse_filter
mnq_1h_avoid_immediate_adverse_move_sm1p25_tm2p50_d15_aw5_mt12,MNQ,1H,1min,dynamic_exit_atr_target_1p0_ts2_vq0p95_bf0p5_ra1p2,1.25,2.5,15,avoid_immediate_adverse_move,"{""adverse_window_minutes"": 5, ""max_adverse_ticks"": 12}",delay_adverse_filter
mnq_1h_avoid_immediate_adverse_move_sm1p25_tm2p50_d15_aw5_mt16,MNQ,1H,1min,dynamic_exit_atr_target_1p0_ts2_vq0p95_bf0p5_ra1p2,1.25,2.5,15,avoid_immediate_adverse_move,"{""adverse_window_minutes"": 5, ""max_adverse_ticks"": 16}",delay_adverse_filter
mnq_1h_avoid_immediate_adverse_move_sm1p25_tm2p50_d15_aw10_mt8,MNQ,1H,1min,dynamic_exit_atr_target_1p0_ts2_vq0p95_bf0p5_ra1p2,1.25,2.5,15,avoid_immediate_adverse_move,"{""adverse_window_minutes"": 10, ""max_adverse_ticks"": 8}",delay_adverse_filter
mnq_1h_avoid_immediate_adverse_move_sm1p25_tm2p50_d15_aw10_mt12,MNQ,1H,1min,dynamic_exit_atr_target_1p0_ts2_vq0p95_bf0p5_ra1p2,1.25,2.5,15,avoid_immediate_adverse_move,"{""adverse_window_minutes"": 10, ""max_adverse_ticks"": 12}",delay_adverse_filter
mnq_1h_avoid_immediate_adverse_move_sm1p25_tm2p50_d15_aw10_mt16,MNQ,1H,1min,dynamic_exit_atr_target_1p0_ts2_vq0p95_bf0p5_ra1p2,1.25,2.5,15,avoid_immediate_adverse_move,"{""adverse_window_minutes"": 10, ""max_adverse_ticks"": 16}",delay_adverse_filter
mnq_1h_require_no_stop_zone_touch_before_entry_sm1p25_tm2p50_d30_sz0p50,MNQ,1H,1min,dynamic_exit_atr_target_1p0_ts2_vq0p95_bf0p5_ra1p2,1.25,2.5,30,require_no_stop_zone_touch_before_entry,"{""stop_zone_fraction"": 0.5}",delay_stop_zone_filter
mnq_1h_require_no_stop_zone_touch_before_entry_sm1p25_tm2p50_d30_sz0p75,MNQ,1H,1min,dynamic_exit_atr_target_1p0_ts2_vq0p95_bf0p5_ra1p2,1.25,2.5,30,require_no_stop_zone_touch_before_entry,"{""stop_zone_fraction"": 0.75}",delay_stop_zone_filter
mnq_1h_require_no_stop_zone_touch_before_entry_sm1p25_tm2p50_d30_sz1p00,MNQ,1H,1min,dynamic_exit_atr_target_1p0_ts2_vq0p95_bf0p5_ra1p2,1.25,2.5,30,require_no_stop_zone_touch_before_entry,"{""stop_zone_fraction"": 1.0}",delay_stop_zone_filter
mnq_1h_avoid_immediate_adverse_move_sm1p25_tm2p50_d30_aw5_mt8,MNQ,1H,1min,dynamic_exit_atr_target_1p0_ts2_vq0p95_bf0p5_ra1p2,1.25,2.5,30,avoid_immediate_adverse_move,"{""adverse_window_minutes"": 5, ""max_adverse_ticks"": 8}",delay_adverse_filter
mnq_1h_avoid_immediate_adverse_move_sm1p25_tm2p50_d30_aw5_mt12,MNQ,1H,1min,dynamic_exit_atr_target_1p0_ts2_vq0p95_bf0p5_ra1p2,1.25,2.5,30,avoid_immediate_adverse_move,"{""adverse_window_minutes"": 5, ""max_adverse_ticks"": 12}",delay_adverse_filter
mnq_1h_avoid_immediate_adverse_move_sm1p25_tm2p50_d30_aw5_mt16,MNQ,1H,1min,dynamic_exit_atr_target_1p0_ts2_vq0p95_bf0p5_ra1p2,1.25,2.5,30,avoid_immediate_adverse_move,"{""adverse_window_minutes"": 5, ""max_adverse_ticks"": 16}",delay_adverse_filter
mnq_1h_avoid_immediate_adverse_move_sm1p25_tm2p50_d30_aw10_mt8,MNQ,1H,1min,dynamic_exit_atr_target_1p0_ts2_vq0p95_bf0p5_ra1p2,1.25,2.5,30,avoid_immediate_adverse_move,"{""adverse_window_minutes"": 10, ""max_adverse_ticks"": 8}",delay_adverse_filter
mnq_1h_avoid_immediate_adverse_move_sm1p25_tm2p50_d30_aw10_mt12,MNQ,1H,1min,dynamic_exit_atr_target_1p0_ts2_vq0p95_bf0p5_ra1p2,1.25,2.5,30,avoid_immediate_adverse_move,"{""adverse_window_minutes"": 10, ""max_adverse_ticks"": 12}",delay_adverse_filter
mnq_1h_avoid_immediate_adverse_move_sm1p25_tm2p50_d30_aw10_mt16,MNQ,1H,1min,dynamic_exit_atr_target_1p0_ts2_vq0p95_bf0p5_ra1p2,1.25,2.5,30,avoid_immediate_adverse_move,"{""adverse_window_minutes"": 10, ""max_adverse_ticks"": 16}",delay_adverse_filter
mnq_1h_require_no_stop_zone_touch_before_entry_sm1p25_tm3p00_d5_sz0p50,MNQ,1H,1min,dynamic_exit_atr_target_1p0_ts2_vq0p95_bf0p5_ra1p2,1.25,3.0,5,require_no_stop_zone_touch_before_entry,"{""stop_zone_fraction"": 0.5}",delay_stop_zone_filter
mnq_1h_require_no_stop_zone_touch_before_entry_sm1p25_tm3p00_d5_sz0p75,MNQ,1H,1min,dynamic_exit_atr_target_1p0_ts2_vq0p95_bf0p5_ra1p2,1.25,3.0,5,require_no_stop_zone_touch_before_entry,"{""stop_zone_fraction"": 0.75}",delay_stop_zone_filter
mnq_1h_require_no_stop_zone_touch_before_entry_sm1p25_tm3p00_d5_sz1p00,MNQ,1H,1min,dynamic_exit_atr_target_1p0_ts2_vq0p95_bf0p5_ra1p2,1.25,3.0,5,require_no_stop_zone_touch_before_entry,"{""stop_zone_fraction"": 1.0}",delay_stop_zone_filter
mnq_1h_avoid_immediate_adverse_move_sm1p25_tm3p00_d5_aw5_mt8,MNQ,1H,1min,dynamic_exit_atr_target_1p0_ts2_vq0p95_bf0p5_ra1p2,1.25,3.0,5,avoid_immediate_adverse_move,"{""adverse_window_minutes"": 5, ""max_adverse_ticks"": 8}",delay_adverse_filter
mnq_1h_avoid_immediate_adverse_move_sm1p25_tm3p00_d5_aw5_mt12,MNQ,1H,1min,dynamic_exit_atr_target_1p0_ts2_vq0p95_bf0p5_ra1p2,1.25,3.0,5,avoid_immediate_adverse_move,"{""adverse_window_minutes"": 5, ""max_adverse_ticks"": 12}",delay_adverse_filter
mnq_1h_avoid_immediate_adverse_move_sm1p25_tm3p00_d5_aw5_mt16,MNQ,1H,1min,dynamic_exit_atr_target_1p0_ts2_vq0p95_bf0p5_ra1p2,1.25,3.0,5,avoid_immediate_adverse_move,"{""adverse_window_minutes"": 5, ""max_adverse_ticks"": 16}",delay_adverse_filter
mnq_1h_require_no_stop_zone_touch_before_entry_sm1p25_tm3p00_d15_sz0p50,MNQ,1H,1min,dynamic_exit_atr_target_1p0_ts2_vq0p95_bf0p5_ra1p2,1.25,3.0,15,require_no_stop_zone_touch_before_entry,"{""stop_zone_fraction"": 0.5}",delay_stop_zone_filter
mnq_1h_require_no_stop_zone_touch_before_entry_sm1p25_tm3p00_d15_sz0p75,MNQ,1H,1min,dynamic_exit_atr_target_1p0_ts2_vq0p95_bf0p5_ra1p2,1.25,3.0,15,require_no_stop_zone_touch_before_entry,"{""stop_zone_fraction"": 0.75}",delay_stop_zone_filter
mnq_1h_require_no_stop_zone_touch_before_entry_sm1p25_tm3p00_d15_sz1p00,MNQ,1H,1min,dynamic_exit_atr_target_1p0_ts2_vq0p95_bf0p5_ra1p2,1.25,3.0,15,require_no_stop_zone_touch_before_entry,"{""stop_zone_fraction"": 1.0}",delay_stop_zone_filter
mnq_1h_avoid_immediate_adverse_move_sm1p25_tm3p00_d15_aw5_mt8,MNQ,1H,1min,dynamic_exit_atr_target_1p0_ts2_vq0p95_bf0p5_ra1p2,1.25,3.0,15,avoid_immediate_adverse_move,"{""adverse_window_minutes"": 5, ""max_adverse_ticks"": 8}",delay_adverse_filter
mnq_1h_avoid_immediate_adverse_move_sm1p25_tm3p00_d15_aw5_mt12,MNQ,1H,1min,dynamic_exit_atr_target_1p0_ts2_vq0p95_bf0p5_ra1p2,1.25,3.0,15,avoid_immediate_adverse_move,"{""adverse_window_minutes"": 5, ""max_adverse_ticks"": 12}",delay_adverse_filter
mnq_1h_avoid_immediate_adverse_move_sm1p25_tm3p00_d15_aw5_mt16,MNQ,1H,1min,dynamic_exit_atr_target_1p0_ts2_vq0p95_bf0p5_ra1p2,1.25,3.0,15,avoid_immediate_adverse_move,"{""adverse_window_minutes"": 5, ""max_adverse_ticks"": 16}",delay_adverse_filter
mnq_1h_avoid_immediate_adverse_move_sm1p25_tm3p00_d15_aw10_mt8,MNQ,1H,1min,dynamic_exit_atr_target_1p0_ts2_vq0p95_bf0p5_ra1p2,1.25,3.0,15,avoid_immediate_adverse_move,"{""adverse_window_minutes"": 10, ""max_adverse_ticks"": 8}",delay_adverse_filter
mnq_1h_avoid_immediate_adverse_move_sm1p25_tm3p00_d15_aw10_mt12,MNQ,1H,1min,dynamic_exit_atr_target_1p0_ts2_vq0p95_bf0p5_ra1p2,1.25,3.0,15,avoid_immediate_adverse_move,"{""adverse_window_minutes"": 10, ""max_adverse_ticks"": 12}",delay_adverse_filter
mnq_1h_avoid_immediate_adverse_move_sm1p25_tm3p00_d15_aw10_mt16,MNQ,1H,1min,dynamic_exit_atr_target_1p0_ts2_vq0p95_bf0p5_ra1p2,1.25,3.0,15,avoid_immediate_adverse_move,"{""adverse_window_minutes"": 10, ""max_adverse_ticks"": 16}",delay_adverse_filter
mnq_1h_require_no_stop_zone_touch_before_entry_sm1p25_tm3p00_d30_sz0p50,MNQ,1H,1min,dynamic_exit_atr_target_1p0_ts2_vq0p95_bf0p5_ra1p2,1.25,3.0,30,require_no_stop_zone_touch_before_entry,"{""stop_zone_fraction"": 0.5}",delay_stop_zone_filter
mnq_1h_require_no_stop_zone_touch_before_entry_sm1p25_tm3p00_d30_sz0p75,MNQ,1H,1min,dynamic_exit_atr_target_1p0_ts2_vq0p95_bf0p5_ra1p2,1.25,3.0,30,require_no_stop_zone_touch_before_entry,"{""stop_zone_fraction"": 0.75}",delay_stop_zone_filter
mnq_1h_require_no_stop_zone_touch_before_entry_sm1p25_tm3p00_d30_sz1p00,MNQ,1H,1min,dynamic_exit_atr_target_1p0_ts2_vq0p95_bf0p5_ra1p2,1.25,3.0,30,require_no_stop_zone_touch_before_entry,"{""stop_zone_fraction"": 1.0}",delay_stop_zone_filter
mnq_1h_avoid_immediate_adverse_move_sm1p25_tm3p00_d30_aw5_mt8,MNQ,1H,1min,dynamic_exit_atr_target_1p0_ts2_vq0p95_bf0p5_ra1p2,1.25,3.0,30,avoid_immediate_adverse_move,"{""adverse_window_minutes"": 5, ""max_adverse_ticks"": 8}",delay_adverse_filter
mnq_1h_avoid_immediate_adverse_move_sm1p25_tm3p00_d30_aw5_mt12,MNQ,1H,1min,dynamic_exit_atr_target_1p0_ts2_vq0p95_bf0p5_ra1p2,1.25,3.0,30,avoid_immediate_adverse_move,"{""adverse_window_minutes"": 5, ""max_adverse_ticks"": 12}",delay_adverse_filter
mnq_1h_avoid_immediate_adverse_move_sm1p25_tm3p00_d30_aw5_mt16,MNQ,1H,1min,dynamic_exit_atr_target_1p0_ts2_vq0p95_bf0p5_ra1p2,1.25,3.0,30,avoid_immediate_adverse_move,"{""adverse_window_minutes"": 5, ""max_adverse_ticks"": 16}",delay_adverse_filter
mnq_1h_avoid_immediate_adverse_move_sm1p25_tm3p00_d30_aw10_mt8,MNQ,1H,1min,dynamic_exit_atr_target_1p0_ts2_vq0p95_bf0p5_ra1p2,1.25,3.0,30,avoid_immediate_adverse_move,"{""adverse_window_minutes"": 10, ""max_adverse_ticks"": 8}",delay_adverse_filter
mnq_1h_avoid_immediate_adverse_move_sm1p25_tm3p00_d30_aw10_mt12,MNQ,1H,1min,dynamic_exit_atr_target_1p0_ts2_vq0p95_bf0p5_ra1p2,1.25,3.0,30,avoid_immediate_adverse_move,"{""adverse_window_minutes"": 10, ""max_adverse_ticks"": 12}",delay_adverse_filter
mnq_1h_avoid_immediate_adverse_move_sm1p25_tm3p00_d30_aw10_mt16,MNQ,1H,1min,dynamic_exit_atr_target_1p0_ts2_vq0p95_bf0p5_ra1p2,1.25,3.0,30,avoid_immediate_adverse_move,"{""adverse_window_minutes"": 10, ""max_adverse_ticks"": 16}",delay_adverse_filter
mes_15min_none_sm1p00_tm1p00_d0,MES,15min,1min,dynamic_exit_mixed_ts4_vq0p95_bf0p6_ra1p5,1.0,1.0,0,none,{},raw_hybrid
mes_15min_none_sm1p00_tm1p00_d5,MES,15min,1min,dynamic_exit_mixed_ts4_vq0p95_bf0p6_ra1p5,1.0,1.0,5,none,{},delay_only
mes_15min_none_sm1p00_tm1p00_d15,MES,15min,1min,dynamic_exit_mixed_ts4_vq0p95_bf0p6_ra1p5,1.0,1.0,15,none,{},delay_only
mes_15min_none_sm1p00_tm1p00_d30,MES,15min,1min,dynamic_exit_mixed_ts4_vq0p95_bf0p6_ra1p5,1.0,1.0,30,none,{},delay_only
mes_15min_none_sm0p75_tm1p50_d0,MES,15min,1min,dynamic_exit_mixed_ts4_vq0p95_bf0p6_ra1p5,0.75,1.5,0,none,{},stop_target_recalibration
mes_15min_none_sm0p75_tm1p50_d5,MES,15min,1min,dynamic_exit_mixed_ts4_vq0p95_bf0p6_ra1p5,0.75,1.5,5,none,{},delay_stop_target
mes_15min_none_sm0p75_tm1p50_d15,MES,15min,1min,dynamic_exit_mixed_ts4_vq0p95_bf0p6_ra1p5,0.75,1.5,15,none,{},delay_stop_target
mes_15min_none_sm0p75_tm1p50_d30,MES,15min,1min,dynamic_exit_mixed_ts4_vq0p95_bf0p6_ra1p5,0.75,1.5,30,none,{},delay_stop_target
mes_15min_none_sm0p75_tm2p00_d0,MES,15min,1min,dynamic_exit_mixed_ts4_vq0p95_bf0p6_ra1p5,0.75,2.0,0,none,{},stop_target_recalibration
mes_15min_none_sm0p75_tm2p00_d5,MES,15min,1min,dynamic_exit_mixed_ts4_vq0p95_bf0p6_ra1p5,0.75,2.0,5,none,{},delay_stop_target
mes_15min_none_sm0p75_tm2p00_d15,MES,15min,1min,dynamic_exit_mixed_ts4_vq0p95_bf0p6_ra1p5,0.75,2.0,15,none,{},delay_stop_target
mes_15min_none_sm0p75_tm2p00_d30,MES,15min,1min,dynamic_exit_mixed_ts4_vq0p95_bf0p6_ra1p5,0.75,2.0,30,none,{},delay_stop_target
mes_15min_none_sm0p75_tm2p50_d0,MES,15min,1min,dynamic_exit_mixed_ts4_vq0p95_bf0p6_ra1p5,0.75,2.5,0,none,{},stop_target_recalibration
mes_15min_none_sm0p75_tm2p50_d5,MES,15min,1min,dynamic_exit_mixed_ts4_vq0p95_bf0p6_ra1p5,0.75,2.5,5,none,{},delay_stop_target
mes_15min_none_sm0p75_tm2p50_d15,MES,15min,1min,dynamic_exit_mixed_ts4_vq0p95_bf0p6_ra1p5,0.75,2.5,15,none,{},delay_stop_target
mes_15min_none_sm0p75_tm2p50_d30,MES,15min,1min,dynamic_exit_mixed_ts4_vq0p95_bf0p6_ra1p5,0.75,2.5,30,none,{},delay_stop_target
mes_15min_none_sm0p75_tm3p00_d0,MES,15min,1min,dynamic_exit_mixed_ts4_vq0p95_bf0p6_ra1p5,0.75,3.0,0,none,{},stop_target_recalibration
mes_15min_none_sm0p75_tm3p00_d5,MES,15min,1min,dynamic_exit_mixed_ts4_vq0p95_bf0p6_ra1p5,0.75,3.0,5,none,{},delay_stop_target
mes_15min_none_sm0p75_tm3p00_d15,MES,15min,1min,dynamic_exit_mixed_ts4_vq0p95_bf0p6_ra1p5,0.75,3.0,15,none,{},delay_stop_target
mes_15min_none_sm0p75_tm3p00_d30,MES,15min,1min,dynamic_exit_mixed_ts4_vq0p95_bf0p6_ra1p5,0.75,3.0,30,none,{},delay_stop_target
mes_15min_none_sm1p00_tm1p50_d0,MES,15min,1min,dynamic_exit_mixed_ts4_vq0p95_bf0p6_ra1p5,1.0,1.5,0,none,{},stop_target_recalibration
mes_15min_none_sm1p00_tm1p50_d5,MES,15min,1min,dynamic_exit_mixed_ts4_vq0p95_bf0p6_ra1p5,1.0,1.5,5,none,{},delay_stop_target
mes_15min_none_sm1p00_tm1p50_d15,MES,15min,1min,dynamic_exit_mixed_ts4_vq0p95_bf0p6_ra1p5,1.0,1.5,15,none,{},delay_stop_target
mes_15min_none_sm1p00_tm1p50_d30,MES,15min,1min,dynamic_exit_mixed_ts4_vq0p95_bf0p6_ra1p5,1.0,1.5,30,none,{},delay_stop_target
mes_15min_none_sm1p00_tm2p00_d0,MES,15min,1min,dynamic_exit_mixed_ts4_vq0p95_bf0p6_ra1p5,1.0,2.0,0,none,{},stop_target_recalibration
mes_15min_none_sm1p00_tm2p00_d5,MES,15min,1min,dynamic_exit_mixed_ts4_vq0p95_bf0p6_ra1p5,1.0,2.0,5,none,{},delay_stop_target
mes_15min_none_sm1p00_tm2p00_d15,MES,15min,1min,dynamic_exit_mixed_ts4_vq0p95_bf0p6_ra1p5,1.0,2.0,15,none,{},delay_stop_target
mes_15min_none_sm1p00_tm2p00_d30,MES,15min,1min,dynamic_exit_mixed_ts4_vq0p95_bf0p6_ra1p5,1.0,2.0,30,none,{},delay_stop_target
mes_15min_none_sm1p00_tm2p50_d0,MES,15min,1min,dynamic_exit_mixed_ts4_vq0p95_bf0p6_ra1p5,1.0,2.5,0,none,{},stop_target_recalibration
mes_15min_none_sm1p00_tm2p50_d5,MES,15min,1min,dynamic_exit_mixed_ts4_vq0p95_bf0p6_ra1p5,1.0,2.5,5,none,{},delay_stop_target
mes_15min_none_sm1p00_tm2p50_d15,MES,15min,1min,dynamic_exit_mixed_ts4_vq0p95_bf0p6_ra1p5,1.0,2.5,15,none,{},delay_stop_target
mes_15min_none_sm1p00_tm2p50_d30,MES,15min,1min,dynamic_exit_mixed_ts4_vq0p95_bf0p6_ra1p5,1.0,2.5,30,none,{},delay_stop_target
mes_15min_none_sm1p00_tm3p00_d0,MES,15min,1min,dynamic_exit_mixed_ts4_vq0p95_bf0p6_ra1p5,1.0,3.0,0,none,{},stop_target_recalibration
mes_15min_none_sm1p00_tm3p00_d5,MES,15min,1min,dynamic_exit_mixed_ts4_vq0p95_bf0p6_ra1p5,1.0,3.0,5,none,{},delay_stop_target
mes_15min_none_sm1p00_tm3p00_d15,MES,15min,1min,dynamic_exit_mixed_ts4_vq0p95_bf0p6_ra1p5,1.0,3.0,15,none,{},delay_stop_target
mes_15min_none_sm1p00_tm3p00_d30,MES,15min,1min,dynamic_exit_mixed_ts4_vq0p95_bf0p6_ra1p5,1.0,3.0,30,none,{},delay_stop_target
mes_15min_none_sm1p25_tm1p50_d0,MES,15min,1min,dynamic_exit_mixed_ts4_vq0p95_bf0p6_ra1p5,1.25,1.5,0,none,{},stop_target_recalibration
mes_15min_none_sm1p25_tm1p50_d5,MES,15min,1min,dynamic_exit_mixed_ts4_vq0p95_bf0p6_ra1p5,1.25,1.5,5,none,{},delay_stop_target
mes_15min_none_sm1p25_tm1p50_d15,MES,15min,1min,dynamic_exit_mixed_ts4_vq0p95_bf0p6_ra1p5,1.25,1.5,15,none,{},delay_stop_target
mes_15min_none_sm1p25_tm1p50_d30,MES,15min,1min,dynamic_exit_mixed_ts4_vq0p95_bf0p6_ra1p5,1.25,1.5,30,none,{},delay_stop_target
mes_15min_none_sm1p25_tm2p00_d0,MES,15min,1min,dynamic_exit_mixed_ts4_vq0p95_bf0p6_ra1p5,1.25,2.0,0,none,{},stop_target_recalibration
mes_15min_none_sm1p25_tm2p00_d5,MES,15min,1min,dynamic_exit_mixed_ts4_vq0p95_bf0p6_ra1p5,1.25,2.0,5,none,{},delay_stop_target
mes_15min_none_sm1p25_tm2p00_d15,MES,15min,1min,dynamic_exit_mixed_ts4_vq0p95_bf0p6_ra1p5,1.25,2.0,15,none,{},delay_stop_target
mes_15min_none_sm1p25_tm2p00_d30,MES,15min,1min,dynamic_exit_mixed_ts4_vq0p95_bf0p6_ra1p5,1.25,2.0,30,none,{},delay_stop_target
mes_15min_none_sm1p25_tm2p50_d0,MES,15min,1min,dynamic_exit_mixed_ts4_vq0p95_bf0p6_ra1p5,1.25,2.5,0,none,{},stop_target_recalibration
mes_15min_none_sm1p25_tm2p50_d5,MES,15min,1min,dynamic_exit_mixed_ts4_vq0p95_bf0p6_ra1p5,1.25,2.5,5,none,{},delay_stop_target
mes_15min_none_sm1p25_tm2p50_d15,MES,15min,1min,dynamic_exit_mixed_ts4_vq0p95_bf0p6_ra1p5,1.25,2.5,15,none,{},delay_stop_target
mes_15min_none_sm1p25_tm2p50_d30,MES,15min,1min,dynamic_exit_mixed_ts4_vq0p95_bf0p6_ra1p5,1.25,2.5,30,none,{},delay_stop_target
mes_15min_none_sm1p25_tm3p00_d0,MES,15min,1min,dynamic_exit_mixed_ts4_vq0p95_bf0p6_ra1p5,1.25,3.0,0,none,{},stop_target_recalibration
mes_15min_none_sm1p25_tm3p00_d5,MES,15min,1min,dynamic_exit_mixed_ts4_vq0p95_bf0p6_ra1p5,1.25,3.0,5,none,{},delay_stop_target
mes_15min_none_sm1p25_tm3p00_d15,MES,15min,1min,dynamic_exit_mixed_ts4_vq0p95_bf0p6_ra1p5,1.25,3.0,15,none,{},delay_stop_target
mes_15min_none_sm1p25_tm3p00_d30,MES,15min,1min,dynamic_exit_mixed_ts4_vq0p95_bf0p6_ra1p5,1.25,3.0,30,none,{},delay_stop_target
mes_15min_none_sm1p50_tm1p50_d0,MES,15min,1min,dynamic_exit_mixed_ts4_vq0p95_bf0p6_ra1p5,1.5,1.5,0,none,{},stop_target_recalibration
mes_15min_none_sm1p50_tm1p50_d5,MES,15min,1min,dynamic_exit_mixed_ts4_vq0p95_bf0p6_ra1p5,1.5,1.5,5,none,{},delay_stop_target
mes_15min_none_sm1p50_tm1p50_d15,MES,15min,1min,dynamic_exit_mixed_ts4_vq0p95_bf0p6_ra1p5,1.5,1.5,15,none,{},delay_stop_target
mes_15min_none_sm1p50_tm1p50_d30,MES,15min,1min,dynamic_exit_mixed_ts4_vq0p95_bf0p6_ra1p5,1.5,1.5,30,none,{},delay_stop_target
mes_15min_none_sm1p50_tm2p00_d0,MES,15min,1min,dynamic_exit_mixed_ts4_vq0p95_bf0p6_ra1p5,1.5,2.0,0,none,{},stop_target_recalibration
mes_15min_none_sm1p50_tm2p00_d5,MES,15min,1min,dynamic_exit_mixed_ts4_vq0p95_bf0p6_ra1p5,1.5,2.0,5,none,{},delay_stop_target
mes_15min_none_sm1p50_tm2p00_d15,MES,15min,1min,dynamic_exit_mixed_ts4_vq0p95_bf0p6_ra1p5,1.5,2.0,15,none,{},delay_stop_target
mes_15min_none_sm1p50_tm2p00_d30,MES,15min,1min,dynamic_exit_mixed_ts4_vq0p95_bf0p6_ra1p5,1.5,2.0,30,none,{},delay_stop_target
mes_15min_none_sm1p50_tm2p50_d0,MES,15min,1min,dynamic_exit_mixed_ts4_vq0p95_bf0p6_ra1p5,1.5,2.5,0,none,{},stop_target_recalibration
mes_15min_none_sm1p50_tm2p50_d5,MES,15min,1min,dynamic_exit_mixed_ts4_vq0p95_bf0p6_ra1p5,1.5,2.5,5,none,{},delay_stop_target
mes_15min_none_sm1p50_tm2p50_d15,MES,15min,1min,dynamic_exit_mixed_ts4_vq0p95_bf0p6_ra1p5,1.5,2.5,15,none,{},delay_stop_target
mes_15min_none_sm1p50_tm2p50_d30,MES,15min,1min,dynamic_exit_mixed_ts4_vq0p95_bf0p6_ra1p5,1.5,2.5,30,none,{},delay_stop_target
mes_15min_none_sm1p50_tm3p00_d0,MES,15min,1min,dynamic_exit_mixed_ts4_vq0p95_bf0p6_ra1p5,1.5,3.0,0,none,{},stop_target_recalibration
mes_15min_none_sm1p50_tm3p00_d5,MES,15min,1min,dynamic_exit_mixed_ts4_vq0p95_bf0p6_ra1p5,1.5,3.0,5,none,{},delay_stop_target
mes_15min_none_sm1p50_tm3p00_d15,MES,15min,1min,dynamic_exit_mixed_ts4_vq0p95_bf0p6_ra1p5,1.5,3.0,15,none,{},delay_stop_target
mes_15min_none_sm1p50_tm3p00_d30,MES,15min,1min,dynamic_exit_mixed_ts4_vq0p95_bf0p6_ra1p5,1.5,3.0,30,none,{},delay_stop_target
mes_15min_require_no_stop_zone_touch_before_entry_sm0p75_tm2p00_d5_sz0p50,MES,15min,1min,dynamic_exit_mixed_ts4_vq0p95_bf0p6_ra1p5,0.75,2.0,5,require_no_stop_zone_touch_before_entry,"{""stop_zone_fraction"": 0.5}",delay_stop_zone_filter
mes_15min_require_no_stop_zone_touch_before_entry_sm0p75_tm2p00_d5_sz0p75,MES,15min,1min,dynamic_exit_mixed_ts4_vq0p95_bf0p6_ra1p5,0.75,2.0,5,require_no_stop_zone_touch_before_entry,"{""stop_zone_fraction"": 0.75}",delay_stop_zone_filter
mes_15min_require_no_stop_zone_touch_before_entry_sm0p75_tm2p00_d5_sz1p00,MES,15min,1min,dynamic_exit_mixed_ts4_vq0p95_bf0p6_ra1p5,0.75,2.0,5,require_no_stop_zone_touch_before_entry,"{""stop_zone_fraction"": 1.0}",delay_stop_zone_filter
mes_15min_avoid_immediate_adverse_move_sm0p75_tm2p00_d5_aw5_mt8,MES,15min,1min,dynamic_exit_mixed_ts4_vq0p95_bf0p6_ra1p5,0.75,2.0,5,avoid_immediate_adverse_move,"{""adverse_window_minutes"": 5, ""max_adverse_ticks"": 8}",delay_adverse_filter
mes_15min_avoid_immediate_adverse_move_sm0p75_tm2p00_d5_aw5_mt12,MES,15min,1min,dynamic_exit_mixed_ts4_vq0p95_bf0p6_ra1p5,0.75,2.0,5,avoid_immediate_adverse_move,"{""adverse_window_minutes"": 5, ""max_adverse_ticks"": 12}",delay_adverse_filter
mes_15min_avoid_immediate_adverse_move_sm0p75_tm2p00_d5_aw5_mt16,MES,15min,1min,dynamic_exit_mixed_ts4_vq0p95_bf0p6_ra1p5,0.75,2.0,5,avoid_immediate_adverse_move,"{""adverse_window_minutes"": 5, ""max_adverse_ticks"": 16}",delay_adverse_filter
mes_15min_require_no_stop_zone_touch_before_entry_sm0p75_tm2p00_d15_sz0p50,MES,15min,1min,dynamic_exit_mixed_ts4_vq0p95_bf0p6_ra1p5,0.75,2.0,15,require_no_stop_zone_touch_before_entry,"{""stop_zone_fraction"": 0.5}",delay_stop_zone_filter
mes_15min_require_no_stop_zone_touch_before_entry_sm0p75_tm2p00_d15_sz0p75,MES,15min,1min,dynamic_exit_mixed_ts4_vq0p95_bf0p6_ra1p5,0.75,2.0,15,require_no_stop_zone_touch_before_entry,"{""stop_zone_fraction"": 0.75}",delay_stop_zone_filter
mes_15min_require_no_stop_zone_touch_before_entry_sm0p75_tm2p00_d15_sz1p00,MES,15min,1min,dynamic_exit_mixed_ts4_vq0p95_bf0p6_ra1p5,0.75,2.0,15,require_no_stop_zone_touch_before_entry,"{""stop_zone_fraction"": 1.0}",delay_stop_zone_filter
mes_15min_avoid_immediate_adverse_move_sm0p75_tm2p00_d15_aw5_mt8,MES,15min,1min,dynamic_exit_mixed_ts4_vq0p95_bf0p6_ra1p5,0.75,2.0,15,avoid_immediate_adverse_move,"{""adverse_window_minutes"": 5, ""max_adverse_ticks"": 8}",delay_adverse_filter
mes_15min_avoid_immediate_adverse_move_sm0p75_tm2p00_d15_aw5_mt12,MES,15min,1min,dynamic_exit_mixed_ts4_vq0p95_bf0p6_ra1p5,0.75,2.0,15,avoid_immediate_adverse_move,"{""adverse_window_minutes"": 5, ""max_adverse_ticks"": 12}",delay_adverse_filter
mes_15min_avoid_immediate_adverse_move_sm0p75_tm2p00_d15_aw5_mt16,MES,15min,1min,dynamic_exit_mixed_ts4_vq0p95_bf0p6_ra1p5,0.75,2.0,15,avoid_immediate_adverse_move,"{""adverse_window_minutes"": 5, ""max_adverse_ticks"": 16}",delay_adverse_filter
mes_15min_avoid_immediate_adverse_move_sm0p75_tm2p00_d15_aw10_mt8,MES,15min,1min,dynamic_exit_mixed_ts4_vq0p95_bf0p6_ra1p5,0.75,2.0,15,avoid_immediate_adverse_move,"{""adverse_window_minutes"": 10, ""max_adverse_ticks"": 8}",delay_adverse_filter
mes_15min_avoid_immediate_adverse_move_sm0p75_tm2p00_d15_aw10_mt12,MES,15min,1min,dynamic_exit_mixed_ts4_vq0p95_bf0p6_ra1p5,0.75,2.0,15,avoid_immediate_adverse_move,"{""adverse_window_minutes"": 10, ""max_adverse_ticks"": 12}",delay_adverse_filter
mes_15min_avoid_immediate_adverse_move_sm0p75_tm2p00_d15_aw10_mt16,MES,15min,1min,dynamic_exit_mixed_ts4_vq0p95_bf0p6_ra1p5,0.75,2.0,15,avoid_immediate_adverse_move,"{""adverse_window_minutes"": 10, ""max_adverse_ticks"": 16}",delay_adverse_filter
mes_15min_require_no_stop_zone_touch_before_entry_sm0p75_tm2p00_d30_sz0p50,MES,15min,1min,dynamic_exit_mixed_ts4_vq0p95_bf0p6_ra1p5,0.75,2.0,30,require_no_stop_zone_touch_before_entry,"{""stop_zone_fraction"": 0.5}",delay_stop_zone_filter
mes_15min_require_no_stop_zone_touch_before_entry_sm0p75_tm2p00_d30_sz0p75,MES,15min,1min,dynamic_exit_mixed_ts4_vq0p95_bf0p6_ra1p5,0.75,2.0,30,require_no_stop_zone_touch_before_entry,"{""stop_zone_fraction"": 0.75}",delay_stop_zone_filter
mes_15min_require_no_stop_zone_touch_before_entry_sm0p75_tm2p00_d30_sz1p00,MES,15min,1min,dynamic_exit_mixed_ts4_vq0p95_bf0p6_ra1p5,0.75,2.0,30,require_no_stop_zone_touch_before_entry,"{""stop_zone_fraction"": 1.0}",delay_stop_zone_filter
mes_15min_avoid_immediate_adverse_move_sm0p75_tm2p00_d30_aw5_mt8,MES,15min,1min,dynamic_exit_mixed_ts4_vq0p95_bf0p6_ra1p5,0.75,2.0,30,avoid_immediate_adverse_move,"{""adverse_window_minutes"": 5, ""max_adverse_ticks"": 8}",delay_adverse_filter
mes_15min_avoid_immediate_adverse_move_sm0p75_tm2p00_d30_aw5_mt12,MES,15min,1min,dynamic_exit_mixed_ts4_vq0p95_bf0p6_ra1p5,0.75,2.0,30,avoid_immediate_adverse_move,"{""adverse_window_minutes"": 5, ""max_adverse_ticks"": 12}",delay_adverse_filter
mes_15min_avoid_immediate_adverse_move_sm0p75_tm2p00_d30_aw5_mt16,MES,15min,1min,dynamic_exit_mixed_ts4_vq0p95_bf0p6_ra1p5,0.75,2.0,30,avoid_immediate_adverse_move,"{""adverse_window_minutes"": 5, ""max_adverse_ticks"": 16}",delay_adverse_filter
mes_15min_avoid_immediate_adverse_move_sm0p75_tm2p00_d30_aw10_mt8,MES,15min,1min,dynamic_exit_mixed_ts4_vq0p95_bf0p6_ra1p5,0.75,2.0,30,avoid_immediate_adverse_move,"{""adverse_window_minutes"": 10, ""max_adverse_ticks"": 8}",delay_adverse_filter
mes_15min_avoid_immediate_adverse_move_sm0p75_tm2p00_d30_aw10_mt12,MES,15min,1min,dynamic_exit_mixed_ts4_vq0p95_bf0p6_ra1p5,0.75,2.0,30,avoid_immediate_adverse_move,"{""adverse_window_minutes"": 10, ""max_adverse_ticks"": 12}",delay_adverse_filter
mes_15min_avoid_immediate_adverse_move_sm0p75_tm2p00_d30_aw10_mt16,MES,15min,1min,dynamic_exit_mixed_ts4_vq0p95_bf0p6_ra1p5,0.75,2.0,30,avoid_immediate_adverse_move,"{""adverse_window_minutes"": 10, ""max_adverse_ticks"": 16}",delay_adverse_filter
mes_15min_require_no_stop_zone_touch_before_entry_sm0p75_tm2p50_d5_sz0p50,MES,15min,1min,dynamic_exit_mixed_ts4_vq0p95_bf0p6_ra1p5,0.75,2.5,5,require_no_stop_zone_touch_before_entry,"{""stop_zone_fraction"": 0.5}",delay_stop_zone_filter
mes_15min_require_no_stop_zone_touch_before_entry_sm0p75_tm2p50_d5_sz0p75,MES,15min,1min,dynamic_exit_mixed_ts4_vq0p95_bf0p6_ra1p5,0.75,2.5,5,require_no_stop_zone_touch_before_entry,"{""stop_zone_fraction"": 0.75}",delay_stop_zone_filter
mes_15min_require_no_stop_zone_touch_before_entry_sm0p75_tm2p50_d5_sz1p00,MES,15min,1min,dynamic_exit_mixed_ts4_vq0p95_bf0p6_ra1p5,0.75,2.5,5,require_no_stop_zone_touch_before_entry,"{""stop_zone_fraction"": 1.0}",delay_stop_zone_filter
mes_15min_avoid_immediate_adverse_move_sm0p75_tm2p50_d5_aw5_mt8,MES,15min,1min,dynamic_exit_mixed_ts4_vq0p95_bf0p6_ra1p5,0.75,2.5,5,avoid_immediate_adverse_move,"{""adverse_window_minutes"": 5, ""max_adverse_ticks"": 8}",delay_adverse_filter
mes_15min_avoid_immediate_adverse_move_sm0p75_tm2p50_d5_aw5_mt12,MES,15min,1min,dynamic_exit_mixed_ts4_vq0p95_bf0p6_ra1p5,0.75,2.5,5,avoid_immediate_adverse_move,"{""adverse_window_minutes"": 5, ""max_adverse_ticks"": 12}",delay_adverse_filter
mes_15min_avoid_immediate_adverse_move_sm0p75_tm2p50_d5_aw5_mt16,MES,15min,1min,dynamic_exit_mixed_ts4_vq0p95_bf0p6_ra1p5,0.75,2.5,5,avoid_immediate_adverse_move,"{""adverse_window_minutes"": 5, ""max_adverse_ticks"": 16}",delay_adverse_filter
mes_15min_require_no_stop_zone_touch_before_entry_sm0p75_tm2p50_d15_sz0p50,MES,15min,1min,dynamic_exit_mixed_ts4_vq0p95_bf0p6_ra1p5,0.75,2.5,15,require_no_stop_zone_touch_before_entry,"{""stop_zone_fraction"": 0.5}",delay_stop_zone_filter
mes_15min_require_no_stop_zone_touch_before_entry_sm0p75_tm2p50_d15_sz0p75,MES,15min,1min,dynamic_exit_mixed_ts4_vq0p95_bf0p6_ra1p5,0.75,2.5,15,require_no_stop_zone_touch_before_entry,"{""stop_zone_fraction"": 0.75}",delay_stop_zone_filter
mes_15min_require_no_stop_zone_touch_before_entry_sm0p75_tm2p50_d15_sz1p00,MES,15min,1min,dynamic_exit_mixed_ts4_vq0p95_bf0p6_ra1p5,0.75,2.5,15,require_no_stop_zone_touch_before_entry,"{""stop_zone_fraction"": 1.0}",delay_stop_zone_filter
mes_15min_avoid_immediate_adverse_move_sm0p75_tm2p50_d15_aw5_mt8,MES,15min,1min,dynamic_exit_mixed_ts4_vq0p95_bf0p6_ra1p5,0.75,2.5,15,avoid_immediate_adverse_move,"{""adverse_window_minutes"": 5, ""max_adverse_ticks"": 8}",delay_adverse_filter
mes_15min_avoid_immediate_adverse_move_sm0p75_tm2p50_d15_aw5_mt12,MES,15min,1min,dynamic_exit_mixed_ts4_vq0p95_bf0p6_ra1p5,0.75,2.5,15,avoid_immediate_adverse_move,"{""adverse_window_minutes"": 5, ""max_adverse_ticks"": 12}",delay_adverse_filter
mes_15min_avoid_immediate_adverse_move_sm0p75_tm2p50_d15_aw5_mt16,MES,15min,1min,dynamic_exit_mixed_ts4_vq0p95_bf0p6_ra1p5,0.75,2.5,15,avoid_immediate_adverse_move,"{""adverse_window_minutes"": 5, ""max_adverse_ticks"": 16}",delay_adverse_filter
mes_15min_avoid_immediate_adverse_move_sm0p75_tm2p50_d15_aw10_mt8,MES,15min,1min,dynamic_exit_mixed_ts4_vq0p95_bf0p6_ra1p5,0.75,2.5,15,avoid_immediate_adverse_move,"{""adverse_window_minutes"": 10, ""max_adverse_ticks"": 8}",delay_adverse_filter
mes_15min_avoid_immediate_adverse_move_sm0p75_tm2p50_d15_aw10_mt12,MES,15min,1min,dynamic_exit_mixed_ts4_vq0p95_bf0p6_ra1p5,0.75,2.5,15,avoid_immediate_adverse_move,"{""adverse_window_minutes"": 10, ""max_adverse_ticks"": 12}",delay_adverse_filter
mes_15min_avoid_immediate_adverse_move_sm0p75_tm2p50_d15_aw10_mt16,MES,15min,1min,dynamic_exit_mixed_ts4_vq0p95_bf0p6_ra1p5,0.75,2.5,15,avoid_immediate_adverse_move,"{""adverse_window_minutes"": 10, ""max_adverse_ticks"": 16}",delay_adverse_filter
mes_15min_require_no_stop_zone_touch_before_entry_sm0p75_tm2p50_d30_sz0p50,MES,15min,1min,dynamic_exit_mixed_ts4_vq0p95_bf0p6_ra1p5,0.75,2.5,30,require_no_stop_zone_touch_before_entry,"{""stop_zone_fraction"": 0.5}",delay_stop_zone_filter
mes_15min_require_no_stop_zone_touch_before_entry_sm0p75_tm2p50_d30_sz0p75,MES,15min,1min,dynamic_exit_mixed_ts4_vq0p95_bf0p6_ra1p5,0.75,2.5,30,require_no_stop_zone_touch_before_entry,"{""stop_zone_fraction"": 0.75}",delay_stop_zone_filter
mes_15min_require_no_stop_zone_touch_before_entry_sm0p75_tm2p50_d30_sz1p00,MES,15min,1min,dynamic_exit_mixed_ts4_vq0p95_bf0p6_ra1p5,0.75,2.5,30,require_no_stop_zone_touch_before_entry,"{""stop_zone_fraction"": 1.0}",delay_stop_zone_filter
mes_15min_avoid_immediate_adverse_move_sm0p75_tm2p50_d30_aw5_mt8,MES,15min,1min,dynamic_exit_mixed_ts4_vq0p95_bf0p6_ra1p5,0.75,2.5,30,avoid_immediate_adverse_move,"{""adverse_window_minutes"": 5, ""max_adverse_ticks"": 8}",delay_adverse_filter
mes_15min_avoid_immediate_adverse_move_sm0p75_tm2p50_d30_aw5_mt12,MES,15min,1min,dynamic_exit_mixed_ts4_vq0p95_bf0p6_ra1p5,0.75,2.5,30,avoid_immediate_adverse_move,"{""adverse_window_minutes"": 5, ""max_adverse_ticks"": 12}",delay_adverse_filter
mes_15min_avoid_immediate_adverse_move_sm0p75_tm2p50_d30_aw5_mt16,MES,15min,1min,dynamic_exit_mixed_ts4_vq0p95_bf0p6_ra1p5,0.75,2.5,30,avoid_immediate_adverse_move,"{""adverse_window_minutes"": 5, ""max_adverse_ticks"": 16}",delay_adverse_filter
mes_15min_avoid_immediate_adverse_move_sm0p75_tm2p50_d30_aw10_mt8,MES,15min,1min,dynamic_exit_mixed_ts4_vq0p95_bf0p6_ra1p5,0.75,2.5,30,avoid_immediate_adverse_move,"{""adverse_window_minutes"": 10, ""max_adverse_ticks"": 8}",delay_adverse_filter
mes_15min_avoid_immediate_adverse_move_sm0p75_tm2p50_d30_aw10_mt12,MES,15min,1min,dynamic_exit_mixed_ts4_vq0p95_bf0p6_ra1p5,0.75,2.5,30,avoid_immediate_adverse_move,"{""adverse_window_minutes"": 10, ""max_adverse_ticks"": 12}",delay_adverse_filter
mes_15min_avoid_immediate_adverse_move_sm0p75_tm2p50_d30_aw10_mt16,MES,15min,1min,dynamic_exit_mixed_ts4_vq0p95_bf0p6_ra1p5,0.75,2.5,30,avoid_immediate_adverse_move,"{""adverse_window_minutes"": 10, ""max_adverse_ticks"": 16}",delay_adverse_filter
mes_15min_require_no_stop_zone_touch_before_entry_sm0p75_tm3p00_d5_sz0p50,MES,15min,1min,dynamic_exit_mixed_ts4_vq0p95_bf0p6_ra1p5,0.75,3.0,5,require_no_stop_zone_touch_before_entry,"{""stop_zone_fraction"": 0.5}",delay_stop_zone_filter
mes_15min_require_no_stop_zone_touch_before_entry_sm0p75_tm3p00_d5_sz0p75,MES,15min,1min,dynamic_exit_mixed_ts4_vq0p95_bf0p6_ra1p5,0.75,3.0,5,require_no_stop_zone_touch_before_entry,"{""stop_zone_fraction"": 0.75}",delay_stop_zone_filter
mes_15min_require_no_stop_zone_touch_before_entry_sm0p75_tm3p00_d5_sz1p00,MES,15min,1min,dynamic_exit_mixed_ts4_vq0p95_bf0p6_ra1p5,0.75,3.0,5,require_no_stop_zone_touch_before_entry,"{""stop_zone_fraction"": 1.0}",delay_stop_zone_filter
mes_15min_avoid_immediate_adverse_move_sm0p75_tm3p00_d5_aw5_mt8,MES,15min,1min,dynamic_exit_mixed_ts4_vq0p95_bf0p6_ra1p5,0.75,3.0,5,avoid_immediate_adverse_move,"{""adverse_window_minutes"": 5, ""max_adverse_ticks"": 8}",delay_adverse_filter
mes_15min_avoid_immediate_adverse_move_sm0p75_tm3p00_d5_aw5_mt12,MES,15min,1min,dynamic_exit_mixed_ts4_vq0p95_bf0p6_ra1p5,0.75,3.0,5,avoid_immediate_adverse_move,"{""adverse_window_minutes"": 5, ""max_adverse_ticks"": 12}",delay_adverse_filter
mes_15min_avoid_immediate_adverse_move_sm0p75_tm3p00_d5_aw5_mt16,MES,15min,1min,dynamic_exit_mixed_ts4_vq0p95_bf0p6_ra1p5,0.75,3.0,5,avoid_immediate_adverse_move,"{""adverse_window_minutes"": 5, ""max_adverse_ticks"": 16}",delay_adverse_filter
mes_15min_require_no_stop_zone_touch_before_entry_sm0p75_tm3p00_d15_sz0p50,MES,15min,1min,dynamic_exit_mixed_ts4_vq0p95_bf0p6_ra1p5,0.75,3.0,15,require_no_stop_zone_touch_before_entry,"{""stop_zone_fraction"": 0.5}",delay_stop_zone_filter
mes_15min_require_no_stop_zone_touch_before_entry_sm0p75_tm3p00_d15_sz0p75,MES,15min,1min,dynamic_exit_mixed_ts4_vq0p95_bf0p6_ra1p5,0.75,3.0,15,require_no_stop_zone_touch_before_entry,"{""stop_zone_fraction"": 0.75}",delay_stop_zone_filter
mes_15min_require_no_stop_zone_touch_before_entry_sm0p75_tm3p00_d15_sz1p00,MES,15min,1min,dynamic_exit_mixed_ts4_vq0p95_bf0p6_ra1p5,0.75,3.0,15,require_no_stop_zone_touch_before_entry,"{""stop_zone_fraction"": 1.0}",delay_stop_zone_filter
mes_15min_avoid_immediate_adverse_move_sm0p75_tm3p00_d15_aw5_mt8,MES,15min,1min,dynamic_exit_mixed_ts4_vq0p95_bf0p6_ra1p5,0.75,3.0,15,avoid_immediate_adverse_move,"{""adverse_window_minutes"": 5, ""max_adverse_ticks"": 8}",delay_adverse_filter
mes_15min_avoid_immediate_adverse_move_sm0p75_tm3p00_d15_aw5_mt12,MES,15min,1min,dynamic_exit_mixed_ts4_vq0p95_bf0p6_ra1p5,0.75,3.0,15,avoid_immediate_adverse_move,"{""adverse_window_minutes"": 5, ""max_adverse_ticks"": 12}",delay_adverse_filter
mes_15min_avoid_immediate_adverse_move_sm0p75_tm3p00_d15_aw5_mt16,MES,15min,1min,dynamic_exit_mixed_ts4_vq0p95_bf0p6_ra1p5,0.75,3.0,15,avoid_immediate_adverse_move,"{""adverse_window_minutes"": 5, ""max_adverse_ticks"": 16}",delay_adverse_filter
mes_15min_avoid_immediate_adverse_move_sm0p75_tm3p00_d15_aw10_mt8,MES,15min,1min,dynamic_exit_mixed_ts4_vq0p95_bf0p6_ra1p5,0.75,3.0,15,avoid_immediate_adverse_move,"{""adverse_window_minutes"": 10, ""max_adverse_ticks"": 8}",delay_adverse_filter
mes_15min_avoid_immediate_adverse_move_sm0p75_tm3p00_d15_aw10_mt12,MES,15min,1min,dynamic_exit_mixed_ts4_vq0p95_bf0p6_ra1p5,0.75,3.0,15,avoid_immediate_adverse_move,"{""adverse_window_minutes"": 10, ""max_adverse_ticks"": 12}",delay_adverse_filter
mes_15min_avoid_immediate_adverse_move_sm0p75_tm3p00_d15_aw10_mt16,MES,15min,1min,dynamic_exit_mixed_ts4_vq0p95_bf0p6_ra1p5,0.75,3.0,15,avoid_immediate_adverse_move,"{""adverse_window_minutes"": 10, ""max_adverse_ticks"": 16}",delay_adverse_filter
mes_15min_require_no_stop_zone_touch_before_entry_sm0p75_tm3p00_d30_sz0p50,MES,15min,1min,dynamic_exit_mixed_ts4_vq0p95_bf0p6_ra1p5,0.75,3.0,30,require_no_stop_zone_touch_before_entry,"{""stop_zone_fraction"": 0.5}",delay_stop_zone_filter
mes_15min_require_no_stop_zone_touch_before_entry_sm0p75_tm3p00_d30_sz0p75,MES,15min,1min,dynamic_exit_mixed_ts4_vq0p95_bf0p6_ra1p5,0.75,3.0,30,require_no_stop_zone_touch_before_entry,"{""stop_zone_fraction"": 0.75}",delay_stop_zone_filter
mes_15min_require_no_stop_zone_touch_before_entry_sm0p75_tm3p00_d30_sz1p00,MES,15min,1min,dynamic_exit_mixed_ts4_vq0p95_bf0p6_ra1p5,0.75,3.0,30,require_no_stop_zone_touch_before_entry,"{""stop_zone_fraction"": 1.0}",delay_stop_zone_filter
mes_15min_avoid_immediate_adverse_move_sm0p75_tm3p00_d30_aw5_mt8,MES,15min,1min,dynamic_exit_mixed_ts4_vq0p95_bf0p6_ra1p5,0.75,3.0,30,avoid_immediate_adverse_move,"{""adverse_window_minutes"": 5, ""max_adverse_ticks"": 8}",delay_adverse_filter
mes_15min_avoid_immediate_adverse_move_sm0p75_tm3p00_d30_aw5_mt12,MES,15min,1min,dynamic_exit_mixed_ts4_vq0p95_bf0p6_ra1p5,0.75,3.0,30,avoid_immediate_adverse_move,"{""adverse_window_minutes"": 5, ""max_adverse_ticks"": 12}",delay_adverse_filter
mes_15min_avoid_immediate_adverse_move_sm0p75_tm3p00_d30_aw5_mt16,MES,15min,1min,dynamic_exit_mixed_ts4_vq0p95_bf0p6_ra1p5,0.75,3.0,30,avoid_immediate_adverse_move,"{""adverse_window_minutes"": 5, ""max_adverse_ticks"": 16}",delay_adverse_filter
mes_15min_avoid_immediate_adverse_move_sm0p75_tm3p00_d30_aw10_mt8,MES,15min,1min,dynamic_exit_mixed_ts4_vq0p95_bf0p6_ra1p5,0.75,3.0,30,avoid_immediate_adverse_move,"{""adverse_window_minutes"": 10, ""max_adverse_ticks"": 8}",delay_adverse_filter
mes_15min_avoid_immediate_adverse_move_sm0p75_tm3p00_d30_aw10_mt12,MES,15min,1min,dynamic_exit_mixed_ts4_vq0p95_bf0p6_ra1p5,0.75,3.0,30,avoid_immediate_adverse_move,"{""adverse_window_minutes"": 10, ""max_adverse_ticks"": 12}",delay_adverse_filter
mes_15min_avoid_immediate_adverse_move_sm0p75_tm3p00_d30_aw10_mt16,MES,15min,1min,dynamic_exit_mixed_ts4_vq0p95_bf0p6_ra1p5,0.75,3.0,30,avoid_immediate_adverse_move,"{""adverse_window_minutes"": 10, ""max_adverse_ticks"": 16}",delay_adverse_filter
mes_15min_require_no_stop_zone_touch_before_entry_sm1p00_tm2p00_d5_sz0p50,MES,15min,1min,dynamic_exit_mixed_ts4_vq0p95_bf0p6_ra1p5,1.0,2.0,5,require_no_stop_zone_touch_before_entry,"{""stop_zone_fraction"": 0.5}",delay_stop_zone_filter
mes_15min_require_no_stop_zone_touch_before_entry_sm1p00_tm2p00_d5_sz0p75,MES,15min,1min,dynamic_exit_mixed_ts4_vq0p95_bf0p6_ra1p5,1.0,2.0,5,require_no_stop_zone_touch_before_entry,"{""stop_zone_fraction"": 0.75}",delay_stop_zone_filter
mes_15min_require_no_stop_zone_touch_before_entry_sm1p00_tm2p00_d5_sz1p00,MES,15min,1min,dynamic_exit_mixed_ts4_vq0p95_bf0p6_ra1p5,1.0,2.0,5,require_no_stop_zone_touch_before_entry,"{""stop_zone_fraction"": 1.0}",delay_stop_zone_filter
mes_15min_avoid_immediate_adverse_move_sm1p00_tm2p00_d5_aw5_mt8,MES,15min,1min,dynamic_exit_mixed_ts4_vq0p95_bf0p6_ra1p5,1.0,2.0,5,avoid_immediate_adverse_move,"{""adverse_window_minutes"": 5, ""max_adverse_ticks"": 8}",delay_adverse_filter
mes_15min_avoid_immediate_adverse_move_sm1p00_tm2p00_d5_aw5_mt12,MES,15min,1min,dynamic_exit_mixed_ts4_vq0p95_bf0p6_ra1p5,1.0,2.0,5,avoid_immediate_adverse_move,"{""adverse_window_minutes"": 5, ""max_adverse_ticks"": 12}",delay_adverse_filter
mes_15min_avoid_immediate_adverse_move_sm1p00_tm2p00_d5_aw5_mt16,MES,15min,1min,dynamic_exit_mixed_ts4_vq0p95_bf0p6_ra1p5,1.0,2.0,5,avoid_immediate_adverse_move,"{""adverse_window_minutes"": 5, ""max_adverse_ticks"": 16}",delay_adverse_filter
mes_15min_require_no_stop_zone_touch_before_entry_sm1p00_tm2p00_d15_sz0p50,MES,15min,1min,dynamic_exit_mixed_ts4_vq0p95_bf0p6_ra1p5,1.0,2.0,15,require_no_stop_zone_touch_before_entry,"{""stop_zone_fraction"": 0.5}",delay_stop_zone_filter
mes_15min_require_no_stop_zone_touch_before_entry_sm1p00_tm2p00_d15_sz0p75,MES,15min,1min,dynamic_exit_mixed_ts4_vq0p95_bf0p6_ra1p5,1.0,2.0,15,require_no_stop_zone_touch_before_entry,"{""stop_zone_fraction"": 0.75}",delay_stop_zone_filter
mes_15min_require_no_stop_zone_touch_before_entry_sm1p00_tm2p00_d15_sz1p00,MES,15min,1min,dynamic_exit_mixed_ts4_vq0p95_bf0p6_ra1p5,1.0,2.0,15,require_no_stop_zone_touch_before_entry,"{""stop_zone_fraction"": 1.0}",delay_stop_zone_filter
mes_15min_avoid_immediate_adverse_move_sm1p00_tm2p00_d15_aw5_mt8,MES,15min,1min,dynamic_exit_mixed_ts4_vq0p95_bf0p6_ra1p5,1.0,2.0,15,avoid_immediate_adverse_move,"{""adverse_window_minutes"": 5, ""max_adverse_ticks"": 8}",delay_adverse_filter
mes_15min_avoid_immediate_adverse_move_sm1p00_tm2p00_d15_aw5_mt12,MES,15min,1min,dynamic_exit_mixed_ts4_vq0p95_bf0p6_ra1p5,1.0,2.0,15,avoid_immediate_adverse_move,"{""adverse_window_minutes"": 5, ""max_adverse_ticks"": 12}",delay_adverse_filter
mes_15min_avoid_immediate_adverse_move_sm1p00_tm2p00_d15_aw5_mt16,MES,15min,1min,dynamic_exit_mixed_ts4_vq0p95_bf0p6_ra1p5,1.0,2.0,15,avoid_immediate_adverse_move,"{""adverse_window_minutes"": 5, ""max_adverse_ticks"": 16}",delay_adverse_filter
mes_15min_avoid_immediate_adverse_move_sm1p00_tm2p00_d15_aw10_mt8,MES,15min,1min,dynamic_exit_mixed_ts4_vq0p95_bf0p6_ra1p5,1.0,2.0,15,avoid_immediate_adverse_move,"{""adverse_window_minutes"": 10, ""max_adverse_ticks"": 8}",delay_adverse_filter
mes_15min_avoid_immediate_adverse_move_sm1p00_tm2p00_d15_aw10_mt12,MES,15min,1min,dynamic_exit_mixed_ts4_vq0p95_bf0p6_ra1p5,1.0,2.0,15,avoid_immediate_adverse_move,"{""adverse_window_minutes"": 10, ""max_adverse_ticks"": 12}",delay_adverse_filter
mes_15min_avoid_immediate_adverse_move_sm1p00_tm2p00_d15_aw10_mt16,MES,15min,1min,dynamic_exit_mixed_ts4_vq0p95_bf0p6_ra1p5,1.0,2.0,15,avoid_immediate_adverse_move,"{""adverse_window_minutes"": 10, ""max_adverse_ticks"": 16}",delay_adverse_filter
mes_15min_require_no_stop_zone_touch_before_entry_sm1p00_tm2p00_d30_sz0p50,MES,15min,1min,dynamic_exit_mixed_ts4_vq0p95_bf0p6_ra1p5,1.0,2.0,30,require_no_stop_zone_touch_before_entry,"{""stop_zone_fraction"": 0.5}",delay_stop_zone_filter
mes_15min_require_no_stop_zone_touch_before_entry_sm1p00_tm2p00_d30_sz0p75,MES,15min,1min,dynamic_exit_mixed_ts4_vq0p95_bf0p6_ra1p5,1.0,2.0,30,require_no_stop_zone_touch_before_entry,"{""stop_zone_fraction"": 0.75}",delay_stop_zone_filter
mes_15min_require_no_stop_zone_touch_before_entry_sm1p00_tm2p00_d30_sz1p00,MES,15min,1min,dynamic_exit_mixed_ts4_vq0p95_bf0p6_ra1p5,1.0,2.0,30,require_no_stop_zone_touch_before_entry,"{""stop_zone_fraction"": 1.0}",delay_stop_zone_filter
mes_15min_avoid_immediate_adverse_move_sm1p00_tm2p00_d30_aw5_mt8,MES,15min,1min,dynamic_exit_mixed_ts4_vq0p95_bf0p6_ra1p5,1.0,2.0,30,avoid_immediate_adverse_move,"{""adverse_window_minutes"": 5, ""max_adverse_ticks"": 8}",delay_adverse_filter
mes_15min_avoid_immediate_adverse_move_sm1p00_tm2p00_d30_aw5_mt12,MES,15min,1min,dynamic_exit_mixed_ts4_vq0p95_bf0p6_ra1p5,1.0,2.0,30,avoid_immediate_adverse_move,"{""adverse_window_minutes"": 5, ""max_adverse_ticks"": 12}",delay_adverse_filter
mes_15min_avoid_immediate_adverse_move_sm1p00_tm2p00_d30_aw5_mt16,MES,15min,1min,dynamic_exit_mixed_ts4_vq0p95_bf0p6_ra1p5,1.0,2.0,30,avoid_immediate_adverse_move,"{""adverse_window_minutes"": 5, ""max_adverse_ticks"": 16}",delay_adverse_filter
mes_15min_avoid_immediate_adverse_move_sm1p00_tm2p00_d30_aw10_mt8,MES,15min,1min,dynamic_exit_mixed_ts4_vq0p95_bf0p6_ra1p5,1.0,2.0,30,avoid_immediate_adverse_move,"{""adverse_window_minutes"": 10, ""max_adverse_ticks"": 8}",delay_adverse_filter
mes_15min_avoid_immediate_adverse_move_sm1p00_tm2p00_d30_aw10_mt12,MES,15min,1min,dynamic_exit_mixed_ts4_vq0p95_bf0p6_ra1p5,1.0,2.0,30,avoid_immediate_adverse_move,"{""adverse_window_minutes"": 10, ""max_adverse_ticks"": 12}",delay_adverse_filter
mes_15min_avoid_immediate_adverse_move_sm1p00_tm2p00_d30_aw10_mt16,MES,15min,1min,dynamic_exit_mixed_ts4_vq0p95_bf0p6_ra1p5,1.0,2.0,30,avoid_immediate_adverse_move,"{""adverse_window_minutes"": 10, ""max_adverse_ticks"": 16}",delay_adverse_filter
mes_15min_require_no_stop_zone_touch_before_entry_sm1p00_tm2p50_d5_sz0p50,MES,15min,1min,dynamic_exit_mixed_ts4_vq0p95_bf0p6_ra1p5,1.0,2.5,5,require_no_stop_zone_touch_before_entry,"{""stop_zone_fraction"": 0.5}",delay_stop_zone_filter
mes_15min_require_no_stop_zone_touch_before_entry_sm1p00_tm2p50_d5_sz0p75,MES,15min,1min,dynamic_exit_mixed_ts4_vq0p95_bf0p6_ra1p5,1.0,2.5,5,require_no_stop_zone_touch_before_entry,"{""stop_zone_fraction"": 0.75}",delay_stop_zone_filter
mes_15min_require_no_stop_zone_touch_before_entry_sm1p00_tm2p50_d5_sz1p00,MES,15min,1min,dynamic_exit_mixed_ts4_vq0p95_bf0p6_ra1p5,1.0,2.5,5,require_no_stop_zone_touch_before_entry,"{""stop_zone_fraction"": 1.0}",delay_stop_zone_filter
mes_15min_avoid_immediate_adverse_move_sm1p00_tm2p50_d5_aw5_mt8,MES,15min,1min,dynamic_exit_mixed_ts4_vq0p95_bf0p6_ra1p5,1.0,2.5,5,avoid_immediate_adverse_move,"{""adverse_window_minutes"": 5, ""max_adverse_ticks"": 8}",delay_adverse_filter
mes_15min_avoid_immediate_adverse_move_sm1p00_tm2p50_d5_aw5_mt12,MES,15min,1min,dynamic_exit_mixed_ts4_vq0p95_bf0p6_ra1p5,1.0,2.5,5,avoid_immediate_adverse_move,"{""adverse_window_minutes"": 5, ""max_adverse_ticks"": 12}",delay_adverse_filter
mes_15min_avoid_immediate_adverse_move_sm1p00_tm2p50_d5_aw5_mt16,MES,15min,1min,dynamic_exit_mixed_ts4_vq0p95_bf0p6_ra1p5,1.0,2.5,5,avoid_immediate_adverse_move,"{""adverse_window_minutes"": 5, ""max_adverse_ticks"": 16}",delay_adverse_filter
mes_15min_require_no_stop_zone_touch_before_entry_sm1p00_tm2p50_d15_sz0p50,MES,15min,1min,dynamic_exit_mixed_ts4_vq0p95_bf0p6_ra1p5,1.0,2.5,15,require_no_stop_zone_touch_before_entry,"{""stop_zone_fraction"": 0.5}",delay_stop_zone_filter
mes_15min_require_no_stop_zone_touch_before_entry_sm1p00_tm2p50_d15_sz0p75,MES,15min,1min,dynamic_exit_mixed_ts4_vq0p95_bf0p6_ra1p5,1.0,2.5,15,require_no_stop_zone_touch_before_entry,"{""stop_zone_fraction"": 0.75}",delay_stop_zone_filter
mes_15min_require_no_stop_zone_touch_before_entry_sm1p00_tm2p50_d15_sz1p00,MES,15min,1min,dynamic_exit_mixed_ts4_vq0p95_bf0p6_ra1p5,1.0,2.5,15,require_no_stop_zone_touch_before_entry,"{""stop_zone_fraction"": 1.0}",delay_stop_zone_filter
mes_15min_avoid_immediate_adverse_move_sm1p00_tm2p50_d15_aw5_mt8,MES,15min,1min,dynamic_exit_mixed_ts4_vq0p95_bf0p6_ra1p5,1.0,2.5,15,avoid_immediate_adverse_move,"{""adverse_window_minutes"": 5, ""max_adverse_ticks"": 8}",delay_adverse_filter
mes_15min_avoid_immediate_adverse_move_sm1p00_tm2p50_d15_aw5_mt12,MES,15min,1min,dynamic_exit_mixed_ts4_vq0p95_bf0p6_ra1p5,1.0,2.5,15,avoid_immediate_adverse_move,"{""adverse_window_minutes"": 5, ""max_adverse_ticks"": 12}",delay_adverse_filter
mes_15min_avoid_immediate_adverse_move_sm1p00_tm2p50_d15_aw5_mt16,MES,15min,1min,dynamic_exit_mixed_ts4_vq0p95_bf0p6_ra1p5,1.0,2.5,15,avoid_immediate_adverse_move,"{""adverse_window_minutes"": 5, ""max_adverse_ticks"": 16}",delay_adverse_filter
mes_15min_avoid_immediate_adverse_move_sm1p00_tm2p50_d15_aw10_mt8,MES,15min,1min,dynamic_exit_mixed_ts4_vq0p95_bf0p6_ra1p5,1.0,2.5,15,avoid_immediate_adverse_move,"{""adverse_window_minutes"": 10, ""max_adverse_ticks"": 8}",delay_adverse_filter
mes_15min_avoid_immediate_adverse_move_sm1p00_tm2p50_d15_aw10_mt12,MES,15min,1min,dynamic_exit_mixed_ts4_vq0p95_bf0p6_ra1p5,1.0,2.5,15,avoid_immediate_adverse_move,"{""adverse_window_minutes"": 10, ""max_adverse_ticks"": 12}",delay_adverse_filter
mes_15min_avoid_immediate_adverse_move_sm1p00_tm2p50_d15_aw10_mt16,MES,15min,1min,dynamic_exit_mixed_ts4_vq0p95_bf0p6_ra1p5,1.0,2.5,15,avoid_immediate_adverse_move,"{""adverse_window_minutes"": 10, ""max_adverse_ticks"": 16}",delay_adverse_filter
mes_15min_require_no_stop_zone_touch_before_entry_sm1p00_tm2p50_d30_sz0p50,MES,15min,1min,dynamic_exit_mixed_ts4_vq0p95_bf0p6_ra1p5,1.0,2.5,30,require_no_stop_zone_touch_before_entry,"{""stop_zone_fraction"": 0.5}",delay_stop_zone_filter
mes_15min_require_no_stop_zone_touch_before_entry_sm1p00_tm2p50_d30_sz0p75,MES,15min,1min,dynamic_exit_mixed_ts4_vq0p95_bf0p6_ra1p5,1.0,2.5,30,require_no_stop_zone_touch_before_entry,"{""stop_zone_fraction"": 0.75}",delay_stop_zone_filter
mes_15min_require_no_stop_zone_touch_before_entry_sm1p00_tm2p50_d30_sz1p00,MES,15min,1min,dynamic_exit_mixed_ts4_vq0p95_bf0p6_ra1p5,1.0,2.5,30,require_no_stop_zone_touch_before_entry,"{""stop_zone_fraction"": 1.0}",delay_stop_zone_filter
mes_15min_avoid_immediate_adverse_move_sm1p00_tm2p50_d30_aw5_mt8,MES,15min,1min,dynamic_exit_mixed_ts4_vq0p95_bf0p6_ra1p5,1.0,2.5,30,avoid_immediate_adverse_move,"{""adverse_window_minutes"": 5, ""max_adverse_ticks"": 8}",delay_adverse_filter
mes_15min_avoid_immediate_adverse_move_sm1p00_tm2p50_d30_aw5_mt12,MES,15min,1min,dynamic_exit_mixed_ts4_vq0p95_bf0p6_ra1p5,1.0,2.5,30,avoid_immediate_adverse_move,"{""adverse_window_minutes"": 5, ""max_adverse_ticks"": 12}",delay_adverse_filter
mes_15min_avoid_immediate_adverse_move_sm1p00_tm2p50_d30_aw5_mt16,MES,15min,1min,dynamic_exit_mixed_ts4_vq0p95_bf0p6_ra1p5,1.0,2.5,30,avoid_immediate_adverse_move,"{""adverse_window_minutes"": 5, ""max_adverse_ticks"": 16}",delay_adverse_filter
mes_15min_avoid_immediate_adverse_move_sm1p00_tm2p50_d30_aw10_mt8,MES,15min,1min,dynamic_exit_mixed_ts4_vq0p95_bf0p6_ra1p5,1.0,2.5,30,avoid_immediate_adverse_move,"{""adverse_window_minutes"": 10, ""max_adverse_ticks"": 8}",delay_adverse_filter
mes_15min_avoid_immediate_adverse_move_sm1p00_tm2p50_d30_aw10_mt12,MES,15min,1min,dynamic_exit_mixed_ts4_vq0p95_bf0p6_ra1p5,1.0,2.5,30,avoid_immediate_adverse_move,"{""adverse_window_minutes"": 10, ""max_adverse_ticks"": 12}",delay_adverse_filter
mes_15min_avoid_immediate_adverse_move_sm1p00_tm2p50_d30_aw10_mt16,MES,15min,1min,dynamic_exit_mixed_ts4_vq0p95_bf0p6_ra1p5,1.0,2.5,30,avoid_immediate_adverse_move,"{""adverse_window_minutes"": 10, ""max_adverse_ticks"": 16}",delay_adverse_filter
mes_15min_require_no_stop_zone_touch_before_entry_sm1p00_tm3p00_d5_sz0p50,MES,15min,1min,dynamic_exit_mixed_ts4_vq0p95_bf0p6_ra1p5,1.0,3.0,5,require_no_stop_zone_touch_before_entry,"{""stop_zone_fraction"": 0.5}",delay_stop_zone_filter
mes_15min_require_no_stop_zone_touch_before_entry_sm1p00_tm3p00_d5_sz0p75,MES,15min,1min,dynamic_exit_mixed_ts4_vq0p95_bf0p6_ra1p5,1.0,3.0,5,require_no_stop_zone_touch_before_entry,"{""stop_zone_fraction"": 0.75}",delay_stop_zone_filter
mes_15min_require_no_stop_zone_touch_before_entry_sm1p00_tm3p00_d5_sz1p00,MES,15min,1min,dynamic_exit_mixed_ts4_vq0p95_bf0p6_ra1p5,1.0,3.0,5,require_no_stop_zone_touch_before_entry,"{""stop_zone_fraction"": 1.0}",delay_stop_zone_filter
mes_15min_avoid_immediate_adverse_move_sm1p00_tm3p00_d5_aw5_mt8,MES,15min,1min,dynamic_exit_mixed_ts4_vq0p95_bf0p6_ra1p5,1.0,3.0,5,avoid_immediate_adverse_move,"{""adverse_window_minutes"": 5, ""max_adverse_ticks"": 8}",delay_adverse_filter
mes_15min_avoid_immediate_adverse_move_sm1p00_tm3p00_d5_aw5_mt12,MES,15min,1min,dynamic_exit_mixed_ts4_vq0p95_bf0p6_ra1p5,1.0,3.0,5,avoid_immediate_adverse_move,"{""adverse_window_minutes"": 5, ""max_adverse_ticks"": 12}",delay_adverse_filter
mes_15min_avoid_immediate_adverse_move_sm1p00_tm3p00_d5_aw5_mt16,MES,15min,1min,dynamic_exit_mixed_ts4_vq0p95_bf0p6_ra1p5,1.0,3.0,5,avoid_immediate_adverse_move,"{""adverse_window_minutes"": 5, ""max_adverse_ticks"": 16}",delay_adverse_filter
mes_15min_require_no_stop_zone_touch_before_entry_sm1p00_tm3p00_d15_sz0p50,MES,15min,1min,dynamic_exit_mixed_ts4_vq0p95_bf0p6_ra1p5,1.0,3.0,15,require_no_stop_zone_touch_before_entry,"{""stop_zone_fraction"": 0.5}",delay_stop_zone_filter
mes_15min_require_no_stop_zone_touch_before_entry_sm1p00_tm3p00_d15_sz0p75,MES,15min,1min,dynamic_exit_mixed_ts4_vq0p95_bf0p6_ra1p5,1.0,3.0,15,require_no_stop_zone_touch_before_entry,"{""stop_zone_fraction"": 0.75}",delay_stop_zone_filter
mes_15min_require_no_stop_zone_touch_before_entry_sm1p00_tm3p00_d15_sz1p00,MES,15min,1min,dynamic_exit_mixed_ts4_vq0p95_bf0p6_ra1p5,1.0,3.0,15,require_no_stop_zone_touch_before_entry,"{""stop_zone_fraction"": 1.0}",delay_stop_zone_filter
mes_15min_avoid_immediate_adverse_move_sm1p00_tm3p00_d15_aw5_mt8,MES,15min,1min,dynamic_exit_mixed_ts4_vq0p95_bf0p6_ra1p5,1.0,3.0,15,avoid_immediate_adverse_move,"{""adverse_window_minutes"": 5, ""max_adverse_ticks"": 8}",delay_adverse_filter
mes_15min_avoid_immediate_adverse_move_sm1p00_tm3p00_d15_aw5_mt12,MES,15min,1min,dynamic_exit_mixed_ts4_vq0p95_bf0p6_ra1p5,1.0,3.0,15,avoid_immediate_adverse_move,"{""adverse_window_minutes"": 5, ""max_adverse_ticks"": 12}",delay_adverse_filter
mes_15min_avoid_immediate_adverse_move_sm1p00_tm3p00_d15_aw5_mt16,MES,15min,1min,dynamic_exit_mixed_ts4_vq0p95_bf0p6_ra1p5,1.0,3.0,15,avoid_immediate_adverse_move,"{""adverse_window_minutes"": 5, ""max_adverse_ticks"": 16}",delay_adverse_filter
mes_15min_avoid_immediate_adverse_move_sm1p00_tm3p00_d15_aw10_mt8,MES,15min,1min,dynamic_exit_mixed_ts4_vq0p95_bf0p6_ra1p5,1.0,3.0,15,avoid_immediate_adverse_move,"{""adverse_window_minutes"": 10, ""max_adverse_ticks"": 8}",delay_adverse_filter
mes_15min_avoid_immediate_adverse_move_sm1p00_tm3p00_d15_aw10_mt12,MES,15min,1min,dynamic_exit_mixed_ts4_vq0p95_bf0p6_ra1p5,1.0,3.0,15,avoid_immediate_adverse_move,"{""adverse_window_minutes"": 10, ""max_adverse_ticks"": 12}",delay_adverse_filter
mes_15min_avoid_immediate_adverse_move_sm1p00_tm3p00_d15_aw10_mt16,MES,15min,1min,dynamic_exit_mixed_ts4_vq0p95_bf0p6_ra1p5,1.0,3.0,15,avoid_immediate_adverse_move,"{""adverse_window_minutes"": 10, ""max_adverse_ticks"": 16}",delay_adverse_filter
mes_15min_require_no_stop_zone_touch_before_entry_sm1p00_tm3p00_d30_sz0p50,MES,15min,1min,dynamic_exit_mixed_ts4_vq0p95_bf0p6_ra1p5,1.0,3.0,30,require_no_stop_zone_touch_before_entry,"{""stop_zone_fraction"": 0.5}",delay_stop_zone_filter
mes_15min_require_no_stop_zone_touch_before_entry_sm1p00_tm3p00_d30_sz0p75,MES,15min,1min,dynamic_exit_mixed_ts4_vq0p95_bf0p6_ra1p5,1.0,3.0,30,require_no_stop_zone_touch_before_entry,"{""stop_zone_fraction"": 0.75}",delay_stop_zone_filter
mes_15min_require_no_stop_zone_touch_before_entry_sm1p00_tm3p00_d30_sz1p00,MES,15min,1min,dynamic_exit_mixed_ts4_vq0p95_bf0p6_ra1p5,1.0,3.0,30,require_no_stop_zone_touch_before_entry,"{""stop_zone_fraction"": 1.0}",delay_stop_zone_filter
mes_15min_avoid_immediate_adverse_move_sm1p00_tm3p00_d30_aw5_mt8,MES,15min,1min,dynamic_exit_mixed_ts4_vq0p95_bf0p6_ra1p5,1.0,3.0,30,avoid_immediate_adverse_move,"{""adverse_window_minutes"": 5, ""max_adverse_ticks"": 8}",delay_adverse_filter
mes_15min_avoid_immediate_adverse_move_sm1p00_tm3p00_d30_aw5_mt12,MES,15min,1min,dynamic_exit_mixed_ts4_vq0p95_bf0p6_ra1p5,1.0,3.0,30,avoid_immediate_adverse_move,"{""adverse_window_minutes"": 5, ""max_adverse_ticks"": 12}",delay_adverse_filter
mes_15min_avoid_immediate_adverse_move_sm1p00_tm3p00_d30_aw5_mt16,MES,15min,1min,dynamic_exit_mixed_ts4_vq0p95_bf0p6_ra1p5,1.0,3.0,30,avoid_immediate_adverse_move,"{""adverse_window_minutes"": 5, ""max_adverse_ticks"": 16}",delay_adverse_filter
mes_15min_avoid_immediate_adverse_move_sm1p00_tm3p00_d30_aw10_mt8,MES,15min,1min,dynamic_exit_mixed_ts4_vq0p95_bf0p6_ra1p5,1.0,3.0,30,avoid_immediate_adverse_move,"{""adverse_window_minutes"": 10, ""max_adverse_ticks"": 8}",delay_adverse_filter
mes_15min_avoid_immediate_adverse_move_sm1p00_tm3p00_d30_aw10_mt12,MES,15min,1min,dynamic_exit_mixed_ts4_vq0p95_bf0p6_ra1p5,1.0,3.0,30,avoid_immediate_adverse_move,"{""adverse_window_minutes"": 10, ""max_adverse_ticks"": 12}",delay_adverse_filter
mes_15min_avoid_immediate_adverse_move_sm1p00_tm3p00_d30_aw10_mt16,MES,15min,1min,dynamic_exit_mixed_ts4_vq0p95_bf0p6_ra1p5,1.0,3.0,30,avoid_immediate_adverse_move,"{""adverse_window_minutes"": 10, ""max_adverse_ticks"": 16}",delay_adverse_filter
mes_15min_require_no_stop_zone_touch_before_entry_sm1p25_tm2p00_d5_sz0p50,MES,15min,1min,dynamic_exit_mixed_ts4_vq0p95_bf0p6_ra1p5,1.25,2.0,5,require_no_stop_zone_touch_before_entry,"{""stop_zone_fraction"": 0.5}",delay_stop_zone_filter
mes_15min_require_no_stop_zone_touch_before_entry_sm1p25_tm2p00_d5_sz0p75,MES,15min,1min,dynamic_exit_mixed_ts4_vq0p95_bf0p6_ra1p5,1.25,2.0,5,require_no_stop_zone_touch_before_entry,"{""stop_zone_fraction"": 0.75}",delay_stop_zone_filter
mes_15min_require_no_stop_zone_touch_before_entry_sm1p25_tm2p00_d5_sz1p00,MES,15min,1min,dynamic_exit_mixed_ts4_vq0p95_bf0p6_ra1p5,1.25,2.0,5,require_no_stop_zone_touch_before_entry,"{""stop_zone_fraction"": 1.0}",delay_stop_zone_filter
mes_15min_avoid_immediate_adverse_move_sm1p25_tm2p00_d5_aw5_mt8,MES,15min,1min,dynamic_exit_mixed_ts4_vq0p95_bf0p6_ra1p5,1.25,2.0,5,avoid_immediate_adverse_move,"{""adverse_window_minutes"": 5, ""max_adverse_ticks"": 8}",delay_adverse_filter
mes_15min_avoid_immediate_adverse_move_sm1p25_tm2p00_d5_aw5_mt12,MES,15min,1min,dynamic_exit_mixed_ts4_vq0p95_bf0p6_ra1p5,1.25,2.0,5,avoid_immediate_adverse_move,"{""adverse_window_minutes"": 5, ""max_adverse_ticks"": 12}",delay_adverse_filter
mes_15min_avoid_immediate_adverse_move_sm1p25_tm2p00_d5_aw5_mt16,MES,15min,1min,dynamic_exit_mixed_ts4_vq0p95_bf0p6_ra1p5,1.25,2.0,5,avoid_immediate_adverse_move,"{""adverse_window_minutes"": 5, ""max_adverse_ticks"": 16}",delay_adverse_filter
mes_15min_require_no_stop_zone_touch_before_entry_sm1p25_tm2p00_d15_sz0p50,MES,15min,1min,dynamic_exit_mixed_ts4_vq0p95_bf0p6_ra1p5,1.25,2.0,15,require_no_stop_zone_touch_before_entry,"{""stop_zone_fraction"": 0.5}",delay_stop_zone_filter
mes_15min_require_no_stop_zone_touch_before_entry_sm1p25_tm2p00_d15_sz0p75,MES,15min,1min,dynamic_exit_mixed_ts4_vq0p95_bf0p6_ra1p5,1.25,2.0,15,require_no_stop_zone_touch_before_entry,"{""stop_zone_fraction"": 0.75}",delay_stop_zone_filter
mes_15min_require_no_stop_zone_touch_before_entry_sm1p25_tm2p00_d15_sz1p00,MES,15min,1min,dynamic_exit_mixed_ts4_vq0p95_bf0p6_ra1p5,1.25,2.0,15,require_no_stop_zone_touch_before_entry,"{""stop_zone_fraction"": 1.0}",delay_stop_zone_filter
mes_15min_avoid_immediate_adverse_move_sm1p25_tm2p00_d15_aw5_mt8,MES,15min,1min,dynamic_exit_mixed_ts4_vq0p95_bf0p6_ra1p5,1.25,2.0,15,avoid_immediate_adverse_move,"{""adverse_window_minutes"": 5, ""max_adverse_ticks"": 8}",delay_adverse_filter
mes_15min_avoid_immediate_adverse_move_sm1p25_tm2p00_d15_aw5_mt12,MES,15min,1min,dynamic_exit_mixed_ts4_vq0p95_bf0p6_ra1p5,1.25,2.0,15,avoid_immediate_adverse_move,"{""adverse_window_minutes"": 5, ""max_adverse_ticks"": 12}",delay_adverse_filter
mes_15min_avoid_immediate_adverse_move_sm1p25_tm2p00_d15_aw5_mt16,MES,15min,1min,dynamic_exit_mixed_ts4_vq0p95_bf0p6_ra1p5,1.25,2.0,15,avoid_immediate_adverse_move,"{""adverse_window_minutes"": 5, ""max_adverse_ticks"": 16}",delay_adverse_filter
mes_15min_avoid_immediate_adverse_move_sm1p25_tm2p00_d15_aw10_mt8,MES,15min,1min,dynamic_exit_mixed_ts4_vq0p95_bf0p6_ra1p5,1.25,2.0,15,avoid_immediate_adverse_move,"{""adverse_window_minutes"": 10, ""max_adverse_ticks"": 8}",delay_adverse_filter
mes_15min_avoid_immediate_adverse_move_sm1p25_tm2p00_d15_aw10_mt12,MES,15min,1min,dynamic_exit_mixed_ts4_vq0p95_bf0p6_ra1p5,1.25,2.0,15,avoid_immediate_adverse_move,"{""adverse_window_minutes"": 10, ""max_adverse_ticks"": 12}",delay_adverse_filter
mes_15min_avoid_immediate_adverse_move_sm1p25_tm2p00_d15_aw10_mt16,MES,15min,1min,dynamic_exit_mixed_ts4_vq0p95_bf0p6_ra1p5,1.25,2.0,15,avoid_immediate_adverse_move,"{""adverse_window_minutes"": 10, ""max_adverse_ticks"": 16}",delay_adverse_filter
mes_15min_require_no_stop_zone_touch_before_entry_sm1p25_tm2p00_d30_sz0p50,MES,15min,1min,dynamic_exit_mixed_ts4_vq0p95_bf0p6_ra1p5,1.25,2.0,30,require_no_stop_zone_touch_before_entry,"{""stop_zone_fraction"": 0.5}",delay_stop_zone_filter
mes_15min_require_no_stop_zone_touch_before_entry_sm1p25_tm2p00_d30_sz0p75,MES,15min,1min,dynamic_exit_mixed_ts4_vq0p95_bf0p6_ra1p5,1.25,2.0,30,require_no_stop_zone_touch_before_entry,"{""stop_zone_fraction"": 0.75}",delay_stop_zone_filter
mes_15min_require_no_stop_zone_touch_before_entry_sm1p25_tm2p00_d30_sz1p00,MES,15min,1min,dynamic_exit_mixed_ts4_vq0p95_bf0p6_ra1p5,1.25,2.0,30,require_no_stop_zone_touch_before_entry,"{""stop_zone_fraction"": 1.0}",delay_stop_zone_filter
mes_15min_avoid_immediate_adverse_move_sm1p25_tm2p00_d30_aw5_mt8,MES,15min,1min,dynamic_exit_mixed_ts4_vq0p95_bf0p6_ra1p5,1.25,2.0,30,avoid_immediate_adverse_move,"{""adverse_window_minutes"": 5, ""max_adverse_ticks"": 8}",delay_adverse_filter
mes_15min_avoid_immediate_adverse_move_sm1p25_tm2p00_d30_aw5_mt12,MES,15min,1min,dynamic_exit_mixed_ts4_vq0p95_bf0p6_ra1p5,1.25,2.0,30,avoid_immediate_adverse_move,"{""adverse_window_minutes"": 5, ""max_adverse_ticks"": 12}",delay_adverse_filter
mes_15min_avoid_immediate_adverse_move_sm1p25_tm2p00_d30_aw5_mt16,MES,15min,1min,dynamic_exit_mixed_ts4_vq0p95_bf0p6_ra1p5,1.25,2.0,30,avoid_immediate_adverse_move,"{""adverse_window_minutes"": 5, ""max_adverse_ticks"": 16}",delay_adverse_filter
mes_15min_avoid_immediate_adverse_move_sm1p25_tm2p00_d30_aw10_mt8,MES,15min,1min,dynamic_exit_mixed_ts4_vq0p95_bf0p6_ra1p5,1.25,2.0,30,avoid_immediate_adverse_move,"{""adverse_window_minutes"": 10, ""max_adverse_ticks"": 8}",delay_adverse_filter
mes_15min_avoid_immediate_adverse_move_sm1p25_tm2p00_d30_aw10_mt12,MES,15min,1min,dynamic_exit_mixed_ts4_vq0p95_bf0p6_ra1p5,1.25,2.0,30,avoid_immediate_adverse_move,"{""adverse_window_minutes"": 10, ""max_adverse_ticks"": 12}",delay_adverse_filter
mes_15min_avoid_immediate_adverse_move_sm1p25_tm2p00_d30_aw10_mt16,MES,15min,1min,dynamic_exit_mixed_ts4_vq0p95_bf0p6_ra1p5,1.25,2.0,30,avoid_immediate_adverse_move,"{""adverse_window_minutes"": 10, ""max_adverse_ticks"": 16}",delay_adverse_filter
mes_15min_require_no_stop_zone_touch_before_entry_sm1p25_tm2p50_d5_sz0p50,MES,15min,1min,dynamic_exit_mixed_ts4_vq0p95_bf0p6_ra1p5,1.25,2.5,5,require_no_stop_zone_touch_before_entry,"{""stop_zone_fraction"": 0.5}",delay_stop_zone_filter
mes_15min_require_no_stop_zone_touch_before_entry_sm1p25_tm2p50_d5_sz0p75,MES,15min,1min,dynamic_exit_mixed_ts4_vq0p95_bf0p6_ra1p5,1.25,2.5,5,require_no_stop_zone_touch_before_entry,"{""stop_zone_fraction"": 0.75}",delay_stop_zone_filter
mes_15min_require_no_stop_zone_touch_before_entry_sm1p25_tm2p50_d5_sz1p00,MES,15min,1min,dynamic_exit_mixed_ts4_vq0p95_bf0p6_ra1p5,1.25,2.5,5,require_no_stop_zone_touch_before_entry,"{""stop_zone_fraction"": 1.0}",delay_stop_zone_filter
mes_15min_avoid_immediate_adverse_move_sm1p25_tm2p50_d5_aw5_mt8,MES,15min,1min,dynamic_exit_mixed_ts4_vq0p95_bf0p6_ra1p5,1.25,2.5,5,avoid_immediate_adverse_move,"{""adverse_window_minutes"": 5, ""max_adverse_ticks"": 8}",delay_adverse_filter
mes_15min_avoid_immediate_adverse_move_sm1p25_tm2p50_d5_aw5_mt12,MES,15min,1min,dynamic_exit_mixed_ts4_vq0p95_bf0p6_ra1p5,1.25,2.5,5,avoid_immediate_adverse_move,"{""adverse_window_minutes"": 5, ""max_adverse_ticks"": 12}",delay_adverse_filter
mes_15min_avoid_immediate_adverse_move_sm1p25_tm2p50_d5_aw5_mt16,MES,15min,1min,dynamic_exit_mixed_ts4_vq0p95_bf0p6_ra1p5,1.25,2.5,5,avoid_immediate_adverse_move,"{""adverse_window_minutes"": 5, ""max_adverse_ticks"": 16}",delay_adverse_filter
mes_15min_require_no_stop_zone_touch_before_entry_sm1p25_tm2p50_d15_sz0p50,MES,15min,1min,dynamic_exit_mixed_ts4_vq0p95_bf0p6_ra1p5,1.25,2.5,15,require_no_stop_zone_touch_before_entry,"{""stop_zone_fraction"": 0.5}",delay_stop_zone_filter
mes_15min_require_no_stop_zone_touch_before_entry_sm1p25_tm2p50_d15_sz0p75,MES,15min,1min,dynamic_exit_mixed_ts4_vq0p95_bf0p6_ra1p5,1.25,2.5,15,require_no_stop_zone_touch_before_entry,"{""stop_zone_fraction"": 0.75}",delay_stop_zone_filter
mes_15min_require_no_stop_zone_touch_before_entry_sm1p25_tm2p50_d15_sz1p00,MES,15min,1min,dynamic_exit_mixed_ts4_vq0p95_bf0p6_ra1p5,1.25,2.5,15,require_no_stop_zone_touch_before_entry,"{""stop_zone_fraction"": 1.0}",delay_stop_zone_filter
mes_15min_avoid_immediate_adverse_move_sm1p25_tm2p50_d15_aw5_mt8,MES,15min,1min,dynamic_exit_mixed_ts4_vq0p95_bf0p6_ra1p5,1.25,2.5,15,avoid_immediate_adverse_move,"{""adverse_window_minutes"": 5, ""max_adverse_ticks"": 8}",delay_adverse_filter
mes_15min_avoid_immediate_adverse_move_sm1p25_tm2p50_d15_aw5_mt12,MES,15min,1min,dynamic_exit_mixed_ts4_vq0p95_bf0p6_ra1p5,1.25,2.5,15,avoid_immediate_adverse_move,"{""adverse_window_minutes"": 5, ""max_adverse_ticks"": 12}",delay_adverse_filter
mes_15min_avoid_immediate_adverse_move_sm1p25_tm2p50_d15_aw5_mt16,MES,15min,1min,dynamic_exit_mixed_ts4_vq0p95_bf0p6_ra1p5,1.25,2.5,15,avoid_immediate_adverse_move,"{""adverse_window_minutes"": 5, ""max_adverse_ticks"": 16}",delay_adverse_filter
mes_15min_avoid_immediate_adverse_move_sm1p25_tm2p50_d15_aw10_mt8,MES,15min,1min,dynamic_exit_mixed_ts4_vq0p95_bf0p6_ra1p5,1.25,2.5,15,avoid_immediate_adverse_move,"{""adverse_window_minutes"": 10, ""max_adverse_ticks"": 8}",delay_adverse_filter
mes_15min_avoid_immediate_adverse_move_sm1p25_tm2p50_d15_aw10_mt12,MES,15min,1min,dynamic_exit_mixed_ts4_vq0p95_bf0p6_ra1p5,1.25,2.5,15,avoid_immediate_adverse_move,"{""adverse_window_minutes"": 10, ""max_adverse_ticks"": 12}",delay_adverse_filter
mes_15min_avoid_immediate_adverse_move_sm1p25_tm2p50_d15_aw10_mt16,MES,15min,1min,dynamic_exit_mixed_ts4_vq0p95_bf0p6_ra1p5,1.25,2.5,15,avoid_immediate_adverse_move,"{""adverse_window_minutes"": 10, ""max_adverse_ticks"": 16}",delay_adverse_filter
mes_15min_require_no_stop_zone_touch_before_entry_sm1p25_tm2p50_d30_sz0p50,MES,15min,1min,dynamic_exit_mixed_ts4_vq0p95_bf0p6_ra1p5,1.25,2.5,30,require_no_stop_zone_touch_before_entry,"{""stop_zone_fraction"": 0.5}",delay_stop_zone_filter
mes_15min_require_no_stop_zone_touch_before_entry_sm1p25_tm2p50_d30_sz0p75,MES,15min,1min,dynamic_exit_mixed_ts4_vq0p95_bf0p6_ra1p5,1.25,2.5,30,require_no_stop_zone_touch_before_entry,"{""stop_zone_fraction"": 0.75}",delay_stop_zone_filter
mes_15min_require_no_stop_zone_touch_before_entry_sm1p25_tm2p50_d30_sz1p00,MES,15min,1min,dynamic_exit_mixed_ts4_vq0p95_bf0p6_ra1p5,1.25,2.5,30,require_no_stop_zone_touch_before_entry,"{""stop_zone_fraction"": 1.0}",delay_stop_zone_filter
mes_15min_avoid_immediate_adverse_move_sm1p25_tm2p50_d30_aw5_mt8,MES,15min,1min,dynamic_exit_mixed_ts4_vq0p95_bf0p6_ra1p5,1.25,2.5,30,avoid_immediate_adverse_move,"{""adverse_window_minutes"": 5, ""max_adverse_ticks"": 8}",delay_adverse_filter
mes_15min_avoid_immediate_adverse_move_sm1p25_tm2p50_d30_aw5_mt12,MES,15min,1min,dynamic_exit_mixed_ts4_vq0p95_bf0p6_ra1p5,1.25,2.5,30,avoid_immediate_adverse_move,"{""adverse_window_minutes"": 5, ""max_adverse_ticks"": 12}",delay_adverse_filter
mes_15min_avoid_immediate_adverse_move_sm1p25_tm2p50_d30_aw5_mt16,MES,15min,1min,dynamic_exit_mixed_ts4_vq0p95_bf0p6_ra1p5,1.25,2.5,30,avoid_immediate_adverse_move,"{""adverse_window_minutes"": 5, ""max_adverse_ticks"": 16}",delay_adverse_filter
mes_15min_avoid_immediate_adverse_move_sm1p25_tm2p50_d30_aw10_mt8,MES,15min,1min,dynamic_exit_mixed_ts4_vq0p95_bf0p6_ra1p5,1.25,2.5,30,avoid_immediate_adverse_move,"{""adverse_window_minutes"": 10, ""max_adverse_ticks"": 8}",delay_adverse_filter
mes_15min_avoid_immediate_adverse_move_sm1p25_tm2p50_d30_aw10_mt12,MES,15min,1min,dynamic_exit_mixed_ts4_vq0p95_bf0p6_ra1p5,1.25,2.5,30,avoid_immediate_adverse_move,"{""adverse_window_minutes"": 10, ""max_adverse_ticks"": 12}",delay_adverse_filter
mes_15min_avoid_immediate_adverse_move_sm1p25_tm2p50_d30_aw10_mt16,MES,15min,1min,dynamic_exit_mixed_ts4_vq0p95_bf0p6_ra1p5,1.25,2.5,30,avoid_immediate_adverse_move,"{""adverse_window_minutes"": 10, ""max_adverse_ticks"": 16}",delay_adverse_filter
mes_15min_require_no_stop_zone_touch_before_entry_sm1p25_tm3p00_d5_sz0p50,MES,15min,1min,dynamic_exit_mixed_ts4_vq0p95_bf0p6_ra1p5,1.25,3.0,5,require_no_stop_zone_touch_before_entry,"{""stop_zone_fraction"": 0.5}",delay_stop_zone_filter
mes_15min_require_no_stop_zone_touch_before_entry_sm1p25_tm3p00_d5_sz0p75,MES,15min,1min,dynamic_exit_mixed_ts4_vq0p95_bf0p6_ra1p5,1.25,3.0,5,require_no_stop_zone_touch_before_entry,"{""stop_zone_fraction"": 0.75}",delay_stop_zone_filter
mes_15min_require_no_stop_zone_touch_before_entry_sm1p25_tm3p00_d5_sz1p00,MES,15min,1min,dynamic_exit_mixed_ts4_vq0p95_bf0p6_ra1p5,1.25,3.0,5,require_no_stop_zone_touch_before_entry,"{""stop_zone_fraction"": 1.0}",delay_stop_zone_filter
mes_15min_avoid_immediate_adverse_move_sm1p25_tm3p00_d5_aw5_mt8,MES,15min,1min,dynamic_exit_mixed_ts4_vq0p95_bf0p6_ra1p5,1.25,3.0,5,avoid_immediate_adverse_move,"{""adverse_window_minutes"": 5, ""max_adverse_ticks"": 8}",delay_adverse_filter
mes_15min_avoid_immediate_adverse_move_sm1p25_tm3p00_d5_aw5_mt12,MES,15min,1min,dynamic_exit_mixed_ts4_vq0p95_bf0p6_ra1p5,1.25,3.0,5,avoid_immediate_adverse_move,"{""adverse_window_minutes"": 5, ""max_adverse_ticks"": 12}",delay_adverse_filter
mes_15min_avoid_immediate_adverse_move_sm1p25_tm3p00_d5_aw5_mt16,MES,15min,1min,dynamic_exit_mixed_ts4_vq0p95_bf0p6_ra1p5,1.25,3.0,5,avoid_immediate_adverse_move,"{""adverse_window_minutes"": 5, ""max_adverse_ticks"": 16}",delay_adverse_filter
mes_15min_require_no_stop_zone_touch_before_entry_sm1p25_tm3p00_d15_sz0p50,MES,15min,1min,dynamic_exit_mixed_ts4_vq0p95_bf0p6_ra1p5,1.25,3.0,15,require_no_stop_zone_touch_before_entry,"{""stop_zone_fraction"": 0.5}",delay_stop_zone_filter
mes_15min_require_no_stop_zone_touch_before_entry_sm1p25_tm3p00_d15_sz0p75,MES,15min,1min,dynamic_exit_mixed_ts4_vq0p95_bf0p6_ra1p5,1.25,3.0,15,require_no_stop_zone_touch_before_entry,"{""stop_zone_fraction"": 0.75}",delay_stop_zone_filter
mes_15min_require_no_stop_zone_touch_before_entry_sm1p25_tm3p00_d15_sz1p00,MES,15min,1min,dynamic_exit_mixed_ts4_vq0p95_bf0p6_ra1p5,1.25,3.0,15,require_no_stop_zone_touch_before_entry,"{""stop_zone_fraction"": 1.0}",delay_stop_zone_filter
mes_15min_avoid_immediate_adverse_move_sm1p25_tm3p00_d15_aw5_mt8,MES,15min,1min,dynamic_exit_mixed_ts4_vq0p95_bf0p6_ra1p5,1.25,3.0,15,avoid_immediate_adverse_move,"{""adverse_window_minutes"": 5, ""max_adverse_ticks"": 8}",delay_adverse_filter
mes_15min_avoid_immediate_adverse_move_sm1p25_tm3p00_d15_aw5_mt12,MES,15min,1min,dynamic_exit_mixed_ts4_vq0p95_bf0p6_ra1p5,1.25,3.0,15,avoid_immediate_adverse_move,"{""adverse_window_minutes"": 5, ""max_adverse_ticks"": 12}",delay_adverse_filter
mes_15min_avoid_immediate_adverse_move_sm1p25_tm3p00_d15_aw5_mt16,MES,15min,1min,dynamic_exit_mixed_ts4_vq0p95_bf0p6_ra1p5,1.25,3.0,15,avoid_immediate_adverse_move,"{""adverse_window_minutes"": 5, ""max_adverse_ticks"": 16}",delay_adverse_filter
mes_15min_avoid_immediate_adverse_move_sm1p25_tm3p00_d15_aw10_mt8,MES,15min,1min,dynamic_exit_mixed_ts4_vq0p95_bf0p6_ra1p5,1.25,3.0,15,avoid_immediate_adverse_move,"{""adverse_window_minutes"": 10, ""max_adverse_ticks"": 8}",delay_adverse_filter
mes_15min_avoid_immediate_adverse_move_sm1p25_tm3p00_d15_aw10_mt12,MES,15min,1min,dynamic_exit_mixed_ts4_vq0p95_bf0p6_ra1p5,1.25,3.0,15,avoid_immediate_adverse_move,"{""adverse_window_minutes"": 10, ""max_adverse_ticks"": 12}",delay_adverse_filter
mes_15min_avoid_immediate_adverse_move_sm1p25_tm3p00_d15_aw10_mt16,MES,15min,1min,dynamic_exit_mixed_ts4_vq0p95_bf0p6_ra1p5,1.25,3.0,15,avoid_immediate_adverse_move,"{""adverse_window_minutes"": 10, ""max_adverse_ticks"": 16}",delay_adverse_filter
mes_15min_require_no_stop_zone_touch_before_entry_sm1p25_tm3p00_d30_sz0p50,MES,15min,1min,dynamic_exit_mixed_ts4_vq0p95_bf0p6_ra1p5,1.25,3.0,30,require_no_stop_zone_touch_before_entry,"{""stop_zone_fraction"": 0.5}",delay_stop_zone_filter
mes_15min_require_no_stop_zone_touch_before_entry_sm1p25_tm3p00_d30_sz0p75,MES,15min,1min,dynamic_exit_mixed_ts4_vq0p95_bf0p6_ra1p5,1.25,3.0,30,require_no_stop_zone_touch_before_entry,"{""stop_zone_fraction"": 0.75}",delay_stop_zone_filter
mes_15min_require_no_stop_zone_touch_before_entry_sm1p25_tm3p00_d30_sz1p00,MES,15min,1min,dynamic_exit_mixed_ts4_vq0p95_bf0p6_ra1p5,1.25,3.0,30,require_no_stop_zone_touch_before_entry,"{""stop_zone_fraction"": 1.0}",delay_stop_zone_filter
mes_15min_avoid_immediate_adverse_move_sm1p25_tm3p00_d30_aw5_mt8,MES,15min,1min,dynamic_exit_mixed_ts4_vq0p95_bf0p6_ra1p5,1.25,3.0,30,avoid_immediate_adverse_move,"{""adverse_window_minutes"": 5, ""max_adverse_ticks"": 8}",delay_adverse_filter
mes_15min_avoid_immediate_adverse_move_sm1p25_tm3p00_d30_aw5_mt12,MES,15min,1min,dynamic_exit_mixed_ts4_vq0p95_bf0p6_ra1p5,1.25,3.0,30,avoid_immediate_adverse_move,"{""adverse_window_minutes"": 5, ""max_adverse_ticks"": 12}",delay_adverse_filter
mes_15min_avoid_immediate_adverse_move_sm1p25_tm3p00_d30_aw5_mt16,MES,15min,1min,dynamic_exit_mixed_ts4_vq0p95_bf0p6_ra1p5,1.25,3.0,30,avoid_immediate_adverse_move,"{""adverse_window_minutes"": 5, ""max_adverse_ticks"": 16}",delay_adverse_filter
mes_15min_avoid_immediate_adverse_move_sm1p25_tm3p00_d30_aw10_mt8,MES,15min,1min,dynamic_exit_mixed_ts4_vq0p95_bf0p6_ra1p5,1.25,3.0,30,avoid_immediate_adverse_move,"{""adverse_window_minutes"": 10, ""max_adverse_ticks"": 8}",delay_adverse_filter
mes_15min_avoid_immediate_adverse_move_sm1p25_tm3p00_d30_aw10_mt12,MES,15min,1min,dynamic_exit_mixed_ts4_vq0p95_bf0p6_ra1p5,1.25,3.0,30,avoid_immediate_adverse_move,"{""adverse_window_minutes"": 10, ""max_adverse_ticks"": 12}",delay_adverse_filter
mes_15min_avoid_immediate_adverse_move_sm1p25_tm3p00_d30_aw10_mt16,MES,15min,1min,dynamic_exit_mixed_ts4_vq0p95_bf0p6_ra1p5,1.25,3.0,30,avoid_immediate_adverse_move,"{""adverse_window_minutes"": 10, ""max_adverse_ticks"": 16}",delay_adverse_filter
mes_30min_none_sm1p00_tm1p00_d0,MES,30min,1min,dynamic_exit_mixed_ts4_vq0p95_bf0p6_ra1p5,1.0,1.0,0,none,{},raw_hybrid
mes_30min_none_sm1p00_tm1p00_d5,MES,30min,1min,dynamic_exit_mixed_ts4_vq0p95_bf0p6_ra1p5,1.0,1.0,5,none,{},delay_only
mes_30min_none_sm1p00_tm1p00_d15,MES,30min,1min,dynamic_exit_mixed_ts4_vq0p95_bf0p6_ra1p5,1.0,1.0,15,none,{},delay_only
mes_30min_none_sm1p00_tm1p00_d30,MES,30min,1min,dynamic_exit_mixed_ts4_vq0p95_bf0p6_ra1p5,1.0,1.0,30,none,{},delay_only
mes_30min_none_sm0p75_tm1p50_d0,MES,30min,1min,dynamic_exit_mixed_ts4_vq0p95_bf0p6_ra1p5,0.75,1.5,0,none,{},stop_target_recalibration
mes_30min_none_sm0p75_tm1p50_d5,MES,30min,1min,dynamic_exit_mixed_ts4_vq0p95_bf0p6_ra1p5,0.75,1.5,5,none,{},delay_stop_target
mes_30min_none_sm0p75_tm1p50_d15,MES,30min,1min,dynamic_exit_mixed_ts4_vq0p95_bf0p6_ra1p5,0.75,1.5,15,none,{},delay_stop_target
mes_30min_none_sm0p75_tm1p50_d30,MES,30min,1min,dynamic_exit_mixed_ts4_vq0p95_bf0p6_ra1p5,0.75,1.5,30,none,{},delay_stop_target
mes_30min_none_sm0p75_tm2p00_d0,MES,30min,1min,dynamic_exit_mixed_ts4_vq0p95_bf0p6_ra1p5,0.75,2.0,0,none,{},stop_target_recalibration
mes_30min_none_sm0p75_tm2p00_d5,MES,30min,1min,dynamic_exit_mixed_ts4_vq0p95_bf0p6_ra1p5,0.75,2.0,5,none,{},delay_stop_target
mes_30min_none_sm0p75_tm2p00_d15,MES,30min,1min,dynamic_exit_mixed_ts4_vq0p95_bf0p6_ra1p5,0.75,2.0,15,none,{},delay_stop_target
mes_30min_none_sm0p75_tm2p00_d30,MES,30min,1min,dynamic_exit_mixed_ts4_vq0p95_bf0p6_ra1p5,0.75,2.0,30,none,{},delay_stop_target
mes_30min_none_sm0p75_tm2p50_d0,MES,30min,1min,dynamic_exit_mixed_ts4_vq0p95_bf0p6_ra1p5,0.75,2.5,0,none,{},stop_target_recalibration
mes_30min_none_sm0p75_tm2p50_d5,MES,30min,1min,dynamic_exit_mixed_ts4_vq0p95_bf0p6_ra1p5,0.75,2.5,5,none,{},delay_stop_target
mes_30min_none_sm0p75_tm2p50_d15,MES,30min,1min,dynamic_exit_mixed_ts4_vq0p95_bf0p6_ra1p5,0.75,2.5,15,none,{},delay_stop_target
mes_30min_none_sm0p75_tm2p50_d30,MES,30min,1min,dynamic_exit_mixed_ts4_vq0p95_bf0p6_ra1p5,0.75,2.5,30,none,{},delay_stop_target
mes_30min_none_sm0p75_tm3p00_d0,MES,30min,1min,dynamic_exit_mixed_ts4_vq0p95_bf0p6_ra1p5,0.75,3.0,0,none,{},stop_target_recalibration
mes_30min_none_sm0p75_tm3p00_d5,MES,30min,1min,dynamic_exit_mixed_ts4_vq0p95_bf0p6_ra1p5,0.75,3.0,5,none,{},delay_stop_target
mes_30min_none_sm0p75_tm3p00_d15,MES,30min,1min,dynamic_exit_mixed_ts4_vq0p95_bf0p6_ra1p5,0.75,3.0,15,none,{},delay_stop_target
mes_30min_none_sm0p75_tm3p00_d30,MES,30min,1min,dynamic_exit_mixed_ts4_vq0p95_bf0p6_ra1p5,0.75,3.0,30,none,{},delay_stop_target
mes_30min_none_sm1p00_tm1p50_d0,MES,30min,1min,dynamic_exit_mixed_ts4_vq0p95_bf0p6_ra1p5,1.0,1.5,0,none,{},stop_target_recalibration
mes_30min_none_sm1p00_tm1p50_d5,MES,30min,1min,dynamic_exit_mixed_ts4_vq0p95_bf0p6_ra1p5,1.0,1.5,5,none,{},delay_stop_target
mes_30min_none_sm1p00_tm1p50_d15,MES,30min,1min,dynamic_exit_mixed_ts4_vq0p95_bf0p6_ra1p5,1.0,1.5,15,none,{},delay_stop_target
mes_30min_none_sm1p00_tm1p50_d30,MES,30min,1min,dynamic_exit_mixed_ts4_vq0p95_bf0p6_ra1p5,1.0,1.5,30,none,{},delay_stop_target
mes_30min_none_sm1p00_tm2p00_d0,MES,30min,1min,dynamic_exit_mixed_ts4_vq0p95_bf0p6_ra1p5,1.0,2.0,0,none,{},stop_target_recalibration
mes_30min_none_sm1p00_tm2p00_d5,MES,30min,1min,dynamic_exit_mixed_ts4_vq0p95_bf0p6_ra1p5,1.0,2.0,5,none,{},delay_stop_target
mes_30min_none_sm1p00_tm2p00_d15,MES,30min,1min,dynamic_exit_mixed_ts4_vq0p95_bf0p6_ra1p5,1.0,2.0,15,none,{},delay_stop_target
mes_30min_none_sm1p00_tm2p00_d30,MES,30min,1min,dynamic_exit_mixed_ts4_vq0p95_bf0p6_ra1p5,1.0,2.0,30,none,{},delay_stop_target
mes_30min_none_sm1p00_tm2p50_d0,MES,30min,1min,dynamic_exit_mixed_ts4_vq0p95_bf0p6_ra1p5,1.0,2.5,0,none,{},stop_target_recalibration
mes_30min_none_sm1p00_tm2p50_d5,MES,30min,1min,dynamic_exit_mixed_ts4_vq0p95_bf0p6_ra1p5,1.0,2.5,5,none,{},delay_stop_target
mes_30min_none_sm1p00_tm2p50_d15,MES,30min,1min,dynamic_exit_mixed_ts4_vq0p95_bf0p6_ra1p5,1.0,2.5,15,none,{},delay_stop_target
mes_30min_none_sm1p00_tm2p50_d30,MES,30min,1min,dynamic_exit_mixed_ts4_vq0p95_bf0p6_ra1p5,1.0,2.5,30,none,{},delay_stop_target
mes_30min_none_sm1p00_tm3p00_d0,MES,30min,1min,dynamic_exit_mixed_ts4_vq0p95_bf0p6_ra1p5,1.0,3.0,0,none,{},stop_target_recalibration
mes_30min_none_sm1p00_tm3p00_d5,MES,30min,1min,dynamic_exit_mixed_ts4_vq0p95_bf0p6_ra1p5,1.0,3.0,5,none,{},delay_stop_target
mes_30min_none_sm1p00_tm3p00_d15,MES,30min,1min,dynamic_exit_mixed_ts4_vq0p95_bf0p6_ra1p5,1.0,3.0,15,none,{},delay_stop_target
mes_30min_none_sm1p00_tm3p00_d30,MES,30min,1min,dynamic_exit_mixed_ts4_vq0p95_bf0p6_ra1p5,1.0,3.0,30,none,{},delay_stop_target
mes_30min_none_sm1p25_tm1p50_d0,MES,30min,1min,dynamic_exit_mixed_ts4_vq0p95_bf0p6_ra1p5,1.25,1.5,0,none,{},stop_target_recalibration
mes_30min_none_sm1p25_tm1p50_d5,MES,30min,1min,dynamic_exit_mixed_ts4_vq0p95_bf0p6_ra1p5,1.25,1.5,5,none,{},delay_stop_target
mes_30min_none_sm1p25_tm1p50_d15,MES,30min,1min,dynamic_exit_mixed_ts4_vq0p95_bf0p6_ra1p5,1.25,1.5,15,none,{},delay_stop_target
mes_30min_none_sm1p25_tm1p50_d30,MES,30min,1min,dynamic_exit_mixed_ts4_vq0p95_bf0p6_ra1p5,1.25,1.5,30,none,{},delay_stop_target
mes_30min_none_sm1p25_tm2p00_d0,MES,30min,1min,dynamic_exit_mixed_ts4_vq0p95_bf0p6_ra1p5,1.25,2.0,0,none,{},stop_target_recalibration
mes_30min_none_sm1p25_tm2p00_d5,MES,30min,1min,dynamic_exit_mixed_ts4_vq0p95_bf0p6_ra1p5,1.25,2.0,5,none,{},delay_stop_target
mes_30min_none_sm1p25_tm2p00_d15,MES,30min,1min,dynamic_exit_mixed_ts4_vq0p95_bf0p6_ra1p5,1.25,2.0,15,none,{},delay_stop_target
mes_30min_none_sm1p25_tm2p00_d30,MES,30min,1min,dynamic_exit_mixed_ts4_vq0p95_bf0p6_ra1p5,1.25,2.0,30,none,{},delay_stop_target
mes_30min_none_sm1p25_tm2p50_d0,MES,30min,1min,dynamic_exit_mixed_ts4_vq0p95_bf0p6_ra1p5,1.25,2.5,0,none,{},stop_target_recalibration
mes_30min_none_sm1p25_tm2p50_d5,MES,30min,1min,dynamic_exit_mixed_ts4_vq0p95_bf0p6_ra1p5,1.25,2.5,5,none,{},delay_stop_target
mes_30min_none_sm1p25_tm2p50_d15,MES,30min,1min,dynamic_exit_mixed_ts4_vq0p95_bf0p6_ra1p5,1.25,2.5,15,none,{},delay_stop_target
mes_30min_none_sm1p25_tm2p50_d30,MES,30min,1min,dynamic_exit_mixed_ts4_vq0p95_bf0p6_ra1p5,1.25,2.5,30,none,{},delay_stop_target
mes_30min_none_sm1p25_tm3p00_d0,MES,30min,1min,dynamic_exit_mixed_ts4_vq0p95_bf0p6_ra1p5,1.25,3.0,0,none,{},stop_target_recalibration
mes_30min_none_sm1p25_tm3p00_d5,MES,30min,1min,dynamic_exit_mixed_ts4_vq0p95_bf0p6_ra1p5,1.25,3.0,5,none,{},delay_stop_target
mes_30min_none_sm1p25_tm3p00_d15,MES,30min,1min,dynamic_exit_mixed_ts4_vq0p95_bf0p6_ra1p5,1.25,3.0,15,none,{},delay_stop_target
mes_30min_none_sm1p25_tm3p00_d30,MES,30min,1min,dynamic_exit_mixed_ts4_vq0p95_bf0p6_ra1p5,1.25,3.0,30,none,{},delay_stop_target
mes_30min_none_sm1p50_tm1p50_d0,MES,30min,1min,dynamic_exit_mixed_ts4_vq0p95_bf0p6_ra1p5,1.5,1.5,0,none,{},stop_target_recalibration
mes_30min_none_sm1p50_tm1p50_d5,MES,30min,1min,dynamic_exit_mixed_ts4_vq0p95_bf0p6_ra1p5,1.5,1.5,5,none,{},delay_stop_target
mes_30min_none_sm1p50_tm1p50_d15,MES,30min,1min,dynamic_exit_mixed_ts4_vq0p95_bf0p6_ra1p5,1.5,1.5,15,none,{},delay_stop_target
mes_30min_none_sm1p50_tm1p50_d30,MES,30min,1min,dynamic_exit_mixed_ts4_vq0p95_bf0p6_ra1p5,1.5,1.5,30,none,{},delay_stop_target
mes_30min_none_sm1p50_tm2p00_d0,MES,30min,1min,dynamic_exit_mixed_ts4_vq0p95_bf0p6_ra1p5,1.5,2.0,0,none,{},stop_target_recalibration
mes_30min_none_sm1p50_tm2p00_d5,MES,30min,1min,dynamic_exit_mixed_ts4_vq0p95_bf0p6_ra1p5,1.5,2.0,5,none,{},delay_stop_target
mes_30min_none_sm1p50_tm2p00_d15,MES,30min,1min,dynamic_exit_mixed_ts4_vq0p95_bf0p6_ra1p5,1.5,2.0,15,none,{},delay_stop_target
mes_30min_none_sm1p50_tm2p00_d30,MES,30min,1min,dynamic_exit_mixed_ts4_vq0p95_bf0p6_ra1p5,1.5,2.0,30,none,{},delay_stop_target
mes_30min_none_sm1p50_tm2p50_d0,MES,30min,1min,dynamic_exit_mixed_ts4_vq0p95_bf0p6_ra1p5,1.5,2.5,0,none,{},stop_target_recalibration
mes_30min_none_sm1p50_tm2p50_d5,MES,30min,1min,dynamic_exit_mixed_ts4_vq0p95_bf0p6_ra1p5,1.5,2.5,5,none,{},delay_stop_target
mes_30min_none_sm1p50_tm2p50_d15,MES,30min,1min,dynamic_exit_mixed_ts4_vq0p95_bf0p6_ra1p5,1.5,2.5,15,none,{},delay_stop_target
mes_30min_none_sm1p50_tm2p50_d30,MES,30min,1min,dynamic_exit_mixed_ts4_vq0p95_bf0p6_ra1p5,1.5,2.5,30,none,{},delay_stop_target
mes_30min_none_sm1p50_tm3p00_d0,MES,30min,1min,dynamic_exit_mixed_ts4_vq0p95_bf0p6_ra1p5,1.5,3.0,0,none,{},stop_target_recalibration
mes_30min_none_sm1p50_tm3p00_d5,MES,30min,1min,dynamic_exit_mixed_ts4_vq0p95_bf0p6_ra1p5,1.5,3.0,5,none,{},delay_stop_target
mes_30min_none_sm1p50_tm3p00_d15,MES,30min,1min,dynamic_exit_mixed_ts4_vq0p95_bf0p6_ra1p5,1.5,3.0,15,none,{},delay_stop_target
mes_30min_none_sm1p50_tm3p00_d30,MES,30min,1min,dynamic_exit_mixed_ts4_vq0p95_bf0p6_ra1p5,1.5,3.0,30,none,{},delay_stop_target
mes_30min_require_no_stop_zone_touch_before_entry_sm0p75_tm2p00_d5_sz0p50,MES,30min,1min,dynamic_exit_mixed_ts4_vq0p95_bf0p6_ra1p5,0.75,2.0,5,require_no_stop_zone_touch_before_entry,"{""stop_zone_fraction"": 0.5}",delay_stop_zone_filter
mes_30min_require_no_stop_zone_touch_before_entry_sm0p75_tm2p00_d5_sz0p75,MES,30min,1min,dynamic_exit_mixed_ts4_vq0p95_bf0p6_ra1p5,0.75,2.0,5,require_no_stop_zone_touch_before_entry,"{""stop_zone_fraction"": 0.75}",delay_stop_zone_filter
mes_30min_require_no_stop_zone_touch_before_entry_sm0p75_tm2p00_d5_sz1p00,MES,30min,1min,dynamic_exit_mixed_ts4_vq0p95_bf0p6_ra1p5,0.75,2.0,5,require_no_stop_zone_touch_before_entry,"{""stop_zone_fraction"": 1.0}",delay_stop_zone_filter
mes_30min_avoid_immediate_adverse_move_sm0p75_tm2p00_d5_aw5_mt8,MES,30min,1min,dynamic_exit_mixed_ts4_vq0p95_bf0p6_ra1p5,0.75,2.0,5,avoid_immediate_adverse_move,"{""adverse_window_minutes"": 5, ""max_adverse_ticks"": 8}",delay_adverse_filter
mes_30min_avoid_immediate_adverse_move_sm0p75_tm2p00_d5_aw5_mt12,MES,30min,1min,dynamic_exit_mixed_ts4_vq0p95_bf0p6_ra1p5,0.75,2.0,5,avoid_immediate_adverse_move,"{""adverse_window_minutes"": 5, ""max_adverse_ticks"": 12}",delay_adverse_filter
mes_30min_avoid_immediate_adverse_move_sm0p75_tm2p00_d5_aw5_mt16,MES,30min,1min,dynamic_exit_mixed_ts4_vq0p95_bf0p6_ra1p5,0.75,2.0,5,avoid_immediate_adverse_move,"{""adverse_window_minutes"": 5, ""max_adverse_ticks"": 16}",delay_adverse_filter
mes_30min_require_no_stop_zone_touch_before_entry_sm0p75_tm2p00_d15_sz0p50,MES,30min,1min,dynamic_exit_mixed_ts4_vq0p95_bf0p6_ra1p5,0.75,2.0,15,require_no_stop_zone_touch_before_entry,"{""stop_zone_fraction"": 0.5}",delay_stop_zone_filter
mes_30min_require_no_stop_zone_touch_before_entry_sm0p75_tm2p00_d15_sz0p75,MES,30min,1min,dynamic_exit_mixed_ts4_vq0p95_bf0p6_ra1p5,0.75,2.0,15,require_no_stop_zone_touch_before_entry,"{""stop_zone_fraction"": 0.75}",delay_stop_zone_filter
mes_30min_require_no_stop_zone_touch_before_entry_sm0p75_tm2p00_d15_sz1p00,MES,30min,1min,dynamic_exit_mixed_ts4_vq0p95_bf0p6_ra1p5,0.75,2.0,15,require_no_stop_zone_touch_before_entry,"{""stop_zone_fraction"": 1.0}",delay_stop_zone_filter
mes_30min_avoid_immediate_adverse_move_sm0p75_tm2p00_d15_aw5_mt8,MES,30min,1min,dynamic_exit_mixed_ts4_vq0p95_bf0p6_ra1p5,0.75,2.0,15,avoid_immediate_adverse_move,"{""adverse_window_minutes"": 5, ""max_adverse_ticks"": 8}",delay_adverse_filter
mes_30min_avoid_immediate_adverse_move_sm0p75_tm2p00_d15_aw5_mt12,MES,30min,1min,dynamic_exit_mixed_ts4_vq0p95_bf0p6_ra1p5,0.75,2.0,15,avoid_immediate_adverse_move,"{""adverse_window_minutes"": 5, ""max_adverse_ticks"": 12}",delay_adverse_filter
mes_30min_avoid_immediate_adverse_move_sm0p75_tm2p00_d15_aw5_mt16,MES,30min,1min,dynamic_exit_mixed_ts4_vq0p95_bf0p6_ra1p5,0.75,2.0,15,avoid_immediate_adverse_move,"{""adverse_window_minutes"": 5, ""max_adverse_ticks"": 16}",delay_adverse_filter
mes_30min_avoid_immediate_adverse_move_sm0p75_tm2p00_d15_aw10_mt8,MES,30min,1min,dynamic_exit_mixed_ts4_vq0p95_bf0p6_ra1p5,0.75,2.0,15,avoid_immediate_adverse_move,"{""adverse_window_minutes"": 10, ""max_adverse_ticks"": 8}",delay_adverse_filter
mes_30min_avoid_immediate_adverse_move_sm0p75_tm2p00_d15_aw10_mt12,MES,30min,1min,dynamic_exit_mixed_ts4_vq0p95_bf0p6_ra1p5,0.75,2.0,15,avoid_immediate_adverse_move,"{""adverse_window_minutes"": 10, ""max_adverse_ticks"": 12}",delay_adverse_filter
mes_30min_avoid_immediate_adverse_move_sm0p75_tm2p00_d15_aw10_mt16,MES,30min,1min,dynamic_exit_mixed_ts4_vq0p95_bf0p6_ra1p5,0.75,2.0,15,avoid_immediate_adverse_move,"{""adverse_window_minutes"": 10, ""max_adverse_ticks"": 16}",delay_adverse_filter
mes_30min_require_no_stop_zone_touch_before_entry_sm0p75_tm2p00_d30_sz0p50,MES,30min,1min,dynamic_exit_mixed_ts4_vq0p95_bf0p6_ra1p5,0.75,2.0,30,require_no_stop_zone_touch_before_entry,"{""stop_zone_fraction"": 0.5}",delay_stop_zone_filter
mes_30min_require_no_stop_zone_touch_before_entry_sm0p75_tm2p00_d30_sz0p75,MES,30min,1min,dynamic_exit_mixed_ts4_vq0p95_bf0p6_ra1p5,0.75,2.0,30,require_no_stop_zone_touch_before_entry,"{""stop_zone_fraction"": 0.75}",delay_stop_zone_filter
mes_30min_require_no_stop_zone_touch_before_entry_sm0p75_tm2p00_d30_sz1p00,MES,30min,1min,dynamic_exit_mixed_ts4_vq0p95_bf0p6_ra1p5,0.75,2.0,30,require_no_stop_zone_touch_before_entry,"{""stop_zone_fraction"": 1.0}",delay_stop_zone_filter
mes_30min_avoid_immediate_adverse_move_sm0p75_tm2p00_d30_aw5_mt8,MES,30min,1min,dynamic_exit_mixed_ts4_vq0p95_bf0p6_ra1p5,0.75,2.0,30,avoid_immediate_adverse_move,"{""adverse_window_minutes"": 5, ""max_adverse_ticks"": 8}",delay_adverse_filter
mes_30min_avoid_immediate_adverse_move_sm0p75_tm2p00_d30_aw5_mt12,MES,30min,1min,dynamic_exit_mixed_ts4_vq0p95_bf0p6_ra1p5,0.75,2.0,30,avoid_immediate_adverse_move,"{""adverse_window_minutes"": 5, ""max_adverse_ticks"": 12}",delay_adverse_filter
mes_30min_avoid_immediate_adverse_move_sm0p75_tm2p00_d30_aw5_mt16,MES,30min,1min,dynamic_exit_mixed_ts4_vq0p95_bf0p6_ra1p5,0.75,2.0,30,avoid_immediate_adverse_move,"{""adverse_window_minutes"": 5, ""max_adverse_ticks"": 16}",delay_adverse_filter
mes_30min_avoid_immediate_adverse_move_sm0p75_tm2p00_d30_aw10_mt8,MES,30min,1min,dynamic_exit_mixed_ts4_vq0p95_bf0p6_ra1p5,0.75,2.0,30,avoid_immediate_adverse_move,"{""adverse_window_minutes"": 10, ""max_adverse_ticks"": 8}",delay_adverse_filter
mes_30min_avoid_immediate_adverse_move_sm0p75_tm2p00_d30_aw10_mt12,MES,30min,1min,dynamic_exit_mixed_ts4_vq0p95_bf0p6_ra1p5,0.75,2.0,30,avoid_immediate_adverse_move,"{""adverse_window_minutes"": 10, ""max_adverse_ticks"": 12}",delay_adverse_filter
mes_30min_avoid_immediate_adverse_move_sm0p75_tm2p00_d30_aw10_mt16,MES,30min,1min,dynamic_exit_mixed_ts4_vq0p95_bf0p6_ra1p5,0.75,2.0,30,avoid_immediate_adverse_move,"{""adverse_window_minutes"": 10, ""max_adverse_ticks"": 16}",delay_adverse_filter
mes_30min_require_no_stop_zone_touch_before_entry_sm0p75_tm2p50_d5_sz0p50,MES,30min,1min,dynamic_exit_mixed_ts4_vq0p95_bf0p6_ra1p5,0.75,2.5,5,require_no_stop_zone_touch_before_entry,"{""stop_zone_fraction"": 0.5}",delay_stop_zone_filter
mes_30min_require_no_stop_zone_touch_before_entry_sm0p75_tm2p50_d5_sz0p75,MES,30min,1min,dynamic_exit_mixed_ts4_vq0p95_bf0p6_ra1p5,0.75,2.5,5,require_no_stop_zone_touch_before_entry,"{""stop_zone_fraction"": 0.75}",delay_stop_zone_filter
mes_30min_require_no_stop_zone_touch_before_entry_sm0p75_tm2p50_d5_sz1p00,MES,30min,1min,dynamic_exit_mixed_ts4_vq0p95_bf0p6_ra1p5,0.75,2.5,5,require_no_stop_zone_touch_before_entry,"{""stop_zone_fraction"": 1.0}",delay_stop_zone_filter
mes_30min_avoid_immediate_adverse_move_sm0p75_tm2p50_d5_aw5_mt8,MES,30min,1min,dynamic_exit_mixed_ts4_vq0p95_bf0p6_ra1p5,0.75,2.5,5,avoid_immediate_adverse_move,"{""adverse_window_minutes"": 5, ""max_adverse_ticks"": 8}",delay_adverse_filter
mes_30min_avoid_immediate_adverse_move_sm0p75_tm2p50_d5_aw5_mt12,MES,30min,1min,dynamic_exit_mixed_ts4_vq0p95_bf0p6_ra1p5,0.75,2.5,5,avoid_immediate_adverse_move,"{""adverse_window_minutes"": 5, ""max_adverse_ticks"": 12}",delay_adverse_filter
mes_30min_avoid_immediate_adverse_move_sm0p75_tm2p50_d5_aw5_mt16,MES,30min,1min,dynamic_exit_mixed_ts4_vq0p95_bf0p6_ra1p5,0.75,2.5,5,avoid_immediate_adverse_move,"{""adverse_window_minutes"": 5, ""max_adverse_ticks"": 16}",delay_adverse_filter
mes_30min_require_no_stop_zone_touch_before_entry_sm0p75_tm2p50_d15_sz0p50,MES,30min,1min,dynamic_exit_mixed_ts4_vq0p95_bf0p6_ra1p5,0.75,2.5,15,require_no_stop_zone_touch_before_entry,"{""stop_zone_fraction"": 0.5}",delay_stop_zone_filter
mes_30min_require_no_stop_zone_touch_before_entry_sm0p75_tm2p50_d15_sz0p75,MES,30min,1min,dynamic_exit_mixed_ts4_vq0p95_bf0p6_ra1p5,0.75,2.5,15,require_no_stop_zone_touch_before_entry,"{""stop_zone_fraction"": 0.75}",delay_stop_zone_filter
mes_30min_require_no_stop_zone_touch_before_entry_sm0p75_tm2p50_d15_sz1p00,MES,30min,1min,dynamic_exit_mixed_ts4_vq0p95_bf0p6_ra1p5,0.75,2.5,15,require_no_stop_zone_touch_before_entry,"{""stop_zone_fraction"": 1.0}",delay_stop_zone_filter
mes_30min_avoid_immediate_adverse_move_sm0p75_tm2p50_d15_aw5_mt8,MES,30min,1min,dynamic_exit_mixed_ts4_vq0p95_bf0p6_ra1p5,0.75,2.5,15,avoid_immediate_adverse_move,"{""adverse_window_minutes"": 5, ""max_adverse_ticks"": 8}",delay_adverse_filter
mes_30min_avoid_immediate_adverse_move_sm0p75_tm2p50_d15_aw5_mt12,MES,30min,1min,dynamic_exit_mixed_ts4_vq0p95_bf0p6_ra1p5,0.75,2.5,15,avoid_immediate_adverse_move,"{""adverse_window_minutes"": 5, ""max_adverse_ticks"": 12}",delay_adverse_filter
mes_30min_avoid_immediate_adverse_move_sm0p75_tm2p50_d15_aw5_mt16,MES,30min,1min,dynamic_exit_mixed_ts4_vq0p95_bf0p6_ra1p5,0.75,2.5,15,avoid_immediate_adverse_move,"{""adverse_window_minutes"": 5, ""max_adverse_ticks"": 16}",delay_adverse_filter
mes_30min_avoid_immediate_adverse_move_sm0p75_tm2p50_d15_aw10_mt8,MES,30min,1min,dynamic_exit_mixed_ts4_vq0p95_bf0p6_ra1p5,0.75,2.5,15,avoid_immediate_adverse_move,"{""adverse_window_minutes"": 10, ""max_adverse_ticks"": 8}",delay_adverse_filter
mes_30min_avoid_immediate_adverse_move_sm0p75_tm2p50_d15_aw10_mt12,MES,30min,1min,dynamic_exit_mixed_ts4_vq0p95_bf0p6_ra1p5,0.75,2.5,15,avoid_immediate_adverse_move,"{""adverse_window_minutes"": 10, ""max_adverse_ticks"": 12}",delay_adverse_filter
mes_30min_avoid_immediate_adverse_move_sm0p75_tm2p50_d15_aw10_mt16,MES,30min,1min,dynamic_exit_mixed_ts4_vq0p95_bf0p6_ra1p5,0.75,2.5,15,avoid_immediate_adverse_move,"{""adverse_window_minutes"": 10, ""max_adverse_ticks"": 16}",delay_adverse_filter
mes_30min_require_no_stop_zone_touch_before_entry_sm0p75_tm2p50_d30_sz0p50,MES,30min,1min,dynamic_exit_mixed_ts4_vq0p95_bf0p6_ra1p5,0.75,2.5,30,require_no_stop_zone_touch_before_entry,"{""stop_zone_fraction"": 0.5}",delay_stop_zone_filter
mes_30min_require_no_stop_zone_touch_before_entry_sm0p75_tm2p50_d30_sz0p75,MES,30min,1min,dynamic_exit_mixed_ts4_vq0p95_bf0p6_ra1p5,0.75,2.5,30,require_no_stop_zone_touch_before_entry,"{""stop_zone_fraction"": 0.75}",delay_stop_zone_filter
mes_30min_require_no_stop_zone_touch_before_entry_sm0p75_tm2p50_d30_sz1p00,MES,30min,1min,dynamic_exit_mixed_ts4_vq0p95_bf0p6_ra1p5,0.75,2.5,30,require_no_stop_zone_touch_before_entry,"{""stop_zone_fraction"": 1.0}",delay_stop_zone_filter
mes_30min_avoid_immediate_adverse_move_sm0p75_tm2p50_d30_aw5_mt8,MES,30min,1min,dynamic_exit_mixed_ts4_vq0p95_bf0p6_ra1p5,0.75,2.5,30,avoid_immediate_adverse_move,"{""adverse_window_minutes"": 5, ""max_adverse_ticks"": 8}",delay_adverse_filter
mes_30min_avoid_immediate_adverse_move_sm0p75_tm2p50_d30_aw5_mt12,MES,30min,1min,dynamic_exit_mixed_ts4_vq0p95_bf0p6_ra1p5,0.75,2.5,30,avoid_immediate_adverse_move,"{""adverse_window_minutes"": 5, ""max_adverse_ticks"": 12}",delay_adverse_filter
mes_30min_avoid_immediate_adverse_move_sm0p75_tm2p50_d30_aw5_mt16,MES,30min,1min,dynamic_exit_mixed_ts4_vq0p95_bf0p6_ra1p5,0.75,2.5,30,avoid_immediate_adverse_move,"{""adverse_window_minutes"": 5, ""max_adverse_ticks"": 16}",delay_adverse_filter
mes_30min_avoid_immediate_adverse_move_sm0p75_tm2p50_d30_aw10_mt8,MES,30min,1min,dynamic_exit_mixed_ts4_vq0p95_bf0p6_ra1p5,0.75,2.5,30,avoid_immediate_adverse_move,"{""adverse_window_minutes"": 10, ""max_adverse_ticks"": 8}",delay_adverse_filter
mes_30min_avoid_immediate_adverse_move_sm0p75_tm2p50_d30_aw10_mt12,MES,30min,1min,dynamic_exit_mixed_ts4_vq0p95_bf0p6_ra1p5,0.75,2.5,30,avoid_immediate_adverse_move,"{""adverse_window_minutes"": 10, ""max_adverse_ticks"": 12}",delay_adverse_filter
mes_30min_avoid_immediate_adverse_move_sm0p75_tm2p50_d30_aw10_mt16,MES,30min,1min,dynamic_exit_mixed_ts4_vq0p95_bf0p6_ra1p5,0.75,2.5,30,avoid_immediate_adverse_move,"{""adverse_window_minutes"": 10, ""max_adverse_ticks"": 16}",delay_adverse_filter
mes_30min_require_no_stop_zone_touch_before_entry_sm0p75_tm3p00_d5_sz0p50,MES,30min,1min,dynamic_exit_mixed_ts4_vq0p95_bf0p6_ra1p5,0.75,3.0,5,require_no_stop_zone_touch_before_entry,"{""stop_zone_fraction"": 0.5}",delay_stop_zone_filter
mes_30min_require_no_stop_zone_touch_before_entry_sm0p75_tm3p00_d5_sz0p75,MES,30min,1min,dynamic_exit_mixed_ts4_vq0p95_bf0p6_ra1p5,0.75,3.0,5,require_no_stop_zone_touch_before_entry,"{""stop_zone_fraction"": 0.75}",delay_stop_zone_filter
mes_30min_require_no_stop_zone_touch_before_entry_sm0p75_tm3p00_d5_sz1p00,MES,30min,1min,dynamic_exit_mixed_ts4_vq0p95_bf0p6_ra1p5,0.75,3.0,5,require_no_stop_zone_touch_before_entry,"{""stop_zone_fraction"": 1.0}",delay_stop_zone_filter
mes_30min_avoid_immediate_adverse_move_sm0p75_tm3p00_d5_aw5_mt8,MES,30min,1min,dynamic_exit_mixed_ts4_vq0p95_bf0p6_ra1p5,0.75,3.0,5,avoid_immediate_adverse_move,"{""adverse_window_minutes"": 5, ""max_adverse_ticks"": 8}",delay_adverse_filter
mes_30min_avoid_immediate_adverse_move_sm0p75_tm3p00_d5_aw5_mt12,MES,30min,1min,dynamic_exit_mixed_ts4_vq0p95_bf0p6_ra1p5,0.75,3.0,5,avoid_immediate_adverse_move,"{""adverse_window_minutes"": 5, ""max_adverse_ticks"": 12}",delay_adverse_filter
mes_30min_avoid_immediate_adverse_move_sm0p75_tm3p00_d5_aw5_mt16,MES,30min,1min,dynamic_exit_mixed_ts4_vq0p95_bf0p6_ra1p5,0.75,3.0,5,avoid_immediate_adverse_move,"{""adverse_window_minutes"": 5, ""max_adverse_ticks"": 16}",delay_adverse_filter
mes_30min_require_no_stop_zone_touch_before_entry_sm0p75_tm3p00_d15_sz0p50,MES,30min,1min,dynamic_exit_mixed_ts4_vq0p95_bf0p6_ra1p5,0.75,3.0,15,require_no_stop_zone_touch_before_entry,"{""stop_zone_fraction"": 0.5}",delay_stop_zone_filter
mes_30min_require_no_stop_zone_touch_before_entry_sm0p75_tm3p00_d15_sz0p75,MES,30min,1min,dynamic_exit_mixed_ts4_vq0p95_bf0p6_ra1p5,0.75,3.0,15,require_no_stop_zone_touch_before_entry,"{""stop_zone_fraction"": 0.75}",delay_stop_zone_filter
mes_30min_require_no_stop_zone_touch_before_entry_sm0p75_tm3p00_d15_sz1p00,MES,30min,1min,dynamic_exit_mixed_ts4_vq0p95_bf0p6_ra1p5,0.75,3.0,15,require_no_stop_zone_touch_before_entry,"{""stop_zone_fraction"": 1.0}",delay_stop_zone_filter
mes_30min_avoid_immediate_adverse_move_sm0p75_tm3p00_d15_aw5_mt8,MES,30min,1min,dynamic_exit_mixed_ts4_vq0p95_bf0p6_ra1p5,0.75,3.0,15,avoid_immediate_adverse_move,"{""adverse_window_minutes"": 5, ""max_adverse_ticks"": 8}",delay_adverse_filter
mes_30min_avoid_immediate_adverse_move_sm0p75_tm3p00_d15_aw5_mt12,MES,30min,1min,dynamic_exit_mixed_ts4_vq0p95_bf0p6_ra1p5,0.75,3.0,15,avoid_immediate_adverse_move,"{""adverse_window_minutes"": 5, ""max_adverse_ticks"": 12}",delay_adverse_filter
mes_30min_avoid_immediate_adverse_move_sm0p75_tm3p00_d15_aw5_mt16,MES,30min,1min,dynamic_exit_mixed_ts4_vq0p95_bf0p6_ra1p5,0.75,3.0,15,avoid_immediate_adverse_move,"{""adverse_window_minutes"": 5, ""max_adverse_ticks"": 16}",delay_adverse_filter
mes_30min_avoid_immediate_adverse_move_sm0p75_tm3p00_d15_aw10_mt8,MES,30min,1min,dynamic_exit_mixed_ts4_vq0p95_bf0p6_ra1p5,0.75,3.0,15,avoid_immediate_adverse_move,"{""adverse_window_minutes"": 10, ""max_adverse_ticks"": 8}",delay_adverse_filter
mes_30min_avoid_immediate_adverse_move_sm0p75_tm3p00_d15_aw10_mt12,MES,30min,1min,dynamic_exit_mixed_ts4_vq0p95_bf0p6_ra1p5,0.75,3.0,15,avoid_immediate_adverse_move,"{""adverse_window_minutes"": 10, ""max_adverse_ticks"": 12}",delay_adverse_filter
mes_30min_avoid_immediate_adverse_move_sm0p75_tm3p00_d15_aw10_mt16,MES,30min,1min,dynamic_exit_mixed_ts4_vq0p95_bf0p6_ra1p5,0.75,3.0,15,avoid_immediate_adverse_move,"{""adverse_window_minutes"": 10, ""max_adverse_ticks"": 16}",delay_adverse_filter
mes_30min_require_no_stop_zone_touch_before_entry_sm0p75_tm3p00_d30_sz0p50,MES,30min,1min,dynamic_exit_mixed_ts4_vq0p95_bf0p6_ra1p5,0.75,3.0,30,require_no_stop_zone_touch_before_entry,"{""stop_zone_fraction"": 0.5}",delay_stop_zone_filter
mes_30min_require_no_stop_zone_touch_before_entry_sm0p75_tm3p00_d30_sz0p75,MES,30min,1min,dynamic_exit_mixed_ts4_vq0p95_bf0p6_ra1p5,0.75,3.0,30,require_no_stop_zone_touch_before_entry,"{""stop_zone_fraction"": 0.75}",delay_stop_zone_filter
mes_30min_require_no_stop_zone_touch_before_entry_sm0p75_tm3p00_d30_sz1p00,MES,30min,1min,dynamic_exit_mixed_ts4_vq0p95_bf0p6_ra1p5,0.75,3.0,30,require_no_stop_zone_touch_before_entry,"{""stop_zone_fraction"": 1.0}",delay_stop_zone_filter
mes_30min_avoid_immediate_adverse_move_sm0p75_tm3p00_d30_aw5_mt8,MES,30min,1min,dynamic_exit_mixed_ts4_vq0p95_bf0p6_ra1p5,0.75,3.0,30,avoid_immediate_adverse_move,"{""adverse_window_minutes"": 5, ""max_adverse_ticks"": 8}",delay_adverse_filter
mes_30min_avoid_immediate_adverse_move_sm0p75_tm3p00_d30_aw5_mt12,MES,30min,1min,dynamic_exit_mixed_ts4_vq0p95_bf0p6_ra1p5,0.75,3.0,30,avoid_immediate_adverse_move,"{""adverse_window_minutes"": 5, ""max_adverse_ticks"": 12}",delay_adverse_filter
mes_30min_avoid_immediate_adverse_move_sm0p75_tm3p00_d30_aw5_mt16,MES,30min,1min,dynamic_exit_mixed_ts4_vq0p95_bf0p6_ra1p5,0.75,3.0,30,avoid_immediate_adverse_move,"{""adverse_window_minutes"": 5, ""max_adverse_ticks"": 16}",delay_adverse_filter
mes_30min_avoid_immediate_adverse_move_sm0p75_tm3p00_d30_aw10_mt8,MES,30min,1min,dynamic_exit_mixed_ts4_vq0p95_bf0p6_ra1p5,0.75,3.0,30,avoid_immediate_adverse_move,"{""adverse_window_minutes"": 10, ""max_adverse_ticks"": 8}",delay_adverse_filter
mes_30min_avoid_immediate_adverse_move_sm0p75_tm3p00_d30_aw10_mt12,MES,30min,1min,dynamic_exit_mixed_ts4_vq0p95_bf0p6_ra1p5,0.75,3.0,30,avoid_immediate_adverse_move,"{""adverse_window_minutes"": 10, ""max_adverse_ticks"": 12}",delay_adverse_filter
mes_30min_avoid_immediate_adverse_move_sm0p75_tm3p00_d30_aw10_mt16,MES,30min,1min,dynamic_exit_mixed_ts4_vq0p95_bf0p6_ra1p5,0.75,3.0,30,avoid_immediate_adverse_move,"{""adverse_window_minutes"": 10, ""max_adverse_ticks"": 16}",delay_adverse_filter
mes_30min_require_no_stop_zone_touch_before_entry_sm1p00_tm2p00_d5_sz0p50,MES,30min,1min,dynamic_exit_mixed_ts4_vq0p95_bf0p6_ra1p5,1.0,2.0,5,require_no_stop_zone_touch_before_entry,"{""stop_zone_fraction"": 0.5}",delay_stop_zone_filter
mes_30min_require_no_stop_zone_touch_before_entry_sm1p00_tm2p00_d5_sz0p75,MES,30min,1min,dynamic_exit_mixed_ts4_vq0p95_bf0p6_ra1p5,1.0,2.0,5,require_no_stop_zone_touch_before_entry,"{""stop_zone_fraction"": 0.75}",delay_stop_zone_filter
mes_30min_require_no_stop_zone_touch_before_entry_sm1p00_tm2p00_d5_sz1p00,MES,30min,1min,dynamic_exit_mixed_ts4_vq0p95_bf0p6_ra1p5,1.0,2.0,5,require_no_stop_zone_touch_before_entry,"{""stop_zone_fraction"": 1.0}",delay_stop_zone_filter
mes_30min_avoid_immediate_adverse_move_sm1p00_tm2p00_d5_aw5_mt8,MES,30min,1min,dynamic_exit_mixed_ts4_vq0p95_bf0p6_ra1p5,1.0,2.0,5,avoid_immediate_adverse_move,"{""adverse_window_minutes"": 5, ""max_adverse_ticks"": 8}",delay_adverse_filter
mes_30min_avoid_immediate_adverse_move_sm1p00_tm2p00_d5_aw5_mt12,MES,30min,1min,dynamic_exit_mixed_ts4_vq0p95_bf0p6_ra1p5,1.0,2.0,5,avoid_immediate_adverse_move,"{""adverse_window_minutes"": 5, ""max_adverse_ticks"": 12}",delay_adverse_filter
mes_30min_avoid_immediate_adverse_move_sm1p00_tm2p00_d5_aw5_mt16,MES,30min,1min,dynamic_exit_mixed_ts4_vq0p95_bf0p6_ra1p5,1.0,2.0,5,avoid_immediate_adverse_move,"{""adverse_window_minutes"": 5, ""max_adverse_ticks"": 16}",delay_adverse_filter
mes_30min_require_no_stop_zone_touch_before_entry_sm1p00_tm2p00_d15_sz0p50,MES,30min,1min,dynamic_exit_mixed_ts4_vq0p95_bf0p6_ra1p5,1.0,2.0,15,require_no_stop_zone_touch_before_entry,"{""stop_zone_fraction"": 0.5}",delay_stop_zone_filter
mes_30min_require_no_stop_zone_touch_before_entry_sm1p00_tm2p00_d15_sz0p75,MES,30min,1min,dynamic_exit_mixed_ts4_vq0p95_bf0p6_ra1p5,1.0,2.0,15,require_no_stop_zone_touch_before_entry,"{""stop_zone_fraction"": 0.75}",delay_stop_zone_filter
mes_30min_require_no_stop_zone_touch_before_entry_sm1p00_tm2p00_d15_sz1p00,MES,30min,1min,dynamic_exit_mixed_ts4_vq0p95_bf0p6_ra1p5,1.0,2.0,15,require_no_stop_zone_touch_before_entry,"{""stop_zone_fraction"": 1.0}",delay_stop_zone_filter
mes_30min_avoid_immediate_adverse_move_sm1p00_tm2p00_d15_aw5_mt8,MES,30min,1min,dynamic_exit_mixed_ts4_vq0p95_bf0p6_ra1p5,1.0,2.0,15,avoid_immediate_adverse_move,"{""adverse_window_minutes"": 5, ""max_adverse_ticks"": 8}",delay_adverse_filter
mes_30min_avoid_immediate_adverse_move_sm1p00_tm2p00_d15_aw5_mt12,MES,30min,1min,dynamic_exit_mixed_ts4_vq0p95_bf0p6_ra1p5,1.0,2.0,15,avoid_immediate_adverse_move,"{""adverse_window_minutes"": 5, ""max_adverse_ticks"": 12}",delay_adverse_filter
mes_30min_avoid_immediate_adverse_move_sm1p00_tm2p00_d15_aw5_mt16,MES,30min,1min,dynamic_exit_mixed_ts4_vq0p95_bf0p6_ra1p5,1.0,2.0,15,avoid_immediate_adverse_move,"{""adverse_window_minutes"": 5, ""max_adverse_ticks"": 16}",delay_adverse_filter
mes_30min_avoid_immediate_adverse_move_sm1p00_tm2p00_d15_aw10_mt8,MES,30min,1min,dynamic_exit_mixed_ts4_vq0p95_bf0p6_ra1p5,1.0,2.0,15,avoid_immediate_adverse_move,"{""adverse_window_minutes"": 10, ""max_adverse_ticks"": 8}",delay_adverse_filter
mes_30min_avoid_immediate_adverse_move_sm1p00_tm2p00_d15_aw10_mt12,MES,30min,1min,dynamic_exit_mixed_ts4_vq0p95_bf0p6_ra1p5,1.0,2.0,15,avoid_immediate_adverse_move,"{""adverse_window_minutes"": 10, ""max_adverse_ticks"": 12}",delay_adverse_filter
mes_30min_avoid_immediate_adverse_move_sm1p00_tm2p00_d15_aw10_mt16,MES,30min,1min,dynamic_exit_mixed_ts4_vq0p95_bf0p6_ra1p5,1.0,2.0,15,avoid_immediate_adverse_move,"{""adverse_window_minutes"": 10, ""max_adverse_ticks"": 16}",delay_adverse_filter
mes_30min_require_no_stop_zone_touch_before_entry_sm1p00_tm2p00_d30_sz0p50,MES,30min,1min,dynamic_exit_mixed_ts4_vq0p95_bf0p6_ra1p5,1.0,2.0,30,require_no_stop_zone_touch_before_entry,"{""stop_zone_fraction"": 0.5}",delay_stop_zone_filter
mes_30min_require_no_stop_zone_touch_before_entry_sm1p00_tm2p00_d30_sz0p75,MES,30min,1min,dynamic_exit_mixed_ts4_vq0p95_bf0p6_ra1p5,1.0,2.0,30,require_no_stop_zone_touch_before_entry,"{""stop_zone_fraction"": 0.75}",delay_stop_zone_filter
mes_30min_require_no_stop_zone_touch_before_entry_sm1p00_tm2p00_d30_sz1p00,MES,30min,1min,dynamic_exit_mixed_ts4_vq0p95_bf0p6_ra1p5,1.0,2.0,30,require_no_stop_zone_touch_before_entry,"{""stop_zone_fraction"": 1.0}",delay_stop_zone_filter
mes_30min_avoid_immediate_adverse_move_sm1p00_tm2p00_d30_aw5_mt8,MES,30min,1min,dynamic_exit_mixed_ts4_vq0p95_bf0p6_ra1p5,1.0,2.0,30,avoid_immediate_adverse_move,"{""adverse_window_minutes"": 5, ""max_adverse_ticks"": 8}",delay_adverse_filter
mes_30min_avoid_immediate_adverse_move_sm1p00_tm2p00_d30_aw5_mt12,MES,30min,1min,dynamic_exit_mixed_ts4_vq0p95_bf0p6_ra1p5,1.0,2.0,30,avoid_immediate_adverse_move,"{""adverse_window_minutes"": 5, ""max_adverse_ticks"": 12}",delay_adverse_filter
mes_30min_avoid_immediate_adverse_move_sm1p00_tm2p00_d30_aw5_mt16,MES,30min,1min,dynamic_exit_mixed_ts4_vq0p95_bf0p6_ra1p5,1.0,2.0,30,avoid_immediate_adverse_move,"{""adverse_window_minutes"": 5, ""max_adverse_ticks"": 16}",delay_adverse_filter
mes_30min_avoid_immediate_adverse_move_sm1p00_tm2p00_d30_aw10_mt8,MES,30min,1min,dynamic_exit_mixed_ts4_vq0p95_bf0p6_ra1p5,1.0,2.0,30,avoid_immediate_adverse_move,"{""adverse_window_minutes"": 10, ""max_adverse_ticks"": 8}",delay_adverse_filter
mes_30min_avoid_immediate_adverse_move_sm1p00_tm2p00_d30_aw10_mt12,MES,30min,1min,dynamic_exit_mixed_ts4_vq0p95_bf0p6_ra1p5,1.0,2.0,30,avoid_immediate_adverse_move,"{""adverse_window_minutes"": 10, ""max_adverse_ticks"": 12}",delay_adverse_filter
mes_30min_avoid_immediate_adverse_move_sm1p00_tm2p00_d30_aw10_mt16,MES,30min,1min,dynamic_exit_mixed_ts4_vq0p95_bf0p6_ra1p5,1.0,2.0,30,avoid_immediate_adverse_move,"{""adverse_window_minutes"": 10, ""max_adverse_ticks"": 16}",delay_adverse_filter
mes_30min_require_no_stop_zone_touch_before_entry_sm1p00_tm2p50_d5_sz0p50,MES,30min,1min,dynamic_exit_mixed_ts4_vq0p95_bf0p6_ra1p5,1.0,2.5,5,require_no_stop_zone_touch_before_entry,"{""stop_zone_fraction"": 0.5}",delay_stop_zone_filter
mes_30min_require_no_stop_zone_touch_before_entry_sm1p00_tm2p50_d5_sz0p75,MES,30min,1min,dynamic_exit_mixed_ts4_vq0p95_bf0p6_ra1p5,1.0,2.5,5,require_no_stop_zone_touch_before_entry,"{""stop_zone_fraction"": 0.75}",delay_stop_zone_filter
mes_30min_require_no_stop_zone_touch_before_entry_sm1p00_tm2p50_d5_sz1p00,MES,30min,1min,dynamic_exit_mixed_ts4_vq0p95_bf0p6_ra1p5,1.0,2.5,5,require_no_stop_zone_touch_before_entry,"{""stop_zone_fraction"": 1.0}",delay_stop_zone_filter
mes_30min_avoid_immediate_adverse_move_sm1p00_tm2p50_d5_aw5_mt8,MES,30min,1min,dynamic_exit_mixed_ts4_vq0p95_bf0p6_ra1p5,1.0,2.5,5,avoid_immediate_adverse_move,"{""adverse_window_minutes"": 5, ""max_adverse_ticks"": 8}",delay_adverse_filter
mes_30min_avoid_immediate_adverse_move_sm1p00_tm2p50_d5_aw5_mt12,MES,30min,1min,dynamic_exit_mixed_ts4_vq0p95_bf0p6_ra1p5,1.0,2.5,5,avoid_immediate_adverse_move,"{""adverse_window_minutes"": 5, ""max_adverse_ticks"": 12}",delay_adverse_filter
mes_30min_avoid_immediate_adverse_move_sm1p00_tm2p50_d5_aw5_mt16,MES,30min,1min,dynamic_exit_mixed_ts4_vq0p95_bf0p6_ra1p5,1.0,2.5,5,avoid_immediate_adverse_move,"{""adverse_window_minutes"": 5, ""max_adverse_ticks"": 16}",delay_adverse_filter
mes_30min_require_no_stop_zone_touch_before_entry_sm1p00_tm2p50_d15_sz0p50,MES,30min,1min,dynamic_exit_mixed_ts4_vq0p95_bf0p6_ra1p5,1.0,2.5,15,require_no_stop_zone_touch_before_entry,"{""stop_zone_fraction"": 0.5}",delay_stop_zone_filter
mes_30min_require_no_stop_zone_touch_before_entry_sm1p00_tm2p50_d15_sz0p75,MES,30min,1min,dynamic_exit_mixed_ts4_vq0p95_bf0p6_ra1p5,1.0,2.5,15,require_no_stop_zone_touch_before_entry,"{""stop_zone_fraction"": 0.75}",delay_stop_zone_filter
mes_30min_require_no_stop_zone_touch_before_entry_sm1p00_tm2p50_d15_sz1p00,MES,30min,1min,dynamic_exit_mixed_ts4_vq0p95_bf0p6_ra1p5,1.0,2.5,15,require_no_stop_zone_touch_before_entry,"{""stop_zone_fraction"": 1.0}",delay_stop_zone_filter
mes_30min_avoid_immediate_adverse_move_sm1p00_tm2p50_d15_aw5_mt8,MES,30min,1min,dynamic_exit_mixed_ts4_vq0p95_bf0p6_ra1p5,1.0,2.5,15,avoid_immediate_adverse_move,"{""adverse_window_minutes"": 5, ""max_adverse_ticks"": 8}",delay_adverse_filter
mes_30min_avoid_immediate_adverse_move_sm1p00_tm2p50_d15_aw5_mt12,MES,30min,1min,dynamic_exit_mixed_ts4_vq0p95_bf0p6_ra1p5,1.0,2.5,15,avoid_immediate_adverse_move,"{""adverse_window_minutes"": 5, ""max_adverse_ticks"": 12}",delay_adverse_filter
mes_30min_avoid_immediate_adverse_move_sm1p00_tm2p50_d15_aw5_mt16,MES,30min,1min,dynamic_exit_mixed_ts4_vq0p95_bf0p6_ra1p5,1.0,2.5,15,avoid_immediate_adverse_move,"{""adverse_window_minutes"": 5, ""max_adverse_ticks"": 16}",delay_adverse_filter
mes_30min_avoid_immediate_adverse_move_sm1p00_tm2p50_d15_aw10_mt8,MES,30min,1min,dynamic_exit_mixed_ts4_vq0p95_bf0p6_ra1p5,1.0,2.5,15,avoid_immediate_adverse_move,"{""adverse_window_minutes"": 10, ""max_adverse_ticks"": 8}",delay_adverse_filter
mes_30min_avoid_immediate_adverse_move_sm1p00_tm2p50_d15_aw10_mt12,MES,30min,1min,dynamic_exit_mixed_ts4_vq0p95_bf0p6_ra1p5,1.0,2.5,15,avoid_immediate_adverse_move,"{""adverse_window_minutes"": 10, ""max_adverse_ticks"": 12}",delay_adverse_filter
mes_30min_avoid_immediate_adverse_move_sm1p00_tm2p50_d15_aw10_mt16,MES,30min,1min,dynamic_exit_mixed_ts4_vq0p95_bf0p6_ra1p5,1.0,2.5,15,avoid_immediate_adverse_move,"{""adverse_window_minutes"": 10, ""max_adverse_ticks"": 16}",delay_adverse_filter
mes_30min_require_no_stop_zone_touch_before_entry_sm1p00_tm2p50_d30_sz0p50,MES,30min,1min,dynamic_exit_mixed_ts4_vq0p95_bf0p6_ra1p5,1.0,2.5,30,require_no_stop_zone_touch_before_entry,"{""stop_zone_fraction"": 0.5}",delay_stop_zone_filter
mes_30min_require_no_stop_zone_touch_before_entry_sm1p00_tm2p50_d30_sz0p75,MES,30min,1min,dynamic_exit_mixed_ts4_vq0p95_bf0p6_ra1p5,1.0,2.5,30,require_no_stop_zone_touch_before_entry,"{""stop_zone_fraction"": 0.75}",delay_stop_zone_filter
mes_30min_require_no_stop_zone_touch_before_entry_sm1p00_tm2p50_d30_sz1p00,MES,30min,1min,dynamic_exit_mixed_ts4_vq0p95_bf0p6_ra1p5,1.0,2.5,30,require_no_stop_zone_touch_before_entry,"{""stop_zone_fraction"": 1.0}",delay_stop_zone_filter
mes_30min_avoid_immediate_adverse_move_sm1p00_tm2p50_d30_aw5_mt8,MES,30min,1min,dynamic_exit_mixed_ts4_vq0p95_bf0p6_ra1p5,1.0,2.5,30,avoid_immediate_adverse_move,"{""adverse_window_minutes"": 5, ""max_adverse_ticks"": 8}",delay_adverse_filter
mes_30min_avoid_immediate_adverse_move_sm1p00_tm2p50_d30_aw5_mt12,MES,30min,1min,dynamic_exit_mixed_ts4_vq0p95_bf0p6_ra1p5,1.0,2.5,30,avoid_immediate_adverse_move,"{""adverse_window_minutes"": 5, ""max_adverse_ticks"": 12}",delay_adverse_filter
mes_30min_avoid_immediate_adverse_move_sm1p00_tm2p50_d30_aw5_mt16,MES,30min,1min,dynamic_exit_mixed_ts4_vq0p95_bf0p6_ra1p5,1.0,2.5,30,avoid_immediate_adverse_move,"{""adverse_window_minutes"": 5, ""max_adverse_ticks"": 16}",delay_adverse_filter
mes_30min_avoid_immediate_adverse_move_sm1p00_tm2p50_d30_aw10_mt8,MES,30min,1min,dynamic_exit_mixed_ts4_vq0p95_bf0p6_ra1p5,1.0,2.5,30,avoid_immediate_adverse_move,"{""adverse_window_minutes"": 10, ""max_adverse_ticks"": 8}",delay_adverse_filter
mes_30min_avoid_immediate_adverse_move_sm1p00_tm2p50_d30_aw10_mt12,MES,30min,1min,dynamic_exit_mixed_ts4_vq0p95_bf0p6_ra1p5,1.0,2.5,30,avoid_immediate_adverse_move,"{""adverse_window_minutes"": 10, ""max_adverse_ticks"": 12}",delay_adverse_filter
mes_30min_avoid_immediate_adverse_move_sm1p00_tm2p50_d30_aw10_mt16,MES,30min,1min,dynamic_exit_mixed_ts4_vq0p95_bf0p6_ra1p5,1.0,2.5,30,avoid_immediate_adverse_move,"{""adverse_window_minutes"": 10, ""max_adverse_ticks"": 16}",delay_adverse_filter
mes_30min_require_no_stop_zone_touch_before_entry_sm1p00_tm3p00_d5_sz0p50,MES,30min,1min,dynamic_exit_mixed_ts4_vq0p95_bf0p6_ra1p5,1.0,3.0,5,require_no_stop_zone_touch_before_entry,"{""stop_zone_fraction"": 0.5}",delay_stop_zone_filter
mes_30min_require_no_stop_zone_touch_before_entry_sm1p00_tm3p00_d5_sz0p75,MES,30min,1min,dynamic_exit_mixed_ts4_vq0p95_bf0p6_ra1p5,1.0,3.0,5,require_no_stop_zone_touch_before_entry,"{""stop_zone_fraction"": 0.75}",delay_stop_zone_filter
mes_30min_require_no_stop_zone_touch_before_entry_sm1p00_tm3p00_d5_sz1p00,MES,30min,1min,dynamic_exit_mixed_ts4_vq0p95_bf0p6_ra1p5,1.0,3.0,5,require_no_stop_zone_touch_before_entry,"{""stop_zone_fraction"": 1.0}",delay_stop_zone_filter
mes_30min_avoid_immediate_adverse_move_sm1p00_tm3p00_d5_aw5_mt8,MES,30min,1min,dynamic_exit_mixed_ts4_vq0p95_bf0p6_ra1p5,1.0,3.0,5,avoid_immediate_adverse_move,"{""adverse_window_minutes"": 5, ""max_adverse_ticks"": 8}",delay_adverse_filter
mes_30min_avoid_immediate_adverse_move_sm1p00_tm3p00_d5_aw5_mt12,MES,30min,1min,dynamic_exit_mixed_ts4_vq0p95_bf0p6_ra1p5,1.0,3.0,5,avoid_immediate_adverse_move,"{""adverse_window_minutes"": 5, ""max_adverse_ticks"": 12}",delay_adverse_filter
mes_30min_avoid_immediate_adverse_move_sm1p00_tm3p00_d5_aw5_mt16,MES,30min,1min,dynamic_exit_mixed_ts4_vq0p95_bf0p6_ra1p5,1.0,3.0,5,avoid_immediate_adverse_move,"{""adverse_window_minutes"": 5, ""max_adverse_ticks"": 16}",delay_adverse_filter
mes_30min_require_no_stop_zone_touch_before_entry_sm1p00_tm3p00_d15_sz0p50,MES,30min,1min,dynamic_exit_mixed_ts4_vq0p95_bf0p6_ra1p5,1.0,3.0,15,require_no_stop_zone_touch_before_entry,"{""stop_zone_fraction"": 0.5}",delay_stop_zone_filter
mes_30min_require_no_stop_zone_touch_before_entry_sm1p00_tm3p00_d15_sz0p75,MES,30min,1min,dynamic_exit_mixed_ts4_vq0p95_bf0p6_ra1p5,1.0,3.0,15,require_no_stop_zone_touch_before_entry,"{""stop_zone_fraction"": 0.75}",delay_stop_zone_filter
mes_30min_require_no_stop_zone_touch_before_entry_sm1p00_tm3p00_d15_sz1p00,MES,30min,1min,dynamic_exit_mixed_ts4_vq0p95_bf0p6_ra1p5,1.0,3.0,15,require_no_stop_zone_touch_before_entry,"{""stop_zone_fraction"": 1.0}",delay_stop_zone_filter
mes_30min_avoid_immediate_adverse_move_sm1p00_tm3p00_d15_aw5_mt8,MES,30min,1min,dynamic_exit_mixed_ts4_vq0p95_bf0p6_ra1p5,1.0,3.0,15,avoid_immediate_adverse_move,"{""adverse_window_minutes"": 5, ""max_adverse_ticks"": 8}",delay_adverse_filter
mes_30min_avoid_immediate_adverse_move_sm1p00_tm3p00_d15_aw5_mt12,MES,30min,1min,dynamic_exit_mixed_ts4_vq0p95_bf0p6_ra1p5,1.0,3.0,15,avoid_immediate_adverse_move,"{""adverse_window_minutes"": 5, ""max_adverse_ticks"": 12}",delay_adverse_filter
mes_30min_avoid_immediate_adverse_move_sm1p00_tm3p00_d15_aw5_mt16,MES,30min,1min,dynamic_exit_mixed_ts4_vq0p95_bf0p6_ra1p5,1.0,3.0,15,avoid_immediate_adverse_move,"{""adverse_window_minutes"": 5, ""max_adverse_ticks"": 16}",delay_adverse_filter
mes_30min_avoid_immediate_adverse_move_sm1p00_tm3p00_d15_aw10_mt8,MES,30min,1min,dynamic_exit_mixed_ts4_vq0p95_bf0p6_ra1p5,1.0,3.0,15,avoid_immediate_adverse_move,"{""adverse_window_minutes"": 10, ""max_adverse_ticks"": 8}",delay_adverse_filter
mes_30min_avoid_immediate_adverse_move_sm1p00_tm3p00_d15_aw10_mt12,MES,30min,1min,dynamic_exit_mixed_ts4_vq0p95_bf0p6_ra1p5,1.0,3.0,15,avoid_immediate_adverse_move,"{""adverse_window_minutes"": 10, ""max_adverse_ticks"": 12}",delay_adverse_filter
mes_30min_avoid_immediate_adverse_move_sm1p00_tm3p00_d15_aw10_mt16,MES,30min,1min,dynamic_exit_mixed_ts4_vq0p95_bf0p6_ra1p5,1.0,3.0,15,avoid_immediate_adverse_move,"{""adverse_window_minutes"": 10, ""max_adverse_ticks"": 16}",delay_adverse_filter
mes_30min_require_no_stop_zone_touch_before_entry_sm1p00_tm3p00_d30_sz0p50,MES,30min,1min,dynamic_exit_mixed_ts4_vq0p95_bf0p6_ra1p5,1.0,3.0,30,require_no_stop_zone_touch_before_entry,"{""stop_zone_fraction"": 0.5}",delay_stop_zone_filter
mes_30min_require_no_stop_zone_touch_before_entry_sm1p00_tm3p00_d30_sz0p75,MES,30min,1min,dynamic_exit_mixed_ts4_vq0p95_bf0p6_ra1p5,1.0,3.0,30,require_no_stop_zone_touch_before_entry,"{""stop_zone_fraction"": 0.75}",delay_stop_zone_filter
mes_30min_require_no_stop_zone_touch_before_entry_sm1p00_tm3p00_d30_sz1p00,MES,30min,1min,dynamic_exit_mixed_ts4_vq0p95_bf0p6_ra1p5,1.0,3.0,30,require_no_stop_zone_touch_before_entry,"{""stop_zone_fraction"": 1.0}",delay_stop_zone_filter
mes_30min_avoid_immediate_adverse_move_sm1p00_tm3p00_d30_aw5_mt8,MES,30min,1min,dynamic_exit_mixed_ts4_vq0p95_bf0p6_ra1p5,1.0,3.0,30,avoid_immediate_adverse_move,"{""adverse_window_minutes"": 5, ""max_adverse_ticks"": 8}",delay_adverse_filter
mes_30min_avoid_immediate_adverse_move_sm1p00_tm3p00_d30_aw5_mt12,MES,30min,1min,dynamic_exit_mixed_ts4_vq0p95_bf0p6_ra1p5,1.0,3.0,30,avoid_immediate_adverse_move,"{""adverse_window_minutes"": 5, ""max_adverse_ticks"": 12}",delay_adverse_filter
mes_30min_avoid_immediate_adverse_move_sm1p00_tm3p00_d30_aw5_mt16,MES,30min,1min,dynamic_exit_mixed_ts4_vq0p95_bf0p6_ra1p5,1.0,3.0,30,avoid_immediate_adverse_move,"{""adverse_window_minutes"": 5, ""max_adverse_ticks"": 16}",delay_adverse_filter
mes_30min_avoid_immediate_adverse_move_sm1p00_tm3p00_d30_aw10_mt8,MES,30min,1min,dynamic_exit_mixed_ts4_vq0p95_bf0p6_ra1p5,1.0,3.0,30,avoid_immediate_adverse_move,"{""adverse_window_minutes"": 10, ""max_adverse_ticks"": 8}",delay_adverse_filter
mes_30min_avoid_immediate_adverse_move_sm1p00_tm3p00_d30_aw10_mt12,MES,30min,1min,dynamic_exit_mixed_ts4_vq0p95_bf0p6_ra1p5,1.0,3.0,30,avoid_immediate_adverse_move,"{""adverse_window_minutes"": 10, ""max_adverse_ticks"": 12}",delay_adverse_filter
mes_30min_avoid_immediate_adverse_move_sm1p00_tm3p00_d30_aw10_mt16,MES,30min,1min,dynamic_exit_mixed_ts4_vq0p95_bf0p6_ra1p5,1.0,3.0,30,avoid_immediate_adverse_move,"{""adverse_window_minutes"": 10, ""max_adverse_ticks"": 16}",delay_adverse_filter
mes_30min_require_no_stop_zone_touch_before_entry_sm1p25_tm2p00_d5_sz0p50,MES,30min,1min,dynamic_exit_mixed_ts4_vq0p95_bf0p6_ra1p5,1.25,2.0,5,require_no_stop_zone_touch_before_entry,"{""stop_zone_fraction"": 0.5}",delay_stop_zone_filter
mes_30min_require_no_stop_zone_touch_before_entry_sm1p25_tm2p00_d5_sz0p75,MES,30min,1min,dynamic_exit_mixed_ts4_vq0p95_bf0p6_ra1p5,1.25,2.0,5,require_no_stop_zone_touch_before_entry,"{""stop_zone_fraction"": 0.75}",delay_stop_zone_filter
mes_30min_require_no_stop_zone_touch_before_entry_sm1p25_tm2p00_d5_sz1p00,MES,30min,1min,dynamic_exit_mixed_ts4_vq0p95_bf0p6_ra1p5,1.25,2.0,5,require_no_stop_zone_touch_before_entry,"{""stop_zone_fraction"": 1.0}",delay_stop_zone_filter
mes_30min_avoid_immediate_adverse_move_sm1p25_tm2p00_d5_aw5_mt8,MES,30min,1min,dynamic_exit_mixed_ts4_vq0p95_bf0p6_ra1p5,1.25,2.0,5,avoid_immediate_adverse_move,"{""adverse_window_minutes"": 5, ""max_adverse_ticks"": 8}",delay_adverse_filter
mes_30min_avoid_immediate_adverse_move_sm1p25_tm2p00_d5_aw5_mt12,MES,30min,1min,dynamic_exit_mixed_ts4_vq0p95_bf0p6_ra1p5,1.25,2.0,5,avoid_immediate_adverse_move,"{""adverse_window_minutes"": 5, ""max_adverse_ticks"": 12}",delay_adverse_filter
mes_30min_avoid_immediate_adverse_move_sm1p25_tm2p00_d5_aw5_mt16,MES,30min,1min,dynamic_exit_mixed_ts4_vq0p95_bf0p6_ra1p5,1.25,2.0,5,avoid_immediate_adverse_move,"{""adverse_window_minutes"": 5, ""max_adverse_ticks"": 16}",delay_adverse_filter
mes_30min_require_no_stop_zone_touch_before_entry_sm1p25_tm2p00_d15_sz0p50,MES,30min,1min,dynamic_exit_mixed_ts4_vq0p95_bf0p6_ra1p5,1.25,2.0,15,require_no_stop_zone_touch_before_entry,"{""stop_zone_fraction"": 0.5}",delay_stop_zone_filter
mes_30min_require_no_stop_zone_touch_before_entry_sm1p25_tm2p00_d15_sz0p75,MES,30min,1min,dynamic_exit_mixed_ts4_vq0p95_bf0p6_ra1p5,1.25,2.0,15,require_no_stop_zone_touch_before_entry,"{""stop_zone_fraction"": 0.75}",delay_stop_zone_filter
mes_30min_require_no_stop_zone_touch_before_entry_sm1p25_tm2p00_d15_sz1p00,MES,30min,1min,dynamic_exit_mixed_ts4_vq0p95_bf0p6_ra1p5,1.25,2.0,15,require_no_stop_zone_touch_before_entry,"{""stop_zone_fraction"": 1.0}",delay_stop_zone_filter
mes_30min_avoid_immediate_adverse_move_sm1p25_tm2p00_d15_aw5_mt8,MES,30min,1min,dynamic_exit_mixed_ts4_vq0p95_bf0p6_ra1p5,1.25,2.0,15,avoid_immediate_adverse_move,"{""adverse_window_minutes"": 5, ""max_adverse_ticks"": 8}",delay_adverse_filter
mes_30min_avoid_immediate_adverse_move_sm1p25_tm2p00_d15_aw5_mt12,MES,30min,1min,dynamic_exit_mixed_ts4_vq0p95_bf0p6_ra1p5,1.25,2.0,15,avoid_immediate_adverse_move,"{""adverse_window_minutes"": 5, ""max_adverse_ticks"": 12}",delay_adverse_filter
mes_30min_avoid_immediate_adverse_move_sm1p25_tm2p00_d15_aw5_mt16,MES,30min,1min,dynamic_exit_mixed_ts4_vq0p95_bf0p6_ra1p5,1.25,2.0,15,avoid_immediate_adverse_move,"{""adverse_window_minutes"": 5, ""max_adverse_ticks"": 16}",delay_adverse_filter
mes_30min_avoid_immediate_adverse_move_sm1p25_tm2p00_d15_aw10_mt8,MES,30min,1min,dynamic_exit_mixed_ts4_vq0p95_bf0p6_ra1p5,1.25,2.0,15,avoid_immediate_adverse_move,"{""adverse_window_minutes"": 10, ""max_adverse_ticks"": 8}",delay_adverse_filter
mes_30min_avoid_immediate_adverse_move_sm1p25_tm2p00_d15_aw10_mt12,MES,30min,1min,dynamic_exit_mixed_ts4_vq0p95_bf0p6_ra1p5,1.25,2.0,15,avoid_immediate_adverse_move,"{""adverse_window_minutes"": 10, ""max_adverse_ticks"": 12}",delay_adverse_filter
mes_30min_avoid_immediate_adverse_move_sm1p25_tm2p00_d15_aw10_mt16,MES,30min,1min,dynamic_exit_mixed_ts4_vq0p95_bf0p6_ra1p5,1.25,2.0,15,avoid_immediate_adverse_move,"{""adverse_window_minutes"": 10, ""max_adverse_ticks"": 16}",delay_adverse_filter
mes_30min_require_no_stop_zone_touch_before_entry_sm1p25_tm2p00_d30_sz0p50,MES,30min,1min,dynamic_exit_mixed_ts4_vq0p95_bf0p6_ra1p5,1.25,2.0,30,require_no_stop_zone_touch_before_entry,"{""stop_zone_fraction"": 0.5}",delay_stop_zone_filter
mes_30min_require_no_stop_zone_touch_before_entry_sm1p25_tm2p00_d30_sz0p75,MES,30min,1min,dynamic_exit_mixed_ts4_vq0p95_bf0p6_ra1p5,1.25,2.0,30,require_no_stop_zone_touch_before_entry,"{""stop_zone_fraction"": 0.75}",delay_stop_zone_filter
mes_30min_require_no_stop_zone_touch_before_entry_sm1p25_tm2p00_d30_sz1p00,MES,30min,1min,dynamic_exit_mixed_ts4_vq0p95_bf0p6_ra1p5,1.25,2.0,30,require_no_stop_zone_touch_before_entry,"{""stop_zone_fraction"": 1.0}",delay_stop_zone_filter
mes_30min_avoid_immediate_adverse_move_sm1p25_tm2p00_d30_aw5_mt8,MES,30min,1min,dynamic_exit_mixed_ts4_vq0p95_bf0p6_ra1p5,1.25,2.0,30,avoid_immediate_adverse_move,"{""adverse_window_minutes"": 5, ""max_adverse_ticks"": 8}",delay_adverse_filter
mes_30min_avoid_immediate_adverse_move_sm1p25_tm2p00_d30_aw5_mt12,MES,30min,1min,dynamic_exit_mixed_ts4_vq0p95_bf0p6_ra1p5,1.25,2.0,30,avoid_immediate_adverse_move,"{""adverse_window_minutes"": 5, ""max_adverse_ticks"": 12}",delay_adverse_filter
mes_30min_avoid_immediate_adverse_move_sm1p25_tm2p00_d30_aw5_mt16,MES,30min,1min,dynamic_exit_mixed_ts4_vq0p95_bf0p6_ra1p5,1.25,2.0,30,avoid_immediate_adverse_move,"{""adverse_window_minutes"": 5, ""max_adverse_ticks"": 16}",delay_adverse_filter
mes_30min_avoid_immediate_adverse_move_sm1p25_tm2p00_d30_aw10_mt8,MES,30min,1min,dynamic_exit_mixed_ts4_vq0p95_bf0p6_ra1p5,1.25,2.0,30,avoid_immediate_adverse_move,"{""adverse_window_minutes"": 10, ""max_adverse_ticks"": 8}",delay_adverse_filter
mes_30min_avoid_immediate_adverse_move_sm1p25_tm2p00_d30_aw10_mt12,MES,30min,1min,dynamic_exit_mixed_ts4_vq0p95_bf0p6_ra1p5,1.25,2.0,30,avoid_immediate_adverse_move,"{""adverse_window_minutes"": 10, ""max_adverse_ticks"": 12}",delay_adverse_filter
mes_30min_avoid_immediate_adverse_move_sm1p25_tm2p00_d30_aw10_mt16,MES,30min,1min,dynamic_exit_mixed_ts4_vq0p95_bf0p6_ra1p5,1.25,2.0,30,avoid_immediate_adverse_move,"{""adverse_window_minutes"": 10, ""max_adverse_ticks"": 16}",delay_adverse_filter
mes_30min_require_no_stop_zone_touch_before_entry_sm1p25_tm2p50_d5_sz0p50,MES,30min,1min,dynamic_exit_mixed_ts4_vq0p95_bf0p6_ra1p5,1.25,2.5,5,require_no_stop_zone_touch_before_entry,"{""stop_zone_fraction"": 0.5}",delay_stop_zone_filter
mes_30min_require_no_stop_zone_touch_before_entry_sm1p25_tm2p50_d5_sz0p75,MES,30min,1min,dynamic_exit_mixed_ts4_vq0p95_bf0p6_ra1p5,1.25,2.5,5,require_no_stop_zone_touch_before_entry,"{""stop_zone_fraction"": 0.75}",delay_stop_zone_filter
mes_30min_require_no_stop_zone_touch_before_entry_sm1p25_tm2p50_d5_sz1p00,MES,30min,1min,dynamic_exit_mixed_ts4_vq0p95_bf0p6_ra1p5,1.25,2.5,5,require_no_stop_zone_touch_before_entry,"{""stop_zone_fraction"": 1.0}",delay_stop_zone_filter
mes_30min_avoid_immediate_adverse_move_sm1p25_tm2p50_d5_aw5_mt8,MES,30min,1min,dynamic_exit_mixed_ts4_vq0p95_bf0p6_ra1p5,1.25,2.5,5,avoid_immediate_adverse_move,"{""adverse_window_minutes"": 5, ""max_adverse_ticks"": 8}",delay_adverse_filter
mes_30min_avoid_immediate_adverse_move_sm1p25_tm2p50_d5_aw5_mt12,MES,30min,1min,dynamic_exit_mixed_ts4_vq0p95_bf0p6_ra1p5,1.25,2.5,5,avoid_immediate_adverse_move,"{""adverse_window_minutes"": 5, ""max_adverse_ticks"": 12}",delay_adverse_filter
mes_30min_avoid_immediate_adverse_move_sm1p25_tm2p50_d5_aw5_mt16,MES,30min,1min,dynamic_exit_mixed_ts4_vq0p95_bf0p6_ra1p5,1.25,2.5,5,avoid_immediate_adverse_move,"{""adverse_window_minutes"": 5, ""max_adverse_ticks"": 16}",delay_adverse_filter
mes_30min_require_no_stop_zone_touch_before_entry_sm1p25_tm2p50_d15_sz0p50,MES,30min,1min,dynamic_exit_mixed_ts4_vq0p95_bf0p6_ra1p5,1.25,2.5,15,require_no_stop_zone_touch_before_entry,"{""stop_zone_fraction"": 0.5}",delay_stop_zone_filter
mes_30min_require_no_stop_zone_touch_before_entry_sm1p25_tm2p50_d15_sz0p75,MES,30min,1min,dynamic_exit_mixed_ts4_vq0p95_bf0p6_ra1p5,1.25,2.5,15,require_no_stop_zone_touch_before_entry,"{""stop_zone_fraction"": 0.75}",delay_stop_zone_filter
mes_30min_require_no_stop_zone_touch_before_entry_sm1p25_tm2p50_d15_sz1p00,MES,30min,1min,dynamic_exit_mixed_ts4_vq0p95_bf0p6_ra1p5,1.25,2.5,15,require_no_stop_zone_touch_before_entry,"{""stop_zone_fraction"": 1.0}",delay_stop_zone_filter
mes_30min_avoid_immediate_adverse_move_sm1p25_tm2p50_d15_aw5_mt8,MES,30min,1min,dynamic_exit_mixed_ts4_vq0p95_bf0p6_ra1p5,1.25,2.5,15,avoid_immediate_adverse_move,"{""adverse_window_minutes"": 5, ""max_adverse_ticks"": 8}",delay_adverse_filter
mes_30min_avoid_immediate_adverse_move_sm1p25_tm2p50_d15_aw5_mt12,MES,30min,1min,dynamic_exit_mixed_ts4_vq0p95_bf0p6_ra1p5,1.25,2.5,15,avoid_immediate_adverse_move,"{""adverse_window_minutes"": 5, ""max_adverse_ticks"": 12}",delay_adverse_filter
mes_30min_avoid_immediate_adverse_move_sm1p25_tm2p50_d15_aw5_mt16,MES,30min,1min,dynamic_exit_mixed_ts4_vq0p95_bf0p6_ra1p5,1.25,2.5,15,avoid_immediate_adverse_move,"{""adverse_window_minutes"": 5, ""max_adverse_ticks"": 16}",delay_adverse_filter
mes_30min_avoid_immediate_adverse_move_sm1p25_tm2p50_d15_aw10_mt8,MES,30min,1min,dynamic_exit_mixed_ts4_vq0p95_bf0p6_ra1p5,1.25,2.5,15,avoid_immediate_adverse_move,"{""adverse_window_minutes"": 10, ""max_adverse_ticks"": 8}",delay_adverse_filter
mes_30min_avoid_immediate_adverse_move_sm1p25_tm2p50_d15_aw10_mt12,MES,30min,1min,dynamic_exit_mixed_ts4_vq0p95_bf0p6_ra1p5,1.25,2.5,15,avoid_immediate_adverse_move,"{""adverse_window_minutes"": 10, ""max_adverse_ticks"": 12}",delay_adverse_filter
mes_30min_avoid_immediate_adverse_move_sm1p25_tm2p50_d15_aw10_mt16,MES,30min,1min,dynamic_exit_mixed_ts4_vq0p95_bf0p6_ra1p5,1.25,2.5,15,avoid_immediate_adverse_move,"{""adverse_window_minutes"": 10, ""max_adverse_ticks"": 16}",delay_adverse_filter
mes_30min_require_no_stop_zone_touch_before_entry_sm1p25_tm2p50_d30_sz0p50,MES,30min,1min,dynamic_exit_mixed_ts4_vq0p95_bf0p6_ra1p5,1.25,2.5,30,require_no_stop_zone_touch_before_entry,"{""stop_zone_fraction"": 0.5}",delay_stop_zone_filter
mes_30min_require_no_stop_zone_touch_before_entry_sm1p25_tm2p50_d30_sz0p75,MES,30min,1min,dynamic_exit_mixed_ts4_vq0p95_bf0p6_ra1p5,1.25,2.5,30,require_no_stop_zone_touch_before_entry,"{""stop_zone_fraction"": 0.75}",delay_stop_zone_filter
mes_30min_require_no_stop_zone_touch_before_entry_sm1p25_tm2p50_d30_sz1p00,MES,30min,1min,dynamic_exit_mixed_ts4_vq0p95_bf0p6_ra1p5,1.25,2.5,30,require_no_stop_zone_touch_before_entry,"{""stop_zone_fraction"": 1.0}",delay_stop_zone_filter
mes_30min_avoid_immediate_adverse_move_sm1p25_tm2p50_d30_aw5_mt8,MES,30min,1min,dynamic_exit_mixed_ts4_vq0p95_bf0p6_ra1p5,1.25,2.5,30,avoid_immediate_adverse_move,"{""adverse_window_minutes"": 5, ""max_adverse_ticks"": 8}",delay_adverse_filter
mes_30min_avoid_immediate_adverse_move_sm1p25_tm2p50_d30_aw5_mt12,MES,30min,1min,dynamic_exit_mixed_ts4_vq0p95_bf0p6_ra1p5,1.25,2.5,30,avoid_immediate_adverse_move,"{""adverse_window_minutes"": 5, ""max_adverse_ticks"": 12}",delay_adverse_filter
mes_30min_avoid_immediate_adverse_move_sm1p25_tm2p50_d30_aw5_mt16,MES,30min,1min,dynamic_exit_mixed_ts4_vq0p95_bf0p6_ra1p5,1.25,2.5,30,avoid_immediate_adverse_move,"{""adverse_window_minutes"": 5, ""max_adverse_ticks"": 16}",delay_adverse_filter
mes_30min_avoid_immediate_adverse_move_sm1p25_tm2p50_d30_aw10_mt8,MES,30min,1min,dynamic_exit_mixed_ts4_vq0p95_bf0p6_ra1p5,1.25,2.5,30,avoid_immediate_adverse_move,"{""adverse_window_minutes"": 10, ""max_adverse_ticks"": 8}",delay_adverse_filter
mes_30min_avoid_immediate_adverse_move_sm1p25_tm2p50_d30_aw10_mt12,MES,30min,1min,dynamic_exit_mixed_ts4_vq0p95_bf0p6_ra1p5,1.25,2.5,30,avoid_immediate_adverse_move,"{""adverse_window_minutes"": 10, ""max_adverse_ticks"": 12}",delay_adverse_filter
mes_30min_avoid_immediate_adverse_move_sm1p25_tm2p50_d30_aw10_mt16,MES,30min,1min,dynamic_exit_mixed_ts4_vq0p95_bf0p6_ra1p5,1.25,2.5,30,avoid_immediate_adverse_move,"{""adverse_window_minutes"": 10, ""max_adverse_ticks"": 16}",delay_adverse_filter
mes_30min_require_no_stop_zone_touch_before_entry_sm1p25_tm3p00_d5_sz0p50,MES,30min,1min,dynamic_exit_mixed_ts4_vq0p95_bf0p6_ra1p5,1.25,3.0,5,require_no_stop_zone_touch_before_entry,"{""stop_zone_fraction"": 0.5}",delay_stop_zone_filter
mes_30min_require_no_stop_zone_touch_before_entry_sm1p25_tm3p00_d5_sz0p75,MES,30min,1min,dynamic_exit_mixed_ts4_vq0p95_bf0p6_ra1p5,1.25,3.0,5,require_no_stop_zone_touch_before_entry,"{""stop_zone_fraction"": 0.75}",delay_stop_zone_filter
mes_30min_require_no_stop_zone_touch_before_entry_sm1p25_tm3p00_d5_sz1p00,MES,30min,1min,dynamic_exit_mixed_ts4_vq0p95_bf0p6_ra1p5,1.25,3.0,5,require_no_stop_zone_touch_before_entry,"{""stop_zone_fraction"": 1.0}",delay_stop_zone_filter
mes_30min_avoid_immediate_adverse_move_sm1p25_tm3p00_d5_aw5_mt8,MES,30min,1min,dynamic_exit_mixed_ts4_vq0p95_bf0p6_ra1p5,1.25,3.0,5,avoid_immediate_adverse_move,"{""adverse_window_minutes"": 5, ""max_adverse_ticks"": 8}",delay_adverse_filter
mes_30min_avoid_immediate_adverse_move_sm1p25_tm3p00_d5_aw5_mt12,MES,30min,1min,dynamic_exit_mixed_ts4_vq0p95_bf0p6_ra1p5,1.25,3.0,5,avoid_immediate_adverse_move,"{""adverse_window_minutes"": 5, ""max_adverse_ticks"": 12}",delay_adverse_filter
mes_30min_avoid_immediate_adverse_move_sm1p25_tm3p00_d5_aw5_mt16,MES,30min,1min,dynamic_exit_mixed_ts4_vq0p95_bf0p6_ra1p5,1.25,3.0,5,avoid_immediate_adverse_move,"{""adverse_window_minutes"": 5, ""max_adverse_ticks"": 16}",delay_adverse_filter
mes_30min_require_no_stop_zone_touch_before_entry_sm1p25_tm3p00_d15_sz0p50,MES,30min,1min,dynamic_exit_mixed_ts4_vq0p95_bf0p6_ra1p5,1.25,3.0,15,require_no_stop_zone_touch_before_entry,"{""stop_zone_fraction"": 0.5}",delay_stop_zone_filter
mes_30min_require_no_stop_zone_touch_before_entry_sm1p25_tm3p00_d15_sz0p75,MES,30min,1min,dynamic_exit_mixed_ts4_vq0p95_bf0p6_ra1p5,1.25,3.0,15,require_no_stop_zone_touch_before_entry,"{""stop_zone_fraction"": 0.75}",delay_stop_zone_filter
mes_30min_require_no_stop_zone_touch_before_entry_sm1p25_tm3p00_d15_sz1p00,MES,30min,1min,dynamic_exit_mixed_ts4_vq0p95_bf0p6_ra1p5,1.25,3.0,15,require_no_stop_zone_touch_before_entry,"{""stop_zone_fraction"": 1.0}",delay_stop_zone_filter
mes_30min_avoid_immediate_adverse_move_sm1p25_tm3p00_d15_aw5_mt8,MES,30min,1min,dynamic_exit_mixed_ts4_vq0p95_bf0p6_ra1p5,1.25,3.0,15,avoid_immediate_adverse_move,"{""adverse_window_minutes"": 5, ""max_adverse_ticks"": 8}",delay_adverse_filter
mes_30min_avoid_immediate_adverse_move_sm1p25_tm3p00_d15_aw5_mt12,MES,30min,1min,dynamic_exit_mixed_ts4_vq0p95_bf0p6_ra1p5,1.25,3.0,15,avoid_immediate_adverse_move,"{""adverse_window_minutes"": 5, ""max_adverse_ticks"": 12}",delay_adverse_filter
mes_30min_avoid_immediate_adverse_move_sm1p25_tm3p00_d15_aw5_mt16,MES,30min,1min,dynamic_exit_mixed_ts4_vq0p95_bf0p6_ra1p5,1.25,3.0,15,avoid_immediate_adverse_move,"{""adverse_window_minutes"": 5, ""max_adverse_ticks"": 16}",delay_adverse_filter
mes_30min_avoid_immediate_adverse_move_sm1p25_tm3p00_d15_aw10_mt8,MES,30min,1min,dynamic_exit_mixed_ts4_vq0p95_bf0p6_ra1p5,1.25,3.0,15,avoid_immediate_adverse_move,"{""adverse_window_minutes"": 10, ""max_adverse_ticks"": 8}",delay_adverse_filter
mes_30min_avoid_immediate_adverse_move_sm1p25_tm3p00_d15_aw10_mt12,MES,30min,1min,dynamic_exit_mixed_ts4_vq0p95_bf0p6_ra1p5,1.25,3.0,15,avoid_immediate_adverse_move,"{""adverse_window_minutes"": 10, ""max_adverse_ticks"": 12}",delay_adverse_filter
mes_30min_avoid_immediate_adverse_move_sm1p25_tm3p00_d15_aw10_mt16,MES,30min,1min,dynamic_exit_mixed_ts4_vq0p95_bf0p6_ra1p5,1.25,3.0,15,avoid_immediate_adverse_move,"{""adverse_window_minutes"": 10, ""max_adverse_ticks"": 16}",delay_adverse_filter
mes_30min_require_no_stop_zone_touch_before_entry_sm1p25_tm3p00_d30_sz0p50,MES,30min,1min,dynamic_exit_mixed_ts4_vq0p95_bf0p6_ra1p5,1.25,3.0,30,require_no_stop_zone_touch_before_entry,"{""stop_zone_fraction"": 0.5}",delay_stop_zone_filter
mes_30min_require_no_stop_zone_touch_before_entry_sm1p25_tm3p00_d30_sz0p75,MES,30min,1min,dynamic_exit_mixed_ts4_vq0p95_bf0p6_ra1p5,1.25,3.0,30,require_no_stop_zone_touch_before_entry,"{""stop_zone_fraction"": 0.75}",delay_stop_zone_filter
mes_30min_require_no_stop_zone_touch_before_entry_sm1p25_tm3p00_d30_sz1p00,MES,30min,1min,dynamic_exit_mixed_ts4_vq0p95_bf0p6_ra1p5,1.25,3.0,30,require_no_stop_zone_touch_before_entry,"{""stop_zone_fraction"": 1.0}",delay_stop_zone_filter
mes_30min_avoid_immediate_adverse_move_sm1p25_tm3p00_d30_aw5_mt8,MES,30min,1min,dynamic_exit_mixed_ts4_vq0p95_bf0p6_ra1p5,1.25,3.0,30,avoid_immediate_adverse_move,"{""adverse_window_minutes"": 5, ""max_adverse_ticks"": 8}",delay_adverse_filter
mes_30min_avoid_immediate_adverse_move_sm1p25_tm3p00_d30_aw5_mt12,MES,30min,1min,dynamic_exit_mixed_ts4_vq0p95_bf0p6_ra1p5,1.25,3.0,30,avoid_immediate_adverse_move,"{""adverse_window_minutes"": 5, ""max_adverse_ticks"": 12}",delay_adverse_filter
mes_30min_avoid_immediate_adverse_move_sm1p25_tm3p00_d30_aw5_mt16,MES,30min,1min,dynamic_exit_mixed_ts4_vq0p95_bf0p6_ra1p5,1.25,3.0,30,avoid_immediate_adverse_move,"{""adverse_window_minutes"": 5, ""max_adverse_ticks"": 16}",delay_adverse_filter
mes_30min_avoid_immediate_adverse_move_sm1p25_tm3p00_d30_aw10_mt8,MES,30min,1min,dynamic_exit_mixed_ts4_vq0p95_bf0p6_ra1p5,1.25,3.0,30,avoid_immediate_adverse_move,"{""adverse_window_minutes"": 10, ""max_adverse_ticks"": 8}",delay_adverse_filter
mes_30min_avoid_immediate_adverse_move_sm1p25_tm3p00_d30_aw10_mt12,MES,30min,1min,dynamic_exit_mixed_ts4_vq0p95_bf0p6_ra1p5,1.25,3.0,30,avoid_immediate_adverse_move,"{""adverse_window_minutes"": 10, ""max_adverse_ticks"": 12}",delay_adverse_filter
mes_30min_avoid_immediate_adverse_move_sm1p25_tm3p00_d30_aw10_mt16,MES,30min,1min,dynamic_exit_mixed_ts4_vq0p95_bf0p6_ra1p5,1.25,3.0,30,avoid_immediate_adverse_move,"{""adverse_window_minutes"": 10, ""max_adverse_ticks"": 16}",delay_adverse_filter
mes_1h_none_sm1p00_tm1p00_d0,MES,1H,1min,dynamic_exit_mixed_ts4_vq0p95_bf0p6_ra1p5,1.0,1.0,0,none,{},raw_hybrid
mes_1h_none_sm1p00_tm1p00_d5,MES,1H,1min,dynamic_exit_mixed_ts4_vq0p95_bf0p6_ra1p5,1.0,1.0,5,none,{},delay_only
mes_1h_none_sm1p00_tm1p00_d15,MES,1H,1min,dynamic_exit_mixed_ts4_vq0p95_bf0p6_ra1p5,1.0,1.0,15,none,{},delay_only
mes_1h_none_sm1p00_tm1p00_d30,MES,1H,1min,dynamic_exit_mixed_ts4_vq0p95_bf0p6_ra1p5,1.0,1.0,30,none,{},delay_only
mes_1h_none_sm0p75_tm1p50_d0,MES,1H,1min,dynamic_exit_mixed_ts4_vq0p95_bf0p6_ra1p5,0.75,1.5,0,none,{},stop_target_recalibration
mes_1h_none_sm0p75_tm1p50_d5,MES,1H,1min,dynamic_exit_mixed_ts4_vq0p95_bf0p6_ra1p5,0.75,1.5,5,none,{},delay_stop_target
mes_1h_none_sm0p75_tm1p50_d15,MES,1H,1min,dynamic_exit_mixed_ts4_vq0p95_bf0p6_ra1p5,0.75,1.5,15,none,{},delay_stop_target
mes_1h_none_sm0p75_tm1p50_d30,MES,1H,1min,dynamic_exit_mixed_ts4_vq0p95_bf0p6_ra1p5,0.75,1.5,30,none,{},delay_stop_target
mes_1h_none_sm0p75_tm2p00_d0,MES,1H,1min,dynamic_exit_mixed_ts4_vq0p95_bf0p6_ra1p5,0.75,2.0,0,none,{},stop_target_recalibration
mes_1h_none_sm0p75_tm2p00_d5,MES,1H,1min,dynamic_exit_mixed_ts4_vq0p95_bf0p6_ra1p5,0.75,2.0,5,none,{},delay_stop_target
mes_1h_none_sm0p75_tm2p00_d15,MES,1H,1min,dynamic_exit_mixed_ts4_vq0p95_bf0p6_ra1p5,0.75,2.0,15,none,{},delay_stop_target
mes_1h_none_sm0p75_tm2p00_d30,MES,1H,1min,dynamic_exit_mixed_ts4_vq0p95_bf0p6_ra1p5,0.75,2.0,30,none,{},delay_stop_target
mes_1h_none_sm0p75_tm2p50_d0,MES,1H,1min,dynamic_exit_mixed_ts4_vq0p95_bf0p6_ra1p5,0.75,2.5,0,none,{},stop_target_recalibration
mes_1h_none_sm0p75_tm2p50_d5,MES,1H,1min,dynamic_exit_mixed_ts4_vq0p95_bf0p6_ra1p5,0.75,2.5,5,none,{},delay_stop_target
mes_1h_none_sm0p75_tm2p50_d15,MES,1H,1min,dynamic_exit_mixed_ts4_vq0p95_bf0p6_ra1p5,0.75,2.5,15,none,{},delay_stop_target
mes_1h_none_sm0p75_tm2p50_d30,MES,1H,1min,dynamic_exit_mixed_ts4_vq0p95_bf0p6_ra1p5,0.75,2.5,30,none,{},delay_stop_target
mes_1h_none_sm0p75_tm3p00_d0,MES,1H,1min,dynamic_exit_mixed_ts4_vq0p95_bf0p6_ra1p5,0.75,3.0,0,none,{},stop_target_recalibration
mes_1h_none_sm0p75_tm3p00_d5,MES,1H,1min,dynamic_exit_mixed_ts4_vq0p95_bf0p6_ra1p5,0.75,3.0,5,none,{},delay_stop_target
mes_1h_none_sm0p75_tm3p00_d15,MES,1H,1min,dynamic_exit_mixed_ts4_vq0p95_bf0p6_ra1p5,0.75,3.0,15,none,{},delay_stop_target
mes_1h_none_sm0p75_tm3p00_d30,MES,1H,1min,dynamic_exit_mixed_ts4_vq0p95_bf0p6_ra1p5,0.75,3.0,30,none,{},delay_stop_target
mes_1h_none_sm1p00_tm1p50_d0,MES,1H,1min,dynamic_exit_mixed_ts4_vq0p95_bf0p6_ra1p5,1.0,1.5,0,none,{},stop_target_recalibration
mes_1h_none_sm1p00_tm1p50_d5,MES,1H,1min,dynamic_exit_mixed_ts4_vq0p95_bf0p6_ra1p5,1.0,1.5,5,none,{},delay_stop_target
mes_1h_none_sm1p00_tm1p50_d15,MES,1H,1min,dynamic_exit_mixed_ts4_vq0p95_bf0p6_ra1p5,1.0,1.5,15,none,{},delay_stop_target
mes_1h_none_sm1p00_tm1p50_d30,MES,1H,1min,dynamic_exit_mixed_ts4_vq0p95_bf0p6_ra1p5,1.0,1.5,30,none,{},delay_stop_target
mes_1h_none_sm1p00_tm2p00_d0,MES,1H,1min,dynamic_exit_mixed_ts4_vq0p95_bf0p6_ra1p5,1.0,2.0,0,none,{},stop_target_recalibration
mes_1h_none_sm1p00_tm2p00_d5,MES,1H,1min,dynamic_exit_mixed_ts4_vq0p95_bf0p6_ra1p5,1.0,2.0,5,none,{},delay_stop_target
mes_1h_none_sm1p00_tm2p00_d15,MES,1H,1min,dynamic_exit_mixed_ts4_vq0p95_bf0p6_ra1p5,1.0,2.0,15,none,{},delay_stop_target
mes_1h_none_sm1p00_tm2p00_d30,MES,1H,1min,dynamic_exit_mixed_ts4_vq0p95_bf0p6_ra1p5,1.0,2.0,30,none,{},delay_stop_target
mes_1h_none_sm1p00_tm2p50_d0,MES,1H,1min,dynamic_exit_mixed_ts4_vq0p95_bf0p6_ra1p5,1.0,2.5,0,none,{},stop_target_recalibration
mes_1h_none_sm1p00_tm2p50_d5,MES,1H,1min,dynamic_exit_mixed_ts4_vq0p95_bf0p6_ra1p5,1.0,2.5,5,none,{},delay_stop_target
mes_1h_none_sm1p00_tm2p50_d15,MES,1H,1min,dynamic_exit_mixed_ts4_vq0p95_bf0p6_ra1p5,1.0,2.5,15,none,{},delay_stop_target
mes_1h_none_sm1p00_tm2p50_d30,MES,1H,1min,dynamic_exit_mixed_ts4_vq0p95_bf0p6_ra1p5,1.0,2.5,30,none,{},delay_stop_target
mes_1h_none_sm1p00_tm3p00_d0,MES,1H,1min,dynamic_exit_mixed_ts4_vq0p95_bf0p6_ra1p5,1.0,3.0,0,none,{},stop_target_recalibration
mes_1h_none_sm1p00_tm3p00_d5,MES,1H,1min,dynamic_exit_mixed_ts4_vq0p95_bf0p6_ra1p5,1.0,3.0,5,none,{},delay_stop_target
mes_1h_none_sm1p00_tm3p00_d15,MES,1H,1min,dynamic_exit_mixed_ts4_vq0p95_bf0p6_ra1p5,1.0,3.0,15,none,{},delay_stop_target
mes_1h_none_sm1p00_tm3p00_d30,MES,1H,1min,dynamic_exit_mixed_ts4_vq0p95_bf0p6_ra1p5,1.0,3.0,30,none,{},delay_stop_target
mes_1h_none_sm1p25_tm1p50_d0,MES,1H,1min,dynamic_exit_mixed_ts4_vq0p95_bf0p6_ra1p5,1.25,1.5,0,none,{},stop_target_recalibration
mes_1h_none_sm1p25_tm1p50_d5,MES,1H,1min,dynamic_exit_mixed_ts4_vq0p95_bf0p6_ra1p5,1.25,1.5,5,none,{},delay_stop_target
mes_1h_none_sm1p25_tm1p50_d15,MES,1H,1min,dynamic_exit_mixed_ts4_vq0p95_bf0p6_ra1p5,1.25,1.5,15,none,{},delay_stop_target
mes_1h_none_sm1p25_tm1p50_d30,MES,1H,1min,dynamic_exit_mixed_ts4_vq0p95_bf0p6_ra1p5,1.25,1.5,30,none,{},delay_stop_target
mes_1h_none_sm1p25_tm2p00_d0,MES,1H,1min,dynamic_exit_mixed_ts4_vq0p95_bf0p6_ra1p5,1.25,2.0,0,none,{},stop_target_recalibration
mes_1h_none_sm1p25_tm2p00_d5,MES,1H,1min,dynamic_exit_mixed_ts4_vq0p95_bf0p6_ra1p5,1.25,2.0,5,none,{},delay_stop_target
mes_1h_none_sm1p25_tm2p00_d15,MES,1H,1min,dynamic_exit_mixed_ts4_vq0p95_bf0p6_ra1p5,1.25,2.0,15,none,{},delay_stop_target
mes_1h_none_sm1p25_tm2p00_d30,MES,1H,1min,dynamic_exit_mixed_ts4_vq0p95_bf0p6_ra1p5,1.25,2.0,30,none,{},delay_stop_target
mes_1h_none_sm1p25_tm2p50_d0,MES,1H,1min,dynamic_exit_mixed_ts4_vq0p95_bf0p6_ra1p5,1.25,2.5,0,none,{},stop_target_recalibration
mes_1h_none_sm1p25_tm2p50_d5,MES,1H,1min,dynamic_exit_mixed_ts4_vq0p95_bf0p6_ra1p5,1.25,2.5,5,none,{},delay_stop_target
mes_1h_none_sm1p25_tm2p50_d15,MES,1H,1min,dynamic_exit_mixed_ts4_vq0p95_bf0p6_ra1p5,1.25,2.5,15,none,{},delay_stop_target
mes_1h_none_sm1p25_tm2p50_d30,MES,1H,1min,dynamic_exit_mixed_ts4_vq0p95_bf0p6_ra1p5,1.25,2.5,30,none,{},delay_stop_target
mes_1h_none_sm1p25_tm3p00_d0,MES,1H,1min,dynamic_exit_mixed_ts4_vq0p95_bf0p6_ra1p5,1.25,3.0,0,none,{},stop_target_recalibration
mes_1h_none_sm1p25_tm3p00_d5,MES,1H,1min,dynamic_exit_mixed_ts4_vq0p95_bf0p6_ra1p5,1.25,3.0,5,none,{},delay_stop_target
mes_1h_none_sm1p25_tm3p00_d15,MES,1H,1min,dynamic_exit_mixed_ts4_vq0p95_bf0p6_ra1p5,1.25,3.0,15,none,{},delay_stop_target
mes_1h_none_sm1p25_tm3p00_d30,MES,1H,1min,dynamic_exit_mixed_ts4_vq0p95_bf0p6_ra1p5,1.25,3.0,30,none,{},delay_stop_target
mes_1h_none_sm1p50_tm1p50_d0,MES,1H,1min,dynamic_exit_mixed_ts4_vq0p95_bf0p6_ra1p5,1.5,1.5,0,none,{},stop_target_recalibration
mes_1h_none_sm1p50_tm1p50_d5,MES,1H,1min,dynamic_exit_mixed_ts4_vq0p95_bf0p6_ra1p5,1.5,1.5,5,none,{},delay_stop_target
mes_1h_none_sm1p50_tm1p50_d15,MES,1H,1min,dynamic_exit_mixed_ts4_vq0p95_bf0p6_ra1p5,1.5,1.5,15,none,{},delay_stop_target
mes_1h_none_sm1p50_tm1p50_d30,MES,1H,1min,dynamic_exit_mixed_ts4_vq0p95_bf0p6_ra1p5,1.5,1.5,30,none,{},delay_stop_target
mes_1h_none_sm1p50_tm2p00_d0,MES,1H,1min,dynamic_exit_mixed_ts4_vq0p95_bf0p6_ra1p5,1.5,2.0,0,none,{},stop_target_recalibration
mes_1h_none_sm1p50_tm2p00_d5,MES,1H,1min,dynamic_exit_mixed_ts4_vq0p95_bf0p6_ra1p5,1.5,2.0,5,none,{},delay_stop_target
mes_1h_none_sm1p50_tm2p00_d15,MES,1H,1min,dynamic_exit_mixed_ts4_vq0p95_bf0p6_ra1p5,1.5,2.0,15,none,{},delay_stop_target
mes_1h_none_sm1p50_tm2p00_d30,MES,1H,1min,dynamic_exit_mixed_ts4_vq0p95_bf0p6_ra1p5,1.5,2.0,30,none,{},delay_stop_target
mes_1h_none_sm1p50_tm2p50_d0,MES,1H,1min,dynamic_exit_mixed_ts4_vq0p95_bf0p6_ra1p5,1.5,2.5,0,none,{},stop_target_recalibration
mes_1h_none_sm1p50_tm2p50_d5,MES,1H,1min,dynamic_exit_mixed_ts4_vq0p95_bf0p6_ra1p5,1.5,2.5,5,none,{},delay_stop_target
mes_1h_none_sm1p50_tm2p50_d15,MES,1H,1min,dynamic_exit_mixed_ts4_vq0p95_bf0p6_ra1p5,1.5,2.5,15,none,{},delay_stop_target
mes_1h_none_sm1p50_tm2p50_d30,MES,1H,1min,dynamic_exit_mixed_ts4_vq0p95_bf0p6_ra1p5,1.5,2.5,30,none,{},delay_stop_target
mes_1h_none_sm1p50_tm3p00_d0,MES,1H,1min,dynamic_exit_mixed_ts4_vq0p95_bf0p6_ra1p5,1.5,3.0,0,none,{},stop_target_recalibration
mes_1h_none_sm1p50_tm3p00_d5,MES,1H,1min,dynamic_exit_mixed_ts4_vq0p95_bf0p6_ra1p5,1.5,3.0,5,none,{},delay_stop_target
mes_1h_none_sm1p50_tm3p00_d15,MES,1H,1min,dynamic_exit_mixed_ts4_vq0p95_bf0p6_ra1p5,1.5,3.0,15,none,{},delay_stop_target
mes_1h_none_sm1p50_tm3p00_d30,MES,1H,1min,dynamic_exit_mixed_ts4_vq0p95_bf0p6_ra1p5,1.5,3.0,30,none,{},delay_stop_target
mes_1h_require_no_stop_zone_touch_before_entry_sm0p75_tm2p00_d5_sz0p50,MES,1H,1min,dynamic_exit_mixed_ts4_vq0p95_bf0p6_ra1p5,0.75,2.0,5,require_no_stop_zone_touch_before_entry,"{""stop_zone_fraction"": 0.5}",delay_stop_zone_filter
mes_1h_require_no_stop_zone_touch_before_entry_sm0p75_tm2p00_d5_sz0p75,MES,1H,1min,dynamic_exit_mixed_ts4_vq0p95_bf0p6_ra1p5,0.75,2.0,5,require_no_stop_zone_touch_before_entry,"{""stop_zone_fraction"": 0.75}",delay_stop_zone_filter
mes_1h_require_no_stop_zone_touch_before_entry_sm0p75_tm2p00_d5_sz1p00,MES,1H,1min,dynamic_exit_mixed_ts4_vq0p95_bf0p6_ra1p5,0.75,2.0,5,require_no_stop_zone_touch_before_entry,"{""stop_zone_fraction"": 1.0}",delay_stop_zone_filter
mes_1h_avoid_immediate_adverse_move_sm0p75_tm2p00_d5_aw5_mt8,MES,1H,1min,dynamic_exit_mixed_ts4_vq0p95_bf0p6_ra1p5,0.75,2.0,5,avoid_immediate_adverse_move,"{""adverse_window_minutes"": 5, ""max_adverse_ticks"": 8}",delay_adverse_filter
mes_1h_avoid_immediate_adverse_move_sm0p75_tm2p00_d5_aw5_mt12,MES,1H,1min,dynamic_exit_mixed_ts4_vq0p95_bf0p6_ra1p5,0.75,2.0,5,avoid_immediate_adverse_move,"{""adverse_window_minutes"": 5, ""max_adverse_ticks"": 12}",delay_adverse_filter
mes_1h_avoid_immediate_adverse_move_sm0p75_tm2p00_d5_aw5_mt16,MES,1H,1min,dynamic_exit_mixed_ts4_vq0p95_bf0p6_ra1p5,0.75,2.0,5,avoid_immediate_adverse_move,"{""adverse_window_minutes"": 5, ""max_adverse_ticks"": 16}",delay_adverse_filter
mes_1h_require_no_stop_zone_touch_before_entry_sm0p75_tm2p00_d15_sz0p50,MES,1H,1min,dynamic_exit_mixed_ts4_vq0p95_bf0p6_ra1p5,0.75,2.0,15,require_no_stop_zone_touch_before_entry,"{""stop_zone_fraction"": 0.5}",delay_stop_zone_filter
mes_1h_require_no_stop_zone_touch_before_entry_sm0p75_tm2p00_d15_sz0p75,MES,1H,1min,dynamic_exit_mixed_ts4_vq0p95_bf0p6_ra1p5,0.75,2.0,15,require_no_stop_zone_touch_before_entry,"{""stop_zone_fraction"": 0.75}",delay_stop_zone_filter
mes_1h_require_no_stop_zone_touch_before_entry_sm0p75_tm2p00_d15_sz1p00,MES,1H,1min,dynamic_exit_mixed_ts4_vq0p95_bf0p6_ra1p5,0.75,2.0,15,require_no_stop_zone_touch_before_entry,"{""stop_zone_fraction"": 1.0}",delay_stop_zone_filter
mes_1h_avoid_immediate_adverse_move_sm0p75_tm2p00_d15_aw5_mt8,MES,1H,1min,dynamic_exit_mixed_ts4_vq0p95_bf0p6_ra1p5,0.75,2.0,15,avoid_immediate_adverse_move,"{""adverse_window_minutes"": 5, ""max_adverse_ticks"": 8}",delay_adverse_filter
mes_1h_avoid_immediate_adverse_move_sm0p75_tm2p00_d15_aw5_mt12,MES,1H,1min,dynamic_exit_mixed_ts4_vq0p95_bf0p6_ra1p5,0.75,2.0,15,avoid_immediate_adverse_move,"{""adverse_window_minutes"": 5, ""max_adverse_ticks"": 12}",delay_adverse_filter
mes_1h_avoid_immediate_adverse_move_sm0p75_tm2p00_d15_aw5_mt16,MES,1H,1min,dynamic_exit_mixed_ts4_vq0p95_bf0p6_ra1p5,0.75,2.0,15,avoid_immediate_adverse_move,"{""adverse_window_minutes"": 5, ""max_adverse_ticks"": 16}",delay_adverse_filter
mes_1h_avoid_immediate_adverse_move_sm0p75_tm2p00_d15_aw10_mt8,MES,1H,1min,dynamic_exit_mixed_ts4_vq0p95_bf0p6_ra1p5,0.75,2.0,15,avoid_immediate_adverse_move,"{""adverse_window_minutes"": 10, ""max_adverse_ticks"": 8}",delay_adverse_filter
mes_1h_avoid_immediate_adverse_move_sm0p75_tm2p00_d15_aw10_mt12,MES,1H,1min,dynamic_exit_mixed_ts4_vq0p95_bf0p6_ra1p5,0.75,2.0,15,avoid_immediate_adverse_move,"{""adverse_window_minutes"": 10, ""max_adverse_ticks"": 12}",delay_adverse_filter
mes_1h_avoid_immediate_adverse_move_sm0p75_tm2p00_d15_aw10_mt16,MES,1H,1min,dynamic_exit_mixed_ts4_vq0p95_bf0p6_ra1p5,0.75,2.0,15,avoid_immediate_adverse_move,"{""adverse_window_minutes"": 10, ""max_adverse_ticks"": 16}",delay_adverse_filter
mes_1h_require_no_stop_zone_touch_before_entry_sm0p75_tm2p00_d30_sz0p50,MES,1H,1min,dynamic_exit_mixed_ts4_vq0p95_bf0p6_ra1p5,0.75,2.0,30,require_no_stop_zone_touch_before_entry,"{""stop_zone_fraction"": 0.5}",delay_stop_zone_filter
mes_1h_require_no_stop_zone_touch_before_entry_sm0p75_tm2p00_d30_sz0p75,MES,1H,1min,dynamic_exit_mixed_ts4_vq0p95_bf0p6_ra1p5,0.75,2.0,30,require_no_stop_zone_touch_before_entry,"{""stop_zone_fraction"": 0.75}",delay_stop_zone_filter
mes_1h_require_no_stop_zone_touch_before_entry_sm0p75_tm2p00_d30_sz1p00,MES,1H,1min,dynamic_exit_mixed_ts4_vq0p95_bf0p6_ra1p5,0.75,2.0,30,require_no_stop_zone_touch_before_entry,"{""stop_zone_fraction"": 1.0}",delay_stop_zone_filter
mes_1h_avoid_immediate_adverse_move_sm0p75_tm2p00_d30_aw5_mt8,MES,1H,1min,dynamic_exit_mixed_ts4_vq0p95_bf0p6_ra1p5,0.75,2.0,30,avoid_immediate_adverse_move,"{""adverse_window_minutes"": 5, ""max_adverse_ticks"": 8}",delay_adverse_filter
mes_1h_avoid_immediate_adverse_move_sm0p75_tm2p00_d30_aw5_mt12,MES,1H,1min,dynamic_exit_mixed_ts4_vq0p95_bf0p6_ra1p5,0.75,2.0,30,avoid_immediate_adverse_move,"{""adverse_window_minutes"": 5, ""max_adverse_ticks"": 12}",delay_adverse_filter
mes_1h_avoid_immediate_adverse_move_sm0p75_tm2p00_d30_aw5_mt16,MES,1H,1min,dynamic_exit_mixed_ts4_vq0p95_bf0p6_ra1p5,0.75,2.0,30,avoid_immediate_adverse_move,"{""adverse_window_minutes"": 5, ""max_adverse_ticks"": 16}",delay_adverse_filter
mes_1h_avoid_immediate_adverse_move_sm0p75_tm2p00_d30_aw10_mt8,MES,1H,1min,dynamic_exit_mixed_ts4_vq0p95_bf0p6_ra1p5,0.75,2.0,30,avoid_immediate_adverse_move,"{""adverse_window_minutes"": 10, ""max_adverse_ticks"": 8}",delay_adverse_filter
mes_1h_avoid_immediate_adverse_move_sm0p75_tm2p00_d30_aw10_mt12,MES,1H,1min,dynamic_exit_mixed_ts4_vq0p95_bf0p6_ra1p5,0.75,2.0,30,avoid_immediate_adverse_move,"{""adverse_window_minutes"": 10, ""max_adverse_ticks"": 12}",delay_adverse_filter
mes_1h_avoid_immediate_adverse_move_sm0p75_tm2p00_d30_aw10_mt16,MES,1H,1min,dynamic_exit_mixed_ts4_vq0p95_bf0p6_ra1p5,0.75,2.0,30,avoid_immediate_adverse_move,"{""adverse_window_minutes"": 10, ""max_adverse_ticks"": 16}",delay_adverse_filter
mes_1h_require_no_stop_zone_touch_before_entry_sm0p75_tm2p50_d5_sz0p50,MES,1H,1min,dynamic_exit_mixed_ts4_vq0p95_bf0p6_ra1p5,0.75,2.5,5,require_no_stop_zone_touch_before_entry,"{""stop_zone_fraction"": 0.5}",delay_stop_zone_filter
mes_1h_require_no_stop_zone_touch_before_entry_sm0p75_tm2p50_d5_sz0p75,MES,1H,1min,dynamic_exit_mixed_ts4_vq0p95_bf0p6_ra1p5,0.75,2.5,5,require_no_stop_zone_touch_before_entry,"{""stop_zone_fraction"": 0.75}",delay_stop_zone_filter
mes_1h_require_no_stop_zone_touch_before_entry_sm0p75_tm2p50_d5_sz1p00,MES,1H,1min,dynamic_exit_mixed_ts4_vq0p95_bf0p6_ra1p5,0.75,2.5,5,require_no_stop_zone_touch_before_entry,"{""stop_zone_fraction"": 1.0}",delay_stop_zone_filter
mes_1h_avoid_immediate_adverse_move_sm0p75_tm2p50_d5_aw5_mt8,MES,1H,1min,dynamic_exit_mixed_ts4_vq0p95_bf0p6_ra1p5,0.75,2.5,5,avoid_immediate_adverse_move,"{""adverse_window_minutes"": 5, ""max_adverse_ticks"": 8}",delay_adverse_filter
mes_1h_avoid_immediate_adverse_move_sm0p75_tm2p50_d5_aw5_mt12,MES,1H,1min,dynamic_exit_mixed_ts4_vq0p95_bf0p6_ra1p5,0.75,2.5,5,avoid_immediate_adverse_move,"{""adverse_window_minutes"": 5, ""max_adverse_ticks"": 12}",delay_adverse_filter
mes_1h_avoid_immediate_adverse_move_sm0p75_tm2p50_d5_aw5_mt16,MES,1H,1min,dynamic_exit_mixed_ts4_vq0p95_bf0p6_ra1p5,0.75,2.5,5,avoid_immediate_adverse_move,"{""adverse_window_minutes"": 5, ""max_adverse_ticks"": 16}",delay_adverse_filter
mes_1h_require_no_stop_zone_touch_before_entry_sm0p75_tm2p50_d15_sz0p50,MES,1H,1min,dynamic_exit_mixed_ts4_vq0p95_bf0p6_ra1p5,0.75,2.5,15,require_no_stop_zone_touch_before_entry,"{""stop_zone_fraction"": 0.5}",delay_stop_zone_filter
mes_1h_require_no_stop_zone_touch_before_entry_sm0p75_tm2p50_d15_sz0p75,MES,1H,1min,dynamic_exit_mixed_ts4_vq0p95_bf0p6_ra1p5,0.75,2.5,15,require_no_stop_zone_touch_before_entry,"{""stop_zone_fraction"": 0.75}",delay_stop_zone_filter
mes_1h_require_no_stop_zone_touch_before_entry_sm0p75_tm2p50_d15_sz1p00,MES,1H,1min,dynamic_exit_mixed_ts4_vq0p95_bf0p6_ra1p5,0.75,2.5,15,require_no_stop_zone_touch_before_entry,"{""stop_zone_fraction"": 1.0}",delay_stop_zone_filter
mes_1h_avoid_immediate_adverse_move_sm0p75_tm2p50_d15_aw5_mt8,MES,1H,1min,dynamic_exit_mixed_ts4_vq0p95_bf0p6_ra1p5,0.75,2.5,15,avoid_immediate_adverse_move,"{""adverse_window_minutes"": 5, ""max_adverse_ticks"": 8}",delay_adverse_filter
mes_1h_avoid_immediate_adverse_move_sm0p75_tm2p50_d15_aw5_mt12,MES,1H,1min,dynamic_exit_mixed_ts4_vq0p95_bf0p6_ra1p5,0.75,2.5,15,avoid_immediate_adverse_move,"{""adverse_window_minutes"": 5, ""max_adverse_ticks"": 12}",delay_adverse_filter
mes_1h_avoid_immediate_adverse_move_sm0p75_tm2p50_d15_aw5_mt16,MES,1H,1min,dynamic_exit_mixed_ts4_vq0p95_bf0p6_ra1p5,0.75,2.5,15,avoid_immediate_adverse_move,"{""adverse_window_minutes"": 5, ""max_adverse_ticks"": 16}",delay_adverse_filter
mes_1h_avoid_immediate_adverse_move_sm0p75_tm2p50_d15_aw10_mt8,MES,1H,1min,dynamic_exit_mixed_ts4_vq0p95_bf0p6_ra1p5,0.75,2.5,15,avoid_immediate_adverse_move,"{""adverse_window_minutes"": 10, ""max_adverse_ticks"": 8}",delay_adverse_filter
mes_1h_avoid_immediate_adverse_move_sm0p75_tm2p50_d15_aw10_mt12,MES,1H,1min,dynamic_exit_mixed_ts4_vq0p95_bf0p6_ra1p5,0.75,2.5,15,avoid_immediate_adverse_move,"{""adverse_window_minutes"": 10, ""max_adverse_ticks"": 12}",delay_adverse_filter
mes_1h_avoid_immediate_adverse_move_sm0p75_tm2p50_d15_aw10_mt16,MES,1H,1min,dynamic_exit_mixed_ts4_vq0p95_bf0p6_ra1p5,0.75,2.5,15,avoid_immediate_adverse_move,"{""adverse_window_minutes"": 10, ""max_adverse_ticks"": 16}",delay_adverse_filter
mes_1h_require_no_stop_zone_touch_before_entry_sm0p75_tm2p50_d30_sz0p50,MES,1H,1min,dynamic_exit_mixed_ts4_vq0p95_bf0p6_ra1p5,0.75,2.5,30,require_no_stop_zone_touch_before_entry,"{""stop_zone_fraction"": 0.5}",delay_stop_zone_filter
mes_1h_require_no_stop_zone_touch_before_entry_sm0p75_tm2p50_d30_sz0p75,MES,1H,1min,dynamic_exit_mixed_ts4_vq0p95_bf0p6_ra1p5,0.75,2.5,30,require_no_stop_zone_touch_before_entry,"{""stop_zone_fraction"": 0.75}",delay_stop_zone_filter
mes_1h_require_no_stop_zone_touch_before_entry_sm0p75_tm2p50_d30_sz1p00,MES,1H,1min,dynamic_exit_mixed_ts4_vq0p95_bf0p6_ra1p5,0.75,2.5,30,require_no_stop_zone_touch_before_entry,"{""stop_zone_fraction"": 1.0}",delay_stop_zone_filter
mes_1h_avoid_immediate_adverse_move_sm0p75_tm2p50_d30_aw5_mt8,MES,1H,1min,dynamic_exit_mixed_ts4_vq0p95_bf0p6_ra1p5,0.75,2.5,30,avoid_immediate_adverse_move,"{""adverse_window_minutes"": 5, ""max_adverse_ticks"": 8}",delay_adverse_filter
mes_1h_avoid_immediate_adverse_move_sm0p75_tm2p50_d30_aw5_mt12,MES,1H,1min,dynamic_exit_mixed_ts4_vq0p95_bf0p6_ra1p5,0.75,2.5,30,avoid_immediate_adverse_move,"{""adverse_window_minutes"": 5, ""max_adverse_ticks"": 12}",delay_adverse_filter
mes_1h_avoid_immediate_adverse_move_sm0p75_tm2p50_d30_aw5_mt16,MES,1H,1min,dynamic_exit_mixed_ts4_vq0p95_bf0p6_ra1p5,0.75,2.5,30,avoid_immediate_adverse_move,"{""adverse_window_minutes"": 5, ""max_adverse_ticks"": 16}",delay_adverse_filter
mes_1h_avoid_immediate_adverse_move_sm0p75_tm2p50_d30_aw10_mt8,MES,1H,1min,dynamic_exit_mixed_ts4_vq0p95_bf0p6_ra1p5,0.75,2.5,30,avoid_immediate_adverse_move,"{""adverse_window_minutes"": 10, ""max_adverse_ticks"": 8}",delay_adverse_filter
mes_1h_avoid_immediate_adverse_move_sm0p75_tm2p50_d30_aw10_mt12,MES,1H,1min,dynamic_exit_mixed_ts4_vq0p95_bf0p6_ra1p5,0.75,2.5,30,avoid_immediate_adverse_move,"{""adverse_window_minutes"": 10, ""max_adverse_ticks"": 12}",delay_adverse_filter
mes_1h_avoid_immediate_adverse_move_sm0p75_tm2p50_d30_aw10_mt16,MES,1H,1min,dynamic_exit_mixed_ts4_vq0p95_bf0p6_ra1p5,0.75,2.5,30,avoid_immediate_adverse_move,"{""adverse_window_minutes"": 10, ""max_adverse_ticks"": 16}",delay_adverse_filter
mes_1h_require_no_stop_zone_touch_before_entry_sm0p75_tm3p00_d5_sz0p50,MES,1H,1min,dynamic_exit_mixed_ts4_vq0p95_bf0p6_ra1p5,0.75,3.0,5,require_no_stop_zone_touch_before_entry,"{""stop_zone_fraction"": 0.5}",delay_stop_zone_filter
mes_1h_require_no_stop_zone_touch_before_entry_sm0p75_tm3p00_d5_sz0p75,MES,1H,1min,dynamic_exit_mixed_ts4_vq0p95_bf0p6_ra1p5,0.75,3.0,5,require_no_stop_zone_touch_before_entry,"{""stop_zone_fraction"": 0.75}",delay_stop_zone_filter
mes_1h_require_no_stop_zone_touch_before_entry_sm0p75_tm3p00_d5_sz1p00,MES,1H,1min,dynamic_exit_mixed_ts4_vq0p95_bf0p6_ra1p5,0.75,3.0,5,require_no_stop_zone_touch_before_entry,"{""stop_zone_fraction"": 1.0}",delay_stop_zone_filter
mes_1h_avoid_immediate_adverse_move_sm0p75_tm3p00_d5_aw5_mt8,MES,1H,1min,dynamic_exit_mixed_ts4_vq0p95_bf0p6_ra1p5,0.75,3.0,5,avoid_immediate_adverse_move,"{""adverse_window_minutes"": 5, ""max_adverse_ticks"": 8}",delay_adverse_filter
mes_1h_avoid_immediate_adverse_move_sm0p75_tm3p00_d5_aw5_mt12,MES,1H,1min,dynamic_exit_mixed_ts4_vq0p95_bf0p6_ra1p5,0.75,3.0,5,avoid_immediate_adverse_move,"{""adverse_window_minutes"": 5, ""max_adverse_ticks"": 12}",delay_adverse_filter
mes_1h_avoid_immediate_adverse_move_sm0p75_tm3p00_d5_aw5_mt16,MES,1H,1min,dynamic_exit_mixed_ts4_vq0p95_bf0p6_ra1p5,0.75,3.0,5,avoid_immediate_adverse_move,"{""adverse_window_minutes"": 5, ""max_adverse_ticks"": 16}",delay_adverse_filter
mes_1h_require_no_stop_zone_touch_before_entry_sm0p75_tm3p00_d15_sz0p50,MES,1H,1min,dynamic_exit_mixed_ts4_vq0p95_bf0p6_ra1p5,0.75,3.0,15,require_no_stop_zone_touch_before_entry,"{""stop_zone_fraction"": 0.5}",delay_stop_zone_filter
mes_1h_require_no_stop_zone_touch_before_entry_sm0p75_tm3p00_d15_sz0p75,MES,1H,1min,dynamic_exit_mixed_ts4_vq0p95_bf0p6_ra1p5,0.75,3.0,15,require_no_stop_zone_touch_before_entry,"{""stop_zone_fraction"": 0.75}",delay_stop_zone_filter
mes_1h_require_no_stop_zone_touch_before_entry_sm0p75_tm3p00_d15_sz1p00,MES,1H,1min,dynamic_exit_mixed_ts4_vq0p95_bf0p6_ra1p5,0.75,3.0,15,require_no_stop_zone_touch_before_entry,"{""stop_zone_fraction"": 1.0}",delay_stop_zone_filter
mes_1h_avoid_immediate_adverse_move_sm0p75_tm3p00_d15_aw5_mt8,MES,1H,1min,dynamic_exit_mixed_ts4_vq0p95_bf0p6_ra1p5,0.75,3.0,15,avoid_immediate_adverse_move,"{""adverse_window_minutes"": 5, ""max_adverse_ticks"": 8}",delay_adverse_filter
mes_1h_avoid_immediate_adverse_move_sm0p75_tm3p00_d15_aw5_mt12,MES,1H,1min,dynamic_exit_mixed_ts4_vq0p95_bf0p6_ra1p5,0.75,3.0,15,avoid_immediate_adverse_move,"{""adverse_window_minutes"": 5, ""max_adverse_ticks"": 12}",delay_adverse_filter
mes_1h_avoid_immediate_adverse_move_sm0p75_tm3p00_d15_aw5_mt16,MES,1H,1min,dynamic_exit_mixed_ts4_vq0p95_bf0p6_ra1p5,0.75,3.0,15,avoid_immediate_adverse_move,"{""adverse_window_minutes"": 5, ""max_adverse_ticks"": 16}",delay_adverse_filter
mes_1h_avoid_immediate_adverse_move_sm0p75_tm3p00_d15_aw10_mt8,MES,1H,1min,dynamic_exit_mixed_ts4_vq0p95_bf0p6_ra1p5,0.75,3.0,15,avoid_immediate_adverse_move,"{""adverse_window_minutes"": 10, ""max_adverse_ticks"": 8}",delay_adverse_filter
mes_1h_avoid_immediate_adverse_move_sm0p75_tm3p00_d15_aw10_mt12,MES,1H,1min,dynamic_exit_mixed_ts4_vq0p95_bf0p6_ra1p5,0.75,3.0,15,avoid_immediate_adverse_move,"{""adverse_window_minutes"": 10, ""max_adverse_ticks"": 12}",delay_adverse_filter
mes_1h_avoid_immediate_adverse_move_sm0p75_tm3p00_d15_aw10_mt16,MES,1H,1min,dynamic_exit_mixed_ts4_vq0p95_bf0p6_ra1p5,0.75,3.0,15,avoid_immediate_adverse_move,"{""adverse_window_minutes"": 10, ""max_adverse_ticks"": 16}",delay_adverse_filter
mes_1h_require_no_stop_zone_touch_before_entry_sm0p75_tm3p00_d30_sz0p50,MES,1H,1min,dynamic_exit_mixed_ts4_vq0p95_bf0p6_ra1p5,0.75,3.0,30,require_no_stop_zone_touch_before_entry,"{""stop_zone_fraction"": 0.5}",delay_stop_zone_filter
mes_1h_require_no_stop_zone_touch_before_entry_sm0p75_tm3p00_d30_sz0p75,MES,1H,1min,dynamic_exit_mixed_ts4_vq0p95_bf0p6_ra1p5,0.75,3.0,30,require_no_stop_zone_touch_before_entry,"{""stop_zone_fraction"": 0.75}",delay_stop_zone_filter
mes_1h_require_no_stop_zone_touch_before_entry_sm0p75_tm3p00_d30_sz1p00,MES,1H,1min,dynamic_exit_mixed_ts4_vq0p95_bf0p6_ra1p5,0.75,3.0,30,require_no_stop_zone_touch_before_entry,"{""stop_zone_fraction"": 1.0}",delay_stop_zone_filter
mes_1h_avoid_immediate_adverse_move_sm0p75_tm3p00_d30_aw5_mt8,MES,1H,1min,dynamic_exit_mixed_ts4_vq0p95_bf0p6_ra1p5,0.75,3.0,30,avoid_immediate_adverse_move,"{""adverse_window_minutes"": 5, ""max_adverse_ticks"": 8}",delay_adverse_filter
mes_1h_avoid_immediate_adverse_move_sm0p75_tm3p00_d30_aw5_mt12,MES,1H,1min,dynamic_exit_mixed_ts4_vq0p95_bf0p6_ra1p5,0.75,3.0,30,avoid_immediate_adverse_move,"{""adverse_window_minutes"": 5, ""max_adverse_ticks"": 12}",delay_adverse_filter
mes_1h_avoid_immediate_adverse_move_sm0p75_tm3p00_d30_aw5_mt16,MES,1H,1min,dynamic_exit_mixed_ts4_vq0p95_bf0p6_ra1p5,0.75,3.0,30,avoid_immediate_adverse_move,"{""adverse_window_minutes"": 5, ""max_adverse_ticks"": 16}",delay_adverse_filter
mes_1h_avoid_immediate_adverse_move_sm0p75_tm3p00_d30_aw10_mt8,MES,1H,1min,dynamic_exit_mixed_ts4_vq0p95_bf0p6_ra1p5,0.75,3.0,30,avoid_immediate_adverse_move,"{""adverse_window_minutes"": 10, ""max_adverse_ticks"": 8}",delay_adverse_filter
mes_1h_avoid_immediate_adverse_move_sm0p75_tm3p00_d30_aw10_mt12,MES,1H,1min,dynamic_exit_mixed_ts4_vq0p95_bf0p6_ra1p5,0.75,3.0,30,avoid_immediate_adverse_move,"{""adverse_window_minutes"": 10, ""max_adverse_ticks"": 12}",delay_adverse_filter
mes_1h_avoid_immediate_adverse_move_sm0p75_tm3p00_d30_aw10_mt16,MES,1H,1min,dynamic_exit_mixed_ts4_vq0p95_bf0p6_ra1p5,0.75,3.0,30,avoid_immediate_adverse_move,"{""adverse_window_minutes"": 10, ""max_adverse_ticks"": 16}",delay_adverse_filter
mes_1h_require_no_stop_zone_touch_before_entry_sm1p00_tm2p00_d5_sz0p50,MES,1H,1min,dynamic_exit_mixed_ts4_vq0p95_bf0p6_ra1p5,1.0,2.0,5,require_no_stop_zone_touch_before_entry,"{""stop_zone_fraction"": 0.5}",delay_stop_zone_filter
mes_1h_require_no_stop_zone_touch_before_entry_sm1p00_tm2p00_d5_sz0p75,MES,1H,1min,dynamic_exit_mixed_ts4_vq0p95_bf0p6_ra1p5,1.0,2.0,5,require_no_stop_zone_touch_before_entry,"{""stop_zone_fraction"": 0.75}",delay_stop_zone_filter
mes_1h_require_no_stop_zone_touch_before_entry_sm1p00_tm2p00_d5_sz1p00,MES,1H,1min,dynamic_exit_mixed_ts4_vq0p95_bf0p6_ra1p5,1.0,2.0,5,require_no_stop_zone_touch_before_entry,"{""stop_zone_fraction"": 1.0}",delay_stop_zone_filter
mes_1h_avoid_immediate_adverse_move_sm1p00_tm2p00_d5_aw5_mt8,MES,1H,1min,dynamic_exit_mixed_ts4_vq0p95_bf0p6_ra1p5,1.0,2.0,5,avoid_immediate_adverse_move,"{""adverse_window_minutes"": 5, ""max_adverse_ticks"": 8}",delay_adverse_filter
mes_1h_avoid_immediate_adverse_move_sm1p00_tm2p00_d5_aw5_mt12,MES,1H,1min,dynamic_exit_mixed_ts4_vq0p95_bf0p6_ra1p5,1.0,2.0,5,avoid_immediate_adverse_move,"{""adverse_window_minutes"": 5, ""max_adverse_ticks"": 12}",delay_adverse_filter
mes_1h_avoid_immediate_adverse_move_sm1p00_tm2p00_d5_aw5_mt16,MES,1H,1min,dynamic_exit_mixed_ts4_vq0p95_bf0p6_ra1p5,1.0,2.0,5,avoid_immediate_adverse_move,"{""adverse_window_minutes"": 5, ""max_adverse_ticks"": 16}",delay_adverse_filter
mes_1h_require_no_stop_zone_touch_before_entry_sm1p00_tm2p00_d15_sz0p50,MES,1H,1min,dynamic_exit_mixed_ts4_vq0p95_bf0p6_ra1p5,1.0,2.0,15,require_no_stop_zone_touch_before_entry,"{""stop_zone_fraction"": 0.5}",delay_stop_zone_filter
mes_1h_require_no_stop_zone_touch_before_entry_sm1p00_tm2p00_d15_sz0p75,MES,1H,1min,dynamic_exit_mixed_ts4_vq0p95_bf0p6_ra1p5,1.0,2.0,15,require_no_stop_zone_touch_before_entry,"{""stop_zone_fraction"": 0.75}",delay_stop_zone_filter
mes_1h_require_no_stop_zone_touch_before_entry_sm1p00_tm2p00_d15_sz1p00,MES,1H,1min,dynamic_exit_mixed_ts4_vq0p95_bf0p6_ra1p5,1.0,2.0,15,require_no_stop_zone_touch_before_entry,"{""stop_zone_fraction"": 1.0}",delay_stop_zone_filter
mes_1h_avoid_immediate_adverse_move_sm1p00_tm2p00_d15_aw5_mt8,MES,1H,1min,dynamic_exit_mixed_ts4_vq0p95_bf0p6_ra1p5,1.0,2.0,15,avoid_immediate_adverse_move,"{""adverse_window_minutes"": 5, ""max_adverse_ticks"": 8}",delay_adverse_filter
mes_1h_avoid_immediate_adverse_move_sm1p00_tm2p00_d15_aw5_mt12,MES,1H,1min,dynamic_exit_mixed_ts4_vq0p95_bf0p6_ra1p5,1.0,2.0,15,avoid_immediate_adverse_move,"{""adverse_window_minutes"": 5, ""max_adverse_ticks"": 12}",delay_adverse_filter
mes_1h_avoid_immediate_adverse_move_sm1p00_tm2p00_d15_aw5_mt16,MES,1H,1min,dynamic_exit_mixed_ts4_vq0p95_bf0p6_ra1p5,1.0,2.0,15,avoid_immediate_adverse_move,"{""adverse_window_minutes"": 5, ""max_adverse_ticks"": 16}",delay_adverse_filter
mes_1h_avoid_immediate_adverse_move_sm1p00_tm2p00_d15_aw10_mt8,MES,1H,1min,dynamic_exit_mixed_ts4_vq0p95_bf0p6_ra1p5,1.0,2.0,15,avoid_immediate_adverse_move,"{""adverse_window_minutes"": 10, ""max_adverse_ticks"": 8}",delay_adverse_filter
mes_1h_avoid_immediate_adverse_move_sm1p00_tm2p00_d15_aw10_mt12,MES,1H,1min,dynamic_exit_mixed_ts4_vq0p95_bf0p6_ra1p5,1.0,2.0,15,avoid_immediate_adverse_move,"{""adverse_window_minutes"": 10, ""max_adverse_ticks"": 12}",delay_adverse_filter
mes_1h_avoid_immediate_adverse_move_sm1p00_tm2p00_d15_aw10_mt16,MES,1H,1min,dynamic_exit_mixed_ts4_vq0p95_bf0p6_ra1p5,1.0,2.0,15,avoid_immediate_adverse_move,"{""adverse_window_minutes"": 10, ""max_adverse_ticks"": 16}",delay_adverse_filter
mes_1h_require_no_stop_zone_touch_before_entry_sm1p00_tm2p00_d30_sz0p50,MES,1H,1min,dynamic_exit_mixed_ts4_vq0p95_bf0p6_ra1p5,1.0,2.0,30,require_no_stop_zone_touch_before_entry,"{""stop_zone_fraction"": 0.5}",delay_stop_zone_filter
mes_1h_require_no_stop_zone_touch_before_entry_sm1p00_tm2p00_d30_sz0p75,MES,1H,1min,dynamic_exit_mixed_ts4_vq0p95_bf0p6_ra1p5,1.0,2.0,30,require_no_stop_zone_touch_before_entry,"{""stop_zone_fraction"": 0.75}",delay_stop_zone_filter
mes_1h_require_no_stop_zone_touch_before_entry_sm1p00_tm2p00_d30_sz1p00,MES,1H,1min,dynamic_exit_mixed_ts4_vq0p95_bf0p6_ra1p5,1.0,2.0,30,require_no_stop_zone_touch_before_entry,"{""stop_zone_fraction"": 1.0}",delay_stop_zone_filter
mes_1h_avoid_immediate_adverse_move_sm1p00_tm2p00_d30_aw5_mt8,MES,1H,1min,dynamic_exit_mixed_ts4_vq0p95_bf0p6_ra1p5,1.0,2.0,30,avoid_immediate_adverse_move,"{""adverse_window_minutes"": 5, ""max_adverse_ticks"": 8}",delay_adverse_filter
mes_1h_avoid_immediate_adverse_move_sm1p00_tm2p00_d30_aw5_mt12,MES,1H,1min,dynamic_exit_mixed_ts4_vq0p95_bf0p6_ra1p5,1.0,2.0,30,avoid_immediate_adverse_move,"{""adverse_window_minutes"": 5, ""max_adverse_ticks"": 12}",delay_adverse_filter
mes_1h_avoid_immediate_adverse_move_sm1p00_tm2p00_d30_aw5_mt16,MES,1H,1min,dynamic_exit_mixed_ts4_vq0p95_bf0p6_ra1p5,1.0,2.0,30,avoid_immediate_adverse_move,"{""adverse_window_minutes"": 5, ""max_adverse_ticks"": 16}",delay_adverse_filter
mes_1h_avoid_immediate_adverse_move_sm1p00_tm2p00_d30_aw10_mt8,MES,1H,1min,dynamic_exit_mixed_ts4_vq0p95_bf0p6_ra1p5,1.0,2.0,30,avoid_immediate_adverse_move,"{""adverse_window_minutes"": 10, ""max_adverse_ticks"": 8}",delay_adverse_filter
mes_1h_avoid_immediate_adverse_move_sm1p00_tm2p00_d30_aw10_mt12,MES,1H,1min,dynamic_exit_mixed_ts4_vq0p95_bf0p6_ra1p5,1.0,2.0,30,avoid_immediate_adverse_move,"{""adverse_window_minutes"": 10, ""max_adverse_ticks"": 12}",delay_adverse_filter
mes_1h_avoid_immediate_adverse_move_sm1p00_tm2p00_d30_aw10_mt16,MES,1H,1min,dynamic_exit_mixed_ts4_vq0p95_bf0p6_ra1p5,1.0,2.0,30,avoid_immediate_adverse_move,"{""adverse_window_minutes"": 10, ""max_adverse_ticks"": 16}",delay_adverse_filter
mes_1h_require_no_stop_zone_touch_before_entry_sm1p00_tm2p50_d5_sz0p50,MES,1H,1min,dynamic_exit_mixed_ts4_vq0p95_bf0p6_ra1p5,1.0,2.5,5,require_no_stop_zone_touch_before_entry,"{""stop_zone_fraction"": 0.5}",delay_stop_zone_filter
mes_1h_require_no_stop_zone_touch_before_entry_sm1p00_tm2p50_d5_sz0p75,MES,1H,1min,dynamic_exit_mixed_ts4_vq0p95_bf0p6_ra1p5,1.0,2.5,5,require_no_stop_zone_touch_before_entry,"{""stop_zone_fraction"": 0.75}",delay_stop_zone_filter
mes_1h_require_no_stop_zone_touch_before_entry_sm1p00_tm2p50_d5_sz1p00,MES,1H,1min,dynamic_exit_mixed_ts4_vq0p95_bf0p6_ra1p5,1.0,2.5,5,require_no_stop_zone_touch_before_entry,"{""stop_zone_fraction"": 1.0}",delay_stop_zone_filter
mes_1h_avoid_immediate_adverse_move_sm1p00_tm2p50_d5_aw5_mt8,MES,1H,1min,dynamic_exit_mixed_ts4_vq0p95_bf0p6_ra1p5,1.0,2.5,5,avoid_immediate_adverse_move,"{""adverse_window_minutes"": 5, ""max_adverse_ticks"": 8}",delay_adverse_filter
mes_1h_avoid_immediate_adverse_move_sm1p00_tm2p50_d5_aw5_mt12,MES,1H,1min,dynamic_exit_mixed_ts4_vq0p95_bf0p6_ra1p5,1.0,2.5,5,avoid_immediate_adverse_move,"{""adverse_window_minutes"": 5, ""max_adverse_ticks"": 12}",delay_adverse_filter
mes_1h_avoid_immediate_adverse_move_sm1p00_tm2p50_d5_aw5_mt16,MES,1H,1min,dynamic_exit_mixed_ts4_vq0p95_bf0p6_ra1p5,1.0,2.5,5,avoid_immediate_adverse_move,"{""adverse_window_minutes"": 5, ""max_adverse_ticks"": 16}",delay_adverse_filter
mes_1h_require_no_stop_zone_touch_before_entry_sm1p00_tm2p50_d15_sz0p50,MES,1H,1min,dynamic_exit_mixed_ts4_vq0p95_bf0p6_ra1p5,1.0,2.5,15,require_no_stop_zone_touch_before_entry,"{""stop_zone_fraction"": 0.5}",delay_stop_zone_filter
mes_1h_require_no_stop_zone_touch_before_entry_sm1p00_tm2p50_d15_sz0p75,MES,1H,1min,dynamic_exit_mixed_ts4_vq0p95_bf0p6_ra1p5,1.0,2.5,15,require_no_stop_zone_touch_before_entry,"{""stop_zone_fraction"": 0.75}",delay_stop_zone_filter
mes_1h_require_no_stop_zone_touch_before_entry_sm1p00_tm2p50_d15_sz1p00,MES,1H,1min,dynamic_exit_mixed_ts4_vq0p95_bf0p6_ra1p5,1.0,2.5,15,require_no_stop_zone_touch_before_entry,"{""stop_zone_fraction"": 1.0}",delay_stop_zone_filter
mes_1h_avoid_immediate_adverse_move_sm1p00_tm2p50_d15_aw5_mt8,MES,1H,1min,dynamic_exit_mixed_ts4_vq0p95_bf0p6_ra1p5,1.0,2.5,15,avoid_immediate_adverse_move,"{""adverse_window_minutes"": 5, ""max_adverse_ticks"": 8}",delay_adverse_filter
mes_1h_avoid_immediate_adverse_move_sm1p00_tm2p50_d15_aw5_mt12,MES,1H,1min,dynamic_exit_mixed_ts4_vq0p95_bf0p6_ra1p5,1.0,2.5,15,avoid_immediate_adverse_move,"{""adverse_window_minutes"": 5, ""max_adverse_ticks"": 12}",delay_adverse_filter
mes_1h_avoid_immediate_adverse_move_sm1p00_tm2p50_d15_aw5_mt16,MES,1H,1min,dynamic_exit_mixed_ts4_vq0p95_bf0p6_ra1p5,1.0,2.5,15,avoid_immediate_adverse_move,"{""adverse_window_minutes"": 5, ""max_adverse_ticks"": 16}",delay_adverse_filter
mes_1h_avoid_immediate_adverse_move_sm1p00_tm2p50_d15_aw10_mt8,MES,1H,1min,dynamic_exit_mixed_ts4_vq0p95_bf0p6_ra1p5,1.0,2.5,15,avoid_immediate_adverse_move,"{""adverse_window_minutes"": 10, ""max_adverse_ticks"": 8}",delay_adverse_filter
mes_1h_avoid_immediate_adverse_move_sm1p00_tm2p50_d15_aw10_mt12,MES,1H,1min,dynamic_exit_mixed_ts4_vq0p95_bf0p6_ra1p5,1.0,2.5,15,avoid_immediate_adverse_move,"{""adverse_window_minutes"": 10, ""max_adverse_ticks"": 12}",delay_adverse_filter
mes_1h_avoid_immediate_adverse_move_sm1p00_tm2p50_d15_aw10_mt16,MES,1H,1min,dynamic_exit_mixed_ts4_vq0p95_bf0p6_ra1p5,1.0,2.5,15,avoid_immediate_adverse_move,"{""adverse_window_minutes"": 10, ""max_adverse_ticks"": 16}",delay_adverse_filter
mes_1h_require_no_stop_zone_touch_before_entry_sm1p00_tm2p50_d30_sz0p50,MES,1H,1min,dynamic_exit_mixed_ts4_vq0p95_bf0p6_ra1p5,1.0,2.5,30,require_no_stop_zone_touch_before_entry,"{""stop_zone_fraction"": 0.5}",delay_stop_zone_filter
mes_1h_require_no_stop_zone_touch_before_entry_sm1p00_tm2p50_d30_sz0p75,MES,1H,1min,dynamic_exit_mixed_ts4_vq0p95_bf0p6_ra1p5,1.0,2.5,30,require_no_stop_zone_touch_before_entry,"{""stop_zone_fraction"": 0.75}",delay_stop_zone_filter
mes_1h_require_no_stop_zone_touch_before_entry_sm1p00_tm2p50_d30_sz1p00,MES,1H,1min,dynamic_exit_mixed_ts4_vq0p95_bf0p6_ra1p5,1.0,2.5,30,require_no_stop_zone_touch_before_entry,"{""stop_zone_fraction"": 1.0}",delay_stop_zone_filter
mes_1h_avoid_immediate_adverse_move_sm1p00_tm2p50_d30_aw5_mt8,MES,1H,1min,dynamic_exit_mixed_ts4_vq0p95_bf0p6_ra1p5,1.0,2.5,30,avoid_immediate_adverse_move,"{""adverse_window_minutes"": 5, ""max_adverse_ticks"": 8}",delay_adverse_filter
mes_1h_avoid_immediate_adverse_move_sm1p00_tm2p50_d30_aw5_mt12,MES,1H,1min,dynamic_exit_mixed_ts4_vq0p95_bf0p6_ra1p5,1.0,2.5,30,avoid_immediate_adverse_move,"{""adverse_window_minutes"": 5, ""max_adverse_ticks"": 12}",delay_adverse_filter
mes_1h_avoid_immediate_adverse_move_sm1p00_tm2p50_d30_aw5_mt16,MES,1H,1min,dynamic_exit_mixed_ts4_vq0p95_bf0p6_ra1p5,1.0,2.5,30,avoid_immediate_adverse_move,"{""adverse_window_minutes"": 5, ""max_adverse_ticks"": 16}",delay_adverse_filter
mes_1h_avoid_immediate_adverse_move_sm1p00_tm2p50_d30_aw10_mt8,MES,1H,1min,dynamic_exit_mixed_ts4_vq0p95_bf0p6_ra1p5,1.0,2.5,30,avoid_immediate_adverse_move,"{""adverse_window_minutes"": 10, ""max_adverse_ticks"": 8}",delay_adverse_filter
mes_1h_avoid_immediate_adverse_move_sm1p00_tm2p50_d30_aw10_mt12,MES,1H,1min,dynamic_exit_mixed_ts4_vq0p95_bf0p6_ra1p5,1.0,2.5,30,avoid_immediate_adverse_move,"{""adverse_window_minutes"": 10, ""max_adverse_ticks"": 12}",delay_adverse_filter
mes_1h_avoid_immediate_adverse_move_sm1p00_tm2p50_d30_aw10_mt16,MES,1H,1min,dynamic_exit_mixed_ts4_vq0p95_bf0p6_ra1p5,1.0,2.5,30,avoid_immediate_adverse_move,"{""adverse_window_minutes"": 10, ""max_adverse_ticks"": 16}",delay_adverse_filter
mes_1h_require_no_stop_zone_touch_before_entry_sm1p00_tm3p00_d5_sz0p50,MES,1H,1min,dynamic_exit_mixed_ts4_vq0p95_bf0p6_ra1p5,1.0,3.0,5,require_no_stop_zone_touch_before_entry,"{""stop_zone_fraction"": 0.5}",delay_stop_zone_filter
mes_1h_require_no_stop_zone_touch_before_entry_sm1p00_tm3p00_d5_sz0p75,MES,1H,1min,dynamic_exit_mixed_ts4_vq0p95_bf0p6_ra1p5,1.0,3.0,5,require_no_stop_zone_touch_before_entry,"{""stop_zone_fraction"": 0.75}",delay_stop_zone_filter
mes_1h_require_no_stop_zone_touch_before_entry_sm1p00_tm3p00_d5_sz1p00,MES,1H,1min,dynamic_exit_mixed_ts4_vq0p95_bf0p6_ra1p5,1.0,3.0,5,require_no_stop_zone_touch_before_entry,"{""stop_zone_fraction"": 1.0}",delay_stop_zone_filter
mes_1h_avoid_immediate_adverse_move_sm1p00_tm3p00_d5_aw5_mt8,MES,1H,1min,dynamic_exit_mixed_ts4_vq0p95_bf0p6_ra1p5,1.0,3.0,5,avoid_immediate_adverse_move,"{""adverse_window_minutes"": 5, ""max_adverse_ticks"": 8}",delay_adverse_filter
mes_1h_avoid_immediate_adverse_move_sm1p00_tm3p00_d5_aw5_mt12,MES,1H,1min,dynamic_exit_mixed_ts4_vq0p95_bf0p6_ra1p5,1.0,3.0,5,avoid_immediate_adverse_move,"{""adverse_window_minutes"": 5, ""max_adverse_ticks"": 12}",delay_adverse_filter
mes_1h_avoid_immediate_adverse_move_sm1p00_tm3p00_d5_aw5_mt16,MES,1H,1min,dynamic_exit_mixed_ts4_vq0p95_bf0p6_ra1p5,1.0,3.0,5,avoid_immediate_adverse_move,"{""adverse_window_minutes"": 5, ""max_adverse_ticks"": 16}",delay_adverse_filter
mes_1h_require_no_stop_zone_touch_before_entry_sm1p00_tm3p00_d15_sz0p50,MES,1H,1min,dynamic_exit_mixed_ts4_vq0p95_bf0p6_ra1p5,1.0,3.0,15,require_no_stop_zone_touch_before_entry,"{""stop_zone_fraction"": 0.5}",delay_stop_zone_filter
mes_1h_require_no_stop_zone_touch_before_entry_sm1p00_tm3p00_d15_sz0p75,MES,1H,1min,dynamic_exit_mixed_ts4_vq0p95_bf0p6_ra1p5,1.0,3.0,15,require_no_stop_zone_touch_before_entry,"{""stop_zone_fraction"": 0.75}",delay_stop_zone_filter
mes_1h_require_no_stop_zone_touch_before_entry_sm1p00_tm3p00_d15_sz1p00,MES,1H,1min,dynamic_exit_mixed_ts4_vq0p95_bf0p6_ra1p5,1.0,3.0,15,require_no_stop_zone_touch_before_entry,"{""stop_zone_fraction"": 1.0}",delay_stop_zone_filter
mes_1h_avoid_immediate_adverse_move_sm1p00_tm3p00_d15_aw5_mt8,MES,1H,1min,dynamic_exit_mixed_ts4_vq0p95_bf0p6_ra1p5,1.0,3.0,15,avoid_immediate_adverse_move,"{""adverse_window_minutes"": 5, ""max_adverse_ticks"": 8}",delay_adverse_filter
mes_1h_avoid_immediate_adverse_move_sm1p00_tm3p00_d15_aw5_mt12,MES,1H,1min,dynamic_exit_mixed_ts4_vq0p95_bf0p6_ra1p5,1.0,3.0,15,avoid_immediate_adverse_move,"{""adverse_window_minutes"": 5, ""max_adverse_ticks"": 12}",delay_adverse_filter
mes_1h_avoid_immediate_adverse_move_sm1p00_tm3p00_d15_aw5_mt16,MES,1H,1min,dynamic_exit_mixed_ts4_vq0p95_bf0p6_ra1p5,1.0,3.0,15,avoid_immediate_adverse_move,"{""adverse_window_minutes"": 5, ""max_adverse_ticks"": 16}",delay_adverse_filter
mes_1h_avoid_immediate_adverse_move_sm1p00_tm3p00_d15_aw10_mt8,MES,1H,1min,dynamic_exit_mixed_ts4_vq0p95_bf0p6_ra1p5,1.0,3.0,15,avoid_immediate_adverse_move,"{""adverse_window_minutes"": 10, ""max_adverse_ticks"": 8}",delay_adverse_filter
mes_1h_avoid_immediate_adverse_move_sm1p00_tm3p00_d15_aw10_mt12,MES,1H,1min,dynamic_exit_mixed_ts4_vq0p95_bf0p6_ra1p5,1.0,3.0,15,avoid_immediate_adverse_move,"{""adverse_window_minutes"": 10, ""max_adverse_ticks"": 12}",delay_adverse_filter
mes_1h_avoid_immediate_adverse_move_sm1p00_tm3p00_d15_aw10_mt16,MES,1H,1min,dynamic_exit_mixed_ts4_vq0p95_bf0p6_ra1p5,1.0,3.0,15,avoid_immediate_adverse_move,"{""adverse_window_minutes"": 10, ""max_adverse_ticks"": 16}",delay_adverse_filter
mes_1h_require_no_stop_zone_touch_before_entry_sm1p00_tm3p00_d30_sz0p50,MES,1H,1min,dynamic_exit_mixed_ts4_vq0p95_bf0p6_ra1p5,1.0,3.0,30,require_no_stop_zone_touch_before_entry,"{""stop_zone_fraction"": 0.5}",delay_stop_zone_filter
mes_1h_require_no_stop_zone_touch_before_entry_sm1p00_tm3p00_d30_sz0p75,MES,1H,1min,dynamic_exit_mixed_ts4_vq0p95_bf0p6_ra1p5,1.0,3.0,30,require_no_stop_zone_touch_before_entry,"{""stop_zone_fraction"": 0.75}",delay_stop_zone_filter
mes_1h_require_no_stop_zone_touch_before_entry_sm1p00_tm3p00_d30_sz1p00,MES,1H,1min,dynamic_exit_mixed_ts4_vq0p95_bf0p6_ra1p5,1.0,3.0,30,require_no_stop_zone_touch_before_entry,"{""stop_zone_fraction"": 1.0}",delay_stop_zone_filter
mes_1h_avoid_immediate_adverse_move_sm1p00_tm3p00_d30_aw5_mt8,MES,1H,1min,dynamic_exit_mixed_ts4_vq0p95_bf0p6_ra1p5,1.0,3.0,30,avoid_immediate_adverse_move,"{""adverse_window_minutes"": 5, ""max_adverse_ticks"": 8}",delay_adverse_filter
mes_1h_avoid_immediate_adverse_move_sm1p00_tm3p00_d30_aw5_mt12,MES,1H,1min,dynamic_exit_mixed_ts4_vq0p95_bf0p6_ra1p5,1.0,3.0,30,avoid_immediate_adverse_move,"{""adverse_window_minutes"": 5, ""max_adverse_ticks"": 12}",delay_adverse_filter
mes_1h_avoid_immediate_adverse_move_sm1p00_tm3p00_d30_aw5_mt16,MES,1H,1min,dynamic_exit_mixed_ts4_vq0p95_bf0p6_ra1p5,1.0,3.0,30,avoid_immediate_adverse_move,"{""adverse_window_minutes"": 5, ""max_adverse_ticks"": 16}",delay_adverse_filter
mes_1h_avoid_immediate_adverse_move_sm1p00_tm3p00_d30_aw10_mt8,MES,1H,1min,dynamic_exit_mixed_ts4_vq0p95_bf0p6_ra1p5,1.0,3.0,30,avoid_immediate_adverse_move,"{""adverse_window_minutes"": 10, ""max_adverse_ticks"": 8}",delay_adverse_filter
mes_1h_avoid_immediate_adverse_move_sm1p00_tm3p00_d30_aw10_mt12,MES,1H,1min,dynamic_exit_mixed_ts4_vq0p95_bf0p6_ra1p5,1.0,3.0,30,avoid_immediate_adverse_move,"{""adverse_window_minutes"": 10, ""max_adverse_ticks"": 12}",delay_adverse_filter
mes_1h_avoid_immediate_adverse_move_sm1p00_tm3p00_d30_aw10_mt16,MES,1H,1min,dynamic_exit_mixed_ts4_vq0p95_bf0p6_ra1p5,1.0,3.0,30,avoid_immediate_adverse_move,"{""adverse_window_minutes"": 10, ""max_adverse_ticks"": 16}",delay_adverse_filter
mes_1h_require_no_stop_zone_touch_before_entry_sm1p25_tm2p00_d5_sz0p50,MES,1H,1min,dynamic_exit_mixed_ts4_vq0p95_bf0p6_ra1p5,1.25,2.0,5,require_no_stop_zone_touch_before_entry,"{""stop_zone_fraction"": 0.5}",delay_stop_zone_filter
mes_1h_require_no_stop_zone_touch_before_entry_sm1p25_tm2p00_d5_sz0p75,MES,1H,1min,dynamic_exit_mixed_ts4_vq0p95_bf0p6_ra1p5,1.25,2.0,5,require_no_stop_zone_touch_before_entry,"{""stop_zone_fraction"": 0.75}",delay_stop_zone_filter
mes_1h_require_no_stop_zone_touch_before_entry_sm1p25_tm2p00_d5_sz1p00,MES,1H,1min,dynamic_exit_mixed_ts4_vq0p95_bf0p6_ra1p5,1.25,2.0,5,require_no_stop_zone_touch_before_entry,"{""stop_zone_fraction"": 1.0}",delay_stop_zone_filter
mes_1h_avoid_immediate_adverse_move_sm1p25_tm2p00_d5_aw5_mt8,MES,1H,1min,dynamic_exit_mixed_ts4_vq0p95_bf0p6_ra1p5,1.25,2.0,5,avoid_immediate_adverse_move,"{""adverse_window_minutes"": 5, ""max_adverse_ticks"": 8}",delay_adverse_filter
mes_1h_avoid_immediate_adverse_move_sm1p25_tm2p00_d5_aw5_mt12,MES,1H,1min,dynamic_exit_mixed_ts4_vq0p95_bf0p6_ra1p5,1.25,2.0,5,avoid_immediate_adverse_move,"{""adverse_window_minutes"": 5, ""max_adverse_ticks"": 12}",delay_adverse_filter
mes_1h_avoid_immediate_adverse_move_sm1p25_tm2p00_d5_aw5_mt16,MES,1H,1min,dynamic_exit_mixed_ts4_vq0p95_bf0p6_ra1p5,1.25,2.0,5,avoid_immediate_adverse_move,"{""adverse_window_minutes"": 5, ""max_adverse_ticks"": 16}",delay_adverse_filter
mes_1h_require_no_stop_zone_touch_before_entry_sm1p25_tm2p00_d15_sz0p50,MES,1H,1min,dynamic_exit_mixed_ts4_vq0p95_bf0p6_ra1p5,1.25,2.0,15,require_no_stop_zone_touch_before_entry,"{""stop_zone_fraction"": 0.5}",delay_stop_zone_filter
mes_1h_require_no_stop_zone_touch_before_entry_sm1p25_tm2p00_d15_sz0p75,MES,1H,1min,dynamic_exit_mixed_ts4_vq0p95_bf0p6_ra1p5,1.25,2.0,15,require_no_stop_zone_touch_before_entry,"{""stop_zone_fraction"": 0.75}",delay_stop_zone_filter
mes_1h_require_no_stop_zone_touch_before_entry_sm1p25_tm2p00_d15_sz1p00,MES,1H,1min,dynamic_exit_mixed_ts4_vq0p95_bf0p6_ra1p5,1.25,2.0,15,require_no_stop_zone_touch_before_entry,"{""stop_zone_fraction"": 1.0}",delay_stop_zone_filter
mes_1h_avoid_immediate_adverse_move_sm1p25_tm2p00_d15_aw5_mt8,MES,1H,1min,dynamic_exit_mixed_ts4_vq0p95_bf0p6_ra1p5,1.25,2.0,15,avoid_immediate_adverse_move,"{""adverse_window_minutes"": 5, ""max_adverse_ticks"": 8}",delay_adverse_filter
mes_1h_avoid_immediate_adverse_move_sm1p25_tm2p00_d15_aw5_mt12,MES,1H,1min,dynamic_exit_mixed_ts4_vq0p95_bf0p6_ra1p5,1.25,2.0,15,avoid_immediate_adverse_move,"{""adverse_window_minutes"": 5, ""max_adverse_ticks"": 12}",delay_adverse_filter
mes_1h_avoid_immediate_adverse_move_sm1p25_tm2p00_d15_aw5_mt16,MES,1H,1min,dynamic_exit_mixed_ts4_vq0p95_bf0p6_ra1p5,1.25,2.0,15,avoid_immediate_adverse_move,"{""adverse_window_minutes"": 5, ""max_adverse_ticks"": 16}",delay_adverse_filter
mes_1h_avoid_immediate_adverse_move_sm1p25_tm2p00_d15_aw10_mt8,MES,1H,1min,dynamic_exit_mixed_ts4_vq0p95_bf0p6_ra1p5,1.25,2.0,15,avoid_immediate_adverse_move,"{""adverse_window_minutes"": 10, ""max_adverse_ticks"": 8}",delay_adverse_filter
mes_1h_avoid_immediate_adverse_move_sm1p25_tm2p00_d15_aw10_mt12,MES,1H,1min,dynamic_exit_mixed_ts4_vq0p95_bf0p6_ra1p5,1.25,2.0,15,avoid_immediate_adverse_move,"{""adverse_window_minutes"": 10, ""max_adverse_ticks"": 12}",delay_adverse_filter
mes_1h_avoid_immediate_adverse_move_sm1p25_tm2p00_d15_aw10_mt16,MES,1H,1min,dynamic_exit_mixed_ts4_vq0p95_bf0p6_ra1p5,1.25,2.0,15,avoid_immediate_adverse_move,"{""adverse_window_minutes"": 10, ""max_adverse_ticks"": 16}",delay_adverse_filter
mes_1h_require_no_stop_zone_touch_before_entry_sm1p25_tm2p00_d30_sz0p50,MES,1H,1min,dynamic_exit_mixed_ts4_vq0p95_bf0p6_ra1p5,1.25,2.0,30,require_no_stop_zone_touch_before_entry,"{""stop_zone_fraction"": 0.5}",delay_stop_zone_filter
mes_1h_require_no_stop_zone_touch_before_entry_sm1p25_tm2p00_d30_sz0p75,MES,1H,1min,dynamic_exit_mixed_ts4_vq0p95_bf0p6_ra1p5,1.25,2.0,30,require_no_stop_zone_touch_before_entry,"{""stop_zone_fraction"": 0.75}",delay_stop_zone_filter
mes_1h_require_no_stop_zone_touch_before_entry_sm1p25_tm2p00_d30_sz1p00,MES,1H,1min,dynamic_exit_mixed_ts4_vq0p95_bf0p6_ra1p5,1.25,2.0,30,require_no_stop_zone_touch_before_entry,"{""stop_zone_fraction"": 1.0}",delay_stop_zone_filter
mes_1h_avoid_immediate_adverse_move_sm1p25_tm2p00_d30_aw5_mt8,MES,1H,1min,dynamic_exit_mixed_ts4_vq0p95_bf0p6_ra1p5,1.25,2.0,30,avoid_immediate_adverse_move,"{""adverse_window_minutes"": 5, ""max_adverse_ticks"": 8}",delay_adverse_filter
mes_1h_avoid_immediate_adverse_move_sm1p25_tm2p00_d30_aw5_mt12,MES,1H,1min,dynamic_exit_mixed_ts4_vq0p95_bf0p6_ra1p5,1.25,2.0,30,avoid_immediate_adverse_move,"{""adverse_window_minutes"": 5, ""max_adverse_ticks"": 12}",delay_adverse_filter
mes_1h_avoid_immediate_adverse_move_sm1p25_tm2p00_d30_aw5_mt16,MES,1H,1min,dynamic_exit_mixed_ts4_vq0p95_bf0p6_ra1p5,1.25,2.0,30,avoid_immediate_adverse_move,"{""adverse_window_minutes"": 5, ""max_adverse_ticks"": 16}",delay_adverse_filter
mes_1h_avoid_immediate_adverse_move_sm1p25_tm2p00_d30_aw10_mt8,MES,1H,1min,dynamic_exit_mixed_ts4_vq0p95_bf0p6_ra1p5,1.25,2.0,30,avoid_immediate_adverse_move,"{""adverse_window_minutes"": 10, ""max_adverse_ticks"": 8}",delay_adverse_filter
mes_1h_avoid_immediate_adverse_move_sm1p25_tm2p00_d30_aw10_mt12,MES,1H,1min,dynamic_exit_mixed_ts4_vq0p95_bf0p6_ra1p5,1.25,2.0,30,avoid_immediate_adverse_move,"{""adverse_window_minutes"": 10, ""max_adverse_ticks"": 12}",delay_adverse_filter
mes_1h_avoid_immediate_adverse_move_sm1p25_tm2p00_d30_aw10_mt16,MES,1H,1min,dynamic_exit_mixed_ts4_vq0p95_bf0p6_ra1p5,1.25,2.0,30,avoid_immediate_adverse_move,"{""adverse_window_minutes"": 10, ""max_adverse_ticks"": 16}",delay_adverse_filter
mes_1h_require_no_stop_zone_touch_before_entry_sm1p25_tm2p50_d5_sz0p50,MES,1H,1min,dynamic_exit_mixed_ts4_vq0p95_bf0p6_ra1p5,1.25,2.5,5,require_no_stop_zone_touch_before_entry,"{""stop_zone_fraction"": 0.5}",delay_stop_zone_filter
mes_1h_require_no_stop_zone_touch_before_entry_sm1p25_tm2p50_d5_sz0p75,MES,1H,1min,dynamic_exit_mixed_ts4_vq0p95_bf0p6_ra1p5,1.25,2.5,5,require_no_stop_zone_touch_before_entry,"{""stop_zone_fraction"": 0.75}",delay_stop_zone_filter
mes_1h_require_no_stop_zone_touch_before_entry_sm1p25_tm2p50_d5_sz1p00,MES,1H,1min,dynamic_exit_mixed_ts4_vq0p95_bf0p6_ra1p5,1.25,2.5,5,require_no_stop_zone_touch_before_entry,"{""stop_zone_fraction"": 1.0}",delay_stop_zone_filter
mes_1h_avoid_immediate_adverse_move_sm1p25_tm2p50_d5_aw5_mt8,MES,1H,1min,dynamic_exit_mixed_ts4_vq0p95_bf0p6_ra1p5,1.25,2.5,5,avoid_immediate_adverse_move,"{""adverse_window_minutes"": 5, ""max_adverse_ticks"": 8}",delay_adverse_filter
mes_1h_avoid_immediate_adverse_move_sm1p25_tm2p50_d5_aw5_mt12,MES,1H,1min,dynamic_exit_mixed_ts4_vq0p95_bf0p6_ra1p5,1.25,2.5,5,avoid_immediate_adverse_move,"{""adverse_window_minutes"": 5, ""max_adverse_ticks"": 12}",delay_adverse_filter
mes_1h_avoid_immediate_adverse_move_sm1p25_tm2p50_d5_aw5_mt16,MES,1H,1min,dynamic_exit_mixed_ts4_vq0p95_bf0p6_ra1p5,1.25,2.5,5,avoid_immediate_adverse_move,"{""adverse_window_minutes"": 5, ""max_adverse_ticks"": 16}",delay_adverse_filter
mes_1h_require_no_stop_zone_touch_before_entry_sm1p25_tm2p50_d15_sz0p50,MES,1H,1min,dynamic_exit_mixed_ts4_vq0p95_bf0p6_ra1p5,1.25,2.5,15,require_no_stop_zone_touch_before_entry,"{""stop_zone_fraction"": 0.5}",delay_stop_zone_filter
mes_1h_require_no_stop_zone_touch_before_entry_sm1p25_tm2p50_d15_sz0p75,MES,1H,1min,dynamic_exit_mixed_ts4_vq0p95_bf0p6_ra1p5,1.25,2.5,15,require_no_stop_zone_touch_before_entry,"{""stop_zone_fraction"": 0.75}",delay_stop_zone_filter
mes_1h_require_no_stop_zone_touch_before_entry_sm1p25_tm2p50_d15_sz1p00,MES,1H,1min,dynamic_exit_mixed_ts4_vq0p95_bf0p6_ra1p5,1.25,2.5,15,require_no_stop_zone_touch_before_entry,"{""stop_zone_fraction"": 1.0}",delay_stop_zone_filter
mes_1h_avoid_immediate_adverse_move_sm1p25_tm2p50_d15_aw5_mt8,MES,1H,1min,dynamic_exit_mixed_ts4_vq0p95_bf0p6_ra1p5,1.25,2.5,15,avoid_immediate_adverse_move,"{""adverse_window_minutes"": 5, ""max_adverse_ticks"": 8}",delay_adverse_filter
mes_1h_avoid_immediate_adverse_move_sm1p25_tm2p50_d15_aw5_mt12,MES,1H,1min,dynamic_exit_mixed_ts4_vq0p95_bf0p6_ra1p5,1.25,2.5,15,avoid_immediate_adverse_move,"{""adverse_window_minutes"": 5, ""max_adverse_ticks"": 12}",delay_adverse_filter
mes_1h_avoid_immediate_adverse_move_sm1p25_tm2p50_d15_aw5_mt16,MES,1H,1min,dynamic_exit_mixed_ts4_vq0p95_bf0p6_ra1p5,1.25,2.5,15,avoid_immediate_adverse_move,"{""adverse_window_minutes"": 5, ""max_adverse_ticks"": 16}",delay_adverse_filter
mes_1h_avoid_immediate_adverse_move_sm1p25_tm2p50_d15_aw10_mt8,MES,1H,1min,dynamic_exit_mixed_ts4_vq0p95_bf0p6_ra1p5,1.25,2.5,15,avoid_immediate_adverse_move,"{""adverse_window_minutes"": 10, ""max_adverse_ticks"": 8}",delay_adverse_filter
mes_1h_avoid_immediate_adverse_move_sm1p25_tm2p50_d15_aw10_mt12,MES,1H,1min,dynamic_exit_mixed_ts4_vq0p95_bf0p6_ra1p5,1.25,2.5,15,avoid_immediate_adverse_move,"{""adverse_window_minutes"": 10, ""max_adverse_ticks"": 12}",delay_adverse_filter
mes_1h_avoid_immediate_adverse_move_sm1p25_tm2p50_d15_aw10_mt16,MES,1H,1min,dynamic_exit_mixed_ts4_vq0p95_bf0p6_ra1p5,1.25,2.5,15,avoid_immediate_adverse_move,"{""adverse_window_minutes"": 10, ""max_adverse_ticks"": 16}",delay_adverse_filter
mes_1h_require_no_stop_zone_touch_before_entry_sm1p25_tm2p50_d30_sz0p50,MES,1H,1min,dynamic_exit_mixed_ts4_vq0p95_bf0p6_ra1p5,1.25,2.5,30,require_no_stop_zone_touch_before_entry,"{""stop_zone_fraction"": 0.5}",delay_stop_zone_filter
mes_1h_require_no_stop_zone_touch_before_entry_sm1p25_tm2p50_d30_sz0p75,MES,1H,1min,dynamic_exit_mixed_ts4_vq0p95_bf0p6_ra1p5,1.25,2.5,30,require_no_stop_zone_touch_before_entry,"{""stop_zone_fraction"": 0.75}",delay_stop_zone_filter
mes_1h_require_no_stop_zone_touch_before_entry_sm1p25_tm2p50_d30_sz1p00,MES,1H,1min,dynamic_exit_mixed_ts4_vq0p95_bf0p6_ra1p5,1.25,2.5,30,require_no_stop_zone_touch_before_entry,"{""stop_zone_fraction"": 1.0}",delay_stop_zone_filter
mes_1h_avoid_immediate_adverse_move_sm1p25_tm2p50_d30_aw5_mt8,MES,1H,1min,dynamic_exit_mixed_ts4_vq0p95_bf0p6_ra1p5,1.25,2.5,30,avoid_immediate_adverse_move,"{""adverse_window_minutes"": 5, ""max_adverse_ticks"": 8}",delay_adverse_filter
mes_1h_avoid_immediate_adverse_move_sm1p25_tm2p50_d30_aw5_mt12,MES,1H,1min,dynamic_exit_mixed_ts4_vq0p95_bf0p6_ra1p5,1.25,2.5,30,avoid_immediate_adverse_move,"{""adverse_window_minutes"": 5, ""max_adverse_ticks"": 12}",delay_adverse_filter
mes_1h_avoid_immediate_adverse_move_sm1p25_tm2p50_d30_aw5_mt16,MES,1H,1min,dynamic_exit_mixed_ts4_vq0p95_bf0p6_ra1p5,1.25,2.5,30,avoid_immediate_adverse_move,"{""adverse_window_minutes"": 5, ""max_adverse_ticks"": 16}",delay_adverse_filter
mes_1h_avoid_immediate_adverse_move_sm1p25_tm2p50_d30_aw10_mt8,MES,1H,1min,dynamic_exit_mixed_ts4_vq0p95_bf0p6_ra1p5,1.25,2.5,30,avoid_immediate_adverse_move,"{""adverse_window_minutes"": 10, ""max_adverse_ticks"": 8}",delay_adverse_filter
mes_1h_avoid_immediate_adverse_move_sm1p25_tm2p50_d30_aw10_mt12,MES,1H,1min,dynamic_exit_mixed_ts4_vq0p95_bf0p6_ra1p5,1.25,2.5,30,avoid_immediate_adverse_move,"{""adverse_window_minutes"": 10, ""max_adverse_ticks"": 12}",delay_adverse_filter
mes_1h_avoid_immediate_adverse_move_sm1p25_tm2p50_d30_aw10_mt16,MES,1H,1min,dynamic_exit_mixed_ts4_vq0p95_bf0p6_ra1p5,1.25,2.5,30,avoid_immediate_adverse_move,"{""adverse_window_minutes"": 10, ""max_adverse_ticks"": 16}",delay_adverse_filter
mes_1h_require_no_stop_zone_touch_before_entry_sm1p25_tm3p00_d5_sz0p50,MES,1H,1min,dynamic_exit_mixed_ts4_vq0p95_bf0p6_ra1p5,1.25,3.0,5,require_no_stop_zone_touch_before_entry,"{""stop_zone_fraction"": 0.5}",delay_stop_zone_filter
mes_1h_require_no_stop_zone_touch_before_entry_sm1p25_tm3p00_d5_sz0p75,MES,1H,1min,dynamic_exit_mixed_ts4_vq0p95_bf0p6_ra1p5,1.25,3.0,5,require_no_stop_zone_touch_before_entry,"{""stop_zone_fraction"": 0.75}",delay_stop_zone_filter
mes_1h_require_no_stop_zone_touch_before_entry_sm1p25_tm3p00_d5_sz1p00,MES,1H,1min,dynamic_exit_mixed_ts4_vq0p95_bf0p6_ra1p5,1.25,3.0,5,require_no_stop_zone_touch_before_entry,"{""stop_zone_fraction"": 1.0}",delay_stop_zone_filter
mes_1h_avoid_immediate_adverse_move_sm1p25_tm3p00_d5_aw5_mt8,MES,1H,1min,dynamic_exit_mixed_ts4_vq0p95_bf0p6_ra1p5,1.25,3.0,5,avoid_immediate_adverse_move,"{""adverse_window_minutes"": 5, ""max_adverse_ticks"": 8}",delay_adverse_filter
mes_1h_avoid_immediate_adverse_move_sm1p25_tm3p00_d5_aw5_mt12,MES,1H,1min,dynamic_exit_mixed_ts4_vq0p95_bf0p6_ra1p5,1.25,3.0,5,avoid_immediate_adverse_move,"{""adverse_window_minutes"": 5, ""max_adverse_ticks"": 12}",delay_adverse_filter
mes_1h_avoid_immediate_adverse_move_sm1p25_tm3p00_d5_aw5_mt16,MES,1H,1min,dynamic_exit_mixed_ts4_vq0p95_bf0p6_ra1p5,1.25,3.0,5,avoid_immediate_adverse_move,"{""adverse_window_minutes"": 5, ""max_adverse_ticks"": 16}",delay_adverse_filter
mes_1h_require_no_stop_zone_touch_before_entry_sm1p25_tm3p00_d15_sz0p50,MES,1H,1min,dynamic_exit_mixed_ts4_vq0p95_bf0p6_ra1p5,1.25,3.0,15,require_no_stop_zone_touch_before_entry,"{""stop_zone_fraction"": 0.5}",delay_stop_zone_filter
mes_1h_require_no_stop_zone_touch_before_entry_sm1p25_tm3p00_d15_sz0p75,MES,1H,1min,dynamic_exit_mixed_ts4_vq0p95_bf0p6_ra1p5,1.25,3.0,15,require_no_stop_zone_touch_before_entry,"{""stop_zone_fraction"": 0.75}",delay_stop_zone_filter
mes_1h_require_no_stop_zone_touch_before_entry_sm1p25_tm3p00_d15_sz1p00,MES,1H,1min,dynamic_exit_mixed_ts4_vq0p95_bf0p6_ra1p5,1.25,3.0,15,require_no_stop_zone_touch_before_entry,"{""stop_zone_fraction"": 1.0}",delay_stop_zone_filter
mes_1h_avoid_immediate_adverse_move_sm1p25_tm3p00_d15_aw5_mt8,MES,1H,1min,dynamic_exit_mixed_ts4_vq0p95_bf0p6_ra1p5,1.25,3.0,15,avoid_immediate_adverse_move,"{""adverse_window_minutes"": 5, ""max_adverse_ticks"": 8}",delay_adverse_filter
mes_1h_avoid_immediate_adverse_move_sm1p25_tm3p00_d15_aw5_mt12,MES,1H,1min,dynamic_exit_mixed_ts4_vq0p95_bf0p6_ra1p5,1.25,3.0,15,avoid_immediate_adverse_move,"{""adverse_window_minutes"": 5, ""max_adverse_ticks"": 12}",delay_adverse_filter
mes_1h_avoid_immediate_adverse_move_sm1p25_tm3p00_d15_aw5_mt16,MES,1H,1min,dynamic_exit_mixed_ts4_vq0p95_bf0p6_ra1p5,1.25,3.0,15,avoid_immediate_adverse_move,"{""adverse_window_minutes"": 5, ""max_adverse_ticks"": 16}",delay_adverse_filter
mes_1h_avoid_immediate_adverse_move_sm1p25_tm3p00_d15_aw10_mt8,MES,1H,1min,dynamic_exit_mixed_ts4_vq0p95_bf0p6_ra1p5,1.25,3.0,15,avoid_immediate_adverse_move,"{""adverse_window_minutes"": 10, ""max_adverse_ticks"": 8}",delay_adverse_filter
mes_1h_avoid_immediate_adverse_move_sm1p25_tm3p00_d15_aw10_mt12,MES,1H,1min,dynamic_exit_mixed_ts4_vq0p95_bf0p6_ra1p5,1.25,3.0,15,avoid_immediate_adverse_move,"{""adverse_window_minutes"": 10, ""max_adverse_ticks"": 12}",delay_adverse_filter
mes_1h_avoid_immediate_adverse_move_sm1p25_tm3p00_d15_aw10_mt16,MES,1H,1min,dynamic_exit_mixed_ts4_vq0p95_bf0p6_ra1p5,1.25,3.0,15,avoid_immediate_adverse_move,"{""adverse_window_minutes"": 10, ""max_adverse_ticks"": 16}",delay_adverse_filter
mes_1h_require_no_stop_zone_touch_before_entry_sm1p25_tm3p00_d30_sz0p50,MES,1H,1min,dynamic_exit_mixed_ts4_vq0p95_bf0p6_ra1p5,1.25,3.0,30,require_no_stop_zone_touch_before_entry,"{""stop_zone_fraction"": 0.5}",delay_stop_zone_filter
mes_1h_require_no_stop_zone_touch_before_entry_sm1p25_tm3p00_d30_sz0p75,MES,1H,1min,dynamic_exit_mixed_ts4_vq0p95_bf0p6_ra1p5,1.25,3.0,30,require_no_stop_zone_touch_before_entry,"{""stop_zone_fraction"": 0.75}",delay_stop_zone_filter
mes_1h_require_no_stop_zone_touch_before_entry_sm1p25_tm3p00_d30_sz1p00,MES,1H,1min,dynamic_exit_mixed_ts4_vq0p95_bf0p6_ra1p5,1.25,3.0,30,require_no_stop_zone_touch_before_entry,"{""stop_zone_fraction"": 1.0}",delay_stop_zone_filter
mes_1h_avoid_immediate_adverse_move_sm1p25_tm3p00_d30_aw5_mt8,MES,1H,1min,dynamic_exit_mixed_ts4_vq0p95_bf0p6_ra1p5,1.25,3.0,30,avoid_immediate_adverse_move,"{""adverse_window_minutes"": 5, ""max_adverse_ticks"": 8}",delay_adverse_filter
mes_1h_avoid_immediate_adverse_move_sm1p25_tm3p00_d30_aw5_mt12,MES,1H,1min,dynamic_exit_mixed_ts4_vq0p95_bf0p6_ra1p5,1.25,3.0,30,avoid_immediate_adverse_move,"{""adverse_window_minutes"": 5, ""max_adverse_ticks"": 12}",delay_adverse_filter
mes_1h_avoid_immediate_adverse_move_sm1p25_tm3p00_d30_aw5_mt16,MES,1H,1min,dynamic_exit_mixed_ts4_vq0p95_bf0p6_ra1p5,1.25,3.0,30,avoid_immediate_adverse_move,"{""adverse_window_minutes"": 5, ""max_adverse_ticks"": 16}",delay_adverse_filter
mes_1h_avoid_immediate_adverse_move_sm1p25_tm3p00_d30_aw10_mt8,MES,1H,1min,dynamic_exit_mixed_ts4_vq0p95_bf0p6_ra1p5,1.25,3.0,30,avoid_immediate_adverse_move,"{""adverse_window_minutes"": 10, ""max_adverse_ticks"": 8}",delay_adverse_filter
mes_1h_avoid_immediate_adverse_move_sm1p25_tm3p00_d30_aw10_mt12,MES,1H,1min,dynamic_exit_mixed_ts4_vq0p95_bf0p6_ra1p5,1.25,3.0,30,avoid_immediate_adverse_move,"{""adverse_window_minutes"": 10, ""max_adverse_ticks"": 12}",delay_adverse_filter
mes_1h_avoid_immediate_adverse_move_sm1p25_tm3p00_d30_aw10_mt16,MES,1H,1min,dynamic_exit_mixed_ts4_vq0p95_bf0p6_ra1p5,1.25,3.0,30,avoid_immediate_adverse_move,"{""adverse_window_minutes"": 10, ""max_adverse_ticks"": 16}",delay_adverse_filter
m2k_15min_none_sm1p00_tm1p00_d0,M2K,15min,1min,dynamic_exit_atr_target_1p0_ts4_vq0p95_bf0p5_ra1p2,1.0,1.0,0,none,{},raw_hybrid
m2k_15min_none_sm1p00_tm1p00_d5,M2K,15min,1min,dynamic_exit_atr_target_1p0_ts4_vq0p95_bf0p5_ra1p2,1.0,1.0,5,none,{},delay_only
m2k_15min_none_sm1p00_tm1p00_d15,M2K,15min,1min,dynamic_exit_atr_target_1p0_ts4_vq0p95_bf0p5_ra1p2,1.0,1.0,15,none,{},delay_only
m2k_15min_none_sm1p00_tm1p00_d30,M2K,15min,1min,dynamic_exit_atr_target_1p0_ts4_vq0p95_bf0p5_ra1p2,1.0,1.0,30,none,{},delay_only
m2k_15min_none_sm0p75_tm1p50_d0,M2K,15min,1min,dynamic_exit_atr_target_1p0_ts4_vq0p95_bf0p5_ra1p2,0.75,1.5,0,none,{},stop_target_recalibration
m2k_15min_none_sm0p75_tm1p50_d5,M2K,15min,1min,dynamic_exit_atr_target_1p0_ts4_vq0p95_bf0p5_ra1p2,0.75,1.5,5,none,{},delay_stop_target
m2k_15min_none_sm0p75_tm1p50_d15,M2K,15min,1min,dynamic_exit_atr_target_1p0_ts4_vq0p95_bf0p5_ra1p2,0.75,1.5,15,none,{},delay_stop_target
m2k_15min_none_sm0p75_tm1p50_d30,M2K,15min,1min,dynamic_exit_atr_target_1p0_ts4_vq0p95_bf0p5_ra1p2,0.75,1.5,30,none,{},delay_stop_target
m2k_15min_none_sm0p75_tm2p00_d0,M2K,15min,1min,dynamic_exit_atr_target_1p0_ts4_vq0p95_bf0p5_ra1p2,0.75,2.0,0,none,{},stop_target_recalibration
m2k_15min_none_sm0p75_tm2p00_d5,M2K,15min,1min,dynamic_exit_atr_target_1p0_ts4_vq0p95_bf0p5_ra1p2,0.75,2.0,5,none,{},delay_stop_target
m2k_15min_none_sm0p75_tm2p00_d15,M2K,15min,1min,dynamic_exit_atr_target_1p0_ts4_vq0p95_bf0p5_ra1p2,0.75,2.0,15,none,{},delay_stop_target
m2k_15min_none_sm0p75_tm2p00_d30,M2K,15min,1min,dynamic_exit_atr_target_1p0_ts4_vq0p95_bf0p5_ra1p2,0.75,2.0,30,none,{},delay_stop_target
m2k_15min_none_sm0p75_tm2p50_d0,M2K,15min,1min,dynamic_exit_atr_target_1p0_ts4_vq0p95_bf0p5_ra1p2,0.75,2.5,0,none,{},stop_target_recalibration
m2k_15min_none_sm0p75_tm2p50_d5,M2K,15min,1min,dynamic_exit_atr_target_1p0_ts4_vq0p95_bf0p5_ra1p2,0.75,2.5,5,none,{},delay_stop_target
m2k_15min_none_sm0p75_tm2p50_d15,M2K,15min,1min,dynamic_exit_atr_target_1p0_ts4_vq0p95_bf0p5_ra1p2,0.75,2.5,15,none,{},delay_stop_target
m2k_15min_none_sm0p75_tm2p50_d30,M2K,15min,1min,dynamic_exit_atr_target_1p0_ts4_vq0p95_bf0p5_ra1p2,0.75,2.5,30,none,{},delay_stop_target
m2k_15min_none_sm0p75_tm3p00_d0,M2K,15min,1min,dynamic_exit_atr_target_1p0_ts4_vq0p95_bf0p5_ra1p2,0.75,3.0,0,none,{},stop_target_recalibration
m2k_15min_none_sm0p75_tm3p00_d5,M2K,15min,1min,dynamic_exit_atr_target_1p0_ts4_vq0p95_bf0p5_ra1p2,0.75,3.0,5,none,{},delay_stop_target
m2k_15min_none_sm0p75_tm3p00_d15,M2K,15min,1min,dynamic_exit_atr_target_1p0_ts4_vq0p95_bf0p5_ra1p2,0.75,3.0,15,none,{},delay_stop_target
m2k_15min_none_sm0p75_tm3p00_d30,M2K,15min,1min,dynamic_exit_atr_target_1p0_ts4_vq0p95_bf0p5_ra1p2,0.75,3.0,30,none,{},delay_stop_target
m2k_15min_none_sm1p00_tm1p50_d0,M2K,15min,1min,dynamic_exit_atr_target_1p0_ts4_vq0p95_bf0p5_ra1p2,1.0,1.5,0,none,{},stop_target_recalibration
m2k_15min_none_sm1p00_tm1p50_d5,M2K,15min,1min,dynamic_exit_atr_target_1p0_ts4_vq0p95_bf0p5_ra1p2,1.0,1.5,5,none,{},delay_stop_target
m2k_15min_none_sm1p00_tm1p50_d15,M2K,15min,1min,dynamic_exit_atr_target_1p0_ts4_vq0p95_bf0p5_ra1p2,1.0,1.5,15,none,{},delay_stop_target
m2k_15min_none_sm1p00_tm1p50_d30,M2K,15min,1min,dynamic_exit_atr_target_1p0_ts4_vq0p95_bf0p5_ra1p2,1.0,1.5,30,none,{},delay_stop_target
m2k_15min_none_sm1p00_tm2p00_d0,M2K,15min,1min,dynamic_exit_atr_target_1p0_ts4_vq0p95_bf0p5_ra1p2,1.0,2.0,0,none,{},stop_target_recalibration
m2k_15min_none_sm1p00_tm2p00_d5,M2K,15min,1min,dynamic_exit_atr_target_1p0_ts4_vq0p95_bf0p5_ra1p2,1.0,2.0,5,none,{},delay_stop_target
m2k_15min_none_sm1p00_tm2p00_d15,M2K,15min,1min,dynamic_exit_atr_target_1p0_ts4_vq0p95_bf0p5_ra1p2,1.0,2.0,15,none,{},delay_stop_target
m2k_15min_none_sm1p00_tm2p00_d30,M2K,15min,1min,dynamic_exit_atr_target_1p0_ts4_vq0p95_bf0p5_ra1p2,1.0,2.0,30,none,{},delay_stop_target
m2k_15min_none_sm1p00_tm2p50_d0,M2K,15min,1min,dynamic_exit_atr_target_1p0_ts4_vq0p95_bf0p5_ra1p2,1.0,2.5,0,none,{},stop_target_recalibration
m2k_15min_none_sm1p00_tm2p50_d5,M2K,15min,1min,dynamic_exit_atr_target_1p0_ts4_vq0p95_bf0p5_ra1p2,1.0,2.5,5,none,{},delay_stop_target
m2k_15min_none_sm1p00_tm2p50_d15,M2K,15min,1min,dynamic_exit_atr_target_1p0_ts4_vq0p95_bf0p5_ra1p2,1.0,2.5,15,none,{},delay_stop_target
m2k_15min_none_sm1p00_tm2p50_d30,M2K,15min,1min,dynamic_exit_atr_target_1p0_ts4_vq0p95_bf0p5_ra1p2,1.0,2.5,30,none,{},delay_stop_target
m2k_15min_none_sm1p00_tm3p00_d0,M2K,15min,1min,dynamic_exit_atr_target_1p0_ts4_vq0p95_bf0p5_ra1p2,1.0,3.0,0,none,{},stop_target_recalibration
m2k_15min_none_sm1p00_tm3p00_d5,M2K,15min,1min,dynamic_exit_atr_target_1p0_ts4_vq0p95_bf0p5_ra1p2,1.0,3.0,5,none,{},delay_stop_target
m2k_15min_none_sm1p00_tm3p00_d15,M2K,15min,1min,dynamic_exit_atr_target_1p0_ts4_vq0p95_bf0p5_ra1p2,1.0,3.0,15,none,{},delay_stop_target
m2k_15min_none_sm1p00_tm3p00_d30,M2K,15min,1min,dynamic_exit_atr_target_1p0_ts4_vq0p95_bf0p5_ra1p2,1.0,3.0,30,none,{},delay_stop_target
m2k_15min_none_sm1p25_tm1p50_d0,M2K,15min,1min,dynamic_exit_atr_target_1p0_ts4_vq0p95_bf0p5_ra1p2,1.25,1.5,0,none,{},stop_target_recalibration
m2k_15min_none_sm1p25_tm1p50_d5,M2K,15min,1min,dynamic_exit_atr_target_1p0_ts4_vq0p95_bf0p5_ra1p2,1.25,1.5,5,none,{},delay_stop_target
m2k_15min_none_sm1p25_tm1p50_d15,M2K,15min,1min,dynamic_exit_atr_target_1p0_ts4_vq0p95_bf0p5_ra1p2,1.25,1.5,15,none,{},delay_stop_target
m2k_15min_none_sm1p25_tm1p50_d30,M2K,15min,1min,dynamic_exit_atr_target_1p0_ts4_vq0p95_bf0p5_ra1p2,1.25,1.5,30,none,{},delay_stop_target
m2k_15min_none_sm1p25_tm2p00_d0,M2K,15min,1min,dynamic_exit_atr_target_1p0_ts4_vq0p95_bf0p5_ra1p2,1.25,2.0,0,none,{},stop_target_recalibration
m2k_15min_none_sm1p25_tm2p00_d5,M2K,15min,1min,dynamic_exit_atr_target_1p0_ts4_vq0p95_bf0p5_ra1p2,1.25,2.0,5,none,{},delay_stop_target
m2k_15min_none_sm1p25_tm2p00_d15,M2K,15min,1min,dynamic_exit_atr_target_1p0_ts4_vq0p95_bf0p5_ra1p2,1.25,2.0,15,none,{},delay_stop_target
m2k_15min_none_sm1p25_tm2p00_d30,M2K,15min,1min,dynamic_exit_atr_target_1p0_ts4_vq0p95_bf0p5_ra1p2,1.25,2.0,30,none,{},delay_stop_target
m2k_15min_none_sm1p25_tm2p50_d0,M2K,15min,1min,dynamic_exit_atr_target_1p0_ts4_vq0p95_bf0p5_ra1p2,1.25,2.5,0,none,{},stop_target_recalibration
m2k_15min_none_sm1p25_tm2p50_d5,M2K,15min,1min,dynamic_exit_atr_target_1p0_ts4_vq0p95_bf0p5_ra1p2,1.25,2.5,5,none,{},delay_stop_target
m2k_15min_none_sm1p25_tm2p50_d15,M2K,15min,1min,dynamic_exit_atr_target_1p0_ts4_vq0p95_bf0p5_ra1p2,1.25,2.5,15,none,{},delay_stop_target
m2k_15min_none_sm1p25_tm2p50_d30,M2K,15min,1min,dynamic_exit_atr_target_1p0_ts4_vq0p95_bf0p5_ra1p2,1.25,2.5,30,none,{},delay_stop_target
m2k_15min_none_sm1p25_tm3p00_d0,M2K,15min,1min,dynamic_exit_atr_target_1p0_ts4_vq0p95_bf0p5_ra1p2,1.25,3.0,0,none,{},stop_target_recalibration
m2k_15min_none_sm1p25_tm3p00_d5,M2K,15min,1min,dynamic_exit_atr_target_1p0_ts4_vq0p95_bf0p5_ra1p2,1.25,3.0,5,none,{},delay_stop_target
m2k_15min_none_sm1p25_tm3p00_d15,M2K,15min,1min,dynamic_exit_atr_target_1p0_ts4_vq0p95_bf0p5_ra1p2,1.25,3.0,15,none,{},delay_stop_target
m2k_15min_none_sm1p25_tm3p00_d30,M2K,15min,1min,dynamic_exit_atr_target_1p0_ts4_vq0p95_bf0p5_ra1p2,1.25,3.0,30,none,{},delay_stop_target
m2k_15min_none_sm1p50_tm1p50_d0,M2K,15min,1min,dynamic_exit_atr_target_1p0_ts4_vq0p95_bf0p5_ra1p2,1.5,1.5,0,none,{},stop_target_recalibration
m2k_15min_none_sm1p50_tm1p50_d5,M2K,15min,1min,dynamic_exit_atr_target_1p0_ts4_vq0p95_bf0p5_ra1p2,1.5,1.5,5,none,{},delay_stop_target
m2k_15min_none_sm1p50_tm1p50_d15,M2K,15min,1min,dynamic_exit_atr_target_1p0_ts4_vq0p95_bf0p5_ra1p2,1.5,1.5,15,none,{},delay_stop_target
m2k_15min_none_sm1p50_tm1p50_d30,M2K,15min,1min,dynamic_exit_atr_target_1p0_ts4_vq0p95_bf0p5_ra1p2,1.5,1.5,30,none,{},delay_stop_target
m2k_15min_none_sm1p50_tm2p00_d0,M2K,15min,1min,dynamic_exit_atr_target_1p0_ts4_vq0p95_bf0p5_ra1p2,1.5,2.0,0,none,{},stop_target_recalibration
m2k_15min_none_sm1p50_tm2p00_d5,M2K,15min,1min,dynamic_exit_atr_target_1p0_ts4_vq0p95_bf0p5_ra1p2,1.5,2.0,5,none,{},delay_stop_target
m2k_15min_none_sm1p50_tm2p00_d15,M2K,15min,1min,dynamic_exit_atr_target_1p0_ts4_vq0p95_bf0p5_ra1p2,1.5,2.0,15,none,{},delay_stop_target
m2k_15min_none_sm1p50_tm2p00_d30,M2K,15min,1min,dynamic_exit_atr_target_1p0_ts4_vq0p95_bf0p5_ra1p2,1.5,2.0,30,none,{},delay_stop_target
m2k_15min_none_sm1p50_tm2p50_d0,M2K,15min,1min,dynamic_exit_atr_target_1p0_ts4_vq0p95_bf0p5_ra1p2,1.5,2.5,0,none,{},stop_target_recalibration
m2k_15min_none_sm1p50_tm2p50_d5,M2K,15min,1min,dynamic_exit_atr_target_1p0_ts4_vq0p95_bf0p5_ra1p2,1.5,2.5,5,none,{},delay_stop_target
m2k_15min_none_sm1p50_tm2p50_d15,M2K,15min,1min,dynamic_exit_atr_target_1p0_ts4_vq0p95_bf0p5_ra1p2,1.5,2.5,15,none,{},delay_stop_target
m2k_15min_none_sm1p50_tm2p50_d30,M2K,15min,1min,dynamic_exit_atr_target_1p0_ts4_vq0p95_bf0p5_ra1p2,1.5,2.5,30,none,{},delay_stop_target
m2k_15min_none_sm1p50_tm3p00_d0,M2K,15min,1min,dynamic_exit_atr_target_1p0_ts4_vq0p95_bf0p5_ra1p2,1.5,3.0,0,none,{},stop_target_recalibration
m2k_15min_none_sm1p50_tm3p00_d5,M2K,15min,1min,dynamic_exit_atr_target_1p0_ts4_vq0p95_bf0p5_ra1p2,1.5,3.0,5,none,{},delay_stop_target
m2k_15min_none_sm1p50_tm3p00_d15,M2K,15min,1min,dynamic_exit_atr_target_1p0_ts4_vq0p95_bf0p5_ra1p2,1.5,3.0,15,none,{},delay_stop_target
m2k_15min_none_sm1p50_tm3p00_d30,M2K,15min,1min,dynamic_exit_atr_target_1p0_ts4_vq0p95_bf0p5_ra1p2,1.5,3.0,30,none,{},delay_stop_target
m2k_15min_require_no_stop_zone_touch_before_entry_sm0p75_tm2p00_d5_sz0p50,M2K,15min,1min,dynamic_exit_atr_target_1p0_ts4_vq0p95_bf0p5_ra1p2,0.75,2.0,5,require_no_stop_zone_touch_before_entry,"{""stop_zone_fraction"": 0.5}",delay_stop_zone_filter
m2k_15min_require_no_stop_zone_touch_before_entry_sm0p75_tm2p00_d5_sz0p75,M2K,15min,1min,dynamic_exit_atr_target_1p0_ts4_vq0p95_bf0p5_ra1p2,0.75,2.0,5,require_no_stop_zone_touch_before_entry,"{""stop_zone_fraction"": 0.75}",delay_stop_zone_filter
m2k_15min_require_no_stop_zone_touch_before_entry_sm0p75_tm2p00_d5_sz1p00,M2K,15min,1min,dynamic_exit_atr_target_1p0_ts4_vq0p95_bf0p5_ra1p2,0.75,2.0,5,require_no_stop_zone_touch_before_entry,"{""stop_zone_fraction"": 1.0}",delay_stop_zone_filter
m2k_15min_avoid_immediate_adverse_move_sm0p75_tm2p00_d5_aw5_mt8,M2K,15min,1min,dynamic_exit_atr_target_1p0_ts4_vq0p95_bf0p5_ra1p2,0.75,2.0,5,avoid_immediate_adverse_move,"{""adverse_window_minutes"": 5, ""max_adverse_ticks"": 8}",delay_adverse_filter
m2k_15min_avoid_immediate_adverse_move_sm0p75_tm2p00_d5_aw5_mt12,M2K,15min,1min,dynamic_exit_atr_target_1p0_ts4_vq0p95_bf0p5_ra1p2,0.75,2.0,5,avoid_immediate_adverse_move,"{""adverse_window_minutes"": 5, ""max_adverse_ticks"": 12}",delay_adverse_filter
m2k_15min_avoid_immediate_adverse_move_sm0p75_tm2p00_d5_aw5_mt16,M2K,15min,1min,dynamic_exit_atr_target_1p0_ts4_vq0p95_bf0p5_ra1p2,0.75,2.0,5,avoid_immediate_adverse_move,"{""adverse_window_minutes"": 5, ""max_adverse_ticks"": 16}",delay_adverse_filter
m2k_15min_require_no_stop_zone_touch_before_entry_sm0p75_tm2p00_d15_sz0p50,M2K,15min,1min,dynamic_exit_atr_target_1p0_ts4_vq0p95_bf0p5_ra1p2,0.75,2.0,15,require_no_stop_zone_touch_before_entry,"{""stop_zone_fraction"": 0.5}",delay_stop_zone_filter
m2k_15min_require_no_stop_zone_touch_before_entry_sm0p75_tm2p00_d15_sz0p75,M2K,15min,1min,dynamic_exit_atr_target_1p0_ts4_vq0p95_bf0p5_ra1p2,0.75,2.0,15,require_no_stop_zone_touch_before_entry,"{""stop_zone_fraction"": 0.75}",delay_stop_zone_filter
m2k_15min_require_no_stop_zone_touch_before_entry_sm0p75_tm2p00_d15_sz1p00,M2K,15min,1min,dynamic_exit_atr_target_1p0_ts4_vq0p95_bf0p5_ra1p2,0.75,2.0,15,require_no_stop_zone_touch_before_entry,"{""stop_zone_fraction"": 1.0}",delay_stop_zone_filter
m2k_15min_avoid_immediate_adverse_move_sm0p75_tm2p00_d15_aw5_mt8,M2K,15min,1min,dynamic_exit_atr_target_1p0_ts4_vq0p95_bf0p5_ra1p2,0.75,2.0,15,avoid_immediate_adverse_move,"{""adverse_window_minutes"": 5, ""max_adverse_ticks"": 8}",delay_adverse_filter
m2k_15min_avoid_immediate_adverse_move_sm0p75_tm2p00_d15_aw5_mt12,M2K,15min,1min,dynamic_exit_atr_target_1p0_ts4_vq0p95_bf0p5_ra1p2,0.75,2.0,15,avoid_immediate_adverse_move,"{""adverse_window_minutes"": 5, ""max_adverse_ticks"": 12}",delay_adverse_filter
m2k_15min_avoid_immediate_adverse_move_sm0p75_tm2p00_d15_aw5_mt16,M2K,15min,1min,dynamic_exit_atr_target_1p0_ts4_vq0p95_bf0p5_ra1p2,0.75,2.0,15,avoid_immediate_adverse_move,"{""adverse_window_minutes"": 5, ""max_adverse_ticks"": 16}",delay_adverse_filter
m2k_15min_avoid_immediate_adverse_move_sm0p75_tm2p00_d15_aw10_mt8,M2K,15min,1min,dynamic_exit_atr_target_1p0_ts4_vq0p95_bf0p5_ra1p2,0.75,2.0,15,avoid_immediate_adverse_move,"{""adverse_window_minutes"": 10, ""max_adverse_ticks"": 8}",delay_adverse_filter
m2k_15min_avoid_immediate_adverse_move_sm0p75_tm2p00_d15_aw10_mt12,M2K,15min,1min,dynamic_exit_atr_target_1p0_ts4_vq0p95_bf0p5_ra1p2,0.75,2.0,15,avoid_immediate_adverse_move,"{""adverse_window_minutes"": 10, ""max_adverse_ticks"": 12}",delay_adverse_filter
m2k_15min_avoid_immediate_adverse_move_sm0p75_tm2p00_d15_aw10_mt16,M2K,15min,1min,dynamic_exit_atr_target_1p0_ts4_vq0p95_bf0p5_ra1p2,0.75,2.0,15,avoid_immediate_adverse_move,"{""adverse_window_minutes"": 10, ""max_adverse_ticks"": 16}",delay_adverse_filter
m2k_15min_require_no_stop_zone_touch_before_entry_sm0p75_tm2p00_d30_sz0p50,M2K,15min,1min,dynamic_exit_atr_target_1p0_ts4_vq0p95_bf0p5_ra1p2,0.75,2.0,30,require_no_stop_zone_touch_before_entry,"{""stop_zone_fraction"": 0.5}",delay_stop_zone_filter
m2k_15min_require_no_stop_zone_touch_before_entry_sm0p75_tm2p00_d30_sz0p75,M2K,15min,1min,dynamic_exit_atr_target_1p0_ts4_vq0p95_bf0p5_ra1p2,0.75,2.0,30,require_no_stop_zone_touch_before_entry,"{""stop_zone_fraction"": 0.75}",delay_stop_zone_filter
m2k_15min_require_no_stop_zone_touch_before_entry_sm0p75_tm2p00_d30_sz1p00,M2K,15min,1min,dynamic_exit_atr_target_1p0_ts4_vq0p95_bf0p5_ra1p2,0.75,2.0,30,require_no_stop_zone_touch_before_entry,"{""stop_zone_fraction"": 1.0}",delay_stop_zone_filter
m2k_15min_avoid_immediate_adverse_move_sm0p75_tm2p00_d30_aw5_mt8,M2K,15min,1min,dynamic_exit_atr_target_1p0_ts4_vq0p95_bf0p5_ra1p2,0.75,2.0,30,avoid_immediate_adverse_move,"{""adverse_window_minutes"": 5, ""max_adverse_ticks"": 8}",delay_adverse_filter
m2k_15min_avoid_immediate_adverse_move_sm0p75_tm2p00_d30_aw5_mt12,M2K,15min,1min,dynamic_exit_atr_target_1p0_ts4_vq0p95_bf0p5_ra1p2,0.75,2.0,30,avoid_immediate_adverse_move,"{""adverse_window_minutes"": 5, ""max_adverse_ticks"": 12}",delay_adverse_filter
m2k_15min_avoid_immediate_adverse_move_sm0p75_tm2p00_d30_aw5_mt16,M2K,15min,1min,dynamic_exit_atr_target_1p0_ts4_vq0p95_bf0p5_ra1p2,0.75,2.0,30,avoid_immediate_adverse_move,"{""adverse_window_minutes"": 5, ""max_adverse_ticks"": 16}",delay_adverse_filter
m2k_15min_avoid_immediate_adverse_move_sm0p75_tm2p00_d30_aw10_mt8,M2K,15min,1min,dynamic_exit_atr_target_1p0_ts4_vq0p95_bf0p5_ra1p2,0.75,2.0,30,avoid_immediate_adverse_move,"{""adverse_window_minutes"": 10, ""max_adverse_ticks"": 8}",delay_adverse_filter
m2k_15min_avoid_immediate_adverse_move_sm0p75_tm2p00_d30_aw10_mt12,M2K,15min,1min,dynamic_exit_atr_target_1p0_ts4_vq0p95_bf0p5_ra1p2,0.75,2.0,30,avoid_immediate_adverse_move,"{""adverse_window_minutes"": 10, ""max_adverse_ticks"": 12}",delay_adverse_filter
m2k_15min_avoid_immediate_adverse_move_sm0p75_tm2p00_d30_aw10_mt16,M2K,15min,1min,dynamic_exit_atr_target_1p0_ts4_vq0p95_bf0p5_ra1p2,0.75,2.0,30,avoid_immediate_adverse_move,"{""adverse_window_minutes"": 10, ""max_adverse_ticks"": 16}",delay_adverse_filter
m2k_15min_require_no_stop_zone_touch_before_entry_sm0p75_tm2p50_d5_sz0p50,M2K,15min,1min,dynamic_exit_atr_target_1p0_ts4_vq0p95_bf0p5_ra1p2,0.75,2.5,5,require_no_stop_zone_touch_before_entry,"{""stop_zone_fraction"": 0.5}",delay_stop_zone_filter
m2k_15min_require_no_stop_zone_touch_before_entry_sm0p75_tm2p50_d5_sz0p75,M2K,15min,1min,dynamic_exit_atr_target_1p0_ts4_vq0p95_bf0p5_ra1p2,0.75,2.5,5,require_no_stop_zone_touch_before_entry,"{""stop_zone_fraction"": 0.75}",delay_stop_zone_filter
m2k_15min_require_no_stop_zone_touch_before_entry_sm0p75_tm2p50_d5_sz1p00,M2K,15min,1min,dynamic_exit_atr_target_1p0_ts4_vq0p95_bf0p5_ra1p2,0.75,2.5,5,require_no_stop_zone_touch_before_entry,"{""stop_zone_fraction"": 1.0}",delay_stop_zone_filter
m2k_15min_avoid_immediate_adverse_move_sm0p75_tm2p50_d5_aw5_mt8,M2K,15min,1min,dynamic_exit_atr_target_1p0_ts4_vq0p95_bf0p5_ra1p2,0.75,2.5,5,avoid_immediate_adverse_move,"{""adverse_window_minutes"": 5, ""max_adverse_ticks"": 8}",delay_adverse_filter
m2k_15min_avoid_immediate_adverse_move_sm0p75_tm2p50_d5_aw5_mt12,M2K,15min,1min,dynamic_exit_atr_target_1p0_ts4_vq0p95_bf0p5_ra1p2,0.75,2.5,5,avoid_immediate_adverse_move,"{""adverse_window_minutes"": 5, ""max_adverse_ticks"": 12}",delay_adverse_filter
m2k_15min_avoid_immediate_adverse_move_sm0p75_tm2p50_d5_aw5_mt16,M2K,15min,1min,dynamic_exit_atr_target_1p0_ts4_vq0p95_bf0p5_ra1p2,0.75,2.5,5,avoid_immediate_adverse_move,"{""adverse_window_minutes"": 5, ""max_adverse_ticks"": 16}",delay_adverse_filter
m2k_15min_require_no_stop_zone_touch_before_entry_sm0p75_tm2p50_d15_sz0p50,M2K,15min,1min,dynamic_exit_atr_target_1p0_ts4_vq0p95_bf0p5_ra1p2,0.75,2.5,15,require_no_stop_zone_touch_before_entry,"{""stop_zone_fraction"": 0.5}",delay_stop_zone_filter
m2k_15min_require_no_stop_zone_touch_before_entry_sm0p75_tm2p50_d15_sz0p75,M2K,15min,1min,dynamic_exit_atr_target_1p0_ts4_vq0p95_bf0p5_ra1p2,0.75,2.5,15,require_no_stop_zone_touch_before_entry,"{""stop_zone_fraction"": 0.75}",delay_stop_zone_filter
m2k_15min_require_no_stop_zone_touch_before_entry_sm0p75_tm2p50_d15_sz1p00,M2K,15min,1min,dynamic_exit_atr_target_1p0_ts4_vq0p95_bf0p5_ra1p2,0.75,2.5,15,require_no_stop_zone_touch_before_entry,"{""stop_zone_fraction"": 1.0}",delay_stop_zone_filter
m2k_15min_avoid_immediate_adverse_move_sm0p75_tm2p50_d15_aw5_mt8,M2K,15min,1min,dynamic_exit_atr_target_1p0_ts4_vq0p95_bf0p5_ra1p2,0.75,2.5,15,avoid_immediate_adverse_move,"{""adverse_window_minutes"": 5, ""max_adverse_ticks"": 8}",delay_adverse_filter
m2k_15min_avoid_immediate_adverse_move_sm0p75_tm2p50_d15_aw5_mt12,M2K,15min,1min,dynamic_exit_atr_target_1p0_ts4_vq0p95_bf0p5_ra1p2,0.75,2.5,15,avoid_immediate_adverse_move,"{""adverse_window_minutes"": 5, ""max_adverse_ticks"": 12}",delay_adverse_filter
m2k_15min_avoid_immediate_adverse_move_sm0p75_tm2p50_d15_aw5_mt16,M2K,15min,1min,dynamic_exit_atr_target_1p0_ts4_vq0p95_bf0p5_ra1p2,0.75,2.5,15,avoid_immediate_adverse_move,"{""adverse_window_minutes"": 5, ""max_adverse_ticks"": 16}",delay_adverse_filter
m2k_15min_avoid_immediate_adverse_move_sm0p75_tm2p50_d15_aw10_mt8,M2K,15min,1min,dynamic_exit_atr_target_1p0_ts4_vq0p95_bf0p5_ra1p2,0.75,2.5,15,avoid_immediate_adverse_move,"{""adverse_window_minutes"": 10, ""max_adverse_ticks"": 8}",delay_adverse_filter
m2k_15min_avoid_immediate_adverse_move_sm0p75_tm2p50_d15_aw10_mt12,M2K,15min,1min,dynamic_exit_atr_target_1p0_ts4_vq0p95_bf0p5_ra1p2,0.75,2.5,15,avoid_immediate_adverse_move,"{""adverse_window_minutes"": 10, ""max_adverse_ticks"": 12}",delay_adverse_filter
m2k_15min_avoid_immediate_adverse_move_sm0p75_tm2p50_d15_aw10_mt16,M2K,15min,1min,dynamic_exit_atr_target_1p0_ts4_vq0p95_bf0p5_ra1p2,0.75,2.5,15,avoid_immediate_adverse_move,"{""adverse_window_minutes"": 10, ""max_adverse_ticks"": 16}",delay_adverse_filter
m2k_15min_require_no_stop_zone_touch_before_entry_sm0p75_tm2p50_d30_sz0p50,M2K,15min,1min,dynamic_exit_atr_target_1p0_ts4_vq0p95_bf0p5_ra1p2,0.75,2.5,30,require_no_stop_zone_touch_before_entry,"{""stop_zone_fraction"": 0.5}",delay_stop_zone_filter
m2k_15min_require_no_stop_zone_touch_before_entry_sm0p75_tm2p50_d30_sz0p75,M2K,15min,1min,dynamic_exit_atr_target_1p0_ts4_vq0p95_bf0p5_ra1p2,0.75,2.5,30,require_no_stop_zone_touch_before_entry,"{""stop_zone_fraction"": 0.75}",delay_stop_zone_filter
m2k_15min_require_no_stop_zone_touch_before_entry_sm0p75_tm2p50_d30_sz1p00,M2K,15min,1min,dynamic_exit_atr_target_1p0_ts4_vq0p95_bf0p5_ra1p2,0.75,2.5,30,require_no_stop_zone_touch_before_entry,"{""stop_zone_fraction"": 1.0}",delay_stop_zone_filter
m2k_15min_avoid_immediate_adverse_move_sm0p75_tm2p50_d30_aw5_mt8,M2K,15min,1min,dynamic_exit_atr_target_1p0_ts4_vq0p95_bf0p5_ra1p2,0.75,2.5,30,avoid_immediate_adverse_move,"{""adverse_window_minutes"": 5, ""max_adverse_ticks"": 8}",delay_adverse_filter
m2k_15min_avoid_immediate_adverse_move_sm0p75_tm2p50_d30_aw5_mt12,M2K,15min,1min,dynamic_exit_atr_target_1p0_ts4_vq0p95_bf0p5_ra1p2,0.75,2.5,30,avoid_immediate_adverse_move,"{""adverse_window_minutes"": 5, ""max_adverse_ticks"": 12}",delay_adverse_filter
m2k_15min_avoid_immediate_adverse_move_sm0p75_tm2p50_d30_aw5_mt16,M2K,15min,1min,dynamic_exit_atr_target_1p0_ts4_vq0p95_bf0p5_ra1p2,0.75,2.5,30,avoid_immediate_adverse_move,"{""adverse_window_minutes"": 5, ""max_adverse_ticks"": 16}",delay_adverse_filter
m2k_15min_avoid_immediate_adverse_move_sm0p75_tm2p50_d30_aw10_mt8,M2K,15min,1min,dynamic_exit_atr_target_1p0_ts4_vq0p95_bf0p5_ra1p2,0.75,2.5,30,avoid_immediate_adverse_move,"{""adverse_window_minutes"": 10, ""max_adverse_ticks"": 8}",delay_adverse_filter
m2k_15min_avoid_immediate_adverse_move_sm0p75_tm2p50_d30_aw10_mt12,M2K,15min,1min,dynamic_exit_atr_target_1p0_ts4_vq0p95_bf0p5_ra1p2,0.75,2.5,30,avoid_immediate_adverse_move,"{""adverse_window_minutes"": 10, ""max_adverse_ticks"": 12}",delay_adverse_filter
m2k_15min_avoid_immediate_adverse_move_sm0p75_tm2p50_d30_aw10_mt16,M2K,15min,1min,dynamic_exit_atr_target_1p0_ts4_vq0p95_bf0p5_ra1p2,0.75,2.5,30,avoid_immediate_adverse_move,"{""adverse_window_minutes"": 10, ""max_adverse_ticks"": 16}",delay_adverse_filter
m2k_15min_require_no_stop_zone_touch_before_entry_sm0p75_tm3p00_d5_sz0p50,M2K,15min,1min,dynamic_exit_atr_target_1p0_ts4_vq0p95_bf0p5_ra1p2,0.75,3.0,5,require_no_stop_zone_touch_before_entry,"{""stop_zone_fraction"": 0.5}",delay_stop_zone_filter
m2k_15min_require_no_stop_zone_touch_before_entry_sm0p75_tm3p00_d5_sz0p75,M2K,15min,1min,dynamic_exit_atr_target_1p0_ts4_vq0p95_bf0p5_ra1p2,0.75,3.0,5,require_no_stop_zone_touch_before_entry,"{""stop_zone_fraction"": 0.75}",delay_stop_zone_filter
m2k_15min_require_no_stop_zone_touch_before_entry_sm0p75_tm3p00_d5_sz1p00,M2K,15min,1min,dynamic_exit_atr_target_1p0_ts4_vq0p95_bf0p5_ra1p2,0.75,3.0,5,require_no_stop_zone_touch_before_entry,"{""stop_zone_fraction"": 1.0}",delay_stop_zone_filter
m2k_15min_avoid_immediate_adverse_move_sm0p75_tm3p00_d5_aw5_mt8,M2K,15min,1min,dynamic_exit_atr_target_1p0_ts4_vq0p95_bf0p5_ra1p2,0.75,3.0,5,avoid_immediate_adverse_move,"{""adverse_window_minutes"": 5, ""max_adverse_ticks"": 8}",delay_adverse_filter
m2k_15min_avoid_immediate_adverse_move_sm0p75_tm3p00_d5_aw5_mt12,M2K,15min,1min,dynamic_exit_atr_target_1p0_ts4_vq0p95_bf0p5_ra1p2,0.75,3.0,5,avoid_immediate_adverse_move,"{""adverse_window_minutes"": 5, ""max_adverse_ticks"": 12}",delay_adverse_filter
m2k_15min_avoid_immediate_adverse_move_sm0p75_tm3p00_d5_aw5_mt16,M2K,15min,1min,dynamic_exit_atr_target_1p0_ts4_vq0p95_bf0p5_ra1p2,0.75,3.0,5,avoid_immediate_adverse_move,"{""adverse_window_minutes"": 5, ""max_adverse_ticks"": 16}",delay_adverse_filter
m2k_15min_require_no_stop_zone_touch_before_entry_sm0p75_tm3p00_d15_sz0p50,M2K,15min,1min,dynamic_exit_atr_target_1p0_ts4_vq0p95_bf0p5_ra1p2,0.75,3.0,15,require_no_stop_zone_touch_before_entry,"{""stop_zone_fraction"": 0.5}",delay_stop_zone_filter
m2k_15min_require_no_stop_zone_touch_before_entry_sm0p75_tm3p00_d15_sz0p75,M2K,15min,1min,dynamic_exit_atr_target_1p0_ts4_vq0p95_bf0p5_ra1p2,0.75,3.0,15,require_no_stop_zone_touch_before_entry,"{""stop_zone_fraction"": 0.75}",delay_stop_zone_filter
m2k_15min_require_no_stop_zone_touch_before_entry_sm0p75_tm3p00_d15_sz1p00,M2K,15min,1min,dynamic_exit_atr_target_1p0_ts4_vq0p95_bf0p5_ra1p2,0.75,3.0,15,require_no_stop_zone_touch_before_entry,"{""stop_zone_fraction"": 1.0}",delay_stop_zone_filter
m2k_15min_avoid_immediate_adverse_move_sm0p75_tm3p00_d15_aw5_mt8,M2K,15min,1min,dynamic_exit_atr_target_1p0_ts4_vq0p95_bf0p5_ra1p2,0.75,3.0,15,avoid_immediate_adverse_move,"{""adverse_window_minutes"": 5, ""max_adverse_ticks"": 8}",delay_adverse_filter
m2k_15min_avoid_immediate_adverse_move_sm0p75_tm3p00_d15_aw5_mt12,M2K,15min,1min,dynamic_exit_atr_target_1p0_ts4_vq0p95_bf0p5_ra1p2,0.75,3.0,15,avoid_immediate_adverse_move,"{""adverse_window_minutes"": 5, ""max_adverse_ticks"": 12}",delay_adverse_filter
m2k_15min_avoid_immediate_adverse_move_sm0p75_tm3p00_d15_aw5_mt16,M2K,15min,1min,dynamic_exit_atr_target_1p0_ts4_vq0p95_bf0p5_ra1p2,0.75,3.0,15,avoid_immediate_adverse_move,"{""adverse_window_minutes"": 5, ""max_adverse_ticks"": 16}",delay_adverse_filter
m2k_15min_avoid_immediate_adverse_move_sm0p75_tm3p00_d15_aw10_mt8,M2K,15min,1min,dynamic_exit_atr_target_1p0_ts4_vq0p95_bf0p5_ra1p2,0.75,3.0,15,avoid_immediate_adverse_move,"{""adverse_window_minutes"": 10, ""max_adverse_ticks"": 8}",delay_adverse_filter
m2k_15min_avoid_immediate_adverse_move_sm0p75_tm3p00_d15_aw10_mt12,M2K,15min,1min,dynamic_exit_atr_target_1p0_ts4_vq0p95_bf0p5_ra1p2,0.75,3.0,15,avoid_immediate_adverse_move,"{""adverse_window_minutes"": 10, ""max_adverse_ticks"": 12}",delay_adverse_filter
m2k_15min_avoid_immediate_adverse_move_sm0p75_tm3p00_d15_aw10_mt16,M2K,15min,1min,dynamic_exit_atr_target_1p0_ts4_vq0p95_bf0p5_ra1p2,0.75,3.0,15,avoid_immediate_adverse_move,"{""adverse_window_minutes"": 10, ""max_adverse_ticks"": 16}",delay_adverse_filter
m2k_15min_require_no_stop_zone_touch_before_entry_sm0p75_tm3p00_d30_sz0p50,M2K,15min,1min,dynamic_exit_atr_target_1p0_ts4_vq0p95_bf0p5_ra1p2,0.75,3.0,30,require_no_stop_zone_touch_before_entry,"{""stop_zone_fraction"": 0.5}",delay_stop_zone_filter
m2k_15min_require_no_stop_zone_touch_before_entry_sm0p75_tm3p00_d30_sz0p75,M2K,15min,1min,dynamic_exit_atr_target_1p0_ts4_vq0p95_bf0p5_ra1p2,0.75,3.0,30,require_no_stop_zone_touch_before_entry,"{""stop_zone_fraction"": 0.75}",delay_stop_zone_filter
m2k_15min_require_no_stop_zone_touch_before_entry_sm0p75_tm3p00_d30_sz1p00,M2K,15min,1min,dynamic_exit_atr_target_1p0_ts4_vq0p95_bf0p5_ra1p2,0.75,3.0,30,require_no_stop_zone_touch_before_entry,"{""stop_zone_fraction"": 1.0}",delay_stop_zone_filter
m2k_15min_avoid_immediate_adverse_move_sm0p75_tm3p00_d30_aw5_mt8,M2K,15min,1min,dynamic_exit_atr_target_1p0_ts4_vq0p95_bf0p5_ra1p2,0.75,3.0,30,avoid_immediate_adverse_move,"{""adverse_window_minutes"": 5, ""max_adverse_ticks"": 8}",delay_adverse_filter
m2k_15min_avoid_immediate_adverse_move_sm0p75_tm3p00_d30_aw5_mt12,M2K,15min,1min,dynamic_exit_atr_target_1p0_ts4_vq0p95_bf0p5_ra1p2,0.75,3.0,30,avoid_immediate_adverse_move,"{""adverse_window_minutes"": 5, ""max_adverse_ticks"": 12}",delay_adverse_filter
m2k_15min_avoid_immediate_adverse_move_sm0p75_tm3p00_d30_aw5_mt16,M2K,15min,1min,dynamic_exit_atr_target_1p0_ts4_vq0p95_bf0p5_ra1p2,0.75,3.0,30,avoid_immediate_adverse_move,"{""adverse_window_minutes"": 5, ""max_adverse_ticks"": 16}",delay_adverse_filter
m2k_15min_avoid_immediate_adverse_move_sm0p75_tm3p00_d30_aw10_mt8,M2K,15min,1min,dynamic_exit_atr_target_1p0_ts4_vq0p95_bf0p5_ra1p2,0.75,3.0,30,avoid_immediate_adverse_move,"{""adverse_window_minutes"": 10, ""max_adverse_ticks"": 8}",delay_adverse_filter
m2k_15min_avoid_immediate_adverse_move_sm0p75_tm3p00_d30_aw10_mt12,M2K,15min,1min,dynamic_exit_atr_target_1p0_ts4_vq0p95_bf0p5_ra1p2,0.75,3.0,30,avoid_immediate_adverse_move,"{""adverse_window_minutes"": 10, ""max_adverse_ticks"": 12}",delay_adverse_filter
m2k_15min_avoid_immediate_adverse_move_sm0p75_tm3p00_d30_aw10_mt16,M2K,15min,1min,dynamic_exit_atr_target_1p0_ts4_vq0p95_bf0p5_ra1p2,0.75,3.0,30,avoid_immediate_adverse_move,"{""adverse_window_minutes"": 10, ""max_adverse_ticks"": 16}",delay_adverse_filter
m2k_15min_require_no_stop_zone_touch_before_entry_sm1p00_tm2p00_d5_sz0p50,M2K,15min,1min,dynamic_exit_atr_target_1p0_ts4_vq0p95_bf0p5_ra1p2,1.0,2.0,5,require_no_stop_zone_touch_before_entry,"{""stop_zone_fraction"": 0.5}",delay_stop_zone_filter
m2k_15min_require_no_stop_zone_touch_before_entry_sm1p00_tm2p00_d5_sz0p75,M2K,15min,1min,dynamic_exit_atr_target_1p0_ts4_vq0p95_bf0p5_ra1p2,1.0,2.0,5,require_no_stop_zone_touch_before_entry,"{""stop_zone_fraction"": 0.75}",delay_stop_zone_filter
m2k_15min_require_no_stop_zone_touch_before_entry_sm1p00_tm2p00_d5_sz1p00,M2K,15min,1min,dynamic_exit_atr_target_1p0_ts4_vq0p95_bf0p5_ra1p2,1.0,2.0,5,require_no_stop_zone_touch_before_entry,"{""stop_zone_fraction"": 1.0}",delay_stop_zone_filter
m2k_15min_avoid_immediate_adverse_move_sm1p00_tm2p00_d5_aw5_mt8,M2K,15min,1min,dynamic_exit_atr_target_1p0_ts4_vq0p95_bf0p5_ra1p2,1.0,2.0,5,avoid_immediate_adverse_move,"{""adverse_window_minutes"": 5, ""max_adverse_ticks"": 8}",delay_adverse_filter
m2k_15min_avoid_immediate_adverse_move_sm1p00_tm2p00_d5_aw5_mt12,M2K,15min,1min,dynamic_exit_atr_target_1p0_ts4_vq0p95_bf0p5_ra1p2,1.0,2.0,5,avoid_immediate_adverse_move,"{""adverse_window_minutes"": 5, ""max_adverse_ticks"": 12}",delay_adverse_filter
m2k_15min_avoid_immediate_adverse_move_sm1p00_tm2p00_d5_aw5_mt16,M2K,15min,1min,dynamic_exit_atr_target_1p0_ts4_vq0p95_bf0p5_ra1p2,1.0,2.0,5,avoid_immediate_adverse_move,"{""adverse_window_minutes"": 5, ""max_adverse_ticks"": 16}",delay_adverse_filter
m2k_15min_require_no_stop_zone_touch_before_entry_sm1p00_tm2p00_d15_sz0p50,M2K,15min,1min,dynamic_exit_atr_target_1p0_ts4_vq0p95_bf0p5_ra1p2,1.0,2.0,15,require_no_stop_zone_touch_before_entry,"{""stop_zone_fraction"": 0.5}",delay_stop_zone_filter
m2k_15min_require_no_stop_zone_touch_before_entry_sm1p00_tm2p00_d15_sz0p75,M2K,15min,1min,dynamic_exit_atr_target_1p0_ts4_vq0p95_bf0p5_ra1p2,1.0,2.0,15,require_no_stop_zone_touch_before_entry,"{""stop_zone_fraction"": 0.75}",delay_stop_zone_filter
m2k_15min_require_no_stop_zone_touch_before_entry_sm1p00_tm2p00_d15_sz1p00,M2K,15min,1min,dynamic_exit_atr_target_1p0_ts4_vq0p95_bf0p5_ra1p2,1.0,2.0,15,require_no_stop_zone_touch_before_entry,"{""stop_zone_fraction"": 1.0}",delay_stop_zone_filter
m2k_15min_avoid_immediate_adverse_move_sm1p00_tm2p00_d15_aw5_mt8,M2K,15min,1min,dynamic_exit_atr_target_1p0_ts4_vq0p95_bf0p5_ra1p2,1.0,2.0,15,avoid_immediate_adverse_move,"{""adverse_window_minutes"": 5, ""max_adverse_ticks"": 8}",delay_adverse_filter
m2k_15min_avoid_immediate_adverse_move_sm1p00_tm2p00_d15_aw5_mt12,M2K,15min,1min,dynamic_exit_atr_target_1p0_ts4_vq0p95_bf0p5_ra1p2,1.0,2.0,15,avoid_immediate_adverse_move,"{""adverse_window_minutes"": 5, ""max_adverse_ticks"": 12}",delay_adverse_filter
m2k_15min_avoid_immediate_adverse_move_sm1p00_tm2p00_d15_aw5_mt16,M2K,15min,1min,dynamic_exit_atr_target_1p0_ts4_vq0p95_bf0p5_ra1p2,1.0,2.0,15,avoid_immediate_adverse_move,"{""adverse_window_minutes"": 5, ""max_adverse_ticks"": 16}",delay_adverse_filter
m2k_15min_avoid_immediate_adverse_move_sm1p00_tm2p00_d15_aw10_mt8,M2K,15min,1min,dynamic_exit_atr_target_1p0_ts4_vq0p95_bf0p5_ra1p2,1.0,2.0,15,avoid_immediate_adverse_move,"{""adverse_window_minutes"": 10, ""max_adverse_ticks"": 8}",delay_adverse_filter
m2k_15min_avoid_immediate_adverse_move_sm1p00_tm2p00_d15_aw10_mt12,M2K,15min,1min,dynamic_exit_atr_target_1p0_ts4_vq0p95_bf0p5_ra1p2,1.0,2.0,15,avoid_immediate_adverse_move,"{""adverse_window_minutes"": 10, ""max_adverse_ticks"": 12}",delay_adverse_filter
m2k_15min_avoid_immediate_adverse_move_sm1p00_tm2p00_d15_aw10_mt16,M2K,15min,1min,dynamic_exit_atr_target_1p0_ts4_vq0p95_bf0p5_ra1p2,1.0,2.0,15,avoid_immediate_adverse_move,"{""adverse_window_minutes"": 10, ""max_adverse_ticks"": 16}",delay_adverse_filter
m2k_15min_require_no_stop_zone_touch_before_entry_sm1p00_tm2p00_d30_sz0p50,M2K,15min,1min,dynamic_exit_atr_target_1p0_ts4_vq0p95_bf0p5_ra1p2,1.0,2.0,30,require_no_stop_zone_touch_before_entry,"{""stop_zone_fraction"": 0.5}",delay_stop_zone_filter
m2k_15min_require_no_stop_zone_touch_before_entry_sm1p00_tm2p00_d30_sz0p75,M2K,15min,1min,dynamic_exit_atr_target_1p0_ts4_vq0p95_bf0p5_ra1p2,1.0,2.0,30,require_no_stop_zone_touch_before_entry,"{""stop_zone_fraction"": 0.75}",delay_stop_zone_filter
m2k_15min_require_no_stop_zone_touch_before_entry_sm1p00_tm2p00_d30_sz1p00,M2K,15min,1min,dynamic_exit_atr_target_1p0_ts4_vq0p95_bf0p5_ra1p2,1.0,2.0,30,require_no_stop_zone_touch_before_entry,"{""stop_zone_fraction"": 1.0}",delay_stop_zone_filter
m2k_15min_avoid_immediate_adverse_move_sm1p00_tm2p00_d30_aw5_mt8,M2K,15min,1min,dynamic_exit_atr_target_1p0_ts4_vq0p95_bf0p5_ra1p2,1.0,2.0,30,avoid_immediate_adverse_move,"{""adverse_window_minutes"": 5, ""max_adverse_ticks"": 8}",delay_adverse_filter
m2k_15min_avoid_immediate_adverse_move_sm1p00_tm2p00_d30_aw5_mt12,M2K,15min,1min,dynamic_exit_atr_target_1p0_ts4_vq0p95_bf0p5_ra1p2,1.0,2.0,30,avoid_immediate_adverse_move,"{""adverse_window_minutes"": 5, ""max_adverse_ticks"": 12}",delay_adverse_filter
m2k_15min_avoid_immediate_adverse_move_sm1p00_tm2p00_d30_aw5_mt16,M2K,15min,1min,dynamic_exit_atr_target_1p0_ts4_vq0p95_bf0p5_ra1p2,1.0,2.0,30,avoid_immediate_adverse_move,"{""adverse_window_minutes"": 5, ""max_adverse_ticks"": 16}",delay_adverse_filter
m2k_15min_avoid_immediate_adverse_move_sm1p00_tm2p00_d30_aw10_mt8,M2K,15min,1min,dynamic_exit_atr_target_1p0_ts4_vq0p95_bf0p5_ra1p2,1.0,2.0,30,avoid_immediate_adverse_move,"{""adverse_window_minutes"": 10, ""max_adverse_ticks"": 8}",delay_adverse_filter
m2k_15min_avoid_immediate_adverse_move_sm1p00_tm2p00_d30_aw10_mt12,M2K,15min,1min,dynamic_exit_atr_target_1p0_ts4_vq0p95_bf0p5_ra1p2,1.0,2.0,30,avoid_immediate_adverse_move,"{""adverse_window_minutes"": 10, ""max_adverse_ticks"": 12}",delay_adverse_filter
m2k_15min_avoid_immediate_adverse_move_sm1p00_tm2p00_d30_aw10_mt16,M2K,15min,1min,dynamic_exit_atr_target_1p0_ts4_vq0p95_bf0p5_ra1p2,1.0,2.0,30,avoid_immediate_adverse_move,"{""adverse_window_minutes"": 10, ""max_adverse_ticks"": 16}",delay_adverse_filter
m2k_15min_require_no_stop_zone_touch_before_entry_sm1p00_tm2p50_d5_sz0p50,M2K,15min,1min,dynamic_exit_atr_target_1p0_ts4_vq0p95_bf0p5_ra1p2,1.0,2.5,5,require_no_stop_zone_touch_before_entry,"{""stop_zone_fraction"": 0.5}",delay_stop_zone_filter
m2k_15min_require_no_stop_zone_touch_before_entry_sm1p00_tm2p50_d5_sz0p75,M2K,15min,1min,dynamic_exit_atr_target_1p0_ts4_vq0p95_bf0p5_ra1p2,1.0,2.5,5,require_no_stop_zone_touch_before_entry,"{""stop_zone_fraction"": 0.75}",delay_stop_zone_filter
m2k_15min_require_no_stop_zone_touch_before_entry_sm1p00_tm2p50_d5_sz1p00,M2K,15min,1min,dynamic_exit_atr_target_1p0_ts4_vq0p95_bf0p5_ra1p2,1.0,2.5,5,require_no_stop_zone_touch_before_entry,"{""stop_zone_fraction"": 1.0}",delay_stop_zone_filter
m2k_15min_avoid_immediate_adverse_move_sm1p00_tm2p50_d5_aw5_mt8,M2K,15min,1min,dynamic_exit_atr_target_1p0_ts4_vq0p95_bf0p5_ra1p2,1.0,2.5,5,avoid_immediate_adverse_move,"{""adverse_window_minutes"": 5, ""max_adverse_ticks"": 8}",delay_adverse_filter
m2k_15min_avoid_immediate_adverse_move_sm1p00_tm2p50_d5_aw5_mt12,M2K,15min,1min,dynamic_exit_atr_target_1p0_ts4_vq0p95_bf0p5_ra1p2,1.0,2.5,5,avoid_immediate_adverse_move,"{""adverse_window_minutes"": 5, ""max_adverse_ticks"": 12}",delay_adverse_filter
m2k_15min_avoid_immediate_adverse_move_sm1p00_tm2p50_d5_aw5_mt16,M2K,15min,1min,dynamic_exit_atr_target_1p0_ts4_vq0p95_bf0p5_ra1p2,1.0,2.5,5,avoid_immediate_adverse_move,"{""adverse_window_minutes"": 5, ""max_adverse_ticks"": 16}",delay_adverse_filter
m2k_15min_require_no_stop_zone_touch_before_entry_sm1p00_tm2p50_d15_sz0p50,M2K,15min,1min,dynamic_exit_atr_target_1p0_ts4_vq0p95_bf0p5_ra1p2,1.0,2.5,15,require_no_stop_zone_touch_before_entry,"{""stop_zone_fraction"": 0.5}",delay_stop_zone_filter
m2k_15min_require_no_stop_zone_touch_before_entry_sm1p00_tm2p50_d15_sz0p75,M2K,15min,1min,dynamic_exit_atr_target_1p0_ts4_vq0p95_bf0p5_ra1p2,1.0,2.5,15,require_no_stop_zone_touch_before_entry,"{""stop_zone_fraction"": 0.75}",delay_stop_zone_filter
m2k_15min_require_no_stop_zone_touch_before_entry_sm1p00_tm2p50_d15_sz1p00,M2K,15min,1min,dynamic_exit_atr_target_1p0_ts4_vq0p95_bf0p5_ra1p2,1.0,2.5,15,require_no_stop_zone_touch_before_entry,"{""stop_zone_fraction"": 1.0}",delay_stop_zone_filter
m2k_15min_avoid_immediate_adverse_move_sm1p00_tm2p50_d15_aw5_mt8,M2K,15min,1min,dynamic_exit_atr_target_1p0_ts4_vq0p95_bf0p5_ra1p2,1.0,2.5,15,avoid_immediate_adverse_move,"{""adverse_window_minutes"": 5, ""max_adverse_ticks"": 8}",delay_adverse_filter
m2k_15min_avoid_immediate_adverse_move_sm1p00_tm2p50_d15_aw5_mt12,M2K,15min,1min,dynamic_exit_atr_target_1p0_ts4_vq0p95_bf0p5_ra1p2,1.0,2.5,15,avoid_immediate_adverse_move,"{""adverse_window_minutes"": 5, ""max_adverse_ticks"": 12}",delay_adverse_filter
m2k_15min_avoid_immediate_adverse_move_sm1p00_tm2p50_d15_aw5_mt16,M2K,15min,1min,dynamic_exit_atr_target_1p0_ts4_vq0p95_bf0p5_ra1p2,1.0,2.5,15,avoid_immediate_adverse_move,"{""adverse_window_minutes"": 5, ""max_adverse_ticks"": 16}",delay_adverse_filter
m2k_15min_avoid_immediate_adverse_move_sm1p00_tm2p50_d15_aw10_mt8,M2K,15min,1min,dynamic_exit_atr_target_1p0_ts4_vq0p95_bf0p5_ra1p2,1.0,2.5,15,avoid_immediate_adverse_move,"{""adverse_window_minutes"": 10, ""max_adverse_ticks"": 8}",delay_adverse_filter
m2k_15min_avoid_immediate_adverse_move_sm1p00_tm2p50_d15_aw10_mt12,M2K,15min,1min,dynamic_exit_atr_target_1p0_ts4_vq0p95_bf0p5_ra1p2,1.0,2.5,15,avoid_immediate_adverse_move,"{""adverse_window_minutes"": 10, ""max_adverse_ticks"": 12}",delay_adverse_filter
m2k_15min_avoid_immediate_adverse_move_sm1p00_tm2p50_d15_aw10_mt16,M2K,15min,1min,dynamic_exit_atr_target_1p0_ts4_vq0p95_bf0p5_ra1p2,1.0,2.5,15,avoid_immediate_adverse_move,"{""adverse_window_minutes"": 10, ""max_adverse_ticks"": 16}",delay_adverse_filter
m2k_15min_require_no_stop_zone_touch_before_entry_sm1p00_tm2p50_d30_sz0p50,M2K,15min,1min,dynamic_exit_atr_target_1p0_ts4_vq0p95_bf0p5_ra1p2,1.0,2.5,30,require_no_stop_zone_touch_before_entry,"{""stop_zone_fraction"": 0.5}",delay_stop_zone_filter
m2k_15min_require_no_stop_zone_touch_before_entry_sm1p00_tm2p50_d30_sz0p75,M2K,15min,1min,dynamic_exit_atr_target_1p0_ts4_vq0p95_bf0p5_ra1p2,1.0,2.5,30,require_no_stop_zone_touch_before_entry,"{""stop_zone_fraction"": 0.75}",delay_stop_zone_filter
m2k_15min_require_no_stop_zone_touch_before_entry_sm1p00_tm2p50_d30_sz1p00,M2K,15min,1min,dynamic_exit_atr_target_1p0_ts4_vq0p95_bf0p5_ra1p2,1.0,2.5,30,require_no_stop_zone_touch_before_entry,"{""stop_zone_fraction"": 1.0}",delay_stop_zone_filter
m2k_15min_avoid_immediate_adverse_move_sm1p00_tm2p50_d30_aw5_mt8,M2K,15min,1min,dynamic_exit_atr_target_1p0_ts4_vq0p95_bf0p5_ra1p2,1.0,2.5,30,avoid_immediate_adverse_move,"{""adverse_window_minutes"": 5, ""max_adverse_ticks"": 8}",delay_adverse_filter
m2k_15min_avoid_immediate_adverse_move_sm1p00_tm2p50_d30_aw5_mt12,M2K,15min,1min,dynamic_exit_atr_target_1p0_ts4_vq0p95_bf0p5_ra1p2,1.0,2.5,30,avoid_immediate_adverse_move,"{""adverse_window_minutes"": 5, ""max_adverse_ticks"": 12}",delay_adverse_filter
m2k_15min_avoid_immediate_adverse_move_sm1p00_tm2p50_d30_aw5_mt16,M2K,15min,1min,dynamic_exit_atr_target_1p0_ts4_vq0p95_bf0p5_ra1p2,1.0,2.5,30,avoid_immediate_adverse_move,"{""adverse_window_minutes"": 5, ""max_adverse_ticks"": 16}",delay_adverse_filter
m2k_15min_avoid_immediate_adverse_move_sm1p00_tm2p50_d30_aw10_mt8,M2K,15min,1min,dynamic_exit_atr_target_1p0_ts4_vq0p95_bf0p5_ra1p2,1.0,2.5,30,avoid_immediate_adverse_move,"{""adverse_window_minutes"": 10, ""max_adverse_ticks"": 8}",delay_adverse_filter
m2k_15min_avoid_immediate_adverse_move_sm1p00_tm2p50_d30_aw10_mt12,M2K,15min,1min,dynamic_exit_atr_target_1p0_ts4_vq0p95_bf0p5_ra1p2,1.0,2.5,30,avoid_immediate_adverse_move,"{""adverse_window_minutes"": 10, ""max_adverse_ticks"": 12}",delay_adverse_filter
m2k_15min_avoid_immediate_adverse_move_sm1p00_tm2p50_d30_aw10_mt16,M2K,15min,1min,dynamic_exit_atr_target_1p0_ts4_vq0p95_bf0p5_ra1p2,1.0,2.5,30,avoid_immediate_adverse_move,"{""adverse_window_minutes"": 10, ""max_adverse_ticks"": 16}",delay_adverse_filter
m2k_15min_require_no_stop_zone_touch_before_entry_sm1p00_tm3p00_d5_sz0p50,M2K,15min,1min,dynamic_exit_atr_target_1p0_ts4_vq0p95_bf0p5_ra1p2,1.0,3.0,5,require_no_stop_zone_touch_before_entry,"{""stop_zone_fraction"": 0.5}",delay_stop_zone_filter
m2k_15min_require_no_stop_zone_touch_before_entry_sm1p00_tm3p00_d5_sz0p75,M2K,15min,1min,dynamic_exit_atr_target_1p0_ts4_vq0p95_bf0p5_ra1p2,1.0,3.0,5,require_no_stop_zone_touch_before_entry,"{""stop_zone_fraction"": 0.75}",delay_stop_zone_filter
m2k_15min_require_no_stop_zone_touch_before_entry_sm1p00_tm3p00_d5_sz1p00,M2K,15min,1min,dynamic_exit_atr_target_1p0_ts4_vq0p95_bf0p5_ra1p2,1.0,3.0,5,require_no_stop_zone_touch_before_entry,"{""stop_zone_fraction"": 1.0}",delay_stop_zone_filter
m2k_15min_avoid_immediate_adverse_move_sm1p00_tm3p00_d5_aw5_mt8,M2K,15min,1min,dynamic_exit_atr_target_1p0_ts4_vq0p95_bf0p5_ra1p2,1.0,3.0,5,avoid_immediate_adverse_move,"{""adverse_window_minutes"": 5, ""max_adverse_ticks"": 8}",delay_adverse_filter
m2k_15min_avoid_immediate_adverse_move_sm1p00_tm3p00_d5_aw5_mt12,M2K,15min,1min,dynamic_exit_atr_target_1p0_ts4_vq0p95_bf0p5_ra1p2,1.0,3.0,5,avoid_immediate_adverse_move,"{""adverse_window_minutes"": 5, ""max_adverse_ticks"": 12}",delay_adverse_filter
m2k_15min_avoid_immediate_adverse_move_sm1p00_tm3p00_d5_aw5_mt16,M2K,15min,1min,dynamic_exit_atr_target_1p0_ts4_vq0p95_bf0p5_ra1p2,1.0,3.0,5,avoid_immediate_adverse_move,"{""adverse_window_minutes"": 5, ""max_adverse_ticks"": 16}",delay_adverse_filter
m2k_15min_require_no_stop_zone_touch_before_entry_sm1p00_tm3p00_d15_sz0p50,M2K,15min,1min,dynamic_exit_atr_target_1p0_ts4_vq0p95_bf0p5_ra1p2,1.0,3.0,15,require_no_stop_zone_touch_before_entry,"{""stop_zone_fraction"": 0.5}",delay_stop_zone_filter
m2k_15min_require_no_stop_zone_touch_before_entry_sm1p00_tm3p00_d15_sz0p75,M2K,15min,1min,dynamic_exit_atr_target_1p0_ts4_vq0p95_bf0p5_ra1p2,1.0,3.0,15,require_no_stop_zone_touch_before_entry,"{""stop_zone_fraction"": 0.75}",delay_stop_zone_filter
m2k_15min_require_no_stop_zone_touch_before_entry_sm1p00_tm3p00_d15_sz1p00,M2K,15min,1min,dynamic_exit_atr_target_1p0_ts4_vq0p95_bf0p5_ra1p2,1.0,3.0,15,require_no_stop_zone_touch_before_entry,"{""stop_zone_fraction"": 1.0}",delay_stop_zone_filter
m2k_15min_avoid_immediate_adverse_move_sm1p00_tm3p00_d15_aw5_mt8,M2K,15min,1min,dynamic_exit_atr_target_1p0_ts4_vq0p95_bf0p5_ra1p2,1.0,3.0,15,avoid_immediate_adverse_move,"{""adverse_window_minutes"": 5, ""max_adverse_ticks"": 8}",delay_adverse_filter
m2k_15min_avoid_immediate_adverse_move_sm1p00_tm3p00_d15_aw5_mt12,M2K,15min,1min,dynamic_exit_atr_target_1p0_ts4_vq0p95_bf0p5_ra1p2,1.0,3.0,15,avoid_immediate_adverse_move,"{""adverse_window_minutes"": 5, ""max_adverse_ticks"": 12}",delay_adverse_filter
m2k_15min_avoid_immediate_adverse_move_sm1p00_tm3p00_d15_aw5_mt16,M2K,15min,1min,dynamic_exit_atr_target_1p0_ts4_vq0p95_bf0p5_ra1p2,1.0,3.0,15,avoid_immediate_adverse_move,"{""adverse_window_minutes"": 5, ""max_adverse_ticks"": 16}",delay_adverse_filter
m2k_15min_avoid_immediate_adverse_move_sm1p00_tm3p00_d15_aw10_mt8,M2K,15min,1min,dynamic_exit_atr_target_1p0_ts4_vq0p95_bf0p5_ra1p2,1.0,3.0,15,avoid_immediate_adverse_move,"{""adverse_window_minutes"": 10, ""max_adverse_ticks"": 8}",delay_adverse_filter
m2k_15min_avoid_immediate_adverse_move_sm1p00_tm3p00_d15_aw10_mt12,M2K,15min,1min,dynamic_exit_atr_target_1p0_ts4_vq0p95_bf0p5_ra1p2,1.0,3.0,15,avoid_immediate_adverse_move,"{""adverse_window_minutes"": 10, ""max_adverse_ticks"": 12}",delay_adverse_filter
m2k_15min_avoid_immediate_adverse_move_sm1p00_tm3p00_d15_aw10_mt16,M2K,15min,1min,dynamic_exit_atr_target_1p0_ts4_vq0p95_bf0p5_ra1p2,1.0,3.0,15,avoid_immediate_adverse_move,"{""adverse_window_minutes"": 10, ""max_adverse_ticks"": 16}",delay_adverse_filter
m2k_15min_require_no_stop_zone_touch_before_entry_sm1p00_tm3p00_d30_sz0p50,M2K,15min,1min,dynamic_exit_atr_target_1p0_ts4_vq0p95_bf0p5_ra1p2,1.0,3.0,30,require_no_stop_zone_touch_before_entry,"{""stop_zone_fraction"": 0.5}",delay_stop_zone_filter
m2k_15min_require_no_stop_zone_touch_before_entry_sm1p00_tm3p00_d30_sz0p75,M2K,15min,1min,dynamic_exit_atr_target_1p0_ts4_vq0p95_bf0p5_ra1p2,1.0,3.0,30,require_no_stop_zone_touch_before_entry,"{""stop_zone_fraction"": 0.75}",delay_stop_zone_filter
m2k_15min_require_no_stop_zone_touch_before_entry_sm1p00_tm3p00_d30_sz1p00,M2K,15min,1min,dynamic_exit_atr_target_1p0_ts4_vq0p95_bf0p5_ra1p2,1.0,3.0,30,require_no_stop_zone_touch_before_entry,"{""stop_zone_fraction"": 1.0}",delay_stop_zone_filter
m2k_15min_avoid_immediate_adverse_move_sm1p00_tm3p00_d30_aw5_mt8,M2K,15min,1min,dynamic_exit_atr_target_1p0_ts4_vq0p95_bf0p5_ra1p2,1.0,3.0,30,avoid_immediate_adverse_move,"{""adverse_window_minutes"": 5, ""max_adverse_ticks"": 8}",delay_adverse_filter
m2k_15min_avoid_immediate_adverse_move_sm1p00_tm3p00_d30_aw5_mt12,M2K,15min,1min,dynamic_exit_atr_target_1p0_ts4_vq0p95_bf0p5_ra1p2,1.0,3.0,30,avoid_immediate_adverse_move,"{""adverse_window_minutes"": 5, ""max_adverse_ticks"": 12}",delay_adverse_filter
m2k_15min_avoid_immediate_adverse_move_sm1p00_tm3p00_d30_aw5_mt16,M2K,15min,1min,dynamic_exit_atr_target_1p0_ts4_vq0p95_bf0p5_ra1p2,1.0,3.0,30,avoid_immediate_adverse_move,"{""adverse_window_minutes"": 5, ""max_adverse_ticks"": 16}",delay_adverse_filter
m2k_15min_avoid_immediate_adverse_move_sm1p00_tm3p00_d30_aw10_mt8,M2K,15min,1min,dynamic_exit_atr_target_1p0_ts4_vq0p95_bf0p5_ra1p2,1.0,3.0,30,avoid_immediate_adverse_move,"{""adverse_window_minutes"": 10, ""max_adverse_ticks"": 8}",delay_adverse_filter
m2k_15min_avoid_immediate_adverse_move_sm1p00_tm3p00_d30_aw10_mt12,M2K,15min,1min,dynamic_exit_atr_target_1p0_ts4_vq0p95_bf0p5_ra1p2,1.0,3.0,30,avoid_immediate_adverse_move,"{""adverse_window_minutes"": 10, ""max_adverse_ticks"": 12}",delay_adverse_filter
m2k_15min_avoid_immediate_adverse_move_sm1p00_tm3p00_d30_aw10_mt16,M2K,15min,1min,dynamic_exit_atr_target_1p0_ts4_vq0p95_bf0p5_ra1p2,1.0,3.0,30,avoid_immediate_adverse_move,"{""adverse_window_minutes"": 10, ""max_adverse_ticks"": 16}",delay_adverse_filter
m2k_15min_require_no_stop_zone_touch_before_entry_sm1p25_tm2p00_d5_sz0p50,M2K,15min,1min,dynamic_exit_atr_target_1p0_ts4_vq0p95_bf0p5_ra1p2,1.25,2.0,5,require_no_stop_zone_touch_before_entry,"{""stop_zone_fraction"": 0.5}",delay_stop_zone_filter
m2k_15min_require_no_stop_zone_touch_before_entry_sm1p25_tm2p00_d5_sz0p75,M2K,15min,1min,dynamic_exit_atr_target_1p0_ts4_vq0p95_bf0p5_ra1p2,1.25,2.0,5,require_no_stop_zone_touch_before_entry,"{""stop_zone_fraction"": 0.75}",delay_stop_zone_filter
m2k_15min_require_no_stop_zone_touch_before_entry_sm1p25_tm2p00_d5_sz1p00,M2K,15min,1min,dynamic_exit_atr_target_1p0_ts4_vq0p95_bf0p5_ra1p2,1.25,2.0,5,require_no_stop_zone_touch_before_entry,"{""stop_zone_fraction"": 1.0}",delay_stop_zone_filter
m2k_15min_avoid_immediate_adverse_move_sm1p25_tm2p00_d5_aw5_mt8,M2K,15min,1min,dynamic_exit_atr_target_1p0_ts4_vq0p95_bf0p5_ra1p2,1.25,2.0,5,avoid_immediate_adverse_move,"{""adverse_window_minutes"": 5, ""max_adverse_ticks"": 8}",delay_adverse_filter
m2k_15min_avoid_immediate_adverse_move_sm1p25_tm2p00_d5_aw5_mt12,M2K,15min,1min,dynamic_exit_atr_target_1p0_ts4_vq0p95_bf0p5_ra1p2,1.25,2.0,5,avoid_immediate_adverse_move,"{""adverse_window_minutes"": 5, ""max_adverse_ticks"": 12}",delay_adverse_filter
m2k_15min_avoid_immediate_adverse_move_sm1p25_tm2p00_d5_aw5_mt16,M2K,15min,1min,dynamic_exit_atr_target_1p0_ts4_vq0p95_bf0p5_ra1p2,1.25,2.0,5,avoid_immediate_adverse_move,"{""adverse_window_minutes"": 5, ""max_adverse_ticks"": 16}",delay_adverse_filter
m2k_15min_require_no_stop_zone_touch_before_entry_sm1p25_tm2p00_d15_sz0p50,M2K,15min,1min,dynamic_exit_atr_target_1p0_ts4_vq0p95_bf0p5_ra1p2,1.25,2.0,15,require_no_stop_zone_touch_before_entry,"{""stop_zone_fraction"": 0.5}",delay_stop_zone_filter
m2k_15min_require_no_stop_zone_touch_before_entry_sm1p25_tm2p00_d15_sz0p75,M2K,15min,1min,dynamic_exit_atr_target_1p0_ts4_vq0p95_bf0p5_ra1p2,1.25,2.0,15,require_no_stop_zone_touch_before_entry,"{""stop_zone_fraction"": 0.75}",delay_stop_zone_filter
m2k_15min_require_no_stop_zone_touch_before_entry_sm1p25_tm2p00_d15_sz1p00,M2K,15min,1min,dynamic_exit_atr_target_1p0_ts4_vq0p95_bf0p5_ra1p2,1.25,2.0,15,require_no_stop_zone_touch_before_entry,"{""stop_zone_fraction"": 1.0}",delay_stop_zone_filter
m2k_15min_avoid_immediate_adverse_move_sm1p25_tm2p00_d15_aw5_mt8,M2K,15min,1min,dynamic_exit_atr_target_1p0_ts4_vq0p95_bf0p5_ra1p2,1.25,2.0,15,avoid_immediate_adverse_move,"{""adverse_window_minutes"": 5, ""max_adverse_ticks"": 8}",delay_adverse_filter
m2k_15min_avoid_immediate_adverse_move_sm1p25_tm2p00_d15_aw5_mt12,M2K,15min,1min,dynamic_exit_atr_target_1p0_ts4_vq0p95_bf0p5_ra1p2,1.25,2.0,15,avoid_immediate_adverse_move,"{""adverse_window_minutes"": 5, ""max_adverse_ticks"": 12}",delay_adverse_filter
m2k_15min_avoid_immediate_adverse_move_sm1p25_tm2p00_d15_aw5_mt16,M2K,15min,1min,dynamic_exit_atr_target_1p0_ts4_vq0p95_bf0p5_ra1p2,1.25,2.0,15,avoid_immediate_adverse_move,"{""adverse_window_minutes"": 5, ""max_adverse_ticks"": 16}",delay_adverse_filter
m2k_15min_avoid_immediate_adverse_move_sm1p25_tm2p00_d15_aw10_mt8,M2K,15min,1min,dynamic_exit_atr_target_1p0_ts4_vq0p95_bf0p5_ra1p2,1.25,2.0,15,avoid_immediate_adverse_move,"{""adverse_window_minutes"": 10, ""max_adverse_ticks"": 8}",delay_adverse_filter
m2k_15min_avoid_immediate_adverse_move_sm1p25_tm2p00_d15_aw10_mt12,M2K,15min,1min,dynamic_exit_atr_target_1p0_ts4_vq0p95_bf0p5_ra1p2,1.25,2.0,15,avoid_immediate_adverse_move,"{""adverse_window_minutes"": 10, ""max_adverse_ticks"": 12}",delay_adverse_filter
m2k_15min_avoid_immediate_adverse_move_sm1p25_tm2p00_d15_aw10_mt16,M2K,15min,1min,dynamic_exit_atr_target_1p0_ts4_vq0p95_bf0p5_ra1p2,1.25,2.0,15,avoid_immediate_adverse_move,"{""adverse_window_minutes"": 10, ""max_adverse_ticks"": 16}",delay_adverse_filter
m2k_15min_require_no_stop_zone_touch_before_entry_sm1p25_tm2p00_d30_sz0p50,M2K,15min,1min,dynamic_exit_atr_target_1p0_ts4_vq0p95_bf0p5_ra1p2,1.25,2.0,30,require_no_stop_zone_touch_before_entry,"{""stop_zone_fraction"": 0.5}",delay_stop_zone_filter
m2k_15min_require_no_stop_zone_touch_before_entry_sm1p25_tm2p00_d30_sz0p75,M2K,15min,1min,dynamic_exit_atr_target_1p0_ts4_vq0p95_bf0p5_ra1p2,1.25,2.0,30,require_no_stop_zone_touch_before_entry,"{""stop_zone_fraction"": 0.75}",delay_stop_zone_filter
m2k_15min_require_no_stop_zone_touch_before_entry_sm1p25_tm2p00_d30_sz1p00,M2K,15min,1min,dynamic_exit_atr_target_1p0_ts4_vq0p95_bf0p5_ra1p2,1.25,2.0,30,require_no_stop_zone_touch_before_entry,"{""stop_zone_fraction"": 1.0}",delay_stop_zone_filter
m2k_15min_avoid_immediate_adverse_move_sm1p25_tm2p00_d30_aw5_mt8,M2K,15min,1min,dynamic_exit_atr_target_1p0_ts4_vq0p95_bf0p5_ra1p2,1.25,2.0,30,avoid_immediate_adverse_move,"{""adverse_window_minutes"": 5, ""max_adverse_ticks"": 8}",delay_adverse_filter
m2k_15min_avoid_immediate_adverse_move_sm1p25_tm2p00_d30_aw5_mt12,M2K,15min,1min,dynamic_exit_atr_target_1p0_ts4_vq0p95_bf0p5_ra1p2,1.25,2.0,30,avoid_immediate_adverse_move,"{""adverse_window_minutes"": 5, ""max_adverse_ticks"": 12}",delay_adverse_filter
m2k_15min_avoid_immediate_adverse_move_sm1p25_tm2p00_d30_aw5_mt16,M2K,15min,1min,dynamic_exit_atr_target_1p0_ts4_vq0p95_bf0p5_ra1p2,1.25,2.0,30,avoid_immediate_adverse_move,"{""adverse_window_minutes"": 5, ""max_adverse_ticks"": 16}",delay_adverse_filter
m2k_15min_avoid_immediate_adverse_move_sm1p25_tm2p00_d30_aw10_mt8,M2K,15min,1min,dynamic_exit_atr_target_1p0_ts4_vq0p95_bf0p5_ra1p2,1.25,2.0,30,avoid_immediate_adverse_move,"{""adverse_window_minutes"": 10, ""max_adverse_ticks"": 8}",delay_adverse_filter
m2k_15min_avoid_immediate_adverse_move_sm1p25_tm2p00_d30_aw10_mt12,M2K,15min,1min,dynamic_exit_atr_target_1p0_ts4_vq0p95_bf0p5_ra1p2,1.25,2.0,30,avoid_immediate_adverse_move,"{""adverse_window_minutes"": 10, ""max_adverse_ticks"": 12}",delay_adverse_filter
m2k_15min_avoid_immediate_adverse_move_sm1p25_tm2p00_d30_aw10_mt16,M2K,15min,1min,dynamic_exit_atr_target_1p0_ts4_vq0p95_bf0p5_ra1p2,1.25,2.0,30,avoid_immediate_adverse_move,"{""adverse_window_minutes"": 10, ""max_adverse_ticks"": 16}",delay_adverse_filter
m2k_15min_require_no_stop_zone_touch_before_entry_sm1p25_tm2p50_d5_sz0p50,M2K,15min,1min,dynamic_exit_atr_target_1p0_ts4_vq0p95_bf0p5_ra1p2,1.25,2.5,5,require_no_stop_zone_touch_before_entry,"{""stop_zone_fraction"": 0.5}",delay_stop_zone_filter
m2k_15min_require_no_stop_zone_touch_before_entry_sm1p25_tm2p50_d5_sz0p75,M2K,15min,1min,dynamic_exit_atr_target_1p0_ts4_vq0p95_bf0p5_ra1p2,1.25,2.5,5,require_no_stop_zone_touch_before_entry,"{""stop_zone_fraction"": 0.75}",delay_stop_zone_filter
m2k_15min_require_no_stop_zone_touch_before_entry_sm1p25_tm2p50_d5_sz1p00,M2K,15min,1min,dynamic_exit_atr_target_1p0_ts4_vq0p95_bf0p5_ra1p2,1.25,2.5,5,require_no_stop_zone_touch_before_entry,"{""stop_zone_fraction"": 1.0}",delay_stop_zone_filter
m2k_15min_avoid_immediate_adverse_move_sm1p25_tm2p50_d5_aw5_mt8,M2K,15min,1min,dynamic_exit_atr_target_1p0_ts4_vq0p95_bf0p5_ra1p2,1.25,2.5,5,avoid_immediate_adverse_move,"{""adverse_window_minutes"": 5, ""max_adverse_ticks"": 8}",delay_adverse_filter
m2k_15min_avoid_immediate_adverse_move_sm1p25_tm2p50_d5_aw5_mt12,M2K,15min,1min,dynamic_exit_atr_target_1p0_ts4_vq0p95_bf0p5_ra1p2,1.25,2.5,5,avoid_immediate_adverse_move,"{""adverse_window_minutes"": 5, ""max_adverse_ticks"": 12}",delay_adverse_filter
m2k_15min_avoid_immediate_adverse_move_sm1p25_tm2p50_d5_aw5_mt16,M2K,15min,1min,dynamic_exit_atr_target_1p0_ts4_vq0p95_bf0p5_ra1p2,1.25,2.5,5,avoid_immediate_adverse_move,"{""adverse_window_minutes"": 5, ""max_adverse_ticks"": 16}",delay_adverse_filter
m2k_15min_require_no_stop_zone_touch_before_entry_sm1p25_tm2p50_d15_sz0p50,M2K,15min,1min,dynamic_exit_atr_target_1p0_ts4_vq0p95_bf0p5_ra1p2,1.25,2.5,15,require_no_stop_zone_touch_before_entry,"{""stop_zone_fraction"": 0.5}",delay_stop_zone_filter
m2k_15min_require_no_stop_zone_touch_before_entry_sm1p25_tm2p50_d15_sz0p75,M2K,15min,1min,dynamic_exit_atr_target_1p0_ts4_vq0p95_bf0p5_ra1p2,1.25,2.5,15,require_no_stop_zone_touch_before_entry,"{""stop_zone_fraction"": 0.75}",delay_stop_zone_filter
m2k_15min_require_no_stop_zone_touch_before_entry_sm1p25_tm2p50_d15_sz1p00,M2K,15min,1min,dynamic_exit_atr_target_1p0_ts4_vq0p95_bf0p5_ra1p2,1.25,2.5,15,require_no_stop_zone_touch_before_entry,"{""stop_zone_fraction"": 1.0}",delay_stop_zone_filter
m2k_15min_avoid_immediate_adverse_move_sm1p25_tm2p50_d15_aw5_mt8,M2K,15min,1min,dynamic_exit_atr_target_1p0_ts4_vq0p95_bf0p5_ra1p2,1.25,2.5,15,avoid_immediate_adverse_move,"{""adverse_window_minutes"": 5, ""max_adverse_ticks"": 8}",delay_adverse_filter
m2k_15min_avoid_immediate_adverse_move_sm1p25_tm2p50_d15_aw5_mt12,M2K,15min,1min,dynamic_exit_atr_target_1p0_ts4_vq0p95_bf0p5_ra1p2,1.25,2.5,15,avoid_immediate_adverse_move,"{""adverse_window_minutes"": 5, ""max_adverse_ticks"": 12}",delay_adverse_filter
m2k_15min_avoid_immediate_adverse_move_sm1p25_tm2p50_d15_aw5_mt16,M2K,15min,1min,dynamic_exit_atr_target_1p0_ts4_vq0p95_bf0p5_ra1p2,1.25,2.5,15,avoid_immediate_adverse_move,"{""adverse_window_minutes"": 5, ""max_adverse_ticks"": 16}",delay_adverse_filter
m2k_15min_avoid_immediate_adverse_move_sm1p25_tm2p50_d15_aw10_mt8,M2K,15min,1min,dynamic_exit_atr_target_1p0_ts4_vq0p95_bf0p5_ra1p2,1.25,2.5,15,avoid_immediate_adverse_move,"{""adverse_window_minutes"": 10, ""max_adverse_ticks"": 8}",delay_adverse_filter
m2k_15min_avoid_immediate_adverse_move_sm1p25_tm2p50_d15_aw10_mt12,M2K,15min,1min,dynamic_exit_atr_target_1p0_ts4_vq0p95_bf0p5_ra1p2,1.25,2.5,15,avoid_immediate_adverse_move,"{""adverse_window_minutes"": 10, ""max_adverse_ticks"": 12}",delay_adverse_filter
m2k_15min_avoid_immediate_adverse_move_sm1p25_tm2p50_d15_aw10_mt16,M2K,15min,1min,dynamic_exit_atr_target_1p0_ts4_vq0p95_bf0p5_ra1p2,1.25,2.5,15,avoid_immediate_adverse_move,"{""adverse_window_minutes"": 10, ""max_adverse_ticks"": 16}",delay_adverse_filter
m2k_15min_require_no_stop_zone_touch_before_entry_sm1p25_tm2p50_d30_sz0p50,M2K,15min,1min,dynamic_exit_atr_target_1p0_ts4_vq0p95_bf0p5_ra1p2,1.25,2.5,30,require_no_stop_zone_touch_before_entry,"{""stop_zone_fraction"": 0.5}",delay_stop_zone_filter
m2k_15min_require_no_stop_zone_touch_before_entry_sm1p25_tm2p50_d30_sz0p75,M2K,15min,1min,dynamic_exit_atr_target_1p0_ts4_vq0p95_bf0p5_ra1p2,1.25,2.5,30,require_no_stop_zone_touch_before_entry,"{""stop_zone_fraction"": 0.75}",delay_stop_zone_filter
m2k_15min_require_no_stop_zone_touch_before_entry_sm1p25_tm2p50_d30_sz1p00,M2K,15min,1min,dynamic_exit_atr_target_1p0_ts4_vq0p95_bf0p5_ra1p2,1.25,2.5,30,require_no_stop_zone_touch_before_entry,"{""stop_zone_fraction"": 1.0}",delay_stop_zone_filter
m2k_15min_avoid_immediate_adverse_move_sm1p25_tm2p50_d30_aw5_mt8,M2K,15min,1min,dynamic_exit_atr_target_1p0_ts4_vq0p95_bf0p5_ra1p2,1.25,2.5,30,avoid_immediate_adverse_move,"{""adverse_window_minutes"": 5, ""max_adverse_ticks"": 8}",delay_adverse_filter
m2k_15min_avoid_immediate_adverse_move_sm1p25_tm2p50_d30_aw5_mt12,M2K,15min,1min,dynamic_exit_atr_target_1p0_ts4_vq0p95_bf0p5_ra1p2,1.25,2.5,30,avoid_immediate_adverse_move,"{""adverse_window_minutes"": 5, ""max_adverse_ticks"": 12}",delay_adverse_filter
m2k_15min_avoid_immediate_adverse_move_sm1p25_tm2p50_d30_aw5_mt16,M2K,15min,1min,dynamic_exit_atr_target_1p0_ts4_vq0p95_bf0p5_ra1p2,1.25,2.5,30,avoid_immediate_adverse_move,"{""adverse_window_minutes"": 5, ""max_adverse_ticks"": 16}",delay_adverse_filter
m2k_15min_avoid_immediate_adverse_move_sm1p25_tm2p50_d30_aw10_mt8,M2K,15min,1min,dynamic_exit_atr_target_1p0_ts4_vq0p95_bf0p5_ra1p2,1.25,2.5,30,avoid_immediate_adverse_move,"{""adverse_window_minutes"": 10, ""max_adverse_ticks"": 8}",delay_adverse_filter
m2k_15min_avoid_immediate_adverse_move_sm1p25_tm2p50_d30_aw10_mt12,M2K,15min,1min,dynamic_exit_atr_target_1p0_ts4_vq0p95_bf0p5_ra1p2,1.25,2.5,30,avoid_immediate_adverse_move,"{""adverse_window_minutes"": 10, ""max_adverse_ticks"": 12}",delay_adverse_filter
m2k_15min_avoid_immediate_adverse_move_sm1p25_tm2p50_d30_aw10_mt16,M2K,15min,1min,dynamic_exit_atr_target_1p0_ts4_vq0p95_bf0p5_ra1p2,1.25,2.5,30,avoid_immediate_adverse_move,"{""adverse_window_minutes"": 10, ""max_adverse_ticks"": 16}",delay_adverse_filter
m2k_15min_require_no_stop_zone_touch_before_entry_sm1p25_tm3p00_d5_sz0p50,M2K,15min,1min,dynamic_exit_atr_target_1p0_ts4_vq0p95_bf0p5_ra1p2,1.25,3.0,5,require_no_stop_zone_touch_before_entry,"{""stop_zone_fraction"": 0.5}",delay_stop_zone_filter
m2k_15min_require_no_stop_zone_touch_before_entry_sm1p25_tm3p00_d5_sz0p75,M2K,15min,1min,dynamic_exit_atr_target_1p0_ts4_vq0p95_bf0p5_ra1p2,1.25,3.0,5,require_no_stop_zone_touch_before_entry,"{""stop_zone_fraction"": 0.75}",delay_stop_zone_filter
m2k_15min_require_no_stop_zone_touch_before_entry_sm1p25_tm3p00_d5_sz1p00,M2K,15min,1min,dynamic_exit_atr_target_1p0_ts4_vq0p95_bf0p5_ra1p2,1.25,3.0,5,require_no_stop_zone_touch_before_entry,"{""stop_zone_fraction"": 1.0}",delay_stop_zone_filter
m2k_15min_avoid_immediate_adverse_move_sm1p25_tm3p00_d5_aw5_mt8,M2K,15min,1min,dynamic_exit_atr_target_1p0_ts4_vq0p95_bf0p5_ra1p2,1.25,3.0,5,avoid_immediate_adverse_move,"{""adverse_window_minutes"": 5, ""max_adverse_ticks"": 8}",delay_adverse_filter
m2k_15min_avoid_immediate_adverse_move_sm1p25_tm3p00_d5_aw5_mt12,M2K,15min,1min,dynamic_exit_atr_target_1p0_ts4_vq0p95_bf0p5_ra1p2,1.25,3.0,5,avoid_immediate_adverse_move,"{""adverse_window_minutes"": 5, ""max_adverse_ticks"": 12}",delay_adverse_filter
m2k_15min_avoid_immediate_adverse_move_sm1p25_tm3p00_d5_aw5_mt16,M2K,15min,1min,dynamic_exit_atr_target_1p0_ts4_vq0p95_bf0p5_ra1p2,1.25,3.0,5,avoid_immediate_adverse_move,"{""adverse_window_minutes"": 5, ""max_adverse_ticks"": 16}",delay_adverse_filter
m2k_15min_require_no_stop_zone_touch_before_entry_sm1p25_tm3p00_d15_sz0p50,M2K,15min,1min,dynamic_exit_atr_target_1p0_ts4_vq0p95_bf0p5_ra1p2,1.25,3.0,15,require_no_stop_zone_touch_before_entry,"{""stop_zone_fraction"": 0.5}",delay_stop_zone_filter
m2k_15min_require_no_stop_zone_touch_before_entry_sm1p25_tm3p00_d15_sz0p75,M2K,15min,1min,dynamic_exit_atr_target_1p0_ts4_vq0p95_bf0p5_ra1p2,1.25,3.0,15,require_no_stop_zone_touch_before_entry,"{""stop_zone_fraction"": 0.75}",delay_stop_zone_filter
m2k_15min_require_no_stop_zone_touch_before_entry_sm1p25_tm3p00_d15_sz1p00,M2K,15min,1min,dynamic_exit_atr_target_1p0_ts4_vq0p95_bf0p5_ra1p2,1.25,3.0,15,require_no_stop_zone_touch_before_entry,"{""stop_zone_fraction"": 1.0}",delay_stop_zone_filter
m2k_15min_avoid_immediate_adverse_move_sm1p25_tm3p00_d15_aw5_mt8,M2K,15min,1min,dynamic_exit_atr_target_1p0_ts4_vq0p95_bf0p5_ra1p2,1.25,3.0,15,avoid_immediate_adverse_move,"{""adverse_window_minutes"": 5, ""max_adverse_ticks"": 8}",delay_adverse_filter
m2k_15min_avoid_immediate_adverse_move_sm1p25_tm3p00_d15_aw5_mt12,M2K,15min,1min,dynamic_exit_atr_target_1p0_ts4_vq0p95_bf0p5_ra1p2,1.25,3.0,15,avoid_immediate_adverse_move,"{""adverse_window_minutes"": 5, ""max_adverse_ticks"": 12}",delay_adverse_filter
m2k_15min_avoid_immediate_adverse_move_sm1p25_tm3p00_d15_aw5_mt16,M2K,15min,1min,dynamic_exit_atr_target_1p0_ts4_vq0p95_bf0p5_ra1p2,1.25,3.0,15,avoid_immediate_adverse_move,"{""adverse_window_minutes"": 5, ""max_adverse_ticks"": 16}",delay_adverse_filter
m2k_15min_avoid_immediate_adverse_move_sm1p25_tm3p00_d15_aw10_mt8,M2K,15min,1min,dynamic_exit_atr_target_1p0_ts4_vq0p95_bf0p5_ra1p2,1.25,3.0,15,avoid_immediate_adverse_move,"{""adverse_window_minutes"": 10, ""max_adverse_ticks"": 8}",delay_adverse_filter
m2k_15min_avoid_immediate_adverse_move_sm1p25_tm3p00_d15_aw10_mt12,M2K,15min,1min,dynamic_exit_atr_target_1p0_ts4_vq0p95_bf0p5_ra1p2,1.25,3.0,15,avoid_immediate_adverse_move,"{""adverse_window_minutes"": 10, ""max_adverse_ticks"": 12}",delay_adverse_filter
m2k_15min_avoid_immediate_adverse_move_sm1p25_tm3p00_d15_aw10_mt16,M2K,15min,1min,dynamic_exit_atr_target_1p0_ts4_vq0p95_bf0p5_ra1p2,1.25,3.0,15,avoid_immediate_adverse_move,"{""adverse_window_minutes"": 10, ""max_adverse_ticks"": 16}",delay_adverse_filter
m2k_15min_require_no_stop_zone_touch_before_entry_sm1p25_tm3p00_d30_sz0p50,M2K,15min,1min,dynamic_exit_atr_target_1p0_ts4_vq0p95_bf0p5_ra1p2,1.25,3.0,30,require_no_stop_zone_touch_before_entry,"{""stop_zone_fraction"": 0.5}",delay_stop_zone_filter
m2k_15min_require_no_stop_zone_touch_before_entry_sm1p25_tm3p00_d30_sz0p75,M2K,15min,1min,dynamic_exit_atr_target_1p0_ts4_vq0p95_bf0p5_ra1p2,1.25,3.0,30,require_no_stop_zone_touch_before_entry,"{""stop_zone_fraction"": 0.75}",delay_stop_zone_filter
m2k_15min_require_no_stop_zone_touch_before_entry_sm1p25_tm3p00_d30_sz1p00,M2K,15min,1min,dynamic_exit_atr_target_1p0_ts4_vq0p95_bf0p5_ra1p2,1.25,3.0,30,require_no_stop_zone_touch_before_entry,"{""stop_zone_fraction"": 1.0}",delay_stop_zone_filter
m2k_15min_avoid_immediate_adverse_move_sm1p25_tm3p00_d30_aw5_mt8,M2K,15min,1min,dynamic_exit_atr_target_1p0_ts4_vq0p95_bf0p5_ra1p2,1.25,3.0,30,avoid_immediate_adverse_move,"{""adverse_window_minutes"": 5, ""max_adverse_ticks"": 8}",delay_adverse_filter
m2k_15min_avoid_immediate_adverse_move_sm1p25_tm3p00_d30_aw5_mt12,M2K,15min,1min,dynamic_exit_atr_target_1p0_ts4_vq0p95_bf0p5_ra1p2,1.25,3.0,30,avoid_immediate_adverse_move,"{""adverse_window_minutes"": 5, ""max_adverse_ticks"": 12}",delay_adverse_filter
m2k_15min_avoid_immediate_adverse_move_sm1p25_tm3p00_d30_aw5_mt16,M2K,15min,1min,dynamic_exit_atr_target_1p0_ts4_vq0p95_bf0p5_ra1p2,1.25,3.0,30,avoid_immediate_adverse_move,"{""adverse_window_minutes"": 5, ""max_adverse_ticks"": 16}",delay_adverse_filter
m2k_15min_avoid_immediate_adverse_move_sm1p25_tm3p00_d30_aw10_mt8,M2K,15min,1min,dynamic_exit_atr_target_1p0_ts4_vq0p95_bf0p5_ra1p2,1.25,3.0,30,avoid_immediate_adverse_move,"{""adverse_window_minutes"": 10, ""max_adverse_ticks"": 8}",delay_adverse_filter
m2k_15min_avoid_immediate_adverse_move_sm1p25_tm3p00_d30_aw10_mt12,M2K,15min,1min,dynamic_exit_atr_target_1p0_ts4_vq0p95_bf0p5_ra1p2,1.25,3.0,30,avoid_immediate_adverse_move,"{""adverse_window_minutes"": 10, ""max_adverse_ticks"": 12}",delay_adverse_filter
m2k_15min_avoid_immediate_adverse_move_sm1p25_tm3p00_d30_aw10_mt16,M2K,15min,1min,dynamic_exit_atr_target_1p0_ts4_vq0p95_bf0p5_ra1p2,1.25,3.0,30,avoid_immediate_adverse_move,"{""adverse_window_minutes"": 10, ""max_adverse_ticks"": 16}",delay_adverse_filter
m2k_30min_none_sm1p00_tm1p00_d0,M2K,30min,1min,dynamic_exit_atr_target_1p0_ts4_vq0p95_bf0p5_ra1p2,1.0,1.0,0,none,{},raw_hybrid
m2k_30min_none_sm1p00_tm1p00_d5,M2K,30min,1min,dynamic_exit_atr_target_1p0_ts4_vq0p95_bf0p5_ra1p2,1.0,1.0,5,none,{},delay_only
m2k_30min_none_sm1p00_tm1p00_d15,M2K,30min,1min,dynamic_exit_atr_target_1p0_ts4_vq0p95_bf0p5_ra1p2,1.0,1.0,15,none,{},delay_only
m2k_30min_none_sm1p00_tm1p00_d30,M2K,30min,1min,dynamic_exit_atr_target_1p0_ts4_vq0p95_bf0p5_ra1p2,1.0,1.0,30,none,{},delay_only
m2k_30min_none_sm0p75_tm1p50_d0,M2K,30min,1min,dynamic_exit_atr_target_1p0_ts4_vq0p95_bf0p5_ra1p2,0.75,1.5,0,none,{},stop_target_recalibration
m2k_30min_none_sm0p75_tm1p50_d5,M2K,30min,1min,dynamic_exit_atr_target_1p0_ts4_vq0p95_bf0p5_ra1p2,0.75,1.5,5,none,{},delay_stop_target
m2k_30min_none_sm0p75_tm1p50_d15,M2K,30min,1min,dynamic_exit_atr_target_1p0_ts4_vq0p95_bf0p5_ra1p2,0.75,1.5,15,none,{},delay_stop_target
m2k_30min_none_sm0p75_tm1p50_d30,M2K,30min,1min,dynamic_exit_atr_target_1p0_ts4_vq0p95_bf0p5_ra1p2,0.75,1.5,30,none,{},delay_stop_target
m2k_30min_none_sm0p75_tm2p00_d0,M2K,30min,1min,dynamic_exit_atr_target_1p0_ts4_vq0p95_bf0p5_ra1p2,0.75,2.0,0,none,{},stop_target_recalibration
m2k_30min_none_sm0p75_tm2p00_d5,M2K,30min,1min,dynamic_exit_atr_target_1p0_ts4_vq0p95_bf0p5_ra1p2,0.75,2.0,5,none,{},delay_stop_target
m2k_30min_none_sm0p75_tm2p00_d15,M2K,30min,1min,dynamic_exit_atr_target_1p0_ts4_vq0p95_bf0p5_ra1p2,0.75,2.0,15,none,{},delay_stop_target
m2k_30min_none_sm0p75_tm2p00_d30,M2K,30min,1min,dynamic_exit_atr_target_1p0_ts4_vq0p95_bf0p5_ra1p2,0.75,2.0,30,none,{},delay_stop_target
m2k_30min_none_sm0p75_tm2p50_d0,M2K,30min,1min,dynamic_exit_atr_target_1p0_ts4_vq0p95_bf0p5_ra1p2,0.75,2.5,0,none,{},stop_target_recalibration
m2k_30min_none_sm0p75_tm2p50_d5,M2K,30min,1min,dynamic_exit_atr_target_1p0_ts4_vq0p95_bf0p5_ra1p2,0.75,2.5,5,none,{},delay_stop_target
m2k_30min_none_sm0p75_tm2p50_d15,M2K,30min,1min,dynamic_exit_atr_target_1p0_ts4_vq0p95_bf0p5_ra1p2,0.75,2.5,15,none,{},delay_stop_target
m2k_30min_none_sm0p75_tm2p50_d30,M2K,30min,1min,dynamic_exit_atr_target_1p0_ts4_vq0p95_bf0p5_ra1p2,0.75,2.5,30,none,{},delay_stop_target
m2k_30min_none_sm0p75_tm3p00_d0,M2K,30min,1min,dynamic_exit_atr_target_1p0_ts4_vq0p95_bf0p5_ra1p2,0.75,3.0,0,none,{},stop_target_recalibration
m2k_30min_none_sm0p75_tm3p00_d5,M2K,30min,1min,dynamic_exit_atr_target_1p0_ts4_vq0p95_bf0p5_ra1p2,0.75,3.0,5,none,{},delay_stop_target
m2k_30min_none_sm0p75_tm3p00_d15,M2K,30min,1min,dynamic_exit_atr_target_1p0_ts4_vq0p95_bf0p5_ra1p2,0.75,3.0,15,none,{},delay_stop_target
m2k_30min_none_sm0p75_tm3p00_d30,M2K,30min,1min,dynamic_exit_atr_target_1p0_ts4_vq0p95_bf0p5_ra1p2,0.75,3.0,30,none,{},delay_stop_target
m2k_30min_none_sm1p00_tm1p50_d0,M2K,30min,1min,dynamic_exit_atr_target_1p0_ts4_vq0p95_bf0p5_ra1p2,1.0,1.5,0,none,{},stop_target_recalibration
m2k_30min_none_sm1p00_tm1p50_d5,M2K,30min,1min,dynamic_exit_atr_target_1p0_ts4_vq0p95_bf0p5_ra1p2,1.0,1.5,5,none,{},delay_stop_target
m2k_30min_none_sm1p00_tm1p50_d15,M2K,30min,1min,dynamic_exit_atr_target_1p0_ts4_vq0p95_bf0p5_ra1p2,1.0,1.5,15,none,{},delay_stop_target
m2k_30min_none_sm1p00_tm1p50_d30,M2K,30min,1min,dynamic_exit_atr_target_1p0_ts4_vq0p95_bf0p5_ra1p2,1.0,1.5,30,none,{},delay_stop_target
m2k_30min_none_sm1p00_tm2p00_d0,M2K,30min,1min,dynamic_exit_atr_target_1p0_ts4_vq0p95_bf0p5_ra1p2,1.0,2.0,0,none,{},stop_target_recalibration
m2k_30min_none_sm1p00_tm2p00_d5,M2K,30min,1min,dynamic_exit_atr_target_1p0_ts4_vq0p95_bf0p5_ra1p2,1.0,2.0,5,none,{},delay_stop_target
m2k_30min_none_sm1p00_tm2p00_d15,M2K,30min,1min,dynamic_exit_atr_target_1p0_ts4_vq0p95_bf0p5_ra1p2,1.0,2.0,15,none,{},delay_stop_target
m2k_30min_none_sm1p00_tm2p00_d30,M2K,30min,1min,dynamic_exit_atr_target_1p0_ts4_vq0p95_bf0p5_ra1p2,1.0,2.0,30,none,{},delay_stop_target
m2k_30min_none_sm1p00_tm2p50_d0,M2K,30min,1min,dynamic_exit_atr_target_1p0_ts4_vq0p95_bf0p5_ra1p2,1.0,2.5,0,none,{},stop_target_recalibration
m2k_30min_none_sm1p00_tm2p50_d5,M2K,30min,1min,dynamic_exit_atr_target_1p0_ts4_vq0p95_bf0p5_ra1p2,1.0,2.5,5,none,{},delay_stop_target
m2k_30min_none_sm1p00_tm2p50_d15,M2K,30min,1min,dynamic_exit_atr_target_1p0_ts4_vq0p95_bf0p5_ra1p2,1.0,2.5,15,none,{},delay_stop_target
m2k_30min_none_sm1p00_tm2p50_d30,M2K,30min,1min,dynamic_exit_atr_target_1p0_ts4_vq0p95_bf0p5_ra1p2,1.0,2.5,30,none,{},delay_stop_target
m2k_30min_none_sm1p00_tm3p00_d0,M2K,30min,1min,dynamic_exit_atr_target_1p0_ts4_vq0p95_bf0p5_ra1p2,1.0,3.0,0,none,{},stop_target_recalibration
m2k_30min_none_sm1p00_tm3p00_d5,M2K,30min,1min,dynamic_exit_atr_target_1p0_ts4_vq0p95_bf0p5_ra1p2,1.0,3.0,5,none,{},delay_stop_target
m2k_30min_none_sm1p00_tm3p00_d15,M2K,30min,1min,dynamic_exit_atr_target_1p0_ts4_vq0p95_bf0p5_ra1p2,1.0,3.0,15,none,{},delay_stop_target
m2k_30min_none_sm1p00_tm3p00_d30,M2K,30min,1min,dynamic_exit_atr_target_1p0_ts4_vq0p95_bf0p5_ra1p2,1.0,3.0,30,none,{},delay_stop_target
m2k_30min_none_sm1p25_tm1p50_d0,M2K,30min,1min,dynamic_exit_atr_target_1p0_ts4_vq0p95_bf0p5_ra1p2,1.25,1.5,0,none,{},stop_target_recalibration
m2k_30min_none_sm1p25_tm1p50_d5,M2K,30min,1min,dynamic_exit_atr_target_1p0_ts4_vq0p95_bf0p5_ra1p2,1.25,1.5,5,none,{},delay_stop_target
m2k_30min_none_sm1p25_tm1p50_d15,M2K,30min,1min,dynamic_exit_atr_target_1p0_ts4_vq0p95_bf0p5_ra1p2,1.25,1.5,15,none,{},delay_stop_target
m2k_30min_none_sm1p25_tm1p50_d30,M2K,30min,1min,dynamic_exit_atr_target_1p0_ts4_vq0p95_bf0p5_ra1p2,1.25,1.5,30,none,{},delay_stop_target
m2k_30min_none_sm1p25_tm2p00_d0,M2K,30min,1min,dynamic_exit_atr_target_1p0_ts4_vq0p95_bf0p5_ra1p2,1.25,2.0,0,none,{},stop_target_recalibration
m2k_30min_none_sm1p25_tm2p00_d5,M2K,30min,1min,dynamic_exit_atr_target_1p0_ts4_vq0p95_bf0p5_ra1p2,1.25,2.0,5,none,{},delay_stop_target
m2k_30min_none_sm1p25_tm2p00_d15,M2K,30min,1min,dynamic_exit_atr_target_1p0_ts4_vq0p95_bf0p5_ra1p2,1.25,2.0,15,none,{},delay_stop_target
m2k_30min_none_sm1p25_tm2p00_d30,M2K,30min,1min,dynamic_exit_atr_target_1p0_ts4_vq0p95_bf0p5_ra1p2,1.25,2.0,30,none,{},delay_stop_target
m2k_30min_none_sm1p25_tm2p50_d0,M2K,30min,1min,dynamic_exit_atr_target_1p0_ts4_vq0p95_bf0p5_ra1p2,1.25,2.5,0,none,{},stop_target_recalibration
m2k_30min_none_sm1p25_tm2p50_d5,M2K,30min,1min,dynamic_exit_atr_target_1p0_ts4_vq0p95_bf0p5_ra1p2,1.25,2.5,5,none,{},delay_stop_target
m2k_30min_none_sm1p25_tm2p50_d15,M2K,30min,1min,dynamic_exit_atr_target_1p0_ts4_vq0p95_bf0p5_ra1p2,1.25,2.5,15,none,{},delay_stop_target
m2k_30min_none_sm1p25_tm2p50_d30,M2K,30min,1min,dynamic_exit_atr_target_1p0_ts4_vq0p95_bf0p5_ra1p2,1.25,2.5,30,none,{},delay_stop_target
m2k_30min_none_sm1p25_tm3p00_d0,M2K,30min,1min,dynamic_exit_atr_target_1p0_ts4_vq0p95_bf0p5_ra1p2,1.25,3.0,0,none,{},stop_target_recalibration
m2k_30min_none_sm1p25_tm3p00_d5,M2K,30min,1min,dynamic_exit_atr_target_1p0_ts4_vq0p95_bf0p5_ra1p2,1.25,3.0,5,none,{},delay_stop_target
m2k_30min_none_sm1p25_tm3p00_d15,M2K,30min,1min,dynamic_exit_atr_target_1p0_ts4_vq0p95_bf0p5_ra1p2,1.25,3.0,15,none,{},delay_stop_target
m2k_30min_none_sm1p25_tm3p00_d30,M2K,30min,1min,dynamic_exit_atr_target_1p0_ts4_vq0p95_bf0p5_ra1p2,1.25,3.0,30,none,{},delay_stop_target
m2k_30min_none_sm1p50_tm1p50_d0,M2K,30min,1min,dynamic_exit_atr_target_1p0_ts4_vq0p95_bf0p5_ra1p2,1.5,1.5,0,none,{},stop_target_recalibration
m2k_30min_none_sm1p50_tm1p50_d5,M2K,30min,1min,dynamic_exit_atr_target_1p0_ts4_vq0p95_bf0p5_ra1p2,1.5,1.5,5,none,{},delay_stop_target
m2k_30min_none_sm1p50_tm1p50_d15,M2K,30min,1min,dynamic_exit_atr_target_1p0_ts4_vq0p95_bf0p5_ra1p2,1.5,1.5,15,none,{},delay_stop_target
m2k_30min_none_sm1p50_tm1p50_d30,M2K,30min,1min,dynamic_exit_atr_target_1p0_ts4_vq0p95_bf0p5_ra1p2,1.5,1.5,30,none,{},delay_stop_target
m2k_30min_none_sm1p50_tm2p00_d0,M2K,30min,1min,dynamic_exit_atr_target_1p0_ts4_vq0p95_bf0p5_ra1p2,1.5,2.0,0,none,{},stop_target_recalibration
m2k_30min_none_sm1p50_tm2p00_d5,M2K,30min,1min,dynamic_exit_atr_target_1p0_ts4_vq0p95_bf0p5_ra1p2,1.5,2.0,5,none,{},delay_stop_target
m2k_30min_none_sm1p50_tm2p00_d15,M2K,30min,1min,dynamic_exit_atr_target_1p0_ts4_vq0p95_bf0p5_ra1p2,1.5,2.0,15,none,{},delay_stop_target
m2k_30min_none_sm1p50_tm2p00_d30,M2K,30min,1min,dynamic_exit_atr_target_1p0_ts4_vq0p95_bf0p5_ra1p2,1.5,2.0,30,none,{},delay_stop_target
m2k_30min_none_sm1p50_tm2p50_d0,M2K,30min,1min,dynamic_exit_atr_target_1p0_ts4_vq0p95_bf0p5_ra1p2,1.5,2.5,0,none,{},stop_target_recalibration
m2k_30min_none_sm1p50_tm2p50_d5,M2K,30min,1min,dynamic_exit_atr_target_1p0_ts4_vq0p95_bf0p5_ra1p2,1.5,2.5,5,none,{},delay_stop_target
m2k_30min_none_sm1p50_tm2p50_d15,M2K,30min,1min,dynamic_exit_atr_target_1p0_ts4_vq0p95_bf0p5_ra1p2,1.5,2.5,15,none,{},delay_stop_target
m2k_30min_none_sm1p50_tm2p50_d30,M2K,30min,1min,dynamic_exit_atr_target_1p0_ts4_vq0p95_bf0p5_ra1p2,1.5,2.5,30,none,{},delay_stop_target
m2k_30min_none_sm1p50_tm3p00_d0,M2K,30min,1min,dynamic_exit_atr_target_1p0_ts4_vq0p95_bf0p5_ra1p2,1.5,3.0,0,none,{},stop_target_recalibration
m2k_30min_none_sm1p50_tm3p00_d5,M2K,30min,1min,dynamic_exit_atr_target_1p0_ts4_vq0p95_bf0p5_ra1p2,1.5,3.0,5,none,{},delay_stop_target
m2k_30min_none_sm1p50_tm3p00_d15,M2K,30min,1min,dynamic_exit_atr_target_1p0_ts4_vq0p95_bf0p5_ra1p2,1.5,3.0,15,none,{},delay_stop_target
m2k_30min_none_sm1p50_tm3p00_d30,M2K,30min,1min,dynamic_exit_atr_target_1p0_ts4_vq0p95_bf0p5_ra1p2,1.5,3.0,30,none,{},delay_stop_target
m2k_30min_require_no_stop_zone_touch_before_entry_sm0p75_tm2p00_d5_sz0p50,M2K,30min,1min,dynamic_exit_atr_target_1p0_ts4_vq0p95_bf0p5_ra1p2,0.75,2.0,5,require_no_stop_zone_touch_before_entry,"{""stop_zone_fraction"": 0.5}",delay_stop_zone_filter
m2k_30min_require_no_stop_zone_touch_before_entry_sm0p75_tm2p00_d5_sz0p75,M2K,30min,1min,dynamic_exit_atr_target_1p0_ts4_vq0p95_bf0p5_ra1p2,0.75,2.0,5,require_no_stop_zone_touch_before_entry,"{""stop_zone_fraction"": 0.75}",delay_stop_zone_filter
m2k_30min_require_no_stop_zone_touch_before_entry_sm0p75_tm2p00_d5_sz1p00,M2K,30min,1min,dynamic_exit_atr_target_1p0_ts4_vq0p95_bf0p5_ra1p2,0.75,2.0,5,require_no_stop_zone_touch_before_entry,"{""stop_zone_fraction"": 1.0}",delay_stop_zone_filter
m2k_30min_avoid_immediate_adverse_move_sm0p75_tm2p00_d5_aw5_mt8,M2K,30min,1min,dynamic_exit_atr_target_1p0_ts4_vq0p95_bf0p5_ra1p2,0.75,2.0,5,avoid_immediate_adverse_move,"{""adverse_window_minutes"": 5, ""max_adverse_ticks"": 8}",delay_adverse_filter
m2k_30min_avoid_immediate_adverse_move_sm0p75_tm2p00_d5_aw5_mt12,M2K,30min,1min,dynamic_exit_atr_target_1p0_ts4_vq0p95_bf0p5_ra1p2,0.75,2.0,5,avoid_immediate_adverse_move,"{""adverse_window_minutes"": 5, ""max_adverse_ticks"": 12}",delay_adverse_filter
m2k_30min_avoid_immediate_adverse_move_sm0p75_tm2p00_d5_aw5_mt16,M2K,30min,1min,dynamic_exit_atr_target_1p0_ts4_vq0p95_bf0p5_ra1p2,0.75,2.0,5,avoid_immediate_adverse_move,"{""adverse_window_minutes"": 5, ""max_adverse_ticks"": 16}",delay_adverse_filter
m2k_30min_require_no_stop_zone_touch_before_entry_sm0p75_tm2p00_d15_sz0p50,M2K,30min,1min,dynamic_exit_atr_target_1p0_ts4_vq0p95_bf0p5_ra1p2,0.75,2.0,15,require_no_stop_zone_touch_before_entry,"{""stop_zone_fraction"": 0.5}",delay_stop_zone_filter
m2k_30min_require_no_stop_zone_touch_before_entry_sm0p75_tm2p00_d15_sz0p75,M2K,30min,1min,dynamic_exit_atr_target_1p0_ts4_vq0p95_bf0p5_ra1p2,0.75,2.0,15,require_no_stop_zone_touch_before_entry,"{""stop_zone_fraction"": 0.75}",delay_stop_zone_filter
m2k_30min_require_no_stop_zone_touch_before_entry_sm0p75_tm2p00_d15_sz1p00,M2K,30min,1min,dynamic_exit_atr_target_1p0_ts4_vq0p95_bf0p5_ra1p2,0.75,2.0,15,require_no_stop_zone_touch_before_entry,"{""stop_zone_fraction"": 1.0}",delay_stop_zone_filter
m2k_30min_avoid_immediate_adverse_move_sm0p75_tm2p00_d15_aw5_mt8,M2K,30min,1min,dynamic_exit_atr_target_1p0_ts4_vq0p95_bf0p5_ra1p2,0.75,2.0,15,avoid_immediate_adverse_move,"{""adverse_window_minutes"": 5, ""max_adverse_ticks"": 8}",delay_adverse_filter
m2k_30min_avoid_immediate_adverse_move_sm0p75_tm2p00_d15_aw5_mt12,M2K,30min,1min,dynamic_exit_atr_target_1p0_ts4_vq0p95_bf0p5_ra1p2,0.75,2.0,15,avoid_immediate_adverse_move,"{""adverse_window_minutes"": 5, ""max_adverse_ticks"": 12}",delay_adverse_filter
m2k_30min_avoid_immediate_adverse_move_sm0p75_tm2p00_d15_aw5_mt16,M2K,30min,1min,dynamic_exit_atr_target_1p0_ts4_vq0p95_bf0p5_ra1p2,0.75,2.0,15,avoid_immediate_adverse_move,"{""adverse_window_minutes"": 5, ""max_adverse_ticks"": 16}",delay_adverse_filter
m2k_30min_avoid_immediate_adverse_move_sm0p75_tm2p00_d15_aw10_mt8,M2K,30min,1min,dynamic_exit_atr_target_1p0_ts4_vq0p95_bf0p5_ra1p2,0.75,2.0,15,avoid_immediate_adverse_move,"{""adverse_window_minutes"": 10, ""max_adverse_ticks"": 8}",delay_adverse_filter
m2k_30min_avoid_immediate_adverse_move_sm0p75_tm2p00_d15_aw10_mt12,M2K,30min,1min,dynamic_exit_atr_target_1p0_ts4_vq0p95_bf0p5_ra1p2,0.75,2.0,15,avoid_immediate_adverse_move,"{""adverse_window_minutes"": 10, ""max_adverse_ticks"": 12}",delay_adverse_filter
m2k_30min_avoid_immediate_adverse_move_sm0p75_tm2p00_d15_aw10_mt16,M2K,30min,1min,dynamic_exit_atr_target_1p0_ts4_vq0p95_bf0p5_ra1p2,0.75,2.0,15,avoid_immediate_adverse_move,"{""adverse_window_minutes"": 10, ""max_adverse_ticks"": 16}",delay_adverse_filter
m2k_30min_require_no_stop_zone_touch_before_entry_sm0p75_tm2p00_d30_sz0p50,M2K,30min,1min,dynamic_exit_atr_target_1p0_ts4_vq0p95_bf0p5_ra1p2,0.75,2.0,30,require_no_stop_zone_touch_before_entry,"{""stop_zone_fraction"": 0.5}",delay_stop_zone_filter
m2k_30min_require_no_stop_zone_touch_before_entry_sm0p75_tm2p00_d30_sz0p75,M2K,30min,1min,dynamic_exit_atr_target_1p0_ts4_vq0p95_bf0p5_ra1p2,0.75,2.0,30,require_no_stop_zone_touch_before_entry,"{""stop_zone_fraction"": 0.75}",delay_stop_zone_filter
m2k_30min_require_no_stop_zone_touch_before_entry_sm0p75_tm2p00_d30_sz1p00,M2K,30min,1min,dynamic_exit_atr_target_1p0_ts4_vq0p95_bf0p5_ra1p2,0.75,2.0,30,require_no_stop_zone_touch_before_entry,"{""stop_zone_fraction"": 1.0}",delay_stop_zone_filter
m2k_30min_avoid_immediate_adverse_move_sm0p75_tm2p00_d30_aw5_mt8,M2K,30min,1min,dynamic_exit_atr_target_1p0_ts4_vq0p95_bf0p5_ra1p2,0.75,2.0,30,avoid_immediate_adverse_move,"{""adverse_window_minutes"": 5, ""max_adverse_ticks"": 8}",delay_adverse_filter
m2k_30min_avoid_immediate_adverse_move_sm0p75_tm2p00_d30_aw5_mt12,M2K,30min,1min,dynamic_exit_atr_target_1p0_ts4_vq0p95_bf0p5_ra1p2,0.75,2.0,30,avoid_immediate_adverse_move,"{""adverse_window_minutes"": 5, ""max_adverse_ticks"": 12}",delay_adverse_filter
m2k_30min_avoid_immediate_adverse_move_sm0p75_tm2p00_d30_aw5_mt16,M2K,30min,1min,dynamic_exit_atr_target_1p0_ts4_vq0p95_bf0p5_ra1p2,0.75,2.0,30,avoid_immediate_adverse_move,"{""adverse_window_minutes"": 5, ""max_adverse_ticks"": 16}",delay_adverse_filter
m2k_30min_avoid_immediate_adverse_move_sm0p75_tm2p00_d30_aw10_mt8,M2K,30min,1min,dynamic_exit_atr_target_1p0_ts4_vq0p95_bf0p5_ra1p2,0.75,2.0,30,avoid_immediate_adverse_move,"{""adverse_window_minutes"": 10, ""max_adverse_ticks"": 8}",delay_adverse_filter
m2k_30min_avoid_immediate_adverse_move_sm0p75_tm2p00_d30_aw10_mt12,M2K,30min,1min,dynamic_exit_atr_target_1p0_ts4_vq0p95_bf0p5_ra1p2,0.75,2.0,30,avoid_immediate_adverse_move,"{""adverse_window_minutes"": 10, ""max_adverse_ticks"": 12}",delay_adverse_filter
m2k_30min_avoid_immediate_adverse_move_sm0p75_tm2p00_d30_aw10_mt16,M2K,30min,1min,dynamic_exit_atr_target_1p0_ts4_vq0p95_bf0p5_ra1p2,0.75,2.0,30,avoid_immediate_adverse_move,"{""adverse_window_minutes"": 10, ""max_adverse_ticks"": 16}",delay_adverse_filter
m2k_30min_require_no_stop_zone_touch_before_entry_sm0p75_tm2p50_d5_sz0p50,M2K,30min,1min,dynamic_exit_atr_target_1p0_ts4_vq0p95_bf0p5_ra1p2,0.75,2.5,5,require_no_stop_zone_touch_before_entry,"{""stop_zone_fraction"": 0.5}",delay_stop_zone_filter
m2k_30min_require_no_stop_zone_touch_before_entry_sm0p75_tm2p50_d5_sz0p75,M2K,30min,1min,dynamic_exit_atr_target_1p0_ts4_vq0p95_bf0p5_ra1p2,0.75,2.5,5,require_no_stop_zone_touch_before_entry,"{""stop_zone_fraction"": 0.75}",delay_stop_zone_filter
m2k_30min_require_no_stop_zone_touch_before_entry_sm0p75_tm2p50_d5_sz1p00,M2K,30min,1min,dynamic_exit_atr_target_1p0_ts4_vq0p95_bf0p5_ra1p2,0.75,2.5,5,require_no_stop_zone_touch_before_entry,"{""stop_zone_fraction"": 1.0}",delay_stop_zone_filter
m2k_30min_avoid_immediate_adverse_move_sm0p75_tm2p50_d5_aw5_mt8,M2K,30min,1min,dynamic_exit_atr_target_1p0_ts4_vq0p95_bf0p5_ra1p2,0.75,2.5,5,avoid_immediate_adverse_move,"{""adverse_window_minutes"": 5, ""max_adverse_ticks"": 8}",delay_adverse_filter
m2k_30min_avoid_immediate_adverse_move_sm0p75_tm2p50_d5_aw5_mt12,M2K,30min,1min,dynamic_exit_atr_target_1p0_ts4_vq0p95_bf0p5_ra1p2,0.75,2.5,5,avoid_immediate_adverse_move,"{""adverse_window_minutes"": 5, ""max_adverse_ticks"": 12}",delay_adverse_filter
m2k_30min_avoid_immediate_adverse_move_sm0p75_tm2p50_d5_aw5_mt16,M2K,30min,1min,dynamic_exit_atr_target_1p0_ts4_vq0p95_bf0p5_ra1p2,0.75,2.5,5,avoid_immediate_adverse_move,"{""adverse_window_minutes"": 5, ""max_adverse_ticks"": 16}",delay_adverse_filter
m2k_30min_require_no_stop_zone_touch_before_entry_sm0p75_tm2p50_d15_sz0p50,M2K,30min,1min,dynamic_exit_atr_target_1p0_ts4_vq0p95_bf0p5_ra1p2,0.75,2.5,15,require_no_stop_zone_touch_before_entry,"{""stop_zone_fraction"": 0.5}",delay_stop_zone_filter
m2k_30min_require_no_stop_zone_touch_before_entry_sm0p75_tm2p50_d15_sz0p75,M2K,30min,1min,dynamic_exit_atr_target_1p0_ts4_vq0p95_bf0p5_ra1p2,0.75,2.5,15,require_no_stop_zone_touch_before_entry,"{""stop_zone_fraction"": 0.75}",delay_stop_zone_filter
m2k_30min_require_no_stop_zone_touch_before_entry_sm0p75_tm2p50_d15_sz1p00,M2K,30min,1min,dynamic_exit_atr_target_1p0_ts4_vq0p95_bf0p5_ra1p2,0.75,2.5,15,require_no_stop_zone_touch_before_entry,"{""stop_zone_fraction"": 1.0}",delay_stop_zone_filter
m2k_30min_avoid_immediate_adverse_move_sm0p75_tm2p50_d15_aw5_mt8,M2K,30min,1min,dynamic_exit_atr_target_1p0_ts4_vq0p95_bf0p5_ra1p2,0.75,2.5,15,avoid_immediate_adverse_move,"{""adverse_window_minutes"": 5, ""max_adverse_ticks"": 8}",delay_adverse_filter
m2k_30min_avoid_immediate_adverse_move_sm0p75_tm2p50_d15_aw5_mt12,M2K,30min,1min,dynamic_exit_atr_target_1p0_ts4_vq0p95_bf0p5_ra1p2,0.75,2.5,15,avoid_immediate_adverse_move,"{""adverse_window_minutes"": 5, ""max_adverse_ticks"": 12}",delay_adverse_filter
m2k_30min_avoid_immediate_adverse_move_sm0p75_tm2p50_d15_aw5_mt16,M2K,30min,1min,dynamic_exit_atr_target_1p0_ts4_vq0p95_bf0p5_ra1p2,0.75,2.5,15,avoid_immediate_adverse_move,"{""adverse_window_minutes"": 5, ""max_adverse_ticks"": 16}",delay_adverse_filter
m2k_30min_avoid_immediate_adverse_move_sm0p75_tm2p50_d15_aw10_mt8,M2K,30min,1min,dynamic_exit_atr_target_1p0_ts4_vq0p95_bf0p5_ra1p2,0.75,2.5,15,avoid_immediate_adverse_move,"{""adverse_window_minutes"": 10, ""max_adverse_ticks"": 8}",delay_adverse_filter
m2k_30min_avoid_immediate_adverse_move_sm0p75_tm2p50_d15_aw10_mt12,M2K,30min,1min,dynamic_exit_atr_target_1p0_ts4_vq0p95_bf0p5_ra1p2,0.75,2.5,15,avoid_immediate_adverse_move,"{""adverse_window_minutes"": 10, ""max_adverse_ticks"": 12}",delay_adverse_filter
m2k_30min_avoid_immediate_adverse_move_sm0p75_tm2p50_d15_aw10_mt16,M2K,30min,1min,dynamic_exit_atr_target_1p0_ts4_vq0p95_bf0p5_ra1p2,0.75,2.5,15,avoid_immediate_adverse_move,"{""adverse_window_minutes"": 10, ""max_adverse_ticks"": 16}",delay_adverse_filter
m2k_30min_require_no_stop_zone_touch_before_entry_sm0p75_tm2p50_d30_sz0p50,M2K,30min,1min,dynamic_exit_atr_target_1p0_ts4_vq0p95_bf0p5_ra1p2,0.75,2.5,30,require_no_stop_zone_touch_before_entry,"{""stop_zone_fraction"": 0.5}",delay_stop_zone_filter
m2k_30min_require_no_stop_zone_touch_before_entry_sm0p75_tm2p50_d30_sz0p75,M2K,30min,1min,dynamic_exit_atr_target_1p0_ts4_vq0p95_bf0p5_ra1p2,0.75,2.5,30,require_no_stop_zone_touch_before_entry,"{""stop_zone_fraction"": 0.75}",delay_stop_zone_filter
m2k_30min_require_no_stop_zone_touch_before_entry_sm0p75_tm2p50_d30_sz1p00,M2K,30min,1min,dynamic_exit_atr_target_1p0_ts4_vq0p95_bf0p5_ra1p2,0.75,2.5,30,require_no_stop_zone_touch_before_entry,"{""stop_zone_fraction"": 1.0}",delay_stop_zone_filter
m2k_30min_avoid_immediate_adverse_move_sm0p75_tm2p50_d30_aw5_mt8,M2K,30min,1min,dynamic_exit_atr_target_1p0_ts4_vq0p95_bf0p5_ra1p2,0.75,2.5,30,avoid_immediate_adverse_move,"{""adverse_window_minutes"": 5, ""max_adverse_ticks"": 8}",delay_adverse_filter
m2k_30min_avoid_immediate_adverse_move_sm0p75_tm2p50_d30_aw5_mt12,M2K,30min,1min,dynamic_exit_atr_target_1p0_ts4_vq0p95_bf0p5_ra1p2,0.75,2.5,30,avoid_immediate_adverse_move,"{""adverse_window_minutes"": 5, ""max_adverse_ticks"": 12}",delay_adverse_filter
m2k_30min_avoid_immediate_adverse_move_sm0p75_tm2p50_d30_aw5_mt16,M2K,30min,1min,dynamic_exit_atr_target_1p0_ts4_vq0p95_bf0p5_ra1p2,0.75,2.5,30,avoid_immediate_adverse_move,"{""adverse_window_minutes"": 5, ""max_adverse_ticks"": 16}",delay_adverse_filter
m2k_30min_avoid_immediate_adverse_move_sm0p75_tm2p50_d30_aw10_mt8,M2K,30min,1min,dynamic_exit_atr_target_1p0_ts4_vq0p95_bf0p5_ra1p2,0.75,2.5,30,avoid_immediate_adverse_move,"{""adverse_window_minutes"": 10, ""max_adverse_ticks"": 8}",delay_adverse_filter
m2k_30min_avoid_immediate_adverse_move_sm0p75_tm2p50_d30_aw10_mt12,M2K,30min,1min,dynamic_exit_atr_target_1p0_ts4_vq0p95_bf0p5_ra1p2,0.75,2.5,30,avoid_immediate_adverse_move,"{""adverse_window_minutes"": 10, ""max_adverse_ticks"": 12}",delay_adverse_filter
m2k_30min_avoid_immediate_adverse_move_sm0p75_tm2p50_d30_aw10_mt16,M2K,30min,1min,dynamic_exit_atr_target_1p0_ts4_vq0p95_bf0p5_ra1p2,0.75,2.5,30,avoid_immediate_adverse_move,"{""adverse_window_minutes"": 10, ""max_adverse_ticks"": 16}",delay_adverse_filter
m2k_30min_require_no_stop_zone_touch_before_entry_sm0p75_tm3p00_d5_sz0p50,M2K,30min,1min,dynamic_exit_atr_target_1p0_ts4_vq0p95_bf0p5_ra1p2,0.75,3.0,5,require_no_stop_zone_touch_before_entry,"{""stop_zone_fraction"": 0.5}",delay_stop_zone_filter
m2k_30min_require_no_stop_zone_touch_before_entry_sm0p75_tm3p00_d5_sz0p75,M2K,30min,1min,dynamic_exit_atr_target_1p0_ts4_vq0p95_bf0p5_ra1p2,0.75,3.0,5,require_no_stop_zone_touch_before_entry,"{""stop_zone_fraction"": 0.75}",delay_stop_zone_filter
m2k_30min_require_no_stop_zone_touch_before_entry_sm0p75_tm3p00_d5_sz1p00,M2K,30min,1min,dynamic_exit_atr_target_1p0_ts4_vq0p95_bf0p5_ra1p2,0.75,3.0,5,require_no_stop_zone_touch_before_entry,"{""stop_zone_fraction"": 1.0}",delay_stop_zone_filter
m2k_30min_avoid_immediate_adverse_move_sm0p75_tm3p00_d5_aw5_mt8,M2K,30min,1min,dynamic_exit_atr_target_1p0_ts4_vq0p95_bf0p5_ra1p2,0.75,3.0,5,avoid_immediate_adverse_move,"{""adverse_window_minutes"": 5, ""max_adverse_ticks"": 8}",delay_adverse_filter
m2k_30min_avoid_immediate_adverse_move_sm0p75_tm3p00_d5_aw5_mt12,M2K,30min,1min,dynamic_exit_atr_target_1p0_ts4_vq0p95_bf0p5_ra1p2,0.75,3.0,5,avoid_immediate_adverse_move,"{""adverse_window_minutes"": 5, ""max_adverse_ticks"": 12}",delay_adverse_filter
m2k_30min_avoid_immediate_adverse_move_sm0p75_tm3p00_d5_aw5_mt16,M2K,30min,1min,dynamic_exit_atr_target_1p0_ts4_vq0p95_bf0p5_ra1p2,0.75,3.0,5,avoid_immediate_adverse_move,"{""adverse_window_minutes"": 5, ""max_adverse_ticks"": 16}",delay_adverse_filter
m2k_30min_require_no_stop_zone_touch_before_entry_sm0p75_tm3p00_d15_sz0p50,M2K,30min,1min,dynamic_exit_atr_target_1p0_ts4_vq0p95_bf0p5_ra1p2,0.75,3.0,15,require_no_stop_zone_touch_before_entry,"{""stop_zone_fraction"": 0.5}",delay_stop_zone_filter
m2k_30min_require_no_stop_zone_touch_before_entry_sm0p75_tm3p00_d15_sz0p75,M2K,30min,1min,dynamic_exit_atr_target_1p0_ts4_vq0p95_bf0p5_ra1p2,0.75,3.0,15,require_no_stop_zone_touch_before_entry,"{""stop_zone_fraction"": 0.75}",delay_stop_zone_filter
m2k_30min_require_no_stop_zone_touch_before_entry_sm0p75_tm3p00_d15_sz1p00,M2K,30min,1min,dynamic_exit_atr_target_1p0_ts4_vq0p95_bf0p5_ra1p2,0.75,3.0,15,require_no_stop_zone_touch_before_entry,"{""stop_zone_fraction"": 1.0}",delay_stop_zone_filter
m2k_30min_avoid_immediate_adverse_move_sm0p75_tm3p00_d15_aw5_mt8,M2K,30min,1min,dynamic_exit_atr_target_1p0_ts4_vq0p95_bf0p5_ra1p2,0.75,3.0,15,avoid_immediate_adverse_move,"{""adverse_window_minutes"": 5, ""max_adverse_ticks"": 8}",delay_adverse_filter
m2k_30min_avoid_immediate_adverse_move_sm0p75_tm3p00_d15_aw5_mt12,M2K,30min,1min,dynamic_exit_atr_target_1p0_ts4_vq0p95_bf0p5_ra1p2,0.75,3.0,15,avoid_immediate_adverse_move,"{""adverse_window_minutes"": 5, ""max_adverse_ticks"": 12}",delay_adverse_filter
m2k_30min_avoid_immediate_adverse_move_sm0p75_tm3p00_d15_aw5_mt16,M2K,30min,1min,dynamic_exit_atr_target_1p0_ts4_vq0p95_bf0p5_ra1p2,0.75,3.0,15,avoid_immediate_adverse_move,"{""adverse_window_minutes"": 5, ""max_adverse_ticks"": 16}",delay_adverse_filter
m2k_30min_avoid_immediate_adverse_move_sm0p75_tm3p00_d15_aw10_mt8,M2K,30min,1min,dynamic_exit_atr_target_1p0_ts4_vq0p95_bf0p5_ra1p2,0.75,3.0,15,avoid_immediate_adverse_move,"{""adverse_window_minutes"": 10, ""max_adverse_ticks"": 8}",delay_adverse_filter
m2k_30min_avoid_immediate_adverse_move_sm0p75_tm3p00_d15_aw10_mt12,M2K,30min,1min,dynamic_exit_atr_target_1p0_ts4_vq0p95_bf0p5_ra1p2,0.75,3.0,15,avoid_immediate_adverse_move,"{""adverse_window_minutes"": 10, ""max_adverse_ticks"": 12}",delay_adverse_filter
m2k_30min_avoid_immediate_adverse_move_sm0p75_tm3p00_d15_aw10_mt16,M2K,30min,1min,dynamic_exit_atr_target_1p0_ts4_vq0p95_bf0p5_ra1p2,0.75,3.0,15,avoid_immediate_adverse_move,"{""adverse_window_minutes"": 10, ""max_adverse_ticks"": 16}",delay_adverse_filter
m2k_30min_require_no_stop_zone_touch_before_entry_sm0p75_tm3p00_d30_sz0p50,M2K,30min,1min,dynamic_exit_atr_target_1p0_ts4_vq0p95_bf0p5_ra1p2,0.75,3.0,30,require_no_stop_zone_touch_before_entry,"{""stop_zone_fraction"": 0.5}",delay_stop_zone_filter
m2k_30min_require_no_stop_zone_touch_before_entry_sm0p75_tm3p00_d30_sz0p75,M2K,30min,1min,dynamic_exit_atr_target_1p0_ts4_vq0p95_bf0p5_ra1p2,0.75,3.0,30,require_no_stop_zone_touch_before_entry,"{""stop_zone_fraction"": 0.75}",delay_stop_zone_filter
m2k_30min_require_no_stop_zone_touch_before_entry_sm0p75_tm3p00_d30_sz1p00,M2K,30min,1min,dynamic_exit_atr_target_1p0_ts4_vq0p95_bf0p5_ra1p2,0.75,3.0,30,require_no_stop_zone_touch_before_entry,"{""stop_zone_fraction"": 1.0}",delay_stop_zone_filter
m2k_30min_avoid_immediate_adverse_move_sm0p75_tm3p00_d30_aw5_mt8,M2K,30min,1min,dynamic_exit_atr_target_1p0_ts4_vq0p95_bf0p5_ra1p2,0.75,3.0,30,avoid_immediate_adverse_move,"{""adverse_window_minutes"": 5, ""max_adverse_ticks"": 8}",delay_adverse_filter
m2k_30min_avoid_immediate_adverse_move_sm0p75_tm3p00_d30_aw5_mt12,M2K,30min,1min,dynamic_exit_atr_target_1p0_ts4_vq0p95_bf0p5_ra1p2,0.75,3.0,30,avoid_immediate_adverse_move,"{""adverse_window_minutes"": 5, ""max_adverse_ticks"": 12}",delay_adverse_filter
m2k_30min_avoid_immediate_adverse_move_sm0p75_tm3p00_d30_aw5_mt16,M2K,30min,1min,dynamic_exit_atr_target_1p0_ts4_vq0p95_bf0p5_ra1p2,0.75,3.0,30,avoid_immediate_adverse_move,"{""adverse_window_minutes"": 5, ""max_adverse_ticks"": 16}",delay_adverse_filter
m2k_30min_avoid_immediate_adverse_move_sm0p75_tm3p00_d30_aw10_mt8,M2K,30min,1min,dynamic_exit_atr_target_1p0_ts4_vq0p95_bf0p5_ra1p2,0.75,3.0,30,avoid_immediate_adverse_move,"{""adverse_window_minutes"": 10, ""max_adverse_ticks"": 8}",delay_adverse_filter
m2k_30min_avoid_immediate_adverse_move_sm0p75_tm3p00_d30_aw10_mt12,M2K,30min,1min,dynamic_exit_atr_target_1p0_ts4_vq0p95_bf0p5_ra1p2,0.75,3.0,30,avoid_immediate_adverse_move,"{""adverse_window_minutes"": 10, ""max_adverse_ticks"": 12}",delay_adverse_filter
m2k_30min_avoid_immediate_adverse_move_sm0p75_tm3p00_d30_aw10_mt16,M2K,30min,1min,dynamic_exit_atr_target_1p0_ts4_vq0p95_bf0p5_ra1p2,0.75,3.0,30,avoid_immediate_adverse_move,"{""adverse_window_minutes"": 10, ""max_adverse_ticks"": 16}",delay_adverse_filter
m2k_30min_require_no_stop_zone_touch_before_entry_sm1p00_tm2p00_d5_sz0p50,M2K,30min,1min,dynamic_exit_atr_target_1p0_ts4_vq0p95_bf0p5_ra1p2,1.0,2.0,5,require_no_stop_zone_touch_before_entry,"{""stop_zone_fraction"": 0.5}",delay_stop_zone_filter
m2k_30min_require_no_stop_zone_touch_before_entry_sm1p00_tm2p00_d5_sz0p75,M2K,30min,1min,dynamic_exit_atr_target_1p0_ts4_vq0p95_bf0p5_ra1p2,1.0,2.0,5,require_no_stop_zone_touch_before_entry,"{""stop_zone_fraction"": 0.75}",delay_stop_zone_filter
m2k_30min_require_no_stop_zone_touch_before_entry_sm1p00_tm2p00_d5_sz1p00,M2K,30min,1min,dynamic_exit_atr_target_1p0_ts4_vq0p95_bf0p5_ra1p2,1.0,2.0,5,require_no_stop_zone_touch_before_entry,"{""stop_zone_fraction"": 1.0}",delay_stop_zone_filter
m2k_30min_avoid_immediate_adverse_move_sm1p00_tm2p00_d5_aw5_mt8,M2K,30min,1min,dynamic_exit_atr_target_1p0_ts4_vq0p95_bf0p5_ra1p2,1.0,2.0,5,avoid_immediate_adverse_move,"{""adverse_window_minutes"": 5, ""max_adverse_ticks"": 8}",delay_adverse_filter
m2k_30min_avoid_immediate_adverse_move_sm1p00_tm2p00_d5_aw5_mt12,M2K,30min,1min,dynamic_exit_atr_target_1p0_ts4_vq0p95_bf0p5_ra1p2,1.0,2.0,5,avoid_immediate_adverse_move,"{""adverse_window_minutes"": 5, ""max_adverse_ticks"": 12}",delay_adverse_filter
m2k_30min_avoid_immediate_adverse_move_sm1p00_tm2p00_d5_aw5_mt16,M2K,30min,1min,dynamic_exit_atr_target_1p0_ts4_vq0p95_bf0p5_ra1p2,1.0,2.0,5,avoid_immediate_adverse_move,"{""adverse_window_minutes"": 5, ""max_adverse_ticks"": 16}",delay_adverse_filter
m2k_30min_require_no_stop_zone_touch_before_entry_sm1p00_tm2p00_d15_sz0p50,M2K,30min,1min,dynamic_exit_atr_target_1p0_ts4_vq0p95_bf0p5_ra1p2,1.0,2.0,15,require_no_stop_zone_touch_before_entry,"{""stop_zone_fraction"": 0.5}",delay_stop_zone_filter
m2k_30min_require_no_stop_zone_touch_before_entry_sm1p00_tm2p00_d15_sz0p75,M2K,30min,1min,dynamic_exit_atr_target_1p0_ts4_vq0p95_bf0p5_ra1p2,1.0,2.0,15,require_no_stop_zone_touch_before_entry,"{""stop_zone_fraction"": 0.75}",delay_stop_zone_filter
m2k_30min_require_no_stop_zone_touch_before_entry_sm1p00_tm2p00_d15_sz1p00,M2K,30min,1min,dynamic_exit_atr_target_1p0_ts4_vq0p95_bf0p5_ra1p2,1.0,2.0,15,require_no_stop_zone_touch_before_entry,"{""stop_zone_fraction"": 1.0}",delay_stop_zone_filter
m2k_30min_avoid_immediate_adverse_move_sm1p00_tm2p00_d15_aw5_mt8,M2K,30min,1min,dynamic_exit_atr_target_1p0_ts4_vq0p95_bf0p5_ra1p2,1.0,2.0,15,avoid_immediate_adverse_move,"{""adverse_window_minutes"": 5, ""max_adverse_ticks"": 8}",delay_adverse_filter
m2k_30min_avoid_immediate_adverse_move_sm1p00_tm2p00_d15_aw5_mt12,M2K,30min,1min,dynamic_exit_atr_target_1p0_ts4_vq0p95_bf0p5_ra1p2,1.0,2.0,15,avoid_immediate_adverse_move,"{""adverse_window_minutes"": 5, ""max_adverse_ticks"": 12}",delay_adverse_filter
m2k_30min_avoid_immediate_adverse_move_sm1p00_tm2p00_d15_aw5_mt16,M2K,30min,1min,dynamic_exit_atr_target_1p0_ts4_vq0p95_bf0p5_ra1p2,1.0,2.0,15,avoid_immediate_adverse_move,"{""adverse_window_minutes"": 5, ""max_adverse_ticks"": 16}",delay_adverse_filter
m2k_30min_avoid_immediate_adverse_move_sm1p00_tm2p00_d15_aw10_mt8,M2K,30min,1min,dynamic_exit_atr_target_1p0_ts4_vq0p95_bf0p5_ra1p2,1.0,2.0,15,avoid_immediate_adverse_move,"{""adverse_window_minutes"": 10, ""max_adverse_ticks"": 8}",delay_adverse_filter
m2k_30min_avoid_immediate_adverse_move_sm1p00_tm2p00_d15_aw10_mt12,M2K,30min,1min,dynamic_exit_atr_target_1p0_ts4_vq0p95_bf0p5_ra1p2,1.0,2.0,15,avoid_immediate_adverse_move,"{""adverse_window_minutes"": 10, ""max_adverse_ticks"": 12}",delay_adverse_filter
m2k_30min_avoid_immediate_adverse_move_sm1p00_tm2p00_d15_aw10_mt16,M2K,30min,1min,dynamic_exit_atr_target_1p0_ts4_vq0p95_bf0p5_ra1p2,1.0,2.0,15,avoid_immediate_adverse_move,"{""adverse_window_minutes"": 10, ""max_adverse_ticks"": 16}",delay_adverse_filter
m2k_30min_require_no_stop_zone_touch_before_entry_sm1p00_tm2p00_d30_sz0p50,M2K,30min,1min,dynamic_exit_atr_target_1p0_ts4_vq0p95_bf0p5_ra1p2,1.0,2.0,30,require_no_stop_zone_touch_before_entry,"{""stop_zone_fraction"": 0.5}",delay_stop_zone_filter
m2k_30min_require_no_stop_zone_touch_before_entry_sm1p00_tm2p00_d30_sz0p75,M2K,30min,1min,dynamic_exit_atr_target_1p0_ts4_vq0p95_bf0p5_ra1p2,1.0,2.0,30,require_no_stop_zone_touch_before_entry,"{""stop_zone_fraction"": 0.75}",delay_stop_zone_filter
m2k_30min_require_no_stop_zone_touch_before_entry_sm1p00_tm2p00_d30_sz1p00,M2K,30min,1min,dynamic_exit_atr_target_1p0_ts4_vq0p95_bf0p5_ra1p2,1.0,2.0,30,require_no_stop_zone_touch_before_entry,"{""stop_zone_fraction"": 1.0}",delay_stop_zone_filter
m2k_30min_avoid_immediate_adverse_move_sm1p00_tm2p00_d30_aw5_mt8,M2K,30min,1min,dynamic_exit_atr_target_1p0_ts4_vq0p95_bf0p5_ra1p2,1.0,2.0,30,avoid_immediate_adverse_move,"{""adverse_window_minutes"": 5, ""max_adverse_ticks"": 8}",delay_adverse_filter
m2k_30min_avoid_immediate_adverse_move_sm1p00_tm2p00_d30_aw5_mt12,M2K,30min,1min,dynamic_exit_atr_target_1p0_ts4_vq0p95_bf0p5_ra1p2,1.0,2.0,30,avoid_immediate_adverse_move,"{""adverse_window_minutes"": 5, ""max_adverse_ticks"": 12}",delay_adverse_filter
m2k_30min_avoid_immediate_adverse_move_sm1p00_tm2p00_d30_aw5_mt16,M2K,30min,1min,dynamic_exit_atr_target_1p0_ts4_vq0p95_bf0p5_ra1p2,1.0,2.0,30,avoid_immediate_adverse_move,"{""adverse_window_minutes"": 5, ""max_adverse_ticks"": 16}",delay_adverse_filter
m2k_30min_avoid_immediate_adverse_move_sm1p00_tm2p00_d30_aw10_mt8,M2K,30min,1min,dynamic_exit_atr_target_1p0_ts4_vq0p95_bf0p5_ra1p2,1.0,2.0,30,avoid_immediate_adverse_move,"{""adverse_window_minutes"": 10, ""max_adverse_ticks"": 8}",delay_adverse_filter
m2k_30min_avoid_immediate_adverse_move_sm1p00_tm2p00_d30_aw10_mt12,M2K,30min,1min,dynamic_exit_atr_target_1p0_ts4_vq0p95_bf0p5_ra1p2,1.0,2.0,30,avoid_immediate_adverse_move,"{""adverse_window_minutes"": 10, ""max_adverse_ticks"": 12}",delay_adverse_filter
m2k_30min_avoid_immediate_adverse_move_sm1p00_tm2p00_d30_aw10_mt16,M2K,30min,1min,dynamic_exit_atr_target_1p0_ts4_vq0p95_bf0p5_ra1p2,1.0,2.0,30,avoid_immediate_adverse_move,"{""adverse_window_minutes"": 10, ""max_adverse_ticks"": 16}",delay_adverse_filter
m2k_30min_require_no_stop_zone_touch_before_entry_sm1p00_tm2p50_d5_sz0p50,M2K,30min,1min,dynamic_exit_atr_target_1p0_ts4_vq0p95_bf0p5_ra1p2,1.0,2.5,5,require_no_stop_zone_touch_before_entry,"{""stop_zone_fraction"": 0.5}",delay_stop_zone_filter
m2k_30min_require_no_stop_zone_touch_before_entry_sm1p00_tm2p50_d5_sz0p75,M2K,30min,1min,dynamic_exit_atr_target_1p0_ts4_vq0p95_bf0p5_ra1p2,1.0,2.5,5,require_no_stop_zone_touch_before_entry,"{""stop_zone_fraction"": 0.75}",delay_stop_zone_filter
m2k_30min_require_no_stop_zone_touch_before_entry_sm1p00_tm2p50_d5_sz1p00,M2K,30min,1min,dynamic_exit_atr_target_1p0_ts4_vq0p95_bf0p5_ra1p2,1.0,2.5,5,require_no_stop_zone_touch_before_entry,"{""stop_zone_fraction"": 1.0}",delay_stop_zone_filter
m2k_30min_avoid_immediate_adverse_move_sm1p00_tm2p50_d5_aw5_mt8,M2K,30min,1min,dynamic_exit_atr_target_1p0_ts4_vq0p95_bf0p5_ra1p2,1.0,2.5,5,avoid_immediate_adverse_move,"{""adverse_window_minutes"": 5, ""max_adverse_ticks"": 8}",delay_adverse_filter
m2k_30min_avoid_immediate_adverse_move_sm1p00_tm2p50_d5_aw5_mt12,M2K,30min,1min,dynamic_exit_atr_target_1p0_ts4_vq0p95_bf0p5_ra1p2,1.0,2.5,5,avoid_immediate_adverse_move,"{""adverse_window_minutes"": 5, ""max_adverse_ticks"": 12}",delay_adverse_filter
m2k_30min_avoid_immediate_adverse_move_sm1p00_tm2p50_d5_aw5_mt16,M2K,30min,1min,dynamic_exit_atr_target_1p0_ts4_vq0p95_bf0p5_ra1p2,1.0,2.5,5,avoid_immediate_adverse_move,"{""adverse_window_minutes"": 5, ""max_adverse_ticks"": 16}",delay_adverse_filter
m2k_30min_require_no_stop_zone_touch_before_entry_sm1p00_tm2p50_d15_sz0p50,M2K,30min,1min,dynamic_exit_atr_target_1p0_ts4_vq0p95_bf0p5_ra1p2,1.0,2.5,15,require_no_stop_zone_touch_before_entry,"{""stop_zone_fraction"": 0.5}",delay_stop_zone_filter
m2k_30min_require_no_stop_zone_touch_before_entry_sm1p00_tm2p50_d15_sz0p75,M2K,30min,1min,dynamic_exit_atr_target_1p0_ts4_vq0p95_bf0p5_ra1p2,1.0,2.5,15,require_no_stop_zone_touch_before_entry,"{""stop_zone_fraction"": 0.75}",delay_stop_zone_filter
m2k_30min_require_no_stop_zone_touch_before_entry_sm1p00_tm2p50_d15_sz1p00,M2K,30min,1min,dynamic_exit_atr_target_1p0_ts4_vq0p95_bf0p5_ra1p2,1.0,2.5,15,require_no_stop_zone_touch_before_entry,"{""stop_zone_fraction"": 1.0}",delay_stop_zone_filter
m2k_30min_avoid_immediate_adverse_move_sm1p00_tm2p50_d15_aw5_mt8,M2K,30min,1min,dynamic_exit_atr_target_1p0_ts4_vq0p95_bf0p5_ra1p2,1.0,2.5,15,avoid_immediate_adverse_move,"{""adverse_window_minutes"": 5, ""max_adverse_ticks"": 8}",delay_adverse_filter
m2k_30min_avoid_immediate_adverse_move_sm1p00_tm2p50_d15_aw5_mt12,M2K,30min,1min,dynamic_exit_atr_target_1p0_ts4_vq0p95_bf0p5_ra1p2,1.0,2.5,15,avoid_immediate_adverse_move,"{""adverse_window_minutes"": 5, ""max_adverse_ticks"": 12}",delay_adverse_filter
m2k_30min_avoid_immediate_adverse_move_sm1p00_tm2p50_d15_aw5_mt16,M2K,30min,1min,dynamic_exit_atr_target_1p0_ts4_vq0p95_bf0p5_ra1p2,1.0,2.5,15,avoid_immediate_adverse_move,"{""adverse_window_minutes"": 5, ""max_adverse_ticks"": 16}",delay_adverse_filter
m2k_30min_avoid_immediate_adverse_move_sm1p00_tm2p50_d15_aw10_mt8,M2K,30min,1min,dynamic_exit_atr_target_1p0_ts4_vq0p95_bf0p5_ra1p2,1.0,2.5,15,avoid_immediate_adverse_move,"{""adverse_window_minutes"": 10, ""max_adverse_ticks"": 8}",delay_adverse_filter
m2k_30min_avoid_immediate_adverse_move_sm1p00_tm2p50_d15_aw10_mt12,M2K,30min,1min,dynamic_exit_atr_target_1p0_ts4_vq0p95_bf0p5_ra1p2,1.0,2.5,15,avoid_immediate_adverse_move,"{""adverse_window_minutes"": 10, ""max_adverse_ticks"": 12}",delay_adverse_filter
m2k_30min_avoid_immediate_adverse_move_sm1p00_tm2p50_d15_aw10_mt16,M2K,30min,1min,dynamic_exit_atr_target_1p0_ts4_vq0p95_bf0p5_ra1p2,1.0,2.5,15,avoid_immediate_adverse_move,"{""adverse_window_minutes"": 10, ""max_adverse_ticks"": 16}",delay_adverse_filter
m2k_30min_require_no_stop_zone_touch_before_entry_sm1p00_tm2p50_d30_sz0p50,M2K,30min,1min,dynamic_exit_atr_target_1p0_ts4_vq0p95_bf0p5_ra1p2,1.0,2.5,30,require_no_stop_zone_touch_before_entry,"{""stop_zone_fraction"": 0.5}",delay_stop_zone_filter
m2k_30min_require_no_stop_zone_touch_before_entry_sm1p00_tm2p50_d30_sz0p75,M2K,30min,1min,dynamic_exit_atr_target_1p0_ts4_vq0p95_bf0p5_ra1p2,1.0,2.5,30,require_no_stop_zone_touch_before_entry,"{""stop_zone_fraction"": 0.75}",delay_stop_zone_filter
m2k_30min_require_no_stop_zone_touch_before_entry_sm1p00_tm2p50_d30_sz1p00,M2K,30min,1min,dynamic_exit_atr_target_1p0_ts4_vq0p95_bf0p5_ra1p2,1.0,2.5,30,require_no_stop_zone_touch_before_entry,"{""stop_zone_fraction"": 1.0}",delay_stop_zone_filter
m2k_30min_avoid_immediate_adverse_move_sm1p00_tm2p50_d30_aw5_mt8,M2K,30min,1min,dynamic_exit_atr_target_1p0_ts4_vq0p95_bf0p5_ra1p2,1.0,2.5,30,avoid_immediate_adverse_move,"{""adverse_window_minutes"": 5, ""max_adverse_ticks"": 8}",delay_adverse_filter
m2k_30min_avoid_immediate_adverse_move_sm1p00_tm2p50_d30_aw5_mt12,M2K,30min,1min,dynamic_exit_atr_target_1p0_ts4_vq0p95_bf0p5_ra1p2,1.0,2.5,30,avoid_immediate_adverse_move,"{""adverse_window_minutes"": 5, ""max_adverse_ticks"": 12}",delay_adverse_filter
m2k_30min_avoid_immediate_adverse_move_sm1p00_tm2p50_d30_aw5_mt16,M2K,30min,1min,dynamic_exit_atr_target_1p0_ts4_vq0p95_bf0p5_ra1p2,1.0,2.5,30,avoid_immediate_adverse_move,"{""adverse_window_minutes"": 5, ""max_adverse_ticks"": 16}",delay_adverse_filter
m2k_30min_avoid_immediate_adverse_move_sm1p00_tm2p50_d30_aw10_mt8,M2K,30min,1min,dynamic_exit_atr_target_1p0_ts4_vq0p95_bf0p5_ra1p2,1.0,2.5,30,avoid_immediate_adverse_move,"{""adverse_window_minutes"": 10, ""max_adverse_ticks"": 8}",delay_adverse_filter
m2k_30min_avoid_immediate_adverse_move_sm1p00_tm2p50_d30_aw10_mt12,M2K,30min,1min,dynamic_exit_atr_target_1p0_ts4_vq0p95_bf0p5_ra1p2,1.0,2.5,30,avoid_immediate_adverse_move,"{""adverse_window_minutes"": 10, ""max_adverse_ticks"": 12}",delay_adverse_filter
m2k_30min_avoid_immediate_adverse_move_sm1p00_tm2p50_d30_aw10_mt16,M2K,30min,1min,dynamic_exit_atr_target_1p0_ts4_vq0p95_bf0p5_ra1p2,1.0,2.5,30,avoid_immediate_adverse_move,"{""adverse_window_minutes"": 10, ""max_adverse_ticks"": 16}",delay_adverse_filter
m2k_30min_require_no_stop_zone_touch_before_entry_sm1p00_tm3p00_d5_sz0p50,M2K,30min,1min,dynamic_exit_atr_target_1p0_ts4_vq0p95_bf0p5_ra1p2,1.0,3.0,5,require_no_stop_zone_touch_before_entry,"{""stop_zone_fraction"": 0.5}",delay_stop_zone_filter
m2k_30min_require_no_stop_zone_touch_before_entry_sm1p00_tm3p00_d5_sz0p75,M2K,30min,1min,dynamic_exit_atr_target_1p0_ts4_vq0p95_bf0p5_ra1p2,1.0,3.0,5,require_no_stop_zone_touch_before_entry,"{""stop_zone_fraction"": 0.75}",delay_stop_zone_filter
m2k_30min_require_no_stop_zone_touch_before_entry_sm1p00_tm3p00_d5_sz1p00,M2K,30min,1min,dynamic_exit_atr_target_1p0_ts4_vq0p95_bf0p5_ra1p2,1.0,3.0,5,require_no_stop_zone_touch_before_entry,"{""stop_zone_fraction"": 1.0}",delay_stop_zone_filter
m2k_30min_avoid_immediate_adverse_move_sm1p00_tm3p00_d5_aw5_mt8,M2K,30min,1min,dynamic_exit_atr_target_1p0_ts4_vq0p95_bf0p5_ra1p2,1.0,3.0,5,avoid_immediate_adverse_move,"{""adverse_window_minutes"": 5, ""max_adverse_ticks"": 8}",delay_adverse_filter
m2k_30min_avoid_immediate_adverse_move_sm1p00_tm3p00_d5_aw5_mt12,M2K,30min,1min,dynamic_exit_atr_target_1p0_ts4_vq0p95_bf0p5_ra1p2,1.0,3.0,5,avoid_immediate_adverse_move,"{""adverse_window_minutes"": 5, ""max_adverse_ticks"": 12}",delay_adverse_filter
m2k_30min_avoid_immediate_adverse_move_sm1p00_tm3p00_d5_aw5_mt16,M2K,30min,1min,dynamic_exit_atr_target_1p0_ts4_vq0p95_bf0p5_ra1p2,1.0,3.0,5,avoid_immediate_adverse_move,"{""adverse_window_minutes"": 5, ""max_adverse_ticks"": 16}",delay_adverse_filter
m2k_30min_require_no_stop_zone_touch_before_entry_sm1p00_tm3p00_d15_sz0p50,M2K,30min,1min,dynamic_exit_atr_target_1p0_ts4_vq0p95_bf0p5_ra1p2,1.0,3.0,15,require_no_stop_zone_touch_before_entry,"{""stop_zone_fraction"": 0.5}",delay_stop_zone_filter
m2k_30min_require_no_stop_zone_touch_before_entry_sm1p00_tm3p00_d15_sz0p75,M2K,30min,1min,dynamic_exit_atr_target_1p0_ts4_vq0p95_bf0p5_ra1p2,1.0,3.0,15,require_no_stop_zone_touch_before_entry,"{""stop_zone_fraction"": 0.75}",delay_stop_zone_filter
m2k_30min_require_no_stop_zone_touch_before_entry_sm1p00_tm3p00_d15_sz1p00,M2K,30min,1min,dynamic_exit_atr_target_1p0_ts4_vq0p95_bf0p5_ra1p2,1.0,3.0,15,require_no_stop_zone_touch_before_entry,"{""stop_zone_fraction"": 1.0}",delay_stop_zone_filter
m2k_30min_avoid_immediate_adverse_move_sm1p00_tm3p00_d15_aw5_mt8,M2K,30min,1min,dynamic_exit_atr_target_1p0_ts4_vq0p95_bf0p5_ra1p2,1.0,3.0,15,avoid_immediate_adverse_move,"{""adverse_window_minutes"": 5, ""max_adverse_ticks"": 8}",delay_adverse_filter
m2k_30min_avoid_immediate_adverse_move_sm1p00_tm3p00_d15_aw5_mt12,M2K,30min,1min,dynamic_exit_atr_target_1p0_ts4_vq0p95_bf0p5_ra1p2,1.0,3.0,15,avoid_immediate_adverse_move,"{""adverse_window_minutes"": 5, ""max_adverse_ticks"": 12}",delay_adverse_filter
m2k_30min_avoid_immediate_adverse_move_sm1p00_tm3p00_d15_aw5_mt16,M2K,30min,1min,dynamic_exit_atr_target_1p0_ts4_vq0p95_bf0p5_ra1p2,1.0,3.0,15,avoid_immediate_adverse_move,"{""adverse_window_minutes"": 5, ""max_adverse_ticks"": 16}",delay_adverse_filter
m2k_30min_avoid_immediate_adverse_move_sm1p00_tm3p00_d15_aw10_mt8,M2K,30min,1min,dynamic_exit_atr_target_1p0_ts4_vq0p95_bf0p5_ra1p2,1.0,3.0,15,avoid_immediate_adverse_move,"{""adverse_window_minutes"": 10, ""max_adverse_ticks"": 8}",delay_adverse_filter
m2k_30min_avoid_immediate_adverse_move_sm1p00_tm3p00_d15_aw10_mt12,M2K,30min,1min,dynamic_exit_atr_target_1p0_ts4_vq0p95_bf0p5_ra1p2,1.0,3.0,15,avoid_immediate_adverse_move,"{""adverse_window_minutes"": 10, ""max_adverse_ticks"": 12}",delay_adverse_filter
m2k_30min_avoid_immediate_adverse_move_sm1p00_tm3p00_d15_aw10_mt16,M2K,30min,1min,dynamic_exit_atr_target_1p0_ts4_vq0p95_bf0p5_ra1p2,1.0,3.0,15,avoid_immediate_adverse_move,"{""adverse_window_minutes"": 10, ""max_adverse_ticks"": 16}",delay_adverse_filter
m2k_30min_require_no_stop_zone_touch_before_entry_sm1p00_tm3p00_d30_sz0p50,M2K,30min,1min,dynamic_exit_atr_target_1p0_ts4_vq0p95_bf0p5_ra1p2,1.0,3.0,30,require_no_stop_zone_touch_before_entry,"{""stop_zone_fraction"": 0.5}",delay_stop_zone_filter
m2k_30min_require_no_stop_zone_touch_before_entry_sm1p00_tm3p00_d30_sz0p75,M2K,30min,1min,dynamic_exit_atr_target_1p0_ts4_vq0p95_bf0p5_ra1p2,1.0,3.0,30,require_no_stop_zone_touch_before_entry,"{""stop_zone_fraction"": 0.75}",delay_stop_zone_filter
m2k_30min_require_no_stop_zone_touch_before_entry_sm1p00_tm3p00_d30_sz1p00,M2K,30min,1min,dynamic_exit_atr_target_1p0_ts4_vq0p95_bf0p5_ra1p2,1.0,3.0,30,require_no_stop_zone_touch_before_entry,"{""stop_zone_fraction"": 1.0}",delay_stop_zone_filter
m2k_30min_avoid_immediate_adverse_move_sm1p00_tm3p00_d30_aw5_mt8,M2K,30min,1min,dynamic_exit_atr_target_1p0_ts4_vq0p95_bf0p5_ra1p2,1.0,3.0,30,avoid_immediate_adverse_move,"{""adverse_window_minutes"": 5, ""max_adverse_ticks"": 8}",delay_adverse_filter
m2k_30min_avoid_immediate_adverse_move_sm1p00_tm3p00_d30_aw5_mt12,M2K,30min,1min,dynamic_exit_atr_target_1p0_ts4_vq0p95_bf0p5_ra1p2,1.0,3.0,30,avoid_immediate_adverse_move,"{""adverse_window_minutes"": 5, ""max_adverse_ticks"": 12}",delay_adverse_filter
m2k_30min_avoid_immediate_adverse_move_sm1p00_tm3p00_d30_aw5_mt16,M2K,30min,1min,dynamic_exit_atr_target_1p0_ts4_vq0p95_bf0p5_ra1p2,1.0,3.0,30,avoid_immediate_adverse_move,"{""adverse_window_minutes"": 5, ""max_adverse_ticks"": 16}",delay_adverse_filter
m2k_30min_avoid_immediate_adverse_move_sm1p00_tm3p00_d30_aw10_mt8,M2K,30min,1min,dynamic_exit_atr_target_1p0_ts4_vq0p95_bf0p5_ra1p2,1.0,3.0,30,avoid_immediate_adverse_move,"{""adverse_window_minutes"": 10, ""max_adverse_ticks"": 8}",delay_adverse_filter
m2k_30min_avoid_immediate_adverse_move_sm1p00_tm3p00_d30_aw10_mt12,M2K,30min,1min,dynamic_exit_atr_target_1p0_ts4_vq0p95_bf0p5_ra1p2,1.0,3.0,30,avoid_immediate_adverse_move,"{""adverse_window_minutes"": 10, ""max_adverse_ticks"": 12}",delay_adverse_filter
m2k_30min_avoid_immediate_adverse_move_sm1p00_tm3p00_d30_aw10_mt16,M2K,30min,1min,dynamic_exit_atr_target_1p0_ts4_vq0p95_bf0p5_ra1p2,1.0,3.0,30,avoid_immediate_adverse_move,"{""adverse_window_minutes"": 10, ""max_adverse_ticks"": 16}",delay_adverse_filter
m2k_30min_require_no_stop_zone_touch_before_entry_sm1p25_tm2p00_d5_sz0p50,M2K,30min,1min,dynamic_exit_atr_target_1p0_ts4_vq0p95_bf0p5_ra1p2,1.25,2.0,5,require_no_stop_zone_touch_before_entry,"{""stop_zone_fraction"": 0.5}",delay_stop_zone_filter
m2k_30min_require_no_stop_zone_touch_before_entry_sm1p25_tm2p00_d5_sz0p75,M2K,30min,1min,dynamic_exit_atr_target_1p0_ts4_vq0p95_bf0p5_ra1p2,1.25,2.0,5,require_no_stop_zone_touch_before_entry,"{""stop_zone_fraction"": 0.75}",delay_stop_zone_filter
m2k_30min_require_no_stop_zone_touch_before_entry_sm1p25_tm2p00_d5_sz1p00,M2K,30min,1min,dynamic_exit_atr_target_1p0_ts4_vq0p95_bf0p5_ra1p2,1.25,2.0,5,require_no_stop_zone_touch_before_entry,"{""stop_zone_fraction"": 1.0}",delay_stop_zone_filter
m2k_30min_avoid_immediate_adverse_move_sm1p25_tm2p00_d5_aw5_mt8,M2K,30min,1min,dynamic_exit_atr_target_1p0_ts4_vq0p95_bf0p5_ra1p2,1.25,2.0,5,avoid_immediate_adverse_move,"{""adverse_window_minutes"": 5, ""max_adverse_ticks"": 8}",delay_adverse_filter
m2k_30min_avoid_immediate_adverse_move_sm1p25_tm2p00_d5_aw5_mt12,M2K,30min,1min,dynamic_exit_atr_target_1p0_ts4_vq0p95_bf0p5_ra1p2,1.25,2.0,5,avoid_immediate_adverse_move,"{""adverse_window_minutes"": 5, ""max_adverse_ticks"": 12}",delay_adverse_filter
m2k_30min_avoid_immediate_adverse_move_sm1p25_tm2p00_d5_aw5_mt16,M2K,30min,1min,dynamic_exit_atr_target_1p0_ts4_vq0p95_bf0p5_ra1p2,1.25,2.0,5,avoid_immediate_adverse_move,"{""adverse_window_minutes"": 5, ""max_adverse_ticks"": 16}",delay_adverse_filter
m2k_30min_require_no_stop_zone_touch_before_entry_sm1p25_tm2p00_d15_sz0p50,M2K,30min,1min,dynamic_exit_atr_target_1p0_ts4_vq0p95_bf0p5_ra1p2,1.25,2.0,15,require_no_stop_zone_touch_before_entry,"{""stop_zone_fraction"": 0.5}",delay_stop_zone_filter
m2k_30min_require_no_stop_zone_touch_before_entry_sm1p25_tm2p00_d15_sz0p75,M2K,30min,1min,dynamic_exit_atr_target_1p0_ts4_vq0p95_bf0p5_ra1p2,1.25,2.0,15,require_no_stop_zone_touch_before_entry,"{""stop_zone_fraction"": 0.75}",delay_stop_zone_filter
m2k_30min_require_no_stop_zone_touch_before_entry_sm1p25_tm2p00_d15_sz1p00,M2K,30min,1min,dynamic_exit_atr_target_1p0_ts4_vq0p95_bf0p5_ra1p2,1.25,2.0,15,require_no_stop_zone_touch_before_entry,"{""stop_zone_fraction"": 1.0}",delay_stop_zone_filter
m2k_30min_avoid_immediate_adverse_move_sm1p25_tm2p00_d15_aw5_mt8,M2K,30min,1min,dynamic_exit_atr_target_1p0_ts4_vq0p95_bf0p5_ra1p2,1.25,2.0,15,avoid_immediate_adverse_move,"{""adverse_window_minutes"": 5, ""max_adverse_ticks"": 8}",delay_adverse_filter
m2k_30min_avoid_immediate_adverse_move_sm1p25_tm2p00_d15_aw5_mt12,M2K,30min,1min,dynamic_exit_atr_target_1p0_ts4_vq0p95_bf0p5_ra1p2,1.25,2.0,15,avoid_immediate_adverse_move,"{""adverse_window_minutes"": 5, ""max_adverse_ticks"": 12}",delay_adverse_filter
m2k_30min_avoid_immediate_adverse_move_sm1p25_tm2p00_d15_aw5_mt16,M2K,30min,1min,dynamic_exit_atr_target_1p0_ts4_vq0p95_bf0p5_ra1p2,1.25,2.0,15,avoid_immediate_adverse_move,"{""adverse_window_minutes"": 5, ""max_adverse_ticks"": 16}",delay_adverse_filter
m2k_30min_avoid_immediate_adverse_move_sm1p25_tm2p00_d15_aw10_mt8,M2K,30min,1min,dynamic_exit_atr_target_1p0_ts4_vq0p95_bf0p5_ra1p2,1.25,2.0,15,avoid_immediate_adverse_move,"{""adverse_window_minutes"": 10, ""max_adverse_ticks"": 8}",delay_adverse_filter
m2k_30min_avoid_immediate_adverse_move_sm1p25_tm2p00_d15_aw10_mt12,M2K,30min,1min,dynamic_exit_atr_target_1p0_ts4_vq0p95_bf0p5_ra1p2,1.25,2.0,15,avoid_immediate_adverse_move,"{""adverse_window_minutes"": 10, ""max_adverse_ticks"": 12}",delay_adverse_filter
m2k_30min_avoid_immediate_adverse_move_sm1p25_tm2p00_d15_aw10_mt16,M2K,30min,1min,dynamic_exit_atr_target_1p0_ts4_vq0p95_bf0p5_ra1p2,1.25,2.0,15,avoid_immediate_adverse_move,"{""adverse_window_minutes"": 10, ""max_adverse_ticks"": 16}",delay_adverse_filter
m2k_30min_require_no_stop_zone_touch_before_entry_sm1p25_tm2p00_d30_sz0p50,M2K,30min,1min,dynamic_exit_atr_target_1p0_ts4_vq0p95_bf0p5_ra1p2,1.25,2.0,30,require_no_stop_zone_touch_before_entry,"{""stop_zone_fraction"": 0.5}",delay_stop_zone_filter
m2k_30min_require_no_stop_zone_touch_before_entry_sm1p25_tm2p00_d30_sz0p75,M2K,30min,1min,dynamic_exit_atr_target_1p0_ts4_vq0p95_bf0p5_ra1p2,1.25,2.0,30,require_no_stop_zone_touch_before_entry,"{""stop_zone_fraction"": 0.75}",delay_stop_zone_filter
m2k_30min_require_no_stop_zone_touch_before_entry_sm1p25_tm2p00_d30_sz1p00,M2K,30min,1min,dynamic_exit_atr_target_1p0_ts4_vq0p95_bf0p5_ra1p2,1.25,2.0,30,require_no_stop_zone_touch_before_entry,"{""stop_zone_fraction"": 1.0}",delay_stop_zone_filter
m2k_30min_avoid_immediate_adverse_move_sm1p25_tm2p00_d30_aw5_mt8,M2K,30min,1min,dynamic_exit_atr_target_1p0_ts4_vq0p95_bf0p5_ra1p2,1.25,2.0,30,avoid_immediate_adverse_move,"{""adverse_window_minutes"": 5, ""max_adverse_ticks"": 8}",delay_adverse_filter
m2k_30min_avoid_immediate_adverse_move_sm1p25_tm2p00_d30_aw5_mt12,M2K,30min,1min,dynamic_exit_atr_target_1p0_ts4_vq0p95_bf0p5_ra1p2,1.25,2.0,30,avoid_immediate_adverse_move,"{""adverse_window_minutes"": 5, ""max_adverse_ticks"": 12}",delay_adverse_filter
m2k_30min_avoid_immediate_adverse_move_sm1p25_tm2p00_d30_aw5_mt16,M2K,30min,1min,dynamic_exit_atr_target_1p0_ts4_vq0p95_bf0p5_ra1p2,1.25,2.0,30,avoid_immediate_adverse_move,"{""adverse_window_minutes"": 5, ""max_adverse_ticks"": 16}",delay_adverse_filter
m2k_30min_avoid_immediate_adverse_move_sm1p25_tm2p00_d30_aw10_mt8,M2K,30min,1min,dynamic_exit_atr_target_1p0_ts4_vq0p95_bf0p5_ra1p2,1.25,2.0,30,avoid_immediate_adverse_move,"{""adverse_window_minutes"": 10, ""max_adverse_ticks"": 8}",delay_adverse_filter
m2k_30min_avoid_immediate_adverse_move_sm1p25_tm2p00_d30_aw10_mt12,M2K,30min,1min,dynamic_exit_atr_target_1p0_ts4_vq0p95_bf0p5_ra1p2,1.25,2.0,30,avoid_immediate_adverse_move,"{""adverse_window_minutes"": 10, ""max_adverse_ticks"": 12}",delay_adverse_filter
m2k_30min_avoid_immediate_adverse_move_sm1p25_tm2p00_d30_aw10_mt16,M2K,30min,1min,dynamic_exit_atr_target_1p0_ts4_vq0p95_bf0p5_ra1p2,1.25,2.0,30,avoid_immediate_adverse_move,"{""adverse_window_minutes"": 10, ""max_adverse_ticks"": 16}",delay_adverse_filter
m2k_30min_require_no_stop_zone_touch_before_entry_sm1p25_tm2p50_d5_sz0p50,M2K,30min,1min,dynamic_exit_atr_target_1p0_ts4_vq0p95_bf0p5_ra1p2,1.25,2.5,5,require_no_stop_zone_touch_before_entry,"{""stop_zone_fraction"": 0.5}",delay_stop_zone_filter
m2k_30min_require_no_stop_zone_touch_before_entry_sm1p25_tm2p50_d5_sz0p75,M2K,30min,1min,dynamic_exit_atr_target_1p0_ts4_vq0p95_bf0p5_ra1p2,1.25,2.5,5,require_no_stop_zone_touch_before_entry,"{""stop_zone_fraction"": 0.75}",delay_stop_zone_filter
m2k_30min_require_no_stop_zone_touch_before_entry_sm1p25_tm2p50_d5_sz1p00,M2K,30min,1min,dynamic_exit_atr_target_1p0_ts4_vq0p95_bf0p5_ra1p2,1.25,2.5,5,require_no_stop_zone_touch_before_entry,"{""stop_zone_fraction"": 1.0}",delay_stop_zone_filter
m2k_30min_avoid_immediate_adverse_move_sm1p25_tm2p50_d5_aw5_mt8,M2K,30min,1min,dynamic_exit_atr_target_1p0_ts4_vq0p95_bf0p5_ra1p2,1.25,2.5,5,avoid_immediate_adverse_move,"{""adverse_window_minutes"": 5, ""max_adverse_ticks"": 8}",delay_adverse_filter
m2k_30min_avoid_immediate_adverse_move_sm1p25_tm2p50_d5_aw5_mt12,M2K,30min,1min,dynamic_exit_atr_target_1p0_ts4_vq0p95_bf0p5_ra1p2,1.25,2.5,5,avoid_immediate_adverse_move,"{""adverse_window_minutes"": 5, ""max_adverse_ticks"": 12}",delay_adverse_filter
m2k_30min_avoid_immediate_adverse_move_sm1p25_tm2p50_d5_aw5_mt16,M2K,30min,1min,dynamic_exit_atr_target_1p0_ts4_vq0p95_bf0p5_ra1p2,1.25,2.5,5,avoid_immediate_adverse_move,"{""adverse_window_minutes"": 5, ""max_adverse_ticks"": 16}",delay_adverse_filter
m2k_30min_require_no_stop_zone_touch_before_entry_sm1p25_tm2p50_d15_sz0p50,M2K,30min,1min,dynamic_exit_atr_target_1p0_ts4_vq0p95_bf0p5_ra1p2,1.25,2.5,15,require_no_stop_zone_touch_before_entry,"{""stop_zone_fraction"": 0.5}",delay_stop_zone_filter
m2k_30min_require_no_stop_zone_touch_before_entry_sm1p25_tm2p50_d15_sz0p75,M2K,30min,1min,dynamic_exit_atr_target_1p0_ts4_vq0p95_bf0p5_ra1p2,1.25,2.5,15,require_no_stop_zone_touch_before_entry,"{""stop_zone_fraction"": 0.75}",delay_stop_zone_filter
m2k_30min_require_no_stop_zone_touch_before_entry_sm1p25_tm2p50_d15_sz1p00,M2K,30min,1min,dynamic_exit_atr_target_1p0_ts4_vq0p95_bf0p5_ra1p2,1.25,2.5,15,require_no_stop_zone_touch_before_entry,"{""stop_zone_fraction"": 1.0}",delay_stop_zone_filter
m2k_30min_avoid_immediate_adverse_move_sm1p25_tm2p50_d15_aw5_mt8,M2K,30min,1min,dynamic_exit_atr_target_1p0_ts4_vq0p95_bf0p5_ra1p2,1.25,2.5,15,avoid_immediate_adverse_move,"{""adverse_window_minutes"": 5, ""max_adverse_ticks"": 8}",delay_adverse_filter
m2k_30min_avoid_immediate_adverse_move_sm1p25_tm2p50_d15_aw5_mt12,M2K,30min,1min,dynamic_exit_atr_target_1p0_ts4_vq0p95_bf0p5_ra1p2,1.25,2.5,15,avoid_immediate_adverse_move,"{""adverse_window_minutes"": 5, ""max_adverse_ticks"": 12}",delay_adverse_filter
m2k_30min_avoid_immediate_adverse_move_sm1p25_tm2p50_d15_aw5_mt16,M2K,30min,1min,dynamic_exit_atr_target_1p0_ts4_vq0p95_bf0p5_ra1p2,1.25,2.5,15,avoid_immediate_adverse_move,"{""adverse_window_minutes"": 5, ""max_adverse_ticks"": 16}",delay_adverse_filter
m2k_30min_avoid_immediate_adverse_move_sm1p25_tm2p50_d15_aw10_mt8,M2K,30min,1min,dynamic_exit_atr_target_1p0_ts4_vq0p95_bf0p5_ra1p2,1.25,2.5,15,avoid_immediate_adverse_move,"{""adverse_window_minutes"": 10, ""max_adverse_ticks"": 8}",delay_adverse_filter
m2k_30min_avoid_immediate_adverse_move_sm1p25_tm2p50_d15_aw10_mt12,M2K,30min,1min,dynamic_exit_atr_target_1p0_ts4_vq0p95_bf0p5_ra1p2,1.25,2.5,15,avoid_immediate_adverse_move,"{""adverse_window_minutes"": 10, ""max_adverse_ticks"": 12}",delay_adverse_filter
m2k_30min_avoid_immediate_adverse_move_sm1p25_tm2p50_d15_aw10_mt16,M2K,30min,1min,dynamic_exit_atr_target_1p0_ts4_vq0p95_bf0p5_ra1p2,1.25,2.5,15,avoid_immediate_adverse_move,"{""adverse_window_minutes"": 10, ""max_adverse_ticks"": 16}",delay_adverse_filter
m2k_30min_require_no_stop_zone_touch_before_entry_sm1p25_tm2p50_d30_sz0p50,M2K,30min,1min,dynamic_exit_atr_target_1p0_ts4_vq0p95_bf0p5_ra1p2,1.25,2.5,30,require_no_stop_zone_touch_before_entry,"{""stop_zone_fraction"": 0.5}",delay_stop_zone_filter
m2k_30min_require_no_stop_zone_touch_before_entry_sm1p25_tm2p50_d30_sz0p75,M2K,30min,1min,dynamic_exit_atr_target_1p0_ts4_vq0p95_bf0p5_ra1p2,1.25,2.5,30,require_no_stop_zone_touch_before_entry,"{""stop_zone_fraction"": 0.75}",delay_stop_zone_filter
m2k_30min_require_no_stop_zone_touch_before_entry_sm1p25_tm2p50_d30_sz1p00,M2K,30min,1min,dynamic_exit_atr_target_1p0_ts4_vq0p95_bf0p5_ra1p2,1.25,2.5,30,require_no_stop_zone_touch_before_entry,"{""stop_zone_fraction"": 1.0}",delay_stop_zone_filter
m2k_30min_avoid_immediate_adverse_move_sm1p25_tm2p50_d30_aw5_mt8,M2K,30min,1min,dynamic_exit_atr_target_1p0_ts4_vq0p95_bf0p5_ra1p2,1.25,2.5,30,avoid_immediate_adverse_move,"{""adverse_window_minutes"": 5, ""max_adverse_ticks"": 8}",delay_adverse_filter
m2k_30min_avoid_immediate_adverse_move_sm1p25_tm2p50_d30_aw5_mt12,M2K,30min,1min,dynamic_exit_atr_target_1p0_ts4_vq0p95_bf0p5_ra1p2,1.25,2.5,30,avoid_immediate_adverse_move,"{""adverse_window_minutes"": 5, ""max_adverse_ticks"": 12}",delay_adverse_filter
m2k_30min_avoid_immediate_adverse_move_sm1p25_tm2p50_d30_aw5_mt16,M2K,30min,1min,dynamic_exit_atr_target_1p0_ts4_vq0p95_bf0p5_ra1p2,1.25,2.5,30,avoid_immediate_adverse_move,"{""adverse_window_minutes"": 5, ""max_adverse_ticks"": 16}",delay_adverse_filter
m2k_30min_avoid_immediate_adverse_move_sm1p25_tm2p50_d30_aw10_mt8,M2K,30min,1min,dynamic_exit_atr_target_1p0_ts4_vq0p95_bf0p5_ra1p2,1.25,2.5,30,avoid_immediate_adverse_move,"{""adverse_window_minutes"": 10, ""max_adverse_ticks"": 8}",delay_adverse_filter
m2k_30min_avoid_immediate_adverse_move_sm1p25_tm2p50_d30_aw10_mt12,M2K,30min,1min,dynamic_exit_atr_target_1p0_ts4_vq0p95_bf0p5_ra1p2,1.25,2.5,30,avoid_immediate_adverse_move,"{""adverse_window_minutes"": 10, ""max_adverse_ticks"": 12}",delay_adverse_filter
m2k_30min_avoid_immediate_adverse_move_sm1p25_tm2p50_d30_aw10_mt16,M2K,30min,1min,dynamic_exit_atr_target_1p0_ts4_vq0p95_bf0p5_ra1p2,1.25,2.5,30,avoid_immediate_adverse_move,"{""adverse_window_minutes"": 10, ""max_adverse_ticks"": 16}",delay_adverse_filter
m2k_30min_require_no_stop_zone_touch_before_entry_sm1p25_tm3p00_d5_sz0p50,M2K,30min,1min,dynamic_exit_atr_target_1p0_ts4_vq0p95_bf0p5_ra1p2,1.25,3.0,5,require_no_stop_zone_touch_before_entry,"{""stop_zone_fraction"": 0.5}",delay_stop_zone_filter
m2k_30min_require_no_stop_zone_touch_before_entry_sm1p25_tm3p00_d5_sz0p75,M2K,30min,1min,dynamic_exit_atr_target_1p0_ts4_vq0p95_bf0p5_ra1p2,1.25,3.0,5,require_no_stop_zone_touch_before_entry,"{""stop_zone_fraction"": 0.75}",delay_stop_zone_filter
m2k_30min_require_no_stop_zone_touch_before_entry_sm1p25_tm3p00_d5_sz1p00,M2K,30min,1min,dynamic_exit_atr_target_1p0_ts4_vq0p95_bf0p5_ra1p2,1.25,3.0,5,require_no_stop_zone_touch_before_entry,"{""stop_zone_fraction"": 1.0}",delay_stop_zone_filter
m2k_30min_avoid_immediate_adverse_move_sm1p25_tm3p00_d5_aw5_mt8,M2K,30min,1min,dynamic_exit_atr_target_1p0_ts4_vq0p95_bf0p5_ra1p2,1.25,3.0,5,avoid_immediate_adverse_move,"{""adverse_window_minutes"": 5, ""max_adverse_ticks"": 8}",delay_adverse_filter
m2k_30min_avoid_immediate_adverse_move_sm1p25_tm3p00_d5_aw5_mt12,M2K,30min,1min,dynamic_exit_atr_target_1p0_ts4_vq0p95_bf0p5_ra1p2,1.25,3.0,5,avoid_immediate_adverse_move,"{""adverse_window_minutes"": 5, ""max_adverse_ticks"": 12}",delay_adverse_filter
m2k_30min_avoid_immediate_adverse_move_sm1p25_tm3p00_d5_aw5_mt16,M2K,30min,1min,dynamic_exit_atr_target_1p0_ts4_vq0p95_bf0p5_ra1p2,1.25,3.0,5,avoid_immediate_adverse_move,"{""adverse_window_minutes"": 5, ""max_adverse_ticks"": 16}",delay_adverse_filter
m2k_30min_require_no_stop_zone_touch_before_entry_sm1p25_tm3p00_d15_sz0p50,M2K,30min,1min,dynamic_exit_atr_target_1p0_ts4_vq0p95_bf0p5_ra1p2,1.25,3.0,15,require_no_stop_zone_touch_before_entry,"{""stop_zone_fraction"": 0.5}",delay_stop_zone_filter
m2k_30min_require_no_stop_zone_touch_before_entry_sm1p25_tm3p00_d15_sz0p75,M2K,30min,1min,dynamic_exit_atr_target_1p0_ts4_vq0p95_bf0p5_ra1p2,1.25,3.0,15,require_no_stop_zone_touch_before_entry,"{""stop_zone_fraction"": 0.75}",delay_stop_zone_filter
m2k_30min_require_no_stop_zone_touch_before_entry_sm1p25_tm3p00_d15_sz1p00,M2K,30min,1min,dynamic_exit_atr_target_1p0_ts4_vq0p95_bf0p5_ra1p2,1.25,3.0,15,require_no_stop_zone_touch_before_entry,"{""stop_zone_fraction"": 1.0}",delay_stop_zone_filter
m2k_30min_avoid_immediate_adverse_move_sm1p25_tm3p00_d15_aw5_mt8,M2K,30min,1min,dynamic_exit_atr_target_1p0_ts4_vq0p95_bf0p5_ra1p2,1.25,3.0,15,avoid_immediate_adverse_move,"{""adverse_window_minutes"": 5, ""max_adverse_ticks"": 8}",delay_adverse_filter
m2k_30min_avoid_immediate_adverse_move_sm1p25_tm3p00_d15_aw5_mt12,M2K,30min,1min,dynamic_exit_atr_target_1p0_ts4_vq0p95_bf0p5_ra1p2,1.25,3.0,15,avoid_immediate_adverse_move,"{""adverse_window_minutes"": 5, ""max_adverse_ticks"": 12}",delay_adverse_filter
m2k_30min_avoid_immediate_adverse_move_sm1p25_tm3p00_d15_aw5_mt16,M2K,30min,1min,dynamic_exit_atr_target_1p0_ts4_vq0p95_bf0p5_ra1p2,1.25,3.0,15,avoid_immediate_adverse_move,"{""adverse_window_minutes"": 5, ""max_adverse_ticks"": 16}",delay_adverse_filter
m2k_30min_avoid_immediate_adverse_move_sm1p25_tm3p00_d15_aw10_mt8,M2K,30min,1min,dynamic_exit_atr_target_1p0_ts4_vq0p95_bf0p5_ra1p2,1.25,3.0,15,avoid_immediate_adverse_move,"{""adverse_window_minutes"": 10, ""max_adverse_ticks"": 8}",delay_adverse_filter
m2k_30min_avoid_immediate_adverse_move_sm1p25_tm3p00_d15_aw10_mt12,M2K,30min,1min,dynamic_exit_atr_target_1p0_ts4_vq0p95_bf0p5_ra1p2,1.25,3.0,15,avoid_immediate_adverse_move,"{""adverse_window_minutes"": 10, ""max_adverse_ticks"": 12}",delay_adverse_filter
m2k_30min_avoid_immediate_adverse_move_sm1p25_tm3p00_d15_aw10_mt16,M2K,30min,1min,dynamic_exit_atr_target_1p0_ts4_vq0p95_bf0p5_ra1p2,1.25,3.0,15,avoid_immediate_adverse_move,"{""adverse_window_minutes"": 10, ""max_adverse_ticks"": 16}",delay_adverse_filter
m2k_30min_require_no_stop_zone_touch_before_entry_sm1p25_tm3p00_d30_sz0p50,M2K,30min,1min,dynamic_exit_atr_target_1p0_ts4_vq0p95_bf0p5_ra1p2,1.25,3.0,30,require_no_stop_zone_touch_before_entry,"{""stop_zone_fraction"": 0.5}",delay_stop_zone_filter
m2k_30min_require_no_stop_zone_touch_before_entry_sm1p25_tm3p00_d30_sz0p75,M2K,30min,1min,dynamic_exit_atr_target_1p0_ts4_vq0p95_bf0p5_ra1p2,1.25,3.0,30,require_no_stop_zone_touch_before_entry,"{""stop_zone_fraction"": 0.75}",delay_stop_zone_filter
m2k_30min_require_no_stop_zone_touch_before_entry_sm1p25_tm3p00_d30_sz1p00,M2K,30min,1min,dynamic_exit_atr_target_1p0_ts4_vq0p95_bf0p5_ra1p2,1.25,3.0,30,require_no_stop_zone_touch_before_entry,"{""stop_zone_fraction"": 1.0}",delay_stop_zone_filter
m2k_30min_avoid_immediate_adverse_move_sm1p25_tm3p00_d30_aw5_mt8,M2K,30min,1min,dynamic_exit_atr_target_1p0_ts4_vq0p95_bf0p5_ra1p2,1.25,3.0,30,avoid_immediate_adverse_move,"{""adverse_window_minutes"": 5, ""max_adverse_ticks"": 8}",delay_adverse_filter
m2k_30min_avoid_immediate_adverse_move_sm1p25_tm3p00_d30_aw5_mt12,M2K,30min,1min,dynamic_exit_atr_target_1p0_ts4_vq0p95_bf0p5_ra1p2,1.25,3.0,30,avoid_immediate_adverse_move,"{""adverse_window_minutes"": 5, ""max_adverse_ticks"": 12}",delay_adverse_filter
m2k_30min_avoid_immediate_adverse_move_sm1p25_tm3p00_d30_aw5_mt16,M2K,30min,1min,dynamic_exit_atr_target_1p0_ts4_vq0p95_bf0p5_ra1p2,1.25,3.0,30,avoid_immediate_adverse_move,"{""adverse_window_minutes"": 5, ""max_adverse_ticks"": 16}",delay_adverse_filter
m2k_30min_avoid_immediate_adverse_move_sm1p25_tm3p00_d30_aw10_mt8,M2K,30min,1min,dynamic_exit_atr_target_1p0_ts4_vq0p95_bf0p5_ra1p2,1.25,3.0,30,avoid_immediate_adverse_move,"{""adverse_window_minutes"": 10, ""max_adverse_ticks"": 8}",delay_adverse_filter
m2k_30min_avoid_immediate_adverse_move_sm1p25_tm3p00_d30_aw10_mt12,M2K,30min,1min,dynamic_exit_atr_target_1p0_ts4_vq0p95_bf0p5_ra1p2,1.25,3.0,30,avoid_immediate_adverse_move,"{""adverse_window_minutes"": 10, ""max_adverse_ticks"": 12}",delay_adverse_filter
m2k_30min_avoid_immediate_adverse_move_sm1p25_tm3p00_d30_aw10_mt16,M2K,30min,1min,dynamic_exit_atr_target_1p0_ts4_vq0p95_bf0p5_ra1p2,1.25,3.0,30,avoid_immediate_adverse_move,"{""adverse_window_minutes"": 10, ""max_adverse_ticks"": 16}",delay_adverse_filter
m2k_1h_none_sm1p00_tm1p00_d0,M2K,1H,1min,dynamic_exit_atr_target_1p0_ts4_vq0p95_bf0p5_ra1p2,1.0,1.0,0,none,{},raw_hybrid
m2k_1h_none_sm1p00_tm1p00_d5,M2K,1H,1min,dynamic_exit_atr_target_1p0_ts4_vq0p95_bf0p5_ra1p2,1.0,1.0,5,none,{},delay_only
m2k_1h_none_sm1p00_tm1p00_d15,M2K,1H,1min,dynamic_exit_atr_target_1p0_ts4_vq0p95_bf0p5_ra1p2,1.0,1.0,15,none,{},delay_only
m2k_1h_none_sm1p00_tm1p00_d30,M2K,1H,1min,dynamic_exit_atr_target_1p0_ts4_vq0p95_bf0p5_ra1p2,1.0,1.0,30,none,{},delay_only
m2k_1h_none_sm0p75_tm1p50_d0,M2K,1H,1min,dynamic_exit_atr_target_1p0_ts4_vq0p95_bf0p5_ra1p2,0.75,1.5,0,none,{},stop_target_recalibration
m2k_1h_none_sm0p75_tm1p50_d5,M2K,1H,1min,dynamic_exit_atr_target_1p0_ts4_vq0p95_bf0p5_ra1p2,0.75,1.5,5,none,{},delay_stop_target
m2k_1h_none_sm0p75_tm1p50_d15,M2K,1H,1min,dynamic_exit_atr_target_1p0_ts4_vq0p95_bf0p5_ra1p2,0.75,1.5,15,none,{},delay_stop_target
m2k_1h_none_sm0p75_tm1p50_d30,M2K,1H,1min,dynamic_exit_atr_target_1p0_ts4_vq0p95_bf0p5_ra1p2,0.75,1.5,30,none,{},delay_stop_target
m2k_1h_none_sm0p75_tm2p00_d0,M2K,1H,1min,dynamic_exit_atr_target_1p0_ts4_vq0p95_bf0p5_ra1p2,0.75,2.0,0,none,{},stop_target_recalibration
m2k_1h_none_sm0p75_tm2p00_d5,M2K,1H,1min,dynamic_exit_atr_target_1p0_ts4_vq0p95_bf0p5_ra1p2,0.75,2.0,5,none,{},delay_stop_target
m2k_1h_none_sm0p75_tm2p00_d15,M2K,1H,1min,dynamic_exit_atr_target_1p0_ts4_vq0p95_bf0p5_ra1p2,0.75,2.0,15,none,{},delay_stop_target
m2k_1h_none_sm0p75_tm2p00_d30,M2K,1H,1min,dynamic_exit_atr_target_1p0_ts4_vq0p95_bf0p5_ra1p2,0.75,2.0,30,none,{},delay_stop_target
m2k_1h_none_sm0p75_tm2p50_d0,M2K,1H,1min,dynamic_exit_atr_target_1p0_ts4_vq0p95_bf0p5_ra1p2,0.75,2.5,0,none,{},stop_target_recalibration
m2k_1h_none_sm0p75_tm2p50_d5,M2K,1H,1min,dynamic_exit_atr_target_1p0_ts4_vq0p95_bf0p5_ra1p2,0.75,2.5,5,none,{},delay_stop_target
m2k_1h_none_sm0p75_tm2p50_d15,M2K,1H,1min,dynamic_exit_atr_target_1p0_ts4_vq0p95_bf0p5_ra1p2,0.75,2.5,15,none,{},delay_stop_target
m2k_1h_none_sm0p75_tm2p50_d30,M2K,1H,1min,dynamic_exit_atr_target_1p0_ts4_vq0p95_bf0p5_ra1p2,0.75,2.5,30,none,{},delay_stop_target
m2k_1h_none_sm0p75_tm3p00_d0,M2K,1H,1min,dynamic_exit_atr_target_1p0_ts4_vq0p95_bf0p5_ra1p2,0.75,3.0,0,none,{},stop_target_recalibration
m2k_1h_none_sm0p75_tm3p00_d5,M2K,1H,1min,dynamic_exit_atr_target_1p0_ts4_vq0p95_bf0p5_ra1p2,0.75,3.0,5,none,{},delay_stop_target
m2k_1h_none_sm0p75_tm3p00_d15,M2K,1H,1min,dynamic_exit_atr_target_1p0_ts4_vq0p95_bf0p5_ra1p2,0.75,3.0,15,none,{},delay_stop_target
m2k_1h_none_sm0p75_tm3p00_d30,M2K,1H,1min,dynamic_exit_atr_target_1p0_ts4_vq0p95_bf0p5_ra1p2,0.75,3.0,30,none,{},delay_stop_target
m2k_1h_none_sm1p00_tm1p50_d0,M2K,1H,1min,dynamic_exit_atr_target_1p0_ts4_vq0p95_bf0p5_ra1p2,1.0,1.5,0,none,{},stop_target_recalibration
m2k_1h_none_sm1p00_tm1p50_d5,M2K,1H,1min,dynamic_exit_atr_target_1p0_ts4_vq0p95_bf0p5_ra1p2,1.0,1.5,5,none,{},delay_stop_target
m2k_1h_none_sm1p00_tm1p50_d15,M2K,1H,1min,dynamic_exit_atr_target_1p0_ts4_vq0p95_bf0p5_ra1p2,1.0,1.5,15,none,{},delay_stop_target
m2k_1h_none_sm1p00_tm1p50_d30,M2K,1H,1min,dynamic_exit_atr_target_1p0_ts4_vq0p95_bf0p5_ra1p2,1.0,1.5,30,none,{},delay_stop_target
m2k_1h_none_sm1p00_tm2p00_d0,M2K,1H,1min,dynamic_exit_atr_target_1p0_ts4_vq0p95_bf0p5_ra1p2,1.0,2.0,0,none,{},stop_target_recalibration
m2k_1h_none_sm1p00_tm2p00_d5,M2K,1H,1min,dynamic_exit_atr_target_1p0_ts4_vq0p95_bf0p5_ra1p2,1.0,2.0,5,none,{},delay_stop_target
m2k_1h_none_sm1p00_tm2p00_d15,M2K,1H,1min,dynamic_exit_atr_target_1p0_ts4_vq0p95_bf0p5_ra1p2,1.0,2.0,15,none,{},delay_stop_target
m2k_1h_none_sm1p00_tm2p00_d30,M2K,1H,1min,dynamic_exit_atr_target_1p0_ts4_vq0p95_bf0p5_ra1p2,1.0,2.0,30,none,{},delay_stop_target
m2k_1h_none_sm1p00_tm2p50_d0,M2K,1H,1min,dynamic_exit_atr_target_1p0_ts4_vq0p95_bf0p5_ra1p2,1.0,2.5,0,none,{},stop_target_recalibration
m2k_1h_none_sm1p00_tm2p50_d5,M2K,1H,1min,dynamic_exit_atr_target_1p0_ts4_vq0p95_bf0p5_ra1p2,1.0,2.5,5,none,{},delay_stop_target
m2k_1h_none_sm1p00_tm2p50_d15,M2K,1H,1min,dynamic_exit_atr_target_1p0_ts4_vq0p95_bf0p5_ra1p2,1.0,2.5,15,none,{},delay_stop_target
m2k_1h_none_sm1p00_tm2p50_d30,M2K,1H,1min,dynamic_exit_atr_target_1p0_ts4_vq0p95_bf0p5_ra1p2,1.0,2.5,30,none,{},delay_stop_target
m2k_1h_none_sm1p00_tm3p00_d0,M2K,1H,1min,dynamic_exit_atr_target_1p0_ts4_vq0p95_bf0p5_ra1p2,1.0,3.0,0,none,{},stop_target_recalibration
m2k_1h_none_sm1p00_tm3p00_d5,M2K,1H,1min,dynamic_exit_atr_target_1p0_ts4_vq0p95_bf0p5_ra1p2,1.0,3.0,5,none,{},delay_stop_target
m2k_1h_none_sm1p00_tm3p00_d15,M2K,1H,1min,dynamic_exit_atr_target_1p0_ts4_vq0p95_bf0p5_ra1p2,1.0,3.0,15,none,{},delay_stop_target
m2k_1h_none_sm1p00_tm3p00_d30,M2K,1H,1min,dynamic_exit_atr_target_1p0_ts4_vq0p95_bf0p5_ra1p2,1.0,3.0,30,none,{},delay_stop_target
m2k_1h_none_sm1p25_tm1p50_d0,M2K,1H,1min,dynamic_exit_atr_target_1p0_ts4_vq0p95_bf0p5_ra1p2,1.25,1.5,0,none,{},stop_target_recalibration
m2k_1h_none_sm1p25_tm1p50_d5,M2K,1H,1min,dynamic_exit_atr_target_1p0_ts4_vq0p95_bf0p5_ra1p2,1.25,1.5,5,none,{},delay_stop_target
m2k_1h_none_sm1p25_tm1p50_d15,M2K,1H,1min,dynamic_exit_atr_target_1p0_ts4_vq0p95_bf0p5_ra1p2,1.25,1.5,15,none,{},delay_stop_target
m2k_1h_none_sm1p25_tm1p50_d30,M2K,1H,1min,dynamic_exit_atr_target_1p0_ts4_vq0p95_bf0p5_ra1p2,1.25,1.5,30,none,{},delay_stop_target
m2k_1h_none_sm1p25_tm2p00_d0,M2K,1H,1min,dynamic_exit_atr_target_1p0_ts4_vq0p95_bf0p5_ra1p2,1.25,2.0,0,none,{},stop_target_recalibration
m2k_1h_none_sm1p25_tm2p00_d5,M2K,1H,1min,dynamic_exit_atr_target_1p0_ts4_vq0p95_bf0p5_ra1p2,1.25,2.0,5,none,{},delay_stop_target
m2k_1h_none_sm1p25_tm2p00_d15,M2K,1H,1min,dynamic_exit_atr_target_1p0_ts4_vq0p95_bf0p5_ra1p2,1.25,2.0,15,none,{},delay_stop_target
m2k_1h_none_sm1p25_tm2p00_d30,M2K,1H,1min,dynamic_exit_atr_target_1p0_ts4_vq0p95_bf0p5_ra1p2,1.25,2.0,30,none,{},delay_stop_target
m2k_1h_none_sm1p25_tm2p50_d0,M2K,1H,1min,dynamic_exit_atr_target_1p0_ts4_vq0p95_bf0p5_ra1p2,1.25,2.5,0,none,{},stop_target_recalibration
m2k_1h_none_sm1p25_tm2p50_d5,M2K,1H,1min,dynamic_exit_atr_target_1p0_ts4_vq0p95_bf0p5_ra1p2,1.25,2.5,5,none,{},delay_stop_target
m2k_1h_none_sm1p25_tm2p50_d15,M2K,1H,1min,dynamic_exit_atr_target_1p0_ts4_vq0p95_bf0p5_ra1p2,1.25,2.5,15,none,{},delay_stop_target
m2k_1h_none_sm1p25_tm2p50_d30,M2K,1H,1min,dynamic_exit_atr_target_1p0_ts4_vq0p95_bf0p5_ra1p2,1.25,2.5,30,none,{},delay_stop_target
m2k_1h_none_sm1p25_tm3p00_d0,M2K,1H,1min,dynamic_exit_atr_target_1p0_ts4_vq0p95_bf0p5_ra1p2,1.25,3.0,0,none,{},stop_target_recalibration
m2k_1h_none_sm1p25_tm3p00_d5,M2K,1H,1min,dynamic_exit_atr_target_1p0_ts4_vq0p95_bf0p5_ra1p2,1.25,3.0,5,none,{},delay_stop_target
m2k_1h_none_sm1p25_tm3p00_d15,M2K,1H,1min,dynamic_exit_atr_target_1p0_ts4_vq0p95_bf0p5_ra1p2,1.25,3.0,15,none,{},delay_stop_target
m2k_1h_none_sm1p25_tm3p00_d30,M2K,1H,1min,dynamic_exit_atr_target_1p0_ts4_vq0p95_bf0p5_ra1p2,1.25,3.0,30,none,{},delay_stop_target
m2k_1h_none_sm1p50_tm1p50_d0,M2K,1H,1min,dynamic_exit_atr_target_1p0_ts4_vq0p95_bf0p5_ra1p2,1.5,1.5,0,none,{},stop_target_recalibration
m2k_1h_none_sm1p50_tm1p50_d5,M2K,1H,1min,dynamic_exit_atr_target_1p0_ts4_vq0p95_bf0p5_ra1p2,1.5,1.5,5,none,{},delay_stop_target
m2k_1h_none_sm1p50_tm1p50_d15,M2K,1H,1min,dynamic_exit_atr_target_1p0_ts4_vq0p95_bf0p5_ra1p2,1.5,1.5,15,none,{},delay_stop_target
m2k_1h_none_sm1p50_tm1p50_d30,M2K,1H,1min,dynamic_exit_atr_target_1p0_ts4_vq0p95_bf0p5_ra1p2,1.5,1.5,30,none,{},delay_stop_target
m2k_1h_none_sm1p50_tm2p00_d0,M2K,1H,1min,dynamic_exit_atr_target_1p0_ts4_vq0p95_bf0p5_ra1p2,1.5,2.0,0,none,{},stop_target_recalibration
m2k_1h_none_sm1p50_tm2p00_d5,M2K,1H,1min,dynamic_exit_atr_target_1p0_ts4_vq0p95_bf0p5_ra1p2,1.5,2.0,5,none,{},delay_stop_target
m2k_1h_none_sm1p50_tm2p00_d15,M2K,1H,1min,dynamic_exit_atr_target_1p0_ts4_vq0p95_bf0p5_ra1p2,1.5,2.0,15,none,{},delay_stop_target
m2k_1h_none_sm1p50_tm2p00_d30,M2K,1H,1min,dynamic_exit_atr_target_1p0_ts4_vq0p95_bf0p5_ra1p2,1.5,2.0,30,none,{},delay_stop_target
m2k_1h_none_sm1p50_tm2p50_d0,M2K,1H,1min,dynamic_exit_atr_target_1p0_ts4_vq0p95_bf0p5_ra1p2,1.5,2.5,0,none,{},stop_target_recalibration
m2k_1h_none_sm1p50_tm2p50_d5,M2K,1H,1min,dynamic_exit_atr_target_1p0_ts4_vq0p95_bf0p5_ra1p2,1.5,2.5,5,none,{},delay_stop_target
m2k_1h_none_sm1p50_tm2p50_d15,M2K,1H,1min,dynamic_exit_atr_target_1p0_ts4_vq0p95_bf0p5_ra1p2,1.5,2.5,15,none,{},delay_stop_target
m2k_1h_none_sm1p50_tm2p50_d30,M2K,1H,1min,dynamic_exit_atr_target_1p0_ts4_vq0p95_bf0p5_ra1p2,1.5,2.5,30,none,{},delay_stop_target
m2k_1h_none_sm1p50_tm3p00_d0,M2K,1H,1min,dynamic_exit_atr_target_1p0_ts4_vq0p95_bf0p5_ra1p2,1.5,3.0,0,none,{},stop_target_recalibration
m2k_1h_none_sm1p50_tm3p00_d5,M2K,1H,1min,dynamic_exit_atr_target_1p0_ts4_vq0p95_bf0p5_ra1p2,1.5,3.0,5,none,{},delay_stop_target
m2k_1h_none_sm1p50_tm3p00_d15,M2K,1H,1min,dynamic_exit_atr_target_1p0_ts4_vq0p95_bf0p5_ra1p2,1.5,3.0,15,none,{},delay_stop_target
m2k_1h_none_sm1p50_tm3p00_d30,M2K,1H,1min,dynamic_exit_atr_target_1p0_ts4_vq0p95_bf0p5_ra1p2,1.5,3.0,30,none,{},delay_stop_target
m2k_1h_require_no_stop_zone_touch_before_entry_sm0p75_tm2p00_d5_sz0p50,M2K,1H,1min,dynamic_exit_atr_target_1p0_ts4_vq0p95_bf0p5_ra1p2,0.75,2.0,5,require_no_stop_zone_touch_before_entry,"{""stop_zone_fraction"": 0.5}",delay_stop_zone_filter
m2k_1h_require_no_stop_zone_touch_before_entry_sm0p75_tm2p00_d5_sz0p75,M2K,1H,1min,dynamic_exit_atr_target_1p0_ts4_vq0p95_bf0p5_ra1p2,0.75,2.0,5,require_no_stop_zone_touch_before_entry,"{""stop_zone_fraction"": 0.75}",delay_stop_zone_filter
m2k_1h_require_no_stop_zone_touch_before_entry_sm0p75_tm2p00_d5_sz1p00,M2K,1H,1min,dynamic_exit_atr_target_1p0_ts4_vq0p95_bf0p5_ra1p2,0.75,2.0,5,require_no_stop_zone_touch_before_entry,"{""stop_zone_fraction"": 1.0}",delay_stop_zone_filter
m2k_1h_avoid_immediate_adverse_move_sm0p75_tm2p00_d5_aw5_mt8,M2K,1H,1min,dynamic_exit_atr_target_1p0_ts4_vq0p95_bf0p5_ra1p2,0.75,2.0,5,avoid_immediate_adverse_move,"{""adverse_window_minutes"": 5, ""max_adverse_ticks"": 8}",delay_adverse_filter
m2k_1h_avoid_immediate_adverse_move_sm0p75_tm2p00_d5_aw5_mt12,M2K,1H,1min,dynamic_exit_atr_target_1p0_ts4_vq0p95_bf0p5_ra1p2,0.75,2.0,5,avoid_immediate_adverse_move,"{""adverse_window_minutes"": 5, ""max_adverse_ticks"": 12}",delay_adverse_filter
m2k_1h_avoid_immediate_adverse_move_sm0p75_tm2p00_d5_aw5_mt16,M2K,1H,1min,dynamic_exit_atr_target_1p0_ts4_vq0p95_bf0p5_ra1p2,0.75,2.0,5,avoid_immediate_adverse_move,"{""adverse_window_minutes"": 5, ""max_adverse_ticks"": 16}",delay_adverse_filter
m2k_1h_require_no_stop_zone_touch_before_entry_sm0p75_tm2p00_d15_sz0p50,M2K,1H,1min,dynamic_exit_atr_target_1p0_ts4_vq0p95_bf0p5_ra1p2,0.75,2.0,15,require_no_stop_zone_touch_before_entry,"{""stop_zone_fraction"": 0.5}",delay_stop_zone_filter
m2k_1h_require_no_stop_zone_touch_before_entry_sm0p75_tm2p00_d15_sz0p75,M2K,1H,1min,dynamic_exit_atr_target_1p0_ts4_vq0p95_bf0p5_ra1p2,0.75,2.0,15,require_no_stop_zone_touch_before_entry,"{""stop_zone_fraction"": 0.75}",delay_stop_zone_filter
m2k_1h_require_no_stop_zone_touch_before_entry_sm0p75_tm2p00_d15_sz1p00,M2K,1H,1min,dynamic_exit_atr_target_1p0_ts4_vq0p95_bf0p5_ra1p2,0.75,2.0,15,require_no_stop_zone_touch_before_entry,"{""stop_zone_fraction"": 1.0}",delay_stop_zone_filter
m2k_1h_avoid_immediate_adverse_move_sm0p75_tm2p00_d15_aw5_mt8,M2K,1H,1min,dynamic_exit_atr_target_1p0_ts4_vq0p95_bf0p5_ra1p2,0.75,2.0,15,avoid_immediate_adverse_move,"{""adverse_window_minutes"": 5, ""max_adverse_ticks"": 8}",delay_adverse_filter
m2k_1h_avoid_immediate_adverse_move_sm0p75_tm2p00_d15_aw5_mt12,M2K,1H,1min,dynamic_exit_atr_target_1p0_ts4_vq0p95_bf0p5_ra1p2,0.75,2.0,15,avoid_immediate_adverse_move,"{""adverse_window_minutes"": 5, ""max_adverse_ticks"": 12}",delay_adverse_filter
m2k_1h_avoid_immediate_adverse_move_sm0p75_tm2p00_d15_aw5_mt16,M2K,1H,1min,dynamic_exit_atr_target_1p0_ts4_vq0p95_bf0p5_ra1p2,0.75,2.0,15,avoid_immediate_adverse_move,"{""adverse_window_minutes"": 5, ""max_adverse_ticks"": 16}",delay_adverse_filter
m2k_1h_avoid_immediate_adverse_move_sm0p75_tm2p00_d15_aw10_mt8,M2K,1H,1min,dynamic_exit_atr_target_1p0_ts4_vq0p95_bf0p5_ra1p2,0.75,2.0,15,avoid_immediate_adverse_move,"{""adverse_window_minutes"": 10, ""max_adverse_ticks"": 8}",delay_adverse_filter
m2k_1h_avoid_immediate_adverse_move_sm0p75_tm2p00_d15_aw10_mt12,M2K,1H,1min,dynamic_exit_atr_target_1p0_ts4_vq0p95_bf0p5_ra1p2,0.75,2.0,15,avoid_immediate_adverse_move,"{""adverse_window_minutes"": 10, ""max_adverse_ticks"": 12}",delay_adverse_filter
m2k_1h_avoid_immediate_adverse_move_sm0p75_tm2p00_d15_aw10_mt16,M2K,1H,1min,dynamic_exit_atr_target_1p0_ts4_vq0p95_bf0p5_ra1p2,0.75,2.0,15,avoid_immediate_adverse_move,"{""adverse_window_minutes"": 10, ""max_adverse_ticks"": 16}",delay_adverse_filter
m2k_1h_require_no_stop_zone_touch_before_entry_sm0p75_tm2p00_d30_sz0p50,M2K,1H,1min,dynamic_exit_atr_target_1p0_ts4_vq0p95_bf0p5_ra1p2,0.75,2.0,30,require_no_stop_zone_touch_before_entry,"{""stop_zone_fraction"": 0.5}",delay_stop_zone_filter
m2k_1h_require_no_stop_zone_touch_before_entry_sm0p75_tm2p00_d30_sz0p75,M2K,1H,1min,dynamic_exit_atr_target_1p0_ts4_vq0p95_bf0p5_ra1p2,0.75,2.0,30,require_no_stop_zone_touch_before_entry,"{""stop_zone_fraction"": 0.75}",delay_stop_zone_filter
m2k_1h_require_no_stop_zone_touch_before_entry_sm0p75_tm2p00_d30_sz1p00,M2K,1H,1min,dynamic_exit_atr_target_1p0_ts4_vq0p95_bf0p5_ra1p2,0.75,2.0,30,require_no_stop_zone_touch_before_entry,"{""stop_zone_fraction"": 1.0}",delay_stop_zone_filter
m2k_1h_avoid_immediate_adverse_move_sm0p75_tm2p00_d30_aw5_mt8,M2K,1H,1min,dynamic_exit_atr_target_1p0_ts4_vq0p95_bf0p5_ra1p2,0.75,2.0,30,avoid_immediate_adverse_move,"{""adverse_window_minutes"": 5, ""max_adverse_ticks"": 8}",delay_adverse_filter
m2k_1h_avoid_immediate_adverse_move_sm0p75_tm2p00_d30_aw5_mt12,M2K,1H,1min,dynamic_exit_atr_target_1p0_ts4_vq0p95_bf0p5_ra1p2,0.75,2.0,30,avoid_immediate_adverse_move,"{""adverse_window_minutes"": 5, ""max_adverse_ticks"": 12}",delay_adverse_filter
m2k_1h_avoid_immediate_adverse_move_sm0p75_tm2p00_d30_aw5_mt16,M2K,1H,1min,dynamic_exit_atr_target_1p0_ts4_vq0p95_bf0p5_ra1p2,0.75,2.0,30,avoid_immediate_adverse_move,"{""adverse_window_minutes"": 5, ""max_adverse_ticks"": 16}",delay_adverse_filter
m2k_1h_avoid_immediate_adverse_move_sm0p75_tm2p00_d30_aw10_mt8,M2K,1H,1min,dynamic_exit_atr_target_1p0_ts4_vq0p95_bf0p5_ra1p2,0.75,2.0,30,avoid_immediate_adverse_move,"{""adverse_window_minutes"": 10, ""max_adverse_ticks"": 8}",delay_adverse_filter
m2k_1h_avoid_immediate_adverse_move_sm0p75_tm2p00_d30_aw10_mt12,M2K,1H,1min,dynamic_exit_atr_target_1p0_ts4_vq0p95_bf0p5_ra1p2,0.75,2.0,30,avoid_immediate_adverse_move,"{""adverse_window_minutes"": 10, ""max_adverse_ticks"": 12}",delay_adverse_filter
m2k_1h_avoid_immediate_adverse_move_sm0p75_tm2p00_d30_aw10_mt16,M2K,1H,1min,dynamic_exit_atr_target_1p0_ts4_vq0p95_bf0p5_ra1p2,0.75,2.0,30,avoid_immediate_adverse_move,"{""adverse_window_minutes"": 10, ""max_adverse_ticks"": 16}",delay_adverse_filter
m2k_1h_require_no_stop_zone_touch_before_entry_sm0p75_tm2p50_d5_sz0p50,M2K,1H,1min,dynamic_exit_atr_target_1p0_ts4_vq0p95_bf0p5_ra1p2,0.75,2.5,5,require_no_stop_zone_touch_before_entry,"{""stop_zone_fraction"": 0.5}",delay_stop_zone_filter
m2k_1h_require_no_stop_zone_touch_before_entry_sm0p75_tm2p50_d5_sz0p75,M2K,1H,1min,dynamic_exit_atr_target_1p0_ts4_vq0p95_bf0p5_ra1p2,0.75,2.5,5,require_no_stop_zone_touch_before_entry,"{""stop_zone_fraction"": 0.75}",delay_stop_zone_filter
m2k_1h_require_no_stop_zone_touch_before_entry_sm0p75_tm2p50_d5_sz1p00,M2K,1H,1min,dynamic_exit_atr_target_1p0_ts4_vq0p95_bf0p5_ra1p2,0.75,2.5,5,require_no_stop_zone_touch_before_entry,"{""stop_zone_fraction"": 1.0}",delay_stop_zone_filter
m2k_1h_avoid_immediate_adverse_move_sm0p75_tm2p50_d5_aw5_mt8,M2K,1H,1min,dynamic_exit_atr_target_1p0_ts4_vq0p95_bf0p5_ra1p2,0.75,2.5,5,avoid_immediate_adverse_move,"{""adverse_window_minutes"": 5, ""max_adverse_ticks"": 8}",delay_adverse_filter
m2k_1h_avoid_immediate_adverse_move_sm0p75_tm2p50_d5_aw5_mt12,M2K,1H,1min,dynamic_exit_atr_target_1p0_ts4_vq0p95_bf0p5_ra1p2,0.75,2.5,5,avoid_immediate_adverse_move,"{""adverse_window_minutes"": 5, ""max_adverse_ticks"": 12}",delay_adverse_filter
m2k_1h_avoid_immediate_adverse_move_sm0p75_tm2p50_d5_aw5_mt16,M2K,1H,1min,dynamic_exit_atr_target_1p0_ts4_vq0p95_bf0p5_ra1p2,0.75,2.5,5,avoid_immediate_adverse_move,"{""adverse_window_minutes"": 5, ""max_adverse_ticks"": 16}",delay_adverse_filter
m2k_1h_require_no_stop_zone_touch_before_entry_sm0p75_tm2p50_d15_sz0p50,M2K,1H,1min,dynamic_exit_atr_target_1p0_ts4_vq0p95_bf0p5_ra1p2,0.75,2.5,15,require_no_stop_zone_touch_before_entry,"{""stop_zone_fraction"": 0.5}",delay_stop_zone_filter
m2k_1h_require_no_stop_zone_touch_before_entry_sm0p75_tm2p50_d15_sz0p75,M2K,1H,1min,dynamic_exit_atr_target_1p0_ts4_vq0p95_bf0p5_ra1p2,0.75,2.5,15,require_no_stop_zone_touch_before_entry,"{""stop_zone_fraction"": 0.75}",delay_stop_zone_filter
m2k_1h_require_no_stop_zone_touch_before_entry_sm0p75_tm2p50_d15_sz1p00,M2K,1H,1min,dynamic_exit_atr_target_1p0_ts4_vq0p95_bf0p5_ra1p2,0.75,2.5,15,require_no_stop_zone_touch_before_entry,"{""stop_zone_fraction"": 1.0}",delay_stop_zone_filter
m2k_1h_avoid_immediate_adverse_move_sm0p75_tm2p50_d15_aw5_mt8,M2K,1H,1min,dynamic_exit_atr_target_1p0_ts4_vq0p95_bf0p5_ra1p2,0.75,2.5,15,avoid_immediate_adverse_move,"{""adverse_window_minutes"": 5, ""max_adverse_ticks"": 8}",delay_adverse_filter
m2k_1h_avoid_immediate_adverse_move_sm0p75_tm2p50_d15_aw5_mt12,M2K,1H,1min,dynamic_exit_atr_target_1p0_ts4_vq0p95_bf0p5_ra1p2,0.75,2.5,15,avoid_immediate_adverse_move,"{""adverse_window_minutes"": 5, ""max_adverse_ticks"": 12}",delay_adverse_filter
m2k_1h_avoid_immediate_adverse_move_sm0p75_tm2p50_d15_aw5_mt16,M2K,1H,1min,dynamic_exit_atr_target_1p0_ts4_vq0p95_bf0p5_ra1p2,0.75,2.5,15,avoid_immediate_adverse_move,"{""adverse_window_minutes"": 5, ""max_adverse_ticks"": 16}",delay_adverse_filter
m2k_1h_avoid_immediate_adverse_move_sm0p75_tm2p50_d15_aw10_mt8,M2K,1H,1min,dynamic_exit_atr_target_1p0_ts4_vq0p95_bf0p5_ra1p2,0.75,2.5,15,avoid_immediate_adverse_move,"{""adverse_window_minutes"": 10, ""max_adverse_ticks"": 8}",delay_adverse_filter
m2k_1h_avoid_immediate_adverse_move_sm0p75_tm2p50_d15_aw10_mt12,M2K,1H,1min,dynamic_exit_atr_target_1p0_ts4_vq0p95_bf0p5_ra1p2,0.75,2.5,15,avoid_immediate_adverse_move,"{""adverse_window_minutes"": 10, ""max_adverse_ticks"": 12}",delay_adverse_filter
m2k_1h_avoid_immediate_adverse_move_sm0p75_tm2p50_d15_aw10_mt16,M2K,1H,1min,dynamic_exit_atr_target_1p0_ts4_vq0p95_bf0p5_ra1p2,0.75,2.5,15,avoid_immediate_adverse_move,"{""adverse_window_minutes"": 10, ""max_adverse_ticks"": 16}",delay_adverse_filter
m2k_1h_require_no_stop_zone_touch_before_entry_sm0p75_tm2p50_d30_sz0p50,M2K,1H,1min,dynamic_exit_atr_target_1p0_ts4_vq0p95_bf0p5_ra1p2,0.75,2.5,30,require_no_stop_zone_touch_before_entry,"{""stop_zone_fraction"": 0.5}",delay_stop_zone_filter
m2k_1h_require_no_stop_zone_touch_before_entry_sm0p75_tm2p50_d30_sz0p75,M2K,1H,1min,dynamic_exit_atr_target_1p0_ts4_vq0p95_bf0p5_ra1p2,0.75,2.5,30,require_no_stop_zone_touch_before_entry,"{""stop_zone_fraction"": 0.75}",delay_stop_zone_filter
m2k_1h_require_no_stop_zone_touch_before_entry_sm0p75_tm2p50_d30_sz1p00,M2K,1H,1min,dynamic_exit_atr_target_1p0_ts4_vq0p95_bf0p5_ra1p2,0.75,2.5,30,require_no_stop_zone_touch_before_entry,"{""stop_zone_fraction"": 1.0}",delay_stop_zone_filter
m2k_1h_avoid_immediate_adverse_move_sm0p75_tm2p50_d30_aw5_mt8,M2K,1H,1min,dynamic_exit_atr_target_1p0_ts4_vq0p95_bf0p5_ra1p2,0.75,2.5,30,avoid_immediate_adverse_move,"{""adverse_window_minutes"": 5, ""max_adverse_ticks"": 8}",delay_adverse_filter
m2k_1h_avoid_immediate_adverse_move_sm0p75_tm2p50_d30_aw5_mt12,M2K,1H,1min,dynamic_exit_atr_target_1p0_ts4_vq0p95_bf0p5_ra1p2,0.75,2.5,30,avoid_immediate_adverse_move,"{""adverse_window_minutes"": 5, ""max_adverse_ticks"": 12}",delay_adverse_filter
m2k_1h_avoid_immediate_adverse_move_sm0p75_tm2p50_d30_aw5_mt16,M2K,1H,1min,dynamic_exit_atr_target_1p0_ts4_vq0p95_bf0p5_ra1p2,0.75,2.5,30,avoid_immediate_adverse_move,"{""adverse_window_minutes"": 5, ""max_adverse_ticks"": 16}",delay_adverse_filter
m2k_1h_avoid_immediate_adverse_move_sm0p75_tm2p50_d30_aw10_mt8,M2K,1H,1min,dynamic_exit_atr_target_1p0_ts4_vq0p95_bf0p5_ra1p2,0.75,2.5,30,avoid_immediate_adverse_move,"{""adverse_window_minutes"": 10, ""max_adverse_ticks"": 8}",delay_adverse_filter
m2k_1h_avoid_immediate_adverse_move_sm0p75_tm2p50_d30_aw10_mt12,M2K,1H,1min,dynamic_exit_atr_target_1p0_ts4_vq0p95_bf0p5_ra1p2,0.75,2.5,30,avoid_immediate_adverse_move,"{""adverse_window_minutes"": 10, ""max_adverse_ticks"": 12}",delay_adverse_filter
m2k_1h_avoid_immediate_adverse_move_sm0p75_tm2p50_d30_aw10_mt16,M2K,1H,1min,dynamic_exit_atr_target_1p0_ts4_vq0p95_bf0p5_ra1p2,0.75,2.5,30,avoid_immediate_adverse_move,"{""adverse_window_minutes"": 10, ""max_adverse_ticks"": 16}",delay_adverse_filter
m2k_1h_require_no_stop_zone_touch_before_entry_sm0p75_tm3p00_d5_sz0p50,M2K,1H,1min,dynamic_exit_atr_target_1p0_ts4_vq0p95_bf0p5_ra1p2,0.75,3.0,5,require_no_stop_zone_touch_before_entry,"{""stop_zone_fraction"": 0.5}",delay_stop_zone_filter
m2k_1h_require_no_stop_zone_touch_before_entry_sm0p75_tm3p00_d5_sz0p75,M2K,1H,1min,dynamic_exit_atr_target_1p0_ts4_vq0p95_bf0p5_ra1p2,0.75,3.0,5,require_no_stop_zone_touch_before_entry,"{""stop_zone_fraction"": 0.75}",delay_stop_zone_filter
m2k_1h_require_no_stop_zone_touch_before_entry_sm0p75_tm3p00_d5_sz1p00,M2K,1H,1min,dynamic_exit_atr_target_1p0_ts4_vq0p95_bf0p5_ra1p2,0.75,3.0,5,require_no_stop_zone_touch_before_entry,"{""stop_zone_fraction"": 1.0}",delay_stop_zone_filter
m2k_1h_avoid_immediate_adverse_move_sm0p75_tm3p00_d5_aw5_mt8,M2K,1H,1min,dynamic_exit_atr_target_1p0_ts4_vq0p95_bf0p5_ra1p2,0.75,3.0,5,avoid_immediate_adverse_move,"{""adverse_window_minutes"": 5, ""max_adverse_ticks"": 8}",delay_adverse_filter
m2k_1h_avoid_immediate_adverse_move_sm0p75_tm3p00_d5_aw5_mt12,M2K,1H,1min,dynamic_exit_atr_target_1p0_ts4_vq0p95_bf0p5_ra1p2,0.75,3.0,5,avoid_immediate_adverse_move,"{""adverse_window_minutes"": 5, ""max_adverse_ticks"": 12}",delay_adverse_filter
m2k_1h_avoid_immediate_adverse_move_sm0p75_tm3p00_d5_aw5_mt16,M2K,1H,1min,dynamic_exit_atr_target_1p0_ts4_vq0p95_bf0p5_ra1p2,0.75,3.0,5,avoid_immediate_adverse_move,"{""adverse_window_minutes"": 5, ""max_adverse_ticks"": 16}",delay_adverse_filter
m2k_1h_require_no_stop_zone_touch_before_entry_sm0p75_tm3p00_d15_sz0p50,M2K,1H,1min,dynamic_exit_atr_target_1p0_ts4_vq0p95_bf0p5_ra1p2,0.75,3.0,15,require_no_stop_zone_touch_before_entry,"{""stop_zone_fraction"": 0.5}",delay_stop_zone_filter
m2k_1h_require_no_stop_zone_touch_before_entry_sm0p75_tm3p00_d15_sz0p75,M2K,1H,1min,dynamic_exit_atr_target_1p0_ts4_vq0p95_bf0p5_ra1p2,0.75,3.0,15,require_no_stop_zone_touch_before_entry,"{""stop_zone_fraction"": 0.75}",delay_stop_zone_filter
m2k_1h_require_no_stop_zone_touch_before_entry_sm0p75_tm3p00_d15_sz1p00,M2K,1H,1min,dynamic_exit_atr_target_1p0_ts4_vq0p95_bf0p5_ra1p2,0.75,3.0,15,require_no_stop_zone_touch_before_entry,"{""stop_zone_fraction"": 1.0}",delay_stop_zone_filter
m2k_1h_avoid_immediate_adverse_move_sm0p75_tm3p00_d15_aw5_mt8,M2K,1H,1min,dynamic_exit_atr_target_1p0_ts4_vq0p95_bf0p5_ra1p2,0.75,3.0,15,avoid_immediate_adverse_move,"{""adverse_window_minutes"": 5, ""max_adverse_ticks"": 8}",delay_adverse_filter
m2k_1h_avoid_immediate_adverse_move_sm0p75_tm3p00_d15_aw5_mt12,M2K,1H,1min,dynamic_exit_atr_target_1p0_ts4_vq0p95_bf0p5_ra1p2,0.75,3.0,15,avoid_immediate_adverse_move,"{""adverse_window_minutes"": 5, ""max_adverse_ticks"": 12}",delay_adverse_filter
m2k_1h_avoid_immediate_adverse_move_sm0p75_tm3p00_d15_aw5_mt16,M2K,1H,1min,dynamic_exit_atr_target_1p0_ts4_vq0p95_bf0p5_ra1p2,0.75,3.0,15,avoid_immediate_adverse_move,"{""adverse_window_minutes"": 5, ""max_adverse_ticks"": 16}",delay_adverse_filter
m2k_1h_avoid_immediate_adverse_move_sm0p75_tm3p00_d15_aw10_mt8,M2K,1H,1min,dynamic_exit_atr_target_1p0_ts4_vq0p95_bf0p5_ra1p2,0.75,3.0,15,avoid_immediate_adverse_move,"{""adverse_window_minutes"": 10, ""max_adverse_ticks"": 8}",delay_adverse_filter
m2k_1h_avoid_immediate_adverse_move_sm0p75_tm3p00_d15_aw10_mt12,M2K,1H,1min,dynamic_exit_atr_target_1p0_ts4_vq0p95_bf0p5_ra1p2,0.75,3.0,15,avoid_immediate_adverse_move,"{""adverse_window_minutes"": 10, ""max_adverse_ticks"": 12}",delay_adverse_filter
m2k_1h_avoid_immediate_adverse_move_sm0p75_tm3p00_d15_aw10_mt16,M2K,1H,1min,dynamic_exit_atr_target_1p0_ts4_vq0p95_bf0p5_ra1p2,0.75,3.0,15,avoid_immediate_adverse_move,"{""adverse_window_minutes"": 10, ""max_adverse_ticks"": 16}",delay_adverse_filter
m2k_1h_require_no_stop_zone_touch_before_entry_sm0p75_tm3p00_d30_sz0p50,M2K,1H,1min,dynamic_exit_atr_target_1p0_ts4_vq0p95_bf0p5_ra1p2,0.75,3.0,30,require_no_stop_zone_touch_before_entry,"{""stop_zone_fraction"": 0.5}",delay_stop_zone_filter
m2k_1h_require_no_stop_zone_touch_before_entry_sm0p75_tm3p00_d30_sz0p75,M2K,1H,1min,dynamic_exit_atr_target_1p0_ts4_vq0p95_bf0p5_ra1p2,0.75,3.0,30,require_no_stop_zone_touch_before_entry,"{""stop_zone_fraction"": 0.75}",delay_stop_zone_filter
m2k_1h_require_no_stop_zone_touch_before_entry_sm0p75_tm3p00_d30_sz1p00,M2K,1H,1min,dynamic_exit_atr_target_1p0_ts4_vq0p95_bf0p5_ra1p2,0.75,3.0,30,require_no_stop_zone_touch_before_entry,"{""stop_zone_fraction"": 1.0}",delay_stop_zone_filter
m2k_1h_avoid_immediate_adverse_move_sm0p75_tm3p00_d30_aw5_mt8,M2K,1H,1min,dynamic_exit_atr_target_1p0_ts4_vq0p95_bf0p5_ra1p2,0.75,3.0,30,avoid_immediate_adverse_move,"{""adverse_window_minutes"": 5, ""max_adverse_ticks"": 8}",delay_adverse_filter
m2k_1h_avoid_immediate_adverse_move_sm0p75_tm3p00_d30_aw5_mt12,M2K,1H,1min,dynamic_exit_atr_target_1p0_ts4_vq0p95_bf0p5_ra1p2,0.75,3.0,30,avoid_immediate_adverse_move,"{""adverse_window_minutes"": 5, ""max_adverse_ticks"": 12}",delay_adverse_filter
m2k_1h_avoid_immediate_adverse_move_sm0p75_tm3p00_d30_aw5_mt16,M2K,1H,1min,dynamic_exit_atr_target_1p0_ts4_vq0p95_bf0p5_ra1p2,0.75,3.0,30,avoid_immediate_adverse_move,"{""adverse_window_minutes"": 5, ""max_adverse_ticks"": 16}",delay_adverse_filter
m2k_1h_avoid_immediate_adverse_move_sm0p75_tm3p00_d30_aw10_mt8,M2K,1H,1min,dynamic_exit_atr_target_1p0_ts4_vq0p95_bf0p5_ra1p2,0.75,3.0,30,avoid_immediate_adverse_move,"{""adverse_window_minutes"": 10, ""max_adverse_ticks"": 8}",delay_adverse_filter
m2k_1h_avoid_immediate_adverse_move_sm0p75_tm3p00_d30_aw10_mt12,M2K,1H,1min,dynamic_exit_atr_target_1p0_ts4_vq0p95_bf0p5_ra1p2,0.75,3.0,30,avoid_immediate_adverse_move,"{""adverse_window_minutes"": 10, ""max_adverse_ticks"": 12}",delay_adverse_filter
m2k_1h_avoid_immediate_adverse_move_sm0p75_tm3p00_d30_aw10_mt16,M2K,1H,1min,dynamic_exit_atr_target_1p0_ts4_vq0p95_bf0p5_ra1p2,0.75,3.0,30,avoid_immediate_adverse_move,"{""adverse_window_minutes"": 10, ""max_adverse_ticks"": 16}",delay_adverse_filter
m2k_1h_require_no_stop_zone_touch_before_entry_sm1p00_tm2p00_d5_sz0p50,M2K,1H,1min,dynamic_exit_atr_target_1p0_ts4_vq0p95_bf0p5_ra1p2,1.0,2.0,5,require_no_stop_zone_touch_before_entry,"{""stop_zone_fraction"": 0.5}",delay_stop_zone_filter
m2k_1h_require_no_stop_zone_touch_before_entry_sm1p00_tm2p00_d5_sz0p75,M2K,1H,1min,dynamic_exit_atr_target_1p0_ts4_vq0p95_bf0p5_ra1p2,1.0,2.0,5,require_no_stop_zone_touch_before_entry,"{""stop_zone_fraction"": 0.75}",delay_stop_zone_filter
m2k_1h_require_no_stop_zone_touch_before_entry_sm1p00_tm2p00_d5_sz1p00,M2K,1H,1min,dynamic_exit_atr_target_1p0_ts4_vq0p95_bf0p5_ra1p2,1.0,2.0,5,require_no_stop_zone_touch_before_entry,"{""stop_zone_fraction"": 1.0}",delay_stop_zone_filter
m2k_1h_avoid_immediate_adverse_move_sm1p00_tm2p00_d5_aw5_mt8,M2K,1H,1min,dynamic_exit_atr_target_1p0_ts4_vq0p95_bf0p5_ra1p2,1.0,2.0,5,avoid_immediate_adverse_move,"{""adverse_window_minutes"": 5, ""max_adverse_ticks"": 8}",delay_adverse_filter
m2k_1h_avoid_immediate_adverse_move_sm1p00_tm2p00_d5_aw5_mt12,M2K,1H,1min,dynamic_exit_atr_target_1p0_ts4_vq0p95_bf0p5_ra1p2,1.0,2.0,5,avoid_immediate_adverse_move,"{""adverse_window_minutes"": 5, ""max_adverse_ticks"": 12}",delay_adverse_filter
m2k_1h_avoid_immediate_adverse_move_sm1p00_tm2p00_d5_aw5_mt16,M2K,1H,1min,dynamic_exit_atr_target_1p0_ts4_vq0p95_bf0p5_ra1p2,1.0,2.0,5,avoid_immediate_adverse_move,"{""adverse_window_minutes"": 5, ""max_adverse_ticks"": 16}",delay_adverse_filter
m2k_1h_require_no_stop_zone_touch_before_entry_sm1p00_tm2p00_d15_sz0p50,M2K,1H,1min,dynamic_exit_atr_target_1p0_ts4_vq0p95_bf0p5_ra1p2,1.0,2.0,15,require_no_stop_zone_touch_before_entry,"{""stop_zone_fraction"": 0.5}",delay_stop_zone_filter
m2k_1h_require_no_stop_zone_touch_before_entry_sm1p00_tm2p00_d15_sz0p75,M2K,1H,1min,dynamic_exit_atr_target_1p0_ts4_vq0p95_bf0p5_ra1p2,1.0,2.0,15,require_no_stop_zone_touch_before_entry,"{""stop_zone_fraction"": 0.75}",delay_stop_zone_filter
m2k_1h_require_no_stop_zone_touch_before_entry_sm1p00_tm2p00_d15_sz1p00,M2K,1H,1min,dynamic_exit_atr_target_1p0_ts4_vq0p95_bf0p5_ra1p2,1.0,2.0,15,require_no_stop_zone_touch_before_entry,"{""stop_zone_fraction"": 1.0}",delay_stop_zone_filter
m2k_1h_avoid_immediate_adverse_move_sm1p00_tm2p00_d15_aw5_mt8,M2K,1H,1min,dynamic_exit_atr_target_1p0_ts4_vq0p95_bf0p5_ra1p2,1.0,2.0,15,avoid_immediate_adverse_move,"{""adverse_window_minutes"": 5, ""max_adverse_ticks"": 8}",delay_adverse_filter
m2k_1h_avoid_immediate_adverse_move_sm1p00_tm2p00_d15_aw5_mt12,M2K,1H,1min,dynamic_exit_atr_target_1p0_ts4_vq0p95_bf0p5_ra1p2,1.0,2.0,15,avoid_immediate_adverse_move,"{""adverse_window_minutes"": 5, ""max_adverse_ticks"": 12}",delay_adverse_filter
m2k_1h_avoid_immediate_adverse_move_sm1p00_tm2p00_d15_aw5_mt16,M2K,1H,1min,dynamic_exit_atr_target_1p0_ts4_vq0p95_bf0p5_ra1p2,1.0,2.0,15,avoid_immediate_adverse_move,"{""adverse_window_minutes"": 5, ""max_adverse_ticks"": 16}",delay_adverse_filter
m2k_1h_avoid_immediate_adverse_move_sm1p00_tm2p00_d15_aw10_mt8,M2K,1H,1min,dynamic_exit_atr_target_1p0_ts4_vq0p95_bf0p5_ra1p2,1.0,2.0,15,avoid_immediate_adverse_move,"{""adverse_window_minutes"": 10, ""max_adverse_ticks"": 8}",delay_adverse_filter
m2k_1h_avoid_immediate_adverse_move_sm1p00_tm2p00_d15_aw10_mt12,M2K,1H,1min,dynamic_exit_atr_target_1p0_ts4_vq0p95_bf0p5_ra1p2,1.0,2.0,15,avoid_immediate_adverse_move,"{""adverse_window_minutes"": 10, ""max_adverse_ticks"": 12}",delay_adverse_filter
m2k_1h_avoid_immediate_adverse_move_sm1p00_tm2p00_d15_aw10_mt16,M2K,1H,1min,dynamic_exit_atr_target_1p0_ts4_vq0p95_bf0p5_ra1p2,1.0,2.0,15,avoid_immediate_adverse_move,"{""adverse_window_minutes"": 10, ""max_adverse_ticks"": 16}",delay_adverse_filter
m2k_1h_require_no_stop_zone_touch_before_entry_sm1p00_tm2p00_d30_sz0p50,M2K,1H,1min,dynamic_exit_atr_target_1p0_ts4_vq0p95_bf0p5_ra1p2,1.0,2.0,30,require_no_stop_zone_touch_before_entry,"{""stop_zone_fraction"": 0.5}",delay_stop_zone_filter
m2k_1h_require_no_stop_zone_touch_before_entry_sm1p00_tm2p00_d30_sz0p75,M2K,1H,1min,dynamic_exit_atr_target_1p0_ts4_vq0p95_bf0p5_ra1p2,1.0,2.0,30,require_no_stop_zone_touch_before_entry,"{""stop_zone_fraction"": 0.75}",delay_stop_zone_filter
m2k_1h_require_no_stop_zone_touch_before_entry_sm1p00_tm2p00_d30_sz1p00,M2K,1H,1min,dynamic_exit_atr_target_1p0_ts4_vq0p95_bf0p5_ra1p2,1.0,2.0,30,require_no_stop_zone_touch_before_entry,"{""stop_zone_fraction"": 1.0}",delay_stop_zone_filter
m2k_1h_avoid_immediate_adverse_move_sm1p00_tm2p00_d30_aw5_mt8,M2K,1H,1min,dynamic_exit_atr_target_1p0_ts4_vq0p95_bf0p5_ra1p2,1.0,2.0,30,avoid_immediate_adverse_move,"{""adverse_window_minutes"": 5, ""max_adverse_ticks"": 8}",delay_adverse_filter
m2k_1h_avoid_immediate_adverse_move_sm1p00_tm2p00_d30_aw5_mt12,M2K,1H,1min,dynamic_exit_atr_target_1p0_ts4_vq0p95_bf0p5_ra1p2,1.0,2.0,30,avoid_immediate_adverse_move,"{""adverse_window_minutes"": 5, ""max_adverse_ticks"": 12}",delay_adverse_filter
m2k_1h_avoid_immediate_adverse_move_sm1p00_tm2p00_d30_aw5_mt16,M2K,1H,1min,dynamic_exit_atr_target_1p0_ts4_vq0p95_bf0p5_ra1p2,1.0,2.0,30,avoid_immediate_adverse_move,"{""adverse_window_minutes"": 5, ""max_adverse_ticks"": 16}",delay_adverse_filter
m2k_1h_avoid_immediate_adverse_move_sm1p00_tm2p00_d30_aw10_mt8,M2K,1H,1min,dynamic_exit_atr_target_1p0_ts4_vq0p95_bf0p5_ra1p2,1.0,2.0,30,avoid_immediate_adverse_move,"{""adverse_window_minutes"": 10, ""max_adverse_ticks"": 8}",delay_adverse_filter
m2k_1h_avoid_immediate_adverse_move_sm1p00_tm2p00_d30_aw10_mt12,M2K,1H,1min,dynamic_exit_atr_target_1p0_ts4_vq0p95_bf0p5_ra1p2,1.0,2.0,30,avoid_immediate_adverse_move,"{""adverse_window_minutes"": 10, ""max_adverse_ticks"": 12}",delay_adverse_filter
m2k_1h_avoid_immediate_adverse_move_sm1p00_tm2p00_d30_aw10_mt16,M2K,1H,1min,dynamic_exit_atr_target_1p0_ts4_vq0p95_bf0p5_ra1p2,1.0,2.0,30,avoid_immediate_adverse_move,"{""adverse_window_minutes"": 10, ""max_adverse_ticks"": 16}",delay_adverse_filter
m2k_1h_require_no_stop_zone_touch_before_entry_sm1p00_tm2p50_d5_sz0p50,M2K,1H,1min,dynamic_exit_atr_target_1p0_ts4_vq0p95_bf0p5_ra1p2,1.0,2.5,5,require_no_stop_zone_touch_before_entry,"{""stop_zone_fraction"": 0.5}",delay_stop_zone_filter
m2k_1h_require_no_stop_zone_touch_before_entry_sm1p00_tm2p50_d5_sz0p75,M2K,1H,1min,dynamic_exit_atr_target_1p0_ts4_vq0p95_bf0p5_ra1p2,1.0,2.5,5,require_no_stop_zone_touch_before_entry,"{""stop_zone_fraction"": 0.75}",delay_stop_zone_filter
m2k_1h_require_no_stop_zone_touch_before_entry_sm1p00_tm2p50_d5_sz1p00,M2K,1H,1min,dynamic_exit_atr_target_1p0_ts4_vq0p95_bf0p5_ra1p2,1.0,2.5,5,require_no_stop_zone_touch_before_entry,"{""stop_zone_fraction"": 1.0}",delay_stop_zone_filter
m2k_1h_avoid_immediate_adverse_move_sm1p00_tm2p50_d5_aw5_mt8,M2K,1H,1min,dynamic_exit_atr_target_1p0_ts4_vq0p95_bf0p5_ra1p2,1.0,2.5,5,avoid_immediate_adverse_move,"{""adverse_window_minutes"": 5, ""max_adverse_ticks"": 8}",delay_adverse_filter
m2k_1h_avoid_immediate_adverse_move_sm1p00_tm2p50_d5_aw5_mt12,M2K,1H,1min,dynamic_exit_atr_target_1p0_ts4_vq0p95_bf0p5_ra1p2,1.0,2.5,5,avoid_immediate_adverse_move,"{""adverse_window_minutes"": 5, ""max_adverse_ticks"": 12}",delay_adverse_filter
m2k_1h_avoid_immediate_adverse_move_sm1p00_tm2p50_d5_aw5_mt16,M2K,1H,1min,dynamic_exit_atr_target_1p0_ts4_vq0p95_bf0p5_ra1p2,1.0,2.5,5,avoid_immediate_adverse_move,"{""adverse_window_minutes"": 5, ""max_adverse_ticks"": 16}",delay_adverse_filter
m2k_1h_require_no_stop_zone_touch_before_entry_sm1p00_tm2p50_d15_sz0p50,M2K,1H,1min,dynamic_exit_atr_target_1p0_ts4_vq0p95_bf0p5_ra1p2,1.0,2.5,15,require_no_stop_zone_touch_before_entry,"{""stop_zone_fraction"": 0.5}",delay_stop_zone_filter
m2k_1h_require_no_stop_zone_touch_before_entry_sm1p00_tm2p50_d15_sz0p75,M2K,1H,1min,dynamic_exit_atr_target_1p0_ts4_vq0p95_bf0p5_ra1p2,1.0,2.5,15,require_no_stop_zone_touch_before_entry,"{""stop_zone_fraction"": 0.75}",delay_stop_zone_filter
m2k_1h_require_no_stop_zone_touch_before_entry_sm1p00_tm2p50_d15_sz1p00,M2K,1H,1min,dynamic_exit_atr_target_1p0_ts4_vq0p95_bf0p5_ra1p2,1.0,2.5,15,require_no_stop_zone_touch_before_entry,"{""stop_zone_fraction"": 1.0}",delay_stop_zone_filter
m2k_1h_avoid_immediate_adverse_move_sm1p00_tm2p50_d15_aw5_mt8,M2K,1H,1min,dynamic_exit_atr_target_1p0_ts4_vq0p95_bf0p5_ra1p2,1.0,2.5,15,avoid_immediate_adverse_move,"{""adverse_window_minutes"": 5, ""max_adverse_ticks"": 8}",delay_adverse_filter
m2k_1h_avoid_immediate_adverse_move_sm1p00_tm2p50_d15_aw5_mt12,M2K,1H,1min,dynamic_exit_atr_target_1p0_ts4_vq0p95_bf0p5_ra1p2,1.0,2.5,15,avoid_immediate_adverse_move,"{""adverse_window_minutes"": 5, ""max_adverse_ticks"": 12}",delay_adverse_filter
m2k_1h_avoid_immediate_adverse_move_sm1p00_tm2p50_d15_aw5_mt16,M2K,1H,1min,dynamic_exit_atr_target_1p0_ts4_vq0p95_bf0p5_ra1p2,1.0,2.5,15,avoid_immediate_adverse_move,"{""adverse_window_minutes"": 5, ""max_adverse_ticks"": 16}",delay_adverse_filter
m2k_1h_avoid_immediate_adverse_move_sm1p00_tm2p50_d15_aw10_mt8,M2K,1H,1min,dynamic_exit_atr_target_1p0_ts4_vq0p95_bf0p5_ra1p2,1.0,2.5,15,avoid_immediate_adverse_move,"{""adverse_window_minutes"": 10, ""max_adverse_ticks"": 8}",delay_adverse_filter
m2k_1h_avoid_immediate_adverse_move_sm1p00_tm2p50_d15_aw10_mt12,M2K,1H,1min,dynamic_exit_atr_target_1p0_ts4_vq0p95_bf0p5_ra1p2,1.0,2.5,15,avoid_immediate_adverse_move,"{""adverse_window_minutes"": 10, ""max_adverse_ticks"": 12}",delay_adverse_filter
m2k_1h_avoid_immediate_adverse_move_sm1p00_tm2p50_d15_aw10_mt16,M2K,1H,1min,dynamic_exit_atr_target_1p0_ts4_vq0p95_bf0p5_ra1p2,1.0,2.5,15,avoid_immediate_adverse_move,"{""adverse_window_minutes"": 10, ""max_adverse_ticks"": 16}",delay_adverse_filter
m2k_1h_require_no_stop_zone_touch_before_entry_sm1p00_tm2p50_d30_sz0p50,M2K,1H,1min,dynamic_exit_atr_target_1p0_ts4_vq0p95_bf0p5_ra1p2,1.0,2.5,30,require_no_stop_zone_touch_before_entry,"{""stop_zone_fraction"": 0.5}",delay_stop_zone_filter
m2k_1h_require_no_stop_zone_touch_before_entry_sm1p00_tm2p50_d30_sz0p75,M2K,1H,1min,dynamic_exit_atr_target_1p0_ts4_vq0p95_bf0p5_ra1p2,1.0,2.5,30,require_no_stop_zone_touch_before_entry,"{""stop_zone_fraction"": 0.75}",delay_stop_zone_filter
m2k_1h_require_no_stop_zone_touch_before_entry_sm1p00_tm2p50_d30_sz1p00,M2K,1H,1min,dynamic_exit_atr_target_1p0_ts4_vq0p95_bf0p5_ra1p2,1.0,2.5,30,require_no_stop_zone_touch_before_entry,"{""stop_zone_fraction"": 1.0}",delay_stop_zone_filter
m2k_1h_avoid_immediate_adverse_move_sm1p00_tm2p50_d30_aw5_mt8,M2K,1H,1min,dynamic_exit_atr_target_1p0_ts4_vq0p95_bf0p5_ra1p2,1.0,2.5,30,avoid_immediate_adverse_move,"{""adverse_window_minutes"": 5, ""max_adverse_ticks"": 8}",delay_adverse_filter
m2k_1h_avoid_immediate_adverse_move_sm1p00_tm2p50_d30_aw5_mt12,M2K,1H,1min,dynamic_exit_atr_target_1p0_ts4_vq0p95_bf0p5_ra1p2,1.0,2.5,30,avoid_immediate_adverse_move,"{""adverse_window_minutes"": 5, ""max_adverse_ticks"": 12}",delay_adverse_filter
m2k_1h_avoid_immediate_adverse_move_sm1p00_tm2p50_d30_aw5_mt16,M2K,1H,1min,dynamic_exit_atr_target_1p0_ts4_vq0p95_bf0p5_ra1p2,1.0,2.5,30,avoid_immediate_adverse_move,"{""adverse_window_minutes"": 5, ""max_adverse_ticks"": 16}",delay_adverse_filter
m2k_1h_avoid_immediate_adverse_move_sm1p00_tm2p50_d30_aw10_mt8,M2K,1H,1min,dynamic_exit_atr_target_1p0_ts4_vq0p95_bf0p5_ra1p2,1.0,2.5,30,avoid_immediate_adverse_move,"{""adverse_window_minutes"": 10, ""max_adverse_ticks"": 8}",delay_adverse_filter
m2k_1h_avoid_immediate_adverse_move_sm1p00_tm2p50_d30_aw10_mt12,M2K,1H,1min,dynamic_exit_atr_target_1p0_ts4_vq0p95_bf0p5_ra1p2,1.0,2.5,30,avoid_immediate_adverse_move,"{""adverse_window_minutes"": 10, ""max_adverse_ticks"": 12}",delay_adverse_filter
m2k_1h_avoid_immediate_adverse_move_sm1p00_tm2p50_d30_aw10_mt16,M2K,1H,1min,dynamic_exit_atr_target_1p0_ts4_vq0p95_bf0p5_ra1p2,1.0,2.5,30,avoid_immediate_adverse_move,"{""adverse_window_minutes"": 10, ""max_adverse_ticks"": 16}",delay_adverse_filter
m2k_1h_require_no_stop_zone_touch_before_entry_sm1p00_tm3p00_d5_sz0p50,M2K,1H,1min,dynamic_exit_atr_target_1p0_ts4_vq0p95_bf0p5_ra1p2,1.0,3.0,5,require_no_stop_zone_touch_before_entry,"{""stop_zone_fraction"": 0.5}",delay_stop_zone_filter
m2k_1h_require_no_stop_zone_touch_before_entry_sm1p00_tm3p00_d5_sz0p75,M2K,1H,1min,dynamic_exit_atr_target_1p0_ts4_vq0p95_bf0p5_ra1p2,1.0,3.0,5,require_no_stop_zone_touch_before_entry,"{""stop_zone_fraction"": 0.75}",delay_stop_zone_filter
m2k_1h_require_no_stop_zone_touch_before_entry_sm1p00_tm3p00_d5_sz1p00,M2K,1H,1min,dynamic_exit_atr_target_1p0_ts4_vq0p95_bf0p5_ra1p2,1.0,3.0,5,require_no_stop_zone_touch_before_entry,"{""stop_zone_fraction"": 1.0}",delay_stop_zone_filter
m2k_1h_avoid_immediate_adverse_move_sm1p00_tm3p00_d5_aw5_mt8,M2K,1H,1min,dynamic_exit_atr_target_1p0_ts4_vq0p95_bf0p5_ra1p2,1.0,3.0,5,avoid_immediate_adverse_move,"{""adverse_window_minutes"": 5, ""max_adverse_ticks"": 8}",delay_adverse_filter
m2k_1h_avoid_immediate_adverse_move_sm1p00_tm3p00_d5_aw5_mt12,M2K,1H,1min,dynamic_exit_atr_target_1p0_ts4_vq0p95_bf0p5_ra1p2,1.0,3.0,5,avoid_immediate_adverse_move,"{""adverse_window_minutes"": 5, ""max_adverse_ticks"": 12}",delay_adverse_filter
m2k_1h_avoid_immediate_adverse_move_sm1p00_tm3p00_d5_aw5_mt16,M2K,1H,1min,dynamic_exit_atr_target_1p0_ts4_vq0p95_bf0p5_ra1p2,1.0,3.0,5,avoid_immediate_adverse_move,"{""adverse_window_minutes"": 5, ""max_adverse_ticks"": 16}",delay_adverse_filter
m2k_1h_require_no_stop_zone_touch_before_entry_sm1p00_tm3p00_d15_sz0p50,M2K,1H,1min,dynamic_exit_atr_target_1p0_ts4_vq0p95_bf0p5_ra1p2,1.0,3.0,15,require_no_stop_zone_touch_before_entry,"{""stop_zone_fraction"": 0.5}",delay_stop_zone_filter
m2k_1h_require_no_stop_zone_touch_before_entry_sm1p00_tm3p00_d15_sz0p75,M2K,1H,1min,dynamic_exit_atr_target_1p0_ts4_vq0p95_bf0p5_ra1p2,1.0,3.0,15,require_no_stop_zone_touch_before_entry,"{""stop_zone_fraction"": 0.75}",delay_stop_zone_filter
m2k_1h_require_no_stop_zone_touch_before_entry_sm1p00_tm3p00_d15_sz1p00,M2K,1H,1min,dynamic_exit_atr_target_1p0_ts4_vq0p95_bf0p5_ra1p2,1.0,3.0,15,require_no_stop_zone_touch_before_entry,"{""stop_zone_fraction"": 1.0}",delay_stop_zone_filter
m2k_1h_avoid_immediate_adverse_move_sm1p00_tm3p00_d15_aw5_mt8,M2K,1H,1min,dynamic_exit_atr_target_1p0_ts4_vq0p95_bf0p5_ra1p2,1.0,3.0,15,avoid_immediate_adverse_move,"{""adverse_window_minutes"": 5, ""max_adverse_ticks"": 8}",delay_adverse_filter
m2k_1h_avoid_immediate_adverse_move_sm1p00_tm3p00_d15_aw5_mt12,M2K,1H,1min,dynamic_exit_atr_target_1p0_ts4_vq0p95_bf0p5_ra1p2,1.0,3.0,15,avoid_immediate_adverse_move,"{""adverse_window_minutes"": 5, ""max_adverse_ticks"": 12}",delay_adverse_filter
m2k_1h_avoid_immediate_adverse_move_sm1p00_tm3p00_d15_aw5_mt16,M2K,1H,1min,dynamic_exit_atr_target_1p0_ts4_vq0p95_bf0p5_ra1p2,1.0,3.0,15,avoid_immediate_adverse_move,"{""adverse_window_minutes"": 5, ""max_adverse_ticks"": 16}",delay_adverse_filter
m2k_1h_avoid_immediate_adverse_move_sm1p00_tm3p00_d15_aw10_mt8,M2K,1H,1min,dynamic_exit_atr_target_1p0_ts4_vq0p95_bf0p5_ra1p2,1.0,3.0,15,avoid_immediate_adverse_move,"{""adverse_window_minutes"": 10, ""max_adverse_ticks"": 8}",delay_adverse_filter
m2k_1h_avoid_immediate_adverse_move_sm1p00_tm3p00_d15_aw10_mt12,M2K,1H,1min,dynamic_exit_atr_target_1p0_ts4_vq0p95_bf0p5_ra1p2,1.0,3.0,15,avoid_immediate_adverse_move,"{""adverse_window_minutes"": 10, ""max_adverse_ticks"": 12}",delay_adverse_filter
m2k_1h_avoid_immediate_adverse_move_sm1p00_tm3p00_d15_aw10_mt16,M2K,1H,1min,dynamic_exit_atr_target_1p0_ts4_vq0p95_bf0p5_ra1p2,1.0,3.0,15,avoid_immediate_adverse_move,"{""adverse_window_minutes"": 10, ""max_adverse_ticks"": 16}",delay_adverse_filter
m2k_1h_require_no_stop_zone_touch_before_entry_sm1p00_tm3p00_d30_sz0p50,M2K,1H,1min,dynamic_exit_atr_target_1p0_ts4_vq0p95_bf0p5_ra1p2,1.0,3.0,30,require_no_stop_zone_touch_before_entry,"{""stop_zone_fraction"": 0.5}",delay_stop_zone_filter
m2k_1h_require_no_stop_zone_touch_before_entry_sm1p00_tm3p00_d30_sz0p75,M2K,1H,1min,dynamic_exit_atr_target_1p0_ts4_vq0p95_bf0p5_ra1p2,1.0,3.0,30,require_no_stop_zone_touch_before_entry,"{""stop_zone_fraction"": 0.75}",delay_stop_zone_filter
m2k_1h_require_no_stop_zone_touch_before_entry_sm1p00_tm3p00_d30_sz1p00,M2K,1H,1min,dynamic_exit_atr_target_1p0_ts4_vq0p95_bf0p5_ra1p2,1.0,3.0,30,require_no_stop_zone_touch_before_entry,"{""stop_zone_fraction"": 1.0}",delay_stop_zone_filter
m2k_1h_avoid_immediate_adverse_move_sm1p00_tm3p00_d30_aw5_mt8,M2K,1H,1min,dynamic_exit_atr_target_1p0_ts4_vq0p95_bf0p5_ra1p2,1.0,3.0,30,avoid_immediate_adverse_move,"{""adverse_window_minutes"": 5, ""max_adverse_ticks"": 8}",delay_adverse_filter
m2k_1h_avoid_immediate_adverse_move_sm1p00_tm3p00_d30_aw5_mt12,M2K,1H,1min,dynamic_exit_atr_target_1p0_ts4_vq0p95_bf0p5_ra1p2,1.0,3.0,30,avoid_immediate_adverse_move,"{""adverse_window_minutes"": 5, ""max_adverse_ticks"": 12}",delay_adverse_filter
m2k_1h_avoid_immediate_adverse_move_sm1p00_tm3p00_d30_aw5_mt16,M2K,1H,1min,dynamic_exit_atr_target_1p0_ts4_vq0p95_bf0p5_ra1p2,1.0,3.0,30,avoid_immediate_adverse_move,"{""adverse_window_minutes"": 5, ""max_adverse_ticks"": 16}",delay_adverse_filter
m2k_1h_avoid_immediate_adverse_move_sm1p00_tm3p00_d30_aw10_mt8,M2K,1H,1min,dynamic_exit_atr_target_1p0_ts4_vq0p95_bf0p5_ra1p2,1.0,3.0,30,avoid_immediate_adverse_move,"{""adverse_window_minutes"": 10, ""max_adverse_ticks"": 8}",delay_adverse_filter
m2k_1h_avoid_immediate_adverse_move_sm1p00_tm3p00_d30_aw10_mt12,M2K,1H,1min,dynamic_exit_atr_target_1p0_ts4_vq0p95_bf0p5_ra1p2,1.0,3.0,30,avoid_immediate_adverse_move,"{""adverse_window_minutes"": 10, ""max_adverse_ticks"": 12}",delay_adverse_filter
m2k_1h_avoid_immediate_adverse_move_sm1p00_tm3p00_d30_aw10_mt16,M2K,1H,1min,dynamic_exit_atr_target_1p0_ts4_vq0p95_bf0p5_ra1p2,1.0,3.0,30,avoid_immediate_adverse_move,"{""adverse_window_minutes"": 10, ""max_adverse_ticks"": 16}",delay_adverse_filter
m2k_1h_require_no_stop_zone_touch_before_entry_sm1p25_tm2p00_d5_sz0p50,M2K,1H,1min,dynamic_exit_atr_target_1p0_ts4_vq0p95_bf0p5_ra1p2,1.25,2.0,5,require_no_stop_zone_touch_before_entry,"{""stop_zone_fraction"": 0.5}",delay_stop_zone_filter
m2k_1h_require_no_stop_zone_touch_before_entry_sm1p25_tm2p00_d5_sz0p75,M2K,1H,1min,dynamic_exit_atr_target_1p0_ts4_vq0p95_bf0p5_ra1p2,1.25,2.0,5,require_no_stop_zone_touch_before_entry,"{""stop_zone_fraction"": 0.75}",delay_stop_zone_filter
m2k_1h_require_no_stop_zone_touch_before_entry_sm1p25_tm2p00_d5_sz1p00,M2K,1H,1min,dynamic_exit_atr_target_1p0_ts4_vq0p95_bf0p5_ra1p2,1.25,2.0,5,require_no_stop_zone_touch_before_entry,"{""stop_zone_fraction"": 1.0}",delay_stop_zone_filter
m2k_1h_avoid_immediate_adverse_move_sm1p25_tm2p00_d5_aw5_mt8,M2K,1H,1min,dynamic_exit_atr_target_1p0_ts4_vq0p95_bf0p5_ra1p2,1.25,2.0,5,avoid_immediate_adverse_move,"{""adverse_window_minutes"": 5, ""max_adverse_ticks"": 8}",delay_adverse_filter
m2k_1h_avoid_immediate_adverse_move_sm1p25_tm2p00_d5_aw5_mt12,M2K,1H,1min,dynamic_exit_atr_target_1p0_ts4_vq0p95_bf0p5_ra1p2,1.25,2.0,5,avoid_immediate_adverse_move,"{""adverse_window_minutes"": 5, ""max_adverse_ticks"": 12}",delay_adverse_filter
m2k_1h_avoid_immediate_adverse_move_sm1p25_tm2p00_d5_aw5_mt16,M2K,1H,1min,dynamic_exit_atr_target_1p0_ts4_vq0p95_bf0p5_ra1p2,1.25,2.0,5,avoid_immediate_adverse_move,"{""adverse_window_minutes"": 5, ""max_adverse_ticks"": 16}",delay_adverse_filter
m2k_1h_require_no_stop_zone_touch_before_entry_sm1p25_tm2p00_d15_sz0p50,M2K,1H,1min,dynamic_exit_atr_target_1p0_ts4_vq0p95_bf0p5_ra1p2,1.25,2.0,15,require_no_stop_zone_touch_before_entry,"{""stop_zone_fraction"": 0.5}",delay_stop_zone_filter
m2k_1h_require_no_stop_zone_touch_before_entry_sm1p25_tm2p00_d15_sz0p75,M2K,1H,1min,dynamic_exit_atr_target_1p0_ts4_vq0p95_bf0p5_ra1p2,1.25,2.0,15,require_no_stop_zone_touch_before_entry,"{""stop_zone_fraction"": 0.75}",delay_stop_zone_filter
m2k_1h_require_no_stop_zone_touch_before_entry_sm1p25_tm2p00_d15_sz1p00,M2K,1H,1min,dynamic_exit_atr_target_1p0_ts4_vq0p95_bf0p5_ra1p2,1.25,2.0,15,require_no_stop_zone_touch_before_entry,"{""stop_zone_fraction"": 1.0}",delay_stop_zone_filter
m2k_1h_avoid_immediate_adverse_move_sm1p25_tm2p00_d15_aw5_mt8,M2K,1H,1min,dynamic_exit_atr_target_1p0_ts4_vq0p95_bf0p5_ra1p2,1.25,2.0,15,avoid_immediate_adverse_move,"{""adverse_window_minutes"": 5, ""max_adverse_ticks"": 8}",delay_adverse_filter
m2k_1h_avoid_immediate_adverse_move_sm1p25_tm2p00_d15_aw5_mt12,M2K,1H,1min,dynamic_exit_atr_target_1p0_ts4_vq0p95_bf0p5_ra1p2,1.25,2.0,15,avoid_immediate_adverse_move,"{""adverse_window_minutes"": 5, ""max_adverse_ticks"": 12}",delay_adverse_filter
m2k_1h_avoid_immediate_adverse_move_sm1p25_tm2p00_d15_aw5_mt16,M2K,1H,1min,dynamic_exit_atr_target_1p0_ts4_vq0p95_bf0p5_ra1p2,1.25,2.0,15,avoid_immediate_adverse_move,"{""adverse_window_minutes"": 5, ""max_adverse_ticks"": 16}",delay_adverse_filter
m2k_1h_avoid_immediate_adverse_move_sm1p25_tm2p00_d15_aw10_mt8,M2K,1H,1min,dynamic_exit_atr_target_1p0_ts4_vq0p95_bf0p5_ra1p2,1.25,2.0,15,avoid_immediate_adverse_move,"{""adverse_window_minutes"": 10, ""max_adverse_ticks"": 8}",delay_adverse_filter
m2k_1h_avoid_immediate_adverse_move_sm1p25_tm2p00_d15_aw10_mt12,M2K,1H,1min,dynamic_exit_atr_target_1p0_ts4_vq0p95_bf0p5_ra1p2,1.25,2.0,15,avoid_immediate_adverse_move,"{""adverse_window_minutes"": 10, ""max_adverse_ticks"": 12}",delay_adverse_filter
m2k_1h_avoid_immediate_adverse_move_sm1p25_tm2p00_d15_aw10_mt16,M2K,1H,1min,dynamic_exit_atr_target_1p0_ts4_vq0p95_bf0p5_ra1p2,1.25,2.0,15,avoid_immediate_adverse_move,"{""adverse_window_minutes"": 10, ""max_adverse_ticks"": 16}",delay_adverse_filter
m2k_1h_require_no_stop_zone_touch_before_entry_sm1p25_tm2p00_d30_sz0p50,M2K,1H,1min,dynamic_exit_atr_target_1p0_ts4_vq0p95_bf0p5_ra1p2,1.25,2.0,30,require_no_stop_zone_touch_before_entry,"{""stop_zone_fraction"": 0.5}",delay_stop_zone_filter
m2k_1h_require_no_stop_zone_touch_before_entry_sm1p25_tm2p00_d30_sz0p75,M2K,1H,1min,dynamic_exit_atr_target_1p0_ts4_vq0p95_bf0p5_ra1p2,1.25,2.0,30,require_no_stop_zone_touch_before_entry,"{""stop_zone_fraction"": 0.75}",delay_stop_zone_filter
m2k_1h_require_no_stop_zone_touch_before_entry_sm1p25_tm2p00_d30_sz1p00,M2K,1H,1min,dynamic_exit_atr_target_1p0_ts4_vq0p95_bf0p5_ra1p2,1.25,2.0,30,require_no_stop_zone_touch_before_entry,"{""stop_zone_fraction"": 1.0}",delay_stop_zone_filter
m2k_1h_avoid_immediate_adverse_move_sm1p25_tm2p00_d30_aw5_mt8,M2K,1H,1min,dynamic_exit_atr_target_1p0_ts4_vq0p95_bf0p5_ra1p2,1.25,2.0,30,avoid_immediate_adverse_move,"{""adverse_window_minutes"": 5, ""max_adverse_ticks"": 8}",delay_adverse_filter
m2k_1h_avoid_immediate_adverse_move_sm1p25_tm2p00_d30_aw5_mt12,M2K,1H,1min,dynamic_exit_atr_target_1p0_ts4_vq0p95_bf0p5_ra1p2,1.25,2.0,30,avoid_immediate_adverse_move,"{""adverse_window_minutes"": 5, ""max_adverse_ticks"": 12}",delay_adverse_filter
m2k_1h_avoid_immediate_adverse_move_sm1p25_tm2p00_d30_aw5_mt16,M2K,1H,1min,dynamic_exit_atr_target_1p0_ts4_vq0p95_bf0p5_ra1p2,1.25,2.0,30,avoid_immediate_adverse_move,"{""adverse_window_minutes"": 5, ""max_adverse_ticks"": 16}",delay_adverse_filter
m2k_1h_avoid_immediate_adverse_move_sm1p25_tm2p00_d30_aw10_mt8,M2K,1H,1min,dynamic_exit_atr_target_1p0_ts4_vq0p95_bf0p5_ra1p2,1.25,2.0,30,avoid_immediate_adverse_move,"{""adverse_window_minutes"": 10, ""max_adverse_ticks"": 8}",delay_adverse_filter
m2k_1h_avoid_immediate_adverse_move_sm1p25_tm2p00_d30_aw10_mt12,M2K,1H,1min,dynamic_exit_atr_target_1p0_ts4_vq0p95_bf0p5_ra1p2,1.25,2.0,30,avoid_immediate_adverse_move,"{""adverse_window_minutes"": 10, ""max_adverse_ticks"": 12}",delay_adverse_filter
m2k_1h_avoid_immediate_adverse_move_sm1p25_tm2p00_d30_aw10_mt16,M2K,1H,1min,dynamic_exit_atr_target_1p0_ts4_vq0p95_bf0p5_ra1p2,1.25,2.0,30,avoid_immediate_adverse_move,"{""adverse_window_minutes"": 10, ""max_adverse_ticks"": 16}",delay_adverse_filter
m2k_1h_require_no_stop_zone_touch_before_entry_sm1p25_tm2p50_d5_sz0p50,M2K,1H,1min,dynamic_exit_atr_target_1p0_ts4_vq0p95_bf0p5_ra1p2,1.25,2.5,5,require_no_stop_zone_touch_before_entry,"{""stop_zone_fraction"": 0.5}",delay_stop_zone_filter
m2k_1h_require_no_stop_zone_touch_before_entry_sm1p25_tm2p50_d5_sz0p75,M2K,1H,1min,dynamic_exit_atr_target_1p0_ts4_vq0p95_bf0p5_ra1p2,1.25,2.5,5,require_no_stop_zone_touch_before_entry,"{""stop_zone_fraction"": 0.75}",delay_stop_zone_filter
m2k_1h_require_no_stop_zone_touch_before_entry_sm1p25_tm2p50_d5_sz1p00,M2K,1H,1min,dynamic_exit_atr_target_1p0_ts4_vq0p95_bf0p5_ra1p2,1.25,2.5,5,require_no_stop_zone_touch_before_entry,"{""stop_zone_fraction"": 1.0}",delay_stop_zone_filter
m2k_1h_avoid_immediate_adverse_move_sm1p25_tm2p50_d5_aw5_mt8,M2K,1H,1min,dynamic_exit_atr_target_1p0_ts4_vq0p95_bf0p5_ra1p2,1.25,2.5,5,avoid_immediate_adverse_move,"{""adverse_window_minutes"": 5, ""max_adverse_ticks"": 8}",delay_adverse_filter
m2k_1h_avoid_immediate_adverse_move_sm1p25_tm2p50_d5_aw5_mt12,M2K,1H,1min,dynamic_exit_atr_target_1p0_ts4_vq0p95_bf0p5_ra1p2,1.25,2.5,5,avoid_immediate_adverse_move,"{""adverse_window_minutes"": 5, ""max_adverse_ticks"": 12}",delay_adverse_filter
m2k_1h_avoid_immediate_adverse_move_sm1p25_tm2p50_d5_aw5_mt16,M2K,1H,1min,dynamic_exit_atr_target_1p0_ts4_vq0p95_bf0p5_ra1p2,1.25,2.5,5,avoid_immediate_adverse_move,"{""adverse_window_minutes"": 5, ""max_adverse_ticks"": 16}",delay_adverse_filter
m2k_1h_require_no_stop_zone_touch_before_entry_sm1p25_tm2p50_d15_sz0p50,M2K,1H,1min,dynamic_exit_atr_target_1p0_ts4_vq0p95_bf0p5_ra1p2,1.25,2.5,15,require_no_stop_zone_touch_before_entry,"{""stop_zone_fraction"": 0.5}",delay_stop_zone_filter
m2k_1h_require_no_stop_zone_touch_before_entry_sm1p25_tm2p50_d15_sz0p75,M2K,1H,1min,dynamic_exit_atr_target_1p0_ts4_vq0p95_bf0p5_ra1p2,1.25,2.5,15,require_no_stop_zone_touch_before_entry,"{""stop_zone_fraction"": 0.75}",delay_stop_zone_filter
m2k_1h_require_no_stop_zone_touch_before_entry_sm1p25_tm2p50_d15_sz1p00,M2K,1H,1min,dynamic_exit_atr_target_1p0_ts4_vq0p95_bf0p5_ra1p2,1.25,2.5,15,require_no_stop_zone_touch_before_entry,"{""stop_zone_fraction"": 1.0}",delay_stop_zone_filter
m2k_1h_avoid_immediate_adverse_move_sm1p25_tm2p50_d15_aw5_mt8,M2K,1H,1min,dynamic_exit_atr_target_1p0_ts4_vq0p95_bf0p5_ra1p2,1.25,2.5,15,avoid_immediate_adverse_move,"{""adverse_window_minutes"": 5, ""max_adverse_ticks"": 8}",delay_adverse_filter
m2k_1h_avoid_immediate_adverse_move_sm1p25_tm2p50_d15_aw5_mt12,M2K,1H,1min,dynamic_exit_atr_target_1p0_ts4_vq0p95_bf0p5_ra1p2,1.25,2.5,15,avoid_immediate_adverse_move,"{""adverse_window_minutes"": 5, ""max_adverse_ticks"": 12}",delay_adverse_filter
m2k_1h_avoid_immediate_adverse_move_sm1p25_tm2p50_d15_aw5_mt16,M2K,1H,1min,dynamic_exit_atr_target_1p0_ts4_vq0p95_bf0p5_ra1p2,1.25,2.5,15,avoid_immediate_adverse_move,"{""adverse_window_minutes"": 5, ""max_adverse_ticks"": 16}",delay_adverse_filter
m2k_1h_avoid_immediate_adverse_move_sm1p25_tm2p50_d15_aw10_mt8,M2K,1H,1min,dynamic_exit_atr_target_1p0_ts4_vq0p95_bf0p5_ra1p2,1.25,2.5,15,avoid_immediate_adverse_move,"{""adverse_window_minutes"": 10, ""max_adverse_ticks"": 8}",delay_adverse_filter
m2k_1h_avoid_immediate_adverse_move_sm1p25_tm2p50_d15_aw10_mt12,M2K,1H,1min,dynamic_exit_atr_target_1p0_ts4_vq0p95_bf0p5_ra1p2,1.25,2.5,15,avoid_immediate_adverse_move,"{""adverse_window_minutes"": 10, ""max_adverse_ticks"": 12}",delay_adverse_filter
m2k_1h_avoid_immediate_adverse_move_sm1p25_tm2p50_d15_aw10_mt16,M2K,1H,1min,dynamic_exit_atr_target_1p0_ts4_vq0p95_bf0p5_ra1p2,1.25,2.5,15,avoid_immediate_adverse_move,"{""adverse_window_minutes"": 10, ""max_adverse_ticks"": 16}",delay_adverse_filter
m2k_1h_require_no_stop_zone_touch_before_entry_sm1p25_tm2p50_d30_sz0p50,M2K,1H,1min,dynamic_exit_atr_target_1p0_ts4_vq0p95_bf0p5_ra1p2,1.25,2.5,30,require_no_stop_zone_touch_before_entry,"{""stop_zone_fraction"": 0.5}",delay_stop_zone_filter
m2k_1h_require_no_stop_zone_touch_before_entry_sm1p25_tm2p50_d30_sz0p75,M2K,1H,1min,dynamic_exit_atr_target_1p0_ts4_vq0p95_bf0p5_ra1p2,1.25,2.5,30,require_no_stop_zone_touch_before_entry,"{""stop_zone_fraction"": 0.75}",delay_stop_zone_filter
m2k_1h_require_no_stop_zone_touch_before_entry_sm1p25_tm2p50_d30_sz1p00,M2K,1H,1min,dynamic_exit_atr_target_1p0_ts4_vq0p95_bf0p5_ra1p2,1.25,2.5,30,require_no_stop_zone_touch_before_entry,"{""stop_zone_fraction"": 1.0}",delay_stop_zone_filter
m2k_1h_avoid_immediate_adverse_move_sm1p25_tm2p50_d30_aw5_mt8,M2K,1H,1min,dynamic_exit_atr_target_1p0_ts4_vq0p95_bf0p5_ra1p2,1.25,2.5,30,avoid_immediate_adverse_move,"{""adverse_window_minutes"": 5, ""max_adverse_ticks"": 8}",delay_adverse_filter
m2k_1h_avoid_immediate_adverse_move_sm1p25_tm2p50_d30_aw5_mt12,M2K,1H,1min,dynamic_exit_atr_target_1p0_ts4_vq0p95_bf0p5_ra1p2,1.25,2.5,30,avoid_immediate_adverse_move,"{""adverse_window_minutes"": 5, ""max_adverse_ticks"": 12}",delay_adverse_filter
m2k_1h_avoid_immediate_adverse_move_sm1p25_tm2p50_d30_aw5_mt16,M2K,1H,1min,dynamic_exit_atr_target_1p0_ts4_vq0p95_bf0p5_ra1p2,1.25,2.5,30,avoid_immediate_adverse_move,"{""adverse_window_minutes"": 5, ""max_adverse_ticks"": 16}",delay_adverse_filter
m2k_1h_avoid_immediate_adverse_move_sm1p25_tm2p50_d30_aw10_mt8,M2K,1H,1min,dynamic_exit_atr_target_1p0_ts4_vq0p95_bf0p5_ra1p2,1.25,2.5,30,avoid_immediate_adverse_move,"{""adverse_window_minutes"": 10, ""max_adverse_ticks"": 8}",delay_adverse_filter
m2k_1h_avoid_immediate_adverse_move_sm1p25_tm2p50_d30_aw10_mt12,M2K,1H,1min,dynamic_exit_atr_target_1p0_ts4_vq0p95_bf0p5_ra1p2,1.25,2.5,30,avoid_immediate_adverse_move,"{""adverse_window_minutes"": 10, ""max_adverse_ticks"": 12}",delay_adverse_filter
m2k_1h_avoid_immediate_adverse_move_sm1p25_tm2p50_d30_aw10_mt16,M2K,1H,1min,dynamic_exit_atr_target_1p0_ts4_vq0p95_bf0p5_ra1p2,1.25,2.5,30,avoid_immediate_adverse_move,"{""adverse_window_minutes"": 10, ""max_adverse_ticks"": 16}",delay_adverse_filter
m2k_1h_require_no_stop_zone_touch_before_entry_sm1p25_tm3p00_d5_sz0p50,M2K,1H,1min,dynamic_exit_atr_target_1p0_ts4_vq0p95_bf0p5_ra1p2,1.25,3.0,5,require_no_stop_zone_touch_before_entry,"{""stop_zone_fraction"": 0.5}",delay_stop_zone_filter
m2k_1h_require_no_stop_zone_touch_before_entry_sm1p25_tm3p00_d5_sz0p75,M2K,1H,1min,dynamic_exit_atr_target_1p0_ts4_vq0p95_bf0p5_ra1p2,1.25,3.0,5,require_no_stop_zone_touch_before_entry,"{""stop_zone_fraction"": 0.75}",delay_stop_zone_filter
m2k_1h_require_no_stop_zone_touch_before_entry_sm1p25_tm3p00_d5_sz1p00,M2K,1H,1min,dynamic_exit_atr_target_1p0_ts4_vq0p95_bf0p5_ra1p2,1.25,3.0,5,require_no_stop_zone_touch_before_entry,"{""stop_zone_fraction"": 1.0}",delay_stop_zone_filter
m2k_1h_avoid_immediate_adverse_move_sm1p25_tm3p00_d5_aw5_mt8,M2K,1H,1min,dynamic_exit_atr_target_1p0_ts4_vq0p95_bf0p5_ra1p2,1.25,3.0,5,avoid_immediate_adverse_move,"{""adverse_window_minutes"": 5, ""max_adverse_ticks"": 8}",delay_adverse_filter
m2k_1h_avoid_immediate_adverse_move_sm1p25_tm3p00_d5_aw5_mt12,M2K,1H,1min,dynamic_exit_atr_target_1p0_ts4_vq0p95_bf0p5_ra1p2,1.25,3.0,5,avoid_immediate_adverse_move,"{""adverse_window_minutes"": 5, ""max_adverse_ticks"": 12}",delay_adverse_filter
m2k_1h_avoid_immediate_adverse_move_sm1p25_tm3p00_d5_aw5_mt16,M2K,1H,1min,dynamic_exit_atr_target_1p0_ts4_vq0p95_bf0p5_ra1p2,1.25,3.0,5,avoid_immediate_adverse_move,"{""adverse_window_minutes"": 5, ""max_adverse_ticks"": 16}",delay_adverse_filter
m2k_1h_require_no_stop_zone_touch_before_entry_sm1p25_tm3p00_d15_sz0p50,M2K,1H,1min,dynamic_exit_atr_target_1p0_ts4_vq0p95_bf0p5_ra1p2,1.25,3.0,15,require_no_stop_zone_touch_before_entry,"{""stop_zone_fraction"": 0.5}",delay_stop_zone_filter
m2k_1h_require_no_stop_zone_touch_before_entry_sm1p25_tm3p00_d15_sz0p75,M2K,1H,1min,dynamic_exit_atr_target_1p0_ts4_vq0p95_bf0p5_ra1p2,1.25,3.0,15,require_no_stop_zone_touch_before_entry,"{""stop_zone_fraction"": 0.75}",delay_stop_zone_filter
m2k_1h_require_no_stop_zone_touch_before_entry_sm1p25_tm3p00_d15_sz1p00,M2K,1H,1min,dynamic_exit_atr_target_1p0_ts4_vq0p95_bf0p5_ra1p2,1.25,3.0,15,require_no_stop_zone_touch_before_entry,"{""stop_zone_fraction"": 1.0}",delay_stop_zone_filter
m2k_1h_avoid_immediate_adverse_move_sm1p25_tm3p00_d15_aw5_mt8,M2K,1H,1min,dynamic_exit_atr_target_1p0_ts4_vq0p95_bf0p5_ra1p2,1.25,3.0,15,avoid_immediate_adverse_move,"{""adverse_window_minutes"": 5, ""max_adverse_ticks"": 8}",delay_adverse_filter
m2k_1h_avoid_immediate_adverse_move_sm1p25_tm3p00_d15_aw5_mt12,M2K,1H,1min,dynamic_exit_atr_target_1p0_ts4_vq0p95_bf0p5_ra1p2,1.25,3.0,15,avoid_immediate_adverse_move,"{""adverse_window_minutes"": 5, ""max_adverse_ticks"": 12}",delay_adverse_filter
m2k_1h_avoid_immediate_adverse_move_sm1p25_tm3p00_d15_aw5_mt16,M2K,1H,1min,dynamic_exit_atr_target_1p0_ts4_vq0p95_bf0p5_ra1p2,1.25,3.0,15,avoid_immediate_adverse_move,"{""adverse_window_minutes"": 5, ""max_adverse_ticks"": 16}",delay_adverse_filter
m2k_1h_avoid_immediate_adverse_move_sm1p25_tm3p00_d15_aw10_mt8,M2K,1H,1min,dynamic_exit_atr_target_1p0_ts4_vq0p95_bf0p5_ra1p2,1.25,3.0,15,avoid_immediate_adverse_move,"{""adverse_window_minutes"": 10, ""max_adverse_ticks"": 8}",delay_adverse_filter
m2k_1h_avoid_immediate_adverse_move_sm1p25_tm3p00_d15_aw10_mt12,M2K,1H,1min,dynamic_exit_atr_target_1p0_ts4_vq0p95_bf0p5_ra1p2,1.25,3.0,15,avoid_immediate_adverse_move,"{""adverse_window_minutes"": 10, ""max_adverse_ticks"": 12}",delay_adverse_filter
m2k_1h_avoid_immediate_adverse_move_sm1p25_tm3p00_d15_aw10_mt16,M2K,1H,1min,dynamic_exit_atr_target_1p0_ts4_vq0p95_bf0p5_ra1p2,1.25,3.0,15,avoid_immediate_adverse_move,"{""adverse_window_minutes"": 10, ""max_adverse_ticks"": 16}",delay_adverse_filter
m2k_1h_require_no_stop_zone_touch_before_entry_sm1p25_tm3p00_d30_sz0p50,M2K,1H,1min,dynamic_exit_atr_target_1p0_ts4_vq0p95_bf0p5_ra1p2,1.25,3.0,30,require_no_stop_zone_touch_before_entry,"{""stop_zone_fraction"": 0.5}",delay_stop_zone_filter
m2k_1h_require_no_stop_zone_touch_before_entry_sm1p25_tm3p00_d30_sz0p75,M2K,1H,1min,dynamic_exit_atr_target_1p0_ts4_vq0p95_bf0p5_ra1p2,1.25,3.0,30,require_no_stop_zone_touch_before_entry,"{""stop_zone_fraction"": 0.75}",delay_stop_zone_filter
m2k_1h_require_no_stop_zone_touch_before_entry_sm1p25_tm3p00_d30_sz1p00,M2K,1H,1min,dynamic_exit_atr_target_1p0_ts4_vq0p95_bf0p5_ra1p2,1.25,3.0,30,require_no_stop_zone_touch_before_entry,"{""stop_zone_fraction"": 1.0}",delay_stop_zone_filter
m2k_1h_avoid_immediate_adverse_move_sm1p25_tm3p00_d30_aw5_mt8,M2K,1H,1min,dynamic_exit_atr_target_1p0_ts4_vq0p95_bf0p5_ra1p2,1.25,3.0,30,avoid_immediate_adverse_move,"{""adverse_window_minutes"": 5, ""max_adverse_ticks"": 8}",delay_adverse_filter
m2k_1h_avoid_immediate_adverse_move_sm1p25_tm3p00_d30_aw5_mt12,M2K,1H,1min,dynamic_exit_atr_target_1p0_ts4_vq0p95_bf0p5_ra1p2,1.25,3.0,30,avoid_immediate_adverse_move,"{""adverse_window_minutes"": 5, ""max_adverse_ticks"": 12}",delay_adverse_filter
m2k_1h_avoid_immediate_adverse_move_sm1p25_tm3p00_d30_aw5_mt16,M2K,1H,1min,dynamic_exit_atr_target_1p0_ts4_vq0p95_bf0p5_ra1p2,1.25,3.0,30,avoid_immediate_adverse_move,"{""adverse_window_minutes"": 5, ""max_adverse_ticks"": 16}",delay_adverse_filter
m2k_1h_avoid_immediate_adverse_move_sm1p25_tm3p00_d30_aw10_mt8,M2K,1H,1min,dynamic_exit_atr_target_1p0_ts4_vq0p95_bf0p5_ra1p2,1.25,3.0,30,avoid_immediate_adverse_move,"{""adverse_window_minutes"": 10, ""max_adverse_ticks"": 8}",delay_adverse_filter
m2k_1h_avoid_immediate_adverse_move_sm1p25_tm3p00_d30_aw10_mt12,M2K,1H,1min,dynamic_exit_atr_target_1p0_ts4_vq0p95_bf0p5_ra1p2,1.25,3.0,30,avoid_immediate_adverse_move,"{""adverse_window_minutes"": 10, ""max_adverse_ticks"": 12}",delay_adverse_filter
m2k_1h_avoid_immediate_adverse_move_sm1p25_tm3p00_d30_aw10_mt16,M2K,1H,1min,dynamic_exit_atr_target_1p0_ts4_vq0p95_bf0p5_ra1p2,1.25,3.0,30,avoid_immediate_adverse_move,"{""adverse_window_minutes"": 10, ""max_adverse_ticks"": 16}",delay_adverse_filter
mgc_15min_none_sm1p00_tm1p00_d0,MGC,15min,1min,regime_filtered_ema_mild_atr_20_80_compression_off_atr_target_1p0_ts3_vq0p95_bf0p5_ra1p2,1.0,1.0,0,none,{},raw_hybrid
mgc_15min_none_sm1p00_tm1p00_d5,MGC,15min,1min,regime_filtered_ema_mild_atr_20_80_compression_off_atr_target_1p0_ts3_vq0p95_bf0p5_ra1p2,1.0,1.0,5,none,{},delay_only
mgc_15min_none_sm1p00_tm1p00_d15,MGC,15min,1min,regime_filtered_ema_mild_atr_20_80_compression_off_atr_target_1p0_ts3_vq0p95_bf0p5_ra1p2,1.0,1.0,15,none,{},delay_only
mgc_15min_none_sm1p00_tm1p00_d30,MGC,15min,1min,regime_filtered_ema_mild_atr_20_80_compression_off_atr_target_1p0_ts3_vq0p95_bf0p5_ra1p2,1.0,1.0,30,none,{},delay_only
mgc_15min_none_sm0p75_tm1p50_d0,MGC,15min,1min,regime_filtered_ema_mild_atr_20_80_compression_off_atr_target_1p0_ts3_vq0p95_bf0p5_ra1p2,0.75,1.5,0,none,{},stop_target_recalibration
mgc_15min_none_sm0p75_tm1p50_d5,MGC,15min,1min,regime_filtered_ema_mild_atr_20_80_compression_off_atr_target_1p0_ts3_vq0p95_bf0p5_ra1p2,0.75,1.5,5,none,{},delay_stop_target
mgc_15min_none_sm0p75_tm1p50_d15,MGC,15min,1min,regime_filtered_ema_mild_atr_20_80_compression_off_atr_target_1p0_ts3_vq0p95_bf0p5_ra1p2,0.75,1.5,15,none,{},delay_stop_target
mgc_15min_none_sm0p75_tm1p50_d30,MGC,15min,1min,regime_filtered_ema_mild_atr_20_80_compression_off_atr_target_1p0_ts3_vq0p95_bf0p5_ra1p2,0.75,1.5,30,none,{},delay_stop_target
mgc_15min_none_sm0p75_tm2p00_d0,MGC,15min,1min,regime_filtered_ema_mild_atr_20_80_compression_off_atr_target_1p0_ts3_vq0p95_bf0p5_ra1p2,0.75,2.0,0,none,{},stop_target_recalibration
mgc_15min_none_sm0p75_tm2p00_d5,MGC,15min,1min,regime_filtered_ema_mild_atr_20_80_compression_off_atr_target_1p0_ts3_vq0p95_bf0p5_ra1p2,0.75,2.0,5,none,{},delay_stop_target
mgc_15min_none_sm0p75_tm2p00_d15,MGC,15min,1min,regime_filtered_ema_mild_atr_20_80_compression_off_atr_target_1p0_ts3_vq0p95_bf0p5_ra1p2,0.75,2.0,15,none,{},delay_stop_target
mgc_15min_none_sm0p75_tm2p00_d30,MGC,15min,1min,regime_filtered_ema_mild_atr_20_80_compression_off_atr_target_1p0_ts3_vq0p95_bf0p5_ra1p2,0.75,2.0,30,none,{},delay_stop_target
mgc_15min_none_sm0p75_tm2p50_d0,MGC,15min,1min,regime_filtered_ema_mild_atr_20_80_compression_off_atr_target_1p0_ts3_vq0p95_bf0p5_ra1p2,0.75,2.5,0,none,{},stop_target_recalibration
mgc_15min_none_sm0p75_tm2p50_d5,MGC,15min,1min,regime_filtered_ema_mild_atr_20_80_compression_off_atr_target_1p0_ts3_vq0p95_bf0p5_ra1p2,0.75,2.5,5,none,{},delay_stop_target
mgc_15min_none_sm0p75_tm2p50_d15,MGC,15min,1min,regime_filtered_ema_mild_atr_20_80_compression_off_atr_target_1p0_ts3_vq0p95_bf0p5_ra1p2,0.75,2.5,15,none,{},delay_stop_target
mgc_15min_none_sm0p75_tm2p50_d30,MGC,15min,1min,regime_filtered_ema_mild_atr_20_80_compression_off_atr_target_1p0_ts3_vq0p95_bf0p5_ra1p2,0.75,2.5,30,none,{},delay_stop_target
mgc_15min_none_sm0p75_tm3p00_d0,MGC,15min,1min,regime_filtered_ema_mild_atr_20_80_compression_off_atr_target_1p0_ts3_vq0p95_bf0p5_ra1p2,0.75,3.0,0,none,{},stop_target_recalibration
mgc_15min_none_sm0p75_tm3p00_d5,MGC,15min,1min,regime_filtered_ema_mild_atr_20_80_compression_off_atr_target_1p0_ts3_vq0p95_bf0p5_ra1p2,0.75,3.0,5,none,{},delay_stop_target
mgc_15min_none_sm0p75_tm3p00_d15,MGC,15min,1min,regime_filtered_ema_mild_atr_20_80_compression_off_atr_target_1p0_ts3_vq0p95_bf0p5_ra1p2,0.75,3.0,15,none,{},delay_stop_target
mgc_15min_none_sm0p75_tm3p00_d30,MGC,15min,1min,regime_filtered_ema_mild_atr_20_80_compression_off_atr_target_1p0_ts3_vq0p95_bf0p5_ra1p2,0.75,3.0,30,none,{},delay_stop_target
mgc_15min_none_sm1p00_tm1p50_d0,MGC,15min,1min,regime_filtered_ema_mild_atr_20_80_compression_off_atr_target_1p0_ts3_vq0p95_bf0p5_ra1p2,1.0,1.5,0,none,{},stop_target_recalibration
mgc_15min_none_sm1p00_tm1p50_d5,MGC,15min,1min,regime_filtered_ema_mild_atr_20_80_compression_off_atr_target_1p0_ts3_vq0p95_bf0p5_ra1p2,1.0,1.5,5,none,{},delay_stop_target
mgc_15min_none_sm1p00_tm1p50_d15,MGC,15min,1min,regime_filtered_ema_mild_atr_20_80_compression_off_atr_target_1p0_ts3_vq0p95_bf0p5_ra1p2,1.0,1.5,15,none,{},delay_stop_target
mgc_15min_none_sm1p00_tm1p50_d30,MGC,15min,1min,regime_filtered_ema_mild_atr_20_80_compression_off_atr_target_1p0_ts3_vq0p95_bf0p5_ra1p2,1.0,1.5,30,none,{},delay_stop_target
mgc_15min_none_sm1p00_tm2p00_d0,MGC,15min,1min,regime_filtered_ema_mild_atr_20_80_compression_off_atr_target_1p0_ts3_vq0p95_bf0p5_ra1p2,1.0,2.0,0,none,{},stop_target_recalibration
mgc_15min_none_sm1p00_tm2p00_d5,MGC,15min,1min,regime_filtered_ema_mild_atr_20_80_compression_off_atr_target_1p0_ts3_vq0p95_bf0p5_ra1p2,1.0,2.0,5,none,{},delay_stop_target
mgc_15min_none_sm1p00_tm2p00_d15,MGC,15min,1min,regime_filtered_ema_mild_atr_20_80_compression_off_atr_target_1p0_ts3_vq0p95_bf0p5_ra1p2,1.0,2.0,15,none,{},delay_stop_target
mgc_15min_none_sm1p00_tm2p00_d30,MGC,15min,1min,regime_filtered_ema_mild_atr_20_80_compression_off_atr_target_1p0_ts3_vq0p95_bf0p5_ra1p2,1.0,2.0,30,none,{},delay_stop_target
mgc_15min_none_sm1p00_tm2p50_d0,MGC,15min,1min,regime_filtered_ema_mild_atr_20_80_compression_off_atr_target_1p0_ts3_vq0p95_bf0p5_ra1p2,1.0,2.5,0,none,{},stop_target_recalibration
mgc_15min_none_sm1p00_tm2p50_d5,MGC,15min,1min,regime_filtered_ema_mild_atr_20_80_compression_off_atr_target_1p0_ts3_vq0p95_bf0p5_ra1p2,1.0,2.5,5,none,{},delay_stop_target
mgc_15min_none_sm1p00_tm2p50_d15,MGC,15min,1min,regime_filtered_ema_mild_atr_20_80_compression_off_atr_target_1p0_ts3_vq0p95_bf0p5_ra1p2,1.0,2.5,15,none,{},delay_stop_target
mgc_15min_none_sm1p00_tm2p50_d30,MGC,15min,1min,regime_filtered_ema_mild_atr_20_80_compression_off_atr_target_1p0_ts3_vq0p95_bf0p5_ra1p2,1.0,2.5,30,none,{},delay_stop_target
mgc_15min_none_sm1p00_tm3p00_d0,MGC,15min,1min,regime_filtered_ema_mild_atr_20_80_compression_off_atr_target_1p0_ts3_vq0p95_bf0p5_ra1p2,1.0,3.0,0,none,{},stop_target_recalibration
mgc_15min_none_sm1p00_tm3p00_d5,MGC,15min,1min,regime_filtered_ema_mild_atr_20_80_compression_off_atr_target_1p0_ts3_vq0p95_bf0p5_ra1p2,1.0,3.0,5,none,{},delay_stop_target
mgc_15min_none_sm1p00_tm3p00_d15,MGC,15min,1min,regime_filtered_ema_mild_atr_20_80_compression_off_atr_target_1p0_ts3_vq0p95_bf0p5_ra1p2,1.0,3.0,15,none,{},delay_stop_target
mgc_15min_none_sm1p00_tm3p00_d30,MGC,15min,1min,regime_filtered_ema_mild_atr_20_80_compression_off_atr_target_1p0_ts3_vq0p95_bf0p5_ra1p2,1.0,3.0,30,none,{},delay_stop_target
mgc_15min_none_sm1p25_tm1p50_d0,MGC,15min,1min,regime_filtered_ema_mild_atr_20_80_compression_off_atr_target_1p0_ts3_vq0p95_bf0p5_ra1p2,1.25,1.5,0,none,{},stop_target_recalibration
mgc_15min_none_sm1p25_tm1p50_d5,MGC,15min,1min,regime_filtered_ema_mild_atr_20_80_compression_off_atr_target_1p0_ts3_vq0p95_bf0p5_ra1p2,1.25,1.5,5,none,{},delay_stop_target
mgc_15min_none_sm1p25_tm1p50_d15,MGC,15min,1min,regime_filtered_ema_mild_atr_20_80_compression_off_atr_target_1p0_ts3_vq0p95_bf0p5_ra1p2,1.25,1.5,15,none,{},delay_stop_target
mgc_15min_none_sm1p25_tm1p50_d30,MGC,15min,1min,regime_filtered_ema_mild_atr_20_80_compression_off_atr_target_1p0_ts3_vq0p95_bf0p5_ra1p2,1.25,1.5,30,none,{},delay_stop_target
mgc_15min_none_sm1p25_tm2p00_d0,MGC,15min,1min,regime_filtered_ema_mild_atr_20_80_compression_off_atr_target_1p0_ts3_vq0p95_bf0p5_ra1p2,1.25,2.0,0,none,{},stop_target_recalibration
mgc_15min_none_sm1p25_tm2p00_d5,MGC,15min,1min,regime_filtered_ema_mild_atr_20_80_compression_off_atr_target_1p0_ts3_vq0p95_bf0p5_ra1p2,1.25,2.0,5,none,{},delay_stop_target
mgc_15min_none_sm1p25_tm2p00_d15,MGC,15min,1min,regime_filtered_ema_mild_atr_20_80_compression_off_atr_target_1p0_ts3_vq0p95_bf0p5_ra1p2,1.25,2.0,15,none,{},delay_stop_target
mgc_15min_none_sm1p25_tm2p00_d30,MGC,15min,1min,regime_filtered_ema_mild_atr_20_80_compression_off_atr_target_1p0_ts3_vq0p95_bf0p5_ra1p2,1.25,2.0,30,none,{},delay_stop_target
mgc_15min_none_sm1p25_tm2p50_d0,MGC,15min,1min,regime_filtered_ema_mild_atr_20_80_compression_off_atr_target_1p0_ts3_vq0p95_bf0p5_ra1p2,1.25,2.5,0,none,{},stop_target_recalibration
mgc_15min_none_sm1p25_tm2p50_d5,MGC,15min,1min,regime_filtered_ema_mild_atr_20_80_compression_off_atr_target_1p0_ts3_vq0p95_bf0p5_ra1p2,1.25,2.5,5,none,{},delay_stop_target
mgc_15min_none_sm1p25_tm2p50_d15,MGC,15min,1min,regime_filtered_ema_mild_atr_20_80_compression_off_atr_target_1p0_ts3_vq0p95_bf0p5_ra1p2,1.25,2.5,15,none,{},delay_stop_target
mgc_15min_none_sm1p25_tm2p50_d30,MGC,15min,1min,regime_filtered_ema_mild_atr_20_80_compression_off_atr_target_1p0_ts3_vq0p95_bf0p5_ra1p2,1.25,2.5,30,none,{},delay_stop_target
mgc_15min_none_sm1p25_tm3p00_d0,MGC,15min,1min,regime_filtered_ema_mild_atr_20_80_compression_off_atr_target_1p0_ts3_vq0p95_bf0p5_ra1p2,1.25,3.0,0,none,{},stop_target_recalibration
mgc_15min_none_sm1p25_tm3p00_d5,MGC,15min,1min,regime_filtered_ema_mild_atr_20_80_compression_off_atr_target_1p0_ts3_vq0p95_bf0p5_ra1p2,1.25,3.0,5,none,{},delay_stop_target
mgc_15min_none_sm1p25_tm3p00_d15,MGC,15min,1min,regime_filtered_ema_mild_atr_20_80_compression_off_atr_target_1p0_ts3_vq0p95_bf0p5_ra1p2,1.25,3.0,15,none,{},delay_stop_target
mgc_15min_none_sm1p25_tm3p00_d30,MGC,15min,1min,regime_filtered_ema_mild_atr_20_80_compression_off_atr_target_1p0_ts3_vq0p95_bf0p5_ra1p2,1.25,3.0,30,none,{},delay_stop_target
mgc_15min_none_sm1p50_tm1p50_d0,MGC,15min,1min,regime_filtered_ema_mild_atr_20_80_compression_off_atr_target_1p0_ts3_vq0p95_bf0p5_ra1p2,1.5,1.5,0,none,{},stop_target_recalibration
mgc_15min_none_sm1p50_tm1p50_d5,MGC,15min,1min,regime_filtered_ema_mild_atr_20_80_compression_off_atr_target_1p0_ts3_vq0p95_bf0p5_ra1p2,1.5,1.5,5,none,{},delay_stop_target
mgc_15min_none_sm1p50_tm1p50_d15,MGC,15min,1min,regime_filtered_ema_mild_atr_20_80_compression_off_atr_target_1p0_ts3_vq0p95_bf0p5_ra1p2,1.5,1.5,15,none,{},delay_stop_target
mgc_15min_none_sm1p50_tm1p50_d30,MGC,15min,1min,regime_filtered_ema_mild_atr_20_80_compression_off_atr_target_1p0_ts3_vq0p95_bf0p5_ra1p2,1.5,1.5,30,none,{},delay_stop_target
mgc_15min_none_sm1p50_tm2p00_d0,MGC,15min,1min,regime_filtered_ema_mild_atr_20_80_compression_off_atr_target_1p0_ts3_vq0p95_bf0p5_ra1p2,1.5,2.0,0,none,{},stop_target_recalibration
mgc_15min_none_sm1p50_tm2p00_d5,MGC,15min,1min,regime_filtered_ema_mild_atr_20_80_compression_off_atr_target_1p0_ts3_vq0p95_bf0p5_ra1p2,1.5,2.0,5,none,{},delay_stop_target
mgc_15min_none_sm1p50_tm2p00_d15,MGC,15min,1min,regime_filtered_ema_mild_atr_20_80_compression_off_atr_target_1p0_ts3_vq0p95_bf0p5_ra1p2,1.5,2.0,15,none,{},delay_stop_target
mgc_15min_none_sm1p50_tm2p00_d30,MGC,15min,1min,regime_filtered_ema_mild_atr_20_80_compression_off_atr_target_1p0_ts3_vq0p95_bf0p5_ra1p2,1.5,2.0,30,none,{},delay_stop_target
mgc_15min_none_sm1p50_tm2p50_d0,MGC,15min,1min,regime_filtered_ema_mild_atr_20_80_compression_off_atr_target_1p0_ts3_vq0p95_bf0p5_ra1p2,1.5,2.5,0,none,{},stop_target_recalibration
mgc_15min_none_sm1p50_tm2p50_d5,MGC,15min,1min,regime_filtered_ema_mild_atr_20_80_compression_off_atr_target_1p0_ts3_vq0p95_bf0p5_ra1p2,1.5,2.5,5,none,{},delay_stop_target
mgc_15min_none_sm1p50_tm2p50_d15,MGC,15min,1min,regime_filtered_ema_mild_atr_20_80_compression_off_atr_target_1p0_ts3_vq0p95_bf0p5_ra1p2,1.5,2.5,15,none,{},delay_stop_target
mgc_15min_none_sm1p50_tm2p50_d30,MGC,15min,1min,regime_filtered_ema_mild_atr_20_80_compression_off_atr_target_1p0_ts3_vq0p95_bf0p5_ra1p2,1.5,2.5,30,none,{},delay_stop_target
mgc_15min_none_sm1p50_tm3p00_d0,MGC,15min,1min,regime_filtered_ema_mild_atr_20_80_compression_off_atr_target_1p0_ts3_vq0p95_bf0p5_ra1p2,1.5,3.0,0,none,{},stop_target_recalibration
mgc_15min_none_sm1p50_tm3p00_d5,MGC,15min,1min,regime_filtered_ema_mild_atr_20_80_compression_off_atr_target_1p0_ts3_vq0p95_bf0p5_ra1p2,1.5,3.0,5,none,{},delay_stop_target
mgc_15min_none_sm1p50_tm3p00_d15,MGC,15min,1min,regime_filtered_ema_mild_atr_20_80_compression_off_atr_target_1p0_ts3_vq0p95_bf0p5_ra1p2,1.5,3.0,15,none,{},delay_stop_target
mgc_15min_none_sm1p50_tm3p00_d30,MGC,15min,1min,regime_filtered_ema_mild_atr_20_80_compression_off_atr_target_1p0_ts3_vq0p95_bf0p5_ra1p2,1.5,3.0,30,none,{},delay_stop_target
mgc_15min_require_no_stop_zone_touch_before_entry_sm0p75_tm2p00_d5_sz0p50,MGC,15min,1min,regime_filtered_ema_mild_atr_20_80_compression_off_atr_target_1p0_ts3_vq0p95_bf0p5_ra1p2,0.75,2.0,5,require_no_stop_zone_touch_before_entry,"{""stop_zone_fraction"": 0.5}",delay_stop_zone_filter
mgc_15min_require_no_stop_zone_touch_before_entry_sm0p75_tm2p00_d5_sz0p75,MGC,15min,1min,regime_filtered_ema_mild_atr_20_80_compression_off_atr_target_1p0_ts3_vq0p95_bf0p5_ra1p2,0.75,2.0,5,require_no_stop_zone_touch_before_entry,"{""stop_zone_fraction"": 0.75}",delay_stop_zone_filter
mgc_15min_require_no_stop_zone_touch_before_entry_sm0p75_tm2p00_d5_sz1p00,MGC,15min,1min,regime_filtered_ema_mild_atr_20_80_compression_off_atr_target_1p0_ts3_vq0p95_bf0p5_ra1p2,0.75,2.0,5,require_no_stop_zone_touch_before_entry,"{""stop_zone_fraction"": 1.0}",delay_stop_zone_filter
mgc_15min_avoid_immediate_adverse_move_sm0p75_tm2p00_d5_aw5_mt8,MGC,15min,1min,regime_filtered_ema_mild_atr_20_80_compression_off_atr_target_1p0_ts3_vq0p95_bf0p5_ra1p2,0.75,2.0,5,avoid_immediate_adverse_move,"{""adverse_window_minutes"": 5, ""max_adverse_ticks"": 8}",delay_adverse_filter
mgc_15min_avoid_immediate_adverse_move_sm0p75_tm2p00_d5_aw5_mt12,MGC,15min,1min,regime_filtered_ema_mild_atr_20_80_compression_off_atr_target_1p0_ts3_vq0p95_bf0p5_ra1p2,0.75,2.0,5,avoid_immediate_adverse_move,"{""adverse_window_minutes"": 5, ""max_adverse_ticks"": 12}",delay_adverse_filter
mgc_15min_avoid_immediate_adverse_move_sm0p75_tm2p00_d5_aw5_mt16,MGC,15min,1min,regime_filtered_ema_mild_atr_20_80_compression_off_atr_target_1p0_ts3_vq0p95_bf0p5_ra1p2,0.75,2.0,5,avoid_immediate_adverse_move,"{""adverse_window_minutes"": 5, ""max_adverse_ticks"": 16}",delay_adverse_filter
mgc_15min_require_no_stop_zone_touch_before_entry_sm0p75_tm2p00_d15_sz0p50,MGC,15min,1min,regime_filtered_ema_mild_atr_20_80_compression_off_atr_target_1p0_ts3_vq0p95_bf0p5_ra1p2,0.75,2.0,15,require_no_stop_zone_touch_before_entry,"{""stop_zone_fraction"": 0.5}",delay_stop_zone_filter
mgc_15min_require_no_stop_zone_touch_before_entry_sm0p75_tm2p00_d15_sz0p75,MGC,15min,1min,regime_filtered_ema_mild_atr_20_80_compression_off_atr_target_1p0_ts3_vq0p95_bf0p5_ra1p2,0.75,2.0,15,require_no_stop_zone_touch_before_entry,"{""stop_zone_fraction"": 0.75}",delay_stop_zone_filter
mgc_15min_require_no_stop_zone_touch_before_entry_sm0p75_tm2p00_d15_sz1p00,MGC,15min,1min,regime_filtered_ema_mild_atr_20_80_compression_off_atr_target_1p0_ts3_vq0p95_bf0p5_ra1p2,0.75,2.0,15,require_no_stop_zone_touch_before_entry,"{""stop_zone_fraction"": 1.0}",delay_stop_zone_filter
mgc_15min_avoid_immediate_adverse_move_sm0p75_tm2p00_d15_aw5_mt8,MGC,15min,1min,regime_filtered_ema_mild_atr_20_80_compression_off_atr_target_1p0_ts3_vq0p95_bf0p5_ra1p2,0.75,2.0,15,avoid_immediate_adverse_move,"{""adverse_window_minutes"": 5, ""max_adverse_ticks"": 8}",delay_adverse_filter
mgc_15min_avoid_immediate_adverse_move_sm0p75_tm2p00_d15_aw5_mt12,MGC,15min,1min,regime_filtered_ema_mild_atr_20_80_compression_off_atr_target_1p0_ts3_vq0p95_bf0p5_ra1p2,0.75,2.0,15,avoid_immediate_adverse_move,"{""adverse_window_minutes"": 5, ""max_adverse_ticks"": 12}",delay_adverse_filter
mgc_15min_avoid_immediate_adverse_move_sm0p75_tm2p00_d15_aw5_mt16,MGC,15min,1min,regime_filtered_ema_mild_atr_20_80_compression_off_atr_target_1p0_ts3_vq0p95_bf0p5_ra1p2,0.75,2.0,15,avoid_immediate_adverse_move,"{""adverse_window_minutes"": 5, ""max_adverse_ticks"": 16}",delay_adverse_filter
mgc_15min_avoid_immediate_adverse_move_sm0p75_tm2p00_d15_aw10_mt8,MGC,15min,1min,regime_filtered_ema_mild_atr_20_80_compression_off_atr_target_1p0_ts3_vq0p95_bf0p5_ra1p2,0.75,2.0,15,avoid_immediate_adverse_move,"{""adverse_window_minutes"": 10, ""max_adverse_ticks"": 8}",delay_adverse_filter
mgc_15min_avoid_immediate_adverse_move_sm0p75_tm2p00_d15_aw10_mt12,MGC,15min,1min,regime_filtered_ema_mild_atr_20_80_compression_off_atr_target_1p0_ts3_vq0p95_bf0p5_ra1p2,0.75,2.0,15,avoid_immediate_adverse_move,"{""adverse_window_minutes"": 10, ""max_adverse_ticks"": 12}",delay_adverse_filter
mgc_15min_avoid_immediate_adverse_move_sm0p75_tm2p00_d15_aw10_mt16,MGC,15min,1min,regime_filtered_ema_mild_atr_20_80_compression_off_atr_target_1p0_ts3_vq0p95_bf0p5_ra1p2,0.75,2.0,15,avoid_immediate_adverse_move,"{""adverse_window_minutes"": 10, ""max_adverse_ticks"": 16}",delay_adverse_filter
mgc_15min_require_no_stop_zone_touch_before_entry_sm0p75_tm2p00_d30_sz0p50,MGC,15min,1min,regime_filtered_ema_mild_atr_20_80_compression_off_atr_target_1p0_ts3_vq0p95_bf0p5_ra1p2,0.75,2.0,30,require_no_stop_zone_touch_before_entry,"{""stop_zone_fraction"": 0.5}",delay_stop_zone_filter
mgc_15min_require_no_stop_zone_touch_before_entry_sm0p75_tm2p00_d30_sz0p75,MGC,15min,1min,regime_filtered_ema_mild_atr_20_80_compression_off_atr_target_1p0_ts3_vq0p95_bf0p5_ra1p2,0.75,2.0,30,require_no_stop_zone_touch_before_entry,"{""stop_zone_fraction"": 0.75}",delay_stop_zone_filter
mgc_15min_require_no_stop_zone_touch_before_entry_sm0p75_tm2p00_d30_sz1p00,MGC,15min,1min,regime_filtered_ema_mild_atr_20_80_compression_off_atr_target_1p0_ts3_vq0p95_bf0p5_ra1p2,0.75,2.0,30,require_no_stop_zone_touch_before_entry,"{""stop_zone_fraction"": 1.0}",delay_stop_zone_filter
mgc_15min_avoid_immediate_adverse_move_sm0p75_tm2p00_d30_aw5_mt8,MGC,15min,1min,regime_filtered_ema_mild_atr_20_80_compression_off_atr_target_1p0_ts3_vq0p95_bf0p5_ra1p2,0.75,2.0,30,avoid_immediate_adverse_move,"{""adverse_window_minutes"": 5, ""max_adverse_ticks"": 8}",delay_adverse_filter
mgc_15min_avoid_immediate_adverse_move_sm0p75_tm2p00_d30_aw5_mt12,MGC,15min,1min,regime_filtered_ema_mild_atr_20_80_compression_off_atr_target_1p0_ts3_vq0p95_bf0p5_ra1p2,0.75,2.0,30,avoid_immediate_adverse_move,"{""adverse_window_minutes"": 5, ""max_adverse_ticks"": 12}",delay_adverse_filter
mgc_15min_avoid_immediate_adverse_move_sm0p75_tm2p00_d30_aw5_mt16,MGC,15min,1min,regime_filtered_ema_mild_atr_20_80_compression_off_atr_target_1p0_ts3_vq0p95_bf0p5_ra1p2,0.75,2.0,30,avoid_immediate_adverse_move,"{""adverse_window_minutes"": 5, ""max_adverse_ticks"": 16}",delay_adverse_filter
mgc_15min_avoid_immediate_adverse_move_sm0p75_tm2p00_d30_aw10_mt8,MGC,15min,1min,regime_filtered_ema_mild_atr_20_80_compression_off_atr_target_1p0_ts3_vq0p95_bf0p5_ra1p2,0.75,2.0,30,avoid_immediate_adverse_move,"{""adverse_window_minutes"": 10, ""max_adverse_ticks"": 8}",delay_adverse_filter
mgc_15min_avoid_immediate_adverse_move_sm0p75_tm2p00_d30_aw10_mt12,MGC,15min,1min,regime_filtered_ema_mild_atr_20_80_compression_off_atr_target_1p0_ts3_vq0p95_bf0p5_ra1p2,0.75,2.0,30,avoid_immediate_adverse_move,"{""adverse_window_minutes"": 10, ""max_adverse_ticks"": 12}",delay_adverse_filter
mgc_15min_avoid_immediate_adverse_move_sm0p75_tm2p00_d30_aw10_mt16,MGC,15min,1min,regime_filtered_ema_mild_atr_20_80_compression_off_atr_target_1p0_ts3_vq0p95_bf0p5_ra1p2,0.75,2.0,30,avoid_immediate_adverse_move,"{""adverse_window_minutes"": 10, ""max_adverse_ticks"": 16}",delay_adverse_filter
mgc_15min_require_no_stop_zone_touch_before_entry_sm0p75_tm2p50_d5_sz0p50,MGC,15min,1min,regime_filtered_ema_mild_atr_20_80_compression_off_atr_target_1p0_ts3_vq0p95_bf0p5_ra1p2,0.75,2.5,5,require_no_stop_zone_touch_before_entry,"{""stop_zone_fraction"": 0.5}",delay_stop_zone_filter
mgc_15min_require_no_stop_zone_touch_before_entry_sm0p75_tm2p50_d5_sz0p75,MGC,15min,1min,regime_filtered_ema_mild_atr_20_80_compression_off_atr_target_1p0_ts3_vq0p95_bf0p5_ra1p2,0.75,2.5,5,require_no_stop_zone_touch_before_entry,"{""stop_zone_fraction"": 0.75}",delay_stop_zone_filter
mgc_15min_require_no_stop_zone_touch_before_entry_sm0p75_tm2p50_d5_sz1p00,MGC,15min,1min,regime_filtered_ema_mild_atr_20_80_compression_off_atr_target_1p0_ts3_vq0p95_bf0p5_ra1p2,0.75,2.5,5,require_no_stop_zone_touch_before_entry,"{""stop_zone_fraction"": 1.0}",delay_stop_zone_filter
mgc_15min_avoid_immediate_adverse_move_sm0p75_tm2p50_d5_aw5_mt8,MGC,15min,1min,regime_filtered_ema_mild_atr_20_80_compression_off_atr_target_1p0_ts3_vq0p95_bf0p5_ra1p2,0.75,2.5,5,avoid_immediate_adverse_move,"{""adverse_window_minutes"": 5, ""max_adverse_ticks"": 8}",delay_adverse_filter
mgc_15min_avoid_immediate_adverse_move_sm0p75_tm2p50_d5_aw5_mt12,MGC,15min,1min,regime_filtered_ema_mild_atr_20_80_compression_off_atr_target_1p0_ts3_vq0p95_bf0p5_ra1p2,0.75,2.5,5,avoid_immediate_adverse_move,"{""adverse_window_minutes"": 5, ""max_adverse_ticks"": 12}",delay_adverse_filter
mgc_15min_avoid_immediate_adverse_move_sm0p75_tm2p50_d5_aw5_mt16,MGC,15min,1min,regime_filtered_ema_mild_atr_20_80_compression_off_atr_target_1p0_ts3_vq0p95_bf0p5_ra1p2,0.75,2.5,5,avoid_immediate_adverse_move,"{""adverse_window_minutes"": 5, ""max_adverse_ticks"": 16}",delay_adverse_filter
mgc_15min_require_no_stop_zone_touch_before_entry_sm0p75_tm2p50_d15_sz0p50,MGC,15min,1min,regime_filtered_ema_mild_atr_20_80_compression_off_atr_target_1p0_ts3_vq0p95_bf0p5_ra1p2,0.75,2.5,15,require_no_stop_zone_touch_before_entry,"{""stop_zone_fraction"": 0.5}",delay_stop_zone_filter
mgc_15min_require_no_stop_zone_touch_before_entry_sm0p75_tm2p50_d15_sz0p75,MGC,15min,1min,regime_filtered_ema_mild_atr_20_80_compression_off_atr_target_1p0_ts3_vq0p95_bf0p5_ra1p2,0.75,2.5,15,require_no_stop_zone_touch_before_entry,"{""stop_zone_fraction"": 0.75}",delay_stop_zone_filter
mgc_15min_require_no_stop_zone_touch_before_entry_sm0p75_tm2p50_d15_sz1p00,MGC,15min,1min,regime_filtered_ema_mild_atr_20_80_compression_off_atr_target_1p0_ts3_vq0p95_bf0p5_ra1p2,0.75,2.5,15,require_no_stop_zone_touch_before_entry,"{""stop_zone_fraction"": 1.0}",delay_stop_zone_filter
mgc_15min_avoid_immediate_adverse_move_sm0p75_tm2p50_d15_aw5_mt8,MGC,15min,1min,regime_filtered_ema_mild_atr_20_80_compression_off_atr_target_1p0_ts3_vq0p95_bf0p5_ra1p2,0.75,2.5,15,avoid_immediate_adverse_move,"{""adverse_window_minutes"": 5, ""max_adverse_ticks"": 8}",delay_adverse_filter
mgc_15min_avoid_immediate_adverse_move_sm0p75_tm2p50_d15_aw5_mt12,MGC,15min,1min,regime_filtered_ema_mild_atr_20_80_compression_off_atr_target_1p0_ts3_vq0p95_bf0p5_ra1p2,0.75,2.5,15,avoid_immediate_adverse_move,"{""adverse_window_minutes"": 5, ""max_adverse_ticks"": 12}",delay_adverse_filter
mgc_15min_avoid_immediate_adverse_move_sm0p75_tm2p50_d15_aw5_mt16,MGC,15min,1min,regime_filtered_ema_mild_atr_20_80_compression_off_atr_target_1p0_ts3_vq0p95_bf0p5_ra1p2,0.75,2.5,15,avoid_immediate_adverse_move,"{""adverse_window_minutes"": 5, ""max_adverse_ticks"": 16}",delay_adverse_filter
mgc_15min_avoid_immediate_adverse_move_sm0p75_tm2p50_d15_aw10_mt8,MGC,15min,1min,regime_filtered_ema_mild_atr_20_80_compression_off_atr_target_1p0_ts3_vq0p95_bf0p5_ra1p2,0.75,2.5,15,avoid_immediate_adverse_move,"{""adverse_window_minutes"": 10, ""max_adverse_ticks"": 8}",delay_adverse_filter
mgc_15min_avoid_immediate_adverse_move_sm0p75_tm2p50_d15_aw10_mt12,MGC,15min,1min,regime_filtered_ema_mild_atr_20_80_compression_off_atr_target_1p0_ts3_vq0p95_bf0p5_ra1p2,0.75,2.5,15,avoid_immediate_adverse_move,"{""adverse_window_minutes"": 10, ""max_adverse_ticks"": 12}",delay_adverse_filter
mgc_15min_avoid_immediate_adverse_move_sm0p75_tm2p50_d15_aw10_mt16,MGC,15min,1min,regime_filtered_ema_mild_atr_20_80_compression_off_atr_target_1p0_ts3_vq0p95_bf0p5_ra1p2,0.75,2.5,15,avoid_immediate_adverse_move,"{""adverse_window_minutes"": 10, ""max_adverse_ticks"": 16}",delay_adverse_filter
mgc_15min_require_no_stop_zone_touch_before_entry_sm0p75_tm2p50_d30_sz0p50,MGC,15min,1min,regime_filtered_ema_mild_atr_20_80_compression_off_atr_target_1p0_ts3_vq0p95_bf0p5_ra1p2,0.75,2.5,30,require_no_stop_zone_touch_before_entry,"{""stop_zone_fraction"": 0.5}",delay_stop_zone_filter
mgc_15min_require_no_stop_zone_touch_before_entry_sm0p75_tm2p50_d30_sz0p75,MGC,15min,1min,regime_filtered_ema_mild_atr_20_80_compression_off_atr_target_1p0_ts3_vq0p95_bf0p5_ra1p2,0.75,2.5,30,require_no_stop_zone_touch_before_entry,"{""stop_zone_fraction"": 0.75}",delay_stop_zone_filter
mgc_15min_require_no_stop_zone_touch_before_entry_sm0p75_tm2p50_d30_sz1p00,MGC,15min,1min,regime_filtered_ema_mild_atr_20_80_compression_off_atr_target_1p0_ts3_vq0p95_bf0p5_ra1p2,0.75,2.5,30,require_no_stop_zone_touch_before_entry,"{""stop_zone_fraction"": 1.0}",delay_stop_zone_filter
mgc_15min_avoid_immediate_adverse_move_sm0p75_tm2p50_d30_aw5_mt8,MGC,15min,1min,regime_filtered_ema_mild_atr_20_80_compression_off_atr_target_1p0_ts3_vq0p95_bf0p5_ra1p2,0.75,2.5,30,avoid_immediate_adverse_move,"{""adverse_window_minutes"": 5, ""max_adverse_ticks"": 8}",delay_adverse_filter
mgc_15min_avoid_immediate_adverse_move_sm0p75_tm2p50_d30_aw5_mt12,MGC,15min,1min,regime_filtered_ema_mild_atr_20_80_compression_off_atr_target_1p0_ts3_vq0p95_bf0p5_ra1p2,0.75,2.5,30,avoid_immediate_adverse_move,"{""adverse_window_minutes"": 5, ""max_adverse_ticks"": 12}",delay_adverse_filter
mgc_15min_avoid_immediate_adverse_move_sm0p75_tm2p50_d30_aw5_mt16,MGC,15min,1min,regime_filtered_ema_mild_atr_20_80_compression_off_atr_target_1p0_ts3_vq0p95_bf0p5_ra1p2,0.75,2.5,30,avoid_immediate_adverse_move,"{""adverse_window_minutes"": 5, ""max_adverse_ticks"": 16}",delay_adverse_filter
mgc_15min_avoid_immediate_adverse_move_sm0p75_tm2p50_d30_aw10_mt8,MGC,15min,1min,regime_filtered_ema_mild_atr_20_80_compression_off_atr_target_1p0_ts3_vq0p95_bf0p5_ra1p2,0.75,2.5,30,avoid_immediate_adverse_move,"{""adverse_window_minutes"": 10, ""max_adverse_ticks"": 8}",delay_adverse_filter
mgc_15min_avoid_immediate_adverse_move_sm0p75_tm2p50_d30_aw10_mt12,MGC,15min,1min,regime_filtered_ema_mild_atr_20_80_compression_off_atr_target_1p0_ts3_vq0p95_bf0p5_ra1p2,0.75,2.5,30,avoid_immediate_adverse_move,"{""adverse_window_minutes"": 10, ""max_adverse_ticks"": 12}",delay_adverse_filter
mgc_15min_avoid_immediate_adverse_move_sm0p75_tm2p50_d30_aw10_mt16,MGC,15min,1min,regime_filtered_ema_mild_atr_20_80_compression_off_atr_target_1p0_ts3_vq0p95_bf0p5_ra1p2,0.75,2.5,30,avoid_immediate_adverse_move,"{""adverse_window_minutes"": 10, ""max_adverse_ticks"": 16}",delay_adverse_filter
mgc_15min_require_no_stop_zone_touch_before_entry_sm0p75_tm3p00_d5_sz0p50,MGC,15min,1min,regime_filtered_ema_mild_atr_20_80_compression_off_atr_target_1p0_ts3_vq0p95_bf0p5_ra1p2,0.75,3.0,5,require_no_stop_zone_touch_before_entry,"{""stop_zone_fraction"": 0.5}",delay_stop_zone_filter
mgc_15min_require_no_stop_zone_touch_before_entry_sm0p75_tm3p00_d5_sz0p75,MGC,15min,1min,regime_filtered_ema_mild_atr_20_80_compression_off_atr_target_1p0_ts3_vq0p95_bf0p5_ra1p2,0.75,3.0,5,require_no_stop_zone_touch_before_entry,"{""stop_zone_fraction"": 0.75}",delay_stop_zone_filter
mgc_15min_require_no_stop_zone_touch_before_entry_sm0p75_tm3p00_d5_sz1p00,MGC,15min,1min,regime_filtered_ema_mild_atr_20_80_compression_off_atr_target_1p0_ts3_vq0p95_bf0p5_ra1p2,0.75,3.0,5,require_no_stop_zone_touch_before_entry,"{""stop_zone_fraction"": 1.0}",delay_stop_zone_filter
mgc_15min_avoid_immediate_adverse_move_sm0p75_tm3p00_d5_aw5_mt8,MGC,15min,1min,regime_filtered_ema_mild_atr_20_80_compression_off_atr_target_1p0_ts3_vq0p95_bf0p5_ra1p2,0.75,3.0,5,avoid_immediate_adverse_move,"{""adverse_window_minutes"": 5, ""max_adverse_ticks"": 8}",delay_adverse_filter
mgc_15min_avoid_immediate_adverse_move_sm0p75_tm3p00_d5_aw5_mt12,MGC,15min,1min,regime_filtered_ema_mild_atr_20_80_compression_off_atr_target_1p0_ts3_vq0p95_bf0p5_ra1p2,0.75,3.0,5,avoid_immediate_adverse_move,"{""adverse_window_minutes"": 5, ""max_adverse_ticks"": 12}",delay_adverse_filter
mgc_15min_avoid_immediate_adverse_move_sm0p75_tm3p00_d5_aw5_mt16,MGC,15min,1min,regime_filtered_ema_mild_atr_20_80_compression_off_atr_target_1p0_ts3_vq0p95_bf0p5_ra1p2,0.75,3.0,5,avoid_immediate_adverse_move,"{""adverse_window_minutes"": 5, ""max_adverse_ticks"": 16}",delay_adverse_filter
mgc_15min_require_no_stop_zone_touch_before_entry_sm0p75_tm3p00_d15_sz0p50,MGC,15min,1min,regime_filtered_ema_mild_atr_20_80_compression_off_atr_target_1p0_ts3_vq0p95_bf0p5_ra1p2,0.75,3.0,15,require_no_stop_zone_touch_before_entry,"{""stop_zone_fraction"": 0.5}",delay_stop_zone_filter
mgc_15min_require_no_stop_zone_touch_before_entry_sm0p75_tm3p00_d15_sz0p75,MGC,15min,1min,regime_filtered_ema_mild_atr_20_80_compression_off_atr_target_1p0_ts3_vq0p95_bf0p5_ra1p2,0.75,3.0,15,require_no_stop_zone_touch_before_entry,"{""stop_zone_fraction"": 0.75}",delay_stop_zone_filter
mgc_15min_require_no_stop_zone_touch_before_entry_sm0p75_tm3p00_d15_sz1p00,MGC,15min,1min,regime_filtered_ema_mild_atr_20_80_compression_off_atr_target_1p0_ts3_vq0p95_bf0p5_ra1p2,0.75,3.0,15,require_no_stop_zone_touch_before_entry,"{""stop_zone_fraction"": 1.0}",delay_stop_zone_filter
mgc_15min_avoid_immediate_adverse_move_sm0p75_tm3p00_d15_aw5_mt8,MGC,15min,1min,regime_filtered_ema_mild_atr_20_80_compression_off_atr_target_1p0_ts3_vq0p95_bf0p5_ra1p2,0.75,3.0,15,avoid_immediate_adverse_move,"{""adverse_window_minutes"": 5, ""max_adverse_ticks"": 8}",delay_adverse_filter
mgc_15min_avoid_immediate_adverse_move_sm0p75_tm3p00_d15_aw5_mt12,MGC,15min,1min,regime_filtered_ema_mild_atr_20_80_compression_off_atr_target_1p0_ts3_vq0p95_bf0p5_ra1p2,0.75,3.0,15,avoid_immediate_adverse_move,"{""adverse_window_minutes"": 5, ""max_adverse_ticks"": 12}",delay_adverse_filter
mgc_15min_avoid_immediate_adverse_move_sm0p75_tm3p00_d15_aw5_mt16,MGC,15min,1min,regime_filtered_ema_mild_atr_20_80_compression_off_atr_target_1p0_ts3_vq0p95_bf0p5_ra1p2,0.75,3.0,15,avoid_immediate_adverse_move,"{""adverse_window_minutes"": 5, ""max_adverse_ticks"": 16}",delay_adverse_filter
mgc_15min_avoid_immediate_adverse_move_sm0p75_tm3p00_d15_aw10_mt8,MGC,15min,1min,regime_filtered_ema_mild_atr_20_80_compression_off_atr_target_1p0_ts3_vq0p95_bf0p5_ra1p2,0.75,3.0,15,avoid_immediate_adverse_move,"{""adverse_window_minutes"": 10, ""max_adverse_ticks"": 8}",delay_adverse_filter
mgc_15min_avoid_immediate_adverse_move_sm0p75_tm3p00_d15_aw10_mt12,MGC,15min,1min,regime_filtered_ema_mild_atr_20_80_compression_off_atr_target_1p0_ts3_vq0p95_bf0p5_ra1p2,0.75,3.0,15,avoid_immediate_adverse_move,"{""adverse_window_minutes"": 10, ""max_adverse_ticks"": 12}",delay_adverse_filter
mgc_15min_avoid_immediate_adverse_move_sm0p75_tm3p00_d15_aw10_mt16,MGC,15min,1min,regime_filtered_ema_mild_atr_20_80_compression_off_atr_target_1p0_ts3_vq0p95_bf0p5_ra1p2,0.75,3.0,15,avoid_immediate_adverse_move,"{""adverse_window_minutes"": 10, ""max_adverse_ticks"": 16}",delay_adverse_filter
mgc_15min_require_no_stop_zone_touch_before_entry_sm0p75_tm3p00_d30_sz0p50,MGC,15min,1min,regime_filtered_ema_mild_atr_20_80_compression_off_atr_target_1p0_ts3_vq0p95_bf0p5_ra1p2,0.75,3.0,30,require_no_stop_zone_touch_before_entry,"{""stop_zone_fraction"": 0.5}",delay_stop_zone_filter
mgc_15min_require_no_stop_zone_touch_before_entry_sm0p75_tm3p00_d30_sz0p75,MGC,15min,1min,regime_filtered_ema_mild_atr_20_80_compression_off_atr_target_1p0_ts3_vq0p95_bf0p5_ra1p2,0.75,3.0,30,require_no_stop_zone_touch_before_entry,"{""stop_zone_fraction"": 0.75}",delay_stop_zone_filter
mgc_15min_require_no_stop_zone_touch_before_entry_sm0p75_tm3p00_d30_sz1p00,MGC,15min,1min,regime_filtered_ema_mild_atr_20_80_compression_off_atr_target_1p0_ts3_vq0p95_bf0p5_ra1p2,0.75,3.0,30,require_no_stop_zone_touch_before_entry,"{""stop_zone_fraction"": 1.0}",delay_stop_zone_filter
mgc_15min_avoid_immediate_adverse_move_sm0p75_tm3p00_d30_aw5_mt8,MGC,15min,1min,regime_filtered_ema_mild_atr_20_80_compression_off_atr_target_1p0_ts3_vq0p95_bf0p5_ra1p2,0.75,3.0,30,avoid_immediate_adverse_move,"{""adverse_window_minutes"": 5, ""max_adverse_ticks"": 8}",delay_adverse_filter
mgc_15min_avoid_immediate_adverse_move_sm0p75_tm3p00_d30_aw5_mt12,MGC,15min,1min,regime_filtered_ema_mild_atr_20_80_compression_off_atr_target_1p0_ts3_vq0p95_bf0p5_ra1p2,0.75,3.0,30,avoid_immediate_adverse_move,"{""adverse_window_minutes"": 5, ""max_adverse_ticks"": 12}",delay_adverse_filter
mgc_15min_avoid_immediate_adverse_move_sm0p75_tm3p00_d30_aw5_mt16,MGC,15min,1min,regime_filtered_ema_mild_atr_20_80_compression_off_atr_target_1p0_ts3_vq0p95_bf0p5_ra1p2,0.75,3.0,30,avoid_immediate_adverse_move,"{""adverse_window_minutes"": 5, ""max_adverse_ticks"": 16}",delay_adverse_filter
mgc_15min_avoid_immediate_adverse_move_sm0p75_tm3p00_d30_aw10_mt8,MGC,15min,1min,regime_filtered_ema_mild_atr_20_80_compression_off_atr_target_1p0_ts3_vq0p95_bf0p5_ra1p2,0.75,3.0,30,avoid_immediate_adverse_move,"{""adverse_window_minutes"": 10, ""max_adverse_ticks"": 8}",delay_adverse_filter
mgc_15min_avoid_immediate_adverse_move_sm0p75_tm3p00_d30_aw10_mt12,MGC,15min,1min,regime_filtered_ema_mild_atr_20_80_compression_off_atr_target_1p0_ts3_vq0p95_bf0p5_ra1p2,0.75,3.0,30,avoid_immediate_adverse_move,"{""adverse_window_minutes"": 10, ""max_adverse_ticks"": 12}",delay_adverse_filter
mgc_15min_avoid_immediate_adverse_move_sm0p75_tm3p00_d30_aw10_mt16,MGC,15min,1min,regime_filtered_ema_mild_atr_20_80_compression_off_atr_target_1p0_ts3_vq0p95_bf0p5_ra1p2,0.75,3.0,30,avoid_immediate_adverse_move,"{""adverse_window_minutes"": 10, ""max_adverse_ticks"": 16}",delay_adverse_filter
mgc_15min_require_no_stop_zone_touch_before_entry_sm1p00_tm2p00_d5_sz0p50,MGC,15min,1min,regime_filtered_ema_mild_atr_20_80_compression_off_atr_target_1p0_ts3_vq0p95_bf0p5_ra1p2,1.0,2.0,5,require_no_stop_zone_touch_before_entry,"{""stop_zone_fraction"": 0.5}",delay_stop_zone_filter
mgc_15min_require_no_stop_zone_touch_before_entry_sm1p00_tm2p00_d5_sz0p75,MGC,15min,1min,regime_filtered_ema_mild_atr_20_80_compression_off_atr_target_1p0_ts3_vq0p95_bf0p5_ra1p2,1.0,2.0,5,require_no_stop_zone_touch_before_entry,"{""stop_zone_fraction"": 0.75}",delay_stop_zone_filter
mgc_15min_require_no_stop_zone_touch_before_entry_sm1p00_tm2p00_d5_sz1p00,MGC,15min,1min,regime_filtered_ema_mild_atr_20_80_compression_off_atr_target_1p0_ts3_vq0p95_bf0p5_ra1p2,1.0,2.0,5,require_no_stop_zone_touch_before_entry,"{""stop_zone_fraction"": 1.0}",delay_stop_zone_filter
mgc_15min_avoid_immediate_adverse_move_sm1p00_tm2p00_d5_aw5_mt8,MGC,15min,1min,regime_filtered_ema_mild_atr_20_80_compression_off_atr_target_1p0_ts3_vq0p95_bf0p5_ra1p2,1.0,2.0,5,avoid_immediate_adverse_move,"{""adverse_window_minutes"": 5, ""max_adverse_ticks"": 8}",delay_adverse_filter
mgc_15min_avoid_immediate_adverse_move_sm1p00_tm2p00_d5_aw5_mt12,MGC,15min,1min,regime_filtered_ema_mild_atr_20_80_compression_off_atr_target_1p0_ts3_vq0p95_bf0p5_ra1p2,1.0,2.0,5,avoid_immediate_adverse_move,"{""adverse_window_minutes"": 5, ""max_adverse_ticks"": 12}",delay_adverse_filter
mgc_15min_avoid_immediate_adverse_move_sm1p00_tm2p00_d5_aw5_mt16,MGC,15min,1min,regime_filtered_ema_mild_atr_20_80_compression_off_atr_target_1p0_ts3_vq0p95_bf0p5_ra1p2,1.0,2.0,5,avoid_immediate_adverse_move,"{""adverse_window_minutes"": 5, ""max_adverse_ticks"": 16}",delay_adverse_filter
mgc_15min_require_no_stop_zone_touch_before_entry_sm1p00_tm2p00_d15_sz0p50,MGC,15min,1min,regime_filtered_ema_mild_atr_20_80_compression_off_atr_target_1p0_ts3_vq0p95_bf0p5_ra1p2,1.0,2.0,15,require_no_stop_zone_touch_before_entry,"{""stop_zone_fraction"": 0.5}",delay_stop_zone_filter
mgc_15min_require_no_stop_zone_touch_before_entry_sm1p00_tm2p00_d15_sz0p75,MGC,15min,1min,regime_filtered_ema_mild_atr_20_80_compression_off_atr_target_1p0_ts3_vq0p95_bf0p5_ra1p2,1.0,2.0,15,require_no_stop_zone_touch_before_entry,"{""stop_zone_fraction"": 0.75}",delay_stop_zone_filter
mgc_15min_require_no_stop_zone_touch_before_entry_sm1p00_tm2p00_d15_sz1p00,MGC,15min,1min,regime_filtered_ema_mild_atr_20_80_compression_off_atr_target_1p0_ts3_vq0p95_bf0p5_ra1p2,1.0,2.0,15,require_no_stop_zone_touch_before_entry,"{""stop_zone_fraction"": 1.0}",delay_stop_zone_filter
mgc_15min_avoid_immediate_adverse_move_sm1p00_tm2p00_d15_aw5_mt8,MGC,15min,1min,regime_filtered_ema_mild_atr_20_80_compression_off_atr_target_1p0_ts3_vq0p95_bf0p5_ra1p2,1.0,2.0,15,avoid_immediate_adverse_move,"{""adverse_window_minutes"": 5, ""max_adverse_ticks"": 8}",delay_adverse_filter
mgc_15min_avoid_immediate_adverse_move_sm1p00_tm2p00_d15_aw5_mt12,MGC,15min,1min,regime_filtered_ema_mild_atr_20_80_compression_off_atr_target_1p0_ts3_vq0p95_bf0p5_ra1p2,1.0,2.0,15,avoid_immediate_adverse_move,"{""adverse_window_minutes"": 5, ""max_adverse_ticks"": 12}",delay_adverse_filter
mgc_15min_avoid_immediate_adverse_move_sm1p00_tm2p00_d15_aw5_mt16,MGC,15min,1min,regime_filtered_ema_mild_atr_20_80_compression_off_atr_target_1p0_ts3_vq0p95_bf0p5_ra1p2,1.0,2.0,15,avoid_immediate_adverse_move,"{""adverse_window_minutes"": 5, ""max_adverse_ticks"": 16}",delay_adverse_filter
mgc_15min_avoid_immediate_adverse_move_sm1p00_tm2p00_d15_aw10_mt8,MGC,15min,1min,regime_filtered_ema_mild_atr_20_80_compression_off_atr_target_1p0_ts3_vq0p95_bf0p5_ra1p2,1.0,2.0,15,avoid_immediate_adverse_move,"{""adverse_window_minutes"": 10, ""max_adverse_ticks"": 8}",delay_adverse_filter
mgc_15min_avoid_immediate_adverse_move_sm1p00_tm2p00_d15_aw10_mt12,MGC,15min,1min,regime_filtered_ema_mild_atr_20_80_compression_off_atr_target_1p0_ts3_vq0p95_bf0p5_ra1p2,1.0,2.0,15,avoid_immediate_adverse_move,"{""adverse_window_minutes"": 10, ""max_adverse_ticks"": 12}",delay_adverse_filter
mgc_15min_avoid_immediate_adverse_move_sm1p00_tm2p00_d15_aw10_mt16,MGC,15min,1min,regime_filtered_ema_mild_atr_20_80_compression_off_atr_target_1p0_ts3_vq0p95_bf0p5_ra1p2,1.0,2.0,15,avoid_immediate_adverse_move,"{""adverse_window_minutes"": 10, ""max_adverse_ticks"": 16}",delay_adverse_filter
mgc_15min_require_no_stop_zone_touch_before_entry_sm1p00_tm2p00_d30_sz0p50,MGC,15min,1min,regime_filtered_ema_mild_atr_20_80_compression_off_atr_target_1p0_ts3_vq0p95_bf0p5_ra1p2,1.0,2.0,30,require_no_stop_zone_touch_before_entry,"{""stop_zone_fraction"": 0.5}",delay_stop_zone_filter
mgc_15min_require_no_stop_zone_touch_before_entry_sm1p00_tm2p00_d30_sz0p75,MGC,15min,1min,regime_filtered_ema_mild_atr_20_80_compression_off_atr_target_1p0_ts3_vq0p95_bf0p5_ra1p2,1.0,2.0,30,require_no_stop_zone_touch_before_entry,"{""stop_zone_fraction"": 0.75}",delay_stop_zone_filter
mgc_15min_require_no_stop_zone_touch_before_entry_sm1p00_tm2p00_d30_sz1p00,MGC,15min,1min,regime_filtered_ema_mild_atr_20_80_compression_off_atr_target_1p0_ts3_vq0p95_bf0p5_ra1p2,1.0,2.0,30,require_no_stop_zone_touch_before_entry,"{""stop_zone_fraction"": 1.0}",delay_stop_zone_filter
mgc_15min_avoid_immediate_adverse_move_sm1p00_tm2p00_d30_aw5_mt8,MGC,15min,1min,regime_filtered_ema_mild_atr_20_80_compression_off_atr_target_1p0_ts3_vq0p95_bf0p5_ra1p2,1.0,2.0,30,avoid_immediate_adverse_move,"{""adverse_window_minutes"": 5, ""max_adverse_ticks"": 8}",delay_adverse_filter
mgc_15min_avoid_immediate_adverse_move_sm1p00_tm2p00_d30_aw5_mt12,MGC,15min,1min,regime_filtered_ema_mild_atr_20_80_compression_off_atr_target_1p0_ts3_vq0p95_bf0p5_ra1p2,1.0,2.0,30,avoid_immediate_adverse_move,"{""adverse_window_minutes"": 5, ""max_adverse_ticks"": 12}",delay_adverse_filter
mgc_15min_avoid_immediate_adverse_move_sm1p00_tm2p00_d30_aw5_mt16,MGC,15min,1min,regime_filtered_ema_mild_atr_20_80_compression_off_atr_target_1p0_ts3_vq0p95_bf0p5_ra1p2,1.0,2.0,30,avoid_immediate_adverse_move,"{""adverse_window_minutes"": 5, ""max_adverse_ticks"": 16}",delay_adverse_filter
mgc_15min_avoid_immediate_adverse_move_sm1p00_tm2p00_d30_aw10_mt8,MGC,15min,1min,regime_filtered_ema_mild_atr_20_80_compression_off_atr_target_1p0_ts3_vq0p95_bf0p5_ra1p2,1.0,2.0,30,avoid_immediate_adverse_move,"{""adverse_window_minutes"": 10, ""max_adverse_ticks"": 8}",delay_adverse_filter
mgc_15min_avoid_immediate_adverse_move_sm1p00_tm2p00_d30_aw10_mt12,MGC,15min,1min,regime_filtered_ema_mild_atr_20_80_compression_off_atr_target_1p0_ts3_vq0p95_bf0p5_ra1p2,1.0,2.0,30,avoid_immediate_adverse_move,"{""adverse_window_minutes"": 10, ""max_adverse_ticks"": 12}",delay_adverse_filter
mgc_15min_avoid_immediate_adverse_move_sm1p00_tm2p00_d30_aw10_mt16,MGC,15min,1min,regime_filtered_ema_mild_atr_20_80_compression_off_atr_target_1p0_ts3_vq0p95_bf0p5_ra1p2,1.0,2.0,30,avoid_immediate_adverse_move,"{""adverse_window_minutes"": 10, ""max_adverse_ticks"": 16}",delay_adverse_filter
mgc_15min_require_no_stop_zone_touch_before_entry_sm1p00_tm2p50_d5_sz0p50,MGC,15min,1min,regime_filtered_ema_mild_atr_20_80_compression_off_atr_target_1p0_ts3_vq0p95_bf0p5_ra1p2,1.0,2.5,5,require_no_stop_zone_touch_before_entry,"{""stop_zone_fraction"": 0.5}",delay_stop_zone_filter
mgc_15min_require_no_stop_zone_touch_before_entry_sm1p00_tm2p50_d5_sz0p75,MGC,15min,1min,regime_filtered_ema_mild_atr_20_80_compression_off_atr_target_1p0_ts3_vq0p95_bf0p5_ra1p2,1.0,2.5,5,require_no_stop_zone_touch_before_entry,"{""stop_zone_fraction"": 0.75}",delay_stop_zone_filter
mgc_15min_require_no_stop_zone_touch_before_entry_sm1p00_tm2p50_d5_sz1p00,MGC,15min,1min,regime_filtered_ema_mild_atr_20_80_compression_off_atr_target_1p0_ts3_vq0p95_bf0p5_ra1p2,1.0,2.5,5,require_no_stop_zone_touch_before_entry,"{""stop_zone_fraction"": 1.0}",delay_stop_zone_filter
mgc_15min_avoid_immediate_adverse_move_sm1p00_tm2p50_d5_aw5_mt8,MGC,15min,1min,regime_filtered_ema_mild_atr_20_80_compression_off_atr_target_1p0_ts3_vq0p95_bf0p5_ra1p2,1.0,2.5,5,avoid_immediate_adverse_move,"{""adverse_window_minutes"": 5, ""max_adverse_ticks"": 8}",delay_adverse_filter
mgc_15min_avoid_immediate_adverse_move_sm1p00_tm2p50_d5_aw5_mt12,MGC,15min,1min,regime_filtered_ema_mild_atr_20_80_compression_off_atr_target_1p0_ts3_vq0p95_bf0p5_ra1p2,1.0,2.5,5,avoid_immediate_adverse_move,"{""adverse_window_minutes"": 5, ""max_adverse_ticks"": 12}",delay_adverse_filter
mgc_15min_avoid_immediate_adverse_move_sm1p00_tm2p50_d5_aw5_mt16,MGC,15min,1min,regime_filtered_ema_mild_atr_20_80_compression_off_atr_target_1p0_ts3_vq0p95_bf0p5_ra1p2,1.0,2.5,5,avoid_immediate_adverse_move,"{""adverse_window_minutes"": 5, ""max_adverse_ticks"": 16}",delay_adverse_filter
mgc_15min_require_no_stop_zone_touch_before_entry_sm1p00_tm2p50_d15_sz0p50,MGC,15min,1min,regime_filtered_ema_mild_atr_20_80_compression_off_atr_target_1p0_ts3_vq0p95_bf0p5_ra1p2,1.0,2.5,15,require_no_stop_zone_touch_before_entry,"{""stop_zone_fraction"": 0.5}",delay_stop_zone_filter
mgc_15min_require_no_stop_zone_touch_before_entry_sm1p00_tm2p50_d15_sz0p75,MGC,15min,1min,regime_filtered_ema_mild_atr_20_80_compression_off_atr_target_1p0_ts3_vq0p95_bf0p5_ra1p2,1.0,2.5,15,require_no_stop_zone_touch_before_entry,"{""stop_zone_fraction"": 0.75}",delay_stop_zone_filter
mgc_15min_require_no_stop_zone_touch_before_entry_sm1p00_tm2p50_d15_sz1p00,MGC,15min,1min,regime_filtered_ema_mild_atr_20_80_compression_off_atr_target_1p0_ts3_vq0p95_bf0p5_ra1p2,1.0,2.5,15,require_no_stop_zone_touch_before_entry,"{""stop_zone_fraction"": 1.0}",delay_stop_zone_filter
mgc_15min_avoid_immediate_adverse_move_sm1p00_tm2p50_d15_aw5_mt8,MGC,15min,1min,regime_filtered_ema_mild_atr_20_80_compression_off_atr_target_1p0_ts3_vq0p95_bf0p5_ra1p2,1.0,2.5,15,avoid_immediate_adverse_move,"{""adverse_window_minutes"": 5, ""max_adverse_ticks"": 8}",delay_adverse_filter
mgc_15min_avoid_immediate_adverse_move_sm1p00_tm2p50_d15_aw5_mt12,MGC,15min,1min,regime_filtered_ema_mild_atr_20_80_compression_off_atr_target_1p0_ts3_vq0p95_bf0p5_ra1p2,1.0,2.5,15,avoid_immediate_adverse_move,"{""adverse_window_minutes"": 5, ""max_adverse_ticks"": 12}",delay_adverse_filter
mgc_15min_avoid_immediate_adverse_move_sm1p00_tm2p50_d15_aw5_mt16,MGC,15min,1min,regime_filtered_ema_mild_atr_20_80_compression_off_atr_target_1p0_ts3_vq0p95_bf0p5_ra1p2,1.0,2.5,15,avoid_immediate_adverse_move,"{""adverse_window_minutes"": 5, ""max_adverse_ticks"": 16}",delay_adverse_filter
mgc_15min_avoid_immediate_adverse_move_sm1p00_tm2p50_d15_aw10_mt8,MGC,15min,1min,regime_filtered_ema_mild_atr_20_80_compression_off_atr_target_1p0_ts3_vq0p95_bf0p5_ra1p2,1.0,2.5,15,avoid_immediate_adverse_move,"{""adverse_window_minutes"": 10, ""max_adverse_ticks"": 8}",delay_adverse_filter
mgc_15min_avoid_immediate_adverse_move_sm1p00_tm2p50_d15_aw10_mt12,MGC,15min,1min,regime_filtered_ema_mild_atr_20_80_compression_off_atr_target_1p0_ts3_vq0p95_bf0p5_ra1p2,1.0,2.5,15,avoid_immediate_adverse_move,"{""adverse_window_minutes"": 10, ""max_adverse_ticks"": 12}",delay_adverse_filter
mgc_15min_avoid_immediate_adverse_move_sm1p00_tm2p50_d15_aw10_mt16,MGC,15min,1min,regime_filtered_ema_mild_atr_20_80_compression_off_atr_target_1p0_ts3_vq0p95_bf0p5_ra1p2,1.0,2.5,15,avoid_immediate_adverse_move,"{""adverse_window_minutes"": 10, ""max_adverse_ticks"": 16}",delay_adverse_filter
mgc_15min_require_no_stop_zone_touch_before_entry_sm1p00_tm2p50_d30_sz0p50,MGC,15min,1min,regime_filtered_ema_mild_atr_20_80_compression_off_atr_target_1p0_ts3_vq0p95_bf0p5_ra1p2,1.0,2.5,30,require_no_stop_zone_touch_before_entry,"{""stop_zone_fraction"": 0.5}",delay_stop_zone_filter
mgc_15min_require_no_stop_zone_touch_before_entry_sm1p00_tm2p50_d30_sz0p75,MGC,15min,1min,regime_filtered_ema_mild_atr_20_80_compression_off_atr_target_1p0_ts3_vq0p95_bf0p5_ra1p2,1.0,2.5,30,require_no_stop_zone_touch_before_entry,"{""stop_zone_fraction"": 0.75}",delay_stop_zone_filter
mgc_15min_require_no_stop_zone_touch_before_entry_sm1p00_tm2p50_d30_sz1p00,MGC,15min,1min,regime_filtered_ema_mild_atr_20_80_compression_off_atr_target_1p0_ts3_vq0p95_bf0p5_ra1p2,1.0,2.5,30,require_no_stop_zone_touch_before_entry,"{""stop_zone_fraction"": 1.0}",delay_stop_zone_filter
mgc_15min_avoid_immediate_adverse_move_sm1p00_tm2p50_d30_aw5_mt8,MGC,15min,1min,regime_filtered_ema_mild_atr_20_80_compression_off_atr_target_1p0_ts3_vq0p95_bf0p5_ra1p2,1.0,2.5,30,avoid_immediate_adverse_move,"{""adverse_window_minutes"": 5, ""max_adverse_ticks"": 8}",delay_adverse_filter
mgc_15min_avoid_immediate_adverse_move_sm1p00_tm2p50_d30_aw5_mt12,MGC,15min,1min,regime_filtered_ema_mild_atr_20_80_compression_off_atr_target_1p0_ts3_vq0p95_bf0p5_ra1p2,1.0,2.5,30,avoid_immediate_adverse_move,"{""adverse_window_minutes"": 5, ""max_adverse_ticks"": 12}",delay_adverse_filter
mgc_15min_avoid_immediate_adverse_move_sm1p00_tm2p50_d30_aw5_mt16,MGC,15min,1min,regime_filtered_ema_mild_atr_20_80_compression_off_atr_target_1p0_ts3_vq0p95_bf0p5_ra1p2,1.0,2.5,30,avoid_immediate_adverse_move,"{""adverse_window_minutes"": 5, ""max_adverse_ticks"": 16}",delay_adverse_filter
mgc_15min_avoid_immediate_adverse_move_sm1p00_tm2p50_d30_aw10_mt8,MGC,15min,1min,regime_filtered_ema_mild_atr_20_80_compression_off_atr_target_1p0_ts3_vq0p95_bf0p5_ra1p2,1.0,2.5,30,avoid_immediate_adverse_move,"{""adverse_window_minutes"": 10, ""max_adverse_ticks"": 8}",delay_adverse_filter
mgc_15min_avoid_immediate_adverse_move_sm1p00_tm2p50_d30_aw10_mt12,MGC,15min,1min,regime_filtered_ema_mild_atr_20_80_compression_off_atr_target_1p0_ts3_vq0p95_bf0p5_ra1p2,1.0,2.5,30,avoid_immediate_adverse_move,"{""adverse_window_minutes"": 10, ""max_adverse_ticks"": 12}",delay_adverse_filter
mgc_15min_avoid_immediate_adverse_move_sm1p00_tm2p50_d30_aw10_mt16,MGC,15min,1min,regime_filtered_ema_mild_atr_20_80_compression_off_atr_target_1p0_ts3_vq0p95_bf0p5_ra1p2,1.0,2.5,30,avoid_immediate_adverse_move,"{""adverse_window_minutes"": 10, ""max_adverse_ticks"": 16}",delay_adverse_filter
mgc_15min_require_no_stop_zone_touch_before_entry_sm1p00_tm3p00_d5_sz0p50,MGC,15min,1min,regime_filtered_ema_mild_atr_20_80_compression_off_atr_target_1p0_ts3_vq0p95_bf0p5_ra1p2,1.0,3.0,5,require_no_stop_zone_touch_before_entry,"{""stop_zone_fraction"": 0.5}",delay_stop_zone_filter
mgc_15min_require_no_stop_zone_touch_before_entry_sm1p00_tm3p00_d5_sz0p75,MGC,15min,1min,regime_filtered_ema_mild_atr_20_80_compression_off_atr_target_1p0_ts3_vq0p95_bf0p5_ra1p2,1.0,3.0,5,require_no_stop_zone_touch_before_entry,"{""stop_zone_fraction"": 0.75}",delay_stop_zone_filter
mgc_15min_require_no_stop_zone_touch_before_entry_sm1p00_tm3p00_d5_sz1p00,MGC,15min,1min,regime_filtered_ema_mild_atr_20_80_compression_off_atr_target_1p0_ts3_vq0p95_bf0p5_ra1p2,1.0,3.0,5,require_no_stop_zone_touch_before_entry,"{""stop_zone_fraction"": 1.0}",delay_stop_zone_filter
mgc_15min_avoid_immediate_adverse_move_sm1p00_tm3p00_d5_aw5_mt8,MGC,15min,1min,regime_filtered_ema_mild_atr_20_80_compression_off_atr_target_1p0_ts3_vq0p95_bf0p5_ra1p2,1.0,3.0,5,avoid_immediate_adverse_move,"{""adverse_window_minutes"": 5, ""max_adverse_ticks"": 8}",delay_adverse_filter
mgc_15min_avoid_immediate_adverse_move_sm1p00_tm3p00_d5_aw5_mt12,MGC,15min,1min,regime_filtered_ema_mild_atr_20_80_compression_off_atr_target_1p0_ts3_vq0p95_bf0p5_ra1p2,1.0,3.0,5,avoid_immediate_adverse_move,"{""adverse_window_minutes"": 5, ""max_adverse_ticks"": 12}",delay_adverse_filter
mgc_15min_avoid_immediate_adverse_move_sm1p00_tm3p00_d5_aw5_mt16,MGC,15min,1min,regime_filtered_ema_mild_atr_20_80_compression_off_atr_target_1p0_ts3_vq0p95_bf0p5_ra1p2,1.0,3.0,5,avoid_immediate_adverse_move,"{""adverse_window_minutes"": 5, ""max_adverse_ticks"": 16}",delay_adverse_filter
mgc_15min_require_no_stop_zone_touch_before_entry_sm1p00_tm3p00_d15_sz0p50,MGC,15min,1min,regime_filtered_ema_mild_atr_20_80_compression_off_atr_target_1p0_ts3_vq0p95_bf0p5_ra1p2,1.0,3.0,15,require_no_stop_zone_touch_before_entry,"{""stop_zone_fraction"": 0.5}",delay_stop_zone_filter
mgc_15min_require_no_stop_zone_touch_before_entry_sm1p00_tm3p00_d15_sz0p75,MGC,15min,1min,regime_filtered_ema_mild_atr_20_80_compression_off_atr_target_1p0_ts3_vq0p95_bf0p5_ra1p2,1.0,3.0,15,require_no_stop_zone_touch_before_entry,"{""stop_zone_fraction"": 0.75}",delay_stop_zone_filter
mgc_15min_require_no_stop_zone_touch_before_entry_sm1p00_tm3p00_d15_sz1p00,MGC,15min,1min,regime_filtered_ema_mild_atr_20_80_compression_off_atr_target_1p0_ts3_vq0p95_bf0p5_ra1p2,1.0,3.0,15,require_no_stop_zone_touch_before_entry,"{""stop_zone_fraction"": 1.0}",delay_stop_zone_filter
mgc_15min_avoid_immediate_adverse_move_sm1p00_tm3p00_d15_aw5_mt8,MGC,15min,1min,regime_filtered_ema_mild_atr_20_80_compression_off_atr_target_1p0_ts3_vq0p95_bf0p5_ra1p2,1.0,3.0,15,avoid_immediate_adverse_move,"{""adverse_window_minutes"": 5, ""max_adverse_ticks"": 8}",delay_adverse_filter
mgc_15min_avoid_immediate_adverse_move_sm1p00_tm3p00_d15_aw5_mt12,MGC,15min,1min,regime_filtered_ema_mild_atr_20_80_compression_off_atr_target_1p0_ts3_vq0p95_bf0p5_ra1p2,1.0,3.0,15,avoid_immediate_adverse_move,"{""adverse_window_minutes"": 5, ""max_adverse_ticks"": 12}",delay_adverse_filter
mgc_15min_avoid_immediate_adverse_move_sm1p00_tm3p00_d15_aw5_mt16,MGC,15min,1min,regime_filtered_ema_mild_atr_20_80_compression_off_atr_target_1p0_ts3_vq0p95_bf0p5_ra1p2,1.0,3.0,15,avoid_immediate_adverse_move,"{""adverse_window_minutes"": 5, ""max_adverse_ticks"": 16}",delay_adverse_filter
mgc_15min_avoid_immediate_adverse_move_sm1p00_tm3p00_d15_aw10_mt8,MGC,15min,1min,regime_filtered_ema_mild_atr_20_80_compression_off_atr_target_1p0_ts3_vq0p95_bf0p5_ra1p2,1.0,3.0,15,avoid_immediate_adverse_move,"{""adverse_window_minutes"": 10, ""max_adverse_ticks"": 8}",delay_adverse_filter
mgc_15min_avoid_immediate_adverse_move_sm1p00_tm3p00_d15_aw10_mt12,MGC,15min,1min,regime_filtered_ema_mild_atr_20_80_compression_off_atr_target_1p0_ts3_vq0p95_bf0p5_ra1p2,1.0,3.0,15,avoid_immediate_adverse_move,"{""adverse_window_minutes"": 10, ""max_adverse_ticks"": 12}",delay_adverse_filter
mgc_15min_avoid_immediate_adverse_move_sm1p00_tm3p00_d15_aw10_mt16,MGC,15min,1min,regime_filtered_ema_mild_atr_20_80_compression_off_atr_target_1p0_ts3_vq0p95_bf0p5_ra1p2,1.0,3.0,15,avoid_immediate_adverse_move,"{""adverse_window_minutes"": 10, ""max_adverse_ticks"": 16}",delay_adverse_filter
mgc_15min_require_no_stop_zone_touch_before_entry_sm1p00_tm3p00_d30_sz0p50,MGC,15min,1min,regime_filtered_ema_mild_atr_20_80_compression_off_atr_target_1p0_ts3_vq0p95_bf0p5_ra1p2,1.0,3.0,30,require_no_stop_zone_touch_before_entry,"{""stop_zone_fraction"": 0.5}",delay_stop_zone_filter
mgc_15min_require_no_stop_zone_touch_before_entry_sm1p00_tm3p00_d30_sz0p75,MGC,15min,1min,regime_filtered_ema_mild_atr_20_80_compression_off_atr_target_1p0_ts3_vq0p95_bf0p5_ra1p2,1.0,3.0,30,require_no_stop_zone_touch_before_entry,"{""stop_zone_fraction"": 0.75}",delay_stop_zone_filter
mgc_15min_require_no_stop_zone_touch_before_entry_sm1p00_tm3p00_d30_sz1p00,MGC,15min,1min,regime_filtered_ema_mild_atr_20_80_compression_off_atr_target_1p0_ts3_vq0p95_bf0p5_ra1p2,1.0,3.0,30,require_no_stop_zone_touch_before_entry,"{""stop_zone_fraction"": 1.0}",delay_stop_zone_filter
mgc_15min_avoid_immediate_adverse_move_sm1p00_tm3p00_d30_aw5_mt8,MGC,15min,1min,regime_filtered_ema_mild_atr_20_80_compression_off_atr_target_1p0_ts3_vq0p95_bf0p5_ra1p2,1.0,3.0,30,avoid_immediate_adverse_move,"{""adverse_window_minutes"": 5, ""max_adverse_ticks"": 8}",delay_adverse_filter
mgc_15min_avoid_immediate_adverse_move_sm1p00_tm3p00_d30_aw5_mt12,MGC,15min,1min,regime_filtered_ema_mild_atr_20_80_compression_off_atr_target_1p0_ts3_vq0p95_bf0p5_ra1p2,1.0,3.0,30,avoid_immediate_adverse_move,"{""adverse_window_minutes"": 5, ""max_adverse_ticks"": 12}",delay_adverse_filter
mgc_15min_avoid_immediate_adverse_move_sm1p00_tm3p00_d30_aw5_mt16,MGC,15min,1min,regime_filtered_ema_mild_atr_20_80_compression_off_atr_target_1p0_ts3_vq0p95_bf0p5_ra1p2,1.0,3.0,30,avoid_immediate_adverse_move,"{""adverse_window_minutes"": 5, ""max_adverse_ticks"": 16}",delay_adverse_filter
mgc_15min_avoid_immediate_adverse_move_sm1p00_tm3p00_d30_aw10_mt8,MGC,15min,1min,regime_filtered_ema_mild_atr_20_80_compression_off_atr_target_1p0_ts3_vq0p95_bf0p5_ra1p2,1.0,3.0,30,avoid_immediate_adverse_move,"{""adverse_window_minutes"": 10, ""max_adverse_ticks"": 8}",delay_adverse_filter
mgc_15min_avoid_immediate_adverse_move_sm1p00_tm3p00_d30_aw10_mt12,MGC,15min,1min,regime_filtered_ema_mild_atr_20_80_compression_off_atr_target_1p0_ts3_vq0p95_bf0p5_ra1p2,1.0,3.0,30,avoid_immediate_adverse_move,"{""adverse_window_minutes"": 10, ""max_adverse_ticks"": 12}",delay_adverse_filter
mgc_15min_avoid_immediate_adverse_move_sm1p00_tm3p00_d30_aw10_mt16,MGC,15min,1min,regime_filtered_ema_mild_atr_20_80_compression_off_atr_target_1p0_ts3_vq0p95_bf0p5_ra1p2,1.0,3.0,30,avoid_immediate_adverse_move,"{""adverse_window_minutes"": 10, ""max_adverse_ticks"": 16}",delay_adverse_filter
mgc_15min_require_no_stop_zone_touch_before_entry_sm1p25_tm2p00_d5_sz0p50,MGC,15min,1min,regime_filtered_ema_mild_atr_20_80_compression_off_atr_target_1p0_ts3_vq0p95_bf0p5_ra1p2,1.25,2.0,5,require_no_stop_zone_touch_before_entry,"{""stop_zone_fraction"": 0.5}",delay_stop_zone_filter
mgc_15min_require_no_stop_zone_touch_before_entry_sm1p25_tm2p00_d5_sz0p75,MGC,15min,1min,regime_filtered_ema_mild_atr_20_80_compression_off_atr_target_1p0_ts3_vq0p95_bf0p5_ra1p2,1.25,2.0,5,require_no_stop_zone_touch_before_entry,"{""stop_zone_fraction"": 0.75}",delay_stop_zone_filter
mgc_15min_require_no_stop_zone_touch_before_entry_sm1p25_tm2p00_d5_sz1p00,MGC,15min,1min,regime_filtered_ema_mild_atr_20_80_compression_off_atr_target_1p0_ts3_vq0p95_bf0p5_ra1p2,1.25,2.0,5,require_no_stop_zone_touch_before_entry,"{""stop_zone_fraction"": 1.0}",delay_stop_zone_filter
mgc_15min_avoid_immediate_adverse_move_sm1p25_tm2p00_d5_aw5_mt8,MGC,15min,1min,regime_filtered_ema_mild_atr_20_80_compression_off_atr_target_1p0_ts3_vq0p95_bf0p5_ra1p2,1.25,2.0,5,avoid_immediate_adverse_move,"{""adverse_window_minutes"": 5, ""max_adverse_ticks"": 8}",delay_adverse_filter
mgc_15min_avoid_immediate_adverse_move_sm1p25_tm2p00_d5_aw5_mt12,MGC,15min,1min,regime_filtered_ema_mild_atr_20_80_compression_off_atr_target_1p0_ts3_vq0p95_bf0p5_ra1p2,1.25,2.0,5,avoid_immediate_adverse_move,"{""adverse_window_minutes"": 5, ""max_adverse_ticks"": 12}",delay_adverse_filter
mgc_15min_avoid_immediate_adverse_move_sm1p25_tm2p00_d5_aw5_mt16,MGC,15min,1min,regime_filtered_ema_mild_atr_20_80_compression_off_atr_target_1p0_ts3_vq0p95_bf0p5_ra1p2,1.25,2.0,5,avoid_immediate_adverse_move,"{""adverse_window_minutes"": 5, ""max_adverse_ticks"": 16}",delay_adverse_filter
mgc_15min_require_no_stop_zone_touch_before_entry_sm1p25_tm2p00_d15_sz0p50,MGC,15min,1min,regime_filtered_ema_mild_atr_20_80_compression_off_atr_target_1p0_ts3_vq0p95_bf0p5_ra1p2,1.25,2.0,15,require_no_stop_zone_touch_before_entry,"{""stop_zone_fraction"": 0.5}",delay_stop_zone_filter
mgc_15min_require_no_stop_zone_touch_before_entry_sm1p25_tm2p00_d15_sz0p75,MGC,15min,1min,regime_filtered_ema_mild_atr_20_80_compression_off_atr_target_1p0_ts3_vq0p95_bf0p5_ra1p2,1.25,2.0,15,require_no_stop_zone_touch_before_entry,"{""stop_zone_fraction"": 0.75}",delay_stop_zone_filter
mgc_15min_require_no_stop_zone_touch_before_entry_sm1p25_tm2p00_d15_sz1p00,MGC,15min,1min,regime_filtered_ema_mild_atr_20_80_compression_off_atr_target_1p0_ts3_vq0p95_bf0p5_ra1p2,1.25,2.0,15,require_no_stop_zone_touch_before_entry,"{""stop_zone_fraction"": 1.0}",delay_stop_zone_filter
mgc_15min_avoid_immediate_adverse_move_sm1p25_tm2p00_d15_aw5_mt8,MGC,15min,1min,regime_filtered_ema_mild_atr_20_80_compression_off_atr_target_1p0_ts3_vq0p95_bf0p5_ra1p2,1.25,2.0,15,avoid_immediate_adverse_move,"{""adverse_window_minutes"": 5, ""max_adverse_ticks"": 8}",delay_adverse_filter
mgc_15min_avoid_immediate_adverse_move_sm1p25_tm2p00_d15_aw5_mt12,MGC,15min,1min,regime_filtered_ema_mild_atr_20_80_compression_off_atr_target_1p0_ts3_vq0p95_bf0p5_ra1p2,1.25,2.0,15,avoid_immediate_adverse_move,"{""adverse_window_minutes"": 5, ""max_adverse_ticks"": 12}",delay_adverse_filter
mgc_15min_avoid_immediate_adverse_move_sm1p25_tm2p00_d15_aw5_mt16,MGC,15min,1min,regime_filtered_ema_mild_atr_20_80_compression_off_atr_target_1p0_ts3_vq0p95_bf0p5_ra1p2,1.25,2.0,15,avoid_immediate_adverse_move,"{""adverse_window_minutes"": 5, ""max_adverse_ticks"": 16}",delay_adverse_filter
mgc_15min_avoid_immediate_adverse_move_sm1p25_tm2p00_d15_aw10_mt8,MGC,15min,1min,regime_filtered_ema_mild_atr_20_80_compression_off_atr_target_1p0_ts3_vq0p95_bf0p5_ra1p2,1.25,2.0,15,avoid_immediate_adverse_move,"{""adverse_window_minutes"": 10, ""max_adverse_ticks"": 8}",delay_adverse_filter
mgc_15min_avoid_immediate_adverse_move_sm1p25_tm2p00_d15_aw10_mt12,MGC,15min,1min,regime_filtered_ema_mild_atr_20_80_compression_off_atr_target_1p0_ts3_vq0p95_bf0p5_ra1p2,1.25,2.0,15,avoid_immediate_adverse_move,"{""adverse_window_minutes"": 10, ""max_adverse_ticks"": 12}",delay_adverse_filter
mgc_15min_avoid_immediate_adverse_move_sm1p25_tm2p00_d15_aw10_mt16,MGC,15min,1min,regime_filtered_ema_mild_atr_20_80_compression_off_atr_target_1p0_ts3_vq0p95_bf0p5_ra1p2,1.25,2.0,15,avoid_immediate_adverse_move,"{""adverse_window_minutes"": 10, ""max_adverse_ticks"": 16}",delay_adverse_filter
mgc_15min_require_no_stop_zone_touch_before_entry_sm1p25_tm2p00_d30_sz0p50,MGC,15min,1min,regime_filtered_ema_mild_atr_20_80_compression_off_atr_target_1p0_ts3_vq0p95_bf0p5_ra1p2,1.25,2.0,30,require_no_stop_zone_touch_before_entry,"{""stop_zone_fraction"": 0.5}",delay_stop_zone_filter
mgc_15min_require_no_stop_zone_touch_before_entry_sm1p25_tm2p00_d30_sz0p75,MGC,15min,1min,regime_filtered_ema_mild_atr_20_80_compression_off_atr_target_1p0_ts3_vq0p95_bf0p5_ra1p2,1.25,2.0,30,require_no_stop_zone_touch_before_entry,"{""stop_zone_fraction"": 0.75}",delay_stop_zone_filter
mgc_15min_require_no_stop_zone_touch_before_entry_sm1p25_tm2p00_d30_sz1p00,MGC,15min,1min,regime_filtered_ema_mild_atr_20_80_compression_off_atr_target_1p0_ts3_vq0p95_bf0p5_ra1p2,1.25,2.0,30,require_no_stop_zone_touch_before_entry,"{""stop_zone_fraction"": 1.0}",delay_stop_zone_filter
mgc_15min_avoid_immediate_adverse_move_sm1p25_tm2p00_d30_aw5_mt8,MGC,15min,1min,regime_filtered_ema_mild_atr_20_80_compression_off_atr_target_1p0_ts3_vq0p95_bf0p5_ra1p2,1.25,2.0,30,avoid_immediate_adverse_move,"{""adverse_window_minutes"": 5, ""max_adverse_ticks"": 8}",delay_adverse_filter
mgc_15min_avoid_immediate_adverse_move_sm1p25_tm2p00_d30_aw5_mt12,MGC,15min,1min,regime_filtered_ema_mild_atr_20_80_compression_off_atr_target_1p0_ts3_vq0p95_bf0p5_ra1p2,1.25,2.0,30,avoid_immediate_adverse_move,"{""adverse_window_minutes"": 5, ""max_adverse_ticks"": 12}",delay_adverse_filter
mgc_15min_avoid_immediate_adverse_move_sm1p25_tm2p00_d30_aw5_mt16,MGC,15min,1min,regime_filtered_ema_mild_atr_20_80_compression_off_atr_target_1p0_ts3_vq0p95_bf0p5_ra1p2,1.25,2.0,30,avoid_immediate_adverse_move,"{""adverse_window_minutes"": 5, ""max_adverse_ticks"": 16}",delay_adverse_filter
mgc_15min_avoid_immediate_adverse_move_sm1p25_tm2p00_d30_aw10_mt8,MGC,15min,1min,regime_filtered_ema_mild_atr_20_80_compression_off_atr_target_1p0_ts3_vq0p95_bf0p5_ra1p2,1.25,2.0,30,avoid_immediate_adverse_move,"{""adverse_window_minutes"": 10, ""max_adverse_ticks"": 8}",delay_adverse_filter
mgc_15min_avoid_immediate_adverse_move_sm1p25_tm2p00_d30_aw10_mt12,MGC,15min,1min,regime_filtered_ema_mild_atr_20_80_compression_off_atr_target_1p0_ts3_vq0p95_bf0p5_ra1p2,1.25,2.0,30,avoid_immediate_adverse_move,"{""adverse_window_minutes"": 10, ""max_adverse_ticks"": 12}",delay_adverse_filter
mgc_15min_avoid_immediate_adverse_move_sm1p25_tm2p00_d30_aw10_mt16,MGC,15min,1min,regime_filtered_ema_mild_atr_20_80_compression_off_atr_target_1p0_ts3_vq0p95_bf0p5_ra1p2,1.25,2.0,30,avoid_immediate_adverse_move,"{""adverse_window_minutes"": 10, ""max_adverse_ticks"": 16}",delay_adverse_filter
mgc_15min_require_no_stop_zone_touch_before_entry_sm1p25_tm2p50_d5_sz0p50,MGC,15min,1min,regime_filtered_ema_mild_atr_20_80_compression_off_atr_target_1p0_ts3_vq0p95_bf0p5_ra1p2,1.25,2.5,5,require_no_stop_zone_touch_before_entry,"{""stop_zone_fraction"": 0.5}",delay_stop_zone_filter
mgc_15min_require_no_stop_zone_touch_before_entry_sm1p25_tm2p50_d5_sz0p75,MGC,15min,1min,regime_filtered_ema_mild_atr_20_80_compression_off_atr_target_1p0_ts3_vq0p95_bf0p5_ra1p2,1.25,2.5,5,require_no_stop_zone_touch_before_entry,"{""stop_zone_fraction"": 0.75}",delay_stop_zone_filter
mgc_15min_require_no_stop_zone_touch_before_entry_sm1p25_tm2p50_d5_sz1p00,MGC,15min,1min,regime_filtered_ema_mild_atr_20_80_compression_off_atr_target_1p0_ts3_vq0p95_bf0p5_ra1p2,1.25,2.5,5,require_no_stop_zone_touch_before_entry,"{""stop_zone_fraction"": 1.0}",delay_stop_zone_filter
mgc_15min_avoid_immediate_adverse_move_sm1p25_tm2p50_d5_aw5_mt8,MGC,15min,1min,regime_filtered_ema_mild_atr_20_80_compression_off_atr_target_1p0_ts3_vq0p95_bf0p5_ra1p2,1.25,2.5,5,avoid_immediate_adverse_move,"{""adverse_window_minutes"": 5, ""max_adverse_ticks"": 8}",delay_adverse_filter
mgc_15min_avoid_immediate_adverse_move_sm1p25_tm2p50_d5_aw5_mt12,MGC,15min,1min,regime_filtered_ema_mild_atr_20_80_compression_off_atr_target_1p0_ts3_vq0p95_bf0p5_ra1p2,1.25,2.5,5,avoid_immediate_adverse_move,"{""adverse_window_minutes"": 5, ""max_adverse_ticks"": 12}",delay_adverse_filter
mgc_15min_avoid_immediate_adverse_move_sm1p25_tm2p50_d5_aw5_mt16,MGC,15min,1min,regime_filtered_ema_mild_atr_20_80_compression_off_atr_target_1p0_ts3_vq0p95_bf0p5_ra1p2,1.25,2.5,5,avoid_immediate_adverse_move,"{""adverse_window_minutes"": 5, ""max_adverse_ticks"": 16}",delay_adverse_filter
mgc_15min_require_no_stop_zone_touch_before_entry_sm1p25_tm2p50_d15_sz0p50,MGC,15min,1min,regime_filtered_ema_mild_atr_20_80_compression_off_atr_target_1p0_ts3_vq0p95_bf0p5_ra1p2,1.25,2.5,15,require_no_stop_zone_touch_before_entry,"{""stop_zone_fraction"": 0.5}",delay_stop_zone_filter
mgc_15min_require_no_stop_zone_touch_before_entry_sm1p25_tm2p50_d15_sz0p75,MGC,15min,1min,regime_filtered_ema_mild_atr_20_80_compression_off_atr_target_1p0_ts3_vq0p95_bf0p5_ra1p2,1.25,2.5,15,require_no_stop_zone_touch_before_entry,"{""stop_zone_fraction"": 0.75}",delay_stop_zone_filter
mgc_15min_require_no_stop_zone_touch_before_entry_sm1p25_tm2p50_d15_sz1p00,MGC,15min,1min,regime_filtered_ema_mild_atr_20_80_compression_off_atr_target_1p0_ts3_vq0p95_bf0p5_ra1p2,1.25,2.5,15,require_no_stop_zone_touch_before_entry,"{""stop_zone_fraction"": 1.0}",delay_stop_zone_filter
mgc_15min_avoid_immediate_adverse_move_sm1p25_tm2p50_d15_aw5_mt8,MGC,15min,1min,regime_filtered_ema_mild_atr_20_80_compression_off_atr_target_1p0_ts3_vq0p95_bf0p5_ra1p2,1.25,2.5,15,avoid_immediate_adverse_move,"{""adverse_window_minutes"": 5, ""max_adverse_ticks"": 8}",delay_adverse_filter
mgc_15min_avoid_immediate_adverse_move_sm1p25_tm2p50_d15_aw5_mt12,MGC,15min,1min,regime_filtered_ema_mild_atr_20_80_compression_off_atr_target_1p0_ts3_vq0p95_bf0p5_ra1p2,1.25,2.5,15,avoid_immediate_adverse_move,"{""adverse_window_minutes"": 5, ""max_adverse_ticks"": 12}",delay_adverse_filter
mgc_15min_avoid_immediate_adverse_move_sm1p25_tm2p50_d15_aw5_mt16,MGC,15min,1min,regime_filtered_ema_mild_atr_20_80_compression_off_atr_target_1p0_ts3_vq0p95_bf0p5_ra1p2,1.25,2.5,15,avoid_immediate_adverse_move,"{""adverse_window_minutes"": 5, ""max_adverse_ticks"": 16}",delay_adverse_filter
mgc_15min_avoid_immediate_adverse_move_sm1p25_tm2p50_d15_aw10_mt8,MGC,15min,1min,regime_filtered_ema_mild_atr_20_80_compression_off_atr_target_1p0_ts3_vq0p95_bf0p5_ra1p2,1.25,2.5,15,avoid_immediate_adverse_move,"{""adverse_window_minutes"": 10, ""max_adverse_ticks"": 8}",delay_adverse_filter
mgc_15min_avoid_immediate_adverse_move_sm1p25_tm2p50_d15_aw10_mt12,MGC,15min,1min,regime_filtered_ema_mild_atr_20_80_compression_off_atr_target_1p0_ts3_vq0p95_bf0p5_ra1p2,1.25,2.5,15,avoid_immediate_adverse_move,"{""adverse_window_minutes"": 10, ""max_adverse_ticks"": 12}",delay_adverse_filter
mgc_15min_avoid_immediate_adverse_move_sm1p25_tm2p50_d15_aw10_mt16,MGC,15min,1min,regime_filtered_ema_mild_atr_20_80_compression_off_atr_target_1p0_ts3_vq0p95_bf0p5_ra1p2,1.25,2.5,15,avoid_immediate_adverse_move,"{""adverse_window_minutes"": 10, ""max_adverse_ticks"": 16}",delay_adverse_filter
mgc_15min_require_no_stop_zone_touch_before_entry_sm1p25_tm2p50_d30_sz0p50,MGC,15min,1min,regime_filtered_ema_mild_atr_20_80_compression_off_atr_target_1p0_ts3_vq0p95_bf0p5_ra1p2,1.25,2.5,30,require_no_stop_zone_touch_before_entry,"{""stop_zone_fraction"": 0.5}",delay_stop_zone_filter
mgc_15min_require_no_stop_zone_touch_before_entry_sm1p25_tm2p50_d30_sz0p75,MGC,15min,1min,regime_filtered_ema_mild_atr_20_80_compression_off_atr_target_1p0_ts3_vq0p95_bf0p5_ra1p2,1.25,2.5,30,require_no_stop_zone_touch_before_entry,"{""stop_zone_fraction"": 0.75}",delay_stop_zone_filter
mgc_15min_require_no_stop_zone_touch_before_entry_sm1p25_tm2p50_d30_sz1p00,MGC,15min,1min,regime_filtered_ema_mild_atr_20_80_compression_off_atr_target_1p0_ts3_vq0p95_bf0p5_ra1p2,1.25,2.5,30,require_no_stop_zone_touch_before_entry,"{""stop_zone_fraction"": 1.0}",delay_stop_zone_filter
mgc_15min_avoid_immediate_adverse_move_sm1p25_tm2p50_d30_aw5_mt8,MGC,15min,1min,regime_filtered_ema_mild_atr_20_80_compression_off_atr_target_1p0_ts3_vq0p95_bf0p5_ra1p2,1.25,2.5,30,avoid_immediate_adverse_move,"{""adverse_window_minutes"": 5, ""max_adverse_ticks"": 8}",delay_adverse_filter
mgc_15min_avoid_immediate_adverse_move_sm1p25_tm2p50_d30_aw5_mt12,MGC,15min,1min,regime_filtered_ema_mild_atr_20_80_compression_off_atr_target_1p0_ts3_vq0p95_bf0p5_ra1p2,1.25,2.5,30,avoid_immediate_adverse_move,"{""adverse_window_minutes"": 5, ""max_adverse_ticks"": 12}",delay_adverse_filter
mgc_15min_avoid_immediate_adverse_move_sm1p25_tm2p50_d30_aw5_mt16,MGC,15min,1min,regime_filtered_ema_mild_atr_20_80_compression_off_atr_target_1p0_ts3_vq0p95_bf0p5_ra1p2,1.25,2.5,30,avoid_immediate_adverse_move,"{""adverse_window_minutes"": 5, ""max_adverse_ticks"": 16}",delay_adverse_filter
mgc_15min_avoid_immediate_adverse_move_sm1p25_tm2p50_d30_aw10_mt8,MGC,15min,1min,regime_filtered_ema_mild_atr_20_80_compression_off_atr_target_1p0_ts3_vq0p95_bf0p5_ra1p2,1.25,2.5,30,avoid_immediate_adverse_move,"{""adverse_window_minutes"": 10, ""max_adverse_ticks"": 8}",delay_adverse_filter
mgc_15min_avoid_immediate_adverse_move_sm1p25_tm2p50_d30_aw10_mt12,MGC,15min,1min,regime_filtered_ema_mild_atr_20_80_compression_off_atr_target_1p0_ts3_vq0p95_bf0p5_ra1p2,1.25,2.5,30,avoid_immediate_adverse_move,"{""adverse_window_minutes"": 10, ""max_adverse_ticks"": 12}",delay_adverse_filter
mgc_15min_avoid_immediate_adverse_move_sm1p25_tm2p50_d30_aw10_mt16,MGC,15min,1min,regime_filtered_ema_mild_atr_20_80_compression_off_atr_target_1p0_ts3_vq0p95_bf0p5_ra1p2,1.25,2.5,30,avoid_immediate_adverse_move,"{""adverse_window_minutes"": 10, ""max_adverse_ticks"": 16}",delay_adverse_filter
mgc_15min_require_no_stop_zone_touch_before_entry_sm1p25_tm3p00_d5_sz0p50,MGC,15min,1min,regime_filtered_ema_mild_atr_20_80_compression_off_atr_target_1p0_ts3_vq0p95_bf0p5_ra1p2,1.25,3.0,5,require_no_stop_zone_touch_before_entry,"{""stop_zone_fraction"": 0.5}",delay_stop_zone_filter
mgc_15min_require_no_stop_zone_touch_before_entry_sm1p25_tm3p00_d5_sz0p75,MGC,15min,1min,regime_filtered_ema_mild_atr_20_80_compression_off_atr_target_1p0_ts3_vq0p95_bf0p5_ra1p2,1.25,3.0,5,require_no_stop_zone_touch_before_entry,"{""stop_zone_fraction"": 0.75}",delay_stop_zone_filter
mgc_15min_require_no_stop_zone_touch_before_entry_sm1p25_tm3p00_d5_sz1p00,MGC,15min,1min,regime_filtered_ema_mild_atr_20_80_compression_off_atr_target_1p0_ts3_vq0p95_bf0p5_ra1p2,1.25,3.0,5,require_no_stop_zone_touch_before_entry,"{""stop_zone_fraction"": 1.0}",delay_stop_zone_filter
mgc_15min_avoid_immediate_adverse_move_sm1p25_tm3p00_d5_aw5_mt8,MGC,15min,1min,regime_filtered_ema_mild_atr_20_80_compression_off_atr_target_1p0_ts3_vq0p95_bf0p5_ra1p2,1.25,3.0,5,avoid_immediate_adverse_move,"{""adverse_window_minutes"": 5, ""max_adverse_ticks"": 8}",delay_adverse_filter
mgc_15min_avoid_immediate_adverse_move_sm1p25_tm3p00_d5_aw5_mt12,MGC,15min,1min,regime_filtered_ema_mild_atr_20_80_compression_off_atr_target_1p0_ts3_vq0p95_bf0p5_ra1p2,1.25,3.0,5,avoid_immediate_adverse_move,"{""adverse_window_minutes"": 5, ""max_adverse_ticks"": 12}",delay_adverse_filter
mgc_15min_avoid_immediate_adverse_move_sm1p25_tm3p00_d5_aw5_mt16,MGC,15min,1min,regime_filtered_ema_mild_atr_20_80_compression_off_atr_target_1p0_ts3_vq0p95_bf0p5_ra1p2,1.25,3.0,5,avoid_immediate_adverse_move,"{""adverse_window_minutes"": 5, ""max_adverse_ticks"": 16}",delay_adverse_filter
mgc_15min_require_no_stop_zone_touch_before_entry_sm1p25_tm3p00_d15_sz0p50,MGC,15min,1min,regime_filtered_ema_mild_atr_20_80_compression_off_atr_target_1p0_ts3_vq0p95_bf0p5_ra1p2,1.25,3.0,15,require_no_stop_zone_touch_before_entry,"{""stop_zone_fraction"": 0.5}",delay_stop_zone_filter
mgc_15min_require_no_stop_zone_touch_before_entry_sm1p25_tm3p00_d15_sz0p75,MGC,15min,1min,regime_filtered_ema_mild_atr_20_80_compression_off_atr_target_1p0_ts3_vq0p95_bf0p5_ra1p2,1.25,3.0,15,require_no_stop_zone_touch_before_entry,"{""stop_zone_fraction"": 0.75}",delay_stop_zone_filter
mgc_15min_require_no_stop_zone_touch_before_entry_sm1p25_tm3p00_d15_sz1p00,MGC,15min,1min,regime_filtered_ema_mild_atr_20_80_compression_off_atr_target_1p0_ts3_vq0p95_bf0p5_ra1p2,1.25,3.0,15,require_no_stop_zone_touch_before_entry,"{""stop_zone_fraction"": 1.0}",delay_stop_zone_filter
mgc_15min_avoid_immediate_adverse_move_sm1p25_tm3p00_d15_aw5_mt8,MGC,15min,1min,regime_filtered_ema_mild_atr_20_80_compression_off_atr_target_1p0_ts3_vq0p95_bf0p5_ra1p2,1.25,3.0,15,avoid_immediate_adverse_move,"{""adverse_window_minutes"": 5, ""max_adverse_ticks"": 8}",delay_adverse_filter
mgc_15min_avoid_immediate_adverse_move_sm1p25_tm3p00_d15_aw5_mt12,MGC,15min,1min,regime_filtered_ema_mild_atr_20_80_compression_off_atr_target_1p0_ts3_vq0p95_bf0p5_ra1p2,1.25,3.0,15,avoid_immediate_adverse_move,"{""adverse_window_minutes"": 5, ""max_adverse_ticks"": 12}",delay_adverse_filter
mgc_15min_avoid_immediate_adverse_move_sm1p25_tm3p00_d15_aw5_mt16,MGC,15min,1min,regime_filtered_ema_mild_atr_20_80_compression_off_atr_target_1p0_ts3_vq0p95_bf0p5_ra1p2,1.25,3.0,15,avoid_immediate_adverse_move,"{""adverse_window_minutes"": 5, ""max_adverse_ticks"": 16}",delay_adverse_filter
mgc_15min_avoid_immediate_adverse_move_sm1p25_tm3p00_d15_aw10_mt8,MGC,15min,1min,regime_filtered_ema_mild_atr_20_80_compression_off_atr_target_1p0_ts3_vq0p95_bf0p5_ra1p2,1.25,3.0,15,avoid_immediate_adverse_move,"{""adverse_window_minutes"": 10, ""max_adverse_ticks"": 8}",delay_adverse_filter
mgc_15min_avoid_immediate_adverse_move_sm1p25_tm3p00_d15_aw10_mt12,MGC,15min,1min,regime_filtered_ema_mild_atr_20_80_compression_off_atr_target_1p0_ts3_vq0p95_bf0p5_ra1p2,1.25,3.0,15,avoid_immediate_adverse_move,"{""adverse_window_minutes"": 10, ""max_adverse_ticks"": 12}",delay_adverse_filter
mgc_15min_avoid_immediate_adverse_move_sm1p25_tm3p00_d15_aw10_mt16,MGC,15min,1min,regime_filtered_ema_mild_atr_20_80_compression_off_atr_target_1p0_ts3_vq0p95_bf0p5_ra1p2,1.25,3.0,15,avoid_immediate_adverse_move,"{""adverse_window_minutes"": 10, ""max_adverse_ticks"": 16}",delay_adverse_filter
mgc_15min_require_no_stop_zone_touch_before_entry_sm1p25_tm3p00_d30_sz0p50,MGC,15min,1min,regime_filtered_ema_mild_atr_20_80_compression_off_atr_target_1p0_ts3_vq0p95_bf0p5_ra1p2,1.25,3.0,30,require_no_stop_zone_touch_before_entry,"{""stop_zone_fraction"": 0.5}",delay_stop_zone_filter
mgc_15min_require_no_stop_zone_touch_before_entry_sm1p25_tm3p00_d30_sz0p75,MGC,15min,1min,regime_filtered_ema_mild_atr_20_80_compression_off_atr_target_1p0_ts3_vq0p95_bf0p5_ra1p2,1.25,3.0,30,require_no_stop_zone_touch_before_entry,"{""stop_zone_fraction"": 0.75}",delay_stop_zone_filter
mgc_15min_require_no_stop_zone_touch_before_entry_sm1p25_tm3p00_d30_sz1p00,MGC,15min,1min,regime_filtered_ema_mild_atr_20_80_compression_off_atr_target_1p0_ts3_vq0p95_bf0p5_ra1p2,1.25,3.0,30,require_no_stop_zone_touch_before_entry,"{""stop_zone_fraction"": 1.0}",delay_stop_zone_filter
mgc_15min_avoid_immediate_adverse_move_sm1p25_tm3p00_d30_aw5_mt8,MGC,15min,1min,regime_filtered_ema_mild_atr_20_80_compression_off_atr_target_1p0_ts3_vq0p95_bf0p5_ra1p2,1.25,3.0,30,avoid_immediate_adverse_move,"{""adverse_window_minutes"": 5, ""max_adverse_ticks"": 8}",delay_adverse_filter
mgc_15min_avoid_immediate_adverse_move_sm1p25_tm3p00_d30_aw5_mt12,MGC,15min,1min,regime_filtered_ema_mild_atr_20_80_compression_off_atr_target_1p0_ts3_vq0p95_bf0p5_ra1p2,1.25,3.0,30,avoid_immediate_adverse_move,"{""adverse_window_minutes"": 5, ""max_adverse_ticks"": 12}",delay_adverse_filter
mgc_15min_avoid_immediate_adverse_move_sm1p25_tm3p00_d30_aw5_mt16,MGC,15min,1min,regime_filtered_ema_mild_atr_20_80_compression_off_atr_target_1p0_ts3_vq0p95_bf0p5_ra1p2,1.25,3.0,30,avoid_immediate_adverse_move,"{""adverse_window_minutes"": 5, ""max_adverse_ticks"": 16}",delay_adverse_filter
mgc_15min_avoid_immediate_adverse_move_sm1p25_tm3p00_d30_aw10_mt8,MGC,15min,1min,regime_filtered_ema_mild_atr_20_80_compression_off_atr_target_1p0_ts3_vq0p95_bf0p5_ra1p2,1.25,3.0,30,avoid_immediate_adverse_move,"{""adverse_window_minutes"": 10, ""max_adverse_ticks"": 8}",delay_adverse_filter
mgc_15min_avoid_immediate_adverse_move_sm1p25_tm3p00_d30_aw10_mt12,MGC,15min,1min,regime_filtered_ema_mild_atr_20_80_compression_off_atr_target_1p0_ts3_vq0p95_bf0p5_ra1p2,1.25,3.0,30,avoid_immediate_adverse_move,"{""adverse_window_minutes"": 10, ""max_adverse_ticks"": 12}",delay_adverse_filter
mgc_15min_avoid_immediate_adverse_move_sm1p25_tm3p00_d30_aw10_mt16,MGC,15min,1min,regime_filtered_ema_mild_atr_20_80_compression_off_atr_target_1p0_ts3_vq0p95_bf0p5_ra1p2,1.25,3.0,30,avoid_immediate_adverse_move,"{""adverse_window_minutes"": 10, ""max_adverse_ticks"": 16}",delay_adverse_filter
mgc_30min_none_sm1p00_tm1p00_d0,MGC,30min,1min,regime_filtered_ema_mild_atr_20_80_compression_off_atr_target_1p0_ts3_vq0p95_bf0p5_ra1p2,1.0,1.0,0,none,{},raw_hybrid
mgc_30min_none_sm1p00_tm1p00_d5,MGC,30min,1min,regime_filtered_ema_mild_atr_20_80_compression_off_atr_target_1p0_ts3_vq0p95_bf0p5_ra1p2,1.0,1.0,5,none,{},delay_only
mgc_30min_none_sm1p00_tm1p00_d15,MGC,30min,1min,regime_filtered_ema_mild_atr_20_80_compression_off_atr_target_1p0_ts3_vq0p95_bf0p5_ra1p2,1.0,1.0,15,none,{},delay_only
mgc_30min_none_sm1p00_tm1p00_d30,MGC,30min,1min,regime_filtered_ema_mild_atr_20_80_compression_off_atr_target_1p0_ts3_vq0p95_bf0p5_ra1p2,1.0,1.0,30,none,{},delay_only
mgc_30min_none_sm0p75_tm1p50_d0,MGC,30min,1min,regime_filtered_ema_mild_atr_20_80_compression_off_atr_target_1p0_ts3_vq0p95_bf0p5_ra1p2,0.75,1.5,0,none,{},stop_target_recalibration
mgc_30min_none_sm0p75_tm1p50_d5,MGC,30min,1min,regime_filtered_ema_mild_atr_20_80_compression_off_atr_target_1p0_ts3_vq0p95_bf0p5_ra1p2,0.75,1.5,5,none,{},delay_stop_target
mgc_30min_none_sm0p75_tm1p50_d15,MGC,30min,1min,regime_filtered_ema_mild_atr_20_80_compression_off_atr_target_1p0_ts3_vq0p95_bf0p5_ra1p2,0.75,1.5,15,none,{},delay_stop_target
mgc_30min_none_sm0p75_tm1p50_d30,MGC,30min,1min,regime_filtered_ema_mild_atr_20_80_compression_off_atr_target_1p0_ts3_vq0p95_bf0p5_ra1p2,0.75,1.5,30,none,{},delay_stop_target
mgc_30min_none_sm0p75_tm2p00_d0,MGC,30min,1min,regime_filtered_ema_mild_atr_20_80_compression_off_atr_target_1p0_ts3_vq0p95_bf0p5_ra1p2,0.75,2.0,0,none,{},stop_target_recalibration
mgc_30min_none_sm0p75_tm2p00_d5,MGC,30min,1min,regime_filtered_ema_mild_atr_20_80_compression_off_atr_target_1p0_ts3_vq0p95_bf0p5_ra1p2,0.75,2.0,5,none,{},delay_stop_target
mgc_30min_none_sm0p75_tm2p00_d15,MGC,30min,1min,regime_filtered_ema_mild_atr_20_80_compression_off_atr_target_1p0_ts3_vq0p95_bf0p5_ra1p2,0.75,2.0,15,none,{},delay_stop_target
mgc_30min_none_sm0p75_tm2p00_d30,MGC,30min,1min,regime_filtered_ema_mild_atr_20_80_compression_off_atr_target_1p0_ts3_vq0p95_bf0p5_ra1p2,0.75,2.0,30,none,{},delay_stop_target
mgc_30min_none_sm0p75_tm2p50_d0,MGC,30min,1min,regime_filtered_ema_mild_atr_20_80_compression_off_atr_target_1p0_ts3_vq0p95_bf0p5_ra1p2,0.75,2.5,0,none,{},stop_target_recalibration
mgc_30min_none_sm0p75_tm2p50_d5,MGC,30min,1min,regime_filtered_ema_mild_atr_20_80_compression_off_atr_target_1p0_ts3_vq0p95_bf0p5_ra1p2,0.75,2.5,5,none,{},delay_stop_target
mgc_30min_none_sm0p75_tm2p50_d15,MGC,30min,1min,regime_filtered_ema_mild_atr_20_80_compression_off_atr_target_1p0_ts3_vq0p95_bf0p5_ra1p2,0.75,2.5,15,none,{},delay_stop_target
mgc_30min_none_sm0p75_tm2p50_d30,MGC,30min,1min,regime_filtered_ema_mild_atr_20_80_compression_off_atr_target_1p0_ts3_vq0p95_bf0p5_ra1p2,0.75,2.5,30,none,{},delay_stop_target
mgc_30min_none_sm0p75_tm3p00_d0,MGC,30min,1min,regime_filtered_ema_mild_atr_20_80_compression_off_atr_target_1p0_ts3_vq0p95_bf0p5_ra1p2,0.75,3.0,0,none,{},stop_target_recalibration
mgc_30min_none_sm0p75_tm3p00_d5,MGC,30min,1min,regime_filtered_ema_mild_atr_20_80_compression_off_atr_target_1p0_ts3_vq0p95_bf0p5_ra1p2,0.75,3.0,5,none,{},delay_stop_target
mgc_30min_none_sm0p75_tm3p00_d15,MGC,30min,1min,regime_filtered_ema_mild_atr_20_80_compression_off_atr_target_1p0_ts3_vq0p95_bf0p5_ra1p2,0.75,3.0,15,none,{},delay_stop_target
mgc_30min_none_sm0p75_tm3p00_d30,MGC,30min,1min,regime_filtered_ema_mild_atr_20_80_compression_off_atr_target_1p0_ts3_vq0p95_bf0p5_ra1p2,0.75,3.0,30,none,{},delay_stop_target
mgc_30min_none_sm1p00_tm1p50_d0,MGC,30min,1min,regime_filtered_ema_mild_atr_20_80_compression_off_atr_target_1p0_ts3_vq0p95_bf0p5_ra1p2,1.0,1.5,0,none,{},stop_target_recalibration
mgc_30min_none_sm1p00_tm1p50_d5,MGC,30min,1min,regime_filtered_ema_mild_atr_20_80_compression_off_atr_target_1p0_ts3_vq0p95_bf0p5_ra1p2,1.0,1.5,5,none,{},delay_stop_target
mgc_30min_none_sm1p00_tm1p50_d15,MGC,30min,1min,regime_filtered_ema_mild_atr_20_80_compression_off_atr_target_1p0_ts3_vq0p95_bf0p5_ra1p2,1.0,1.5,15,none,{},delay_stop_target
mgc_30min_none_sm1p00_tm1p50_d30,MGC,30min,1min,regime_filtered_ema_mild_atr_20_80_compression_off_atr_target_1p0_ts3_vq0p95_bf0p5_ra1p2,1.0,1.5,30,none,{},delay_stop_target
mgc_30min_none_sm1p00_tm2p00_d0,MGC,30min,1min,regime_filtered_ema_mild_atr_20_80_compression_off_atr_target_1p0_ts3_vq0p95_bf0p5_ra1p2,1.0,2.0,0,none,{},stop_target_recalibration
mgc_30min_none_sm1p00_tm2p00_d5,MGC,30min,1min,regime_filtered_ema_mild_atr_20_80_compression_off_atr_target_1p0_ts3_vq0p95_bf0p5_ra1p2,1.0,2.0,5,none,{},delay_stop_target
mgc_30min_none_sm1p00_tm2p00_d15,MGC,30min,1min,regime_filtered_ema_mild_atr_20_80_compression_off_atr_target_1p0_ts3_vq0p95_bf0p5_ra1p2,1.0,2.0,15,none,{},delay_stop_target
mgc_30min_none_sm1p00_tm2p00_d30,MGC,30min,1min,regime_filtered_ema_mild_atr_20_80_compression_off_atr_target_1p0_ts3_vq0p95_bf0p5_ra1p2,1.0,2.0,30,none,{},delay_stop_target
mgc_30min_none_sm1p00_tm2p50_d0,MGC,30min,1min,regime_filtered_ema_mild_atr_20_80_compression_off_atr_target_1p0_ts3_vq0p95_bf0p5_ra1p2,1.0,2.5,0,none,{},stop_target_recalibration
mgc_30min_none_sm1p00_tm2p50_d5,MGC,30min,1min,regime_filtered_ema_mild_atr_20_80_compression_off_atr_target_1p0_ts3_vq0p95_bf0p5_ra1p2,1.0,2.5,5,none,{},delay_stop_target
mgc_30min_none_sm1p00_tm2p50_d15,MGC,30min,1min,regime_filtered_ema_mild_atr_20_80_compression_off_atr_target_1p0_ts3_vq0p95_bf0p5_ra1p2,1.0,2.5,15,none,{},delay_stop_target
mgc_30min_none_sm1p00_tm2p50_d30,MGC,30min,1min,regime_filtered_ema_mild_atr_20_80_compression_off_atr_target_1p0_ts3_vq0p95_bf0p5_ra1p2,1.0,2.5,30,none,{},delay_stop_target
mgc_30min_none_sm1p00_tm3p00_d0,MGC,30min,1min,regime_filtered_ema_mild_atr_20_80_compression_off_atr_target_1p0_ts3_vq0p95_bf0p5_ra1p2,1.0,3.0,0,none,{},stop_target_recalibration
mgc_30min_none_sm1p00_tm3p00_d5,MGC,30min,1min,regime_filtered_ema_mild_atr_20_80_compression_off_atr_target_1p0_ts3_vq0p95_bf0p5_ra1p2,1.0,3.0,5,none,{},delay_stop_target
mgc_30min_none_sm1p00_tm3p00_d15,MGC,30min,1min,regime_filtered_ema_mild_atr_20_80_compression_off_atr_target_1p0_ts3_vq0p95_bf0p5_ra1p2,1.0,3.0,15,none,{},delay_stop_target
mgc_30min_none_sm1p00_tm3p00_d30,MGC,30min,1min,regime_filtered_ema_mild_atr_20_80_compression_off_atr_target_1p0_ts3_vq0p95_bf0p5_ra1p2,1.0,3.0,30,none,{},delay_stop_target
mgc_30min_none_sm1p25_tm1p50_d0,MGC,30min,1min,regime_filtered_ema_mild_atr_20_80_compression_off_atr_target_1p0_ts3_vq0p95_bf0p5_ra1p2,1.25,1.5,0,none,{},stop_target_recalibration
mgc_30min_none_sm1p25_tm1p50_d5,MGC,30min,1min,regime_filtered_ema_mild_atr_20_80_compression_off_atr_target_1p0_ts3_vq0p95_bf0p5_ra1p2,1.25,1.5,5,none,{},delay_stop_target
mgc_30min_none_sm1p25_tm1p50_d15,MGC,30min,1min,regime_filtered_ema_mild_atr_20_80_compression_off_atr_target_1p0_ts3_vq0p95_bf0p5_ra1p2,1.25,1.5,15,none,{},delay_stop_target
mgc_30min_none_sm1p25_tm1p50_d30,MGC,30min,1min,regime_filtered_ema_mild_atr_20_80_compression_off_atr_target_1p0_ts3_vq0p95_bf0p5_ra1p2,1.25,1.5,30,none,{},delay_stop_target
mgc_30min_none_sm1p25_tm2p00_d0,MGC,30min,1min,regime_filtered_ema_mild_atr_20_80_compression_off_atr_target_1p0_ts3_vq0p95_bf0p5_ra1p2,1.25,2.0,0,none,{},stop_target_recalibration
mgc_30min_none_sm1p25_tm2p00_d5,MGC,30min,1min,regime_filtered_ema_mild_atr_20_80_compression_off_atr_target_1p0_ts3_vq0p95_bf0p5_ra1p2,1.25,2.0,5,none,{},delay_stop_target
mgc_30min_none_sm1p25_tm2p00_d15,MGC,30min,1min,regime_filtered_ema_mild_atr_20_80_compression_off_atr_target_1p0_ts3_vq0p95_bf0p5_ra1p2,1.25,2.0,15,none,{},delay_stop_target
mgc_30min_none_sm1p25_tm2p00_d30,MGC,30min,1min,regime_filtered_ema_mild_atr_20_80_compression_off_atr_target_1p0_ts3_vq0p95_bf0p5_ra1p2,1.25,2.0,30,none,{},delay_stop_target
mgc_30min_none_sm1p25_tm2p50_d0,MGC,30min,1min,regime_filtered_ema_mild_atr_20_80_compression_off_atr_target_1p0_ts3_vq0p95_bf0p5_ra1p2,1.25,2.5,0,none,{},stop_target_recalibration
mgc_30min_none_sm1p25_tm2p50_d5,MGC,30min,1min,regime_filtered_ema_mild_atr_20_80_compression_off_atr_target_1p0_ts3_vq0p95_bf0p5_ra1p2,1.25,2.5,5,none,{},delay_stop_target
mgc_30min_none_sm1p25_tm2p50_d15,MGC,30min,1min,regime_filtered_ema_mild_atr_20_80_compression_off_atr_target_1p0_ts3_vq0p95_bf0p5_ra1p2,1.25,2.5,15,none,{},delay_stop_target
mgc_30min_none_sm1p25_tm2p50_d30,MGC,30min,1min,regime_filtered_ema_mild_atr_20_80_compression_off_atr_target_1p0_ts3_vq0p95_bf0p5_ra1p2,1.25,2.5,30,none,{},delay_stop_target
mgc_30min_none_sm1p25_tm3p00_d0,MGC,30min,1min,regime_filtered_ema_mild_atr_20_80_compression_off_atr_target_1p0_ts3_vq0p95_bf0p5_ra1p2,1.25,3.0,0,none,{},stop_target_recalibration
mgc_30min_none_sm1p25_tm3p00_d5,MGC,30min,1min,regime_filtered_ema_mild_atr_20_80_compression_off_atr_target_1p0_ts3_vq0p95_bf0p5_ra1p2,1.25,3.0,5,none,{},delay_stop_target
mgc_30min_none_sm1p25_tm3p00_d15,MGC,30min,1min,regime_filtered_ema_mild_atr_20_80_compression_off_atr_target_1p0_ts3_vq0p95_bf0p5_ra1p2,1.25,3.0,15,none,{},delay_stop_target
mgc_30min_none_sm1p25_tm3p00_d30,MGC,30min,1min,regime_filtered_ema_mild_atr_20_80_compression_off_atr_target_1p0_ts3_vq0p95_bf0p5_ra1p2,1.25,3.0,30,none,{},delay_stop_target
mgc_30min_none_sm1p50_tm1p50_d0,MGC,30min,1min,regime_filtered_ema_mild_atr_20_80_compression_off_atr_target_1p0_ts3_vq0p95_bf0p5_ra1p2,1.5,1.5,0,none,{},stop_target_recalibration
mgc_30min_none_sm1p50_tm1p50_d5,MGC,30min,1min,regime_filtered_ema_mild_atr_20_80_compression_off_atr_target_1p0_ts3_vq0p95_bf0p5_ra1p2,1.5,1.5,5,none,{},delay_stop_target
mgc_30min_none_sm1p50_tm1p50_d15,MGC,30min,1min,regime_filtered_ema_mild_atr_20_80_compression_off_atr_target_1p0_ts3_vq0p95_bf0p5_ra1p2,1.5,1.5,15,none,{},delay_stop_target
mgc_30min_none_sm1p50_tm1p50_d30,MGC,30min,1min,regime_filtered_ema_mild_atr_20_80_compression_off_atr_target_1p0_ts3_vq0p95_bf0p5_ra1p2,1.5,1.5,30,none,{},delay_stop_target
mgc_30min_none_sm1p50_tm2p00_d0,MGC,30min,1min,regime_filtered_ema_mild_atr_20_80_compression_off_atr_target_1p0_ts3_vq0p95_bf0p5_ra1p2,1.5,2.0,0,none,{},stop_target_recalibration
mgc_30min_none_sm1p50_tm2p00_d5,MGC,30min,1min,regime_filtered_ema_mild_atr_20_80_compression_off_atr_target_1p0_ts3_vq0p95_bf0p5_ra1p2,1.5,2.0,5,none,{},delay_stop_target
mgc_30min_none_sm1p50_tm2p00_d15,MGC,30min,1min,regime_filtered_ema_mild_atr_20_80_compression_off_atr_target_1p0_ts3_vq0p95_bf0p5_ra1p2,1.5,2.0,15,none,{},delay_stop_target
mgc_30min_none_sm1p50_tm2p00_d30,MGC,30min,1min,regime_filtered_ema_mild_atr_20_80_compression_off_atr_target_1p0_ts3_vq0p95_bf0p5_ra1p2,1.5,2.0,30,none,{},delay_stop_target
mgc_30min_none_sm1p50_tm2p50_d0,MGC,30min,1min,regime_filtered_ema_mild_atr_20_80_compression_off_atr_target_1p0_ts3_vq0p95_bf0p5_ra1p2,1.5,2.5,0,none,{},stop_target_recalibration
mgc_30min_none_sm1p50_tm2p50_d5,MGC,30min,1min,regime_filtered_ema_mild_atr_20_80_compression_off_atr_target_1p0_ts3_vq0p95_bf0p5_ra1p2,1.5,2.5,5,none,{},delay_stop_target
mgc_30min_none_sm1p50_tm2p50_d15,MGC,30min,1min,regime_filtered_ema_mild_atr_20_80_compression_off_atr_target_1p0_ts3_vq0p95_bf0p5_ra1p2,1.5,2.5,15,none,{},delay_stop_target
mgc_30min_none_sm1p50_tm2p50_d30,MGC,30min,1min,regime_filtered_ema_mild_atr_20_80_compression_off_atr_target_1p0_ts3_vq0p95_bf0p5_ra1p2,1.5,2.5,30,none,{},delay_stop_target
mgc_30min_none_sm1p50_tm3p00_d0,MGC,30min,1min,regime_filtered_ema_mild_atr_20_80_compression_off_atr_target_1p0_ts3_vq0p95_bf0p5_ra1p2,1.5,3.0,0,none,{},stop_target_recalibration
mgc_30min_none_sm1p50_tm3p00_d5,MGC,30min,1min,regime_filtered_ema_mild_atr_20_80_compression_off_atr_target_1p0_ts3_vq0p95_bf0p5_ra1p2,1.5,3.0,5,none,{},delay_stop_target
mgc_30min_none_sm1p50_tm3p00_d15,MGC,30min,1min,regime_filtered_ema_mild_atr_20_80_compression_off_atr_target_1p0_ts3_vq0p95_bf0p5_ra1p2,1.5,3.0,15,none,{},delay_stop_target
mgc_30min_none_sm1p50_tm3p00_d30,MGC,30min,1min,regime_filtered_ema_mild_atr_20_80_compression_off_atr_target_1p0_ts3_vq0p95_bf0p5_ra1p2,1.5,3.0,30,none,{},delay_stop_target
mgc_30min_require_no_stop_zone_touch_before_entry_sm0p75_tm2p00_d5_sz0p50,MGC,30min,1min,regime_filtered_ema_mild_atr_20_80_compression_off_atr_target_1p0_ts3_vq0p95_bf0p5_ra1p2,0.75,2.0,5,require_no_stop_zone_touch_before_entry,"{""stop_zone_fraction"": 0.5}",delay_stop_zone_filter
mgc_30min_require_no_stop_zone_touch_before_entry_sm0p75_tm2p00_d5_sz0p75,MGC,30min,1min,regime_filtered_ema_mild_atr_20_80_compression_off_atr_target_1p0_ts3_vq0p95_bf0p5_ra1p2,0.75,2.0,5,require_no_stop_zone_touch_before_entry,"{""stop_zone_fraction"": 0.75}",delay_stop_zone_filter
mgc_30min_require_no_stop_zone_touch_before_entry_sm0p75_tm2p00_d5_sz1p00,MGC,30min,1min,regime_filtered_ema_mild_atr_20_80_compression_off_atr_target_1p0_ts3_vq0p95_bf0p5_ra1p2,0.75,2.0,5,require_no_stop_zone_touch_before_entry,"{""stop_zone_fraction"": 1.0}",delay_stop_zone_filter
mgc_30min_avoid_immediate_adverse_move_sm0p75_tm2p00_d5_aw5_mt8,MGC,30min,1min,regime_filtered_ema_mild_atr_20_80_compression_off_atr_target_1p0_ts3_vq0p95_bf0p5_ra1p2,0.75,2.0,5,avoid_immediate_adverse_move,"{""adverse_window_minutes"": 5, ""max_adverse_ticks"": 8}",delay_adverse_filter
mgc_30min_avoid_immediate_adverse_move_sm0p75_tm2p00_d5_aw5_mt12,MGC,30min,1min,regime_filtered_ema_mild_atr_20_80_compression_off_atr_target_1p0_ts3_vq0p95_bf0p5_ra1p2,0.75,2.0,5,avoid_immediate_adverse_move,"{""adverse_window_minutes"": 5, ""max_adverse_ticks"": 12}",delay_adverse_filter
mgc_30min_avoid_immediate_adverse_move_sm0p75_tm2p00_d5_aw5_mt16,MGC,30min,1min,regime_filtered_ema_mild_atr_20_80_compression_off_atr_target_1p0_ts3_vq0p95_bf0p5_ra1p2,0.75,2.0,5,avoid_immediate_adverse_move,"{""adverse_window_minutes"": 5, ""max_adverse_ticks"": 16}",delay_adverse_filter
mgc_30min_require_no_stop_zone_touch_before_entry_sm0p75_tm2p00_d15_sz0p50,MGC,30min,1min,regime_filtered_ema_mild_atr_20_80_compression_off_atr_target_1p0_ts3_vq0p95_bf0p5_ra1p2,0.75,2.0,15,require_no_stop_zone_touch_before_entry,"{""stop_zone_fraction"": 0.5}",delay_stop_zone_filter
mgc_30min_require_no_stop_zone_touch_before_entry_sm0p75_tm2p00_d15_sz0p75,MGC,30min,1min,regime_filtered_ema_mild_atr_20_80_compression_off_atr_target_1p0_ts3_vq0p95_bf0p5_ra1p2,0.75,2.0,15,require_no_stop_zone_touch_before_entry,"{""stop_zone_fraction"": 0.75}",delay_stop_zone_filter
mgc_30min_require_no_stop_zone_touch_before_entry_sm0p75_tm2p00_d15_sz1p00,MGC,30min,1min,regime_filtered_ema_mild_atr_20_80_compression_off_atr_target_1p0_ts3_vq0p95_bf0p5_ra1p2,0.75,2.0,15,require_no_stop_zone_touch_before_entry,"{""stop_zone_fraction"": 1.0}",delay_stop_zone_filter
mgc_30min_avoid_immediate_adverse_move_sm0p75_tm2p00_d15_aw5_mt8,MGC,30min,1min,regime_filtered_ema_mild_atr_20_80_compression_off_atr_target_1p0_ts3_vq0p95_bf0p5_ra1p2,0.75,2.0,15,avoid_immediate_adverse_move,"{""adverse_window_minutes"": 5, ""max_adverse_ticks"": 8}",delay_adverse_filter
mgc_30min_avoid_immediate_adverse_move_sm0p75_tm2p00_d15_aw5_mt12,MGC,30min,1min,regime_filtered_ema_mild_atr_20_80_compression_off_atr_target_1p0_ts3_vq0p95_bf0p5_ra1p2,0.75,2.0,15,avoid_immediate_adverse_move,"{""adverse_window_minutes"": 5, ""max_adverse_ticks"": 12}",delay_adverse_filter
mgc_30min_avoid_immediate_adverse_move_sm0p75_tm2p00_d15_aw5_mt16,MGC,30min,1min,regime_filtered_ema_mild_atr_20_80_compression_off_atr_target_1p0_ts3_vq0p95_bf0p5_ra1p2,0.75,2.0,15,avoid_immediate_adverse_move,"{""adverse_window_minutes"": 5, ""max_adverse_ticks"": 16}",delay_adverse_filter
mgc_30min_avoid_immediate_adverse_move_sm0p75_tm2p00_d15_aw10_mt8,MGC,30min,1min,regime_filtered_ema_mild_atr_20_80_compression_off_atr_target_1p0_ts3_vq0p95_bf0p5_ra1p2,0.75,2.0,15,avoid_immediate_adverse_move,"{""adverse_window_minutes"": 10, ""max_adverse_ticks"": 8}",delay_adverse_filter
mgc_30min_avoid_immediate_adverse_move_sm0p75_tm2p00_d15_aw10_mt12,MGC,30min,1min,regime_filtered_ema_mild_atr_20_80_compression_off_atr_target_1p0_ts3_vq0p95_bf0p5_ra1p2,0.75,2.0,15,avoid_immediate_adverse_move,"{""adverse_window_minutes"": 10, ""max_adverse_ticks"": 12}",delay_adverse_filter
mgc_30min_avoid_immediate_adverse_move_sm0p75_tm2p00_d15_aw10_mt16,MGC,30min,1min,regime_filtered_ema_mild_atr_20_80_compression_off_atr_target_1p0_ts3_vq0p95_bf0p5_ra1p2,0.75,2.0,15,avoid_immediate_adverse_move,"{""adverse_window_minutes"": 10, ""max_adverse_ticks"": 16}",delay_adverse_filter
mgc_30min_require_no_stop_zone_touch_before_entry_sm0p75_tm2p00_d30_sz0p50,MGC,30min,1min,regime_filtered_ema_mild_atr_20_80_compression_off_atr_target_1p0_ts3_vq0p95_bf0p5_ra1p2,0.75,2.0,30,require_no_stop_zone_touch_before_entry,"{""stop_zone_fraction"": 0.5}",delay_stop_zone_filter
mgc_30min_require_no_stop_zone_touch_before_entry_sm0p75_tm2p00_d30_sz0p75,MGC,30min,1min,regime_filtered_ema_mild_atr_20_80_compression_off_atr_target_1p0_ts3_vq0p95_bf0p5_ra1p2,0.75,2.0,30,require_no_stop_zone_touch_before_entry,"{""stop_zone_fraction"": 0.75}",delay_stop_zone_filter
mgc_30min_require_no_stop_zone_touch_before_entry_sm0p75_tm2p00_d30_sz1p00,MGC,30min,1min,regime_filtered_ema_mild_atr_20_80_compression_off_atr_target_1p0_ts3_vq0p95_bf0p5_ra1p2,0.75,2.0,30,require_no_stop_zone_touch_before_entry,"{""stop_zone_fraction"": 1.0}",delay_stop_zone_filter
mgc_30min_avoid_immediate_adverse_move_sm0p75_tm2p00_d30_aw5_mt8,MGC,30min,1min,regime_filtered_ema_mild_atr_20_80_compression_off_atr_target_1p0_ts3_vq0p95_bf0p5_ra1p2,0.75,2.0,30,avoid_immediate_adverse_move,"{""adverse_window_minutes"": 5, ""max_adverse_ticks"": 8}",delay_adverse_filter
mgc_30min_avoid_immediate_adverse_move_sm0p75_tm2p00_d30_aw5_mt12,MGC,30min,1min,regime_filtered_ema_mild_atr_20_80_compression_off_atr_target_1p0_ts3_vq0p95_bf0p5_ra1p2,0.75,2.0,30,avoid_immediate_adverse_move,"{""adverse_window_minutes"": 5, ""max_adverse_ticks"": 12}",delay_adverse_filter
mgc_30min_avoid_immediate_adverse_move_sm0p75_tm2p00_d30_aw5_mt16,MGC,30min,1min,regime_filtered_ema_mild_atr_20_80_compression_off_atr_target_1p0_ts3_vq0p95_bf0p5_ra1p2,0.75,2.0,30,avoid_immediate_adverse_move,"{""adverse_window_minutes"": 5, ""max_adverse_ticks"": 16}",delay_adverse_filter
mgc_30min_avoid_immediate_adverse_move_sm0p75_tm2p00_d30_aw10_mt8,MGC,30min,1min,regime_filtered_ema_mild_atr_20_80_compression_off_atr_target_1p0_ts3_vq0p95_bf0p5_ra1p2,0.75,2.0,30,avoid_immediate_adverse_move,"{""adverse_window_minutes"": 10, ""max_adverse_ticks"": 8}",delay_adverse_filter
mgc_30min_avoid_immediate_adverse_move_sm0p75_tm2p00_d30_aw10_mt12,MGC,30min,1min,regime_filtered_ema_mild_atr_20_80_compression_off_atr_target_1p0_ts3_vq0p95_bf0p5_ra1p2,0.75,2.0,30,avoid_immediate_adverse_move,"{""adverse_window_minutes"": 10, ""max_adverse_ticks"": 12}",delay_adverse_filter
mgc_30min_avoid_immediate_adverse_move_sm0p75_tm2p00_d30_aw10_mt16,MGC,30min,1min,regime_filtered_ema_mild_atr_20_80_compression_off_atr_target_1p0_ts3_vq0p95_bf0p5_ra1p2,0.75,2.0,30,avoid_immediate_adverse_move,"{""adverse_window_minutes"": 10, ""max_adverse_ticks"": 16}",delay_adverse_filter
mgc_30min_require_no_stop_zone_touch_before_entry_sm0p75_tm2p50_d5_sz0p50,MGC,30min,1min,regime_filtered_ema_mild_atr_20_80_compression_off_atr_target_1p0_ts3_vq0p95_bf0p5_ra1p2,0.75,2.5,5,require_no_stop_zone_touch_before_entry,"{""stop_zone_fraction"": 0.5}",delay_stop_zone_filter
mgc_30min_require_no_stop_zone_touch_before_entry_sm0p75_tm2p50_d5_sz0p75,MGC,30min,1min,regime_filtered_ema_mild_atr_20_80_compression_off_atr_target_1p0_ts3_vq0p95_bf0p5_ra1p2,0.75,2.5,5,require_no_stop_zone_touch_before_entry,"{""stop_zone_fraction"": 0.75}",delay_stop_zone_filter
mgc_30min_require_no_stop_zone_touch_before_entry_sm0p75_tm2p50_d5_sz1p00,MGC,30min,1min,regime_filtered_ema_mild_atr_20_80_compression_off_atr_target_1p0_ts3_vq0p95_bf0p5_ra1p2,0.75,2.5,5,require_no_stop_zone_touch_before_entry,"{""stop_zone_fraction"": 1.0}",delay_stop_zone_filter
mgc_30min_avoid_immediate_adverse_move_sm0p75_tm2p50_d5_aw5_mt8,MGC,30min,1min,regime_filtered_ema_mild_atr_20_80_compression_off_atr_target_1p0_ts3_vq0p95_bf0p5_ra1p2,0.75,2.5,5,avoid_immediate_adverse_move,"{""adverse_window_minutes"": 5, ""max_adverse_ticks"": 8}",delay_adverse_filter
mgc_30min_avoid_immediate_adverse_move_sm0p75_tm2p50_d5_aw5_mt12,MGC,30min,1min,regime_filtered_ema_mild_atr_20_80_compression_off_atr_target_1p0_ts3_vq0p95_bf0p5_ra1p2,0.75,2.5,5,avoid_immediate_adverse_move,"{""adverse_window_minutes"": 5, ""max_adverse_ticks"": 12}",delay_adverse_filter
mgc_30min_avoid_immediate_adverse_move_sm0p75_tm2p50_d5_aw5_mt16,MGC,30min,1min,regime_filtered_ema_mild_atr_20_80_compression_off_atr_target_1p0_ts3_vq0p95_bf0p5_ra1p2,0.75,2.5,5,avoid_immediate_adverse_move,"{""adverse_window_minutes"": 5, ""max_adverse_ticks"": 16}",delay_adverse_filter
mgc_30min_require_no_stop_zone_touch_before_entry_sm0p75_tm2p50_d15_sz0p50,MGC,30min,1min,regime_filtered_ema_mild_atr_20_80_compression_off_atr_target_1p0_ts3_vq0p95_bf0p5_ra1p2,0.75,2.5,15,require_no_stop_zone_touch_before_entry,"{""stop_zone_fraction"": 0.5}",delay_stop_zone_filter
mgc_30min_require_no_stop_zone_touch_before_entry_sm0p75_tm2p50_d15_sz0p75,MGC,30min,1min,regime_filtered_ema_mild_atr_20_80_compression_off_atr_target_1p0_ts3_vq0p95_bf0p5_ra1p2,0.75,2.5,15,require_no_stop_zone_touch_before_entry,"{""stop_zone_fraction"": 0.75}",delay_stop_zone_filter
mgc_30min_require_no_stop_zone_touch_before_entry_sm0p75_tm2p50_d15_sz1p00,MGC,30min,1min,regime_filtered_ema_mild_atr_20_80_compression_off_atr_target_1p0_ts3_vq0p95_bf0p5_ra1p2,0.75,2.5,15,require_no_stop_zone_touch_before_entry,"{""stop_zone_fraction"": 1.0}",delay_stop_zone_filter
mgc_30min_avoid_immediate_adverse_move_sm0p75_tm2p50_d15_aw5_mt8,MGC,30min,1min,regime_filtered_ema_mild_atr_20_80_compression_off_atr_target_1p0_ts3_vq0p95_bf0p5_ra1p2,0.75,2.5,15,avoid_immediate_adverse_move,"{""adverse_window_minutes"": 5, ""max_adverse_ticks"": 8}",delay_adverse_filter
mgc_30min_avoid_immediate_adverse_move_sm0p75_tm2p50_d15_aw5_mt12,MGC,30min,1min,regime_filtered_ema_mild_atr_20_80_compression_off_atr_target_1p0_ts3_vq0p95_bf0p5_ra1p2,0.75,2.5,15,avoid_immediate_adverse_move,"{""adverse_window_minutes"": 5, ""max_adverse_ticks"": 12}",delay_adverse_filter
mgc_30min_avoid_immediate_adverse_move_sm0p75_tm2p50_d15_aw5_mt16,MGC,30min,1min,regime_filtered_ema_mild_atr_20_80_compression_off_atr_target_1p0_ts3_vq0p95_bf0p5_ra1p2,0.75,2.5,15,avoid_immediate_adverse_move,"{""adverse_window_minutes"": 5, ""max_adverse_ticks"": 16}",delay_adverse_filter
mgc_30min_avoid_immediate_adverse_move_sm0p75_tm2p50_d15_aw10_mt8,MGC,30min,1min,regime_filtered_ema_mild_atr_20_80_compression_off_atr_target_1p0_ts3_vq0p95_bf0p5_ra1p2,0.75,2.5,15,avoid_immediate_adverse_move,"{""adverse_window_minutes"": 10, ""max_adverse_ticks"": 8}",delay_adverse_filter
mgc_30min_avoid_immediate_adverse_move_sm0p75_tm2p50_d15_aw10_mt12,MGC,30min,1min,regime_filtered_ema_mild_atr_20_80_compression_off_atr_target_1p0_ts3_vq0p95_bf0p5_ra1p2,0.75,2.5,15,avoid_immediate_adverse_move,"{""adverse_window_minutes"": 10, ""max_adverse_ticks"": 12}",delay_adverse_filter
mgc_30min_avoid_immediate_adverse_move_sm0p75_tm2p50_d15_aw10_mt16,MGC,30min,1min,regime_filtered_ema_mild_atr_20_80_compression_off_atr_target_1p0_ts3_vq0p95_bf0p5_ra1p2,0.75,2.5,15,avoid_immediate_adverse_move,"{""adverse_window_minutes"": 10, ""max_adverse_ticks"": 16}",delay_adverse_filter
mgc_30min_require_no_stop_zone_touch_before_entry_sm0p75_tm2p50_d30_sz0p50,MGC,30min,1min,regime_filtered_ema_mild_atr_20_80_compression_off_atr_target_1p0_ts3_vq0p95_bf0p5_ra1p2,0.75,2.5,30,require_no_stop_zone_touch_before_entry,"{""stop_zone_fraction"": 0.5}",delay_stop_zone_filter
mgc_30min_require_no_stop_zone_touch_before_entry_sm0p75_tm2p50_d30_sz0p75,MGC,30min,1min,regime_filtered_ema_mild_atr_20_80_compression_off_atr_target_1p0_ts3_vq0p95_bf0p5_ra1p2,0.75,2.5,30,require_no_stop_zone_touch_before_entry,"{""stop_zone_fraction"": 0.75}",delay_stop_zone_filter
mgc_30min_require_no_stop_zone_touch_before_entry_sm0p75_tm2p50_d30_sz1p00,MGC,30min,1min,regime_filtered_ema_mild_atr_20_80_compression_off_atr_target_1p0_ts3_vq0p95_bf0p5_ra1p2,0.75,2.5,30,require_no_stop_zone_touch_before_entry,"{""stop_zone_fraction"": 1.0}",delay_stop_zone_filter
mgc_30min_avoid_immediate_adverse_move_sm0p75_tm2p50_d30_aw5_mt8,MGC,30min,1min,regime_filtered_ema_mild_atr_20_80_compression_off_atr_target_1p0_ts3_vq0p95_bf0p5_ra1p2,0.75,2.5,30,avoid_immediate_adverse_move,"{""adverse_window_minutes"": 5, ""max_adverse_ticks"": 8}",delay_adverse_filter
mgc_30min_avoid_immediate_adverse_move_sm0p75_tm2p50_d30_aw5_mt12,MGC,30min,1min,regime_filtered_ema_mild_atr_20_80_compression_off_atr_target_1p0_ts3_vq0p95_bf0p5_ra1p2,0.75,2.5,30,avoid_immediate_adverse_move,"{""adverse_window_minutes"": 5, ""max_adverse_ticks"": 12}",delay_adverse_filter
mgc_30min_avoid_immediate_adverse_move_sm0p75_tm2p50_d30_aw5_mt16,MGC,30min,1min,regime_filtered_ema_mild_atr_20_80_compression_off_atr_target_1p0_ts3_vq0p95_bf0p5_ra1p2,0.75,2.5,30,avoid_immediate_adverse_move,"{""adverse_window_minutes"": 5, ""max_adverse_ticks"": 16}",delay_adverse_filter
mgc_30min_avoid_immediate_adverse_move_sm0p75_tm2p50_d30_aw10_mt8,MGC,30min,1min,regime_filtered_ema_mild_atr_20_80_compression_off_atr_target_1p0_ts3_vq0p95_bf0p5_ra1p2,0.75,2.5,30,avoid_immediate_adverse_move,"{""adverse_window_minutes"": 10, ""max_adverse_ticks"": 8}",delay_adverse_filter
mgc_30min_avoid_immediate_adverse_move_sm0p75_tm2p50_d30_aw10_mt12,MGC,30min,1min,regime_filtered_ema_mild_atr_20_80_compression_off_atr_target_1p0_ts3_vq0p95_bf0p5_ra1p2,0.75,2.5,30,avoid_immediate_adverse_move,"{""adverse_window_minutes"": 10, ""max_adverse_ticks"": 12}",delay_adverse_filter
mgc_30min_avoid_immediate_adverse_move_sm0p75_tm2p50_d30_aw10_mt16,MGC,30min,1min,regime_filtered_ema_mild_atr_20_80_compression_off_atr_target_1p0_ts3_vq0p95_bf0p5_ra1p2,0.75,2.5,30,avoid_immediate_adverse_move,"{""adverse_window_minutes"": 10, ""max_adverse_ticks"": 16}",delay_adverse_filter
mgc_30min_require_no_stop_zone_touch_before_entry_sm0p75_tm3p00_d5_sz0p50,MGC,30min,1min,regime_filtered_ema_mild_atr_20_80_compression_off_atr_target_1p0_ts3_vq0p95_bf0p5_ra1p2,0.75,3.0,5,require_no_stop_zone_touch_before_entry,"{""stop_zone_fraction"": 0.5}",delay_stop_zone_filter
mgc_30min_require_no_stop_zone_touch_before_entry_sm0p75_tm3p00_d5_sz0p75,MGC,30min,1min,regime_filtered_ema_mild_atr_20_80_compression_off_atr_target_1p0_ts3_vq0p95_bf0p5_ra1p2,0.75,3.0,5,require_no_stop_zone_touch_before_entry,"{""stop_zone_fraction"": 0.75}",delay_stop_zone_filter
mgc_30min_require_no_stop_zone_touch_before_entry_sm0p75_tm3p00_d5_sz1p00,MGC,30min,1min,regime_filtered_ema_mild_atr_20_80_compression_off_atr_target_1p0_ts3_vq0p95_bf0p5_ra1p2,0.75,3.0,5,require_no_stop_zone_touch_before_entry,"{""stop_zone_fraction"": 1.0}",delay_stop_zone_filter
mgc_30min_avoid_immediate_adverse_move_sm0p75_tm3p00_d5_aw5_mt8,MGC,30min,1min,regime_filtered_ema_mild_atr_20_80_compression_off_atr_target_1p0_ts3_vq0p95_bf0p5_ra1p2,0.75,3.0,5,avoid_immediate_adverse_move,"{""adverse_window_minutes"": 5, ""max_adverse_ticks"": 8}",delay_adverse_filter
mgc_30min_avoid_immediate_adverse_move_sm0p75_tm3p00_d5_aw5_mt12,MGC,30min,1min,regime_filtered_ema_mild_atr_20_80_compression_off_atr_target_1p0_ts3_vq0p95_bf0p5_ra1p2,0.75,3.0,5,avoid_immediate_adverse_move,"{""adverse_window_minutes"": 5, ""max_adverse_ticks"": 12}",delay_adverse_filter
mgc_30min_avoid_immediate_adverse_move_sm0p75_tm3p00_d5_aw5_mt16,MGC,30min,1min,regime_filtered_ema_mild_atr_20_80_compression_off_atr_target_1p0_ts3_vq0p95_bf0p5_ra1p2,0.75,3.0,5,avoid_immediate_adverse_move,"{""adverse_window_minutes"": 5, ""max_adverse_ticks"": 16}",delay_adverse_filter
mgc_30min_require_no_stop_zone_touch_before_entry_sm0p75_tm3p00_d15_sz0p50,MGC,30min,1min,regime_filtered_ema_mild_atr_20_80_compression_off_atr_target_1p0_ts3_vq0p95_bf0p5_ra1p2,0.75,3.0,15,require_no_stop_zone_touch_before_entry,"{""stop_zone_fraction"": 0.5}",delay_stop_zone_filter
mgc_30min_require_no_stop_zone_touch_before_entry_sm0p75_tm3p00_d15_sz0p75,MGC,30min,1min,regime_filtered_ema_mild_atr_20_80_compression_off_atr_target_1p0_ts3_vq0p95_bf0p5_ra1p2,0.75,3.0,15,require_no_stop_zone_touch_before_entry,"{""stop_zone_fraction"": 0.75}",delay_stop_zone_filter
mgc_30min_require_no_stop_zone_touch_before_entry_sm0p75_tm3p00_d15_sz1p00,MGC,30min,1min,regime_filtered_ema_mild_atr_20_80_compression_off_atr_target_1p0_ts3_vq0p95_bf0p5_ra1p2,0.75,3.0,15,require_no_stop_zone_touch_before_entry,"{""stop_zone_fraction"": 1.0}",delay_stop_zone_filter
mgc_30min_avoid_immediate_adverse_move_sm0p75_tm3p00_d15_aw5_mt8,MGC,30min,1min,regime_filtered_ema_mild_atr_20_80_compression_off_atr_target_1p0_ts3_vq0p95_bf0p5_ra1p2,0.75,3.0,15,avoid_immediate_adverse_move,"{""adverse_window_minutes"": 5, ""max_adverse_ticks"": 8}",delay_adverse_filter
mgc_30min_avoid_immediate_adverse_move_sm0p75_tm3p00_d15_aw5_mt12,MGC,30min,1min,regime_filtered_ema_mild_atr_20_80_compression_off_atr_target_1p0_ts3_vq0p95_bf0p5_ra1p2,0.75,3.0,15,avoid_immediate_adverse_move,"{""adverse_window_minutes"": 5, ""max_adverse_ticks"": 12}",delay_adverse_filter
mgc_30min_avoid_immediate_adverse_move_sm0p75_tm3p00_d15_aw5_mt16,MGC,30min,1min,regime_filtered_ema_mild_atr_20_80_compression_off_atr_target_1p0_ts3_vq0p95_bf0p5_ra1p2,0.75,3.0,15,avoid_immediate_adverse_move,"{""adverse_window_minutes"": 5, ""max_adverse_ticks"": 16}",delay_adverse_filter
mgc_30min_avoid_immediate_adverse_move_sm0p75_tm3p00_d15_aw10_mt8,MGC,30min,1min,regime_filtered_ema_mild_atr_20_80_compression_off_atr_target_1p0_ts3_vq0p95_bf0p5_ra1p2,0.75,3.0,15,avoid_immediate_adverse_move,"{""adverse_window_minutes"": 10, ""max_adverse_ticks"": 8}",delay_adverse_filter
mgc_30min_avoid_immediate_adverse_move_sm0p75_tm3p00_d15_aw10_mt12,MGC,30min,1min,regime_filtered_ema_mild_atr_20_80_compression_off_atr_target_1p0_ts3_vq0p95_bf0p5_ra1p2,0.75,3.0,15,avoid_immediate_adverse_move,"{""adverse_window_minutes"": 10, ""max_adverse_ticks"": 12}",delay_adverse_filter
mgc_30min_avoid_immediate_adverse_move_sm0p75_tm3p00_d15_aw10_mt16,MGC,30min,1min,regime_filtered_ema_mild_atr_20_80_compression_off_atr_target_1p0_ts3_vq0p95_bf0p5_ra1p2,0.75,3.0,15,avoid_immediate_adverse_move,"{""adverse_window_minutes"": 10, ""max_adverse_ticks"": 16}",delay_adverse_filter
mgc_30min_require_no_stop_zone_touch_before_entry_sm0p75_tm3p00_d30_sz0p50,MGC,30min,1min,regime_filtered_ema_mild_atr_20_80_compression_off_atr_target_1p0_ts3_vq0p95_bf0p5_ra1p2,0.75,3.0,30,require_no_stop_zone_touch_before_entry,"{""stop_zone_fraction"": 0.5}",delay_stop_zone_filter
mgc_30min_require_no_stop_zone_touch_before_entry_sm0p75_tm3p00_d30_sz0p75,MGC,30min,1min,regime_filtered_ema_mild_atr_20_80_compression_off_atr_target_1p0_ts3_vq0p95_bf0p5_ra1p2,0.75,3.0,30,require_no_stop_zone_touch_before_entry,"{""stop_zone_fraction"": 0.75}",delay_stop_zone_filter
mgc_30min_require_no_stop_zone_touch_before_entry_sm0p75_tm3p00_d30_sz1p00,MGC,30min,1min,regime_filtered_ema_mild_atr_20_80_compression_off_atr_target_1p0_ts3_vq0p95_bf0p5_ra1p2,0.75,3.0,30,require_no_stop_zone_touch_before_entry,"{""stop_zone_fraction"": 1.0}",delay_stop_zone_filter
mgc_30min_avoid_immediate_adverse_move_sm0p75_tm3p00_d30_aw5_mt8,MGC,30min,1min,regime_filtered_ema_mild_atr_20_80_compression_off_atr_target_1p0_ts3_vq0p95_bf0p5_ra1p2,0.75,3.0,30,avoid_immediate_adverse_move,"{""adverse_window_minutes"": 5, ""max_adverse_ticks"": 8}",delay_adverse_filter
mgc_30min_avoid_immediate_adverse_move_sm0p75_tm3p00_d30_aw5_mt12,MGC,30min,1min,regime_filtered_ema_mild_atr_20_80_compression_off_atr_target_1p0_ts3_vq0p95_bf0p5_ra1p2,0.75,3.0,30,avoid_immediate_adverse_move,"{""adverse_window_minutes"": 5, ""max_adverse_ticks"": 12}",delay_adverse_filter
mgc_30min_avoid_immediate_adverse_move_sm0p75_tm3p00_d30_aw5_mt16,MGC,30min,1min,regime_filtered_ema_mild_atr_20_80_compression_off_atr_target_1p0_ts3_vq0p95_bf0p5_ra1p2,0.75,3.0,30,avoid_immediate_adverse_move,"{""adverse_window_minutes"": 5, ""max_adverse_ticks"": 16}",delay_adverse_filter
mgc_30min_avoid_immediate_adverse_move_sm0p75_tm3p00_d30_aw10_mt8,MGC,30min,1min,regime_filtered_ema_mild_atr_20_80_compression_off_atr_target_1p0_ts3_vq0p95_bf0p5_ra1p2,0.75,3.0,30,avoid_immediate_adverse_move,"{""adverse_window_minutes"": 10, ""max_adverse_ticks"": 8}",delay_adverse_filter
mgc_30min_avoid_immediate_adverse_move_sm0p75_tm3p00_d30_aw10_mt12,MGC,30min,1min,regime_filtered_ema_mild_atr_20_80_compression_off_atr_target_1p0_ts3_vq0p95_bf0p5_ra1p2,0.75,3.0,30,avoid_immediate_adverse_move,"{""adverse_window_minutes"": 10, ""max_adverse_ticks"": 12}",delay_adverse_filter
mgc_30min_avoid_immediate_adverse_move_sm0p75_tm3p00_d30_aw10_mt16,MGC,30min,1min,regime_filtered_ema_mild_atr_20_80_compression_off_atr_target_1p0_ts3_vq0p95_bf0p5_ra1p2,0.75,3.0,30,avoid_immediate_adverse_move,"{""adverse_window_minutes"": 10, ""max_adverse_ticks"": 16}",delay_adverse_filter
mgc_30min_require_no_stop_zone_touch_before_entry_sm1p00_tm2p00_d5_sz0p50,MGC,30min,1min,regime_filtered_ema_mild_atr_20_80_compression_off_atr_target_1p0_ts3_vq0p95_bf0p5_ra1p2,1.0,2.0,5,require_no_stop_zone_touch_before_entry,"{""stop_zone_fraction"": 0.5}",delay_stop_zone_filter
mgc_30min_require_no_stop_zone_touch_before_entry_sm1p00_tm2p00_d5_sz0p75,MGC,30min,1min,regime_filtered_ema_mild_atr_20_80_compression_off_atr_target_1p0_ts3_vq0p95_bf0p5_ra1p2,1.0,2.0,5,require_no_stop_zone_touch_before_entry,"{""stop_zone_fraction"": 0.75}",delay_stop_zone_filter
mgc_30min_require_no_stop_zone_touch_before_entry_sm1p00_tm2p00_d5_sz1p00,MGC,30min,1min,regime_filtered_ema_mild_atr_20_80_compression_off_atr_target_1p0_ts3_vq0p95_bf0p5_ra1p2,1.0,2.0,5,require_no_stop_zone_touch_before_entry,"{""stop_zone_fraction"": 1.0}",delay_stop_zone_filter
mgc_30min_avoid_immediate_adverse_move_sm1p00_tm2p00_d5_aw5_mt8,MGC,30min,1min,regime_filtered_ema_mild_atr_20_80_compression_off_atr_target_1p0_ts3_vq0p95_bf0p5_ra1p2,1.0,2.0,5,avoid_immediate_adverse_move,"{""adverse_window_minutes"": 5, ""max_adverse_ticks"": 8}",delay_adverse_filter
mgc_30min_avoid_immediate_adverse_move_sm1p00_tm2p00_d5_aw5_mt12,MGC,30min,1min,regime_filtered_ema_mild_atr_20_80_compression_off_atr_target_1p0_ts3_vq0p95_bf0p5_ra1p2,1.0,2.0,5,avoid_immediate_adverse_move,"{""adverse_window_minutes"": 5, ""max_adverse_ticks"": 12}",delay_adverse_filter
mgc_30min_avoid_immediate_adverse_move_sm1p00_tm2p00_d5_aw5_mt16,MGC,30min,1min,regime_filtered_ema_mild_atr_20_80_compression_off_atr_target_1p0_ts3_vq0p95_bf0p5_ra1p2,1.0,2.0,5,avoid_immediate_adverse_move,"{""adverse_window_minutes"": 5, ""max_adverse_ticks"": 16}",delay_adverse_filter
mgc_30min_require_no_stop_zone_touch_before_entry_sm1p00_tm2p00_d15_sz0p50,MGC,30min,1min,regime_filtered_ema_mild_atr_20_80_compression_off_atr_target_1p0_ts3_vq0p95_bf0p5_ra1p2,1.0,2.0,15,require_no_stop_zone_touch_before_entry,"{""stop_zone_fraction"": 0.5}",delay_stop_zone_filter
mgc_30min_require_no_stop_zone_touch_before_entry_sm1p00_tm2p00_d15_sz0p75,MGC,30min,1min,regime_filtered_ema_mild_atr_20_80_compression_off_atr_target_1p0_ts3_vq0p95_bf0p5_ra1p2,1.0,2.0,15,require_no_stop_zone_touch_before_entry,"{""stop_zone_fraction"": 0.75}",delay_stop_zone_filter
mgc_30min_require_no_stop_zone_touch_before_entry_sm1p00_tm2p00_d15_sz1p00,MGC,30min,1min,regime_filtered_ema_mild_atr_20_80_compression_off_atr_target_1p0_ts3_vq0p95_bf0p5_ra1p2,1.0,2.0,15,require_no_stop_zone_touch_before_entry,"{""stop_zone_fraction"": 1.0}",delay_stop_zone_filter
mgc_30min_avoid_immediate_adverse_move_sm1p00_tm2p00_d15_aw5_mt8,MGC,30min,1min,regime_filtered_ema_mild_atr_20_80_compression_off_atr_target_1p0_ts3_vq0p95_bf0p5_ra1p2,1.0,2.0,15,avoid_immediate_adverse_move,"{""adverse_window_minutes"": 5, ""max_adverse_ticks"": 8}",delay_adverse_filter
mgc_30min_avoid_immediate_adverse_move_sm1p00_tm2p00_d15_aw5_mt12,MGC,30min,1min,regime_filtered_ema_mild_atr_20_80_compression_off_atr_target_1p0_ts3_vq0p95_bf0p5_ra1p2,1.0,2.0,15,avoid_immediate_adverse_move,"{""adverse_window_minutes"": 5, ""max_adverse_ticks"": 12}",delay_adverse_filter
mgc_30min_avoid_immediate_adverse_move_sm1p00_tm2p00_d15_aw5_mt16,MGC,30min,1min,regime_filtered_ema_mild_atr_20_80_compression_off_atr_target_1p0_ts3_vq0p95_bf0p5_ra1p2,1.0,2.0,15,avoid_immediate_adverse_move,"{""adverse_window_minutes"": 5, ""max_adverse_ticks"": 16}",delay_adverse_filter
mgc_30min_avoid_immediate_adverse_move_sm1p00_tm2p00_d15_aw10_mt8,MGC,30min,1min,regime_filtered_ema_mild_atr_20_80_compression_off_atr_target_1p0_ts3_vq0p95_bf0p5_ra1p2,1.0,2.0,15,avoid_immediate_adverse_move,"{""adverse_window_minutes"": 10, ""max_adverse_ticks"": 8}",delay_adverse_filter
mgc_30min_avoid_immediate_adverse_move_sm1p00_tm2p00_d15_aw10_mt12,MGC,30min,1min,regime_filtered_ema_mild_atr_20_80_compression_off_atr_target_1p0_ts3_vq0p95_bf0p5_ra1p2,1.0,2.0,15,avoid_immediate_adverse_move,"{""adverse_window_minutes"": 10, ""max_adverse_ticks"": 12}",delay_adverse_filter
mgc_30min_avoid_immediate_adverse_move_sm1p00_tm2p00_d15_aw10_mt16,MGC,30min,1min,regime_filtered_ema_mild_atr_20_80_compression_off_atr_target_1p0_ts3_vq0p95_bf0p5_ra1p2,1.0,2.0,15,avoid_immediate_adverse_move,"{""adverse_window_minutes"": 10, ""max_adverse_ticks"": 16}",delay_adverse_filter
mgc_30min_require_no_stop_zone_touch_before_entry_sm1p00_tm2p00_d30_sz0p50,MGC,30min,1min,regime_filtered_ema_mild_atr_20_80_compression_off_atr_target_1p0_ts3_vq0p95_bf0p5_ra1p2,1.0,2.0,30,require_no_stop_zone_touch_before_entry,"{""stop_zone_fraction"": 0.5}",delay_stop_zone_filter
mgc_30min_require_no_stop_zone_touch_before_entry_sm1p00_tm2p00_d30_sz0p75,MGC,30min,1min,regime_filtered_ema_mild_atr_20_80_compression_off_atr_target_1p0_ts3_vq0p95_bf0p5_ra1p2,1.0,2.0,30,require_no_stop_zone_touch_before_entry,"{""stop_zone_fraction"": 0.75}",delay_stop_zone_filter
mgc_30min_require_no_stop_zone_touch_before_entry_sm1p00_tm2p00_d30_sz1p00,MGC,30min,1min,regime_filtered_ema_mild_atr_20_80_compression_off_atr_target_1p0_ts3_vq0p95_bf0p5_ra1p2,1.0,2.0,30,require_no_stop_zone_touch_before_entry,"{""stop_zone_fraction"": 1.0}",delay_stop_zone_filter
mgc_30min_avoid_immediate_adverse_move_sm1p00_tm2p00_d30_aw5_mt8,MGC,30min,1min,regime_filtered_ema_mild_atr_20_80_compression_off_atr_target_1p0_ts3_vq0p95_bf0p5_ra1p2,1.0,2.0,30,avoid_immediate_adverse_move,"{""adverse_window_minutes"": 5, ""max_adverse_ticks"": 8}",delay_adverse_filter
mgc_30min_avoid_immediate_adverse_move_sm1p00_tm2p00_d30_aw5_mt12,MGC,30min,1min,regime_filtered_ema_mild_atr_20_80_compression_off_atr_target_1p0_ts3_vq0p95_bf0p5_ra1p2,1.0,2.0,30,avoid_immediate_adverse_move,"{""adverse_window_minutes"": 5, ""max_adverse_ticks"": 12}",delay_adverse_filter
mgc_30min_avoid_immediate_adverse_move_sm1p00_tm2p00_d30_aw5_mt16,MGC,30min,1min,regime_filtered_ema_mild_atr_20_80_compression_off_atr_target_1p0_ts3_vq0p95_bf0p5_ra1p2,1.0,2.0,30,avoid_immediate_adverse_move,"{""adverse_window_minutes"": 5, ""max_adverse_ticks"": 16}",delay_adverse_filter
mgc_30min_avoid_immediate_adverse_move_sm1p00_tm2p00_d30_aw10_mt8,MGC,30min,1min,regime_filtered_ema_mild_atr_20_80_compression_off_atr_target_1p0_ts3_vq0p95_bf0p5_ra1p2,1.0,2.0,30,avoid_immediate_adverse_move,"{""adverse_window_minutes"": 10, ""max_adverse_ticks"": 8}",delay_adverse_filter
mgc_30min_avoid_immediate_adverse_move_sm1p00_tm2p00_d30_aw10_mt12,MGC,30min,1min,regime_filtered_ema_mild_atr_20_80_compression_off_atr_target_1p0_ts3_vq0p95_bf0p5_ra1p2,1.0,2.0,30,avoid_immediate_adverse_move,"{""adverse_window_minutes"": 10, ""max_adverse_ticks"": 12}",delay_adverse_filter
mgc_30min_avoid_immediate_adverse_move_sm1p00_tm2p00_d30_aw10_mt16,MGC,30min,1min,regime_filtered_ema_mild_atr_20_80_compression_off_atr_target_1p0_ts3_vq0p95_bf0p5_ra1p2,1.0,2.0,30,avoid_immediate_adverse_move,"{""adverse_window_minutes"": 10, ""max_adverse_ticks"": 16}",delay_adverse_filter
mgc_30min_require_no_stop_zone_touch_before_entry_sm1p00_tm2p50_d5_sz0p50,MGC,30min,1min,regime_filtered_ema_mild_atr_20_80_compression_off_atr_target_1p0_ts3_vq0p95_bf0p5_ra1p2,1.0,2.5,5,require_no_stop_zone_touch_before_entry,"{""stop_zone_fraction"": 0.5}",delay_stop_zone_filter
mgc_30min_require_no_stop_zone_touch_before_entry_sm1p00_tm2p50_d5_sz0p75,MGC,30min,1min,regime_filtered_ema_mild_atr_20_80_compression_off_atr_target_1p0_ts3_vq0p95_bf0p5_ra1p2,1.0,2.5,5,require_no_stop_zone_touch_before_entry,"{""stop_zone_fraction"": 0.75}",delay_stop_zone_filter
mgc_30min_require_no_stop_zone_touch_before_entry_sm1p00_tm2p50_d5_sz1p00,MGC,30min,1min,regime_filtered_ema_mild_atr_20_80_compression_off_atr_target_1p0_ts3_vq0p95_bf0p5_ra1p2,1.0,2.5,5,require_no_stop_zone_touch_before_entry,"{""stop_zone_fraction"": 1.0}",delay_stop_zone_filter
mgc_30min_avoid_immediate_adverse_move_sm1p00_tm2p50_d5_aw5_mt8,MGC,30min,1min,regime_filtered_ema_mild_atr_20_80_compression_off_atr_target_1p0_ts3_vq0p95_bf0p5_ra1p2,1.0,2.5,5,avoid_immediate_adverse_move,"{""adverse_window_minutes"": 5, ""max_adverse_ticks"": 8}",delay_adverse_filter
mgc_30min_avoid_immediate_adverse_move_sm1p00_tm2p50_d5_aw5_mt12,MGC,30min,1min,regime_filtered_ema_mild_atr_20_80_compression_off_atr_target_1p0_ts3_vq0p95_bf0p5_ra1p2,1.0,2.5,5,avoid_immediate_adverse_move,"{""adverse_window_minutes"": 5, ""max_adverse_ticks"": 12}",delay_adverse_filter
mgc_30min_avoid_immediate_adverse_move_sm1p00_tm2p50_d5_aw5_mt16,MGC,30min,1min,regime_filtered_ema_mild_atr_20_80_compression_off_atr_target_1p0_ts3_vq0p95_bf0p5_ra1p2,1.0,2.5,5,avoid_immediate_adverse_move,"{""adverse_window_minutes"": 5, ""max_adverse_ticks"": 16}",delay_adverse_filter
mgc_30min_require_no_stop_zone_touch_before_entry_sm1p00_tm2p50_d15_sz0p50,MGC,30min,1min,regime_filtered_ema_mild_atr_20_80_compression_off_atr_target_1p0_ts3_vq0p95_bf0p5_ra1p2,1.0,2.5,15,require_no_stop_zone_touch_before_entry,"{""stop_zone_fraction"": 0.5}",delay_stop_zone_filter
mgc_30min_require_no_stop_zone_touch_before_entry_sm1p00_tm2p50_d15_sz0p75,MGC,30min,1min,regime_filtered_ema_mild_atr_20_80_compression_off_atr_target_1p0_ts3_vq0p95_bf0p5_ra1p2,1.0,2.5,15,require_no_stop_zone_touch_before_entry,"{""stop_zone_fraction"": 0.75}",delay_stop_zone_filter
mgc_30min_require_no_stop_zone_touch_before_entry_sm1p00_tm2p50_d15_sz1p00,MGC,30min,1min,regime_filtered_ema_mild_atr_20_80_compression_off_atr_target_1p0_ts3_vq0p95_bf0p5_ra1p2,1.0,2.5,15,require_no_stop_zone_touch_before_entry,"{""stop_zone_fraction"": 1.0}",delay_stop_zone_filter
mgc_30min_avoid_immediate_adverse_move_sm1p00_tm2p50_d15_aw5_mt8,MGC,30min,1min,regime_filtered_ema_mild_atr_20_80_compression_off_atr_target_1p0_ts3_vq0p95_bf0p5_ra1p2,1.0,2.5,15,avoid_immediate_adverse_move,"{""adverse_window_minutes"": 5, ""max_adverse_ticks"": 8}",delay_adverse_filter
mgc_30min_avoid_immediate_adverse_move_sm1p00_tm2p50_d15_aw5_mt12,MGC,30min,1min,regime_filtered_ema_mild_atr_20_80_compression_off_atr_target_1p0_ts3_vq0p95_bf0p5_ra1p2,1.0,2.5,15,avoid_immediate_adverse_move,"{""adverse_window_minutes"": 5, ""max_adverse_ticks"": 12}",delay_adverse_filter
mgc_30min_avoid_immediate_adverse_move_sm1p00_tm2p50_d15_aw5_mt16,MGC,30min,1min,regime_filtered_ema_mild_atr_20_80_compression_off_atr_target_1p0_ts3_vq0p95_bf0p5_ra1p2,1.0,2.5,15,avoid_immediate_adverse_move,"{""adverse_window_minutes"": 5, ""max_adverse_ticks"": 16}",delay_adverse_filter
mgc_30min_avoid_immediate_adverse_move_sm1p00_tm2p50_d15_aw10_mt8,MGC,30min,1min,regime_filtered_ema_mild_atr_20_80_compression_off_atr_target_1p0_ts3_vq0p95_bf0p5_ra1p2,1.0,2.5,15,avoid_immediate_adverse_move,"{""adverse_window_minutes"": 10, ""max_adverse_ticks"": 8}",delay_adverse_filter
mgc_30min_avoid_immediate_adverse_move_sm1p00_tm2p50_d15_aw10_mt12,MGC,30min,1min,regime_filtered_ema_mild_atr_20_80_compression_off_atr_target_1p0_ts3_vq0p95_bf0p5_ra1p2,1.0,2.5,15,avoid_immediate_adverse_move,"{""adverse_window_minutes"": 10, ""max_adverse_ticks"": 12}",delay_adverse_filter
mgc_30min_avoid_immediate_adverse_move_sm1p00_tm2p50_d15_aw10_mt16,MGC,30min,1min,regime_filtered_ema_mild_atr_20_80_compression_off_atr_target_1p0_ts3_vq0p95_bf0p5_ra1p2,1.0,2.5,15,avoid_immediate_adverse_move,"{""adverse_window_minutes"": 10, ""max_adverse_ticks"": 16}",delay_adverse_filter
mgc_30min_require_no_stop_zone_touch_before_entry_sm1p00_tm2p50_d30_sz0p50,MGC,30min,1min,regime_filtered_ema_mild_atr_20_80_compression_off_atr_target_1p0_ts3_vq0p95_bf0p5_ra1p2,1.0,2.5,30,require_no_stop_zone_touch_before_entry,"{""stop_zone_fraction"": 0.5}",delay_stop_zone_filter
mgc_30min_require_no_stop_zone_touch_before_entry_sm1p00_tm2p50_d30_sz0p75,MGC,30min,1min,regime_filtered_ema_mild_atr_20_80_compression_off_atr_target_1p0_ts3_vq0p95_bf0p5_ra1p2,1.0,2.5,30,require_no_stop_zone_touch_before_entry,"{""stop_zone_fraction"": 0.75}",delay_stop_zone_filter
mgc_30min_require_no_stop_zone_touch_before_entry_sm1p00_tm2p50_d30_sz1p00,MGC,30min,1min,regime_filtered_ema_mild_atr_20_80_compression_off_atr_target_1p0_ts3_vq0p95_bf0p5_ra1p2,1.0,2.5,30,require_no_stop_zone_touch_before_entry,"{""stop_zone_fraction"": 1.0}",delay_stop_zone_filter
mgc_30min_avoid_immediate_adverse_move_sm1p00_tm2p50_d30_aw5_mt8,MGC,30min,1min,regime_filtered_ema_mild_atr_20_80_compression_off_atr_target_1p0_ts3_vq0p95_bf0p5_ra1p2,1.0,2.5,30,avoid_immediate_adverse_move,"{""adverse_window_minutes"": 5, ""max_adverse_ticks"": 8}",delay_adverse_filter
mgc_30min_avoid_immediate_adverse_move_sm1p00_tm2p50_d30_aw5_mt12,MGC,30min,1min,regime_filtered_ema_mild_atr_20_80_compression_off_atr_target_1p0_ts3_vq0p95_bf0p5_ra1p2,1.0,2.5,30,avoid_immediate_adverse_move,"{""adverse_window_minutes"": 5, ""max_adverse_ticks"": 12}",delay_adverse_filter
mgc_30min_avoid_immediate_adverse_move_sm1p00_tm2p50_d30_aw5_mt16,MGC,30min,1min,regime_filtered_ema_mild_atr_20_80_compression_off_atr_target_1p0_ts3_vq0p95_bf0p5_ra1p2,1.0,2.5,30,avoid_immediate_adverse_move,"{""adverse_window_minutes"": 5, ""max_adverse_ticks"": 16}",delay_adverse_filter
mgc_30min_avoid_immediate_adverse_move_sm1p00_tm2p50_d30_aw10_mt8,MGC,30min,1min,regime_filtered_ema_mild_atr_20_80_compression_off_atr_target_1p0_ts3_vq0p95_bf0p5_ra1p2,1.0,2.5,30,avoid_immediate_adverse_move,"{""adverse_window_minutes"": 10, ""max_adverse_ticks"": 8}",delay_adverse_filter
mgc_30min_avoid_immediate_adverse_move_sm1p00_tm2p50_d30_aw10_mt12,MGC,30min,1min,regime_filtered_ema_mild_atr_20_80_compression_off_atr_target_1p0_ts3_vq0p95_bf0p5_ra1p2,1.0,2.5,30,avoid_immediate_adverse_move,"{""adverse_window_minutes"": 10, ""max_adverse_ticks"": 12}",delay_adverse_filter
mgc_30min_avoid_immediate_adverse_move_sm1p00_tm2p50_d30_aw10_mt16,MGC,30min,1min,regime_filtered_ema_mild_atr_20_80_compression_off_atr_target_1p0_ts3_vq0p95_bf0p5_ra1p2,1.0,2.5,30,avoid_immediate_adverse_move,"{""adverse_window_minutes"": 10, ""max_adverse_ticks"": 16}",delay_adverse_filter
mgc_30min_require_no_stop_zone_touch_before_entry_sm1p00_tm3p00_d5_sz0p50,MGC,30min,1min,regime_filtered_ema_mild_atr_20_80_compression_off_atr_target_1p0_ts3_vq0p95_bf0p5_ra1p2,1.0,3.0,5,require_no_stop_zone_touch_before_entry,"{""stop_zone_fraction"": 0.5}",delay_stop_zone_filter
mgc_30min_require_no_stop_zone_touch_before_entry_sm1p00_tm3p00_d5_sz0p75,MGC,30min,1min,regime_filtered_ema_mild_atr_20_80_compression_off_atr_target_1p0_ts3_vq0p95_bf0p5_ra1p2,1.0,3.0,5,require_no_stop_zone_touch_before_entry,"{""stop_zone_fraction"": 0.75}",delay_stop_zone_filter
mgc_30min_require_no_stop_zone_touch_before_entry_sm1p00_tm3p00_d5_sz1p00,MGC,30min,1min,regime_filtered_ema_mild_atr_20_80_compression_off_atr_target_1p0_ts3_vq0p95_bf0p5_ra1p2,1.0,3.0,5,require_no_stop_zone_touch_before_entry,"{""stop_zone_fraction"": 1.0}",delay_stop_zone_filter
mgc_30min_avoid_immediate_adverse_move_sm1p00_tm3p00_d5_aw5_mt8,MGC,30min,1min,regime_filtered_ema_mild_atr_20_80_compression_off_atr_target_1p0_ts3_vq0p95_bf0p5_ra1p2,1.0,3.0,5,avoid_immediate_adverse_move,"{""adverse_window_minutes"": 5, ""max_adverse_ticks"": 8}",delay_adverse_filter
mgc_30min_avoid_immediate_adverse_move_sm1p00_tm3p00_d5_aw5_mt12,MGC,30min,1min,regime_filtered_ema_mild_atr_20_80_compression_off_atr_target_1p0_ts3_vq0p95_bf0p5_ra1p2,1.0,3.0,5,avoid_immediate_adverse_move,"{""adverse_window_minutes"": 5, ""max_adverse_ticks"": 12}",delay_adverse_filter
mgc_30min_avoid_immediate_adverse_move_sm1p00_tm3p00_d5_aw5_mt16,MGC,30min,1min,regime_filtered_ema_mild_atr_20_80_compression_off_atr_target_1p0_ts3_vq0p95_bf0p5_ra1p2,1.0,3.0,5,avoid_immediate_adverse_move,"{""adverse_window_minutes"": 5, ""max_adverse_ticks"": 16}",delay_adverse_filter
mgc_30min_require_no_stop_zone_touch_before_entry_sm1p00_tm3p00_d15_sz0p50,MGC,30min,1min,regime_filtered_ema_mild_atr_20_80_compression_off_atr_target_1p0_ts3_vq0p95_bf0p5_ra1p2,1.0,3.0,15,require_no_stop_zone_touch_before_entry,"{""stop_zone_fraction"": 0.5}",delay_stop_zone_filter
mgc_30min_require_no_stop_zone_touch_before_entry_sm1p00_tm3p00_d15_sz0p75,MGC,30min,1min,regime_filtered_ema_mild_atr_20_80_compression_off_atr_target_1p0_ts3_vq0p95_bf0p5_ra1p2,1.0,3.0,15,require_no_stop_zone_touch_before_entry,"{""stop_zone_fraction"": 0.75}",delay_stop_zone_filter
mgc_30min_require_no_stop_zone_touch_before_entry_sm1p00_tm3p00_d15_sz1p00,MGC,30min,1min,regime_filtered_ema_mild_atr_20_80_compression_off_atr_target_1p0_ts3_vq0p95_bf0p5_ra1p2,1.0,3.0,15,require_no_stop_zone_touch_before_entry,"{""stop_zone_fraction"": 1.0}",delay_stop_zone_filter
mgc_30min_avoid_immediate_adverse_move_sm1p00_tm3p00_d15_aw5_mt8,MGC,30min,1min,regime_filtered_ema_mild_atr_20_80_compression_off_atr_target_1p0_ts3_vq0p95_bf0p5_ra1p2,1.0,3.0,15,avoid_immediate_adverse_move,"{""adverse_window_minutes"": 5, ""max_adverse_ticks"": 8}",delay_adverse_filter
mgc_30min_avoid_immediate_adverse_move_sm1p00_tm3p00_d15_aw5_mt12,MGC,30min,1min,regime_filtered_ema_mild_atr_20_80_compression_off_atr_target_1p0_ts3_vq0p95_bf0p5_ra1p2,1.0,3.0,15,avoid_immediate_adverse_move,"{""adverse_window_minutes"": 5, ""max_adverse_ticks"": 12}",delay_adverse_filter
mgc_30min_avoid_immediate_adverse_move_sm1p00_tm3p00_d15_aw5_mt16,MGC,30min,1min,regime_filtered_ema_mild_atr_20_80_compression_off_atr_target_1p0_ts3_vq0p95_bf0p5_ra1p2,1.0,3.0,15,avoid_immediate_adverse_move,"{""adverse_window_minutes"": 5, ""max_adverse_ticks"": 16}",delay_adverse_filter
mgc_30min_avoid_immediate_adverse_move_sm1p00_tm3p00_d15_aw10_mt8,MGC,30min,1min,regime_filtered_ema_mild_atr_20_80_compression_off_atr_target_1p0_ts3_vq0p95_bf0p5_ra1p2,1.0,3.0,15,avoid_immediate_adverse_move,"{""adverse_window_minutes"": 10, ""max_adverse_ticks"": 8}",delay_adverse_filter
mgc_30min_avoid_immediate_adverse_move_sm1p00_tm3p00_d15_aw10_mt12,MGC,30min,1min,regime_filtered_ema_mild_atr_20_80_compression_off_atr_target_1p0_ts3_vq0p95_bf0p5_ra1p2,1.0,3.0,15,avoid_immediate_adverse_move,"{""adverse_window_minutes"": 10, ""max_adverse_ticks"": 12}",delay_adverse_filter
mgc_30min_avoid_immediate_adverse_move_sm1p00_tm3p00_d15_aw10_mt16,MGC,30min,1min,regime_filtered_ema_mild_atr_20_80_compression_off_atr_target_1p0_ts3_vq0p95_bf0p5_ra1p2,1.0,3.0,15,avoid_immediate_adverse_move,"{""adverse_window_minutes"": 10, ""max_adverse_ticks"": 16}",delay_adverse_filter
mgc_30min_require_no_stop_zone_touch_before_entry_sm1p00_tm3p00_d30_sz0p50,MGC,30min,1min,regime_filtered_ema_mild_atr_20_80_compression_off_atr_target_1p0_ts3_vq0p95_bf0p5_ra1p2,1.0,3.0,30,require_no_stop_zone_touch_before_entry,"{""stop_zone_fraction"": 0.5}",delay_stop_zone_filter
mgc_30min_require_no_stop_zone_touch_before_entry_sm1p00_tm3p00_d30_sz0p75,MGC,30min,1min,regime_filtered_ema_mild_atr_20_80_compression_off_atr_target_1p0_ts3_vq0p95_bf0p5_ra1p2,1.0,3.0,30,require_no_stop_zone_touch_before_entry,"{""stop_zone_fraction"": 0.75}",delay_stop_zone_filter
mgc_30min_require_no_stop_zone_touch_before_entry_sm1p00_tm3p00_d30_sz1p00,MGC,30min,1min,regime_filtered_ema_mild_atr_20_80_compression_off_atr_target_1p0_ts3_vq0p95_bf0p5_ra1p2,1.0,3.0,30,require_no_stop_zone_touch_before_entry,"{""stop_zone_fraction"": 1.0}",delay_stop_zone_filter
mgc_30min_avoid_immediate_adverse_move_sm1p00_tm3p00_d30_aw5_mt8,MGC,30min,1min,regime_filtered_ema_mild_atr_20_80_compression_off_atr_target_1p0_ts3_vq0p95_bf0p5_ra1p2,1.0,3.0,30,avoid_immediate_adverse_move,"{""adverse_window_minutes"": 5, ""max_adverse_ticks"": 8}",delay_adverse_filter
mgc_30min_avoid_immediate_adverse_move_sm1p00_tm3p00_d30_aw5_mt12,MGC,30min,1min,regime_filtered_ema_mild_atr_20_80_compression_off_atr_target_1p0_ts3_vq0p95_bf0p5_ra1p2,1.0,3.0,30,avoid_immediate_adverse_move,"{""adverse_window_minutes"": 5, ""max_adverse_ticks"": 12}",delay_adverse_filter
mgc_30min_avoid_immediate_adverse_move_sm1p00_tm3p00_d30_aw5_mt16,MGC,30min,1min,regime_filtered_ema_mild_atr_20_80_compression_off_atr_target_1p0_ts3_vq0p95_bf0p5_ra1p2,1.0,3.0,30,avoid_immediate_adverse_move,"{""adverse_window_minutes"": 5, ""max_adverse_ticks"": 16}",delay_adverse_filter
mgc_30min_avoid_immediate_adverse_move_sm1p00_tm3p00_d30_aw10_mt8,MGC,30min,1min,regime_filtered_ema_mild_atr_20_80_compression_off_atr_target_1p0_ts3_vq0p95_bf0p5_ra1p2,1.0,3.0,30,avoid_immediate_adverse_move,"{""adverse_window_minutes"": 10, ""max_adverse_ticks"": 8}",delay_adverse_filter
mgc_30min_avoid_immediate_adverse_move_sm1p00_tm3p00_d30_aw10_mt12,MGC,30min,1min,regime_filtered_ema_mild_atr_20_80_compression_off_atr_target_1p0_ts3_vq0p95_bf0p5_ra1p2,1.0,3.0,30,avoid_immediate_adverse_move,"{""adverse_window_minutes"": 10, ""max_adverse_ticks"": 12}",delay_adverse_filter
mgc_30min_avoid_immediate_adverse_move_sm1p00_tm3p00_d30_aw10_mt16,MGC,30min,1min,regime_filtered_ema_mild_atr_20_80_compression_off_atr_target_1p0_ts3_vq0p95_bf0p5_ra1p2,1.0,3.0,30,avoid_immediate_adverse_move,"{""adverse_window_minutes"": 10, ""max_adverse_ticks"": 16}",delay_adverse_filter
mgc_30min_require_no_stop_zone_touch_before_entry_sm1p25_tm2p00_d5_sz0p50,MGC,30min,1min,regime_filtered_ema_mild_atr_20_80_compression_off_atr_target_1p0_ts3_vq0p95_bf0p5_ra1p2,1.25,2.0,5,require_no_stop_zone_touch_before_entry,"{""stop_zone_fraction"": 0.5}",delay_stop_zone_filter
mgc_30min_require_no_stop_zone_touch_before_entry_sm1p25_tm2p00_d5_sz0p75,MGC,30min,1min,regime_filtered_ema_mild_atr_20_80_compression_off_atr_target_1p0_ts3_vq0p95_bf0p5_ra1p2,1.25,2.0,5,require_no_stop_zone_touch_before_entry,"{""stop_zone_fraction"": 0.75}",delay_stop_zone_filter
mgc_30min_require_no_stop_zone_touch_before_entry_sm1p25_tm2p00_d5_sz1p00,MGC,30min,1min,regime_filtered_ema_mild_atr_20_80_compression_off_atr_target_1p0_ts3_vq0p95_bf0p5_ra1p2,1.25,2.0,5,require_no_stop_zone_touch_before_entry,"{""stop_zone_fraction"": 1.0}",delay_stop_zone_filter
mgc_30min_avoid_immediate_adverse_move_sm1p25_tm2p00_d5_aw5_mt8,MGC,30min,1min,regime_filtered_ema_mild_atr_20_80_compression_off_atr_target_1p0_ts3_vq0p95_bf0p5_ra1p2,1.25,2.0,5,avoid_immediate_adverse_move,"{""adverse_window_minutes"": 5, ""max_adverse_ticks"": 8}",delay_adverse_filter
mgc_30min_avoid_immediate_adverse_move_sm1p25_tm2p00_d5_aw5_mt12,MGC,30min,1min,regime_filtered_ema_mild_atr_20_80_compression_off_atr_target_1p0_ts3_vq0p95_bf0p5_ra1p2,1.25,2.0,5,avoid_immediate_adverse_move,"{""adverse_window_minutes"": 5, ""max_adverse_ticks"": 12}",delay_adverse_filter
mgc_30min_avoid_immediate_adverse_move_sm1p25_tm2p00_d5_aw5_mt16,MGC,30min,1min,regime_filtered_ema_mild_atr_20_80_compression_off_atr_target_1p0_ts3_vq0p95_bf0p5_ra1p2,1.25,2.0,5,avoid_immediate_adverse_move,"{""adverse_window_minutes"": 5, ""max_adverse_ticks"": 16}",delay_adverse_filter
mgc_30min_require_no_stop_zone_touch_before_entry_sm1p25_tm2p00_d15_sz0p50,MGC,30min,1min,regime_filtered_ema_mild_atr_20_80_compression_off_atr_target_1p0_ts3_vq0p95_bf0p5_ra1p2,1.25,2.0,15,require_no_stop_zone_touch_before_entry,"{""stop_zone_fraction"": 0.5}",delay_stop_zone_filter
mgc_30min_require_no_stop_zone_touch_before_entry_sm1p25_tm2p00_d15_sz0p75,MGC,30min,1min,regime_filtered_ema_mild_atr_20_80_compression_off_atr_target_1p0_ts3_vq0p95_bf0p5_ra1p2,1.25,2.0,15,require_no_stop_zone_touch_before_entry,"{""stop_zone_fraction"": 0.75}",delay_stop_zone_filter
mgc_30min_require_no_stop_zone_touch_before_entry_sm1p25_tm2p00_d15_sz1p00,MGC,30min,1min,regime_filtered_ema_mild_atr_20_80_compression_off_atr_target_1p0_ts3_vq0p95_bf0p5_ra1p2,1.25,2.0,15,require_no_stop_zone_touch_before_entry,"{""stop_zone_fraction"": 1.0}",delay_stop_zone_filter
mgc_30min_avoid_immediate_adverse_move_sm1p25_tm2p00_d15_aw5_mt8,MGC,30min,1min,regime_filtered_ema_mild_atr_20_80_compression_off_atr_target_1p0_ts3_vq0p95_bf0p5_ra1p2,1.25,2.0,15,avoid_immediate_adverse_move,"{""adverse_window_minutes"": 5, ""max_adverse_ticks"": 8}",delay_adverse_filter
mgc_30min_avoid_immediate_adverse_move_sm1p25_tm2p00_d15_aw5_mt12,MGC,30min,1min,regime_filtered_ema_mild_atr_20_80_compression_off_atr_target_1p0_ts3_vq0p95_bf0p5_ra1p2,1.25,2.0,15,avoid_immediate_adverse_move,"{""adverse_window_minutes"": 5, ""max_adverse_ticks"": 12}",delay_adverse_filter
mgc_30min_avoid_immediate_adverse_move_sm1p25_tm2p00_d15_aw5_mt16,MGC,30min,1min,regime_filtered_ema_mild_atr_20_80_compression_off_atr_target_1p0_ts3_vq0p95_bf0p5_ra1p2,1.25,2.0,15,avoid_immediate_adverse_move,"{""adverse_window_minutes"": 5, ""max_adverse_ticks"": 16}",delay_adverse_filter
mgc_30min_avoid_immediate_adverse_move_sm1p25_tm2p00_d15_aw10_mt8,MGC,30min,1min,regime_filtered_ema_mild_atr_20_80_compression_off_atr_target_1p0_ts3_vq0p95_bf0p5_ra1p2,1.25,2.0,15,avoid_immediate_adverse_move,"{""adverse_window_minutes"": 10, ""max_adverse_ticks"": 8}",delay_adverse_filter
mgc_30min_avoid_immediate_adverse_move_sm1p25_tm2p00_d15_aw10_mt12,MGC,30min,1min,regime_filtered_ema_mild_atr_20_80_compression_off_atr_target_1p0_ts3_vq0p95_bf0p5_ra1p2,1.25,2.0,15,avoid_immediate_adverse_move,"{""adverse_window_minutes"": 10, ""max_adverse_ticks"": 12}",delay_adverse_filter
mgc_30min_avoid_immediate_adverse_move_sm1p25_tm2p00_d15_aw10_mt16,MGC,30min,1min,regime_filtered_ema_mild_atr_20_80_compression_off_atr_target_1p0_ts3_vq0p95_bf0p5_ra1p2,1.25,2.0,15,avoid_immediate_adverse_move,"{""adverse_window_minutes"": 10, ""max_adverse_ticks"": 16}",delay_adverse_filter
mgc_30min_require_no_stop_zone_touch_before_entry_sm1p25_tm2p00_d30_sz0p50,MGC,30min,1min,regime_filtered_ema_mild_atr_20_80_compression_off_atr_target_1p0_ts3_vq0p95_bf0p5_ra1p2,1.25,2.0,30,require_no_stop_zone_touch_before_entry,"{""stop_zone_fraction"": 0.5}",delay_stop_zone_filter
mgc_30min_require_no_stop_zone_touch_before_entry_sm1p25_tm2p00_d30_sz0p75,MGC,30min,1min,regime_filtered_ema_mild_atr_20_80_compression_off_atr_target_1p0_ts3_vq0p95_bf0p5_ra1p2,1.25,2.0,30,require_no_stop_zone_touch_before_entry,"{""stop_zone_fraction"": 0.75}",delay_stop_zone_filter
mgc_30min_require_no_stop_zone_touch_before_entry_sm1p25_tm2p00_d30_sz1p00,MGC,30min,1min,regime_filtered_ema_mild_atr_20_80_compression_off_atr_target_1p0_ts3_vq0p95_bf0p5_ra1p2,1.25,2.0,30,require_no_stop_zone_touch_before_entry,"{""stop_zone_fraction"": 1.0}",delay_stop_zone_filter
mgc_30min_avoid_immediate_adverse_move_sm1p25_tm2p00_d30_aw5_mt8,MGC,30min,1min,regime_filtered_ema_mild_atr_20_80_compression_off_atr_target_1p0_ts3_vq0p95_bf0p5_ra1p2,1.25,2.0,30,avoid_immediate_adverse_move,"{""adverse_window_minutes"": 5, ""max_adverse_ticks"": 8}",delay_adverse_filter
mgc_30min_avoid_immediate_adverse_move_sm1p25_tm2p00_d30_aw5_mt12,MGC,30min,1min,regime_filtered_ema_mild_atr_20_80_compression_off_atr_target_1p0_ts3_vq0p95_bf0p5_ra1p2,1.25,2.0,30,avoid_immediate_adverse_move,"{""adverse_window_minutes"": 5, ""max_adverse_ticks"": 12}",delay_adverse_filter
mgc_30min_avoid_immediate_adverse_move_sm1p25_tm2p00_d30_aw5_mt16,MGC,30min,1min,regime_filtered_ema_mild_atr_20_80_compression_off_atr_target_1p0_ts3_vq0p95_bf0p5_ra1p2,1.25,2.0,30,avoid_immediate_adverse_move,"{""adverse_window_minutes"": 5, ""max_adverse_ticks"": 16}",delay_adverse_filter
mgc_30min_avoid_immediate_adverse_move_sm1p25_tm2p00_d30_aw10_mt8,MGC,30min,1min,regime_filtered_ema_mild_atr_20_80_compression_off_atr_target_1p0_ts3_vq0p95_bf0p5_ra1p2,1.25,2.0,30,avoid_immediate_adverse_move,"{""adverse_window_minutes"": 10, ""max_adverse_ticks"": 8}",delay_adverse_filter
mgc_30min_avoid_immediate_adverse_move_sm1p25_tm2p00_d30_aw10_mt12,MGC,30min,1min,regime_filtered_ema_mild_atr_20_80_compression_off_atr_target_1p0_ts3_vq0p95_bf0p5_ra1p2,1.25,2.0,30,avoid_immediate_adverse_move,"{""adverse_window_minutes"": 10, ""max_adverse_ticks"": 12}",delay_adverse_filter
mgc_30min_avoid_immediate_adverse_move_sm1p25_tm2p00_d30_aw10_mt16,MGC,30min,1min,regime_filtered_ema_mild_atr_20_80_compression_off_atr_target_1p0_ts3_vq0p95_bf0p5_ra1p2,1.25,2.0,30,avoid_immediate_adverse_move,"{""adverse_window_minutes"": 10, ""max_adverse_ticks"": 16}",delay_adverse_filter
mgc_30min_require_no_stop_zone_touch_before_entry_sm1p25_tm2p50_d5_sz0p50,MGC,30min,1min,regime_filtered_ema_mild_atr_20_80_compression_off_atr_target_1p0_ts3_vq0p95_bf0p5_ra1p2,1.25,2.5,5,require_no_stop_zone_touch_before_entry,"{""stop_zone_fraction"": 0.5}",delay_stop_zone_filter
mgc_30min_require_no_stop_zone_touch_before_entry_sm1p25_tm2p50_d5_sz0p75,MGC,30min,1min,regime_filtered_ema_mild_atr_20_80_compression_off_atr_target_1p0_ts3_vq0p95_bf0p5_ra1p2,1.25,2.5,5,require_no_stop_zone_touch_before_entry,"{""stop_zone_fraction"": 0.75}",delay_stop_zone_filter
mgc_30min_require_no_stop_zone_touch_before_entry_sm1p25_tm2p50_d5_sz1p00,MGC,30min,1min,regime_filtered_ema_mild_atr_20_80_compression_off_atr_target_1p0_ts3_vq0p95_bf0p5_ra1p2,1.25,2.5,5,require_no_stop_zone_touch_before_entry,"{""stop_zone_fraction"": 1.0}",delay_stop_zone_filter
mgc_30min_avoid_immediate_adverse_move_sm1p25_tm2p50_d5_aw5_mt8,MGC,30min,1min,regime_filtered_ema_mild_atr_20_80_compression_off_atr_target_1p0_ts3_vq0p95_bf0p5_ra1p2,1.25,2.5,5,avoid_immediate_adverse_move,"{""adverse_window_minutes"": 5, ""max_adverse_ticks"": 8}",delay_adverse_filter
mgc_30min_avoid_immediate_adverse_move_sm1p25_tm2p50_d5_aw5_mt12,MGC,30min,1min,regime_filtered_ema_mild_atr_20_80_compression_off_atr_target_1p0_ts3_vq0p95_bf0p5_ra1p2,1.25,2.5,5,avoid_immediate_adverse_move,"{""adverse_window_minutes"": 5, ""max_adverse_ticks"": 12}",delay_adverse_filter
mgc_30min_avoid_immediate_adverse_move_sm1p25_tm2p50_d5_aw5_mt16,MGC,30min,1min,regime_filtered_ema_mild_atr_20_80_compression_off_atr_target_1p0_ts3_vq0p95_bf0p5_ra1p2,1.25,2.5,5,avoid_immediate_adverse_move,"{""adverse_window_minutes"": 5, ""max_adverse_ticks"": 16}",delay_adverse_filter
mgc_30min_require_no_stop_zone_touch_before_entry_sm1p25_tm2p50_d15_sz0p50,MGC,30min,1min,regime_filtered_ema_mild_atr_20_80_compression_off_atr_target_1p0_ts3_vq0p95_bf0p5_ra1p2,1.25,2.5,15,require_no_stop_zone_touch_before_entry,"{""stop_zone_fraction"": 0.5}",delay_stop_zone_filter
mgc_30min_require_no_stop_zone_touch_before_entry_sm1p25_tm2p50_d15_sz0p75,MGC,30min,1min,regime_filtered_ema_mild_atr_20_80_compression_off_atr_target_1p0_ts3_vq0p95_bf0p5_ra1p2,1.25,2.5,15,require_no_stop_zone_touch_before_entry,"{""stop_zone_fraction"": 0.75}",delay_stop_zone_filter
mgc_30min_require_no_stop_zone_touch_before_entry_sm1p25_tm2p50_d15_sz1p00,MGC,30min,1min,regime_filtered_ema_mild_atr_20_80_compression_off_atr_target_1p0_ts3_vq0p95_bf0p5_ra1p2,1.25,2.5,15,require_no_stop_zone_touch_before_entry,"{""stop_zone_fraction"": 1.0}",delay_stop_zone_filter
mgc_30min_avoid_immediate_adverse_move_sm1p25_tm2p50_d15_aw5_mt8,MGC,30min,1min,regime_filtered_ema_mild_atr_20_80_compression_off_atr_target_1p0_ts3_vq0p95_bf0p5_ra1p2,1.25,2.5,15,avoid_immediate_adverse_move,"{""adverse_window_minutes"": 5, ""max_adverse_ticks"": 8}",delay_adverse_filter
mgc_30min_avoid_immediate_adverse_move_sm1p25_tm2p50_d15_aw5_mt12,MGC,30min,1min,regime_filtered_ema_mild_atr_20_80_compression_off_atr_target_1p0_ts3_vq0p95_bf0p5_ra1p2,1.25,2.5,15,avoid_immediate_adverse_move,"{""adverse_window_minutes"": 5, ""max_adverse_ticks"": 12}",delay_adverse_filter
mgc_30min_avoid_immediate_adverse_move_sm1p25_tm2p50_d15_aw5_mt16,MGC,30min,1min,regime_filtered_ema_mild_atr_20_80_compression_off_atr_target_1p0_ts3_vq0p95_bf0p5_ra1p2,1.25,2.5,15,avoid_immediate_adverse_move,"{""adverse_window_minutes"": 5, ""max_adverse_ticks"": 16}",delay_adverse_filter
mgc_30min_avoid_immediate_adverse_move_sm1p25_tm2p50_d15_aw10_mt8,MGC,30min,1min,regime_filtered_ema_mild_atr_20_80_compression_off_atr_target_1p0_ts3_vq0p95_bf0p5_ra1p2,1.25,2.5,15,avoid_immediate_adverse_move,"{""adverse_window_minutes"": 10, ""max_adverse_ticks"": 8}",delay_adverse_filter
mgc_30min_avoid_immediate_adverse_move_sm1p25_tm2p50_d15_aw10_mt12,MGC,30min,1min,regime_filtered_ema_mild_atr_20_80_compression_off_atr_target_1p0_ts3_vq0p95_bf0p5_ra1p2,1.25,2.5,15,avoid_immediate_adverse_move,"{""adverse_window_minutes"": 10, ""max_adverse_ticks"": 12}",delay_adverse_filter
mgc_30min_avoid_immediate_adverse_move_sm1p25_tm2p50_d15_aw10_mt16,MGC,30min,1min,regime_filtered_ema_mild_atr_20_80_compression_off_atr_target_1p0_ts3_vq0p95_bf0p5_ra1p2,1.25,2.5,15,avoid_immediate_adverse_move,"{""adverse_window_minutes"": 10, ""max_adverse_ticks"": 16}",delay_adverse_filter
mgc_30min_require_no_stop_zone_touch_before_entry_sm1p25_tm2p50_d30_sz0p50,MGC,30min,1min,regime_filtered_ema_mild_atr_20_80_compression_off_atr_target_1p0_ts3_vq0p95_bf0p5_ra1p2,1.25,2.5,30,require_no_stop_zone_touch_before_entry,"{""stop_zone_fraction"": 0.5}",delay_stop_zone_filter
mgc_30min_require_no_stop_zone_touch_before_entry_sm1p25_tm2p50_d30_sz0p75,MGC,30min,1min,regime_filtered_ema_mild_atr_20_80_compression_off_atr_target_1p0_ts3_vq0p95_bf0p5_ra1p2,1.25,2.5,30,require_no_stop_zone_touch_before_entry,"{""stop_zone_fraction"": 0.75}",delay_stop_zone_filter
mgc_30min_require_no_stop_zone_touch_before_entry_sm1p25_tm2p50_d30_sz1p00,MGC,30min,1min,regime_filtered_ema_mild_atr_20_80_compression_off_atr_target_1p0_ts3_vq0p95_bf0p5_ra1p2,1.25,2.5,30,require_no_stop_zone_touch_before_entry,"{""stop_zone_fraction"": 1.0}",delay_stop_zone_filter
mgc_30min_avoid_immediate_adverse_move_sm1p25_tm2p50_d30_aw5_mt8,MGC,30min,1min,regime_filtered_ema_mild_atr_20_80_compression_off_atr_target_1p0_ts3_vq0p95_bf0p5_ra1p2,1.25,2.5,30,avoid_immediate_adverse_move,"{""adverse_window_minutes"": 5, ""max_adverse_ticks"": 8}",delay_adverse_filter
mgc_30min_avoid_immediate_adverse_move_sm1p25_tm2p50_d30_aw5_mt12,MGC,30min,1min,regime_filtered_ema_mild_atr_20_80_compression_off_atr_target_1p0_ts3_vq0p95_bf0p5_ra1p2,1.25,2.5,30,avoid_immediate_adverse_move,"{""adverse_window_minutes"": 5, ""max_adverse_ticks"": 12}",delay_adverse_filter
mgc_30min_avoid_immediate_adverse_move_sm1p25_tm2p50_d30_aw5_mt16,MGC,30min,1min,regime_filtered_ema_mild_atr_20_80_compression_off_atr_target_1p0_ts3_vq0p95_bf0p5_ra1p2,1.25,2.5,30,avoid_immediate_adverse_move,"{""adverse_window_minutes"": 5, ""max_adverse_ticks"": 16}",delay_adverse_filter
mgc_30min_avoid_immediate_adverse_move_sm1p25_tm2p50_d30_aw10_mt8,MGC,30min,1min,regime_filtered_ema_mild_atr_20_80_compression_off_atr_target_1p0_ts3_vq0p95_bf0p5_ra1p2,1.25,2.5,30,avoid_immediate_adverse_move,"{""adverse_window_minutes"": 10, ""max_adverse_ticks"": 8}",delay_adverse_filter
mgc_30min_avoid_immediate_adverse_move_sm1p25_tm2p50_d30_aw10_mt12,MGC,30min,1min,regime_filtered_ema_mild_atr_20_80_compression_off_atr_target_1p0_ts3_vq0p95_bf0p5_ra1p2,1.25,2.5,30,avoid_immediate_adverse_move,"{""adverse_window_minutes"": 10, ""max_adverse_ticks"": 12}",delay_adverse_filter
mgc_30min_avoid_immediate_adverse_move_sm1p25_tm2p50_d30_aw10_mt16,MGC,30min,1min,regime_filtered_ema_mild_atr_20_80_compression_off_atr_target_1p0_ts3_vq0p95_bf0p5_ra1p2,1.25,2.5,30,avoid_immediate_adverse_move,"{""adverse_window_minutes"": 10, ""max_adverse_ticks"": 16}",delay_adverse_filter
mgc_30min_require_no_stop_zone_touch_before_entry_sm1p25_tm3p00_d5_sz0p50,MGC,30min,1min,regime_filtered_ema_mild_atr_20_80_compression_off_atr_target_1p0_ts3_vq0p95_bf0p5_ra1p2,1.25,3.0,5,require_no_stop_zone_touch_before_entry,"{""stop_zone_fraction"": 0.5}",delay_stop_zone_filter
mgc_30min_require_no_stop_zone_touch_before_entry_sm1p25_tm3p00_d5_sz0p75,MGC,30min,1min,regime_filtered_ema_mild_atr_20_80_compression_off_atr_target_1p0_ts3_vq0p95_bf0p5_ra1p2,1.25,3.0,5,require_no_stop_zone_touch_before_entry,"{""stop_zone_fraction"": 0.75}",delay_stop_zone_filter
mgc_30min_require_no_stop_zone_touch_before_entry_sm1p25_tm3p00_d5_sz1p00,MGC,30min,1min,regime_filtered_ema_mild_atr_20_80_compression_off_atr_target_1p0_ts3_vq0p95_bf0p5_ra1p2,1.25,3.0,5,require_no_stop_zone_touch_before_entry,"{""stop_zone_fraction"": 1.0}",delay_stop_zone_filter
mgc_30min_avoid_immediate_adverse_move_sm1p25_tm3p00_d5_aw5_mt8,MGC,30min,1min,regime_filtered_ema_mild_atr_20_80_compression_off_atr_target_1p0_ts3_vq0p95_bf0p5_ra1p2,1.25,3.0,5,avoid_immediate_adverse_move,"{""adverse_window_minutes"": 5, ""max_adverse_ticks"": 8}",delay_adverse_filter
mgc_30min_avoid_immediate_adverse_move_sm1p25_tm3p00_d5_aw5_mt12,MGC,30min,1min,regime_filtered_ema_mild_atr_20_80_compression_off_atr_target_1p0_ts3_vq0p95_bf0p5_ra1p2,1.25,3.0,5,avoid_immediate_adverse_move,"{""adverse_window_minutes"": 5, ""max_adverse_ticks"": 12}",delay_adverse_filter
mgc_30min_avoid_immediate_adverse_move_sm1p25_tm3p00_d5_aw5_mt16,MGC,30min,1min,regime_filtered_ema_mild_atr_20_80_compression_off_atr_target_1p0_ts3_vq0p95_bf0p5_ra1p2,1.25,3.0,5,avoid_immediate_adverse_move,"{""adverse_window_minutes"": 5, ""max_adverse_ticks"": 16}",delay_adverse_filter
mgc_30min_require_no_stop_zone_touch_before_entry_sm1p25_tm3p00_d15_sz0p50,MGC,30min,1min,regime_filtered_ema_mild_atr_20_80_compression_off_atr_target_1p0_ts3_vq0p95_bf0p5_ra1p2,1.25,3.0,15,require_no_stop_zone_touch_before_entry,"{""stop_zone_fraction"": 0.5}",delay_stop_zone_filter
mgc_30min_require_no_stop_zone_touch_before_entry_sm1p25_tm3p00_d15_sz0p75,MGC,30min,1min,regime_filtered_ema_mild_atr_20_80_compression_off_atr_target_1p0_ts3_vq0p95_bf0p5_ra1p2,1.25,3.0,15,require_no_stop_zone_touch_before_entry,"{""stop_zone_fraction"": 0.75}",delay_stop_zone_filter
mgc_30min_require_no_stop_zone_touch_before_entry_sm1p25_tm3p00_d15_sz1p00,MGC,30min,1min,regime_filtered_ema_mild_atr_20_80_compression_off_atr_target_1p0_ts3_vq0p95_bf0p5_ra1p2,1.25,3.0,15,require_no_stop_zone_touch_before_entry,"{""stop_zone_fraction"": 1.0}",delay_stop_zone_filter
mgc_30min_avoid_immediate_adverse_move_sm1p25_tm3p00_d15_aw5_mt8,MGC,30min,1min,regime_filtered_ema_mild_atr_20_80_compression_off_atr_target_1p0_ts3_vq0p95_bf0p5_ra1p2,1.25,3.0,15,avoid_immediate_adverse_move,"{""adverse_window_minutes"": 5, ""max_adverse_ticks"": 8}",delay_adverse_filter
mgc_30min_avoid_immediate_adverse_move_sm1p25_tm3p00_d15_aw5_mt12,MGC,30min,1min,regime_filtered_ema_mild_atr_20_80_compression_off_atr_target_1p0_ts3_vq0p95_bf0p5_ra1p2,1.25,3.0,15,avoid_immediate_adverse_move,"{""adverse_window_minutes"": 5, ""max_adverse_ticks"": 12}",delay_adverse_filter
mgc_30min_avoid_immediate_adverse_move_sm1p25_tm3p00_d15_aw5_mt16,MGC,30min,1min,regime_filtered_ema_mild_atr_20_80_compression_off_atr_target_1p0_ts3_vq0p95_bf0p5_ra1p2,1.25,3.0,15,avoid_immediate_adverse_move,"{""adverse_window_minutes"": 5, ""max_adverse_ticks"": 16}",delay_adverse_filter
mgc_30min_avoid_immediate_adverse_move_sm1p25_tm3p00_d15_aw10_mt8,MGC,30min,1min,regime_filtered_ema_mild_atr_20_80_compression_off_atr_target_1p0_ts3_vq0p95_bf0p5_ra1p2,1.25,3.0,15,avoid_immediate_adverse_move,"{""adverse_window_minutes"": 10, ""max_adverse_ticks"": 8}",delay_adverse_filter
mgc_30min_avoid_immediate_adverse_move_sm1p25_tm3p00_d15_aw10_mt12,MGC,30min,1min,regime_filtered_ema_mild_atr_20_80_compression_off_atr_target_1p0_ts3_vq0p95_bf0p5_ra1p2,1.25,3.0,15,avoid_immediate_adverse_move,"{""adverse_window_minutes"": 10, ""max_adverse_ticks"": 12}",delay_adverse_filter
mgc_30min_avoid_immediate_adverse_move_sm1p25_tm3p00_d15_aw10_mt16,MGC,30min,1min,regime_filtered_ema_mild_atr_20_80_compression_off_atr_target_1p0_ts3_vq0p95_bf0p5_ra1p2,1.25,3.0,15,avoid_immediate_adverse_move,"{""adverse_window_minutes"": 10, ""max_adverse_ticks"": 16}",delay_adverse_filter
mgc_30min_require_no_stop_zone_touch_before_entry_sm1p25_tm3p00_d30_sz0p50,MGC,30min,1min,regime_filtered_ema_mild_atr_20_80_compression_off_atr_target_1p0_ts3_vq0p95_bf0p5_ra1p2,1.25,3.0,30,require_no_stop_zone_touch_before_entry,"{""stop_zone_fraction"": 0.5}",delay_stop_zone_filter
mgc_30min_require_no_stop_zone_touch_before_entry_sm1p25_tm3p00_d30_sz0p75,MGC,30min,1min,regime_filtered_ema_mild_atr_20_80_compression_off_atr_target_1p0_ts3_vq0p95_bf0p5_ra1p2,1.25,3.0,30,require_no_stop_zone_touch_before_entry,"{""stop_zone_fraction"": 0.75}",delay_stop_zone_filter
mgc_30min_require_no_stop_zone_touch_before_entry_sm1p25_tm3p00_d30_sz1p00,MGC,30min,1min,regime_filtered_ema_mild_atr_20_80_compression_off_atr_target_1p0_ts3_vq0p95_bf0p5_ra1p2,1.25,3.0,30,require_no_stop_zone_touch_before_entry,"{""stop_zone_fraction"": 1.0}",delay_stop_zone_filter
mgc_30min_avoid_immediate_adverse_move_sm1p25_tm3p00_d30_aw5_mt8,MGC,30min,1min,regime_filtered_ema_mild_atr_20_80_compression_off_atr_target_1p0_ts3_vq0p95_bf0p5_ra1p2,1.25,3.0,30,avoid_immediate_adverse_move,"{""adverse_window_minutes"": 5, ""max_adverse_ticks"": 8}",delay_adverse_filter
mgc_30min_avoid_immediate_adverse_move_sm1p25_tm3p00_d30_aw5_mt12,MGC,30min,1min,regime_filtered_ema_mild_atr_20_80_compression_off_atr_target_1p0_ts3_vq0p95_bf0p5_ra1p2,1.25,3.0,30,avoid_immediate_adverse_move,"{""adverse_window_minutes"": 5, ""max_adverse_ticks"": 12}",delay_adverse_filter
mgc_30min_avoid_immediate_adverse_move_sm1p25_tm3p00_d30_aw5_mt16,MGC,30min,1min,regime_filtered_ema_mild_atr_20_80_compression_off_atr_target_1p0_ts3_vq0p95_bf0p5_ra1p2,1.25,3.0,30,avoid_immediate_adverse_move,"{""adverse_window_minutes"": 5, ""max_adverse_ticks"": 16}",delay_adverse_filter
mgc_30min_avoid_immediate_adverse_move_sm1p25_tm3p00_d30_aw10_mt8,MGC,30min,1min,regime_filtered_ema_mild_atr_20_80_compression_off_atr_target_1p0_ts3_vq0p95_bf0p5_ra1p2,1.25,3.0,30,avoid_immediate_adverse_move,"{""adverse_window_minutes"": 10, ""max_adverse_ticks"": 8}",delay_adverse_filter
mgc_30min_avoid_immediate_adverse_move_sm1p25_tm3p00_d30_aw10_mt12,MGC,30min,1min,regime_filtered_ema_mild_atr_20_80_compression_off_atr_target_1p0_ts3_vq0p95_bf0p5_ra1p2,1.25,3.0,30,avoid_immediate_adverse_move,"{""adverse_window_minutes"": 10, ""max_adverse_ticks"": 12}",delay_adverse_filter
mgc_30min_avoid_immediate_adverse_move_sm1p25_tm3p00_d30_aw10_mt16,MGC,30min,1min,regime_filtered_ema_mild_atr_20_80_compression_off_atr_target_1p0_ts3_vq0p95_bf0p5_ra1p2,1.25,3.0,30,avoid_immediate_adverse_move,"{""adverse_window_minutes"": 10, ""max_adverse_ticks"": 16}",delay_adverse_filter
mgc_1h_none_sm1p00_tm1p00_d0,MGC,1H,1min,regime_filtered_ema_mild_atr_20_80_compression_off_atr_target_1p0_ts3_vq0p95_bf0p5_ra1p2,1.0,1.0,0,none,{},raw_hybrid
mgc_1h_none_sm1p00_tm1p00_d5,MGC,1H,1min,regime_filtered_ema_mild_atr_20_80_compression_off_atr_target_1p0_ts3_vq0p95_bf0p5_ra1p2,1.0,1.0,5,none,{},delay_only
mgc_1h_none_sm1p00_tm1p00_d15,MGC,1H,1min,regime_filtered_ema_mild_atr_20_80_compression_off_atr_target_1p0_ts3_vq0p95_bf0p5_ra1p2,1.0,1.0,15,none,{},delay_only
mgc_1h_none_sm1p00_tm1p00_d30,MGC,1H,1min,regime_filtered_ema_mild_atr_20_80_compression_off_atr_target_1p0_ts3_vq0p95_bf0p5_ra1p2,1.0,1.0,30,none,{},delay_only
mgc_1h_none_sm0p75_tm1p50_d0,MGC,1H,1min,regime_filtered_ema_mild_atr_20_80_compression_off_atr_target_1p0_ts3_vq0p95_bf0p5_ra1p2,0.75,1.5,0,none,{},stop_target_recalibration
mgc_1h_none_sm0p75_tm1p50_d5,MGC,1H,1min,regime_filtered_ema_mild_atr_20_80_compression_off_atr_target_1p0_ts3_vq0p95_bf0p5_ra1p2,0.75,1.5,5,none,{},delay_stop_target
mgc_1h_none_sm0p75_tm1p50_d15,MGC,1H,1min,regime_filtered_ema_mild_atr_20_80_compression_off_atr_target_1p0_ts3_vq0p95_bf0p5_ra1p2,0.75,1.5,15,none,{},delay_stop_target
mgc_1h_none_sm0p75_tm1p50_d30,MGC,1H,1min,regime_filtered_ema_mild_atr_20_80_compression_off_atr_target_1p0_ts3_vq0p95_bf0p5_ra1p2,0.75,1.5,30,none,{},delay_stop_target
mgc_1h_none_sm0p75_tm2p00_d0,MGC,1H,1min,regime_filtered_ema_mild_atr_20_80_compression_off_atr_target_1p0_ts3_vq0p95_bf0p5_ra1p2,0.75,2.0,0,none,{},stop_target_recalibration
mgc_1h_none_sm0p75_tm2p00_d5,MGC,1H,1min,regime_filtered_ema_mild_atr_20_80_compression_off_atr_target_1p0_ts3_vq0p95_bf0p5_ra1p2,0.75,2.0,5,none,{},delay_stop_target
mgc_1h_none_sm0p75_tm2p00_d15,MGC,1H,1min,regime_filtered_ema_mild_atr_20_80_compression_off_atr_target_1p0_ts3_vq0p95_bf0p5_ra1p2,0.75,2.0,15,none,{},delay_stop_target
mgc_1h_none_sm0p75_tm2p00_d30,MGC,1H,1min,regime_filtered_ema_mild_atr_20_80_compression_off_atr_target_1p0_ts3_vq0p95_bf0p5_ra1p2,0.75,2.0,30,none,{},delay_stop_target
mgc_1h_none_sm0p75_tm2p50_d0,MGC,1H,1min,regime_filtered_ema_mild_atr_20_80_compression_off_atr_target_1p0_ts3_vq0p95_bf0p5_ra1p2,0.75,2.5,0,none,{},stop_target_recalibration
mgc_1h_none_sm0p75_tm2p50_d5,MGC,1H,1min,regime_filtered_ema_mild_atr_20_80_compression_off_atr_target_1p0_ts3_vq0p95_bf0p5_ra1p2,0.75,2.5,5,none,{},delay_stop_target
mgc_1h_none_sm0p75_tm2p50_d15,MGC,1H,1min,regime_filtered_ema_mild_atr_20_80_compression_off_atr_target_1p0_ts3_vq0p95_bf0p5_ra1p2,0.75,2.5,15,none,{},delay_stop_target
mgc_1h_none_sm0p75_tm2p50_d30,MGC,1H,1min,regime_filtered_ema_mild_atr_20_80_compression_off_atr_target_1p0_ts3_vq0p95_bf0p5_ra1p2,0.75,2.5,30,none,{},delay_stop_target
mgc_1h_none_sm0p75_tm3p00_d0,MGC,1H,1min,regime_filtered_ema_mild_atr_20_80_compression_off_atr_target_1p0_ts3_vq0p95_bf0p5_ra1p2,0.75,3.0,0,none,{},stop_target_recalibration
mgc_1h_none_sm0p75_tm3p00_d5,MGC,1H,1min,regime_filtered_ema_mild_atr_20_80_compression_off_atr_target_1p0_ts3_vq0p95_bf0p5_ra1p2,0.75,3.0,5,none,{},delay_stop_target
mgc_1h_none_sm0p75_tm3p00_d15,MGC,1H,1min,regime_filtered_ema_mild_atr_20_80_compression_off_atr_target_1p0_ts3_vq0p95_bf0p5_ra1p2,0.75,3.0,15,none,{},delay_stop_target
mgc_1h_none_sm0p75_tm3p00_d30,MGC,1H,1min,regime_filtered_ema_mild_atr_20_80_compression_off_atr_target_1p0_ts3_vq0p95_bf0p5_ra1p2,0.75,3.0,30,none,{},delay_stop_target
mgc_1h_none_sm1p00_tm1p50_d0,MGC,1H,1min,regime_filtered_ema_mild_atr_20_80_compression_off_atr_target_1p0_ts3_vq0p95_bf0p5_ra1p2,1.0,1.5,0,none,{},stop_target_recalibration
mgc_1h_none_sm1p00_tm1p50_d5,MGC,1H,1min,regime_filtered_ema_mild_atr_20_80_compression_off_atr_target_1p0_ts3_vq0p95_bf0p5_ra1p2,1.0,1.5,5,none,{},delay_stop_target
mgc_1h_none_sm1p00_tm1p50_d15,MGC,1H,1min,regime_filtered_ema_mild_atr_20_80_compression_off_atr_target_1p0_ts3_vq0p95_bf0p5_ra1p2,1.0,1.5,15,none,{},delay_stop_target
mgc_1h_none_sm1p00_tm1p50_d30,MGC,1H,1min,regime_filtered_ema_mild_atr_20_80_compression_off_atr_target_1p0_ts3_vq0p95_bf0p5_ra1p2,1.0,1.5,30,none,{},delay_stop_target
mgc_1h_none_sm1p00_tm2p00_d0,MGC,1H,1min,regime_filtered_ema_mild_atr_20_80_compression_off_atr_target_1p0_ts3_vq0p95_bf0p5_ra1p2,1.0,2.0,0,none,{},stop_target_recalibration
mgc_1h_none_sm1p00_tm2p00_d5,MGC,1H,1min,regime_filtered_ema_mild_atr_20_80_compression_off_atr_target_1p0_ts3_vq0p95_bf0p5_ra1p2,1.0,2.0,5,none,{},delay_stop_target
mgc_1h_none_sm1p00_tm2p00_d15,MGC,1H,1min,regime_filtered_ema_mild_atr_20_80_compression_off_atr_target_1p0_ts3_vq0p95_bf0p5_ra1p2,1.0,2.0,15,none,{},delay_stop_target
mgc_1h_none_sm1p00_tm2p00_d30,MGC,1H,1min,regime_filtered_ema_mild_atr_20_80_compression_off_atr_target_1p0_ts3_vq0p95_bf0p5_ra1p2,1.0,2.0,30,none,{},delay_stop_target
mgc_1h_none_sm1p00_tm2p50_d0,MGC,1H,1min,regime_filtered_ema_mild_atr_20_80_compression_off_atr_target_1p0_ts3_vq0p95_bf0p5_ra1p2,1.0,2.5,0,none,{},stop_target_recalibration
mgc_1h_none_sm1p00_tm2p50_d5,MGC,1H,1min,regime_filtered_ema_mild_atr_20_80_compression_off_atr_target_1p0_ts3_vq0p95_bf0p5_ra1p2,1.0,2.5,5,none,{},delay_stop_target
mgc_1h_none_sm1p00_tm2p50_d15,MGC,1H,1min,regime_filtered_ema_mild_atr_20_80_compression_off_atr_target_1p0_ts3_vq0p95_bf0p5_ra1p2,1.0,2.5,15,none,{},delay_stop_target
mgc_1h_none_sm1p00_tm2p50_d30,MGC,1H,1min,regime_filtered_ema_mild_atr_20_80_compression_off_atr_target_1p0_ts3_vq0p95_bf0p5_ra1p2,1.0,2.5,30,none,{},delay_stop_target
mgc_1h_none_sm1p00_tm3p00_d0,MGC,1H,1min,regime_filtered_ema_mild_atr_20_80_compression_off_atr_target_1p0_ts3_vq0p95_bf0p5_ra1p2,1.0,3.0,0,none,{},stop_target_recalibration
mgc_1h_none_sm1p00_tm3p00_d5,MGC,1H,1min,regime_filtered_ema_mild_atr_20_80_compression_off_atr_target_1p0_ts3_vq0p95_bf0p5_ra1p2,1.0,3.0,5,none,{},delay_stop_target
mgc_1h_none_sm1p00_tm3p00_d15,MGC,1H,1min,regime_filtered_ema_mild_atr_20_80_compression_off_atr_target_1p0_ts3_vq0p95_bf0p5_ra1p2,1.0,3.0,15,none,{},delay_stop_target
mgc_1h_none_sm1p00_tm3p00_d30,MGC,1H,1min,regime_filtered_ema_mild_atr_20_80_compression_off_atr_target_1p0_ts3_vq0p95_bf0p5_ra1p2,1.0,3.0,30,none,{},delay_stop_target
mgc_1h_none_sm1p25_tm1p50_d0,MGC,1H,1min,regime_filtered_ema_mild_atr_20_80_compression_off_atr_target_1p0_ts3_vq0p95_bf0p5_ra1p2,1.25,1.5,0,none,{},stop_target_recalibration
mgc_1h_none_sm1p25_tm1p50_d5,MGC,1H,1min,regime_filtered_ema_mild_atr_20_80_compression_off_atr_target_1p0_ts3_vq0p95_bf0p5_ra1p2,1.25,1.5,5,none,{},delay_stop_target
mgc_1h_none_sm1p25_tm1p50_d15,MGC,1H,1min,regime_filtered_ema_mild_atr_20_80_compression_off_atr_target_1p0_ts3_vq0p95_bf0p5_ra1p2,1.25,1.5,15,none,{},delay_stop_target
mgc_1h_none_sm1p25_tm1p50_d30,MGC,1H,1min,regime_filtered_ema_mild_atr_20_80_compression_off_atr_target_1p0_ts3_vq0p95_bf0p5_ra1p2,1.25,1.5,30,none,{},delay_stop_target
mgc_1h_none_sm1p25_tm2p00_d0,MGC,1H,1min,regime_filtered_ema_mild_atr_20_80_compression_off_atr_target_1p0_ts3_vq0p95_bf0p5_ra1p2,1.25,2.0,0,none,{},stop_target_recalibration
mgc_1h_none_sm1p25_tm2p00_d5,MGC,1H,1min,regime_filtered_ema_mild_atr_20_80_compression_off_atr_target_1p0_ts3_vq0p95_bf0p5_ra1p2,1.25,2.0,5,none,{},delay_stop_target
mgc_1h_none_sm1p25_tm2p00_d15,MGC,1H,1min,regime_filtered_ema_mild_atr_20_80_compression_off_atr_target_1p0_ts3_vq0p95_bf0p5_ra1p2,1.25,2.0,15,none,{},delay_stop_target
mgc_1h_none_sm1p25_tm2p00_d30,MGC,1H,1min,regime_filtered_ema_mild_atr_20_80_compression_off_atr_target_1p0_ts3_vq0p95_bf0p5_ra1p2,1.25,2.0,30,none,{},delay_stop_target
mgc_1h_none_sm1p25_tm2p50_d0,MGC,1H,1min,regime_filtered_ema_mild_atr_20_80_compression_off_atr_target_1p0_ts3_vq0p95_bf0p5_ra1p2,1.25,2.5,0,none,{},stop_target_recalibration
mgc_1h_none_sm1p25_tm2p50_d5,MGC,1H,1min,regime_filtered_ema_mild_atr_20_80_compression_off_atr_target_1p0_ts3_vq0p95_bf0p5_ra1p2,1.25,2.5,5,none,{},delay_stop_target
mgc_1h_none_sm1p25_tm2p50_d15,MGC,1H,1min,regime_filtered_ema_mild_atr_20_80_compression_off_atr_target_1p0_ts3_vq0p95_bf0p5_ra1p2,1.25,2.5,15,none,{},delay_stop_target
mgc_1h_none_sm1p25_tm2p50_d30,MGC,1H,1min,regime_filtered_ema_mild_atr_20_80_compression_off_atr_target_1p0_ts3_vq0p95_bf0p5_ra1p2,1.25,2.5,30,none,{},delay_stop_target
mgc_1h_none_sm1p25_tm3p00_d0,MGC,1H,1min,regime_filtered_ema_mild_atr_20_80_compression_off_atr_target_1p0_ts3_vq0p95_bf0p5_ra1p2,1.25,3.0,0,none,{},stop_target_recalibration
mgc_1h_none_sm1p25_tm3p00_d5,MGC,1H,1min,regime_filtered_ema_mild_atr_20_80_compression_off_atr_target_1p0_ts3_vq0p95_bf0p5_ra1p2,1.25,3.0,5,none,{},delay_stop_target
mgc_1h_none_sm1p25_tm3p00_d15,MGC,1H,1min,regime_filtered_ema_mild_atr_20_80_compression_off_atr_target_1p0_ts3_vq0p95_bf0p5_ra1p2,1.25,3.0,15,none,{},delay_stop_target
mgc_1h_none_sm1p25_tm3p00_d30,MGC,1H,1min,regime_filtered_ema_mild_atr_20_80_compression_off_atr_target_1p0_ts3_vq0p95_bf0p5_ra1p2,1.25,3.0,30,none,{},delay_stop_target
mgc_1h_none_sm1p50_tm1p50_d0,MGC,1H,1min,regime_filtered_ema_mild_atr_20_80_compression_off_atr_target_1p0_ts3_vq0p95_bf0p5_ra1p2,1.5,1.5,0,none,{},stop_target_recalibration
mgc_1h_none_sm1p50_tm1p50_d5,MGC,1H,1min,regime_filtered_ema_mild_atr_20_80_compression_off_atr_target_1p0_ts3_vq0p95_bf0p5_ra1p2,1.5,1.5,5,none,{},delay_stop_target
mgc_1h_none_sm1p50_tm1p50_d15,MGC,1H,1min,regime_filtered_ema_mild_atr_20_80_compression_off_atr_target_1p0_ts3_vq0p95_bf0p5_ra1p2,1.5,1.5,15,none,{},delay_stop_target
mgc_1h_none_sm1p50_tm1p50_d30,MGC,1H,1min,regime_filtered_ema_mild_atr_20_80_compression_off_atr_target_1p0_ts3_vq0p95_bf0p5_ra1p2,1.5,1.5,30,none,{},delay_stop_target
mgc_1h_none_sm1p50_tm2p00_d0,MGC,1H,1min,regime_filtered_ema_mild_atr_20_80_compression_off_atr_target_1p0_ts3_vq0p95_bf0p5_ra1p2,1.5,2.0,0,none,{},stop_target_recalibration
mgc_1h_none_sm1p50_tm2p00_d5,MGC,1H,1min,regime_filtered_ema_mild_atr_20_80_compression_off_atr_target_1p0_ts3_vq0p95_bf0p5_ra1p2,1.5,2.0,5,none,{},delay_stop_target
mgc_1h_none_sm1p50_tm2p00_d15,MGC,1H,1min,regime_filtered_ema_mild_atr_20_80_compression_off_atr_target_1p0_ts3_vq0p95_bf0p5_ra1p2,1.5,2.0,15,none,{},delay_stop_target
mgc_1h_none_sm1p50_tm2p00_d30,MGC,1H,1min,regime_filtered_ema_mild_atr_20_80_compression_off_atr_target_1p0_ts3_vq0p95_bf0p5_ra1p2,1.5,2.0,30,none,{},delay_stop_target
mgc_1h_none_sm1p50_tm2p50_d0,MGC,1H,1min,regime_filtered_ema_mild_atr_20_80_compression_off_atr_target_1p0_ts3_vq0p95_bf0p5_ra1p2,1.5,2.5,0,none,{},stop_target_recalibration
mgc_1h_none_sm1p50_tm2p50_d5,MGC,1H,1min,regime_filtered_ema_mild_atr_20_80_compression_off_atr_target_1p0_ts3_vq0p95_bf0p5_ra1p2,1.5,2.5,5,none,{},delay_stop_target
mgc_1h_none_sm1p50_tm2p50_d15,MGC,1H,1min,regime_filtered_ema_mild_atr_20_80_compression_off_atr_target_1p0_ts3_vq0p95_bf0p5_ra1p2,1.5,2.5,15,none,{},delay_stop_target
mgc_1h_none_sm1p50_tm2p50_d30,MGC,1H,1min,regime_filtered_ema_mild_atr_20_80_compression_off_atr_target_1p0_ts3_vq0p95_bf0p5_ra1p2,1.5,2.5,30,none,{},delay_stop_target
mgc_1h_none_sm1p50_tm3p00_d0,MGC,1H,1min,regime_filtered_ema_mild_atr_20_80_compression_off_atr_target_1p0_ts3_vq0p95_bf0p5_ra1p2,1.5,3.0,0,none,{},stop_target_recalibration
mgc_1h_none_sm1p50_tm3p00_d5,MGC,1H,1min,regime_filtered_ema_mild_atr_20_80_compression_off_atr_target_1p0_ts3_vq0p95_bf0p5_ra1p2,1.5,3.0,5,none,{},delay_stop_target
mgc_1h_none_sm1p50_tm3p00_d15,MGC,1H,1min,regime_filtered_ema_mild_atr_20_80_compression_off_atr_target_1p0_ts3_vq0p95_bf0p5_ra1p2,1.5,3.0,15,none,{},delay_stop_target
mgc_1h_none_sm1p50_tm3p00_d30,MGC,1H,1min,regime_filtered_ema_mild_atr_20_80_compression_off_atr_target_1p0_ts3_vq0p95_bf0p5_ra1p2,1.5,3.0,30,none,{},delay_stop_target
mgc_1h_require_no_stop_zone_touch_before_entry_sm0p75_tm2p00_d5_sz0p50,MGC,1H,1min,regime_filtered_ema_mild_atr_20_80_compression_off_atr_target_1p0_ts3_vq0p95_bf0p5_ra1p2,0.75,2.0,5,require_no_stop_zone_touch_before_entry,"{""stop_zone_fraction"": 0.5}",delay_stop_zone_filter
mgc_1h_require_no_stop_zone_touch_before_entry_sm0p75_tm2p00_d5_sz0p75,MGC,1H,1min,regime_filtered_ema_mild_atr_20_80_compression_off_atr_target_1p0_ts3_vq0p95_bf0p5_ra1p2,0.75,2.0,5,require_no_stop_zone_touch_before_entry,"{""stop_zone_fraction"": 0.75}",delay_stop_zone_filter
mgc_1h_require_no_stop_zone_touch_before_entry_sm0p75_tm2p00_d5_sz1p00,MGC,1H,1min,regime_filtered_ema_mild_atr_20_80_compression_off_atr_target_1p0_ts3_vq0p95_bf0p5_ra1p2,0.75,2.0,5,require_no_stop_zone_touch_before_entry,"{""stop_zone_fraction"": 1.0}",delay_stop_zone_filter
mgc_1h_avoid_immediate_adverse_move_sm0p75_tm2p00_d5_aw5_mt8,MGC,1H,1min,regime_filtered_ema_mild_atr_20_80_compression_off_atr_target_1p0_ts3_vq0p95_bf0p5_ra1p2,0.75,2.0,5,avoid_immediate_adverse_move,"{""adverse_window_minutes"": 5, ""max_adverse_ticks"": 8}",delay_adverse_filter
mgc_1h_avoid_immediate_adverse_move_sm0p75_tm2p00_d5_aw5_mt12,MGC,1H,1min,regime_filtered_ema_mild_atr_20_80_compression_off_atr_target_1p0_ts3_vq0p95_bf0p5_ra1p2,0.75,2.0,5,avoid_immediate_adverse_move,"{""adverse_window_minutes"": 5, ""max_adverse_ticks"": 12}",delay_adverse_filter
mgc_1h_avoid_immediate_adverse_move_sm0p75_tm2p00_d5_aw5_mt16,MGC,1H,1min,regime_filtered_ema_mild_atr_20_80_compression_off_atr_target_1p0_ts3_vq0p95_bf0p5_ra1p2,0.75,2.0,5,avoid_immediate_adverse_move,"{""adverse_window_minutes"": 5, ""max_adverse_ticks"": 16}",delay_adverse_filter
mgc_1h_require_no_stop_zone_touch_before_entry_sm0p75_tm2p00_d15_sz0p50,MGC,1H,1min,regime_filtered_ema_mild_atr_20_80_compression_off_atr_target_1p0_ts3_vq0p95_bf0p5_ra1p2,0.75,2.0,15,require_no_stop_zone_touch_before_entry,"{""stop_zone_fraction"": 0.5}",delay_stop_zone_filter
mgc_1h_require_no_stop_zone_touch_before_entry_sm0p75_tm2p00_d15_sz0p75,MGC,1H,1min,regime_filtered_ema_mild_atr_20_80_compression_off_atr_target_1p0_ts3_vq0p95_bf0p5_ra1p2,0.75,2.0,15,require_no_stop_zone_touch_before_entry,"{""stop_zone_fraction"": 0.75}",delay_stop_zone_filter
mgc_1h_require_no_stop_zone_touch_before_entry_sm0p75_tm2p00_d15_sz1p00,MGC,1H,1min,regime_filtered_ema_mild_atr_20_80_compression_off_atr_target_1p0_ts3_vq0p95_bf0p5_ra1p2,0.75,2.0,15,require_no_stop_zone_touch_before_entry,"{""stop_zone_fraction"": 1.0}",delay_stop_zone_filter
mgc_1h_avoid_immediate_adverse_move_sm0p75_tm2p00_d15_aw5_mt8,MGC,1H,1min,regime_filtered_ema_mild_atr_20_80_compression_off_atr_target_1p0_ts3_vq0p95_bf0p5_ra1p2,0.75,2.0,15,avoid_immediate_adverse_move,"{""adverse_window_minutes"": 5, ""max_adverse_ticks"": 8}",delay_adverse_filter
mgc_1h_avoid_immediate_adverse_move_sm0p75_tm2p00_d15_aw5_mt12,MGC,1H,1min,regime_filtered_ema_mild_atr_20_80_compression_off_atr_target_1p0_ts3_vq0p95_bf0p5_ra1p2,0.75,2.0,15,avoid_immediate_adverse_move,"{""adverse_window_minutes"": 5, ""max_adverse_ticks"": 12}",delay_adverse_filter
mgc_1h_avoid_immediate_adverse_move_sm0p75_tm2p00_d15_aw5_mt16,MGC,1H,1min,regime_filtered_ema_mild_atr_20_80_compression_off_atr_target_1p0_ts3_vq0p95_bf0p5_ra1p2,0.75,2.0,15,avoid_immediate_adverse_move,"{""adverse_window_minutes"": 5, ""max_adverse_ticks"": 16}",delay_adverse_filter
mgc_1h_avoid_immediate_adverse_move_sm0p75_tm2p00_d15_aw10_mt8,MGC,1H,1min,regime_filtered_ema_mild_atr_20_80_compression_off_atr_target_1p0_ts3_vq0p95_bf0p5_ra1p2,0.75,2.0,15,avoid_immediate_adverse_move,"{""adverse_window_minutes"": 10, ""max_adverse_ticks"": 8}",delay_adverse_filter
mgc_1h_avoid_immediate_adverse_move_sm0p75_tm2p00_d15_aw10_mt12,MGC,1H,1min,regime_filtered_ema_mild_atr_20_80_compression_off_atr_target_1p0_ts3_vq0p95_bf0p5_ra1p2,0.75,2.0,15,avoid_immediate_adverse_move,"{""adverse_window_minutes"": 10, ""max_adverse_ticks"": 12}",delay_adverse_filter
mgc_1h_avoid_immediate_adverse_move_sm0p75_tm2p00_d15_aw10_mt16,MGC,1H,1min,regime_filtered_ema_mild_atr_20_80_compression_off_atr_target_1p0_ts3_vq0p95_bf0p5_ra1p2,0.75,2.0,15,avoid_immediate_adverse_move,"{""adverse_window_minutes"": 10, ""max_adverse_ticks"": 16}",delay_adverse_filter
mgc_1h_require_no_stop_zone_touch_before_entry_sm0p75_tm2p00_d30_sz0p50,MGC,1H,1min,regime_filtered_ema_mild_atr_20_80_compression_off_atr_target_1p0_ts3_vq0p95_bf0p5_ra1p2,0.75,2.0,30,require_no_stop_zone_touch_before_entry,"{""stop_zone_fraction"": 0.5}",delay_stop_zone_filter
mgc_1h_require_no_stop_zone_touch_before_entry_sm0p75_tm2p00_d30_sz0p75,MGC,1H,1min,regime_filtered_ema_mild_atr_20_80_compression_off_atr_target_1p0_ts3_vq0p95_bf0p5_ra1p2,0.75,2.0,30,require_no_stop_zone_touch_before_entry,"{""stop_zone_fraction"": 0.75}",delay_stop_zone_filter
mgc_1h_require_no_stop_zone_touch_before_entry_sm0p75_tm2p00_d30_sz1p00,MGC,1H,1min,regime_filtered_ema_mild_atr_20_80_compression_off_atr_target_1p0_ts3_vq0p95_bf0p5_ra1p2,0.75,2.0,30,require_no_stop_zone_touch_before_entry,"{""stop_zone_fraction"": 1.0}",delay_stop_zone_filter
mgc_1h_avoid_immediate_adverse_move_sm0p75_tm2p00_d30_aw5_mt8,MGC,1H,1min,regime_filtered_ema_mild_atr_20_80_compression_off_atr_target_1p0_ts3_vq0p95_bf0p5_ra1p2,0.75,2.0,30,avoid_immediate_adverse_move,"{""adverse_window_minutes"": 5, ""max_adverse_ticks"": 8}",delay_adverse_filter
mgc_1h_avoid_immediate_adverse_move_sm0p75_tm2p00_d30_aw5_mt12,MGC,1H,1min,regime_filtered_ema_mild_atr_20_80_compression_off_atr_target_1p0_ts3_vq0p95_bf0p5_ra1p2,0.75,2.0,30,avoid_immediate_adverse_move,"{""adverse_window_minutes"": 5, ""max_adverse_ticks"": 12}",delay_adverse_filter
mgc_1h_avoid_immediate_adverse_move_sm0p75_tm2p00_d30_aw5_mt16,MGC,1H,1min,regime_filtered_ema_mild_atr_20_80_compression_off_atr_target_1p0_ts3_vq0p95_bf0p5_ra1p2,0.75,2.0,30,avoid_immediate_adverse_move,"{""adverse_window_minutes"": 5, ""max_adverse_ticks"": 16}",delay_adverse_filter
mgc_1h_avoid_immediate_adverse_move_sm0p75_tm2p00_d30_aw10_mt8,MGC,1H,1min,regime_filtered_ema_mild_atr_20_80_compression_off_atr_target_1p0_ts3_vq0p95_bf0p5_ra1p2,0.75,2.0,30,avoid_immediate_adverse_move,"{""adverse_window_minutes"": 10, ""max_adverse_ticks"": 8}",delay_adverse_filter
mgc_1h_avoid_immediate_adverse_move_sm0p75_tm2p00_d30_aw10_mt12,MGC,1H,1min,regime_filtered_ema_mild_atr_20_80_compression_off_atr_target_1p0_ts3_vq0p95_bf0p5_ra1p2,0.75,2.0,30,avoid_immediate_adverse_move,"{""adverse_window_minutes"": 10, ""max_adverse_ticks"": 12}",delay_adverse_filter
mgc_1h_avoid_immediate_adverse_move_sm0p75_tm2p00_d30_aw10_mt16,MGC,1H,1min,regime_filtered_ema_mild_atr_20_80_compression_off_atr_target_1p0_ts3_vq0p95_bf0p5_ra1p2,0.75,2.0,30,avoid_immediate_adverse_move,"{""adverse_window_minutes"": 10, ""max_adverse_ticks"": 16}",delay_adverse_filter
mgc_1h_require_no_stop_zone_touch_before_entry_sm0p75_tm2p50_d5_sz0p50,MGC,1H,1min,regime_filtered_ema_mild_atr_20_80_compression_off_atr_target_1p0_ts3_vq0p95_bf0p5_ra1p2,0.75,2.5,5,require_no_stop_zone_touch_before_entry,"{""stop_zone_fraction"": 0.5}",delay_stop_zone_filter
mgc_1h_require_no_stop_zone_touch_before_entry_sm0p75_tm2p50_d5_sz0p75,MGC,1H,1min,regime_filtered_ema_mild_atr_20_80_compression_off_atr_target_1p0_ts3_vq0p95_bf0p5_ra1p2,0.75,2.5,5,require_no_stop_zone_touch_before_entry,"{""stop_zone_fraction"": 0.75}",delay_stop_zone_filter
mgc_1h_require_no_stop_zone_touch_before_entry_sm0p75_tm2p50_d5_sz1p00,MGC,1H,1min,regime_filtered_ema_mild_atr_20_80_compression_off_atr_target_1p0_ts3_vq0p95_bf0p5_ra1p2,0.75,2.5,5,require_no_stop_zone_touch_before_entry,"{""stop_zone_fraction"": 1.0}",delay_stop_zone_filter
mgc_1h_avoid_immediate_adverse_move_sm0p75_tm2p50_d5_aw5_mt8,MGC,1H,1min,regime_filtered_ema_mild_atr_20_80_compression_off_atr_target_1p0_ts3_vq0p95_bf0p5_ra1p2,0.75,2.5,5,avoid_immediate_adverse_move,"{""adverse_window_minutes"": 5, ""max_adverse_ticks"": 8}",delay_adverse_filter
mgc_1h_avoid_immediate_adverse_move_sm0p75_tm2p50_d5_aw5_mt12,MGC,1H,1min,regime_filtered_ema_mild_atr_20_80_compression_off_atr_target_1p0_ts3_vq0p95_bf0p5_ra1p2,0.75,2.5,5,avoid_immediate_adverse_move,"{""adverse_window_minutes"": 5, ""max_adverse_ticks"": 12}",delay_adverse_filter
mgc_1h_avoid_immediate_adverse_move_sm0p75_tm2p50_d5_aw5_mt16,MGC,1H,1min,regime_filtered_ema_mild_atr_20_80_compression_off_atr_target_1p0_ts3_vq0p95_bf0p5_ra1p2,0.75,2.5,5,avoid_immediate_adverse_move,"{""adverse_window_minutes"": 5, ""max_adverse_ticks"": 16}",delay_adverse_filter
mgc_1h_require_no_stop_zone_touch_before_entry_sm0p75_tm2p50_d15_sz0p50,MGC,1H,1min,regime_filtered_ema_mild_atr_20_80_compression_off_atr_target_1p0_ts3_vq0p95_bf0p5_ra1p2,0.75,2.5,15,require_no_stop_zone_touch_before_entry,"{""stop_zone_fraction"": 0.5}",delay_stop_zone_filter
mgc_1h_require_no_stop_zone_touch_before_entry_sm0p75_tm2p50_d15_sz0p75,MGC,1H,1min,regime_filtered_ema_mild_atr_20_80_compression_off_atr_target_1p0_ts3_vq0p95_bf0p5_ra1p2,0.75,2.5,15,require_no_stop_zone_touch_before_entry,"{""stop_zone_fraction"": 0.75}",delay_stop_zone_filter
mgc_1h_require_no_stop_zone_touch_before_entry_sm0p75_tm2p50_d15_sz1p00,MGC,1H,1min,regime_filtered_ema_mild_atr_20_80_compression_off_atr_target_1p0_ts3_vq0p95_bf0p5_ra1p2,0.75,2.5,15,require_no_stop_zone_touch_before_entry,"{""stop_zone_fraction"": 1.0}",delay_stop_zone_filter
mgc_1h_avoid_immediate_adverse_move_sm0p75_tm2p50_d15_aw5_mt8,MGC,1H,1min,regime_filtered_ema_mild_atr_20_80_compression_off_atr_target_1p0_ts3_vq0p95_bf0p5_ra1p2,0.75,2.5,15,avoid_immediate_adverse_move,"{""adverse_window_minutes"": 5, ""max_adverse_ticks"": 8}",delay_adverse_filter
mgc_1h_avoid_immediate_adverse_move_sm0p75_tm2p50_d15_aw5_mt12,MGC,1H,1min,regime_filtered_ema_mild_atr_20_80_compression_off_atr_target_1p0_ts3_vq0p95_bf0p5_ra1p2,0.75,2.5,15,avoid_immediate_adverse_move,"{""adverse_window_minutes"": 5, ""max_adverse_ticks"": 12}",delay_adverse_filter
mgc_1h_avoid_immediate_adverse_move_sm0p75_tm2p50_d15_aw5_mt16,MGC,1H,1min,regime_filtered_ema_mild_atr_20_80_compression_off_atr_target_1p0_ts3_vq0p95_bf0p5_ra1p2,0.75,2.5,15,avoid_immediate_adverse_move,"{""adverse_window_minutes"": 5, ""max_adverse_ticks"": 16}",delay_adverse_filter
mgc_1h_avoid_immediate_adverse_move_sm0p75_tm2p50_d15_aw10_mt8,MGC,1H,1min,regime_filtered_ema_mild_atr_20_80_compression_off_atr_target_1p0_ts3_vq0p95_bf0p5_ra1p2,0.75,2.5,15,avoid_immediate_adverse_move,"{""adverse_window_minutes"": 10, ""max_adverse_ticks"": 8}",delay_adverse_filter
mgc_1h_avoid_immediate_adverse_move_sm0p75_tm2p50_d15_aw10_mt12,MGC,1H,1min,regime_filtered_ema_mild_atr_20_80_compression_off_atr_target_1p0_ts3_vq0p95_bf0p5_ra1p2,0.75,2.5,15,avoid_immediate_adverse_move,"{""adverse_window_minutes"": 10, ""max_adverse_ticks"": 12}",delay_adverse_filter
mgc_1h_avoid_immediate_adverse_move_sm0p75_tm2p50_d15_aw10_mt16,MGC,1H,1min,regime_filtered_ema_mild_atr_20_80_compression_off_atr_target_1p0_ts3_vq0p95_bf0p5_ra1p2,0.75,2.5,15,avoid_immediate_adverse_move,"{""adverse_window_minutes"": 10, ""max_adverse_ticks"": 16}",delay_adverse_filter
mgc_1h_require_no_stop_zone_touch_before_entry_sm0p75_tm2p50_d30_sz0p50,MGC,1H,1min,regime_filtered_ema_mild_atr_20_80_compression_off_atr_target_1p0_ts3_vq0p95_bf0p5_ra1p2,0.75,2.5,30,require_no_stop_zone_touch_before_entry,"{""stop_zone_fraction"": 0.5}",delay_stop_zone_filter
mgc_1h_require_no_stop_zone_touch_before_entry_sm0p75_tm2p50_d30_sz0p75,MGC,1H,1min,regime_filtered_ema_mild_atr_20_80_compression_off_atr_target_1p0_ts3_vq0p95_bf0p5_ra1p2,0.75,2.5,30,require_no_stop_zone_touch_before_entry,"{""stop_zone_fraction"": 0.75}",delay_stop_zone_filter
mgc_1h_require_no_stop_zone_touch_before_entry_sm0p75_tm2p50_d30_sz1p00,MGC,1H,1min,regime_filtered_ema_mild_atr_20_80_compression_off_atr_target_1p0_ts3_vq0p95_bf0p5_ra1p2,0.75,2.5,30,require_no_stop_zone_touch_before_entry,"{""stop_zone_fraction"": 1.0}",delay_stop_zone_filter
mgc_1h_avoid_immediate_adverse_move_sm0p75_tm2p50_d30_aw5_mt8,MGC,1H,1min,regime_filtered_ema_mild_atr_20_80_compression_off_atr_target_1p0_ts3_vq0p95_bf0p5_ra1p2,0.75,2.5,30,avoid_immediate_adverse_move,"{""adverse_window_minutes"": 5, ""max_adverse_ticks"": 8}",delay_adverse_filter
mgc_1h_avoid_immediate_adverse_move_sm0p75_tm2p50_d30_aw5_mt12,MGC,1H,1min,regime_filtered_ema_mild_atr_20_80_compression_off_atr_target_1p0_ts3_vq0p95_bf0p5_ra1p2,0.75,2.5,30,avoid_immediate_adverse_move,"{""adverse_window_minutes"": 5, ""max_adverse_ticks"": 12}",delay_adverse_filter
mgc_1h_avoid_immediate_adverse_move_sm0p75_tm2p50_d30_aw5_mt16,MGC,1H,1min,regime_filtered_ema_mild_atr_20_80_compression_off_atr_target_1p0_ts3_vq0p95_bf0p5_ra1p2,0.75,2.5,30,avoid_immediate_adverse_move,"{""adverse_window_minutes"": 5, ""max_adverse_ticks"": 16}",delay_adverse_filter
mgc_1h_avoid_immediate_adverse_move_sm0p75_tm2p50_d30_aw10_mt8,MGC,1H,1min,regime_filtered_ema_mild_atr_20_80_compression_off_atr_target_1p0_ts3_vq0p95_bf0p5_ra1p2,0.75,2.5,30,avoid_immediate_adverse_move,"{""adverse_window_minutes"": 10, ""max_adverse_ticks"": 8}",delay_adverse_filter
mgc_1h_avoid_immediate_adverse_move_sm0p75_tm2p50_d30_aw10_mt12,MGC,1H,1min,regime_filtered_ema_mild_atr_20_80_compression_off_atr_target_1p0_ts3_vq0p95_bf0p5_ra1p2,0.75,2.5,30,avoid_immediate_adverse_move,"{""adverse_window_minutes"": 10, ""max_adverse_ticks"": 12}",delay_adverse_filter
mgc_1h_avoid_immediate_adverse_move_sm0p75_tm2p50_d30_aw10_mt16,MGC,1H,1min,regime_filtered_ema_mild_atr_20_80_compression_off_atr_target_1p0_ts3_vq0p95_bf0p5_ra1p2,0.75,2.5,30,avoid_immediate_adverse_move,"{""adverse_window_minutes"": 10, ""max_adverse_ticks"": 16}",delay_adverse_filter
mgc_1h_require_no_stop_zone_touch_before_entry_sm0p75_tm3p00_d5_sz0p50,MGC,1H,1min,regime_filtered_ema_mild_atr_20_80_compression_off_atr_target_1p0_ts3_vq0p95_bf0p5_ra1p2,0.75,3.0,5,require_no_stop_zone_touch_before_entry,"{""stop_zone_fraction"": 0.5}",delay_stop_zone_filter
mgc_1h_require_no_stop_zone_touch_before_entry_sm0p75_tm3p00_d5_sz0p75,MGC,1H,1min,regime_filtered_ema_mild_atr_20_80_compression_off_atr_target_1p0_ts3_vq0p95_bf0p5_ra1p2,0.75,3.0,5,require_no_stop_zone_touch_before_entry,"{""stop_zone_fraction"": 0.75}",delay_stop_zone_filter
mgc_1h_require_no_stop_zone_touch_before_entry_sm0p75_tm3p00_d5_sz1p00,MGC,1H,1min,regime_filtered_ema_mild_atr_20_80_compression_off_atr_target_1p0_ts3_vq0p95_bf0p5_ra1p2,0.75,3.0,5,require_no_stop_zone_touch_before_entry,"{""stop_zone_fraction"": 1.0}",delay_stop_zone_filter
mgc_1h_avoid_immediate_adverse_move_sm0p75_tm3p00_d5_aw5_mt8,MGC,1H,1min,regime_filtered_ema_mild_atr_20_80_compression_off_atr_target_1p0_ts3_vq0p95_bf0p5_ra1p2,0.75,3.0,5,avoid_immediate_adverse_move,"{""adverse_window_minutes"": 5, ""max_adverse_ticks"": 8}",delay_adverse_filter
mgc_1h_avoid_immediate_adverse_move_sm0p75_tm3p00_d5_aw5_mt12,MGC,1H,1min,regime_filtered_ema_mild_atr_20_80_compression_off_atr_target_1p0_ts3_vq0p95_bf0p5_ra1p2,0.75,3.0,5,avoid_immediate_adverse_move,"{""adverse_window_minutes"": 5, ""max_adverse_ticks"": 12}",delay_adverse_filter
mgc_1h_avoid_immediate_adverse_move_sm0p75_tm3p00_d5_aw5_mt16,MGC,1H,1min,regime_filtered_ema_mild_atr_20_80_compression_off_atr_target_1p0_ts3_vq0p95_bf0p5_ra1p2,0.75,3.0,5,avoid_immediate_adverse_move,"{""adverse_window_minutes"": 5, ""max_adverse_ticks"": 16}",delay_adverse_filter
mgc_1h_require_no_stop_zone_touch_before_entry_sm0p75_tm3p00_d15_sz0p50,MGC,1H,1min,regime_filtered_ema_mild_atr_20_80_compression_off_atr_target_1p0_ts3_vq0p95_bf0p5_ra1p2,0.75,3.0,15,require_no_stop_zone_touch_before_entry,"{""stop_zone_fraction"": 0.5}",delay_stop_zone_filter
mgc_1h_require_no_stop_zone_touch_before_entry_sm0p75_tm3p00_d15_sz0p75,MGC,1H,1min,regime_filtered_ema_mild_atr_20_80_compression_off_atr_target_1p0_ts3_vq0p95_bf0p5_ra1p2,0.75,3.0,15,require_no_stop_zone_touch_before_entry,"{""stop_zone_fraction"": 0.75}",delay_stop_zone_filter
mgc_1h_require_no_stop_zone_touch_before_entry_sm0p75_tm3p00_d15_sz1p00,MGC,1H,1min,regime_filtered_ema_mild_atr_20_80_compression_off_atr_target_1p0_ts3_vq0p95_bf0p5_ra1p2,0.75,3.0,15,require_no_stop_zone_touch_before_entry,"{""stop_zone_fraction"": 1.0}",delay_stop_zone_filter
mgc_1h_avoid_immediate_adverse_move_sm0p75_tm3p00_d15_aw5_mt8,MGC,1H,1min,regime_filtered_ema_mild_atr_20_80_compression_off_atr_target_1p0_ts3_vq0p95_bf0p5_ra1p2,0.75,3.0,15,avoid_immediate_adverse_move,"{""adverse_window_minutes"": 5, ""max_adverse_ticks"": 8}",delay_adverse_filter
mgc_1h_avoid_immediate_adverse_move_sm0p75_tm3p00_d15_aw5_mt12,MGC,1H,1min,regime_filtered_ema_mild_atr_20_80_compression_off_atr_target_1p0_ts3_vq0p95_bf0p5_ra1p2,0.75,3.0,15,avoid_immediate_adverse_move,"{""adverse_window_minutes"": 5, ""max_adverse_ticks"": 12}",delay_adverse_filter
mgc_1h_avoid_immediate_adverse_move_sm0p75_tm3p00_d15_aw5_mt16,MGC,1H,1min,regime_filtered_ema_mild_atr_20_80_compression_off_atr_target_1p0_ts3_vq0p95_bf0p5_ra1p2,0.75,3.0,15,avoid_immediate_adverse_move,"{""adverse_window_minutes"": 5, ""max_adverse_ticks"": 16}",delay_adverse_filter
mgc_1h_avoid_immediate_adverse_move_sm0p75_tm3p00_d15_aw10_mt8,MGC,1H,1min,regime_filtered_ema_mild_atr_20_80_compression_off_atr_target_1p0_ts3_vq0p95_bf0p5_ra1p2,0.75,3.0,15,avoid_immediate_adverse_move,"{""adverse_window_minutes"": 10, ""max_adverse_ticks"": 8}",delay_adverse_filter
mgc_1h_avoid_immediate_adverse_move_sm0p75_tm3p00_d15_aw10_mt12,MGC,1H,1min,regime_filtered_ema_mild_atr_20_80_compression_off_atr_target_1p0_ts3_vq0p95_bf0p5_ra1p2,0.75,3.0,15,avoid_immediate_adverse_move,"{""adverse_window_minutes"": 10, ""max_adverse_ticks"": 12}",delay_adverse_filter
mgc_1h_avoid_immediate_adverse_move_sm0p75_tm3p00_d15_aw10_mt16,MGC,1H,1min,regime_filtered_ema_mild_atr_20_80_compression_off_atr_target_1p0_ts3_vq0p95_bf0p5_ra1p2,0.75,3.0,15,avoid_immediate_adverse_move,"{""adverse_window_minutes"": 10, ""max_adverse_ticks"": 16}",delay_adverse_filter
mgc_1h_require_no_stop_zone_touch_before_entry_sm0p75_tm3p00_d30_sz0p50,MGC,1H,1min,regime_filtered_ema_mild_atr_20_80_compression_off_atr_target_1p0_ts3_vq0p95_bf0p5_ra1p2,0.75,3.0,30,require_no_stop_zone_touch_before_entry,"{""stop_zone_fraction"": 0.5}",delay_stop_zone_filter
mgc_1h_require_no_stop_zone_touch_before_entry_sm0p75_tm3p00_d30_sz0p75,MGC,1H,1min,regime_filtered_ema_mild_atr_20_80_compression_off_atr_target_1p0_ts3_vq0p95_bf0p5_ra1p2,0.75,3.0,30,require_no_stop_zone_touch_before_entry,"{""stop_zone_fraction"": 0.75}",delay_stop_zone_filter
mgc_1h_require_no_stop_zone_touch_before_entry_sm0p75_tm3p00_d30_sz1p00,MGC,1H,1min,regime_filtered_ema_mild_atr_20_80_compression_off_atr_target_1p0_ts3_vq0p95_bf0p5_ra1p2,0.75,3.0,30,require_no_stop_zone_touch_before_entry,"{""stop_zone_fraction"": 1.0}",delay_stop_zone_filter
mgc_1h_avoid_immediate_adverse_move_sm0p75_tm3p00_d30_aw5_mt8,MGC,1H,1min,regime_filtered_ema_mild_atr_20_80_compression_off_atr_target_1p0_ts3_vq0p95_bf0p5_ra1p2,0.75,3.0,30,avoid_immediate_adverse_move,"{""adverse_window_minutes"": 5, ""max_adverse_ticks"": 8}",delay_adverse_filter
mgc_1h_avoid_immediate_adverse_move_sm0p75_tm3p00_d30_aw5_mt12,MGC,1H,1min,regime_filtered_ema_mild_atr_20_80_compression_off_atr_target_1p0_ts3_vq0p95_bf0p5_ra1p2,0.75,3.0,30,avoid_immediate_adverse_move,"{""adverse_window_minutes"": 5, ""max_adverse_ticks"": 12}",delay_adverse_filter
mgc_1h_avoid_immediate_adverse_move_sm0p75_tm3p00_d30_aw5_mt16,MGC,1H,1min,regime_filtered_ema_mild_atr_20_80_compression_off_atr_target_1p0_ts3_vq0p95_bf0p5_ra1p2,0.75,3.0,30,avoid_immediate_adverse_move,"{""adverse_window_minutes"": 5, ""max_adverse_ticks"": 16}",delay_adverse_filter
mgc_1h_avoid_immediate_adverse_move_sm0p75_tm3p00_d30_aw10_mt8,MGC,1H,1min,regime_filtered_ema_mild_atr_20_80_compression_off_atr_target_1p0_ts3_vq0p95_bf0p5_ra1p2,0.75,3.0,30,avoid_immediate_adverse_move,"{""adverse_window_minutes"": 10, ""max_adverse_ticks"": 8}",delay_adverse_filter
mgc_1h_avoid_immediate_adverse_move_sm0p75_tm3p00_d30_aw10_mt12,MGC,1H,1min,regime_filtered_ema_mild_atr_20_80_compression_off_atr_target_1p0_ts3_vq0p95_bf0p5_ra1p2,0.75,3.0,30,avoid_immediate_adverse_move,"{""adverse_window_minutes"": 10, ""max_adverse_ticks"": 12}",delay_adverse_filter
mgc_1h_avoid_immediate_adverse_move_sm0p75_tm3p00_d30_aw10_mt16,MGC,1H,1min,regime_filtered_ema_mild_atr_20_80_compression_off_atr_target_1p0_ts3_vq0p95_bf0p5_ra1p2,0.75,3.0,30,avoid_immediate_adverse_move,"{""adverse_window_minutes"": 10, ""max_adverse_ticks"": 16}",delay_adverse_filter
mgc_1h_require_no_stop_zone_touch_before_entry_sm1p00_tm2p00_d5_sz0p50,MGC,1H,1min,regime_filtered_ema_mild_atr_20_80_compression_off_atr_target_1p0_ts3_vq0p95_bf0p5_ra1p2,1.0,2.0,5,require_no_stop_zone_touch_before_entry,"{""stop_zone_fraction"": 0.5}",delay_stop_zone_filter
mgc_1h_require_no_stop_zone_touch_before_entry_sm1p00_tm2p00_d5_sz0p75,MGC,1H,1min,regime_filtered_ema_mild_atr_20_80_compression_off_atr_target_1p0_ts3_vq0p95_bf0p5_ra1p2,1.0,2.0,5,require_no_stop_zone_touch_before_entry,"{""stop_zone_fraction"": 0.75}",delay_stop_zone_filter
mgc_1h_require_no_stop_zone_touch_before_entry_sm1p00_tm2p00_d5_sz1p00,MGC,1H,1min,regime_filtered_ema_mild_atr_20_80_compression_off_atr_target_1p0_ts3_vq0p95_bf0p5_ra1p2,1.0,2.0,5,require_no_stop_zone_touch_before_entry,"{""stop_zone_fraction"": 1.0}",delay_stop_zone_filter
mgc_1h_avoid_immediate_adverse_move_sm1p00_tm2p00_d5_aw5_mt8,MGC,1H,1min,regime_filtered_ema_mild_atr_20_80_compression_off_atr_target_1p0_ts3_vq0p95_bf0p5_ra1p2,1.0,2.0,5,avoid_immediate_adverse_move,"{""adverse_window_minutes"": 5, ""max_adverse_ticks"": 8}",delay_adverse_filter
mgc_1h_avoid_immediate_adverse_move_sm1p00_tm2p00_d5_aw5_mt12,MGC,1H,1min,regime_filtered_ema_mild_atr_20_80_compression_off_atr_target_1p0_ts3_vq0p95_bf0p5_ra1p2,1.0,2.0,5,avoid_immediate_adverse_move,"{""adverse_window_minutes"": 5, ""max_adverse_ticks"": 12}",delay_adverse_filter
mgc_1h_avoid_immediate_adverse_move_sm1p00_tm2p00_d5_aw5_mt16,MGC,1H,1min,regime_filtered_ema_mild_atr_20_80_compression_off_atr_target_1p0_ts3_vq0p95_bf0p5_ra1p2,1.0,2.0,5,avoid_immediate_adverse_move,"{""adverse_window_minutes"": 5, ""max_adverse_ticks"": 16}",delay_adverse_filter
mgc_1h_require_no_stop_zone_touch_before_entry_sm1p00_tm2p00_d15_sz0p50,MGC,1H,1min,regime_filtered_ema_mild_atr_20_80_compression_off_atr_target_1p0_ts3_vq0p95_bf0p5_ra1p2,1.0,2.0,15,require_no_stop_zone_touch_before_entry,"{""stop_zone_fraction"": 0.5}",delay_stop_zone_filter
mgc_1h_require_no_stop_zone_touch_before_entry_sm1p00_tm2p00_d15_sz0p75,MGC,1H,1min,regime_filtered_ema_mild_atr_20_80_compression_off_atr_target_1p0_ts3_vq0p95_bf0p5_ra1p2,1.0,2.0,15,require_no_stop_zone_touch_before_entry,"{""stop_zone_fraction"": 0.75}",delay_stop_zone_filter
mgc_1h_require_no_stop_zone_touch_before_entry_sm1p00_tm2p00_d15_sz1p00,MGC,1H,1min,regime_filtered_ema_mild_atr_20_80_compression_off_atr_target_1p0_ts3_vq0p95_bf0p5_ra1p2,1.0,2.0,15,require_no_stop_zone_touch_before_entry,"{""stop_zone_fraction"": 1.0}",delay_stop_zone_filter
mgc_1h_avoid_immediate_adverse_move_sm1p00_tm2p00_d15_aw5_mt8,MGC,1H,1min,regime_filtered_ema_mild_atr_20_80_compression_off_atr_target_1p0_ts3_vq0p95_bf0p5_ra1p2,1.0,2.0,15,avoid_immediate_adverse_move,"{""adverse_window_minutes"": 5, ""max_adverse_ticks"": 8}",delay_adverse_filter
mgc_1h_avoid_immediate_adverse_move_sm1p00_tm2p00_d15_aw5_mt12,MGC,1H,1min,regime_filtered_ema_mild_atr_20_80_compression_off_atr_target_1p0_ts3_vq0p95_bf0p5_ra1p2,1.0,2.0,15,avoid_immediate_adverse_move,"{""adverse_window_minutes"": 5, ""max_adverse_ticks"": 12}",delay_adverse_filter
mgc_1h_avoid_immediate_adverse_move_sm1p00_tm2p00_d15_aw5_mt16,MGC,1H,1min,regime_filtered_ema_mild_atr_20_80_compression_off_atr_target_1p0_ts3_vq0p95_bf0p5_ra1p2,1.0,2.0,15,avoid_immediate_adverse_move,"{""adverse_window_minutes"": 5, ""max_adverse_ticks"": 16}",delay_adverse_filter
mgc_1h_avoid_immediate_adverse_move_sm1p00_tm2p00_d15_aw10_mt8,MGC,1H,1min,regime_filtered_ema_mild_atr_20_80_compression_off_atr_target_1p0_ts3_vq0p95_bf0p5_ra1p2,1.0,2.0,15,avoid_immediate_adverse_move,"{""adverse_window_minutes"": 10, ""max_adverse_ticks"": 8}",delay_adverse_filter
mgc_1h_avoid_immediate_adverse_move_sm1p00_tm2p00_d15_aw10_mt12,MGC,1H,1min,regime_filtered_ema_mild_atr_20_80_compression_off_atr_target_1p0_ts3_vq0p95_bf0p5_ra1p2,1.0,2.0,15,avoid_immediate_adverse_move,"{""adverse_window_minutes"": 10, ""max_adverse_ticks"": 12}",delay_adverse_filter
mgc_1h_avoid_immediate_adverse_move_sm1p00_tm2p00_d15_aw10_mt16,MGC,1H,1min,regime_filtered_ema_mild_atr_20_80_compression_off_atr_target_1p0_ts3_vq0p95_bf0p5_ra1p2,1.0,2.0,15,avoid_immediate_adverse_move,"{""adverse_window_minutes"": 10, ""max_adverse_ticks"": 16}",delay_adverse_filter
mgc_1h_require_no_stop_zone_touch_before_entry_sm1p00_tm2p00_d30_sz0p50,MGC,1H,1min,regime_filtered_ema_mild_atr_20_80_compression_off_atr_target_1p0_ts3_vq0p95_bf0p5_ra1p2,1.0,2.0,30,require_no_stop_zone_touch_before_entry,"{""stop_zone_fraction"": 0.5}",delay_stop_zone_filter
mgc_1h_require_no_stop_zone_touch_before_entry_sm1p00_tm2p00_d30_sz0p75,MGC,1H,1min,regime_filtered_ema_mild_atr_20_80_compression_off_atr_target_1p0_ts3_vq0p95_bf0p5_ra1p2,1.0,2.0,30,require_no_stop_zone_touch_before_entry,"{""stop_zone_fraction"": 0.75}",delay_stop_zone_filter
mgc_1h_require_no_stop_zone_touch_before_entry_sm1p00_tm2p00_d30_sz1p00,MGC,1H,1min,regime_filtered_ema_mild_atr_20_80_compression_off_atr_target_1p0_ts3_vq0p95_bf0p5_ra1p2,1.0,2.0,30,require_no_stop_zone_touch_before_entry,"{""stop_zone_fraction"": 1.0}",delay_stop_zone_filter
mgc_1h_avoid_immediate_adverse_move_sm1p00_tm2p00_d30_aw5_mt8,MGC,1H,1min,regime_filtered_ema_mild_atr_20_80_compression_off_atr_target_1p0_ts3_vq0p95_bf0p5_ra1p2,1.0,2.0,30,avoid_immediate_adverse_move,"{""adverse_window_minutes"": 5, ""max_adverse_ticks"": 8}",delay_adverse_filter
mgc_1h_avoid_immediate_adverse_move_sm1p00_tm2p00_d30_aw5_mt12,MGC,1H,1min,regime_filtered_ema_mild_atr_20_80_compression_off_atr_target_1p0_ts3_vq0p95_bf0p5_ra1p2,1.0,2.0,30,avoid_immediate_adverse_move,"{""adverse_window_minutes"": 5, ""max_adverse_ticks"": 12}",delay_adverse_filter
mgc_1h_avoid_immediate_adverse_move_sm1p00_tm2p00_d30_aw5_mt16,MGC,1H,1min,regime_filtered_ema_mild_atr_20_80_compression_off_atr_target_1p0_ts3_vq0p95_bf0p5_ra1p2,1.0,2.0,30,avoid_immediate_adverse_move,"{""adverse_window_minutes"": 5, ""max_adverse_ticks"": 16}",delay_adverse_filter
mgc_1h_avoid_immediate_adverse_move_sm1p00_tm2p00_d30_aw10_mt8,MGC,1H,1min,regime_filtered_ema_mild_atr_20_80_compression_off_atr_target_1p0_ts3_vq0p95_bf0p5_ra1p2,1.0,2.0,30,avoid_immediate_adverse_move,"{""adverse_window_minutes"": 10, ""max_adverse_ticks"": 8}",delay_adverse_filter
mgc_1h_avoid_immediate_adverse_move_sm1p00_tm2p00_d30_aw10_mt12,MGC,1H,1min,regime_filtered_ema_mild_atr_20_80_compression_off_atr_target_1p0_ts3_vq0p95_bf0p5_ra1p2,1.0,2.0,30,avoid_immediate_adverse_move,"{""adverse_window_minutes"": 10, ""max_adverse_ticks"": 12}",delay_adverse_filter
mgc_1h_avoid_immediate_adverse_move_sm1p00_tm2p00_d30_aw10_mt16,MGC,1H,1min,regime_filtered_ema_mild_atr_20_80_compression_off_atr_target_1p0_ts3_vq0p95_bf0p5_ra1p2,1.0,2.0,30,avoid_immediate_adverse_move,"{""adverse_window_minutes"": 10, ""max_adverse_ticks"": 16}",delay_adverse_filter
mgc_1h_require_no_stop_zone_touch_before_entry_sm1p00_tm2p50_d5_sz0p50,MGC,1H,1min,regime_filtered_ema_mild_atr_20_80_compression_off_atr_target_1p0_ts3_vq0p95_bf0p5_ra1p2,1.0,2.5,5,require_no_stop_zone_touch_before_entry,"{""stop_zone_fraction"": 0.5}",delay_stop_zone_filter
mgc_1h_require_no_stop_zone_touch_before_entry_sm1p00_tm2p50_d5_sz0p75,MGC,1H,1min,regime_filtered_ema_mild_atr_20_80_compression_off_atr_target_1p0_ts3_vq0p95_bf0p5_ra1p2,1.0,2.5,5,require_no_stop_zone_touch_before_entry,"{""stop_zone_fraction"": 0.75}",delay_stop_zone_filter
mgc_1h_require_no_stop_zone_touch_before_entry_sm1p00_tm2p50_d5_sz1p00,MGC,1H,1min,regime_filtered_ema_mild_atr_20_80_compression_off_atr_target_1p0_ts3_vq0p95_bf0p5_ra1p2,1.0,2.5,5,require_no_stop_zone_touch_before_entry,"{""stop_zone_fraction"": 1.0}",delay_stop_zone_filter
mgc_1h_avoid_immediate_adverse_move_sm1p00_tm2p50_d5_aw5_mt8,MGC,1H,1min,regime_filtered_ema_mild_atr_20_80_compression_off_atr_target_1p0_ts3_vq0p95_bf0p5_ra1p2,1.0,2.5,5,avoid_immediate_adverse_move,"{""adverse_window_minutes"": 5, ""max_adverse_ticks"": 8}",delay_adverse_filter
mgc_1h_avoid_immediate_adverse_move_sm1p00_tm2p50_d5_aw5_mt12,MGC,1H,1min,regime_filtered_ema_mild_atr_20_80_compression_off_atr_target_1p0_ts3_vq0p95_bf0p5_ra1p2,1.0,2.5,5,avoid_immediate_adverse_move,"{""adverse_window_minutes"": 5, ""max_adverse_ticks"": 12}",delay_adverse_filter
mgc_1h_avoid_immediate_adverse_move_sm1p00_tm2p50_d5_aw5_mt16,MGC,1H,1min,regime_filtered_ema_mild_atr_20_80_compression_off_atr_target_1p0_ts3_vq0p95_bf0p5_ra1p2,1.0,2.5,5,avoid_immediate_adverse_move,"{""adverse_window_minutes"": 5, ""max_adverse_ticks"": 16}",delay_adverse_filter
mgc_1h_require_no_stop_zone_touch_before_entry_sm1p00_tm2p50_d15_sz0p50,MGC,1H,1min,regime_filtered_ema_mild_atr_20_80_compression_off_atr_target_1p0_ts3_vq0p95_bf0p5_ra1p2,1.0,2.5,15,require_no_stop_zone_touch_before_entry,"{""stop_zone_fraction"": 0.5}",delay_stop_zone_filter
mgc_1h_require_no_stop_zone_touch_before_entry_sm1p00_tm2p50_d15_sz0p75,MGC,1H,1min,regime_filtered_ema_mild_atr_20_80_compression_off_atr_target_1p0_ts3_vq0p95_bf0p5_ra1p2,1.0,2.5,15,require_no_stop_zone_touch_before_entry,"{""stop_zone_fraction"": 0.75}",delay_stop_zone_filter
mgc_1h_require_no_stop_zone_touch_before_entry_sm1p00_tm2p50_d15_sz1p00,MGC,1H,1min,regime_filtered_ema_mild_atr_20_80_compression_off_atr_target_1p0_ts3_vq0p95_bf0p5_ra1p2,1.0,2.5,15,require_no_stop_zone_touch_before_entry,"{""stop_zone_fraction"": 1.0}",delay_stop_zone_filter
mgc_1h_avoid_immediate_adverse_move_sm1p00_tm2p50_d15_aw5_mt8,MGC,1H,1min,regime_filtered_ema_mild_atr_20_80_compression_off_atr_target_1p0_ts3_vq0p95_bf0p5_ra1p2,1.0,2.5,15,avoid_immediate_adverse_move,"{""adverse_window_minutes"": 5, ""max_adverse_ticks"": 8}",delay_adverse_filter
mgc_1h_avoid_immediate_adverse_move_sm1p00_tm2p50_d15_aw5_mt12,MGC,1H,1min,regime_filtered_ema_mild_atr_20_80_compression_off_atr_target_1p0_ts3_vq0p95_bf0p5_ra1p2,1.0,2.5,15,avoid_immediate_adverse_move,"{""adverse_window_minutes"": 5, ""max_adverse_ticks"": 12}",delay_adverse_filter
mgc_1h_avoid_immediate_adverse_move_sm1p00_tm2p50_d15_aw5_mt16,MGC,1H,1min,regime_filtered_ema_mild_atr_20_80_compression_off_atr_target_1p0_ts3_vq0p95_bf0p5_ra1p2,1.0,2.5,15,avoid_immediate_adverse_move,"{""adverse_window_minutes"": 5, ""max_adverse_ticks"": 16}",delay_adverse_filter
mgc_1h_avoid_immediate_adverse_move_sm1p00_tm2p50_d15_aw10_mt8,MGC,1H,1min,regime_filtered_ema_mild_atr_20_80_compression_off_atr_target_1p0_ts3_vq0p95_bf0p5_ra1p2,1.0,2.5,15,avoid_immediate_adverse_move,"{""adverse_window_minutes"": 10, ""max_adverse_ticks"": 8}",delay_adverse_filter
mgc_1h_avoid_immediate_adverse_move_sm1p00_tm2p50_d15_aw10_mt12,MGC,1H,1min,regime_filtered_ema_mild_atr_20_80_compression_off_atr_target_1p0_ts3_vq0p95_bf0p5_ra1p2,1.0,2.5,15,avoid_immediate_adverse_move,"{""adverse_window_minutes"": 10, ""max_adverse_ticks"": 12}",delay_adverse_filter
mgc_1h_avoid_immediate_adverse_move_sm1p00_tm2p50_d15_aw10_mt16,MGC,1H,1min,regime_filtered_ema_mild_atr_20_80_compression_off_atr_target_1p0_ts3_vq0p95_bf0p5_ra1p2,1.0,2.5,15,avoid_immediate_adverse_move,"{""adverse_window_minutes"": 10, ""max_adverse_ticks"": 16}",delay_adverse_filter
mgc_1h_require_no_stop_zone_touch_before_entry_sm1p00_tm2p50_d30_sz0p50,MGC,1H,1min,regime_filtered_ema_mild_atr_20_80_compression_off_atr_target_1p0_ts3_vq0p95_bf0p5_ra1p2,1.0,2.5,30,require_no_stop_zone_touch_before_entry,"{""stop_zone_fraction"": 0.5}",delay_stop_zone_filter
mgc_1h_require_no_stop_zone_touch_before_entry_sm1p00_tm2p50_d30_sz0p75,MGC,1H,1min,regime_filtered_ema_mild_atr_20_80_compression_off_atr_target_1p0_ts3_vq0p95_bf0p5_ra1p2,1.0,2.5,30,require_no_stop_zone_touch_before_entry,"{""stop_zone_fraction"": 0.75}",delay_stop_zone_filter
mgc_1h_require_no_stop_zone_touch_before_entry_sm1p00_tm2p50_d30_sz1p00,MGC,1H,1min,regime_filtered_ema_mild_atr_20_80_compression_off_atr_target_1p0_ts3_vq0p95_bf0p5_ra1p2,1.0,2.5,30,require_no_stop_zone_touch_before_entry,"{""stop_zone_fraction"": 1.0}",delay_stop_zone_filter
mgc_1h_avoid_immediate_adverse_move_sm1p00_tm2p50_d30_aw5_mt8,MGC,1H,1min,regime_filtered_ema_mild_atr_20_80_compression_off_atr_target_1p0_ts3_vq0p95_bf0p5_ra1p2,1.0,2.5,30,avoid_immediate_adverse_move,"{""adverse_window_minutes"": 5, ""max_adverse_ticks"": 8}",delay_adverse_filter
mgc_1h_avoid_immediate_adverse_move_sm1p00_tm2p50_d30_aw5_mt12,MGC,1H,1min,regime_filtered_ema_mild_atr_20_80_compression_off_atr_target_1p0_ts3_vq0p95_bf0p5_ra1p2,1.0,2.5,30,avoid_immediate_adverse_move,"{""adverse_window_minutes"": 5, ""max_adverse_ticks"": 12}",delay_adverse_filter
mgc_1h_avoid_immediate_adverse_move_sm1p00_tm2p50_d30_aw5_mt16,MGC,1H,1min,regime_filtered_ema_mild_atr_20_80_compression_off_atr_target_1p0_ts3_vq0p95_bf0p5_ra1p2,1.0,2.5,30,avoid_immediate_adverse_move,"{""adverse_window_minutes"": 5, ""max_adverse_ticks"": 16}",delay_adverse_filter
mgc_1h_avoid_immediate_adverse_move_sm1p00_tm2p50_d30_aw10_mt8,MGC,1H,1min,regime_filtered_ema_mild_atr_20_80_compression_off_atr_target_1p0_ts3_vq0p95_bf0p5_ra1p2,1.0,2.5,30,avoid_immediate_adverse_move,"{""adverse_window_minutes"": 10, ""max_adverse_ticks"": 8}",delay_adverse_filter
mgc_1h_avoid_immediate_adverse_move_sm1p00_tm2p50_d30_aw10_mt12,MGC,1H,1min,regime_filtered_ema_mild_atr_20_80_compression_off_atr_target_1p0_ts3_vq0p95_bf0p5_ra1p2,1.0,2.5,30,avoid_immediate_adverse_move,"{""adverse_window_minutes"": 10, ""max_adverse_ticks"": 12}",delay_adverse_filter
mgc_1h_avoid_immediate_adverse_move_sm1p00_tm2p50_d30_aw10_mt16,MGC,1H,1min,regime_filtered_ema_mild_atr_20_80_compression_off_atr_target_1p0_ts3_vq0p95_bf0p5_ra1p2,1.0,2.5,30,avoid_immediate_adverse_move,"{""adverse_window_minutes"": 10, ""max_adverse_ticks"": 16}",delay_adverse_filter
mgc_1h_require_no_stop_zone_touch_before_entry_sm1p00_tm3p00_d5_sz0p50,MGC,1H,1min,regime_filtered_ema_mild_atr_20_80_compression_off_atr_target_1p0_ts3_vq0p95_bf0p5_ra1p2,1.0,3.0,5,require_no_stop_zone_touch_before_entry,"{""stop_zone_fraction"": 0.5}",delay_stop_zone_filter
mgc_1h_require_no_stop_zone_touch_before_entry_sm1p00_tm3p00_d5_sz0p75,MGC,1H,1min,regime_filtered_ema_mild_atr_20_80_compression_off_atr_target_1p0_ts3_vq0p95_bf0p5_ra1p2,1.0,3.0,5,require_no_stop_zone_touch_before_entry,"{""stop_zone_fraction"": 0.75}",delay_stop_zone_filter
mgc_1h_require_no_stop_zone_touch_before_entry_sm1p00_tm3p00_d5_sz1p00,MGC,1H,1min,regime_filtered_ema_mild_atr_20_80_compression_off_atr_target_1p0_ts3_vq0p95_bf0p5_ra1p2,1.0,3.0,5,require_no_stop_zone_touch_before_entry,"{""stop_zone_fraction"": 1.0}",delay_stop_zone_filter
mgc_1h_avoid_immediate_adverse_move_sm1p00_tm3p00_d5_aw5_mt8,MGC,1H,1min,regime_filtered_ema_mild_atr_20_80_compression_off_atr_target_1p0_ts3_vq0p95_bf0p5_ra1p2,1.0,3.0,5,avoid_immediate_adverse_move,"{""adverse_window_minutes"": 5, ""max_adverse_ticks"": 8}",delay_adverse_filter
mgc_1h_avoid_immediate_adverse_move_sm1p00_tm3p00_d5_aw5_mt12,MGC,1H,1min,regime_filtered_ema_mild_atr_20_80_compression_off_atr_target_1p0_ts3_vq0p95_bf0p5_ra1p2,1.0,3.0,5,avoid_immediate_adverse_move,"{""adverse_window_minutes"": 5, ""max_adverse_ticks"": 12}",delay_adverse_filter
mgc_1h_avoid_immediate_adverse_move_sm1p00_tm3p00_d5_aw5_mt16,MGC,1H,1min,regime_filtered_ema_mild_atr_20_80_compression_off_atr_target_1p0_ts3_vq0p95_bf0p5_ra1p2,1.0,3.0,5,avoid_immediate_adverse_move,"{""adverse_window_minutes"": 5, ""max_adverse_ticks"": 16}",delay_adverse_filter
mgc_1h_require_no_stop_zone_touch_before_entry_sm1p00_tm3p00_d15_sz0p50,MGC,1H,1min,regime_filtered_ema_mild_atr_20_80_compression_off_atr_target_1p0_ts3_vq0p95_bf0p5_ra1p2,1.0,3.0,15,require_no_stop_zone_touch_before_entry,"{""stop_zone_fraction"": 0.5}",delay_stop_zone_filter
mgc_1h_require_no_stop_zone_touch_before_entry_sm1p00_tm3p00_d15_sz0p75,MGC,1H,1min,regime_filtered_ema_mild_atr_20_80_compression_off_atr_target_1p0_ts3_vq0p95_bf0p5_ra1p2,1.0,3.0,15,require_no_stop_zone_touch_before_entry,"{""stop_zone_fraction"": 0.75}",delay_stop_zone_filter
mgc_1h_require_no_stop_zone_touch_before_entry_sm1p00_tm3p00_d15_sz1p00,MGC,1H,1min,regime_filtered_ema_mild_atr_20_80_compression_off_atr_target_1p0_ts3_vq0p95_bf0p5_ra1p2,1.0,3.0,15,require_no_stop_zone_touch_before_entry,"{""stop_zone_fraction"": 1.0}",delay_stop_zone_filter
mgc_1h_avoid_immediate_adverse_move_sm1p00_tm3p00_d15_aw5_mt8,MGC,1H,1min,regime_filtered_ema_mild_atr_20_80_compression_off_atr_target_1p0_ts3_vq0p95_bf0p5_ra1p2,1.0,3.0,15,avoid_immediate_adverse_move,"{""adverse_window_minutes"": 5, ""max_adverse_ticks"": 8}",delay_adverse_filter
mgc_1h_avoid_immediate_adverse_move_sm1p00_tm3p00_d15_aw5_mt12,MGC,1H,1min,regime_filtered_ema_mild_atr_20_80_compression_off_atr_target_1p0_ts3_vq0p95_bf0p5_ra1p2,1.0,3.0,15,avoid_immediate_adverse_move,"{""adverse_window_minutes"": 5, ""max_adverse_ticks"": 12}",delay_adverse_filter
mgc_1h_avoid_immediate_adverse_move_sm1p00_tm3p00_d15_aw5_mt16,MGC,1H,1min,regime_filtered_ema_mild_atr_20_80_compression_off_atr_target_1p0_ts3_vq0p95_bf0p5_ra1p2,1.0,3.0,15,avoid_immediate_adverse_move,"{""adverse_window_minutes"": 5, ""max_adverse_ticks"": 16}",delay_adverse_filter
mgc_1h_avoid_immediate_adverse_move_sm1p00_tm3p00_d15_aw10_mt8,MGC,1H,1min,regime_filtered_ema_mild_atr_20_80_compression_off_atr_target_1p0_ts3_vq0p95_bf0p5_ra1p2,1.0,3.0,15,avoid_immediate_adverse_move,"{""adverse_window_minutes"": 10, ""max_adverse_ticks"": 8}",delay_adverse_filter
mgc_1h_avoid_immediate_adverse_move_sm1p00_tm3p00_d15_aw10_mt12,MGC,1H,1min,regime_filtered_ema_mild_atr_20_80_compression_off_atr_target_1p0_ts3_vq0p95_bf0p5_ra1p2,1.0,3.0,15,avoid_immediate_adverse_move,"{""adverse_window_minutes"": 10, ""max_adverse_ticks"": 12}",delay_adverse_filter
mgc_1h_avoid_immediate_adverse_move_sm1p00_tm3p00_d15_aw10_mt16,MGC,1H,1min,regime_filtered_ema_mild_atr_20_80_compression_off_atr_target_1p0_ts3_vq0p95_bf0p5_ra1p2,1.0,3.0,15,avoid_immediate_adverse_move,"{""adverse_window_minutes"": 10, ""max_adverse_ticks"": 16}",delay_adverse_filter
mgc_1h_require_no_stop_zone_touch_before_entry_sm1p00_tm3p00_d30_sz0p50,MGC,1H,1min,regime_filtered_ema_mild_atr_20_80_compression_off_atr_target_1p0_ts3_vq0p95_bf0p5_ra1p2,1.0,3.0,30,require_no_stop_zone_touch_before_entry,"{""stop_zone_fraction"": 0.5}",delay_stop_zone_filter
mgc_1h_require_no_stop_zone_touch_before_entry_sm1p00_tm3p00_d30_sz0p75,MGC,1H,1min,regime_filtered_ema_mild_atr_20_80_compression_off_atr_target_1p0_ts3_vq0p95_bf0p5_ra1p2,1.0,3.0,30,require_no_stop_zone_touch_before_entry,"{""stop_zone_fraction"": 0.75}",delay_stop_zone_filter
mgc_1h_require_no_stop_zone_touch_before_entry_sm1p00_tm3p00_d30_sz1p00,MGC,1H,1min,regime_filtered_ema_mild_atr_20_80_compression_off_atr_target_1p0_ts3_vq0p95_bf0p5_ra1p2,1.0,3.0,30,require_no_stop_zone_touch_before_entry,"{""stop_zone_fraction"": 1.0}",delay_stop_zone_filter
mgc_1h_avoid_immediate_adverse_move_sm1p00_tm3p00_d30_aw5_mt8,MGC,1H,1min,regime_filtered_ema_mild_atr_20_80_compression_off_atr_target_1p0_ts3_vq0p95_bf0p5_ra1p2,1.0,3.0,30,avoid_immediate_adverse_move,"{""adverse_window_minutes"": 5, ""max_adverse_ticks"": 8}",delay_adverse_filter
mgc_1h_avoid_immediate_adverse_move_sm1p00_tm3p00_d30_aw5_mt12,MGC,1H,1min,regime_filtered_ema_mild_atr_20_80_compression_off_atr_target_1p0_ts3_vq0p95_bf0p5_ra1p2,1.0,3.0,30,avoid_immediate_adverse_move,"{""adverse_window_minutes"": 5, ""max_adverse_ticks"": 12}",delay_adverse_filter
mgc_1h_avoid_immediate_adverse_move_sm1p00_tm3p00_d30_aw5_mt16,MGC,1H,1min,regime_filtered_ema_mild_atr_20_80_compression_off_atr_target_1p0_ts3_vq0p95_bf0p5_ra1p2,1.0,3.0,30,avoid_immediate_adverse_move,"{""adverse_window_minutes"": 5, ""max_adverse_ticks"": 16}",delay_adverse_filter
mgc_1h_avoid_immediate_adverse_move_sm1p00_tm3p00_d30_aw10_mt8,MGC,1H,1min,regime_filtered_ema_mild_atr_20_80_compression_off_atr_target_1p0_ts3_vq0p95_bf0p5_ra1p2,1.0,3.0,30,avoid_immediate_adverse_move,"{""adverse_window_minutes"": 10, ""max_adverse_ticks"": 8}",delay_adverse_filter
mgc_1h_avoid_immediate_adverse_move_sm1p00_tm3p00_d30_aw10_mt12,MGC,1H,1min,regime_filtered_ema_mild_atr_20_80_compression_off_atr_target_1p0_ts3_vq0p95_bf0p5_ra1p2,1.0,3.0,30,avoid_immediate_adverse_move,"{""adverse_window_minutes"": 10, ""max_adverse_ticks"": 12}",delay_adverse_filter
mgc_1h_avoid_immediate_adverse_move_sm1p00_tm3p00_d30_aw10_mt16,MGC,1H,1min,regime_filtered_ema_mild_atr_20_80_compression_off_atr_target_1p0_ts3_vq0p95_bf0p5_ra1p2,1.0,3.0,30,avoid_immediate_adverse_move,"{""adverse_window_minutes"": 10, ""max_adverse_ticks"": 16}",delay_adverse_filter
mgc_1h_require_no_stop_zone_touch_before_entry_sm1p25_tm2p00_d5_sz0p50,MGC,1H,1min,regime_filtered_ema_mild_atr_20_80_compression_off_atr_target_1p0_ts3_vq0p95_bf0p5_ra1p2,1.25,2.0,5,require_no_stop_zone_touch_before_entry,"{""stop_zone_fraction"": 0.5}",delay_stop_zone_filter
mgc_1h_require_no_stop_zone_touch_before_entry_sm1p25_tm2p00_d5_sz0p75,MGC,1H,1min,regime_filtered_ema_mild_atr_20_80_compression_off_atr_target_1p0_ts3_vq0p95_bf0p5_ra1p2,1.25,2.0,5,require_no_stop_zone_touch_before_entry,"{""stop_zone_fraction"": 0.75}",delay_stop_zone_filter
mgc_1h_require_no_stop_zone_touch_before_entry_sm1p25_tm2p00_d5_sz1p00,MGC,1H,1min,regime_filtered_ema_mild_atr_20_80_compression_off_atr_target_1p0_ts3_vq0p95_bf0p5_ra1p2,1.25,2.0,5,require_no_stop_zone_touch_before_entry,"{""stop_zone_fraction"": 1.0}",delay_stop_zone_filter
mgc_1h_avoid_immediate_adverse_move_sm1p25_tm2p00_d5_aw5_mt8,MGC,1H,1min,regime_filtered_ema_mild_atr_20_80_compression_off_atr_target_1p0_ts3_vq0p95_bf0p5_ra1p2,1.25,2.0,5,avoid_immediate_adverse_move,"{""adverse_window_minutes"": 5, ""max_adverse_ticks"": 8}",delay_adverse_filter
mgc_1h_avoid_immediate_adverse_move_sm1p25_tm2p00_d5_aw5_mt12,MGC,1H,1min,regime_filtered_ema_mild_atr_20_80_compression_off_atr_target_1p0_ts3_vq0p95_bf0p5_ra1p2,1.25,2.0,5,avoid_immediate_adverse_move,"{""adverse_window_minutes"": 5, ""max_adverse_ticks"": 12}",delay_adverse_filter
mgc_1h_avoid_immediate_adverse_move_sm1p25_tm2p00_d5_aw5_mt16,MGC,1H,1min,regime_filtered_ema_mild_atr_20_80_compression_off_atr_target_1p0_ts3_vq0p95_bf0p5_ra1p2,1.25,2.0,5,avoid_immediate_adverse_move,"{""adverse_window_minutes"": 5, ""max_adverse_ticks"": 16}",delay_adverse_filter
mgc_1h_require_no_stop_zone_touch_before_entry_sm1p25_tm2p00_d15_sz0p50,MGC,1H,1min,regime_filtered_ema_mild_atr_20_80_compression_off_atr_target_1p0_ts3_vq0p95_bf0p5_ra1p2,1.25,2.0,15,require_no_stop_zone_touch_before_entry,"{""stop_zone_fraction"": 0.5}",delay_stop_zone_filter
mgc_1h_require_no_stop_zone_touch_before_entry_sm1p25_tm2p00_d15_sz0p75,MGC,1H,1min,regime_filtered_ema_mild_atr_20_80_compression_off_atr_target_1p0_ts3_vq0p95_bf0p5_ra1p2,1.25,2.0,15,require_no_stop_zone_touch_before_entry,"{""stop_zone_fraction"": 0.75}",delay_stop_zone_filter
mgc_1h_require_no_stop_zone_touch_before_entry_sm1p25_tm2p00_d15_sz1p00,MGC,1H,1min,regime_filtered_ema_mild_atr_20_80_compression_off_atr_target_1p0_ts3_vq0p95_bf0p5_ra1p2,1.25,2.0,15,require_no_stop_zone_touch_before_entry,"{""stop_zone_fraction"": 1.0}",delay_stop_zone_filter
mgc_1h_avoid_immediate_adverse_move_sm1p25_tm2p00_d15_aw5_mt8,MGC,1H,1min,regime_filtered_ema_mild_atr_20_80_compression_off_atr_target_1p0_ts3_vq0p95_bf0p5_ra1p2,1.25,2.0,15,avoid_immediate_adverse_move,"{""adverse_window_minutes"": 5, ""max_adverse_ticks"": 8}",delay_adverse_filter
mgc_1h_avoid_immediate_adverse_move_sm1p25_tm2p00_d15_aw5_mt12,MGC,1H,1min,regime_filtered_ema_mild_atr_20_80_compression_off_atr_target_1p0_ts3_vq0p95_bf0p5_ra1p2,1.25,2.0,15,avoid_immediate_adverse_move,"{""adverse_window_minutes"": 5, ""max_adverse_ticks"": 12}",delay_adverse_filter
mgc_1h_avoid_immediate_adverse_move_sm1p25_tm2p00_d15_aw5_mt16,MGC,1H,1min,regime_filtered_ema_mild_atr_20_80_compression_off_atr_target_1p0_ts3_vq0p95_bf0p5_ra1p2,1.25,2.0,15,avoid_immediate_adverse_move,"{""adverse_window_minutes"": 5, ""max_adverse_ticks"": 16}",delay_adverse_filter
mgc_1h_avoid_immediate_adverse_move_sm1p25_tm2p00_d15_aw10_mt8,MGC,1H,1min,regime_filtered_ema_mild_atr_20_80_compression_off_atr_target_1p0_ts3_vq0p95_bf0p5_ra1p2,1.25,2.0,15,avoid_immediate_adverse_move,"{""adverse_window_minutes"": 10, ""max_adverse_ticks"": 8}",delay_adverse_filter
mgc_1h_avoid_immediate_adverse_move_sm1p25_tm2p00_d15_aw10_mt12,MGC,1H,1min,regime_filtered_ema_mild_atr_20_80_compression_off_atr_target_1p0_ts3_vq0p95_bf0p5_ra1p2,1.25,2.0,15,avoid_immediate_adverse_move,"{""adverse_window_minutes"": 10, ""max_adverse_ticks"": 12}",delay_adverse_filter
mgc_1h_avoid_immediate_adverse_move_sm1p25_tm2p00_d15_aw10_mt16,MGC,1H,1min,regime_filtered_ema_mild_atr_20_80_compression_off_atr_target_1p0_ts3_vq0p95_bf0p5_ra1p2,1.25,2.0,15,avoid_immediate_adverse_move,"{""adverse_window_minutes"": 10, ""max_adverse_ticks"": 16}",delay_adverse_filter
mgc_1h_require_no_stop_zone_touch_before_entry_sm1p25_tm2p00_d30_sz0p50,MGC,1H,1min,regime_filtered_ema_mild_atr_20_80_compression_off_atr_target_1p0_ts3_vq0p95_bf0p5_ra1p2,1.25,2.0,30,require_no_stop_zone_touch_before_entry,"{""stop_zone_fraction"": 0.5}",delay_stop_zone_filter
mgc_1h_require_no_stop_zone_touch_before_entry_sm1p25_tm2p00_d30_sz0p75,MGC,1H,1min,regime_filtered_ema_mild_atr_20_80_compression_off_atr_target_1p0_ts3_vq0p95_bf0p5_ra1p2,1.25,2.0,30,require_no_stop_zone_touch_before_entry,"{""stop_zone_fraction"": 0.75}",delay_stop_zone_filter
mgc_1h_require_no_stop_zone_touch_before_entry_sm1p25_tm2p00_d30_sz1p00,MGC,1H,1min,regime_filtered_ema_mild_atr_20_80_compression_off_atr_target_1p0_ts3_vq0p95_bf0p5_ra1p2,1.25,2.0,30,require_no_stop_zone_touch_before_entry,"{""stop_zone_fraction"": 1.0}",delay_stop_zone_filter
mgc_1h_avoid_immediate_adverse_move_sm1p25_tm2p00_d30_aw5_mt8,MGC,1H,1min,regime_filtered_ema_mild_atr_20_80_compression_off_atr_target_1p0_ts3_vq0p95_bf0p5_ra1p2,1.25,2.0,30,avoid_immediate_adverse_move,"{""adverse_window_minutes"": 5, ""max_adverse_ticks"": 8}",delay_adverse_filter
mgc_1h_avoid_immediate_adverse_move_sm1p25_tm2p00_d30_aw5_mt12,MGC,1H,1min,regime_filtered_ema_mild_atr_20_80_compression_off_atr_target_1p0_ts3_vq0p95_bf0p5_ra1p2,1.25,2.0,30,avoid_immediate_adverse_move,"{""adverse_window_minutes"": 5, ""max_adverse_ticks"": 12}",delay_adverse_filter
mgc_1h_avoid_immediate_adverse_move_sm1p25_tm2p00_d30_aw5_mt16,MGC,1H,1min,regime_filtered_ema_mild_atr_20_80_compression_off_atr_target_1p0_ts3_vq0p95_bf0p5_ra1p2,1.25,2.0,30,avoid_immediate_adverse_move,"{""adverse_window_minutes"": 5, ""max_adverse_ticks"": 16}",delay_adverse_filter
mgc_1h_avoid_immediate_adverse_move_sm1p25_tm2p00_d30_aw10_mt8,MGC,1H,1min,regime_filtered_ema_mild_atr_20_80_compression_off_atr_target_1p0_ts3_vq0p95_bf0p5_ra1p2,1.25,2.0,30,avoid_immediate_adverse_move,"{""adverse_window_minutes"": 10, ""max_adverse_ticks"": 8}",delay_adverse_filter
mgc_1h_avoid_immediate_adverse_move_sm1p25_tm2p00_d30_aw10_mt12,MGC,1H,1min,regime_filtered_ema_mild_atr_20_80_compression_off_atr_target_1p0_ts3_vq0p95_bf0p5_ra1p2,1.25,2.0,30,avoid_immediate_adverse_move,"{""adverse_window_minutes"": 10, ""max_adverse_ticks"": 12}",delay_adverse_filter
mgc_1h_avoid_immediate_adverse_move_sm1p25_tm2p00_d30_aw10_mt16,MGC,1H,1min,regime_filtered_ema_mild_atr_20_80_compression_off_atr_target_1p0_ts3_vq0p95_bf0p5_ra1p2,1.25,2.0,30,avoid_immediate_adverse_move,"{""adverse_window_minutes"": 10, ""max_adverse_ticks"": 16}",delay_adverse_filter
mgc_1h_require_no_stop_zone_touch_before_entry_sm1p25_tm2p50_d5_sz0p50,MGC,1H,1min,regime_filtered_ema_mild_atr_20_80_compression_off_atr_target_1p0_ts3_vq0p95_bf0p5_ra1p2,1.25,2.5,5,require_no_stop_zone_touch_before_entry,"{""stop_zone_fraction"": 0.5}",delay_stop_zone_filter
mgc_1h_require_no_stop_zone_touch_before_entry_sm1p25_tm2p50_d5_sz0p75,MGC,1H,1min,regime_filtered_ema_mild_atr_20_80_compression_off_atr_target_1p0_ts3_vq0p95_bf0p5_ra1p2,1.25,2.5,5,require_no_stop_zone_touch_before_entry,"{""stop_zone_fraction"": 0.75}",delay_stop_zone_filter
mgc_1h_require_no_stop_zone_touch_before_entry_sm1p25_tm2p50_d5_sz1p00,MGC,1H,1min,regime_filtered_ema_mild_atr_20_80_compression_off_atr_target_1p0_ts3_vq0p95_bf0p5_ra1p2,1.25,2.5,5,require_no_stop_zone_touch_before_entry,"{""stop_zone_fraction"": 1.0}",delay_stop_zone_filter
mgc_1h_avoid_immediate_adverse_move_sm1p25_tm2p50_d5_aw5_mt8,MGC,1H,1min,regime_filtered_ema_mild_atr_20_80_compression_off_atr_target_1p0_ts3_vq0p95_bf0p5_ra1p2,1.25,2.5,5,avoid_immediate_adverse_move,"{""adverse_window_minutes"": 5, ""max_adverse_ticks"": 8}",delay_adverse_filter
mgc_1h_avoid_immediate_adverse_move_sm1p25_tm2p50_d5_aw5_mt12,MGC,1H,1min,regime_filtered_ema_mild_atr_20_80_compression_off_atr_target_1p0_ts3_vq0p95_bf0p5_ra1p2,1.25,2.5,5,avoid_immediate_adverse_move,"{""adverse_window_minutes"": 5, ""max_adverse_ticks"": 12}",delay_adverse_filter
mgc_1h_avoid_immediate_adverse_move_sm1p25_tm2p50_d5_aw5_mt16,MGC,1H,1min,regime_filtered_ema_mild_atr_20_80_compression_off_atr_target_1p0_ts3_vq0p95_bf0p5_ra1p2,1.25,2.5,5,avoid_immediate_adverse_move,"{""adverse_window_minutes"": 5, ""max_adverse_ticks"": 16}",delay_adverse_filter
mgc_1h_require_no_stop_zone_touch_before_entry_sm1p25_tm2p50_d15_sz0p50,MGC,1H,1min,regime_filtered_ema_mild_atr_20_80_compression_off_atr_target_1p0_ts3_vq0p95_bf0p5_ra1p2,1.25,2.5,15,require_no_stop_zone_touch_before_entry,"{""stop_zone_fraction"": 0.5}",delay_stop_zone_filter
mgc_1h_require_no_stop_zone_touch_before_entry_sm1p25_tm2p50_d15_sz0p75,MGC,1H,1min,regime_filtered_ema_mild_atr_20_80_compression_off_atr_target_1p0_ts3_vq0p95_bf0p5_ra1p2,1.25,2.5,15,require_no_stop_zone_touch_before_entry,"{""stop_zone_fraction"": 0.75}",delay_stop_zone_filter
mgc_1h_require_no_stop_zone_touch_before_entry_sm1p25_tm2p50_d15_sz1p00,MGC,1H,1min,regime_filtered_ema_mild_atr_20_80_compression_off_atr_target_1p0_ts3_vq0p95_bf0p5_ra1p2,1.25,2.5,15,require_no_stop_zone_touch_before_entry,"{""stop_zone_fraction"": 1.0}",delay_stop_zone_filter
mgc_1h_avoid_immediate_adverse_move_sm1p25_tm2p50_d15_aw5_mt8,MGC,1H,1min,regime_filtered_ema_mild_atr_20_80_compression_off_atr_target_1p0_ts3_vq0p95_bf0p5_ra1p2,1.25,2.5,15,avoid_immediate_adverse_move,"{""adverse_window_minutes"": 5, ""max_adverse_ticks"": 8}",delay_adverse_filter
mgc_1h_avoid_immediate_adverse_move_sm1p25_tm2p50_d15_aw5_mt12,MGC,1H,1min,regime_filtered_ema_mild_atr_20_80_compression_off_atr_target_1p0_ts3_vq0p95_bf0p5_ra1p2,1.25,2.5,15,avoid_immediate_adverse_move,"{""adverse_window_minutes"": 5, ""max_adverse_ticks"": 12}",delay_adverse_filter
mgc_1h_avoid_immediate_adverse_move_sm1p25_tm2p50_d15_aw5_mt16,MGC,1H,1min,regime_filtered_ema_mild_atr_20_80_compression_off_atr_target_1p0_ts3_vq0p95_bf0p5_ra1p2,1.25,2.5,15,avoid_immediate_adverse_move,"{""adverse_window_minutes"": 5, ""max_adverse_ticks"": 16}",delay_adverse_filter
mgc_1h_avoid_immediate_adverse_move_sm1p25_tm2p50_d15_aw10_mt8,MGC,1H,1min,regime_filtered_ema_mild_atr_20_80_compression_off_atr_target_1p0_ts3_vq0p95_bf0p5_ra1p2,1.25,2.5,15,avoid_immediate_adverse_move,"{""adverse_window_minutes"": 10, ""max_adverse_ticks"": 8}",delay_adverse_filter
mgc_1h_avoid_immediate_adverse_move_sm1p25_tm2p50_d15_aw10_mt12,MGC,1H,1min,regime_filtered_ema_mild_atr_20_80_compression_off_atr_target_1p0_ts3_vq0p95_bf0p5_ra1p2,1.25,2.5,15,avoid_immediate_adverse_move,"{""adverse_window_minutes"": 10, ""max_adverse_ticks"": 12}",delay_adverse_filter
mgc_1h_avoid_immediate_adverse_move_sm1p25_tm2p50_d15_aw10_mt16,MGC,1H,1min,regime_filtered_ema_mild_atr_20_80_compression_off_atr_target_1p0_ts3_vq0p95_bf0p5_ra1p2,1.25,2.5,15,avoid_immediate_adverse_move,"{""adverse_window_minutes"": 10, ""max_adverse_ticks"": 16}",delay_adverse_filter
mgc_1h_require_no_stop_zone_touch_before_entry_sm1p25_tm2p50_d30_sz0p50,MGC,1H,1min,regime_filtered_ema_mild_atr_20_80_compression_off_atr_target_1p0_ts3_vq0p95_bf0p5_ra1p2,1.25,2.5,30,require_no_stop_zone_touch_before_entry,"{""stop_zone_fraction"": 0.5}",delay_stop_zone_filter
mgc_1h_require_no_stop_zone_touch_before_entry_sm1p25_tm2p50_d30_sz0p75,MGC,1H,1min,regime_filtered_ema_mild_atr_20_80_compression_off_atr_target_1p0_ts3_vq0p95_bf0p5_ra1p2,1.25,2.5,30,require_no_stop_zone_touch_before_entry,"{""stop_zone_fraction"": 0.75}",delay_stop_zone_filter
mgc_1h_require_no_stop_zone_touch_before_entry_sm1p25_tm2p50_d30_sz1p00,MGC,1H,1min,regime_filtered_ema_mild_atr_20_80_compression_off_atr_target_1p0_ts3_vq0p95_bf0p5_ra1p2,1.25,2.5,30,require_no_stop_zone_touch_before_entry,"{""stop_zone_fraction"": 1.0}",delay_stop_zone_filter
mgc_1h_avoid_immediate_adverse_move_sm1p25_tm2p50_d30_aw5_mt8,MGC,1H,1min,regime_filtered_ema_mild_atr_20_80_compression_off_atr_target_1p0_ts3_vq0p95_bf0p5_ra1p2,1.25,2.5,30,avoid_immediate_adverse_move,"{""adverse_window_minutes"": 5, ""max_adverse_ticks"": 8}",delay_adverse_filter
mgc_1h_avoid_immediate_adverse_move_sm1p25_tm2p50_d30_aw5_mt12,MGC,1H,1min,regime_filtered_ema_mild_atr_20_80_compression_off_atr_target_1p0_ts3_vq0p95_bf0p5_ra1p2,1.25,2.5,30,avoid_immediate_adverse_move,"{""adverse_window_minutes"": 5, ""max_adverse_ticks"": 12}",delay_adverse_filter
mgc_1h_avoid_immediate_adverse_move_sm1p25_tm2p50_d30_aw5_mt16,MGC,1H,1min,regime_filtered_ema_mild_atr_20_80_compression_off_atr_target_1p0_ts3_vq0p95_bf0p5_ra1p2,1.25,2.5,30,avoid_immediate_adverse_move,"{""adverse_window_minutes"": 5, ""max_adverse_ticks"": 16}",delay_adverse_filter
mgc_1h_avoid_immediate_adverse_move_sm1p25_tm2p50_d30_aw10_mt8,MGC,1H,1min,regime_filtered_ema_mild_atr_20_80_compression_off_atr_target_1p0_ts3_vq0p95_bf0p5_ra1p2,1.25,2.5,30,avoid_immediate_adverse_move,"{""adverse_window_minutes"": 10, ""max_adverse_ticks"": 8}",delay_adverse_filter
mgc_1h_avoid_immediate_adverse_move_sm1p25_tm2p50_d30_aw10_mt12,MGC,1H,1min,regime_filtered_ema_mild_atr_20_80_compression_off_atr_target_1p0_ts3_vq0p95_bf0p5_ra1p2,1.25,2.5,30,avoid_immediate_adverse_move,"{""adverse_window_minutes"": 10, ""max_adverse_ticks"": 12}",delay_adverse_filter
mgc_1h_avoid_immediate_adverse_move_sm1p25_tm2p50_d30_aw10_mt16,MGC,1H,1min,regime_filtered_ema_mild_atr_20_80_compression_off_atr_target_1p0_ts3_vq0p95_bf0p5_ra1p2,1.25,2.5,30,avoid_immediate_adverse_move,"{""adverse_window_minutes"": 10, ""max_adverse_ticks"": 16}",delay_adverse_filter
mgc_1h_require_no_stop_zone_touch_before_entry_sm1p25_tm3p00_d5_sz0p50,MGC,1H,1min,regime_filtered_ema_mild_atr_20_80_compression_off_atr_target_1p0_ts3_vq0p95_bf0p5_ra1p2,1.25,3.0,5,require_no_stop_zone_touch_before_entry,"{""stop_zone_fraction"": 0.5}",delay_stop_zone_filter
mgc_1h_require_no_stop_zone_touch_before_entry_sm1p25_tm3p00_d5_sz0p75,MGC,1H,1min,regime_filtered_ema_mild_atr_20_80_compression_off_atr_target_1p0_ts3_vq0p95_bf0p5_ra1p2,1.25,3.0,5,require_no_stop_zone_touch_before_entry,"{""stop_zone_fraction"": 0.75}",delay_stop_zone_filter
mgc_1h_require_no_stop_zone_touch_before_entry_sm1p25_tm3p00_d5_sz1p00,MGC,1H,1min,regime_filtered_ema_mild_atr_20_80_compression_off_atr_target_1p0_ts3_vq0p95_bf0p5_ra1p2,1.25,3.0,5,require_no_stop_zone_touch_before_entry,"{""stop_zone_fraction"": 1.0}",delay_stop_zone_filter
mgc_1h_avoid_immediate_adverse_move_sm1p25_tm3p00_d5_aw5_mt8,MGC,1H,1min,regime_filtered_ema_mild_atr_20_80_compression_off_atr_target_1p0_ts3_vq0p95_bf0p5_ra1p2,1.25,3.0,5,avoid_immediate_adverse_move,"{""adverse_window_minutes"": 5, ""max_adverse_ticks"": 8}",delay_adverse_filter
mgc_1h_avoid_immediate_adverse_move_sm1p25_tm3p00_d5_aw5_mt12,MGC,1H,1min,regime_filtered_ema_mild_atr_20_80_compression_off_atr_target_1p0_ts3_vq0p95_bf0p5_ra1p2,1.25,3.0,5,avoid_immediate_adverse_move,"{""adverse_window_minutes"": 5, ""max_adverse_ticks"": 12}",delay_adverse_filter
mgc_1h_avoid_immediate_adverse_move_sm1p25_tm3p00_d5_aw5_mt16,MGC,1H,1min,regime_filtered_ema_mild_atr_20_80_compression_off_atr_target_1p0_ts3_vq0p95_bf0p5_ra1p2,1.25,3.0,5,avoid_immediate_adverse_move,"{""adverse_window_minutes"": 5, ""max_adverse_ticks"": 16}",delay_adverse_filter
mgc_1h_require_no_stop_zone_touch_before_entry_sm1p25_tm3p00_d15_sz0p50,MGC,1H,1min,regime_filtered_ema_mild_atr_20_80_compression_off_atr_target_1p0_ts3_vq0p95_bf0p5_ra1p2,1.25,3.0,15,require_no_stop_zone_touch_before_entry,"{""stop_zone_fraction"": 0.5}",delay_stop_zone_filter
mgc_1h_require_no_stop_zone_touch_before_entry_sm1p25_tm3p00_d15_sz0p75,MGC,1H,1min,regime_filtered_ema_mild_atr_20_80_compression_off_atr_target_1p0_ts3_vq0p95_bf0p5_ra1p2,1.25,3.0,15,require_no_stop_zone_touch_before_entry,"{""stop_zone_fraction"": 0.75}",delay_stop_zone_filter
mgc_1h_require_no_stop_zone_touch_before_entry_sm1p25_tm3p00_d15_sz1p00,MGC,1H,1min,regime_filtered_ema_mild_atr_20_80_compression_off_atr_target_1p0_ts3_vq0p95_bf0p5_ra1p2,1.25,3.0,15,require_no_stop_zone_touch_before_entry,"{""stop_zone_fraction"": 1.0}",delay_stop_zone_filter
mgc_1h_avoid_immediate_adverse_move_sm1p25_tm3p00_d15_aw5_mt8,MGC,1H,1min,regime_filtered_ema_mild_atr_20_80_compression_off_atr_target_1p0_ts3_vq0p95_bf0p5_ra1p2,1.25,3.0,15,avoid_immediate_adverse_move,"{""adverse_window_minutes"": 5, ""max_adverse_ticks"": 8}",delay_adverse_filter
mgc_1h_avoid_immediate_adverse_move_sm1p25_tm3p00_d15_aw5_mt12,MGC,1H,1min,regime_filtered_ema_mild_atr_20_80_compression_off_atr_target_1p0_ts3_vq0p95_bf0p5_ra1p2,1.25,3.0,15,avoid_immediate_adverse_move,"{""adverse_window_minutes"": 5, ""max_adverse_ticks"": 12}",delay_adverse_filter
mgc_1h_avoid_immediate_adverse_move_sm1p25_tm3p00_d15_aw5_mt16,MGC,1H,1min,regime_filtered_ema_mild_atr_20_80_compression_off_atr_target_1p0_ts3_vq0p95_bf0p5_ra1p2,1.25,3.0,15,avoid_immediate_adverse_move,"{""adverse_window_minutes"": 5, ""max_adverse_ticks"": 16}",delay_adverse_filter
mgc_1h_avoid_immediate_adverse_move_sm1p25_tm3p00_d15_aw10_mt8,MGC,1H,1min,regime_filtered_ema_mild_atr_20_80_compression_off_atr_target_1p0_ts3_vq0p95_bf0p5_ra1p2,1.25,3.0,15,avoid_immediate_adverse_move,"{""adverse_window_minutes"": 10, ""max_adverse_ticks"": 8}",delay_adverse_filter
mgc_1h_avoid_immediate_adverse_move_sm1p25_tm3p00_d15_aw10_mt12,MGC,1H,1min,regime_filtered_ema_mild_atr_20_80_compression_off_atr_target_1p0_ts3_vq0p95_bf0p5_ra1p2,1.25,3.0,15,avoid_immediate_adverse_move,"{""adverse_window_minutes"": 10, ""max_adverse_ticks"": 12}",delay_adverse_filter
mgc_1h_avoid_immediate_adverse_move_sm1p25_tm3p00_d15_aw10_mt16,MGC,1H,1min,regime_filtered_ema_mild_atr_20_80_compression_off_atr_target_1p0_ts3_vq0p95_bf0p5_ra1p2,1.25,3.0,15,avoid_immediate_adverse_move,"{""adverse_window_minutes"": 10, ""max_adverse_ticks"": 16}",delay_adverse_filter
mgc_1h_require_no_stop_zone_touch_before_entry_sm1p25_tm3p00_d30_sz0p50,MGC,1H,1min,regime_filtered_ema_mild_atr_20_80_compression_off_atr_target_1p0_ts3_vq0p95_bf0p5_ra1p2,1.25,3.0,30,require_no_stop_zone_touch_before_entry,"{""stop_zone_fraction"": 0.5}",delay_stop_zone_filter
mgc_1h_require_no_stop_zone_touch_before_entry_sm1p25_tm3p00_d30_sz0p75,MGC,1H,1min,regime_filtered_ema_mild_atr_20_80_compression_off_atr_target_1p0_ts3_vq0p95_bf0p5_ra1p2,1.25,3.0,30,require_no_stop_zone_touch_before_entry,"{""stop_zone_fraction"": 0.75}",delay_stop_zone_filter
mgc_1h_require_no_stop_zone_touch_before_entry_sm1p25_tm3p00_d30_sz1p00,MGC,1H,1min,regime_filtered_ema_mild_atr_20_80_compression_off_atr_target_1p0_ts3_vq0p95_bf0p5_ra1p2,1.25,3.0,30,require_no_stop_zone_touch_before_entry,"{""stop_zone_fraction"": 1.0}",delay_stop_zone_filter
mgc_1h_avoid_immediate_adverse_move_sm1p25_tm3p00_d30_aw5_mt8,MGC,1H,1min,regime_filtered_ema_mild_atr_20_80_compression_off_atr_target_1p0_ts3_vq0p95_bf0p5_ra1p2,1.25,3.0,30,avoid_immediate_adverse_move,"{""adverse_window_minutes"": 5, ""max_adverse_ticks"": 8}",delay_adverse_filter
mgc_1h_avoid_immediate_adverse_move_sm1p25_tm3p00_d30_aw5_mt12,MGC,1H,1min,regime_filtered_ema_mild_atr_20_80_compression_off_atr_target_1p0_ts3_vq0p95_bf0p5_ra1p2,1.25,3.0,30,avoid_immediate_adverse_move,"{""adverse_window_minutes"": 5, ""max_adverse_ticks"": 12}",delay_adverse_filter
mgc_1h_avoid_immediate_adverse_move_sm1p25_tm3p00_d30_aw5_mt16,MGC,1H,1min,regime_filtered_ema_mild_atr_20_80_compression_off_atr_target_1p0_ts3_vq0p95_bf0p5_ra1p2,1.25,3.0,30,avoid_immediate_adverse_move,"{""adverse_window_minutes"": 5, ""max_adverse_ticks"": 16}",delay_adverse_filter
mgc_1h_avoid_immediate_adverse_move_sm1p25_tm3p00_d30_aw10_mt8,MGC,1H,1min,regime_filtered_ema_mild_atr_20_80_compression_off_atr_target_1p0_ts3_vq0p95_bf0p5_ra1p2,1.25,3.0,30,avoid_immediate_adverse_move,"{""adverse_window_minutes"": 10, ""max_adverse_ticks"": 8}",delay_adverse_filter
mgc_1h_avoid_immediate_adverse_move_sm1p25_tm3p00_d30_aw10_mt12,MGC,1H,1min,regime_filtered_ema_mild_atr_20_80_compression_off_atr_target_1p0_ts3_vq0p95_bf0p5_ra1p2,1.25,3.0,30,avoid_immediate_adverse_move,"{""adverse_window_minutes"": 10, ""max_adverse_ticks"": 12}",delay_adverse_filter
mgc_1h_avoid_immediate_adverse_move_sm1p25_tm3p00_d30_aw10_mt16,MGC,1H,1min,regime_filtered_ema_mild_atr_20_80_compression_off_atr_target_1p0_ts3_vq0p95_bf0p5_ra1p2,1.25,3.0,30,avoid_immediate_adverse_move,"{""adverse_window_minutes"": 10, ""max_adverse_ticks"": 16}",delay_adverse_filter
