session_date,portfolio_pnl,portfolio_name,equity,selection_basis,diagnostic_post_oos_filter
2024-01-02,-2.9722222222223733,equal_weight_all_candidates,-2.9722222222223733,train_only_preselected,False
2024-01-03,-4.1458333333332575,equal_weight_all_candidates,-7.118055555555631,train_only_preselected,False
2024-01-05,-0.02777777777775251,equal_weight_all_candidates,-7.145833333333384,train_only_preselected,False
2024-01-09,-0.27083333333330806,equal_weight_all_candidates,-7.416666666666692,train_only_preselected,False
2024-01-11,-4.319444444444305,equal_weight_all_candidates,-11.736111111110997,train_only_preselected,False
2024-01-16,-8.277777777777777,equal_weight_all_candidates,-20.013888888888772,train_only_preselected,False
2024-01-17,9.166666666666666,equal_weight_all_candidates,-10.847222222222106,train_only_preselected,False
2024-01-23,-0.3055555555554671,equal_weight_all_candidates,-11.152777777777573,train_only_preselected,False
2024-01-24,3.472222222222222,equal_weight_all_candidates,-7.680555555555351,train_only_preselected,False
2024-01-29,2.305555555555606,equal_weight_all_candidates,-5.374999999999745,train_only_preselected,False
2024-01-31,-0.7083333333331944,equal_weight_all_candidates,-6.08333333333294,train_only_preselected,False
2024-02-06,-21.21527777777775,equal_weight_all_candidates,-27.298611111110688,train_only_preselected,False
2024-02-07,5.2361111111111995,equal_weight_all_candidates,-22.06249999999949,train_only_preselected,False
2024-02-09,-2.6666666666666665,equal_weight_all_candidates,-24.729166666666156,train_only_preselected,False
2024-02-12,-3.3541666666664898,equal_weight_all_candidates,-28.083333333332646,train_only_preselected,False
2024-02-13,-0.8333333333333333,equal_weight_all_candidates,-28.91666666666598,train_only_preselected,False
2024-02-16,13.833333333333353,equal_weight_all_candidates,-15.083333333332625,train_only_preselected,False
2024-02-20,-20.22222222222222,equal_weight_all_candidates,-35.30555555555485,train_only_preselected,False
2024-02-23,7.583333333333333,equal_weight_all_candidates,-27.722222222221514,train_only_preselected,False
2024-02-29,-0.777777777777702,equal_weight_all_candidates,-28.499999999999215,train_only_preselected,False
2024-03-01,-3.5402777777776966,equal_weight_all_candidates,-32.040277777776915,train_only_preselected,False
2024-03-05,-0.8888888888888383,equal_weight_all_candidates,-32.92916666666575,train_only_preselected,False
2024-03-06,24.833333333333332,equal_weight_all_candidates,-8.095833333332418,train_only_preselected,False
2024-03-08,14.8694444444445,equal_weight_all_candidates,6.773611111112082,train_only_preselected,False
2024-03-13,1.500000000000025,equal_weight_all_candidates,8.273611111112107,train_only_preselected,False
2024-03-18,6.361111111111111,equal_weight_all_candidates,14.634722222223218,train_only_preselected,False
2024-03-19,-1.6666666666665402,equal_weight_all_candidates,12.968055555556678,train_only_preselected,False
2024-03-20,-16.36805555555535,equal_weight_all_candidates,-3.3999999999986734,train_only_preselected,False
2024-03-21,-4.826388888888383,equal_weight_all_candidates,-8.226388888887056,train_only_preselected,False
2024-03-25,8.361111111111136,equal_weight_all_candidates,0.13472222222407915,train_only_preselected,False
2024-03-27,-3.361111111110808,equal_weight_all_candidates,-3.2263888888867287,train_only_preselected,False
2024-03-28,-1.2430555555555303,equal_weight_all_candidates,-4.469444444442259,train_only_preselected,False
2024-04-01,-1.9166666666666918,equal_weight_all_candidates,-6.386111111108951,train_only_preselected,False
2024-04-02,-4.854166666666666,equal_weight_all_candidates,-11.240277777775617,train_only_preselected,False
2024-04-03,-6.04166666666654,equal_weight_all_candidates,-17.281944444442157,train_only_preselected,False
2024-04-11,-0.7499999999999495,equal_weight_all_candidates,-18.031944444442107,train_only_preselected,False
2024-04-12,-4.819444444444444,equal_weight_all_candidates,-22.85138888888655,train_only_preselected,False
2024-04-15,-0.7499999999999495,equal_weight_all_candidates,-23.6013888888865,train_only_preselected,False
2024-04-18,10.963888888888984,equal_weight_all_candidates,-12.637499999997516,train_only_preselected,False
2024-04-19,-10.979166666666664,equal_weight_all_candidates,-23.61666666666418,train_only_preselected,False
2024-04-25,-17.5,equal_weight_all_candidates,-41.11666666666418,train_only_preselected,False
2024-04-29,3.8611111111111107,equal_weight_all_candidates,-37.25555555555307,train_only_preselected,False
2024-04-30,-0.9166666666666666,equal_weight_all_candidates,-38.17222222221974,train_only_preselected,False
2024-05-03,14.5000000000002,equal_weight_all_candidates,-23.67222222221954,train_only_preselected,False
2024-05-10,-0.5625,equal_weight_all_candidates,-24.23472222221954,train_only_preselected,False
2024-05-13,-0.1666666666663888,equal_weight_all_candidates,-24.401388888885926,train_only_preselected,False
2024-05-14,6.5,equal_weight_all_candidates,-17.901388888885926,train_only_preselected,False
2024-05-15,1.1944444444444948,equal_weight_all_candidates,-16.70694444444143,train_only_preselected,False
2024-05-22,-0.5833333333333081,equal_weight_all_candidates,-17.290277777774737,train_only_preselected,False
2024-05-23,-5.3125,equal_weight_all_candidates,-22.602777777774737,train_only_preselected,False
2024-05-28,-1.8055555555554292,equal_weight_all_candidates,-24.408333333330166,train_only_preselected,False
2024-05-29,-0.6666666666666666,equal_weight_all_candidates,-25.074999999996834,train_only_preselected,False
2024-05-30,-2.770833333333055,equal_weight_all_candidates,-27.84583333332989,train_only_preselected,False
2024-05-31,2.383333333333313,equal_weight_all_candidates,-25.462499999996577,train_only_preselected,False
2024-06-07,-1.4444444444443307,equal_weight_all_candidates,-26.906944444440906,train_only_preselected,False
2024-06-11,3.666666666666742,equal_weight_all_candidates,-23.240277777774164,train_only_preselected,False
2024-06-14,-5.375,equal_weight_all_candidates,-28.615277777774164,train_only_preselected,False
2024-06-24,-1.4444444444443938,equal_weight_all_candidates,-30.059722222218557,train_only_preselected,False
2024-06-27,0.8888888888888893,equal_weight_all_candidates,-29.170833333329668,train_only_preselected,False
2024-06-28,46.623611111111025,equal_weight_all_candidates,17.452777777781357,train_only_preselected,False
2024-07-02,-3.6388888888885855,equal_weight_all_candidates,13.813888888892771,train_only_preselected,False
2024-07-08,1.6944444444447981,equal_weight_all_candidates,15.50833333333757,train_only_preselected,False
2024-07-11,-5.520833333333459,equal_weight_all_candidates,9.987500000004111,train_only_preselected,False
2024-07-12,1.833333333333308,equal_weight_all_candidates,11.820833333337418,train_only_preselected,False
2024-07-16,-13.895833333333332,equal_weight_all_candidates,-2.0749999999959137,train_only_preselected,False
2024-07-17,-6.447222222222106,equal_weight_all_candidates,-8.52222222221802,train_only_preselected,False
2024-07-18,-4.854166666666666,equal_weight_all_candidates,-13.376388888884685,train_only_preselected,False
2024-07-24,1.908333333333682,equal_weight_all_candidates,-11.468055555551004,train_only_preselected,False
2024-07-25,14.229166666666716,equal_weight_all_candidates,2.761111111115712,train_only_preselected,False
2024-07-29,15.194444444444443,equal_weight_all_candidates,17.955555555560153,train_only_preselected,False
2024-07-30,3.6083333333333987,equal_weight_all_candidates,21.56388888889355,train_only_preselected,False
2024-08-08,5.469444444444459,equal_weight_all_candidates,27.03333333333801,train_only_preselected,False
2024-08-12,18.75277777777794,equal_weight_all_candidates,45.78611111111595,train_only_preselected,False
2024-08-16,-0.777777777777702,equal_weight_all_candidates,45.00833333333825,train_only_preselected,False
2024-08-21,2.2861111111112424,equal_weight_all_candidates,47.29444444444949,train_only_preselected,False
2024-08-23,1.083333333333409,equal_weight_all_candidates,48.377777777782896,train_only_preselected,False
2024-08-27,6.583333333333333,equal_weight_all_candidates,54.96111111111623,train_only_preselected,False
2024-09-03,-0.777777777777702,equal_weight_all_candidates,54.18333333333853,train_only_preselected,False
2024-09-10,-0.6111111111110605,equal_weight_all_candidates,53.572222222227474,train_only_preselected,False
2024-09-11,-1.9375,equal_weight_all_candidates,51.634722222227474,train_only_preselected,False
2024-09-18,-7.749999999999899,equal_weight_all_candidates,43.88472222222757,train_only_preselected,False
2024-09-20,2.194444444444596,equal_weight_all_candidates,46.07916666667217,train_only_preselected,False
2024-09-24,18.99861111111103,equal_weight_all_candidates,65.0777777777832,train_only_preselected,False
2024-09-25,15.49861111111123,equal_weight_all_candidates,80.57638888889443,train_only_preselected,False
2024-09-26,-1.3958333333329285,equal_weight_all_candidates,79.1805555555615,train_only_preselected,False
2024-10-01,-6.166666666666666,equal_weight_all_candidates,73.01388888889483,train_only_preselected,False
2024-10-04,1.2777777777778283,equal_weight_all_candidates,74.29166666667265,train_only_preselected,False
2024-10-09,4.277777777777778,equal_weight_all_candidates,78.56944444445043,train_only_preselected,False
2024-10-11,-1.5277777777776513,equal_weight_all_candidates,77.04166666667277,train_only_preselected,False
2024-10-15,-9.709722222222124,equal_weight_all_candidates,67.33194444445064,train_only_preselected,False
2024-10-16,0.3611111111111111,equal_weight_all_candidates,67.69305555556176,train_only_preselected,False
2024-10-17,10.159722222222221,equal_weight_all_candidates,77.85277777778398,train_only_preselected,False
2024-10-21,-5.770833333333106,equal_weight_all_candidates,72.08194444445088,train_only_preselected,False
2024-10-25,-0.2222222222220201,equal_weight_all_candidates,71.85972222222887,train_only_preselected,False
2024-10-28,-2.277777777777727,equal_weight_all_candidates,69.58194444445114,train_only_preselected,False
2024-10-29,0.055555555555631346,equal_weight_all_candidates,69.63750000000677,train_only_preselected,False
2024-10-30,9.833333333333332,equal_weight_all_candidates,79.4708333333401,train_only_preselected,False
2024-10-31,-0.39583333333333337,equal_weight_all_candidates,79.07500000000677,train_only_preselected,False
2024-11-06,-20.666666666666664,equal_weight_all_candidates,58.4083333333401,train_only_preselected,False
2024-11-08,-0.2222222222222222,equal_weight_all_candidates,58.18611111111788,train_only_preselected,False
2024-11-12,9.627777777777737,equal_weight_all_candidates,67.81388888889562,train_only_preselected,False
2024-11-13,-0.3611111111110353,equal_weight_all_candidates,67.45277777778459,train_only_preselected,False
2024-11-14,-4.777777777777853,equal_weight_all_candidates,62.67500000000673,train_only_preselected,False
2024-11-15,-1.0555555555554796,equal_weight_all_candidates,61.619444444451254,train_only_preselected,False
2024-11-19,-3.7777777777777777,equal_weight_all_candidates,57.841666666673476,train_only_preselected,False
2024-11-20,7.677777777777793,equal_weight_all_candidates,65.51944444445127,train_only_preselected,False
2024-11-21,1.644444444444364,equal_weight_all_candidates,67.16388888889563,train_only_preselected,False
2024-11-25,-10.36111111111154,equal_weight_all_candidates,56.80277777778409,train_only_preselected,False
2024-11-26,-0.8888888888888383,equal_weight_all_candidates,55.91388888889525,train_only_preselected,False
2024-11-27,-3.881944444444444,equal_weight_all_candidates,52.03194444445081,train_only_preselected,False
2024-11-29,-0.13888888888876255,equal_weight_all_candidates,51.89305555556204,train_only_preselected,False
2024-12-04,0.02777777777787883,equal_weight_all_candidates,51.92083333333992,train_only_preselected,False
2024-12-05,-1.8611111111109342,equal_weight_all_candidates,50.059722222228984,train_only_preselected,False
2024-12-10,1.2944444444445047,equal_weight_all_candidates,51.35416666667349,train_only_preselected,False
2024-12-11,-13.229166666666691,equal_weight_all_candidates,38.1250000000068,train_only_preselected,False
2024-12-12,-3.2222222222220953,equal_weight_all_candidates,34.902777777784706,train_only_preselected,False
2024-12-13,11.769444444444362,equal_weight_all_candidates,46.67222222222907,train_only_preselected,False
2024-12-18,-3.0555555555555554,equal_weight_all_candidates,43.61666666667351,train_only_preselected,False
2024-12-27,-19.944444444444443,equal_weight_all_candidates,23.672222222229067,train_only_preselected,False
2024-12-30,57.33333333333333,equal_weight_all_candidates,81.0055555555624,train_only_preselected,False
2024-12-31,-2.72222222222202,equal_weight_all_candidates,78.28333333334038,train_only_preselected,False
2025-01-02,4.233333333333399,equal_weight_all_candidates,82.51666666667379,train_only_preselected,False
2025-01-03,-10.31944444444409,equal_weight_all_candidates,72.1972222222297,train_only_preselected,False
2025-01-06,-4.555555555555202,equal_weight_all_candidates,67.6416666666745,train_only_preselected,False
2025-01-07,-6.6944444444443425,equal_weight_all_candidates,60.94722222223015,train_only_preselected,False
2025-01-08,1.4166666666675256,equal_weight_all_candidates,62.36388888889768,train_only_preselected,False
2025-01-10,-12.291666666666565,equal_weight_all_candidates,50.07222222223111,train_only_preselected,False
2025-01-14,-3.472222222222096,equal_weight_all_candidates,46.60000000000902,train_only_preselected,False
2025-01-15,22.861111111111285,equal_weight_all_candidates,69.4611111111203,train_only_preselected,False
2025-01-17,10.638888888888912,equal_weight_all_candidates,80.10000000000922,train_only_preselected,False
2025-01-23,-1.36111111111101,equal_weight_all_candidates,78.7388888888982,train_only_preselected,False
2025-01-24,-2.361111111111111,equal_weight_all_candidates,76.37777777778709,train_only_preselected,False
2025-01-27,24.830555555555545,equal_weight_all_candidates,101.20833333334264,train_only_preselected,False
2025-01-28,-4.333333333333333,equal_weight_all_candidates,96.87500000000931,train_only_preselected,False
2025-01-29,5.677777777777919,equal_weight_all_candidates,102.55277777778723,train_only_preselected,False
2025-01-30,1.4444444444445201,equal_weight_all_candidates,103.99722222223174,train_only_preselected,False
2025-02-06,-1.222222222222121,equal_weight_all_candidates,102.77500000000963,train_only_preselected,False
2025-02-11,-2.284722222222222,equal_weight_all_candidates,100.4902777777874,train_only_preselected,False
2025-02-12,0.6069444444446308,equal_weight_all_candidates,101.09722222223203,train_only_preselected,False
2025-02-24,17.506944444444443,equal_weight_all_candidates,118.60416666667648,train_only_preselected,False
2025-02-25,-13.61111111111111,equal_weight_all_candidates,104.99305555556536,train_only_preselected,False
2025-02-28,-4.3888888888887365,equal_weight_all_candidates,100.60416666667663,train_only_preselected,False
2025-03-03,-0.40972222222232324,equal_weight_all_candidates,100.1944444444543,train_only_preselected,False
2025-03-04,13.763888888889216,equal_weight_all_candidates,113.95833333334352,train_only_preselected,False
2025-03-06,4.944444444444494,equal_weight_all_candidates,118.90277777778802,train_only_preselected,False
2025-03-11,3.0833333333336865,equal_weight_all_candidates,121.9861111111217,train_only_preselected,False
2025-03-21,4.416666666666818,equal_weight_all_candidates,126.40277777778851,train_only_preselected,False
2025-03-24,-1.4444444444443938,equal_weight_all_candidates,124.95833333334411,train_only_preselected,False
2025-03-26,-19.104166666666515,equal_weight_all_candidates,105.8541666666776,train_only_preselected,False
2025-03-27,2.9944444444445,equal_weight_all_candidates,108.8486111111221,train_only_preselected,False
2025-04-01,4.597222222222272,equal_weight_all_candidates,113.44583333334437,train_only_preselected,False
2025-04-02,-2.2777777777777777,equal_weight_all_candidates,111.1680555555666,train_only_preselected,False
2025-04-03,6.355555555555585,equal_weight_all_candidates,117.52361111112218,train_only_preselected,False
2025-04-04,-23.819444444444404,equal_weight_all_candidates,93.70416666667778,train_only_preselected,False
2025-04-07,24.99444444444464,equal_weight_all_candidates,118.69861111112242,train_only_preselected,False
2025-04-14,2.7222222222222725,equal_weight_all_candidates,121.42083333334469,train_only_preselected,False
2025-04-15,-1.9444444444443811,equal_weight_all_candidates,119.4763888889003,train_only_preselected,False
2025-04-17,-0.5277777777777398,equal_weight_all_candidates,118.94861111112256,train_only_preselected,False
2025-04-22,3.6666666666667425,equal_weight_all_candidates,122.6152777777893,train_only_preselected,False
2025-04-23,8.350000000000048,equal_weight_all_candidates,130.96527777778934,train_only_preselected,False
2025-04-28,-0.24999999999996209,equal_weight_all_candidates,130.71527777778937,train_only_preselected,False
2025-04-30,-2.7222222222222094,equal_weight_all_candidates,127.99305555556715,train_only_preselected,False
2025-05-07,-15.944444444444443,equal_weight_all_candidates,112.04861111112271,train_only_preselected,False
2025-05-08,-7.263888888888787,equal_weight_all_candidates,104.78472222223392,train_only_preselected,False
2025-05-12,23.22222222222222,equal_weight_all_candidates,128.00694444445614,train_only_preselected,False
2025-05-14,-1.694444444444419,equal_weight_all_candidates,126.31250000001172,train_only_preselected,False
2025-05-15,-5.305555555555657,equal_weight_all_candidates,121.00694444445607,train_only_preselected,False
2025-05-16,4.3055555555556815,equal_weight_all_candidates,125.31250000001175,train_only_preselected,False
2025-05-21,0.5000000000000506,equal_weight_all_candidates,125.81250000001181,train_only_preselected,False
2025-05-22,-1.9444444444444444,equal_weight_all_candidates,123.86805555556737,train_only_preselected,False
2025-05-23,-16.15277777777778,equal_weight_all_candidates,107.7152777777896,train_only_preselected,False
2025-05-29,-37.013888888888864,equal_weight_all_candidates,70.70138888890074,train_only_preselected,False
2025-06-02,4.583333333333333,equal_weight_all_candidates,75.28472222223407,train_only_preselected,False
2025-06-05,4.747222222222263,equal_weight_all_candidates,80.03194444445633,train_only_preselected,False
2025-06-10,-1.0277777777777273,equal_weight_all_candidates,79.0041666666786,train_only_preselected,False
2025-06-13,-0.9444444444443434,equal_weight_all_candidates,78.05972222223426,train_only_preselected,False
2025-06-26,1.9458333333334896,equal_weight_all_candidates,80.00555555556775,train_only_preselected,False
2025-06-27,-6.416666666666136,equal_weight_all_candidates,73.58888888890162,train_only_preselected,False
2025-06-30,-0.19444444444441916,equal_weight_all_candidates,73.3944444444572,train_only_preselected,False
2025-07-01,-1.8333333333331816,equal_weight_all_candidates,71.56111111112402,train_only_preselected,False
2025-07-02,8.03888888888903,equal_weight_all_candidates,79.60000000001305,train_only_preselected,False
2025-07-07,-3.5,equal_weight_all_candidates,76.10000000001305,train_only_preselected,False
2025-07-09,-3.2777777777777777,equal_weight_all_candidates,72.82222222223528,train_only_preselected,False
2025-07-10,13.0,equal_weight_all_candidates,85.82222222223528,train_only_preselected,False
2025-07-14,-2.138888888888838,equal_weight_all_candidates,83.68333333334644,train_only_preselected,False
2025-07-16,-0.02777777777787893,equal_weight_all_candidates,83.65555555556855,train_only_preselected,False
2025-07-22,-7.749999999999999,equal_weight_all_candidates,75.90555555556855,train_only_preselected,False
2025-07-23,1.0694444444447477,equal_weight_all_candidates,76.9750000000133,train_only_preselected,False
2025-07-28,-0.9166666666666666,equal_weight_all_candidates,76.05833333334662,train_only_preselected,False
2025-07-30,7.805555555555555,equal_weight_all_candidates,83.86388888890218,train_only_preselected,False
2025-08-06,-3.1041666666664645,equal_weight_all_candidates,80.75972222223572,train_only_preselected,False
2025-08-07,-2.8541666666666665,equal_weight_all_candidates,77.90555555556905,train_only_preselected,False
2025-08-12,-3.34722222222202,equal_weight_all_candidates,74.55833333334704,train_only_preselected,False
2025-08-14,-2.8125,equal_weight_all_candidates,71.74583333334704,train_only_preselected,False
2025-08-15,-7.451388888888889,equal_weight_all_candidates,64.29444444445815,train_only_preselected,False
2025-08-19,-6.895833333333333,equal_weight_all_candidates,57.398611111124815,train_only_preselected,False
2025-08-20,-7.784722222222222,equal_weight_all_candidates,49.61388888890259,train_only_preselected,False
2025-08-22,-7.194444444444444,equal_weight_all_candidates,42.41944444445815,train_only_preselected,False
2025-08-27,-1.9791666666664138,equal_weight_all_candidates,40.440277777791735,train_only_preselected,False
2025-08-28,-1.3958333333332575,equal_weight_all_candidates,39.04444444445848,train_only_preselected,False
2025-08-29,-11.277777777777752,equal_weight_all_candidates,27.766666666680727,train_only_preselected,False
2025-09-03,3.0277777777780557,equal_weight_all_candidates,30.794444444458783,train_only_preselected,False
2025-09-04,-2.2777777777774744,equal_weight_all_candidates,28.51666666668131,train_only_preselected,False
2025-09-05,7.416666666666869,equal_weight_all_candidates,35.93333333334818,train_only_preselected,False
2025-09-11,0.7777777777777777,equal_weight_all_candidates,36.71111111112596,train_only_preselected,False
2025-09-22,1.8888888888889392,equal_weight_all_candidates,38.6000000000149,train_only_preselected,False
2025-09-23,-3.124999999999545,equal_weight_all_candidates,35.475000000015356,train_only_preselected,False
2025-09-24,2.7013888888888884,equal_weight_all_candidates,38.17638888890424,train_only_preselected,False
2025-09-25,9.249999999999975,equal_weight_all_candidates,47.426388888904214,train_only_preselected,False
2025-09-26,-3.8958333333332575,equal_weight_all_candidates,43.530555555570956,train_only_preselected,False
2025-10-01,-2.416666666666616,equal_weight_all_candidates,41.11388888890434,train_only_preselected,False
2025-10-02,-9.1875,equal_weight_all_candidates,31.92638888890434,train_only_preselected,False
2025-10-03,-4.124999999999848,equal_weight_all_candidates,27.801388888904494,train_only_preselected,False
2025-10-07,-14.715277777777526,equal_weight_all_candidates,13.086111111126968,train_only_preselected,False
2025-10-08,5.658333333333429,equal_weight_all_candidates,18.7444444444604,train_only_preselected,False
2025-10-10,0.1111111111111111,equal_weight_all_candidates,18.85555555557151,train_only_preselected,False
2025-10-14,7.5000000000000755,equal_weight_all_candidates,26.355555555571584,train_only_preselected,False
2025-10-17,-53.37499999999999,equal_weight_all_candidates,-27.01944444442841,train_only_preselected,False
2025-10-29,-11.451388888888761,equal_weight_all_candidates,-38.470833333317174,train_only_preselected,False
2025-10-30,-6.506944444444419,equal_weight_all_candidates,-44.977777777761595,train_only_preselected,False
2025-10-31,16.27777777777813,equal_weight_all_candidates,-28.699999999983465,train_only_preselected,False
2025-11-03,-2.5833333333332575,equal_weight_all_candidates,-31.283333333316723,train_only_preselected,False
2025-11-04,25.145833333333382,equal_weight_all_candidates,-6.137499999983341,train_only_preselected,False
2025-11-05,-3.2986111111111107,equal_weight_all_candidates,-9.436111111094451,train_only_preselected,False
2025-11-06,-16.479166666666664,equal_weight_all_candidates,-25.915277777761116,train_only_preselected,False
2025-11-07,-4.104166666666666,equal_weight_all_candidates,-30.019444444427783,train_only_preselected,False
2025-11-11,5.876388888887933,equal_weight_all_candidates,-24.14305555553985,train_only_preselected,False
2025-11-12,-1.1666666666666665,equal_weight_all_candidates,-25.309722222206517,train_only_preselected,False
2025-11-13,6.833333333333459,equal_weight_all_candidates,-18.476388888873057,train_only_preselected,False
2025-11-14,-6.270833333333282,equal_weight_all_candidates,-24.74722222220634,train_only_preselected,False
2025-11-20,-16.333333333333282,equal_weight_all_candidates,-41.08055555553962,train_only_preselected,False
2025-11-25,-6.979166666666414,equal_weight_all_candidates,-48.059722222206034,train_only_preselected,False
2025-11-28,0.8888888888890909,equal_weight_all_candidates,-47.17083333331694,train_only_preselected,False
2025-12-01,0.33333333333353543,equal_weight_all_candidates,-46.83749999998341,train_only_preselected,False
2025-12-02,-3.944444444444419,equal_weight_all_candidates,-50.78194444442783,train_only_preselected,False
2025-12-04,-23.590277777777903,equal_weight_all_candidates,-74.37222222220574,train_only_preselected,False
2025-12-08,-2.3333333333331057,equal_weight_all_candidates,-76.70555555553884,train_only_preselected,False
2025-12-10,2.6111111111112373,equal_weight_all_candidates,-74.0944444444276,train_only_preselected,False
2025-12-11,-1.9791666666665404,equal_weight_all_candidates,-76.07361111109414,train_only_preselected,False
2025-12-22,-1.305555555555505,equal_weight_all_candidates,-77.37916666664964,train_only_preselected,False
2025-12-29,-4.111111111111111,equal_weight_all_candidates,-81.49027777776075,train_only_preselected,False
2025-12-30,-1.104166666666515,equal_weight_all_candidates,-82.59444444442727,train_only_preselected,False
2026-01-02,-5.611111111111819,equal_weight_all_candidates,-88.20555555553909,train_only_preselected,False
2026-01-06,-1.9999999999999494,equal_weight_all_candidates,-90.20555555553904,train_only_preselected,False
2026-01-08,-2.527777777778131,equal_weight_all_candidates,-92.73333333331716,train_only_preselected,False
2026-01-09,-5.338888888888908,equal_weight_all_candidates,-98.07222222220607,train_only_preselected,False
2026-01-13,-8.736111111111818,equal_weight_all_candidates,-106.80833333331788,train_only_preselected,False
2026-01-14,19.9291666666658,equal_weight_all_candidates,-86.87916666665208,train_only_preselected,False
2026-01-16,-5.444444444444419,equal_weight_all_candidates,-92.3236111110965,train_only_preselected,False
2026-01-20,-4.076388888888687,equal_weight_all_candidates,-96.39999999998518,train_only_preselected,False
2026-01-21,-1.8611111111110605,equal_weight_all_candidates,-98.26111111109624,train_only_preselected,False
2026-01-22,26.611111111111107,equal_weight_all_candidates,-71.64999999998514,train_only_preselected,False
2026-01-30,4.763888888888914,equal_weight_all_candidates,-66.88611111109623,train_only_preselected,False
2026-02-03,-31.631944444444443,equal_weight_all_candidates,-98.51805555554067,train_only_preselected,False
2026-02-06,-3.3263888888888635,equal_weight_all_candidates,-101.84444444442953,train_only_preselected,False
2026-02-11,-1.8611111111110605,equal_weight_all_candidates,-103.70555555554058,train_only_preselected,False
2026-02-13,-1.8611111111110605,equal_weight_all_candidates,-105.56666666665164,train_only_preselected,False
2026-02-18,-1.868055555555404,equal_weight_all_candidates,-107.43472222220704,train_only_preselected,False
2026-02-24,-6.944444444444444,equal_weight_all_candidates,-114.37916666665149,train_only_preselected,False
2026-02-25,-3.00000000000005,equal_weight_all_candidates,-117.37916666665154,train_only_preselected,False
2026-02-26,-18.519444444444414,equal_weight_all_candidates,-135.89861111109596,train_only_preselected,False
2026-03-02,-7.222222222221843,equal_weight_all_candidates,-143.1208333333178,train_only_preselected,False
2026-03-03,164.24027777777698,equal_weight_all_candidates,21.11944444445919,train_only_preselected,False
2026-03-05,5.694444444444444,equal_weight_all_candidates,26.813888888903634,train_only_preselected,False
2026-03-06,26.611111111110404,equal_weight_all_candidates,53.42500000001404,train_only_preselected,False
2026-03-12,-18.77777777777778,equal_weight_all_candidates,34.64722222223626,train_only_preselected,False
2026-03-13,5.591666666666697,equal_weight_all_candidates,40.238888888902956,train_only_preselected,False
2024-01-02,-2.8387911499607883,inverse_vol_daily_pnl,-2.8387911499607883,train_only_preselected,False
2024-01-03,-5.235405072426335,inverse_vol_daily_pnl,-8.074196222387123,train_only_preselected,False
2024-01-05,-0.036424709413311385,inverse_vol_daily_pnl,-8.110620931800433,train_only_preselected,False
2024-01-09,-0.33131620707462456,inverse_vol_daily_pnl,-8.441937138875058,train_only_preselected,False
2024-01-11,-7.0893768033602615,inverse_vol_daily_pnl,-15.53131394223532,train_only_preselected,False
2024-01-16,-3.64420571280458,inverse_vol_daily_pnl,-19.1755196550399,train_only_preselected,False
2024-01-17,5.689603823145423,inverse_vol_daily_pnl,-13.485915831894477,train_only_preselected,False
2024-01-23,-0.37379264387899025,inverse_vol_daily_pnl,-13.859708475773468,train_only_preselected,False
2024-01-24,2.2707722426137855,inverse_vol_daily_pnl,-11.588936233159682,train_only_preselected,False
2024-01-29,3.0232508813076606,inverse_vol_daily_pnl,-8.565685351852022,train_only_preselected,False
2024-01-31,-0.9288300900401029,inverse_vol_daily_pnl,-9.494515441892124,train_only_preselected,False
2024-02-06,-11.512357359377997,inverse_vol_daily_pnl,-21.00687280127012,train_only_preselected,False
2024-02-07,3.0526727115495604,inverse_vol_daily_pnl,-17.95420008972056,train_only_preselected,False
2024-02-09,-1.7439530823273874,inverse_vol_daily_pnl,-19.698153172047945,train_only_preselected,False
2024-02-12,-4.237619593647429,inverse_vol_daily_pnl,-23.935772765695376,train_only_preselected,False
2024-02-13,-0.36686634692663556,inverse_vol_daily_pnl,-24.30263911262201,train_only_preselected,False
2024-02-16,2.1082255583469114,inverse_vol_daily_pnl,-22.194413554275098,train_only_preselected,False
2024-02-20,-8.902623352086358,inverse_vol_daily_pnl,-31.097036906361456,train_only_preselected,False
2024-02-23,4.959366577868508,inverse_vol_daily_pnl,-26.13767032849295,train_only_preselected,False
2024-02-29,-1.019891863573547,inverse_vol_daily_pnl,-27.157562192066496,train_only_preselected,False
2024-03-01,-0.5637020957680265,inverse_vol_daily_pnl,-27.721264287834522,train_only_preselected,False
2024-03-05,-1.1655907012269582,inverse_vol_daily_pnl,-28.88685498906148,train_only_preselected,False
2024-03-06,10.216513194546575,inverse_vol_daily_pnl,-18.670341794514904,train_only_preselected,False
2024-03-08,16.515978898023512,inverse_vol_daily_pnl,-2.154362896491392,train_only_preselected,False
2024-03-13,1.9669343083206368,inverse_vol_daily_pnl,-0.18742858817075536,train_only_preselected,False
2024-03-18,4.160054748468456,inverse_vol_daily_pnl,3.9726261602977004,train_only_preselected,False
2024-03-19,-2.1121757657068074,inverse_vol_daily_pnl,1.860450394590893,train_only_preselected,False
2024-03-20,-19.492153926551357,inverse_vol_daily_pnl,-17.631703531960465,train_only_preselected,False
2024-03-21,-4.809699975738115,inverse_vol_daily_pnl,-22.44140350769858,train_only_preselected,False
2024-03-25,7.366756041233384,inverse_vol_daily_pnl,-15.074647466465198,train_only_preselected,False
2024-03-27,-3.518051607484168,inverse_vol_daily_pnl,-18.592699073949365,train_only_preselected,False
2024-03-28,-1.5206564375990286,inverse_vol_daily_pnl,-20.113355511548395,train_only_preselected,False
2024-04-01,-2.5133049495208044,inverse_vol_daily_pnl,-22.6266604610692,train_only_preselected,False
2024-04-02,-4.0756332427422715,inverse_vol_daily_pnl,-26.70229370381147,train_only_preselected,False
2024-04-03,-7.630368881012352,inverse_vol_daily_pnl,-34.33266258482382,train_only_preselected,False
2024-04-11,-0.9834671541602356,inverse_vol_daily_pnl,-35.31612973898406,train_only_preselected,False
2024-04-12,-3.1518318727479344,inverse_vol_daily_pnl,-38.467961611731994,train_only_preselected,False
2024-04-15,-0.8539198707538403,inverse_vol_daily_pnl,-39.321881482485836,train_only_preselected,False
2024-04-18,12.55911785885914,inverse_vol_daily_pnl,-26.762763623626697,train_only_preselected,False
2024-04-19,-4.651195413621601,inverse_vol_daily_pnl,-31.413959037248297,train_only_preselected,False
2024-04-25,-7.704193285459348,inverse_vol_daily_pnl,-39.118152322707644,train_only_preselected,False
2024-04-29,2.5250987337865296,inverse_vol_daily_pnl,-36.593053588921116,train_only_preselected,False
2024-04-30,-0.5994838720500394,inverse_vol_daily_pnl,-37.19253746097115,train_only_preselected,False
2024-05-03,12.344413438765251,inverse_vol_daily_pnl,-24.8481240222059,train_only_preselected,False
2024-05-10,-0.34913478005665094,inverse_vol_daily_pnl,-25.197258802262553,train_only_preselected,False
2024-05-13,-0.1831555105690721,inverse_vol_daily_pnl,-25.380414312831626,train_only_preselected,False
2024-05-14,2.861557506027758,inverse_vol_daily_pnl,-22.518856806803868,train_only_preselected,False
2024-05-15,1.3599464608303393,inverse_vol_daily_pnl,-21.158910345973528,train_only_preselected,False
2024-05-22,-0.6245669341464515,inverse_vol_daily_pnl,-21.78347728011998,train_only_preselected,False
2024-05-23,-1.9728003607132882,inverse_vol_daily_pnl,-23.756277640833268,train_only_preselected,False
2024-05-28,-2.3676061118672274,inverse_vol_daily_pnl,-26.123883752700497,train_only_preselected,False
2024-05-29,-0.2934930775413085,inverse_vol_daily_pnl,-26.417376830241807,train_only_preselected,False
2024-05-30,-3.4995798556347557,inverse_vol_daily_pnl,-29.916956685876563,train_only_preselected,False
2024-05-31,3.1252400676649326,inverse_vol_daily_pnl,-26.79171661821163,train_only_preselected,False
2024-06-07,-1.8940848894937654,inverse_vol_daily_pnl,-28.685801507705396,train_only_preselected,False
2024-06-11,4.5148280439479205,inverse_vol_daily_pnl,-24.170973463757477,train_only_preselected,False
2024-06-14,-3.51515543156614,inverse_vol_daily_pnl,-27.686128895323616,train_only_preselected,False
2024-06-24,-1.8940848894938482,inverse_vol_daily_pnl,-29.580213784817463,train_only_preselected,False
2024-06-27,1.652586831284287,inverse_vol_daily_pnl,-27.927626953533178,train_only_preselected,False
2024-06-28,20.061543060254223,inverse_vol_daily_pnl,-7.8660838932789545,train_only_preselected,False
2024-07-02,-3.0677296220538066,inverse_vol_daily_pnl,-10.933813515332762,train_only_preselected,False
2024-07-08,1.4972868250530667,inverse_vol_daily_pnl,-9.436526690279695,train_only_preselected,False
2024-07-11,-4.7435610808420785,inverse_vol_daily_pnl,-14.180087771121773,train_only_preselected,False
2024-07-12,2.087359684065055,inverse_vol_daily_pnl,-12.092728087056718,train_only_preselected,False
2024-07-16,-5.906523894457452,inverse_vol_daily_pnl,-17.99925198151417,train_only_preselected,False
2024-07-17,1.7976600610513678,inverse_vol_daily_pnl,-16.201591920462803,train_only_preselected,False
2024-07-18,-3.1745395951740725,inverse_vol_daily_pnl,-19.376131515636875,train_only_preselected,False
2024-07-24,2.6245555351867194,inverse_vol_daily_pnl,-16.751575980450156,train_only_preselected,False
2024-07-25,7.358804981563456,inverse_vol_daily_pnl,-9.3927709988867,train_only_preselected,False
2024-07-29,9.4309493674562,inverse_vol_daily_pnl,0.03817836856950052,train_only_preselected,False
2024-07-30,4.731569752793538,inverse_vol_daily_pnl,4.769748121363039,train_only_preselected,False
2024-08-08,7.172025283487554,inverse_vol_daily_pnl,11.941773404850593,train_only_preselected,False
2024-08-12,11.639550124259115,inverse_vol_daily_pnl,23.58132352910971,train_only_preselected,False
2024-08-16,-1.019891863573547,inverse_vol_daily_pnl,22.561431665536162,train_only_preselected,False
2024-08-21,2.689131960533932,inverse_vol_daily_pnl,25.250563626070093,train_only_preselected,False
2024-08-23,-1.7814828249638417,inverse_vol_daily_pnl,23.46908080110625,train_only_preselected,False
2024-08-27,4.305384171995738,inverse_vol_daily_pnl,27.77446497310199,train_only_preselected,False
2024-09-03,-1.019891863573547,inverse_vol_daily_pnl,26.75457310952844,train_only_preselected,False
2024-09-10,-0.8013436070935129,inverse_vol_daily_pnl,25.953229502434926,train_only_preselected,False
2024-09-11,-1.2025753535284645,inverse_vol_daily_pnl,24.750654148906463,train_only_preselected,False
2024-09-18,-10.162493926322986,inverse_vol_daily_pnl,14.588160222583477,train_only_preselected,False
2024-09-20,3.98692568579487,inverse_vol_daily_pnl,18.575085908378348,train_only_preselected,False
2024-09-24,8.23098172812718,inverse_vol_daily_pnl,26.806067636505528,train_only_preselected,False
2024-09-25,3.4693643438635338,inverse_vol_daily_pnl,30.275431980369063,train_only_preselected,False
2024-09-26,5.685574364921671,inverse_vol_daily_pnl,35.961006345290734,train_only_preselected,False
2024-10-01,-2.7148109672571037,inverse_vol_daily_pnl,33.24619537803363,train_only_preselected,False
2024-10-04,-0.9376131346914054,inverse_vol_daily_pnl,32.30858224334223,train_only_preselected,False
2024-10-09,2.797591402900184,inverse_vol_daily_pnl,35.10617364624241,train_only_preselected,False
2024-10-11,-2.0033590177337826,inverse_vol_daily_pnl,33.102814628508625,train_only_preselected,False
2024-10-15,-0.6535421223646711,inverse_vol_daily_pnl,32.449272506143956,train_only_preselected,False
2024-10-16,0.22413590818451665,inverse_vol_daily_pnl,32.67340841432847,train_only_preselected,False
2024-10-17,4.966085735655392,inverse_vol_daily_pnl,37.63949414998386,train_only_preselected,False
2024-10-21,-7.286834874088623,inverse_vol_daily_pnl,30.35265927589524,train_only_preselected,False
2024-10-25,-0.28162343542733953,inverse_vol_daily_pnl,30.0710358404679,train_only_preselected,False
2024-10-28,-2.4827002389513693,inverse_vol_daily_pnl,27.58833560151653,train_only_preselected,False
2024-10-29,0.0728494188267884,inverse_vol_daily_pnl,27.661185020343318,train_only_preselected,False
2024-10-30,6.430826991082241,inverse_vol_daily_pnl,34.09201201142556,train_only_preselected,False
2024-10-31,0.22872621963612672,inverse_vol_daily_pnl,34.32073823106169,train_only_preselected,False
2024-11-06,-9.098285403780562,inverse_vol_daily_pnl,25.222452827281128,train_only_preselected,False
2024-11-08,-0.1453294235272823,inverse_vol_daily_pnl,25.077123403753845,train_only_preselected,False
2024-11-12,11.740806256202516,inverse_vol_daily_pnl,36.81792965995636,train_only_preselected,False
2024-11-13,-0.47352122237337924,inverse_vol_daily_pnl,36.344408437582985,train_only_preselected,False
2024-11-14,-6.171640873492981,inverse_vol_daily_pnl,30.17276756409,train_only_preselected,False
2024-11-15,-1.384138957706992,inverse_vol_daily_pnl,28.78862860638301,train_only_preselected,False
2024-11-19,-2.470600199963799,inverse_vol_daily_pnl,26.318028406419213,train_only_preselected,False
2024-11-20,5.571990316950418,inverse_vol_daily_pnl,31.890018723369632,train_only_preselected,False
2024-11-21,-3.4766244486611413,inverse_vol_daily_pnl,28.41339427470849,train_only_preselected,False
2024-11-25,-10.943781217700097,inverse_vol_daily_pnl,17.469613057008395,train_only_preselected,False
2024-11-26,-1.1655907012269582,inverse_vol_daily_pnl,16.304022355781438,train_only_preselected,False
2024-11-27,-2.5387233672422123,inverse_vol_daily_pnl,13.765298988539225,train_only_preselected,False
2024-11-29,-0.18212354706655692,inverse_vol_daily_pnl,13.583175441472669,train_only_preselected,False
2024-12-04,0.03642470941347702,inverse_vol_daily_pnl,13.619600150886146,train_only_preselected,False
2024-12-05,-2.3036161723856177,inverse_vol_daily_pnl,11.31598397850053,train_only_preselected,False
2024-12-10,3.4307616279923074,inverse_vol_daily_pnl,14.746745606492837,train_only_preselected,False
2024-12-11,-7.77177706323498,inverse_vol_daily_pnl,6.974968543257857,train_only_preselected,False
2024-12-12,-2.0159839837832565,inverse_vol_daily_pnl,4.958984559474601,train_only_preselected,False
2024-12-13,7.305106484444543,inverse_vol_daily_pnl,12.264091043919144,train_only_preselected,False
2024-12-18,-4.006718035467896,inverse_vol_daily_pnl,8.257373008451248,train_only_preselected,False
2024-12-27,-8.780334569777478,inverse_vol_daily_pnl,-0.5229615613262304,train_only_preselected,False
2024-12-30,23.46409841310253,inverse_vol_daily_pnl,22.9411368517763,train_only_preselected,False
2024-12-31,-3.5137160922555326,inverse_vol_daily_pnl,19.427420759520768,train_only_preselected,False
2025-01-02,5.551125714593789,inverse_vol_daily_pnl,24.97854647411456,train_only_preselected,False
2025-01-03,-11.53216816134095,inverse_vol_daily_pnl,13.446378312773609,train_only_preselected,False
2025-01-06,-5.405026978299434,inverse_vol_daily_pnl,8.041351334474175,train_only_preselected,False
2025-01-07,-3.4068804461105167,inverse_vol_daily_pnl,4.6344708883636585,train_only_preselected,False
2025-01-08,1.652305545272052,inverse_vol_daily_pnl,6.28677643363571,train_only_preselected,False
2025-01-10,-15.493296180827807,inverse_vol_daily_pnl,-9.206519747192097,train_only_preselected,False
2025-01-14,-4.462676957785669,inverse_vol_daily_pnl,-13.669196704977765,train_only_preselected,False
2025-01-15,21.307758884813737,inverse_vol_daily_pnl,7.638562179835972,train_only_preselected,False
2025-01-17,2.936409459645068,inverse_vol_daily_pnl,10.57497163948104,train_only_preselected,False
2025-01-23,-1.7848107612537485,inverse_vol_daily_pnl,8.790160878227292,train_only_preselected,False
2025-01-24,-4.289730168260007,inverse_vol_daily_pnl,4.500430709967285,train_only_preselected,False
2025-01-27,9.765690758720039,inverse_vol_daily_pnl,14.266121468687324,train_only_preselected,False
2025-01-28,-1.907705004018505,inverse_vol_daily_pnl,12.358416464668819,train_only_preselected,False
2025-01-29,7.445210604087803,inverse_vol_daily_pnl,19.803627068756622,train_only_preselected,False
2025-01-30,1.8940848894940139,inverse_vol_daily_pnl,21.697711958250636,train_only_preselected,False
2025-02-06,-1.6026872141870259,inverse_vol_daily_pnl,20.09502474406361,train_only_preselected,False
2025-02-11,-1.494168135639871,inverse_vol_daily_pnl,18.60085660842374,train_only_preselected,False
2025-02-12,3.212331234136824,inverse_vol_daily_pnl,21.813187842560563,train_only_preselected,False
2025-02-24,8.202724607975021,inverse_vol_daily_pnl,30.015912450535584,train_only_preselected,False
2025-02-25,-5.992150333135049,inverse_vol_daily_pnl,24.023762117400537,train_only_preselected,False
2025-02-28,-3.6911353940939913,inverse_vol_daily_pnl,20.332626723306547,train_only_preselected,False
2025-03-03,-0.5012219542925511,inverse_vol_daily_pnl,19.831404769013997,train_only_preselected,False
2025-03-04,6.6606619709051715,inverse_vol_daily_pnl,26.492066739919167,train_only_preselected,False
2025-03-06,6.266121438264067,inverse_vol_daily_pnl,32.75818817818323,train_only_preselected,False
2025-03-11,3.916367330854886,inverse_vol_daily_pnl,36.674555509038115,train_only_preselected,False
2025-03-21,3.674059284429247,inverse_vol_daily_pnl,40.34861479346736,train_only_preselected,False
2025-03-24,-1.8940848894938482,inverse_vol_daily_pnl,38.454529903973516,train_only_preselected,False
2025-03-26,-4.704835563663718,inverse_vol_daily_pnl,33.7496943403098,train_only_preselected,False
2025-03-27,3.926583674758611,inverse_vol_daily_pnl,37.67627801506841,train_only_preselected,False
2025-04-01,4.543293696268506,inverse_vol_daily_pnl,42.21957171133692,train_only_preselected,False
2025-04-02,-1.002768014932804,inverse_vol_daily_pnl,41.216803696404114,train_only_preselected,False
2025-04-03,8.333973513773264,inverse_vol_daily_pnl,49.55077721017738,train_only_preselected,False
2025-04-04,-18.11543345899888,inverse_vol_daily_pnl,31.4353437511785,train_only_preselected,False
2025-04-07,32.77495353012765,inverse_vol_daily_pnl,64.21029728130614,train_only_preselected,False
2025-04-14,3.5696215225078283,inverse_vol_daily_pnl,67.77991880381397,train_only_preselected,False
2025-04-15,-2.549729658934033,inverse_vol_daily_pnl,65.23018914487994,train_only_preselected,False
2025-04-17,-0.692069478853496,inverse_vol_daily_pnl,64.53811966602645,train_only_preselected,False
2025-04-22,4.485511726549274,inverse_vol_daily_pnl,69.02363139257572,train_only_preselected,False
2025-04-23,11.270523267930102,inverse_vol_daily_pnl,80.29415466050582,train_only_preselected,False
2025-04-28,-0.32782238472005093,inverse_vol_daily_pnl,79.96633227578577,train_only_preselected,False
2025-04-30,-3.5696215225077457,inverse_vol_daily_pnl,76.39671075327803,train_only_preselected,False
2025-05-07,-10.427386138082504,inverse_vol_daily_pnl,65.96932461519552,train_only_preselected,False
2025-05-08,-6.228583185870228,inverse_vol_daily_pnl,59.74074142932529,train_only_preselected,False
2025-05-12,10.223342201022245,inverse_vol_daily_pnl,69.96408363034753,train_only_preselected,False
2025-05-14,-2.221907274213982,inverse_vol_daily_pnl,67.74217635613356,train_only_preselected,False
2025-05-15,-6.848160955314993,inverse_vol_daily_pnl,60.89401540081856,train_only_preselected,False
2025-05-16,8.159474034298107,inverse_vol_daily_pnl,69.05348943511666,train_only_preselected,False
2025-05-21,0.7558307282016594,inverse_vol_daily_pnl,69.80932016331832,train_only_preselected,False
2025-05-22,-2.4754269294776834,inverse_vol_daily_pnl,67.33389323384064,train_only_preselected,False
2025-05-23,-7.016370371016954,inverse_vol_daily_pnl,60.31752286282369,train_only_preselected,False
2025-05-29,-16.507483373276667,inverse_vol_daily_pnl,43.81003948954702,train_only_preselected,False
2025-06-02,2.997419360250197,inverse_vol_daily_pnl,46.80745884979722,train_only_preselected,False
2025-06-05,5.5629757239132775,inverse_vol_daily_pnl,52.3704345737105,train_only_preselected,False
2025-06-10,-1.3477142482936806,inverse_vol_daily_pnl,51.02272032541681,train_only_preselected,False
2025-06-13,-1.1968996005671535,inverse_vol_daily_pnl,49.82582072484966,train_only_preselected,False
2025-06-26,2.2630886399712598,inverse_vol_daily_pnl,52.08890936482092,train_only_preselected,False
2025-06-27,-8.10377575831857,inverse_vol_daily_pnl,43.98513360650235,train_only_preselected,False
2025-06-30,-0.33170690872075137,inverse_vol_daily_pnl,43.6534266977816,train_only_preselected,False
2025-07-01,-2.404030821280539,inverse_vol_daily_pnl,41.24939587650106,train_only_preselected,False
2025-07-02,10.174776908753561,inverse_vol_daily_pnl,51.424172785254626,train_only_preselected,False
2025-07-07,-2.7454017073655517,inverse_vol_daily_pnl,48.678771077889074,train_only_preselected,False
2025-07-09,-1.500415098059514,inverse_vol_daily_pnl,47.17835597982956,train_only_preselected,False
2025-07-10,5.409287526801564,inverse_vol_daily_pnl,52.587643506631125,train_only_preselected,False
2025-07-14,-3.885990858306032,inverse_vol_daily_pnl,48.701652648325094,train_only_preselected,False
2025-07-16,-1.6978691497676568,inverse_vol_daily_pnl,47.00378349855744,train_only_preselected,False
2025-07-22,-0.8684494223109018,inverse_vol_daily_pnl,46.13533407624654,train_only_preselected,False
2025-07-23,1.9866944371528183,inverse_vol_daily_pnl,48.12202851339936,train_only_preselected,False
2025-07-28,-0.5689603823145423,inverse_vol_daily_pnl,47.553068131084814,train_only_preselected,False
2025-07-30,2.898598177048021,inverse_vol_daily_pnl,50.451666308132836,train_only_preselected,False
2025-08-06,-3.383448085022371,inverse_vol_daily_pnl,47.06821822311046,train_only_preselected,False
2025-08-07,-1.7715357358430066,inverse_vol_daily_pnl,45.296682487267454,train_only_preselected,False
2025-08-12,-3.6979652304488457,inverse_vol_daily_pnl,41.59871725681861,train_only_preselected,False
2025-08-14,-1.7456739002832546,inverse_vol_daily_pnl,39.85304335653535,train_only_preselected,False
2025-08-15,-4.654556794770057,inverse_vol_daily_pnl,35.19848656176529,train_only_preselected,False
2025-08-19,-4.280133785138943,inverse_vol_daily_pnl,30.91835277662635,train_only_preselected,False
2025-08-20,-5.329686417686164,inverse_vol_daily_pnl,25.588666358940188,train_only_preselected,False
2025-08-22,-2.954871834585389,inverse_vol_daily_pnl,22.633794524354798,train_only_preselected,False
2025-08-27,-2.2575134828437804,inverse_vol_daily_pnl,20.376281041511017,train_only_preselected,False
2025-08-28,-2.0542845814629462,inverse_vol_daily_pnl,18.32199646004807,train_only_preselected,False
2025-08-29,-5.8472962765046645,inverse_vol_daily_pnl,12.474700183543405,train_only_preselected,False
2025-09-03,4.061134069746497,inverse_vol_daily_pnl,16.535834253289902,train_only_preselected,False
2025-09-04,-1.9391607317597737,inverse_vol_daily_pnl,14.596673521530128,train_only_preselected,False
2025-09-05,9.441985573865136,inverse_vol_daily_pnl,24.038659095395264,train_only_preselected,False
2025-09-11,0.508652982345488,inverse_vol_daily_pnl,24.547312077740752,train_only_preselected,False
2025-09-22,2.393799201134627,inverse_vol_daily_pnl,26.94111127887538,train_only_preselected,False
2025-09-23,-0.9530236639629728,inverse_vol_daily_pnl,25.988087614912406,train_only_preselected,False
2025-09-24,1.2595825548019093,inverse_vol_daily_pnl,27.247670169714315,train_only_preselected,False
2025-09-25,7.295189836519194,inverse_vol_daily_pnl,34.54286000623351,train_only_preselected,False
2025-09-26,-3.1503379948028973,inverse_vol_daily_pnl,31.392522011430614,train_only_preselected,False
2025-10-01,-3.1689497189609064,inverse_vol_daily_pnl,28.223572292469708,train_only_preselected,False
2025-10-02,-3.6643770072184574,inverse_vol_daily_pnl,24.55919528525125,train_only_preselected,False
2025-10-03,-4.4961366007573975,inverse_vol_daily_pnl,20.063058684493853,train_only_preselected,False
2025-10-07,-12.713668320262936,inverse_vol_daily_pnl,7.349390364230917,train_only_preselected,False
2025-10-08,7.19001867033813,inverse_vol_daily_pnl,14.539409034569047,train_only_preselected,False
2025-10-10,0.07266471176364114,inverse_vol_daily_pnl,14.612073746332689,train_only_preselected,False
2025-10-14,5.30655573643943,inverse_vol_daily_pnl,19.91862948277212,train_only_preselected,False
2025-10-17,-22.806029545533306,inverse_vol_daily_pnl,-2.8874000627611878,train_only_preselected,False
2025-10-29,-9.788428209982914,inverse_vol_daily_pnl,-12.675828272744102,train_only_preselected,False
2025-10-30,-5.208841523376853,inverse_vol_daily_pnl,-17.884669796120953,train_only_preselected,False
2025-10-31,19.470007502967537,inverse_vol_daily_pnl,1.585337706846584,train_only_preselected,False
2025-11-03,-3.3874979754409402,inverse_vol_daily_pnl,-1.8021602685943563,train_only_preselected,False
2025-11-04,8.617265618874104,inverse_vol_daily_pnl,6.815105350279747,train_only_preselected,False
2025-11-05,-1.3933366364328168,inverse_vol_daily_pnl,5.42176871384693,train_only_preselected,False
2025-11-06,-9.964518782946827,inverse_vol_daily_pnl,-4.542750069099897,train_only_preselected,False
2025-11-07,-1.5240849845510502,inverse_vol_daily_pnl,-6.066835053650948,train_only_preselected,False
2025-11-11,7.107222299169246,inverse_vol_daily_pnl,1.040387245518298,train_only_preselected,False
2025-11-12,-0.4332424321566437,inverse_vol_daily_pnl,0.6071448133616544,train_only_preselected,False
2025-11-13,3.738538514566727,inverse_vol_daily_pnl,4.3456833279283815,train_only_preselected,False
2025-11-14,-7.918044043831143,inverse_vol_daily_pnl,-3.5723607159027617,train_only_preselected,False
2025-11-20,-8.690721933074304,inverse_vol_daily_pnl,-12.263082648977065,train_only_preselected,False
2025-11-25,-8.917798820046528,inverse_vol_daily_pnl,-21.180881469023593,train_only_preselected,False
2025-11-28,1.1264937417106387,inverse_vol_daily_pnl,-20.054387727312953,train_only_preselected,False
2025-12-01,0.4224351531416496,inverse_vol_daily_pnl,-19.631952574171304,train_only_preselected,False
2025-12-02,-3.3281970579790308,inverse_vol_daily_pnl,-22.960149632150333,train_only_preselected,False
2025-12-04,-14.725221881554305,inverse_vol_daily_pnl,-37.68537151370464,train_only_preselected,False
2025-12-08,-2.9472718321103093,inverse_vol_daily_pnl,-40.63264334581495,train_only_preselected,False
2025-12-10,-1.119115248418443,inverse_vol_daily_pnl,-41.751758594233394,train_only_preselected,False
2025-12-11,-2.3253703719372893,inverse_vol_daily_pnl,-44.07712896617068,train_only_preselected,False
2025-12-22,-1.7119613424271258,inverse_vol_daily_pnl,-45.78909030859781,train_only_preselected,False
2025-12-29,-2.6885943352547224,inverse_vol_daily_pnl,-48.47768464385253,train_only_preselected,False
2025-12-30,-1.3507506903811022,inverse_vol_daily_pnl,-49.82843533423363,train_only_preselected,False
2026-01-02,-7.143374853636501,inverse_vol_daily_pnl,-56.97181018787013,train_only_preselected,False
2026-01-06,-2.2771196553436703,inverse_vol_daily_pnl,-59.2489298432138,train_only_preselected,False
2026-01-08,-3.278558659450246,inverse_vol_daily_pnl,-62.52748850266405,train_only_preselected,False
2026-01-09,0.6934451667763755,inverse_vol_daily_pnl,-61.83404333588767,train_only_preselected,False
2026-01-13,-15.872001622563312,inverse_vol_daily_pnl,-77.70604495845099,train_only_preselected,False
2026-01-14,18.267289084239124,inverse_vol_daily_pnl,-59.438755874211864,train_only_preselected,False
2026-01-16,-7.004847246677035,inverse_vol_daily_pnl,-66.4436031208889,train_only_preselected,False
2026-01-20,-4.701345210719025,inverse_vol_daily_pnl,-71.14494833160792,train_only_preselected,False
2026-01-21,-2.02708668918953,inverse_vol_daily_pnl,-73.17203502079745,train_only_preselected,False
2026-01-22,11.148845005951724,inverse_vol_daily_pnl,-62.023190014845724,train_only_preselected,False
2026-01-30,6.246837664388616,inverse_vol_daily_pnl,-55.77635235045711,train_only_preselected,False
2026-02-03,-13.80938496512368,inverse_vol_daily_pnl,-69.58573731558079,train_only_preselected,False
2026-02-06,-4.489837529389926,inverse_vol_daily_pnl,-74.07557484497072,train_only_preselected,False
2026-02-11,-2.440455530694016,inverse_vol_daily_pnl,-76.51603037566473,train_only_preselected,False
2026-02-13,-2.440455530694016,inverse_vol_daily_pnl,-78.95648590635874,train_only_preselected,False
2026-02-18,-2.285232300078848,inverse_vol_daily_pnl,-81.24171820643758,train_only_preselected,False
2026-02-24,-3.0572195577219636,inverse_vol_daily_pnl,-84.29893776415955,train_only_preselected,False
2026-02-25,-3.9338686166412735,inverse_vol_daily_pnl,-88.23280638080082,train_only_preselected,False
2026-02-26,-6.911746976872865,inverse_vol_daily_pnl,-95.14455335767369,train_only_preselected,False
2026-03-02,-9.023274558639056,inverse_vol_daily_pnl,-104.16782791631275,train_only_preselected,False
2026-03-03,109.07103950773796,inverse_vol_daily_pnl,4.903211591425219,train_only_preselected,False
2026-03-05,6.966135635928652,inverse_vol_daily_pnl,11.86934722735387,train_only_preselected,False
2026-03-06,30.26373661481428,inverse_vol_daily_pnl,42.13308384216815,train_only_preselected,False
2026-03-12,-12.044472958281057,inverse_vol_daily_pnl,30.088610883887092,train_only_preselected,False
2026-03-13,7.33229400490629,inverse_vol_daily_pnl,37.42090488879338,train_only_preselected,False
2024-01-02,-2.8142857142858437,capped_equal_weight,-2.8142857142858437,train_only_preselected,False
2024-01-03,-4.1458333333332575,capped_equal_weight,-6.960119047619101,train_only_preselected,False
2024-01-05,-0.02777777777775251,capped_equal_weight,-6.987896825396854,train_only_preselected,False
2024-01-09,-0.27083333333330806,capped_equal_weight,-7.258730158730162,train_only_preselected,False
2024-01-11,-3.9166666666665417,capped_equal_weight,-11.175396825396703,train_only_preselected,False
2024-01-16,-9.933333333333334,capped_equal_weight,-21.108730158730037,train_only_preselected,False
2024-01-17,11.0,capped_equal_weight,-10.108730158730037,train_only_preselected,False
2024-01-23,-0.3055555555554671,capped_equal_weight,-10.414285714285503,train_only_preselected,False
2024-01-24,4.166666666666667,capped_equal_weight,-6.247619047618836,train_only_preselected,False
2024-01-29,2.305555555555606,capped_equal_weight,-3.9420634920632303,train_only_preselected,False
2024-01-31,-0.7083333333331944,capped_equal_weight,-4.650396825396425,train_only_preselected,False
2024-02-06,-25.147222222222197,capped_equal_weight,-29.79761904761862,train_only_preselected,False
2024-02-07,6.413888888888977,capped_equal_weight,-23.383730158729644,train_only_preselected,False
2024-02-09,-3.2,capped_equal_weight,-26.583730158729644,train_only_preselected,False
2024-02-12,-3.3541666666664898,capped_equal_weight,-29.937896825396134,train_only_preselected,False
2024-02-13,-1.0,capped_equal_weight,-30.937896825396134,train_only_preselected,False
2024-02-16,17.355555555555586,capped_equal_weight,-13.582341269840548,train_only_preselected,False
2024-02-20,-24.266666666666666,capped_equal_weight,-37.84900793650721,train_only_preselected,False
2024-02-23,9.1,capped_equal_weight,-28.749007936507212,train_only_preselected,False
2024-02-29,-0.777777777777702,capped_equal_weight,-29.526785714284912,train_only_preselected,False
2024-03-01,-4.3138888888888065,capped_equal_weight,-33.84067460317372,train_only_preselected,False
2024-03-05,-0.8888888888888383,capped_equal_weight,-34.72956349206255,train_only_preselected,False
2024-03-06,29.8,capped_equal_weight,-4.929563492062552,train_only_preselected,False
2024-03-08,14.8694444444445,capped_equal_weight,9.939880952381948,train_only_preselected,False
2024-03-13,1.500000000000025,capped_equal_weight,11.439880952381973,train_only_preselected,False
2024-03-18,7.633333333333333,capped_equal_weight,19.073214285715306,train_only_preselected,False
2024-03-19,-1.6666666666665402,capped_equal_weight,17.406547619048766,train_only_preselected,False
2024-03-20,-16.49107142857124,capped_equal_weight,0.915476190477527,train_only_preselected,False
2024-03-21,-4.441468253967791,capped_equal_weight,-3.525992063490264,train_only_preselected,False
2024-03-25,9.47539682539685,capped_equal_weight,5.949404761906585,train_only_preselected,False
2024-03-27,-3.466666666666363,capped_equal_weight,2.4827380952402223,train_only_preselected,False
2024-03-28,-1.2430555555555303,capped_equal_weight,1.239682539684692,train_only_preselected,False
2024-04-01,-1.9166666666666918,capped_equal_weight,-0.6769841269819998,train_only_preselected,False
2024-04-02,-5.512499999999999,capped_equal_weight,-6.189484126981999,train_only_preselected,False
2024-04-03,-6.04166666666654,capped_equal_weight,-12.231150793648538,train_only_preselected,False
2024-04-11,-0.7499999999999495,capped_equal_weight,-12.981150793648489,train_only_preselected,False
2024-04-12,-5.783333333333333,capped_equal_weight,-18.76448412698182,train_only_preselected,False
2024-04-15,-0.7499999999999495,capped_equal_weight,-19.51448412698177,train_only_preselected,False
2024-04-18,11.386111111111207,capped_equal_weight,-8.128373015870563,train_only_preselected,False
2024-04-19,-13.175,capped_equal_weight,-21.303373015870562,train_only_preselected,False
2024-04-25,-21.0,capped_equal_weight,-42.30337301587056,train_only_preselected,False
2024-04-29,4.633333333333333,capped_equal_weight,-37.67003968253723,train_only_preselected,False
2024-04-30,-1.1,capped_equal_weight,-38.77003968253723,train_only_preselected,False
2024-05-03,12.428571428571601,capped_equal_weight,-26.34146825396563,train_only_preselected,False
2024-05-10,-0.675,capped_equal_weight,-27.01646825396563,train_only_preselected,False
2024-05-13,-0.2261904761902344,capped_equal_weight,-27.242658730155863,train_only_preselected,False
2024-05-14,7.8,capped_equal_weight,-19.442658730155863,train_only_preselected,False
2024-05-15,1.1944444444444948,capped_equal_weight,-18.248214285711367,train_only_preselected,False
2024-05-22,-0.5317460317459992,capped_equal_weight,-18.779960317457366,train_only_preselected,False
2024-05-23,-6.375,capped_equal_weight,-25.154960317457366,train_only_preselected,False
2024-05-28,-1.8055555555554292,capped_equal_weight,-26.960515873012795,train_only_preselected,False
2024-05-29,-0.8,capped_equal_weight,-27.760515873012796,train_only_preselected,False
2024-05-30,-2.770833333333055,capped_equal_weight,-30.53134920634585,train_only_preselected,False
2024-05-31,2.383333333333313,capped_equal_weight,-28.14801587301254,train_only_preselected,False
2024-06-07,-1.4444444444443307,capped_equal_weight,-29.59246031745687,train_only_preselected,False
2024-06-11,3.666666666666742,capped_equal_weight,-25.925793650790126,train_only_preselected,False
2024-06-14,-6.45,capped_equal_weight,-32.37579365079013,train_only_preselected,False
2024-06-24,-1.4444444444443938,capped_equal_weight,-33.82023809523452,train_only_preselected,False
2024-06-27,1.0666666666666664,capped_equal_weight,-32.75357142856785,train_only_preselected,False
2024-06-28,55.94833333333324,capped_equal_weight,23.194761904765386,train_only_preselected,False
2024-07-02,-3.5619047619045023,capped_equal_weight,19.632857142860885,train_only_preselected,False
2024-07-08,1.4523809523812556,capped_equal_weight,21.08523809524214,train_only_preselected,False
2024-07-11,-6.020833333333459,capped_equal_weight,15.06440476190868,train_only_preselected,False
2024-07-12,1.833333333333308,capped_equal_weight,16.897738095241987,train_only_preselected,False
2024-07-16,-16.675,capped_equal_weight,0.2227380952419864,train_only_preselected,False
2024-07-17,-9.12777777777766,capped_equal_weight,-8.905039682535673,train_only_preselected,False
2024-07-18,-5.825,capped_equal_weight,-14.730039682535672,train_only_preselected,False
2024-07-24,1.908333333333682,capped_equal_weight,-12.82170634920199,train_only_preselected,False
2024-07-25,17.968055555555605,capped_equal_weight,5.146349206353614,train_only_preselected,False
2024-07-29,18.233333333333334,capped_equal_weight,23.379682539686947,train_only_preselected,False
2024-07-30,3.6083333333333987,capped_equal_weight,26.988015873020345,train_only_preselected,False
2024-08-08,5.469444444444459,capped_equal_weight,32.45746031746481,train_only_preselected,False
2024-08-12,22.503333333333526,capped_equal_weight,54.96079365079834,train_only_preselected,False
2024-08-16,-0.777777777777702,capped_equal_weight,54.183015873020636,train_only_preselected,False
2024-08-21,2.2861111111112424,capped_equal_weight,56.469126984131876,train_only_preselected,False
2024-08-23,2.011111111111188,capped_equal_weight,58.48023809524307,train_only_preselected,False
2024-08-27,7.8999999999999995,capped_equal_weight,66.38023809524307,train_only_preselected,False
2024-09-03,-0.777777777777702,capped_equal_weight,65.60246031746537,train_only_preselected,False
2024-09-10,-0.6111111111110605,capped_equal_weight,64.99134920635431,train_only_preselected,False
2024-09-11,-2.325,capped_equal_weight,62.66634920635431,train_only_preselected,False
2024-09-18,-7.749999999999899,capped_equal_weight,54.91634920635441,train_only_preselected,False
2024-09-20,1.8809523809525108,capped_equal_weight,56.79730158730692,train_only_preselected,False
2024-09-24,22.798333333333236,capped_equal_weight,79.59563492064015,train_only_preselected,False
2024-09-25,19.55250000000011,capped_equal_weight,99.14813492064026,train_only_preselected,False
2024-09-26,-4.5226190476187025,capped_equal_weight,94.62551587302156,train_only_preselected,False
2024-10-01,-7.3999999999999995,capped_equal_weight,87.22551587302155,train_only_preselected,False
2024-10-04,1.8777777777778284,capped_equal_weight,89.10329365079937,train_only_preselected,False
2024-10-09,5.133333333333333,capped_equal_weight,94.2366269841327,train_only_preselected,False
2024-10-11,-1.5277777777776513,capped_equal_weight,92.70884920635504,train_only_preselected,False
2024-10-15,-12.686111111111012,capped_equal_weight,80.02273809524402,train_only_preselected,False
2024-10-16,0.43333333333333335,capped_equal_weight,80.45607142857736,train_only_preselected,False
2024-10-17,12.191666666666666,capped_equal_weight,92.64773809524402,train_only_preselected,False
2024-10-21,-5.770833333333106,capped_equal_weight,86.87690476191092,train_only_preselected,False
2024-10-25,-0.2222222222220201,capped_equal_weight,86.6546825396889,train_only_preselected,False
2024-10-28,-2.277777777777727,capped_equal_weight,84.37690476191118,train_only_preselected,False
2024-10-29,0.055555555555631346,capped_equal_weight,84.4324603174668,train_only_preselected,False
2024-10-30,11.8,capped_equal_weight,96.2324603174668,train_only_preselected,False
2024-10-31,-0.6178571428571429,capped_equal_weight,95.61460317460966,train_only_preselected,False
2024-11-06,-24.8,capped_equal_weight,70.81460317460966,train_only_preselected,False
2024-11-08,-0.26666666666666666,capped_equal_weight,70.54793650794299,train_only_preselected,False
2024-11-12,9.627777777777737,capped_equal_weight,80.17571428572073,train_only_preselected,False
2024-11-13,-0.3611111111110353,capped_equal_weight,79.8146031746097,train_only_preselected,False
2024-11-14,-4.428571428571496,capped_equal_weight,75.3860317460382,train_only_preselected,False
2024-11-15,-1.0555555555554796,capped_equal_weight,74.33047619048271,train_only_preselected,False
2024-11-19,-4.533333333333333,capped_equal_weight,69.79714285714938,train_only_preselected,False
2024-11-20,8.577777777777792,capped_equal_weight,78.37492063492718,train_only_preselected,False
2024-11-21,1.9733333333332368,capped_equal_weight,80.34825396826042,train_only_preselected,False
2024-11-25,-9.607142857143213,capped_equal_weight,70.7411111111172,train_only_preselected,False
2024-11-26,-0.8888888888888383,capped_equal_weight,69.85222222222836,train_only_preselected,False
2024-11-27,-4.658333333333333,capped_equal_weight,65.19388888889503,train_only_preselected,False
2024-11-29,-0.13888888888876255,capped_equal_weight,65.05500000000627,train_only_preselected,False
2024-12-04,0.02777777777787883,capped_equal_weight,65.08277777778416,train_only_preselected,False
2024-12-05,-1.8611111111109342,capped_equal_weight,63.22166666667322,train_only_preselected,False
2024-12-10,0.719444444444505,capped_equal_weight,63.94111111111773,train_only_preselected,False
2024-12-11,-15.408333333333358,capped_equal_weight,48.53277777778437,train_only_preselected,False
2024-12-12,-3.894444444444318,capped_equal_weight,44.63833333334005,train_only_preselected,False
2024-12-13,14.123333333333235,capped_equal_weight,58.761666666673285,train_only_preselected,False
2024-12-18,-3.0555555555555554,capped_equal_weight,55.70611111111773,train_only_preselected,False
2024-12-27,-23.933333333333334,capped_equal_weight,31.772777777784395,train_only_preselected,False
2024-12-30,68.8,capped_equal_weight,100.5727777777844,train_only_preselected,False
2024-12-31,-2.33333333333316,capped_equal_weight,98.23944444445124,train_only_preselected,False
2025-01-02,4.233333333333399,capped_equal_weight,102.47277777778464,train_only_preselected,False
2025-01-03,-8.845238095237791,capped_equal_weight,93.62753968254685,train_only_preselected,False
2025-01-06,-3.9801587301584123,capped_equal_weight,89.64738095238845,train_only_preselected,False
2025-01-07,-7.927777777777676,capped_equal_weight,81.71960317461077,train_only_preselected,False
2025-01-08,1.2142857142864505,capped_equal_weight,82.93388888889721,train_only_preselected,False
2025-01-10,-9.164285714285604,capped_equal_weight,73.7696031746116,train_only_preselected,False
2025-01-14,-3.472222222222096,capped_equal_weight,70.2973809523895,train_only_preselected,False
2025-01-15,19.238095238095404,capped_equal_weight,89.5354761904849,train_only_preselected,False
2025-01-17,13.077777777777802,capped_equal_weight,102.6132539682627,train_only_preselected,False
2025-01-23,-1.36111111111101,capped_equal_weight,101.25214285715168,train_only_preselected,False
2025-01-24,-2.0238095238095237,capped_equal_weight,99.22833333334216,train_only_preselected,False
2025-01-27,30.520476190476128,capped_equal_weight,129.7488095238183,train_only_preselected,False
2025-01-28,-5.2,capped_equal_weight,124.54880952381829,train_only_preselected,False
2025-01-29,5.677777777777919,capped_equal_weight,130.22658730159623,train_only_preselected,False
2025-01-30,1.4444444444445201,capped_equal_weight,131.67103174604074,train_only_preselected,False
2025-02-06,-1.222222222222121,capped_equal_weight,130.44880952381862,train_only_preselected,False
2025-02-11,-2.7416666666666667,capped_equal_weight,127.70714285715196,train_only_preselected,False
2025-02-12,-0.07777777777759143,capped_equal_weight,127.62936507937437,train_only_preselected,False
2025-02-24,21.008333333333333,capped_equal_weight,148.6376984127077,train_only_preselected,False
2025-02-25,-16.333333333333332,capped_equal_weight,132.30436507937435,train_only_preselected,False
2025-02-28,-4.828571428571299,capped_equal_weight,127.47579365080306,train_only_preselected,False
2025-03-03,-0.40972222222232324,capped_equal_weight,127.06607142858073,train_only_preselected,False
2025-03-04,16.461904761905046,capped_equal_weight,143.5279761904858,train_only_preselected,False
2025-03-06,4.944444444444494,capped_equal_weight,148.47242063493027,train_only_preselected,False
2025-03-11,2.642857142857446,capped_equal_weight,151.11527777778772,train_only_preselected,False
2025-03-21,3.7857142857144153,capped_equal_weight,154.90099206350214,train_only_preselected,False
2025-03-24,-1.4444444444443938,capped_equal_weight,153.45654761905774,train_only_preselected,False
2025-03-26,-23.72499999999985,capped_equal_weight,129.7315476190579,train_only_preselected,False
2025-03-27,2.9944444444445,capped_equal_weight,132.7259920635024,train_only_preselected,False
2025-04-01,4.597222222222272,capped_equal_weight,137.32321428572467,train_only_preselected,False
2025-04-02,-2.7333333333333334,capped_equal_weight,134.58988095239135,train_only_preselected,False
2025-04-03,6.355555555555585,capped_equal_weight,140.94543650794694,train_only_preselected,False
2025-04-04,-27.81111111111107,capped_equal_weight,113.13432539683586,train_only_preselected,False
2025-04-07,24.99444444444464,capped_equal_weight,138.1287698412805,train_only_preselected,False
2025-04-14,2.7222222222222725,capped_equal_weight,140.8509920635028,train_only_preselected,False
2025-04-15,-1.9444444444443811,capped_equal_weight,138.90654761905841,train_only_preselected,False
2025-04-17,-0.5277777777777398,capped_equal_weight,138.37876984128067,train_only_preselected,False
2025-04-22,3.6666666666667425,capped_equal_weight,142.04543650794741,train_only_preselected,False
2025-04-23,8.350000000000048,capped_equal_weight,150.39543650794747,train_only_preselected,False
2025-04-28,-0.24999999999996209,capped_equal_weight,150.1454365079475,train_only_preselected,False
2025-04-30,-2.7222222222222094,capped_equal_weight,147.4232142857253,train_only_preselected,False
2025-05-07,-19.133333333333333,capped_equal_weight,128.28988095239197,train_only_preselected,False
2025-05-08,-6.226190476190389,capped_equal_weight,122.06369047620157,train_only_preselected,False
2025-05-12,27.866666666666667,capped_equal_weight,149.93035714286825,train_only_preselected,False
2025-05-14,-1.694444444444419,capped_equal_weight,148.23591269842382,train_only_preselected,False
2025-05-15,-4.547619047619134,capped_equal_weight,143.6882936508047,train_only_preselected,False
2025-05-16,3.5952380952381997,capped_equal_weight,147.28353174604288,train_only_preselected,False
2025-05-21,0.5000000000000506,capped_equal_weight,147.78353174604294,train_only_preselected,False
2025-05-22,-1.6666666666666665,capped_equal_weight,146.11686507937628,train_only_preselected,False
2025-05-23,-19.383333333333333,capped_equal_weight,126.73353174604296,train_only_preselected,False
2025-05-29,-44.2722222222222,capped_equal_weight,82.46130952382076,train_only_preselected,False
2025-06-02,5.5,capped_equal_weight,87.96130952382076,train_only_preselected,False
2025-06-05,4.747222222222263,capped_equal_weight,92.70853174604302,train_only_preselected,False
2025-06-10,-1.0277777777777273,capped_equal_weight,91.6807539682653,train_only_preselected,False
2025-06-13,-0.9444444444443434,capped_equal_weight,90.73630952382095,train_only_preselected,False
2025-06-26,1.9458333333334896,capped_equal_weight,92.68214285715445,train_only_preselected,False
2025-06-27,-6.416666666666136,capped_equal_weight,86.26547619048831,train_only_preselected,False
2025-06-30,-0.17222222222219694,capped_equal_weight,86.09325396826611,train_only_preselected,False
2025-07-01,-1.8333333333331816,capped_equal_weight,84.25992063493293,train_only_preselected,False
2025-07-02,8.03888888888903,capped_equal_weight,92.29880952382196,train_only_preselected,False
2025-07-07,-4.061111111111111,capped_equal_weight,88.23769841271084,train_only_preselected,False
2025-07-09,-3.9333333333333336,capped_equal_weight,84.3043650793775,train_only_preselected,False
2025-07-10,15.6,capped_equal_weight,99.9043650793775,train_only_preselected,False
2025-07-14,-1.83333333333329,capped_equal_weight,98.07103174604421,train_only_preselected,False
2025-07-16,-0.7301587301588235,capped_equal_weight,97.34087301588539,train_only_preselected,False
2025-07-22,-9.772222222222222,capped_equal_weight,87.56865079366317,train_only_preselected,False
2025-07-23,0.588095238095498,capped_equal_weight,88.15674603175867,train_only_preselected,False
2025-07-28,-1.1,capped_equal_weight,87.05674603175868,train_only_preselected,False
2025-07-30,9.366666666666667,capped_equal_weight,96.42341269842535,train_only_preselected,False
2025-08-06,-3.1041666666664645,capped_equal_weight,93.3192460317589,train_only_preselected,False
2025-08-07,-3.425,capped_equal_weight,89.8942460317589,train_only_preselected,False
2025-08-12,-3.34722222222202,capped_equal_weight,86.54702380953688,train_only_preselected,False
2025-08-14,-3.375,capped_equal_weight,83.17202380953688,train_only_preselected,False
2025-08-15,-8.941666666666666,capped_equal_weight,74.23035714287022,train_only_preselected,False
2025-08-19,-8.275,capped_equal_weight,65.95535714287021,train_only_preselected,False
2025-08-20,-8.848611111111111,capped_equal_weight,57.1067460317591,train_only_preselected,False
2025-08-22,-8.633333333333333,capped_equal_weight,48.47341269842577,train_only_preselected,False
2025-08-27,-1.9791666666664138,capped_equal_weight,46.49424603175935,train_only_preselected,False
2025-08-28,-1.151388888888813,capped_equal_weight,45.34285714287054,train_only_preselected,False
2025-08-29,-13.22916666666664,capped_equal_weight,32.1136904762039,train_only_preselected,False
2025-09-03,3.0277777777780557,capped_equal_weight,35.141468253981955,train_only_preselected,False
2025-09-04,-1.9523809523806923,capped_equal_weight,33.18908730160126,train_only_preselected,False
2025-09-05,6.35714285714303,capped_equal_weight,39.546230158744294,train_only_preselected,False
2025-09-11,0.9333333333333333,capped_equal_weight,40.479563492077624,train_only_preselected,False
2025-09-22,1.8888888888889392,capped_equal_weight,42.368452380966566,train_only_preselected,False
2025-09-23,-3.906944444444004,capped_equal_weight,38.461507936522565,train_only_preselected,False
2025-09-24,3.2416666666666667,capped_equal_weight,41.70317460318923,train_only_preselected,False
2025-09-25,10.649999999999975,capped_equal_weight,52.35317460318921,train_only_preselected,False
2025-09-26,-4.491666666666591,capped_equal_weight,47.86150793652262,train_only_preselected,False
2025-10-01,-2.416666666666616,capped_equal_weight,45.444841269856006,train_only_preselected,False
2025-10-02,-11.024999999999999,capped_equal_weight,34.41984126985601,train_only_preselected,False
2025-10-03,-4.124999999999848,capped_equal_weight,30.29484126985616,train_only_preselected,False
2025-10-07,-16.554166666666415,capped_equal_weight,13.740674603189746,train_only_preselected,False
2025-10-08,5.658333333333429,capped_equal_weight,19.399007936523176,train_only_preselected,False
2025-10-10,0.13333333333333333,capped_equal_weight,19.53234126985651,train_only_preselected,False
2025-10-14,8.877777777777853,capped_equal_weight,28.41011904763436,train_only_preselected,False
2025-10-17,-64.05,capped_equal_weight,-35.63988095236564,train_only_preselected,False
2025-10-29,-13.047222222222095,capped_equal_weight,-48.68710317458773,train_only_preselected,False
2025-10-30,-7.323611111111086,capped_equal_weight,-56.01071428569882,train_only_preselected,False
2025-10-31,13.952380952381255,capped_equal_weight,-42.05833333331756,train_only_preselected,False
2025-11-03,-2.5833333333332575,capped_equal_weight,-44.64166666665082,train_only_preselected,False
2025-11-04,30.797222222222274,capped_equal_weight,-13.844444444428547,train_only_preselected,False
2025-11-05,-3.958333333333333,capped_equal_weight,-17.80277777776188,train_only_preselected,False
2025-11-06,-19.775,capped_equal_weight,-37.57777777776188,train_only_preselected,False
2025-11-07,-4.925,capped_equal_weight,-42.50277777776188,train_only_preselected,False
2025-11-11,5.3605158730150615,capped_equal_weight,-37.14226190474682,train_only_preselected,False
2025-11-12,-1.4,capped_equal_weight,-38.542261904746816,train_only_preselected,False
2025-11-13,8.422222222222349,capped_equal_weight,-30.120039682524467,train_only_preselected,False
2025-11-14,-6.270833333333282,capped_equal_weight,-36.39087301585775,train_only_preselected,False
2025-11-20,-19.255555555555503,capped_equal_weight,-55.64642857141325,train_only_preselected,False
2025-11-25,-6.979166666666414,capped_equal_weight,-62.62559523807967,train_only_preselected,False
2025-11-28,0.8888888888890909,capped_equal_weight,-61.73670634919058,train_only_preselected,False
2025-12-01,0.33333333333353543,capped_equal_weight,-61.40337301585704,train_only_preselected,False
2025-12-02,-4.50555555555553,capped_equal_weight,-65.90892857141257,train_only_preselected,False
2025-12-04,-27.141666666666794,capped_equal_weight,-93.05059523807937,train_only_preselected,False
2025-12-08,-2.3333333333331057,capped_equal_weight,-95.38392857141247,train_only_preselected,False
2025-12-10,3.577777777777904,capped_equal_weight,-91.80615079363456,train_only_preselected,False
2025-12-11,-1.9791666666665404,capped_equal_weight,-93.7853174603011,train_only_preselected,False
2025-12-22,-1.305555555555505,capped_equal_weight,-95.0908730158566,train_only_preselected,False
2025-12-29,-4.933333333333334,capped_equal_weight,-100.02420634918994,train_only_preselected,False
2025-12-30,-1.104166666666515,capped_equal_weight,-101.12837301585645,train_only_preselected,False
2026-01-02,-4.809523809524416,capped_equal_weight,-105.93789682538088,train_only_preselected,False
2026-01-06,-1.9999999999999494,capped_equal_weight,-107.93789682538082,train_only_preselected,False
2026-01-08,-2.3928571428574386,capped_equal_weight,-110.33075396823826,train_only_preselected,False
2026-01-09,-7.105555555555576,capped_equal_weight,-117.43630952379382,train_only_preselected,False
2026-01-13,-7.488095238095844,capped_equal_weight,-124.92440476188966,train_only_preselected,False
2026-01-14,16.544444444443695,capped_equal_weight,-108.37996031744596,train_only_preselected,False
2026-01-16,-5.444444444444419,capped_equal_weight,-113.82440476189038,train_only_preselected,False
2026-01-20,-4.076388888888687,capped_equal_weight,-117.90079365077906,train_only_preselected,False
2026-01-21,-1.8611111111110605,capped_equal_weight,-119.76190476189012,train_only_preselected,False
2026-01-22,31.93333333333333,capped_equal_weight,-87.82857142855678,train_only_preselected,False
2026-01-30,4.763888888888914,capped_equal_weight,-83.06468253966787,train_only_preselected,False
2026-02-03,-37.95833333333333,capped_equal_weight,-121.0230158730012,train_only_preselected,False
2026-02-06,-3.3263888888888635,capped_equal_weight,-124.34940476189006,train_only_preselected,False
2026-02-11,-1.8611111111110605,capped_equal_weight,-126.21051587300111,train_only_preselected,False
2026-02-13,-1.8611111111110605,capped_equal_weight,-128.07162698411219,train_only_preselected,False
2026-02-18,-1.868055555555404,capped_equal_weight,-129.9396825396676,train_only_preselected,False
2026-02-24,-8.333333333333334,capped_equal_weight,-138.27301587300093,train_only_preselected,False
2026-02-25,-3.00000000000005,capped_equal_weight,-141.273015873001,train_only_preselected,False
2026-02-26,-22.508333333333304,capped_equal_weight,-163.78134920633428,train_only_preselected,False
2026-03-02,-7.222222222221843,capped_equal_weight,-171.0035714285561,train_only_preselected,False
2026-03-03,167.21690476190406,capped_equal_weight,-3.786666666652053,train_only_preselected,False
2026-03-05,5.694444444444444,capped_equal_weight,1.9077777777923908,train_only_preselected,False
2026-03-06,22.809523809523203,capped_equal_weight,24.717301587315593,train_only_preselected,False
2026-03-12,-22.53333333333333,capped_equal_weight,2.183968253982261,train_only_preselected,False
2026-03-13,5.591666666666697,capped_equal_weight,7.775634920648958,train_only_preselected,False
2024-01-02,-1.500000000000107,conservative_watchlist_book,-1.500000000000107,diagnostic_post_oos_filter,True
2024-01-17,9.705882352941176,conservative_watchlist_book,8.20588235294107,diagnostic_post_oos_filter,True
2024-03-08,6.744117647058776,conservative_watchlist_book,14.949999999999845,diagnostic_post_oos_filter,True
2024-03-20,-1.5441176470588236,conservative_watchlist_book,13.40588235294102,diagnostic_post_oos_filter,True
2024-03-21,-2.8529411764702672,conservative_watchlist_book,10.552941176470753,diagnostic_post_oos_filter,True
2024-04-02,-0.7720588235294118,conservative_watchlist_book,9.780882352941342,diagnostic_post_oos_filter,True
2024-04-15,-0.79411764705877,conservative_watchlist_book,8.986764705882573,diagnostic_post_oos_filter,True
2024-05-03,15.352941176470802,conservative_watchlist_book,24.339705882353375,diagnostic_post_oos_filter,True
2024-05-10,-0.5955882352941176,conservative_watchlist_book,23.74411764705926,diagnostic_post_oos_filter,True
2024-05-13,0.4411764705885028,conservative_watchlist_book,24.18529411764776,diagnostic_post_oos_filter,True
2024-05-15,1.2647058823529946,conservative_watchlist_book,25.450000000000756,diagnostic_post_oos_filter,True
2024-05-22,-0.3823529411765241,conservative_watchlist_book,25.06764705882423,diagnostic_post_oos_filter,True
2024-06-11,2.11764705882361,conservative_watchlist_book,27.185294117647842,diagnostic_post_oos_filter,True
2024-07-02,-2.485294117646738,conservative_watchlist_book,24.700000000001104,diagnostic_post_oos_filter,True
2024-07-08,1.794117647059198,conservative_watchlist_book,26.494117647060303,diagnostic_post_oos_filter,True
2024-07-12,1.9411764705882084,conservative_watchlist_book,28.43529411764851,diagnostic_post_oos_filter,True
2024-07-29,16.08823529411765,conservative_watchlist_book,44.52352941176616,diagnostic_post_oos_filter,True
2024-08-12,19.855882352941347,conservative_watchlist_book,64.37941176470751,diagnostic_post_oos_filter,True
2024-08-23,-3.8235294117647056,conservative_watchlist_book,60.55588235294281,diagnostic_post_oos_filter,True
2024-09-11,-2.051470588235294,conservative_watchlist_book,58.50441176470751,diagnostic_post_oos_filter,True
2024-09-24,-2.911764705882353,conservative_watchlist_book,55.59264705882516,diagnostic_post_oos_filter,True
2024-09-25,-2.0735294117646257,conservative_watchlist_book,53.51911764706053,diagnostic_post_oos_filter,True
2024-09-26,6.705882352941497,conservative_watchlist_book,60.22500000000203,diagnostic_post_oos_filter,True
2024-10-15,-6.0661764705882355,conservative_watchlist_book,54.158823529413795,diagnostic_post_oos_filter,True
2024-10-16,0.38235294117647056,conservative_watchlist_book,54.541176470590266,diagnostic_post_oos_filter,True
2024-10-31,0.4411764705882353,conservative_watchlist_book,54.9823529411785,diagnostic_post_oos_filter,True
2024-11-12,5.09705882352939,conservative_watchlist_book,60.079411764707885,diagnostic_post_oos_filter,True
2024-11-14,-2.5882352941177005,conservative_watchlist_book,57.49117647059018,diagnostic_post_oos_filter,True
2024-11-20,0.23529411764705882,conservative_watchlist_book,57.72647058823724,diagnostic_post_oos_filter,True
2024-11-25,-5.588235294118181,conservative_watchlist_book,52.138235294119056,diagnostic_post_oos_filter,True
2024-12-13,12.461764705882267,conservative_watchlist_book,64.60000000000133,diagnostic_post_oos_filter,True
2024-12-31,-1.4411764705881283,conservative_watchlist_book,63.158823529413205,diagnostic_post_oos_filter,True
2025-01-03,-8.911764705882138,conservative_watchlist_book,54.24705882353106,diagnostic_post_oos_filter,True
2025-01-06,-4.264705882352674,conservative_watchlist_book,49.98235294117839,diagnostic_post_oos_filter,True
2025-01-08,1.1176470588241179,conservative_watchlist_book,51.10000000000251,diagnostic_post_oos_filter,True
2025-01-10,-13.029411764705937,conservative_watchlist_book,38.07058823529657,diagnostic_post_oos_filter,True
2025-01-15,26.852941176470644,conservative_watchlist_book,64.92352941176722,diagnostic_post_oos_filter,True
2025-01-27,-2.235294117646898,conservative_watchlist_book,62.68823529412032,diagnostic_post_oos_filter,True
2025-02-12,-7.301470588235294,conservative_watchlist_book,55.38676470588502,diagnostic_post_oos_filter,True
2025-03-04,0.5294117647062033,conservative_watchlist_book,55.916176470591225,diagnostic_post_oos_filter,True
2025-03-11,1.7647058823532087,conservative_watchlist_book,57.68088235294444,diagnostic_post_oos_filter,True
2025-03-21,4.676470588235454,conservative_watchlist_book,62.35735294117989,diagnostic_post_oos_filter,True
2025-04-01,9.102941176470601,conservative_watchlist_book,71.46029411765049,diagnostic_post_oos_filter,True
2025-04-23,8.841176470588286,conservative_watchlist_book,80.30147058823877,diagnostic_post_oos_filter,True
2025-05-08,-7.691176470588128,conservative_watchlist_book,72.61029411765064,diagnostic_post_oos_filter,True
2025-05-15,-2.8088235294118182,conservative_watchlist_book,69.80147058823881,diagnostic_post_oos_filter,True
2025-05-22,-2.0588235294117645,conservative_watchlist_book,67.74264705882705,diagnostic_post_oos_filter,True
2025-06-30,0.11764705882352941,conservative_watchlist_book,67.86029411765058,diagnostic_post_oos_filter,True
2025-07-16,1.7573529411764444,conservative_watchlist_book,69.61764705882703,diagnostic_post_oos_filter,True
2025-07-23,1.1323529411767916,conservative_watchlist_book,70.75000000000382,diagnostic_post_oos_filter,True
2025-07-28,-0.9705882352941176,conservative_watchlist_book,69.7794117647097,diagnostic_post_oos_filter,True
2025-08-07,-3.0220588235294117,conservative_watchlist_book,66.7573529411803,diagnostic_post_oos_filter,True
2025-08-12,-1.0808823529410962,conservative_watchlist_book,65.6764705882392,diagnostic_post_oos_filter,True
2025-08-14,-2.9779411764705883,conservative_watchlist_book,62.69852941176861,diagnostic_post_oos_filter,True
2025-08-15,-6.948529411764706,conservative_watchlist_book,55.75000000000391,diagnostic_post_oos_filter,True
2025-08-19,-7.301470588235294,conservative_watchlist_book,48.44852941176861,diagnostic_post_oos_filter,True
2025-08-20,-0.28676470588232617,conservative_watchlist_book,48.161764705886284,diagnostic_post_oos_filter,True
2025-08-27,-0.41176470588224595,conservative_watchlist_book,47.750000000004036,diagnostic_post_oos_filter,True
2025-09-03,2.5000000000001337,conservative_watchlist_book,50.25000000000417,diagnostic_post_oos_filter,True
2025-09-04,-2.4117647058820317,conservative_watchlist_book,47.83823529412214,diagnostic_post_oos_filter,True
2025-09-05,7.852941176470802,conservative_watchlist_book,55.69117647059294,diagnostic_post_oos_filter,True
2025-09-23,-2.2279411764705883,conservative_watchlist_book,53.463235294122356,diagnostic_post_oos_filter,True
2025-09-25,7.411764705882353,conservative_watchlist_book,60.87500000000471,diagnostic_post_oos_filter,True
2025-10-30,0.4117647058823797,conservative_watchlist_book,61.28676470588709,diagnostic_post_oos_filter,True
2025-10-31,17.235294117647435,conservative_watchlist_book,78.52205882353452,diagnostic_post_oos_filter,True
2025-11-11,3.823529411763636,conservative_watchlist_book,82.34558823529815,diagnostic_post_oos_filter,True
2025-11-25,-1.2794117647058556,conservative_watchlist_book,81.0661764705923,diagnostic_post_oos_filter,True
2025-12-11,-1.6544117647058822,conservative_watchlist_book,79.41176470588641,diagnostic_post_oos_filter,True
2026-01-02,-5.941176470588984,conservative_watchlist_book,73.47058823529743,diagnostic_post_oos_filter,True
2026-01-06,-2.1176470588234757,conservative_watchlist_book,71.35294117647395,diagnostic_post_oos_filter,True
2026-01-08,-1.0000000000004279,conservative_watchlist_book,70.35294117647352,diagnostic_post_oos_filter,True
2026-01-14,21.470588235293263,conservative_watchlist_book,91.82352941176678,diagnostic_post_oos_filter,True
2026-02-06,-3.522058823529385,conservative_watchlist_book,88.3014705882374,diagnostic_post_oos_filter,True
2026-03-02,-0.7058823529410695,conservative_watchlist_book,87.59558823529632,diagnostic_post_oos_filter,True
2026-03-03,97.76470588235229,conservative_watchlist_book,185.3602941176486,diagnostic_post_oos_filter,True
2026-03-06,28.176470588234544,conservative_watchlist_book,213.53676470588314,diagnostic_post_oos_filter,True
2026-03-12,-7.5,conservative_watchlist_book,206.03676470588314,diagnostic_post_oos_filter,True
2022-01-03,-1.6666666666665648,walkforward_equal_weight_all,-1.6666666666665648,walkforward_train_only,False
2022-01-06,-9.222222222222172,walkforward_equal_weight_all,-10.888888888888737,walkforward_train_only,False
2022-01-07,15.483333333333524,walkforward_equal_weight_all,4.594444444444788,walkforward_train_only,False
2022-01-11,-7.874999999999848,walkforward_equal_weight_all,-3.2805555555550603,walkforward_train_only,False
2022-01-12,7.416666666666869,walkforward_equal_weight_all,4.136111111111808,walkforward_train_only,False
2022-01-14,9.166666666666767,walkforward_equal_weight_all,13.302777777778577,walkforward_train_only,False
2022-01-18,-1.0833333333332322,walkforward_equal_weight_all,12.219444444445344,walkforward_train_only,False
2022-01-21,12.055555555555731,walkforward_equal_weight_all,24.275000000001075,walkforward_train_only,False
2022-01-26,6.722222222222221,walkforward_equal_weight_all,30.997222222223296,walkforward_train_only,False
2022-02-02,-2.9583333333332322,walkforward_equal_weight_all,28.038888888890064,walkforward_train_only,False
2022-02-03,-11.236111111110933,walkforward_equal_weight_all,16.80277777777913,walkforward_train_only,False
2022-02-15,-2.8888888888887876,walkforward_equal_weight_all,13.913888888890343,walkforward_train_only,False
2022-02-17,-9.0,walkforward_equal_weight_all,4.913888888890343,walkforward_train_only,False
2022-02-18,22.166666666666664,walkforward_equal_weight_all,27.080555555557005,walkforward_train_only,False
2022-02-24,-6.722222222222221,walkforward_equal_weight_all,20.358333333334784,walkforward_train_only,False
2022-02-28,-14.555555555555555,walkforward_equal_weight_all,5.802777777779228,walkforward_train_only,False
2022-03-02,-5.763888888888762,walkforward_equal_weight_all,0.038888888890466156,walkforward_train_only,False
2022-03-08,-34.19444444444439,walkforward_equal_weight_all,-34.155555555553924,walkforward_train_only,False
2022-03-10,-3.2083333333332575,walkforward_equal_weight_all,-37.36388888888718,walkforward_train_only,False
2022-03-21,32.77777777777788,walkforward_equal_weight_all,-4.586111111109304,walkforward_train_only,False
2022-03-22,-15.72222222222217,walkforward_equal_weight_all,-20.308333333331476,walkforward_train_only,False
2022-03-24,-13.33333333333323,walkforward_equal_weight_all,-33.641666666664705,walkforward_train_only,False
2022-03-25,6.145833333333333,walkforward_equal_weight_all,-27.495833333331372,walkforward_train_only,False
2022-03-28,3.1111111111111107,walkforward_equal_weight_all,-24.38472222222026,walkforward_train_only,False
2022-03-29,-2.9722222222221713,walkforward_equal_weight_all,-27.356944444442433,walkforward_train_only,False
2022-04-01,7.8750000000001,walkforward_equal_weight_all,-19.481944444442334,walkforward_train_only,False
2022-04-05,-10.263888888888635,walkforward_equal_weight_all,-29.74583333333097,walkforward_train_only,False
2022-04-06,-3.944444444444444,walkforward_equal_weight_all,-33.690277777775414,walkforward_train_only,False
2022-04-13,-2.3333333333332322,walkforward_equal_weight_all,-36.02361111110864,walkforward_train_only,False
2022-04-20,-18.59722222222222,walkforward_equal_weight_all,-54.620833333330864,walkforward_train_only,False
2022-04-22,-12.763888888888888,walkforward_equal_weight_all,-67.38472222221975,walkforward_train_only,False
2022-04-25,6.0,walkforward_equal_weight_all,-61.38472222221975,walkforward_train_only,False
2022-04-28,58.22222222222222,walkforward_equal_weight_all,-3.1624999999975287,walkforward_train_only,False
2022-05-02,20.333333333333634,walkforward_equal_weight_all,17.170833333336105,walkforward_train_only,False
2022-05-03,-1.6388888888885351,walkforward_equal_weight_all,15.53194444444757,walkforward_train_only,False
2022-05-12,-5.041666666666566,walkforward_equal_weight_all,10.490277777781003,walkforward_train_only,False
2022-05-18,5.333333333333535,walkforward_equal_weight_all,15.823611111114538,walkforward_train_only,False
2022-05-19,-2.8333333333331563,walkforward_equal_weight_all,12.990277777781381,walkforward_train_only,False
2022-05-20,-0.9166666666667171,walkforward_equal_weight_all,12.073611111114664,walkforward_train_only,False
2022-05-25,-4.916666666666666,walkforward_equal_weight_all,7.156944444447998,walkforward_train_only,False
2022-06-03,-6.388888888888762,walkforward_equal_weight_all,0.7680555555592354,walkforward_train_only,False
2022-06-06,-6.125000000000051,walkforward_equal_weight_all,-5.356944444440815,walkforward_train_only,False
2022-06-08,-3.9999999999998987,walkforward_equal_weight_all,-9.356944444440714,walkforward_train_only,False
2022-06-09,-0.8333333333333333,walkforward_equal_weight_all,-10.190277777774048,walkforward_train_only,False
2022-06-10,8.611111111111237,walkforward_equal_weight_all,-1.579166666662811,walkforward_train_only,False
2022-06-21,-0.8194444444444444,walkforward_equal_weight_all,-2.3986111111072557,walkforward_train_only,False
2022-06-22,11.11111111111111,walkforward_equal_weight_all,8.712500000003855,walkforward_train_only,False
2022-06-24,4.152777777777878,walkforward_equal_weight_all,12.865277777781733,walkforward_train_only,False
2022-06-27,-11.944444444444445,walkforward_equal_weight_all,0.9208333333372885,walkforward_train_only,False
2022-06-29,-6.972222222222222,walkforward_equal_weight_all,-6.051388888884934,walkforward_train_only,False
2022-07-01,-9.36111111111068,walkforward_equal_weight_all,-15.412499999995614,walkforward_train_only,False
2022-07-05,10.555555555555555,walkforward_equal_weight_all,-4.8569444444400585,walkforward_train_only,False
2022-07-12,-7.277777777777727,walkforward_equal_weight_all,-12.134722222217786,walkforward_train_only,False
2022-07-13,-4.4583333333332575,walkforward_equal_weight_all,-16.593055555551043,walkforward_train_only,False
2022-07-15,16.722222222222424,walkforward_equal_weight_all,0.12916666667138088,walkforward_train_only,False
2022-07-20,-7.069444444444267,walkforward_equal_weight_all,-6.940277777772886,walkforward_train_only,False
2022-07-21,18.083333333333506,walkforward_equal_weight_all,11.14305555556062,walkforward_train_only,False
2022-07-22,-1.2916666666665655,walkforward_equal_weight_all,9.851388888894055,walkforward_train_only,False
2022-07-27,-6.722222222222221,walkforward_equal_weight_all,3.129166666671834,walkforward_train_only,False
2022-07-28,10.055555555555555,walkforward_equal_weight_all,13.18472222222739,walkforward_train_only,False
2022-07-29,0.45138888888891415,walkforward_equal_weight_all,13.636111111116303,walkforward_train_only,False
2022-08-09,-4.166666666666666,walkforward_equal_weight_all,9.469444444449637,walkforward_train_only,False
2022-08-15,-6.666666666666666,walkforward_equal_weight_all,2.802777777782971,walkforward_train_only,False
2022-08-17,-5.0,walkforward_equal_weight_all,-2.197222222217029,walkforward_train_only,False
2022-08-24,-2.1666666666665906,walkforward_equal_weight_all,-4.363888888883619,walkforward_train_only,False
2022-08-25,12.0000000000001,walkforward_equal_weight_all,7.63611111111648,walkforward_train_only,False
2022-08-29,-7.5,walkforward_equal_weight_all,0.1361111111164801,walkforward_train_only,False
2022-09-08,-2.5,walkforward_equal_weight_all,-2.36388888888352,walkforward_train_only,False
2022-09-19,-5.2361111111110095,walkforward_equal_weight_all,-7.599999999994529,walkforward_train_only,False
2022-09-21,-6.705555555555268,walkforward_equal_weight_all,-14.305555555549798,walkforward_train_only,False
2022-09-23,-1.805555555555303,walkforward_equal_weight_all,-16.1111111111051,walkforward_train_only,False
2022-09-26,21.555555555555554,walkforward_equal_weight_all,5.444444444450454,walkforward_train_only,False
2022-09-27,-4.722222222222095,walkforward_equal_weight_all,0.7222222222283587,walkforward_train_only,False
2022-09-29,1.33333333333351,walkforward_equal_weight_all,2.0555555555618685,walkforward_train_only,False
2022-09-30,-2.4583333333333077,walkforward_equal_weight_all,-0.4027777777714392,walkforward_train_only,False
2022-10-06,39.82083333333341,walkforward_equal_weight_all,39.41805555556197,walkforward_train_only,False
2022-10-07,-10.75,walkforward_equal_weight_all,28.66805555556197,walkforward_train_only,False
2022-10-12,-4.124999999999848,walkforward_equal_weight_all,24.543055555562123,walkforward_train_only,False
2022-10-13,-3.708333333333232,walkforward_equal_weight_all,20.83472222222889,walkforward_train_only,False
2022-10-14,-31.02777777777765,walkforward_equal_weight_all,-10.19305555554876,walkforward_train_only,False
2022-10-18,-5.124999999999823,walkforward_equal_weight_all,-15.318055555548582,walkforward_train_only,False
2022-10-24,-6.847222222222121,walkforward_equal_weight_all,-22.165277777770704,walkforward_train_only,False
2022-10-27,-6.166666666666489,walkforward_equal_weight_all,-28.331944444437195,walkforward_train_only,False
2022-10-28,15.256944444444494,walkforward_equal_weight_all,-13.0749999999927,walkforward_train_only,False
2022-11-01,-5.402777777777727,walkforward_equal_weight_all,-18.477777777770427,walkforward_train_only,False
2022-11-02,-9.569444444444267,walkforward_equal_weight_all,-28.047222222214693,walkforward_train_only,False
2022-11-09,-5.263888888888712,walkforward_equal_weight_all,-33.3111111111034,walkforward_train_only,False
2022-11-11,0.944444444444596,walkforward_equal_weight_all,-32.3666666666588,walkforward_train_only,False
2022-11-16,-1.124999999999924,walkforward_equal_weight_all,-33.49166666665872,walkforward_train_only,False
2022-11-18,-3.1111111111111107,walkforward_equal_weight_all,-36.60277777776983,walkforward_train_only,False
2022-11-22,2.333333333333611,walkforward_equal_weight_all,-34.26944444443622,walkforward_train_only,False
2022-11-23,-10.52777777777717,walkforward_equal_weight_all,-44.797222222213385,walkforward_train_only,False
2022-11-25,-0.8333333333330807,walkforward_equal_weight_all,-45.630555555546465,walkforward_train_only,False
2022-11-28,9.555555555555555,walkforward_equal_weight_all,-36.07499999999091,walkforward_train_only,False
2022-11-30,-30.23611111111098,walkforward_equal_weight_all,-66.3111111111019,walkforward_train_only,False
2022-12-01,-15.41666666666654,walkforward_equal_weight_all,-81.72777777776844,walkforward_train_only,False
2022-12-07,-10.944444444444343,walkforward_equal_weight_all,-92.67222222221278,walkforward_train_only,False
2022-12-19,-4.4027777777775,walkforward_equal_weight_all,-97.07499999999028,walkforward_train_only,False
2022-12-20,-3.5,walkforward_equal_weight_all,-100.57499999999028,walkforward_train_only,False
2022-12-22,-2.1944444444443683,walkforward_equal_weight_all,-102.76944444443465,walkforward_train_only,False
2023-01-03,-4.399999999999837,walkforward_equal_weight_all,-107.16944444443449,walkforward_train_only,False
2023-01-04,-0.8333333333330804,walkforward_equal_weight_all,-108.00277777776758,walkforward_train_only,False
2023-01-12,18.06111111111118,walkforward_equal_weight_all,-89.9416666666564,walkforward_train_only,False
2023-01-18,8.477777777777773,walkforward_equal_weight_all,-81.46388888887863,walkforward_train_only,False
2023-01-23,-7.069444444444444,walkforward_equal_weight_all,-88.53333333332307,walkforward_train_only,False
2023-01-24,3.055555555555808,walkforward_equal_weight_all,-85.47777777776726,walkforward_train_only,False
2023-01-25,21.5,walkforward_equal_weight_all,-63.97777777776726,walkforward_train_only,False
2023-01-26,5.1666666666670205,walkforward_equal_weight_all,-58.81111111110024,walkforward_train_only,False
2023-01-31,-1.458333333333207,walkforward_equal_weight_all,-60.26944444443345,walkforward_train_only,False
2023-02-01,5.38888888888904,walkforward_equal_weight_all,-54.880555555544404,walkforward_train_only,False
2023-02-03,-5.402777777777778,walkforward_equal_weight_all,-60.28333333332218,walkforward_train_only,False
2023-02-07,7.627777777777787,walkforward_equal_weight_all,-52.655555555544396,walkforward_train_only,False
2023-02-09,-8.875,walkforward_equal_weight_all,-61.530555555544396,walkforward_train_only,False
2023-02-14,-12.388888888888888,walkforward_equal_weight_all,-73.91944444443328,walkforward_train_only,False
2023-02-22,4.6944444444444695,walkforward_equal_weight_all,-69.22499999998881,walkforward_train_only,False
2023-02-23,-6.291666666666666,walkforward_equal_weight_all,-75.51666666665548,walkforward_train_only,False
2023-02-28,-3.499999999999848,walkforward_equal_weight_all,-79.01666666665533,walkforward_train_only,False
2023-03-01,-16.72222222222197,walkforward_equal_weight_all,-95.7388888888773,walkforward_train_only,False
2023-03-06,-6.875,walkforward_equal_weight_all,-102.6138888888773,walkforward_train_only,False
2023-03-07,-15.555555555555555,walkforward_equal_weight_all,-118.16944444443286,walkforward_train_only,False
2023-03-10,-31.958333333333332,walkforward_equal_weight_all,-150.1277777777662,walkforward_train_only,False
2023-03-15,-6.138888888888737,walkforward_equal_weight_all,-156.26666666665494,walkforward_train_only,False
2023-03-20,11.555555555555555,walkforward_equal_weight_all,-144.7111111110994,walkforward_train_only,False
2023-03-22,32.05555555555556,walkforward_equal_weight_all,-112.65555555554384,walkforward_train_only,False
2023-04-04,-10.430555555555479,walkforward_equal_weight_all,-123.08611111109931,walkforward_train_only,False
2023-04-05,-3.958333333333207,walkforward_equal_weight_all,-127.04444444443251,walkforward_train_only,False
2023-04-12,-18.444444444444265,walkforward_equal_weight_all,-145.48888888887677,walkforward_train_only,False
2023-04-13,-5.472222222222222,walkforward_equal_weight_all,-150.961111111099,walkforward_train_only,False
2023-04-17,-1.0416666666665404,walkforward_equal_weight_all,-152.00277777776554,walkforward_train_only,False
2023-04-18,-5.125,walkforward_equal_weight_all,-157.12777777776554,walkforward_train_only,False
2023-04-20,4.144444444444464,walkforward_equal_weight_all,-152.98333333332107,walkforward_train_only,False
2023-04-24,5.5,walkforward_equal_weight_all,-147.48333333332107,walkforward_train_only,False
2023-04-25,3.0138888888888893,walkforward_equal_weight_all,-144.46944444443218,walkforward_train_only,False
2023-04-26,-1.2777777777777524,walkforward_equal_weight_all,-145.74722222220993,walkforward_train_only,False
2023-04-28,2.16666666666697,walkforward_equal_weight_all,-143.58055555554296,walkforward_train_only,False
2023-05-01,-1.6111111111109089,walkforward_equal_weight_all,-145.19166666665387,walkforward_train_only,False
2023-05-03,-0.5416666666666666,walkforward_equal_weight_all,-145.73333333332053,walkforward_train_only,False
2023-05-10,-1.749999999999924,walkforward_equal_weight_all,-147.48333333332045,walkforward_train_only,False
2023-05-11,-6.833333333332929,walkforward_equal_weight_all,-154.31666666665336,walkforward_train_only,False
2023-05-16,4.444444444444445,walkforward_equal_weight_all,-149.8722222222089,walkforward_train_only,False
2023-05-19,1.8888888888890656,walkforward_equal_weight_all,-147.98333333331985,walkforward_train_only,False
2023-05-22,2.0555555555555554,walkforward_equal_weight_all,-145.9277777777643,walkforward_train_only,False
2023-05-25,8.38888888888889,walkforward_equal_weight_all,-137.53888888887542,walkforward_train_only,False
2023-05-26,-1.3333333333332575,walkforward_equal_weight_all,-138.87222222220868,walkforward_train_only,False
2023-05-30,-3.7777777777777777,walkforward_equal_weight_all,-142.64999999998645,walkforward_train_only,False
2023-06-02,2.333333333333333,walkforward_equal_weight_all,-140.3166666666531,walkforward_train_only,False
2023-06-05,4.666666666666717,walkforward_equal_weight_all,-135.6499999999864,walkforward_train_only,False
2023-06-20,3.6111111111112373,walkforward_equal_weight_all,-132.03888888887516,walkforward_train_only,False
2023-06-21,2.444444444444621,walkforward_equal_weight_all,-129.59444444443054,walkforward_train_only,False
2023-06-22,-16.65277777777778,walkforward_equal_weight_all,-146.2472222222083,walkforward_train_only,False
2023-06-26,-10.708333333333332,walkforward_equal_weight_all,-156.95555555554165,walkforward_train_only,False
2023-06-29,-4.152777777777779,walkforward_equal_weight_all,-161.10833333331942,walkforward_train_only,False
2023-06-30,-2.472222222222121,walkforward_equal_weight_all,-163.58055555554154,walkforward_train_only,False
2023-07-03,0.11111111111126269,walkforward_equal_weight_all,-163.46944444443028,walkforward_train_only,False
2023-07-05,0.7222222222223232,walkforward_equal_weight_all,-162.74722222220797,walkforward_train_only,False
2023-07-10,1.1666666666666665,walkforward_equal_weight_all,-161.5805555555413,walkforward_train_only,False
2023-07-14,0.8888888888890909,walkforward_equal_weight_all,-160.69166666665222,walkforward_train_only,False
2023-07-18,-1.6666666666665402,walkforward_equal_weight_all,-162.35833333331877,walkforward_train_only,False
2023-07-20,-0.8749999999998989,walkforward_equal_weight_all,-163.23333333331865,walkforward_train_only,False
2023-07-21,-3.6111111111111107,walkforward_equal_weight_all,-166.84444444442977,walkforward_train_only,False
2023-07-24,1.5000000000001514,walkforward_equal_weight_all,-165.34444444442963,walkforward_train_only,False
2023-07-26,20.10000000000016,walkforward_equal_weight_all,-145.24444444442946,walkforward_train_only,False
2023-07-27,-2.9583333333332322,walkforward_equal_weight_all,-148.2027777777627,walkforward_train_only,False
2023-07-31,-0.7916666666666413,walkforward_equal_weight_all,-148.99444444442932,walkforward_train_only,False
2023-08-01,6.3888888888890145,walkforward_equal_weight_all,-142.6055555555403,walkforward_train_only,False
2023-08-03,10.722222222222323,walkforward_equal_weight_all,-131.88333333331798,walkforward_train_only,False
2023-08-10,28.22777777777782,walkforward_equal_weight_all,-103.65555555554016,walkforward_train_only,False
2023-08-15,2.722222222222222,walkforward_equal_weight_all,-100.93333333331793,walkforward_train_only,False
2023-08-18,-5.124999999999823,walkforward_equal_weight_all,-106.05833333331776,walkforward_train_only,False
2023-08-24,-9.444444444444317,walkforward_equal_weight_all,-115.50277777776208,walkforward_train_only,False
2023-09-01,2.333333333333485,walkforward_equal_weight_all,-113.16944444442859,walkforward_train_only,False
2023-09-06,3.3694444444444995,walkforward_equal_weight_all,-109.7999999999841,walkforward_train_only,False
2023-09-12,-0.8333333333333333,walkforward_equal_weight_all,-110.63333333331742,walkforward_train_only,False
2023-09-14,-0.7222222222220706,walkforward_equal_weight_all,-111.3555555555395,walkforward_train_only,False
2023-09-18,-13.013888888888788,walkforward_equal_weight_all,-124.36944444442828,walkforward_train_only,False
2023-10-03,-1.2916666666665655,walkforward_equal_weight_all,-125.66111111109485,walkforward_train_only,False
2023-10-04,5.611111111111111,walkforward_equal_weight_all,-120.04999999998374,walkforward_train_only,False
2023-10-05,5.833333333333333,walkforward_equal_weight_all,-114.21666666665041,walkforward_train_only,False
2023-10-10,-0.44444444444441916,walkforward_equal_weight_all,-114.66111111109483,walkforward_train_only,False
2023-10-12,-6.041666666666666,walkforward_equal_weight_all,-120.7027777777615,walkforward_train_only,False
2023-10-13,-7.208333333333333,walkforward_equal_weight_all,-127.91111111109483,walkforward_train_only,False
2023-10-16,-10.125,walkforward_equal_weight_all,-138.03611111109484,walkforward_train_only,False
2023-10-19,-6.513888888888888,walkforward_equal_weight_all,-144.54999999998373,walkforward_train_only,False
2023-10-20,-4.2499999999997975,walkforward_equal_weight_all,-148.79999999998353,walkforward_train_only,False
2023-10-23,-1.0555555555554796,walkforward_equal_weight_all,-149.855555555539,walkforward_train_only,False
2023-10-24,-8.875,walkforward_equal_weight_all,-158.730555555539,walkforward_train_only,False
2023-10-26,-22.069444444444443,walkforward_equal_weight_all,-180.79999999998347,walkforward_train_only,False
2023-10-31,-3.3888888888885855,walkforward_equal_weight_all,-184.18888888887204,walkforward_train_only,False
2023-11-01,4.172222222222217,walkforward_equal_weight_all,-180.01666666664983,walkforward_train_only,False
2023-11-03,-6.19444444444399,walkforward_equal_weight_all,-186.21111111109383,walkforward_train_only,False
2023-11-08,-0.8888888888888383,walkforward_equal_weight_all,-187.09999999998266,walkforward_train_only,False
2023-11-14,2.486111111111263,walkforward_equal_weight_all,-184.6138888888714,walkforward_train_only,False
2023-11-15,2.833333333333535,walkforward_equal_weight_all,-181.78055555553786,walkforward_train_only,False
2023-11-16,-5.041666666666666,walkforward_equal_weight_all,-186.82222222220452,walkforward_train_only,False
2023-11-21,-0.5555555555554292,walkforward_equal_weight_all,-187.37777777775995,walkforward_train_only,False
2023-11-27,2.5555555555556313,walkforward_equal_weight_all,-184.82222222220432,walkforward_train_only,False
2023-11-28,5.222222222222373,walkforward_equal_weight_all,-179.59999999998195,walkforward_train_only,False
2023-11-29,-0.8333333333332069,walkforward_equal_weight_all,-180.43333333331515,walkforward_train_only,False
2023-11-30,-2.138888888888889,walkforward_equal_weight_all,-182.57222222220403,walkforward_train_only,False
2023-12-01,23.872222222222057,walkforward_equal_weight_all,-158.69999999998197,walkforward_train_only,False
2023-12-05,-2.1249999999998987,walkforward_equal_weight_all,-160.82499999998186,walkforward_train_only,False
2023-12-06,-19.02777777777778,walkforward_equal_weight_all,-179.85277777775963,walkforward_train_only,False
2023-12-19,-7.124999999999848,walkforward_equal_weight_all,-186.97777777775948,walkforward_train_only,False
2023-12-22,-1.0555555555553533,walkforward_equal_weight_all,-188.03333333331483,walkforward_train_only,False
2023-12-26,-3.208333333333333,walkforward_equal_weight_all,-191.24166666664817,walkforward_train_only,False
2023-12-29,9.222222222222221,walkforward_equal_weight_all,-182.01944444442594,walkforward_train_only,False
2024-01-02,-8.569444444444544,walkforward_equal_weight_all,-190.58888888887049,walkforward_train_only,False
2024-01-03,-4.569444444444394,walkforward_equal_weight_all,-195.15833333331489,walkforward_train_only,False
2024-01-09,-0.5416666666666161,walkforward_equal_weight_all,-195.69999999998151,walkforward_train_only,False
2024-01-11,-9.138888888888788,walkforward_equal_weight_all,-204.83888888887031,walkforward_train_only,False
2024-01-16,-8.277777777777777,walkforward_equal_weight_all,-213.1166666666481,walkforward_train_only,False
2024-01-23,-0.6111111111109342,walkforward_equal_weight_all,-213.72777777775903,walkforward_train_only,False
2024-01-24,6.944444444444444,walkforward_equal_weight_all,-206.78333333331457,walkforward_train_only,False
2024-02-06,-20.15277777777778,walkforward_equal_weight_all,-226.93611111109234,walkforward_train_only,False
2024-02-07,10.472222222222399,walkforward_equal_weight_all,-216.46388888886995,walkforward_train_only,False
2024-02-09,-5.333333333333333,walkforward_equal_weight_all,-221.7972222222033,walkforward_train_only,False
2024-02-12,-3.6527777777775503,walkforward_equal_weight_all,-225.44999999998083,walkforward_train_only,False
2024-02-13,-0.8333333333333333,walkforward_equal_weight_all,-226.28333333331418,walkforward_train_only,False
2024-02-16,1.3888888888889137,walkforward_equal_weight_all,-224.89444444442526,walkforward_train_only,False
2024-02-20,-20.22222222222222,walkforward_equal_weight_all,-245.1166666666475,walkforward_train_only,False
2024-02-23,15.166666666666666,walkforward_equal_weight_all,-229.94999999998083,walkforward_train_only,False
2024-03-01,-0.8888888888888888,walkforward_equal_weight_all,-230.83888888886972,walkforward_train_only,False
2024-03-06,8.055555555555555,walkforward_equal_weight_all,-222.78333333331418,walkforward_train_only,False
2024-03-08,12.738888888888797,walkforward_equal_weight_all,-210.04444444442538,walkforward_train_only,False
2024-03-18,12.722222222222221,walkforward_equal_weight_all,-197.32222222220315,walkforward_train_only,False
2024-03-19,3.7222222222223484,walkforward_equal_weight_all,-193.5999999999808,walkforward_train_only,False
2024-03-20,-13.541666666666666,walkforward_equal_weight_all,-207.14166666664747,walkforward_train_only,False
2024-03-21,-1.8055555555550502,walkforward_equal_weight_all,-208.94722222220253,walkforward_train_only,False
2024-03-25,17.333333333333332,walkforward_equal_weight_all,-191.61388888886918,walkforward_train_only,False
2024-03-27,0.611111111111414,walkforward_equal_weight_all,-191.00277777775776,walkforward_train_only,False
2024-03-28,-2.4861111111110605,walkforward_equal_weight_all,-193.48888888886881,walkforward_train_only,False
2024-04-02,-8.041666666666666,walkforward_equal_weight_all,-201.53055555553547,walkforward_train_only,False
2024-04-03,-6.638888888888787,walkforward_equal_weight_all,-208.16944444442427,walkforward_train_only,False
2024-04-09,12.222222222222221,walkforward_equal_weight_all,-195.94722222220204,walkforward_train_only,False
2024-04-12,-9.638888888888888,walkforward_equal_weight_all,-205.58611111109093,walkforward_train_only,False
2024-04-15,-1.499999999999899,walkforward_equal_weight_all,-207.08611111109082,walkforward_train_only,False
2024-04-18,14.000000000000075,walkforward_equal_weight_all,-193.08611111109073,walkforward_train_only,False
2024-04-19,-8.333333333333332,walkforward_equal_weight_all,-201.41944444442407,walkforward_train_only,False
2024-04-25,-17.5,walkforward_equal_weight_all,-218.91944444442407,walkforward_train_only,False
2024-04-29,7.722222222222221,walkforward_equal_weight_all,-211.19722222220184,walkforward_train_only,False
2024-04-30,-1.8333333333333333,walkforward_equal_weight_all,-213.0305555555352,walkforward_train_only,False
2024-05-03,14.388888888889191,walkforward_equal_weight_all,-198.641666666646,walkforward_train_only,False
2024-05-10,10.333333333333332,walkforward_equal_weight_all,-188.30833333331265,walkforward_train_only,False
2024-05-13,1.1666666666672225,walkforward_equal_weight_all,-187.14166666664542,walkforward_train_only,False
2024-05-14,6.5,walkforward_equal_weight_all,-180.64166666664542,walkforward_train_only,False
2024-05-15,2.3888888888889896,walkforward_equal_weight_all,-178.25277777775642,walkforward_train_only,False
2024-05-22,-1.0555555555553533,walkforward_equal_weight_all,-179.30833333331177,walkforward_train_only,False
2024-05-29,-4.402777777777778,walkforward_equal_weight_all,-183.71111111108954,walkforward_train_only,False
2024-05-30,-3.041666666666363,walkforward_equal_weight_all,-186.7527777777559,walkforward_train_only,False
2024-06-11,4.000000000000151,walkforward_equal_weight_all,-182.75277777775577,walkforward_train_only,False
2024-06-14,-10.75,walkforward_equal_weight_all,-193.50277777775577,walkforward_train_only,False
2024-06-27,6.055555555555556,walkforward_equal_weight_all,-187.44722222220022,walkforward_train_only,False
2024-06-28,33.05555555555556,walkforward_equal_weight_all,-154.39166666664465,walkforward_train_only,False
2024-07-02,-1.3055555555552523,walkforward_equal_weight_all,-155.6972222221999,walkforward_train_only,False
2024-07-08,2.9444444444445455,walkforward_equal_weight_all,-152.75277777775537,walkforward_train_only,False
2024-07-11,-3.3194444444446463,walkforward_equal_weight_all,-156.07222222220003,walkforward_train_only,False
2024-07-12,3.666666666666616,walkforward_equal_weight_all,-152.4055555555334,walkforward_train_only,False
2024-07-16,-10.833333333333332,walkforward_equal_weight_all,-163.23888888886674,walkforward_train_only,False
2024-07-17,-32.166666666666664,walkforward_equal_weight_all,-195.4055555555334,walkforward_train_only,False
2024-07-18,-9.708333333333332,walkforward_equal_weight_all,-205.11388888886674,walkforward_train_only,False
2024-07-24,-2.777777777777525,walkforward_equal_weight_all,-207.89166666664426,walkforward_train_only,False
2024-07-25,37.388888888888886,walkforward_equal_weight_all,-170.50277777775537,walkforward_train_only,False
2024-08-21,7.016666666666727,walkforward_equal_weight_all,-163.48611111108863,walkforward_train_only,False
2024-08-23,15.222222222222221,walkforward_equal_weight_all,-148.2638888888664,walkforward_train_only,False
2024-08-27,13.166666666666666,walkforward_equal_weight_all,-135.09722222219975,walkforward_train_only,False
2024-09-06,-2.555555555555252,walkforward_equal_weight_all,-137.652777777755,walkforward_train_only,False
2024-09-20,4.388888888889192,walkforward_equal_weight_all,-133.2638888888658,walkforward_train_only,False
2024-09-24,19.055555555555554,walkforward_equal_weight_all,-114.20833333331025,walkforward_train_only,False
2024-09-25,9.750000000000151,walkforward_equal_weight_all,-104.4583333333101,walkforward_train_only,False
2024-09-26,-0.7777777777775761,walkforward_equal_weight_all,-105.23611111108767,walkforward_train_only,False
2024-10-01,-6.166666666666666,walkforward_equal_weight_all,-111.40277777775434,walkforward_train_only,False
2024-10-04,3.0,walkforward_equal_weight_all,-108.40277777775434,walkforward_train_only,False
2024-10-09,8.555555555555555,walkforward_equal_weight_all,-99.84722222219878,walkforward_train_only,False
2024-10-15,2.944444444444545,walkforward_equal_weight_all,-96.90277777775424,walkforward_train_only,False
2024-10-17,12.666666666666666,walkforward_equal_weight_all,-84.23611111108757,walkforward_train_only,False
2024-10-21,-6.374999999999696,walkforward_equal_weight_all,-90.61111111108727,walkforward_train_only,False
2024-10-25,-0.2222222222220201,walkforward_equal_weight_all,-90.83333333330928,walkforward_train_only,False
2024-10-30,19.666666666666664,walkforward_equal_weight_all,-71.16666666664261,walkforward_train_only,False
2024-10-31,0.8333333333333333,walkforward_equal_weight_all,-70.33333333330928,walkforward_train_only,False
2024-11-06,-22.388888888888584,walkforward_equal_weight_all,-92.72222222219787,walkforward_train_only,False
2024-11-08,-0.4444444444444444,walkforward_equal_weight_all,-93.16666666664231,walkforward_train_only,False
2024-11-12,9.627777777777737,walkforward_equal_weight_all,-83.53888888886458,walkforward_train_only,False
2024-11-14,-4.88888888888899,walkforward_equal_weight_all,-88.42777777775356,walkforward_train_only,False
2024-11-19,-7.555555555555555,walkforward_equal_weight_all,-95.98333333330912,walkforward_train_only,False
2024-11-20,-4.666666666666666,walkforward_equal_weight_all,-100.64999999997579,walkforward_train_only,False
2024-11-21,-20.36111111111111,walkforward_equal_weight_all,-121.0111111110869,walkforward_train_only,False
2024-11-25,-12.500000000000252,walkforward_equal_weight_all,-133.51111111108716,walkforward_train_only,False
2024-11-27,-7.763888888888888,walkforward_equal_weight_all,-141.27499999997605,walkforward_train_only,False
2024-12-05,-3.111111111110808,walkforward_equal_weight_all,-144.38611111108685,walkforward_train_only,False
2024-12-10,-2.194444444444394,walkforward_equal_weight_all,-146.58055555553125,walkforward_train_only,False
2024-12-11,-9.666666666666666,walkforward_equal_weight_all,-156.2472222221979,walkforward_train_only,False
2024-12-12,-6.722222222222221,walkforward_equal_weight_all,-162.96944444442013,walkforward_train_only,False
2024-12-13,35.47500000000016,walkforward_equal_weight_all,-127.49444444441997,walkforward_train_only,False
2024-12-27,-19.944444444444443,walkforward_equal_weight_all,-147.43888888886443,walkforward_train_only,False
2024-12-30,36.83333333333333,walkforward_equal_weight_all,-110.6055555555311,walkforward_train_only,False
2024-12-31,-2.72222222222202,walkforward_equal_weight_all,-113.32777777775311,walkforward_train_only,False
2025-01-08,1.388888888889394,walkforward_equal_weight_all,-111.93888888886372,walkforward_train_only,False
2025-01-10,-15.694444444444496,walkforward_equal_weight_all,-127.63333333330822,walkforward_train_only,False
2025-01-14,-7.111111111110959,walkforward_equal_weight_all,-134.74444444441917,walkforward_train_only,False
2025-01-15,-3.305555555555454,walkforward_equal_weight_all,-138.04999999997463,walkforward_train_only,False
2025-01-17,11.388888888888888,walkforward_equal_weight_all,-126.66111111108575,walkforward_train_only,False
2025-01-24,-4.722222222222222,walkforward_equal_weight_all,-131.38333333330797,walkforward_train_only,False
2025-02-07,-2.541666666666818,walkforward_equal_weight_all,-133.9249999999748,walkforward_train_only,False
2025-02-11,-4.569444444444444,walkforward_equal_weight_all,-138.49444444441926,walkforward_train_only,False
2025-02-12,-17.8749999999999,walkforward_equal_weight_all,-156.36944444441917,walkforward_train_only,False
2025-02-24,-13.625,walkforward_equal_weight_all,-169.99444444441917,walkforward_train_only,False
2025-02-25,-4.583333333333333,walkforward_equal_weight_all,-174.57777777775252,walkforward_train_only,False
2025-02-28,-3.2777777777775756,walkforward_equal_weight_all,-177.8555555555301,walkforward_train_only,False
2025-03-03,-0.5000000000000505,walkforward_equal_weight_all,-178.35555555553015,walkforward_train_only,False
2025-03-04,-24.75,walkforward_equal_weight_all,-203.10555555553015,walkforward_train_only,False
2025-03-06,10.950000000000019,walkforward_equal_weight_all,-192.15555555553013,walkforward_train_only,False
2025-03-11,0.5000000000003031,walkforward_equal_weight_all,-191.65555555552982,walkforward_train_only,False
2025-03-26,-7.708333333333384,walkforward_equal_weight_all,-199.3638888888632,walkforward_train_only,False
2025-04-01,17.194444444444468,walkforward_equal_weight_all,-182.16944444441873,walkforward_train_only,False
2025-04-04,-39.916666666666664,walkforward_equal_weight_all,-222.0861111110854,walkforward_train_only,False
2025-04-22,2.111111111111212,walkforward_equal_weight_all,-219.9749999999742,walkforward_train_only,False
2025-04-23,16.700000000000095,walkforward_equal_weight_all,-203.27499999997409,walkforward_train_only,False
2025-05-07,-31.888888888888886,walkforward_equal_weight_all,-235.16388888886297,walkforward_train_only,False
2025-05-16,9.944444444444747,walkforward_equal_weight_all,-225.21944444441823,walkforward_train_only,False
2025-05-21,-3.75,walkforward_equal_weight_all,-228.96944444441823,walkforward_train_only,False
2025-05-23,-2.75,walkforward_equal_weight_all,-231.71944444441823,walkforward_train_only,False
2025-05-29,-13.138888888888788,walkforward_equal_weight_all,-244.85833333330703,walkforward_train_only,False
2025-06-02,9.166666666666666,walkforward_equal_weight_all,-235.69166666664037,walkforward_train_only,False
2025-06-13,-5.388888888888787,walkforward_equal_weight_all,-241.08055555552917,walkforward_train_only,False
2025-06-23,15.888888888888838,walkforward_equal_weight_all,-225.19166666664034,walkforward_train_only,False
2025-06-26,4.261111111111151,walkforward_equal_weight_all,-220.9305555555292,walkforward_train_only,False
2025-06-27,-3.1111111111110605,walkforward_equal_weight_all,-224.04166666664025,walkforward_train_only,False
2025-07-02,7.744444444444475,walkforward_equal_weight_all,-216.29722222219578,walkforward_train_only,False
2025-07-07,-5.611111111111111,walkforward_equal_weight_all,-221.9083333333069,walkforward_train_only,False
2025-07-09,1.6666666666666665,walkforward_equal_weight_all,-220.24166666664024,walkforward_train_only,False
2025-07-10,9.11111111111111,walkforward_equal_weight_all,-211.13055555552913,walkforward_train_only,False
2025-07-14,-4.277777777777676,walkforward_equal_weight_all,-215.4083333333068,walkforward_train_only,False
2025-07-16,-6.513888888888838,walkforward_equal_weight_all,-221.92222222219564,walkforward_train_only,False
2025-07-22,-16.77777777777778,walkforward_equal_weight_all,-238.69999999997341,walkforward_train_only,False
2025-07-23,-2.972222222222222,walkforward_equal_weight_all,-241.67222222219564,walkforward_train_only,False
2025-07-28,-2.833333333333333,walkforward_equal_weight_all,-244.50555555552899,walkforward_train_only,False
2025-07-30,15.61111111111111,walkforward_equal_weight_all,-228.89444444441787,walkforward_train_only,False
2025-08-07,20.22222222222222,walkforward_equal_weight_all,-208.67222222219564,walkforward_train_only,False
2025-08-12,-2.041666666666515,walkforward_equal_weight_all,-210.71388888886216,walkforward_train_only,False
2025-08-14,-9.152777777777777,walkforward_equal_weight_all,-219.86666666663993,walkforward_train_only,False
2025-08-15,-12.666666666666664,walkforward_equal_weight_all,-232.5333333333066,walkforward_train_only,False
2025-08-19,-22.76388888888889,walkforward_equal_weight_all,-255.29722222219547,walkforward_train_only,False
2025-08-20,-6.291666666666616,walkforward_equal_weight_all,-261.5888888888621,walkforward_train_only,False
2025-08-22,-6.166666666666666,walkforward_equal_weight_all,-267.75555555552876,walkforward_train_only,False
2025-08-27,-0.7777777777775756,walkforward_equal_weight_all,-268.53333333330636,walkforward_train_only,False
2025-08-28,2.444444444444444,walkforward_equal_weight_all,-266.0888888888619,walkforward_train_only,False
2025-08-29,-10.847222222222271,walkforward_equal_weight_all,-276.9361111110842,walkforward_train_only,False
2025-09-03,4.722222222222475,walkforward_equal_weight_all,-272.21388888886173,walkforward_train_only,False
2025-09-11,1.5555555555555554,walkforward_equal_weight_all,-270.6583333333062,walkforward_train_only,False
2025-09-22,2.8888888888890403,walkforward_equal_weight_all,-267.76944444441716,walkforward_train_only,False
2025-09-23,1.4444444444446463,walkforward_equal_weight_all,-266.32499999997253,walkforward_train_only,False
2025-09-24,-2.0416666666666665,walkforward_equal_weight_all,-268.3666666666392,walkforward_train_only,False
2025-09-25,14.0,walkforward_equal_weight_all,-254.36666666663922,walkforward_train_only,False
2025-09-26,-5.958333333333333,walkforward_equal_weight_all,-260.32499999997253,walkforward_train_only,False
2025-10-02,-11.041666666666666,walkforward_equal_weight_all,-271.3666666666392,walkforward_train_only,False
2025-10-07,-18.38888888888889,walkforward_equal_weight_all,-289.75555555552813,walkforward_train_only,False
2025-10-08,2.7777777777780304,walkforward_equal_weight_all,-286.9777777777501,walkforward_train_only,False
2025-10-10,0.2222222222222222,walkforward_equal_weight_all,-286.75555555552785,walkforward_train_only,False
2025-10-14,13.777777777777777,walkforward_equal_weight_all,-272.9777777777501,walkforward_train_only,False
2025-10-17,-20.083333333333332,walkforward_equal_weight_all,-293.0611111110834,walkforward_train_only,False
2025-10-29,-15.958333333333332,walkforward_equal_weight_all,-309.0194444444167,walkforward_train_only,False
2025-10-30,-7.388888888888838,walkforward_equal_weight_all,-316.40833333330556,walkforward_train_only,False
2025-10-31,10.611111111111313,walkforward_equal_weight_all,-305.79722222219425,walkforward_train_only,False
2025-11-04,-7.652777777777676,walkforward_equal_weight_all,-313.4499999999719,walkforward_train_only,False
2025-11-05,-1.7083333333333333,walkforward_equal_weight_all,-315.1583333333052,walkforward_train_only,False
2025-11-06,-32.95833333333333,walkforward_equal_weight_all,-348.11666666663854,walkforward_train_only,False
2025-11-07,-8.208333333333332,walkforward_equal_weight_all,-356.32499999997185,walkforward_train_only,False
2025-11-12,-2.333333333333333,walkforward_equal_weight_all,-358.65833333330517,walkforward_train_only,False
2025-11-13,15.888888888888888,walkforward_equal_weight_all,-342.76944444441625,walkforward_train_only,False
2025-11-25,-9.138888888888788,walkforward_equal_weight_all,-351.90833333330505,walkforward_train_only,False
2025-12-01,0.2777777777780304,walkforward_equal_weight_all,-351.630555555527,walkforward_train_only,False
2025-12-02,-5.611111111111111,walkforward_equal_weight_all,-357.2416666666381,walkforward_train_only,False
2025-12-04,-19.40277777777778,walkforward_equal_weight_all,-376.64444444441585,walkforward_train_only,False
2025-12-08,-4.4444444444441915,walkforward_equal_weight_all,-381.08888888886,walkforward_train_only,False
2025-12-10,9.666666666666666,walkforward_equal_weight_all,-371.42222222219334,walkforward_train_only,False
2025-12-11,-3.125,walkforward_equal_weight_all,-374.54722222219334,walkforward_train_only,False
2025-12-29,-8.222222222222221,walkforward_equal_weight_all,-382.76944444441557,walkforward_train_only,False
2025-12-30,-2.666666666666515,walkforward_equal_weight_all,-385.4361111110821,walkforward_train_only,False
2026-01-02,-8.125000000001213,walkforward_equal_weight_all,-393.5611111110833,walkforward_train_only,False
2026-01-06,-3.9999999999998987,walkforward_equal_weight_all,-397.56111111108316,walkforward_train_only,False
2026-01-07,-1.347222222222121,walkforward_equal_weight_all,-398.9083333333053,walkforward_train_only,False
2026-01-08,-4.180555555556364,walkforward_equal_weight_all,-403.0888888888616,walkforward_train_only,False
2026-01-09,-10.958333333333332,walkforward_equal_weight_all,-414.04722222219493,walkforward_train_only,False
2026-01-12,-7.791666666666666,walkforward_equal_weight_all,-421.8388888888616,walkforward_train_only,False
2026-01-13,-34.54166666666793,walkforward_equal_weight_all,-456.38055555552955,walkforward_train_only,False
2026-01-14,17.041666666665854,walkforward_equal_weight_all,-439.3388888888637,walkforward_train_only,False
2026-01-16,4.488888888888899,walkforward_equal_weight_all,-434.84999999997484,walkforward_train_only,False
2026-01-20,-8.208333333333332,walkforward_equal_weight_all,-443.05833333330816,walkforward_train_only,False
2026-01-21,-2.25,walkforward_equal_weight_all,-445.30833333330816,walkforward_train_only,False
2026-01-22,18.38888888888889,walkforward_equal_weight_all,-426.91944444441924,walkforward_train_only,False
2026-01-26,-0.5833333333333333,walkforward_equal_weight_all,-427.50277777775256,walkforward_train_only,False
2026-01-27,-2.5416666666666665,walkforward_equal_weight_all,-430.04444444441924,walkforward_train_only,False
2026-01-29,-6.833333333333333,walkforward_equal_weight_all,-436.87777777775256,walkforward_train_only,False
2026-02-02,-3.708333333333333,walkforward_equal_weight_all,-440.58611111108587,walkforward_train_only,False
2026-02-03,-49.263888888888886,walkforward_equal_weight_all,-489.8499999999748,walkforward_train_only,False
2026-02-05,-4.5,walkforward_equal_weight_all,-494.3499999999748,walkforward_train_only,False
2026-02-06,-6.652777777777727,walkforward_equal_weight_all,-501.0027777777525,walkforward_train_only,False
2026-02-10,-4.166666666666666,walkforward_equal_weight_all,-505.1694444444192,walkforward_train_only,False
2026-02-11,-7.624999999999847,walkforward_equal_weight_all,-512.794444444419,walkforward_train_only,False
2026-02-12,-0.7083333333333333,walkforward_equal_weight_all,-513.5027777777524,walkforward_train_only,False
2026-02-17,-4.375,walkforward_equal_weight_all,-517.8777777777524,walkforward_train_only,False
2026-02-20,-2.7916666666666665,walkforward_equal_weight_all,-520.669444444419,walkforward_train_only,False
2026-02-24,-8.597222222222221,walkforward_equal_weight_all,-529.2666666666412,walkforward_train_only,False
2026-02-25,-2.249999999999848,walkforward_equal_weight_all,-531.5166666666411,walkforward_train_only,False
2026-02-26,-24.944444444444443,walkforward_equal_weight_all,-556.4611111110855,walkforward_train_only,False
2026-03-02,-5.6249999999997975,walkforward_equal_weight_all,-562.0861111110853,walkforward_train_only,False
2026-03-03,133.33333333333215,walkforward_equal_weight_all,-428.7527777777532,walkforward_train_only,False
2026-03-05,-13.708333333333332,walkforward_equal_weight_all,-442.4611111110865,walkforward_train_only,False
2026-03-06,21.111111111110503,walkforward_equal_weight_all,-421.349999999976,walkforward_train_only,False
2026-03-12,-11.833333333333332,walkforward_equal_weight_all,-433.1833333333093,walkforward_train_only,False
2022-01-03,64.00000000000091,equal_weight_positive_wfa_only,64.00000000000091,diagnostic_post_wfa_filter,True
2022-03-02,-21.374999999999318,equal_weight_positive_wfa_only,42.62500000000159,diagnostic_post_wfa_filter,True
2022-03-22,-2.9999999999995453,equal_weight_positive_wfa_only,39.625000000002046,diagnostic_post_wfa_filter,True
2022-03-24,39.00000000000091,equal_weight_positive_wfa_only,78.62500000000296,diagnostic_post_wfa_filter,True
2022-05-12,-45.37499999999909,equal_weight_positive_wfa_only,33.250000000003865,diagnostic_post_wfa_filter,True
2022-06-24,-26.62499999999909,equal_weight_positive_wfa_only,6.625000000004775,diagnostic_post_wfa_filter,True
2022-08-24,-19.499999999999318,equal_weight_positive_wfa_only,-12.874999999994543,diagnostic_post_wfa_filter,True
2022-08-25,36.50000000000091,equal_weight_positive_wfa_only,23.625000000006366,diagnostic_post_wfa_filter,True
2022-09-21,-178.4999999999991,equal_weight_positive_wfa_only,-154.87499999999272,diagnostic_post_wfa_filter,True
2022-09-29,12.000000000001592,equal_weight_positive_wfa_only,-142.87499999999113,diagnostic_post_wfa_filter,True
2022-11-11,8.500000000001364,equal_weight_positive_wfa_only,-134.37499999998977,diagnostic_post_wfa_filter,True
2022-11-30,-27.374999999999545,equal_weight_positive_wfa_only,-161.7499999999893,diagnostic_post_wfa_filter,True
2022-12-01,-26.249999999998863,equal_weight_positive_wfa_only,-187.99999999998818,diagnostic_post_wfa_filter,True
2022-12-22,-15.749999999999318,equal_weight_positive_wfa_only,-203.7499999999875,diagnostic_post_wfa_filter,True
2023-01-18,76.29999999999995,equal_weight_positive_wfa_only,-127.44999999998754,diagnostic_post_wfa_filter,True
2023-03-10,-52.5,equal_weight_positive_wfa_only,-179.94999999998754,diagnostic_post_wfa_filter,True
2023-04-04,-19.499999999999318,equal_weight_positive_wfa_only,-199.44999999998686,diagnostic_post_wfa_filter,True
2023-04-05,-35.62499999999886,equal_weight_positive_wfa_only,-235.07499999998572,diagnostic_post_wfa_filter,True
2023-05-26,-11.999999999999318,equal_weight_positive_wfa_only,-247.07499999998504,diagnostic_post_wfa_filter,True
2023-06-05,42.000000000000455,equal_weight_positive_wfa_only,-205.07499999998458,diagnostic_post_wfa_filter,True
2023-06-20,24.00000000000091,equal_weight_positive_wfa_only,-181.07499999998367,diagnostic_post_wfa_filter,True
2023-07-18,-14.999999999998863,equal_weight_positive_wfa_only,-196.07499999998254,diagnostic_post_wfa_filter,True
2023-07-20,-7.8749999999990905,equal_weight_positive_wfa_only,-203.94999999998163,diagnostic_post_wfa_filter,True
2023-07-27,-26.62499999999909,equal_weight_positive_wfa_only,-230.57499999998072,diagnostic_post_wfa_filter,True
2023-08-01,57.50000000000114,equal_weight_positive_wfa_only,-173.07499999997958,diagnostic_post_wfa_filter,True
2023-08-03,96.50000000000091,equal_weight_positive_wfa_only,-76.57499999997867,diagnostic_post_wfa_filter,True
2023-09-01,21.000000000001364,equal_weight_positive_wfa_only,-55.57499999997731,diagnostic_post_wfa_filter,True
2023-10-03,-11.62499999999909,equal_weight_positive_wfa_only,-67.1999999999764,diagnostic_post_wfa_filter,True
2023-10-20,-24.74999999999909,equal_weight_positive_wfa_only,-91.94999999997549,diagnostic_post_wfa_filter,True
2024-03-08,114.64999999999918,equal_weight_positive_wfa_only,22.700000000023692,diagnostic_post_wfa_filter,True
2024-03-20,-26.25,equal_weight_positive_wfa_only,-3.5499999999763077,diagnostic_post_wfa_filter,True
2024-04-02,-13.125,equal_weight_positive_wfa_only,-16.674999999976308,diagnostic_post_wfa_filter,True
2024-04-15,-13.49999999999909,equal_weight_positive_wfa_only,-30.174999999975398,diagnostic_post_wfa_filter,True
2024-05-15,21.50000000000091,equal_weight_positive_wfa_only,-8.674999999974489,diagnostic_post_wfa_filter,True
2024-07-12,32.999999999999545,equal_weight_positive_wfa_only,24.325000000025057,diagnostic_post_wfa_filter,True
2024-09-25,-35.249999999998636,equal_weight_positive_wfa_only,-10.92499999997358,diagnostic_post_wfa_filter,True
2025-02-07,-22.875000000001364,equal_weight_positive_wfa_only,-33.79999999997494,diagnostic_post_wfa_filter,True
2025-02-25,-41.25,equal_weight_positive_wfa_only,-75.04999999997494,diagnostic_post_wfa_filter,True
2025-04-01,154.75000000000023,equal_weight_positive_wfa_only,79.70000000002528,diagnostic_post_wfa_filter,True
2025-05-21,-33.75,equal_weight_positive_wfa_only,45.950000000025284,diagnostic_post_wfa_filter,True
2025-06-23,142.99999999999955,equal_weight_positive_wfa_only,188.95000000002483,diagnostic_post_wfa_filter,True
2025-08-12,-18.374999999998636,equal_weight_positive_wfa_only,170.5750000000262,diagnostic_post_wfa_filter,True
2025-08-20,-4.874999999999545,equal_weight_positive_wfa_only,165.70000000002665,diagnostic_post_wfa_filter,True
2025-12-11,-28.125,equal_weight_positive_wfa_only,137.57500000002665,diagnostic_post_wfa_filter,True
2026-01-02,68.00000000000182,equal_weight_positive_wfa_only,205.57500000002847,diagnostic_post_wfa_filter,True
2026-01-06,-35.99999999999909,equal_weight_positive_wfa_only,169.57500000002938,diagnostic_post_wfa_filter,True
2026-01-07,19.00000000000091,equal_weight_positive_wfa_only,188.5750000000303,diagnostic_post_wfa_filter,True
2026-01-13,-59.624999999998636,equal_weight_positive_wfa_only,128.95000000003165,diagnostic_post_wfa_filter,True
2026-02-11,-27.749999999998636,equal_weight_positive_wfa_only,101.20000000003301,diagnostic_post_wfa_filter,True
2026-03-02,-11.999999999998181,equal_weight_positive_wfa_only,89.20000000003483,diagnostic_post_wfa_filter,True
2026-03-03,225.0,equal_weight_positive_wfa_only,314.20000000003483,diagnostic_post_wfa_filter,True
