scope,net_pnl,sharpe,sortino,profit_factor,expectancy,max_drawdown,n_trades,n_days_traded,pct_days_traded,hit_rate,avg_win,avg_loss,stop_hit_rate,target_hit_rate,exposure_time_pct
overall,6473.1599999999935,0.5415735884629777,0.5122585445743448,1.1064635406335945,8.735708502024282,-3489.79999999999,741,741,0.6616071428571428,0.4817813765182186,188.44487394957986,-158.33765625,0.3765182186234818,0.12280701754385964,0.4522184065934066
is,2693.339999999995,0.3242280821399662,0.31542633552787147,1.0622023647309773,5.04370786516853,-2471.879999999982,534,534,0.6785260482846251,0.46441947565543074,185.45556451612907,-151.39734265734265,0.3857677902621723,0.1104868913857678,0.456292965822826
oos,3779.819999999998,1.0380532074755644,0.9109649063824912,1.2159647857790123,18.25999999999999,-3489.7999999999906,207,207,0.6216216216216216,0.5265700483091788,195.24623853211003,-178.59204081632657,0.3526570048309179,0.15458937198067632,0.4425887425887426
