scope,net_pnl,sharpe,sortino,profit_factor,expectancy,max_drawdown,n_trades,n_days_traded,pct_days_traded,hit_rate,avg_win,avg_loss,stop_hit_rate,target_hit_rate,exposure_time_pct
overall,-300.5300000000002,-0.16501810940932007,-0.017615728736618135,0.8069987284380337,-13.660454545454554,-533.7,22,22,0.012593016599885518,0.5,114.23727272727272,-141.55818181818182,0.3181818181818182,0.18181818181818182,0.008142896980904995
is,-187.37000000000012,-0.16279156955676194,-0.015040102404209417,0.7885071223784905,-14.413076923076932,-533.7,13,13,0.010638297872340425,0.5384615384615384,99.79571428571428,-147.65666666666667,0.38461538461538464,0.15384615384615385,0.006544546560913173
oos,-113.16000000000007,-0.17305440252429152,-0.023367574703986493,0.8314064362336113,-12.573333333333341,-355.20000000000005,9,9,0.017142857142857144,0.4444444444444444,139.51,-134.24,0.2222222222222222,0.2222222222222222,0.011863247863247862
