scope,net_pnl,sharpe,sortino,profit_factor,expectancy,max_drawdown,n_trades,n_days_traded,pct_days_traded,hit_rate,avg_win,avg_loss,stop_hit_rate,target_hit_rate,exposure_time_pct
overall,1675.6099999999997,0.6551816884472452,0.09207390160965315,1.9575570896290029,46.54472222222221,-312.24,36,36,0.0206067544361763,0.6666666666666666,142.72875,-145.82333333333335,0.25,0.3611111111111111,0.01323881232295657
is,1379.4999999999998,0.7749141946263002,0.11308995150285253,2.2339881207957637,55.17999999999999,-312.24,25,25,0.020458265139116204,0.68,146.9070588235294,-139.74,0.24,0.4,0.012398757816106425
oos,296.1099999999999,0.3810695494128626,0.05019622576314309,1.4685581365909233,26.9190909090909,-258.46000000000004,11,11,0.02095238095238095,0.6363636363636364,132.58142857142857,-157.99,0.2727272727272727,0.2727272727272727,0.015194139194139195
