scope,net_pnl,sharpe,sortino,profit_factor,expectancy,max_drawdown,n_trades,n_days_traded,pct_days_traded,hit_rate,avg_win,avg_loss,stop_hit_rate,target_hit_rate,exposure_time_pct
overall,2948.489999999999,0.5563483700145755,0.16526010875460218,1.3349361705027978,19.788523489932878,-2038.2799999999959,149,149,0.08528906697195192,0.5906040268456376,133.54125,-144.31377049180327,0.2751677852348993,0.18120805369127516,0.04587644753643609
is,1758.8499999999992,0.5282829169732413,0.13916222417853166,1.355132393501674,20.692352941176463,-2038.2799999999959,85,85,0.06955810147299508,0.6,131.59823529411764,-145.66647058823528,0.3058823529411765,0.17647058823529413,0.03663393344244408
oos,1189.6399999999994,0.6203282656573437,0.22555081116386264,1.3089588830483476,18.58812499999999,-1549.7000000000003,64,64,0.1219047619047619,0.578125,136.21945945945947,-142.61037037037036,0.234375,0.1875,0.06738949938949938
