scope,net_pnl,sharpe,sortino,profit_factor,expectancy,max_drawdown,n_trades,n_days_traded,pct_days_traded,hit_rate,avg_win,avg_loss,stop_hit_rate,target_hit_rate,exposure_time_pct
overall,12850.359999999997,1.384320924870453,1.0010743381210256,1.455020452330772,35.5965650969529,-1985.7399999999889,361,361,0.3223214285714286,0.5235457063711911,217.41608465608456,-164.19348837209304,0.3601108033240997,0.1440443213296399,0.23024038461538462
is,9085.119999999999,1.362448776911373,1.0213742041851182,1.4421202414913044,34.67603053435114,-1985.7399999999889,262,262,0.33290978398983484,0.5152671755725191,219.5118518518518,-161.8029921259843,0.3702290076335878,0.13358778625954199,0.24160557781904668
oos,3765.24,1.4432860419466067,0.9503301167525162,1.4894816894816898,38.03272727272727,-1304.8999999999924,99,99,0.2972972972972973,0.5454545454545454,212.17666666666668,-170.94,0.3333333333333333,0.1717171717171717,0.20338030338030338
