scope,net_pnl,sharpe,sortino,profit_factor,expectancy,max_drawdown,n_trades,n_days_traded,pct_days_traded,hit_rate,avg_win,avg_loss,stop_hit_rate,target_hit_rate,exposure_time_pct
overall,-836.9100000000003,-0.3188615603755335,-0.04237756646484027,0.7173136163428542,-24.61500000000001,-1202.3000000000002,34,34,0.019461934745277618,0.4411764705882353,141.57666666666668,-155.81894736842102,0.35294117647058826,0.20588235294117646,0.010903673697033742
is,-568.0100000000002,-0.30598028188851034,-0.04010700327988096,0.7208960650968984,-23.66708333333334,-1202.3000000000002,24,24,0.019639934533551555,0.4583333333333333,133.37363636363636,-156.54769230769233,0.375,0.20833333333333334,0.01088379705400982
oos,-268.9000000000001,-0.35016205906560965,-0.0480444144733197,0.7094355117565697,-26.890000000000008,-581.2,10,10,0.01904761904761905,0.4,164.135,-154.24,0.3,0.2,0.01094993894993895
