scope,net_pnl,sharpe,sortino,profit_factor,expectancy,max_drawdown,n_trades,n_days_traded,pct_days_traded,hit_rate,avg_win,avg_loss,stop_hit_rate,target_hit_rate,exposure_time_pct
overall,-462.64000000000027,-0.18250343555492823,-0.023489048676840752,0.8266993309809032,-12.851111111111118,-1381.0500000000002,36,36,0.0206067544361763,0.5277777777777778,116.15473684210524,-157.03411764705882,0.3055555555555556,0.19444444444444445,0.012039687082617821
is,-135.50000000000023,-0.07599925753786382,-0.009562993487084392,0.9223112823511873,-5.420000000000009,-1279.42,25,25,0.020458265139116204,0.56,114.90285714285713,-158.55818181818182,0.32,0.2,0.011794452138150993
oos,-327.1400000000001,-0.43512489167266144,-0.05845016642172485,0.646503284923928,-29.74000000000001,-569.1800000000001,11,11,0.02095238095238095,0.45454545454545453,119.66,-154.24,0.2727272727272727,0.18181818181818182,0.01261050061050061
