scope,net_pnl,sharpe,sortino,profit_factor,expectancy,max_drawdown,n_trades,n_days_traded,pct_days_traded,hit_rate,avg_win,avg_loss,stop_hit_rate,target_hit_rate,exposure_time_pct
overall,4600.579999999994,0.3953579973531529,0.361677003366061,1.0774139593426024,6.497994350282477,-5902.859999999962,708,708,0.6321428571428571,0.4774011299435028,189.43455621301771,-160.61702702702706,0.3799435028248588,0.13135593220338984,0.421389652014652
is,-2982.1800000000026,-0.44631413772270856,-0.3670981435772437,0.9111128994760088,-7.327223587223593,-5902.859999999962,407,407,0.5171537484116899,0.4348894348894349,172.70067796610167,-145.87043478260873,0.40294840294840295,0.10319410319410319,0.33742221353403057
oos,7582.7599999999975,1.6487958519461703,1.7681822279751513,1.2930184209814477,25.191893687707633,-2904.8199999999906,301,301,0.9039039039039038,0.5348837209302325,207.83142857142857,-184.8435714285714,0.3488372093023256,0.16943521594684385,0.6198352198352198
