scope,net_pnl,sharpe,sortino,profit_factor,expectancy,max_drawdown,n_trades,n_days_traded,pct_days_traded,hit_rate,avg_win,avg_loss,stop_hit_rate,target_hit_rate,exposure_time_pct
overall,2467.1199999999967,0.2938757171804147,0.1900192082722681,1.0831509404328485,6.815248618784521,-3414.7599999999975,362,362,0.32321428571428573,0.48342541436464087,183.64285714285705,-158.6651336898396,0.35911602209944754,0.10220994475138122,0.21601419413919415
is,1899.3599999999976,0.3340529338673794,0.21976354654163524,1.09494711163544,7.277241379310336,-2674.0599999999995,261,261,0.33163913595933925,0.4827586206896552,173.83936507936502,-148.18074074074076,0.3524904214559387,0.09578544061302682,0.22078975662203107
oos,567.7599999999991,0.2104913450221409,0.1307022538520902,1.0587379655244475,5.621386138613852,-3414.76,101,101,0.3033033033033033,0.48514851485148514,208.85183673469388,-185.88423076923075,0.37623762376237624,0.1188118811881188,0.20472780472780472
