scope,net_pnl,sharpe,sortino,profit_factor,expectancy,max_drawdown,n_trades,n_days_traded,pct_days_traded,hit_rate,avg_win,avg_loss,stop_hit_rate,target_hit_rate,exposure_time_pct
overall,7836.459999999996,0.8713482708929261,0.5994299319543037,1.2646946563596282,21.122533692722364,-2179.8,371,371,0.33125,0.5040431266846361,200.2252406417112,-160.90032608695654,0.33153638814016173,0.13746630727762804,0.23749313186813187
is,4903.119999999997,0.7839035916376988,0.5533631231661512,1.2363272852766358,18.714198473282433,-2179.8,262,262,0.33290978398983484,0.48854961832061067,200.39281250000005,-154.82955223880597,0.3435114503816794,0.13358778625954199,0.23616459779102728
oos,2933.34,1.071628638431338,0.6927764519727754,1.3311328102951965,26.911376146788992,-1078.94,109,109,0.32732732732732733,0.5412844036697247,199.86169491525422,-177.17,0.30275229357798167,0.14678899082568808,0.24063294063294063
