feature,bucket,bucket_lower,bucket_upper,n_trades,win_rate,avg_pnl,expectancy,profit_factor,stop_hit_rate,target_hit_rate,time_exit_rate,time_exit_win_rate,cumulative_pnl,time_exit_pnl
atr_14,"(0.767, 6.839]",0.767,6.839,226,0.3893805309734513,-16.508849557522122,-16.508849557522122,0.8192257376810892,0.3893805309734513,0.12831858407079647,0.4778761061946903,0.5462962962962963,-3731.0,4043.0
atr_14,"(6.839, 10.639]",6.839,10.639,224,0.5669642857142857,32.14955357142857,32.14955357142857,1.4072094995759117,0.3794642857142857,0.17410714285714285,0.4375,0.8775510204081632,7201.5,9548.0
atr_14,"(10.639, 14.079]",10.639,14.079,225,0.49333333333333335,30.846666666666668,30.846666666666668,1.3565630619059852,0.4444444444444444,0.2222222222222222,0.3288888888888889,0.8108108108108109,6940.5,7159.5
atr_14,"(14.079, 18.15]",14.079,18.15,225,0.43555555555555553,14.95111111111111,14.95111111111111,1.165624538427453,0.49777777777777776,0.2222222222222222,0.27555555555555555,0.7580645161290323,3364.0,5490.0
atr_14,"(18.15, 44.857]",18.15,44.857,225,0.4222222222222222,5.751111111111111,5.751111111111111,1.0540100590604586,0.5377777777777778,0.21333333333333335,0.24888888888888888,0.8392857142857143,1294.0,7228.5
