feature,bucket,bucket_lower,bucket_upper,n_trades,win_rate,avg_pnl,expectancy,profit_factor,stop_hit_rate,target_hit_rate,time_exit_rate,time_exit_win_rate,cumulative_pnl,time_exit_pnl
price_vwap_distance_atr,"(0.00385, 1.601]",0.00385,1.601,225,0.4666666666666667,18.182222222222222,18.182222222222222,1.1860644926547506,0.49333333333333335,0.21777777777777776,0.28444444444444444,0.859375,4091.0,6443.5
price_vwap_distance_atr,"(1.601, 2.923]",1.601,2.923,225,0.39111111111111113,0.6244444444444445,0.6244444444444445,1.006051991126618,0.5244444444444445,0.2088888888888889,0.26666666666666666,0.6833333333333333,140.5,5278.5
price_vwap_distance_atr,"(2.923, 4.481]",2.923,4.481,225,0.4666666666666667,20.177777777777777,20.177777777777777,1.2193236714975846,0.4488888888888889,0.21777777777777776,0.3288888888888889,0.7432432432432432,4540.0,6626.0
price_vwap_distance_atr,"(4.481, 6.47]",4.481,6.47,225,0.4666666666666667,1.84,1.84,1.019848499376738,0.4622222222222222,0.16,0.36444444444444446,0.8170731707317073,414.0,7787.0
price_vwap_distance_atr,"(6.47, 36.852]",6.47,36.852,225,0.5155555555555555,26.148888888888887,26.148888888888887,1.3845927572231664,0.32,0.15555555555555556,0.5244444444444445,0.6864406779661016,5883.5,7334.0
