feature,bucket,bucket_lower,bucket_upper,n_trades,win_rate,avg_pnl,expectancy,profit_factor,stop_hit_rate,target_hit_rate,time_exit_rate,time_exit_win_rate,cumulative_pnl,time_exit_pnl
continuous_vwap_slope_5,"(-3.21, 0.155]",-3.21,0.155,225,0.4444444444444444,12.182222222222222,12.182222222222222,1.1250114019885067,0.4711111111111111,0.19555555555555557,0.3288888888888889,0.7432432432432432,2741.0,6301.0
continuous_vwap_slope_5,"(0.155, 0.627]",0.155,0.627,224,0.4419642857142857,-0.5915178571428571,-0.5915178571428571,0.9935260059121003,0.4330357142857143,0.16964285714285715,0.39732142857142855,0.6853932584269663,-132.5,5273.0
continuous_vwap_slope_5,"(0.627, 1.311]",0.627,1.311,224,0.45535714285714285,12.714285714285714,12.714285714285714,1.142197368749532,0.44642857142857145,0.18303571428571427,0.36160714285714285,0.7407407407407407,2848.0,6666.5
continuous_vwap_slope_5,"(1.311, 2.662]",1.311,2.662,224,0.47767857142857145,16.064732142857142,16.064732142857142,1.1866248314490198,0.44642857142857145,0.1875,0.35714285714285715,0.7875,3598.5,7339.5
continuous_vwap_slope_5,"(2.662, 31.276]",2.662,31.276,224,0.48214285714285715,23.703125,23.703125,1.261043781803879,0.45982142857142855,0.21875,0.32142857142857145,0.8194444444444444,5309.5,7876.5
