feature,bucket,bucket_lower,bucket_upper,n_trades,win_rate,avg_pnl,expectancy,profit_factor,stop_hit_rate,target_hit_rate,time_exit_rate,time_exit_win_rate,cumulative_pnl,time_exit_pnl
or_width_atr_ratio,"(-0.001, 3.468]",-0.001,3.468,225,0.39555555555555555,10.79111111111111,10.79111111111111,1.0967793367346939,0.5822222222222222,0.28,0.13777777777777778,0.8387096774193549,2428.0,3458.5
or_width_atr_ratio,"(3.468, 4.263]",3.468,4.263,225,0.4266666666666667,0.2111111111111111,0.2111111111111111,1.002083607492214,0.5244444444444445,0.20444444444444446,0.26666666666666666,0.8166666666666667,47.5,5960.0
or_width_atr_ratio,"(4.263, 5.362]",4.263,5.362,225,0.5333333333333333,53.80222222222222,53.80222222222222,1.6576216862233812,0.41333333333333333,0.26222222222222225,0.32,0.8333333333333334,12105.5,8163.0
or_width_atr_ratio,"(5.362, 7.062]",5.362,7.062,225,0.44,-12.842222222222222,-12.842222222222222,0.8661834853887834,0.4444444444444444,0.1288888888888889,0.4222222222222222,0.7263157894736842,-2889.5,7087.0
or_width_atr_ratio,"(7.062, 48.921]",7.062,48.921,225,0.5111111111111111,15.011111111111111,15.011111111111111,1.2383136355618274,0.28444444444444444,0.08444444444444445,0.6222222222222222,0.6785714285714286,3377.5,8800.5
