scope,net_pnl,sharpe,sortino,profit_factor,expectancy,max_drawdown,n_trades,n_days_traded,pct_days_traded,hit_rate,avg_win,avg_loss,stop_hit_rate,target_hit_rate,exposure_time_pct
overall,-536.0600000000002,-0.29224319769557344,-0.028985083603346517,0.6686160085062188,-28.213684210526324,-783.3400000000001,19,19,0.010875787063537493,0.42105263157894735,135.1975,-147.05818181818182,0.42105263157894735,0.21052631578947367,0.006946707175671114
is,-365.8800000000001,-0.3113925143585109,-0.029364469080943287,0.6288044801558315,-30.49000000000001,-587.4000000000001,12,12,0.009819967266775777,0.4166666666666667,123.96,-140.8114285714286,0.4166666666666667,0.25,0.006548743128121197
oos,-170.18000000000006,-0.263222631143454,-0.02884871736980073,0.7307108044812962,-24.311428571428582,-287.72,7,7,0.013333333333333334,0.42857142857142855,153.92666666666665,-157.99,0.42857142857142855,0.14285714285714285,0.007873015873015874
