{
  "baseline_oos_max_drawdown": -14044.499999998035,
  "baseline_oos_net_pnl": -8157.499999997781,
  "baseline_oos_profit_factor": 0.9091789644787822,
  "baseline_oos_sharpe": -0.46248920960504275,
  "baseline_oos_trade_count": 257,
  "baseline_variant": "baseline",
  "best_ex_post_oos_variant": {
    "context_key": "",
    "description": "Reduce size when downside semivariance percentile is elevated.",
    "down_multiplier": 0.5,
    "downscaled_losers": 45,
    "downscaled_trades": 78,
    "downscaled_winners": 33,
    "downsizing_loss_saved_usd": 14285.49999999966,
    "downsizing_profit_given_up_usd": 12348.500000000113,
    "family": "downside_downsize",
    "feature_key": "rs_minus_share_pct",
    "high_threshold": 0.9,
    "horizon": "90m",
    "is_average_trade": 12.257685352629004,
    "is_longest_losing_streak_daily": 4,
    "is_longest_losing_streak_trade": 7,
    "is_max_drawdown": -19207.499999999418,
    "is_max_drawdown_improvement_vs_baseline": -0.001224979149315606,
    "is_n_days_traded": 553,
    "is_net_pnl": 6778.500000003839,
    "is_participation_rate": 0.4525368248772504,
    "is_profit_factor": 1.0402358890953467,
    "is_profit_factor_delta_vs_baseline": -0.007690750436617266,
    "is_reference_variant": false,
    "is_screen_score": 0.061508444116393834,
    "is_sharpe": 0.182690882999455,
    "is_sharpe_delta_vs_baseline": -0.036340916221624914,
    "is_sortino": 0.1389820331746827,
    "is_trade_count": 553,
    "is_trade_retention_vs_baseline": 1.0,
    "is_trades_per_month": 9.503273322422258,
    "is_win_rate": 0.4864376130198915,
    "losers_avoided": 0,
    "losers_avoided_usd": -0.0,
    "low_threshold": NaN,
    "oos_average_trade": -17.797665369642196,
    "oos_longest_losing_streak_daily": 6,
    "oos_longest_losing_streak_trade": 12,
    "oos_max_drawdown": -10233.49999999969,
    "oos_max_drawdown_improvement_vs_baseline": 0.27135177471600114,
    "oos_n_days_traded": 257,
    "oos_net_pnl": -4573.999999998045,
    "oos_participation_rate": 0.4895238095238095,
    "oos_profit_factor": 0.9447947908683514,
    "oos_profit_factor_delta_vs_baseline": 0.03561582638956917,
    "oos_promotion_ready": false,
    "oos_sharpe": -0.27035565189745436,
    "oos_sharpe_delta_vs_baseline": 0.1921335577075884,
    "oos_sortino": -0.22921433733432528,
    "oos_trade_count": 257,
    "oos_trade_retention_vs_baseline": 1.0,
    "oos_trades_per_month": 10.28,
    "oos_win_rate": 0.42023346303501946,
    "overall_average_trade": 2.721604938278762,
    "overall_longest_losing_streak_daily": 6,
    "overall_longest_losing_streak_trade": 12,
    "overall_max_drawdown": -20055.999999996806,
    "overall_n_days_traded": 810,
    "overall_net_pnl": 2204.500000005797,
    "overall_participation_rate": 0.4636519748139668,
    "overall_profit_factor": 1.0087715633436818,
    "overall_sharpe": 0.040788197438025815,
    "overall_sortino": 0.03213514541578362,
    "overall_trade_count": 810,
    "overall_trades_per_month": 9.736691471093303,
    "overall_win_rate": 0.4654320987654321,
    "parameters_json": "{\"down_multiplier\": 0.5, \"feature_key\": \"rs_minus_share_pct\", \"high_threshold\": 0.9}",
    "promotion_candidate": false,
    "promotion_candidate_rank": NaN,
    "skipped_trades": 0,
    "support_cluster_count": 2.0,
    "up_multiplier": NaN,
    "upscaled_losers": 0,
    "upscaled_trades": 0,
    "upscaled_winners": 0,
    "upsizing_loss_added_usd": 0.0,
    "upsizing_profit_added_usd": 0.0,
    "variant_name": "downside_downsize__rs_minus_share_pct__90m__t90__d50",
    "winners_sacrificed": 0,
    "winners_sacrificed_usd": 0.0
  },
  "best_is_candidate": {
    "context_key": "",
    "description": "Reduce size when downside semivariance percentile is elevated.",
    "down_multiplier": 0.5,
    "downscaled_losers": 28,
    "downscaled_trades": 57,
    "downscaled_winners": 29,
    "downsizing_loss_saved_usd": 6830.499999999867,
    "downsizing_profit_given_up_usd": 7660.50000000002,
    "family": "downside_downsize",
    "feature_key": "rs_minus_pct",
    "high_threshold": 0.9,
    "horizon": "session",
    "is_average_trade": 16.886075949374224,
    "is_longest_losing_streak_daily": 4,
    "is_longest_losing_streak_trade": 7,
    "is_max_drawdown": -17746.499999998978,
    "is_max_drawdown_improvement_vs_baseline": 0.07493223519599926,
    "is_n_days_traded": 553,
    "is_net_pnl": 9338.000000003945,
    "is_participation_rate": 0.4525368248772504,
    "is_profit_factor": 1.0543336591723929,
    "is_profit_factor_delta_vs_baseline": 0.00640701964042889,
    "is_reference_variant": false,
    "is_screen_score": 0.16527856113717423,
    "is_sharpe": 0.24556283883216873,
    "is_sharpe_delta_vs_baseline": 0.026531039611088825,
    "is_sortino": 0.18823282573942673,
    "is_trade_count": 553,
    "is_trade_retention_vs_baseline": 1.0,
    "is_trades_per_month": 9.503273322422258,
    "is_win_rate": 0.4864376130198915,
    "losers_avoided": 0,
    "losers_avoided_usd": -0.0,
    "low_threshold": NaN,
    "oos_average_trade": -38.52334630349358,
    "oos_longest_losing_streak_daily": 6,
    "oos_longest_losing_streak_trade": 12,
    "oos_max_drawdown": -15104.49999999808,
    "oos_max_drawdown_improvement_vs_baseline": -0.07547438499057937,
    "oos_n_days_traded": 257,
    "oos_net_pnl": -9900.49999999785,
    "oos_participation_rate": 0.4895238095238095,
    "oos_profit_factor": 0.8860892026071814,
    "oos_profit_factor_delta_vs_baseline": -0.023089761871600833,
    "oos_promotion_ready": false,
    "oos_sharpe": -0.5806219263684951,
    "oos_sharpe_delta_vs_baseline": -0.11813271676345233,
    "oos_sortino": -0.4781023971891094,
    "oos_trade_count": 257,
    "oos_trade_retention_vs_baseline": 1.0,
    "oos_trades_per_month": 10.28,
    "oos_win_rate": 0.42023346303501946,
    "overall_average_trade": -0.694444444436917,
    "overall_longest_losing_streak_daily": 6,
    "overall_longest_losing_streak_trade": 12,
    "overall_max_drawdown": -22637.49999999537,
    "overall_n_days_traded": 810,
    "overall_net_pnl": -562.4999999939027,
    "overall_participation_rate": 0.4636519748139668,
    "overall_profit_factor": 0.997826326375669,
    "overall_sharpe": -0.010207697530300494,
    "overall_sortino": -0.008008781440617585,
    "overall_trade_count": 810,
    "overall_trades_per_month": 9.736691471093303,
    "overall_win_rate": 0.4654320987654321,
    "parameters_json": "{\"down_multiplier\": 0.5, \"feature_key\": \"rs_minus_pct\", \"high_threshold\": 0.9}",
    "promotion_candidate": true,
    "promotion_candidate_rank": 1,
    "skipped_trades": 0,
    "support_cluster_count": 4,
    "up_multiplier": NaN,
    "upscaled_losers": 0,
    "upscaled_trades": 0,
    "upscaled_winners": 0,
    "upsizing_loss_added_usd": 0.0,
    "upsizing_profit_added_usd": 0.0,
    "variant_name": "downside_downsize__rs_minus_pct__session__t90__d50",
    "winners_sacrificed": 0,
    "winners_sacrificed_usd": 0.0
  },
  "credible_overlay": true,
  "promoted_variant": {
    "context_key": "",
    "description": "Conservative three-state sizing using low / neutral / high downside semivariance.",
    "down_multiplier": 0.5,
    "downscaled_losers": 44,
    "downscaled_trades": 76,
    "downscaled_winners": 32,
    "downsizing_loss_saved_usd": 14723.499999999784,
    "downsizing_profit_given_up_usd": 11842.000000000095,
    "family": "downside_three_state",
    "feature_key": "rs_minus_pct",
    "high_threshold": 0.85,
    "horizon": "30m",
    "is_average_trade": 17.707052441237163,
    "is_longest_losing_streak_daily": 4,
    "is_longest_losing_streak_trade": 7,
    "is_max_drawdown": -18482.999999998807,
    "is_max_drawdown_improvement_vs_baseline": 0.03654086738950064,
    "is_n_days_traded": 553,
    "is_net_pnl": 9792.000000004151,
    "is_participation_rate": 0.4525368248772504,
    "is_profit_factor": 1.0548414738646343,
    "is_profit_factor_delta_vs_baseline": 0.006914834332670372,
    "is_reference_variant": false,