{
  "run_timestamp": "2026-03-28T10:52:42.882189",
  "dataset_path": "D:\\Business\\Trading\\VSCODE\\algo-trading-intraday-research\\data\\processed\\parquet\\MNQ_c_0_1m_20260321_094501.parquet",
  "selected_symbol": "MNQ",
  "selected_aggregation_rule": "majority_50",
  "analysis_baseline_transfer": {
    "config_type": "ensemble_rule",
    "config_id": "ensemble__majority_50",
    "aggregation_rule": "majority_50",
    "threshold": 0.5,
    "atr_period": null,
    "q_low_pct": null,
    "q_high_pct": null,
    "pair": "",
    "low_threshold_is": null,
    "high_threshold_is": null,
    "n_subsignals": 216,
    "selected_days_total": 1134,
    "selected_days_is": 795,
    "selected_days_oos": 339,
    "selection_rate_total": 0.6491127647395535,
    "overall_net_pnl": 47018.0,
    "overall_sharpe": 0.7762274710418623,
    "overall_profit_factor": 1.1534645224674176,
    "overall_expectancy": 41.4620811287478,
    "overall_max_drawdown": -11763.0,
    "overall_max_drawdown_abs": 11763.0,
    "overall_return_over_drawdown": 3.9971095808892287,
    "overall_nb_trades": 1134,
    "overall_pct_days_traded": 0.6491127647395535,
    "overall_avg_winner": 629.9376114081997,
    "overall_avg_loser": -534.6893542757417,
    "overall_hit_ratio": 0.4947089947089947,
    "overall_worst_day": -750.0,
    "overall_worst_5day_drawdown": -3300.5,
    "overall_max_losing_streak": 11,
    "overall_trade_losing_streak": 11,
    "overall_composite_score": 0.9807029378111105,
    "is_net_pnl": 11443.0,
    "is_sharpe": 0.27362905317039693,
    "is_profit_factor": 1.0512512736678274,
    "is_expectancy": 14.3937106918239,
    "is_max_drawdown": -11763.0,
    "is_max_drawdown_abs": 11763.0,
    "is_return_over_drawdown": 0.972796055428037,
    "is_nb_trades": 795,
    "is_pct_days_traded": 0.6505728314238952,
    "is_avg_winner": 622.5875331564987,
    "is_avg_loser": -534.1447368421053,
    "is_hit_ratio": 0.4742138364779874,
    "is_worst_day": -750.0,
    "is_worst_5day_drawdown": -3300.5,
    "is_max_losing_streak": 11,
    "is_trade_losing_streak": 11,
    "is_composite_score": -1.1853425957794284,
    "oos_net_pnl": 35575.0,
    "oos_sharpe": 1.905281165530738,
    "oos_profit_factor": 1.4280754953101216,
    "oos_expectancy": 104.9410029498525,
    "oos_max_drawdown": -9765.0,
    "oos_max_drawdown_abs": 9765.0,
    "oos_return_over_drawdown": 3.6431131592421915,
    "oos_nb_trades": 339,
    "oos_pct_days_traded": 0.6457142857142857,
    "oos_avg_winner": 644.9972826086956,
    "oos_avg_loser": -536.158064516129,
    "oos_hit_ratio": 0.5427728613569321,
    "oos_worst_day": -750.0,
    "oos_worst_5day_drawdown": -3259.0,
    "oos_max_losing_streak": 7,
    "oos_trade_losing_streak": 7,
    "oos_composite_score": 1.970671138804033,
    "stability_gap": 4.204071515367484,
    "ensemble_robustness_score": 0.49924610842541384
  },
  "analysis_best_ensemble": {
    "config_type": "ensemble_rule",
    "config_id": "ensemble__majority_50",
    "aggregation_rule": "majority_50",
    "threshold": 0.5,
    "atr_period": null,
    "q_low_pct": null,
    "q_high_pct": null,
    "pair": "",
    "low_threshold_is": null,
    "high_threshold_is": null,
    "n_subsignals": 216,
    "selected_days_total": 1134,
    "selected_days_is": 795,
    "selected_days_oos": 339,
    "selection_rate_total": 0.6491127647395535,
    "overall_net_pnl": 47018.0,
    "overall_sharpe": 0.7762274710418623,
    "overall_profit_factor": 1.1534645224674176,
    "overall_expectancy": 41.4620811287478,
    "overall_max_drawdown": -11763.0,
    "overall_max_drawdown_abs": 11763.0,
    "overall_return_over_drawdown": 3.9971095808892287,
    "overall_nb_trades": 1134,
    "overall_pct_days_traded": 0.6491127647395535,
    "overall_avg_winner": 629.9376114081997,
    "overall_avg_loser": -534.6893542757417,
    "overall_hit_ratio": 0.4947089947089947,
    "overall_worst_day": -750.0,
    "overall_worst_5day_drawdown": -3300.5,
    "overall_max_losing_streak": 11,
    "overall_trade_losing_streak": 11,
    "overall_composite_score": 0.9807029378111105,
    "is_net_pnl": 11443.0,
    "is_sharpe": 0.27362905317039693,
    "is_profit_factor": 1.0512512736678274,
    "is_expectancy": 14.3937106918239,
    "is_max_drawdown": -11763.0,
    "is_max_drawdown_abs": 11763.0,
    "is_return_over_drawdown": 0.972796055428037,
    "is_nb_trades": 795,
    "is_pct_days_traded": 0.6505728314238952,
    "is_avg_winner": 622.5875331564987,
    "is_avg_loser": -534.1447368421053,
    "is_hit_ratio": 0.4742138364779874,
    "is_worst_day": -750.0,
    "is_worst_5day_drawdown": -3300.5,
    "is_max_losing_streak": 11,
    "is_trade_losing_streak": 11,
    "is_composite_score": -1.1853425957794284,
    "oos_net_pnl": 35575.0,
    "oos_sharpe": 1.905281165530738,
    "oos_profit_factor": 1.4280754953101216,
    "oos_expectancy": 104.9410029498525,
    "oos_max_drawdown": -9765.0,
    "oos_max_drawdown_abs": 9765.0,
    "oos_return_over_drawdown": 3.6431131592421915,
    "oos_nb_trades": 339,
    "oos_pct_days_traded": 0.6457142857142857,
    "oos_avg_winner": 644.9972826086956,
    "oos_avg_loser": -536.158064516129,
    "oos_hit_ratio": 0.5427728613569321,
    "oos_worst_day": -750.0,
    "oos_worst_5day_drawdown": -3259.0,
    "oos_max_losing_streak": 7,
    "oos_trade_losing_streak": 7,
    "oos_composite_score": 1.970671138804033,
    "stability_gap": 4.204071515367484,
    "ensemble_robustness_score": 0.49924610842541384
  },
  "vvix_export_root": "D:\\Business\\Trading\\VSCODE\\algo-trading-intraday-research\\data\\exports\\mnq_orb_vix_vvix_validation_20260327_run",
  "sizing_export_root": "D:\\Business\\Trading\\VSCODE\\algo-trading-intraday-research\\data\\exports\\mnq_orb_regime_filter_sizing_20260325_150405",
  "coverage_summary": {
    "selected_sessions_before_overlay_coverage": 1134,
    "sessions_with_vvix_context": 1120,
    "sessions_with_sizing_context": 1134,
    "common_campaign_sessions": 1120,
    "excluded_selected_sessions_no_vvix_context": 14,
    "excluded_selected_sessions_no_sizing_context": 0,
    "campaign_is_sessions": 787,
    "campaign_oos_sessions": 333
  },
  "spec": {
    "symbol": "MNQ",
    "dataset_path": null,
    "is_fraction": 0.7,
    "aggregation_rule": "majority_50",
    "baseline": {
      "or_minutes": 30,
      "opening_time": "09:30:00",
      "direction": "both",
      "one_trade_per_day": true,
      "entry_buffer_ticks": 2,
      "stop_buffer_ticks": 2,
      "target_multiple": 2.0,
      "vwap_confirmation": true,
      "vwap_column": "continuous_session_vwap",
      "time_exit": "16:00:00",
      "account_size_usd": 50000.0,
      "risk_per_trade_pct": 1.5,
      "entry_on_next_open": true
    },
    "grid": {
      "atr_periods": [
        25,
        26,
        27,
        28,
        29,
        30
      ],
      "q_lows_pct": [
        25,
        26,
        27,
        28,
        29,
        30
      ],
      "q_highs_pct": [
        90,
        91,
        92,
        93,
        94,
        95
      ],
      "aggregation_rules": [
        "majority_50",
        "consensus_75",
        "unanimity_100"
      ]
    },
    "initial_capital_usd": 50000.0,
    "fixed_contracts": 1,
    "commission_per_side_usd": null,
    "slippage_ticks": null,
    "vix_daily_path": "D:\\Business\\Trading\\VSCODE\\algo-trading-intraday-research\\data\\raw\\vix-daily.csv",
    "vvix_daily_path": "D:\\Business\\Trading\\VSCODE\\algo-trading-intraday-research\\data\\raw\\vvix-daily.csv",
    "vvix_export_root": null,
    "hard_filter_variant_name": "filter_drop_low__vvix_pct_63_t1",
    "sizing_export_root": null,
    "sizing_variant_name": "sizing_3state_realized_vol_ratio_15_60",
    "primary_feature_name": "vvix_pct_63_t1",
    "sensitivity_feature_names": [
      "vvix_pct_126_t1"
    ],
    "bucket_count": 3,
    "min_bucket_obs_is": 50,
    "min_oos_trades_for_positive": 20,
    "output_root": "data\\exports\\mnq_orb_vvix_sizing_modulation_20260328_run"
  }
}