session_date,daily_pnl_usd,daily_gross_pnl_usd,daily_fees_usd,daily_trade_count,daily_loss_count,equity,peak_equity,drawdown_usd,drawdown_pct,green_day
2019-05-05,0.0,0.0,0.0,0.0,0.0,50000.0,50000.0,0.0,0.0,False
2019-05-06,0.0,0.0,0.0,0.0,0.0,50000.0,50000.0,0.0,0.0,False
2019-05-07,0.0,0.0,0.0,0.0,0.0,50000.0,50000.0,0.0,0.0,False
2019-05-08,0.0,0.0,0.0,0.0,0.0,50000.0,50000.0,0.0,0.0,False
2019-05-09,0.0,0.0,0.0,0.0,0.0,50000.0,50000.0,0.0,0.0,False
2019-05-10,0.0,0.0,0.0,0.0,0.0,50000.0,50000.0,0.0,0.0,False
2019-05-12,0.0,0.0,0.0,0.0,0.0,50000.0,50000.0,0.0,0.0,False
2019-05-13,0.0,0.0,0.0,0.0,0.0,50000.0,50000.0,0.0,0.0,False
2019-05-14,0.0,0.0,0.0,0.0,0.0,50000.0,50000.0,0.0,0.0,False
2019-05-15,0.0,0.0,0.0,0.0,0.0,50000.0,50000.0,0.0,0.0,False
2019-05-16,0.0,0.0,0.0,0.0,0.0,50000.0,50000.0,0.0,0.0,False
2019-05-17,0.0,0.0,0.0,0.0,0.0,50000.0,50000.0,0.0,0.0,False
2019-05-19,0.0,0.0,0.0,0.0,0.0,50000.0,50000.0,0.0,0.0,False
2019-05-20,0.0,0.0,0.0,0.0,0.0,50000.0,50000.0,0.0,0.0,False
2019-05-21,0.0,0.0,0.0,0.0,0.0,50000.0,50000.0,0.0,0.0,False
2019-05-22,0.0,0.0,0.0,0.0,0.0,50000.0,50000.0,0.0,0.0,False
2019-05-23,0.0,0.0,0.0,0.0,0.0,50000.0,50000.0,0.0,0.0,False
2019-05-24,0.0,0.0,0.0,0.0,0.0,50000.0,50000.0,0.0,0.0,False
2019-05-26,0.0,0.0,0.0,0.0,0.0,50000.0,50000.0,0.0,0.0,False
2019-05-27,0.0,0.0,0.0,0.0,0.0,50000.0,50000.0,0.0,0.0,False
2019-05-28,0.0,0.0,0.0,0.0,0.0,50000.0,50000.0,0.0,0.0,False
2019-05-29,0.0,0.0,0.0,0.0,0.0,50000.0,50000.0,0.0,0.0,False
2019-05-30,0.0,0.0,0.0,0.0,0.0,50000.0,50000.0,0.0,0.0,False
2019-05-31,0.0,0.0,0.0,0.0,0.0,50000.0,50000.0,0.0,0.0,False
2019-06-02,0.0,0.0,0.0,0.0,0.0,50000.0,50000.0,0.0,0.0,False
2019-06-03,0.0,0.0,0.0,0.0,0.0,50000.0,50000.0,0.0,0.0,False
2019-06-04,0.0,0.0,0.0,0.0,0.0,50000.0,50000.0,0.0,0.0,False
2019-06-05,0.0,0.0,0.0,0.0,0.0,50000.0,50000.0,0.0,0.0,False
2019-06-06,0.0,0.0,0.0,0.0,0.0,50000.0,50000.0,0.0,0.0,False
2019-06-07,0.0,0.0,0.0,0.0,0.0,50000.0,50000.0,0.0,0.0,False
2019-06-09,0.0,0.0,0.0,0.0,0.0,50000.0,50000.0,0.0,0.0,False
2019-06-10,0.0,0.0,0.0,0.0,0.0,50000.0,50000.0,0.0,0.0,False
2019-06-11,0.0,0.0,0.0,0.0,0.0,50000.0,50000.0,0.0,0.0,False
2019-06-12,0.0,0.0,0.0,0.0,0.0,50000.0,50000.0,0.0,0.0,False
2019-06-13,0.0,0.0,0.0,0.0,0.0,50000.0,50000.0,0.0,0.0,False
2019-06-14,0.0,0.0,0.0,0.0,0.0,50000.0,50000.0,0.0,0.0,False
2019-06-16,0.0,0.0,0.0,0.0,0.0,50000.0,50000.0,0.0,0.0,False
2019-06-17,0.0,0.0,0.0,0.0,0.0,50000.0,50000.0,0.0,0.0,False
2019-06-18,-83.0,-80.5,2.5,1.0,1.0,49917.0,50000.0,-83.0,0.00166,False
2019-06-19,0.0,0.0,0.0,0.0,0.0,49917.0,50000.0,-83.0,0.00166,False
2019-06-20,0.0,0.0,0.0,0.0,0.0,49917.0,50000.0,-83.0,0.00166,False
2019-06-21,0.0,0.0,0.0,0.0,0.0,49917.0,50000.0,-83.0,0.00166,False
2019-06-23,0.0,0.0,0.0,0.0,0.0,49917.0,50000.0,-83.0,0.00166,False
2019-06-24,0.0,0.0,0.0,0.0,0.0,49917.0,50000.0,-83.0,0.00166,False
2019-06-25,0.0,0.0,0.0,0.0,0.0,49917.0,50000.0,-83.0,0.00166,False
2019-06-26,0.0,0.0,0.0,0.0,0.0,49917.0,50000.0,-83.0,0.00166,False
2019-06-27,0.0,0.0,0.0,0.0,0.0,49917.0,50000.0,-83.0,0.00166,False
2019-06-28,0.0,0.0,0.0,0.0,0.0,49917.0,50000.0,-83.0,0.00166,False
2019-06-30,0.0,0.0,0.0,0.0,0.0,49917.0,50000.0,-83.0,0.00166,False
2019-07-01,0.0,0.0,0.0,0.0,0.0,49917.0,50000.0,-83.0,0.00166,False
2019-07-02,0.0,0.0,0.0,0.0,0.0,49917.0,50000.0,-83.0,0.00166,False
2019-07-03,0.0,0.0,0.0,0.0,0.0,49917.0,50000.0,-83.0,0.00166,False
2019-07-04,0.0,0.0,0.0,0.0,0.0,49917.0,50000.0,-83.0,0.00166,False
2019-07-05,0.0,0.0,0.0,0.0,0.0,49917.0,50000.0,-83.0,0.00166,False
2019-07-07,0.0,0.0,0.0,0.0,0.0,49917.0,50000.0,-83.0,0.00166,False
2019-07-08,0.0,0.0,0.0,0.0,0.0,49917.0,50000.0,-83.0,0.00166,False
2019-07-09,0.0,0.0,0.0,0.0,0.0,49917.0,50000.0,-83.0,0.00166,False
2019-07-10,0.0,0.0,0.0,0.0,0.0,49917.0,50000.0,-83.0,0.00166,False
2019-07-11,0.0,0.0,0.0,0.0,0.0,49917.0,50000.0,-83.0,0.00166,False
2019-07-12,0.0,0.0,0.0,0.0,0.0,49917.0,50000.0,-83.0,0.00166,False
2019-07-14,0.0,0.0,0.0,0.0,0.0,49917.0,50000.0,-83.0,0.00166,False
2019-07-15,0.0,0.0,0.0,0.0,0.0,49917.0,50000.0,-83.0,0.00166,False
2019-07-16,0.0,0.0,0.0,0.0,0.0,49917.0,50000.0,-83.0,0.00166,False
2019-07-17,0.0,0.0,0.0,0.0,0.0,49917.0,50000.0,-83.0,0.00166,False
2019-07-18,0.0,0.0,0.0,0.0,0.0,49917.0,50000.0,-83.0,0.00166,False
2019-07-19,0.0,0.0,0.0,0.0,0.0,49917.0,50000.0,-83.0,0.00166,False
2019-07-21,0.0,0.0,0.0,0.0,0.0,49917.0,50000.0,-83.0,0.00166,False
2019-07-22,0.0,0.0,0.0,0.0,0.0,49917.0,50000.0,-83.0,0.00166,False
2019-07-23,0.0,0.0,0.0,0.0,0.0,49917.0,50000.0,-83.0,0.00166,False
2019-07-24,0.0,0.0,0.0,0.0,0.0,49917.0,50000.0,-83.0,0.00166,False
2019-07-25,0.0,0.0,0.0,0.0,0.0,49917.0,50000.0,-83.0,0.00166,False
2019-07-26,0.0,0.0,0.0,0.0,0.0,49917.0,50000.0,-83.0,0.00166,False
2019-07-28,0.0,0.0,0.0,0.0,0.0,49917.0,50000.0,-83.0,0.00166,False
2019-07-29,0.0,0.0,0.0,0.0,0.0,49917.0,50000.0,-83.0,0.00166,False
2019-07-30,0.0,0.0,0.0,0.0,0.0,49917.0,50000.0,-83.0,0.00166,False
2019-07-31,0.0,0.0,0.0,0.0,0.0,49917.0,50000.0,-83.0,0.00166,False
2019-08-01,0.0,0.0,0.0,0.0,0.0,49917.0,50000.0,-83.0,0.00166,False
2019-08-02,0.0,0.0,0.0,0.0,0.0,49917.0,50000.0,-83.0,0.00166,False
2019-08-04,0.0,0.0,0.0,0.0,0.0,49917.0,50000.0,-83.0,0.00166,False
2019-08-05,0.0,0.0,0.0,0.0,0.0,49917.0,50000.0,-83.0,0.00166,False
2019-08-06,-171.0,-166.0,5.0,1.0,1.0,49746.0,50000.0,-254.0,0.00508,False
2019-08-07,0.0,0.0,0.0,0.0,0.0,49746.0,50000.0,-254.0,0.00508,False
2019-08-08,163.0,165.5,2.5,1.0,0.0,49909.0,50000.0,-91.0,0.00182,True
2019-08-09,0.0,0.0,0.0,0.0,0.0,49909.0,50000.0,-91.0,0.00182,False
2019-08-11,0.0,0.0,0.0,0.0,0.0,49909.0,50000.0,-91.0,0.00182,False
2019-08-12,0.0,0.0,0.0,0.0,0.0,49909.0,50000.0,-91.0,0.00182,False
2019-08-13,167.0,169.5,2.5,1.0,0.0,50076.0,50076.0,0.0,0.0,True
2019-08-14,0.0,0.0,0.0,0.0,0.0,50076.0,50076.0,0.0,0.0,False
2019-08-15,0.0,0.0,0.0,0.0,0.0,50076.0,50076.0,0.0,0.0,False
2019-08-16,0.0,0.0,0.0,0.0,0.0,50076.0,50076.0,0.0,0.0,False
2019-08-18,0.0,0.0,0.0,0.0,0.0,50076.0,50076.0,0.0,0.0,False
2019-08-19,0.0,0.0,0.0,0.0,0.0,50076.0,50076.0,0.0,0.0,False
2019-08-20,0.0,0.0,0.0,0.0,0.0,50076.0,50076.0,0.0,0.0,False
2019-08-21,0.0,0.0,0.0,0.0,0.0,50076.0,50076.0,0.0,0.0,False
2019-08-22,0.0,0.0,0.0,0.0,0.0,50076.0,50076.0,0.0,0.0,False
2019-08-23,0.0,0.0,0.0,0.0,0.0,50076.0,50076.0,0.0,0.0,False
2019-08-25,0.0,0.0,0.0,0.0,0.0,50076.0,50076.0,0.0,0.0,False
2019-08-26,0.0,0.0,0.0,0.0,0.0,50076.0,50076.0,0.0,0.0,False
2019-08-27,0.0,0.0,0.0,0.0,0.0,50076.0,50076.0,0.0,0.0,False
2019-08-28,0.0,0.0,0.0,0.0,0.0,50076.0,50076.0,0.0,0.0,False
2019-08-29,0.0,0.0,0.0,0.0,0.0,50076.0,50076.0,0.0,0.0,False
2019-08-30,0.0,0.0,0.0,0.0,0.0,50076.0,50076.0,0.0,0.0,False
2019-09-01,0.0,0.0,0.0,0.0,0.0,50076.0,50076.0,0.0,0.0,False
2019-09-02,0.0,0.0,0.0,0.0,0.0,50076.0,50076.0,0.0,0.0,False
2019-09-03,-180.0,-175.0,5.0,1.0,1.0,49896.0,50076.0,-180.0,0.0035945363048166786,False
2019-09-04,0.0,0.0,0.0,0.0,0.0,49896.0,50076.0,-180.0,0.0035945363048166786,False
2019-09-05,0.0,0.0,0.0,0.0,0.0,49896.0,50076.0,-180.0,0.0035945363048166786,False
2019-09-06,0.0,0.0,0.0,0.0,0.0,49896.0,50076.0,-180.0,0.0035945363048166786,False
2019-09-08,0.0,0.0,0.0,0.0,0.0,49896.0,50076.0,-180.0,0.0035945363048166786,False
2019-09-09,0.0,0.0,0.0,0.0,0.0,49896.0,50076.0,-180.0,0.0035945363048166786,False
2019-09-10,0.0,0.0,0.0,0.0,0.0,49896.0,50076.0,-180.0,0.0035945363048166786,False
2019-09-11,0.0,0.0,0.0,0.0,0.0,49896.0,50076.0,-180.0,0.0035945363048166786,False
2019-09-12,-198.0,-193.0,5.0,1.0,1.0,49698.0,50076.0,-378.0,0.007548526240115025,False
2019-09-13,0.0,0.0,0.0,0.0,0.0,49698.0,50076.0,-378.0,0.007548526240115025,False
2019-09-15,0.0,0.0,0.0,0.0,0.0,49698.0,50076.0,-378.0,0.007548526240115025,False
2019-09-16,0.0,0.0,0.0,0.0,0.0,49698.0,50076.0,-378.0,0.007548526240115025,False
2019-09-17,0.0,0.0,0.0,0.0,0.0,49698.0,50076.0,-378.0,0.007548526240115025,False
2019-09-18,0.0,0.0,0.0,0.0,0.0,49698.0,50076.0,-378.0,0.007548526240115025,False
2019-09-19,0.0,0.0,0.0,0.0,0.0,49698.0,50076.0,-378.0,0.007548526240115025,False
2019-09-20,0.0,0.0,0.0,0.0,0.0,49698.0,50076.0,-378.0,0.007548526240115025,False
2019-09-22,0.0,0.0,0.0,0.0,0.0,49698.0,50076.0,-378.0,0.007548526240115025,False
2019-09-23,0.0,0.0,0.0,0.0,0.0,49698.0,50076.0,-378.0,0.007548526240115025,False
2019-09-24,0.0,0.0,0.0,0.0,0.0,49698.0,50076.0,-378.0,0.007548526240115025,False
2019-09-25,0.0,0.0,0.0,0.0,0.0,49698.0,50076.0,-378.0,0.007548526240115025,False
2019-09-26,0.0,0.0,0.0,0.0,0.0,49698.0,50076.0,-378.0,0.007548526240115025,False
2019-09-27,0.0,0.0,0.0,0.0,0.0,49698.0,50076.0,-378.0,0.007548526240115025,False
2019-09-29,0.0,0.0,0.0,0.0,0.0,49698.0,50076.0,-378.0,0.007548526240115025,False
2019-09-30,0.0,0.0,0.0,0.0,0.0,49698.0,50076.0,-378.0,0.007548526240115025,False
2019-10-01,0.0,0.0,0.0,0.0,0.0,49698.0,50076.0,-378.0,0.007548526240115025,False
2019-10-02,0.0,0.0,0.0,0.0,0.0,49698.0,50076.0,-378.0,0.007548526240115025,False
2019-10-03,215.0,220.0,5.0,1.0,0.0,49913.0,50076.0,-163.0,0.0032550523204728813,True
2019-10-04,0.0,0.0,0.0,0.0,0.0,49913.0,50076.0,-163.0,0.0032550523204728813,False
2019-10-06,0.0,0.0,0.0,0.0,0.0,49913.0,50076.0,-163.0,0.0032550523204728813,False
2019-10-07,0.0,0.0,0.0,0.0,0.0,49913.0,50076.0,-163.0,0.0032550523204728813,False
2019-10-08,0.0,0.0,0.0,0.0,0.0,49913.0,50076.0,-163.0,0.0032550523204728813,False
2019-10-09,0.0,0.0,0.0,0.0,0.0,49913.0,50076.0,-163.0,0.0032550523204728813,False
2019-10-10,0.0,0.0,0.0,0.0,0.0,49913.0,50076.0,-163.0,0.0032550523204728813,False
2019-10-11,0.0,0.0,0.0,0.0,0.0,49913.0,50076.0,-163.0,0.0032550523204728813,False
2019-10-13,0.0,0.0,0.0,0.0,0.0,49913.0,50076.0,-163.0,0.0032550523204728813,False
2019-10-14,0.0,0.0,0.0,0.0,0.0,49913.0,50076.0,-163.0,0.0032550523204728813,False
2019-10-15,0.0,0.0,0.0,0.0,0.0,49913.0,50076.0,-163.0,0.0032550523204728813,False
2019-10-16,0.0,0.0,0.0,0.0,0.0,49913.0,50076.0,-163.0,0.0032550523204728813,False
2019-10-17,0.0,0.0,0.0,0.0,0.0,49913.0,50076.0,-163.0,0.0032550523204728813,False
2019-10-18,0.0,0.0,0.0,0.0,0.0,49913.0,50076.0,-163.0,0.0032550523204728813,False
2019-10-20,0.0,0.0,0.0,0.0,0.0,49913.0,50076.0,-163.0,0.0032550523204728813,False
2019-10-21,0.0,0.0,0.0,0.0,0.0,49913.0,50076.0,-163.0,0.0032550523204728813,False
2019-10-22,0.0,0.0,0.0,0.0,0.0,49913.0,50076.0,-163.0,0.0032550523204728813,False
2019-10-23,0.0,0.0,0.0,0.0,0.0,49913.0,50076.0,-163.0,0.0032550523204728813,False
2019-10-24,0.0,0.0,0.0,0.0,0.0,49913.0,50076.0,-163.0,0.0032550523204728813,False
2019-10-25,0.0,0.0,0.0,0.0,0.0,49913.0,50076.0,-163.0,0.0032550523204728813,False
2019-10-27,0.0,0.0,0.0,0.0,0.0,49913.0,50076.0,-163.0,0.0032550523204728813,False
2019-10-28,0.0,0.0,0.0,0.0,0.0,49913.0,50076.0,-163.0,0.0032550523204728813,False
2019-10-29,0.0,0.0,0.0,0.0,0.0,49913.0,50076.0,-163.0,0.0032550523204728813,False
2019-10-30,0.0,0.0,0.0,0.0,0.0,49913.0,50076.0,-163.0,0.0032550523204728813,False
2019-10-31,0.0,0.0,0.0,0.0,0.0,49913.0,50076.0,-163.0,0.0032550523204728813,False
2019-11-01,0.0,0.0,0.0,0.0,0.0,49913.0,50076.0,-163.0,0.0032550523204728813,False
2019-11-03,0.0,0.0,0.0,0.0,0.0,49913.0,50076.0,-163.0,0.0032550523204728813,False
2019-11-04,0.0,0.0,0.0,0.0,0.0,49913.0,50076.0,-163.0,0.0032550523204728813,False
2019-11-05,0.0,0.0,0.0,0.0,0.0,49913.0,50076.0,-163.0,0.0032550523204728813,False
2019-11-06,0.0,0.0,0.0,0.0,0.0,49913.0,50076.0,-163.0,0.0032550523204728813,False
2019-11-07,0.0,0.0,0.0,0.0,0.0,49913.0,50076.0,-163.0,0.0032550523204728813,False
2019-11-08,0.0,0.0,0.0,0.0,0.0,49913.0,50076.0,-163.0,0.0032550523204728813,False
2019-11-10,0.0,0.0,0.0,0.0,0.0,49913.0,50076.0,-163.0,0.0032550523204728813,False
2019-11-11,0.0,0.0,0.0,0.0,0.0,49913.0,50076.0,-163.0,0.0032550523204728813,False
2019-11-12,0.0,0.0,0.0,0.0,0.0,49913.0,50076.0,-163.0,0.0032550523204728813,False
2019-11-13,0.0,0.0,0.0,0.0,0.0,49913.0,50076.0,-163.0,0.0032550523204728813,False
2019-11-14,0.0,0.0,0.0,0.0,0.0,49913.0,50076.0,-163.0,0.0032550523204728813,False
2019-11-15,0.0,0.0,0.0,0.0,0.0,49913.0,50076.0,-163.0,0.0032550523204728813,False
2019-11-17,0.0,0.0,0.0,0.0,0.0,49913.0,50076.0,-163.0,0.0032550523204728813,False
2019-11-18,0.0,0.0,0.0,0.0,0.0,49913.0,50076.0,-163.0,0.0032550523204728813,False
2019-11-19,0.0,0.0,0.0,0.0,0.0,49913.0,50076.0,-163.0,0.0032550523204728813,False
2019-11-20,0.0,0.0,0.0,0.0,0.0,49913.0,50076.0,-163.0,0.0032550523204728813,False
2019-11-21,0.0,0.0,0.0,0.0,0.0,49913.0,50076.0,-163.0,0.0032550523204728813,False
2019-11-22,0.0,0.0,0.0,0.0,0.0,49913.0,50076.0,-163.0,0.0032550523204728813,False
2019-11-24,0.0,0.0,0.0,0.0,0.0,49913.0,50076.0,-163.0,0.0032550523204728813,False
2019-11-25,0.0,0.0,0.0,0.0,0.0,49913.0,50076.0,-163.0,0.0032550523204728813,False
2019-11-26,0.0,0.0,0.0,0.0,0.0,49913.0,50076.0,-163.0,0.0032550523204728813,False
2019-11-27,0.0,0.0,0.0,0.0,0.0,49913.0,50076.0,-163.0,0.0032550523204728813,False
2019-11-28,0.0,0.0,0.0,0.0,0.0,49913.0,50076.0,-163.0,0.0032550523204728813,False
2019-11-29,0.0,0.0,0.0,0.0,0.0,49913.0,50076.0,-163.0,0.0032550523204728813,False
2019-12-01,0.0,0.0,0.0,0.0,0.0,49913.0,50076.0,-163.0,0.0032550523204728813,False
2019-12-02,0.0,0.0,0.0,0.0,0.0,49913.0,50076.0,-163.0,0.0032550523204728813,False
2019-12-03,0.0,0.0,0.0,0.0,0.0,49913.0,50076.0,-163.0,0.0032550523204728813,False
2019-12-04,0.0,0.0,0.0,0.0,0.0,49913.0,50076.0,-163.0,0.0032550523204728813,False
2019-12-05,0.0,0.0,0.0,0.0,0.0,49913.0,50076.0,-163.0,0.0032550523204728813,False
2019-12-06,0.0,0.0,0.0,0.0,0.0,49913.0,50076.0,-163.0,0.0032550523204728813,False
2019-12-08,0.0,0.0,0.0,0.0,0.0,49913.0,50076.0,-163.0,0.0032550523204728813,False
2019-12-09,0.0,0.0,0.0,0.0,0.0,49913.0,50076.0,-163.0,0.0032550523204728813,False
2019-12-10,0.0,0.0,0.0,0.0,0.0,49913.0,50076.0,-163.0,0.0032550523204728813,False
2019-12-11,0.0,0.0,0.0,0.0,0.0,49913.0,50076.0,-163.0,0.0032550523204728813,False
2019-12-12,0.0,0.0,0.0,0.0,0.0,49913.0,50076.0,-163.0,0.0032550523204728813,False
2019-12-13,-15.0,-10.0,5.0,1.0,1.0,49898.0,50076.0,-178.0,0.003554597012540938,False
2019-12-15,0.0,0.0,0.0,0.0,0.0,49898.0,50076.0,-178.0,0.003554597012540938,False
2019-12-16,0.0,0.0,0.0,0.0,0.0,49898.0,50076.0,-178.0,0.003554597012540938,False
2019-12-17,0.0,0.0,0.0,0.0,0.0,49898.0,50076.0,-178.0,0.003554597012540938,False
2019-12-18,0.0,0.0,0.0,0.0,0.0,49898.0,50076.0,-178.0,0.003554597012540938,False
2019-12-19,0.0,0.0,0.0,0.0,0.0,49898.0,50076.0,-178.0,0.003554597012540938,False
2019-12-20,0.0,0.0,0.0,0.0,0.0,49898.0,50076.0,-178.0,0.003554597012540938,False
2019-12-22,0.0,0.0,0.0,0.0,0.0,49898.0,50076.0,-178.0,0.003554597012540938,False
2019-12-23,0.0,0.0,0.0,0.0,0.0,49898.0,50076.0,-178.0,0.003554597012540938,False
2019-12-24,0.0,0.0,0.0,0.0,0.0,49898.0,50076.0,-178.0,0.003554597012540938,False
2019-12-25,0.0,0.0,0.0,0.0,0.0,49898.0,50076.0,-178.0,0.003554597012540938,False
2019-12-26,0.0,0.0,0.0,0.0,0.0,49898.0,50076.0,-178.0,0.003554597012540938,False
2019-12-27,0.0,0.0,0.0,0.0,0.0,49898.0,50076.0,-178.0,0.003554597012540938,False
2019-12-29,0.0,0.0,0.0,0.0,0.0,49898.0,50076.0,-178.0,0.003554597012540938,False
2019-12-30,0.0,0.0,0.0,0.0,0.0,49898.0,50076.0,-178.0,0.003554597012540938,False
2019-12-31,0.0,0.0,0.0,0.0,0.0,49898.0,50076.0,-178.0,0.003554597012540938,False
2020-01-01,0.0,0.0,0.0,0.0,0.0,49898.0,50076.0,-178.0,0.003554597012540938,False
2020-01-02,0.0,0.0,0.0,0.0,0.0,49898.0,50076.0,-178.0,0.003554597012540938,False
2020-01-03,0.0,0.0,0.0,0.0,0.0,49898.0,50076.0,-178.0,0.003554597012540938,False
2020-01-05,0.0,0.0,0.0,0.0,0.0,49898.0,50076.0,-178.0,0.003554597012540938,False
2020-01-06,0.0,0.0,0.0,0.0,0.0,49898.0,50076.0,-178.0,0.003554597012540938,False
2020-01-07,0.0,0.0,0.0,0.0,0.0,49898.0,50076.0,-178.0,0.003554597012540938,False
2020-01-08,0.0,0.0,0.0,0.0,0.0,49898.0,50076.0,-178.0,0.003554597012540938,False
2020-01-09,0.0,0.0,0.0,0.0,0.0,49898.0,50076.0,-178.0,0.003554597012540938,False
2020-01-10,0.0,0.0,0.0,0.0,0.0,49898.0,50076.0,-178.0,0.003554597012540938,False
2020-01-12,0.0,0.0,0.0,0.0,0.0,49898.0,50076.0,-178.0,0.003554597012540938,False
2020-01-13,0.0,0.0,0.0,0.0,0.0,49898.0,50076.0,-178.0,0.003554597012540938,False
2020-01-14,0.0,0.0,0.0,0.0,0.0,49898.0,50076.0,-178.0,0.003554597012540938,False
2020-01-15,0.0,0.0,0.0,0.0,0.0,49898.0,50076.0,-178.0,0.003554597012540938,False
2020-01-16,0.0,0.0,0.0,0.0,0.0,49898.0,50076.0,-178.0,0.003554597012540938,False
2020-01-17,0.0,0.0,0.0,0.0,0.0,49898.0,50076.0,-178.0,0.003554597012540938,False
2020-01-19,0.0,0.0,0.0,0.0,0.0,49898.0,50076.0,-178.0,0.003554597012540938,False
2020-01-20,0.0,0.0,0.0,0.0,0.0,49898.0,50076.0,-178.0,0.003554597012540938,False
2020-01-21,0.0,0.0,0.0,0.0,0.0,49898.0,50076.0,-178.0,0.003554597012540938,False
2020-01-22,0.0,0.0,0.0,0.0,0.0,49898.0,50076.0,-178.0,0.003554597012540938,False
2020-01-23,0.0,0.0,0.0,0.0,0.0,49898.0,50076.0,-178.0,0.003554597012540938,False
2020-01-24,0.0,0.0,0.0,0.0,0.0,49898.0,50076.0,-178.0,0.003554597012540938,False
2020-01-26,0.0,0.0,0.0,0.0,0.0,49898.0,50076.0,-178.0,0.003554597012540938,False
2020-01-27,0.0,0.0,0.0,0.0,0.0,49898.0,50076.0,-178.0,0.003554597012540938,False
2020-01-28,0.0,0.0,0.0,0.0,0.0,49898.0,50076.0,-178.0,0.003554597012540938,False
2020-01-29,0.0,0.0,0.0,0.0,0.0,49898.0,50076.0,-178.0,0.003554597012540938,False
2020-01-30,0.0,0.0,0.0,0.0,0.0,49898.0,50076.0,-178.0,0.003554597012540938,False
2020-01-31,0.0,0.0,0.0,0.0,0.0,49898.0,50076.0,-178.0,0.003554597012540938,False
2020-02-02,0.0,0.0,0.0,0.0,0.0,49898.0,50076.0,-178.0,0.003554597012540938,False
2020-02-03,37.5,40.0,2.5,1.0,0.0,49935.5,50076.0,-140.5,0.002805735282370796,True
2020-02-04,0.0,0.0,0.0,0.0,0.0,49935.5,50076.0,-140.5,0.002805735282370796,False
2020-02-05,0.0,0.0,0.0,0.0,0.0,49935.5,50076.0,-140.5,0.002805735282370796,False
2020-02-06,0.0,0.0,0.0,0.0,0.0,49935.5,50076.0,-140.5,0.002805735282370796,False
2020-02-07,0.0,0.0,0.0,0.0,0.0,49935.5,50076.0,-140.5,0.002805735282370796,False
2020-02-09,0.0,0.0,0.0,0.0,0.0,49935.5,50076.0,-140.5,0.002805735282370796,False
2020-02-10,0.0,0.0,0.0,0.0,0.0,49935.5,50076.0,-140.5,0.002805735282370796,False
2020-02-11,0.0,0.0,0.0,0.0,0.0,49935.5,50076.0,-140.5,0.002805735282370796,False
2020-02-12,0.0,0.0,0.0,0.0,0.0,49935.5,50076.0,-140.5,0.002805735282370796,False
2020-02-13,0.0,0.0,0.0,0.0,0.0,49935.5,50076.0,-140.5,0.002805735282370796,False
2020-02-14,0.0,0.0,0.0,0.0,0.0,49935.5,50076.0,-140.5,0.002805735282370796,False
2020-02-16,0.0,0.0,0.0,0.0,0.0,49935.5,50076.0,-140.5,0.002805735282370796,False
2020-02-17,0.0,0.0,0.0,0.0,0.0,49935.5,50076.0,-140.5,0.002805735282370796,False
2020-02-18,0.0,0.0,0.0,0.0,0.0,49935.5,50076.0,-140.5,0.002805735282370796,False
2020-02-19,0.0,0.0,0.0,0.0,0.0,49935.5,50076.0,-140.5,0.002805735282370796,False
2020-02-20,0.0,0.0,0.0,0.0,0.0,49935.5,50076.0,-140.5,0.002805735282370796,False
2020-02-21,0.0,0.0,0.0,0.0,0.0,49935.5,50076.0,-140.5,0.002805735282370796,False
2020-02-23,0.0,0.0,0.0,0.0,0.0,49935.5,50076.0,-140.5,0.002805735282370796,False
2020-02-24,0.0,0.0,0.0,0.0,0.0,49935.5,50076.0,-140.5,0.002805735282370796,False
2020-02-25,0.0,0.0,0.0,0.0,0.0,49935.5,50076.0,-140.5,0.002805735282370796,False
2020-02-26,0.0,0.0,0.0,0.0,0.0,49935.5,50076.0,-140.5,0.002805735282370796,False
2020-02-27,0.0,0.0,0.0,0.0,0.0,49935.5,50076.0,-140.5,0.002805735282370796,False
2020-02-28,0.0,0.0,0.0,0.0,0.0,49935.5,50076.0,-140.5,0.002805735282370796,False
2020-03-01,0.0,0.0,0.0,0.0,0.0,49935.5,50076.0,-140.5,0.002805735282370796,False
2020-03-02,0.0,0.0,0.0,0.0,0.0,49935.5,50076.0,-140.5,0.002805735282370796,False
2020-03-03,0.0,0.0,0.0,0.0,0.0,49935.5,50076.0,-140.5,0.002805735282370796,False
2020-03-04,0.0,0.0,0.0,0.0,0.0,49935.5,50076.0,-140.5,0.002805735282370796,False
2020-03-05,0.0,0.0,0.0,0.0,0.0,49935.5,50076.0,-140.5,0.002805735282370796,False
2020-03-06,0.0,0.0,0.0,0.0,0.0,49935.5,50076.0,-140.5,0.002805735282370796,False
2020-03-08,0.0,0.0,0.0,0.0,0.0,49935.5,50076.0,-140.5,0.002805735282370796,False
2020-03-09,0.0,0.0,0.0,0.0,0.0,49935.5,50076.0,-140.5,0.002805735282370796,False
2020-03-10,0.0,0.0,0.0,0.0,0.0,49935.5,50076.0,-140.5,0.002805735282370796,False
2020-03-11,0.0,0.0,0.0,0.0,0.0,49935.5,50076.0,-140.5,0.002805735282370796,False
2020-03-12,0.0,0.0,0.0,0.0,0.0,49935.5,50076.0,-140.5,0.002805735282370796,False
2020-03-13,0.0,0.0,0.0,0.0,0.0,49935.5,50076.0,-140.5,0.002805735282370796,False
2020-03-15,0.0,0.0,0.0,0.0,0.0,49935.5,50076.0,-140.5,0.002805735282370796,False
2020-03-16,0.0,0.0,0.0,0.0,0.0,49935.5,50076.0,-140.5,0.002805735282370796,False
2020-03-17,0.0,0.0,0.0,0.0,0.0,49935.5,50076.0,-140.5,0.002805735282370796,False
2020-03-18,0.0,0.0,0.0,0.0,0.0,49935.5,50076.0,-140.5,0.002805735282370796,False
2020-03-19,0.0,0.0,0.0,0.0,0.0,49935.5,50076.0,-140.5,0.002805735282370796,False
2020-03-20,0.0,0.0,0.0,0.0,0.0,49935.5,50076.0,-140.5,0.002805735282370796,False
2020-03-22,0.0,0.0,0.0,0.0,0.0,49935.5,50076.0,-140.5,0.002805735282370796,False
2020-03-23,0.0,0.0,0.0,0.0,0.0,49935.5,50076.0,-140.5,0.002805735282370796,False
2020-03-24,0.0,0.0,0.0,0.0,0.0,49935.5,50076.0,-140.5,0.002805735282370796,False
2020-03-25,0.0,0.0,0.0,0.0,0.0,49935.5,50076.0,-140.5,0.002805735282370796,False
2020-03-26,0.0,0.0,0.0,0.0,0.0,49935.5,50076.0,-140.5,0.002805735282370796,False
2020-03-27,0.0,0.0,0.0,0.0,0.0,49935.5,50076.0,-140.5,0.002805735282370796,False
2020-03-29,0.0,0.0,0.0,0.0,0.0,49935.5,50076.0,-140.5,0.002805735282370796,False
2020-03-30,0.0,0.0,0.0,0.0,0.0,49935.5,50076.0,-140.5,0.002805735282370796,False
2020-03-31,-243.0,-240.5,2.5,1.0,1.0,49692.5,50076.0,-383.5,0.007658359293873313,False
2020-04-01,0.0,0.0,0.0,0.0,0.0,49692.5,50076.0,-383.5,0.007658359293873313,False
2020-04-02,0.0,0.0,0.0,0.0,0.0,49692.5,50076.0,-383.5,0.007658359293873313,False
2020-04-03,0.0,0.0,0.0,0.0,0.0,49692.5,50076.0,-383.5,0.007658359293873313,False
2020-04-05,0.0,0.0,0.0,0.0,0.0,49692.5,50076.0,-383.5,0.007658359293873313,False
2020-04-06,0.0,0.0,0.0,0.0,0.0,49692.5,50076.0,-383.5,0.007658359293873313,False
2020-04-07,0.0,0.0,0.0,0.0,0.0,49692.5,50076.0,-383.5,0.007658359293873313,False
2020-04-08,0.0,0.0,0.0,0.0,0.0,49692.5,50076.0,-383.5,0.007658359293873313,False
2020-04-09,0.0,0.0,0.0,0.0,0.0,49692.5,50076.0,-383.5,0.007658359293873313,False
2020-04-12,0.0,0.0,0.0,0.0,0.0,49692.5,50076.0,-383.5,0.007658359293873313,False
2020-04-13,0.0,0.0,0.0,0.0,0.0,49692.5,50076.0,-383.5,0.007658359293873313,False
2020-04-14,0.0,0.0,0.0,0.0,0.0,49692.5,50076.0,-383.5,0.007658359293873313,False
2020-04-15,0.0,0.0,0.0,0.0,0.0,49692.5,50076.0,-383.5,0.007658359293873313,False
2020-04-16,0.0,0.0,0.0,0.0,0.0,49692.5,50076.0,-383.5,0.007658359293873313,False
2020-04-17,0.0,0.0,0.0,0.0,0.0,49692.5,50076.0,-383.5,0.007658359293873313,False
2020-04-19,0.0,0.0,0.0,0.0,0.0,49692.5,50076.0,-383.5,0.007658359293873313,False
2020-04-20,0.0,0.0,0.0,0.0,0.0,49692.5,50076.0,-383.5,0.007658359293873313,False
2020-04-21,0.0,0.0,0.0,0.0,0.0,49692.5,50076.0,-383.5,0.007658359293873313,False
2020-04-22,0.0,0.0,0.0,0.0,0.0,49692.5,50076.0,-383.5,0.007658359293873313,False
2020-04-23,0.0,0.0,0.0,0.0,0.0,49692.5,50076.0,-383.5,0.007658359293873313,False
2020-04-24,0.0,0.0,0.0,0.0,0.0,49692.5,50076.0,-383.5,0.007658359293873313,False
2020-04-26,0.0,0.0,0.0,0.0,0.0,49692.5,50076.0,-383.5,0.007658359293873313,False
2020-04-27,0.0,0.0,0.0,0.0,0.0,49692.5,50076.0,-383.5,0.007658359293873313,False
2020-04-28,0.0,0.0,0.0,0.0,0.0,49692.5,50076.0,-383.5,0.007658359293873313,False
2020-04-29,0.0,0.0,0.0,0.0,0.0,49692.5,50076.0,-383.5,0.007658359293873313,False
2020-04-30,0.0,0.0,0.0,0.0,0.0,49692.5,50076.0,-383.5,0.007658359293873313,False
2020-05-01,0.0,0.0,0.0,0.0,0.0,49692.5,50076.0,-383.5,0.007658359293873313,False
2020-05-03,0.0,0.0,0.0,0.0,0.0,49692.5,50076.0,-383.5,0.007658359293873313,False
2020-05-04,0.0,0.0,0.0,0.0,0.0,49692.5,50076.0,-383.5,0.007658359293873313,False
2020-05-05,-102.0,-99.5,2.5,1.0,1.0,49590.5,50076.0,-485.5,0.009695263199936096,False
2020-05-06,0.0,0.0,0.0,0.0,0.0,49590.5,50076.0,-485.5,0.009695263199936096,False
2020-05-07,0.0,0.0,0.0,0.0,0.0,49590.5,50076.0,-485.5,0.009695263199936096,False
2020-05-08,0.0,0.0,0.0,0.0,0.0,49590.5,50076.0,-485.5,0.009695263199936096,False
2020-05-10,0.0,0.0,0.0,0.0,0.0,49590.5,50076.0,-485.5,0.009695263199936096,False
2020-05-11,0.0,0.0,0.0,0.0,0.0,49590.5,50076.0,-485.5,0.009695263199936096,False
2020-05-12,0.0,0.0,0.0,0.0,0.0,49590.5,50076.0,-485.5,0.009695263199936096,False
2020-05-13,0.0,0.0,0.0,0.0,0.0,49590.5,50076.0,-485.5,0.009695263199936096,False
2020-05-14,0.0,0.0,0.0,0.0,0.0,49590.5,50076.0,-485.5,0.009695263199936096,False
2020-05-15,0.0,0.0,0.0,0.0,0.0,49590.5,50076.0,-485.5,0.009695263199936096,False
2020-05-17,0.0,0.0,0.0,0.0,0.0,49590.5,50076.0,-485.5,0.009695263199936096,False
2020-05-18,0.0,0.0,0.0,0.0,0.0,49590.5,50076.0,-485.5,0.009695263199936096,False
2020-05-19,-124.0,-121.5,2.5,1.0,1.0,49466.5,50076.0,-609.5,0.012171499321032031,False
2020-05-20,156.0,161.0,5.0,1.0,0.0,49622.5,50076.0,-453.5,0.009056234523524243,True
2020-05-21,0.0,0.0,0.0,0.0,0.0,49622.5,50076.0,-453.5,0.009056234523524243,False
2020-05-22,0.0,0.0,0.0,0.0,0.0,49622.5,50076.0,-453.5,0.009056234523524243,False
2020-05-24,0.0,0.0,0.0,0.0,0.0,49622.5,50076.0,-453.5,0.009056234523524243,False
2020-05-25,0.0,0.0,0.0,0.0,0.0,49622.5,50076.0,-453.5,0.009056234523524243,False
2020-05-26,0.0,0.0,0.0,0.0,0.0,49622.5,50076.0,-453.5,0.009056234523524243,False
2020-05-27,0.0,0.0,0.0,0.0,0.0,49622.5,50076.0,-453.5,0.009056234523524243,False
2020-05-28,0.0,0.0,0.0,0.0,0.0,49622.5,50076.0,-453.5,0.009056234523524243,False
2020-05-29,-109.5,-107.0,2.5,1.0,1.0,49513.0,50076.0,-563.0,0.011242910775621055,False
2020-05-31,0.0,0.0,0.0,0.0,0.0,49513.0,50076.0,-563.0,0.011242910775621055,False
2020-06-01,0.0,0.0,0.0,0.0,0.0,49513.0,50076.0,-563.0,0.011242910775621055,False
2020-06-02,0.0,0.0,0.0,0.0,0.0,49513.0,50076.0,-563.0,0.011242910775621055,False
2020-06-03,0.0,0.0,0.0,0.0,0.0,49513.0,50076.0,-563.0,0.011242910775621055,False
2020-06-04,-93.0,-90.5,2.5,1.0,1.0,49420.0,50076.0,-656.0,0.013100087866443007,False
2020-06-05,0.0,0.0,0.0,0.0,0.0,49420.0,50076.0,-656.0,0.013100087866443007,False
2020-06-07,0.0,0.0,0.0,0.0,0.0,49420.0,50076.0,-656.0,0.013100087866443007,False
2020-06-08,0.0,0.0,0.0,0.0,0.0,49420.0,50076.0,-656.0,0.013100087866443007,False
2020-06-09,0.0,0.0,0.0,0.0,0.0,49420.0,50076.0,-656.0,0.013100087866443007,False
2020-06-10,-35.5,-33.0,2.5,1.0,1.0,49384.5,50076.0,-691.5,0.013809010304337408,False
2020-06-11,0.0,0.0,0.0,0.0,0.0,49384.5,50076.0,-691.5,0.013809010304337408,False
2020-06-12,0.0,0.0,0.0,0.0,0.0,49384.5,50076.0,-691.5,0.013809010304337408,False
2020-06-14,0.0,0.0,0.0,0.0,0.0,49384.5,50076.0,-691.5,0.013809010304337408,False
2020-06-15,0.0,0.0,0.0,0.0,0.0,49384.5,50076.0,-691.5,0.013809010304337408,False
2020-06-16,0.0,0.0,0.0,0.0,0.0,49384.5,50076.0,-691.5,0.013809010304337408,False
2020-06-17,0.0,0.0,0.0,0.0,0.0,49384.5,50076.0,-691.5,0.013809010304337408,False
2020-06-18,0.0,0.0,0.0,0.0,0.0,49384.5,50076.0,-691.5,0.013809010304337408,False
2020-06-19,0.0,0.0,0.0,0.0,0.0,49384.5,50076.0,-691.5,0.013809010304337408,False
2020-06-21,0.0,0.0,0.0,0.0,0.0,49384.5,50076.0,-691.5,0.013809010304337408,False
2020-06-22,0.0,0.0,0.0,0.0,0.0,49384.5,50076.0,-691.5,0.013809010304337408,False
2020-06-23,0.0,0.0,0.0,0.0,0.0,49384.5,50076.0,-691.5,0.013809010304337408,False
2020-06-24,0.0,0.0,0.0,0.0,0.0,49384.5,50076.0,-691.5,0.013809010304337408,False
2020-06-25,0.0,0.0,0.0,0.0,0.0,49384.5,50076.0,-691.5,0.013809010304337408,False
2020-06-26,0.0,0.0,0.0,0.0,0.0,49384.5,50076.0,-691.5,0.013809010304337408,False
2020-06-28,0.0,0.0,0.0,0.0,0.0,49384.5,50076.0,-691.5,0.013809010304337408,False
2020-06-29,0.0,0.0,0.0,0.0,0.0,49384.5,50076.0,-691.5,0.013809010304337408,False
2020-06-30,0.0,0.0,0.0,0.0,0.0,49384.5,50076.0,-691.5,0.013809010304337408,False
2020-07-01,0.0,0.0,0.0,0.0,0.0,49384.5,50076.0,-691.5,0.013809010304337408,False
2020-07-02,-95.5,-93.0,2.5,1.0,1.0,49289.0,50076.0,-787.0,0.015716111510504033,False
2020-07-03,0.0,0.0,0.0,0.0,0.0,49289.0,50076.0,-787.0,0.015716111510504033,False
2020-07-05,0.0,0.0,0.0,0.0,0.0,49289.0,50076.0,-787.0,0.015716111510504033,False
2020-07-06,456.0,463.5,7.5,1.0,0.0,49745.0,50076.0,-331.0,0.0066099528716351144,True
2020-07-07,0.0,0.0,0.0,0.0,0.0,49745.0,50076.0,-331.0,0.0066099528716351144,False
2020-07-08,-105.5,-103.0,2.5,1.0,1.0,49639.5,50076.0,-436.5,0.008716750539180446,False
2020-07-09,0.0,0.0,0.0,0.0,0.0,49639.5,50076.0,-436.5,0.008716750539180446,False
2020-07-10,0.0,0.0,0.0,0.0,0.0,49639.5,50076.0,-436.5,0.008716750539180446,False
2020-07-12,0.0,0.0,0.0,0.0,0.0,49639.5,50076.0,-436.5,0.008716750539180446,False
2020-07-13,0.0,0.0,0.0,0.0,0.0,49639.5,50076.0,-436.5,0.008716750539180446,False
2020-07-14,0.0,0.0,0.0,0.0,0.0,49639.5,50076.0,-436.5,0.008716750539180446,False
2020-07-15,0.0,0.0,0.0,0.0,0.0,49639.5,50076.0,-436.5,0.008716750539180446,False
2020-07-16,0.0,0.0,0.0,0.0,0.0,49639.5,50076.0,-436.5,0.008716750539180446,False
2020-07-17,0.0,0.0,0.0,0.0,0.0,49639.5,50076.0,-436.5,0.008716750539180446,False
2020-07-19,0.0,0.0,0.0,0.0,0.0,49639.5,50076.0,-436.5,0.008716750539180446,False
2020-07-20,432.0,434.5,2.5,1.0,0.0,50071.5,50076.0,-4.5,8.986340762041697e-05,True
2020-07-21,0.0,0.0,0.0,0.0,0.0,50071.5,50076.0,-4.5,8.986340762041697e-05,False
2020-07-22,0.0,0.0,0.0,0.0,0.0,50071.5,50076.0,-4.5,8.986340762041697e-05,False
2020-07-23,0.0,0.0,0.0,0.0,0.0,50071.5,50076.0,-4.5,8.986340762041697e-05,False
2020-07-24,0.0,0.0,0.0,0.0,0.0,50071.5,50076.0,-4.5,8.986340762041697e-05,False
2020-07-26,0.0,0.0,0.0,0.0,0.0,50071.5,50076.0,-4.5,8.986340762041697e-05,False
2020-07-27,0.0,0.0,0.0,0.0,0.0,50071.5,50076.0,-4.5,8.986340762041697e-05,False
2020-07-28,0.0,0.0,0.0,0.0,0.0,50071.5,50076.0,-4.5,8.986340762041697e-05,False
2020-07-29,0.0,0.0,0.0,0.0,0.0,50071.5,50076.0,-4.5,8.986340762041697e-05,False
2020-07-30,0.0,0.0,0.0,0.0,0.0,50071.5,50076.0,-4.5,8.986340762041697e-05,False
2020-07-31,0.0,0.0,0.0,0.0,0.0,50071.5,50076.0,-4.5,8.986340762041697e-05,False
2020-08-02,0.0,0.0,0.0,0.0,0.0,50071.5,50076.0,-4.5,8.986340762041697e-05,False
2020-08-03,0.0,0.0,0.0,0.0,0.0,50071.5,50076.0,-4.5,8.986340762041697e-05,False
2020-08-04,0.0,0.0,0.0,0.0,0.0,50071.5,50076.0,-4.5,8.986340762041697e-05,False
2020-08-05,0.0,0.0,0.0,0.0,0.0,50071.5,50076.0,-4.5,8.986340762041697e-05,False
2020-08-06,0.0,0.0,0.0,0.0,0.0,50071.5,50076.0,-4.5,8.986340762041697e-05,False
2020-08-07,0.0,0.0,0.0,0.0,0.0,50071.5,50076.0,-4.5,8.986340762041697e-05,False
2020-08-09,0.0,0.0,0.0,0.0,0.0,50071.5,50076.0,-4.5,8.986340762041697e-05,False
2020-08-10,0.0,0.0,0.0,0.0,0.0,50071.5,50076.0,-4.5,8.986340762041697e-05,False
2020-08-11,0.0,0.0,0.0,0.0,0.0,50071.5,50076.0,-4.5,8.986340762041697e-05,False
2020-08-12,267.0,269.5,2.5,1.0,0.0,50338.5,50338.5,0.0,0.0,True
2020-08-13,0.0,0.0,0.0,0.0,0.0,50338.5,50338.5,0.0,0.0,False
2020-08-14,0.0,0.0,0.0,0.0,0.0,50338.5,50338.5,0.0,0.0,False
2020-08-16,0.0,0.0,0.0,0.0,0.0,50338.5,50338.5,0.0,0.0,False
2020-08-17,0.0,0.0,0.0,0.0,0.0,50338.5,50338.5,0.0,0.0,False
2020-08-18,0.0,0.0,0.0,0.0,0.0,50338.5,50338.5,0.0,0.0,False
2020-08-19,0.0,0.0,0.0,0.0,0.0,50338.5,50338.5,0.0,0.0,False
2020-08-20,0.0,0.0,0.0,0.0,0.0,50338.5,50338.5,0.0,0.0,False
2020-08-21,0.0,0.0,0.0,0.0,0.0,50338.5,50338.5,0.0,0.0,False
2020-08-23,0.0,0.0,0.0,0.0,0.0,50338.5,50338.5,0.0,0.0,False
2020-08-24,0.0,0.0,0.0,0.0,0.0,50338.5,50338.5,0.0,0.0,False
2020-08-25,68.0,70.5,2.5,1.0,0.0,50406.5,50406.5,0.0,0.0,True
2020-08-26,0.0,0.0,0.0,0.0,0.0,50406.5,50406.5,0.0,0.0,False
2020-08-27,0.0,0.0,0.0,0.0,0.0,50406.5,50406.5,0.0,0.0,False
2020-08-28,0.0,0.0,0.0,0.0,0.0,50406.5,50406.5,0.0,0.0,False
2020-08-30,0.0,0.0,0.0,0.0,0.0,50406.5,50406.5,0.0,0.0,False
2020-08-31,0.0,0.0,0.0,0.0,0.0,50406.5,50406.5,0.0,0.0,False
2020-09-01,101.5,104.0,2.5,1.0,0.0,50508.0,50508.0,0.0,0.0,True
2020-09-02,0.0,0.0,0.0,0.0,0.0,50508.0,50508.0,0.0,0.0,False
2020-09-03,0.0,0.0,0.0,0.0,0.0,50508.0,50508.0,0.0,0.0,False
2020-09-04,0.0,0.0,0.0,0.0,0.0,50508.0,50508.0,0.0,0.0,False
2020-09-06,0.0,0.0,0.0,0.0,0.0,50508.0,50508.0,0.0,0.0,False
2020-09-07,0.0,0.0,0.0,0.0,0.0,50508.0,50508.0,0.0,0.0,False
2020-09-08,0.0,0.0,0.0,0.0,0.0,50508.0,50508.0,0.0,0.0,False
2020-09-09,0.0,0.0,0.0,0.0,0.0,50508.0,50508.0,0.0,0.0,False
2020-09-10,0.0,0.0,0.0,0.0,0.0,50508.0,50508.0,0.0,0.0,False
2020-09-11,0.0,0.0,0.0,0.0,0.0,50508.0,50508.0,0.0,0.0,False
2020-09-13,0.0,0.0,0.0,0.0,0.0,50508.0,50508.0,0.0,0.0,False
2020-09-14,0.0,0.0,0.0,0.0,0.0,50508.0,50508.0,0.0,0.0,False
2020-09-15,-116.0,-113.5,2.5,1.0,1.0,50392.0,50508.0,-116.0,0.002296665874712917,False
2020-09-16,0.0,0.0,0.0,0.0,0.0,50392.0,50508.0,-116.0,0.002296665874712917,False
2020-09-17,0.0,0.0,0.0,0.0,0.0,50392.0,50508.0,-116.0,0.002296665874712917,False
2020-09-18,0.0,0.0,0.0,0.0,0.0,50392.0,50508.0,-116.0,0.002296665874712917,False
2020-09-20,0.0,0.0,0.0,0.0,0.0,50392.0,50508.0,-116.0,0.002296665874712917,False
2020-09-21,0.0,0.0,0.0,0.0,0.0,50392.0,50508.0,-116.0,0.002296665874712917,False
2020-09-22,0.0,0.0,0.0,0.0,0.0,50392.0,50508.0,-116.0,0.002296665874712917,False
2020-09-23,0.0,0.0,0.0,0.0,0.0,50392.0,50508.0,-116.0,0.002296665874712917,False
2020-09-24,0.0,0.0,0.0,0.0,0.0,50392.0,50508.0,-116.0,0.002296665874712917,False
2020-09-25,0.0,0.0,0.0,0.0,0.0,50392.0,50508.0,-116.0,0.002296665874712917,False
2020-09-27,0.0,0.0,0.0,0.0,0.0,50392.0,50508.0,-116.0,0.002296665874712917,False
2020-09-28,0.0,0.0,0.0,0.0,0.0,50392.0,50508.0,-116.0,0.002296665874712917,False
2020-09-29,0.0,0.0,0.0,0.0,0.0,50392.0,50508.0,-116.0,0.002296665874712917,False
2020-09-30,282.0,284.5,2.5,1.0,0.0,50674.0,50674.0,0.0,0.0,True
2020-10-01,0.0,0.0,0.0,0.0,0.0,50674.0,50674.0,0.0,0.0,False
2020-10-02,0.0,0.0,0.0,0.0,0.0,50674.0,50674.0,0.0,0.0,False
2020-10-04,0.0,0.0,0.0,0.0,0.0,50674.0,50674.0,0.0,0.0,False
2020-10-05,180.0,182.5,2.5,1.0,0.0,50854.0,50854.0,0.0,0.0,True
2020-10-06,0.0,0.0,0.0,0.0,0.0,50854.0,50854.0,0.0,0.0,False
2020-10-07,0.0,0.0,0.0,0.0,0.0,50854.0,50854.0,0.0,0.0,False
2020-10-08,0.0,0.0,0.0,0.0,0.0,50854.0,50854.0,0.0,0.0,False
2020-10-09,0.0,0.0,0.0,0.0,0.0,50854.0,50854.0,0.0,0.0,False
2020-10-11,0.0,0.0,0.0,0.0,0.0,50854.0,50854.0,0.0,0.0,False
2020-10-12,0.0,0.0,0.0,0.0,0.0,50854.0,50854.0,0.0,0.0,False
2020-10-13,0.0,0.0,0.0,0.0,0.0,50854.0,50854.0,0.0,0.0,False
2020-10-14,0.0,0.0,0.0,0.0,0.0,50854.0,50854.0,0.0,0.0,False
2020-10-15,0.0,0.0,0.0,0.0,0.0,50854.0,50854.0,0.0,0.0,False
2020-10-16,0.0,0.0,0.0,0.0,0.0,50854.0,50854.0,0.0,0.0,False
2020-10-18,0.0,0.0,0.0,0.0,0.0,50854.0,50854.0,0.0,0.0,False
2020-10-19,0.0,0.0,0.0,0.0,0.0,50854.0,50854.0,0.0,0.0,False
2020-10-20,-188.0,-185.5,2.5,1.0,1.0,50666.0,50854.0,-188.0,0.0036968576709796672,False
2020-10-21,0.0,0.0,0.0,0.0,0.0,50666.0,50854.0,-188.0,0.0036968576709796672,False
2020-10-22,0.0,0.0,0.0,0.0,0.0,50666.0,50854.0,-188.0,0.0036968576709796672,False
2020-10-23,0.0,0.0,0.0,0.0,0.0,50666.0,50854.0,-188.0,0.0036968576709796672,False
2020-10-25,0.0,0.0,0.0,0.0,0.0,50666.0,50854.0,-188.0,0.0036968576709796672,False
2020-10-26,0.0,0.0,0.0,0.0,0.0,50666.0,50854.0,-188.0,0.0036968576709796672,False
2020-10-27,0.0,0.0,0.0,0.0,0.0,50666.0,50854.0,-188.0,0.0036968576709796672,False
2020-10-28,0.0,0.0,0.0,0.0,0.0,50666.0,50854.0,-188.0,0.0036968576709796672,False
2020-10-29,300.0,302.5,2.5,1.0,0.0,50966.0,50966.0,0.0,0.0,True
2020-10-30,0.0,0.0,0.0,0.0,0.0,50966.0,50966.0,0.0,0.0,False
2020-11-01,0.0,0.0,0.0,0.0,0.0,50966.0,50966.0,0.0,0.0,False
2020-11-02,0.0,0.0,0.0,0.0,0.0,50966.0,50966.0,0.0,0.0,False
2020-11-03,390.0,392.5,2.5,1.0,0.0,51356.0,51356.0,0.0,0.0,True
2020-11-04,0.0,0.0,0.0,0.0,0.0,51356.0,51356.0,0.0,0.0,False
2020-11-05,-225.5,-223.0,2.5,1.0,1.0,51130.5,51356.0,-225.5,0.004390918295817431,False
2020-11-06,0.0,0.0,0.0,0.0,0.0,51130.5,51356.0,-225.5,0.004390918295817431,False
2020-11-08,0.0,0.0,0.0,0.0,0.0,51130.5,51356.0,-225.5,0.004390918295817431,False
2020-11-09,0.0,0.0,0.0,0.0,0.0,51130.5,51356.0,-225.5,0.004390918295817431,False
2020-11-10,0.0,0.0,0.0,0.0,0.0,51130.5,51356.0,-225.5,0.004390918295817431,False
2020-11-11,0.0,0.0,0.0,0.0,0.0,51130.5,51356.0,-225.5,0.004390918295817431,False
2020-11-12,0.0,0.0,0.0,0.0,0.0,51130.5,51356.0,-225.5,0.004390918295817431,False
2020-11-13,0.0,0.0,0.0,0.0,0.0,51130.5,51356.0,-225.5,0.004390918295817431,False
2020-11-15,0.0,0.0,0.0,0.0,0.0,51130.5,51356.0,-225.5,0.004390918295817431,False
2020-11-16,0.0,0.0,0.0,0.0,0.0,51130.5,51356.0,-225.5,0.004390918295817431,False
2020-11-17,0.0,0.0,0.0,0.0,0.0,51130.5,51356.0,-225.5,0.004390918295817431,False
2020-11-18,0.0,0.0,0.0,0.0,0.0,51130.5,51356.0,-225.5,0.004390918295817431,False
2020-11-19,0.0,0.0,0.0,0.0,0.0,51130.5,51356.0,-225.5,0.004390918295817431,False
2020-11-20,0.0,0.0,0.0,0.0,0.0,51130.5,51356.0,-225.5,0.004390918295817431,False
2020-11-22,0.0,0.0,0.0,0.0,0.0,51130.5,51356.0,-225.5,0.004390918295817431,False
2020-11-23,-192.0,-187.0,5.0,1.0,1.0,50938.5,51356.0,-417.5,0.008129527221746242,False
2020-11-24,0.0,0.0,0.0,0.0,0.0,50938.5,51356.0,-417.5,0.008129527221746242,False
2020-11-25,0.0,0.0,0.0,0.0,0.0,50938.5,51356.0,-417.5,0.008129527221746242,False
2020-11-26,0.0,0.0,0.0,0.0,0.0,50938.5,51356.0,-417.5,0.008129527221746242,False
2020-11-27,0.0,0.0,0.0,0.0,0.0,50938.5,51356.0,-417.5,0.008129527221746242,False
2020-11-29,0.0,0.0,0.0,0.0,0.0,50938.5,51356.0,-417.5,0.008129527221746242,False
2020-11-30,0.0,0.0,0.0,0.0,0.0,50938.5,51356.0,-417.5,0.008129527221746242,False
2020-12-01,0.0,0.0,0.0,0.0,0.0,50938.5,51356.0,-417.5,0.008129527221746242,False
2020-12-02,0.0,0.0,0.0,0.0,0.0,50938.5,51356.0,-417.5,0.008129527221746242,False
2020-12-03,-219.0,-214.0,5.0,1.0,1.0,50719.5,51356.0,-636.5,0.012393878027883791,False
2020-12-04,0.0,0.0,0.0,0.0,0.0,50719.5,51356.0,-636.5,0.012393878027883791,False
2020-12-06,0.0,0.0,0.0,0.0,0.0,50719.5,51356.0,-636.5,0.012393878027883791,False
2020-12-07,8.5,11.0,2.5,1.0,0.0,50728.0,51356.0,-628.0,0.012228366695225484,True
2020-12-08,0.0,0.0,0.0,0.0,0.0,50728.0,51356.0,-628.0,0.012228366695225484,False
2020-12-09,0.0,0.0,0.0,0.0,0.0,50728.0,51356.0,-628.0,0.012228366695225484,False
2020-12-10,0.0,0.0,0.0,0.0,0.0,50728.0,51356.0,-628.0,0.012228366695225484,False
2020-12-11,0.0,0.0,0.0,0.0,0.0,50728.0,51356.0,-628.0,0.012228366695225484,False
2020-12-13,0.0,0.0,0.0,0.0,0.0,50728.0,51356.0,-628.0,0.012228366695225484,False
2020-12-14,-162.0,-159.5,2.5,1.0,1.0,50566.0,51356.0,-790.0,0.01538281797647792,False
2020-12-15,0.0,0.0,0.0,0.0,0.0,50566.0,51356.0,-790.0,0.01538281797647792,False
2020-12-16,0.0,0.0,0.0,0.0,0.0,50566.0,51356.0,-790.0,0.01538281797647792,False
2020-12-17,0.0,0.0,0.0,0.0,0.0,50566.0,51356.0,-790.0,0.01538281797647792,False
2020-12-18,0.0,0.0,0.0,0.0,0.0,50566.0,51356.0,-790.0,0.01538281797647792,False
2020-12-20,0.0,0.0,0.0,0.0,0.0,50566.0,51356.0,-790.0,0.01538281797647792,False
2020-12-21,0.0,0.0,0.0,0.0,0.0,50566.0,51356.0,-790.0,0.01538281797647792,False
2020-12-22,-147.0,-144.5,2.5,1.0,1.0,50419.0,51356.0,-937.0,0.018245190435392165,False
2020-12-23,0.0,0.0,0.0,0.0,0.0,50419.0,51356.0,-937.0,0.018245190435392165,False
2020-12-24,0.0,0.0,0.0,0.0,0.0,50419.0,51356.0,-937.0,0.018245190435392165,False
2020-12-27,0.0,0.0,0.0,0.0,0.0,50419.0,51356.0,-937.0,0.018245190435392165,False
2020-12-28,0.0,0.0,0.0,0.0,0.0,50419.0,51356.0,-937.0,0.018245190435392165,False
2020-12-29,0.0,0.0,0.0,0.0,0.0,50419.0,51356.0,-937.0,0.018245190435392165,False
2020-12-30,0.0,0.0,0.0,0.0,0.0,50419.0,51356.0,-937.0,0.018245190435392165,False
2020-12-31,0.0,0.0,0.0,0.0,0.0,50419.0,51356.0,-937.0,0.018245190435392165,False
2021-01-03,0.0,0.0,0.0,0.0,0.0,50419.0,51356.0,-937.0,0.018245190435392165,False
2021-01-04,0.0,0.0,0.0,0.0,0.0,50419.0,51356.0,-937.0,0.018245190435392165,False
2021-01-05,0.0,0.0,0.0,0.0,0.0,50419.0,51356.0,-937.0,0.018245190435392165,False
2021-01-06,0.0,0.0,0.0,0.0,0.0,50419.0,51356.0,-937.0,0.018245190435392165,False
2021-01-07,0.0,0.0,0.0,0.0,0.0,50419.0,51356.0,-937.0,0.018245190435392165,False
2021-01-08,0.0,0.0,0.0,0.0,0.0,50419.0,51356.0,-937.0,0.018245190435392165,False
2021-01-10,0.0,0.0,0.0,0.0,0.0,50419.0,51356.0,-937.0,0.018245190435392165,False
2021-01-11,0.0,0.0,0.0,0.0,0.0,50419.0,51356.0,-937.0,0.018245190435392165,False
2021-01-12,0.0,0.0,0.0,0.0,0.0,50419.0,51356.0,-937.0,0.018245190435392165,False
2021-01-13,55.0,57.5,2.5,1.0,0.0,50474.0,51356.0,-882.0,0.017174234753485475,True
2021-01-14,0.0,0.0,0.0,0.0,0.0,50474.0,51356.0,-882.0,0.017174234753485475,False
2021-01-15,0.0,0.0,0.0,0.0,0.0,50474.0,51356.0,-882.0,0.017174234753485475,False
2021-01-17,0.0,0.0,0.0,0.0,0.0,50474.0,51356.0,-882.0,0.017174234753485475,False
2021-01-18,0.0,0.0,0.0,0.0,0.0,50474.0,51356.0,-882.0,0.017174234753485475,False
2021-01-19,0.0,0.0,0.0,0.0,0.0,50474.0,51356.0,-882.0,0.017174234753485475,False
2021-01-20,284.0,286.5,2.5,1.0,0.0,50758.0,51356.0,-598.0,0.011644209050549107,True
2021-01-21,0.0,0.0,0.0,0.0,0.0,50758.0,51356.0,-598.0,0.011644209050549107,False
2021-01-22,0.0,0.0,0.0,0.0,0.0,50758.0,51356.0,-598.0,0.011644209050549107,False
2021-01-24,0.0,0.0,0.0,0.0,0.0,50758.0,51356.0,-598.0,0.011644209050549107,False
2021-01-25,0.0,0.0,0.0,0.0,0.0,50758.0,51356.0,-598.0,0.011644209050549107,False
2021-01-26,0.0,0.0,0.0,0.0,0.0,50758.0,51356.0,-598.0,0.011644209050549107,False
2021-01-27,0.0,0.0,0.0,0.0,0.0,50758.0,51356.0,-598.0,0.011644209050549107,False
2021-01-28,0.0,0.0,0.0,0.0,0.0,50758.0,51356.0,-598.0,0.011644209050549107,False
2021-01-29,0.0,0.0,0.0,0.0,0.0,50758.0,51356.0,-598.0,0.011644209050549107,False
2021-01-31,0.0,0.0,0.0,0.0,0.0,50758.0,51356.0,-598.0,0.011644209050549107,False
2021-02-01,-118.0,-115.5,2.5,1.0,1.0,50640.0,51356.0,-716.0,0.01394189578627619,False
2021-02-02,0.0,0.0,0.0,0.0,0.0,50640.0,51356.0,-716.0,0.01394189578627619,False
2021-02-03,0.0,0.0,0.0,0.0,0.0,50640.0,51356.0,-716.0,0.01394189578627619,False
2021-02-04,0.0,0.0,0.0,0.0,0.0,50640.0,51356.0,-716.0,0.01394189578627619,False
2021-02-05,0.0,0.0,0.0,0.0,0.0,50640.0,51356.0,-716.0,0.01394189578627619,False
2021-02-07,0.0,0.0,0.0,0.0,0.0,50640.0,51356.0,-716.0,0.01394189578627619,False
2021-02-08,0.0,0.0,0.0,0.0,0.0,50640.0,51356.0,-716.0,0.01394189578627619,False
2021-02-09,-60.5,-58.0,2.5,1.0,1.0,50579.5,51356.0,-776.5,0.01511994703637355,False
2021-02-10,0.0,0.0,0.0,0.0,0.0,50579.5,51356.0,-776.5,0.01511994703637355,False
2021-02-11,0.0,0.0,0.0,0.0,0.0,50579.5,51356.0,-776.5,0.01511994703637355,False
2021-02-12,0.0,0.0,0.0,0.0,0.0,50579.5,51356.0,-776.5,0.01511994703637355,False
2021-02-14,0.0,0.0,0.0,0.0,0.0,50579.5,51356.0,-776.5,0.01511994703637355,False
2021-02-15,0.0,0.0,0.0,0.0,0.0,50579.5,51356.0,-776.5,0.01511994703637355,False
2021-02-16,0.0,0.0,0.0,0.0,0.0,50579.5,51356.0,-776.5,0.01511994703637355,False
2021-02-17,0.0,0.0,0.0,0.0,0.0,50579.5,51356.0,-776.5,0.01511994703637355,False
2021-02-18,0.0,0.0,0.0,0.0,0.0,50579.5,51356.0,-776.5,0.01511994703637355,False
2021-02-19,0.0,0.0,0.0,0.0,0.0,50579.5,51356.0,-776.5,0.01511994703637355,False
2021-02-21,0.0,0.0,0.0,0.0,0.0,50579.5,51356.0,-776.5,0.01511994703637355,False
2021-02-22,0.0,0.0,0.0,0.0,0.0,50579.5,51356.0,-776.5,0.01511994703637355,False
2021-02-23,0.0,0.0,0.0,0.0,0.0,50579.5,51356.0,-776.5,0.01511994703637355,False
2021-02-24,0.0,0.0,0.0,0.0,0.0,50579.5,51356.0,-776.5,0.01511994703637355,False
2021-02-25,0.0,0.0,0.0,0.0,0.0,50579.5,51356.0,-776.5,0.01511994703637355,False
2021-02-26,0.0,0.0,0.0,0.0,0.0,50579.5,51356.0,-776.5,0.01511994703637355,False
2021-02-28,0.0,0.0,0.0,0.0,0.0,50579.5,51356.0,-776.5,0.01511994703637355,False
2021-03-01,255.0,257.5,2.5,1.0,0.0,50834.5,51356.0,-521.5,0.010154607056624347,True
2021-03-02,0.0,0.0,0.0,0.0,0.0,50834.5,51356.0,-521.5,0.010154607056624347,False
2021-03-03,0.0,0.0,0.0,0.0,0.0,50834.5,51356.0,-521.5,0.010154607056624347,False
2021-03-04,0.0,0.0,0.0,0.0,0.0,50834.5,51356.0,-521.5,0.010154607056624347,False
2021-03-05,0.0,0.0,0.0,0.0,0.0,50834.5,51356.0,-521.5,0.010154607056624347,False
2021-03-07,0.0,0.0,0.0,0.0,0.0,50834.5,51356.0,-521.5,0.010154607056624347,False
2021-03-08,0.0,0.0,0.0,0.0,0.0,50834.5,51356.0,-521.5,0.010154607056624347,False
2021-03-09,0.0,0.0,0.0,0.0,0.0,50834.5,51356.0,-521.5,0.010154607056624347,False
2021-03-10,0.0,0.0,0.0,0.0,0.0,50834.5,51356.0,-521.5,0.010154607056624347,False
2021-03-11,0.0,0.0,0.0,0.0,0.0,50834.5,51356.0,-521.5,0.010154607056624347,False
2021-03-12,0.0,0.0,0.0,0.0,0.0,50834.5,51356.0,-521.5,0.010154607056624347,False
2021-03-14,0.0,0.0,0.0,0.0,0.0,50834.5,51356.0,-521.5,0.010154607056624347,False
2021-03-15,0.0,0.0,0.0,0.0,0.0,50834.5,51356.0,-521.5,0.010154607056624347,False
2021-03-16,0.0,0.0,0.0,0.0,0.0,50834.5,51356.0,-521.5,0.010154607056624347,False
2021-03-17,0.0,0.0,0.0,0.0,0.0,50834.5,51356.0,-521.5,0.010154607056624347,False
2021-03-18,0.0,0.0,0.0,0.0,0.0,50834.5,51356.0,-521.5,0.010154607056624347,False
2021-03-19,0.0,0.0,0.0,0.0,0.0,50834.5,51356.0,-521.5,0.010154607056624347,False
2021-03-21,0.0,0.0,0.0,0.0,0.0,50834.5,51356.0,-521.5,0.010154607056624347,False
2021-03-22,0.0,0.0,0.0,0.0,0.0,50834.5,51356.0,-521.5,0.010154607056624347,False
2021-03-23,0.0,0.0,0.0,0.0,0.0,50834.5,51356.0,-521.5,0.010154607056624347,False
2021-03-24,0.0,0.0,0.0,0.0,0.0,50834.5,51356.0,-521.5,0.010154607056624347,False
2021-03-25,0.0,0.0,0.0,0.0,0.0,50834.5,51356.0,-521.5,0.010154607056624347,False
2021-03-26,-141.5,-139.0,2.5,1.0,1.0,50693.0,51356.0,-663.0,0.012909883947347925,False
2021-03-28,0.0,0.0,0.0,0.0,0.0,50693.0,51356.0,-663.0,0.012909883947347925,False
2021-03-29,0.0,0.0,0.0,0.0,0.0,50693.0,51356.0,-663.0,0.012909883947347925,False
2021-03-30,0.0,0.0,0.0,0.0,0.0,50693.0,51356.0,-663.0,0.012909883947347925,False
2021-03-31,0.0,0.0,0.0,0.0,0.0,50693.0,51356.0,-663.0,0.012909883947347925,False
2021-04-01,0.0,0.0,0.0,0.0,0.0,50693.0,51356.0,-663.0,0.012909883947347925,False
2021-04-02,0.0,0.0,0.0,0.0,0.0,50693.0,51356.0,-663.0,0.012909883947347925,False
2021-04-04,0.0,0.0,0.0,0.0,0.0,50693.0,51356.0,-663.0,0.012909883947347925,False
2021-04-05,248.0,250.5,2.5,1.0,0.0,50941.0,51356.0,-415.0,0.00808084741802321,True
2021-04-06,0.0,0.0,0.0,0.0,0.0,50941.0,51356.0,-415.0,0.00808084741802321,False
2021-04-07,0.0,0.0,0.0,0.0,0.0,50941.0,51356.0,-415.0,0.00808084741802321,False
2021-04-08,0.0,0.0,0.0,0.0,0.0,50941.0,51356.0,-415.0,0.00808084741802321,False
2021-04-09,0.0,0.0,0.0,0.0,0.0,50941.0,51356.0,-415.0,0.00808084741802321,False
2021-04-11,0.0,0.0,0.0,0.0,0.0,50941.0,51356.0,-415.0,0.00808084741802321,False
2021-04-12,0.0,0.0,0.0,0.0,0.0,50941.0,51356.0,-415.0,0.00808084741802321,False
2021-04-13,58.0,60.5,2.5,1.0,0.0,50999.0,51356.0,-357.0,0.006951475971648882,True
2021-04-14,0.0,0.0,0.0,0.0,0.0,50999.0,51356.0,-357.0,0.006951475971648882,False
2021-04-15,0.0,0.0,0.0,0.0,0.0,50999.0,51356.0,-357.0,0.006951475971648882,False
2021-04-16,0.0,0.0,0.0,0.0,0.0,50999.0,51356.0,-357.0,0.006951475971648882,False
2021-04-18,0.0,0.0,0.0,0.0,0.0,50999.0,51356.0,-357.0,0.006951475971648882,False
2021-04-19,0.0,0.0,0.0,0.0,0.0,50999.0,51356.0,-357.0,0.006951475971648882,False
2021-04-20,0.0,0.0,0.0,0.0,0.0,50999.0,51356.0,-357.0,0.006951475971648882,False
2021-04-21,212.5,215.0,2.5,1.0,0.0,51211.5,51356.0,-144.5,0.0028136926551912142,True
2021-04-22,0.0,0.0,0.0,0.0,0.0,51211.5,51356.0,-144.5,0.0028136926551912142,False
2021-04-23,193.0,195.5,2.5,1.0,0.0,51404.5,51404.5,0.0,0.0,True
2021-04-25,0.0,0.0,0.0,0.0,0.0,51404.5,51404.5,0.0,0.0,False
2021-04-26,0.0,0.0,0.0,0.0,0.0,51404.5,51404.5,0.0,0.0,False
2021-04-27,0.0,0.0,0.0,0.0,0.0,51404.5,51404.5,0.0,0.0,False
2021-04-28,0.0,0.0,0.0,0.0,0.0,51404.5,51404.5,0.0,0.0,False
2021-04-29,0.0,0.0,0.0,0.0,0.0,51404.5,51404.5,0.0,0.0,False
2021-04-30,0.0,0.0,0.0,0.0,0.0,51404.5,51404.5,0.0,0.0,False
2021-05-02,0.0,0.0,0.0,0.0,0.0,51404.5,51404.5,0.0,0.0,False
2021-05-03,0.0,0.0,0.0,0.0,0.0,51404.5,51404.5,0.0,0.0,False
2021-05-04,0.0,0.0,0.0,0.0,0.0,51404.5,51404.5,0.0,0.0,False
2021-05-05,0.0,0.0,0.0,0.0,0.0,51404.5,51404.5,0.0,0.0,False
2021-05-06,0.0,0.0,0.0,0.0,0.0,51404.5,51404.5,0.0,0.0,False
2021-05-07,-118.0,-115.5,2.5,1.0,1.0,51286.5,51404.5,-118.0,0.0022955188748066805,False
2021-05-09,0.0,0.0,0.0,0.0,0.0,51286.5,51404.5,-118.0,0.0022955188748066805,False
2021-05-10,0.0,0.0,0.0,0.0,0.0,51286.5,51404.5,-118.0,0.0022955188748066805,False
2021-05-11,0.0,0.0,0.0,0.0,0.0,51286.5,51404.5,-118.0,0.0022955188748066805,False
2021-05-12,0.0,0.0,0.0,0.0,0.0,51286.5,51404.5,-118.0,0.0022955188748066805,False
2021-05-13,0.0,0.0,0.0,0.0,0.0,51286.5,51404.5,-118.0,0.0022955188748066805,False
2021-05-14,219.5,222.0,2.5,1.0,0.0,51506.0,51506.0,0.0,0.0,True
2021-05-16,0.0,0.0,0.0,0.0,0.0,51506.0,51506.0,0.0,0.0,False
2021-05-17,0.0,0.0,0.0,0.0,0.0,51506.0,51506.0,0.0,0.0,False
2021-05-18,0.0,0.0,0.0,0.0,0.0,51506.0,51506.0,0.0,0.0,False
2021-05-19,0.0,0.0,0.0,0.0,0.0,51506.0,51506.0,0.0,0.0,False
2021-05-20,0.0,0.0,0.0,0.0,0.0,51506.0,51506.0,0.0,0.0,False
2021-05-21,0.0,0.0,0.0,0.0,0.0,51506.0,51506.0,0.0,0.0,False
2021-05-23,0.0,0.0,0.0,0.0,0.0,51506.0,51506.0,0.0,0.0,False
2021-05-24,0.0,0.0,0.0,0.0,0.0,51506.0,51506.0,0.0,0.0,False
2021-05-25,0.0,0.0,0.0,0.0,0.0,51506.0,51506.0,0.0,0.0,False
2021-05-26,0.0,0.0,0.0,0.0,0.0,51506.0,51506.0,0.0,0.0,False
2021-05-27,0.0,0.0,0.0,0.0,0.0,51506.0,51506.0,0.0,0.0,False
2021-05-28,0.0,0.0,0.0,0.0,0.0,51506.0,51506.0,0.0,0.0,False
2021-05-30,0.0,0.0,0.0,0.0,0.0,51506.0,51506.0,0.0,0.0,False
2021-05-31,0.0,0.0,0.0,0.0,0.0,51506.0,51506.0,0.0,0.0,False
2021-06-01,0.0,0.0,0.0,0.0,0.0,51506.0,51506.0,0.0,0.0,False
2021-06-02,0.0,0.0,0.0,0.0,0.0,51506.0,51506.0,0.0,0.0,False
2021-06-03,0.0,0.0,0.0,0.0,0.0,51506.0,51506.0,0.0,0.0,False
2021-06-04,0.0,0.0,0.0,0.0,0.0,51506.0,51506.0,0.0,0.0,False
2021-06-06,0.0,0.0,0.0,0.0,0.0,51506.0,51506.0,0.0,0.0,False
2021-06-07,0.0,0.0,0.0,0.0,0.0,51506.0,51506.0,0.0,0.0,False
2021-06-08,0.0,0.0,0.0,0.0,0.0,51506.0,51506.0,0.0,0.0,False
2021-06-09,0.0,0.0,0.0,0.0,0.0,51506.0,51506.0,0.0,0.0,False
2021-06-10,0.0,0.0,0.0,0.0,0.0,51506.0,51506.0,0.0,0.0,False
2021-06-11,0.0,0.0,0.0,0.0,0.0,51506.0,51506.0,0.0,0.0,False
2021-06-13,0.0,0.0,0.0,0.0,0.0,51506.0,51506.0,0.0,0.0,False
2021-06-14,0.0,0.0,0.0,0.0,0.0,51506.0,51506.0,0.0,0.0,False
2021-06-15,0.0,0.0,0.0,0.0,0.0,51506.0,51506.0,0.0,0.0,False
2021-06-16,0.0,0.0,0.0,0.0,0.0,51506.0,51506.0,0.0,0.0,False
2021-06-17,272.5,275.0,2.5,1.0,0.0,51778.5,51778.5,0.0,0.0,True
2021-06-18,0.0,0.0,0.0,0.0,0.0,51778.5,51778.5,0.0,0.0,False
2021-06-20,0.0,0.0,0.0,0.0,0.0,51778.5,51778.5,0.0,0.0,False
2021-06-21,0.0,0.0,0.0,0.0,0.0,51778.5,51778.5,0.0,0.0,False
2021-06-22,0.0,0.0,0.0,0.0,0.0,51778.5,51778.5,0.0,0.0,False
2021-06-23,-112.0,-109.5,2.5,1.0,1.0,51666.5,51778.5,-112.0,0.002163059957318192,False
2021-06-24,0.0,0.0,0.0,0.0,0.0,51666.5,51778.5,-112.0,0.002163059957318192,False
2021-06-25,0.0,0.0,0.0,0.0,0.0,51666.5,51778.5,-112.0,0.002163059957318192,False
2021-06-27,0.0,0.0,0.0,0.0,0.0,51666.5,51778.5,-112.0,0.002163059957318192,False
2021-06-28,88.5,91.0,2.5,1.0,0.0,51755.0,51778.5,-23.5,0.00045385633033015634,True
2021-06-29,0.0,0.0,0.0,0.0,0.0,51755.0,51778.5,-23.5,0.00045385633033015634,False
2021-06-30,0.0,0.0,0.0,0.0,0.0,51755.0,51778.5,-23.5,0.00045385633033015634,False
2021-07-01,0.0,0.0,0.0,0.0,0.0,51755.0,51778.5,-23.5,0.00045385633033015634,False
2021-07-02,0.0,0.0,0.0,0.0,0.0,51755.0,51778.5,-23.5,0.00045385633033015634,False
2021-07-04,0.0,0.0,0.0,0.0,0.0,51755.0,51778.5,-23.5,0.00045385633033015634,False
2021-07-05,0.0,0.0,0.0,0.0,0.0,51755.0,51778.5,-23.5,0.00045385633033015634,False
2021-07-06,-83.0,-80.5,2.5,1.0,1.0,51672.0,51778.5,-106.5,0.002056838262985602,False
2021-07-07,0.0,0.0,0.0,0.0,0.0,51672.0,51778.5,-106.5,0.002056838262985602,False
2021-07-08,0.0,0.0,0.0,0.0,0.0,51672.0,51778.5,-106.5,0.002056838262985602,False
2021-07-09,0.0,0.0,0.0,0.0,0.0,51672.0,51778.5,-106.5,0.002056838262985602,False
2021-07-11,0.0,0.0,0.0,0.0,0.0,51672.0,51778.5,-106.5,0.002056838262985602,False
2021-07-12,0.0,0.0,0.0,0.0,0.0,51672.0,51778.5,-106.5,0.002056838262985602,False
2021-07-13,-131.5,-129.0,2.5,1.0,1.0,51540.5,51778.5,-238.0,0.004596502409301158,False
2021-07-14,0.0,0.0,0.0,0.0,0.0,51540.5,51778.5,-238.0,0.004596502409301158,False
2021-07-15,0.0,0.0,0.0,0.0,0.0,51540.5,51778.5,-238.0,0.004596502409301158,False
2021-07-16,0.0,0.0,0.0,0.0,0.0,51540.5,51778.5,-238.0,0.004596502409301158,False
2021-07-18,0.0,0.0,0.0,0.0,0.0,51540.5,51778.5,-238.0,0.004596502409301158,False
2021-07-19,0.0,0.0,0.0,0.0,0.0,51540.5,51778.5,-238.0,0.004596502409301158,False
2021-07-20,0.0,0.0,0.0,0.0,0.0,51540.5,51778.5,-238.0,0.004596502409301158,False
2021-07-21,162.0,164.5,2.5,1.0,0.0,51702.5,51778.5,-76.0,0.0014677906853230588,True
2021-07-22,0.0,0.0,0.0,0.0,0.0,51702.5,51778.5,-76.0,0.0014677906853230588,False
2021-07-23,0.0,0.0,0.0,0.0,0.0,51702.5,51778.5,-76.0,0.0014677906853230588,False
2021-07-25,0.0,0.0,0.0,0.0,0.0,51702.5,51778.5,-76.0,0.0014677906853230588,False
2021-07-26,0.0,0.0,0.0,0.0,0.0,51702.5,51778.5,-76.0,0.0014677906853230588,False
2021-07-27,0.0,0.0,0.0,0.0,0.0,51702.5,51778.5,-76.0,0.0014677906853230588,False
2021-07-28,0.0,0.0,0.0,0.0,0.0,51702.5,51778.5,-76.0,0.0014677906853230588,False
2021-07-29,0.0,0.0,0.0,0.0,0.0,51702.5,51778.5,-76.0,0.0014677906853230588,False
2021-07-30,0.0,0.0,0.0,0.0,0.0,51702.5,51778.5,-76.0,0.0014677906853230588,False
2021-08-01,0.0,0.0,0.0,0.0,0.0,51702.5,51778.5,-76.0,0.0014677906853230588,False
2021-08-02,0.0,0.0,0.0,0.0,0.0,51702.5,51778.5,-76.0,0.0014677906853230588,False
2021-08-03,0.0,0.0,0.0,0.0,0.0,51702.5,51778.5,-76.0,0.0014677906853230588,False
2021-08-04,0.0,0.0,0.0,0.0,0.0,51702.5,51778.5,-76.0,0.0014677906853230588,False
2021-08-05,0.0,0.0,0.0,0.0,0.0,51702.5,51778.5,-76.0,0.0014677906853230588,False
2021-08-06,0.0,0.0,0.0,0.0,0.0,51702.5,51778.5,-76.0,0.0014677906853230588,False
2021-08-08,0.0,0.0,0.0,0.0,0.0,51702.5,51778.5,-76.0,0.0014677906853230588,False
2021-08-09,0.0,0.0,0.0,0.0,0.0,51702.5,51778.5,-76.0,0.0014677906853230588,False
2021-08-10,0.0,0.0,0.0,0.0,0.0,51702.5,51778.5,-76.0,0.0014677906853230588,False
2021-08-11,0.0,0.0,0.0,0.0,0.0,51702.5,51778.5,-76.0,0.0014677906853230588,False
2021-08-12,0.0,0.0,0.0,0.0,0.0,51702.5,51778.5,-76.0,0.0014677906853230588,False
2021-08-13,-14.0,-11.5,2.5,1.0,1.0,51688.5,51778.5,-90.0,0.0017381731799878328,False
2021-08-15,0.0,0.0,0.0,0.0,0.0,51688.5,51778.5,-90.0,0.0017381731799878328,False
2021-08-16,0.0,0.0,0.0,0.0,0.0,51688.5,51778.5,-90.0,0.0017381731799878328,False
2021-08-17,0.0,0.0,0.0,0.0,0.0,51688.5,51778.5,-90.0,0.0017381731799878328,False
2021-08-18,-129.0,-126.5,2.5,1.0,1.0,51559.5,51778.5,-219.0,0.004229554737970393,False
2021-08-19,0.0,0.0,0.0,0.0,0.0,51559.5,51778.5,-219.0,0.004229554737970393,False
2021-08-20,366.0,371.0,5.0,1.0,0.0,51925.5,51925.5,0.0,0.0,True
2021-08-22,0.0,0.0,0.0,0.0,0.0,51925.5,51925.5,0.0,0.0,False
2021-08-23,228.5,231.0,2.5,1.0,0.0,52154.0,52154.0,0.0,0.0,True
2021-08-24,0.0,0.0,0.0,0.0,0.0,52154.0,52154.0,0.0,0.0,False
2021-08-25,0.0,0.0,0.0,0.0,0.0,52154.0,52154.0,0.0,0.0,False
2021-08-26,0.0,0.0,0.0,0.0,0.0,52154.0,52154.0,0.0,0.0,False
2021-08-27,120.5,123.0,2.5,1.0,0.0,52274.5,52274.5,0.0,0.0,True
2021-08-29,0.0,0.0,0.0,0.0,0.0,52274.5,52274.5,0.0,0.0,False
2021-08-30,0.0,0.0,0.0,0.0,0.0,52274.5,52274.5,0.0,0.0,False
2021-08-31,0.0,0.0,0.0,0.0,0.0,52274.5,52274.5,0.0,0.0,False
2021-09-01,-110.0,-107.5,2.5,1.0,1.0,52164.5,52274.5,-110.0,0.002104276463667754,False
2021-09-02,0.0,0.0,0.0,0.0,0.0,52164.5,52274.5,-110.0,0.002104276463667754,False
2021-09-03,4.5,7.0,2.5,1.0,0.0,52169.0,52274.5,-105.5,0.0020181924265177094,True
2021-09-05,0.0,0.0,0.0,0.0,0.0,52169.0,52274.5,-105.5,0.0020181924265177094,False
2021-09-06,0.0,0.0,0.0,0.0,0.0,52169.0,52274.5,-105.5,0.0020181924265177094,False
2021-09-07,0.0,0.0,0.0,0.0,0.0,52169.0,52274.5,-105.5,0.0020181924265177094,False
2021-09-08,0.0,0.0,0.0,0.0,0.0,52169.0,52274.5,-105.5,0.0020181924265177094,False
2021-09-09,0.0,0.0,0.0,0.0,0.0,52169.0,52274.5,-105.5,0.0020181924265177094,False
2021-09-10,0.0,0.0,0.0,0.0,0.0,52169.0,52274.5,-105.5,0.0020181924265177094,False
2021-09-12,0.0,0.0,0.0,0.0,0.0,52169.0,52274.5,-105.5,0.0020181924265177094,False
2021-09-13,0.0,0.0,0.0,0.0,0.0,52169.0,52274.5,-105.5,0.0020181924265177094,False
2021-09-14,0.0,0.0,0.0,0.0,0.0,52169.0,52274.5,-105.5,0.0020181924265177094,False
2021-09-15,0.0,0.0,0.0,0.0,0.0,52169.0,52274.5,-105.5,0.0020181924265177094,False
2021-09-16,0.0,0.0,0.0,0.0,0.0,52169.0,52274.5,-105.5,0.0020181924265177094,False
2021-09-17,0.0,0.0,0.0,0.0,0.0,52169.0,52274.5,-105.5,0.0020181924265177094,False
2021-09-19,0.0,0.0,0.0,0.0,0.0,52169.0,52274.5,-105.5,0.0020181924265177094,False
2021-09-20,0.0,0.0,0.0,0.0,0.0,52169.0,52274.5,-105.5,0.0020181924265177094,False
2021-09-21,0.0,0.0,0.0,0.0,0.0,52169.0,52274.5,-105.5,0.0020181924265177094,False
2021-09-22,97.5,100.0,2.5,1.0,0.0,52266.5,52274.5,-8.0,0.00015303828826674574,True
2021-09-23,67.5,70.0,2.5,1.0,0.0,52334.0,52334.0,0.0,0.0,True
2021-09-24,0.0,0.0,0.0,0.0,0.0,52334.0,52334.0,0.0,0.0,False
2021-09-26,0.0,0.0,0.0,0.0,0.0,52334.0,52334.0,0.0,0.0,False
2021-09-27,0.0,0.0,0.0,0.0,0.0,52334.0,52334.0,0.0,0.0,False
2021-09-28,0.0,0.0,0.0,0.0,0.0,52334.0,52334.0,0.0,0.0,False
2021-09-29,-168.5,-166.0,2.5,1.0,1.0,52165.5,52334.0,-168.5,0.0032197042075897122,False
2021-09-30,-139.0,-136.5,2.5,1.0,1.0,52026.5,52334.0,-307.5,0.005875721328390721,False
2021-10-01,0.0,0.0,0.0,0.0,0.0,52026.5,52334.0,-307.5,0.005875721328390721,False
2021-10-03,0.0,0.0,0.0,0.0,0.0,52026.5,52334.0,-307.5,0.005875721328390721,False
2021-10-04,0.0,0.0,0.0,0.0,0.0,52026.5,52334.0,-307.5,0.005875721328390721,False
2021-10-05,314.0,316.5,2.5,1.0,0.0,52340.5,52340.5,0.0,0.0,True
2021-10-06,0.0,0.0,0.0,0.0,0.0,52340.5,52340.5,0.0,0.0,False
2021-10-07,0.0,0.0,0.0,0.0,0.0,52340.5,52340.5,0.0,0.0,False
2021-10-08,0.0,0.0,0.0,0.0,0.0,52340.5,52340.5,0.0,0.0,False
2021-10-10,0.0,0.0,0.0,0.0,0.0,52340.5,52340.5,0.0,0.0,False
2021-10-11,0.0,0.0,0.0,0.0,0.0,52340.5,52340.5,0.0,0.0,False
2021-10-12,0.0,0.0,0.0,0.0,0.0,52340.5,52340.5,0.0,0.0,False
2021-10-13,0.0,0.0,0.0,0.0,0.0,52340.5,52340.5,0.0,0.0,False
2021-10-14,127.0,129.5,2.5,1.0,0.0,52467.5,52467.5,0.0,0.0,True
2021-10-15,0.0,0.0,0.0,0.0,0.0,52467.5,52467.5,0.0,0.0,False
2021-10-17,0.0,0.0,0.0,0.0,0.0,52467.5,52467.5,0.0,0.0,False
2021-10-18,0.0,0.0,0.0,0.0,0.0,52467.5,52467.5,0.0,0.0,False
2021-10-19,0.0,0.0,0.0,0.0,0.0,52467.5,52467.5,0.0,0.0,False
2021-10-20,0.0,0.0,0.0,0.0,0.0,52467.5,52467.5,0.0,0.0,False
2021-10-21,0.0,0.0,0.0,0.0,0.0,52467.5,52467.5,0.0,0.0,False
2021-10-22,0.0,0.0,0.0,0.0,0.0,52467.5,52467.5,0.0,0.0,False
2021-10-24,0.0,0.0,0.0,0.0,0.0,52467.5,52467.5,0.0,0.0,False
2021-10-25,0.0,0.0,0.0,0.0,0.0,52467.5,52467.5,0.0,0.0,False
2021-10-26,0.0,0.0,0.0,0.0,0.0,52467.5,52467.5,0.0,0.0,False
2021-10-27,-74.5,-72.0,2.5,1.0,1.0,52393.0,52467.5,-74.5,0.001419926621241721,False
2021-10-28,0.0,0.0,0.0,0.0,0.0,52393.0,52467.5,-74.5,0.001419926621241721,False
2021-10-29,0.0,0.0,0.0,0.0,0.0,52393.0,52467.5,-74.5,0.001419926621241721,False
2021-10-31,0.0,0.0,0.0,0.0,0.0,52393.0,52467.5,-74.5,0.001419926621241721,False
2021-11-01,0.0,0.0,0.0,0.0,0.0,52393.0,52467.5,-74.5,0.001419926621241721,False
2021-11-02,4.5,7.0,2.5,1.0,0.0,52397.5,52467.5,-70.0,0.001334159241435174,True
2021-11-03,0.0,0.0,0.0,0.0,0.0,52397.5,52467.5,-70.0,0.001334159241435174,False
2021-11-04,192.5,195.0,2.5,1.0,0.0,52590.0,52590.0,0.0,0.0,True
2021-11-05,0.0,0.0,0.0,0.0,0.0,52590.0,52590.0,0.0,0.0,False
2021-11-07,0.0,0.0,0.0,0.0,0.0,52590.0,52590.0,0.0,0.0,False
2021-11-08,0.0,0.0,0.0,0.0,0.0,52590.0,52590.0,0.0,0.0,False
2021-11-09,0.0,0.0,0.0,0.0,0.0,52590.0,52590.0,0.0,0.0,False
2021-11-10,0.0,0.0,0.0,0.0,0.0,52590.0,52590.0,0.0,0.0,False
2021-11-11,0.0,0.0,0.0,0.0,0.0,52590.0,52590.0,0.0,0.0,False
2021-11-12,0.0,0.0,0.0,0.0,0.0,52590.0,52590.0,0.0,0.0,False
2021-11-14,0.0,0.0,0.0,0.0,0.0,52590.0,52590.0,0.0,0.0,False
2021-11-15,0.0,0.0,0.0,0.0,0.0,52590.0,52590.0,0.0,0.0,False
2021-11-16,0.0,0.0,0.0,0.0,0.0,52590.0,52590.0,0.0,0.0,False
2021-11-17,0.0,0.0,0.0,0.0,0.0,52590.0,52590.0,0.0,0.0,False
2021-11-18,46.0,48.5,2.5,1.0,0.0,52636.0,52636.0,0.0,0.0,True
2021-11-19,-38.5,-36.0,2.5,1.0,1.0,52597.5,52636.0,-38.5,0.0007314385591610305,False
2021-11-21,0.0,0.0,0.0,0.0,0.0,52597.5,52636.0,-38.5,0.0007314385591610305,False
2021-11-22,-188.5,-186.0,2.5,1.0,1.0,52409.0,52636.0,-227.0,0.004312637738429972,False
2021-11-23,0.0,0.0,0.0,0.0,0.0,52409.0,52636.0,-227.0,0.004312637738429972,False
2021-11-24,0.0,0.0,0.0,0.0,0.0,52409.0,52636.0,-227.0,0.004312637738429972,False
2021-11-25,0.0,0.0,0.0,0.0,0.0,52409.0,52636.0,-227.0,0.004312637738429972,False
2021-11-26,0.0,0.0,0.0,0.0,0.0,52409.0,52636.0,-227.0,0.004312637738429972,False
2021-11-28,0.0,0.0,0.0,0.0,0.0,52409.0,52636.0,-227.0,0.004312637738429972,False
2021-11-29,299.0,301.5,2.5,1.0,0.0,52708.0,52708.0,0.0,0.0,True
2021-11-30,0.0,0.0,0.0,0.0,0.0,52708.0,52708.0,0.0,0.0,False
2021-12-01,0.0,0.0,0.0,0.0,0.0,52708.0,52708.0,0.0,0.0,False
2021-12-02,0.0,0.0,0.0,0.0,0.0,52708.0,52708.0,0.0,0.0,False
2021-12-03,0.0,0.0,0.0,0.0,0.0,52708.0,52708.0,0.0,0.0,False
2021-12-05,0.0,0.0,0.0,0.0,0.0,52708.0,52708.0,0.0,0.0,False
2021-12-06,0.0,0.0,0.0,0.0,0.0,52708.0,52708.0,0.0,0.0,False
2021-12-07,253.0,255.5,2.5,1.0,0.0,52961.0,52961.0,0.0,0.0,True
2021-12-08,0.0,0.0,0.0,0.0,0.0,52961.0,52961.0,0.0,0.0,False
2021-12-09,0.0,0.0,0.0,0.0,0.0,52961.0,52961.0,0.0,0.0,False
2021-12-10,0.0,0.0,0.0,0.0,0.0,52961.0,52961.0,0.0,0.0,False
2021-12-12,0.0,0.0,0.0,0.0,0.0,52961.0,52961.0,0.0,0.0,False
2021-12-13,0.0,0.0,0.0,0.0,0.0,52961.0,52961.0,0.0,0.0,False
2021-12-14,0.0,0.0,0.0,0.0,0.0,52961.0,52961.0,0.0,0.0,False
2021-12-15,0.0,0.0,0.0,0.0,0.0,52961.0,52961.0,0.0,0.0,False
2021-12-16,0.0,0.0,0.0,0.0,0.0,52961.0,52961.0,0.0,0.0,False
2021-12-17,0.0,0.0,0.0,0.0,0.0,52961.0,52961.0,0.0,0.0,False
2021-12-19,0.0,0.0,0.0,0.0,0.0,52961.0,52961.0,0.0,0.0,False
2021-12-20,0.0,0.0,0.0,0.0,0.0,52961.0,52961.0,0.0,0.0,False
2021-12-21,0.0,0.0,0.0,0.0,0.0,52961.0,52961.0,0.0,0.0,False
2021-12-22,334.0,336.5,2.5,1.0,0.0,53295.0,53295.0,0.0,0.0,True
2021-12-23,0.0,0.0,0.0,0.0,0.0,53295.0,53295.0,0.0,0.0,False
2021-12-26,0.0,0.0,0.0,0.0,0.0,53295.0,53295.0,0.0,0.0,False
2021-12-27,0.0,0.0,0.0,0.0,0.0,53295.0,53295.0,0.0,0.0,False
2021-12-28,0.0,0.0,0.0,0.0,0.0,53295.0,53295.0,0.0,0.0,False
2021-12-29,0.0,0.0,0.0,0.0,0.0,53295.0,53295.0,0.0,0.0,False
2021-12-30,-236.0,-233.5,2.5,1.0,1.0,53059.0,53295.0,-236.0,0.004428182756356131,False
2021-12-31,0.0,0.0,0.0,0.0,0.0,53059.0,53295.0,-236.0,0.004428182756356131,False
2022-01-02,0.0,0.0,0.0,0.0,0.0,53059.0,53295.0,-236.0,0.004428182756356131,False
2022-01-03,0.0,0.0,0.0,0.0,0.0,53059.0,53295.0,-236.0,0.004428182756356131,False
2022-01-04,0.0,0.0,0.0,0.0,0.0,53059.0,53295.0,-236.0,0.004428182756356131,False
2022-01-05,0.0,0.0,0.0,0.0,0.0,53059.0,53295.0,-236.0,0.004428182756356131,False
2022-01-06,0.0,0.0,0.0,0.0,0.0,53059.0,53295.0,-236.0,0.004428182756356131,False
2022-01-07,0.0,0.0,0.0,0.0,0.0,53059.0,53295.0,-236.0,0.004428182756356131,False
2022-01-09,0.0,0.0,0.0,0.0,0.0,53059.0,53295.0,-236.0,0.004428182756356131,False
2022-01-10,0.0,0.0,0.0,0.0,0.0,53059.0,53295.0,-236.0,0.004428182756356131,False
2022-01-11,0.0,0.0,0.0,0.0,0.0,53059.0,53295.0,-236.0,0.004428182756356131,False
2022-01-12,0.0,0.0,0.0,0.0,0.0,53059.0,53295.0,-236.0,0.004428182756356131,False
2022-01-13,0.0,0.0,0.0,0.0,0.0,53059.0,53295.0,-236.0,0.004428182756356131,False
2022-01-14,0.0,0.0,0.0,0.0,0.0,53059.0,53295.0,-236.0,0.004428182756356131,False
2022-01-16,0.0,0.0,0.0,0.0,0.0,53059.0,53295.0,-236.0,0.004428182756356131,False
2022-01-17,0.0,0.0,0.0,0.0,0.0,53059.0,53295.0,-236.0,0.004428182756356131,False
2022-01-18,0.0,0.0,0.0,0.0,0.0,53059.0,53295.0,-236.0,0.004428182756356131,False
2022-01-19,0.0,0.0,0.0,0.0,0.0,53059.0,53295.0,-236.0,0.004428182756356131,False
2022-01-20,0.0,0.0,0.0,0.0,0.0,53059.0,53295.0,-236.0,0.004428182756356131,False
2022-01-21,0.0,0.0,0.0,0.0,0.0,53059.0,53295.0,-236.0,0.004428182756356131,False
2022-01-23,0.0,0.0,0.0,0.0,0.0,53059.0,53295.0,-236.0,0.004428182756356131,False
2022-01-24,0.0,0.0,0.0,0.0,0.0,53059.0,53295.0,-236.0,0.004428182756356131,False
2022-01-25,0.0,0.0,0.0,0.0,0.0,53059.0,53295.0,-236.0,0.004428182756356131,False
2022-01-26,0.0,0.0,0.0,0.0,0.0,53059.0,53295.0,-236.0,0.004428182756356131,False
2022-01-27,0.0,0.0,0.0,0.0,0.0,53059.0,53295.0,-236.0,0.004428182756356131,False
2022-01-28,0.0,0.0,0.0,0.0,0.0,53059.0,53295.0,-236.0,0.004428182756356131,False
2022-01-30,0.0,0.0,0.0,0.0,0.0,53059.0,53295.0,-236.0,0.004428182756356131,False
2022-01-31,0.0,0.0,0.0,0.0,0.0,53059.0,53295.0,-236.0,0.004428182756356131,False
2022-02-01,0.0,0.0,0.0,0.0,0.0,53059.0,53295.0,-236.0,0.004428182756356131,False
2022-02-02,0.0,0.0,0.0,0.0,0.0,53059.0,53295.0,-236.0,0.004428182756356131,False
2022-02-03,0.0,0.0,0.0,0.0,0.0,53059.0,53295.0,-236.0,0.004428182756356131,False
2022-02-04,0.0,0.0,0.0,0.0,0.0,53059.0,53295.0,-236.0,0.004428182756356131,False
2022-02-06,0.0,0.0,0.0,0.0,0.0,53059.0,53295.0,-236.0,0.004428182756356131,False
2022-02-07,0.0,0.0,0.0,0.0,0.0,53059.0,53295.0,-236.0,0.004428182756356131,False
2022-02-08,0.0,0.0,0.0,0.0,0.0,53059.0,53295.0,-236.0,0.004428182756356131,False
2022-02-09,0.0,0.0,0.0,0.0,0.0,53059.0,53295.0,-236.0,0.004428182756356131,False
2022-02-10,0.0,0.0,0.0,0.0,0.0,53059.0,53295.0,-236.0,0.004428182756356131,False
2022-02-11,0.0,0.0,0.0,0.0,0.0,53059.0,53295.0,-236.0,0.004428182756356131,False
2022-02-13,0.0,0.0,0.0,0.0,0.0,53059.0,53295.0,-236.0,0.004428182756356131,False
2022-02-14,0.0,0.0,0.0,0.0,0.0,53059.0,53295.0,-236.0,0.004428182756356131,False
2022-02-15,0.0,0.0,0.0,0.0,0.0,53059.0,53295.0,-236.0,0.004428182756356131,False
2022-02-16,0.0,0.0,0.0,0.0,0.0,53059.0,53295.0,-236.0,0.004428182756356131,False
2022-02-17,0.0,0.0,0.0,0.0,0.0,53059.0,53295.0,-236.0,0.004428182756356131,False
2022-02-18,0.0,0.0,0.0,0.0,0.0,53059.0,53295.0,-236.0,0.004428182756356131,False
2022-02-20,0.0,0.0,0.0,0.0,0.0,53059.0,53295.0,-236.0,0.004428182756356131,False
2022-02-21,0.0,0.0,0.0,0.0,0.0,53059.0,53295.0,-236.0,0.004428182756356131,False
2022-02-22,0.0,0.0,0.0,0.0,0.0,53059.0,53295.0,-236.0,0.004428182756356131,False
2022-02-23,0.0,0.0,0.0,0.0,0.0,53059.0,53295.0,-236.0,0.004428182756356131,False
2022-02-24,0.0,0.0,0.0,0.0,0.0,53059.0,53295.0,-236.0,0.004428182756356131,False
2022-02-25,0.0,0.0,0.0,0.0,0.0,53059.0,53295.0,-236.0,0.004428182756356131,False
2022-02-27,0.0,0.0,0.0,0.0,0.0,53059.0,53295.0,-236.0,0.004428182756356131,False
2022-02-28,0.0,0.0,0.0,0.0,0.0,53059.0,53295.0,-236.0,0.004428182756356131,False
2022-03-01,0.0,0.0,0.0,0.0,0.0,53059.0,53295.0,-236.0,0.004428182756356131,False
2022-03-02,0.0,0.0,0.0,0.0,0.0,53059.0,53295.0,-236.0,0.004428182756356131,False
2022-03-03,0.0,0.0,0.0,0.0,0.0,53059.0,53295.0,-236.0,0.004428182756356131,False
2022-03-04,0.0,0.0,0.0,0.0,0.0,53059.0,53295.0,-236.0,0.004428182756356131,False
2022-03-06,0.0,0.0,0.0,0.0,0.0,53059.0,53295.0,-236.0,0.004428182756356131,False
2022-03-07,0.0,0.0,0.0,0.0,0.0,53059.0,53295.0,-236.0,0.004428182756356131,False
2022-03-08,0.0,0.0,0.0,0.0,0.0,53059.0,53295.0,-236.0,0.004428182756356131,False
2022-03-09,0.0,0.0,0.0,0.0,0.0,53059.0,53295.0,-236.0,0.004428182756356131,False
2022-03-10,0.0,0.0,0.0,0.0,0.0,53059.0,53295.0,-236.0,0.004428182756356131,False
2022-03-11,0.0,0.0,0.0,0.0,0.0,53059.0,53295.0,-236.0,0.004428182756356131,False
2022-03-13,0.0,0.0,0.0,0.0,0.0,53059.0,53295.0,-236.0,0.004428182756356131,False
2022-03-14,0.0,0.0,0.0,0.0,0.0,53059.0,53295.0,-236.0,0.004428182756356131,False
2022-03-15,0.0,0.0,0.0,0.0,0.0,53059.0,53295.0,-236.0,0.004428182756356131,False
2022-03-16,0.0,0.0,0.0,0.0,0.0,53059.0,53295.0,-236.0,0.004428182756356131,False
2022-03-17,0.0,0.0,0.0,0.0,0.0,53059.0,53295.0,-236.0,0.004428182756356131,False
2022-03-18,0.0,0.0,0.0,0.0,0.0,53059.0,53295.0,-236.0,0.004428182756356131,False
2022-03-20,0.0,0.0,0.0,0.0,0.0,53059.0,53295.0,-236.0,0.004428182756356131,False
2022-03-21,0.0,0.0,0.0,0.0,0.0,53059.0,53295.0,-236.0,0.004428182756356131,False
2022-03-22,0.0,0.0,0.0,0.0,0.0,53059.0,53295.0,-236.0,0.004428182756356131,False
2022-03-23,0.0,0.0,0.0,0.0,0.0,53059.0,53295.0,-236.0,0.004428182756356131,False
2022-03-24,0.0,0.0,0.0,0.0,0.0,53059.0,53295.0,-236.0,0.004428182756356131,False
2022-03-25,0.0,0.0,0.0,0.0,0.0,53059.0,53295.0,-236.0,0.004428182756356131,False
2022-03-27,0.0,0.0,0.0,0.0,0.0,53059.0,53295.0,-236.0,0.004428182756356131,False
2022-03-28,0.0,0.0,0.0,0.0,0.0,53059.0,53295.0,-236.0,0.004428182756356131,False
2022-03-29,0.0,0.0,0.0,0.0,0.0,53059.0,53295.0,-236.0,0.004428182756356131,False
2022-03-30,0.0,0.0,0.0,0.0,0.0,53059.0,53295.0,-236.0,0.004428182756356131,False
2022-03-31,0.0,0.0,0.0,0.0,0.0,53059.0,53295.0,-236.0,0.004428182756356131,False
2022-04-01,0.0,0.0,0.0,0.0,0.0,53059.0,53295.0,-236.0,0.004428182756356131,False
2022-04-03,0.0,0.0,0.0,0.0,0.0,53059.0,53295.0,-236.0,0.004428182756356131,False
2022-04-04,0.0,0.0,0.0,0.0,0.0,53059.0,53295.0,-236.0,0.004428182756356131,False
2022-04-05,0.0,0.0,0.0,0.0,0.0,53059.0,53295.0,-236.0,0.004428182756356131,False
2022-04-06,0.0,0.0,0.0,0.0,0.0,53059.0,53295.0,-236.0,0.004428182756356131,False
2022-04-07,0.0,0.0,0.0,0.0,0.0,53059.0,53295.0,-236.0,0.004428182756356131,False
2022-04-08,0.0,0.0,0.0,0.0,0.0,53059.0,53295.0,-236.0,0.004428182756356131,False
2022-04-10,0.0,0.0,0.0,0.0,0.0,53059.0,53295.0,-236.0,0.004428182756356131,False
2022-04-11,0.0,0.0,0.0,0.0,0.0,53059.0,53295.0,-236.0,0.004428182756356131,False
2022-04-12,0.0,0.0,0.0,0.0,0.0,53059.0,53295.0,-236.0,0.004428182756356131,False
2022-04-13,0.0,0.0,0.0,0.0,0.0,53059.0,53295.0,-236.0,0.004428182756356131,False
2022-04-14,0.0,0.0,0.0,0.0,0.0,53059.0,53295.0,-236.0,0.004428182756356131,False
2022-04-17,0.0,0.0,0.0,0.0,0.0,53059.0,53295.0,-236.0,0.004428182756356131,False
2022-04-18,0.0,0.0,0.0,0.0,0.0,53059.0,53295.0,-236.0,0.004428182756356131,False
2022-04-19,0.0,0.0,0.0,0.0,0.0,53059.0,53295.0,-236.0,0.004428182756356131,False
2022-04-20,0.0,0.0,0.0,0.0,0.0,53059.0,53295.0,-236.0,0.004428182756356131,False
2022-04-21,0.0,0.0,0.0,0.0,0.0,53059.0,53295.0,-236.0,0.004428182756356131,False
2022-04-22,0.0,0.0,0.0,0.0,0.0,53059.0,53295.0,-236.0,0.004428182756356131,False
2022-04-24,0.0,0.0,0.0,0.0,0.0,53059.0,53295.0,-236.0,0.004428182756356131,False
2022-04-25,0.0,0.0,0.0,0.0,0.0,53059.0,53295.0,-236.0,0.004428182756356131,False
2022-04-26,0.0,0.0,0.0,0.0,0.0,53059.0,53295.0,-236.0,0.004428182756356131,False
2022-04-27,0.0,0.0,0.0,0.0,0.0,53059.0,53295.0,-236.0,0.004428182756356131,False
2022-04-28,0.0,0.0,0.0,0.0,0.0,53059.0,53295.0,-236.0,0.004428182756356131,False
2022-04-29,0.0,0.0,0.0,0.0,0.0,53059.0,53295.0,-236.0,0.004428182756356131,False
2022-05-01,0.0,0.0,0.0,0.0,0.0,53059.0,53295.0,-236.0,0.004428182756356131,False
2022-05-02,0.0,0.0,0.0,0.0,0.0,53059.0,53295.0,-236.0,0.004428182756356131,False
2022-05-03,0.0,0.0,0.0,0.0,0.0,53059.0,53295.0,-236.0,0.004428182756356131,False
2022-05-04,0.0,0.0,0.0,0.0,0.0,53059.0,53295.0,-236.0,0.004428182756356131,False
2022-05-05,0.0,0.0,0.0,0.0,0.0,53059.0,53295.0,-236.0,0.004428182756356131,False
2022-05-06,0.0,0.0,0.0,0.0,0.0,53059.0,53295.0,-236.0,0.004428182756356131,False
2022-05-08,0.0,0.0,0.0,0.0,0.0,53059.0,53295.0,-236.0,0.004428182756356131,False
2022-05-09,0.0,0.0,0.0,0.0,0.0,53059.0,53295.0,-236.0,0.004428182756356131,False
2022-05-10,0.0,0.0,0.0,0.0,0.0,53059.0,53295.0,-236.0,0.004428182756356131,False
2022-05-11,0.0,0.0,0.0,0.0,0.0,53059.0,53295.0,-236.0,0.004428182756356131,False
2022-05-12,0.0,0.0,0.0,0.0,0.0,53059.0,53295.0,-236.0,0.004428182756356131,False
2022-05-13,0.0,0.0,0.0,0.0,0.0,53059.0,53295.0,-236.0,0.004428182756356131,False
2022-05-15,0.0,0.0,0.0,0.0,0.0,53059.0,53295.0,-236.0,0.004428182756356131,False
2022-05-16,0.0,0.0,0.0,0.0,0.0,53059.0,53295.0,-236.0,0.004428182756356131,False
2022-05-17,0.0,0.0,0.0,0.0,0.0,53059.0,53295.0,-236.0,0.004428182756356131,False
2022-05-18,0.0,0.0,0.0,0.0,0.0,53059.0,53295.0,-236.0,0.004428182756356131,False
2022-05-19,0.0,0.0,0.0,0.0,0.0,53059.0,53295.0,-236.0,0.004428182756356131,False
2022-05-20,0.0,0.0,0.0,0.0,0.0,53059.0,53295.0,-236.0,0.004428182756356131,False
2022-05-22,0.0,0.0,0.0,0.0,0.0,53059.0,53295.0,-236.0,0.004428182756356131,False
2022-05-23,0.0,0.0,0.0,0.0,0.0,53059.0,53295.0,-236.0,0.004428182756356131,False
2022-05-24,0.0,0.0,0.0,0.0,0.0,53059.0,53295.0,-236.0,0.004428182756356131,False
2022-05-25,0.0,0.0,0.0,0.0,0.0,53059.0,53295.0,-236.0,0.004428182756356131,False
2022-05-26,0.0,0.0,0.0,0.0,0.0,53059.0,53295.0,-236.0,0.004428182756356131,False
2022-05-27,0.0,0.0,0.0,0.0,0.0,53059.0,53295.0,-236.0,0.004428182756356131,False
2022-05-29,0.0,0.0,0.0,0.0,0.0,53059.0,53295.0,-236.0,0.004428182756356131,False
2022-05-30,0.0,0.0,0.0,0.0,0.0,53059.0,53295.0,-236.0,0.004428182756356131,False
2022-05-31,0.0,0.0,0.0,0.0,0.0,53059.0,53295.0,-236.0,0.004428182756356131,False
2022-06-01,0.0,0.0,0.0,0.0,0.0,53059.0,53295.0,-236.0,0.004428182756356131,False
2022-06-02,0.0,0.0,0.0,0.0,0.0,53059.0,53295.0,-236.0,0.004428182756356131,False
2022-06-03,0.0,0.0,0.0,0.0,0.0,53059.0,53295.0,-236.0,0.004428182756356131,False
2022-06-05,0.0,0.0,0.0,0.0,0.0,53059.0,53295.0,-236.0,0.004428182756356131,False
2022-06-06,0.0,0.0,0.0,0.0,0.0,53059.0,53295.0,-236.0,0.004428182756356131,False
2022-06-07,0.0,0.0,0.0,0.0,0.0,53059.0,53295.0,-236.0,0.004428182756356131,False
2022-06-08,0.0,0.0,0.0,0.0,0.0,53059.0,53295.0,-236.0,0.004428182756356131,False
2022-06-09,0.0,0.0,0.0,0.0,0.0,53059.0,53295.0,-236.0,0.004428182756356131,False
2022-06-10,0.0,0.0,0.0,0.0,0.0,53059.0,53295.0,-236.0,0.004428182756356131,False
2022-06-12,0.0,0.0,0.0,0.0,0.0,53059.0,53295.0,-236.0,0.004428182756356131,False
2022-06-13,0.0,0.0,0.0,0.0,0.0,53059.0,53295.0,-236.0,0.004428182756356131,False
2022-06-14,0.0,0.0,0.0,0.0,0.0,53059.0,53295.0,-236.0,0.004428182756356131,False
2022-06-15,0.0,0.0,0.0,0.0,0.0,53059.0,53295.0,-236.0,0.004428182756356131,False
2022-06-16,0.0,0.0,0.0,0.0,0.0,53059.0,53295.0,-236.0,0.004428182756356131,False
2022-06-17,0.0,0.0,0.0,0.0,0.0,53059.0,53295.0,-236.0,0.004428182756356131,False
2022-06-19,0.0,0.0,0.0,0.0,0.0,53059.0,53295.0,-236.0,0.004428182756356131,False
2022-06-20,0.0,0.0,0.0,0.0,0.0,53059.0,53295.0,-236.0,0.004428182756356131,False
2022-06-21,0.0,0.0,0.0,0.0,0.0,53059.0,53295.0,-236.0,0.004428182756356131,False
2022-06-22,0.0,0.0,0.0,0.0,0.0,53059.0,53295.0,-236.0,0.004428182756356131,False
2022-06-23,0.0,0.0,0.0,0.0,0.0,53059.0,53295.0,-236.0,0.004428182756356131,False
2022-06-24,0.0,0.0,0.0,0.0,0.0,53059.0,53295.0,-236.0,0.004428182756356131,False
2022-06-26,0.0,0.0,0.0,0.0,0.0,53059.0,53295.0,-236.0,0.004428182756356131,False
2022-06-27,0.0,0.0,0.0,0.0,0.0,53059.0,53295.0,-236.0,0.004428182756356131,False
2022-06-28,0.0,0.0,0.0,0.0,0.0,53059.0,53295.0,-236.0,0.004428182756356131,False
2022-06-29,0.0,0.0,0.0,0.0,0.0,53059.0,53295.0,-236.0,0.004428182756356131,False
2022-06-30,0.0,0.0,0.0,0.0,0.0,53059.0,53295.0,-236.0,0.004428182756356131,False
2022-07-01,0.0,0.0,0.0,0.0,0.0,53059.0,53295.0,-236.0,0.004428182756356131,False
2022-07-03,0.0,0.0,0.0,0.0,0.0,53059.0,53295.0,-236.0,0.004428182756356131,False
2022-07-04,0.0,0.0,0.0,0.0,0.0,53059.0,53295.0,-236.0,0.004428182756356131,False
2022-07-05,0.0,0.0,0.0,0.0,0.0,53059.0,53295.0,-236.0,0.004428182756356131,False
2022-07-06,0.0,0.0,0.0,0.0,0.0,53059.0,53295.0,-236.0,0.004428182756356131,False
2022-07-07,0.0,0.0,0.0,0.0,0.0,53059.0,53295.0,-236.0,0.004428182756356131,False
2022-07-08,0.0,0.0,0.0,0.0,0.0,53059.0,53295.0,-236.0,0.004428182756356131,False
2022-07-10,0.0,0.0,0.0,0.0,0.0,53059.0,53295.0,-236.0,0.004428182756356131,False
2022-07-11,0.0,0.0,0.0,0.0,0.0,53059.0,53295.0,-236.0,0.004428182756356131,False
2022-07-12,0.0,0.0,0.0,0.0,0.0,53059.0,53295.0,-236.0,0.004428182756356131,False
2022-07-13,0.0,0.0,0.0,0.0,0.0,53059.0,53295.0,-236.0,0.004428182756356131,False
2022-07-14,0.0,0.0,0.0,0.0,0.0,53059.0,53295.0,-236.0,0.004428182756356131,False
2022-07-15,0.0,0.0,0.0,0.0,0.0,53059.0,53295.0,-236.0,0.004428182756356131,False
2022-07-17,0.0,0.0,0.0,0.0,0.0,53059.0,53295.0,-236.0,0.004428182756356131,False
2022-07-18,0.0,0.0,0.0,0.0,0.0,53059.0,53295.0,-236.0,0.004428182756356131,False
2022-07-19,0.0,0.0,0.0,0.0,0.0,53059.0,53295.0,-236.0,0.004428182756356131,False
2022-07-20,184.0,186.5,2.5,1.0,0.0,53243.0,53295.0,-52.0,0.0009757012852988085,True
2022-07-21,0.0,0.0,0.0,0.0,0.0,53243.0,53295.0,-52.0,0.0009757012852988085,False
2022-07-22,0.0,0.0,0.0,0.0,0.0,53243.0,53295.0,-52.0,0.0009757012852988085,False
2022-07-24,0.0,0.0,0.0,0.0,0.0,53243.0,53295.0,-52.0,0.0009757012852988085,False
2022-07-25,0.0,0.0,0.0,0.0,0.0,53243.0,53295.0,-52.0,0.0009757012852988085,False
2022-07-26,0.0,0.0,0.0,0.0,0.0,53243.0,53295.0,-52.0,0.0009757012852988085,False
2022-07-27,0.0,0.0,0.0,0.0,0.0,53243.0,53295.0,-52.0,0.0009757012852988085,False
2022-07-28,0.0,0.0,0.0,0.0,0.0,53243.0,53295.0,-52.0,0.0009757012852988085,False
2022-07-29,0.0,0.0,0.0,0.0,0.0,53243.0,53295.0,-52.0,0.0009757012852988085,False
2022-07-31,0.0,0.0,0.0,0.0,0.0,53243.0,53295.0,-52.0,0.0009757012852988085,False
2022-08-01,0.0,0.0,0.0,0.0,0.0,53243.0,53295.0,-52.0,0.0009757012852988085,False
2022-08-02,0.0,0.0,0.0,0.0,0.0,53243.0,53295.0,-52.0,0.0009757012852988085,False
2022-08-03,0.0,0.0,0.0,0.0,0.0,53243.0,53295.0,-52.0,0.0009757012852988085,False
2022-08-04,0.0,0.0,0.0,0.0,0.0,53243.0,53295.0,-52.0,0.0009757012852988085,False
2022-08-05,0.0,0.0,0.0,0.0,0.0,53243.0,53295.0,-52.0,0.0009757012852988085,False
2022-08-07,0.0,0.0,0.0,0.0,0.0,53243.0,53295.0,-52.0,0.0009757012852988085,False
2022-08-08,0.0,0.0,0.0,0.0,0.0,53243.0,53295.0,-52.0,0.0009757012852988085,False
2022-08-09,0.0,0.0,0.0,0.0,0.0,53243.0,53295.0,-52.0,0.0009757012852988085,False
2022-08-10,0.0,0.0,0.0,0.0,0.0,53243.0,53295.0,-52.0,0.0009757012852988085,False
2022-08-11,-235.5,-233.0,2.5,1.0,1.0,53007.5,53295.0,-287.5,0.005394502298527067,False
2022-08-12,0.0,0.0,0.0,0.0,0.0,53007.5,53295.0,-287.5,0.005394502298527067,False
2022-08-14,0.0,0.0,0.0,0.0,0.0,53007.5,53295.0,-287.5,0.005394502298527067,False
2022-08-15,0.0,0.0,0.0,0.0,0.0,53007.5,53295.0,-287.5,0.005394502298527067,False
2022-08-16,0.0,0.0,0.0,0.0,0.0,53007.5,53295.0,-287.5,0.005394502298527067,False
2022-08-17,0.0,0.0,0.0,0.0,0.0,53007.5,53295.0,-287.5,0.005394502298527067,False
2022-08-18,0.0,0.0,0.0,0.0,0.0,53007.5,53295.0,-287.5,0.005394502298527067,False
2022-08-19,0.0,0.0,0.0,0.0,0.0,53007.5,53295.0,-287.5,0.005394502298527067,False
2022-08-21,0.0,0.0,0.0,0.0,0.0,53007.5,53295.0,-287.5,0.005394502298527067,False
2022-08-22,0.0,0.0,0.0,0.0,0.0,53007.5,53295.0,-287.5,0.005394502298527067,False
2022-08-23,0.0,0.0,0.0,0.0,0.0,53007.5,53295.0,-287.5,0.005394502298527067,False
2022-08-24,0.0,0.0,0.0,0.0,0.0,53007.5,53295.0,-287.5,0.005394502298527067,False
2022-08-25,0.0,0.0,0.0,0.0,0.0,53007.5,53295.0,-287.5,0.005394502298527067,False
2022-08-26,0.0,0.0,0.0,0.0,0.0,53007.5,53295.0,-287.5,0.005394502298527067,False
2022-08-28,0.0,0.0,0.0,0.0,0.0,53007.5,53295.0,-287.5,0.005394502298527067,False
2022-08-29,0.0,0.0,0.0,0.0,0.0,53007.5,53295.0,-287.5,0.005394502298527067,False
2022-08-30,0.0,0.0,0.0,0.0,0.0,53007.5,53295.0,-287.5,0.005394502298527067,False
2022-08-31,0.0,0.0,0.0,0.0,0.0,53007.5,53295.0,-287.5,0.005394502298527067,False
2022-09-01,0.0,0.0,0.0,0.0,0.0,53007.5,53295.0,-287.5,0.005394502298527067,False
2022-09-02,0.0,0.0,0.0,0.0,0.0,53007.5,53295.0,-287.5,0.005394502298527067,False
2022-09-04,0.0,0.0,0.0,0.0,0.0,53007.5,53295.0,-287.5,0.005394502298527067,False
2022-09-05,0.0,0.0,0.0,0.0,0.0,53007.5,53295.0,-287.5,0.005394502298527067,False
2022-09-06,0.0,0.0,0.0,0.0,0.0,53007.5,53295.0,-287.5,0.005394502298527067,False
2022-09-07,-185.5,-183.0,2.5,1.0,1.0,52822.0,53295.0,-473.0,0.008875128998968008,False
2022-09-08,0.0,0.0,0.0,0.0,0.0,52822.0,53295.0,-473.0,0.008875128998968008,False
2022-09-09,206.5,209.0,2.5,1.0,0.0,53028.5,53295.0,-266.5,0.005000469087156394,True
2022-09-11,0.0,0.0,0.0,0.0,0.0,53028.5,53295.0,-266.5,0.005000469087156394,False
2022-09-12,0.0,0.0,0.0,0.0,0.0,53028.5,53295.0,-266.5,0.005000469087156394,False
2022-09-13,0.0,0.0,0.0,0.0,0.0,53028.5,53295.0,-266.5,0.005000469087156394,False
2022-09-14,0.0,0.0,0.0,0.0,0.0,53028.5,53295.0,-266.5,0.005000469087156394,False
2022-09-15,0.0,0.0,0.0,0.0,0.0,53028.5,53295.0,-266.5,0.005000469087156394,False
2022-09-16,0.0,0.0,0.0,0.0,0.0,53028.5,53295.0,-266.5,0.005000469087156394,False
2022-09-18,0.0,0.0,0.0,0.0,0.0,53028.5,53295.0,-266.5,0.005000469087156394,False
2022-09-19,0.0,0.0,0.0,0.0,0.0,53028.5,53295.0,-266.5,0.005000469087156394,False
2022-09-20,0.0,0.0,0.0,0.0,0.0,53028.5,53295.0,-266.5,0.005000469087156394,False
2022-09-21,0.0,0.0,0.0,0.0,0.0,53028.5,53295.0,-266.5,0.005000469087156394,False
2022-09-22,0.0,0.0,0.0,0.0,0.0,53028.5,53295.0,-266.5,0.005000469087156394,False
2022-09-23,0.0,0.0,0.0,0.0,0.0,53028.5,53295.0,-266.5,0.005000469087156394,False
2022-09-25,0.0,0.0,0.0,0.0,0.0,53028.5,53295.0,-266.5,0.005000469087156394,False
2022-09-26,0.0,0.0,0.0,0.0,0.0,53028.5,53295.0,-266.5,0.005000469087156394,False
2022-09-27,0.0,0.0,0.0,0.0,0.0,53028.5,53295.0,-266.5,0.005000469087156394,False
2022-09-28,0.0,0.0,0.0,0.0,0.0,53028.5,53295.0,-266.5,0.005000469087156394,False
2022-09-29,0.0,0.0,0.0,0.0,0.0,53028.5,53295.0,-266.5,0.005000469087156394,False
2022-09-30,0.0,0.0,0.0,0.0,0.0,53028.5,53295.0,-266.5,0.005000469087156394,False
2022-10-02,0.0,0.0,0.0,0.0,0.0,53028.5,53295.0,-266.5,0.005000469087156394,False
2022-10-03,0.0,0.0,0.0,0.0,0.0,53028.5,53295.0,-266.5,0.005000469087156394,False
2022-10-04,0.0,0.0,0.0,0.0,0.0,53028.5,53295.0,-266.5,0.005000469087156394,False
2022-10-05,0.0,0.0,0.0,0.0,0.0,53028.5,53295.0,-266.5,0.005000469087156394,False
2022-10-06,0.0,0.0,0.0,0.0,0.0,53028.5,53295.0,-266.5,0.005000469087156394,False
2022-10-07,0.0,0.0,0.0,0.0,0.0,53028.5,53295.0,-266.5,0.005000469087156394,False
2022-10-09,0.0,0.0,0.0,0.0,0.0,53028.5,53295.0,-266.5,0.005000469087156394,False
2022-10-10,0.0,0.0,0.0,0.0,0.0,53028.5,53295.0,-266.5,0.005000469087156394,False
2022-10-11,0.0,0.0,0.0,0.0,0.0,53028.5,53295.0,-266.5,0.005000469087156394,False
2022-10-12,0.0,0.0,0.0,0.0,0.0,53028.5,53295.0,-266.5,0.005000469087156394,False
2022-10-13,0.0,0.0,0.0,0.0,0.0,53028.5,53295.0,-266.5,0.005000469087156394,False
2022-10-14,0.0,0.0,0.0,0.0,0.0,53028.5,53295.0,-266.5,0.005000469087156394,False
2022-10-16,0.0,0.0,0.0,0.0,0.0,53028.5,53295.0,-266.5,0.005000469087156394,False
2022-10-17,0.0,0.0,0.0,0.0,0.0,53028.5,53295.0,-266.5,0.005000469087156394,False
2022-10-18,0.0,0.0,0.0,0.0,0.0,53028.5,53295.0,-266.5,0.005000469087156394,False
2022-10-19,0.0,0.0,0.0,0.0,0.0,53028.5,53295.0,-266.5,0.005000469087156394,False
2022-10-20,0.0,0.0,0.0,0.0,0.0,53028.5,53295.0,-266.5,0.005000469087156394,False
2022-10-21,0.0,0.0,0.0,0.0,0.0,53028.5,53295.0,-266.5,0.005000469087156394,False
2022-10-23,0.0,0.0,0.0,0.0,0.0,53028.5,53295.0,-266.5,0.005000469087156394,False
2022-10-24,0.0,0.0,0.0,0.0,0.0,53028.5,53295.0,-266.5,0.005000469087156394,False
2022-10-25,0.0,0.0,0.0,0.0,0.0,53028.5,53295.0,-266.5,0.005000469087156394,False
2022-10-26,0.0,0.0,0.0,0.0,0.0,53028.5,53295.0,-266.5,0.005000469087156394,False
2022-10-27,0.0,0.0,0.0,0.0,0.0,53028.5,53295.0,-266.5,0.005000469087156394,False
2022-10-28,0.0,0.0,0.0,0.0,0.0,53028.5,53295.0,-266.5,0.005000469087156394,False
2022-10-30,0.0,0.0,0.0,0.0,0.0,53028.5,53295.0,-266.5,0.005000469087156394,False
2022-10-31,0.0,0.0,0.0,0.0,0.0,53028.5,53295.0,-266.5,0.005000469087156394,False
2022-11-01,0.0,0.0,0.0,0.0,0.0,53028.5,53295.0,-266.5,0.005000469087156394,False
2022-11-02,0.0,0.0,0.0,0.0,0.0,53028.5,53295.0,-266.5,0.005000469087156394,False
2022-11-03,0.0,0.0,0.0,0.0,0.0,53028.5,53295.0,-266.5,0.005000469087156394,False
2022-11-04,0.0,0.0,0.0,0.0,0.0,53028.5,53295.0,-266.5,0.005000469087156394,False
2022-11-06,0.0,0.0,0.0,0.0,0.0,53028.5,53295.0,-266.5,0.005000469087156394,False
2022-11-07,0.0,0.0,0.0,0.0,0.0,53028.5,53295.0,-266.5,0.005000469087156394,False
2022-11-08,0.0,0.0,0.0,0.0,0.0,53028.5,53295.0,-266.5,0.005000469087156394,False
2022-11-09,0.0,0.0,0.0,0.0,0.0,53028.5,53295.0,-266.5,0.005000469087156394,False
2022-11-10,0.0,0.0,0.0,0.0,0.0,53028.5,53295.0,-266.5,0.005000469087156394,False
2022-11-11,0.0,0.0,0.0,0.0,0.0,53028.5,53295.0,-266.5,0.005000469087156394,False
2022-11-13,0.0,0.0,0.0,0.0,0.0,53028.5,53295.0,-266.5,0.005000469087156394,False
2022-11-14,0.0,0.0,0.0,0.0,0.0,53028.5,53295.0,-266.5,0.005000469087156394,False
2022-11-15,0.0,0.0,0.0,0.0,0.0,53028.5,53295.0,-266.5,0.005000469087156394,False
2022-11-16,0.0,0.0,0.0,0.0,0.0,53028.5,53295.0,-266.5,0.005000469087156394,False
2022-11-17,0.0,0.0,0.0,0.0,0.0,53028.5,53295.0,-266.5,0.005000469087156394,False
2022-11-18,0.0,0.0,0.0,0.0,0.0,53028.5,53295.0,-266.5,0.005000469087156394,False
2022-11-20,0.0,0.0,0.0,0.0,0.0,53028.5,53295.0,-266.5,0.005000469087156394,False
2022-11-21,0.0,0.0,0.0,0.0,0.0,53028.5,53295.0,-266.5,0.005000469087156394,False
2022-11-22,0.0,0.0,0.0,0.0,0.0,53028.5,53295.0,-266.5,0.005000469087156394,False
2022-11-23,-120.0,-117.5,2.5,1.0,1.0,52908.5,53295.0,-386.5,0.007252087437845952,False
2022-11-24,0.0,0.0,0.0,0.0,0.0,52908.5,53295.0,-386.5,0.007252087437845952,False
2022-11-25,0.0,0.0,0.0,0.0,0.0,52908.5,53295.0,-386.5,0.007252087437845952,False
2022-11-27,0.0,0.0,0.0,0.0,0.0,52908.5,53295.0,-386.5,0.007252087437845952,False
2022-11-28,0.0,0.0,0.0,0.0,0.0,52908.5,53295.0,-386.5,0.007252087437845952,False
2022-11-29,0.0,0.0,0.0,0.0,0.0,52908.5,53295.0,-386.5,0.007252087437845952,False
2022-11-30,0.0,0.0,0.0,0.0,0.0,52908.5,53295.0,-386.5,0.007252087437845952,False
2022-12-01,0.0,0.0,0.0,0.0,0.0,52908.5,53295.0,-386.5,0.007252087437845952,False
2022-12-02,0.0,0.0,0.0,0.0,0.0,52908.5,53295.0,-386.5,0.007252087437845952,False
2022-12-04,0.0,0.0,0.0,0.0,0.0,52908.5,53295.0,-386.5,0.007252087437845952,False
2022-12-05,0.0,0.0,0.0,0.0,0.0,52908.5,53295.0,-386.5,0.007252087437845952,False
2022-12-06,0.0,0.0,0.0,0.0,0.0,52908.5,53295.0,-386.5,0.007252087437845952,False
2022-12-07,0.0,0.0,0.0,0.0,0.0,52908.5,53295.0,-386.5,0.007252087437845952,False
2022-12-08,0.0,0.0,0.0,0.0,0.0,52908.5,53295.0,-386.5,0.007252087437845952,False
2022-12-09,0.0,0.0,0.0,0.0,0.0,52908.5,53295.0,-386.5,0.007252087437845952,False
2022-12-11,0.0,0.0,0.0,0.0,0.0,52908.5,53295.0,-386.5,0.007252087437845952,False
2022-12-12,0.0,0.0,0.0,0.0,0.0,52908.5,53295.0,-386.5,0.007252087437845952,False
2022-12-13,0.0,0.0,0.0,0.0,0.0,52908.5,53295.0,-386.5,0.007252087437845952,False
2022-12-14,-155.0,-152.5,2.5,1.0,1.0,52753.5,53295.0,-541.5,0.010160427807486631,False
2022-12-15,0.0,0.0,0.0,0.0,0.0,52753.5,53295.0,-541.5,0.010160427807486631,False
2022-12-16,0.0,0.0,0.0,0.0,0.0,52753.5,53295.0,-541.5,0.010160427807486631,False
2022-12-18,0.0,0.0,0.0,0.0,0.0,52753.5,53295.0,-541.5,0.010160427807486631,False
2022-12-19,0.0,0.0,0.0,0.0,0.0,52753.5,53295.0,-541.5,0.010160427807486631,False
2022-12-20,0.0,0.0,0.0,0.0,0.0,52753.5,53295.0,-541.5,0.010160427807486631,False
2022-12-21,137.5,140.0,2.5,1.0,0.0,52891.0,53295.0,-404.0,0.007580448447321512,True
2022-12-22,0.0,0.0,0.0,0.0,0.0,52891.0,53295.0,-404.0,0.007580448447321512,False
2022-12-23,0.0,0.0,0.0,0.0,0.0,52891.0,53295.0,-404.0,0.007580448447321512,False
2022-12-26,0.0,0.0,0.0,0.0,0.0,52891.0,53295.0,-404.0,0.007580448447321512,False
2022-12-27,0.0,0.0,0.0,0.0,0.0,52891.0,53295.0,-404.0,0.007580448447321512,False
2022-12-28,0.0,0.0,0.0,0.0,0.0,52891.0,53295.0,-404.0,0.007580448447321512,False
2022-12-29,0.0,0.0,0.0,0.0,0.0,52891.0,53295.0,-404.0,0.007580448447321512,False
2022-12-30,0.0,0.0,0.0,0.0,0.0,52891.0,53295.0,-404.0,0.007580448447321512,False
2023-01-02,0.0,0.0,0.0,0.0,0.0,52891.0,53295.0,-404.0,0.007580448447321512,False
2023-01-03,0.0,0.0,0.0,0.0,0.0,52891.0,53295.0,-404.0,0.007580448447321512,False
2023-01-04,0.0,0.0,0.0,0.0,0.0,52891.0,53295.0,-404.0,0.007580448447321512,False
2023-01-05,0.0,0.0,0.0,0.0,0.0,52891.0,53295.0,-404.0,0.007580448447321512,False
2023-01-06,0.0,0.0,0.0,0.0,0.0,52891.0,53295.0,-404.0,0.007580448447321512,False
2023-01-08,0.0,0.0,0.0,0.0,0.0,52891.0,53295.0,-404.0,0.007580448447321512,False
2023-01-09,241.0,243.5,2.5,1.0,0.0,53132.0,53295.0,-163.0,0.00305844825968665,True
2023-01-10,0.0,0.0,0.0,0.0,0.0,53132.0,53295.0,-163.0,0.00305844825968665,False
2023-01-11,0.0,0.0,0.0,0.0,0.0,53132.0,53295.0,-163.0,0.00305844825968665,False
2023-01-12,0.0,0.0,0.0,0.0,0.0,53132.0,53295.0,-163.0,0.00305844825968665,False
2023-01-13,0.0,0.0,0.0,0.0,0.0,53132.0,53295.0,-163.0,0.00305844825968665,False
2023-01-15,0.0,0.0,0.0,0.0,0.0,53132.0,53295.0,-163.0,0.00305844825968665,False
2023-01-16,0.0,0.0,0.0,0.0,0.0,53132.0,53295.0,-163.0,0.00305844825968665,False
2023-01-17,0.0,0.0,0.0,0.0,0.0,53132.0,53295.0,-163.0,0.00305844825968665,False
2023-01-18,0.0,0.0,0.0,0.0,0.0,53132.0,53295.0,-163.0,0.00305844825968665,False
2023-01-19,0.0,0.0,0.0,0.0,0.0,53132.0,53295.0,-163.0,0.00305844825968665,False
2023-01-20,0.0,0.0,0.0,0.0,0.0,53132.0,53295.0,-163.0,0.00305844825968665,False
2023-01-22,0.0,0.0,0.0,0.0,0.0,53132.0,53295.0,-163.0,0.00305844825968665,False
2023-01-23,331.0,333.5,2.5,1.0,0.0,53463.0,53463.0,0.0,0.0,True
2023-01-24,0.0,0.0,0.0,0.0,0.0,53463.0,53463.0,0.0,0.0,False
2023-01-25,0.0,0.0,0.0,0.0,0.0,53463.0,53463.0,0.0,0.0,False
2023-01-26,0.0,0.0,0.0,0.0,0.0,53463.0,53463.0,0.0,0.0,False
2023-01-27,0.0,0.0,0.0,0.0,0.0,53463.0,53463.0,0.0,0.0,False
2023-01-29,0.0,0.0,0.0,0.0,0.0,53463.0,53463.0,0.0,0.0,False
2023-01-30,0.0,0.0,0.0,0.0,0.0,53463.0,53463.0,0.0,0.0,False
2023-01-31,0.0,0.0,0.0,0.0,0.0,53463.0,53463.0,0.0,0.0,False
2023-02-01,0.0,0.0,0.0,0.0,0.0,53463.0,53463.0,0.0,0.0,False
2023-02-02,-196.0,-193.5,2.5,1.0,1.0,53267.0,53463.0,-196.0,0.003666086826403307,False
2023-02-03,0.0,0.0,0.0,0.0,0.0,53267.0,53463.0,-196.0,0.003666086826403307,False
2023-02-05,0.0,0.0,0.0,0.0,0.0,53267.0,53463.0,-196.0,0.003666086826403307,False
2023-02-06,0.0,0.0,0.0,0.0,0.0,53267.0,53463.0,-196.0,0.003666086826403307,False
2023-02-07,0.0,0.0,0.0,0.0,0.0,53267.0,53463.0,-196.0,0.003666086826403307,False
2023-02-08,0.0,0.0,0.0,0.0,0.0,53267.0,53463.0,-196.0,0.003666086826403307,False
2023-02-09,0.0,0.0,0.0,0.0,0.0,53267.0,53463.0,-196.0,0.003666086826403307,False
2023-02-10,0.0,0.0,0.0,0.0,0.0,53267.0,53463.0,-196.0,0.003666086826403307,False
2023-02-12,0.0,0.0,0.0,0.0,0.0,53267.0,53463.0,-196.0,0.003666086826403307,False
2023-02-13,165.5,168.0,2.5,1.0,0.0,53432.5,53463.0,-30.5,0.0005704880010474534,True
2023-02-14,0.0,0.0,0.0,0.0,0.0,53432.5,53463.0,-30.5,0.0005704880010474534,False
2023-02-15,0.0,0.0,0.0,0.0,0.0,53432.5,53463.0,-30.5,0.0005704880010474534,False
2023-02-16,0.0,0.0,0.0,0.0,0.0,53432.5,53463.0,-30.5,0.0005704880010474534,False
2023-02-17,0.0,0.0,0.0,0.0,0.0,53432.5,53463.0,-30.5,0.0005704880010474534,False
2023-02-19,0.0,0.0,0.0,0.0,0.0,53432.5,53463.0,-30.5,0.0005704880010474534,False
2023-02-20,0.0,0.0,0.0,0.0,0.0,53432.5,53463.0,-30.5,0.0005704880010474534,False
2023-02-21,0.0,0.0,0.0,0.0,0.0,53432.5,53463.0,-30.5,0.0005704880010474534,False
2023-02-22,-113.0,-110.5,2.5,1.0,1.0,53319.5,53463.0,-143.5,0.002684099283616707,False
2023-02-23,0.0,0.0,0.0,0.0,0.0,53319.5,53463.0,-143.5,0.002684099283616707,False
2023-02-24,0.0,0.0,0.0,0.0,0.0,53319.5,53463.0,-143.5,0.002684099283616707,False
2023-02-26,0.0,0.0,0.0,0.0,0.0,53319.5,53463.0,-143.5,0.002684099283616707,False
2023-02-27,-145.0,-142.5,2.5,1.0,1.0,53174.5,53463.0,-288.5,0.005396255354170174,False
2023-02-28,0.0,0.0,0.0,0.0,0.0,53174.5,53463.0,-288.5,0.005396255354170174,False
2023-03-01,0.0,0.0,0.0,0.0,0.0,53174.5,53463.0,-288.5,0.005396255354170174,False
2023-03-02,0.0,0.0,0.0,0.0,0.0,53174.5,53463.0,-288.5,0.005396255354170174,False
2023-03-03,261.0,263.5,2.5,1.0,0.0,53435.5,53463.0,-27.5,0.0005143744271739333,True
2023-03-05,0.0,0.0,0.0,0.0,0.0,53435.5,53463.0,-27.5,0.0005143744271739333,False
2023-03-06,-146.5,-144.0,2.5,1.0,1.0,53289.0,53463.0,-174.0,0.00325458728466416,False
2023-03-07,0.0,0.0,0.0,0.0,0.0,53289.0,53463.0,-174.0,0.00325458728466416,False
2023-03-08,0.0,0.0,0.0,0.0,0.0,53289.0,53463.0,-174.0,0.00325458728466416,False
2023-03-09,0.0,0.0,0.0,0.0,0.0,53289.0,53463.0,-174.0,0.00325458728466416,False
2023-03-10,0.0,0.0,0.0,0.0,0.0,53289.0,53463.0,-174.0,0.00325458728466416,False
2023-03-12,0.0,0.0,0.0,0.0,0.0,53289.0,53463.0,-174.0,0.00325458728466416,False
2023-03-13,0.0,0.0,0.0,0.0,0.0,53289.0,53463.0,-174.0,0.00325458728466416,False
2023-03-14,0.0,0.0,0.0,0.0,0.0,53289.0,53463.0,-174.0,0.00325458728466416,False
2023-03-15,0.0,0.0,0.0,0.0,0.0,53289.0,53463.0,-174.0,0.00325458728466416,False
2023-03-16,0.0,0.0,0.0,0.0,0.0,53289.0,53463.0,-174.0,0.00325458728466416,False
2023-03-17,0.0,0.0,0.0,0.0,0.0,53289.0,53463.0,-174.0,0.00325458728466416,False
2023-03-19,0.0,0.0,0.0,0.0,0.0,53289.0,53463.0,-174.0,0.00325458728466416,False
2023-03-20,0.0,0.0,0.0,0.0,0.0,53289.0,53463.0,-174.0,0.00325458728466416,False
2023-03-21,-103.0,-100.5,2.5,1.0,1.0,53186.0,53463.0,-277.0,0.005181153320988347,False
2023-03-22,0.0,0.0,0.0,0.0,0.0,53186.0,53463.0,-277.0,0.005181153320988347,False
2023-03-23,-127.0,-124.5,2.5,1.0,1.0,53059.0,53463.0,-404.0,0.007556627948300694,False
2023-03-24,0.0,0.0,0.0,0.0,0.0,53059.0,53463.0,-404.0,0.007556627948300694,False
2023-03-26,0.0,0.0,0.0,0.0,0.0,53059.0,53463.0,-404.0,0.007556627948300694,False
2023-03-27,-159.0,-156.5,2.5,1.0,1.0,52900.0,53463.0,-563.0,0.010530647363597254,False
2023-03-28,0.0,0.0,0.0,0.0,0.0,52900.0,53463.0,-563.0,0.010530647363597254,False
2023-03-29,0.0,0.0,0.0,0.0,0.0,52900.0,53463.0,-563.0,0.010530647363597254,False
2023-03-30,0.0,0.0,0.0,0.0,0.0,52900.0,53463.0,-563.0,0.010530647363597254,False
2023-03-31,255.0,257.5,2.5,1.0,0.0,53155.0,53463.0,-308.0,0.005760993584348054,True
2023-04-02,0.0,0.0,0.0,0.0,0.0,53155.0,53463.0,-308.0,0.005760993584348054,False
2023-04-03,0.0,0.0,0.0,0.0,0.0,53155.0,53463.0,-308.0,0.005760993584348054,False
2023-04-04,0.0,0.0,0.0,0.0,0.0,53155.0,53463.0,-308.0,0.005760993584348054,False
2023-04-05,0.0,0.0,0.0,0.0,0.0,53155.0,53463.0,-308.0,0.005760993584348054,False
2023-04-06,0.0,0.0,0.0,0.0,0.0,53155.0,53463.0,-308.0,0.005760993584348054,False
2023-04-07,0.0,0.0,0.0,0.0,0.0,53155.0,53463.0,-308.0,0.005760993584348054,False
2023-04-09,0.0,0.0,0.0,0.0,0.0,53155.0,53463.0,-308.0,0.005760993584348054,False
2023-04-10,0.0,0.0,0.0,0.0,0.0,53155.0,53463.0,-308.0,0.005760993584348054,False
2023-04-11,0.0,0.0,0.0,0.0,0.0,53155.0,53463.0,-308.0,0.005760993584348054,False
2023-04-12,0.0,0.0,0.0,0.0,0.0,53155.0,53463.0,-308.0,0.005760993584348054,False
2023-04-13,246.0,248.5,2.5,1.0,0.0,53401.0,53463.0,-62.0,0.0011596805267194135,True
2023-04-14,-233.0,-230.5,2.5,1.0,1.0,53168.0,53463.0,-295.0,0.005517834764229467,False
2023-04-16,0.0,0.0,0.0,0.0,0.0,53168.0,53463.0,-295.0,0.005517834764229467,False
2023-04-17,0.0,0.0,0.0,0.0,0.0,53168.0,53463.0,-295.0,0.005517834764229467,False
2023-04-18,0.0,0.0,0.0,0.0,0.0,53168.0,53463.0,-295.0,0.005517834764229467,False
2023-04-19,0.0,0.0,0.0,0.0,0.0,53168.0,53463.0,-295.0,0.005517834764229467,False
2023-04-20,0.0,0.0,0.0,0.0,0.0,53168.0,53463.0,-295.0,0.005517834764229467,False
2023-04-21,0.0,0.0,0.0,0.0,0.0,53168.0,53463.0,-295.0,0.005517834764229467,False
2023-04-23,0.0,0.0,0.0,0.0,0.0,53168.0,53463.0,-295.0,0.005517834764229467,False
2023-04-24,0.0,0.0,0.0,0.0,0.0,53168.0,53463.0,-295.0,0.005517834764229467,False
2023-04-25,0.0,0.0,0.0,0.0,0.0,53168.0,53463.0,-295.0,0.005517834764229467,False
2023-04-26,0.0,0.0,0.0,0.0,0.0,53168.0,53463.0,-295.0,0.005517834764229467,False
2023-04-27,286.0,288.5,2.5,1.0,0.0,53454.0,53463.0,-9.0,0.00016834072162056002,True
2023-04-28,134.5,137.0,2.5,1.0,0.0,53588.5,53588.5,0.0,0.0,True
2023-04-30,0.0,0.0,0.0,0.0,0.0,53588.5,53588.5,0.0,0.0,False
2023-05-01,0.0,0.0,0.0,0.0,0.0,53588.5,53588.5,0.0,0.0,False
2023-05-02,0.0,0.0,0.0,0.0,0.0,53588.5,53588.5,0.0,0.0,False
2023-05-03,-184.0,-179.0,5.0,1.0,1.0,53404.5,53588.5,-184.0,0.0034335725015628353,False
2023-05-04,0.0,0.0,0.0,0.0,0.0,53404.5,53588.5,-184.0,0.0034335725015628353,False
2023-05-05,213.0,215.5,2.5,1.0,0.0,53617.5,53617.5,0.0,0.0,True
2023-05-07,0.0,0.0,0.0,0.0,0.0,53617.5,53617.5,0.0,0.0,False
2023-05-08,0.0,0.0,0.0,0.0,0.0,53617.5,53617.5,0.0,0.0,False
2023-05-09,0.0,0.0,0.0,0.0,0.0,53617.5,53617.5,0.0,0.0,False
2023-05-10,0.0,0.0,0.0,0.0,0.0,53617.5,53617.5,0.0,0.0,False
2023-05-11,0.0,0.0,0.0,0.0,0.0,53617.5,53617.5,0.0,0.0,False
2023-05-12,0.0,0.0,0.0,0.0,0.0,53617.5,53617.5,0.0,0.0,False
2023-05-14,0.0,0.0,0.0,0.0,0.0,53617.5,53617.5,0.0,0.0,False
2023-05-15,0.0,0.0,0.0,0.0,0.0,53617.5,53617.5,0.0,0.0,False
2023-05-16,-47.0,-44.5,2.5,1.0,1.0,53570.5,53617.5,-47.0,0.0008765794749848463,False
2023-05-17,0.0,0.0,0.0,0.0,0.0,53570.5,53617.5,-47.0,0.0008765794749848463,False
2023-05-18,251.0,253.5,2.5,1.0,0.0,53821.5,53821.5,0.0,0.0,True
2023-05-19,0.0,0.0,0.0,0.0,0.0,53821.5,53821.5,0.0,0.0,False
2023-05-21,0.0,0.0,0.0,0.0,0.0,53821.5,53821.5,0.0,0.0,False
2023-05-22,-42.0,-39.5,2.5,1.0,1.0,53779.5,53821.5,-42.0,0.0007803572921601962,False
2023-05-23,0.0,0.0,0.0,0.0,0.0,53779.5,53821.5,-42.0,0.0007803572921601962,False
2023-05-24,0.0,0.0,0.0,0.0,0.0,53779.5,53821.5,-42.0,0.0007803572921601962,False
2023-05-25,0.0,0.0,0.0,0.0,0.0,53779.5,53821.5,-42.0,0.0007803572921601962,False
2023-05-26,312.0,314.5,2.5,1.0,0.0,54091.5,54091.5,0.0,0.0,True
2023-05-28,0.0,0.0,0.0,0.0,0.0,54091.5,54091.5,0.0,0.0,False
2023-05-29,0.0,0.0,0.0,0.0,0.0,54091.5,54091.5,0.0,0.0,False
2023-05-30,0.0,0.0,0.0,0.0,0.0,54091.5,54091.5,0.0,0.0,False
2023-05-31,0.0,0.0,0.0,0.0,0.0,54091.5,54091.5,0.0,0.0,False
2023-06-01,207.5,210.0,2.5,1.0,0.0,54299.0,54299.0,0.0,0.0,True
2023-06-02,0.0,0.0,0.0,0.0,0.0,54299.0,54299.0,0.0,0.0,False
2023-06-04,0.0,0.0,0.0,0.0,0.0,54299.0,54299.0,0.0,0.0,False
2023-06-05,-174.5,-172.0,2.5,1.0,1.0,54124.5,54299.0,-174.5,0.003213687176559421,False
2023-06-06,0.0,0.0,0.0,0.0,0.0,54124.5,54299.0,-174.5,0.003213687176559421,False
2023-06-07,0.0,0.0,0.0,0.0,0.0,54124.5,54299.0,-174.5,0.003213687176559421,False
2023-06-08,0.0,0.0,0.0,0.0,0.0,54124.5,54299.0,-174.5,0.003213687176559421,False
2023-06-09,-158.0,-155.5,2.5,1.0,1.0,53966.5,54299.0,-332.5,0.006123501353616089,False
2023-06-11,0.0,0.0,0.0,0.0,0.0,53966.5,54299.0,-332.5,0.006123501353616089,False
2023-06-12,0.0,0.0,0.0,0.0,0.0,53966.5,54299.0,-332.5,0.006123501353616089,False
2023-06-13,0.0,0.0,0.0,0.0,0.0,53966.5,54299.0,-332.5,0.006123501353616089,False
2023-06-14,-186.0,-183.5,2.5,1.0,1.0,53780.5,54299.0,-518.5,0.009548978802556217,False
2023-06-15,0.0,0.0,0.0,0.0,0.0,53780.5,54299.0,-518.5,0.009548978802556217,False
2023-06-16,0.0,0.0,0.0,0.0,0.0,53780.5,54299.0,-518.5,0.009548978802556217,False
2023-06-18,0.0,0.0,0.0,0.0,0.0,53780.5,54299.0,-518.5,0.009548978802556217,False
2023-06-19,0.0,0.0,0.0,0.0,0.0,53780.5,54299.0,-518.5,0.009548978802556217,False
2023-06-20,0.0,0.0,0.0,0.0,0.0,53780.5,54299.0,-518.5,0.009548978802556217,False
2023-06-21,0.0,0.0,0.0,0.0,0.0,53780.5,54299.0,-518.5,0.009548978802556217,False
2023-06-22,0.0,0.0,0.0,0.0,0.0,53780.5,54299.0,-518.5,0.009548978802556217,False
2023-06-23,0.0,0.0,0.0,0.0,0.0,53780.5,54299.0,-518.5,0.009548978802556217,False
2023-06-25,0.0,0.0,0.0,0.0,0.0,53780.5,54299.0,-518.5,0.009548978802556217,False
2023-06-26,0.0,0.0,0.0,0.0,0.0,53780.5,54299.0,-518.5,0.009548978802556217,False
2023-06-27,210.0,212.5,2.5,1.0,0.0,53990.5,54299.0,-308.5,0.005681504263430266,True
2023-06-28,0.0,0.0,0.0,0.0,0.0,53990.5,54299.0,-308.5,0.005681504263430266,False
2023-06-29,0.0,0.0,0.0,0.0,0.0,53990.5,54299.0,-308.5,0.005681504263430266,False
2023-06-30,0.0,0.0,0.0,0.0,0.0,53990.5,54299.0,-308.5,0.005681504263430266,False
2023-07-02,0.0,0.0,0.0,0.0,0.0,53990.5,54299.0,-308.5,0.005681504263430266,False
2023-07-03,0.0,0.0,0.0,0.0,0.0,53990.5,54299.0,-308.5,0.005681504263430266,False
2023-07-04,0.0,0.0,0.0,0.0,0.0,53990.5,54299.0,-308.5,0.005681504263430266,False
2023-07-05,0.0,0.0,0.0,0.0,0.0,53990.5,54299.0,-308.5,0.005681504263430266,False
2023-07-06,0.0,0.0,0.0,0.0,0.0,53990.5,54299.0,-308.5,0.005681504263430266,False
2023-07-07,0.0,0.0,0.0,0.0,0.0,53990.5,54299.0,-308.5,0.005681504263430266,False
2023-07-09,0.0,0.0,0.0,0.0,0.0,53990.5,54299.0,-308.5,0.005681504263430266,False
2023-07-10,0.0,0.0,0.0,0.0,0.0,53990.5,54299.0,-308.5,0.005681504263430266,False
2023-07-11,0.0,0.0,0.0,0.0,0.0,53990.5,54299.0,-308.5,0.005681504263430266,False
2023-07-12,-163.0,-160.5,2.5,1.0,1.0,53827.5,54299.0,-471.5,0.008683401167608979,False
2023-07-13,0.0,0.0,0.0,0.0,0.0,53827.5,54299.0,-471.5,0.008683401167608979,False
2023-07-14,-174.5,-172.0,2.5,1.0,1.0,53653.0,54299.0,-646.0,0.0118970883441684,False
2023-07-16,0.0,0.0,0.0,0.0,0.0,53653.0,54299.0,-646.0,0.0118970883441684,False
2023-07-17,0.0,0.0,0.0,0.0,0.0,53653.0,54299.0,-646.0,0.0118970883441684,False
2023-07-18,0.0,0.0,0.0,0.0,0.0,53653.0,54299.0,-646.0,0.0118970883441684,False
2023-07-19,0.0,0.0,0.0,0.0,0.0,53653.0,54299.0,-646.0,0.0118970883441684,False
2023-07-20,0.0,0.0,0.0,0.0,0.0,53653.0,54299.0,-646.0,0.0118970883441684,False
2023-07-21,0.0,0.0,0.0,0.0,0.0,53653.0,54299.0,-646.0,0.0118970883441684,False
2023-07-23,0.0,0.0,0.0,0.0,0.0,53653.0,54299.0,-646.0,0.0118970883441684,False
2023-07-24,0.0,0.0,0.0,0.0,0.0,53653.0,54299.0,-646.0,0.0118970883441684,False
2023-07-25,1.0,6.0,5.0,1.0,0.0,53654.0,54299.0,-645.0,0.011878671798743991,True
2023-07-26,0.0,0.0,0.0,0.0,0.0,53654.0,54299.0,-645.0,0.011878671798743991,False
2023-07-27,0.0,0.0,0.0,0.0,0.0,53654.0,54299.0,-645.0,0.011878671798743991,False
2023-07-28,72.0,74.5,2.5,1.0,0.0,53726.0,54299.0,-573.0,0.010552680528186522,True
2023-07-30,0.0,0.0,0.0,0.0,0.0,53726.0,54299.0,-573.0,0.010552680528186522,False
2023-07-31,-121.5,-119.0,2.5,1.0,1.0,53604.5,54299.0,-694.5,0.012790290797252251,False
2023-08-01,0.0,0.0,0.0,0.0,0.0,53604.5,54299.0,-694.5,0.012790290797252251,False
2023-08-02,0.0,0.0,0.0,0.0,0.0,53604.5,54299.0,-694.5,0.012790290797252251,False
2023-08-03,0.0,0.0,0.0,0.0,0.0,53604.5,54299.0,-694.5,0.012790290797252251,False
2023-08-04,-187.5,-185.0,2.5,1.0,1.0,53417.0,54299.0,-882.0,0.016243393064328992,False
2023-08-06,0.0,0.0,0.0,0.0,0.0,53417.0,54299.0,-882.0,0.016243393064328992,False
2023-08-07,0.0,0.0,0.0,0.0,0.0,53417.0,54299.0,-882.0,0.016243393064328992,False
2023-08-08,0.0,0.0,0.0,0.0,0.0,53417.0,54299.0,-882.0,0.016243393064328992,False
2023-08-09,0.0,0.0,0.0,0.0,0.0,53417.0,54299.0,-882.0,0.016243393064328992,False
2023-08-10,0.0,0.0,0.0,0.0,0.0,53417.0,54299.0,-882.0,0.016243393064328992,False
2023-08-11,0.0,0.0,0.0,0.0,0.0,53417.0,54299.0,-882.0,0.016243393064328992,False
2023-08-13,0.0,0.0,0.0,0.0,0.0,53417.0,54299.0,-882.0,0.016243393064328992,False
2023-08-14,222.5,225.0,2.5,1.0,0.0,53639.5,54299.0,-659.5,0.012145711707397927,True
2023-08-15,0.0,0.0,0.0,0.0,0.0,53639.5,54299.0,-659.5,0.012145711707397927,False
2023-08-16,0.0,0.0,0.0,0.0,0.0,53639.5,54299.0,-659.5,0.012145711707397927,False
2023-08-17,0.0,0.0,0.0,0.0,0.0,53639.5,54299.0,-659.5,0.012145711707397927,False
2023-08-18,0.0,0.0,0.0,0.0,0.0,53639.5,54299.0,-659.5,0.012145711707397927,False
2023-08-20,0.0,0.0,0.0,0.0,0.0,53639.5,54299.0,-659.5,0.012145711707397927,False
2023-08-21,0.0,0.0,0.0,0.0,0.0,53639.5,54299.0,-659.5,0.012145711707397927,False
2023-08-22,0.0,0.0,0.0,0.0,0.0,53639.5,54299.0,-659.5,0.012145711707397927,False
2023-08-23,183.0,185.5,2.5,1.0,0.0,53822.5,54299.0,-476.5,0.008775483894731026,True
2023-08-24,0.0,0.0,0.0,0.0,0.0,53822.5,54299.0,-476.5,0.008775483894731026,False
2023-08-25,0.0,0.0,0.0,0.0,0.0,53822.5,54299.0,-476.5,0.008775483894731026,False
2023-08-27,0.0,0.0,0.0,0.0,0.0,53822.5,54299.0,-476.5,0.008775483894731026,False
2023-08-28,0.0,0.0,0.0,0.0,0.0,53822.5,54299.0,-476.5,0.008775483894731026,False
2023-08-29,373.0,375.5,2.5,1.0,0.0,54195.5,54299.0,-103.5,0.0019061124514263615,True
2023-08-30,-184.5,-182.0,2.5,1.0,1.0,54011.0,54299.0,-288.0,0.005303965082229876,False
2023-08-31,-31.0,-28.5,2.5,1.0,1.0,53980.0,54299.0,-319.0,0.005874877990386563,False
2023-09-01,0.0,0.0,0.0,0.0,0.0,53980.0,54299.0,-319.0,0.005874877990386563,False
2023-09-03,0.0,0.0,0.0,0.0,0.0,53980.0,54299.0,-319.0,0.005874877990386563,False
2023-09-04,0.0,0.0,0.0,0.0,0.0,53980.0,54299.0,-319.0,0.005874877990386563,False
2023-09-05,0.0,0.0,0.0,0.0,0.0,53980.0,54299.0,-319.0,0.005874877990386563,False
2023-09-06,0.0,0.0,0.0,0.0,0.0,53980.0,54299.0,-319.0,0.005874877990386563,False
2023-09-07,0.0,0.0,0.0,0.0,0.0,53980.0,54299.0,-319.0,0.005874877990386563,False
2023-09-08,-187.5,-185.0,2.5,1.0,1.0,53792.5,54299.0,-506.5,0.009327980257463305,False
2023-09-10,0.0,0.0,0.0,0.0,0.0,53792.5,54299.0,-506.5,0.009327980257463305,False
2023-09-11,0.0,0.0,0.0,0.0,0.0,53792.5,54299.0,-506.5,0.009327980257463305,False
2023-09-12,0.0,0.0,0.0,0.0,0.0,53792.5,54299.0,-506.5,0.009327980257463305,False
2023-09-13,0.0,0.0,0.0,0.0,0.0,53792.5,54299.0,-506.5,0.009327980257463305,False
2023-09-14,0.0,0.0,0.0,0.0,0.0,53792.5,54299.0,-506.5,0.009327980257463305,False
2023-09-15,0.0,0.0,0.0,0.0,0.0,53792.5,54299.0,-506.5,0.009327980257463305,False
2023-09-17,0.0,0.0,0.0,0.0,0.0,53792.5,54299.0,-506.5,0.009327980257463305,False
2023-09-18,0.0,0.0,0.0,0.0,0.0,53792.5,54299.0,-506.5,0.009327980257463305,False
2023-09-19,0.0,0.0,0.0,0.0,0.0,53792.5,54299.0,-506.5,0.009327980257463305,False
2023-09-20,0.0,0.0,0.0,0.0,0.0,53792.5,54299.0,-506.5,0.009327980257463305,False
2023-09-21,0.0,0.0,0.0,0.0,0.0,53792.5,54299.0,-506.5,0.009327980257463305,False
2023-09-22,0.0,0.0,0.0,0.0,0.0,53792.5,54299.0,-506.5,0.009327980257463305,False
2023-09-24,0.0,0.0,0.0,0.0,0.0,53792.5,54299.0,-506.5,0.009327980257463305,False
2023-09-25,0.0,0.0,0.0,0.0,0.0,53792.5,54299.0,-506.5,0.009327980257463305,False
2023-09-26,0.0,0.0,0.0,0.0,0.0,53792.5,54299.0,-506.5,0.009327980257463305,False
2023-09-27,-97.5,-95.0,2.5,1.0,1.0,53695.0,54299.0,-604.0,0.011123593436343211,False
2023-09-28,0.0,0.0,0.0,0.0,0.0,53695.0,54299.0,-604.0,0.011123593436343211,False
2023-09-29,0.0,0.0,0.0,0.0,0.0,53695.0,54299.0,-604.0,0.011123593436343211,False
2023-10-01,0.0,0.0,0.0,0.0,0.0,53695.0,54299.0,-604.0,0.011123593436343211,False
2023-10-02,0.0,0.0,0.0,0.0,0.0,53695.0,54299.0,-604.0,0.011123593436343211,False
2023-10-03,0.0,0.0,0.0,0.0,0.0,53695.0,54299.0,-604.0,0.011123593436343211,False
2023-10-04,0.0,0.0,0.0,0.0,0.0,53695.0,54299.0,-604.0,0.011123593436343211,False
2023-10-05,0.0,0.0,0.0,0.0,0.0,53695.0,54299.0,-604.0,0.011123593436343211,False
2023-10-06,0.0,0.0,0.0,0.0,0.0,53695.0,54299.0,-604.0,0.011123593436343211,False
2023-10-08,0.0,0.0,0.0,0.0,0.0,53695.0,54299.0,-604.0,0.011123593436343211,False
2023-10-09,0.0,0.0,0.0,0.0,0.0,53695.0,54299.0,-604.0,0.011123593436343211,False
2023-10-10,37.0,39.5,2.5,1.0,0.0,53732.0,54299.0,-567.0,0.010442181255640066,True
2023-10-11,0.0,0.0,0.0,0.0,0.0,53732.0,54299.0,-567.0,0.010442181255640066,False
2023-10-12,-147.5,-145.0,2.5,1.0,1.0,53584.5,54299.0,-714.5,0.013158621705740437,False
2023-10-13,0.0,0.0,0.0,0.0,0.0,53584.5,54299.0,-714.5,0.013158621705740437,False
2023-10-15,0.0,0.0,0.0,0.0,0.0,53584.5,54299.0,-714.5,0.013158621705740437,False
2023-10-16,0.0,0.0,0.0,0.0,0.0,53584.5,54299.0,-714.5,0.013158621705740437,False
2023-10-17,0.0,0.0,0.0,0.0,0.0,53584.5,54299.0,-714.5,0.013158621705740437,False
2023-10-18,0.0,0.0,0.0,0.0,0.0,53584.5,54299.0,-714.5,0.013158621705740437,False
2023-10-19,0.0,0.0,0.0,0.0,0.0,53584.5,54299.0,-714.5,0.013158621705740437,False
2023-10-20,0.0,0.0,0.0,0.0,0.0,53584.5,54299.0,-714.5,0.013158621705740437,False
2023-10-22,0.0,0.0,0.0,0.0,0.0,53584.5,54299.0,-714.5,0.013158621705740437,False
2023-10-23,0.0,0.0,0.0,0.0,0.0,53584.5,54299.0,-714.5,0.013158621705740437,False
2023-10-24,-156.0,-153.5,2.5,1.0,1.0,53428.5,54299.0,-870.5,0.016031602791948287,False
2023-10-25,0.0,0.0,0.0,0.0,0.0,53428.5,54299.0,-870.5,0.016031602791948287,False
2023-10-26,0.0,0.0,0.0,0.0,0.0,53428.5,54299.0,-870.5,0.016031602791948287,False
2023-10-27,-103.0,-100.5,2.5,1.0,1.0,53325.5,54299.0,-973.5,0.017928506970662443,False
2023-10-29,0.0,0.0,0.0,0.0,0.0,53325.5,54299.0,-973.5,0.017928506970662443,False
2023-10-30,0.0,0.0,0.0,0.0,0.0,53325.5,54299.0,-973.5,0.017928506970662443,False
2023-10-31,0.0,0.0,0.0,0.0,0.0,53325.5,54299.0,-973.5,0.017928506970662443,False
2023-11-01,228.0,230.5,2.5,1.0,0.0,53553.5,54299.0,-745.5,0.013729534613897126,True
2023-11-02,0.0,0.0,0.0,0.0,0.0,53553.5,54299.0,-745.5,0.013729534613897126,False
2023-11-03,0.0,0.0,0.0,0.0,0.0,53553.5,54299.0,-745.5,0.013729534613897126,False
2023-11-05,0.0,0.0,0.0,0.0,0.0,53553.5,54299.0,-745.5,0.013729534613897126,False
2023-11-06,0.0,0.0,0.0,0.0,0.0,53553.5,54299.0,-745.5,0.013729534613897126,False
2023-11-07,74.0,76.5,2.5,1.0,0.0,53627.5,54299.0,-671.5,0.012366710252490839,True
2023-11-08,0.0,0.0,0.0,0.0,0.0,53627.5,54299.0,-671.5,0.012366710252490839,False
2023-11-09,0.0,0.0,0.0,0.0,0.0,53627.5,54299.0,-671.5,0.012366710252490839,False
2023-11-10,310.0,312.5,2.5,1.0,0.0,53937.5,54299.0,-361.5,0.006657581170923958,True
2023-11-12,0.0,0.0,0.0,0.0,0.0,53937.5,54299.0,-361.5,0.006657581170923958,False
2023-11-13,0.0,0.0,0.0,0.0,0.0,53937.5,54299.0,-361.5,0.006657581170923958,False
2023-11-14,73.5,76.0,2.5,1.0,0.0,54011.0,54299.0,-288.0,0.005303965082229876,True
2023-11-15,0.0,0.0,0.0,0.0,0.0,54011.0,54299.0,-288.0,0.005303965082229876,False
2023-11-16,0.0,0.0,0.0,0.0,0.0,54011.0,54299.0,-288.0,0.005303965082229876,False
2023-11-17,0.0,0.0,0.0,0.0,0.0,54011.0,54299.0,-288.0,0.005303965082229876,False
2023-11-19,0.0,0.0,0.0,0.0,0.0,54011.0,54299.0,-288.0,0.005303965082229876,False
2023-11-20,0.0,0.0,0.0,0.0,0.0,54011.0,54299.0,-288.0,0.005303965082229876,False
2023-11-21,0.0,0.0,0.0,0.0,0.0,54011.0,54299.0,-288.0,0.005303965082229876,False
2023-11-22,0.0,0.0,0.0,0.0,0.0,54011.0,54299.0,-288.0,0.005303965082229876,False
2023-11-23,0.0,0.0,0.0,0.0,0.0,54011.0,54299.0,-288.0,0.005303965082229876,False
2023-11-24,0.0,0.0,0.0,0.0,0.0,54011.0,54299.0,-288.0,0.005303965082229876,False
2023-11-26,0.0,0.0,0.0,0.0,0.0,54011.0,54299.0,-288.0,0.005303965082229876,False
2023-11-27,0.0,0.0,0.0,0.0,0.0,54011.0,54299.0,-288.0,0.005303965082229876,False
2023-11-28,0.0,0.0,0.0,0.0,0.0,54011.0,54299.0,-288.0,0.005303965082229876,False
2023-11-29,0.0,0.0,0.0,0.0,0.0,54011.0,54299.0,-288.0,0.005303965082229876,False
2023-11-30,0.0,0.0,0.0,0.0,0.0,54011.0,54299.0,-288.0,0.005303965082229876,False
2023-12-01,0.0,0.0,0.0,0.0,0.0,54011.0,54299.0,-288.0,0.005303965082229876,False
2023-12-03,0.0,0.0,0.0,0.0,0.0,54011.0,54299.0,-288.0,0.005303965082229876,False
2023-12-04,0.0,0.0,0.0,0.0,0.0,54011.0,54299.0,-288.0,0.005303965082229876,False
2023-12-05,0.0,0.0,0.0,0.0,0.0,54011.0,54299.0,-288.0,0.005303965082229876,False
2023-12-06,0.0,0.0,0.0,0.0,0.0,54011.0,54299.0,-288.0,0.005303965082229876,False
2023-12-07,0.0,0.0,0.0,0.0,0.0,54011.0,54299.0,-288.0,0.005303965082229876,False
2023-12-08,0.0,0.0,0.0,0.0,0.0,54011.0,54299.0,-288.0,0.005303965082229876,False
2023-12-10,0.0,0.0,0.0,0.0,0.0,54011.0,54299.0,-288.0,0.005303965082229876,False
2023-12-11,0.0,0.0,0.0,0.0,0.0,54011.0,54299.0,-288.0,0.005303965082229876,False
2023-12-12,0.0,0.0,0.0,0.0,0.0,54011.0,54299.0,-288.0,0.005303965082229876,False
2023-12-13,142.5,145.0,2.5,1.0,0.0,54153.5,54299.0,-145.5,0.0026796073592515518,True
2023-12-14,-117.5,-115.0,2.5,1.0,1.0,54036.0,54299.0,-263.0,0.004843551446619643,False
2023-12-15,0.0,0.0,0.0,0.0,0.0,54036.0,54299.0,-263.0,0.004843551446619643,False
2023-12-17,0.0,0.0,0.0,0.0,0.0,54036.0,54299.0,-263.0,0.004843551446619643,False
2023-12-18,135.0,140.0,5.0,1.0,0.0,54171.0,54299.0,-128.0,0.002357317814324389,True
2023-12-19,0.0,0.0,0.0,0.0,0.0,54171.0,54299.0,-128.0,0.002357317814324389,False
2023-12-20,0.0,0.0,0.0,0.0,0.0,54171.0,54299.0,-128.0,0.002357317814324389,False
2023-12-21,0.0,0.0,0.0,0.0,0.0,54171.0,54299.0,-128.0,0.002357317814324389,False
2023-12-22,-106.5,-104.0,2.5,1.0,1.0,54064.5,54299.0,-234.5,0.004318679902023979,False
2023-12-25,0.0,0.0,0.0,0.0,0.0,54064.5,54299.0,-234.5,0.004318679902023979,False
2023-12-26,0.0,0.0,0.0,0.0,0.0,54064.5,54299.0,-234.5,0.004318679902023979,False
2023-12-27,0.0,0.0,0.0,0.0,0.0,54064.5,54299.0,-234.5,0.004318679902023979,False
2023-12-28,0.0,0.0,0.0,0.0,0.0,54064.5,54299.0,-234.5,0.004318679902023979,False
2023-12-29,0.0,0.0,0.0,0.0,0.0,54064.5,54299.0,-234.5,0.004318679902023979,False
2024-01-01,0.0,0.0,0.0,0.0,0.0,54064.5,54299.0,-234.5,0.004318679902023979,False
2024-01-02,0.0,0.0,0.0,0.0,0.0,54064.5,54299.0,-234.5,0.004318679902023979,False
2024-01-03,0.0,0.0,0.0,0.0,0.0,54064.5,54299.0,-234.5,0.004318679902023979,False
2024-01-04,0.0,0.0,0.0,0.0,0.0,54064.5,54299.0,-234.5,0.004318679902023979,False
2024-01-05,-126.5,-124.0,2.5,1.0,1.0,53938.0,54299.0,-361.0,0.006648372898211754,False
2024-01-07,0.0,0.0,0.0,0.0,0.0,53938.0,54299.0,-361.0,0.006648372898211754,False
2024-01-08,0.0,0.0,0.0,0.0,0.0,53938.0,54299.0,-361.0,0.006648372898211754,False
2024-01-09,0.0,0.0,0.0,0.0,0.0,53938.0,54299.0,-361.0,0.006648372898211754,False
2024-01-10,0.0,0.0,0.0,0.0,0.0,53938.0,54299.0,-361.0,0.006648372898211754,False
2024-01-11,0.0,0.0,0.0,0.0,0.0,53938.0,54299.0,-361.0,0.006648372898211754,False
2024-01-12,0.0,0.0,0.0,0.0,0.0,53938.0,54299.0,-361.0,0.006648372898211754,False
2024-01-14,0.0,0.0,0.0,0.0,0.0,53938.0,54299.0,-361.0,0.006648372898211754,False
2024-01-15,0.0,0.0,0.0,0.0,0.0,53938.0,54299.0,-361.0,0.006648372898211754,False
2024-01-16,0.0,0.0,0.0,0.0,0.0,53938.0,54299.0,-361.0,0.006648372898211754,False
2024-01-17,0.0,0.0,0.0,0.0,0.0,53938.0,54299.0,-361.0,0.006648372898211754,False
2024-01-18,0.0,0.0,0.0,0.0,0.0,53938.0,54299.0,-361.0,0.006648372898211754,False
2024-01-19,362.0,364.5,2.5,1.0,0.0,54300.0,54300.0,0.0,0.0,True
2024-01-21,0.0,0.0,0.0,0.0,0.0,54300.0,54300.0,0.0,0.0,False
2024-01-22,0.0,0.0,0.0,0.0,0.0,54300.0,54300.0,0.0,0.0,False
2024-01-23,0.0,0.0,0.0,0.0,0.0,54300.0,54300.0,0.0,0.0,False
2024-01-24,-240.5,-238.0,2.5,1.0,1.0,54059.5,54300.0,-240.5,0.004429097605893186,False
2024-01-25,0.0,0.0,0.0,0.0,0.0,54059.5,54300.0,-240.5,0.004429097605893186,False
2024-01-26,0.0,0.0,0.0,0.0,0.0,54059.5,54300.0,-240.5,0.004429097605893186,False
2024-01-28,0.0,0.0,0.0,0.0,0.0,54059.5,54300.0,-240.5,0.004429097605893186,False
2024-01-29,0.0,0.0,0.0,0.0,0.0,54059.5,54300.0,-240.5,0.004429097605893186,False
2024-01-30,0.0,0.0,0.0,0.0,0.0,54059.5,54300.0,-240.5,0.004429097605893186,False
2024-01-31,0.0,0.0,0.0,0.0,0.0,54059.5,54300.0,-240.5,0.004429097605893186,False
2024-02-01,-243.0,-238.0,5.0,1.0,1.0,53816.5,54300.0,-483.5,0.008904235727440148,False
2024-02-02,0.0,0.0,0.0,0.0,0.0,53816.5,54300.0,-483.5,0.008904235727440148,False
2024-02-04,0.0,0.0,0.0,0.0,0.0,53816.5,54300.0,-483.5,0.008904235727440148,False
2024-02-05,0.0,0.0,0.0,0.0,0.0,53816.5,54300.0,-483.5,0.008904235727440148,False
2024-02-06,0.0,0.0,0.0,0.0,0.0,53816.5,54300.0,-483.5,0.008904235727440148,False
2024-02-07,25.5,28.0,2.5,1.0,0.0,53842.0,54300.0,-458.0,0.008434622467771638,True
2024-02-08,0.0,0.0,0.0,0.0,0.0,53842.0,54300.0,-458.0,0.008434622467771638,False
2024-02-09,142.0,144.5,2.5,1.0,0.0,53984.0,54300.0,-316.0,0.005819521178637201,True
2024-02-11,0.0,0.0,0.0,0.0,0.0,53984.0,54300.0,-316.0,0.005819521178637201,False
2024-02-12,0.0,0.0,0.0,0.0,0.0,53984.0,54300.0,-316.0,0.005819521178637201,False
2024-02-13,0.0,0.0,0.0,0.0,0.0,53984.0,54300.0,-316.0,0.005819521178637201,False
2024-02-14,-197.5,-195.0,2.5,1.0,1.0,53786.5,54300.0,-513.5,0.009456721915285451,False
2024-02-15,0.0,0.0,0.0,0.0,0.0,53786.5,54300.0,-513.5,0.009456721915285451,False
2024-02-16,0.0,0.0,0.0,0.0,0.0,53786.5,54300.0,-513.5,0.009456721915285451,False
2024-02-18,0.0,0.0,0.0,0.0,0.0,53786.5,54300.0,-513.5,0.009456721915285451,False
2024-02-19,0.0,0.0,0.0,0.0,0.0,53786.5,54300.0,-513.5,0.009456721915285451,False
2024-02-20,0.0,0.0,0.0,0.0,0.0,53786.5,54300.0,-513.5,0.009456721915285451,False
2024-02-21,0.0,0.0,0.0,0.0,0.0,53786.5,54300.0,-513.5,0.009456721915285451,False
2024-02-22,0.0,0.0,0.0,0.0,0.0,53786.5,54300.0,-513.5,0.009456721915285451,False
2024-02-23,0.0,0.0,0.0,0.0,0.0,53786.5,54300.0,-513.5,0.009456721915285451,False
2024-02-25,0.0,0.0,0.0,0.0,0.0,53786.5,54300.0,-513.5,0.009456721915285451,False
2024-02-26,0.0,0.0,0.0,0.0,0.0,53786.5,54300.0,-513.5,0.009456721915285451,False
2024-02-27,0.0,0.0,0.0,0.0,0.0,53786.5,54300.0,-513.5,0.009456721915285451,False
2024-02-28,0.0,0.0,0.0,0.0,0.0,53786.5,54300.0,-513.5,0.009456721915285451,False
2024-02-29,0.0,0.0,0.0,0.0,0.0,53786.5,54300.0,-513.5,0.009456721915285451,False
2024-03-01,217.0,219.5,2.5,1.0,0.0,54003.5,54300.0,-296.5,0.005460405156537753,True
2024-03-03,0.0,0.0,0.0,0.0,0.0,54003.5,54300.0,-296.5,0.005460405156537753,False
2024-03-04,0.0,0.0,0.0,0.0,0.0,54003.5,54300.0,-296.5,0.005460405156537753,False
2024-03-05,0.0,0.0,0.0,0.0,0.0,54003.5,54300.0,-296.5,0.005460405156537753,False
2024-03-06,0.0,0.0,0.0,0.0,0.0,54003.5,54300.0,-296.5,0.005460405156537753,False
2024-03-07,-173.0,-170.5,2.5,1.0,1.0,53830.5,54300.0,-469.5,0.008646408839779006,False
2024-03-08,-137.5,-135.0,2.5,1.0,1.0,53693.0,54300.0,-607.0,0.011178637200736648,False
2024-03-10,0.0,0.0,0.0,0.0,0.0,53693.0,54300.0,-607.0,0.011178637200736648,False
2024-03-11,0.0,0.0,0.0,0.0,0.0,53693.0,54300.0,-607.0,0.011178637200736648,False
2024-03-12,0.0,0.0,0.0,0.0,0.0,53693.0,54300.0,-607.0,0.011178637200736648,False
2024-03-13,0.0,0.0,0.0,0.0,0.0,53693.0,54300.0,-607.0,0.011178637200736648,False
2024-03-14,0.0,0.0,0.0,0.0,0.0,53693.0,54300.0,-607.0,0.011178637200736648,False
2024-03-15,0.0,0.0,0.0,0.0,0.0,53693.0,54300.0,-607.0,0.011178637200736648,False
2024-03-17,0.0,0.0,0.0,0.0,0.0,53693.0,54300.0,-607.0,0.011178637200736648,False
2024-03-18,-153.0,-150.5,2.5,1.0,1.0,53540.0,54300.0,-760.0,0.013996316758747698,False
2024-03-19,0.0,0.0,0.0,0.0,0.0,53540.0,54300.0,-760.0,0.013996316758747698,False
2024-03-20,0.0,0.0,0.0,0.0,0.0,53540.0,54300.0,-760.0,0.013996316758747698,False
2024-03-21,0.0,0.0,0.0,0.0,0.0,53540.0,54300.0,-760.0,0.013996316758747698,False
2024-03-22,0.0,0.0,0.0,0.0,0.0,53540.0,54300.0,-760.0,0.013996316758747698,False
2024-03-24,0.0,0.0,0.0,0.0,0.0,53540.0,54300.0,-760.0,0.013996316758747698,False
2024-03-25,0.0,0.0,0.0,0.0,0.0,53540.0,54300.0,-760.0,0.013996316758747698,False
2024-03-26,0.0,0.0,0.0,0.0,0.0,53540.0,54300.0,-760.0,0.013996316758747698,False
2024-03-27,0.0,0.0,0.0,0.0,0.0,53540.0,54300.0,-760.0,0.013996316758747698,False
2024-03-28,0.0,0.0,0.0,0.0,0.0,53540.0,54300.0,-760.0,0.013996316758747698,False
2024-03-31,0.0,0.0,0.0,0.0,0.0,53540.0,54300.0,-760.0,0.013996316758747698,False
2024-04-01,0.0,0.0,0.0,0.0,0.0,53540.0,54300.0,-760.0,0.013996316758747698,False
2024-04-02,0.0,0.0,0.0,0.0,0.0,53540.0,54300.0,-760.0,0.013996316758747698,False
2024-04-03,0.0,0.0,0.0,0.0,0.0,53540.0,54300.0,-760.0,0.013996316758747698,False
2024-04-04,0.0,0.0,0.0,0.0,0.0,53540.0,54300.0,-760.0,0.013996316758747698,False
2024-04-05,333.0,335.5,2.5,1.0,0.0,53873.0,54300.0,-427.0,0.007863720073664825,True
2024-04-07,0.0,0.0,0.0,0.0,0.0,53873.0,54300.0,-427.0,0.007863720073664825,False
2024-04-08,0.0,0.0,0.0,0.0,0.0,53873.0,54300.0,-427.0,0.007863720073664825,False
2024-04-09,0.0,0.0,0.0,0.0,0.0,53873.0,54300.0,-427.0,0.007863720073664825,False
2024-04-10,0.0,0.0,0.0,0.0,0.0,53873.0,54300.0,-427.0,0.007863720073664825,False
2024-04-11,0.0,0.0,0.0,0.0,0.0,53873.0,54300.0,-427.0,0.007863720073664825,False
2024-04-12,0.0,0.0,0.0,0.0,0.0,53873.0,54300.0,-427.0,0.007863720073664825,False
2024-04-14,0.0,0.0,0.0,0.0,0.0,53873.0,54300.0,-427.0,0.007863720073664825,False
2024-04-15,0.0,0.0,0.0,0.0,0.0,53873.0,54300.0,-427.0,0.007863720073664825,False
2024-04-16,-189.5,-187.0,2.5,1.0,1.0,53683.5,54300.0,-616.5,0.011353591160220994,False
2024-04-17,0.0,0.0,0.0,0.0,0.0,53683.5,54300.0,-616.5,0.011353591160220994,False
2024-04-18,0.0,0.0,0.0,0.0,0.0,53683.5,54300.0,-616.5,0.011353591160220994,False
2024-04-19,0.0,0.0,0.0,0.0,0.0,53683.5,54300.0,-616.5,0.011353591160220994,False
2024-04-21,0.0,0.0,0.0,0.0,0.0,53683.5,54300.0,-616.5,0.011353591160220994,False
2024-04-22,-132.5,-130.0,2.5,1.0,1.0,53551.0,54300.0,-749.0,0.013793738489871086,False
2024-04-23,404.0,406.5,2.5,1.0,0.0,53955.0,54300.0,-345.0,0.006353591160220995,True
2024-04-24,-153.0,-150.5,2.5,1.0,1.0,53802.0,54300.0,-498.0,0.009171270718232044,False
2024-04-25,0.0,0.0,0.0,0.0,0.0,53802.0,54300.0,-498.0,0.009171270718232044,False
2024-04-26,0.0,0.0,0.0,0.0,0.0,53802.0,54300.0,-498.0,0.009171270718232044,False
2024-04-28,0.0,0.0,0.0,0.0,0.0,53802.0,54300.0,-498.0,0.009171270718232044,False
2024-04-29,0.0,0.0,0.0,0.0,0.0,53802.0,54300.0,-498.0,0.009171270718232044,False
2024-04-30,0.0,0.0,0.0,0.0,0.0,53802.0,54300.0,-498.0,0.009171270718232044,False
2024-05-01,0.0,0.0,0.0,0.0,0.0,53802.0,54300.0,-498.0,0.009171270718232044,False
2024-05-02,0.0,0.0,0.0,0.0,0.0,53802.0,54300.0,-498.0,0.009171270718232044,False
2024-05-03,0.0,0.0,0.0,0.0,0.0,53802.0,54300.0,-498.0,0.009171270718232044,False
2024-05-05,0.0,0.0,0.0,0.0,0.0,53802.0,54300.0,-498.0,0.009171270718232044,False
2024-05-06,0.0,0.0,0.0,0.0,0.0,53802.0,54300.0,-498.0,0.009171270718232044,False
2024-05-07,0.0,0.0,0.0,0.0,0.0,53802.0,54300.0,-498.0,0.009171270718232044,False
2024-05-08,0.0,0.0,0.0,0.0,0.0,53802.0,54300.0,-498.0,0.009171270718232044,False
2024-05-09,0.0,0.0,0.0,0.0,0.0,53802.0,54300.0,-498.0,0.009171270718232044,False
2024-05-10,0.0,0.0,0.0,0.0,0.0,53802.0,54300.0,-498.0,0.009171270718232044,False
2024-05-12,0.0,0.0,0.0,0.0,0.0,53802.0,54300.0,-498.0,0.009171270718232044,False
2024-05-13,0.0,0.0,0.0,0.0,0.0,53802.0,54300.0,-498.0,0.009171270718232044,False
2024-05-14,106.5,109.0,2.5,1.0,0.0,53908.5,54300.0,-391.5,0.007209944751381215,True
2024-05-15,0.0,0.0,0.0,0.0,0.0,53908.5,54300.0,-391.5,0.007209944751381215,False
2024-05-16,0.0,0.0,0.0,0.0,0.0,53908.5,54300.0,-391.5,0.007209944751381215,False
2024-05-17,0.0,0.0,0.0,0.0,0.0,53908.5,54300.0,-391.5,0.007209944751381215,False
2024-05-19,0.0,0.0,0.0,0.0,0.0,53908.5,54300.0,-391.5,0.007209944751381215,False
2024-05-20,115.5,118.0,2.5,1.0,0.0,54024.0,54300.0,-276.0,0.005082872928176795,True
2024-05-21,0.0,0.0,0.0,0.0,0.0,54024.0,54300.0,-276.0,0.005082872928176795,False
2024-05-22,0.0,0.0,0.0,0.0,0.0,54024.0,54300.0,-276.0,0.005082872928176795,False
2024-05-23,0.0,0.0,0.0,0.0,0.0,54024.0,54300.0,-276.0,0.005082872928176795,False
2024-05-24,100.5,103.0,2.5,1.0,0.0,54124.5,54300.0,-175.5,0.0032320441988950275,True
2024-05-26,0.0,0.0,0.0,0.0,0.0,54124.5,54300.0,-175.5,0.0032320441988950275,False
2024-05-27,0.0,0.0,0.0,0.0,0.0,54124.5,54300.0,-175.5,0.0032320441988950275,False
2024-05-28,0.0,0.0,0.0,0.0,0.0,54124.5,54300.0,-175.5,0.0032320441988950275,False
2024-05-29,0.0,0.0,0.0,0.0,0.0,54124.5,54300.0,-175.5,0.0032320441988950275,False
2024-05-30,0.0,0.0,0.0,0.0,0.0,54124.5,54300.0,-175.5,0.0032320441988950275,False
2024-05-31,0.0,0.0,0.0,0.0,0.0,54124.5,54300.0,-175.5,0.0032320441988950275,False
2024-06-02,0.0,0.0,0.0,0.0,0.0,54124.5,54300.0,-175.5,0.0032320441988950275,False
2024-06-03,0.0,0.0,0.0,0.0,0.0,54124.5,54300.0,-175.5,0.0032320441988950275,False
2024-06-04,0.0,0.0,0.0,0.0,0.0,54124.5,54300.0,-175.5,0.0032320441988950275,False
2024-06-05,362.0,364.5,2.5,1.0,0.0,54486.5,54486.5,0.0,0.0,True
2024-06-06,0.0,0.0,0.0,0.0,0.0,54486.5,54486.5,0.0,0.0,False
2024-06-07,0.0,0.0,0.0,0.0,0.0,54486.5,54486.5,0.0,0.0,False
2024-06-09,0.0,0.0,0.0,0.0,0.0,54486.5,54486.5,0.0,0.0,False
2024-06-10,0.0,0.0,0.0,0.0,0.0,54486.5,54486.5,0.0,0.0,False
2024-06-11,0.0,0.0,0.0,0.0,0.0,54486.5,54486.5,0.0,0.0,False
2024-06-12,0.0,0.0,0.0,0.0,0.0,54486.5,54486.5,0.0,0.0,False
2024-06-13,0.0,0.0,0.0,0.0,0.0,54486.5,54486.5,0.0,0.0,False
2024-06-14,0.0,0.0,0.0,0.0,0.0,54486.5,54486.5,0.0,0.0,False
2024-06-16,0.0,0.0,0.0,0.0,0.0,54486.5,54486.5,0.0,0.0,False
2024-06-17,0.0,0.0,0.0,0.0,0.0,54486.5,54486.5,0.0,0.0,False
2024-06-18,0.0,0.0,0.0,0.0,0.0,54486.5,54486.5,0.0,0.0,False
2024-06-19,0.0,0.0,0.0,0.0,0.0,54486.5,54486.5,0.0,0.0,False
2024-06-20,0.0,0.0,0.0,0.0,0.0,54486.5,54486.5,0.0,0.0,False
2024-06-21,0.0,0.0,0.0,0.0,0.0,54486.5,54486.5,0.0,0.0,False
2024-06-23,0.0,0.0,0.0,0.0,0.0,54486.5,54486.5,0.0,0.0,False
2024-06-24,-203.0,-200.5,2.5,1.0,1.0,54283.5,54486.5,-203.0,0.0037256935204133135,False
2024-06-25,184.5,187.0,2.5,1.0,0.0,54468.0,54486.5,-18.5,0.00033953364594899654,True
2024-06-26,-175.0,-172.5,2.5,1.0,1.0,54293.0,54486.5,-193.5,0.003551338404925991,False
2024-06-27,0.0,0.0,0.0,0.0,0.0,54293.0,54486.5,-193.5,0.003551338404925991,False
2024-06-28,0.0,0.0,0.0,0.0,0.0,54293.0,54486.5,-193.5,0.003551338404925991,False
2024-06-30,0.0,0.0,0.0,0.0,0.0,54293.0,54486.5,-193.5,0.003551338404925991,False
2024-07-01,0.0,0.0,0.0,0.0,0.0,54293.0,54486.5,-193.5,0.003551338404925991,False
2024-07-02,0.0,0.0,0.0,0.0,0.0,54293.0,54486.5,-193.5,0.003551338404925991,False
2024-07-03,177.0,179.5,2.5,1.0,0.0,54470.0,54486.5,-16.5,0.00030282730584640233,True
2024-07-04,0.0,0.0,0.0,0.0,0.0,54470.0,54486.5,-16.5,0.00030282730584640233,False
2024-07-05,0.0,0.0,0.0,0.0,0.0,54470.0,54486.5,-16.5,0.00030282730584640233,False
2024-07-07,0.0,0.0,0.0,0.0,0.0,54470.0,54486.5,-16.5,0.00030282730584640233,False
2024-07-08,0.0,0.0,0.0,0.0,0.0,54470.0,54486.5,-16.5,0.00030282730584640233,False
2024-07-09,0.0,0.0,0.0,0.0,0.0,54470.0,54486.5,-16.5,0.00030282730584640233,False
2024-07-10,0.0,0.0,0.0,0.0,0.0,54470.0,54486.5,-16.5,0.00030282730584640233,False
2024-07-11,0.0,0.0,0.0,0.0,0.0,54470.0,54486.5,-16.5,0.00030282730584640233,False
2024-07-12,231.0,233.5,2.5,1.0,0.0,54701.0,54701.0,0.0,0.0,True
2024-07-14,0.0,0.0,0.0,0.0,0.0,54701.0,54701.0,0.0,0.0,False
2024-07-15,-150.0,-147.5,2.5,1.0,1.0,54551.0,54701.0,-150.0,0.002742180216083801,False
2024-07-16,0.0,0.0,0.0,0.0,0.0,54551.0,54701.0,-150.0,0.002742180216083801,False
2024-07-17,0.0,0.0,0.0,0.0,0.0,54551.0,54701.0,-150.0,0.002742180216083801,False
2024-07-18,0.0,0.0,0.0,0.0,0.0,54551.0,54701.0,-150.0,0.002742180216083801,False
2024-07-19,0.0,0.0,0.0,0.0,0.0,54551.0,54701.0,-150.0,0.002742180216083801,False
2024-07-21,0.0,0.0,0.0,0.0,0.0,54551.0,54701.0,-150.0,0.002742180216083801,False
2024-07-22,0.0,0.0,0.0,0.0,0.0,54551.0,54701.0,-150.0,0.002742180216083801,False
2024-07-23,0.0,0.0,0.0,0.0,0.0,54551.0,54701.0,-150.0,0.002742180216083801,False
2024-07-24,0.0,0.0,0.0,0.0,0.0,54551.0,54701.0,-150.0,0.002742180216083801,False
2024-07-25,0.0,0.0,0.0,0.0,0.0,54551.0,54701.0,-150.0,0.002742180216083801,False
2024-07-26,0.0,0.0,0.0,0.0,0.0,54551.0,54701.0,-150.0,0.002742180216083801,False
2024-07-28,0.0,0.0,0.0,0.0,0.0,54551.0,54701.0,-150.0,0.002742180216083801,False
2024-07-29,0.0,0.0,0.0,0.0,0.0,54551.0,54701.0,-150.0,0.002742180216083801,False
2024-07-30,0.0,0.0,0.0,0.0,0.0,54551.0,54701.0,-150.0,0.002742180216083801,False
2024-07-31,0.0,0.0,0.0,0.0,0.0,54551.0,54701.0,-150.0,0.002742180216083801,False
2024-08-01,0.0,0.0,0.0,0.0,0.0,54551.0,54701.0,-150.0,0.002742180216083801,False
2024-08-02,0.0,0.0,0.0,0.0,0.0,54551.0,54701.0,-150.0,0.002742180216083801,False
2024-08-04,0.0,0.0,0.0,0.0,0.0,54551.0,54701.0,-150.0,0.002742180216083801,False
2024-08-05,0.0,0.0,0.0,0.0,0.0,54551.0,54701.0,-150.0,0.002742180216083801,False
2024-08-06,0.0,0.0,0.0,0.0,0.0,54551.0,54701.0,-150.0,0.002742180216083801,False
2024-08-07,0.0,0.0,0.0,0.0,0.0,54551.0,54701.0,-150.0,0.002742180216083801,False
2024-08-08,0.0,0.0,0.0,0.0,0.0,54551.0,54701.0,-150.0,0.002742180216083801,False
2024-08-09,0.0,0.0,0.0,0.0,0.0,54551.0,54701.0,-150.0,0.002742180216083801,False
2024-08-11,0.0,0.0,0.0,0.0,0.0,54551.0,54701.0,-150.0,0.002742180216083801,False
2024-08-12,0.0,0.0,0.0,0.0,0.0,54551.0,54701.0,-150.0,0.002742180216083801,False
2024-08-13,0.0,0.0,0.0,0.0,0.0,54551.0,54701.0,-150.0,0.002742180216083801,False
2024-08-14,0.0,0.0,0.0,0.0,0.0,54551.0,54701.0,-150.0,0.002742180216083801,False
2024-08-15,302.0,304.5,2.5,1.0,0.0,54853.0,54853.0,0.0,0.0,True
2024-08-16,0.0,0.0,0.0,0.0,0.0,54853.0,54853.0,0.0,0.0,False
2024-08-18,0.0,0.0,0.0,0.0,0.0,54853.0,54853.0,0.0,0.0,False
2024-08-19,0.0,0.0,0.0,0.0,0.0,54853.0,54853.0,0.0,0.0,False
2024-08-20,-208.0,-205.5,2.5,1.0,1.0,54645.0,54853.0,-208.0,0.0037919530381200664,False
2024-08-21,0.0,0.0,0.0,0.0,0.0,54645.0,54853.0,-208.0,0.0037919530381200664,False
2024-08-22,0.0,0.0,0.0,0.0,0.0,54645.0,54853.0,-208.0,0.0037919530381200664,False
2024-08-23,0.0,0.0,0.0,0.0,0.0,54645.0,54853.0,-208.0,0.0037919530381200664,False
2024-08-25,0.0,0.0,0.0,0.0,0.0,54645.0,54853.0,-208.0,0.0037919530381200664,False
2024-08-26,0.0,0.0,0.0,0.0,0.0,54645.0,54853.0,-208.0,0.0037919530381200664,False
2024-08-27,0.0,0.0,0.0,0.0,0.0,54645.0,54853.0,-208.0,0.0037919530381200664,False
2024-08-28,0.0,0.0,0.0,0.0,0.0,54645.0,54853.0,-208.0,0.0037919530381200664,False
2024-08-29,0.0,0.0,0.0,0.0,0.0,54645.0,54853.0,-208.0,0.0037919530381200664,False
2024-08-30,0.0,0.0,0.0,0.0,0.0,54645.0,54853.0,-208.0,0.0037919530381200664,False
2024-09-01,0.0,0.0,0.0,0.0,0.0,54645.0,54853.0,-208.0,0.0037919530381200664,False
2024-09-02,0.0,0.0,0.0,0.0,0.0,54645.0,54853.0,-208.0,0.0037919530381200664,False
2024-09-03,0.0,0.0,0.0,0.0,0.0,54645.0,54853.0,-208.0,0.0037919530381200664,False
2024-09-04,0.0,0.0,0.0,0.0,0.0,54645.0,54853.0,-208.0,0.0037919530381200664,False
2024-09-05,0.0,0.0,0.0,0.0,0.0,54645.0,54853.0,-208.0,0.0037919530381200664,False
2024-09-06,0.0,0.0,0.0,0.0,0.0,54645.0,54853.0,-208.0,0.0037919530381200664,False
2024-09-08,0.0,0.0,0.0,0.0,0.0,54645.0,54853.0,-208.0,0.0037919530381200664,False
2024-09-09,0.0,0.0,0.0,0.0,0.0,54645.0,54853.0,-208.0,0.0037919530381200664,False
2024-09-10,0.0,0.0,0.0,0.0,0.0,54645.0,54853.0,-208.0,0.0037919530381200664,False
2024-09-11,0.0,0.0,0.0,0.0,0.0,54645.0,54853.0,-208.0,0.0037919530381200664,False
2024-09-12,0.0,0.0,0.0,0.0,0.0,54645.0,54853.0,-208.0,0.0037919530381200664,False
2024-09-13,0.0,0.0,0.0,0.0,0.0,54645.0,54853.0,-208.0,0.0037919530381200664,False
2024-09-15,0.0,0.0,0.0,0.0,0.0,54645.0,54853.0,-208.0,0.0037919530381200664,False
2024-09-16,0.0,0.0,0.0,0.0,0.0,54645.0,54853.0,-208.0,0.0037919530381200664,False
2024-09-17,0.0,0.0,0.0,0.0,0.0,54645.0,54853.0,-208.0,0.0037919530381200664,False
2024-09-18,0.0,0.0,0.0,0.0,0.0,54645.0,54853.0,-208.0,0.0037919530381200664,False
2024-09-19,0.0,0.0,0.0,0.0,0.0,54645.0,54853.0,-208.0,0.0037919530381200664,False
2024-09-20,0.0,0.0,0.0,0.0,0.0,54645.0,54853.0,-208.0,0.0037919530381200664,False
2024-09-22,0.0,0.0,0.0,0.0,0.0,54645.0,54853.0,-208.0,0.0037919530381200664,False
2024-09-23,0.0,0.0,0.0,0.0,0.0,54645.0,54853.0,-208.0,0.0037919530381200664,False
2024-09-24,0.0,0.0,0.0,0.0,0.0,54645.0,54853.0,-208.0,0.0037919530381200664,False
2024-09-25,-191.0,-188.5,2.5,1.0,1.0,54454.0,54853.0,-399.0,0.007273986837547627,False
2024-09-26,0.0,0.0,0.0,0.0,0.0,54454.0,54853.0,-399.0,0.007273986837547627,False
2024-09-27,0.0,0.0,0.0,0.0,0.0,54454.0,54853.0,-399.0,0.007273986837547627,False
2024-09-29,0.0,0.0,0.0,0.0,0.0,54454.0,54853.0,-399.0,0.007273986837547627,False
2024-09-30,0.0,0.0,0.0,0.0,0.0,54454.0,54853.0,-399.0,0.007273986837547627,False
2024-10-01,0.0,0.0,0.0,0.0,0.0,54454.0,54853.0,-399.0,0.007273986837547627,False
2024-10-02,0.0,0.0,0.0,0.0,0.0,54454.0,54853.0,-399.0,0.007273986837547627,False
2024-10-03,0.0,0.0,0.0,0.0,0.0,54454.0,54853.0,-399.0,0.007273986837547627,False
2024-10-04,0.0,0.0,0.0,0.0,0.0,54454.0,54853.0,-399.0,0.007273986837547627,False
2024-10-06,0.0,0.0,0.0,0.0,0.0,54454.0,54853.0,-399.0,0.007273986837547627,False
2024-10-07,0.0,0.0,0.0,0.0,0.0,54454.0,54853.0,-399.0,0.007273986837547627,False
2024-10-08,185.5,188.0,2.5,1.0,0.0,54639.5,54853.0,-213.5,0.003892221027108818,True
2024-10-09,0.0,0.0,0.0,0.0,0.0,54639.5,54853.0,-213.5,0.003892221027108818,False
2024-10-10,0.0,0.0,0.0,0.0,0.0,54639.5,54853.0,-213.5,0.003892221027108818,False
2024-10-11,0.0,0.0,0.0,0.0,0.0,54639.5,54853.0,-213.5,0.003892221027108818,False
2024-10-13,0.0,0.0,0.0,0.0,0.0,54639.5,54853.0,-213.5,0.003892221027108818,False
2024-10-14,0.0,0.0,0.0,0.0,0.0,54639.5,54853.0,-213.5,0.003892221027108818,False
2024-10-15,0.0,0.0,0.0,0.0,0.0,54639.5,54853.0,-213.5,0.003892221027108818,False
2024-10-16,0.0,0.0,0.0,0.0,0.0,54639.5,54853.0,-213.5,0.003892221027108818,False
2024-10-17,0.0,0.0,0.0,0.0,0.0,54639.5,54853.0,-213.5,0.003892221027108818,False
2024-10-18,0.0,0.0,0.0,0.0,0.0,54639.5,54853.0,-213.5,0.003892221027108818,False
2024-10-20,0.0,0.0,0.0,0.0,0.0,54639.5,54853.0,-213.5,0.003892221027108818,False
2024-10-21,0.0,0.0,0.0,0.0,0.0,54639.5,54853.0,-213.5,0.003892221027108818,False
2024-10-22,0.0,0.0,0.0,0.0,0.0,54639.5,54853.0,-213.5,0.003892221027108818,False
2024-10-23,0.0,0.0,0.0,0.0,0.0,54639.5,54853.0,-213.5,0.003892221027108818,False
2024-10-24,0.0,0.0,0.0,0.0,0.0,54639.5,54853.0,-213.5,0.003892221027108818,False
2024-10-25,0.0,0.0,0.0,0.0,0.0,54639.5,54853.0,-213.5,0.003892221027108818,False
2024-10-27,0.0,0.0,0.0,0.0,0.0,54639.5,54853.0,-213.5,0.003892221027108818,False
2024-10-28,0.0,0.0,0.0,0.0,0.0,54639.5,54853.0,-213.5,0.003892221027108818,False
2024-10-29,0.0,0.0,0.0,0.0,0.0,54639.5,54853.0,-213.5,0.003892221027108818,False
2024-10-30,0.0,0.0,0.0,0.0,0.0,54639.5,54853.0,-213.5,0.003892221027108818,False
2024-10-31,0.0,0.0,0.0,0.0,0.0,54639.5,54853.0,-213.5,0.003892221027108818,False
2024-11-01,0.0,0.0,0.0,0.0,0.0,54639.5,54853.0,-213.5,0.003892221027108818,False
2024-11-03,0.0,0.0,0.0,0.0,0.0,54639.5,54853.0,-213.5,0.003892221027108818,False
2024-11-04,0.0,0.0,0.0,0.0,0.0,54639.5,54853.0,-213.5,0.003892221027108818,False
2024-11-05,0.0,0.0,0.0,0.0,0.0,54639.5,54853.0,-213.5,0.003892221027108818,False
2024-11-06,0.0,0.0,0.0,0.0,0.0,54639.5,54853.0,-213.5,0.003892221027108818,False
2024-11-07,0.0,0.0,0.0,0.0,0.0,54639.5,54853.0,-213.5,0.003892221027108818,False
2024-11-08,0.0,0.0,0.0,0.0,0.0,54639.5,54853.0,-213.5,0.003892221027108818,False
2024-11-10,0.0,0.0,0.0,0.0,0.0,54639.5,54853.0,-213.5,0.003892221027108818,False
2024-11-11,0.0,0.0,0.0,0.0,0.0,54639.5,54853.0,-213.5,0.003892221027108818,False
2024-11-12,0.0,0.0,0.0,0.0,0.0,54639.5,54853.0,-213.5,0.003892221027108818,False
2024-11-13,0.0,0.0,0.0,0.0,0.0,54639.5,54853.0,-213.5,0.003892221027108818,False
2024-11-14,0.0,0.0,0.0,0.0,0.0,54639.5,54853.0,-213.5,0.003892221027108818,False
2024-11-15,0.0,0.0,0.0,0.0,0.0,54639.5,54853.0,-213.5,0.003892221027108818,False
2024-11-17,0.0,0.0,0.0,0.0,0.0,54639.5,54853.0,-213.5,0.003892221027108818,False
2024-11-18,-11.5,-9.0,2.5,1.0,1.0,54628.0,54853.0,-225.0,0.0041018722768125715,False
2024-11-19,0.0,0.0,0.0,0.0,0.0,54628.0,54853.0,-225.0,0.0041018722768125715,False
2024-11-20,0.0,0.0,0.0,0.0,0.0,54628.0,54853.0,-225.0,0.0041018722768125715,False
2024-11-21,0.0,0.0,0.0,0.0,0.0,54628.0,54853.0,-225.0,0.0041018722768125715,False
2024-11-22,0.0,0.0,0.0,0.0,0.0,54628.0,54853.0,-225.0,0.0041018722768125715,False
2024-11-24,0.0,0.0,0.0,0.0,0.0,54628.0,54853.0,-225.0,0.0041018722768125715,False
2024-11-25,0.0,0.0,0.0,0.0,0.0,54628.0,54853.0,-225.0,0.0041018722768125715,False
2024-11-26,-139.0,-136.5,2.5,1.0,1.0,54489.0,54853.0,-364.0,0.006635917816710116,False
2024-11-27,0.0,0.0,0.0,0.0,0.0,54489.0,54853.0,-364.0,0.006635917816710116,False
2024-11-28,0.0,0.0,0.0,0.0,0.0,54489.0,54853.0,-364.0,0.006635917816710116,False
2024-11-29,0.0,0.0,0.0,0.0,0.0,54489.0,54853.0,-364.0,0.006635917816710116,False
2024-12-01,0.0,0.0,0.0,0.0,0.0,54489.0,54853.0,-364.0,0.006635917816710116,False
2024-12-02,0.0,0.0,0.0,0.0,0.0,54489.0,54853.0,-364.0,0.006635917816710116,False
2024-12-03,0.0,0.0,0.0,0.0,0.0,54489.0,54853.0,-364.0,0.006635917816710116,False
2024-12-04,0.0,0.0,0.0,0.0,0.0,54489.0,54853.0,-364.0,0.006635917816710116,False
2024-12-05,0.0,0.0,0.0,0.0,0.0,54489.0,54853.0,-364.0,0.006635917816710116,False
2024-12-06,0.0,0.0,0.0,0.0,0.0,54489.0,54853.0,-364.0,0.006635917816710116,False
2024-12-08,0.0,0.0,0.0,0.0,0.0,54489.0,54853.0,-364.0,0.006635917816710116,False
2024-12-09,0.0,0.0,0.0,0.0,0.0,54489.0,54853.0,-364.0,0.006635917816710116,False
2024-12-10,0.0,0.0,0.0,0.0,0.0,54489.0,54853.0,-364.0,0.006635917816710116,False
2024-12-11,0.0,0.0,0.0,0.0,0.0,54489.0,54853.0,-364.0,0.006635917816710116,False
2024-12-12,0.0,0.0,0.0,0.0,0.0,54489.0,54853.0,-364.0,0.006635917816710116,False
2024-12-13,0.0,0.0,0.0,0.0,0.0,54489.0,54853.0,-364.0,0.006635917816710116,False
2024-12-15,0.0,0.0,0.0,0.0,0.0,54489.0,54853.0,-364.0,0.006635917816710116,False
2024-12-16,0.0,0.0,0.0,0.0,0.0,54489.0,54853.0,-364.0,0.006635917816710116,False
2024-12-17,0.0,0.0,0.0,0.0,0.0,54489.0,54853.0,-364.0,0.006635917816710116,False
2024-12-18,0.0,0.0,0.0,0.0,0.0,54489.0,54853.0,-364.0,0.006635917816710116,False
2024-12-19,0.0,0.0,0.0,0.0,0.0,54489.0,54853.0,-364.0,0.006635917816710116,False
2024-12-20,0.0,0.0,0.0,0.0,0.0,54489.0,54853.0,-364.0,0.006635917816710116,False
2024-12-22,0.0,0.0,0.0,0.0,0.0,54489.0,54853.0,-364.0,0.006635917816710116,False
2024-12-23,95.5,98.0,2.5,1.0,0.0,54584.5,54853.0,-268.5,0.004894900916996335,True
2024-12-24,309.0,311.5,2.5,1.0,0.0,54893.5,54893.5,0.0,0.0,True
2024-12-25,0.0,0.0,0.0,0.0,0.0,54893.5,54893.5,0.0,0.0,False
2024-12-26,0.0,0.0,0.0,0.0,0.0,54893.5,54893.5,0.0,0.0,False
2024-12-27,0.0,0.0,0.0,0.0,0.0,54893.5,54893.5,0.0,0.0,False
2024-12-29,0.0,0.0,0.0,0.0,0.0,54893.5,54893.5,0.0,0.0,False
2024-12-30,0.0,0.0,0.0,0.0,0.0,54893.5,54893.5,0.0,0.0,False
2024-12-31,0.0,0.0,0.0,0.0,0.0,54893.5,54893.5,0.0,0.0,False
2025-01-01,0.0,0.0,0.0,0.0,0.0,54893.5,54893.5,0.0,0.0,False
2025-01-02,0.0,0.0,0.0,0.0,0.0,54893.5,54893.5,0.0,0.0,False
2025-01-03,0.0,0.0,0.0,0.0,0.0,54893.5,54893.5,0.0,0.0,False
2025-01-05,0.0,0.0,0.0,0.0,0.0,54893.5,54893.5,0.0,0.0,False
2025-01-06,0.0,0.0,0.0,0.0,0.0,54893.5,54893.5,0.0,0.0,False
2025-01-07,0.0,0.0,0.0,0.0,0.0,54893.5,54893.5,0.0,0.0,False
2025-01-08,0.0,0.0,0.0,0.0,0.0,54893.5,54893.5,0.0,0.0,False
2025-01-09,0.0,0.0,0.0,0.0,0.0,54893.5,54893.5,0.0,0.0,False
2025-01-10,0.0,0.0,0.0,0.0,0.0,54893.5,54893.5,0.0,0.0,False
2025-01-12,0.0,0.0,0.0,0.0,0.0,54893.5,54893.5,0.0,0.0,False
2025-01-13,0.0,0.0,0.0,0.0,0.0,54893.5,54893.5,0.0,0.0,False
2025-01-14,0.0,0.0,0.0,0.0,0.0,54893.5,54893.5,0.0,0.0,False
2025-01-15,0.0,0.0,0.0,0.0,0.0,54893.5,54893.5,0.0,0.0,False
2025-01-16,0.0,0.0,0.0,0.0,0.0,54893.5,54893.5,0.0,0.0,False
2025-01-17,0.0,0.0,0.0,0.0,0.0,54893.5,54893.5,0.0,0.0,False
2025-01-19,0.0,0.0,0.0,0.0,0.0,54893.5,54893.5,0.0,0.0,False
2025-01-20,0.0,0.0,0.0,0.0,0.0,54893.5,54893.5,0.0,0.0,False
2025-01-21,0.0,0.0,0.0,0.0,0.0,54893.5,54893.5,0.0,0.0,False
2025-01-22,23.0,25.5,2.5,1.0,0.0,54916.5,54916.5,0.0,0.0,True
2025-01-23,0.0,0.0,0.0,0.0,0.0,54916.5,54916.5,0.0,0.0,False
2025-01-24,0.0,0.0,0.0,0.0,0.0,54916.5,54916.5,0.0,0.0,False
2025-01-26,0.0,0.0,0.0,0.0,0.0,54916.5,54916.5,0.0,0.0,False
2025-01-27,0.0,0.0,0.0,0.0,0.0,54916.5,54916.5,0.0,0.0,False
2025-01-28,0.0,0.0,0.0,0.0,0.0,54916.5,54916.5,0.0,0.0,False
2025-01-29,0.0,0.0,0.0,0.0,0.0,54916.5,54916.5,0.0,0.0,False
2025-01-30,0.0,0.0,0.0,0.0,0.0,54916.5,54916.5,0.0,0.0,False
2025-01-31,-156.0,-153.5,2.5,1.0,1.0,54760.5,54916.5,-156.0,0.002840676299472836,False
2025-02-02,0.0,0.0,0.0,0.0,0.0,54760.5,54916.5,-156.0,0.002840676299472836,False
2025-02-03,0.0,0.0,0.0,0.0,0.0,54760.5,54916.5,-156.0,0.002840676299472836,False
2025-02-04,0.0,0.0,0.0,0.0,0.0,54760.5,54916.5,-156.0,0.002840676299472836,False
2025-02-05,0.0,0.0,0.0,0.0,0.0,54760.5,54916.5,-156.0,0.002840676299472836,False
2025-02-06,0.0,0.0,0.0,0.0,0.0,54760.5,54916.5,-156.0,0.002840676299472836,False
2025-02-07,0.0,0.0,0.0,0.0,0.0,54760.5,54916.5,-156.0,0.002840676299472836,False
2025-02-09,0.0,0.0,0.0,0.0,0.0,54760.5,54916.5,-156.0,0.002840676299472836,False
2025-02-10,-65.0,-62.5,2.5,1.0,1.0,54695.5,54916.5,-221.0,0.004024291424253184,False
2025-02-11,0.0,0.0,0.0,0.0,0.0,54695.5,54916.5,-221.0,0.004024291424253184,False
2025-02-12,0.0,0.0,0.0,0.0,0.0,54695.5,54916.5,-221.0,0.004024291424253184,False
2025-02-13,0.0,0.0,0.0,0.0,0.0,54695.5,54916.5,-221.0,0.004024291424253184,False
2025-02-14,0.0,0.0,0.0,0.0,0.0,54695.5,54916.5,-221.0,0.004024291424253184,False
2025-02-16,0.0,0.0,0.0,0.0,0.0,54695.5,54916.5,-221.0,0.004024291424253184,False
2025-02-17,0.0,0.0,0.0,0.0,0.0,54695.5,54916.5,-221.0,0.004024291424253184,False
2025-02-18,0.0,0.0,0.0,0.0,0.0,54695.5,54916.5,-221.0,0.004024291424253184,False
2025-02-19,0.0,0.0,0.0,0.0,0.0,54695.5,54916.5,-221.0,0.004024291424253184,False
2025-02-20,0.0,0.0,0.0,0.0,0.0,54695.5,54916.5,-221.0,0.004024291424253184,False
2025-02-21,0.0,0.0,0.0,0.0,0.0,54695.5,54916.5,-221.0,0.004024291424253184,False
2025-02-23,0.0,0.0,0.0,0.0,0.0,54695.5,54916.5,-221.0,0.004024291424253184,False
2025-02-24,0.0,0.0,0.0,0.0,0.0,54695.5,54916.5,-221.0,0.004024291424253184,False
2025-02-25,0.0,0.0,0.0,0.0,0.0,54695.5,54916.5,-221.0,0.004024291424253184,False
2025-02-26,0.0,0.0,0.0,0.0,0.0,54695.5,54916.5,-221.0,0.004024291424253184,False
2025-02-27,0.0,0.0,0.0,0.0,0.0,54695.5,54916.5,-221.0,0.004024291424253184,False
2025-02-28,0.0,0.0,0.0,0.0,0.0,54695.5,54916.5,-221.0,0.004024291424253184,False
2025-03-02,0.0,0.0,0.0,0.0,0.0,54695.5,54916.5,-221.0,0.004024291424253184,False
2025-03-03,0.0,0.0,0.0,0.0,0.0,54695.5,54916.5,-221.0,0.004024291424253184,False
2025-03-04,0.0,0.0,0.0,0.0,0.0,54695.5,54916.5,-221.0,0.004024291424253184,False
2025-03-05,0.0,0.0,0.0,0.0,0.0,54695.5,54916.5,-221.0,0.004024291424253184,False
2025-03-06,0.0,0.0,0.0,0.0,0.0,54695.5,54916.5,-221.0,0.004024291424253184,False
2025-03-07,0.0,0.0,0.0,0.0,0.0,54695.5,54916.5,-221.0,0.004024291424253184,False
2025-03-09,0.0,0.0,0.0,0.0,0.0,54695.5,54916.5,-221.0,0.004024291424253184,False
2025-03-10,0.0,0.0,0.0,0.0,0.0,54695.5,54916.5,-221.0,0.004024291424253184,False
2025-03-11,0.0,0.0,0.0,0.0,0.0,54695.5,54916.5,-221.0,0.004024291424253184,False
2025-03-12,0.0,0.0,0.0,0.0,0.0,54695.5,54916.5,-221.0,0.004024291424253184,False
2025-03-13,0.0,0.0,0.0,0.0,0.0,54695.5,54916.5,-221.0,0.004024291424253184,False
2025-03-14,0.0,0.0,0.0,0.0,0.0,54695.5,54916.5,-221.0,0.004024291424253184,False
2025-03-16,0.0,0.0,0.0,0.0,0.0,54695.5,54916.5,-221.0,0.004024291424253184,False
2025-03-17,0.0,0.0,0.0,0.0,0.0,54695.5,54916.5,-221.0,0.004024291424253184,False
2025-03-18,0.0,0.0,0.0,0.0,0.0,54695.5,54916.5,-221.0,0.004024291424253184,False
2025-03-19,0.0,0.0,0.0,0.0,0.0,54695.5,54916.5,-221.0,0.004024291424253184,False
2025-03-20,0.0,0.0,0.0,0.0,0.0,54695.5,54916.5,-221.0,0.004024291424253184,False
2025-03-21,0.0,0.0,0.0,0.0,0.0,54695.5,54916.5,-221.0,0.004024291424253184,False
2025-03-23,0.0,0.0,0.0,0.0,0.0,54695.5,54916.5,-221.0,0.004024291424253184,False
2025-03-24,0.0,0.0,0.0,0.0,0.0,54695.5,54916.5,-221.0,0.004024291424253184,False
2025-03-25,0.0,0.0,0.0,0.0,0.0,54695.5,54916.5,-221.0,0.004024291424253184,False
2025-03-26,0.0,0.0,0.0,0.0,0.0,54695.5,54916.5,-221.0,0.004024291424253184,False
2025-03-27,0.0,0.0,0.0,0.0,0.0,54695.5,54916.5,-221.0,0.004024291424253184,False
2025-03-28,0.0,0.0,0.0,0.0,0.0,54695.5,54916.5,-221.0,0.004024291424253184,False
2025-03-30,0.0,0.0,0.0,0.0,0.0,54695.5,54916.5,-221.0,0.004024291424253184,False
2025-03-31,0.0,0.0,0.0,0.0,0.0,54695.5,54916.5,-221.0,0.004024291424253184,False
2025-04-01,0.0,0.0,0.0,0.0,0.0,54695.5,54916.5,-221.0,0.004024291424253184,False
2025-04-02,0.0,0.0,0.0,0.0,0.0,54695.5,54916.5,-221.0,0.004024291424253184,False
2025-04-03,0.0,0.0,0.0,0.0,0.0,54695.5,54916.5,-221.0,0.004024291424253184,False
2025-04-04,0.0,0.0,0.0,0.0,0.0,54695.5,54916.5,-221.0,0.004024291424253184,False
2025-04-06,0.0,0.0,0.0,0.0,0.0,54695.5,54916.5,-221.0,0.004024291424253184,False
2025-04-07,0.0,0.0,0.0,0.0,0.0,54695.5,54916.5,-221.0,0.004024291424253184,False
2025-04-08,0.0,0.0,0.0,0.0,0.0,54695.5,54916.5,-221.0,0.004024291424253184,False
2025-04-09,0.0,0.0,0.0,0.0,0.0,54695.5,54916.5,-221.0,0.004024291424253184,False
2025-04-10,0.0,0.0,0.0,0.0,0.0,54695.5,54916.5,-221.0,0.004024291424253184,False
2025-04-11,0.0,0.0,0.0,0.0,0.0,54695.5,54916.5,-221.0,0.004024291424253184,False
2025-04-13,0.0,0.0,0.0,0.0,0.0,54695.5,54916.5,-221.0,0.004024291424253184,False
2025-04-14,0.0,0.0,0.0,0.0,0.0,54695.5,54916.5,-221.0,0.004024291424253184,False
2025-04-15,0.0,0.0,0.0,0.0,0.0,54695.5,54916.5,-221.0,0.004024291424253184,False
2025-04-16,0.0,0.0,0.0,0.0,0.0,54695.5,54916.5,-221.0,0.004024291424253184,False
2025-04-17,0.0,0.0,0.0,0.0,0.0,54695.5,54916.5,-221.0,0.004024291424253184,False
2025-04-20,0.0,0.0,0.0,0.0,0.0,54695.5,54916.5,-221.0,0.004024291424253184,False
2025-04-21,0.0,0.0,0.0,0.0,0.0,54695.5,54916.5,-221.0,0.004024291424253184,False
2025-04-22,0.0,0.0,0.0,0.0,0.0,54695.5,54916.5,-221.0,0.004024291424253184,False
2025-04-23,0.0,0.0,0.0,0.0,0.0,54695.5,54916.5,-221.0,0.004024291424253184,False
2025-04-24,0.0,0.0,0.0,0.0,0.0,54695.5,54916.5,-221.0,0.004024291424253184,False
2025-04-25,0.0,0.0,0.0,0.0,0.0,54695.5,54916.5,-221.0,0.004024291424253184,False
2025-04-27,0.0,0.0,0.0,0.0,0.0,54695.5,54916.5,-221.0,0.004024291424253184,False
2025-04-28,0.0,0.0,0.0,0.0,0.0,54695.5,54916.5,-221.0,0.004024291424253184,False
2025-04-29,0.0,0.0,0.0,0.0,0.0,54695.5,54916.5,-221.0,0.004024291424253184,False
2025-04-30,0.0,0.0,0.0,0.0,0.0,54695.5,54916.5,-221.0,0.004024291424253184,False
2025-05-01,0.0,0.0,0.0,0.0,0.0,54695.5,54916.5,-221.0,0.004024291424253184,False
2025-05-02,0.0,0.0,0.0,0.0,0.0,54695.5,54916.5,-221.0,0.004024291424253184,False
2025-05-04,0.0,0.0,0.0,0.0,0.0,54695.5,54916.5,-221.0,0.004024291424253184,False
2025-05-05,0.0,0.0,0.0,0.0,0.0,54695.5,54916.5,-221.0,0.004024291424253184,False
2025-05-06,0.0,0.0,0.0,0.0,0.0,54695.5,54916.5,-221.0,0.004024291424253184,False
2025-05-07,0.0,0.0,0.0,0.0,0.0,54695.5,54916.5,-221.0,0.004024291424253184,False
2025-05-08,0.0,0.0,0.0,0.0,0.0,54695.5,54916.5,-221.0,0.004024291424253184,False
2025-05-09,0.0,0.0,0.0,0.0,0.0,54695.5,54916.5,-221.0,0.004024291424253184,False
2025-05-11,0.0,0.0,0.0,0.0,0.0,54695.5,54916.5,-221.0,0.004024291424253184,False
2025-05-12,0.0,0.0,0.0,0.0,0.0,54695.5,54916.5,-221.0,0.004024291424253184,False
2025-05-13,0.0,0.0,0.0,0.0,0.0,54695.5,54916.5,-221.0,0.004024291424253184,False
2025-05-14,0.0,0.0,0.0,0.0,0.0,54695.5,54916.5,-221.0,0.004024291424253184,False
2025-05-15,0.0,0.0,0.0,0.0,0.0,54695.5,54916.5,-221.0,0.004024291424253184,False
2025-05-16,0.0,0.0,0.0,0.0,0.0,54695.5,54916.5,-221.0,0.004024291424253184,False
2025-05-18,0.0,0.0,0.0,0.0,0.0,54695.5,54916.5,-221.0,0.004024291424253184,False
2025-05-19,0.0,0.0,0.0,0.0,0.0,54695.5,54916.5,-221.0,0.004024291424253184,False
2025-05-20,0.0,0.0,0.0,0.0,0.0,54695.5,54916.5,-221.0,0.004024291424253184,False
2025-05-21,0.0,0.0,0.0,0.0,0.0,54695.5,54916.5,-221.0,0.004024291424253184,False
2025-05-22,0.0,0.0,0.0,0.0,0.0,54695.5,54916.5,-221.0,0.004024291424253184,False
2025-05-23,0.0,0.0,0.0,0.0,0.0,54695.5,54916.5,-221.0,0.004024291424253184,False
2025-05-25,0.0,0.0,0.0,0.0,0.0,54695.5,54916.5,-221.0,0.004024291424253184,False
2025-05-26,0.0,0.0,0.0,0.0,0.0,54695.5,54916.5,-221.0,0.004024291424253184,False
2025-05-27,0.0,0.0,0.0,0.0,0.0,54695.5,54916.5,-221.0,0.004024291424253184,False
2025-05-28,0.0,0.0,0.0,0.0,0.0,54695.5,54916.5,-221.0,0.004024291424253184,False
2025-05-29,0.0,0.0,0.0,0.0,0.0,54695.5,54916.5,-221.0,0.004024291424253184,False
2025-05-30,0.0,0.0,0.0,0.0,0.0,54695.5,54916.5,-221.0,0.004024291424253184,False
2025-06-01,0.0,0.0,0.0,0.0,0.0,54695.5,54916.5,-221.0,0.004024291424253184,False
2025-06-02,0.0,0.0,0.0,0.0,0.0,54695.5,54916.5,-221.0,0.004024291424253184,False
2025-06-03,107.5,110.0,2.5,1.0,0.0,54803.0,54916.5,-113.5,0.0020667741025010697,True
2025-06-04,0.0,0.0,0.0,0.0,0.0,54803.0,54916.5,-113.5,0.0020667741025010697,False
2025-06-05,0.0,0.0,0.0,0.0,0.0,54803.0,54916.5,-113.5,0.0020667741025010697,False
2025-06-06,-184.5,-182.0,2.5,1.0,1.0,54618.5,54916.5,-298.0,0.005426420110531443,False
2025-06-08,0.0,0.0,0.0,0.0,0.0,54618.5,54916.5,-298.0,0.005426420110531443,False
2025-06-09,0.0,0.0,0.0,0.0,0.0,54618.5,54916.5,-298.0,0.005426420110531443,False
2025-06-10,0.0,0.0,0.0,0.0,0.0,54618.5,54916.5,-298.0,0.005426420110531443,False
2025-06-11,0.0,0.0,0.0,0.0,0.0,54618.5,54916.5,-298.0,0.005426420110531443,False
2025-06-12,0.0,0.0,0.0,0.0,0.0,54618.5,54916.5,-298.0,0.005426420110531443,False
2025-06-13,0.0,0.0,0.0,0.0,0.0,54618.5,54916.5,-298.0,0.005426420110531443,False
2025-06-15,0.0,0.0,0.0,0.0,0.0,54618.5,54916.5,-298.0,0.005426420110531443,False
2025-06-16,-177.0,-174.5,2.5,1.0,1.0,54441.5,54916.5,-475.0,0.008649495142625623,False
2025-06-17,0.0,0.0,0.0,0.0,0.0,54441.5,54916.5,-475.0,0.008649495142625623,False
2025-06-18,0.0,0.0,0.0,0.0,0.0,54441.5,54916.5,-475.0,0.008649495142625623,False
2025-06-19,0.0,0.0,0.0,0.0,0.0,54441.5,54916.5,-475.0,0.008649495142625623,False
2025-06-20,0.0,0.0,0.0,0.0,0.0,54441.5,54916.5,-475.0,0.008649495142625623,False
2025-06-22,0.0,0.0,0.0,0.0,0.0,54441.5,54916.5,-475.0,0.008649495142625623,False
2025-06-23,0.0,0.0,0.0,0.0,0.0,54441.5,54916.5,-475.0,0.008649495142625623,False
2025-06-24,0.0,0.0,0.0,0.0,0.0,54441.5,54916.5,-475.0,0.008649495142625623,False
2025-06-25,0.0,0.0,0.0,0.0,0.0,54441.5,54916.5,-475.0,0.008649495142625623,False
2025-06-26,0.0,0.0,0.0,0.0,0.0,54441.5,54916.5,-475.0,0.008649495142625623,False
2025-06-27,-172.0,-169.5,2.5,1.0,1.0,54269.5,54916.5,-647.0,0.011781522857429005,False
2025-06-29,0.0,0.0,0.0,0.0,0.0,54269.5,54916.5,-647.0,0.011781522857429005,False
2025-06-30,0.0,0.0,0.0,0.0,0.0,54269.5,54916.5,-647.0,0.011781522857429005,False
2025-07-01,0.0,0.0,0.0,0.0,0.0,54269.5,54916.5,-647.0,0.011781522857429005,False
2025-07-02,202.0,204.5,2.5,1.0,0.0,54471.5,54916.5,-445.0,0.008103211238880846,True
2025-07-03,0.0,0.0,0.0,0.0,0.0,54471.5,54916.5,-445.0,0.008103211238880846,False
2025-07-04,0.0,0.0,0.0,0.0,0.0,54471.5,54916.5,-445.0,0.008103211238880846,False
2025-07-06,0.0,0.0,0.0,0.0,0.0,54471.5,54916.5,-445.0,0.008103211238880846,False
2025-07-07,0.0,0.0,0.0,0.0,0.0,54471.5,54916.5,-445.0,0.008103211238880846,False
2025-07-08,0.0,0.0,0.0,0.0,0.0,54471.5,54916.5,-445.0,0.008103211238880846,False
2025-07-09,0.0,0.0,0.0,0.0,0.0,54471.5,54916.5,-445.0,0.008103211238880846,False
2025-07-10,0.0,0.0,0.0,0.0,0.0,54471.5,54916.5,-445.0,0.008103211238880846,False
2025-07-11,0.0,0.0,0.0,0.0,0.0,54471.5,54916.5,-445.0,0.008103211238880846,False
2025-07-13,0.0,0.0,0.0,0.0,0.0,54471.5,54916.5,-445.0,0.008103211238880846,False
2025-07-14,0.0,0.0,0.0,0.0,0.0,54471.5,54916.5,-445.0,0.008103211238880846,False
2025-07-15,0.0,0.0,0.0,0.0,0.0,54471.5,54916.5,-445.0,0.008103211238880846,False
2025-07-16,0.0,0.0,0.0,0.0,0.0,54471.5,54916.5,-445.0,0.008103211238880846,False
2025-07-17,196.0,198.5,2.5,1.0,0.0,54667.5,54916.5,-249.0,0.004534156401081642,True
2025-07-18,0.0,0.0,0.0,0.0,0.0,54667.5,54916.5,-249.0,0.004534156401081642,False
2025-07-20,0.0,0.0,0.0,0.0,0.0,54667.5,54916.5,-249.0,0.004534156401081642,False
2025-07-21,0.0,0.0,0.0,0.0,0.0,54667.5,54916.5,-249.0,0.004534156401081642,False
2025-07-22,0.0,0.0,0.0,0.0,0.0,54667.5,54916.5,-249.0,0.004534156401081642,False
2025-07-23,0.0,0.0,0.0,0.0,0.0,54667.5,54916.5,-249.0,0.004534156401081642,False
2025-07-24,0.0,0.0,0.0,0.0,0.0,54667.5,54916.5,-249.0,0.004534156401081642,False
2025-07-25,0.0,0.0,0.0,0.0,0.0,54667.5,54916.5,-249.0,0.004534156401081642,False
2025-07-27,0.0,0.0,0.0,0.0,0.0,54667.5,54916.5,-249.0,0.004534156401081642,False
2025-07-28,0.0,0.0,0.0,0.0,0.0,54667.5,54916.5,-249.0,0.004534156401081642,False
2025-07-29,0.0,0.0,0.0,0.0,0.0,54667.5,54916.5,-249.0,0.004534156401081642,False
2025-07-30,0.0,0.0,0.0,0.0,0.0,54667.5,54916.5,-249.0,0.004534156401081642,False
2025-07-31,0.0,0.0,0.0,0.0,0.0,54667.5,54916.5,-249.0,0.004534156401081642,False
2025-08-01,0.0,0.0,0.0,0.0,0.0,54667.5,54916.5,-249.0,0.004534156401081642,False
2025-08-03,0.0,0.0,0.0,0.0,0.0,54667.5,54916.5,-249.0,0.004534156401081642,False
2025-08-04,0.0,0.0,0.0,0.0,0.0,54667.5,54916.5,-249.0,0.004534156401081642,False
2025-08-05,0.0,0.0,0.0,0.0,0.0,54667.5,54916.5,-249.0,0.004534156401081642,False
2025-08-06,0.0,0.0,0.0,0.0,0.0,54667.5,54916.5,-249.0,0.004534156401081642,False
2025-08-07,0.0,0.0,0.0,0.0,0.0,54667.5,54916.5,-249.0,0.004534156401081642,False
2025-08-08,0.0,0.0,0.0,0.0,0.0,54667.5,54916.5,-249.0,0.004534156401081642,False
2025-08-10,0.0,0.0,0.0,0.0,0.0,54667.5,54916.5,-249.0,0.004534156401081642,False
2025-08-11,0.0,0.0,0.0,0.0,0.0,54667.5,54916.5,-249.0,0.004534156401081642,False
2025-08-12,0.0,0.0,0.0,0.0,0.0,54667.5,54916.5,-249.0,0.004534156401081642,False
2025-08-13,0.0,0.0,0.0,0.0,0.0,54667.5,54916.5,-249.0,0.004534156401081642,False
2025-08-14,0.0,0.0,0.0,0.0,0.0,54667.5,54916.5,-249.0,0.004534156401081642,False
2025-08-15,0.0,0.0,0.0,0.0,0.0,54667.5,54916.5,-249.0,0.004534156401081642,False
2025-08-17,0.0,0.0,0.0,0.0,0.0,54667.5,54916.5,-249.0,0.004534156401081642,False
2025-08-18,0.0,0.0,0.0,0.0,0.0,54667.5,54916.5,-249.0,0.004534156401081642,False
2025-08-19,0.0,0.0,0.0,0.0,0.0,54667.5,54916.5,-249.0,0.004534156401081642,False
2025-08-20,0.0,0.0,0.0,0.0,0.0,54667.5,54916.5,-249.0,0.004534156401081642,False
2025-08-21,0.0,0.0,0.0,0.0,0.0,54667.5,54916.5,-249.0,0.004534156401081642,False
2025-08-22,0.0,0.0,0.0,0.0,0.0,54667.5,54916.5,-249.0,0.004534156401081642,False
2025-08-24,0.0,0.0,0.0,0.0,0.0,54667.5,54916.5,-249.0,0.004534156401081642,False
2025-08-25,0.0,0.0,0.0,0.0,0.0,54667.5,54916.5,-249.0,0.004534156401081642,False
2025-08-26,0.0,0.0,0.0,0.0,0.0,54667.5,54916.5,-249.0,0.004534156401081642,False
2025-08-27,0.0,0.0,0.0,0.0,0.0,54667.5,54916.5,-249.0,0.004534156401081642,False
2025-08-28,0.0,0.0,0.0,0.0,0.0,54667.5,54916.5,-249.0,0.004534156401081642,False
2025-08-29,0.0,0.0,0.0,0.0,0.0,54667.5,54916.5,-249.0,0.004534156401081642,False
2025-08-31,0.0,0.0,0.0,0.0,0.0,54667.5,54916.5,-249.0,0.004534156401081642,False
2025-09-01,0.0,0.0,0.0,0.0,0.0,54667.5,54916.5,-249.0,0.004534156401081642,False
2025-09-02,0.0,0.0,0.0,0.0,0.0,54667.5,54916.5,-249.0,0.004534156401081642,False
2025-09-03,0.0,0.0,0.0,0.0,0.0,54667.5,54916.5,-249.0,0.004534156401081642,False
2025-09-04,0.0,0.0,0.0,0.0,0.0,54667.5,54916.5,-249.0,0.004534156401081642,False
2025-09-05,0.0,0.0,0.0,0.0,0.0,54667.5,54916.5,-249.0,0.004534156401081642,False
2025-09-07,0.0,0.0,0.0,0.0,0.0,54667.5,54916.5,-249.0,0.004534156401081642,False
2025-09-08,-160.5,-158.0,2.5,1.0,1.0,54507.0,54916.5,-409.5,0.007456775286116195,False
2025-09-09,0.0,0.0,0.0,0.0,0.0,54507.0,54916.5,-409.5,0.007456775286116195,False
2025-09-10,0.0,0.0,0.0,0.0,0.0,54507.0,54916.5,-409.5,0.007456775286116195,False
2025-09-11,0.0,0.0,0.0,0.0,0.0,54507.0,54916.5,-409.5,0.007456775286116195,False
2025-09-12,0.0,0.0,0.0,0.0,0.0,54507.0,54916.5,-409.5,0.007456775286116195,False
2025-09-14,0.0,0.0,0.0,0.0,0.0,54507.0,54916.5,-409.5,0.007456775286116195,False
2025-09-15,227.0,229.5,2.5,1.0,0.0,54734.0,54916.5,-182.5,0.003323227081114055,True
2025-09-16,0.0,0.0,0.0,0.0,0.0,54734.0,54916.5,-182.5,0.003323227081114055,False
2025-09-17,0.0,0.0,0.0,0.0,0.0,54734.0,54916.5,-182.5,0.003323227081114055,False
2025-09-18,0.0,0.0,0.0,0.0,0.0,54734.0,54916.5,-182.5,0.003323227081114055,False
2025-09-19,0.0,0.0,0.0,0.0,0.0,54734.0,54916.5,-182.5,0.003323227081114055,False
2025-09-21,0.0,0.0,0.0,0.0,0.0,54734.0,54916.5,-182.5,0.003323227081114055,False
2025-09-22,211.0,213.5,2.5,1.0,0.0,54945.0,54945.0,0.0,0.0,True
2025-09-23,0.0,0.0,0.0,0.0,0.0,54945.0,54945.0,0.0,0.0,False
2025-09-24,0.0,0.0,0.0,0.0,0.0,54945.0,54945.0,0.0,0.0,False
2025-09-25,0.0,0.0,0.0,0.0,0.0,54945.0,54945.0,0.0,0.0,False
2025-09-26,0.0,0.0,0.0,0.0,0.0,54945.0,54945.0,0.0,0.0,False
2025-09-28,0.0,0.0,0.0,0.0,0.0,54945.0,54945.0,0.0,0.0,False
2025-09-29,0.0,0.0,0.0,0.0,0.0,54945.0,54945.0,0.0,0.0,False
2025-09-30,0.0,0.0,0.0,0.0,0.0,54945.0,54945.0,0.0,0.0,False
2025-10-01,0.0,0.0,0.0,0.0,0.0,54945.0,54945.0,0.0,0.0,False
2025-10-02,0.0,0.0,0.0,0.0,0.0,54945.0,54945.0,0.0,0.0,False
2025-10-03,0.0,0.0,0.0,0.0,0.0,54945.0,54945.0,0.0,0.0,False
2025-10-05,0.0,0.0,0.0,0.0,0.0,54945.0,54945.0,0.0,0.0,False
2025-10-06,0.0,0.0,0.0,0.0,0.0,54945.0,54945.0,0.0,0.0,False
2025-10-07,0.0,0.0,0.0,0.0,0.0,54945.0,54945.0,0.0,0.0,False
2025-10-08,333.0,335.5,2.5,1.0,0.0,55278.0,55278.0,0.0,0.0,True
2025-10-09,0.0,0.0,0.0,0.0,0.0,55278.0,55278.0,0.0,0.0,False
2025-10-10,0.0,0.0,0.0,0.0,0.0,55278.0,55278.0,0.0,0.0,False
2025-10-12,0.0,0.0,0.0,0.0,0.0,55278.0,55278.0,0.0,0.0,False
2025-10-13,0.0,0.0,0.0,0.0,0.0,55278.0,55278.0,0.0,0.0,False
2025-10-14,0.0,0.0,0.0,0.0,0.0,55278.0,55278.0,0.0,0.0,False
2025-10-15,0.0,0.0,0.0,0.0,0.0,55278.0,55278.0,0.0,0.0,False
2025-10-16,0.0,0.0,0.0,0.0,0.0,55278.0,55278.0,0.0,0.0,False
2025-10-17,0.0,0.0,0.0,0.0,0.0,55278.0,55278.0,0.0,0.0,False
2025-10-19,0.0,0.0,0.0,0.0,0.0,55278.0,55278.0,0.0,0.0,False
2025-10-20,0.0,0.0,0.0,0.0,0.0,55278.0,55278.0,0.0,0.0,False
2025-10-21,0.0,0.0,0.0,0.0,0.0,55278.0,55278.0,0.0,0.0,False
2025-10-22,0.0,0.0,0.0,0.0,0.0,55278.0,55278.0,0.0,0.0,False
2025-10-23,264.5,267.0,2.5,1.0,0.0,55542.5,55542.5,0.0,0.0,True
2025-10-24,0.0,0.0,0.0,0.0,0.0,55542.5,55542.5,0.0,0.0,False
2025-10-26,0.0,0.0,0.0,0.0,0.0,55542.5,55542.5,0.0,0.0,False
2025-10-27,0.0,0.0,0.0,0.0,0.0,55542.5,55542.5,0.0,0.0,False
2025-10-28,0.0,0.0,0.0,0.0,0.0,55542.5,55542.5,0.0,0.0,False
2025-10-29,0.0,0.0,0.0,0.0,0.0,55542.5,55542.5,0.0,0.0,False
2025-10-30,0.0,0.0,0.0,0.0,0.0,55542.5,55542.5,0.0,0.0,False
2025-10-31,0.0,0.0,0.0,0.0,0.0,55542.5,55542.5,0.0,0.0,False
2025-11-02,0.0,0.0,0.0,0.0,0.0,55542.5,55542.5,0.0,0.0,False
2025-11-03,0.0,0.0,0.0,0.0,0.0,55542.5,55542.5,0.0,0.0,False
2025-11-04,0.0,0.0,0.0,0.0,0.0,55542.5,55542.5,0.0,0.0,False
2025-11-05,0.0,0.0,0.0,0.0,0.0,55542.5,55542.5,0.0,0.0,False
2025-11-06,0.0,0.0,0.0,0.0,0.0,55542.5,55542.5,0.0,0.0,False
2025-11-07,0.0,0.0,0.0,0.0,0.0,55542.5,55542.5,0.0,0.0,False
2025-11-09,0.0,0.0,0.0,0.0,0.0,55542.5,55542.5,0.0,0.0,False
2025-11-10,0.0,0.0,0.0,0.0,0.0,55542.5,55542.5,0.0,0.0,False
2025-11-11,0.0,0.0,0.0,0.0,0.0,55542.5,55542.5,0.0,0.0,False
2025-11-12,0.0,0.0,0.0,0.0,0.0,55542.5,55542.5,0.0,0.0,False
2025-11-13,0.0,0.0,0.0,0.0,0.0,55542.5,55542.5,0.0,0.0,False
2025-11-14,0.0,0.0,0.0,0.0,0.0,55542.5,55542.5,0.0,0.0,False
2025-11-16,0.0,0.0,0.0,0.0,0.0,55542.5,55542.5,0.0,0.0,False
2025-11-17,0.0,0.0,0.0,0.0,0.0,55542.5,55542.5,0.0,0.0,False
2025-11-18,0.0,0.0,0.0,0.0,0.0,55542.5,55542.5,0.0,0.0,False
2025-11-19,0.0,0.0,0.0,0.0,0.0,55542.5,55542.5,0.0,0.0,False
2025-11-20,0.0,0.0,0.0,0.0,0.0,55542.5,55542.5,0.0,0.0,False
2025-11-21,0.0,0.0,0.0,0.0,0.0,55542.5,55542.5,0.0,0.0,False
2025-11-23,0.0,0.0,0.0,0.0,0.0,55542.5,55542.5,0.0,0.0,False
2025-11-24,0.0,0.0,0.0,0.0,0.0,55542.5,55542.5,0.0,0.0,False
2025-11-25,0.0,0.0,0.0,0.0,0.0,55542.5,55542.5,0.0,0.0,False
2025-11-26,0.0,0.0,0.0,0.0,0.0,55542.5,55542.5,0.0,0.0,False
2025-11-27,0.0,0.0,0.0,0.0,0.0,55542.5,55542.5,0.0,0.0,False
2025-11-28,0.0,0.0,0.0,0.0,0.0,55542.5,55542.5,0.0,0.0,False
2025-11-30,0.0,0.0,0.0,0.0,0.0,55542.5,55542.5,0.0,0.0,False
2025-12-01,0.0,0.0,0.0,0.0,0.0,55542.5,55542.5,0.0,0.0,False
2025-12-02,0.0,0.0,0.0,0.0,0.0,55542.5,55542.5,0.0,0.0,False
2025-12-03,0.0,0.0,0.0,0.0,0.0,55542.5,55542.5,0.0,0.0,False
2025-12-04,0.0,0.0,0.0,0.0,0.0,55542.5,55542.5,0.0,0.0,False
2025-12-05,0.0,0.0,0.0,0.0,0.0,55542.5,55542.5,0.0,0.0,False
2025-12-07,0.0,0.0,0.0,0.0,0.0,55542.5,55542.5,0.0,0.0,False
2025-12-08,0.0,0.0,0.0,0.0,0.0,55542.5,55542.5,0.0,0.0,False
2025-12-09,0.0,0.0,0.0,0.0,0.0,55542.5,55542.5,0.0,0.0,False
2025-12-10,0.0,0.0,0.0,0.0,0.0,55542.5,55542.5,0.0,0.0,False
2025-12-11,0.0,0.0,0.0,0.0,0.0,55542.5,55542.5,0.0,0.0,False
2025-12-12,0.0,0.0,0.0,0.0,0.0,55542.5,55542.5,0.0,0.0,False
2025-12-14,0.0,0.0,0.0,0.0,0.0,55542.5,55542.5,0.0,0.0,False
2025-12-15,0.0,0.0,0.0,0.0,0.0,55542.5,55542.5,0.0,0.0,False
2025-12-16,0.0,0.0,0.0,0.0,0.0,55542.5,55542.5,0.0,0.0,False
2025-12-17,0.0,0.0,0.0,0.0,0.0,55542.5,55542.5,0.0,0.0,False
2025-12-18,0.0,0.0,0.0,0.0,0.0,55542.5,55542.5,0.0,0.0,False
2025-12-19,0.0,0.0,0.0,0.0,0.0,55542.5,55542.5,0.0,0.0,False
2025-12-21,0.0,0.0,0.0,0.0,0.0,55542.5,55542.5,0.0,0.0,False
2025-12-22,0.0,0.0,0.0,0.0,0.0,55542.5,55542.5,0.0,0.0,False
2025-12-23,0.0,0.0,0.0,0.0,0.0,55542.5,55542.5,0.0,0.0,False
2025-12-24,0.0,0.0,0.0,0.0,0.0,55542.5,55542.5,0.0,0.0,False
2025-12-25,0.0,0.0,0.0,0.0,0.0,55542.5,55542.5,0.0,0.0,False
2025-12-26,0.0,0.0,0.0,0.0,0.0,55542.5,55542.5,0.0,0.0,False
2025-12-28,0.0,0.0,0.0,0.0,0.0,55542.5,55542.5,0.0,0.0,False
2025-12-29,0.0,0.0,0.0,0.0,0.0,55542.5,55542.5,0.0,0.0,False
2025-12-30,0.0,0.0,0.0,0.0,0.0,55542.5,55542.5,0.0,0.0,False
2025-12-31,0.0,0.0,0.0,0.0,0.0,55542.5,55542.5,0.0,0.0,False
2026-01-01,0.0,0.0,0.0,0.0,0.0,55542.5,55542.5,0.0,0.0,False
2026-01-02,0.0,0.0,0.0,0.0,0.0,55542.5,55542.5,0.0,0.0,False
2026-01-04,0.0,0.0,0.0,0.0,0.0,55542.5,55542.5,0.0,0.0,False
2026-01-05,0.0,0.0,0.0,0.0,0.0,55542.5,55542.5,0.0,0.0,False
2026-01-06,0.0,0.0,0.0,0.0,0.0,55542.5,55542.5,0.0,0.0,False
2026-01-07,0.0,0.0,0.0,0.0,0.0,55542.5,55542.5,0.0,0.0,False
2026-01-08,0.0,0.0,0.0,0.0,0.0,55542.5,55542.5,0.0,0.0,False
2026-01-09,0.0,0.0,0.0,0.0,0.0,55542.5,55542.5,0.0,0.0,False
2026-01-11,0.0,0.0,0.0,0.0,0.0,55542.5,55542.5,0.0,0.0,False
2026-01-12,0.0,0.0,0.0,0.0,0.0,55542.5,55542.5,0.0,0.0,False
2026-01-13,0.0,0.0,0.0,0.0,0.0,55542.5,55542.5,0.0,0.0,False
2026-01-14,0.0,0.0,0.0,0.0,0.0,55542.5,55542.5,0.0,0.0,False
2026-01-15,0.0,0.0,0.0,0.0,0.0,55542.5,55542.5,0.0,0.0,False
2026-01-16,0.0,0.0,0.0,0.0,0.0,55542.5,55542.5,0.0,0.0,False
2026-01-18,0.0,0.0,0.0,0.0,0.0,55542.5,55542.5,0.0,0.0,False
2026-01-19,0.0,0.0,0.0,0.0,0.0,55542.5,55542.5,0.0,0.0,False
2026-01-20,0.0,0.0,0.0,0.0,0.0,55542.5,55542.5,0.0,0.0,False
2026-01-21,0.0,0.0,0.0,0.0,0.0,55542.5,55542.5,0.0,0.0,False
2026-01-22,0.0,0.0,0.0,0.0,0.0,55542.5,55542.5,0.0,0.0,False
2026-01-23,0.0,0.0,0.0,0.0,0.0,55542.5,55542.5,0.0,0.0,False
2026-01-25,0.0,0.0,0.0,0.0,0.0,55542.5,55542.5,0.0,0.0,False
2026-01-26,0.0,0.0,0.0,0.0,0.0,55542.5,55542.5,0.0,0.0,False
2026-01-27,0.0,0.0,0.0,0.0,0.0,55542.5,55542.5,0.0,0.0,False
2026-01-28,0.0,0.0,0.0,0.0,0.0,55542.5,55542.5,0.0,0.0,False
2026-01-29,0.0,0.0,0.0,0.0,0.0,55542.5,55542.5,0.0,0.0,False
2026-01-30,0.0,0.0,0.0,0.0,0.0,55542.5,55542.5,0.0,0.0,False
2026-02-01,0.0,0.0,0.0,0.0,0.0,55542.5,55542.5,0.0,0.0,False
2026-02-02,0.0,0.0,0.0,0.0,0.0,55542.5,55542.5,0.0,0.0,False
2026-02-03,0.0,0.0,0.0,0.0,0.0,55542.5,55542.5,0.0,0.0,False
2026-02-04,0.0,0.0,0.0,0.0,0.0,55542.5,55542.5,0.0,0.0,False
2026-02-05,0.0,0.0,0.0,0.0,0.0,55542.5,55542.5,0.0,0.0,False
2026-02-06,0.0,0.0,0.0,0.0,0.0,55542.5,55542.5,0.0,0.0,False
2026-02-08,0.0,0.0,0.0,0.0,0.0,55542.5,55542.5,0.0,0.0,False
2026-02-09,0.0,0.0,0.0,0.0,0.0,55542.5,55542.5,0.0,0.0,False
2026-02-10,0.0,0.0,0.0,0.0,0.0,55542.5,55542.5,0.0,0.0,False
2026-02-11,0.0,0.0,0.0,0.0,0.0,55542.5,55542.5,0.0,0.0,False
2026-02-12,0.0,0.0,0.0,0.0,0.0,55542.5,55542.5,0.0,0.0,False
2026-02-13,0.0,0.0,0.0,0.0,0.0,55542.5,55542.5,0.0,0.0,False
2026-02-15,0.0,0.0,0.0,0.0,0.0,55542.5,55542.5,0.0,0.0,False
2026-02-16,0.0,0.0,0.0,0.0,0.0,55542.5,55542.5,0.0,0.0,False
2026-02-17,0.0,0.0,0.0,0.0,0.0,55542.5,55542.5,0.0,0.0,False
2026-02-18,0.0,0.0,0.0,0.0,0.0,55542.5,55542.5,0.0,0.0,False
2026-02-19,0.0,0.0,0.0,0.0,0.0,55542.5,55542.5,0.0,0.0,False
2026-02-20,0.0,0.0,0.0,0.0,0.0,55542.5,55542.5,0.0,0.0,False
2026-02-22,0.0,0.0,0.0,0.0,0.0,55542.5,55542.5,0.0,0.0,False
2026-02-23,0.0,0.0,0.0,0.0,0.0,55542.5,55542.5,0.0,0.0,False
2026-02-24,0.0,0.0,0.0,0.0,0.0,55542.5,55542.5,0.0,0.0,False
2026-02-25,0.0,0.0,0.0,0.0,0.0,55542.5,55542.5,0.0,0.0,False
2026-02-26,0.0,0.0,0.0,0.0,0.0,55542.5,55542.5,0.0,0.0,False
2026-02-27,0.0,0.0,0.0,0.0,0.0,55542.5,55542.5,0.0,0.0,False
2026-03-01,0.0,0.0,0.0,0.0,0.0,55542.5,55542.5,0.0,0.0,False
2026-03-02,0.0,0.0,0.0,0.0,0.0,55542.5,55542.5,0.0,0.0,False
2026-03-03,0.0,0.0,0.0,0.0,0.0,55542.5,55542.5,0.0,0.0,False
2026-03-04,0.0,0.0,0.0,0.0,0.0,55542.5,55542.5,0.0,0.0,False
2026-03-05,0.0,0.0,0.0,0.0,0.0,55542.5,55542.5,0.0,0.0,False
2026-03-06,0.0,0.0,0.0,0.0,0.0,55542.5,55542.5,0.0,0.0,False
2026-03-08,0.0,0.0,0.0,0.0,0.0,55542.5,55542.5,0.0,0.0,False
2026-03-09,0.0,0.0,0.0,0.0,0.0,55542.5,55542.5,0.0,0.0,False
2026-03-10,0.0,0.0,0.0,0.0,0.0,55542.5,55542.5,0.0,0.0,False
2026-03-11,0.0,0.0,0.0,0.0,0.0,55542.5,55542.5,0.0,0.0,False
2026-03-12,0.0,0.0,0.0,0.0,0.0,55542.5,55542.5,0.0,0.0,False
2026-03-13,0.0,0.0,0.0,0.0,0.0,55542.5,55542.5,0.0,0.0,False
2026-03-15,0.0,0.0,0.0,0.0,0.0,55542.5,55542.5,0.0,0.0,False
2026-03-16,0.0,0.0,0.0,0.0,0.0,55542.5,55542.5,0.0,0.0,False
2026-03-17,0.0,0.0,0.0,0.0,0.0,55542.5,55542.5,0.0,0.0,False
2026-03-18,0.0,0.0,0.0,0.0,0.0,55542.5,55542.5,0.0,0.0,False
2026-03-19,0.0,0.0,0.0,0.0,0.0,55542.5,55542.5,0.0,0.0,False
2026-03-20,0.0,0.0,0.0,0.0,0.0,55542.5,55542.5,0.0,0.0,False
