scope,net_pnl,sharpe,sortino,profit_factor,expectancy,max_drawdown,n_trades,n_days_traded,pct_days_traded,hit_rate,avg_win,avg_loss,stop_hit_rate,target_hit_rate,exposure_time_pct
overall,-1783.660000000003,-0.20180226273612895,-0.12424725676730398,0.9464859402808462,-5.340299401197614,-4739.099999999995,334,334,0.2982142857142857,0.4550898203592814,207.54618421052632,-183.13560439560445,0.4311377245508982,0.09880239520958084,0.20031593406593406
is,-681.8000000000029,-0.099376039244098,-0.07036198847799258,0.9760042627804225,-2.311186440677976,-4739.099999999995,295,295,0.3748411689961881,0.45084745762711864,208.5081203007519,-175.39123456790125,0.4271186440677966,0.10508474576271186,0.2506304369074382
oos,-1101.8600000000004,-0.6057645989071391,-0.20245472456579494,0.7759217456734389,-28.252820512820524,-1634.4400000000003,39,39,0.11711711711711711,0.48717948717948717,200.8126315789474,-245.86499999999995,0.46153846153846156,0.05128205128205128,0.08140448140448141
