scope,net_pnl,sharpe,sortino,profit_factor,expectancy,max_drawdown,n_trades,n_days_traded,pct_days_traded,hit_rate,avg_win,avg_loss,stop_hit_rate,target_hit_rate,exposure_time_pct
overall,-349.3600000000001,-0.23324264784322646,-0.020604252193391865,0.6905360875881372,-24.954285714285724,-878.44,14,14,0.008013737836290785,0.42857142857142855,129.92666666666665,-141.115,0.35714285714285715,0.2857142857142857,0.004797968678907431
is,-201.8800000000001,-0.1650174403744714,-0.015360869965362973,0.7943022497554613,-16.82333333333334,-730.96,12,12,0.009819967266775777,0.5,129.92666666666665,-163.57333333333335,0.4166666666666667,0.3333333333333333,0.005627596625959965
oos,-147.48,-0.8349899848101574,-0.05146555504930964,0.0,-73.74,-28.239999999999995,2,2,0.0038095238095238095,0.0,0.0,-73.74,0.0,0.0,0.0028669108669108667
