scope,net_pnl,sharpe,sortino,profit_factor,expectancy,max_drawdown,n_trades,n_days_traded,pct_days_traded,hit_rate,avg_win,avg_loss,stop_hit_rate,target_hit_rate,exposure_time_pct
overall,9818.669999999998,1.2536403599010044,0.5040932469083205,1.5962829897865114,36.774044943820215,-1325.0799999999963,267,267,0.15283342873497424,0.6104868913857678,161.2584662576687,-158.33134615384614,0.2958801498127341,0.2696629213483146,0.0970528231547121
is,6974.699999999999,1.3416575539017872,0.5234522361827846,1.6937514920028645,41.027647058823526,-1325.0799999999963,170,170,0.13911620294599017,0.6176470588235294,162.1742857142857,-154.67076923076922,0.3058823529411765,0.2647058823529412,0.0877292374837383
oos,2843.9699999999993,1.088727586562735,0.4691343372529107,1.4434791964895541,29.319278350515457,-1203.43,97,97,0.18476190476190477,0.5979381443298969,159.60051724137932,-164.43230769230766,0.27835051546391754,0.27835051546391754,0.11875457875457876
