timestamp,rtype,publisher_id,instrument_id,open,high,low,close,volume,symbol,session_date,minute_of_day,weekday,bar_in_session,session_vwap,continuous_session_date,continuous_session_vwap,or_high,or_low,or_width,or_midpoint,atr_14,open_rth,high_rth,low_rth,close_rth,range_rth,prev_close_rth,prev_high_rth,prev_low_rth,close_position,pattern_nr4,pattern_nr7,pattern_inside_day,pattern_outside_day,pattern_triangle,pattern_strong_close,pattern_weak_close,pattern_nr4_or_nr7,pattern_nr4_or_triangle,pattern_nr4_or_nr7_or_triangle,open_prevclose_max,open_prevclose_min,signal,raw_signal,atr_filter_pass,direction_filter_pass,filter_pass,filtered_out,candidate_base_pass,ensemble_score,ensemble_selected,atr_10,atr_20,vol_std_15,vol_std_60,rth_open,atr_20_open,rth_close,prev_rth_close,overnight_range_pts,trade_id,entry_time,exit_time,direction,quantity,net_pnl_usd,trade_risk_usd,fees,exit_reason,phase,weekday_name,atr_ratio_10_30,opening_range_width_pts,realized_vol_ratio_15_60,gap_abs_atr20,signal_vwap_distance_atr20,signal_extension_over_or,nominal_selected
2019-06-18 13:48:00+00:00,33,1,8078,7669.5,7680.25,7664.5,7678.5,202,MNQ.c.0,2019-06-18,588,1,422,7608.166696382582,2019-06-18,7601.841078600115,7676.5,7598.0,78.5,7637.25,12.25,7616.0,7693.0,7598.0,7638.5,95.0,7530.25,7550.75,7491.75,0.4263157894736842,False,False,False,False,False,False,False,False,False,False,7616.0,7530.25,1,1,True,True,True,False,True,0.8571428571428571,True,14.75,11.4375,0.001098447051997025,0.0006628334878860008,7575.75,1.8875,7654.75,7530.5,70.75,1,2019-06-18 09:49:00-04:00,2019-06-18 16:00:00-04:00,long,1,-83.0,165.0,2.5,time_exit,is,tuesday,1.2040816326530612,78.5,1.6571990885679937,23.973509933774835,6.702419357366995,0.025477707006369428,True
2019-08-06 14:03:00+00:00,33,1,8084,7527.0,7533.25,7526.5,7530.25,1690,MNQ.c.0,2019-08-06,603,1,604,7472.392190180986,2019-08-06,7418.336751122786,7528.5,7489.75,38.75,7509.125,9.232142857142858,7491.0,7548.75,7437.25,7528.75,111.5,7425.25,7540.75,7361.0,0.820627802690583,False,False,False,False,False,False,False,False,False,False,7491.0,7425.25,1,1,True,True,True,False,True,0.8571428571428571,True,8.725,9.825,0.0006301897401354246,0.0007120503098793156,7482.75,4.1375,7487.5,7461.75,260.5,2,2019-08-06 10:04:00-04:00,2019-08-06 10:14:00-04:00,long,2,-171.0,171.0,5.0,stop,is,tuesday,0.9450676982591876,38.75,0.8850354130766892,5.075528700906344,11.390661463329653,0.04516129032258064,True
2019-08-08 14:00:00+00:00,33,1,8084,7620.0,7626.25,7617.0,7624.0,1920,MNQ.c.0,2019-08-08,600,3,601,7595.798913788244,2019-08-08,7591.922639513941,7617.25,7583.5,33.75,7600.375,9.339285714285714,7601.5,7737.25,7578.0,7736.5,159.25,7566.25,7577.25,7387.75,0.9952904238618524,False,False,False,True,False,True,False,False,False,False,7601.5,7566.25,1,1,True,True,True,False,True,0.8571428571428571,True,9.425,9.2375,0.0008310624179686113,0.0006875068167020629,7584.75,3.825,7687.75,7478.0,84.75,3,2019-08-08 10:01:00-04:00,2019-08-08 14:42:00-04:00,long,2,326.0,172.0,5.0,target,is,thursday,1.0091778202676867,33.75,1.208806076942157,27.908496732026144,3.472515343551691,0.2,True
2019-08-13 13:45:00+00:00,33,1,8084,7629.0,7656.5,7613.25,7656.25,3809,MNQ.c.0,2019-08-13,585,1,584,7562.850213631446,2019-08-13,7564.665696989075,7631.0,7555.25,75.75,7593.125,17.428571428571427,7566.75,7789.25,7555.25,7740.5,234.0,7567.0,7633.75,7534.75,0.7916666666666666,True,True,False,False,False,False,False,True,True,True,7567.0,7566.75,1,1,True,True,True,False,True,0.8571428571428571,True,20.3,13.8125,0.0016246036498407132,0.0008877320603141183,7528.0,5.375,7742.25,7612.75,72.5,4,2019-08-13 09:46:00-04:00,2019-08-13 16:00:00-04:00,long,1,167.0,204.5,2.5,time_exit,is,tuesday,1.164754098360656,75.75,1.8300608060340386,15.767441860465116,6.630537774546635,0.3333333333333333,True
2019-09-03 13:51:00+00:00,33,1,8084,7662.75,7674.25,7662.75,7670.5,1413,MNQ.c.0,2019-09-03,591,1,591,7635.183455909408,2019-09-03,7636.271430946321,7669.0,7627.5,41.5,7648.25,9.125,7638.5,7676.75,7587.5,7612.0,89.25,7614.0,7671.75,7581.5,0.27450980392156865,False,False,False,False,False,False,False,False,False,False,7638.5,7614.0,1,1,True,True,True,False,True,0.5714285714285714,True,9.375,9.8875,0.0008183425554131723,0.000571283312347029,7619.25,3.7625,7634.0,7619.0,68.0,5,2019-09-03 09:52:00-04:00,2019-09-03 10:04:00-04:00,long,2,-180.0,180.0,5.0,stop,is,tuesday,1.0273972602739727,41.5,1.4324636090823983,0.06644518272425248,3.4618021798916985,0.03614457831325301,True
2019-09-12 14:10:00+00:00,33,1,8084,7935.25,7977.5,7930.25,7972.25,4262,MNQ.c.0,2019-09-12,610,3,610,7932.596092724956,2019-09-12,7933.943506254815,7957.0,7924.5,32.5,7940.75,8.267857142857142,7936.75,7982.0,7909.5,7921.0,72.5,7888.75,7894.25,7811.0,0.15862068965517243,False,False,False,False,False,True,False,False,False,False,7936.75,7888.75,1,1,True,True,True,False,True,0.5714285714285714,True,9.325,7.925,0.0012412681329717538,0.0007530318094285871,7916.0,1.45,7949.0,7881.75,73.25,6,2019-09-12 10:11:00-04:00,2019-09-12 10:51:00-04:00,long,2,-198.0,198.0,5.0,stop,is,thursday,1.1278617710583154,32.5,1.6483608227833675,23.620689655172413,4.833626971001316,0.46923076923076923,True
2019-10-03 15:08:00+00:00,33,1,8107,7589.75,7604.5,7588.25,7600.0,1916,MNQ.c.0,2019-10-03,668,3,668,7547.1744525881395,2019-10-03,7548.594864385576,7586.0,7549.0,37.0,7567.5,10.892857142857142,7567.5,7659.75,7474.75,7656.0,185.0,7570.25,7652.25,7525.5,0.9797297297297297,False,False,False,False,False,False,False,False,False,False,7570.25,7567.5,1,1,True,True,True,False,True,0.8571428571428571,True,11.425,9.8125,0.0004773055172622888,0.0007390243840823334,7575.5,2.4,7589.0,7556.75,45.0,7,2019-10-03 11:09:00-04:00,2019-10-03 16:00:00-04:00,long,2,215.0,215.0,5.0,time_exit,is,thursday,1.0488524590163935,37.0,0.6458589561357599,7.8125,5.23873993522789,0.3783783783783784,True
2019-12-13 15:01:00+00:00,33,1,8107,8480.5,8495.0,8477.0,8493.5,361,MNQ.c.0,2019-12-13,601,4,575,8482.136822108363,2019-12-13,8487.512645344785,8474.5,8440.0,34.5,8457.25,8.553571428571429,8455.75,8521.75,8440.0,8491.0,81.75,8460.5,8497.0,8381.0,0.6238532110091743,False,False,False,False,False,False,False,False,False,False,8460.5,8455.75,1,1,True,True,True,False,True,0.5714285714285714,True,9.65,8.2875,0.0005090776031555337,0.0006703277318739081,8511.5,1.425,8472.25,8477.75,39.75,8,2019-12-13 10:02:00-05:00,2019-12-13 16:00:00-05:00,long,2,-15.0,221.0,5.0,time_exit,is,friday,1.1281837160751567,34.5,0.7594458336557284,23.684210526315788,0.7224560669943063,0.5507246376811594,True
2020-02-03 14:45:00+00:00,33,1,8196,9090.0,9108.5,9090.0,9108.25,2156,MNQ.c.0,2020-02-03,585,0,586,9059.579652705943,2020-02-03,9055.285982923848,9094.5,9035.75,58.75,9065.125,8.660714285714286,9041.5,9155.75,9035.75,9128.5,120.0,9000.25,9184.0,8965.0,0.7729166666666667,False,False,False,True,False,False,True,False,False,False,9041.5,9000.25,1,1,True,True,True,False,True,0.7142857142857143,True,7.425,8.525,0.0007156710811143805,0.0004984557999937871,9049.75,4.4875,9136.25,9061.75,116.75,9,2020-02-03 09:46:00-05:00,2020-02-03 16:00:00-05:00,long,1,37.5,149.0,2.5,time_exit,is,monday,0.8573195876288658,58.75,1.4357764141239822,2.6740947075208914,6.212787926821376,0.23404255319148937,True
2020-03-04 15:22:00+00:00,33,1,8196,8769.75,8784.75,8766.25,8783.5,1847,MNQ.c.0,2020-03-04,622,2,623,8736.88856807688,2020-03-04,8715.123848520838,8783.0,8687.25,95.75,8735.125,14.410714285714286,8745.5,8950.0,8665.5,8917.25,284.5,8606.25,9003.0,8510.75,0.8848857644991213,False,False,False,False,False,False,True,False,False,False,8745.5,8606.25,1,1,True,True,True,False,True,1.0,True,13.125,16.4875,0.001122758848817971,0.0014338650027113915,8746.0,7.3375,8733.25,8937.75,254.5,10,2020-03-04 10:23:00-05:00,2020-03-04 16:00:00-05:00,long,1,265.0,196.0,2.5,time_exit,is,wednesday,0.9107806691449813,95.75,0.783029676221172,26.132879045996592,4.1471509615867905,0.005221932114882507,True
2020-03-24 14:25:00+00:00,33,1,8204,7430.75,7448.0,7424.75,7440.0,1990,MNQ.c.0,2020-03-24,625,1,606,7316.313143809566,2020-03-24,7276.956491188032,7437.0,7327.5,109.5,7382.25,17.553571428571427,7365.75,7537.0,7293.25,7499.25,243.75,6954.5,7141.75,6759.75,0.8451282051282051,True,True,False,False,False,False,False,True,True,True,7365.75,6954.5,1,1,True,True,True,False,True,0.8571428571428571,True,17.3,18.075,0.0011642287390609516,0.0017051976101991845,7323.5,9.1625,7457.25,6855.0,323.75,11,2020-03-24 10:26:00-04:00,2020-03-24 14:04:00-04:00,long,1,-228.5,228.5,2.5,stop,is,tuesday,0.9855544252288913,109.5,0.6827529736714548,51.132332878581174,9.020387762764505,0.0273972602739726,True
2020-03-30 14:04:00+00:00,33,1,8204,7717.5,7726.75,7709.25,7725.25,2043,MNQ.c.0,2020-03-30,604,0,605,7614.217667825728,2020-03-30,7582.321287523047,7712.5,7630.0,82.5,7671.25,17.321428571428573,7659.75,7884.75,7630.0,7858.5,254.75,7582.0,7800.25,7559.75,0.8969578017664377,True,True,True,False,False,False,True,True,True,True,7659.75,7582.0,1,1,True,True,True,False,True,1.0,True,17.825,17.2125,0.0012158696901437163,0.0012141981948837937,7611.0,11.35,7789.75,7597.25,298.5,12,2020-03-30 10:05:00-04:00,2020-03-30 21:06:00-04:00,long,1,377.0,193.0,2.5,target,is,monday,1.0290721649484535,82.5,1.0013766247281257,1.2114537444933922,8.303774145356723,0.15454545454545454,True
2020-03-31 14:14:00+00:00,33,1,8204,7923.5,7940.0,7923.25,7937.75,2209,MNQ.c.0,2020-03-31,614,1,615,7862.693629360514,2020-03-31,7868.500998901453,7875.25,7818.25,57.0,7846.75,13.714285714285714,7844.5,7995.0,7747.25,7776.0,247.75,7858.5,7884.75,7630.0,0.11604439959636731,False,False,False,False,False,True,False,False,False,False,7858.5,7844.5,1,1,True,True,True,False,True,0.8571428571428571,True,14.1,14.175,0.0010892381661427963,0.001112100236891597,7950.25,5.0375,7916.5,7789.75,144.25,13,2020-03-31 10:15:00-04:00,2020-03-31 12:39:00-04:00,long,1,-243.0,243.0,2.5,stop,is,tuesday,1.028125,57.0,0.9794424369401252,31.861042183622832,4.885291082789885,1.0964912280701755,True
2020-04-14 13:48:00+00:00,33,1,8204,8543.75,8551.0,8538.0,8550.5,1405,MNQ.c.0,2020-04-14,588,1,589,8470.269116601494,2020-04-14,8441.886147089981,8539.0,8457.0,82.0,8498.0,11.982142857142858,8486.75,8708.5,8457.0,8674.0,251.5,8322.0,8334.75,8141.25,0.8628230616302187,False,False,False,True,False,True,False,False,False,False,8486.75,8322.0,1,1,True,True,True,False,True,0.8571428571428571,True,11.775,14.2625,0.0008498506005208499,0.0006023896132118981,8447.25,3.875,8601.25,8205.25,168.75,14,2020-04-14 09:49:00-04:00,2020-04-14 16:00:00-04:00,long,1,243.5,191.5,2.5,time_exit,is,tuesday,0.9827123695976155,82.0,1.4107988947377557,62.45161290322581,7.6153446387392805,0.1402439024390244,True
2020-04-23 14:30:00+00:00,33,1,8204,8753.75,8762.25,8752.75,8761.5,925,MNQ.c.0,2020-04-23,630,3,631,8672.660380411106,2020-04-23,8656.349957506545,8744.0,8661.75,82.25,8702.875,8.446428571428571,8676.5,8787.0,8607.5,8619.5,179.5,8641.5,8699.25,8534.25,0.06685236768802229,False,False,False,False,False,False,False,False,False,False,8676.5,8641.5,1,1,True,True,True,False,True,0.5714285714285714,True,8.2,8.6,0.0005741820100932535,0.0007606727175682744,8641.75,4.475,8726.0,8601.25,95.75,15,2020-04-23 10:31:00-04:00,2020-04-23 12:45:00-04:00,long,1,-204.0,204.0,2.5,stop,is,thursday,0.9708245243128963,82.25,0.7548344995582382,9.050279329608939,12.2267491271459,0.2127659574468085,True
2020-05-05 13:48:00+00:00,33,1,8204,8934.25,8946.0,8934.25,8944.5,1860,MNQ.c.0,2020-05-05,588,1,589,8891.76165546885,2020-05-05,8883.353315736773,8942.75,8895.0,47.75,8918.875,9.035714285714286,8907.25,9019.75,8884.75,8917.75,135.0,8813.5,8827.5,8650.5,0.24444444444444444,False,False,False,False,False,True,False,False,False,False,8907.25,8813.5,1,1,True,True,True,False,True,0.5714285714285714,True,9.575,10.55,0.0005209296140325626,0.0005697675662560926,8849.25,5.9625,8992.5,8769.0,120.5,16,2020-05-05 09:49:00-04:00,2020-05-05 15:37:00-04:00,long,2,-204.0,204.0,5.0,stop,is,tuesday,1.059683794466403,47.75,0.9142844290972174,13.459119496855346,5.7958942429599185,0.03664921465968586,True
2020-05-19 13:56:00+00:00,33,1,8204,9362.0,9376.75,9361.25,9373.0,2564,MNQ.c.0,2020-05-19,596,1,597,9340.67786596262,2020-05-19,9337.705315243296,9368.75,9313.5,55.25,9341.125,10.160714285714286,9326.75,9416.75,9288.0,9288.75,128.75,9326.5,9361.5,9236.5,0.005825242718446602,True,False,False,False,False,False,False,True,True,True,9326.75,9326.5,1,1,True,True,True,False,True,0.8571428571428571,True,10.1,11.1875,0.0005693339794681987,0.0006199809114193453,9320.0,5.675,9387.25,9327.0,121.5,17,2020-05-19 09:57:00-04:00,2020-05-19 15:51:00-04:00,long,2,-248.0,248.0,5.0,stop,is,tuesday,0.9940246045694199,55.25,0.9183088849700248,1.2334801762114538,3.1548321570237894,0.07692307692307693,True
2020-05-20 13:46:00+00:00,33,1,8204,9434.25,9443.0,9432.0,9442.5,1499,MNQ.c.0,2020-05-20,586,2,587,9387.160543363325,2020-05-20,9370.970637570308,9442.0,9401.75,40.25,9421.875,11.0,9402.25,9496.5,9401.75,9483.25,94.75,9288.75,9416.75,9288.0,0.8601583113456465,False,False,False,False,False,False,True,False,False,False,9402.25,9288.75,1,1,True,True,True,False,True,1.0,True,10.475,11.0875,0.0005456150078611724,0.00044814648588615544,9391.5,4.35,9489.25,9387.25,126.0,18,2020-05-20 09:47:00-04:00,2020-05-20 16:00:00-04:00,long,2,156.0,172.0,5.0,time_exit,is,wednesday,0.9522727272727273,40.25,1.2174925499689788,0.9770114942528736,6.4513517411221555,0.012422360248447204,True
2020-05-28 14:10:00+00:00,33,1,8204,9461.25,9470.75,9457.25,9469.75,2031,MNQ.c.0,2020-05-28,610,3,611,9401.607293976629,2020-05-28,9409.015470400422,9462.75,9382.25,80.5,9422.5,13.017857142857142,9382.75,9565.5,9382.25,9442.0,183.25,9430.0,9440.0,9173.25,0.32605729877216916,False,False,False,False,False,True,False,False,False,False,9430.0,9382.75,1,1,True,True,True,False,True,0.8571428571428571,True,13.025,12.7125,0.0009179992485543017,0.0008216849298859836,9412.5,4.075,9518.75,9271.75,123.25,19,2020-05-28 10:11:00-04:00,2020-05-28 21:15:00-04:00,long,1,-179.5,179.5,2.5,stop,is,thursday,1.0005486968449933,80.5,1.1172156323734483,34.5398773006135,4.777544117960929,0.08695652173913043,True
2020-05-29 13:46:00+00:00,33,1,8204,9460.75,9474.75,9458.5,9473.25,2347,MNQ.c.0,2020-05-29,586,4,587,9437.237929290675,2020-05-29,9434.019429702257,9464.75,9420.5,44.25,9442.625,15.875,9441.5,9571.0,9372.0,9563.25,199.0,9442.0,9565.5,9382.25,0.9610552763819096,False,False,False,False,False,False,False,False,False,False,9442.0,9441.5,1,1,True,True,True,False,True,0.8571428571428571,True,15.4,15.2875,0.0010817596192054637,0.0006457920402696224,9414.25,4.1375,9446.75,9518.75,82.25,20,2020-05-29 09:47:00-04:00,2020-05-29 10:08:00-04:00,long,2,-219.0,219.0,5.0,stop,is,friday,0.9700787401574803,44.25,1.6750897374854943,25.25679758308157,2.5661861192309283,0.192090395480226,True
2020-06-04 13:45:00+00:00,33,1,8204,9706.25,9715.5,9702.0,9713.75,2535,MNQ.c.0,2020-06-04,585,3,586,9673.407099561964,2020-06-04,9674.380911553177,9707.25,9669.75,37.5,9688.5,9.375,9681.25,9742.5,9572.5,9628.25,170.0,9687.5,9728.25,9640.75,0.32794117647058824,True,True,False,False,False,False,False,True,True,True,9687.5,9681.25,1,1,True,True,True,False,True,0.8571428571428571,True,8.8,9.225,0.0005222990475937479,0.00038465146799798115,9655.5,3.1375,9664.25,9669.75,61.0,21,2020-06-04 09:46:00-04:00,2020-06-04 11:12:00-04:00,long,2,-186.0,186.0,5.0,stop,is,thursday,0.9386666666666668,37.5,1.3578501345963645,4.541832669322709,4.2676518641542875,0.17333333333333334,True
2020-06-05 13:45:00+00:00,33,1,8204,9761.0,9772.0,9759.75,9766.5,2807,MNQ.c.0,2020-06-05,585,4,586,9674.378210231043,2020-06-05,9667.114821539099,9762.75,9653.25,109.5,9708.0,17.107142857142858,9670.5,9846.75,9653.25,9810.75,193.5,9628.25,9742.5,9572.5,0.813953488372093,False,False,False,True,False,False,False,False,False,False,9670.5,9628.25,1,1,True,True,True,False,True,0.8571428571428571,True,15.575,15.0,0.0010660618409154006,0.00077759961072167,9668.25,3.8,9809.0,9664.25,93.0,22,2020-06-05 09:46:00-04:00,2020-06-05 16:00:00-04:00,long,1,85.0,231.0,2.5,time_exit,is,friday,0.910438413361169,109.5,1.3709649879145596,1.0526315789473684,6.625678564060096,0.03424657534246575,True
2020-06-10 18:14:00+00:00,33,1,8204,10110.25,10117.25,10109.25,10116.0,949,MNQ.c.0,2020-06-10,854,2,855,10037.883532105103,2020-06-10,10033.507773755598,10066.0,10023.0,43.0,10044.5,15.303571428571429,10038.25,10155.5,10018.0,10099.5,137.5,9963.0,10007.5,9851.75,0.5927272727272728,False,False,False,False,False,False,False,False,False,False,10038.25,9963.0,1,1,True,True,True,False,True,0.8571428571428571,True,10.6,15.1125,0.0013231478148366023,0.0007059154363461354,9978.5,3.9625,10058.25,9951.75,58.75,23,2020-06-10 14:15:00-04:00,2020-06-10 16:00:00-04:00,long,1,-35.5,189.5,2.5,time_exit,is,wednesday,0.6926487747957992,43.0,1.8743715560114425,6.750788643533123,5.458542679530292,1.1627906976744187,True
2020-06-30 13:47:00+00:00,33,1,13081,10012.0,10024.5,10011.5,10018.75,2586,MNQ.c.0,2020-06-30,587,1,588,9975.574650390638,2020-06-30,9981.25557280943,10012.0,9943.0,69.0,9977.5,12.071428571428571,9949.5,10043.0,9943.0,10034.75,100.0,9959.25,9959.75,9729.0,0.9175,False,False,False,False,False,True,False,False,False,False,9959.25,9949.5,1,1,True,True,True,False,True,0.8571428571428571,True,11.225,12.5125,0.0005112635269247975,0.00044026698145735644,9970.0,4.575,10034.75,9912.25,77.25,24,2020-06-30 09:48:00-04:00,2020-06-30 20:00:00-04:00,long,1,210.5,156.5,2.5,time_exit,is,tuesday,0.9298816568047337,69.0,1.161257937700508,12.62295081967213,2.996557617627948,0.09782608695652174,True
2020-07-02 13:56:00+00:00,33,1,13081,10401.0,10412.0,10399.5,10412.0,937,MNQ.c.0,2020-07-02,596,3,597,10344.688592185601,2020-07-02,10328.2682372258,10410.75,10366.5,44.25,10388.625,9.0,10368.5,10422.5,10317.75,10337.25,104.75,10259.5,10309.0,10125.75,0.18615751789976134,False,False,False,False,False,False,False,False,False,False,10368.5,10259.5,1,1,True,True,True,False,True,0.5714285714285714,True,9.175,9.65,0.000428050624103567,0.00043772821144272874,10319.25,2.325,10372.0,10225.5,88.25,25,2020-07-02 09:57:00-04:00,2020-07-02 10:29:00-04:00,long,2,-191.0,191.0,5.0,stop,is,thursday,1.0194444444444446,44.25,0.977891332826676,40.32258064516129,8.676866608725339,0.02824858757062147,True
2020-07-06 13:55:00+00:00,33,1,13081,10497.75,10509.0,10497.25,10508.0,2375,MNQ.c.0,2020-07-06,595,0,596,10485.067523134612,2020-07-06,10470.28675333196,10500.5,10469.75,30.75,10485.125,9.321428571428571,10470.0,10614.25,10469.75,10592.0,144.5,10325.25,10357.75,10309.0,0.8460207612456747,True,True,False,False,False,False,False,True,True,True,10470.0,10325.25,1,1,True,True,True,False,True,0.8571428571428571,True,9.625,9.9625,0.00043251689430692233,0.0003634154452372846,10471.0,2.45,10593.0,10334.0,170.25,26,2020-07-06 09:56:00-04:00,2020-07-06 11:06:00-04:00,long,3,456.0,241.5,7.5,target,is,monday,1.0325670498084292,30.75,1.1901445025940474,55.91836734693877,3.78552036818465,0.24390243902439024,True
2020-07-07 13:49:00+00:00,33,1,13081,10621.25,10627.75,10621.0,10627.0,1117,MNQ.c.0,2020-07-07,589,1,590,10573.642732523824,2020-07-07,10588.921882942741,10616.5,10556.75,59.75,10586.625,14.839285714285714,10579.5,10694.5,10506.0,10522.5,188.5,10592.0,10614.25,10469.75,0.08753315649867374,False,False,False,False,False,True,False,False,False,False,10592.0,10579.5,1,1,True,True,True,False,True,0.8571428571428571,True,13.9,15.1,0.001133673135063741,0.0006370759559231531,10544.5,3.8,10660.75,10593.0,131.5,27,2020-07-07 09:50:00-04:00,2020-07-07 15:09:00-04:00,long,1,-143.5,143.5,2.5,stop,is,tuesday,0.9367027677496992,59.75,1.7794944614115835,12.763157894736842,2.5217296064409984,0.17573221757322174,True
2020-07-08 13:48:00+00:00,33,1,13081,10614.25,10619.75,10611.25,10617.5,1461,MNQ.c.0,2020-07-08,588,2,589,10561.375279832944,2020-07-08,10559.385076238495,10616.0,10566.5,49.5,10591.25,10.339285714285714,10573.5,10659.75,10512.5,10647.75,147.25,10522.5,10694.5,10506.0,0.9185059422750425,False,False,False,False,False,False,True,False,False,False,10573.5,10522.5,1,1,True,True,True,False,True,1.0,True,10.675,10.8125,0.000549793378292433,0.00035976212682814815,10533.25,4.9875,10587.0,10660.75,80.5,28,2020-07-08 09:49:00-04:00,2020-07-08 11:18:00-04:00,long,2,-211.0,211.0,5.0,stop,is,wednesday,1.032469775474957,49.5,1.5282136091969996,25.56390977443609,5.374790636902154,0.030303030303030304,True
2020-07-20 14:05:00+00:00,33,1,13081,10697.0,10714.0,10691.0,10713.75,4404,MNQ.c.0,2020-07-20,605,0,606,10636.435844570706,2020-07-20,10627.056393598086,10684.5,10605.75,78.75,10645.125,13.803571428571429,10659.75,10964.0,10605.75,10939.75,358.25,10632.75,10669.0,10538.0,0.9323098394975575,True,True,False,False,False,False,False,True,True,True,10659.75,10632.75,1,1,True,True,True,False,True,0.8571428571428571,True,14.45,13.9,0.0006656764550960728,0.000719145559622872,10615.5,3.775,10802.5,10613.0,111.5,29,2020-07-20 10:06:00-04:00,2020-07-20 15:30:00-04:00,long,1,432.0,220.5,2.5,target,is,monday,1.0468305304010348,78.75,0.9256491209445289,0.6622516556291391,6.2369501008571016,0.37142857142857144,True
2020-07-22 13:53:00+00:00,33,1,13081,10866.5,10887.0,10865.5,10884.25,2878,MNQ.c.0,2020-07-22,593,2,594,10842.958247124772,2020-07-22,10848.528356362376,10874.25,10820.5,53.75,10847.375,14.357142857142858,10837.75,10899.25,10761.75,10843.5,137.5,10832.25,11003.25,10784.75,0.5945454545454546,False,False,False,False,False,False,True,False,False,False,10837.75,10832.25,1,1,True,True,True,False,True,1.0,True,13.45,16.2375,0.0009185034944697847,0.000702425792232011,10803.0,5.4125,10836.75,10848.5,134.25,30,2020-07-22 09:54:00-04:00,2020-07-22 10:47:00-04:00,long,1,-131.5,131.5,2.5,stop,is,wednesday,0.9368159203980099,53.75,1.3076164124770682,8.40646651270208,2.199947260207782,0.18604651162790697,True
2020-07-27 13:49:00+00:00,33,1,13081,10604.5,10618.0,10601.0,10615.75,2986,MNQ.c.0,2020-07-27,589,0,590,10551.41615585378,2020-07-27,10524.658536193578,10610.5,10513.5,97.0,10562.0,13.071428571428571,10546.75,10679.5,10511.5,10663.0,168.0,10471.25,10531.0,10301.25,0.9017857142857143,False,False,False,False,False,False,False,False,False,False,10546.75,10471.25,1,1,True,True,True,False,True,0.8571428571428571,True,12.625,15.4875,0.0007119270448027398,0.0005707909927915988,10542.5,3.325,10566.75,10503.5,143.25,31,2020-07-27 09:50:00-04:00,2020-07-27 11:38:00-04:00,long,1,-209.5,209.5,2.5,stop,is,monday,0.9658469945355191,97.0,1.2472639789231417,11.729323308270676,5.881611868049867,0.05412371134020619,True
2020-08-03 14:00:00+00:00,33,1,13081,11032.75,11057.0,11032.5,11048.75,4177,MNQ.c.0,2020-08-03,600,0,601,10980.873927611014,2020-08-03,10965.104898841946,11042.5,10980.5,62.0,11011.5,12.017857142857142,10987.0,11073.0,10980.5,11033.25,92.5,10896.75,10907.0,10691.0,0.5702702702702702,False,False,False,False,False,True,False,False,False,False,10987.0,10896.75,1,1,True,True,True,False,True,0.8571428571428571,True,12.025,11.525,0.0006025946682201171,0.0004851892672384636,10937.25,3.575,11051.5,10782.75,78.75,32,2020-08-03 10:01:00-04:00,2020-08-03 16:00:00-04:00,long,1,-35.0,141.5,2.5,time_exit,is,monday,1.000594353640416,62.0,1.2419785615825472,43.21678321678321,7.257709428030705,0.10080645161290322,True
2020-08-12 13:48:00+00:00,33,1,13081,11001.75,11026.75,11001.5,11024.0,4910,MNQ.c.0,2020-08-12,588,2,589,10962.84329487714,2020-08-12,10945.114257628098,11006.25,10957.5,48.75,10981.875,12.035714285714286,10957.75,11184.5,10957.5,11130.0,227.0,10864.0,11084.25,10845.25,0.7599118942731278,False,False,False,False,False,False,True,False,False,False,10957.75,10864.0,1,1,True,True,True,False,True,1.0,True,12.425,12.9125,0.0007469823945091511,0.0005722350018882223,10979.25,3.1,11135.75,11031.75,106.75,33,2020-08-12 09:49:00-04:00,2020-08-12 12:21:00-04:00,long,1,267.0,138.0,2.5,target,is,wednesday,1.0323442136498515,48.75,1.3053769728246425,16.93548387096774,6.109254007504501,0.3641025641025641,True
2020-08-20 13:47:00+00:00,33,1,13081,11347.5,11355.0,11344.25,11352.75,2117,MNQ.c.0,2020-08-20,587,3,588,11298.681163755167,2020-08-20,11290.587168204862,11340.5,11266.5,74.0,11303.5,13.517857142857142,11284.25,11496.5,11266.5,11477.75,230.0,11318.0,11437.75,11298.75,0.9184782608695652,False,False,False,False,False,False,True,False,False,False,11318.0,11284.25,1,1,True,True,True,False,True,1.0,True,12.1,13.225,0.0005968547509259626,0.00039023295355163854,11293.0,2.5625,11420.75,11429.0,111.75,34,2020-08-20 09:48:00-04:00,2020-08-20 16:00:00-04:00,long,1,246.5,177.0,2.5,time_exit,is,thursday,0.895112285336856,74.0,1.52948321123009,53.073170731707314,4.700403160312901,0.16554054054054054,True
2020-08-25 15:13:00+00:00,33,1,13081,11668.75,11682.25,11668.25,11679.75,3802,MNQ.c.0,2020-08-25,673,1,674,11626.26202722369,2020-08-25,11629.608127109785,11632.0,11574.75,57.25,11603.375,8.589285714285714,11591.0,11719.75,11574.75,11715.25,145.0,11619.5,11722.5,11528.25,0.9689655172413794,False,False,False,False,False,False,False,False,False,False,11619.5,11591.0,1,1,True,True,True,False,True,0.5714285714285714,True,7.925,8.5,0.00045683263418061433,0.00046328278251210207,11660.25,2.2125,11655.0,11621.0,58.5,35,2020-08-25 11:14:00-04:00,2020-08-25 16:00:00-04:00,long,1,68.0,214.0,2.5,time_exit,is,tuesday,0.9226611226611228,57.25,0.986077297549215,17.740112994350284,5.8990438694371035,0.834061135371179,True
2020-09-01 14:24:00+00:00,33,1,13081,12241.5,12250.0,12239.5,12246.0,1923,MNQ.c.0,2020-09-01,624,1,625,12202.424828314935,2020-09-01,12193.25440797828,12202.5,12125.0,77.5,12163.75,12.017857142857142,12198.75,12307.0,12125.0,12298.75,182.0,12103.0,12165.0,11993.0,0.9546703296703297,False,False,False,False,False,False,False,False,False,False,12198.75,12103.0,1,1,True,True,True,False,True,0.8571428571428571,True,11.775,11.4,0.0007580932571598567,0.0008171979714193135,12236.25,3.325,12220.0,12064.5,145.5,36,2020-09-01 10:25:00-04:00,2020-09-01 16:00:00-04:00,long,1,101.5,247.0,2.5,time_exit,is,tuesday,0.9797919762258545,77.5,0.9276739341914868,51.65413533834586,4.626806317694724,0.5612903225806452,True
2020-09-14 13:45:00+00:00,33,1,13081,11281.0,11293.5,11280.0,11292.0,1666,MNQ.c.0,2020-09-14,585,0,586,11232.143756858773,2020-09-14,11220.586130894942,11284.5,11208.0,76.5,11246.25,21.035714285714285,11243.25,11362.25,11187.25,11279.5,175.0,11091.25,11280.5,10937.5,0.5271428571428571,False,False,False,False,False,False,False,False,False,False,11243.25,11091.25,1,1,True,True,True,False,True,0.8571428571428571,True,20.425,18.0,0.001238253512944286,0.0006935515015975116,11222.25,5.2875,11346.5,11117.25,183.0,37,2020-09-14 09:46:00-04:00,2020-09-14 13:32:00-04:00,long,1,-171.5,171.5,2.5,stop,is,monday,0.970967741935484,76.5,1.7853807685400715,19.858156028368796,3.967437172503196,0.09803921568627451,True
2020-09-15 13:54:00+00:00,33,1,13081,11462.25,11472.5,11462.25,11470.5,616,MNQ.c.0,2020-09-15,594,1,595,11393.912327802916,2020-09-15,11367.489356798022,11462.5,11414.5,48.0,11438.5,12.053571428571429,11431.75,11495.25,11364.0,11454.0,131.25,11279.5,11362.25,11187.25,0.6857142857142857,True,False,False,False,False,False,False,True,True,True,11431.75,11279.5,1,1,True,True,True,False,True,0.8571428571428571,True,11.575,13.275,0.0006226714706261236,0.000501631149404084,11383.75,4.0,11465.0,11346.5,137.75,38,2020-09-15 09:55:00-04:00,2020-09-15 10:24:00-04:00,long,2,-232.0,232.0,5.0,stop,is,tuesday,0.9602962962962962,48.0,1.241293471041083,9.3125,7.759747133859012,0.16666666666666666,True
2020-09-30 13:51:00+00:00,33,1,17706,11354.0,11383.0,11353.0,11380.75,4116,MNQ.c.0,2020-09-30,591,2,592,11267.107702971005,2020-09-30,11286.905172786443,11364.5,11310.25,54.25,11337.375,14.5,11320.0,11525.25,11310.25,11365.25,215.0,11320.5,11386.5,11289.75,0.2558139534883721,True,True,False,False,False,False,False,True,True,True,11320.5,11320.0,1,1,True,True,True,False,True,0.8571428571428571,True,14.05,15.325,0.0008240758534171095,0.0005867701163857511,11188.75,9.5625,11486.5,11324.5,259.25,39,2020-09-30 09:52:00-04:00,2020-09-30 14:09:00-04:00,long,1,282.0,145.5,2.5,target,is,wednesday,0.9689655172413794,54.25,1.4044271008432716,14.196078431372548,6.123642885060844,0.2995391705069124,True
2020-10-05 14:02:00+00:00,33,1,17706,11381.0,11389.25,11381.0,11386.5,2331,MNQ.c.0,2020-10-05,602,0,603,11331.199224406702,2020-10-05,11331.76548971216,11372.0,11321.25,50.75,11346.625,9.517857142857142,11325.25,11496.75,11321.25,11478.0,175.5,11243.5,11468.75,11205.0,0.8931623931623932,False,False,False,False,False,False,True,False,False,False,11325.25,11243.5,1,1,True,True,True,False,True,1.0,True,9.925,9.85,0.0004578437563600189,0.00038889874573417443,11321.25,4.9375,11426.5,11258.25,97.75,40,2020-10-05 10:03:00-04:00,2020-10-05 16:00:00-04:00,long,1,180.0,134.5,2.5,time_exit,is,monday,1.0427767354596624,50.75,1.1772826767432434,12.759493670886076,5.55680307490769,0.2857142857142857,True
2020-10-20 14:06:00+00:00,33,1,17706,11718.25,11725.5,11713.0,11723.75,2561,MNQ.c.0,2020-10-20,606,1,607,11693.195112920459,2020-10-20,11695.637685241718,11702.0,11632.0,70.0,11667.0,15.785714285714286,11666.5,11792.0,11598.75,11625.0,193.25,11644.25,11950.75,11592.0,0.13583441138421734,False,False,False,False,False,False,True,False,False,False,11666.5,11644.25,1,1,True,True,True,False,True,1.0,True,14.6,16.4375,0.0007514813792979381,0.0008516576020554994,11716.5,4.4,11678.5,11785.75,80.25,41,2020-10-20 10:07:00-04:00,2020-10-20 11:00:00-04:00,long,1,-188.0,188.0,2.5,stop,is,tuesday,0.9248868778280542,70.0,0.8823750031517559,15.738636363636362,1.7102548902376933,0.3107142857142857,True
2020-10-21 13:48:00+00:00,33,1,17706,11738.0,11760.0,11738.0,11752.75,4715,MNQ.c.0,2020-10-21,588,2,589,11675.40800458817,2020-10-21,11683.10497116251,11739.75,11655.5,84.25,11697.625,15.053571428571429,11669.5,11779.25,11630.25,11671.0,149.0,11625.0,11792.0,11598.75,0.27348993288590606,False,False,True,False,False,False,True,False,False,False,11669.5,11625.0,1,1,True,True,True,False,True,1.0,True,14.65,15.975,0.0007325633745524243,0.00048806884813862766,11655.25,5.8125,11658.25,11678.5,162.5,42,2020-10-21 09:49:00-04:00,2020-10-21 11:15:00-04:00,long,1,-199.5,199.5,2.5,stop,is,wednesday,0.973190984578885,84.25,1.5009426996749282,4.0,4.359626218309285,0.1543026706231454,True
2020-10-29 13:54:00+00:00,33,1,17706,11228.0,11247.5,11226.5,11245.5,2526,MNQ.c.0,2020-10-29,594,3,595,11224.463850459466,2020-10-29,11222.431086846294,11244.75,11170.25,74.5,11207.5,20.428571428571427,11189.5,11457.75,11170.25,11345.5,287.5,11143.5,11423.0,11124.0,0.6095652173913043,False,False,False,False,False,False,True,False,False,False,11189.5,11143.5,1,1,True,True,True,False,True,1.0,True,21.775,21.85,0.001054643302549696,0.0008048212695412547,11279.0,6.0,11288.5,11241.5,129.75,43,2020-10-29 09:55:00-04:00,2020-10-29 14:00:00-04:00,long,1,300.0,154.5,2.5,target,is,thursday,1.065909090909091,74.5,1.3104068474120212,6.25,1.055785499025427,0.010067114093959731,True
2020-11-02 14:52:00+00:00,33,1,17706,11184.75,11191.5,11180.5,11191.0,2135,MNQ.c.0,2020-11-02,592,0,593,11133.331298936746,2020-11-02,11106.016797744522,11184.5,11108.5,76.0,11146.5,16.178571428571427,11140.0,11212.0,10942.25,11076.0,269.75,11071.25,11281.25,10944.25,0.49582947173308617,False,False,False,False,False,False,False,False,False,False,11140.0,11071.25,1,1,True,True,True,False,True,0.8571428571428571,True,14.975,18.175,0.000817458836846575,0.0006821560993555433,11158.25,7.0375,11126.0,11009.5,182.75,44,2020-11-02 09:53:00-05:00,2020-11-02 10:43:00-05:00,long,1,-169.0,169.0,2.5,stop,is,monday,0.9256070640176601,76.0,1.1983457123946513,21.13676731793961,4.675829560136359,0.08552631578947369,True
2020-11-03 14:59:00+00:00,33,1,17706,11190.25,11201.0,11190.25,11198.25,2395,MNQ.c.0,2020-11-03,599,1,600,11134.983688332075,2020-11-03,11127.378362721298,11152.5,11101.25,51.25,11126.875,10.303571428571429,11143.75,11347.25,11101.25,11239.5,246.0,11076.0,11212.0,10942.25,0.5619918699186992,True,False,False,False,False,False,False,True,True,True,11143.75,11076.0,1,1,True,True,True,False,True,0.8571428571428571,True,10.925,11.5875,0.0005574437475735757,0.0004956334860094103,11152.5,4.6375,11339.0,11126.0,101.75,45,2020-11-03 10:00:00-05:00,2020-11-03 20:52:00-05:00,long,1,390.0,199.5,2.5,target,is,tuesday,1.060311958405546,51.25,1.1247096156916883,5.714285714285714,6.116214651883677,0.8926829268292683,True
2020-11-05 14:51:00+00:00,33,1,17706,12077.5,12085.75,12070.0,12083.25,3327,MNQ.c.0,2020-11-05,591,3,592,12035.081367585964,2020-11-05,11998.072865910495,12054.75,11972.75,82.0,12013.75,17.125,12030.0,12112.0,11972.75,12072.0,139.25,11768.5,11839.75,11556.75,0.7127468581687613,False,False,False,False,False,False,False,False,False,False,12030.0,11768.5,1,1,True,True,True,False,True,0.8571428571428571,True,16.975,18.575,0.000960722874730035,0.0007077054846993942,12032.0,7.15,12069.75,11789.25,276.0,46,2020-11-05 09:52:00-05:00,2020-11-05 22:58:00-05:00,long,1,-225.5,225.5,2.5,stop,is,thursday,0.9912408759124088,82.0,1.3575179159987898,33.951048951048946,4.585579224199449,0.3475609756097561,True
2020-11-11 15:29:00+00:00,33,1,17706,11807.0,11826.75,11807.0,11824.25,2680,MNQ.c.0,2020-11-11,629,2,630,11736.427436878994,2020-11-11,11716.556873930846,11823.5,11702.25,121.25,11762.875,14.928571428571429,11719.25,11899.0,11702.25,11885.5,196.75,11635.25,11749.5,11503.0,0.9313850063532402,False,False,False,False,False,False,False,False,False,False,11719.25,11635.25,1,1,True,True,True,False,True,0.8571428571428571,True,15.15,16.05,0.0007062895450697973,0.0007962412817620281,11720.75,9.75,11797.0,11578.5,184.0,47,2020-11-11 10:30:00-05:00,2020-11-11 16:00:00-05:00,long,1,118.5,249.0,2.5,time_exit,is,wednesday,1.0148325358851675,121.25,0.8870295490166326,14.58974358974359,6.709852091536103,0.006185567010309278,True
2020-11-16 15:25:00+00:00,33,1,17706,11992.75,12006.75,11991.25,12002.75,3149,MNQ.c.0,2020-11-16,625,0,626,11959.234779648428,2020-11-16,11973.179409328772,11981.25,11887.5,93.75,11934.375,12.321428571428571,11915.0,12033.5,11887.5,12014.0,146.0,11934.75,11952.75,11801.75,0.8664383561643836,True,False,True,False,False,True,False,True,True,True,11934.75,11915.0,1,1,True,True,True,False,True,0.8571428571428571,True,12.425,11.625,0.0006255045990209928,0.0008194349489262718,11995.5,5.1375,12024.0,11830.5,111.75,48,2020-11-16 10:26:00-05:00,2020-11-16 16:00:00-05:00,long,1,18.0,236.0,2.5,time_exit,is,monday,1.0084057971014493,93.75,0.7633364916160931,32.11678832116788,2.543706724406733,0.22933333333333333,True
2020-11-23 14:45:00+00:00,33,1,17706,11974.5,12001.75,11974.5,11991.75,6510,MNQ.c.0,2020-11-23,585,0,586,11955.309264621417,2020-11-23,11951.595653525577,11981.75,11945.5,36.25,11963.625,10.910714285714286,11946.25,12001.75,11808.25,11903.0,193.5,11904.0,12015.25,11901.75,0.4896640826873385,False,False,False,False,False,False,True,False,False,False,11946.25,11904.0,1,1,True,True,True,False,True,1.0,True,11.425,10.2625,0.0005460013835095315,0.0003534459702187751,11960.0,4.15,11904.0,11996.5,94.75,49,2020-11-23 09:46:00-05:00,2020-11-23 10:06:00-05:00,long,2,-192.0,192.0,5.0,stop,is,monday,1.0471358428805237,36.25,1.5447944792568125,8.795180722891565,3.9127256004309587,0.27586206896551724,True
2020-12-03 15:05:00+00:00,33,1,17706,12508.5,12517.5,12508.25,12516.5,2135,MNQ.c.0,2020-12-03,605,3,606,12483.658173399006,2020-12-03,12481.471507684731,12503.75,12463.5,40.25,12483.625,9.107142857142858,12464.75,12540.25,12443.5,12467.5,96.75,12463.5,12471.5,12313.75,0.24806201550387597,False,False,False,False,False,True,False,False,False,False,12464.75,12463.5,1,1,True,True,True,False,True,0.5714285714285714,True,9.1,8.9375,0.0004630713179199576,0.00035093119324805256,12467.25,3.625,12484.5,12417.75,41.0,50,2020-12-03 10:06:00-05:00,2020-12-03 11:09:00-05:00,long,2,-219.0,219.0,5.0,stop,is,thursday,0.9992156862745097,40.25,1.3195501763009132,13.655172413793103,3.9192718674426317,0.3167701863354037,True
2020-12-07 14:58:00+00:00,33,1,17706,12574.75,12587.0,12574.5,12585.5,2349,MNQ.c.0,2020-12-07,598,0,599,12537.830835815088,2020-12-07,12537.593300546814,12582.75,12526.0,56.75,12554.375,9.160714285714286,12532.75,12612.25,12526.0,12591.0,86.25,12531.25,12535.5,12448.5,0.7536231884057971,True,True,True,False,False,True,False,True,True,True,12532.75,12531.25,1,1,True,True,True,False,True,0.5714285714285714,True,9.375,9.4875,0.00041764246586781126,0.00026768851330051557,12495.5,3.425,12586.75,12502.5,94.0,51,2020-12-07 09:59:00-05:00,2020-12-07 16:00:00-05:00,long,2,17.0,245.0,5.0,time_exit,is,monday,1.023391812865497,56.75,1.5601807515698392,2.0437956204379564,5.049454487819327,0.048458149779735685,True
2020-12-14 14:46:00+00:00,33,1,17706,12492.0,12502.0,12488.75,12497.25,1293,MNQ.c.0,2020-12-14,586,0,587,12433.007347662684,2020-12-14,12430.20043994508,12496.0,12419.0,77.0,12457.5,11.482142857142858,12421.25,12549.25,12419.0,12462.25,130.25,12357.75,12378.75,12234.25,0.33205374280230326,True,False,True,False,False,True,False,True,True,True,12421.25,12357.75,1,1,True,True,True,False,True,0.8571428571428571,True,9.65,11.225,0.0006401517237627488,0.0003988862588002408,12410.0,1.85,12500.5,12317.75,58.5,52,2020-12-14 09:47:00-05:00,2020-12-14 21:23:00-05:00,long,1,-162.0,162.0,2.5,stop,is,monday,0.8404354587869363,77.0,1.604847772114737,49.86486486486486,5.973234748767949,0.016233766233766232,True
2020-12-22 14:56:00+00:00,33,1,6227,12749.25,12751.0,12746.0,12750.25,2465,MNQ.c.0,2020-12-22,596,1,597,12707.851041865772,2020-12-22,12707.522216545234,12719.5,12678.75,40.75,12699.125,9.196428571428571,12719.0,12754.0,12593.75,12711.25,160.25,12672.25,12703.0,12461.0,0.733229329173167,False,False,False,False,False,True,False,False,False,False,12719.0,12672.25,1,1,True,True,True,False,True,0.5714285714285714,True,9.425,9.5,0.00039312934134583683,0.00039394759400203106,12724.0,3.4125,12692.25,12499.5,96.75,53,2020-12-22 09:57:00-05:00,2020-12-22 11:01:00-05:00,long,1,-147.0,147.0,2.5,stop,is,tuesday,1.0248543689320389,40.75,0.9979229403386329,65.78754578754578,4.497661416291138,0.754601226993865,True
2021-01-05 14:52:00+00:00,33,1,6227,12747.25,12762.0,12746.25,12758.75,3600,MNQ.c.0,2021-01-05,592,1,593,12688.88332296939,2021-01-05,12689.71366805189,12753.0,12650.5,102.5,12701.75,12.303571428571429,12650.5,12802.0,12650.5,12796.75,151.5,12693.0,12941.25,12522.0,0.9653465346534653,False,False,False,True,False,False,False,False,False,False,12693.0,12650.5,1,1,True,True,True,False,True,0.8571428571428571,True,11.65,13.225,0.0006468949416234759,0.0004784012025156741,12696.5,3.6625,12720.0,12779.25,87.0,54,2021-01-05 09:53:00-05:00,2021-01-05 21:52:00-05:00,long,1,-221.5,221.5,2.5,stop,is,tuesday,0.9468795355587809,102.5,1.3522017466130456,22.5938566552901,5.220138521596171,0.05609756097560976,True
2021-01-07 14:55:00+00:00,33,1,6227,12808.5,12821.5,12808.25,12818.0,4230,MNQ.c.0,2021-01-07,595,3,596,12734.436728924878,2021-01-07,12728.22203360044,12810.75,12726.5,84.25,12768.625,11.071428571428571,12727.5,12958.75,12726.5,12925.0,232.25,12603.75,12796.0,12551.75,0.8546824542518837,False,False,False,False,False,False,True,False,False,False,12727.5,12603.75,1,1,True,True,True,False,True,1.0,True,10.8,12.5125,0.0005505447073455456,0.0004437622359643865,12704.5,5.7125,12898.25,12731.25,116.0,55,2021-01-07 09:56:00-05:00,2021-01-07 16:00:00-05:00,long,1,211.0,187.0,2.5,time_exit,is,thursday,0.975483870967742,84.25,1.2406299200947075,4.682713347921225,7.17506224971514,0.08605341246290801,True
2021-01-13 14:51:00+00:00,33,1,6227,12920.0,12937.5,12918.25,12937.25,3562,MNQ.c.0,2021-01-13,591,2,592,12887.250190216195,2021-01-13,12890.311800107373,12916.5,12864.0,52.5,12890.25,15.178571428571429,12889.5,13003.0,12864.0,12966.25,139.0,12879.75,12947.5,12767.0,0.7356115107913669,False,False,False,False,False,False,False,False,False,False,12889.5,12879.75,1,1,True,True,True,False,True,0.8571428571428571,True,15.1,15.1125,0.000798565604832847,0.00046930094256321945,12923.25,2.25,12979.5,12879.0,62.5,56,2021-01-13 09:52:00-05:00,2021-01-13 16:00:00-05:00,long,1,55.0,150.5,2.5,time_exit,is,wednesday,0.9948235294117647,52.5,1.7016066502471863,19.666666666666668,3.105918934168892,0.3952380952380952,True
2021-01-20 15:06:00+00:00,33,1,6227,13184.75,13193.0,13180.5,13191.75,2720,MNQ.c.0,2021-01-20,606,2,607,13126.50342297896,2021-01-20,13111.120357511476,13191.25,13121.0,70.25,13156.125,11.410714285714286,13136.75,13327.25,13121.0,13287.75,206.25,12969.0,13005.75,12848.75,0.8084848484848485,False,False,False,False,False,True,False,False,False,False,13136.75,12969.0,1,1,True,True,True,False,True,0.8571428571428571,True,10.725,11.425,0.0005976895823428781,0.0005140293147664867,13065.75,3.2875,13229.5,12883.75,71.75,57,2021-01-20 10:07:00-05:00,2021-01-20 19:57:00-05:00,long,1,284.0,146.5,2.5,target,is,wednesday,0.9399061032863849,70.25,1.1627538842106635,55.361216730038024,7.057299123722016,0.0071174377224199285,True
2021-02-01 15:42:00+00:00,33,1,6227,13094.75,13106.0,13091.25,13103.75,2516,MNQ.c.0,2021-02-01,642,0,643,13037.248120679948,2021-02-01,12987.769609409977,13102.75,13047.25,55.5,13075.0,13.517857142857142,13051.5,13271.75,12970.25,13224.0,301.5,12920.25,13157.0,12830.0,0.8416252072968491,False,False,False,False,False,False,False,False,False,False,13051.5,12920.25,1,1,True,True,True,False,True,0.8571428571428571,True,13.7,12.7375,0.0005603112876106025,0.0007743136164498002,13050.0,6.5125,13060.0,13111.5,336.75,58,2021-02-01 10:43:00-05:00,2021-02-01 11:01:00-05:00,long,2,-236.0,236.0,5.0,stop,is,monday,1.0134742404227213,55.5,0.723623187952718,9.443378119001919,9.105428113053785,0.018018018018018018,True
2021-02-02 14:48:00+00:00,33,1,6227,13401.75,13423.5,13401.5,13416.0,5682,MNQ.c.0,2021-02-02,588,1,589,13353.107189831871,2021-02-02,13339.343358172777,13404.25,13345.0,59.25,13374.625,12.142857142857142,13352.25,13493.5,13345.0,13438.25,148.5,13224.0,13271.75,12970.25,0.6279461279461279,False,False,False,False,False,True,False,False,False,False,13352.25,13224.0,1,1,True,True,True,False,True,0.8571428571428571,True,12.25,12.6125,0.0004467390966506177,0.0003292843800453994,13354.0,4.7125,13405.0,13060.0,141.75,59,2021-02-02 09:49:00-05:00,2021-02-02 16:00:00-05:00,long,1,41.5,146.0,2.5,time_exit,is,tuesday,1.0088235294117647,59.25,1.3566968970378264,62.38726790450928,6.077830868362593,0.19831223628691982,True
2021-02-09 15:01:00+00:00,33,1,6227,13711.5,13717.25,13707.75,13715.0,3615,MNQ.c.0,2021-02-09,601,1,602,13672.632712661074,2021-02-09,13672.778915000588,13684.0,13645.0,39.0,13664.5,8.625,13645.5,13735.25,13645.0,13686.5,90.25,13679.5,13692.5,13596.0,0.4598337950138504,True,True,False,False,False,True,False,True,True,True,13679.5,13645.5,1,1,True,True,True,False,True,0.5714285714285714,True,8.8,8.9875,0.00034280760933437044,0.000324705704658963,13671.25,2.4875,13704.5,13671.0,41.0,60,2021-02-09 10:02:00-05:00,2021-02-09 16:00:00-05:00,long,1,-60.5,144.5,2.5,time_exit,is,tuesday,1.020289855072464,39.0,1.0557486499795863,0.10050251256281408,4.697756328168198,0.7948717948717948,True
2021-02-26 17:08:00+00:00,33,1,6227,13008.5,13034.25,13003.75,13033.25,2905,MNQ.c.0,2021-02-26,728,4,729,12875.588353208805,2021-02-26,12860.562544928644,13031.75,12929.25,102.5,12980.5,18.321428571428573,12952.0,13089.75,12751.5,12901.25,338.25,12841.5,13290.0,12764.0,0.442719881744272,False,False,False,False,False,False,True,False,False,False,12952.0,12841.5,1,1,True,True,True,False,True,1.0,True,20.275,18.4625,0.000873967075094721,0.0009564411097004895,12844.0,10.525,12940.25,13122.0,252.25,61,2021-02-26 12:09:00-05:00,2021-02-26 14:05:00-05:00,long,1,-212.5,212.5,2.5,stop,is,friday,1.1066276803118906,102.5,0.9137698769225893,26.413301662707838,9.353416659247474,0.014634146341463415,True
2021-03-01 15:21:00+00:00,33,1,6227,13135.25,13140.5,13134.75,13138.0,2701,MNQ.c.0,2021-03-01,621,0,622,13084.626580020544,2021-03-01,13073.709441858906,13115.75,13040.25,75.5,13078.0,13.482142857142858,13098.5,13286.75,13040.25,13267.75,246.5,12901.25,13089.75,12751.5,0.922920892494929,True,False,False,False,False,False,False,True,True,True,13098.5,12901.25,1,1,True,True,True,False,True,0.8571428571428571,True,13.1,16.3125,0.0005326920690590342,0.0009049769832698383,13082.25,5.95,13187.5,12940.25,186.0,62,2021-03-01 10:22:00-05:00,2021-03-01 16:00:00-05:00,long,1,255.0,201.0,2.5,time_exit,is,monday,0.9716556291390728,75.5,0.5886249914714136,23.865546218487395,3.941183640833358,0.2947019867549669,True
2021-03-09 14:49:00+00:00,33,1,6227,12647.75,12658.75,12639.75,12658.0,4473,MNQ.c.0,2021-03-09,589,1,590,12546.53731495998,2021-03-09,12503.542939100354,12652.25,12587.0,65.25,12619.625,20.125,12608.75,12867.25,12587.0,12784.0,280.25,12298.5,12715.75,12283.75,0.7029438001784122,False,False,False,False,False,False,True,False,False,False,12608.75,12298.5,1,1,True,True,True,False,True,1.0,True,20.3,22.7875,0.0009048367984485651,0.0007886992363510314,12539.0,5.8875,12699.25,12669.25,223.0,63,2021-03-09 09:50:00-05:00,2021-03-09 13:02:00-05:00,long,1,285.0,147.0,2.5,target,is,tuesday,1.008695652173913,65.25,1.147252028079616,22.123142250530783,6.778148585831947,0.08812260536398467,True
2021-03-11 15:53:00+00:00,33,1,6227,13006.5,13012.5,13002.25,13012.0,2296,MNQ.c.0,2021-03-11,653,3,654,12961.295695035495,2021-03-11,12939.541725915133,13006.75,12931.75,75.0,12969.25,10.589285714285714,12951.25,13119.5,12912.5,13046.25,207.0,12758.25,12979.5,12720.25,0.6461352657004831,True,False,False,False,False,False,True,True,True,True,12951.25,12758.25,1,1,True,True,True,False,True,1.0,True,11.2,10.6375,0.0004464243493088783,0.0007247117854764864,12977.5,5.725,13030.25,12812.0,274.5,64,2021-03-11 10:54:00-05:00,2021-03-11 16:00:00-05:00,long,1,65.0,165.0,2.5,time_exit,is,thursday,1.0576728499156829,75.0,0.6160026071817798,28.90829694323144,6.811588633125011,0.07,True
2021-03-16 13:45:00+00:00,33,1,6227,13199.5,13213.0,13199.25,13211.0,1165,MNQ.c.0,2021-03-16,585,1,586,13150.847023317727,2021-03-16,13135.548890330454,13199.5,13142.25,57.25,13170.875,15.946428571428571,13169.25,13296.75,13087.25,13151.5,209.5,13081.75,13086.75,12880.75,0.30668257756563244,False,False,False,False,False,True,False,False,False,False,13169.25,13081.75,1,1,True,True,True,False,True,0.8571428571428571,True,14.9,14.45,0.000643899675019004,0.0003899614762109685,13128.25,2.9,13261.75,12928.5,121.0,65,2021-03-16 09:46:00-04:00,2021-03-16 14:25:00-04:00,long,1,-142.0,142.0,2.5,stop,is,tuesday,0.9343784994400897,57.25,1.651187910342855,68.87931034482759,5.2215300809374385,0.20087336244541484,True
2021-03-22 13:52:00+00:00,33,1,9485,12991.0,13000.25,12991.0,12998.75,5064,MNQ.c.0,2021-03-22,592,0,593,12938.925825860231,2021-03-22,12920.898453747533,12992.5,12927.75,64.75,12960.125,15.607142857142858,12928.75,13157.0,12927.75,13079.5,229.25,12795.75,13037.0,12774.5,0.6619411123227917,False,False,False,False,False,False,True,False,False,False,12928.75,12795.75,1,1,True,True,True,False,True,1.0,True,12.8,15.425,0.0007595584663419382,0.0005513673419499662,12920.25,7.9125,13083.75,12781.0,144.25,66,2021-03-22 09:53:00-04:00,2021-03-22 12:43:00-04:00,long,1,284.0,146.5,2.5,target,is,monday,0.8201372997711671,64.75,1.3775905980497196,17.59873617693523,5.047101864017277,0.09652509652509653,True
2021-03-26 13:47:00+00:00,33,1,9485,12816.75,12829.0,12816.75,12822.75,5672,MNQ.c.0,2021-03-26,587,4,588,12781.23104118448,2021-03-26,12784.471763787824,12820.75,12754.0,66.75,12787.375,16.535714285714285,12763.75,12975.5,12700.75,12956.5,274.75,12781.25,12837.0,12609.75,0.9308462238398544,False,False,False,False,False,True,False,False,False,False,12781.25,12763.75,1,1,True,True,True,False,True,0.8571428571428571,True,15.025,16.2875,0.0007139681146404579,0.00045353632674658784,12803.75,4.3875,12838.0,12698.0,119.0,67,2021-03-26 09:48:00-04:00,2021-03-26 14:09:00-04:00,long,1,-141.5,141.5,2.5,stop,is,friday,0.9086393088552916,66.75,1.5742247589339973,24.102564102564102,2.350160320010813,0.0299625468164794,True
2021-03-31 13:48:00+00:00,33,1,9485,13011.25,13027.75,13011.25,13027.5,5385,MNQ.c.0,2021-03-31,588,2,589,12945.963881801177,2021-03-31,12934.02309619274,13015.5,12953.0,62.5,12984.25,12.0,12968.25,13158.25,12953.0,13098.0,205.25,12887.0,12916.25,12776.75,0.7064555420219245,True,True,False,False,False,True,False,True,True,True,12968.25,12887.0,1,1,True,True,True,False,True,0.8571428571428571,True,12.35,12.475,0.0005898111185581911,0.0004131288356843579,12896.25,3.225,13127.25,12863.5,66.5,68,2021-03-31 09:49:00-04:00,2021-03-31 16:00:00-04:00,long,1,137.0,154.0,2.5,time_exit,is,wednesday,1.0291666666666666,62.5,1.4276687261036978,10.155038759689923,7.49313858174436,0.192,True
2021-04-05 13:48:00+00:00,33,1,9485,13465.5,13475.0,13465.5,13470.75,4284,MNQ.c.0,2021-04-05,588,0,589,13400.98537047575,2021-04-05,13386.40012093182,13446.0,13409.25,36.75,13427.625,11.267857142857142,13419.75,13614.75,13409.25,13583.5,205.5,13319.0,13325.5,13241.5,0.8479318734793188,True,True,False,False,False,True,False,True,True,True,13419.75,13319.0,1,1,True,True,True,False,True,0.8571428571428571,True,10.675,12.5125,0.0005135583298471601,0.0003870096944863928,13374.0,2.575,13549.0,13349.25,70.25,69,2021-04-05 09:49:00-04:00,2021-04-05 13:55:00-04:00,long,1,248.0,128.5,2.5,target,is,monday,0.9473851030110936,36.75,1.32699086654331,9.611650485436893,6.74124907637807,0.673469387755102,True
2021-04-13 13:53:00+00:00,33,1,9485,13933.5,13945.5,13932.0,13942.5,3804,MNQ.c.0,2021-04-13,593,1,594,13853.682371695359,2021-04-13,13849.710070378442,13939.0,13866.5,72.5,13902.75,11.107142857142858,13877.25,13993.75,13866.5,13973.0,127.25,13820.0,13828.75,13731.75,0.8369351669941061,False,False,True,False,False,True,False,False,False,False,13877.25,13820.0,1,1,True,True,True,False,True,0.8571428571428571,True,11.45,11.8875,0.00041282017291888407,0.00032454232361862266,13805.75,2.3125,13909.25,13784.5,60.5,70,2021-04-13 09:54:00-04:00,2021-04-13 16:00:00-04:00,long,1,58.0,156.0,2.5,time_exit,is,tuesday,1.0308681672025721,72.5,1.2720072017602204,9.18918918918919,7.805672313064838,0.04827586206896552,True
2021-04-21 13:58:00+00:00,33,1,9485,13784.5,13794.0,13779.25,13793.5,3134,MNQ.c.0,2021-04-21,598,2,599,13750.871308926655,2021-04-21,13749.058721510086,13763.75,13700.25,63.5,13732.0,13.535714285714286,13747.0,13926.75,13700.25,13901.5,226.5,13746.5,13929.75,13719.0,0.8885209713024282,False,False,False,False,False,False,True,False,False,False,13747.0,13746.5,1,1,True,True,True,False,True,1.0,True,11.525,15.275,0.0005207293014246304,0.000539740615831328,13769.75,4.0125,13870.75,13768.5,70.75,71,2021-04-21 09:59:00-04:00,2021-04-21 16:00:00-04:00,long,1,212.5,191.0,2.5,time_exit,is,wednesday,0.8514511873350923,63.5,0.9647769431295888,0.3115264797507788,2.9094126670974867,0.468503937007874,True
2021-04-23 13:51:00+00:00,33,1,9485,13821.5,13828.5,13821.5,13824.25,4551,MNQ.c.0,2021-04-23,591,4,592,13786.481415477347,2021-04-23,13783.130345855501,13822.0,13775.75,46.25,13798.875,11.642857142857142,13776.25,13981.25,13775.75,13922.25,205.5,13752.0,13944.0,13701.75,0.7128953771289538,False,False,False,False,False,False,True,False,False,False,13776.25,13752.0,1,1,True,True,True,False,True,1.0,True,11.625,11.25,0.00047960448322371897,0.00036122944410143403,13776.75,2.7375,13928.25,13905.5,52.75,72,2021-04-23 09:52:00-04:00,2021-04-23 11:39:00-04:00,long,2,386.0,202.0,5.0,target,is,friday,0.9984662576687117,46.25,1.327700416052034,47.03196347031964,3.655080368399892,0.04864864864864865,True
2021-05-07 14:10:00+00:00,33,1,9485,13764.25,13771.5,13762.25,13769.0,4210,MNQ.c.0,2021-05-07,610,4,611,13707.321618430697,2021-05-07,13699.888551560138,13740.5,13661.75,78.75,13701.125,14.696428571428571,13714.5,13810.5,13661.75,13711.75,148.75,13601.5,13602.75,13389.0,0.33613445378151263,False,False,False,False,False,True,False,False,False,False,13714.5,13601.5,1,1,True,True,True,False,True,0.8571428571428571,True,13.65,16.525,0.00041833816927834306,0.0008063113456083681,13628.5,3.0375,13784.75,13545.75,72.5,73,2021-05-07 10:11:00-04:00,2021-05-07 16:00:00-04:00,long,1,-118.0,219.0,2.5,time_exit,is,friday,0.9287970838396112,78.75,0.5188295706824064,27.242798353909464,4.182235911640679,0.3619047619047619,True
2021-05-13 14:00:00+00:00,33,1,9485,13159.0,13179.75,13159.0,13178.25,7192,MNQ.c.0,2021-05-13,600,3,601,13066.172554236058,2021-05-13,13061.726196059912,13168.75,13110.25,58.5,13139.5,15.589285714285714,13121.25,13225.0,12996.75,13089.5,228.25,13007.75,13231.25,12959.75,0.4063526834611172,False,False,False,False,False,False,True,False,False,False,13121.25,13007.75,1,1,True,True,True,False,True,1.0,True,15.775,16.7125,0.0008307561881367346,0.0007674802613946363,12979.0,7.575,13071.5,13013.25,154.5,74,2021-05-13 10:01:00-04:00,2021-05-13 11:25:00-04:00,long,1,-141.0,141.0,2.5,stop,is,thursday,1.011912943871707,58.5,1.082446324583144,4.521452145214521,6.972254536430118,0.1623931623931624,True
2021-05-14 14:11:00+00:00,33,1,9485,13267.0,13283.0,13262.25,13282.75,5974,MNQ.c.0,2021-05-14,611,4,612,13229.585439278457,2021-05-14,13215.440172479312,13257.25,13208.25,49.0,13232.75,14.732142857142858,13231.5,13426.0,13208.25,13394.25,217.75,13089.5,13225.0,12996.75,0.8541905855338691,True,False,True,False,False,False,False,True,True,True,13231.5,13089.5,1,1,True,True,True,False,True,0.8571428571428571,True,14.225,14.2375,0.0007034778374057984,0.0005783626803182959,13246.75,6.3375,13328.25,13071.5,189.5,75,2021-05-14 10:12:00-04:00,2021-05-14 16:00:00-04:00,long,1,219.5,153.5,2.5,time_exit,is,friday,0.9655757575757575,49.0,1.2163264701288243,27.652859960552266,4.72764372401675,0.5204081632653061,True
2021-05-20 13:47:00+00:00,33,1,9485,13386.25,13396.25,13384.0,13395.0,4463,MNQ.c.0,2021-05-20,587,3,588,13263.811221454987,2021-05-20,13253.146612542023,13393.0,13281.5,111.5,13337.25,13.767857142857142,13292.0,13524.0,13281.5,13484.25,242.5,13235.5,13242.75,12969.5,0.8360824742268042,False,False,False,False,False,True,False,False,False,False,13292.0,13235.5,1,1,True,True,True,False,True,0.8571428571428571,True,14.125,13.45,0.0004565688496742554,0.00034995336391580826,13166.5,5.45,13482.25,13123.5,107.5,76,2021-05-20 09:48:00-04:00,2021-05-20 16:00:00-04:00,long,1,174.5,232.0,2.5,time_exit,is,thursday,1.025940337224384,111.5,1.3046562678108637,7.889908256880734,10.546720257098668,0.017937219730941704,True
2021-05-24 14:00:00+00:00,33,1,9485,13579.0,13590.5,13579.0,13589.75,5210,MNQ.c.0,2021-05-24,600,0,601,13510.938388994226,2021-05-24,13481.148584628741,13583.5,13493.0,90.5,13538.25,9.464285714285714,13509.0,13686.25,13493.0,13638.25,193.25,13419.25,13569.75,13395.5,0.7516170763260026,True,False,False,False,False,False,True,True,True,True,13509.0,13419.25,1,1,True,True,True,False,True,1.0,True,8.9,9.575,0.0004189562074591846,0.00037468760110428073,13482.25,3.825,13656.25,13422.75,133.0,77,2021-05-24 10:01:00-04:00,2021-05-24 16:00:00-04:00,long,1,93.5,198.0,2.5,time_exit,is,monday,0.9403773584905661,90.5,1.1181480417938445,15.555555555555555,11.342184372977396,0.06906077348066299,True
2021-06-04 13:45:00+00:00,33,1,9485,13676.5,13691.25,13676.25,13690.5,3843,MNQ.c.0,2021-06-04,585,4,586,13583.579840511391,2021-06-04,13571.238514027193,13683.0,13605.5,77.5,13644.25,10.857142857142858,13610.0,13784.0,13605.5,13763.75,178.5,13525.75,13609.75,13462.25,0.8865546218487395,False,False,False,False,False,False,False,False,False,False,13610.0,13525.75,1,1,True,True,True,False,True,0.8571428571428571,True,10.8,10.4125,0.000444180547870105,0.0003699628785650932,13524.5,3.925,13749.5,13555.5,79.0,78,2021-06-04 09:46:00-04:00,2021-06-04 16:00:00-04:00,long,1,142.5,175.0,2.5,time_exit,is,friday,0.9947368421052631,77.5,1.200608422101337,7.898089171974522,11.453684127040322,0.0967741935483871,True
2021-06-17 13:51:00+00:00,33,1,9485,14022.0,14032.5,14022.0,14032.5,328,MNQ.c.0,2021-06-17,591,3,590,13936.559960402235,2021-06-17,13927.28952354833,14029.0,13942.5,86.5,13985.75,10.464285714285714,13944.0,14213.0,13942.5,14170.75,270.5,13987.5,14104.0,13834.0,0.8438077634011091,False,False,False,False,False,False,False,False,False,False,13987.5,13944.0,1,1,True,True,True,False,True,0.8571428571428571,True,10.95,11.175,0.0005780092693292233,0.0004364329426980651,13909.75,3.8375,14145.5,14035.0,99.5,79,2021-06-17 09:52:00-04:00,2021-06-17 16:00:00-04:00,long,1,272.5,185.0,2.5,time_exit,is,thursday,1.0464163822525598,86.5,1.3243942259626906,32.63843648208469,9.41480773616732,0.04046242774566474,True
2021-06-23 13:58:00+00:00,33,1,3601,14297.5,14309.5,14295.0,14307.25,4279,MNQ.c.0,2021-06-23,598,2,599,14277.67323768556,2021-06-23,14278.306279795806,14299.75,14253.75,46.0,14276.75,10.196428571428571,14258.25,14316.75,14231.75,14269.5,85.0,14256.0,14279.25,14107.25,0.4441176470588235,True,False,False,False,False,True,False,True,True,True,14258.25,14256.0,1,1,True,True,True,False,True,0.8571428571428571,True,10.125,9.9125,0.00041968928264620337,0.00031665633488049135,14265.5,3.6375,14284.25,14206.5,62.0,80,2021-06-23 09:59:00-04:00,2021-06-23 11:04:00-04:00,long,2,-224.0,224.0,5.0,stop,is,wednesday,0.9929947460595446,46.0,1.3253778194729549,16.219931271477662,2.919921332075016,0.16304347826086957,True
2021-06-28 14:01:00+00:00,33,1,3601,14457.5,14463.75,14455.25,14461.0,2245,MNQ.c.0,2021-06-28,601,0,602,14415.508690725526,2021-06-28,14406.850281652134,14458.5,14391.0,67.5,14424.75,10.232142857142858,14393.75,14519.5,14391.0,14507.5,128.5,14341.0,14390.75,14313.25,0.9066147859922179,True,True,False,False,False,False,False,True,True,True,14393.75,14341.0,1,1,True,True,True,False,True,0.8571428571428571,True,10.1,10.7875,0.00045402034350764303,0.0004075534020874508,14374.5,2.6875,14470.25,14351.75,53.5,81,2021-06-28 10:02:00-04:00,2021-06-28 16:00:00-04:00,long,1,88.5,145.5,2.5,time_exit,is,monday,0.9870855148342058,67.5,1.114014362736743,8.465116279069768,5.019672616256401,0.037037037037037035,True
2021-07-06 14:07:00+00:00,33,1,3601,14773.75,14783.0,14772.75,14778.25,5445,MNQ.c.0,2021-07-06,607,1,608,14739.459008196282,2021-07-06,14735.14003892917,14773.75,14738.75,35.0,14756.25,8.857142857142858,14740.25,14789.75,14625.25,14771.0,164.5,14692.25,14704.25,14688.75,0.8860182370820668,True,True,True,False,False,False,True,True,True,True,14740.25,14692.25,1,1,True,True,True,False,True,0.7142857142857143,True,9.175,8.1125,0.0003531628212985017,0.00031240860260558384,14705.75,2.6625,14706.75,14694.0,52.5,82,2021-07-06 10:08:00-04:00,2021-07-06 10:33:00-04:00,long,3,-249.0,249.0,7.5,stop,is,tuesday,1.0358870967741935,35.0,1.130451653229185,4.413145539906103,5.314016772983635,0.12857142857142856,True
2021-07-13 13:54:00+00:00,33,1,3601,14902.25,14906.25,14898.0,14905.75,2225,MNQ.c.0,2021-07-13,594,1,595,14862.826159534,2021-07-13,14863.72010330307,14881.25,14842.0,39.25,14861.625,11.303571428571429,14853.25,14994.5,14833.75,14872.75,160.75,14874.25,14888.75,14802.25,0.24261275272161742,True,False,False,False,False,True,False,True,True,True,14874.25,14853.25,1,1,True,True,True,False,True,0.8571428571428571,True,10.875,11.7,0.0003750277346142042,0.00041074293189295795,14910.75,3.3625,14986.25,14839.75,66.0,83,2021-07-13 09:55:00-04:00,2021-07-13 14:03:00-04:00,long,1,-131.5,131.5,2.5,stop,is,tuesday,0.962085308056872,39.25,0.9130473235068076,21.115241635687735,3.5922988629854213,0.6242038216560509,True
2021-07-21 13:57:00+00:00,33,1,3601,14743.0,14754.25,14741.5,14750.0,4696,MNQ.c.0,2021-07-21,597,2,598,14719.181649789107,2021-07-21,14719.453648056733,14747.25,14692.0,55.25,14719.625,10.339285714285714,14702.0,14832.5,14692.0,14832.5,140.5,14692.0,14782.25,14516.75,1.0,False,False,False,False,False,False,False,False,False,False,14702.0,14692.0,1,1,True,True,True,False,True,0.8571428571428571,True,10.5,10.7125,0.00042743161585187436,0.0003907105680023699,14747.25,3.1125,14778.0,14705.5,78.25,84,2021-07-21 09:58:00-04:00,2021-07-21 16:00:00-04:00,long,2,324.0,240.0,5.0,time_exit,is,wednesday,1.0155440414507773,55.25,1.093985294631912,13.413654618473897,2.8514680927203666,0.049773755656108594,True
2021-07-22 14:26:00+00:00,33,1,3601,14888.5,14901.5,14886.75,14900.25,3815,MNQ.c.0,2021-07-22,626,3,627,14867.98649211109,2021-07-22,14865.94344865394,14894.75,14839.75,55.0,14867.25,8.357142857142858,14839.75,14947.0,14839.75,14946.25,107.25,14832.5,14832.5,14692.0,0.993006993006993,False,False,False,False,False,True,False,False,False,False,14839.75,14832.5,1,1,True,True,True,False,True,0.5714285714285714,True,8.4,8.5875,0.0003832300873237094,0.00037944216881188967,14857.5,2.2875,14908.75,14778.0,55.25,85,2021-07-22 10:27:00-04:00,2021-07-22 16:00:00-04:00,long,1,88.0,126.0,2.5,time_exit,is,thursday,1.005128205128205,55.0,1.0099828612188266,34.75409836065574,3.994940476979399,0.1,True
2021-07-29 13:46:00+00:00,33,1,3601,15069.0,15079.5,15068.75,15079.25,5521,MNQ.c.0,2021-07-29,586,3,587,15011.284543118885,2021-07-29,15005.103338136829,15069.75,14982.25,87.5,15026.0,12.928571428571429,14983.25,15084.0,14982.25,15044.5,101.75,15006.5,15074.75,14901.5,0.6117936117936118,False,False,True,False,False,False,False,False,False,False,15006.5,14983.25,1,1,True,True,True,False,True,0.8571428571428571,True,11.9,12.95,0.0006714964923496216,0.00043035801086609545,14996.75,2.1125,15051.25,15007.75,80.25,86,2021-07-29 09:47:00-04:00,2021-07-29 16:04:00-04:00,long,1,-198.0,198.0,2.5,stop,is,thursday,0.9204419889502763,87.5,1.5603206525614222,5.207100591715977,5.725610954685033,0.10857142857142857,True
2021-08-13 14:17:00+00:00,33,1,3601,15120.25,15131.5,15120.0,15129.75,3825,MNQ.c.0,2021-08-13,617,4,618,15088.737495896776,2021-08-13,15087.188835046476,15095.25,15068.0,27.25,15081.625,8.428571428571429,15088.75,15141.5,15068.0,15125.0,73.5,15075.0,15090.5,14941.0,0.7755102040816326,False,False,False,False,False,True,False,False,False,False,15088.75,15075.0,1,1,True,True,True,False,True,0.5714285714285714,True,8.475,8.6875,0.000313830440372922,0.0003316085415163093,15085.75,1.6625,15103.75,15061.25,34.75,87,2021-08-13 10:18:00-04:00,2021-08-13 16:00:00-04:00,long,1,-14.0,129.0,2.5,time_exit,is,friday,1.005508474576271,27.25,0.9463882894508828,14.736842105263158,4.899126901125063,1.2660550458715596,True
2021-08-18 13:55:00+00:00,33,1,3601,15019.5,15028.0,15018.25,15026.75,3588,MNQ.c.0,2021-08-18,595,2,596,14997.431275287792,2021-08-18,14995.244238739107,15011.0,14964.25,46.75,14987.625,11.178571428571429,14978.75,15037.0,14842.25,14854.5,194.75,14989.25,15057.75,14897.0,0.06290115532734275,False,False,False,False,False,False,False,False,False,False,14989.25,14978.75,1,1,True,True,True,False,True,0.8571428571428571,True,11.0,12.0625,0.0005451824264366394,0.00036846806697982647,14997.75,3.375,14985.0,14936.75,71.25,88,2021-08-18 09:56:00-04:00,2021-08-18 11:36:00-04:00,long,1,-129.0,129.0,2.5,stop,is,wednesday,0.9840255591054313,46.75,1.479592060460664,18.074074074074073,2.6118765812138895,0.33689839572192515,True
2021-08-20 13:45:00+00:00,33,1,3601,14991.5,15014.75,14988.0,15005.0,9594,MNQ.c.0,2021-08-20,585,4,586,14938.202879870818,2021-08-20,14936.507101671437,14996.0,14959.25,36.75,14977.625,16.964285714285715,14973.5,15100.0,14959.25,15084.25,140.75,14933.5,14999.0,14763.5,0.8880994671403197,False,False,False,False,False,False,False,False,False,False,14973.5,14933.5,1,1,True,True,True,False,True,0.8571428571428571,True,15.825,15.3,0.000700043115379574,0.0004014912853848482,14901.75,4.1375,15013.5,14985.25,105.0,89,2021-08-20 09:46:00-04:00,2021-08-20 15:57:00-04:00,long,2,366.0,192.0,5.0,target,is,friday,0.9328421052631578,36.75,1.7436072484326772,20.181268882175225,4.476660021474683,0.24489795918367346,True
2021-08-23 13:46:00+00:00,33,1,3601,15191.75,15197.75,15191.5,15196.25,3287,MNQ.c.0,2021-08-23,586,0,587,15146.251248990518,2021-08-23,15141.151796321796,15194.0,15124.75,69.25,15159.375,10.178571428571429,15127.25,15338.0,15124.75,15312.0,213.25,15084.25,15100.0,14959.25,0.8780773739742087,True,False,False,False,False,True,False,True,True,True,15127.25,15084.25,1,1,True,True,True,False,True,0.8571428571428571,True,9.175,10.025,0.00038716392800812504,0.00025556702190898065,15124.75,2.3125,15314.25,15013.5,66.25,90,2021-08-23 09:47:00-04:00,2021-08-23 16:00:00-04:00,long,1,228.5,147.0,2.5,time_exit,is,monday,0.9014035087719299,69.25,1.51492131150635,48.108108108108105,5.496080167401925,0.032490974729241874,True
2021-08-27 14:02:00+00:00,33,1,3601,15323.75,15366.0,15323.0,15364.0,8974,MNQ.c.0,2021-08-27,602,4,603,15315.481314770828,2021-08-27,15312.480702536552,15332.25,15284.25,48.0,15308.25,14.517857142857142,15301.0,15443.75,15277.25,15426.25,166.5,15278.25,15364.75,15255.5,0.8948948948948949,False,False,False,False,False,False,True,False,False,False,15301.0,15278.25,1,1,True,True,True,False,True,1.0,True,17.15,12.9375,0.0008330674715280302,0.0005181842595103987,15324.75,2.1875,15413.75,15325.25,71.5,91,2021-08-27 10:03:00-04:00,2021-08-27 16:00:00-04:00,long,1,120.5,164.5,2.5,time_exit,is,friday,1.1813038130381304,48.0,1.6076664936043132,0.22857142857142856,3.982167919880063,0.6614583333333334,True
2021-08-30 13:53:00+00:00,33,1,3601,15512.5,15521.75,15509.75,15521.25,4328,MNQ.c.0,2021-08-30,593,0,594,15477.165298255335,2021-08-30,15468.870525788916,15516.5,15455.25,61.25,15485.875,8.339285714285714,15455.75,15617.75,15455.25,15597.75,162.5,15426.25,15443.75,15277.25,0.8769230769230769,False,False,False,False,False,True,False,False,False,False,15455.75,15426.25,1,1,True,True,True,False,True,0.5714285714285714,True,8.25,8.9625,0.00035467233037868903,0.0002588891499087901,15447.25,1.3375,15590.5,15413.75,39.75,92,2021-08-30 09:54:00-04:00,2021-08-30 16:00:00-04:00,long,1,149.5,136.5,2.5,time_exit,is,monday,0.9892933618843684,61.25,1.3699775772899119,25.04672897196262,5.84429279900519,0.07755102040816327,True
2021-09-01 13:45:00+00:00,33,1,3601,15669.5,15682.0,15668.75,15674.75,4925,MNQ.c.0,2021-09-01,585,2,586,15637.989894771918,2021-09-01,15630.946506975944,15672.75,15622.0,50.75,15647.375,9.732142857142858,15630.0,15698.0,15602.75,15616.25,95.25,15590.5,15609.0,15514.0,0.14173228346456693,True,False,True,False,False,True,False,True,True,True,15630.0,15590.5,1,1,True,True,True,False,True,0.8571428571428571,True,8.625,9.8,0.000525176346323446,0.0002984195623024114,15601.0,3.45,15680.0,15574.75,70.75,93,2021-09-01 09:46:00-04:00,2021-09-01 15:43:00-04:00,long,2,-220.0,220.0,5.0,stop,is,wednesday,0.8862385321100917,50.75,1.759858979322691,7.608695652173913,4.469744186128119,0.03940886699507389,True
2021-09-03 14:00:00+00:00,33,1,3601,15640.25,15659.25,15637.0,15643.5,5353,MNQ.c.0,2021-09-03,600,4,601,15599.60547649185,2021-09-03,15600.750976785379,15610.0,15554.5,55.5,15582.25,13.982142857142858,15555.75,15670.5,15554.5,15647.25,116.0,15604.75,15682.25,15551.25,0.7995689655172413,False,False,False,False,False,False,False,False,False,False,15604.75,15555.75,1,1,True,True,True,False,True,0.8571428571428571,True,14.625,13.2125,0.0005539162184977483,0.0005724535086164728,15615.25,1.625,15630.25,15629.0,36.25,94,2021-09-03 10:01:00-04:00,2021-09-03 16:00:00-04:00,long,1,4.5,182.0,2.5,time_exit,is,friday,1.0459770114942528,55.5,0.9676178242604782,8.461538461538462,3.2354984457612903,0.6036036036036037,True
2021-09-21 13:45:00+00:00,33,1,1447,15081.5,15118.5,15080.75,15112.0,8237,MNQ.c.0,2021-09-21,585,1,586,15089.450979870859,2021-09-21,15078.250522922086,15098.0,15028.0,70.0,15063.0,20.660714285714285,15081.75,15131.75,14974.5,15022.0,157.25,14995.0,15151.5,14807.5,0.302066772655008,False,False,False,False,False,False,False,False,False,False,15081.75,14995.0,1,1,True,True,True,False,True,0.8571428571428571,True,19.85,19.225,0.0009631123489340865,0.0006036992955732089,15117.0,4.4125,15099.75,14955.0,182.0,95,2021-09-21 09:46:00-04:00,2021-09-21 10:06:00-04:00,long,1,-173.5,173.5,2.5,stop,is,tuesday,0.96076058772688,70.0,1.5953511226472727,36.71388101983003,1.7554994578888934,0.2,True
2021-09-22 14:06:00+00:00,33,1,1447,15099.25,15109.75,15097.0,15109.0,3448,MNQ.c.0,2021-09-22,606,2,607,15059.576230903444,2021-09-22,15043.828342319226,15071.5,15014.75,56.75,15043.125,11.875,15061.75,15227.0,15014.75,15159.0,212.25,15022.0,15131.75,14974.5,0.6796230859835101,True,True,True,False,False,False,False,True,True,True,15061.75,15022.0,1,1,True,True,True,False,True,0.8571428571428571,True,12.2,12.125,0.0005126541085540845,0.00043187947852439223,15077.5,3.25,15169.25,15099.75,169.5,96,2021-09-22 10:07:00-04:00,2021-09-22 16:00:00-04:00,long,1,97.5,192.0,2.5,time_exit,is,wednesday,1.0273684210526315,56.75,1.1870304889356538,6.846153846153846,5.37498207676486,0.6607929515418502,True
2021-09-23 13:47:00+00:00,33,1,1447,15262.5,15271.25,15261.75,15268.5,2212,MNQ.c.0,2021-09-23,587,3,588,15231.966072494619,2021-09-23,15226.407426067042,15268.0,15182.0,86.0,15225.0,15.678571428571429,15211.0,15346.75,15182.0,15304.75,164.75,15159.0,15227.0,15014.75,0.7450682852807283,False,False,False,False,False,False,False,False,False,False,15211.0,15159.0,1,1,True,True,True,False,True,0.8571428571428571,True,14.2,15.725,0.0006206968179886456,0.00044140218449946245,15287.0,6.6,15307.0,15169.25,133.5,97,2021-09-23 09:48:00-04:00,2021-09-23 16:00:00-04:00,long,1,67.5,179.0,2.5,time_exit,is,thursday,0.9056947608200455,86.0,1.4061933533303606,17.840909090909093,2.6767932548780764,0.005813953488372093,True
2021-09-29 13:49:00+00:00,33,1,1447,14834.5,14869.5,14832.25,14869.5,7557,MNQ.c.0,2021-09-29,589,2,590,14849.002342134021,2021-09-29,14841.38891866809,14852.75,14787.75,65.0,14820.25,19.303571428571427,14817.75,14906.75,14711.0,14751.0,195.75,14782.75,15031.25,14740.75,0.20434227330779056,False,False,False,False,False,False,True,False,False,False,14817.75,14782.75,1,1,True,True,True,False,True,1.0,True,19.5,20.0125,0.0009708456854562202,0.0005564015219517431,14892.5,4.75,14796.75,14796.5,169.25,98,2021-09-29 09:50:00-04:00,2021-09-29 11:35:00-04:00,long,1,-168.5,168.5,2.5,stop,is,wednesday,1.0101757631822388,65.0,1.744865258546906,20.210526315789473,1.4046761440055016,0.25769230769230766,True
2021-09-30 13:50:00+00:00,33,1,1447,14866.0,14878.75,14865.5,14873.75,6305,MNQ.c.0,2021-09-30,590,3,591,14834.615040076678,2021-09-30,14829.002568309115,14872.0,14806.75,65.25,14839.375,19.410714285714285,14810.0,14878.75,14670.0,14704.25,208.75,14751.0,14906.75,14711.0,0.16407185628742516,False,False,False,False,False,False,True,False,False,False,14810.0,14751.0,1,1,True,True,True,False,True,1.0,True,18.5,19.1125,0.0008117330881966287,0.0005382775751244808,14831.25,4.7375,14753.75,14796.75,129.5,99,2021-09-30 09:51:00-04:00,2021-09-30 10:07:00-04:00,long,1,-139.0,139.0,2.5,stop,is,thursday,0.953081876724931,65.25,1.5080195157840437,7.282321899736148,2.341265229084876,0.02681992337164751,True
2021-10-05 13:49:00+00:00,33,1,1447,14555.75,14576.25,14555.25,14575.25,4589,MNQ.c.0,2021-10-05,589,1,590,14518.469756537996,2021-10-05,14503.924957647425,14573.5,14496.5,77.0,14535.0,22.892857142857142,14507.0,14754.5,14496.5,14656.75,258.0,14480.0,14720.0,14367.75,0.6211240310077519,False,False,False,False,False,False,False,False,False,False,14507.0,14480.0,1,1,True,True,True,False,True,0.8571428571428571,True,19.65,25.85,0.0011858021391991987,0.0007167749331696332,14540.5,4.0375,14693.25,14445.25,139.25,100,2021-10-05 09:50:00-04:00,2021-10-05 13:40:00-04:00,long,1,314.0,161.5,2.5,target,is,tuesday,0.8583463338533541,77.0,1.6543577130348177,23.591331269349848,2.759189259287238,0.022727272727272728,True
2021-10-07 13:59:00+00:00,33,1,1447,14936.75,14956.0,14935.0,14955.25,4796,MNQ.c.0,2021-10-07,599,3,600,14905.858231322745,2021-10-07,14889.983688119033,14949.0,14859.25,89.75,14904.125,16.160714285714285,14882.0,15001.25,14859.25,14885.0,142.0,14757.0,14765.0,14483.5,0.1813380281690141,False,False,False,True,False,True,False,False,False,False,14882.0,14757.0,1,1,True,True,True,False,True,0.8571428571428571,True,16.8,17.0875,0.0006246893702852213,0.000536149721583903,14890.75,3.275,14999.0,14654.5,145.75,101,2021-10-07 10:00:00-04:00,2021-10-07 16:00:00-04:00,long,1,-144.5,197.0,2.5,time_exit,is,thursday,1.0395580110497238,89.75,1.1651397830437233,72.13740458015268,3.8195354429241783,0.06963788300835655,True
2021-10-14 14:05:00+00:00,33,1,1447,14973.25,14978.75,14972.5,14976.5,2302,MNQ.c.0,2021-10-14,605,3,606,14907.685527906653,2021-10-14,14893.714531570107,14951.0,14890.5,60.5,14920.75,9.267857142857142,14919.75,15048.5,14890.5,15041.5,158.0,14765.5,14796.0,14661.25,0.9556962025316456,True,True,False,False,False,True,False,True,True,True,14919.75,14765.5,1,1,True,True,True,False,True,0.8571428571428571,True,8.825,9.9125,0.0003320995128316991,0.0004072825072149956,14891.75,2.425,15017.75,14720.25,129.25,102,2021-10-14 10:06:00-04:00,2021-10-14 16:00:00-04:00,long,1,127.0,176.0,2.5,time_exit,is,thursday,0.9522157996146435,60.5,0.8154033304857627,70.72164948453609,8.351623549043401,0.4214876033057851,True
2021-10-26 14:07:00+00:00,33,1,1447,15654.0,15666.25,15653.25,15665.75,3422,MNQ.c.0,2021-10-26,607,1,608,15614.297923441542,2021-10-26,15605.509140951879,15658.25,15580.25,78.0,15619.25,11.785714285714286,15598.0,15701.0,15502.75,15550.5,198.25,15498.75,15542.75,15322.25,0.2408575031525851,False,False,False,False,False,True,False,False,False,False,15598.0,15498.75,1,1,True,True,True,False,True,0.8571428571428571,True,11.85,11.9875,0.00039727016693629494,0.0004361848412443484,15596.75,2.225,15580.25,15438.75,89.5,103,2021-10-26 10:08:00-04:00,2021-10-26 12:00:00-04:00,long,1,-176.0,176.0,2.5,stop,is,tuesday,1.0054545454545454,78.0,0.9107839827788659,71.01123595505618,5.02530628138652,0.09615384615384616,True
2021-10-27 13:45:00+00:00,33,1,1447,15625.0,15632.5,15619.0,15630.0,4147,MNQ.c.0,2021-10-27,585,2,586,15565.749180458413,2021-10-27,15561.757783085104,15626.0,15558.25,67.75,15592.125,17.464285714285715,15570.5,15717.25,15558.25,15594.75,159.0,15550.5,15701.0,15502.75,0.22955974842767296,False,False,False,False,False,False,True,False,False,False,15570.5,15550.5,1,1,True,True,True,False,True,1.0,True,15.975,16.1125,0.0005833865989106872,0.0003567290822050028,15546.5,4.2875,15660.75,15580.25,72.5,104,2021-10-27 09:46:00-04:00,2021-10-27 16:00:00-04:00,long,1,-74.5,148.5,2.5,time_exit,is,wednesday,0.914723926380368,67.75,1.6353771755996902,7.871720116618077,4.235358691382208,0.05904059040590406,True
2021-11-02 13:48:00+00:00,33,1,1447,15945.5,15956.25,15945.25,15951.5,3565,MNQ.c.0,2021-11-02,588,1,589,15889.807523367932,2021-11-02,15886.785356359836,15950.0,15864.25,85.75,15907.125,12.839285714285714,15865.75,15980.25,15864.25,15955.25,116.0,15887.75,15898.75,15768.75,0.7844827586206896,True,True,False,False,False,True,False,True,True,True,15887.75,15865.75,1,1,True,True,True,False,True,0.8571428571428571,True,10.5,13.1625,0.0004154431355757041,0.0003041206233616436,15866.75,3.5625,15938.0,15856.0,47.25,105,2021-11-02 09:49:00-04:00,2021-11-02 16:00:00-04:00,long,1,4.5,178.5,2.5,time_exit,is,tuesday,0.8178025034770515,85.75,1.3660472314686853,3.017543859649123,4.916592109414136,0.01749271137026239,True
2021-11-04 13:53:00+00:00,33,1,1447,16232.25,16239.25,16231.5,16238.25,2639,MNQ.c.0,2021-11-04,593,3,594,16190.059664692131,2021-11-04,16185.24898107689,16205.5,16157.0,48.5,16181.25,9.535714285714286,16179.75,16378.5,16157.0,16336.25,221.5,16127.75,16146.0,15935.0,0.809255079006772,False,False,False,False,False,True,False,False,False,False,16179.75,16127.75,1,1,True,True,True,False,True,0.8571428571428571,True,9.7,10.2875,0.0003040506931072934,0.0002694660659313975,16196.0,2.15,16305.25,15983.0,87.75,106,2021-11-04 09:54:00-04:00,2021-11-04 16:00:00-04:00,long,1,192.5,167.0,2.5,time_exit,is,thursday,1.0172284644194756,48.5,1.1283450183471364,99.06976744186046,5.1519823983582675,0.6752577319587629,True
2021-11-16 15:16:00+00:00,33,1,1447,16244.75,16260.25,16240.5,16254.75,4855,MNQ.c.0,2021-11-16,616,1,617,16203.098847869256,2021-11-16,16203.115308095374,16252.0,16149.0,103.0,16200.5,9.339285714285714,16157.0,16323.75,16149.0,16295.25,174.75,16189.0,16253.75,16082.75,0.8369098712446352,False,False,False,False,False,False,False,False,False,False,16189.0,16157.0,1,1,True,True,True,False,True,0.8571428571428571,True,10.425,9.5375,0.00033139913145082333,0.00046790713418324697,16174.25,3.15,16237.25,16171.25,60.25,107,2021-11-16 10:17:00-05:00,2021-11-16 16:00:00-05:00,long,1,77.0,216.5,2.5,time_exit,is,tuesday,1.1162523900573615,103.0,0.7082583428211572,0.9523809523809524,5.413860225911023,0.02669902912621359,True
2021-11-18 16:50:00+00:00,33,1,1447,16467.75,16472.0,16466.5,16470.0,1286,MNQ.c.0,2021-11-18,710,3,711,16379.554966256761,2021-11-18,16377.44483880087,16402.5,16353.5,49.0,16378.0,9.357142857142858,16398.0,16503.5,16303.75,16494.75,199.75,16305.25,16398.75,16269.75,0.9561952440550688,True,False,False,False,False,False,False,True,True,True,16398.0,16305.25,1,1,True,True,True,False,True,0.8571428571428571,True,9.225,10.6125,0.00028105368443140475,0.0003385691959606275,16405.75,2.4375,16356.25,16332.5,90.25,108,2021-11-18 11:51:00-05:00,2021-11-18 16:00:00-05:00,long,1,46.0,237.5,2.5,time_exit,is,thursday,0.9858778625954198,49.0,0.8301218415159326,30.05128205128205,8.721334388610643,1.3775510204081634,True
2021-11-19 14:56:00+00:00,33,1,1447,16583.25,16594.0,16580.0,16590.75,4318,MNQ.c.0,2021-11-19,596,4,597,16551.10443167091,2021-11-19,16549.507993960233,16564.0,16516.25,47.75,16540.125,12.464285714285714,16549.75,16628.5,16516.25,16573.0,112.25,16494.75,16503.5,16303.75,0.5055679287305123,False,False,False,False,False,True,False,False,False,False,16549.75,16494.75,1,1,True,True,True,False,True,0.8571428571428571,True,12.1,12.475,0.0004886364093823506,0.0004357458594243071,16561.25,3.4,16569.25,16356.25,99.75,109,2021-11-19 09:57:00-05:00,2021-11-19 16:00:00-05:00,long,1,-38.5,153.0,2.5,time_exit,is,friday,0.9707736389684815,47.75,1.1213793517806934,60.294117647058826,3.305972428037447,0.5602094240837696,True
2021-11-22 14:49:00+00:00,33,1,1447,16711.0,16731.0,16710.75,16730.0,7306,MNQ.c.0,2021-11-22,589,0,590,16657.10312477824,2021-11-22,16649.5982350806,16711.5,16638.25,73.25,16674.875,12.910714285714286,16638.5,16767.5,16376.5,16383.75,391.0,16573.0,16628.5,16516.25,0.01854219948849105,True,False,False,False,False,False,False,True,True,True,16638.5,16573.0,1,1,True,True,True,False,True,0.8571428571428571,True,13.65,14.4375,0.00047980676657490636,0.00034388347503780555,16645.75,2.6,16697.75,16569.25,66.5,110,2021-11-22 09:50:00-05:00,2021-11-22 11:12:00-05:00,long,1,-188.5,188.5,2.5,stop,is,monday,1.0572614107883818,73.25,1.395259735938628,29.423076923076923,5.568953414330687,0.2525597269624573,True
2021-11-29 14:55:00+00:00,33,1,1447,16276.75,16288.0,16269.0,16284.75,5068,MNQ.c.0,2021-11-29,595,0,596,16227.125733020664,2021-11-29,16218.536493324216,16281.0,16210.0,71.0,16245.5,22.982142857142858,16239.25,16437.75,16208.0,16392.25,229.75,16044.75,16307.5,15988.0,0.8019586507072906,False,False,False,False,False,False,True,False,False,False,16239.25,16044.75,1,1,True,True,True,False,True,1.0,True,22.825,21.9875,0.0010152356625337203,0.0006491711916044908,16206.75,7.0625,16277.25,16092.75,215.75,111,2021-11-29 09:56:00-05:00,2021-11-29 15:16:00-05:00,long,1,299.0,154.0,2.5,target,is,monday,0.9931623931623931,71.0,1.5638951260675402,16.141592920353983,3.011415880649629,0.0528169014084507,True
2021-12-07 14:45:00+00:00,33,1,1447,16164.0,16188.5,16160.5,16181.75,7622,MNQ.c.0,2021-12-07,585,1,586,16096.372446933921,2021-12-07,16053.788720500852,16179.25,16119.0,60.25,16149.125,21.446428571428573,16119.25,16344.25,16119.0,16331.0,225.25,15838.75,15897.0,15559.25,0.9411764705882353,False,False,True,False,False,True,False,False,False,False,16119.25,15838.75,1,1,True,True,True,False,True,0.8571428571428571,True,22.15,18.3,0.0007360223298813076,0.0004263025567624244,16119.5,6.125,16284.25,15728.0,309.0,112,2021-12-07 09:46:00-05:00,2021-12-07 11:37:00-05:00,long,1,253.0,131.0,2.5,target,is,tuesday,1.032805995004163,60.25,1.7265257226488744,63.91836734693877,6.992419644762189,0.04149377593360996,True
2021-12-22 14:45:00+00:00,33,1,7575,16009.75,16018.5,16007.0,16017.0,4853,MNQ.c.0,2021-12-22,585,2,586,15950.687404428125,2021-12-22,15950.21056729124,16012.25,15933.75,78.5,15973.0,18.928571428571427,15962.25,16177.5,15933.75,16164.0,243.75,15964.25,15987.0,15605.25,0.9446153846153846,False,False,False,False,False,True,False,False,False,False,15964.25,15962.25,1,1,True,True,True,False,True,0.8571428571428571,True,17.95,17.825,0.0006796798029847445,0.00040748178316334517,15920.25,5.3,16094.25,15672.25,112.75,113,2021-12-22 09:46:00-05:00,2021-12-22 18:00:00-05:00,long,1,334.0,171.5,2.5,target,is,wednesday,0.9483018867924529,78.5,1.6680004630103544,46.79245283018868,3.7469527466344856,0.06050955414012739,True
2021-12-23 15:00:00+00:00,33,1,7575,16229.75,16253.25,16227.5,16244.5,4073,MNQ.c.0,2021-12-23,600,3,601,16201.65800649762,2021-12-23,16198.230930417665,16237.0,16176.5,60.5,16206.75,15.446428571428571,16183.5,16355.75,16176.5,16301.0,179.25,16164.0,16177.5,15933.75,0.694560669456067,False,False,False,False,False,True,False,False,False,False,16183.5,16164.0,1,1,True,True,True,False,True,0.8571428571428571,True,15.725,15.8125,0.0005297237323173082,0.00045961403705800804,16172.25,2.6875,16293.5,16094.25,49.75,114,2021-12-23 10:01:00-05:00,2021-12-23 16:00:00-05:00,long,1,108.0,142.0,2.5,time_exit,is,thursday,1.018034682080925,60.5,1.1525403699766716,29.023255813953487,2.926107167262283,0.12396694214876033,True
2021-12-27 15:02:00+00:00,33,1,7575,16447.75,16456.0,16443.5,16452.25,3497,MNQ.c.0,2021-12-27,602,0,603,16392.400122009367,2021-12-27,16382.670696816578,16448.25,16344.5,103.75,16396.375,11.821428571428571,16347.0,16569.0,16344.5,16563.5,224.5,16301.0,16355.75,16176.5,0.9755011135857461,False,False,False,False,False,False,False,False,False,False,16347.0,16301.0,1,1,True,True,True,False,True,0.8571428571428571,True,10.875,12.5625,0.0004976761464005825,0.00047057434386751386,16333.0,2.5375,16517.75,16293.5,58.75,115,2021-12-27 10:03:00-05:00,2021-12-27 16:00:00-05:00,long,1,218.0,221.0,2.5,time_exit,is,monday,0.919939577039275,103.75,1.0575930304876522,15.566502463054187,5.538650999675373,0.03855421686746988,True
2021-12-30 15:27:00+00:00,33,1,7575,16556.75,16567.0,16555.75,16565.0,2926,MNQ.c.0,2021-12-30,627,3,628,16506.747474594507,2021-12-30,16502.15842303464,16518.0,16449.5,68.5,16483.75,9.321428571428571,16475.5,16567.5,16411.25,16441.25,156.25,16491.0,16549.25,16387.75,0.192,False,False,False,False,False,False,False,False,False,False,16491.0,16475.5,1,1,True,True,True,False,True,0.8571428571428571,True,8.2,9.2375,0.000273685910447726,0.0004120674750560202,16525.5,3.3625,16522.5,16465.75,85.25,116,2021-12-30 10:28:00-05:00,2021-12-30 15:45:00-05:00,long,1,-236.0,236.0,2.5,stop,is,thursday,0.8796934865900382,68.5,0.664177415144252,17.769516728624538,6.802877073381152,0.6861313868613139,True
2022-01-20 14:47:00+00:00,33,1,7575,15257.75,15265.25,15255.75,15259.0,4496,MNQ.c.0,2022-01-20,587,3,588,15158.003461168673,2022-01-20,15134.186354998606,15258.5,15160.5,98.0,15209.5,21.285714285714285,15168.75,15340.5,14806.0,14814.5,534.5,15046.5,15372.25,15024.75,0.015902712815715623,False,False,False,False,False,False,True,False,False,False,15168.75,15046.5,1,1,True,True,True,False,True,1.0,True,19.525,20.4375,0.0008651918373883242,0.0005618749764556771,15109.75,10.2125,15321.0,15209.5,170.75,117,2022-01-20 09:48:00-05:00,2022-01-20 14:12:00-05:00,long,1,-201.0,201.0,2.5,stop,is,thursday,0.9172818791946309,98.0,1.5398298084851156,9.767441860465116,6.1070896636767475,0.00510204081632653,True
2022-02-11 14:46:00+00:00,33,1,7575,14727.0,14766.75,14726.5,14764.25,11521,MNQ.c.0,2022-02-11,586,4,587,14650.175153166281,2022-02-11,14649.776776786111,14750.5,14656.25,94.25,14703.375,27.446428571428573,14700.25,14766.75,14181.0,14233.0,585.75,14692.75,15029.0,14622.0,0.08877507469056765,False,False,False,False,False,False,True,False,False,False,14700.25,14692.75,1,1,True,True,True,False,True,0.5714285714285714,True,27.275,23.7875,0.0016287346088976493,0.0008779237755887185,14623.5,8.85,14623.5,14894.5,184.75,118,2022-02-11 09:47:00-05:00,2022-02-11 09:57:00-05:00,long,1,-221.5,221.5,2.5,stop,is,friday,0.9937540663630448,94.25,1.8552118693965791,30.621468926553675,4.812326777252277,0.14588859416445624,True
2022-02-14 14:50:00+00:00,33,1,7575,14287.75,14309.0,14285.0,14294.75,6210,MNQ.c.0,2022-02-14,590,0,591,14183.869390772896,2022-02-14,14194.478677992025,14288.25,14182.25,106.0,14235.25,27.375,14208.5,14394.0,14102.25,14251.75,291.75,14233.0,14766.75,14181.0,0.5124250214224507,False,False,False,False,False,False,True,False,False,False,14233.0,14208.5,1,1,True,True,True,False,True,0.5714285714285714,True,24.4,29.625,0.001270965114126238,0.0010247999830309414,14097.0,13.6875,14267.75,14623.5,250.25,119,2022-02-14 09:51:00-05:00,2022-02-14 13:53:00-05:00,long,1,-230.5,230.5,2.5,stop,is,monday,0.8913242009132419,106.0,1.2402079773335282,38.465753424657535,3.3846859749527414,0.06132075471698113,True
2022-04-04 13:49:00+00:00,33,1,13505,14987.75,15008.0,14983.75,15005.0,4946,MNQ.c.0,2022-04-04,589,0,590,14911.602086876705,2022-04-04,14899.344825840422,14995.25,14884.0,111.25,14939.625,17.303571428571427,14895.75,15169.5,14884.0,15165.5,285.5,14847.5,14932.0,14725.5,0.9859894921190894,True,True,False,False,False,False,False,True,True,True,14895.75,14847.5,1,1,True,True,True,False,True,0.8571428571428571,True,17.225,20.2375,0.0007430439256795299,0.000544258521923844,14906.75,4.05,15107.0,14752.75,117.75,120,2022-04-04 09:50:00-04:00,2022-04-04 16:00:00-04:00,long,1,314.5,249.5,2.5,time_exit,is,monday,0.9954592363261096,111.25,1.3652407739120365,38.02469135802469,5.220762157360229,0.08764044943820225,True
2022-04-13 13:45:00+00:00,33,1,13505,14019.75,14036.5,14006.25,14032.25,5441,MNQ.c.0,2022-04-13,585,2,586,14008.82002796507,2022-04-13,14008.238225551688,14029.75,13921.5,108.25,13975.625,25.964285714285715,13953.25,14266.75,13921.5,14211.75,345.25,13928.25,14277.75,13880.0,0.8406951484431572,False,False,False,True,False,False,True,False,False,False,13953.25,13928.25,1,1,True,True,True,False,True,0.5714285714285714,True,21.325,22.8625,0.0011075591296133384,0.0006668399828340707,14055.5,4.975,14144.25,14148.0,158.75,121,2022-04-13 09:46:00-04:00,2022-04-13 15:32:00-04:00,long,1,445.0,227.0,2.5,target,is,wednesday,0.8213204951856946,108.25,1.6609069013921616,18.592964824120603,1.050268975322571,0.023094688221709007,True
2022-05-27 13:55:00+00:00,33,1,13505,12501.5,12523.75,12496.0,12518.25,5266,MNQ.c.0,2022-05-27,595,4,596,12381.42913261647,2022-05-27,12362.8624934898,12514.0,12401.75,112.25,12457.875,22.339285714285715,12407.75,12684.75,12401.75,12679.5,283.0,12274.25,12343.5,11899.0,0.9814487632508834,False,False,False,False,False,True,False,False,False,False,12407.75,12274.25,1,1,True,True,True,False,True,0.8571428571428571,True,21.825,22.4625,0.001074375919273701,0.000780597972131452,12325.75,4.675,12601.5,12223.0,126.0,122,2022-05-27 09:56:00-04:00,2022-05-27 16:00:00-04:00,long,1,317.5,239.0,2.5,time_exit,is,friday,0.976978417266187,112.25,1.3763498723165746,21.97860962566845,6.917640801789658,0.0378619153674833,True
2022-06-15 14:07:00+00:00,33,1,13505,11519.5,11536.5,11517.75,11534.5,1412,MNQ.c.0,2022-06-15,607,2,608,11425.419711131408,2022-06-15,11417.662180688882,11515.25,11428.0,87.25,11471.625,18.25,11456.75,11759.25,11338.75,11598.5,420.5,11313.75,11423.25,11204.75,0.617717003567182,True,False,False,False,False,False,False,True,True,True,11456.75,11313.75,1,1,True,True,True,False,True,0.8571428571428571,True,17.3,18.25,0.0008613119997395325,0.0007877159182623362,11383.5,5.875,11501.5,11330.5,103.25,123,2022-06-15 10:08:00-04:00,2022-06-15 14:04:00-04:00,long,1,-218.0,218.0,2.5,stop,is,wednesday,0.947945205479452,87.25,1.0934297248169693,9.02127659574468,6.402072291020188,0.22063037249283668,True
2022-07-07 13:48:00+00:00,33,1,7688,12023.0,12028.75,12018.25,12024.25,3450,MNQ.c.0,2022-07-07,588,3,589,11943.632405086244,2022-07-07,11929.804561207417,12023.0,11918.25,104.75,11970.625,14.839285714285714,11919.0,12168.75,11918.25,12135.0,250.5,11887.0,11974.0,11753.25,0.8652694610778443,False,False,False,False,False,False,False,False,False,False,11919.0,11887.0,1,1,True,True,True,False,True,0.8571428571428571,True,14.975,18.8125,0.0007310135001363558,0.0007421859126352085,11924.0,5.9375,12088.25,11787.25,126.25,124,2022-07-07 09:49:00-04:00,2022-07-07 16:00:00-04:00,long,1,218.0,216.5,2.5,time_exit,is,thursday,1.0091456077015644,104.75,0.9849466120164099,23.03157894736842,5.02035555043633,0.011933174224343675,True
2022-07-20 14:25:00+00:00,33,1,7688,12358.25,12375.75,12352.75,12375.5,6093,MNQ.c.0,2022-07-20,625,2,626,12301.972021336831,2022-07-20,12305.300213522138,12332.75,12256.0,76.75,12294.375,13.232142857142858,12288.75,12517.5,12256.0,12469.0,261.5,12283.25,12294.5,11992.5,0.8145315487571702,False,False,False,False,False,True,False,False,False,False,12288.75,12283.25,1,1,True,True,True,False,True,0.8571428571428571,True,14.025,14.1,0.0005498244443086311,0.000730611272690498,12303.0,4.4375,12497.25,12181.75,129.0,125,2022-07-20 10:26:00-04:00,2022-07-20 16:00:00-04:00,long,1,184.0,243.0,2.5,time_exit,is,wednesday,1.059919028340081,76.75,0.7525540117713843,27.323943661971832,4.978708260841297,0.5570032573289903,True
2022-07-27 13:45:00+00:00,33,1,7688,12368.25,12381.25,12368.25,12375.75,5085,MNQ.c.0,2022-07-27,585,2,586,12305.163298927608,2022-07-27,12297.138762448752,12375.0,12276.25,98.75,12325.625,18.5,12302.5,12690.0,12276.25,12597.25,413.75,12104.0,12291.25,12070.0,0.7758308157099698,False,False,False,False,False,False,True,False,False,False,12302.5,12104.0,1,1,True,True,True,False,True,1.0,True,16.575,16.925,0.0007855418104419298,0.0004591736064859257,12305.5,3.0,12441.5,12107.5,141.0,126,2022-07-27 09:46:00-04:00,2022-07-27 14:44:00-04:00,long,1,399.0,204.0,2.5,target,is,wednesday,0.8959459459459459,98.75,1.7107730046892573,66.0,4.644681686927476,0.007594936708860759,True
2022-08-03 13:54:00+00:00,33,1,7688,13086.25,13103.75,13085.75,13101.0,6858,MNQ.c.0,2022-08-03,594,2,595,13000.739678808108,2022-08-03,12984.516108656298,13090.0,12989.25,100.75,13039.625,17.446428571428573,12993.25,13310.5,12989.25,13263.75,321.25,12922.0,13097.0,12820.0,0.8544747081712062,False,False,False,False,False,False,False,False,False,False,12993.25,12922.0,1,1,True,True,True,False,True,0.8571428571428571,True,18.45,18.2875,0.0007056699490633387,0.0006540797326418923,12982.75,6.15,13212.25,12977.0,121.5,127,2022-08-03 09:55:00-04:00,2022-08-03 16:00:00-04:00,long,1,322.5,227.5,2.5,time_exit,is,wednesday,1.057523029682702,100.75,1.0788745069550902,0.9349593495934959,6.369590777509312,0.10918114143920596,True
2022-08-11 14:18:00+00:00,33,1,7688,13563.75,13572.25,13561.0,13571.25,4343,MNQ.c.0,2022-08-11,618,3,619,13478.517404263592,2022-08-11,13472.346542435409,13513.5,13456.0,57.5,13484.75,10.0,13489.75,13575.75,13284.75,13329.0,291.0,13390.75,13408.0,13237.5,0.15206185567010308,False,False,False,False,False,True,False,False,False,False,13489.75,13390.75,1,1,True,True,True,False,True,0.8571428571428571,True,9.525,11.65,0.00042339472495175407,0.0006013813668788553,13418.25,4.5875,13396.5,13381.5,112.25,128,2022-08-11 10:19:00-04:00,2022-08-11 11:05:00-04:00,long,1,-235.5,235.5,2.5,stop,is,thursday,0.9525,57.5,0.7040369859630925,8.010899182561307,8.489567172926266,1.0043478260869565,True
2022-08-23 13:50:00+00:00,33,1,7688,12938.75,12972.5,12938.25,12971.5,11243,MNQ.c.0,2022-08-23,590,1,591,12913.68148569952,2022-08-23,12916.790216415522,12952.0,12866.0,86.0,12909.0,22.464285714285715,12898.5,13019.0,12866.0,12901.5,153.0,12912.5,13092.0,12875.5,0.23202614379084968,False,False,False,False,False,False,True,False,False,False,12912.5,12898.5,1,1,True,True,True,False,True,1.0,True,24.425,21.4375,0.0012665583715709351,0.0007314350232333488,12925.25,4.3125,12918.25,12989.5,142.25,129,2022-08-23 09:51:00-04:00,2022-08-23 18:00:00-04:00,long,1,-216.0,216.0,2.5,stop,is,tuesday,1.087281399046105,86.0,1.7316074994222235,14.898550724637682,2.5520598756607775,0.22674418604651161,True
2022-09-07 13:48:00+00:00,33,1,7688,12119.25,12127.75,12114.0,12126.75,4213,MNQ.c.0,2022-09-07,588,2,589,12038.807447535177,2022-09-07,12023.836528444523,12125.5,12035.75,89.75,12080.625,19.25,12039.5,12306.25,12029.5,12258.75,276.75,12011.0,12169.0,11930.0,0.8283649503161699,False,False,False,True,False,False,False,False,False,False,12039.5,12011.0,1,1,True,True,True,False,True,0.8571428571428571,True,18.4,19.95,0.0009308656162380167,0.0006494760411204714,12048.5,5.525,12152.0,12115.5,155.5,130,2022-09-07 09:49:00-04:00,2022-09-07 10:15:00-04:00,long,1,-185.5,185.5,2.5,stop,is,wednesday,0.9558441558441557,89.75,1.4332562824520734,12.126696832579185,5.158570002780821,0.013927576601671309,True
2022-09-09 13:47:00+00:00,33,1,7688,12463.25,12493.75,12460.5,12481.75,5557,MNQ.c.0,2022-09-09,587,4,588,12439.498052068313,2022-09-09,12428.45819743784,12481.0,12415.75,65.25,12448.375,21.517857142857142,12417.0,12614.25,12415.75,12587.5,198.5,12336.25,12379.5,12117.0,0.8652392947103275,False,False,False,False,False,True,False,False,False,False,12417.0,12336.25,1,1,True,True,True,False,True,0.8571428571428571,True,22.1,20.25,0.0007813127830946193,0.0005420895230749135,12450.25,3.975,12543.5,12303.5,126.5,131,2022-09-09 09:48:00-04:00,2022-09-09 16:00:00-04:00,long,1,206.5,138.0,2.5,time_exit,is,friday,1.0270539419087137,65.25,1.4412984384253569,36.91823899371069,2.631693953686925,0.011494252873563218,True
2022-09-12 13:52:00+00:00,33,1,7688,12693.0,12707.25,12691.0,12705.5,2812,MNQ.c.0,2022-09-12,592,0,593,12652.581479710221,2022-09-12,12644.515378597118,12699.25,12641.0,58.25,12670.125,12.392857142857142,12650.0,12756.0,12637.5,12750.5,118.5,12587.5,12614.25,12415.75,0.9535864978902954,True,False,False,False,False,True,False,True,True,True,12650.0,12587.5,1,1,True,True,True,False,True,0.8571428571428571,True,12.075,13.25,0.0006406283821698906,0.0004904798190548533,12680.75,4.5125,12663.5,12543.5,123.75,132,2022-09-12 09:53:00-04:00,2022-09-12 12:10:00-04:00,long,1,-133.5,133.5,2.5,stop,is,monday,0.9743515850144092,58.25,1.306125873648321,30.41551246537396,4.602612936066574,0.1072961373390558,True
2022-10-04 13:48:00+00:00,33,1,20332,11571.5,11587.0,11571.25,11581.25,5579,MNQ.c.0,2022-10-04,588,1,589,11500.117647338202,2022-10-04,11472.53082388977,11574.5,11514.25,60.25,11544.375,14.375,11516.25,11676.25,11514.25,11639.75,162.0,11303.5,11357.75,11040.0,0.7746913580246914,False,False,False,False,False,True,False,False,False,False,11516.25,11303.5,1,1,True,True,True,False,True,0.8571428571428571,True,14.675,14.8375,0.0006498131128968769,0.00046689019878085264,11499.5,6.4625,11646.5,11180.25,222.0,133,2022-10-04 09:49:00-04:00,2022-10-04 16:00:00-04:00,long,1,113.0,139.0,2.5,time_exit,is,tuesday,1.0208695652173914,60.25,1.3917900067160844,49.40038684719536,7.327324421919424,0.11203319502074689,True
2022-10-25 13:45:00+00:00,33,1,20332,11560.25,11587.0,11558.5,11582.0,8593,MNQ.c.0,2022-10-25,585,1,586,11497.710721095897,2022-10-25,11490.505686045195,11571.75,11514.75,57.0,11543.25,17.910714285714285,11515.75,11732.75,11514.75,11695.25,218.0,11482.0,11515.5,11207.75,0.8279816513761468,False,False,False,False,False,True,False,False,False,False,11515.75,11482.0,1,1,True,True,True,False,True,0.8571428571428571,True,18.325,17.65,0.000871380503903147,0.0005800852889965701,11460.75,5.3,11680.75,11422.25,83.0,134,2022-10-25 09:46:00-04:00,2022-10-25 15:30:00-04:00,long,1,271.0,140.0,2.5,target,is,tuesday,1.0231306081754736,57.0,1.5021592866291413,7.264150943396227,5.183813821801982,0.17982456140350878,True
2022-11-23 14:45:00+00:00,33,1,20332,11789.5,11834.0,11781.25,11803.25,8154,MNQ.c.0,2022-11-23,585,2,586,11764.866143029223,2022-11-23,11760.369728730124,11802.0,11744.75,57.25,11773.375,15.214285714285714,11749.75,11892.75,11741.75,11870.75,151.0,11746.5,11759.25,11527.5,0.8543046357615894,False,False,False,True,False,True,False,False,False,False,11749.75,11746.5,1,1,True,True,True,False,True,0.8571428571428571,True,15.95,14.3625,0.0005124814423540574,0.0003727027463178616,11756.75,3.475,11883.75,11649.25,49.75,135,2022-11-23 09:46:00-05:00,2022-11-23 12:57:00-05:00,long,2,-240.0,240.0,5.0,stop,is,wednesday,1.048356807511737,57.25,1.375040692393999,30.93525179856115,2.9855715418538677,0.021834061135371178,True
2022-12-01 14:45:00+00:00,33,1,20332,12099.25,12116.0,12097.5,12110.75,6693,MNQ.c.0,2022-12-01,585,3,586,12061.92645071159,2022-12-01,12061.143178526681,12103.5,12031.5,72.0,12067.5,17.035714285714285,12056.75,12144.75,11943.75,12054.0,201.0,12038.0,12053.25,11498.0,0.5485074626865671,False,False,False,False,False,True,False,False,False,False,12056.75,12038.0,1,1,True,True,True,False,True,0.8571428571428571,True,16.9,16.4,0.000871961176673683,0.0006346725803098596,12012.0,5.45,12065.5,11534.25,89.25,136,2022-12-01 09:46:00-05:00,2022-12-01 10:12:00-05:00,long,1,-163.0,163.0,2.5,stop,is,thursday,0.9920335429769391,72.0,1.373875607242989,87.66055045871559,3.024806187397478,0.10069444444444445,True
2022-12-14 14:57:00+00:00,33,1,20332,11881.25,11891.25,11877.5,11886.25,758,MNQ.c.0,2022-12-14,597,2,598,11845.117274791884,2022-12-14,11848.013255895845,11883.75,11811.0,72.75,11847.375,15.892857142857142,11812.75,11948.5,11611.5,11739.75,337.0,11836.75,12178.75,11727.25,0.3805637982195846,False,False,False,False,False,False,True,False,False,False,11836.75,11812.75,1,1,True,True,True,False,True,1.0,True,16.375,15.1125,0.0007409394942770987,0.0006083256359828507,11835.75,5.9125,11912.75,11979.25,75.75,137,2022-12-14 09:58:00-05:00,2022-12-14 14:00:00-05:00,long,1,-155.0,155.0,2.5,stop,is,wednesday,1.0303370786516854,72.75,1.2179981418668775,24.270613107822413,2.53014022194575,0.03436426116838488,True
2022-12-21 14:48:00+00:00,33,1,8071,11245.5,11269.75,11245.5,11264.5,7834,MNQ.c.0,2022-12-21,588,2,589,11223.095466663533,2022-12-21,11224.759068926727,11238.75,11181.0,57.75,11209.875,15.857142857142858,11217.25,11389.75,11181.0,11335.0,208.75,11186.0,11247.25,11066.25,0.7377245508982035,True,False,False,False,False,False,False,True,True,True,11217.25,11186.0,1,1,True,True,True,False,True,0.8571428571428571,True,15.9,16.575,0.0007073165686611837,0.0005859790661692564,11250.0,3.825,11355.75,11183.25,66.0,138,2022-12-21 09:49:00-05:00,2022-12-21 16:00:00-05:00,long,1,137.5,171.5,2.5,time_exit,is,wednesday,1.0027027027027027,57.75,1.2070679816006937,17.45098039215686,2.3976429003482838,0.4458874458874459,True
2022-12-29 14:58:00+00:00,33,1,8071,10963.25,10971.0,10958.25,10970.0,3077,MNQ.c.0,2022-12-29,598,3,599,10889.086980728136,2022-12-29,10876.86562454044,10968.5,10856.5,112.0,10912.5,12.482142857142858,10885.75,11071.5,10856.5,11034.0,215.0,10772.0,10996.5,10758.25,0.8255813953488372,False,False,False,False,False,False,True,False,False,False,10885.75,10772.0,1,1,True,True,True,False,True,1.0,True,12.6,13.6,0.000617652659208401,0.0006237371092105915,10835.5,3.9625,11034.25,10829.25,67.25,139,2022-12-29 09:59:00-05:00,2022-12-29 16:00:00-05:00,long,1,124.5,231.5,2.5,time_exit,is,thursday,1.009442060085837,112.0,0.9902451691388202,1.5772870662460567,6.848115842614709,0.013392857142857142,True
2023-01-09 14:45:00+00:00,33,1,8071,11242.25,11260.5,11242.0,11254.75,7519,MNQ.c.0,2023-01-09,585,0,586,11182.430453966927,2023-01-09,11176.067447730984,11246.25,11194.5,51.75,11220.375,20.821428571428573,11199.5,11385.5,11161.0,11179.75,224.5,11115.25,11166.0,10766.5,0.08351893095768374,False,False,False,True,False,True,False,False,False,False,11199.5,11115.25,1,1,True,True,True,False,True,0.8571428571428571,True,20.05,18.1125,0.001044999287614038,0.0006323065341410927,11165.25,5.75,11337.75,10984.25,57.75,140,2023-01-09 09:46:00-05:00,2023-01-09 11:14:00-05:00,long,2,482.0,250.0,5.0,target,is,monday,0.9629502572898799,51.75,1.6526782995110678,31.47826086956522,4.344102264679973,0.1642512077294686,True
2023-01-23 14:46:00+00:00,33,1,8071,11753.0,11757.5,11744.0,11755.0,5049,MNQ.c.0,2023-01-23,586,0,587,11695.11447307251,2023-01-23,11691.143085788583,11752.0,11671.75,80.25,11711.875,19.125,11704.0,11983.0,11671.75,11917.75,311.25,11664.0,11686.0,11383.0,0.7903614457831325,False,False,False,False,False,True,False,False,False,False,11704.0,11664.0,1,1,True,True,True,False,True,0.8571428571428571,True,15.5,18.0,0.0011140433101297464,0.0006688160045279125,11668.0,3.6,11877.25,11473.0,55.5,141,2023-01-23 09:47:00-05:00,2023-01-23 11:07:00-05:00,long,1,331.0,170.0,2.5,target,is,monday,0.8104575163398693,80.25,1.665694753994561,54.166666666666664,3.547606345078748,0.037383177570093455,True
2023-01-31 14:50:00+00:00,33,1,8071,12041.25,12055.25,12040.25,12048.5,6112,MNQ.c.0,2023-01-31,590,1,591,11966.603200802101,2023-01-31,11966.795553125867,12038.0,11969.25,68.75,12003.625,22.071428571428573,11974.25,12156.0,11969.25,12144.5,186.75,11982.75,12143.5,11960.0,0.9384203480589023,True,False,False,False,False,False,True,True,True,True,11982.75,11974.25,1,1,True,True,True,False,True,1.0,True,23.675,23.0875,0.0011526278241170268,0.0007416744215806091,11917.5,4.8,12083.5,12023.0,98.0,142,2023-01-31 09:51:00-05:00,2023-01-31 16:00:00-05:00,long,1,188.5,163.0,2.5,time_exit,is,tuesday,1.0726537216828478,68.75,1.554088681743426,21.979166666666668,3.538904033530408,0.15272727272727274,True
2023-02-02 15:30:00+00:00,33,1,8071,12733.75,12767.0,12733.5,12767.0,8170,MNQ.c.0,2023-02-02,630,3,631,12653.966136606572,2023-02-02,12638.274950574025,12736.5,12671.0,65.5,12703.75,17.321428571428573,12681.5,12934.75,12647.5,12846.5,287.25,12404.25,12516.0,12055.0,0.6927763272410792,False,False,False,False,False,True,False,False,False,False,12681.5,12404.25,1,1,True,True,True,False,True,0.8571428571428571,True,15.7,18.1125,0.0010233005368670198,0.0010700101667502969,12573.75,6.1375,12793.75,12082.25,105.25,143,2023-02-02 10:31:00-05:00,2023-02-02 16:20:00-05:00,long,1,-196.0,196.0,2.5,stop,is,thursday,0.9063917525773195,65.5,0.9563465550751374,80.08146639511202,7.1069730531939355,0.46564885496183206,True
2023-02-13 14:58:00+00:00,33,1,8071,12442.5,12463.0,12441.75,12460.75,6838,MNQ.c.0,2023-02-13,598,0,599,12388.061444554052,2023-02-13,12372.345348631894,12428.75,12352.0,76.75,12390.375,16.553571428571427,12402.0,12567.75,12352.0,12545.25,215.75,12341.0,12421.75,12243.0,0.895712630359212,True,False,False,False,False,False,False,True,True,True,12402.0,12341.0,1,1,True,True,True,False,True,0.8571428571428571,True,15.65,18.0,0.0008647990477778074,0.0007054640337484888,12372.5,4.9,12500.5,12337.0,115.0,144,2023-02-13 09:59:00-05:00,2023-02-13 16:00:00-05:00,long,1,165.5,222.0,2.5,time_exit,is,monday,0.9454153182308523,76.75,1.2258584511852302,7.244897959183673,4.911369520450332,0.4169381107491857,True
2023-02-22 14:45:00+00:00,33,1,8071,12153.5,12169.25,12151.25,12168.0,5674,MNQ.c.0,2023-02-22,585,2,586,12121.60941373206,2023-02-22,12121.727984556725,12163.0,12114.25,48.75,12138.625,16.375,12120.0,12190.75,12034.25,12106.75,156.5,12107.0,12291.25,12091.5,0.46325878594249204,False,False,False,False,False,False,True,False,False,False,12120.0,12107.0,1,1,True,True,True,False,True,1.0,True,16.775,15.225,0.0006137983975753833,0.00039012532084086024,12098.75,5.7625,12105.25,12194.75,80.5,145,2023-02-22 09:46:00-05:00,2023-02-22 10:00:00-05:00,long,2,-226.0,226.0,5.0,stop,is,wednesday,1.0244274809160305,48.75,1.5733364762185322,16.65943600867679,3.0392128369967457,0.10256410256410256,True
2023-02-27 15:08:00+00:00,33,1,8071,12161.75,12181.5,12161.25,12179.5,6174,MNQ.c.0,2023-02-27,608,0,609,12102.407724830944,2023-02-27,12090.446308590424,12143.5,12109.5,34.0,12126.5,11.375,12131.25,12189.5,12058.5,12092.0,131.0,11994.75,12043.0,11922.75,0.25572519083969464,True,False,False,False,False,False,False,True,True,True,12131.25,11994.75,1,1,True,True,True,False,True,0.8571428571428571,True,11.625,11.575,0.0005914915283679137,0.0005460815183438659,12067.0,4.0375,12109.25,11937.5,85.5,146,2023-02-27 10:09:00-05:00,2023-02-27 10:36:00-05:00,long,1,-145.0,145.0,2.5,stop,is,monday,1.021978021978022,34.0,1.0831561012388142,32.074303405572756,7.693623447911495,1.0588235294117647,True
2023-03-03 14:52:00+00:00,33,1,8071,12163.75,12181.5,12163.0,12176.0,5090,MNQ.c.0,2023-03-03,592,4,593,12107.423176111079,2023-03-03,12094.442624909127,12146.25,12111.0,35.25,12128.625,12.107142857142858,12134.5,12322.0,12111.0,12308.75,211.0,12065.5,12096.25,11846.25,0.9372037914691943,False,False,False,True,False,True,False,False,False,False,12134.5,12065.5,1,1,True,True,True,False,True,0.8571428571428571,True,11.65,12.0625,0.0005450824741260284,0.00038473043704128994,12076.25,4.525,12190.25,11927.5,77.75,147,2023-03-03 09:53:00-05:00,2023-03-03 14:52:00-05:00,long,1,261.0,135.0,2.5,target,is,friday,0.9622418879056047,35.25,1.4167906192135487,32.872928176795575,6.761233168155307,0.8439716312056738,True
2023-03-06 15:17:00+00:00,33,1,8071,12414.0,12423.25,12413.25,12423.0,3935,MNQ.c.0,2023-03-06,617,0,618,12356.291428140059,2023-03-06,12349.964242955662,12397.0,12352.25,44.75,12374.625,11.035714285714286,12361.0,12485.75,12314.25,12323.5,171.5,12308.75,12322.0,12111.0,0.05393586005830904,False,False,False,False,False,True,False,False,False,False,12361.0,12308.75,1,1,True,True,True,False,True,0.8571428571428571,True,10.925,11.9,0.0004813815686572862,0.000551380007381624,12318.0,4.95,12454.0,12190.25,102.5,148,2023-03-06 10:18:00-05:00,2023-03-06 14:21:00-05:00,long,1,-146.5,146.5,2.5,stop,is,monday,0.989967637540453,44.75,0.8730486456033395,25.808080808080806,6.137458575154413,0.5810055865921788,True
2023-03-09 14:46:00+00:00,33,1,8071,12291.5,12303.25,12290.75,12302.5,5197,MNQ.c.0,2023-03-09,586,3,587,12216.855089232777,2023-03-09,12215.098320921064,12291.25,12230.25,61.0,12260.75,14.732142857142858,12246.25,12353.75,11977.0,12016.5,376.75,12225.0,12254.5,12108.5,0.10484406104844061,True,False,False,False,False,True,False,True,True,True,12246.25,12225.0,1,1,True,True,True,False,True,0.8571428571428571,True,13.5,13.725,0.000686567101838934,0.0005251567680811745,12157.5,5.2625,12304.25,12196.75,89.25,149,2023-03-09 09:47:00-05:00,2023-03-09 12:48:00-05:00,long,1,-149.5,149.5,2.5,stop,is,thursday,0.9163636363636364,61.0,1.3073564763290073,7.458432304038005,6.368064049467072,0.18442622950819673,True
2023-03-14 14:22:00+00:00,33,1,8071,12144.75,12162.5,12143.0,12162.25,1562,MNQ.c.0,2023-03-14,622,1,623,12042.114378260649,2023-03-14,12032.793388100521,12154.25,12070.25,84.0,12112.25,15.589285714285714,12076.75,12223.0,12038.25,12200.5,184.75,11930.25,12086.75,11705.0,0.878213802435724,False,False,False,True,False,False,False,False,False,False,12076.75,11930.25,1,1,True,True,True,False,True,0.8571428571428571,True,15.05,15.15,0.0006692479547906549,0.000633481261540414,11975.0,7.6125,12205.0,12061.5,81.5,150,2023-03-14 10:23:00-04:00,2023-03-14 14:08:00-04:00,long,1,-187.5,187.5,2.5,stop,is,tuesday,0.9654066437571593,84.0,1.056460538648402,11.362889983579638,8.544990884454057,0.09523809523809523,True
2023-03-21 14:00:00+00:00,33,1,4973,12814.75,12828.5,12814.75,12823.5,4836,MNQ.c.0,2023-03-21,600,1,601,12759.921686919433,2023-03-21,12750.187520114068,12814.75,12774.25,40.5,12794.5,11.232142857142858,12775.5,12897.5,12711.75,12878.0,185.75,12687.5,12708.0,12529.25,0.8950201884253028,True,True,False,False,False,True,False,True,True,True,12775.5,12687.5,1,1,True,True,True,False,True,0.8571428571428571,True,10.125,11.4125,0.0005464583937111516,0.0004358337115527388,12709.0,4.5375,12737.5,12621.25,65.75,151,2023-03-21 10:01:00-04:00,2023-03-21 10:06:00-04:00,long,2,-206.0,206.0,5.0,stop,is,tuesday,0.9014308426073132,40.5,1.2538231422353532,19.338842975206614,6.423875565032349,0.21604938271604937,True
2023-03-23 14:00:00+00:00,33,1,4973,12890.5,12910.0,12889.5,12908.0,6821,MNQ.c.0,2023-03-23,600,3,601,12838.31901133097,2023-03-23,12822.665913436547,12892.5,12847.0,45.5,12869.75,15.303571428571429,12855.0,13031.5,12733.5,12832.5,298.0,12708.0,13081.75,12696.0,0.33221476510067116,False,False,False,True,False,False,True,False,False,False,12855.0,12708.0,1,1,True,True,True,False,True,1.0,True,14.575,15.7,0.0007416978165637537,0.0005915788287197477,12826.25,4.5375,12984.5,12930.75,160.0,152,2023-03-23 10:01:00-04:00,2023-03-23 14:25:00-04:00,long,1,-127.0,127.0,2.5,stop,is,thursday,0.9523920653442239,45.5,1.2537599057912243,23.03030303030303,5.435292137799537,0.34065934065934067,True
2023-03-27 13:51:00+00:00,33,1,4973,12956.25,12960.75,12953.0,12959.5,2550,MNQ.c.0,2023-03-27,591,0,592,12920.595112035317,2023-03-27,12922.472735876272,12940.75,12881.75,59.0,12911.25,14.321428571428571,12919.25,12965.25,12765.75,12801.25,199.5,12898.5,12903.5,12726.0,0.17794486215538846,True,True,False,False,False,True,False,True,True,True,12919.25,12898.5,1,1,True,True,True,False,True,0.8571428571428571,True,12.6,14.875,0.0006059559658926554,0.00045619201333340845,12905.25,5.0875,12786.25,12827.0,127.5,153,2023-03-27 09:52:00-04:00,2023-03-27 10:30:00-04:00,long,1,-159.0,159.0,2.5,stop,is,monday,0.8798004987531172,59.0,1.3282914829326304,15.38083538083538,2.489227840250618,0.3177966101694915,True
2023-03-31 13:47:00+00:00,33,1,4973,13139.0,13149.0,13133.75,13141.75,4477,MNQ.c.0,2023-03-31,587,4,588,13102.338764367543,2023-03-31,13104.50425558248,13140.5,13078.0,62.5,13109.25,11.125,13092.0,13311.5,13078.0,13293.75,233.5,13087.75,13112.0,13011.25,0.923982869379015,True,True,False,False,False,True,False,True,True,True,13092.0,13087.75,1,1,True,True,True,False,True,0.8571428571428571,True,11.15,11.4875,0.00036340267158086674,0.0002748076595932127,13093.5,2.6,13214.0,13072.25,67.25,154,2023-03-31 09:48:00-04:00,2023-03-31 15:08:00-04:00,long,1,255.0,132.0,2.5,target,is,friday,1.002247191011236,62.5,1.3223891652758073,8.173076923076923,3.2422846065305544,0.02,True
2023-04-13 14:05:00+00:00,33,1,4973,13076.25,13095.75,13076.25,13081.0,9144,MNQ.c.0,2023-04-13,605,3,606,13024.283462782569,2023-04-13,13016.639865036572,13080.5,13019.75,60.75,13050.125,13.803571428571429,13028.0,13228.5,13019.75,13202.25,208.75,12957.5,13181.0,12938.0,0.874251497005988,False,False,False,True,False,False,True,False,False,False,13028.0,12957.5,1,1,True,True,True,False,True,1.0,True,14.05,13.5375,0.0007730942194306044,0.0005445564474678277,13004.5,5.45,13141.0,13072.75,92.75,155,2023-04-13 10:06:00-04:00,2023-04-13 14:14:00-04:00,long,1,246.0,127.5,2.5,target,is,thursday,1.0178525226390687,60.75,1.4196769187574052,12.522935779816514,4.7542112623031,0.00823045267489712,True
2023-04-14 13:56:00+00:00,33,1,4973,13235.5,13249.5,13234.5,13247.75,3431,MNQ.c.0,2023-04-14,596,4,597,13169.84843755425,2023-04-14,13172.690516804525,13216.0,13133.25,82.75,13174.625,9.982142857142858,13139.25,13255.0,13056.0,13182.75,199.0,13202.25,13228.5,13019.75,0.6369346733668342,False,False,False,False,False,True,False,False,False,False,13202.25,13139.25,1,1,True,True,True,False,True,0.8571428571428571,True,9.375,10.3625,0.0003952213975780516,0.0004162866811341743,13177.0,2.5,13125.75,13141.0,47.0,156,2023-04-14 09:57:00-04:00,2023-04-14 10:29:00-04:00,long,1,-233.0,233.0,2.5,stop,is,friday,0.9391771019677996,82.75,0.9493971714426935,14.4,7.24337594166224,0.38368580060422963,True
2023-04-27 14:15:00+00:00,33,1,4973,13077.25,13085.0,13073.75,13084.75,6969,MNQ.c.0,2023-04-27,615,3,616,13021.433415542833,2023-04-27,13015.37984533416,13052.75,13013.25,39.5,13033.0,10.392857142857142,13040.75,13253.25,13013.25,13223.75,240.0,12891.0,13012.5,12863.0,0.8770833333333333,False,False,True,False,False,False,True,False,False,False,13040.75,12891.0,1,1,True,True,True,False,True,1.0,True,10.575,10.6125,0.00040967502805929867,0.0004549490312453427,12992.25,2.925,13139.0,12994.75,80.0,157,2023-04-27 10:16:00-04:00,2023-04-27 14:33:00-04:00,long,1,286.0,147.5,2.5,target,is,thursday,1.0175257731958762,39.5,0.9004855487611119,0.8547008547008548,6.536645904908309,0.810126582278481,True
2023-04-28 14:13:00+00:00,33,1,4973,13258.75,13263.5,13251.25,13263.25,3045,MNQ.c.0,2023-04-28,613,4,614,13208.708589086564,2023-04-28,13209.069168056178,13244.0,13172.5,71.5,13208.25,12.339285714285714,13220.25,13334.25,13172.5,13332.5,161.75,13223.75,13253.25,13013.25,0.9891808346213292,False,False,False,False,False,True,False,False,False,False,13223.75,13220.25,1,1,True,True,True,False,True,0.8571428571428571,True,12.2,11.8625,0.0004419836770631571,0.000523016250122535,13191.5,4.1875,13260.25,13139.0,61.5,158,2023-04-28 10:14:00-04:00,2023-04-28 16:00:00-04:00,long,1,134.5,186.5,2.5,time_exit,is,friday,0.988712011577424,71.5,0.845066815724381,12.537313432835822,4.567404168077752,0.2692307692307692,True
2023-05-03 13:53:00+00:00,33,1,4973,13232.25,13234.25,13224.5,13231.5,2261,MNQ.c.0,2023-05-03,593,2,594,13207.585232645153,2023-05-03,13203.807483883997,13222.0,13187.5,34.5,13204.75,11.446428571428571,13199.0,13310.0,13092.0,13100.0,218.0,13183.25,13313.25,13111.0,0.03669724770642202,False,False,False,False,False,False,False,False,False,False,13199.0,13183.25,1,1,True,True,True,False,True,0.8571428571428571,True,11.5,11.6375,0.0005637231982825365,0.0003677794579447798,13205.75,2.95,13209.5,13116.5,56.75,159,2023-05-03 09:54:00-04:00,2023-05-03 11:02:00-04:00,long,2,-184.0,184.0,5.0,stop,is,wednesday,1.0046801872074884,34.5,1.53277510775813,30.25423728813559,2.3795932215684976,0.2753623188405797,True
2023-05-05 13:49:00+00:00,33,1,4973,13168.75,13178.25,13168.0,13177.25,4476,MNQ.c.0,2023-05-05,589,4,590,13128.703489911619,2023-05-05,13123.704523636103,13170.75,13124.25,46.5,13147.5,9.446428571428571,13139.0,13358.75,13124.25,13317.5,234.5,13039.5,13131.25,13001.75,0.82409381663113,False,False,False,False,False,False,False,False,False,False,13139.0,13039.5,1,1,True,True,True,False,True,0.8571428571428571,True,9.725,10.9,0.00035239743999643556,0.000339106612362468,13115.5,2.9375,13261.25,13046.25,61.75,160,2023-05-05 09:50:00-04:00,2023-05-05 13:22:00-04:00,long,2,426.0,222.0,5.0,target,is,friday,1.0294896030245746,46.5,1.0391936551793366,23.574468085106382,4.9124290242107564,0.13978494623655913,True
2023-05-10 14:06:00+00:00,33,1,4973,13415.75,13428.0,13414.75,13421.5,5289,MNQ.c.0,2023-05-10,606,2,607,13342.19088851328,2023-05-10,13338.257563808347,13417.75,13321.5,96.25,13369.625,11.035714285714286,13366.75,13448.0,13262.75,13415.5,185.25,13266.25,13317.5,13249.25,0.8245614035087719,True,True,False,False,False,False,True,True,True,True,13366.75,13266.25,1,1,True,True,True,False,True,1.0,True,11.625,11.075,0.0003777933607921286,0.0006060512619658776,13237.0,3.1875,13359.25,13264.0,84.5,161,2023-05-10 10:07:00-04:00,2023-05-10 10:46:00-04:00,long,1,-204.0,204.0,2.5,stop,is,wednesday,1.0533980582524272,96.25,0.6233686562530406,8.470588235294118,7.516247060194385,0.03896103896103896,True
2023-05-16 13:45:00+00:00,33,1,4973,13500.25,13512.0,13499.25,13507.75,5960,MNQ.c.0,2023-05-16,585,1,586,13463.732661787433,2023-05-16,13463.202227244881,13503.25,13434.5,68.75,13468.875,10.357142857142858,13436.25,13554.25,13434.5,13486.0,119.75,13465.5,13479.0,13351.25,0.430062630480167,False,False,True,False,False,True,False,False,False,False,13465.5,13436.25,1,1,True,True,True,False,True,0.8571428571428571,True,10.625,10.0,0.00044105410372406674,0.00033883828294490004,13466.25,2.8625,13536.75,13446.25,53.75,162,2023-05-16 09:46:00-04:00,2023-05-16 16:00:00-04:00,long,1,-47.0,151.0,2.5,time_exit,is,tuesday,1.0258620689655171,68.75,1.3016655021705101,6.986899563318778,4.454777275511878,0.06545454545454546,True
2023-05-18 13:57:00+00:00,33,1,4973,13708.5,13717.25,13707.25,13715.75,4913,MNQ.c.0,2023-05-18,597,3,598,13673.207318492428,2023-05-18,13669.321980507955,13712.0,13652.75,59.25,13682.375,8.75,13653.75,13901.0,13652.75,13898.5,248.25,13638.5,13669.25,13475.0,0.9899295065458208,False,False,False,False,False,True,False,False,False,False,13653.75,13638.5,1,1,True,True,True,False,True,0.5714285714285714,True,8.925,9.6375,0.0003905100054237184,0.00032118703199655917,13664.25,1.9125,13821.5,13553.0,48.75,163,2023-05-18 09:58:00-04:00,2023-05-18 11:46:00-04:00,long,1,251.0,130.0,2.5,target,is,thursday,1.02,59.25,1.2158336623874089,58.169934640522875,4.817433929135644,0.06329113924050633,True
2023-05-22 13:49:00+00:00,33,1,4973,13922.5,13931.75,13922.0,13928.0,4862,MNQ.c.0,2023-05-22,589,0,590,13872.692341035643,2023-05-22,13868.447389064007,13923.75,13847.0,76.75,13885.375,11.232142857142858,13848.25,13946.75,13847.0,13908.5,99.75,13856.0,13929.0,13814.25,0.6165413533834586,True,False,False,False,False,False,False,True,True,True,13856.0,13848.25,1,1,True,True,True,False,True,0.8571428571428571,True,11.45,12.1875,0.000521132634088715,0.0003777252872202028,13856.5,2.525,13896.25,13870.0,85.0,164,2023-05-22 09:50:00-04:00,2023-05-22 16:00:00-04:00,long,1,-42.0,166.0,2.5,time_exit,is,monday,1.0193958664546898,76.75,1.379660435031743,5.346534653465347,4.88636807679939,0.05537459283387622,True
2023-05-26 13:48:00+00:00,33,1,4973,14087.25,14097.0,14084.75,14092.75,4707,MNQ.c.0,2023-05-26,588,4,589,14016.971705951748,2023-05-26,14008.131552485833,14089.75,14014.75,75.0,14052.25,11.303571428571429,14018.0,14368.75,14014.75,14342.5,354.0,13980.0,14031.5,13851.25,0.9258474576271186,False,False,False,False,False,False,False,False,False,False,14018.0,13980.0,1,1,True,True,True,False,True,0.8571428571428571,True,9.975,12.1875,0.0005535700243152587,0.00040124138069508417,13978.0,2.8125,14284.75,13954.75,71.25,165,2023-05-26 09:49:00-04:00,2023-05-26 10:43:00-04:00,long,1,312.0,160.5,2.5,target,is,friday,0.8824644549763032,75.0,1.3796434040683698,8.266666666666667,6.943052103726539,0.04,True
2023-06-01 14:45:00+00:00,33,1,4973,14360.0,14369.75,14355.0,14368.25,4481,MNQ.c.0,2023-06-01,645,3,646,14303.217050423016,2023-06-01,14300.292834603764,14313.75,14252.0,61.75,14282.875,12.821428571428571,14298.25,14528.25,14252.0,14473.75,276.25,14309.75,14412.25,14252.5,0.8027149321266969,False,False,False,False,False,False,False,False,False,False,14309.75,14298.25,1,1,True,True,True,False,True,0.8571428571428571,True,13.575,12.7,0.0005229924867824372,0.0005950992730664129,14296.0,2.975,14437.25,14297.5,85.75,166,2023-06-01 10:46:00-04:00,2023-06-01 16:00:00-04:00,long,1,207.5,237.0,2.5,time_exit,is,thursday,1.0587743732590529,61.75,0.8788323401700263,0.5042016806722689,5.350957905215411,0.8825910931174089,True
2023-06-05 14:52:00+00:00,33,1,4973,14643.0,14653.25,14642.25,14652.75,1812,MNQ.c.0,2023-06-05,652,0,653,14598.200646168387,2023-06-05,14591.306179264306,14651.75,14567.75,84.0,14609.75,10.821428571428571,14568.5,14695.25,14543.75,14587.0,151.5,14581.5,14627.75,14470.0,0.2854785478547855,True,False,False,False,False,False,False,True,True,True,14581.5,14568.5,1,1,True,True,True,False,True,0.8571428571428571,True,10.95,11.325,0.0005822325614187437,0.0005758535189053237,14547.0,2.55,14672.75,14588.5,71.5,167,2023-06-05 10:53:00-04:00,2023-06-05 14:33:00-04:00,long,1,-174.5,174.5,2.5,stop,is,monday,1.011881188118812,84.0,1.0110775436877528,16.27450980392157,5.4255029347191455,0.011904761904761904,True
2023-06-08 14:05:00+00:00,33,1,4973,14388.5,14408.0,14385.25,14403.75,7770,MNQ.c.0,2023-06-08,605,3,606,14339.429086305327,2023-06-08,14337.745293418344,14397.0,14328.0,69.0,14362.5,15.446428571428571,14337.75,14523.5,14328.0,14496.25,195.5,14333.5,14675.5,14305.5,0.860613810741688,False,False,False,True,False,False,True,False,False,False,14337.75,14333.5,1,1,True,True,True,False,True,1.0,True,14.6,15.7625,0.0007189446948443653,0.0006812520491755374,14329.75,2.925,14490.0,14442.0,81.25,168,2023-06-08 10:06:00-04:00,2023-06-08 16:00:00-04:00,long,1,181.0,156.5,2.5,time_exit,is,thursday,0.9452023121387283,69.0,1.0553284877666704,38.37606837606838,4.187451646734727,0.09782608695652174,True
2023-06-09 13:45:00+00:00,33,1,4973,14620.25,14638.5,14620.0,14633.0,5532,MNQ.c.0,2023-06-09,585,4,586,14540.562349172615,2023-06-09,14534.615934196443,14628.5,14556.5,72.0,14592.5,15.375,14561.75,14688.0,14496.0,14563.25,192.0,14496.25,14523.5,14328.0,0.3502604166666667,False,False,True,False,False,True,False,False,False,False,14561.75,14496.25,1,1,True,True,True,False,True,0.8571428571428571,True,14.35,14.6375,0.00048462756215288284,0.00032278315315488855,14516.0,3.3875,14522.25,14490.0,58.75,169,2023-06-09 09:46:00-04:00,2023-06-09 11:28:00-04:00,long,1,-158.0,158.0,2.5,stop,is,friday,0.9333333333333333,72.0,1.5014028997985924,7.675276752767528,6.7213708490901425,0.0625,True
2023-06-14 14:13:00+00:00,33,1,4973,14952.0,14959.75,14951.5,14958.75,225,MNQ.c.0,2023-06-14,613,2,614,14924.990418533282,2023-06-14,14924.041735930605,14919.0,14868.5,50.5,14893.75,10.607142857142858,14910.25,15034.5,14793.0,15022.75,241.5,14905.75,14945.0,14779.5,0.9513457556935818,True,False,False,False,False,True,False,True,True,True,14910.25,14905.75,1,1,True,True,True,False,True,0.8571428571428571,True,10.45,10.75,0.0004014240405925759,0.00041584778954339405,14950.25,3.425,14981.25,14854.25,71.0,170,2023-06-14 10:14:00-04:00,2023-06-14 14:01:00-04:00,long,1,-186.0,186.0,2.5,stop,is,wednesday,0.985185185185185,50.5,0.9653148355876664,28.029197080291972,3.2286757273856024,0.7871287128712872,True
2023-06-20 13:48:00+00:00,33,1,9235,15289.25,15310.25,15288.5,15306.25,6616,MNQ.c.0,2023-06-20,588,1,589,15236.123582111684,2023-06-20,15236.749223756979,15291.25,15204.0,87.25,15247.625,13.946428571428571,15212.5,15310.25,15126.25,15243.5,184.0,15237.75,15253.25,15230.5,0.6372282608695652,True,True,False,False,False,False,False,True,True,True,15237.75,15212.5,1,1,True,True,True,False,True,0.8571428571428571,True,14.05,15.7875,0.0005422450164813828,0.00041422824502506533,15179.75,4.1875,15169.5,15249.0,89.0,171,2023-06-20 09:49:00-04:00,2023-06-20 10:15:00-04:00,long,1,-209.0,209.0,2.5,stop,is,tuesday,1.007426376440461,87.25,1.3090488709879526,16.53731343283582,4.402266111988687,0.17191977077363896,True
2023-06-26 13:47:00+00:00,33,1,9235,15092.0,15103.75,15091.5,15098.5,4234,MNQ.c.0,2023-06-26,587,0,588,15050.096857719447,2023-06-26,15057.714653159368,15090.75,15024.25,66.5,15057.5,12.928571428571429,15036.0,15152.25,14853.5,14876.0,298.75,15059.5,15155.5,14984.75,0.07531380753138076,True,False,True,False,False,False,False,True,True,True,15059.5,15036.0,1,1,True,True,True,False,True,0.8571428571428571,True,12.925,13.9875,0.0006722967482336686,0.00043185850272225453,15024.25,3.425,15010.0,15067.5,116.5,172,2023-06-26 09:48:00-04:00,2023-06-26 11:06:00-04:00,long,1,-154.0,154.0,2.5,stop,is,monday,0.9997237569060774,66.5,1.5567523714267344,12.627737226277373,2.915842490840534,0.11654135338345864,True
2023-06-27 15:36:00+00:00,33,1,9235,14979.25,14995.0,14978.0,14994.0,3875,MNQ.c.0,2023-06-27,696,1,697,14929.424363823437,2023-06-27,14926.319909466185,14970.75,14898.0,72.75,14934.375,9.910714285714286,14917.75,15139.75,14888.25,15100.5,251.5,14876.0,15152.25,14853.5,0.8439363817097415,False,False,False,False,False,False,True,False,False,False,14917.75,14876.0,1,1,True,True,True,False,True,1.0,True,11.325,10.225,0.0004751254696579517,0.00045861532338316795,14918.5,3.4375,15012.25,15010.0,62.5,173,2023-06-27 11:37:00-04:00,2023-06-27 16:00:00-04:00,long,1,210.0,196.0,2.5,time_exit,is,tuesday,1.1427027027027026,72.75,1.0359999882973594,26.618181818181817,6.619079758808315,0.31958762886597936,True
2023-06-30 13:45:00+00:00,33,1,9235,15298.75,15312.75,15298.25,15311.25,5908,MNQ.c.0,2023-06-30,585,4,586,15216.523013903206,2023-06-30,15203.332909800098,15300.0,15238.25,61.75,15269.125,14.982142857142858,15251.75,15376.5,15238.25,15315.25,138.25,15104.25,15144.75,15028.5,0.5569620253164557,True,True,True,False,False,False,False,True,True,True,15251.75,15104.25,1,1,True,True,True,False,True,0.8571428571428571,True,14.05,14.525,0.0005079238714441983,0.00035895309606011105,15177.0,3.15,15313.25,15127.0,79.25,174,2023-06-30 09:46:00-04:00,2023-06-30 16:00:00-04:00,long,1,4.5,150.5,2.5,time_exit,is,friday,0.9377830750893922,61.75,1.415014599453797,15.873015873015873,7.429748034416682,0.18218623481781376,True
2023-07-05 13:45:00+00:00,33,1,9235,15380.75,15387.25,15375.75,15385.75,5430,MNQ.c.0,2023-07-05,585,2,586,15312.15612969745,2023-07-05,15315.63693678875,15382.0,15292.5,89.5,15337.25,13.660714285714286,15294.0,15431.75,15292.5,15359.0,139.25,15344.75,15368.25,15341.0,0.47755834829443444,True,True,True,False,False,False,True,True,True,True,15344.75,15294.0,1,1,True,True,True,False,True,1.0,True,14.15,12.825,0.0004658647184370987,0.00038920127866086244,15269.0,4.4375,15341.0,15348.0,89.25,175,2023-07-05 09:46:00-04:00,2023-07-05 16:00:00-04:00,long,1,-57.5,191.5,2.5,time_exit,is,wednesday,1.0358169934640522,89.5,1.1969763307048082,17.802816901408452,5.466905513547824,0.04189944134078212,True
2023-07-12 14:09:00+00:00,33,1,9235,15472.5,15488.5,15471.75,15487.25,7629,MNQ.c.0,2023-07-12,609,2,610,15398.592546134449,2023-07-12,15387.97559717637,15448.5,15408.0,40.5,15428.25,11.732142857142858,15430.5,15507.75,15344.0,15458.75,163.75,15250.5,15279.75,15109.0,0.7007633587786259,False,False,False,False,False,True,False,False,False,False,15430.5,15250.5,1,1,True,True,True,False,True,0.8571428571428571,True,12.7,12.1875,0.0004709707467037303,0.00048068210040005455,15301.25,2.475,15373.5,15243.5,51.0,176,2023-07-12 10:10:00-04:00,2023-07-12 11:39:00-04:00,long,1,-163.0,163.0,2.5,stop,is,wednesday,1.0824961948249618,40.5,0.9797967228481321,23.333333333333332,8.145592026554274,0.9567901234567902,True
2023-07-13 13:54:00+00:00,33,1,9235,15610.0,15621.5,15609.5,15619.75,5199,MNQ.c.0,2023-07-13,594,3,595,15561.402525348103,2023-07-13,15551.735963550318,15615.25,15552.25,63.0,15583.75,9.553571428571429,15576.0,15741.25,15552.25,15710.25,189.0,15458.75,15507.75,15344.0,0.8359788359788359,False,False,False,False,False,False,False,False,False,False,15576.0,15458.75,1,1,True,True,True,False,True,0.8571428571428571,True,9.075,10.8,0.0002576517323426311,0.0004387576390254012,15549.75,3.0125,15627.0,15373.5,102.0,177,2023-07-13 09:55:00-04:00,2023-07-13 16:00:00-04:00,long,1,177.5,139.5,2.5,time_exit,is,thursday,0.9499065420560747,63.0,0.5872301913989348,58.50622406639004,6.297595967563144,0.07142857142857142,True
2023-07-14 13:51:00+00:00,33,1,9235,15801.0,15811.75,15798.5,15805.5,5446,MNQ.c.0,2023-07-14,591,4,592,15739.795933078378,2023-07-14,15734.617969365863,15803.5,15721.0,82.5,15762.25,12.910714285714286,15721.5,15857.5,15658.0,15699.75,199.5,15710.25,15741.25,15552.25,0.20927318295739347,False,False,False,False,False,True,False,False,False,False,15721.5,15710.25,1,1,True,True,True,False,True,0.8571428571428571,True,12.5,13.075,0.0005218966742951039,0.0003970116992760151,15712.0,2.275,15809.5,15627.0,58.25,178,2023-07-14 09:52:00-04:00,2023-07-14 14:25:00-04:00,long,1,-174.5,174.5,2.5,stop,is,friday,0.9681881051175656,82.5,1.3145624555821083,37.362637362637365,5.421187811406253,0.024242424242424242,True
2023-07-25 13:45:00+00:00,33,1,9235,15624.5,15647.0,15621.0,15646.75,9397,MNQ.c.0,2023-07-25,585,1,586,15607.205647740331,2023-07-25,15601.452679425181,15635.75,15588.25,47.5,15612.0,14.285714285714286,15588.75,15736.0,15588.25,15648.75,147.75,15564.75,15618.25,15484.5,0.40947546531302875,True,True,False,False,False,False,False,True,True,True,15588.75,15564.75,1,1,True,True,True,False,True,0.8571428571428571,True,13.9,13.2625,0.0006511246801236124,0.00036107797559620686,15621.25,2.475,15662.75,15560.5,79.5,179,2023-07-25 09:46:00-04:00,2023-07-25 16:00:00-04:00,long,2,1.0,243.0,5.0,time_exit,is,tuesday,0.973,47.5,1.8032799675706737,24.545454545454543,3.41544358716822,0.23157894736842105,True
2023-07-27 13:45:00+00:00,33,1,9235,15894.0,15901.0,15891.75,15900.75,4199,MNQ.c.0,2023-07-27,585,3,586,15810.106634725717,2023-07-27,15790.506740837005,15894.5,15822.75,71.75,15858.625,13.357142857142858,15835.25,15904.0,15512.5,15572.25,391.5,15615.25,15684.25,15515.0,0.15261813537675606,False,False,False,False,False,False,False,False,False,False,15835.25,15615.25,1,1,True,True,True,False,True,0.8571428571428571,True,12.175,12.5,0.00035401716765055846,0.00030625102742528584,15795.5,4.2375,15793.5,15578.0,174.0,180,2023-07-27 09:46:00-04:00,2023-07-27 10:24:00-04:00,long,1,-161.0,161.0,2.5,stop,is,thursday,0.9114973262032086,71.75,1.1559705468642902,51.32743362831859,8.819460733039596,0.08710801393728224,True
2023-07-28 13:48:00+00:00,33,1,9235,15784.5,15799.75,15783.0,15799.0,4612,MNQ.c.0,2023-07-28,588,4,589,15697.970725467874,2023-07-28,15677.98171016847,15795.5,15715.5,80.0,15755.5,20.517857142857142,15738.0,15895.75,15715.5,15836.75,180.25,15572.25,15904.0,15512.5,0.6726768377253814,False,False,False,True,False,False,True,False,False,False,15738.0,15572.25,1,1,True,True,True,False,True,1.0,True,21.025,20.0125,0.000834979071168673,0.0005168675390817797,15671.75,4.3875,15878.75,15793.5,155.25,181,2023-07-28 09:49:00-04:00,2023-07-28 16:00:00-04:00,long,1,72.0,171.5,2.5,time_exit,is,friday,1.0247171453437771,80.0,1.6154604575323526,27.74928774928775,6.047135032181418,0.04375,True
2023-07-31 13:45:00+00:00,33,1,9235,15884.75,15904.0,15884.75,15903.25,5297,MNQ.c.0,2023-07-31,585,0,586,15854.383332544789,2023-07-31,15852.985177811357,15897.0,15845.25,51.75,15871.125,18.25,15860.25,15905.0,15800.25,15867.5,104.75,15836.75,15895.75,15715.5,0.6420047732696897,False,False,True,False,False,False,False,False,False,False,15860.25,15836.75,1,1,True,True,True,False,True,0.8571428571428571,True,16.025,16.1875,0.0007979815657258593,0.0004262809027336129,15849.5,2.975,15850.75,15878.75,125.25,182,2023-07-31 09:46:00-04:00,2023-07-31 09:55:00-04:00,long,2,-243.0,243.0,5.0,stop,is,monday,0.8780821917808218,51.75,1.8719617993877753,9.831932773109243,3.105162760688367,0.12077294685990338,True
2023-08-04 16:25:00+00:00,33,1,9235,15571.75,15589.25,15571.0,15585.5,5977,MNQ.c.0,2023-08-04,745,4,746,15501.942852268146,2023-08-04,15501.482573617941,15584.0,15494.5,89.5,15539.25,9.464285714285714,15511.75,15610.25,15336.5,15363.0,273.75,15432.75,15523.75,15351.0,0.09680365296803653,False,False,False,False,False,False,False,False,False,False,15511.75,15432.75,1,1,True,True,True,False,True,0.8571428571428571,True,9.6,8.75,0.0004173974597175518,0.00036911988564917927,15542.0,3.7625,15571.75,15442.75,132.0,183,2023-08-04 12:26:00-04:00,2023-08-04 14:01:00-04:00,long,1,-187.5,187.5,2.5,stop,is,friday,1.0143396226415096,89.5,1.1307910409201218,26.37873754152824,9.601991586521034,0.01675977653631285,True
2023-08-10 13:46:00+00:00,33,1,9235,15351.5,15375.25,15349.0,15371.0,10108,MNQ.c.0,2023-08-10,586,3,587,15301.155438091717,2023-08-10,15293.198678608882,15356.25,15273.25,83.0,15314.75,21.178571428571427,15301.25,15441.75,15136.0,15200.75,305.75,15193.5,15369.0,15145.0,0.21177432542927227,False,False,False,False,False,False,True,False,False,False,15301.25,15193.5,1,1,True,True,True,False,True,1.0,True,20.825,21.3875,0.0009547874040290891,0.0006729918392445036,15273.25,4.2875,15227.75,15174.0,96.0,184,2023-08-10 09:47:00-04:00,2023-08-10 11:20:00-04:00,long,1,-200.5,200.5,2.5,stop,is,thursday,0.9833052276559865,83.0,1.4187206268369128,23.148688046647234,3.6377005910516944,0.17771084337349397,True
2023-08-14 14:13:00+00:00,33,1,9235,15149.25,15161.0,15148.75,15156.25,4391,MNQ.c.0,2023-08-14,613,0,614,15106.586110476072,2023-08-14,15103.59540660445,15108.5,15036.25,72.25,15072.375,14.910714285714286,15068.0,15274.75,15036.25,15269.5,238.5,15106.0,15174.25,15037.25,0.9779874213836478,True,True,False,False,False,False,False,True,True,True,15106.0,15068.0,1,1,True,True,True,False,True,0.8571428571428571,True,14.95,13.9375,0.0005735566264569572,0.0005825994643110995,15150.75,4.875,15212.25,15088.0,203.5,185,2023-08-14 10:14:00-04:00,2023-08-14 16:00:00-04:00,long,1,222.5,245.0,2.5,time_exit,is,monday,1.002634730538922,72.25,0.9844784652096529,12.871794871794872,3.7779080463174495,0.6608996539792388,True
2023-08-21 13:56:00+00:00,33,1,9235,14881.0,14896.25,14878.5,14896.25,5590,MNQ.c.0,2023-08-21,596,0,597,14827.908179626109,2023-08-21,14816.568090625797,14888.75,14805.5,83.25,14847.125,13.410714285714286,14808.5,15013.75,14788.25,14975.5,225.5,14766.75,14802.75,14609.25,0.8303769401330376,False,False,False,False,False,True,False,False,False,False,14808.5,14766.75,1,1,True,True,True,False,True,0.8571428571428571,True,13.025,13.3375,0.0004719524390267954,0.00036810557496200577,14837.0,4.0,14820.75,14728.0,124.0,186,2023-08-21 09:57:00-04:00,2023-08-21 11:10:00-04:00,long,1,-185.5,185.5,2.5,stop,is,monday,0.9712383488681757,83.25,1.282111630815448,27.25,5.974276241739704,0.09009009009009009,True
2023-08-23 13:45:00+00:00,33,1,9235,15027.75,15049.75,15020.75,15045.0,8107,MNQ.c.0,2023-08-23,585,2,586,15016.960534433852,2023-08-23,15014.022449438933,15039.0,14999.25,39.75,15019.125,18.267857142857142,15008.75,15242.5,14999.25,15199.5,243.25,14962.75,15092.25,14931.0,0.8232271325796505,True,True,False,False,False,False,True,True,True,True,15008.75,14962.75,1,1,True,True,True,False,True,1.0,True,17.0,16.6875,0.0006570298873426116,0.00039435137352516255,15056.75,4.175,15198.0,14986.25,127.75,187,2023-08-23 09:46:00-04:00,2023-08-23 10:23:00-04:00,long,2,366.0,192.0,5.0,target,is,wednesday,0.9305962854349952,39.75,1.6661026978791242,16.88622754491018,1.8563326178916488,0.1509433962264151,True
2023-08-25 13:53:00+00:00,33,1,9235,14948.0,14955.25,14946.25,14954.0,4143,MNQ.c.0,2023-08-25,593,4,594,14888.89211649354,2023-08-25,14882.462420380702,14948.0,14892.0,56.0,14920.0,16.678571428571427,14897.0,15049.0,14752.75,14988.0,296.25,14857.0,15339.5,14850.25,0.7940928270042195,False,False,False,True,False,False,True,False,False,False,14897.0,14857.0,1,1,True,True,True,False,True,1.0,True,14.45,17.45,0.0006514305603722633,0.0005431451038217436,14882.0,4.225,14820.75,14953.5,102.75,188,2023-08-25 09:54:00-04:00,2023-08-25 10:08:00-04:00,long,1,-127.5,127.5,2.5,stop,is,friday,0.8663811563169165,56.0,1.1993674540902393,16.923076923076923,4.099574763283576,0.10714285714285714,True
2023-08-29 13:45:00+00:00,33,1,9235,15127.75,15156.25,15127.75,15155.75,9656,MNQ.c.0,2023-08-29,585,1,586,15097.299225102894,2023-08-29,15097.736309720234,15134.5,15062.25,72.25,15098.375,15.089285714285714,15076.75,15430.0,15062.25,15417.75,367.75,15089.5,15126.75,14983.5,0.9666893269884432,True,True,False,False,False,False,False,True,True,True,15089.5,15076.75,1,1,True,True,True,False,True,0.8571428571428571,True,15.1,13.6875,0.0007121995750570762,0.0004319806403924923,15087.5,3.9,15372.0,15008.25,81.5,189,2023-08-29 09:46:00-04:00,2023-08-29 11:19:00-04:00,long,1,373.0,191.0,2.5,target,is,tuesday,1.0007100591715976,72.25,1.6486840114176886,20.32051282051282,4.238443125462341,0.29411764705882354,True
2023-08-30 13:57:00+00:00,33,1,9235,15461.0,15477.0,15458.5,15476.75,6061,MNQ.c.0,2023-08-30,597,2,598,15415.409744615841,2023-08-30,15418.97320848528,15447.75,15386.5,61.25,15417.125,15.785714285714286,15417.0,15524.5,15374.25,15495.25,150.25,15417.75,15430.0,15062.25,0.8053244592346089,False,False,False,False,False,True,False,False,False,False,15417.75,15417.0,1,1,True,True,True,False,True,0.8571428571428571,True,16.425,17.175,0.00063453410066063,0.0005969500595206515,15375.5,3.7125,15494.75,15372.0,102.25,190,2023-08-30 09:58:00-04:00,2023-08-30 10:26:00-04:00,long,1,-184.5,184.5,2.5,stop,is,wednesday,1.0404977375565612,61.25,1.0629601095444372,0.9427609427609428,3.364005328367957,0.47346938775510206,True
2023-08-31 13:45:00+00:00,33,1,9235,15531.25,15562.5,15531.25,15554.25,11127,MNQ.c.0,2023-08-31,585,3,586,15510.880675754532,2023-08-31,15510.911679307923,15553.75,15488.75,65.0,15521.25,19.482142857142858,15492.25,15606.75,15488.75,15540.25,118.0,15495.25,15524.5,15374.25,0.4364406779661017,False,False,False,False,False,True,False,False,False,False,15495.25,15492.25,1,1,True,True,True,False,True,0.8571428571428571,True,17.125,17.325,0.0008715621007653785,0.0005142899391198494,15474.5,5.7875,15561.5,15494.75,71.0,191,2023-08-31 09:46:00-04:00,2023-08-31 16:00:00-04:00,long,1,-31.0,135.0,2.5,time_exit,is,thursday,0.8790100824931255,65.0,1.6946901630176958,3.4989200863930887,2.5014903718370625,0.007692307692307693,True
2023-09-08 13:48:00+00:00,33,1,9235,15345.0,15364.25,15345.0,15362.0,4878,MNQ.c.0,2023-09-08,588,4,589,15295.522442573181,2023-09-08,15293.277768599928,15359.0,15270.5,88.5,15314.75,13.321428571428571,15272.75,15390.5,15255.5,15298.75,135.0,15267.0,15310.75,15157.5,0.32037037037037036,False,False,False,False,False,False,False,False,False,False,15272.75,15267.0,1,1,True,True,True,False,True,0.8571428571428571,True,12.875,14.6625,0.0004219972619308345,0.00037847562384355594,15240.25,5.1625,15335.75,15214.75,114.0,192,2023-09-08 09:49:00-04:00,2023-09-08 14:59:00-04:00,long,1,-187.5,187.5,2.5,stop,is,friday,0.9664879356568364,88.5,1.114991918489494,4.939467312348668,4.6869382029034545,0.03389830508474576,True
2023-09-27 13:46:00+00:00,33,1,34070,14788.0,14798.0,14785.0,14795.5,4369,MNQ.c.0,2023-09-27,586,2,587,14766.857269387103,2023-09-27,14761.909799071173,14793.25,14749.25,44.0,14771.25,15.303571428571429,14753.25,14821.25,14587.25,14752.25,234.0,14711.75,14846.0,14666.25,0.7051282051282052,False,False,False,False,False,False,False,False,False,False,14753.25,14711.75,1,1,True,True,True,False,True,0.8571428571428571,True,15.55,14.3,0.00047694534632911013,0.00036202375976113356,14776.75,4.2375,14672.25,14741.5,83.0,193,2023-09-27 09:47:00-04:00,2023-09-27 10:01:00-04:00,long,2,-195.0,195.0,5.0,stop,is,wednesday,1.0161026837806302,44.0,1.3174421111028813,8.31858407079646,2.3489650999180047,0.05113636363636364,True
2023-10-04 14:41:00+00:00,33,1,34070,14829.0,14850.0,14825.0,14843.5,9297,MNQ.c.0,2023-10-04,641,2,642,14745.035581022414,2023-10-04,14737.858084563077,14834.5,14748.0,86.5,14791.25,16.589285714285715,14753.25,14955.75,14734.25,14905.75,221.5,14729.25,14974.0,14651.5,0.7742663656884876,False,False,False,False,False,False,True,False,False,False,14753.25,14729.25,1,1,True,True,True,False,True,1.0,True,15.525,16.9,0.0007484011481600242,0.0007710183075901291,14685.5,5.3875,14885.0,14728.75,143.75,194,2023-10-04 10:42:00-04:00,2023-10-04 16:00:00-04:00,long,1,121.0,195.5,2.5,time_exit,is,wednesday,0.9358449946178686,86.5,0.9706658594128634,8.02784222737819,6.2510009134274105,0.10404624277456648,True
2023-10-10 14:00:00+00:00,33,1,34070,15240.5,15258.75,15240.25,15254.75,9577,MNQ.c.0,2023-10-10,600,1,601,15207.598849667695,2023-10-10,15208.354470551101,15225.75,15180.0,45.75,15202.875,13.053571428571429,15200.25,15383.5,15180.0,15275.25,203.5,15190.25,15212.75,14949.25,0.4680589680589681,False,False,False,False,False,True,False,False,False,False,15200.25,15190.25,1,1,True,True,True,False,True,0.8571428571428571,True,13.15,14.15,0.0005222573837925172,0.0004782606090396087,15224.25,4.675,15366.75,15048.75,52.25,195,2023-10-10 10:01:00-04:00,2023-10-10 16:00:00-04:00,long,1,37.0,154.5,2.5,time_exit,is,tuesday,1.0073871409028727,45.75,1.0919933064135432,37.54010695187166,3.2788360034557416,0.6338797814207651,True
2023-10-12 14:10:00+00:00,33,1,34070,15422.75,15439.0,15421.25,15437.75,4983,MNQ.c.0,2023-10-12,610,3,611,15401.567532559598,2023-10-12,15402.9456682961,15416.5,15366.0,50.5,15391.25,13.107142857142858,15393.0,15469.5,15216.25,15320.0,253.25,15384.5,15387.5,15253.0,0.4096742349457058,True,True,False,False,False,True,False,True,True,True,15393.0,15384.5,1,1,True,True,True,False,True,0.8571428571428571,True,14.4,13.1125,0.000534549212097525,0.0005261046172940552,15429.25,2.8875,15454.75,15310.0,51.0,196,2023-10-12 10:11:00-04:00,2023-10-12 13:08:00-04:00,long,1,-147.5,147.5,2.5,stop,is,thursday,1.0986376021798365,50.5,1.0160511702917634,41.298701298701296,2.654286497914139,0.4207920792079208,True
2023-10-16 14:12:00+00:00,33,1,34070,15255.5,15270.0,15253.25,15263.25,8044,MNQ.c.0,2023-10-16,612,0,613,15180.643948651505,2023-10-16,15178.349302322831,15260.0,15168.75,91.25,15214.375,15.857142857142858,15175.75,15338.0,15168.75,15288.0,169.25,15115.25,15367.0,15062.0,0.7045790251107829,False,False,False,False,False,False,True,False,False,False,15175.75,15115.25,1,1,True,True,True,False,True,1.0,True,16.05,15.825,0.0006342633359612196,0.0005843226690828628,15120.25,5.275,15268.25,15120.75,105.0,197,2023-10-16 10:13:00-04:00,2023-10-16 16:00:00-04:00,long,1,46.0,193.5,2.5,time_exit,is,monday,1.0121621621621621,91.25,1.0854676183567247,0.0947867298578199,5.364972996977496,0.03561643835616438,True
2023-10-24 14:28:00+00:00,33,1,34070,14833.5,14838.5,14830.0,14838.25,2420,MNQ.c.0,2023-10-24,628,1,629,14798.571023839417,2023-10-24,14793.412090775606,14837.25,14762.5,74.75,14799.875,14.839285714285714,14778.25,14924.0,14705.75,14878.0,218.25,14719.0,14854.25,14514.25,0.7892325315005727,False,False,False,False,False,False,False,False,False,False,14778.25,14719.0,1,1,True,True,True,False,True,0.8571428571428571,True,15.2,14.9625,0.0005631874518455301,0.0007668978055630217,14792.5,4.1375,14822.75,14756.5,103.25,198,2023-10-24 10:29:00-04:00,2023-10-24 12:21:00-04:00,long,1,-156.0,156.0,2.5,stop,is,tuesday,1.0243080625752106,74.75,0.7343709262957968,8.700906344410877,2.9966856624490577,0.013377926421404682,True
2023-10-27 14:06:00+00:00,33,1,34070,14348.0,14352.5,14329.0,14351.75,5505,MNQ.c.0,2023-10-27,606,4,607,14315.594051018288,2023-10-27,14312.625386356516,14349.5,14302.25,47.25,14325.875,20.946428571428573,14306.75,14407.5,14209.5,14280.75,198.0,14191.5,14459.25,14136.5,0.35984848484848486,False,False,False,False,False,False,True,False,False,False,14306.75,14191.5,1,1,True,True,True,False,True,1.0,True,21.075,20.7125,0.0009121541938625171,0.0007296102268427998,14326.5,4.1875,14373.0,14248.5,99.5,199,2023-10-27 10:07:00-04:00,2023-10-27 10:09:00-04:00,long,2,-206.0,206.0,5.0,stop,is,friday,1.0061381074168796,47.25,1.2501938162375126,18.62686567164179,1.888937291176045,0.047619047619047616,True
2023-10-30 13:45:00+00:00,33,1,34070,14436.0,14448.5,14436.0,14447.0,6527,MNQ.c.0,2023-10-30,585,0,586,14377.102419949739,2023-10-30,14369.059717766364,14437.25,14334.75,102.5,14386.0,16.392857142857142,14365.25,14476.25,14306.25,14418.25,170.0,14280.75,14407.5,14209.5,0.6588235294117647,True,True,True,False,False,False,False,True,True,True,14365.25,14280.75,1,1,True,True,True,False,True,0.8571428571428571,True,14.2,14.7,0.0008668004011367425,0.0005052830942098966,14380.0,3.9375,14395.25,14373.0,89.5,200,2023-10-30 09:46:00-04:00,2023-10-30 10:28:00-04:00,long,1,-229.5,229.5,2.5,stop,is,monday,0.8662309368191721,102.5,1.715474772596825,1.7777777777777777,5.302060015893607,0.0951219512195122,True
2023-11-01 13:46:00+00:00,33,1,34070,14552.25,14573.0,14546.5,14572.75,5315,MNQ.c.0,2023-11-01,586,2,587,14487.078836470691,2023-11-01,14483.434569187388,14568.75,14515.25,53.5,14542.0,15.5,14519.75,14762.0,14515.25,14744.5,246.75,14479.0,14503.5,14311.25,0.9290780141843972,False,False,False,False,False,True,False,False,False,False,14519.75,14479.0,1,1,True,True,True,False,True,0.8571428571428571,True,16.225,15.075,0.0006500881678287731,0.00046139053730955774,14434.0,4.075,14607.75,14408.5,70.25,201,2023-11-01 09:47:00-04:00,2023-11-01 15:00:00-04:00,long,2,456.0,237.0,5.0,target,is,wednesday,1.0467741935483872,53.5,1.4089759439357847,6.257668711656441,5.924738362362339,0.07476635514018691,True
2023-11-03 13:45:00+00:00,33,1,34070,15094.25,15110.0,15091.5,15106.75,7344,MNQ.c.0,2023-11-03,585,4,586,15019.191680635975,2023-11-03,15010.977317389528,15094.25,15040.25,54.0,15067.25,14.089285714285714,15051.0,15228.5,15040.25,15182.5,188.25,14998.0,15008.75,14869.0,0.7556440903054449,True,True,False,False,False,True,False,True,True,True,15051.0,14998.0,1,1,True,True,True,False,True,0.8571428571428571,True,14.175,13.7125,0.0008261602359050882,0.00047817612723277284,14938.75,2.775,15144.25,14939.75,43.5,202,2023-11-03 09:46:00-04:00,2023-11-03 16:00:00-04:00,long,1,149.0,136.5,2.5,time_exit,is,friday,1.0060836501901143,54.0,1.7277320820805406,0.3603603603603604,6.98433419219484,0.23148148148148148,True
2023-11-07 15:28:00+00:00,33,1,34070,15325.5,15344.25,15325.25,15335.5,7541,MNQ.c.0,2023-11-07,628,1,629,15256.35859626848,2023-11-07,15252.891791335305,15287.0,15224.5,62.5,15255.75,11.071428571428571,15275.75,15412.75,15224.5,15374.5,188.25,15228.5,15257.5,15138.0,0.796812749003984,True,True,False,False,False,True,False,True,True,True,15275.75,15228.5,1,1,True,True,True,False,True,0.8571428571428571,True,11.3,10.5125,0.00038255351631010084,0.0004926065677801203,15199.75,3.2625,15381.75,15219.25,43.5,203,2023-11-07 10:29:00-05:00,2023-11-07 16:00:00-05:00,long,1,74.0,227.0,2.5,time_exit,is,tuesday,1.0206451612903227,62.5,0.7765903691338061,5.977011494252873,7.858093570957885,0.776,True
2023-11-10 14:52:00+00:00,33,1,34070,15376.75,15384.25,15375.75,15383.75,2542,MNQ.c.0,2023-11-10,592,4,593,15295.320033038752,2023-11-10,15286.777742199503,15380.75,15305.5,75.25,15343.125,10.875,15328.0,15609.0,15305.5,15599.75,303.5,15258.75,15453.25,15236.75,0.9695222405271828,False,False,False,True,False,False,True,False,False,False,15328.0,15258.75,1,1,True,True,True,False,True,1.0,True,10.8,12.0,0.00040449103676931414,0.0003146111806051137,15217.25,4.7,15384.5,15387.5,65.5,204,2023-11-10 09:53:00-05:00,2023-11-10 13:25:00-05:00,long,1,310.0,159.5,2.5,target,is,friday,0.9931034482758622,75.25,1.2856855118477615,36.223404255319146,8.081021483374721,0.03986710963455149,True
2023-11-14 14:45:00+00:00,33,1,34070,15853.25,15863.25,15850.75,15858.75,6219,MNQ.c.0,2023-11-14,585,1,586,15750.481743269502,2023-11-14,15736.080847786647,15856.75,15790.0,66.75,15823.375,16.910714285714285,15812.25,15918.75,15790.0,15897.0,128.75,15548.5,15589.5,15465.25,0.8310679611650486,True,False,True,False,False,False,False,True,True,True,15812.25,15548.5,1,1,True,True,True,False,True,0.8571428571428571,True,13.975,16.0625,0.0005052451772216516,0.0005160338175861652,15599.0,2.75,15872.0,15545.5,55.75,205,2023-11-14 09:46:00-05:00,2023-11-14 16:00:00-05:00,long,1,73.5,141.5,2.5,time_exit,is,tuesday,0.8263991552270328,66.75,0.979093152431406,19.454545454545453,7.636990021064797,0.0299625468164794,True
2023-11-20 14:51:00+00:00,33,1,34070,15975.75,15988.0,15975.25,15986.75,5000,MNQ.c.0,2023-11-20,591,0,592,15920.25469684586,2023-11-20,15912.926782081897,15983.0,15894.75,88.25,15938.875,10.375,15895.0,16116.75,15894.75,16086.0,222.0,15893.25,15940.0,15824.5,0.8614864864864865,False,False,False,False,False,False,False,False,False,False,15895.0,15893.25,1,1,True,True,True,False,True,0.8571428571428571,True,10.2,11.1625,0.00040004246007802714,0.00040793938978274066,15912.25,3.8,16005.5,15863.25,79.5,206,2023-11-20 09:52:00-05:00,2023-11-20 16:00:00-05:00,long,1,195.0,188.5,2.5,time_exit,is,monday,0.9831325301204819,88.25,0.9806419044041831,12.894736842105264,6.6135021651156265,0.042492917847025496,True
2023-12-07 15:21:00+00:00,33,1,34070,15974.0,15991.5,15973.5,15990.75,7291,MNQ.c.0,2023-12-07,621,3,622,15907.177295818174,2023-12-07,15899.934988067698,15982.0,15907.0,75.0,15944.5,15.714285714285714,15934.25,16065.75,15888.0,16031.25,177.75,15818.5,16039.0,15802.0,0.8059071729957806,False,False,False,False,False,False,True,False,False,False,15934.25,15818.5,1,1,True,True,True,False,True,1.0,True,13.4,15.75,0.0005651604095786386,0.0006246970335214936,15834.0,4.8375,15998.75,15939.0,45.5,207,2023-12-07 10:22:00-05:00,2023-12-07 16:00:00-05:00,long,1,77.5,172.0,2.5,time_exit,is,thursday,0.8527272727272728,75.0,0.9046952030374791,21.705426356589147,5.7660325036382085,0.11666666666666667,True
2023-12-11 14:47:00+00:00,33,1,34070,16139.75,16161.5,16135.25,16157.25,2633,MNQ.c.0,2023-12-11,587,0,588,16089.238781561207,2023-12-11,16087.218414020805,16146.75,16068.5,78.25,16107.625,19.857142857142858,16077.5,16246.25,16068.5,16237.5,177.75,16096.75,16119.0,15946.75,0.9507735583684951,True,False,False,False,False,True,False,True,True,True,16096.75,16077.5,1,1,True,True,True,False,True,0.8571428571428571,True,17.325,19.375,0.0009317699642932573,0.0005076136439517625,16088.75,3.0875,16179.0,16093.5,66.0,208,2023-12-11 09:48:00-05:00,2023-12-11 16:00:00-05:00,long,1,156.5,182.5,2.5,time_exit,is,monday,0.8724820143884892,78.25,1.835588888114681,1.5384615384615385,3.6145334698939546,0.134185303514377,True
2023-12-13 19:20:00+00:00,33,1,34070,16486.25,16494.5,16482.0,16494.0,812,MNQ.c.0,2023-12-13,860,2,861,16411.687388025577,2023-12-13,16410.153977004346,16445.75,16395.5,50.25,16420.625,11.696428571428571,16398.75,16594.5,16365.25,16565.5,229.25,16366.5,16367.0,16185.0,0.8735005452562704,False,False,False,False,False,True,False,False,False,False,16398.75,16366.5,1,1,True,True,True,False,True,0.8571428571428571,True,10.8,14.6875,0.0005826008265536949,0.0005474560162014316,16389.75,1.9375,16422.25,16288.0,29.0,209,2023-12-13 14:21:00-05:00,2023-12-13 16:00:00-05:00,long,1,142.5,198.5,2.5,time_exit,is,wednesday,0.9233587786259543,50.25,1.064196591711821,52.516129032258064,5.708665395448817,0.9601990049751243,True
2023-12-14 14:47:00+00:00,33,1,34070,16650.5,16658.75,16650.0,16656.0,367,MNQ.c.0,2023-12-14,587,3,587,16633.002372544117,2023-12-14,16632.719549229634,16651.0,16599.5,51.5,16625.25,12.321428571428571,16607.75,16664.25,16418.5,16552.25,245.75,16565.5,16594.5,16365.25,0.5442522889114955,False,False,False,False,False,True,False,False,False,False,16607.75,16565.5,1,1,True,True,True,False,True,0.8571428571428571,True,11.4,13.4625,0.00038544591203854467,0.00035744369800280333,16615.0,4.35,16596.5,16422.25,112.5,210,2023-12-14 09:48:00-05:00,2023-12-14 10:05:00-05:00,long,2,-235.0,235.0,5.0,stop,is,thursday,0.9252173913043479,51.5,1.0783402090796457,44.31034482758621,1.7292813942704446,0.0970873786407767,True
2023-12-18 15:02:00+00:00,33,1,7101,16881.75,16892.75,16881.75,16891.25,3976,MNQ.c.0,2023-12-18,602,0,603,16852.121967612584,2023-12-18,16848.903649392756,16878.25,16832.0,46.25,16855.125,9.303571428571429,16846.5,16974.25,16832.0,16926.5,142.25,16552.25,16664.25,16418.5,0.664323374340949,False,False,False,False,False,False,False,False,False,False,16846.5,16552.25,1,1,True,True,True,False,True,0.8571428571428571,True,9.075,9.4125,0.0002599385700507149,0.00027715659004620707,16853.0,3.175,16862.5,16583.25,56.5,211,2023-12-18 10:03:00-05:00,2023-12-18 16:00:00-05:00,long,2,135.0,245.0,5.0,time_exit,is,monday,0.9754318618042226,46.25,0.9378762020682184,84.96062992125985,4.498948271685944,0.2810810810810811,True
2023-12-22 14:50:00+00:00,33,1,7101,17030.75,17040.5,17030.0,17040.25,3160,MNQ.c.0,2023-12-22,590,4,591,16974.562001557537,2023-12-22,16966.76196714479,17035.0,16989.25,45.75,17012.125,11.053571428571429,16999.25,17041.25,16896.0,16984.5,145.25,16946.75,16966.0,16814.5,0.6092943201376936,False,False,True,False,False,True,False,False,False,False,16999.25,16946.75,1,1,True,True,True,False,True,0.8571428571428571,True,10.425,11.9375,0.0003583304584249554,0.00029625941942770285,16912.75,2.7125,16985.5,16875.75,64.75,212,2023-12-22 09:51:00-05:00,2023-12-22 11:00:00-05:00,long,2,-213.0,213.0,5.0,stop,is,friday,0.9431340872374798,45.75,1.2095158328371731,13.640552995391706,6.156065579494022,0.11475409836065574,True
2024-01-05 15:00:00+00:00,33,1,7101,16473.0,16506.0,16473.0,16498.0,9326,MNQ.c.0,2024-01-05,600,4,601,16421.71296986241,2024-01-05,16424.16018014677,16494.25,16437.25,57.0,16465.75,11.732142857142858,16449.0,16577.0,16403.5,16461.5,173.5,16445.5,16584.0,16435.75,0.33429394812680113,False,False,False,False,False,False,True,False,False,False,16449.0,16445.5,1,1,True,True,True,False,True,1.0,True,12.4,12.25,0.0004680022506855961,0.00039866996911754293,16414.0,3.875,16566.5,16531.0,79.0,213,2024-01-05 10:01:00-05:00,2024-01-05 13:16:00-05:00,long,1,-126.5,126.5,2.5,stop,is,friday,1.0569254185692543,57.0,1.1739089646544494,30.193548387096776,6.027740396182076,0.06578947368421052,True
2024-01-08 14:45:00+00:00,33,1,7101,16576.5,16587.75,16576.5,16586.5,6872,MNQ.c.0,2024-01-08,585,0,586,16481.748653111725,2024-01-08,16479.85627171043,16578.25,16505.25,73.0,16541.75,10.696428571428571,16512.0,16811.5,16505.25,16801.75,306.25,16461.5,16577.0,16403.5,0.9681632653061224,False,False,False,False,False,False,False,False,False,False,16512.0,16461.5,1,1,True,True,True,False,True,0.8571428571428571,True,11.025,10.9375,0.00042103681868978406,0.000300073691484756,16403.0,5.7875,16657.5,16566.5,99.75,214,2024-01-08 09:46:00-05:00,2024-01-08 14:11:00-05:00,long,1,325.0,167.0,2.5,target,is,monday,1.0307178631051754,73.0,1.4031114044237134,28.250539956803458,9.750283729332233,0.11301369863013698,True
2024-01-18 15:40:00+00:00,33,1,7101,17059.25,17070.75,17058.0,17067.25,5090,MNQ.c.0,2024-01-18,640,3,641,16996.429613556502,2024-01-18,16985.80345657425,17054.75,16995.5,59.25,17025.125,14.017857142857142,16996.75,17126.0,16942.5,17095.5,183.5,16867.5,16885.25,16689.0,0.8337874659400545,False,False,False,False,False,True,False,False,False,False,16996.75,16867.5,1,1,True,True,True,False,True,0.8571428571428571,True,15.675,13.5125,0.0005836875756256346,0.000537504894988057,16917.0,4.4375,17041.5,16777.75,87.25,215,2024-01-18 10:41:00-05:00,2024-01-18 12:13:00-05:00,long,1,-148.5,148.5,2.5,stop,is,thursday,1.1182165605095542,59.25,1.0859204838285308,31.380281690140844,6.027496275726244,0.2109704641350211,True
2024-01-19 16:10:00+00:00,33,1,7101,17245.75,17257.75,17245.25,17257.0,4030,MNQ.c.0,2024-01-19,670,4,671,17207.370474888063,2024-01-19,17201.369033744788,17208.5,17166.25,42.25,17187.375,9.714285714285714,17190.5,17448.25,17166.25,17446.75,282.0,17095.5,17126.0,16942.5,0.9946808510638298,False,False,False,False,False,True,False,False,False,False,17190.5,17095.5,1,1,True,True,True,False,True,0.8571428571428571,True,9.55,10.025,0.0003444273696635168,0.0003794521785615917,17233.5,5.675,17220.75,17041.5,129.5,216,2024-01-19 11:11:00-05:00,2024-01-19 15:04:00-05:00,long,1,362.0,185.5,2.5,target,is,friday,0.9830882352941178,42.25,0.907696382108425,33.83259911894273,5.5492235666047,1.1479289940828403,True
2024-01-24 15:43:00+00:00,33,1,7101,17749.75,17762.75,17749.75,17755.0,6849,MNQ.c.0,2024-01-24,643,2,644,17670.482373281524,2024-01-24,17663.31710568713,17695.5,17637.25,58.25,17666.375,9.214285714285714,17692.75,17794.0,17604.25,17628.0,189.75,17549.0,17549.0,17409.25,0.1251646903820817,True,False,False,False,False,True,False,True,True,True,17692.75,17549.0,1,1,True,True,True,False,True,0.5714285714285714,True,9.775,8.7625,0.00027729285980142293,0.0003289893062504523,17656.5,3.9625,17740.5,17454.75,113.75,217,2024-01-24 10:44:00-05:00,2024-01-24 14:23:00-05:00,long,1,-240.5,240.5,2.5,stop,is,wednesday,1.0608527131782948,58.25,0.8428628363692952,50.91482649842271,10.463097781782736,1.0214592274678111,True
2024-02-01 15:09:00+00:00,33,1,7101,17342.5,17356.25,17340.5,17352.75,5568,MNQ.c.0,2024-02-01,609,3,610,17321.099904773848,2024-02-01,17318.793686875324,17337.5,17294.0,43.5,17315.75,17.142857142857142,17307.25,17453.5,17264.0,17425.5,189.5,17233.75,17483.75,17231.5,0.8522427440633246,False,False,False,False,False,False,True,False,False,False,17307.25,17233.75,1,1,True,True,True,False,True,1.0,True,19.075,15.4875,0.0006084965282469541,0.0004422563819893433,17334.75,4.7,17278.5,17312.5,93.75,218,2024-02-01 10:10:00-05:00,2024-02-01 10:54:00-05:00,long,2,-243.0,243.0,5.0,stop,is,thursday,1.1127083333333334,43.5,1.3758908927663969,4.73404255319149,2.1924980225779462,0.3505747126436782,True
2024-02-07 15:23:00+00:00,33,1,7101,17819.75,17826.25,17816.5,17825.75,2812,MNQ.c.0,2024-02-07,623,2,624,17732.1881445545,2024-02-07,17725.222799837393,17778.0,17722.75,55.25,17750.375,12.0,17773.5,17876.0,17718.25,17840.0,157.75,17664.0,17767.5,17560.75,0.7717908082408875,False,False,False,False,False,False,False,False,False,False,17773.5,17664.0,1,1,True,True,True,False,True,0.8571428571428571,True,10.45,11.8625,0.0004903006125921288,0.00046429341989164414,17667.75,3.1125,17815.75,17638.25,82.25,219,2024-02-07 10:24:00-05:00,2024-02-07 16:00:00-05:00,long,1,25.5,210.0,2.5,time_exit,is,wednesday,0.8708333333333332,55.25,1.0560145623139654,9.477911646586346,8.474368822980585,0.8642533936651584,True
2024-02-09 15:18:00+00:00,33,1,7101,17960.0,17967.25,17959.0,17961.5,4479,MNQ.c.0,2024-02-09,618,4,619,17916.750316608504,2024-02-09,17913.104370299417,17911.25,17875.25,36.0,17893.25,9.821428571428571,17909.0,18071.0,17875.25,18034.5,195.75,17857.75,17896.5,17807.5,0.8135376756066411,True,True,False,False,False,False,False,True,True,True,17909.0,17857.75,1,1,True,True,True,False,True,0.8571428571428571,True,9.975,10.1875,0.0003098231430906591,0.0003170236405874296,17897.0,4.35,17991.75,17886.5,74.75,220,2024-02-09 10:19:00-05:00,2024-02-09 16:00:00-05:00,long,1,142.0,177.5,2.5,time_exit,is,friday,1.0156363636363637,36.0,0.9772871906857534,2.4137931034482762,4.750491258952883,1.3958333333333333,True
2024-02-14 15:21:00+00:00,33,1,7101,17835.0,17841.0,17830.0,17839.75,5185,MNQ.c.0,2024-02-14,621,2,622,17777.877844806433,2024-02-14,17770.089293380723,17818.75,17743.0,75.75,17780.875,12.517857142857142,17788.75,17887.0,17690.5,17874.0,196.5,17676.0,17792.0,17546.25,0.9338422391857506,False,False,False,False,False,False,False,False,False,False,17788.75,17676.0,1,1,True,True,True,False,True,0.8571428571428571,True,12.05,12.7,0.00041597985359405684,0.00040562038826667135,17766.25,3.6375,17724.25,17741.0,103.75,221,2024-02-14 10:22:00-05:00,2024-02-14 11:00:00-05:00,long,1,-197.5,197.5,2.5,stop,is,wednesday,0.9626248216833097,75.75,1.0255398042777246,6.941580756013745,5.485095009391917,0.27722772277227725,True
2024-02-22 14:45:00+00:00,33,1,7101,17901.5,17934.0,17896.5,17931.25,10130,MNQ.c.0,2024-02-22,585,3,586,17878.18602380783,2024-02-22,17847.71593112585,17919.5,17864.0,55.5,17891.75,18.339285714285715,17896.0,18087.0,17864.0,18035.25,223.0,17531.0,17545.25,17373.0,0.7679372197309418,False,False,False,False,False,True,False,False,False,False,17896.0,17531.0,1,1,True,True,True,False,True,0.8571428571428571,True,16.625,17.825,0.0006963340170328892,0.0003940290858453695,17868.5,5.375,17909.5,17469.5,221.75,222,2024-02-22 09:46:00-05:00,2024-02-22 14:14:00-05:00,long,1,269.0,139.0,2.5,target,is,thursday,0.9065238558909444,55.5,1.7672147616690268,74.23255813953489,4.686343274847066,0.21171171171171171,True
2024-03-01 15:00:00+00:00,33,1,7101,18134.25,18178.5,18134.25,18147.25,14823,MNQ.c.0,2024-03-01,600,4,601,18109.503860118934,2024-03-01,18107.29132577266,18144.5,18093.5,51.0,18119.0,15.589285714285714,18096.5,18372.5,18093.5,18325.0,279.0,18064.5,18109.0,17898.0,0.8297491039426523,False,False,False,False,False,True,False,False,False,False,18096.5,18064.5,1,1,True,True,True,False,True,0.8571428571428571,True,14.925,15.125,0.0004124529097042207,0.00035241098404163984,18140.0,4.3,18194.5,18003.25,118.0,223,2024-03-01 10:01:00-05:00,2024-03-01 12:19:00-05:00,long,2,434.0,226.0,5.0,target,oos,friday,0.9573883161512028,51.0,1.1703747283185886,31.80232558139535,2.641895816683546,0.05392156862745098,True
2024-03-07 15:38:00+00:00,33,1,7101,18237.5,18246.25,18237.0,18246.0,4459,MNQ.c.0,2024-03-07,638,3,639,18140.452541102317,2024-03-07,18117.18950549907,18225.25,18162.0,63.25,18193.625,9.553571428571429,18182.25,18360.0,18119.0,18307.75,241.0,18042.0,18174.25,17963.5,0.783195020746888,False,False,False,False,False,False,False,False,False,False,18182.25,18042.0,1,1,True,True,True,False,True,0.8571428571428571,True,9.8,10.4375,0.000315549894678105,0.0004934782337733365,18066.5,8.4625,18246.25,18089.75,152.75,224,2024-03-07 10:39:00-05:00,2024-03-07 16:16:00-05:00,long,1,-173.0,173.0,2.5,stop,oos,thursday,1.0257943925233646,63.25,0.6394403503175436,2.7474150664697192,12.341125221645898,0.32806324110671936,True
2024-03-08 14:48:00+00:00,33,1,7101,18349.25,18358.25,18349.0,18355.0,4803,MNQ.c.0,2024-03-08,588,4,589,18319.106509062254,2024-03-08,18313.390736149588,18353.0,18288.0,65.0,18320.5,21.982142857142858,18318.5,18436.25,18012.25,18065.75,424.0,18307.75,18360.0,18119.0,0.12617924528301888,False,False,False,False,False,True,False,False,False,False,18318.5,18307.75,1,1,True,True,True,False,True,0.8571428571428571,True,18.175,22.7375,0.00090620089068529,0.0005733825890565349,18330.25,5.825,18365.0,18246.25,106.0,225,2024-03-08 09:49:00-05:00,2024-03-08 11:08:00-05:00,long,1,-137.5,137.5,2.5,stop,oos,friday,0.8268074735987002,65.0,1.5804471708434447,14.420600858369099,1.8299841165656905,0.03076923076923077,True
2024-03-18 13:46:00+00:00,33,1,10,18345.0,18361.5,18343.75,18351.5,10219,MNQ.c.0,2024-03-18,586,0,587,18256.784604475954,2024-03-18,18231.425008762348,18346.75,18277.5,69.25,18312.125,15.696428571428571,18284.5,18380.75,18215.25,18218.25,165.5,18032.0,18149.25,17915.25,0.01812688821752266,False,False,False,False,False,False,False,False,False,False,18284.5,18032.0,1,1,True,True,True,False,True,0.8571428571428571,True,14.525,16.2625,0.00045088108985134195,0.0003282632956233444,18176.0,4.2875,18286.5,17883.0,133.25,226,2024-03-18 09:47:00-04:00,2024-03-18 11:53:00-04:00,long,1,-153.0,153.0,2.5,stop,oos,monday,0.9253697383390217,69.25,1.373534890628441,68.33819241982508,7.383550575720356,0.06859205776173286,True
2024-04-05 13:49:00+00:00,33,1,10,18182.5,18191.75,18178.0,18185.75,5094,MNQ.c.0,2024-04-05,589,4,590,18140.504506199755,2024-04-05,18131.14109660315,18182.25,18102.5,79.75,18142.375,19.285714285714285,18138.25,18407.75,18102.5,18286.25,305.25,18090.5,18568.25,18062.5,0.601965601965602,False,False,False,True,False,False,True,False,False,False,18138.25,18090.5,1,1,True,True,True,False,True,1.0,True,19.575,20.5,0.0006464663698809097,0.000516892102344455,18131.0,4.6375,18373.75,18533.5,93.5,227,2024-04-05 09:50:00-04:00,2024-04-05 11:55:00-04:00,long,1,333.0,171.0,2.5,target,oos,friday,1.0150000000000001,79.75,1.2506795266337942,86.79245283018868,2.6638489461877657,0.0438871473354232,True
2024-04-16 14:15:00+00:00,33,1,10,17912.5,17931.0,17910.75,17928.0,8521,MNQ.c.0,2024-04-16,615,1,616,17870.700544982403,2024-04-16,17868.471512318345,17888.0,17835.0,53.0,17861.5,16.142857142857142,17867.75,17988.0,17818.0,17875.25,170.0,17864.25,18339.0,17841.5,0.33676470588235297,False,False,False,False,False,False,True,False,False,False,17867.75,17864.25,1,1,True,True,True,False,True,1.0,True,16.375,15.825,0.0005230243993522282,0.0005396467333578452,17862.5,6.4,17877.0,18213.25,98.5,228,2024-04-16 10:16:00-04:00,2024-04-16 10:37:00-04:00,long,1,-189.5,189.5,2.5,stop,oos,tuesday,1.0143805309734513,53.0,0.9691977492346006,54.8046875,3.761673787150392,0.7547169811320755,True
2024-04-22 13:49:00+00:00,33,1,10,17323.0,17330.25,17315.0,17328.0,6470,MNQ.c.0,2024-04-22,589,0,590,17282.562946602186,2024-04-22,17272.736315432627,17307.5,17264.0,43.5,17285.75,17.375,17288.5,17448.0,17148.75,17344.0,299.25,17176.0,17516.25,17113.75,0.6524644945697577,False,False,False,False,False,False,True,False,False,False,17288.5,17176.0,1,1,True,True,True,False,True,1.0,True,18.125,19.4625,0.0006646913704129352,0.0004885217004080417,17281.0,5.2125,17257.5,17310.0,109.75,229,2024-04-22 09:50:00-04:00,2024-04-22 10:09:00-04:00,long,1,-132.5,132.5,2.5,stop,oos,monday,1.0431654676258992,43.5,1.3606179006126982,5.563549160671463,2.839495674624189,0.47126436781609193,True
2024-04-23 13:45:00+00:00,33,1,10,17450.75,17516.0,17450.75,17514.0,14217,MNQ.c.0,2024-04-23,585,1,586,17407.359531589267,2024-04-23,17392.881405074146,17478.0,17413.5,64.5,17445.75,20.857142857142858,17428.75,17656.5,17413.5,17604.25,243.0,17344.0,17448.0,17148.75,0.7849794238683128,False,False,True,False,False,False,False,False,False,False,17428.75,17344.0,1,1,True,True,True,False,True,0.8571428571428571,True,21.15,19.4125,0.0012533606177894242,0.0006565180021501764,17401.75,5.0625,17571.5,17257.5,119.0,230,2024-04-23 09:46:00-04:00,2024-04-23 20:38:00-04:00,long,1,404.0,206.5,2.5,target,oos,tuesday,1.014041095890411,64.5,1.90910319851781,28.493827160493826,6.239206435330548,0.5581395348837209,True
2024-04-24 13:50:00+00:00,33,1,10,17784.75,17792.25,17780.75,17787.75,4535,MNQ.c.0,2024-04-24,590,2,591,17730.581563318032,2024-04-24,17726.43604453343,17787.0,17713.0,74.0,17750.0,14.446428571428571,17731.0,17795.75,17567.25,17665.25,228.5,17604.25,17656.5,17413.5,0.4288840262582057,False,False,False,False,False,True,False,False,False,False,17731.0,17604.25,1,1,True,True,True,False,True,0.8571428571428571,True,13.8,16.1,0.00040491013209060367,0.0003785324204152843,17691.25,4.875,17617.0,17571.5,83.0,231,2024-04-24 09:51:00-04:00,2024-04-24 09:56:00-04:00,long,1,-153.0,153.0,2.5,stop,oos,wednesday,0.9552533992583437,74.0,1.0696841545207163,24.564102564102566,3.8083202153148186,0.010135135135135136,True
2024-04-26 13:50:00+00:00,33,1,10,17760.0,17783.75,17752.5,17782.5,10358,MNQ.c.0,2024-04-26,590,4,591,17736.695000375406,2024-04-26,17740.727584971257,17764.5,17668.25,96.25,17716.375,20.125,17697.25,17901.25,17668.25,17846.0,233.0,17618.0,17625.0,17308.0,0.7628755364806867,False,False,False,False,False,True,False,False,False,False,17697.25,17618.0,1,1,True,True,True,False,True,0.8571428571428571,True,18.525,22.1875,0.0008470020015363025,0.0006849702970857593,17720.75,5.1125,17831.75,17410.5,110.75,232,2024-04-26 09:51:00-04:00,2024-04-26 16:00:00-04:00,long,1,122.5,234.0,2.5,time_exit,oos,friday,0.9204968944099379,96.25,1.2365528916216004,60.68459657701712,1.882700395661662,0.18701298701298702,True
2024-05-03 13:45:00+00:00,33,1,10,17970.75,17995.75,17968.5,17989.75,7897,MNQ.c.0,2024-05-03,585,4,586,17871.480593256107,2024-05-03,17853.60405704481,17977.75,17919.25,58.5,17948.5,17.767857142857142,17958.0,18050.0,17893.5,18012.0,156.5,17675.25,17685.75,17386.0,0.7571884984025559,False,False,False,False,False,True,False,False,False,False,17958.0,17675.25,1,1,True,True,True,False,True,0.8571428571428571,True,17.9,17.3625,0.0005097466170823741,0.00034652114758683763,17747.25,3.8375,17990.75,17560.75,89.0,233,2024-05-03 09:46:00-04:00,2024-05-03 10:13:00-04:00,long,1,-146.0,146.0,2.5,stop,oos,friday,1.0074371859296483,58.5,1.4710404274955033,48.59934853420196,7.8413790038986635,0.20512820512820512,True
2024-05-10 13:48:00+00:00,33,1,10,18325.25,18340.0,18325.25,18338.5,5450,MNQ.c.0,2024-05-10,588,4,589,18282.956211309298,2024-05-10,18276.858409797234,18331.5,18256.5,75.0,18294.0,11.767857142857142,18274.25,18348.0,18188.25,18247.5,159.75,18214.0,18239.0,18108.0,0.37089201877934275,False,False,True,False,False,True,False,False,False,False,18274.25,18214.0,1,1,True,True,True,False,True,0.8571428571428571,True,9.8,12.9125,0.0005009893940959135,0.0003504686202416259,18291.0,3.7125,18232.0,18180.25,88.75,234,2024-05-10 09:49:00-04:00,2024-05-10 10:19:00-04:00,long,1,-169.5,169.5,2.5,stop,oos,friday,0.8327769347496208,75.0,1.429484310893549,29.831649831649834,4.773792077658522,0.09333333333333334,True
2024-05-14 14:26:00+00:00,33,1,10,18353.5,18366.75,18353.25,18357.5,7133,MNQ.c.0,2024-05-14,626,1,627,18289.536647898993,2024-05-14,18288.79985217829,18318.0,18265.25,52.75,18291.625,13.928571428571429,18274.0,18433.75,18265.25,18412.25,168.5,18295.75,18336.75,18234.75,0.8724035608308606,True,True,True,False,False,False,False,True,True,True,18295.75,18274.0,1,1,True,True,True,False,True,0.8571428571428571,True,14.225,13.8375,0.00041607420268717174,0.000395403353157386,18296.75,2.175,18319.5,18294.5,45.75,235,2024-05-14 10:27:00-04:00,2024-05-14 16:00:00-04:00,long,1,106.5,188.5,2.5,time_exit,oos,tuesday,1.0212820512820513,52.75,1.0522778812185691,1.0344827586206897,4.964780330385534,0.7488151658767772,True
2024-05-20 13:45:00+00:00,33,1,10,18705.75,18713.0,18702.5,18711.25,5953,MNQ.c.0,2024-05-20,585,0,586,18673.363349353524,2024-05-20,18671.80574135617,18710.75,18635.25,75.5,18673.0,10.714285714285714,18643.75,18794.5,18635.25,18770.25,159.25,18623.25,18677.0,18545.0,0.847723704866562,False,False,False,False,False,False,False,False,False,False,18643.75,18623.25,1,1,True,True,True,False,True,0.8571428571428571,True,9.575,9.8625,0.00034758315265265744,0.0002258781422414014,18661.25,2.0125,18747.75,18651.25,47.75,236,2024-05-20 09:46:00-04:00,2024-05-20 16:00:00-04:00,long,1,115.5,155.5,2.5,time_exit,oos,monday,0.8936666666666666,75.5,1.5388082671637477,4.968944099378882,3.9994178599574988,0.006622516556291391,True
2024-05-24 14:25:00+00:00,33,1,10,18817.5,18822.75,18813.25,18822.25,3184,MNQ.c.0,2024-05-24,625,4,626,18758.729723745913,2024-05-24,18754.2537943052,18777.25,18733.25,44.0,18755.25,10.875,18762.25,18926.0,18731.75,18874.5,194.25,18691.0,18982.5,18621.5,0.7348777348777349,False,False,False,True,False,False,True,False,False,False,18762.25,18691.0,1,1,True,True,True,False,True,1.0,True,10.825,11.6125,0.0003404613711968855,0.0005142999235253748,18730.75,3.1,18897.75,18919.0,67.75,237,2024-05-24 10:26:00-04:00,2024-05-24 16:00:00-04:00,long,1,100.5,183.0,2.5,time_exit,oos,friday,0.9954022988505746,44.0,0.6619899316008504,60.725806451612904,5.8554321373346685,1.0227272727272727,True
2024-06-05 14:30:00+00:00,33,1,10,18891.75,18905.5,18891.75,18904.0,7719,MNQ.c.0,2024-06-05,630,2,631,18817.473592751616,2024-06-05,18807.97716216933,18852.5,18813.5,39.0,18833.0,11.553571428571429,18849.0,19080.0,18800.0,19068.0,280.0,18692.75,18753.25,18567.75,0.9571428571428572,True,False,True,False,False,False,False,True,True,True,18849.0,18692.75,1,1,True,True,True,False,True,0.8571428571428571,True,12.65,11.675,0.00027876339619354966,0.0004254329266858083,18770.25,3.9625,18957.0,18585.25,84.5,238,2024-06-05 10:31:00-04:00,2024-06-05 16:36:00-04:00,long,1,362.0,185.5,2.5,target,oos,wednesday,1.0948995363214837,39.0,0.6552464059732327,46.68769716088328,8.224654203911866,1.3205128205128205,True
2024-06-12 13:45:00+00:00,33,1,10,19481.0,19493.0,19478.75,19484.25,8908,MNQ.c.0,2024-06-12,585,2,586,19377.6697968107,2024-06-12,19362.89137962966,19481.75,19374.5,107.25,19428.125,14.267857142857142,19401.75,19588.5,19374.5,19488.0,214.0,19230.0,19247.25,18994.75,0.530373831775701,False,False,False,False,False,True,False,False,False,False,19401.75,19230.0,1,1,True,True,True,False,True,0.8571428571428571,True,13.4,14.5375,0.00038695341887080365,0.00033329265268210493,19268.25,2.5,19506.75,19079.25,43.75,239,2024-06-12 09:46:00-04:00,2024-06-12 16:00:00-04:00,long,1,4.0,224.0,2.5,time_exit,oos,wednesday,0.9391739674593242,107.25,1.1610019475583233,75.6,8.347970446799083,0.023310023310023312,True
2024-06-24 14:01:00+00:00,33,1,13941,19957.75,19988.75,19957.0,19986.0,10253,MNQ.c.0,2024-06-24,601,0,602,19945.970040781125,2024-06-24,19950.271833167266,19965.25,19886.75,78.5,19926.0,19.875,19922.0,19995.5,19740.5,19745.25,255.0,19766.25,19988.75,19693.75,0.018627450980392157,False,False,False,True,False,False,True,False,False,False,19922.0,19766.25,1,1,True,True,True,False,True,1.0,True,19.4,19.175,0.0007526496285961921,0.0004976792335980232,19988.5,4.35,19913.0,19770.0,113.0,240,2024-06-24 10:02:00-04:00,2024-06-24 10:29:00-04:00,long,1,-203.0,203.0,2.5,stop,oos,monday,0.9761006289308175,78.5,1.5123187342072408,50.22988505747127,1.8632681529457173,0.2643312101910828,True
2024-06-25 14:04:00+00:00,33,1,13941,19861.0,19878.0,19857.75,19874.5,8070,MNQ.c.0,2024-06-25,604,1,605,19817.659034778106,2024-06-25,19812.4810544832,19841.5,19792.25,49.25,19816.875,14.892857142857142,19830.25,19981.0,19792.25,19968.5,188.75,19745.25,19995.5,19740.5,0.9337748344370861,False,False,False,False,False,False,True,False,False,False,19830.25,19745.25,1,1,True,True,True,False,True,1.0,True,16.575,14.7125,0.00042150557466866343,0.0003507244929148893,19833.75,5.4625,19952.5,19913.0,112.75,241,2024-06-25 10:05:00-04:00,2024-06-25 16:00:00-04:00,long,1,184.5,169.0,2.5,time_exit,oos,tuesday,1.1129496402877699,49.25,1.2018139114423088,14.508009153318078,4.2153913690263485,0.6700507614213198,True
2024-06-26 14:06:00+00:00,33,1,13941,19994.25,20007.0,19992.5,20003.75,5246,MNQ.c.0,2024-06-26,606,2,607,19977.05573299875,2024-06-26,19978.091097257955,19954.5,19918.5,36.0,19936.5,14.321428571428571,19929.0,20028.0,19912.0,19982.75,116.0,19968.5,19981.0,19792.25,0.6099137931034483,False,False,True,False,False,True,False,False,False,False,19968.5,19929.0,1,1,True,True,True,False,True,0.8571428571428571,True,14.75,13.225,0.00043637783449054557,0.0004159026435241951,20041.75,5.0375,20007.5,19952.5,107.0,242,2024-06-26 10:07:00-04:00,2024-06-26 11:11:00-04:00,long,1,-175.0,175.0,2.5,stop,oos,wednesday,1.0299251870324189,36.0,1.0492307305210944,17.71712158808933,1.9401816818181497,1.3680555555555556,True
2024-06-27 14:14:00+00:00,33,1,13941,20088.5,20112.5,20084.5,20110.75,9027,MNQ.c.0,2024-06-27,614,3,615,20025.657599617003,2024-06-27,20010.675463164982,20101.25,19989.75,111.5,20045.5,16.410714285714285,19990.5,20116.5,19954.25,20059.75,162.25,19982.75,20028.0,19912.0,0.650231124807396,True,False,False,False,False,False,False,True,True,True,19990.5,19982.75,1,1,True,True,True,False,True,0.8571428571428571,True,15.225,16.075,0.0004941084065153967,0.0005004832515415844,19973.25,3.7125,19985.25,20007.5,102.5,243,2024-06-27 10:15:00-04:00,2024-06-27 11:28:00-04:00,long,1,-246.5,246.5,2.5,stop,oos,thursday,0.9277475516866159,111.5,0.9872626206640244,9.225589225589227,6.22547663048324,0.08520179372197309,True
2024-06-28 13:45:00+00:00,33,1,13941,20103.25,20116.5,20102.75,20110.5,6326,MNQ.c.0,2024-06-28,585,4,586,20098.332623983915,2024-06-28,20099.995094869795,20105.5,20039.0,66.5,20072.25,14.357142857142858,20070.25,20273.25,19906.0,19945.0,367.25,20059.75,20116.5,19954.25,0.10619469026548672,False,False,False,False,False,False,False,False,False,False,20070.25,20059.75,1,1,True,True,True,False,True,0.8571428571428571,True,13.675,14.1625,0.00041258055115845374,0.0003569302517349311,20119.0,3.0375,20110.5,19985.25,80.25,244,2024-06-28 09:46:00-04:00,2024-06-28 10:14:00-04:00,long,1,288.0,148.5,2.5,target,oos,friday,0.9524875621890547,66.5,1.1559136530261114,44.032921810699584,0.7417408741539179,0.07518796992481203,True
2024-07-02 13:46:00+00:00,33,1,13941,20080.0,20096.5,20076.75,20092.25,8104,MNQ.c.0,2024-07-02,586,1,587,19989.248949179142,2024-07-02,19990.14016654393,20083.0,19976.5,106.5,20029.75,21.392857142857142,19982.0,20259.5,19976.5,20245.5,283.0,20051.25,20074.0,19811.5,0.950530035335689,False,False,False,False,False,True,False,False,False,False,20051.25,19982.0,1,1,True,True,True,False,True,0.8571428571428571,True,22.6,19.6375,0.0006121608121548449,0.00038115029291236984,19957.5,5.6,20086.75,19969.75,120.25,245,2024-07-02 09:47:00-04:00,2024-07-02 16:00:00-04:00,long,1,303.5,235.5,2.5,time_exit,oos,tuesday,1.0564273789649417,106.5,1.6060877389790873,2.1875,5.199736904191989,0.08685446009389672,True
2024-07-03 14:46:00+00:00,33,1,13941,20305.0,20316.75,20304.75,20316.25,6129,MNQ.c.0,2024-07-03,646,2,647,20257.51924673772,2024-07-03,20256.330859076763,20267.5,20216.0,51.5,20241.75,10.089285714285714,20216.25,20435.5,20216.0,20419.0,219.5,20245.5,20259.5,19976.5,0.9248291571753986,False,False,False,False,False,True,False,False,False,False,20245.5,20216.25,1,1,True,True,True,False,True,0.8571428571428571,True,10.35,10.225,0.0002949995444244562,0.0004025787281314406,20263.25,3.575,20387.5,20086.75,51.5,246,2024-07-03 10:47:00-04:00,2024-07-03 18:00:00-04:00,long,1,177.0,204.0,2.5,time_exit,oos,wednesday,1.025840707964602,51.5,0.7327747936253101,49.370629370629366,5.860062681979183,0.9466019417475728,True
2024-07-05 13:55:00+00:00,33,1,13941,20484.5,20508.5,20484.0,20502.25,10190,MNQ.c.0,2024-07-05,595,4,596,20451.28727222995,2024-07-05,20446.870332093527,20494.75,20440.0,54.75,20467.375,18.303571428571427,20441.5,20639.75,20428.0,20613.0,211.75,20381.5,20406.25,20369.5,0.8736717827626919,True,True,True,False,False,False,False,True,True,True,20441.5,20381.5,1,1,True,True,True,False,True,0.8571428571428571,True,17.7,17.6125,0.0006133556196273599,0.00038793351218025635,20434.75,2.975,20592.25,20383.75,98.75,247,2024-07-05 09:56:00-04:00,2024-07-05 13:39:00-04:00,long,1,248.0,128.5,2.5,target,oos,friday,0.9670243902439025,54.75,1.5810843878379846,17.142857142857142,3.144338844938118,0.136986301369863,True
2024-07-12 13:48:00+00:00,33,1,13941,20474.0,20487.0,20474.0,20483.25,5038,MNQ.c.0,2024-07-12,588,4,589,20435.99384472469,2024-07-12,20435.49834899555,20477.75,20425.25,52.5,20451.5,17.696428571428573,20443.25,20741.0,20425.25,20546.25,315.75,20416.25,20902.25,20376.25,0.3832145684877276,False,False,False,False,False,False,True,False,False,False,20443.25,20416.25,1,1,True,True,True,False,True,1.0,True,17.2,20.0875,0.0005019410291604361,0.00034464146188942425,20425.5,4.7125,20587.0,20477.0,87.0,248,2024-07-12 09:49:00-04:00,2024-07-12 10:36:00-04:00,long,2,462.0,240.0,5.0,target,oos,friday,0.9719475277497476,52.5,1.4564150999379184,10.928381962864721,2.3771823773217955,0.10476190476190476,True
2024-07-15 14:09:00+00:00,33,1,13941,20664.25,20678.25,20660.25,20667.75,6834,MNQ.c.0,2024-07-15,609,0,610,20623.248275517126,2024-07-15,20613.350124732508,20665.5,20595.5,70.0,20630.5,16.607142857142858,20610.0,20796.5,20506.25,20599.25,290.25,20546.25,20741.0,20425.25,0.32041343669250644,False,False,True,False,False,False,False,False,False,False,20610.0,20546.25,1,1,True,True,True,False,True,0.8571428571428571,True,16.875,17.975,0.0004047783028584103,0.0005326763052611712,20625.75,2.075,20698.75,20587.0,126.5,249,2024-07-15 10:10:00-04:00,2024-07-15 13:01:00-04:00,long,1,-150.0,150.0,2.5,stop,oos,monday,1.0161290322580645,70.0,0.7598954540693291,18.67469879518072,3.0264186518771883,0.03214285714285714,True
2024-07-22 13:46:00+00:00,33,1,13941,19976.25,19998.5,19976.25,19997.5,9800,MNQ.c.0,2024-07-22,586,0,587,19881.20534841865,2024-07-22,19852.603693405315,19979.25,19882.25,97.0,19930.75,23.428571428571427,19955.0,20044.25,19809.0,19998.75,235.25,19726.0,19976.75,19654.0,0.8065887353878852,False,False,False,False,False,False,True,False,False,False,19955.0,19726.0,1,1,True,True,True,False,True,0.5714285714285714,True,23.3,22.7875,0.0008060729713614391,0.000548846688358111,19831.5,4.5,19872.5,19807.25,122.5,250,2024-07-22 09:47:00-04:00,2024-07-22 11:16:00-04:00,long,1,-235.0,235.0,2.5,stop,oos,monday,0.9945121951219513,97.0,1.4686669127453917,5.388888888888889,6.358587233996031,0.18814432989690721,True
2024-08-13 13:49:00+00:00,33,1,13941,18880.75,18904.5,18877.0,18903.0,5190,MNQ.c.0,2024-08-13,589,1,590,18785.30560775252,2024-08-13,18766.666264441334,18891.25,18815.75,75.5,18853.5,19.428571428571427,18821.75,19112.75,18815.75,19088.0,297.0,18654.0,18765.5,18524.0,0.9166666666666666,True,True,False,False,False,False,False,True,True,True,18821.75,18654.0,1,1,True,True,True,False,True,0.8571428571428571,True,19.925,21.2875,0.0005384497061902204,0.0004088723746498693,18747.0,4.725,18973.0,18714.75,189.5,251,2024-08-13 09:50:00-04:00,2024-08-13 13:01:00-04:00,long,1,348.0,178.5,2.5,target,oos,tuesday,1.0255514705882354,75.5,1.3169138821161797,6.825396825396826,6.404403314558608,0.15562913907284767,True
2024-08-15 13:50:00+00:00,33,1,13941,19409.25,19415.0,19403.0,19411.5,5650,MNQ.c.0,2024-08-15,590,3,591,19274.49529654923,2024-08-15,19255.109047883398,19395.75,19336.25,59.5,19366.0,21.071428571428573,19352.25,19603.5,19336.25,19587.5,267.25,19117.25,19203.75,18925.5,0.9401309635173059,False,False,False,False,False,False,False,False,False,False,19352.25,19117.25,1,1,True,True,True,False,True,0.8571428571428571,True,20.7,22.7,0.0005018121746393449,0.00044038801765378094,19164.25,4.325,19533.5,19189.75,123.5,252,2024-08-15 09:51:00-04:00,2024-08-15 12:21:00-04:00,long,1,302.0,155.5,2.5,target,oos,thursday,0.9823728813559321,59.5,1.1394773575194175,5.895953757225433,6.889469256237993,0.2647058823529412,True
2024-08-20 13:57:00+00:00,33,1,13941,19906.0,19921.5,19904.75,19918.25,4292,MNQ.c.0,2024-08-20,597,1,598,19871.185885775347,2024-08-20,19872.321330384624,19878.5,19816.75,61.75,19847.625,13.625,19817.75,19924.75,19743.0,19822.25,181.75,19844.25,19866.5,19529.25,0.4360385144429161,False,False,False,False,False,True,False,False,False,False,19844.25,19817.75,1,1,True,True,True,False,True,0.8571428571428571,True,13.575,13.85,0.00039527270972249904,0.0003206745798670393,19892.5,4.4125,19851.0,19622.75,85.75,253,2024-08-20 09:58:00-04:00,2024-08-20 10:17:00-04:00,long,1,-208.0,208.0,2.5,stop,oos,tuesday,0.9963302752293578,61.75,1.2326287599297399,61.13314447592069,3.316149430713057,0.6437246963562753,True
2024-09-25 13:59:00+00:00,33,1,42008411,20218.25,20233.75,20217.5,20232.25,4160,MNQ.c.0,2024-09-25,599,2,600,20148.144005629703,2024-09-25,20147.663017404317,20205.75,20138.25,67.5,20172.0,13.357142857142858,20140.75,20272.75,20135.5,20195.5,137.25,20165.75,20214.75,19952.0,0.4371584699453552,False,False,False,True,False,True,False,False,False,False,20165.75,20140.75,1,1,True,True,True,False,True,0.8571428571428571,True,13.15,14.85,0.0003843020149523641,0.0003889531697792502,20088.75,4.7875,20201.75,20195.0,128.75,254,2024-09-25 10:00:00-04:00,2024-09-25 13:00:00-04:00,long,1,-191.0,191.0,2.5,stop,oos,wednesday,0.9844919786096257,67.5,0.9880418641927359,22.193211488250654,5.696093104086422,0.3925925925925926,True
2024-10-08 14:00:00+00:00,33,1,42008411,20155.75,20192.25,20155.75,20191.75,12943,MNQ.c.0,2024-10-08,600,1,601,20069.25698700749,2024-10-08,20048.980319471208,20115.75,20069.5,46.25,20092.625,18.696428571428573,20103.25,20329.5,20069.5,20286.5,260.0,20007.5,20187.75,19948.0,0.8346153846153846,False,False,False,False,False,False,True,False,False,False,20103.25,20007.5,1,1,True,True,True,False,True,1.0,True,19.85,19.425,0.0005167017123568246,0.00042939452402262563,20074.25,7.975,20247.5,20150.5,179.0,255,2024-10-08 10:01:00-04:00,2024-10-08 16:00:00-04:00,long,1,185.5,249.5,2.5,time_exit,oos,tuesday,1.0617000955109837,46.25,1.2033262732749674,9.561128526645769,7.349790503412735,1.6432432432432433,True
2024-10-14 13:46:00+00:00,33,1,42008411,20608.0,20630.5,20608.0,20615.5,6191,MNQ.c.0,2024-10-14,586,0,587,20528.019435609698,2024-10-14,20501.25062279604,20609.0,20540.75,68.25,20574.875,14.910714285714286,20551.0,20680.0,20525.0,20614.75,155.0,20449.0,20494.5,20313.25,0.5790322580645161,True,True,True,False,False,False,False,True,True,True,20551.0,20449.0,1,1,True,True,True,False,True,0.8571428571428571,True,13.675,14.15,0.00031700077809904224,0.0001978988236138677,20483.0,3.1375,20585.25,20461.5,105.0,256,2024-10-14 09:47:00-04:00,2024-10-14 11:01:00-04:00,long,1,-153.5,153.5,2.5,stop,oos,monday,0.917125748502994,68.25,1.6018325541821385,6.852589641434262,8.07416093314203,0.09523809523809523,True
2024-10-25 13:45:00+00:00,33,1,42008411,20586.75,20599.25,20586.25,20592.25,6650,MNQ.c.0,2024-10-25,585,4,586,20476.27288299597,2024-10-25,20462.4038767543,20588.75,20490.0,98.75,20539.375,17.285714285714285,20491.0,20707.5,20460.0,20497.25,247.5,20391.25,20408.75,20260.5,0.1505050505050505,True,False,True,False,False,True,False,True,True,True,20491.0,20391.25,1,1,True,True,True,False,True,0.8571428571428571,True,15.2,16.1125,0.000450961104306162,0.00031886911304208464,20440.0,4.375,20613.5,20330.75,83.0,257,2024-10-25 09:46:00-04:00,2024-10-25 13:44:00-04:00,long,1,-210.0,210.0,2.5,stop,oos,friday,0.8793388429752066,98.75,1.4142514463188027,24.97142857142857,8.058719829058257,0.035443037974683546,True
2024-11-01 13:55:00+00:00,33,1,42008411,20152.5,20171.5,20152.0,20169.25,4092,MNQ.c.0,2024-11-01,595,4,596,20111.480236272142,2024-11-01,20104.207616099822,20164.75,20057.25,107.5,20111.0,17.142857142857142,20068.5,20287.25,20057.25,20164.25,230.0,20031.5,20369.0,20007.75,0.4652173913043478,False,False,False,False,False,False,True,False,False,False,20068.5,20031.5,1,1,True,True,True,False,True,1.0,True,17.15,18.0375,0.0004902686934360144,0.000432105084888131,20109.0,4.8375,20226.5,20063.5,109.25,258,2024-11-01 09:56:00-04:00,2024-11-01 16:00:00-04:00,long,1,-13.5,228.5,2.5,time_exit,oos,friday,1.0004166666666665,107.5,1.134605239748432,9.405684754521964,3.6059533693792267,0.04186046511627907,True
2024-11-05 14:49:00+00:00,33,1,42008411,20240.75,20253.5,20237.25,20249.75,6656,MNQ.c.0,2024-11-05,589,1,590,20167.320372560964,2024-11-05,20149.853713894547,20243.0,20147.0,96.0,20195.0,17.875,20152.25,20373.0,20147.0,20346.25,226.0,20088.0,20226.75,20013.25,0.8816371681415929,True,False,False,False,False,False,False,True,True,True,20152.25,20088.0,1,1,True,True,True,False,True,0.8571428571428571,True,18.25,20.875,0.0005483698805234564,0.00041147244065091573,20159.75,4.7875,20245.0,20187.25,126.0,259,2024-11-05 09:50:00-05:00,2024-11-05 21:19:00-05:00,long,1,410.0,209.5,2.5,target,oos,tuesday,1.020979020979021,96.0,1.3327013582148541,5.7441253263707575,4.785450831398962,0.0703125,True
2024-11-07 14:56:00+00:00,33,1,42008411,21083.75,21097.75,21079.25,21097.75,4315,MNQ.c.0,2024-11-07,596,3,597,20999.364415673674,2024-11-07,20980.240702978634,21091.5,21003.75,87.75,21047.625,14.357142857142858,21006.25,21253.5,21003.75,21222.75,249.75,20914.25,20935.75,20643.5,0.8768768768768769,False,False,False,False,False,True,False,False,False,False,21006.25,20914.25,1,1,True,True,True,False,True,0.8571428571428571,True,15.275,14.25,0.0003933319333797921,0.00034390027855338496,20948.0,5.2375,21168.75,20715.5,105.0,260,2024-11-07 09:57:00-05:00,2024-11-07 16:00:00-05:00,long,1,247.0,192.0,2.5,time_exit,oos,thursday,1.0639303482587064,87.75,1.1437383390160112,44.39140811455847,8.246266457639745,0.07122507122507123,True
2024-11-18 15:27:00+00:00,33,1,42008411,20629.25,20640.5,20624.75,20639.75,3646,MNQ.c.0,2024-11-18,627,0,628,20565.984340512692,2024-11-18,20571.060184176564,20571.5,20520.25,51.25,20545.875,12.571428571428571,20557.0,20724.5,20500.5,20636.0,224.0,20514.0,20774.0,20405.25,0.6049107142857143,False,False,False,False,False,False,False,False,False,False,20557.0,20514.0,1,1,True,True,True,False,True,0.8571428571428571,True,12.975,12.5125,0.00045053214359730404,0.0004588484771161636,20581.25,9.5125,20680.75,20553.25,181.5,261,2024-11-18 10:28:00-05:00,2024-11-18 16:00:00-05:00,long,1,-11.5,244.0,2.5,time_exit,oos,monday,1.0321022727272726,51.25,0.9818756431946178,2.9434954007884366,5.489695570304593,1.3317073170731708,True
2024-11-26 14:45:00+00:00,33,1,42008411,20977.75,21006.0,20977.25,21006.0,8157,MNQ.c.0,2024-11-26,585,1,586,20933.92377742116,2024-11-26,20905.032688523297,21003.0,20938.5,64.5,20970.75,20.303571428571427,20938.75,21025.0,20903.75,21001.75,121.25,20878.75,21081.25,20780.25,0.8082474226804124,False,False,False,False,False,False,False,False,False,False,20938.75,20878.75,1,1,True,True,True,False,True,0.8571428571428571,True,20.7,18.7375,0.0006994466744608383,0.00039617577442350196,20887.5,5.8625,20962.0,20891.0,179.0,262,2024-11-26 09:46:00-05:00,2024-11-26 10:00:00-05:00,long,1,-139.0,139.0,2.5,stop,oos,tuesday,1.0195250659630608,64.5,1.7654958218448442,0.5970149253731344,5.388515622505825,0.046511627906976744,True
2024-12-02 14:49:00+00:00,33,1,42008411,21137.25,21149.5,21132.5,21149.0,4703,MNQ.c.0,2024-12-02,589,0,590,21041.923618587683,2024-12-02,21023.4720402224,21139.5,21026.5,113.0,21083.0,18.25,21042.75,21259.5,21026.5,21222.75,233.0,20991.5,21018.0,20805.75,0.842274678111588,False,False,False,True,False,True,False,False,False,False,21042.75,20991.5,1,1,True,True,True,False,True,0.8571428571428571,True,17.925,21.2375,0.0004593246514596074,0.00034437238486267945,20962.0,3.425,21167.0,20959.5,63.75,263,2024-12-02 09:50:00-05:00,2024-12-02 16:00:00-05:00,long,1,144.5,249.0,2.5,time_exit,oos,monday,0.9821917808219178,113.0,1.3338022200669948,0.7299270072992701,5.910674974813367,0.084070796460177,True
2024-12-06 14:45:00+00:00,33,1,42008411,21551.5,21572.0,21547.75,21565.75,9454,MNQ.c.0,2024-12-06,585,4,586,21502.196984849626,2024-12-06,21495.11703110223,21555.0,21485.0,70.0,21520.0,14.0,21491.0,21669.5,21485.0,21651.5,184.5,21464.0,21567.75,21458.75,0.9024390243902439,True,False,False,False,False,False,True,True,True,True,21491.0,21464.0,1,1,True,True,True,False,True,1.0,True,14.0,14.45,0.0003727540157117776,0.00028349193218720473,21468.5,3.8125,21621.5,21504.25,71.5,264,2024-12-06 09:46:00-05:00,2024-12-06 16:00:00-05:00,long,1,167.5,166.5,2.5,time_exit,oos,friday,1.0,70.0,1.3148663979108528,9.37704918032787,4.888094733409773,0.15357142857142858,True
2024-12-11 14:45:00+00:00,33,1,42008411,21636.25,21655.75,21633.25,21653.75,8982,MNQ.c.0,2024-12-11,585,2,586,21536.05879140805,2024-12-11,21523.031352862603,21639.5,21573.0,66.5,21606.25,16.089285714285715,21590.25,21819.75,21573.0,21779.5,246.75,21413.0,21606.75,21352.75,0.8368794326241135,False,False,False,False,False,False,True,False,False,False,21590.25,21413.0,1,1,True,True,True,False,True,1.0,True,16.225,14.675,0.0004966538720337476,0.00032672048232269607,21448.0,4.725,21694.75,21495.5,50.5,265,2024-12-11 09:46:00-05:00,2024-12-11 15:17:00-05:00,long,1,324.0,166.5,2.5,target,oos,wednesday,1.0084350721420643,66.5,1.5201185689460734,10.052910052910054,8.907573910555165,0.21428571428571427,True
2024-12-13 14:45:00+00:00,33,1,42008411,21888.5,21903.5,21888.5,21901.0,7893,MNQ.c.0,2024-12-13,585,4,586,21808.900465608505,2024-12-13,21792.451302617148,21895.0,21790.25,104.75,21842.625,17.232142857142858,21795.0,21908.0,21666.75,21791.0,241.25,21636.25,21744.5,21624.75,0.5150259067357513,True,False,True,False,False,False,True,True,True,True,21795.0,21636.25,1,1,True,True,True,False,True,1.0,True,18.55,16.2875,0.00047873192189857336,0.0003372164492152926,21776.0,4.5125,21689.5,21726.5,80.0,266,2024-12-13 09:46:00-05:00,2024-12-13 10:40:00-05:00,long,1,-228.0,228.0,2.5,stop,oos,friday,1.076476683937824,104.75,1.4196576798450646,10.969529085872576,6.664540130950235,0.057279236276849645,True
2024-12-16 14:53:00+00:00,33,1,42008411,21947.25,21963.75,21936.5,21958.0,4273,MNQ.c.0,2024-12-16,593,0,594,21887.64062187766,2024-12-16,21869.353802278143,21950.75,21896.0,54.75,21923.375,21.392857142857142,21899.5,22152.5,21896.0,22117.0,256.5,21791.0,21908.0,21666.75,0.8615984405458089,False,False,False,False,False,False,False,False,False,False,21899.5,21791.0,1,1,True,True,True,False,True,0.8571428571428571,True,20.1,20.9,0.0005620604167802637,0.00038870726711366763,21828.75,4.2375,22011.75,21689.5,71.25,267,2024-12-16 09:54:00-05:00,2024-12-16 12:40:00-05:00,long,1,248.0,128.5,2.5,target,oos,monday,0.9395659432387313,54.75,1.4459735238649483,32.86135693215339,4.241444867074492,0.1324200913242009,True
2024-12-23 17:01:00+00:00,33,1,42003617,21699.5,21716.5,21699.0,21715.0,3788,MNQ.c.0,2024-12-23,721,0,722,21610.925266577862,2024-12-23,21616.658481727252,21675.5,21605.5,70.0,21640.5,13.178571428571429,21619.25,21777.0,21476.0,21764.75,301.0,21119.75,21424.0,21093.0,0.9593023255813954,False,False,False,False,False,False,True,False,False,False,21619.25,21119.75,1,1,True,True,True,False,True,1.0,True,11.275,13.8375,0.0004008171675347663,0.0004244604233781682,21663.5,9.825,21574.0,20982.0,176.25,268,2024-12-23 12:02:00-05:00,2024-12-23 16:00:00-05:00,long,1,95.5,224.0,2.5,time_exit,oos,monday,0.8555555555555555,70.0,0.9442980910794193,69.36386768447838,7.106884789358456,0.5642857142857143,True
2024-12-24 14:46:00+00:00,33,1,42003617,21874.0,21880.75,21864.75,21876.25,3121,MNQ.c.0,2024-12-24,586,1,587,21807.366241944004,2024-12-24,21793.09750781494,21875.0,21799.0,76.0,21837.0,18.214285714285715,21825.75,22050.0,21799.0,22046.25,251.0,21764.75,21777.0,21476.0,0.9850597609561753,False,False,False,False,False,True,False,False,False,False,21825.75,21764.75,1,1,True,True,True,False,True,0.8571428571428571,True,18.475,18.15,0.0005359355385670619,0.0003493317853120189,21780.75,5.95,21959.25,21574.0,92.5,269,2024-12-24 09:47:00-05:00,2024-12-24 12:59:00-05:00,long,1,309.0,159.0,2.5,target,oos,tuesday,1.0143137254901962,76.0,1.5341734165082368,34.747899159663866,4.581404528102558,0.01644736842105263,True
2025-01-22 14:49:00+00:00,33,1,42003617,21970.75,21987.75,21969.25,21987.0,6331,MNQ.c.0,2025-01-22,589,2,590,21919.270445801456,2025-01-22,21899.051342249648,21982.0,21902.5,79.5,21942.25,19.642857142857142,21914.25,22094.0,21902.5,22000.0,191.5,21752.75,21772.0,21525.5,0.5091383812010444,False,False,False,False,False,True,False,False,False,False,21914.25,21752.75,1,1,True,True,True,False,True,0.8571428571428571,True,18.15,22.2125,0.00047115856837788486,0.00038694828403168226,21896.25,5.2125,21991.75,21609.25,130.25,270,2025-01-22 09:50:00-05:00,2025-01-22 16:00:00-05:00,long,1,23.0,173.0,2.5,time_exit,oos,wednesday,0.9239999999999999,79.5,1.2176267160789571,55.0599520383693,3.9594218458233943,0.06289308176100629,True
2025-01-31 14:52:00+00:00,33,1,42003617,21824.5,21848.75,21824.25,21839.25,7857,MNQ.c.0,2025-01-31,592,4,593,21790.1580659653,2025-01-31,21773.267320617197,21838.25,21764.0,74.25,21801.125,20.892857142857142,21774.25,21965.75,21536.25,21586.0,429.5,21648.25,21748.75,21419.0,0.11583236321303841,False,False,False,False,False,False,False,False,False,False,21774.25,21648.25,1,1,True,True,True,False,True,0.8571428571428571,True,20.5,22.2625,0.0005439028364798776,0.0004978219997725487,21794.75,5.0625,21953.5,21479.5,146.75,271,2025-01-31 09:53:00-05:00,2025-01-31 13:34:00-05:00,long,1,-156.0,156.0,2.5,stop,oos,friday,0.9811965811965813,74.25,1.0925648861006203,62.27160493827161,2.963848596644731,0.013468013468013467,True
2025-02-10 15:23:00+00:00,33,1,42003617,21858.75,21868.0,21858.25,21864.0,3487,MNQ.c.0,2025-02-10,623,0,624,21768.68567836567,2025-02-10,21737.098708226044,21803.0,21742.25,60.75,21772.625,11.946428571428571,21764.5,21893.75,21742.25,21833.25,151.5,21599.75,21967.75,21553.0,0.6006600660066007,False,False,False,True,False,False,True,False,False,False,21764.5,21599.75,1,1,True,True,True,False,True,1.0,True,11.9,12.7875,0.0003038820815645338,0.0004322964933595187,21711.25,4.0375,21879.0,21701.0,316.5,272,2025-02-10 10:24:00-05:00,2025-02-10 16:00:00-05:00,long,1,-65.0,248.0,2.5,time_exit,oos,monday,0.9961136023916294,60.75,0.7029482918146429,2.538699690402477,9.92385468418037,1.0041152263374487,True
2025-04-24 13:45:00+00:00,33,1,42009475,18954.5,18969.25,18952.25,18965.25,7322,MNQ.c.0,2025-04-24,585,3,586,18781.641840477903,2025-04-24,18786.62963710697,18961.25,18846.5,114.75,18903.875,25.767857142857142,18875.5,19338.5,18846.5,19319.25,492.0,18781.25,19165.75,18729.75,0.9608739837398373,False,False,False,False,False,False,True,False,False,False,18875.5,18781.25,1,1,True,True,True,False,True,0.5714285714285714,True,24.6,24.125,0.0008756761988517799,0.0005701176728168955,18654.5,7.225,19166.0,18858.25,281.5,273,2025-04-24 09:46:00-04:00,2025-04-24 11:11:00-04:00,long,1,474.0,241.5,2.5,target,oos,thursday,0.9546777546777547,114.75,1.5359569446867867,28.200692041522494,7.40395286603236,0.034858387799564274,True
2025-05-13 13:50:00+00:00,33,1,42009475,21056.5,21088.25,21056.5,21086.75,7492,MNQ.c.0,2025-05-13,590,1,591,20961.726858679784,2025-05-13,20946.560558232854,21080.5,20973.25,107.25,21026.875,17.535714285714285,21004.25,21347.0,20973.25,21251.0,373.75,20971.5,20972.25,20690.0,0.7431438127090301,False,False,False,False,False,True,False,False,False,False,21004.25,20971.5,1,1,True,True,True,False,True,0.8571428571428571,True,17.7,19.6875,0.0005381103782655586,0.00042902684061831025,20858.0,5.6625,21271.25,20764.5,148.5,274,2025-05-13 09:51:00-04:00,2025-05-13 12:35:00-04:00,long,1,454.0,231.5,2.5,target,oos,tuesday,1.009368635437882,107.25,1.2542580727351182,16.5121412803532,7.120733550077282,0.05827505827505827,True
2025-06-03 14:02:00+00:00,33,1,42009475,21613.5,21632.25,21607.75,21629.0,5858,MNQ.c.0,2025-06-03,602,1,603,21518.71023528644,2025-06-03,21513.07314577871,21595.75,21510.0,85.75,21552.875,18.160714285714285,21546.25,21759.75,21510.0,21685.0,249.75,21537.25,21549.0,21234.5,0.7007007007007007,False,False,False,False,False,True,False,False,False,False,21546.25,21537.25,1,1,True,True,True,False,True,0.8571428571428571,True,16.65,18.1375,0.00046294129652739386,0.0004855827778915283,21443.75,6.6875,21686.0,21431.25,156.5,275,2025-06-03 10:03:00-04:00,2025-06-03 16:00:00-04:00,long,1,107.5,243.5,2.5,time_exit,oos,tuesday,0.9168141592920354,85.75,0.9533725609823992,1.8691588785046729,6.391556400898058,0.3877551020408163,True
2025-06-06 13:46:00+00:00,33,1,42009475,21846.25,21861.75,21845.75,21857.75,4309,MNQ.c.0,2025-06-06,586,4,587,21733.594539424357,2025-06-06,21694.90414356494,21852.25,21768.0,84.25,21810.125,20.571428571428573,21797.5,21880.0,21721.5,21782.0,158.5,21616.5,21936.25,21503.5,0.38170347003154576,False,False,False,True,False,False,False,False,False,False,21797.5,21616.5,1,1,True,True,True,False,True,0.8571428571428571,True,19.225,19.7875,0.0004552897132779332,0.00035258630214040477,21678.75,4.925,21811.25,21915.75,217.5,276,2025-06-06 09:47:00-04:00,2025-06-06 10:32:00-04:00,long,1,-184.5,184.5,2.5,stop,oos,friday,0.9345486111111111,84.25,1.2912858795536262,48.121827411167516,8.229733742769856,0.06528189910979229,True
2025-06-16 13:45:00+00:00,33,1,42009475,21862.5,21886.75,21862.0,21878.0,2742,MNQ.c.0,2025-06-16,585,0,586,21790.90663685787,2025-06-16,21737.849387206967,21876.0,21792.25,83.75,21834.125,19.589285714285715,21793.5,21996.5,21792.25,21945.5,204.25,21665.5,21855.75,21601.25,0.7503059975520195,False,False,False,False,False,False,False,False,False,False,21793.5,21665.5,1,1,True,True,True,False,True,0.8571428571428571,True,17.925,19.25,0.0003884025223648179,0.00036739794615221673,21753.0,6.0875,21958.5,21826.25,286.5,277,2025-06-16 09:46:00-04:00,2025-06-16 19:59:00-04:00,long,1,-177.0,177.0,2.5,stop,oos,monday,0.9150410209662716,83.75,1.0571711857199624,12.032854209445585,7.2805513139238105,0.023880597014925373,True
2025-06-27 13:56:00+00:00,33,1,42003472,22755.75,22769.0,22754.75,22765.5,6932,MNQ.c.0,2025-06-27,596,4,597,22733.39039160932,2025-06-27,22723.52157784847,22743.0,22682.0,61.0,22712.5,9.571428571428571,22707.25,22823.75,22600.0,22735.25,223.75,22652.0,22692.75,22476.25,0.6044692737430167,False,False,False,False,False,True,False,False,False,False,22707.25,22652.0,1,1,True,True,True,False,True,0.8571428571428571,True,9.65,10.6375,0.0001915581574052421,0.0002860039941671714,22737.75,2.4375,22799.5,22615.75,99.5,278,2025-06-27 09:57:00-04:00,2025-06-27 14:19:00-04:00,long,1,-172.0,172.0,2.5,stop,oos,friday,1.0082089552238807,61.0,0.6697744133366018,50.05128205128205,3.9462676523176716,0.36885245901639346,True
2025-07-02 14:03:00+00:00,33,1,42003472,22726.25,22737.0,22724.5,22737.0,3646,MNQ.c.0,2025-07-02,603,2,604,22689.775898030566,2025-07-02,22693.763536104536,22707.25,22650.75,56.5,22679.0,13.285714285714286,22654.25,22858.75,22650.75,22839.75,208.0,22681.25,22845.0,22593.75,0.9086538461538461,False,False,False,False,False,False,False,False,False,False,22681.25,22654.25,1,1,True,True,True,False,True,0.8571428571428571,True,14.0,14.0625,0.0003581867331813015,0.0003563455074254604,22710.0,4.3375,22823.25,22658.5,105.75,279,2025-07-02 10:04:00-04:00,2025-07-02 16:00:00-04:00,long,1,202.0,177.0,2.5,time_exit,oos,wednesday,1.053763440860215,56.5,1.0051669677811954,11.873198847262247,3.0745929881218923,0.5265486725663717,True
2025-07-03 13:51:00+00:00,33,1,42003472,22971.75,22998.75,22961.0,22992.0,6976,MNQ.c.0,2025-07-03,591,3,592,22911.159566969534,2025-07-03,22900.52731791641,22986.0,22929.75,56.25,22957.875,15.660714285714286,22932.0,23101.25,22929.75,23059.0,171.5,22839.75,22858.75,22650.75,0.7536443148688047,False,False,False,False,False,True,False,False,False,False,22932.0,22839.75,1,1,True,True,True,False,True,0.8571428571428571,True,15.9,15.2625,0.00041301719165494284,0.0003264016561901163,22870.5,4.55,23089.0,22823.25,74.25,280,2025-07-03 09:52:00-04:00,2025-07-03 18:00:00-04:00,long,1,84.0,129.5,2.5,time_exit,oos,thursday,1.015279361459521,56.25,1.2653648773594959,10.384615384615385,5.993296123412906,0.10666666666666667,True
2025-07-09 13:45:00+00:00,33,1,42003472,23055.0,23074.75,23055.0,23074.25,7019,MNQ.c.0,2025-07-09,585,2,586,22957.87689885804,2025-07-09,22942.03547793006,23064.75,22977.75,87.0,23021.25,13.553571428571429,22978.5,23111.25,22917.0,23050.5,194.25,22893.75,22962.75,22841.0,0.6872586872586872,False,False,True,False,False,False,False,False,False,False,22978.5,22893.75,1,1,True,True,True,False,True,0.8571428571428571,True,13.675,13.4375,0.0002524256450655673,0.00023617570206377453,22932.0,6.1375,22957.0,22904.25,91.75,281,2025-07-09 09:46:00-04:00,2025-07-09 10:36:00-04:00,long,1,-197.5,197.5,2.5,stop,oos,wednesday,1.0089591567852438,87.0,1.0688044657422244,4.521384928716905,9.839220247065194,0.10919540229885058,True
2025-07-17 13:52:00+00:00,33,1,42003472,23144.5,23152.75,23139.75,23151.5,5238,MNQ.c.0,2025-07-17,592,3,593,23107.291355379715,2025-07-17,23095.563809999036,23128.25,23065.75,62.5,23097.0,12.410714285714286,23100.25,23281.0,23065.75,23251.75,215.25,23067.5,23100.0,22835.75,0.8641114982578397,False,False,False,False,False,True,False,False,False,False,23100.25,23067.5,1,1,True,True,True,False,True,0.8571428571428571,True,10.725,14.15,0.0003280448350935215,0.00029721755187680127,23116.25,3.525,23247.0,22989.5,134.75,282,2025-07-17 09:53:00-04:00,2025-07-17 16:00:00-04:00,long,1,196.0,177.0,2.5,time_exit,oos,thursday,0.8641726618705036,62.5,1.1037195920027576,35.95744680851064,3.9530876325769904,0.372,True
2025-07-21 13:45:00+00:00,33,1,42003472,23338.5,23370.75,23337.75,23368.0,10564,MNQ.c.0,2025-07-21,585,0,586,23289.55862608868,2025-07-21,23280.292193569923,23348.75,23255.0,93.75,23301.875,13.232142857142858,23256.25,23425.0,23255.0,23344.75,170.0,23226.25,23310.0,23170.0,0.5279411764705882,True,True,False,False,False,False,False,True,True,True,23256.25,23226.25,1,1,True,True,True,False,True,0.8571428571428571,True,13.775,13.0,0.000369694575318393,0.0002774822180504215,23295.5,1.8375,23374.75,23246.25,104.5,283,2025-07-21 09:46:00-04:00,2025-07-21 16:00:00-04:00,long,1,-50.0,230.5,2.5,time_exit,oos,monday,1.041025641025641,93.75,1.3323180775901668,26.802721088435376,6.7467543407751345,0.20533333333333334,True
2025-08-06 13:48:00+00:00,33,1,42003472,23221.25,23237.75,23218.25,23235.25,9087,MNQ.c.0,2025-08-06,588,2,589,23178.561830062456,2025-08-06,23158.93736728385,23228.0,23148.75,79.25,23188.375,24.196428571428573,23168.75,23444.75,23148.75,23410.0,296.0,23133.0,23397.25,23113.5,0.8826013513513513,False,False,False,False,False,False,True,False,False,False,23168.75,23133.0,1,1,True,True,True,False,True,0.5714285714285714,True,21.675,24.7,0.0007676854477632973,0.00045128899621336456,23151.75,6.1375,23359.25,23161.5,182.0,284,2025-08-06 09:49:00-04:00,2025-08-06 14:08:00-04:00,long,1,347.0,178.0,2.5,target,oos,wednesday,0.8957933579335793,79.25,1.7010949839342946,1.5885947046843176,3.0895802719089764,0.0914826498422713,True
2025-08-08 13:45:00+00:00,33,1,42003472,23604.0,23629.75,23604.0,23628.0,8626,MNQ.c.0,2025-08-08,585,4,586,23556.98669607146,2025-08-08,23557.080587036955,23614.25,23530.0,84.25,23572.125,16.767857142857142,23541.75,23724.75,23530.0,23723.0,194.75,23525.25,23671.25,23330.0,0.9910141206675225,False,False,False,False,False,False,False,False,False,False,23541.75,23525.25,1,1,True,True,True,False,True,0.8571428571428571,True,16.15,15.525,0.00048221513212488816,0.00030587576324950146,23568.0,3.4375,23678.25,23495.0,80.0,285,2025-08-08 09:46:00-04:00,2025-08-08 16:00:00-04:00,long,1,187.0,200.0,2.5,time_exit,oos,friday,0.9631522896698615,84.25,1.5765065103623377,21.236363636363638,4.568078129664737,0.1632047477744807,True
2025-08-12 15:10:00+00:00,33,1,42003472,23810.0,23832.25,23810.0,23831.0,6497,MNQ.c.0,2025-08-12,670,1,671,23719.061428326415,2025-08-12,23712.38423361902,23808.5,23710.0,98.5,23759.25,10.946428571428571,23733.0,23949.25,23622.0,23934.25,327.25,23637.25,23804.5,23587.0,0.9541634835752483,False,False,False,False,False,False,True,False,False,False,23733.0,23637.25,1,1,True,True,True,False,True,1.0,True,11.85,12.25,0.0002777673107236935,0.0004128813919082203,23645.5,4.05,23853.0,23761.75,80.75,286,2025-08-12 11:11:00-04:00,2025-08-12 16:00:00-04:00,long,1,204.0,245.5,2.5,time_exit,oos,tuesday,1.0825448613376836,98.5,0.6727532801609974,28.703703703703706,9.682919704569718,0.22842639593908629,True
2025-08-28 15:17:00+00:00,33,1,42003472,23748.25,23752.5,23745.5,23750.25,3765,MNQ.c.0,2025-08-28,677,3,678,23655.027912263282,2025-08-28,23640.535914320313,23743.25,23629.25,114.0,23686.25,9.803571428571429,23640.5,23803.75,23572.5,23754.75,231.25,23626.0,23657.5,23488.5,0.7881081081081082,True,True,False,False,False,True,False,True,True,True,23640.5,23626.0,1,1,True,True,True,False,True,0.8571428571428571,True,9.45,9.9125,0.0002871038363101727,0.00035885010624731126,23622.5,3.6125,23685.25,23619.25,175.25,287,2025-08-28 11:18:00-04:00,2025-08-28 16:00:00-04:00,long,1,5.5,246.5,2.5,time_exit,oos,thursday,0.9639344262295081,114.0,0.8000661872796194,0.8996539792387543,11.068255806273577,0.06140350877192982,True
2025-09-08 13:49:00+00:00,33,1,42003472,23832.5,23852.0,23831.5,23849.25,6954,MNQ.c.0,2025-09-08,589,0,590,23790.362976447635,2025-09-08,23778.019103089424,23846.75,23771.25,75.5,23809.0,21.142857142857142,23784.25,23888.0,23758.5,23801.75,129.5,23682.5,23902.5,23505.0,0.333976833976834,False,False,False,False,False,False,False,False,False,False,23784.25,23682.5,1,1,True,True,True,False,True,0.8571428571428571,True,21.525,21.725,0.0006231267072542591,0.0003505454278069111,23764.0,2.9,23861.0,23628.0,141.5,288,2025-09-08 09:50:00-04:00,2025-09-08 13:52:00-04:00,long,1,-160.5,160.5,2.5,stop,oos,monday,1.0180743243243242,75.5,1.7775918834619413,46.896551724137936,3.2787524469770366,0.033112582781456956,True
2025-09-15 13:49:00+00:00,33,1,42003472,24222.0,24234.5,24221.75,24228.5,3394,MNQ.c.0,2025-09-15,589,0,590,24160.27850325917,2025-09-15,24150.309712689257,24227.5,24172.0,55.5,24199.75,12.714285714285714,24177.75,24315.75,24172.0,24296.25,143.75,24099.25,24159.0,24002.0,0.8643478260869565,False,False,False,False,False,False,False,False,False,False,24177.75,24099.25,1,1,True,True,True,False,True,0.8571428571428571,True,11.95,14.3,0.000292564910224209,0.0002331041185749192,24093.0,4.375,24277.75,24084.75,83.75,289,2025-09-15 09:50:00-04:00,2025-09-15 22:31:00-04:00,long,2,454.0,236.0,5.0,target,oos,monday,0.9398876404494382,55.5,1.2550825442845155,1.8857142857142857,5.467852259492507,0.018018018018018018,True
2025-09-22 13:52:00+00:00,33,1,42001149,24864.0,24869.75,24859.0,24866.75,3044,MNQ.c.0,2025-09-22,592,0,593,24815.797906073487,2025-09-22,24822.844465899572,24858.25,24814.25,44.0,24836.25,11.642857142857142,24815.25,25027.25,24814.25,24989.25,213.0,24456.75,24569.25,24355.75,0.8215962441314554,False,False,False,False,False,False,False,False,False,False,24815.25,24456.75,1,1,True,True,True,False,True,0.8571428571428571,True,10.775,12.1125,0.0002782410575291875,0.00021046679010392846,24784.25,5.25,24918.75,24566.0,127.5,290,2025-09-22 09:53:00-04:00,2025-09-22 12:29:00-04:00,long,2,422.0,220.0,5.0,target,oos,monday,0.9254601226993866,44.0,1.3220188201273566,41.57142857142857,3.6248118968361407,0.19318181818181818,True
2025-09-29 13:45:00+00:00,33,1,42001149,24914.25,24931.5,24913.0,24928.75,11066,MNQ.c.0,2025-09-29,585,0,586,24873.757359324834,2025-09-29,24851.43213002965,24916.0,24848.25,67.75,24882.125,17.517857142857142,24851.25,24975.0,24780.5,24840.25,194.5,24730.75,24737.5,24520.0,0.30719794344473006,True,False,False,False,False,True,False,True,True,True,24851.25,24730.75,1,1,True,True,True,False,True,0.8571428571428571,True,17.9,16.8,0.0002991250072461731,0.00022651268099941845,24890.25,3.15,24850.75,24573.25,172.0,291,2025-09-29 09:46:00-04:00,2025-09-29 11:36:00-04:00,long,1,-166.0,166.0,2.5,stop,oos,monday,1.021814475025484,67.75,1.3205662743753452,100.63492063492063,4.602254164901751,0.1881918819188192,True
2025-10-08 13:48:00+00:00,33,1,42001149,25153.0,25166.0,25151.75,25156.75,6093,MNQ.c.0,2025-10-08,588,2,589,25094.05466932756,2025-10-08,25087.8765574969,25152.75,25073.25,79.5,25113.0,14.946428571428571,25080.25,25343.75,25073.25,25322.25,270.5,25058.25,25265.5,24985.25,0.9205175600739371,False,False,False,True,False,False,False,False,False,False,25080.25,25058.25,1,1,True,True,True,False,True,0.8571428571428571,True,15.55,15.9375,0.00034225648579211735,0.00024010977972886873,25081.75,3.8375,25251.75,25050.75,85.0,292,2025-10-08 09:49:00-04:00,2025-10-08 15:51:00-04:00,long,1,333.0,171.0,2.5,target,oos,wednesday,1.0403823178016727,79.5,1.425416683063024,8.078175895765472,4.321470902155281,0.050314465408805034,True
2025-10-10 13:45:00+00:00,33,1,42001149,25368.5,25386.5,25365.75,25384.5,8546,MNQ.c.0,2025-10-10,585,4,586,25321.550552459736,2025-10-10,25322.60941314474,25376.75,25293.75,83.0,25335.25,15.928571428571429,25313.25,25388.0,24384.25,24404.75,1003.75,25289.5,25334.75,25160.75,0.02042341220423412,False,False,True,False,False,False,False,False,False,False,25313.25,25289.5,1,1,True,True,True,False,True,0.8571428571428571,True,15.575,15.875,0.00046487196242519575,0.00025759792852256784,25302.0,6.45,24789.0,25269.25,71.75,293,2025-10-10 09:46:00-04:00,2025-10-10 10:57:00-04:00,long,1,-186.0,186.0,2.5,stop,oos,friday,0.9778026905829595,83.0,1.8046416952629682,5.077519379844961,3.8986196444258936,0.09337349397590361,True
2025-10-20 13:53:00+00:00,33,1,42001149,25222.0,25233.5,25219.25,25229.5,2894,MNQ.c.0,2025-10-20,593,0,594,25133.818910534173,2025-10-20,25104.63136673484,25224.75,25114.75,110.0,25169.75,17.107142857142858,25118.75,25355.0,25114.75,25301.25,240.25,24984.5,25054.25,24672.25,0.7762747138397502,True,False,True,False,False,True,False,True,True,True,25118.75,24984.5,1,1,True,True,True,False,True,0.8571428571428571,True,15.975,17.225,0.00025281234893479945,0.00035253817499737575,25092.25,6.2625,25319.0,24877.75,196.75,294,2025-10-20 09:54:00-04:00,2025-10-20 16:00:00-04:00,long,1,140.0,234.0,2.5,time_exit,oos,monday,0.9338204592901879,110.0,0.7171204903885412,34.25149700598802,7.2492675335361145,0.04318181818181818,True
2025-10-23 13:45:00+00:00,33,1,42001149,25092.0,25121.75,25091.25,25117.75,11851,MNQ.c.0,2025-10-23,585,3,586,25037.350845512436,2025-10-23,25040.513173497548,25092.75,24998.75,94.0,25045.75,21.553571428571427,25016.25,25288.25,24998.75,25251.75,289.5,25045.5,25289.5,24805.25,0.8739205526770294,False,False,False,False,False,False,False,False,False,False,25045.5,25016.25,1,1,True,True,True,False,True,0.8571428571428571,True,19.7,19.5875,0.00045721119694100973,0.00032294989735908396,25048.0,9.9,25193.25,25088.5,177.25,295,2025-10-23 09:46:00-04:00,2025-10-23 16:00:00-04:00,long,1,264.5,242.5,2.5,time_exit,oos,thursday,0.9140016570008286,94.0,1.4157341453886338,4.090909090909091,3.9431691896593475,0.26595744680851063,True
2025-11-10 14:46:00+00:00,33,1,42001149,25633.5,25642.75,25632.75,25641.25,3229,MNQ.c.0,2025-11-10,586,0,587,25542.461937679855,2025-11-10,25482.591331435142,25639.75,25524.0,115.75,25581.875,16.982142857142858,25539.0,25760.0,25452.25,25714.25,307.75,25181.0,25185.25,24709.0,0.851340373679935,False,False,False,False,False,True,False,False,False,False,25539.0,25181.0,1,1,True,True,True,False,True,0.8571428571428571,True,14.775,18.5,0.0003558516687164008,0.00029355935825492517,25540.25,8.375,25501.5,24849.0,300.75,296,2025-11-10 09:47:00-05:00,2025-11-10 10:59:00-05:00,long,1,-239.0,239.0,2.5,stop,oos,monday,0.8700315457413249,115.75,1.2121966434038236,82.53731343283582,8.576144246749086,0.012958963282937365,True
2026-01-06 14:46:00+00:00,33,1,42004946,25688.75,25700.0,25684.75,25695.25,8288,MNQ.c.0,2026-01-06,586,1,587,25625.436091024592,2026-01-06,25619.47268089054,25679.0,25608.75,70.25,25643.875,25.357142857142858,25636.0,25837.75,25608.75,25822.0,229.0,25576.0,25708.0,25538.5,0.9312227074235808,False,False,True,False,False,False,True,False,False,False,25636.0,25576.0,1,1,True,True,True,False,True,0.5714285714285714,True,24.625,24.3875,0.0005062743804831885,0.0003457716275243013,25569.75,6.125,25680.5,25653.75,147.5,297,2026-01-06 09:47:00-05:00,2026-01-06 16:00:00-05:00,long,1,251.0,176.5,2.5,time_exit,oos,tuesday,0.9711267605633802,70.25,1.464187169167334,13.714285714285714,3.1072196456980103,0.2313167259786477,True
2026-03-17 13:45:00+00:00,33,1,42004946,24843.75,24867.75,24838.25,24867.75,1743,MNQ.c.0,2026-03-17,585,1,586,24670.371485432363,2026-03-17,24654.288962566316,24859.0,24746.5,112.5,24802.75,22.178571428571427,24782.5,24896.75,24727.0,24800.75,169.75,24669.25,24816.25,24602.25,0.43446244477172313,True,True,False,False,False,False,False,True,True,True,24782.5,24669.25,1,1,True,True,True,False,True,0.8571428571428571,True,19.8,22.1875,0.0006473407376460573,0.0003776761943251794,24626.75,9.8625,24768.5,24689.0,150.25,298,2026-03-17 09:46:00-04:00,2026-03-17 11:36:00-04:00,long,1,-247.5,247.5,2.5,stop,oos,tuesday,0.8927536231884059,112.5,1.714009904179178,6.311787072243345,9.620779151940706,0.07777777777777778,True
