scope,net_pnl,sharpe,sortino,profit_factor,expectancy,max_drawdown,n_trades,n_days_traded,pct_days_traded,hit_rate,avg_win,avg_loss,stop_hit_rate,target_hit_rate,exposure_time_pct
overall,-257.1200000000001,-0.1591154795730277,-0.011592960590198246,0.7613602613602612,-19.77846153846155,-852.94,13,13,0.007441327990841442,0.5384615384615384,117.18857142857142,-179.57333333333335,0.3076923076923077,0.15384615384615385,0.004649729206111576
is,-109.6400000000001,-0.08278915590771717,-0.005956804920932848,0.8821024560196137,-9.967272727272736,-768.22,11,11,0.00900163666121113,0.6363636363636364,117.18857142857142,-232.49,0.36363636363636365,0.18181818181818182,0.005415669981954761
oos,-147.48,-0.8349899848101574,-0.05146555504930964,0.0,-73.74,-28.239999999999995,2,2,0.0038095238095238095,0.0,0.0,-73.74,0.0,0.0,0.0028669108669108667
