scope,net_pnl,sharpe,sortino,profit_factor,expectancy,max_drawdown,n_trades,n_days_traded,pct_days_traded,hit_rate,avg_win,avg_loss,stop_hit_rate,target_hit_rate,exposure_time_pct
overall,1029.2099999999998,0.4728452807975875,0.047678447142604885,1.8575463680447935,49.00999999999999,-491.22,21,21,0.012020606754436176,0.6666666666666666,159.24214285714288,-171.45428571428573,0.19047619047619047,0.38095238095238093,0.006760307046511969
is,687.8799999999999,0.45148417049725464,0.03991912150903368,1.8561471635177853,52.913846153846144,-491.22,13,13,0.010638297872340425,0.6923076923076923,165.70444444444445,-200.865,0.23076923076923078,0.38461538461538464,0.005428259683578833
oos,341.3299999999999,0.5226875493704297,0.0681098265862003,1.8603801169590641,42.66624999999999,-368.48,8,8,0.015238095238095238,0.625,147.60999999999999,-132.24,0.125,0.375,0.009860805860805861
