scope,net_pnl,sharpe,sortino,profit_factor,expectancy,max_drawdown,n_trades,n_days_traded,pct_days_traded,hit_rate,avg_win,avg_loss,stop_hit_rate,target_hit_rate,exposure_time_pct
overall,3650.899999999998,0.4114222412272987,0.2656397189118183,1.1163618631156889,10.002465753424651,-2956.8600000000006,365,365,0.32589285714285715,0.4931506849315068,194.59055555555548,-169.59675675675678,0.3780821917808219,0.1232876712328767,0.22120650183150184
is,568.1199999999976,0.09571598324784306,0.061306883830832555,1.0255221730954283,2.1683969465648762,-2956.8600000000006,262,262,0.33290978398983484,0.46946564885496184,185.59333333333333,-160.14287769784173,0.3893129770992366,0.10305343511450382,0.2260222200501743
oos,3082.7800000000007,1.0584158544977662,0.6776144681472399,1.3381895093433849,29.929902912621365,-1990.08,103,103,0.30930930930930933,0.5533980582524272,214.0056140350877,-198.16391304347823,0.34951456310679613,0.17475728155339806,0.20982520982520983
