scope,net_pnl,sharpe,sortino,profit_factor,expectancy,max_drawdown,n_trades,n_days_traded,pct_days_traded,hit_rate,avg_win,avg_loss,stop_hit_rate,target_hit_rate,exposure_time_pct
overall,15958.619999999994,1.208005433904662,1.1944644692503108,1.2523652591395433,20.943070866141724,-3032.7799999999734,762,762,0.6803571428571429,0.5013123359580053,207.3162827225131,-166.41105263157897,0.35826771653543305,0.14435695538057744,0.47783882783882786
is,7846.739999999997,0.8873899710028387,0.874483304356775,1.1831636945250286,14.974694656488545,-3032.7799999999734,524,524,0.6658195679796697,0.48282442748091603,200.3430039525692,-158.08132841328413,0.37404580152671757,0.12404580152671756,0.4691525755058157
oos,8111.879999999998,1.8737904176903957,1.8526062162487618,1.397716040666478,34.0835294117647,-2411.6599999999926,238,238,0.7147147147147147,0.542016806722689,220.99255813953488,-187.1207339449542,0.3235294117647059,0.18907563025210083,0.49836759836759836
