scope,net_pnl,sharpe,sortino,profit_factor,expectancy,max_drawdown,n_trades,n_days_traded,pct_days_traded,hit_rate,avg_win,avg_loss,stop_hit_rate,target_hit_rate,exposure_time_pct
overall,14103.679999999993,0.9989359813950733,0.9858556405026973,1.1957674733791002,17.78522068095838,-3606.5199999999895,793,793,0.7080357142857143,0.49810844892812106,218.09291139240506,-181.0126130653267,0.38209331651954603,0.1450189155107188,0.4888804945054945
is,5649.9599999999955,0.602652926129952,0.5808063113511658,1.118974028101654,10.844452975047975,-2282.7200000000003,521,521,0.662007623888183,0.4760076775431862,214.27008064516133,-173.95245421245423,0.40115163147792704,0.12859884836852206,0.4579415501905972
oos,8453.719999999998,1.8033672042155737,1.8623991613150979,1.3442909505579537,31.079852941176462,-3606.5199999999895,272,272,0.8168168168168168,0.5404411764705882,224.54231292517008,-196.43200000000002,0.34558823529411764,0.17647058823529413,0.562000462000462
