scope,net_pnl,sharpe,sortino,profit_factor,expectancy,max_drawdown,n_trades,n_days_traded,pct_days_traded,hit_rate,avg_win,avg_loss,stop_hit_rate,target_hit_rate,exposure_time_pct
overall,3940.2399999999966,0.4587566061161169,0.30200616103190964,1.1264270303778587,10.535401069518707,-2945.3600000000006,374,374,0.3339285714285714,0.49732620320855614,188.7438709677419,-165.7772340425532,0.37433155080213903,0.11497326203208556,0.22404761904761905
is,1435.1199999999976,0.24760487396819067,0.16238525025102216,1.066065634747894,5.4775572519083875,-2945.3600000000006,262,262,0.33290978398983484,0.48091603053435117,183.791746031746,-159.72529411764705,0.3931297709923664,0.09541984732824428,0.22191053334636562
oos,2505.119999999999,0.9022533543339971,0.5932713411848372,1.2652750892679392,22.36714285714285,-1890.2999999999977,112,112,0.33633633633633636,0.5357142857142857,199.14333333333332,-181.6053846153846,0.33035714285714285,0.16071428571428573,0.2290983290983291
