direction,trades,net_pnl_usd,avg_trade_pnl_usd,win_rate,profit_factor
long,2513,-1163.1178571428845,-0.4628403729179803,0.2487067250298448,0.9873631997587438
short,2140,5111.7821428572515,2.3886832443258186,0.2336448598130841,1.0600483869594108
