label,streak_length,count,frequency
day_losses,1,198,0.44
day_losses,2,104,0.2311111111111111
day_losses,3,63,0.14
day_losses,4,33,0.07333333333333333
day_losses,5,22,0.04888888888888889
day_losses,6,12,0.02666666666666667
day_losses,7,9,0.02
day_losses,8,4,0.008888888888888889
day_losses,9,1,0.0022222222222222222
day_losses,10,2,0.0044444444444444444
day_losses,11,1,0.0022222222222222222
day_losses,13,1,0.0022222222222222222
