scope,net_pnl,sharpe,sortino,profit_factor,expectancy,max_drawdown,n_trades,n_days_traded,pct_days_traded,hit_rate,avg_win,avg_loss,stop_hit_rate,target_hit_rate,exposure_time_pct
overall,7810.439999999997,0.8120954996668711,0.5496612665729259,1.2357376210011368,21.16650406504064,-2294.859999999997,369,369,0.3294642857142857,0.5040650406504065,220.12021505376345,-181.048743169399,0.4065040650406504,0.14634146341463414,0.22430631868131867
is,2248.8799999999974,0.35225372995705667,0.235942864184734,1.094292188047691,8.55087452471482,-2267.3199999999997,263,263,0.3341804320203304,0.4752851711026616,208.79199999999997,-172.82695652173913,0.4296577946768061,0.12927756653992395,0.2305476818818623
oos,5561.5599999999995,1.7416855993971736,1.1671479902527488,1.599189812320886,52.46754716981132,-2294.8599999999983,106,106,0.3183183183183183,0.5754716981132075,243.33377049180325,-206.2622222222222,0.3490566037735849,0.18867924528301888,0.20955570955570957
