scope,net_pnl,sharpe,sortino,profit_factor,expectancy,max_drawdown,n_trades,n_days_traded,pct_days_traded,hit_rate,avg_win,avg_loss,stop_hit_rate,target_hit_rate,exposure_time_pct
overall,165.42999999999984,0.09064380629569728,0.00938170303025735,1.1389397477029546,9.190555555555546,-454.72,18,18,0.01030337721808815,0.5,150.67666666666665,-132.29555555555555,0.2222222222222222,0.2777777777777778,0.005781339439038352
is,222.12999999999988,0.17274347784672617,0.018165261760220045,1.2815549978452099,17.086923076923068,-454.72,13,13,0.010638297872340425,0.5384615384615384,144.4385714285714,-131.49,0.23076923076923078,0.3076923076923077,0.006074531033614504
oos,-56.70000000000003,-0.1051974551916723,-0.01052160042876476,0.8588569152643631,-11.340000000000007,-282.48,5,5,0.009523809523809525,0.4,172.51,-133.90666666666667,0.2,0.2,0.0050989010989010985
