scope,net_pnl,sharpe,sortino,profit_factor,expectancy,max_drawdown,n_trades,n_days_traded,pct_days_traded,hit_rate,avg_win,avg_loss,stop_hit_rate,target_hit_rate,exposure_time_pct
overall,3034.5199999999986,0.43787829246356974,0.27545669844484444,1.1298936116478422,9.279877675840975,-2834.0600000000004,327,327,0.29196428571428573,0.4892966360856269,164.97562499999998,-139.8897005988024,0.3577981651376147,0.11009174311926606,0.19729395604395605
is,1282.1599999999976,0.25139214304204,0.16747091770386982,1.0668074902588907,4.820150375939841,-2834.0600000000004,266,266,0.33799237611181704,0.4774436090225564,161.21275590551176,-138.07093525179857,0.36466165413533835,0.09774436090225563,0.2256931547909947
oos,1752.3599999999994,0.9692888650790425,0.5081921873047319,1.4202584346191114,28.72721311475409,-986.96,61,61,0.1831831831831832,0.5409836065573771,179.4569696969697,-148.9185714285714,0.32786885245901637,0.16393442622950818,0.13017633017633018
