scope,net_pnl,sharpe,sortino,profit_factor,expectancy,max_drawdown,n_trades,n_days_traded,pct_days_traded,hit_rate,avg_win,avg_loss,stop_hit_rate,target_hit_rate,exposure_time_pct
overall,9740.999999999998,0.9803954711659479,0.6729223371594758,1.2853799675626008,25.975999999999996,-2273.819999999997,375,375,0.33482142857142855,0.5173333333333333,226.15690721649486,-188.58254143646417,0.4053333333333333,0.168,0.22893543956043957
is,3758.3799999999974,0.5595878831954523,0.3760752662336658,1.1549644211604415,14.29041825095056,-2273.819999999997,263,263,0.3341804320203304,0.49809885931558934,213.8287022900763,-183.73621212121213,0.4220532319391635,0.14068441064638784,0.2299156159384876
oos,5982.619999999999,1.8722326656195951,1.3292919591429497,1.6055124055439836,53.41624999999999,-1198.4199999999983,112,112,0.33633633633633636,0.5625,251.79174603174602,-201.63795918367347,0.36607142857142855,0.23214285714285715,0.22661892661892663
