scope,net_pnl,sharpe,sortino,profit_factor,expectancy,max_drawdown,n_trades,n_days_traded,pct_days_traded,hit_rate,avg_win,avg_loss,stop_hit_rate,target_hit_rate,exposure_time_pct
overall,6622.239999999998,0.7200379194571634,0.4443189822562659,1.2466330336253442,24.168759124087583,-2353.4000000000005,274,274,0.24464285714285713,0.48175182481751827,253.58196969696965,-189.08859154929576,0.4197080291970803,0.15328467153284672,0.17294184981684982
is,5201.379999999999,0.7076708934489081,0.5035571889541879,1.202466162088772,19.777110266159692,-2353.4000000000005,263,263,0.3341804320203304,0.4752851711026616,247.132,-186.16028985507245,0.4220532319391635,0.1482889733840304,0.23686508324373637
oos,1420.86,0.9390813637857062,0.2302193255218079,2.224393774882374,129.1690909090909,-499.98,11,11,0.03303303303303303,0.6363636363636364,368.75999999999993,-290.115,0.36363636363636365,0.2727272727272727,0.021868021868021868
