scope,net_pnl,sharpe,sortino,profit_factor,expectancy,max_drawdown,n_trades,n_days_traded,pct_days_traded,hit_rate,avg_win,avg_loss,stop_hit_rate,target_hit_rate,exposure_time_pct
overall,17138.19999999999,1.090425156162691,1.2772635681317521,1.1796370405619856,15.301964285714277,-3752.760000000031,1120,1120,1.0,0.4955357142857143,202.77981981981983,-168.85769911504423,0.375,0.13482142857142856,0.6861744505494506
is,6932.1199999999935,0.6496848434102479,0.7632981777830976,1.103959635805646,8.808284625158823,-2711.599999999975,787,787,1.0,0.4764930114358323,196.3013333333333,-161.84679611650486,0.38881829733163914,0.1181702668360864,0.6836347049815918
oos,10206.079999999996,2.0360999781546956,2.3408641877400367,1.3553188793095046,30.648888888888877,-3752.7599999999893,333,333,1.0,0.5405405405405406,216.27666666666667,-187.7367320261438,0.34234234234234234,0.17417417417417416,0.6921767921767922
