,orb_MNQ_5m,orb_MGC_5m
orb_MNQ_5m,1.0,0.060955949135322235
orb_MGC_5m,0.060955949135322235,1.0
