,orb_MNQ_5m,orb_MGC_5m
orb_MNQ_5m,1.0,0.07961382057157239
orb_MGC_5m,0.07961382057157239,1.0
