scope,net_pnl,sharpe,sortino,profit_factor,expectancy,max_drawdown,n_trades,n_days_traded,pct_days_traded,hit_rate,avg_win,avg_loss,stop_hit_rate,target_hit_rate,exposure_time_pct
overall,1104.4199999999998,0.6884890949297328,0.05749251530432112,3.170978141217172,64.96588235294116,-346.98,17,17,0.009730967372638809,0.8235294117647058,115.2242857142857,-169.57333333333335,0.17647058823529413,0.35294117647058826,0.006296508299942759
is,818.1299999999999,0.6570346101312486,0.06088650759592487,2.6082127693033494,62.93307692307691,-346.98,13,13,0.010638297872340425,0.7692307692307693,132.685,-169.57333333333335,0.23076923076923078,0.38461538461538464,0.006145872676150909
oos,286.28999999999996,0.8746029883468244,0.0,inf,71.57249999999999,0.0,4,4,0.007619047619047619,1.0,71.57249999999999,0.0,0.0,0.25,0.006647130647130647
