scope,net_pnl,sharpe,sortino,profit_factor,expectancy,max_drawdown,n_trades,n_days_traded,pct_days_traded,hit_rate,avg_win,avg_loss,stop_hit_rate,target_hit_rate,exposure_time_pct
overall,1679.9199999999998,0.9190644994917061,0.09015204311900064,4.328419717863369,98.81882352941176,-194.24,17,17,0.009730967372638809,0.8235294117647058,156.04571428571427,-168.24,0.17647058823529413,0.6470588235294118,0.006066076644210588
is,1316.12,1.0155555511515322,0.11003746089269957,5.2389847977325426,109.67666666666666,-161.74,12,12,0.009819967266775777,0.8333333333333334,162.66,-155.24,0.16666666666666666,0.75,0.005627596625959965
oos,363.79999999999995,0.6846263194962527,0.05663240332815355,2.872940691927512,72.75999999999999,-194.24,5,5,0.009523809523809525,0.8,139.51,-194.24,0.2,0.4,0.007086691086691087
