scope,net_pnl,sharpe,sortino,profit_factor,expectancy,max_drawdown,n_trades,n_days_traded,pct_days_traded,hit_rate,avg_win,avg_loss,stop_hit_rate,target_hit_rate,exposure_time_pct
overall,4665.159999999995,0.37512082471373887,0.3446951239265774,1.0718978786152678,6.295762483130898,-5547.759999999997,741,741,0.6616071428571428,0.48313090418353577,194.27675977653627,-169.4149347258486,0.39271255060728744,0.12280701754385964,0.4415430402930403
is,-2281.0000000000027,-0.2732471341194909,-0.24770824520938323,0.9510201171823834,-4.34476190476191,-5547.759999999997,525,525,0.6670902160101652,0.4552380952380952,185.31020920502093,-162.83265734265734,0.4114285714285714,0.10285714285714286,0.4357638549506402
oos,6946.159999999998,1.7191657046094204,1.5863028949145568,1.3792445639770727,32.158148148148136,-3469.9399999999932,216,216,0.6486486486486487,0.5509259259259259,212.28521008403354,-188.82247422680416,0.3472222222222222,0.1712962962962963,0.4552013552013552
