scope,net_pnl,sharpe,sortino,profit_factor,expectancy,max_drawdown,n_trades,n_days_traded,pct_days_traded,hit_rate,avg_win,avg_loss,stop_hit_rate,target_hit_rate,exposure_time_pct
overall,962.9199999999998,0.5155435015017904,0.034075550410454764,2.3558052434456926,56.64235294117646,-613.48,17,17,0.009730967372638809,0.8235294117647058,119.50999999999999,-236.74,0.11764705882352941,0.29411764705882354,0.006041125445819207
is,500.1299999999999,0.3528246268300355,0.025302141357158425,1.704190250908169,38.47153846153845,-613.48,13,13,0.010638297872340425,0.7692307692307693,121.035,-236.74,0.15384615384615385,0.23076923076923078,0.005885685509253431
oos,462.78999999999996,1.0760982560546377,0.0,inf,115.69749999999999,0.0,4,4,0.007619047619047619,1.0,115.69749999999999,0.0,0.0,0.5,0.006402930402930403
