scope,net_pnl,sharpe,sortino,profit_factor,expectancy,max_drawdown,n_trades,n_days_traded,pct_days_traded,hit_rate,avg_win,avg_loss,stop_hit_rate,target_hit_rate,exposure_time_pct
overall,-561.8800000000001,-0.4429105696441623,-0.035229222676773794,0.4358181380030524,-46.823333333333345,-720.64,12,12,0.006868918145392101,0.3333333333333333,108.50999999999999,-124.49000000000001,0.3333333333333333,0.16666666666666666,0.0036810356215049977
is,-414.4000000000001,-0.40381569300012066,-0.03371001813800924,0.5115741832068266,-41.44000000000001,-573.1600000000001,10,10,0.008183306055646482,0.4,108.50999999999999,-141.40666666666667,0.4,0.2,0.004030802803306895
oos,-147.48,-0.8349899848101574,-0.05146555504930964,0.0,-73.74,-28.239999999999995,2,2,0.0038095238095238095,0.0,0.0,-73.74,0.0,0.0,0.0028669108669108667
