scope,net_pnl,sharpe,sortino,profit_factor,expectancy,max_drawdown,n_trades,n_days_traded,pct_days_traded,hit_rate,avg_win,avg_loss,stop_hit_rate,target_hit_rate,exposure_time_pct
overall,9360.199999999997,0.9686412445064451,0.6634133321845831,1.2916840655402577,25.29783783783783,-1908.9599999999884,370,370,0.33035714285714285,0.5135135135135135,218.15999999999997,-178.27888888888896,0.3837837837837838,0.15135135135135136,0.22422847985347985
is,3800.859999999998,0.5950652274575876,0.4063149621974844,1.167873907520639,14.562681992337156,-1908.9599999999884,261,261,0.33163913595933925,0.48659003831417624,208.20488188976373,-168.96388059701493,0.41379310344827586,0.13026819923371646,0.22556608998794514
oos,5559.34,1.7191553647878204,1.1536340565401806,1.5883497159499802,51.003119266055045,-1699.1399999999976,109,109,0.32732732732732733,0.5779816513761468,238.22825396825397,-205.41391304347823,0.3119266055045872,0.2018348623853211,0.22106722106722107
