session_date,baseline_daily_pnl_usd,baseline_daily_return,baseline_risk_multiplier,baseline_bucket_label,variant_daily_pnl_usd,variant_daily_return,variant_risk_multiplier,variant_bucket_label,variant_name,daily_pnl_diff,daily_return_diff,abs_daily_pnl_diff
2019-05-06,0.0,0.0,0.0,no_trade,0.0,0.0,0.0,no_trade,median_fast15_slow_60_70_80,0.0,0.0,0.0
2019-05-07,57.5,0.00115,0.25,high,57.5,0.00115,0.25,high,median_fast15_slow_60_70_80,0.0,0.0,0.0
2019-05-08,0.0,0.0,0.0,no_trade,0.0,0.0,0.0,no_trade,median_fast15_slow_60_70_80,0.0,0.0,0.0
2019-05-09,-136.0,-0.00272,0.25,high,-136.0,-0.00272,0.25,high,median_fast15_slow_60_70_80,0.0,0.0,0.0
2019-05-10,0.0,0.0,0.0,no_trade,0.0,0.0,0.0,no_trade,median_fast15_slow_60_70_80,0.0,0.0,0.0
2019-05-13,69.0,0.00138,0.25,high,69.0,0.00138,0.25,high,median_fast15_slow_60_70_80,0.0,0.0,0.0
2019-05-14,0.0,0.0,0.0,no_trade,0.0,0.0,0.0,no_trade,median_fast15_slow_60_70_80,0.0,0.0,0.0
2019-05-15,0.0,0.0,0.0,no_trade,0.0,0.0,0.0,no_trade,median_fast15_slow_60_70_80,0.0,0.0,0.0
2019-05-16,0.0,0.0,0.0,no_trade,0.0,0.0,0.0,no_trade,median_fast15_slow_60_70_80,0.0,0.0,0.0
2019-05-17,0.0,0.0,0.0,no_trade,0.0,0.0,0.0,no_trade,median_fast15_slow_60_70_80,0.0,0.0,0.0
2019-05-20,-166.5,-0.00333,0.5,low,-166.5,-0.00333,0.5,low,median_fast15_slow_60_70_80,0.0,0.0,0.0
2019-05-21,0.0,0.0,0.0,no_trade,0.0,0.0,0.0,no_trade,median_fast15_slow_60_70_80,0.0,0.0,0.0
2019-05-22,0.0,0.0,0.0,no_trade,0.0,0.0,0.0,no_trade,median_fast15_slow_60_70_80,0.0,0.0,0.0
2019-05-23,0.0,0.0,0.0,no_trade,0.0,0.0,0.0,no_trade,median_fast15_slow_60_70_80,0.0,0.0,0.0
2019-05-24,0.0,0.0,0.0,no_trade,0.0,0.0,0.0,no_trade,median_fast15_slow_60_70_80,0.0,0.0,0.0
2019-05-27,0.0,0.0,0.0,no_trade,0.0,0.0,0.0,no_trade,median_fast15_slow_60_70_80,0.0,0.0,0.0
2019-05-28,0.0,0.0,0.0,no_trade,0.0,0.0,0.0,no_trade,median_fast15_slow_60_70_80,0.0,0.0,0.0
2019-05-29,0.0,0.0,0.0,no_trade,0.0,0.0,0.0,no_trade,median_fast15_slow_60_70_80,0.0,0.0,0.0
2019-05-30,0.0,0.0,0.0,no_trade,0.0,0.0,0.0,no_trade,median_fast15_slow_60_70_80,0.0,0.0,0.0
2019-05-31,0.0,0.0,0.0,no_trade,0.0,0.0,0.0,no_trade,median_fast15_slow_60_70_80,0.0,0.0,0.0
2019-06-03,119.5,0.00239,0.25,high,119.5,0.00239,0.25,high,median_fast15_slow_60_70_80,0.0,0.0,0.0
2019-06-04,0.0,0.0,0.0,no_trade,0.0,0.0,0.0,no_trade,median_fast15_slow_60_70_80,0.0,0.0,0.0
2019-06-05,0.0,0.0,0.0,no_trade,0.0,0.0,0.0,no_trade,median_fast15_slow_60_70_80,0.0,0.0,0.0
2019-06-06,0.0,0.0,0.0,no_trade,0.0,0.0,0.0,no_trade,median_fast15_slow_60_70_80,0.0,0.0,0.0
2019-06-07,0.0,0.0,0.0,no_trade,0.0,0.0,0.0,no_trade,median_fast15_slow_60_70_80,0.0,0.0,0.0
2019-06-10,0.0,0.0,0.0,no_trade,0.0,0.0,0.0,no_trade,median_fast15_slow_60_70_80,0.0,0.0,0.0
2019-06-11,0.0,0.0,0.0,no_trade,0.0,0.0,0.0,no_trade,median_fast15_slow_60_70_80,0.0,0.0,0.0
2019-06-12,0.0,0.0,0.0,no_trade,0.0,0.0,0.0,no_trade,median_fast15_slow_60_70_80,0.0,0.0,0.0
2019-06-13,0.0,0.0,0.0,no_trade,0.0,0.0,0.0,no_trade,median_fast15_slow_60_70_80,0.0,0.0,0.0
2019-06-14,0.0,0.0,0.0,no_trade,0.0,0.0,0.0,no_trade,median_fast15_slow_60_70_80,0.0,0.0,0.0
2019-06-17,0.0,0.0,0.0,no_trade,0.0,0.0,0.0,no_trade,median_fast15_slow_60_70_80,0.0,0.0,0.0
2019-06-18,-180.0,-0.0036,0.5,low,-180.0,-0.0036,0.5,low,median_fast15_slow_60_70_80,0.0,0.0,0.0
2019-06-19,0.0,0.0,0.0,no_trade,0.0,0.0,0.0,no_trade,median_fast15_slow_60_70_80,0.0,0.0,0.0
2019-06-20,0.0,0.0,0.0,no_trade,0.0,0.0,0.0,no_trade,median_fast15_slow_60_70_80,0.0,0.0,0.0
2019-06-24,0.0,0.0,0.0,no_trade,0.0,0.0,0.0,no_trade,median_fast15_slow_60_70_80,0.0,0.0,0.0
2019-06-25,0.0,0.0,0.0,no_trade,0.0,0.0,0.0,no_trade,median_fast15_slow_60_70_80,0.0,0.0,0.0
2019-06-26,0.0,0.0,0.0,no_trade,0.0,0.0,0.0,no_trade,median_fast15_slow_60_70_80,0.0,0.0,0.0
2019-06-27,0.0,0.0,0.0,no_trade,0.0,0.0,0.0,no_trade,median_fast15_slow_60_70_80,0.0,0.0,0.0
2019-06-28,0.0,0.0,0.0,no_trade,0.0,0.0,0.0,no_trade,median_fast15_slow_60_70_80,0.0,0.0,0.0
2019-07-01,0.0,0.0,0.0,no_trade,0.0,0.0,0.0,no_trade,median_fast15_slow_60_70_80,0.0,0.0,0.0
2019-07-02,0.0,0.0,0.0,no_trade,0.0,0.0,0.0,no_trade,median_fast15_slow_60_70_80,0.0,0.0,0.0
2019-07-03,0.0,0.0,0.0,no_trade,0.0,0.0,0.0,no_trade,median_fast15_slow_60_70_80,0.0,0.0,0.0
2019-07-04,0.0,0.0,0.0,no_trade,0.0,0.0,0.0,no_trade,median_fast15_slow_60_70_80,0.0,0.0,0.0
2019-07-05,0.0,0.0,0.0,no_trade,0.0,0.0,0.0,no_trade,median_fast15_slow_60_70_80,0.0,0.0,0.0
2019-07-08,0.0,0.0,0.0,no_trade,0.0,0.0,0.0,no_trade,median_fast15_slow_60_70_80,0.0,0.0,0.0
2019-07-09,0.0,0.0,0.0,no_trade,0.0,0.0,0.0,no_trade,median_fast15_slow_60_70_80,0.0,0.0,0.0
2019-07-10,0.0,0.0,0.0,no_trade,0.0,0.0,0.0,no_trade,median_fast15_slow_60_70_80,0.0,0.0,0.0
2019-07-11,0.0,0.0,0.0,no_trade,0.0,0.0,0.0,no_trade,median_fast15_slow_60_70_80,0.0,0.0,0.0
2019-07-12,0.0,0.0,0.0,no_trade,0.0,0.0,0.0,no_trade,median_fast15_slow_60_70_80,0.0,0.0,0.0
2019-07-15,0.0,0.0,0.0,no_trade,0.0,0.0,0.0,no_trade,median_fast15_slow_60_70_80,0.0,0.0,0.0
2019-07-16,0.0,0.0,0.0,no_trade,0.0,0.0,0.0,no_trade,median_fast15_slow_60_70_80,0.0,0.0,0.0
2019-07-17,0.0,0.0,0.0,no_trade,0.0,0.0,0.0,no_trade,median_fast15_slow_60_70_80,0.0,0.0,0.0
2019-07-18,0.0,0.0,0.0,no_trade,0.0,0.0,0.0,no_trade,median_fast15_slow_60_70_80,0.0,0.0,0.0
2019-07-19,0.0,0.0,0.0,no_trade,0.0,0.0,0.0,no_trade,median_fast15_slow_60_70_80,0.0,0.0,0.0
2019-07-22,0.0,0.0,0.0,no_trade,0.0,0.0,0.0,no_trade,median_fast15_slow_60_70_80,0.0,0.0,0.0
2019-07-23,0.0,0.0,0.0,no_trade,0.0,0.0,0.0,no_trade,median_fast15_slow_60_70_80,0.0,0.0,0.0
2019-07-24,0.0,0.0,0.0,no_trade,0.0,0.0,0.0,no_trade,median_fast15_slow_60_70_80,0.0,0.0,0.0
2019-07-25,0.0,0.0,0.0,no_trade,0.0,0.0,0.0,no_trade,median_fast15_slow_60_70_80,0.0,0.0,0.0
2019-07-26,0.0,0.0,0.0,no_trade,0.0,0.0,0.0,no_trade,median_fast15_slow_60_70_80,0.0,0.0,0.0
2019-07-29,0.0,0.0,0.0,no_trade,0.0,0.0,0.0,no_trade,median_fast15_slow_60_70_80,0.0,0.0,0.0
2019-07-30,0.0,0.0,0.0,no_trade,0.0,0.0,0.0,no_trade,median_fast15_slow_60_70_80,0.0,0.0,0.0
2019-07-31,0.0,0.0,0.0,no_trade,0.0,0.0,0.0,no_trade,median_fast15_slow_60_70_80,0.0,0.0,0.0
2019-08-01,0.0,0.0,0.0,no_trade,0.0,0.0,0.0,no_trade,median_fast15_slow_60_70_80,0.0,0.0,0.0
2019-08-02,102.0,0.00204,0.5,low,102.0,0.00204,0.5,low,median_fast15_slow_60_70_80,0.0,0.0,0.0
2019-08-05,0.0,0.0,0.0,no_trade,0.0,0.0,0.0,no_trade,median_fast15_slow_60_70_80,0.0,0.0,0.0
2019-08-06,-374.0,-0.00748,0.5,low,-374.0,-0.00748,0.5,low,median_fast15_slow_60_70_80,0.0,0.0,0.0
2019-08-07,792.0,0.01584,1.0,mid,792.0,0.01584,1.0,mid,median_fast15_slow_60_70_80,0.0,0.0,0.0
2019-08-08,0.0,0.0,0.0,no_trade,0.0,0.0,0.0,no_trade,median_fast15_slow_60_70_80,0.0,0.0,0.0
2019-08-09,0.0,0.0,0.0,no_trade,0.0,0.0,0.0,no_trade,median_fast15_slow_60_70_80,0.0,0.0,0.0
2019-08-12,0.0,0.0,0.0,no_trade,0.0,0.0,0.0,no_trade,median_fast15_slow_60_70_80,0.0,0.0,0.0
2019-08-13,0.0,0.0,0.0,no_trade,0.0,0.0,0.0,no_trade,median_fast15_slow_60_70_80,0.0,0.0,0.0
2019-08-14,603.0,0.01206,0.5,low,603.0,0.01206,0.5,low,median_fast15_slow_60_70_80,0.0,0.0,0.0
2019-08-15,0.0,0.0,0.0,no_trade,0.0,0.0,0.0,no_trade,median_fast15_slow_60_70_80,0.0,0.0,0.0
2019-08-16,0.0,0.0,0.0,no_trade,0.0,0.0,0.0,no_trade,median_fast15_slow_60_70_80,0.0,0.0,0.0
2019-08-19,0.0,0.0,0.0,no_trade,0.0,0.0,0.0,no_trade,median_fast15_slow_60_70_80,0.0,0.0,0.0
2019-08-20,0.0,0.0,0.0,no_trade,0.0,0.0,0.0,no_trade,median_fast15_slow_60_70_80,0.0,0.0,0.0
2019-08-21,0.0,0.0,0.0,no_trade,0.0,0.0,0.0,no_trade,median_fast15_slow_60_70_80,0.0,0.0,0.0
2019-08-22,0.0,0.0,0.0,no_trade,0.0,0.0,0.0,no_trade,median_fast15_slow_60_70_80,0.0,0.0,0.0
2019-08-23,-125.0,-0.0025,0.25,high,-125.0,-0.0025,0.25,high,median_fast15_slow_60_70_80,0.0,0.0,0.0
2019-08-26,0.0,0.0,0.0,no_trade,0.0,0.0,0.0,no_trade,median_fast15_slow_60_70_80,0.0,0.0,0.0
2019-08-27,0.0,0.0,0.0,no_trade,0.0,0.0,0.0,no_trade,median_fast15_slow_60_70_80,0.0,0.0,0.0
2019-08-28,0.0,0.0,0.0,no_trade,0.0,0.0,0.0,no_trade,median_fast15_slow_60_70_80,0.0,0.0,0.0
2019-08-29,0.0,0.0,0.0,no_trade,0.0,0.0,0.0,no_trade,median_fast15_slow_60_70_80,0.0,0.0,0.0
2019-08-30,0.0,0.0,0.0,no_trade,0.0,0.0,0.0,no_trade,median_fast15_slow_60_70_80,0.0,0.0,0.0
2019-09-02,0.0,0.0,0.0,no_trade,0.0,0.0,0.0,no_trade,median_fast15_slow_60_70_80,0.0,0.0,0.0
2019-09-03,-2.5,-5e-05,0.25,high,-2.5,-5e-05,0.25,high,median_fast15_slow_60_70_80,0.0,0.0,0.0
2019-09-04,0.0,0.0,0.0,no_trade,0.0,0.0,0.0,no_trade,median_fast15_slow_60_70_80,0.0,0.0,0.0
2019-09-05,0.0,0.0,0.0,no_trade,0.0,0.0,0.0,no_trade,median_fast15_slow_60_70_80,0.0,0.0,0.0
2019-09-06,0.0,0.0,0.0,no_trade,0.0,0.0,0.0,no_trade,median_fast15_slow_60_70_80,0.0,0.0,0.0
2019-09-09,0.0,0.0,0.0,no_trade,0.0,0.0,0.0,no_trade,median_fast15_slow_60_70_80,0.0,0.0,0.0
2019-09-10,0.0,0.0,0.0,no_trade,0.0,0.0,0.0,no_trade,median_fast15_slow_60_70_80,0.0,0.0,0.0
2019-09-11,0.0,0.0,0.0,no_trade,0.0,0.0,0.0,no_trade,median_fast15_slow_60_70_80,0.0,0.0,0.0
2019-09-12,0.0,0.0,0.0,no_trade,0.0,0.0,0.0,no_trade,median_fast15_slow_60_70_80,0.0,0.0,0.0
2019-09-13,0.0,0.0,0.0,no_trade,0.0,0.0,0.0,no_trade,median_fast15_slow_60_70_80,0.0,0.0,0.0
2019-09-16,0.0,0.0,0.0,no_trade,0.0,0.0,0.0,no_trade,median_fast15_slow_60_70_80,0.0,0.0,0.0
2019-09-17,0.0,0.0,0.0,no_trade,0.0,0.0,0.0,no_trade,median_fast15_slow_60_70_80,0.0,0.0,0.0
2019-09-18,0.0,0.0,0.0,no_trade,0.0,0.0,0.0,no_trade,median_fast15_slow_60_70_80,0.0,0.0,0.0
2019-09-19,0.0,0.0,0.0,no_trade,0.0,0.0,0.0,no_trade,median_fast15_slow_60_70_80,0.0,0.0,0.0
2019-09-23,0.0,0.0,0.0,no_trade,0.0,0.0,0.0,no_trade,median_fast15_slow_60_70_80,0.0,0.0,0.0
2019-09-24,0.0,0.0,0.0,no_trade,0.0,0.0,0.0,no_trade,median_fast15_slow_60_70_80,0.0,0.0,0.0
2019-09-25,0.0,0.0,0.0,no_trade,0.0,0.0,0.0,no_trade,median_fast15_slow_60_70_80,0.0,0.0,0.0
2019-09-26,0.0,0.0,0.0,no_trade,0.0,0.0,0.0,no_trade,median_fast15_slow_60_70_80,0.0,0.0,0.0
2019-09-27,0.0,0.0,0.0,no_trade,0.0,0.0,0.0,no_trade,median_fast15_slow_60_70_80,0.0,0.0,0.0
2019-09-30,0.0,0.0,0.0,no_trade,0.0,0.0,0.0,no_trade,median_fast15_slow_60_70_80,0.0,0.0,0.0
2019-10-01,0.0,0.0,0.0,no_trade,0.0,0.0,0.0,no_trade,median_fast15_slow_60_70_80,0.0,0.0,0.0
2019-10-02,0.0,0.0,0.0,no_trade,0.0,0.0,0.0,no_trade,median_fast15_slow_60_70_80,0.0,0.0,0.0
2019-10-03,-153.5,-0.00307,0.25,high,-153.5,-0.00307,0.25,high,median_fast15_slow_60_70_80,0.0,0.0,0.0
2019-10-04,276.0,0.00552,0.5,low,276.0,0.00552,0.5,low,median_fast15_slow_60_70_80,0.0,0.0,0.0
2019-10-07,0.0,0.0,0.0,no_trade,0.0,0.0,0.0,no_trade,median_fast15_slow_60_70_80,0.0,0.0,0.0
2019-10-08,0.0,0.0,0.0,no_trade,0.0,0.0,0.0,no_trade,median_fast15_slow_60_70_80,0.0,0.0,0.0
2019-10-09,0.0,0.0,0.0,no_trade,0.0,0.0,0.0,no_trade,median_fast15_slow_60_70_80,0.0,0.0,0.0
2019-10-10,0.0,0.0,0.0,no_trade,0.0,0.0,0.0,no_trade,median_fast15_slow_60_70_80,0.0,0.0,0.0
2019-10-11,0.0,0.0,0.0,no_trade,0.0,0.0,0.0,no_trade,median_fast15_slow_60_70_80,0.0,0.0,0.0
2019-10-14,0.0,0.0,0.0,no_trade,0.0,0.0,0.0,no_trade,median_fast15_slow_60_70_80,0.0,0.0,0.0
2019-10-15,0.0,0.0,0.0,no_trade,0.0,0.0,0.0,no_trade,median_fast15_slow_60_70_80,0.0,0.0,0.0
2019-10-16,0.0,0.0,0.0,no_trade,0.0,0.0,0.0,no_trade,median_fast15_slow_60_70_80,0.0,0.0,0.0
2019-10-17,0.0,0.0,0.0,no_trade,0.0,0.0,0.0,no_trade,median_fast15_slow_60_70_80,0.0,0.0,0.0
2019-10-18,0.0,0.0,0.0,no_trade,0.0,0.0,0.0,no_trade,median_fast15_slow_60_70_80,0.0,0.0,0.0
2019-10-21,0.0,0.0,0.0,no_trade,0.0,0.0,0.0,no_trade,median_fast15_slow_60_70_80,0.0,0.0,0.0
2019-10-22,0.0,0.0,0.0,no_trade,0.0,0.0,0.0,no_trade,median_fast15_slow_60_70_80,0.0,0.0,0.0
2019-10-23,0.0,0.0,0.0,no_trade,0.0,0.0,0.0,no_trade,median_fast15_slow_60_70_80,0.0,0.0,0.0
2019-10-24,0.0,0.0,0.0,no_trade,0.0,0.0,0.0,no_trade,median_fast15_slow_60_70_80,0.0,0.0,0.0
2019-10-25,0.0,0.0,0.0,no_trade,0.0,0.0,0.0,no_trade,median_fast15_slow_60_70_80,0.0,0.0,0.0
2019-10-28,0.0,0.0,0.0,no_trade,0.0,0.0,0.0,no_trade,median_fast15_slow_60_70_80,0.0,0.0,0.0
2019-10-29,0.0,0.0,0.0,no_trade,0.0,0.0,0.0,no_trade,median_fast15_slow_60_70_80,0.0,0.0,0.0
2019-10-30,0.0,0.0,0.0,no_trade,0.0,0.0,0.0,no_trade,median_fast15_slow_60_70_80,0.0,0.0,0.0
2019-10-31,0.0,0.0,0.0,no_trade,0.0,0.0,0.0,no_trade,median_fast15_slow_60_70_80,0.0,0.0,0.0
2019-11-01,0.0,0.0,0.0,no_trade,0.0,0.0,0.0,no_trade,median_fast15_slow_60_70_80,0.0,0.0,0.0
2019-11-04,0.0,0.0,0.0,no_trade,0.0,0.0,0.0,no_trade,median_fast15_slow_60_70_80,0.0,0.0,0.0
2019-11-05,0.0,0.0,0.0,no_trade,0.0,0.0,0.0,no_trade,median_fast15_slow_60_70_80,0.0,0.0,0.0
2019-11-06,0.0,0.0,0.0,no_trade,0.0,0.0,0.0,no_trade,median_fast15_slow_60_70_80,0.0,0.0,0.0
2019-11-07,0.0,0.0,0.0,no_trade,0.0,0.0,0.0,no_trade,median_fast15_slow_60_70_80,0.0,0.0,0.0
2019-11-08,0.0,0.0,0.0,no_trade,0.0,0.0,0.0,no_trade,median_fast15_slow_60_70_80,0.0,0.0,0.0
2019-11-11,0.0,0.0,0.0,no_trade,0.0,0.0,0.0,no_trade,median_fast15_slow_60_70_80,0.0,0.0,0.0
2019-11-12,0.0,0.0,0.0,no_trade,0.0,0.0,0.0,no_trade,median_fast15_slow_60_70_80,0.0,0.0,0.0
2019-11-13,0.0,0.0,0.0,no_trade,0.0,0.0,0.0,no_trade,median_fast15_slow_60_70_80,0.0,0.0,0.0
2019-11-14,0.0,0.0,0.0,no_trade,0.0,0.0,0.0,no_trade,median_fast15_slow_60_70_80,0.0,0.0,0.0
2019-11-15,0.0,0.0,0.0,no_trade,0.0,0.0,0.0,no_trade,median_fast15_slow_60_70_80,0.0,0.0,0.0
2019-11-18,0.0,0.0,0.0,no_trade,0.0,0.0,0.0,no_trade,median_fast15_slow_60_70_80,0.0,0.0,0.0
2019-11-19,0.0,0.0,0.0,no_trade,0.0,0.0,0.0,no_trade,median_fast15_slow_60_70_80,0.0,0.0,0.0
2019-11-20,0.0,0.0,0.0,no_trade,0.0,0.0,0.0,no_trade,median_fast15_slow_60_70_80,0.0,0.0,0.0
2019-11-21,0.0,0.0,0.0,no_trade,0.0,0.0,0.0,no_trade,median_fast15_slow_60_70_80,0.0,0.0,0.0
2019-11-22,0.0,0.0,0.0,no_trade,0.0,0.0,0.0,no_trade,median_fast15_slow_60_70_80,0.0,0.0,0.0
2019-11-25,0.0,0.0,0.0,no_trade,0.0,0.0,0.0,no_trade,median_fast15_slow_60_70_80,0.0,0.0,0.0
2019-11-26,0.0,0.0,0.0,no_trade,0.0,0.0,0.0,no_trade,median_fast15_slow_60_70_80,0.0,0.0,0.0
2019-11-27,0.0,0.0,0.0,no_trade,0.0,0.0,0.0,no_trade,median_fast15_slow_60_70_80,0.0,0.0,0.0
2019-11-28,0.0,0.0,0.0,no_trade,0.0,0.0,0.0,no_trade,median_fast15_slow_60_70_80,0.0,0.0,0.0
2019-11-29,0.0,0.0,0.0,no_trade,0.0,0.0,0.0,no_trade,median_fast15_slow_60_70_80,0.0,0.0,0.0
2019-12-02,0.0,0.0,0.0,no_trade,0.0,0.0,0.0,no_trade,median_fast15_slow_60_70_80,0.0,0.0,0.0
2019-12-03,0.0,0.0,0.0,no_trade,0.0,0.0,0.0,no_trade,median_fast15_slow_60_70_80,0.0,0.0,0.0
2019-12-04,0.0,0.0,0.0,no_trade,0.0,0.0,0.0,no_trade,median_fast15_slow_60_70_80,0.0,0.0,0.0
2019-12-05,0.0,0.0,0.0,no_trade,0.0,0.0,0.0,no_trade,median_fast15_slow_60_70_80,0.0,0.0,0.0
2019-12-06,0.0,0.0,0.0,no_trade,0.0,0.0,0.0,no_trade,median_fast15_slow_60_70_80,0.0,0.0,0.0
2019-12-09,0.0,0.0,0.0,no_trade,0.0,0.0,0.0,no_trade,median_fast15_slow_60_70_80,0.0,0.0,0.0
2019-12-10,0.0,0.0,0.0,no_trade,0.0,0.0,0.0,no_trade,median_fast15_slow_60_70_80,0.0,0.0,0.0
2019-12-11,0.0,0.0,0.0,no_trade,0.0,0.0,0.0,no_trade,median_fast15_slow_60_70_80,0.0,0.0,0.0
2019-12-12,-28.5,-0.00057,0.5,low,-28.5,-0.00057,0.5,low,median_fast15_slow_60_70_80,0.0,0.0,0.0
2019-12-13,-22.5,-0.00045,0.5,low,-22.5,-0.00045,0.5,low,median_fast15_slow_60_70_80,0.0,0.0,0.0
2019-12-16,0.0,0.0,0.0,no_trade,0.0,0.0,0.0,no_trade,median_fast15_slow_60_70_80,0.0,0.0,0.0
2019-12-17,0.0,0.0,0.0,no_trade,0.0,0.0,0.0,no_trade,median_fast15_slow_60_70_80,0.0,0.0,0.0
2019-12-18,0.0,0.0,0.0,no_trade,0.0,0.0,0.0,no_trade,median_fast15_slow_60_70_80,0.0,0.0,0.0
2019-12-19,0.0,0.0,0.0,no_trade,0.0,0.0,0.0,no_trade,median_fast15_slow_60_70_80,0.0,0.0,0.0
2019-12-23,0.0,0.0,0.0,no_trade,0.0,0.0,0.0,no_trade,median_fast15_slow_60_70_80,0.0,0.0,0.0
2019-12-24,0.0,0.0,0.0,no_trade,0.0,0.0,0.0,no_trade,median_fast15_slow_60_70_80,0.0,0.0,0.0
2019-12-26,0.0,0.0,0.0,no_trade,0.0,0.0,0.0,no_trade,median_fast15_slow_60_70_80,0.0,0.0,0.0
2019-12-27,0.0,0.0,0.0,no_trade,0.0,0.0,0.0,no_trade,median_fast15_slow_60_70_80,0.0,0.0,0.0
2019-12-30,0.0,0.0,0.0,no_trade,0.0,0.0,0.0,no_trade,median_fast15_slow_60_70_80,0.0,0.0,0.0
2019-12-31,0.0,0.0,0.0,no_trade,0.0,0.0,0.0,no_trade,median_fast15_slow_60_70_80,0.0,0.0,0.0
2020-01-02,0.0,0.0,0.0,no_trade,0.0,0.0,0.0,no_trade,median_fast15_slow_60_70_80,0.0,0.0,0.0
2020-01-03,0.0,0.0,0.0,no_trade,0.0,0.0,0.0,no_trade,median_fast15_slow_60_70_80,0.0,0.0,0.0
2020-01-06,0.0,0.0,0.0,no_trade,0.0,0.0,0.0,no_trade,median_fast15_slow_60_70_80,0.0,0.0,0.0
2020-01-07,0.0,0.0,0.0,no_trade,0.0,0.0,0.0,no_trade,median_fast15_slow_60_70_80,0.0,0.0,0.0
2020-01-08,0.0,0.0,0.0,no_trade,0.0,0.0,0.0,no_trade,median_fast15_slow_60_70_80,0.0,0.0,0.0
2020-01-09,0.0,0.0,0.0,no_trade,0.0,0.0,0.0,no_trade,median_fast15_slow_60_70_80,0.0,0.0,0.0
2020-01-10,0.0,0.0,0.0,no_trade,0.0,0.0,0.0,no_trade,median_fast15_slow_60_70_80,0.0,0.0,0.0
2020-01-13,0.0,0.0,0.0,no_trade,0.0,0.0,0.0,no_trade,median_fast15_slow_60_70_80,0.0,0.0,0.0
2020-01-14,0.0,0.0,0.0,no_trade,0.0,0.0,0.0,no_trade,median_fast15_slow_60_70_80,0.0,0.0,0.0
2020-01-15,0.0,0.0,0.0,no_trade,0.0,0.0,0.0,no_trade,median_fast15_slow_60_70_80,0.0,0.0,0.0
2020-01-16,0.0,0.0,0.0,no_trade,0.0,0.0,0.0,no_trade,median_fast15_slow_60_70_80,0.0,0.0,0.0
2020-01-17,0.0,0.0,0.0,no_trade,0.0,0.0,0.0,no_trade,median_fast15_slow_60_70_80,0.0,0.0,0.0
2020-01-20,0.0,0.0,0.0,no_trade,0.0,0.0,0.0,no_trade,median_fast15_slow_60_70_80,0.0,0.0,0.0
2020-01-21,0.0,0.0,0.0,no_trade,0.0,0.0,0.0,no_trade,median_fast15_slow_60_70_80,0.0,0.0,0.0
2020-01-22,0.0,0.0,0.0,no_trade,0.0,0.0,0.0,no_trade,median_fast15_slow_60_70_80,0.0,0.0,0.0
2020-01-23,0.0,0.0,0.0,no_trade,0.0,0.0,0.0,no_trade,median_fast15_slow_60_70_80,0.0,0.0,0.0
2020-01-24,0.0,0.0,0.0,no_trade,0.0,0.0,0.0,no_trade,median_fast15_slow_60_70_80,0.0,0.0,0.0
2020-01-27,0.0,0.0,0.0,no_trade,0.0,0.0,0.0,no_trade,median_fast15_slow_60_70_80,0.0,0.0,0.0
2020-01-28,0.0,0.0,0.0,no_trade,0.0,0.0,0.0,no_trade,median_fast15_slow_60_70_80,0.0,0.0,0.0
2020-01-29,0.0,0.0,0.0,no_trade,0.0,0.0,0.0,no_trade,median_fast15_slow_60_70_80,0.0,0.0,0.0
2020-01-30,0.0,0.0,0.0,no_trade,0.0,0.0,0.0,no_trade,median_fast15_slow_60_70_80,0.0,0.0,0.0
2020-01-31,774.0,0.01548,1.0,mid,774.0,0.01548,1.0,mid,median_fast15_slow_60_70_80,0.0,0.0,0.0
2020-02-03,0.0,0.0,0.0,no_trade,0.0,0.0,0.0,no_trade,median_fast15_slow_60_70_80,0.0,0.0,0.0
2020-02-04,0.0,0.0,0.0,no_trade,0.0,0.0,0.0,no_trade,median_fast15_slow_60_70_80,0.0,0.0,0.0
2020-02-05,-94.0,-0.00188,1.0,mid,-94.0,-0.00188,1.0,mid,median_fast15_slow_60_70_80,0.0,0.0,0.0
2020-02-06,0.0,0.0,0.0,no_trade,0.0,0.0,0.0,no_trade,median_fast15_slow_60_70_80,0.0,0.0,0.0
2020-02-07,0.0,0.0,0.0,no_trade,0.0,0.0,0.0,no_trade,median_fast15_slow_60_70_80,0.0,0.0,0.0
2020-02-10,0.0,0.0,0.0,no_trade,0.0,0.0,0.0,no_trade,median_fast15_slow_60_70_80,0.0,0.0,0.0
2020-02-11,0.0,0.0,0.0,no_trade,0.0,0.0,0.0,no_trade,median_fast15_slow_60_70_80,0.0,0.0,0.0
2020-02-12,0.0,0.0,0.0,no_trade,0.0,0.0,0.0,no_trade,median_fast15_slow_60_70_80,0.0,0.0,0.0
2020-02-13,0.0,0.0,0.0,no_trade,0.0,0.0,0.0,no_trade,median_fast15_slow_60_70_80,0.0,0.0,0.0
2020-02-14,0.0,0.0,0.0,no_trade,0.0,0.0,0.0,no_trade,median_fast15_slow_60_70_80,0.0,0.0,0.0
2020-02-17,0.0,0.0,0.0,no_trade,0.0,0.0,0.0,no_trade,median_fast15_slow_60_70_80,0.0,0.0,0.0
2020-02-18,0.0,0.0,0.0,no_trade,0.0,0.0,0.0,no_trade,median_fast15_slow_60_70_80,0.0,0.0,0.0
2020-02-19,0.0,0.0,0.0,no_trade,0.0,0.0,0.0,no_trade,median_fast15_slow_60_70_80,0.0,0.0,0.0
2020-02-20,0.0,0.0,0.0,no_trade,0.0,0.0,0.0,no_trade,median_fast15_slow_60_70_80,0.0,0.0,0.0
2020-02-21,36.5,0.00073,0.5,low,36.5,0.00073,0.5,low,median_fast15_slow_60_70_80,0.0,0.0,0.0
2020-02-24,0.0,0.0,0.0,no_trade,0.0,0.0,0.0,no_trade,median_fast15_slow_60_70_80,0.0,0.0,0.0
2020-02-25,405.0,0.0081,0.5,low,405.0,0.0081,0.5,low,median_fast15_slow_60_70_80,0.0,0.0,0.0
2020-02-26,-277.0,-0.00554,0.5,low,-277.0,-0.00554,0.5,low,median_fast15_slow_60_70_80,0.0,0.0,0.0
2020-02-27,-248.0,-0.00496,0.5,low,-248.0,-0.00496,0.5,low,median_fast15_slow_60_70_80,0.0,0.0,0.0
2020-02-28,0.0,0.0,0.0,no_trade,0.0,0.0,0.0,no_trade,median_fast15_slow_60_70_80,0.0,0.0,0.0
2020-03-02,0.0,0.0,0.0,no_trade,0.0,0.0,0.0,no_trade,median_fast15_slow_60_70_80,0.0,0.0,0.0
2020-03-03,0.0,0.0,0.0,no_trade,0.0,0.0,0.0,no_trade,median_fast15_slow_60_70_80,0.0,0.0,0.0
2020-03-04,265.0,0.0053,0.5,low,265.0,0.0053,0.5,low,median_fast15_slow_60_70_80,0.0,0.0,0.0
2020-03-05,-337.0,-0.00674,0.5,low,-337.0,-0.00674,0.5,low,median_fast15_slow_60_70_80,0.0,0.0,0.0
2020-03-06,-234.5,-0.00469,0.5,low,-234.5,-0.00469,0.5,low,median_fast15_slow_60_70_80,0.0,0.0,0.0
2020-03-09,0.0,0.0,0.0,no_trade,0.0,0.0,0.0,no_trade,median_fast15_slow_60_70_80,0.0,0.0,0.0
2020-03-10,-230.5,-0.00461,0.5,low,-230.5,-0.00461,0.5,low,median_fast15_slow_60_70_80,0.0,0.0,0.0
2020-03-11,389.0,0.00778,0.5,low,389.0,0.00778,0.5,low,median_fast15_slow_60_70_80,0.0,0.0,0.0
2020-03-12,0.0,0.0,0.0,no_trade,0.0,0.0,0.0,no_trade,median_fast15_slow_60_70_80,0.0,0.0,0.0
2020-03-13,0.0,0.0,0.0,no_trade,0.0,0.0,0.0,no_trade,median_fast15_slow_60_70_80,0.0,0.0,0.0
2020-03-16,0.0,0.0,0.0,no_trade,0.0,0.0,0.0,no_trade,median_fast15_slow_60_70_80,0.0,0.0,0.0
2020-03-17,0.0,0.0,0.0,no_trade,0.0,0.0,0.0,no_trade,median_fast15_slow_60_70_80,0.0,0.0,0.0
2020-03-18,0.0,0.0,0.0,no_trade,0.0,0.0,0.0,no_trade,median_fast15_slow_60_70_80,0.0,0.0,0.0
2020-03-19,0.0,0.0,0.0,no_trade,0.0,0.0,0.0,no_trade,median_fast15_slow_60_70_80,0.0,0.0,0.0
2020-03-23,0.0,0.0,0.0,no_trade,0.0,0.0,0.0,no_trade,median_fast15_slow_60_70_80,0.0,0.0,0.0
2020-03-24,-233.5,-0.00467,0.5,low,-233.5,-0.00467,0.5,low,median_fast15_slow_60_70_80,0.0,0.0,0.0
2020-03-25,0.0,0.0,0.0,no_trade,0.0,0.0,0.0,no_trade,median_fast15_slow_60_70_80,0.0,0.0,0.0
2020-03-26,0.0,0.0,0.0,no_trade,0.0,0.0,0.0,no_trade,median_fast15_slow_60_70_80,0.0,0.0,0.0
2020-03-27,0.0,0.0,0.0,no_trade,0.0,0.0,0.0,no_trade,median_fast15_slow_60_70_80,0.0,0.0,0.0
2020-03-30,1400.0,0.028,1.0,mid,1400.0,0.028,1.0,mid,median_fast15_slow_60_70_80,0.0,0.0,0.0
2020-03-31,-163.0,-0.00326,0.25,high,-163.0,-0.00326,0.25,high,median_fast15_slow_60_70_80,0.0,0.0,0.0
2020-04-01,-307.0,-0.00614,0.5,low,-307.0,-0.00614,0.5,low,median_fast15_slow_60_70_80,0.0,0.0,0.0
2020-04-02,176.0,0.00352,0.5,low,176.0,0.00352,0.5,low,median_fast15_slow_60_70_80,0.0,0.0,0.0
2020-04-03,94.0,0.00188,0.5,low,94.0,0.00188,0.5,low,median_fast15_slow_60_70_80,0.0,0.0,0.0
2020-04-06,0.0,0.0,0.0,no_trade,0.0,0.0,0.0,no_trade,median_fast15_slow_60_70_80,0.0,0.0,0.0
2020-04-07,223.0,0.00446,0.5,low,446.0,0.00892,1.0,mid,median_fast15_slow_60_70_80,223.0,0.00446,223.0
2020-04-08,-208.0,-0.00416,0.5,low,-208.0,-0.00416,0.5,low,median_fast15_slow_60_70_80,0.0,0.0,0.0
2020-04-09,-54.0,-0.00108,1.0,mid,-54.0,-0.00108,1.0,mid,median_fast15_slow_60_70_80,0.0,0.0,0.0
2020-04-13,-684.0,-0.01368,1.0,mid,-684.0,-0.01368,1.0,mid,median_fast15_slow_60_70_80,0.0,0.0,0.0
2020-04-14,283.0,0.00566,1.0,mid,283.0,0.00566,1.0,mid,median_fast15_slow_60_70_80,0.0,0.0,0.0
2020-04-15,0.0,0.0,0.0,no_trade,0.0,0.0,0.0,no_trade,median_fast15_slow_60_70_80,0.0,0.0,0.0
2020-04-16,-162.5,-0.00325,0.25,high,-650.0,-0.013,1.0,mid,median_fast15_slow_60_70_80,-487.5,-0.00975,487.5
2020-04-17,-301.5,-0.00603,1.0,mid,-100.5,-0.00201,0.5,low,median_fast15_slow_60_70_80,201.0,0.004019999999999999,201.0
2020-04-20,-635.0,-0.0127,1.0,mid,-635.0,-0.0127,1.0,mid,median_fast15_slow_60_70_80,0.0,0.0,0.0
2020-04-21,174.5,0.00349,0.5,low,174.5,0.00349,0.5,low,median_fast15_slow_60_70_80,0.0,0.0,0.0
2020-04-22,165.0,0.0033,0.5,low,165.0,0.0033,0.5,low,median_fast15_slow_60_70_80,0.0,0.0,0.0
2020-04-23,-349.0,-0.00698,0.5,low,-349.0,-0.00698,0.5,low,median_fast15_slow_60_70_80,0.0,0.0,0.0
2020-04-24,0.0,0.0,0.0,no_trade,0.0,0.0,0.0,no_trade,median_fast15_slow_60_70_80,0.0,0.0,0.0
2020-04-27,-309.0,-0.00618,0.5,low,-309.0,-0.00618,0.5,low,median_fast15_slow_60_70_80,0.0,0.0,0.0
2020-04-28,1162.0,0.02324,1.0,mid,1162.0,0.02324,1.0,mid,median_fast15_slow_60_70_80,0.0,0.0,0.0
2020-04-29,718.0,0.01436,0.5,low,718.0,0.01436,0.5,low,median_fast15_slow_60_70_80,0.0,0.0,0.0
2020-04-30,-59.5,-0.00119,0.25,high,-59.5,-0.00119,0.25,high,median_fast15_slow_60_70_80,0.0,0.0,0.0
2020-05-01,-135.5,-0.00271,0.25,high,-135.5,-0.00271,0.25,high,median_fast15_slow_60_70_80,0.0,0.0,0.0
2020-05-04,688.0,0.01376,1.0,mid,688.0,0.01376,1.0,mid,median_fast15_slow_60_70_80,0.0,0.0,0.0
2020-05-05,0.0,0.0,0.0,no_trade,0.0,0.0,0.0,no_trade,median_fast15_slow_60_70_80,0.0,0.0,0.0
2020-05-06,-133.0,-0.00266,0.25,high,-133.0,-0.00266,0.25,high,median_fast15_slow_60_70_80,0.0,0.0,0.0
2020-05-07,-665.0,-0.0133,1.0,mid,-665.0,-0.0133,1.0,mid,median_fast15_slow_60_70_80,0.0,0.0,0.0
2020-05-08,0.0,0.0,0.0,no_trade,0.0,0.0,0.0,no_trade,median_fast15_slow_60_70_80,0.0,0.0,0.0
2020-05-11,0.0,0.0,0.0,no_trade,0.0,0.0,0.0,no_trade,median_fast15_slow_60_70_80,0.0,0.0,0.0
2020-05-12,0.0,0.0,0.0,no_trade,0.0,0.0,0.0,no_trade,median_fast15_slow_60_70_80,0.0,0.0,0.0
2020-05-13,-215.0,-0.0043,0.5,low,-215.0,-0.0043,0.5,low,median_fast15_slow_60_70_80,0.0,0.0,0.0
2020-05-14,-504.0,-0.01008,1.0,mid,-504.0,-0.01008,1.0,mid,median_fast15_slow_60_70_80,0.0,0.0,0.0
2020-05-15,203.0,0.00406,0.5,low,203.0,0.00406,0.5,low,median_fast15_slow_60_70_80,0.0,0.0,0.0
2020-05-18,105.0,0.0021,0.5,low,105.0,0.0021,0.5,low,median_fast15_slow_60_70_80,0.0,0.0,0.0
2020-05-19,-292.0,-0.00584,0.5,low,-292.0,-0.00584,0.5,low,median_fast15_slow_60_70_80,0.0,0.0,0.0
2020-05-20,0.0,0.0,0.0,no_trade,0.0,0.0,0.0,no_trade,median_fast15_slow_60_70_80,0.0,0.0,0.0
2020-05-21,282.0,0.00564,0.25,high,282.0,0.00564,0.25,high,median_fast15_slow_60_70_80,0.0,0.0,0.0
2020-05-22,0.0,0.0,0.0,no_trade,0.0,0.0,0.0,no_trade,median_fast15_slow_60_70_80,0.0,0.0,0.0
2020-05-25,0.0,0.0,0.0,no_trade,0.0,0.0,0.0,no_trade,median_fast15_slow_60_70_80,0.0,0.0,0.0
2020-05-26,0.0,0.0,0.0,no_trade,0.0,0.0,0.0,no_trade,median_fast15_slow_60_70_80,0.0,0.0,0.0
2020-05-27,-234.0,-0.00468,0.5,low,-234.0,-0.00468,0.5,low,median_fast15_slow_60_70_80,0.0,0.0,0.0
2020-05-28,-168.5,-0.00337,0.25,high,-168.5,-0.00337,0.25,high,median_fast15_slow_60_70_80,0.0,0.0,0.0
2020-05-29,-148.0,-0.00296,0.25,high,-148.0,-0.00296,0.25,high,median_fast15_slow_60_70_80,0.0,0.0,0.0
2020-06-01,41.0,0.00082,0.5,low,41.0,0.00082,0.5,low,median_fast15_slow_60_70_80,0.0,0.0,0.0
2020-06-02,0.0,0.0,0.0,no_trade,0.0,0.0,0.0,no_trade,median_fast15_slow_60_70_80,0.0,0.0,0.0
2020-06-03,-749.0,-0.01498,1.0,mid,-749.0,-0.01498,1.0,mid,median_fast15_slow_60_70_80,0.0,0.0,0.0
2020-06-04,0.0,0.0,0.0,no_trade,0.0,0.0,0.0,no_trade,median_fast15_slow_60_70_80,0.0,0.0,0.0
2020-06-05,0.0,0.0,0.0,no_trade,0.0,0.0,0.0,no_trade,median_fast15_slow_60_70_80,0.0,0.0,0.0
2020-06-08,-128.0,-0.00256,0.25,high,-128.0,-0.00256,0.25,high,median_fast15_slow_60_70_80,0.0,0.0,0.0
2020-06-09,591.0,0.01182,1.0,mid,591.0,0.01182,1.0,mid,median_fast15_slow_60_70_80,0.0,0.0,0.0
2020-06-10,-97.5,-0.00195,0.25,high,-97.5,-0.00195,0.25,high,median_fast15_slow_60_70_80,0.0,0.0,0.0
2020-06-11,-588.0,-0.01176,1.0,mid,-588.0,-0.01176,1.0,mid,median_fast15_slow_60_70_80,0.0,0.0,0.0
2020-06-12,1341.0,0.02682,1.0,mid,1341.0,0.02682,1.0,mid,median_fast15_slow_60_70_80,0.0,0.0,0.0
2020-06-15,475.0,0.0095,0.5,low,1425.0,0.0285,1.0,mid,median_fast15_slow_60_70_80,950.0,0.019000000000000003,950.0
2020-06-16,-55.0,-0.0011,0.25,high,-55.0,-0.0011,0.25,high,median_fast15_slow_60_70_80,0.0,0.0,0.0
2020-06-17,-127.0,-0.00254,0.25,high,-127.0,-0.00254,0.25,high,median_fast15_slow_60_70_80,0.0,0.0,0.0
2020-06-18,-301.5,-0.00603,0.5,low,-301.5,-0.00603,0.5,low,median_fast15_slow_60_70_80,0.0,0.0,0.0
2020-06-22,190.0,0.0038,0.25,high,190.0,0.0038,0.25,high,median_fast15_slow_60_70_80,0.0,0.0,0.0
2020-06-23,0.0,0.0,0.0,no_trade,0.0,0.0,0.0,no_trade,median_fast15_slow_60_70_80,0.0,0.0,0.0
2020-06-24,0.0,0.0,0.0,no_trade,0.0,0.0,0.0,no_trade,median_fast15_slow_60_70_80,0.0,0.0,0.0
2020-06-25,0.0,0.0,0.0,no_trade,0.0,0.0,0.0,no_trade,median_fast15_slow_60_70_80,0.0,0.0,0.0
2020-06-26,237.5,0.00475,0.5,low,237.5,0.00475,0.5,low,median_fast15_slow_60_70_80,0.0,0.0,0.0
2020-06-29,212.0,0.00424,0.5,low,212.0,0.00424,0.5,low,median_fast15_slow_60_70_80,0.0,0.0,0.0
2020-06-30,520.5,0.01041,1.0,mid,0.0,0.0,0.0,no_trade,median_fast15_slow_60_70_80,-520.5,-0.01041,520.5
2020-07-01,245.0,0.0049,0.5,low,245.0,0.0049,0.5,low,median_fast15_slow_60_70_80,0.0,0.0,0.0
2020-07-02,6.0,0.00012,0.25,high,6.0,0.00012,0.25,high,median_fast15_slow_60_70_80,0.0,0.0,0.0
2020-07-03,0.0,0.0,0.0,no_trade,0.0,0.0,0.0,no_trade,median_fast15_slow_60_70_80,0.0,0.0,0.0
2020-07-06,246.0,0.00492,0.25,high,246.0,0.00492,0.25,high,median_fast15_slow_60_70_80,0.0,0.0,0.0
2020-07-07,-326.0,-0.00652,0.5,low,-326.0,-0.00652,0.5,low,median_fast15_slow_60_70_80,0.0,0.0,0.0
2020-07-08,-144.0,-0.00288,0.25,high,-144.0,-0.00288,0.25,high,median_fast15_slow_60_70_80,0.0,0.0,0.0
2020-07-09,711.0,0.01422,0.5,low,1422.0,0.02844,1.0,mid,median_fast15_slow_60_70_80,711.0,0.01422,711.0
2020-07-10,0.0,0.0,0.0,no_trade,0.0,0.0,0.0,no_trade,median_fast15_slow_60_70_80,0.0,0.0,0.0
2020-07-13,-287.0,-0.00574,0.5,low,-287.0,-0.00574,0.5,low,median_fast15_slow_60_70_80,0.0,0.0,0.0
2020-07-14,0.0,0.0,0.0,no_trade,0.0,0.0,0.0,no_trade,median_fast15_slow_60_70_80,0.0,0.0,0.0
2020-07-15,0.0,0.0,0.0,no_trade,-165.0,-0.0033,1.0,mid,median_fast15_slow_60_70_80,-165.0,-0.0033,165.0
2020-07-16,-690.0,-0.0138,1.0,mid,-690.0,-0.0138,1.0,mid,median_fast15_slow_60_70_80,0.0,0.0,0.0
2020-07-17,-188.5,-0.00377,0.5,low,-188.5,-0.00377,0.5,low,median_fast15_slow_60_70_80,0.0,0.0,0.0
2020-07-20,730.0,0.0146,0.5,low,730.0,0.0146,0.5,low,median_fast15_slow_60_70_80,0.0,0.0,0.0
2020-07-21,390.0,0.0078,1.0,mid,390.0,0.0078,1.0,mid,median_fast15_slow_60_70_80,0.0,0.0,0.0
2020-07-22,-109.0,-0.00218,0.5,low,-109.0,-0.00218,0.5,low,median_fast15_slow_60_70_80,0.0,0.0,0.0
2020-07-23,291.0,0.00582,0.25,high,291.0,0.00582,0.25,high,median_fast15_slow_60_70_80,0.0,0.0,0.0
2020-07-24,68.5,0.00137,0.5,low,68.5,0.00137,0.5,low,median_fast15_slow_60_70_80,0.0,0.0,0.0
2020-07-27,-718.5,-0.01437,1.0,mid,-718.5,-0.01437,1.0,mid,median_fast15_slow_60_70_80,0.0,0.0,0.0
2020-07-28,0.0,0.0,0.0,no_trade,0.0,0.0,0.0,no_trade,median_fast15_slow_60_70_80,0.0,0.0,0.0
2020-07-29,48.0,0.00096,0.25,high,48.0,0.00096,0.25,high,median_fast15_slow_60_70_80,0.0,0.0,0.0
2020-07-30,-196.0,-0.00392,0.5,low,-196.0,-0.00392,0.5,low,median_fast15_slow_60_70_80,0.0,0.0,0.0
2020-07-31,-514.0,-0.01028,1.0,mid,-514.0,-0.01028,1.0,mid,median_fast15_slow_60_70_80,0.0,0.0,0.0
2020-08-03,-62.5,-0.00125,0.25,high,-62.5,-0.00125,0.25,high,median_fast15_slow_60_70_80,0.0,0.0,0.0
2020-08-04,-256.0,-0.00512,0.5,low,-256.0,-0.00512,0.5,low,median_fast15_slow_60_70_80,0.0,0.0,0.0
2020-08-05,-78.0,-0.00156,0.5,low,-78.0,-0.00156,0.5,low,median_fast15_slow_60_70_80,0.0,0.0,0.0
2020-08-06,0.0,0.0,0.0,no_trade,0.0,0.0,0.0,no_trade,median_fast15_slow_60_70_80,0.0,0.0,0.0
2020-08-07,0.0,0.0,0.0,no_trade,0.0,0.0,0.0,no_trade,median_fast15_slow_60_70_80,0.0,0.0,0.0
2020-08-10,-60.0,-0.0012,0.25,high,-60.0,-0.0012,0.25,high,median_fast15_slow_60_70_80,0.0,0.0,0.0
2020-08-11,-565.5,-0.01131,1.0,mid,-565.5,-0.01131,1.0,mid,median_fast15_slow_60_70_80,0.0,0.0,0.0
2020-08-12,121.0,0.00242,0.5,low,121.0,0.00242,0.5,low,median_fast15_slow_60_70_80,0.0,0.0,0.0
2020-08-13,-280.0,-0.0056,0.5,low,-280.0,-0.0056,0.5,low,median_fast15_slow_60_70_80,0.0,0.0,0.0
2020-08-14,-217.5,-0.00435,1.0,mid,-217.5,-0.00435,1.0,mid,median_fast15_slow_60_70_80,0.0,0.0,0.0
2020-08-17,0.0,0.0,0.0,no_trade,0.0,0.0,0.0,no_trade,median_fast15_slow_60_70_80,0.0,0.0,0.0
2020-08-18,-126.0,-0.00252,0.25,high,-126.0,-0.00252,0.25,high,median_fast15_slow_60_70_80,0.0,0.0,0.0
2020-08-19,0.0,0.0,0.0,no_trade,0.0,0.0,0.0,no_trade,median_fast15_slow_60_70_80,0.0,0.0,0.0
2020-08-20,0.0,0.0,0.0,no_trade,0.0,0.0,0.0,no_trade,median_fast15_slow_60_70_80,0.0,0.0,0.0
2020-08-21,253.5,0.00507,0.5,low,253.5,0.00507,0.5,low,median_fast15_slow_60_70_80,0.0,0.0,0.0
2020-08-24,0.0,0.0,0.0,no_trade,0.0,0.0,0.0,no_trade,median_fast15_slow_60_70_80,0.0,0.0,0.0
2020-08-25,702.0,0.01404,0.5,low,702.0,0.01404,0.5,low,median_fast15_slow_60_70_80,0.0,0.0,0.0
2020-08-26,0.0,0.0,0.0,no_trade,0.0,0.0,0.0,no_trade,median_fast15_slow_60_70_80,0.0,0.0,0.0
2020-08-27,-226.5,-0.00453,0.5,low,-226.5,-0.00453,0.5,low,median_fast15_slow_60_70_80,0.0,0.0,0.0
2020-08-28,-129.0,-0.00258,0.25,high,-129.0,-0.00258,0.25,high,median_fast15_slow_60_70_80,0.0,0.0,0.0
2020-08-31,180.0,0.0036,0.5,low,180.0,0.0036,0.5,low,median_fast15_slow_60_70_80,0.0,0.0,0.0
2020-09-01,1158.0,0.02316,1.0,mid,1158.0,0.02316,1.0,mid,median_fast15_slow_60_70_80,0.0,0.0,0.0
2020-09-02,0.0,0.0,0.0,no_trade,0.0,0.0,0.0,no_trade,median_fast15_slow_60_70_80,0.0,0.0,0.0
2020-09-03,1338.0,0.02676,1.0,mid,1338.0,0.02676,1.0,mid,median_fast15_slow_60_70_80,0.0,0.0,0.0
2020-09-04,0.0,0.0,0.0,no_trade,0.0,0.0,0.0,no_trade,median_fast15_slow_60_70_80,0.0,0.0,0.0
2020-09-07,0.0,0.0,0.0,no_trade,0.0,0.0,0.0,no_trade,median_fast15_slow_60_70_80,0.0,0.0,0.0
2020-09-08,0.0,0.0,0.0,no_trade,0.0,0.0,0.0,no_trade,median_fast15_slow_60_70_80,0.0,0.0,0.0
2020-09-09,134.0,0.00268,1.0,mid,134.0,0.00268,1.0,mid,median_fast15_slow_60_70_80,0.0,0.0,0.0
2020-09-10,-601.5,-0.01203,1.0,mid,0.0,0.0,0.0,no_trade,median_fast15_slow_60_70_80,601.5,0.01203,601.5
2020-09-11,0.0,0.0,0.0,no_trade,0.0,0.0,0.0,no_trade,median_fast15_slow_60_70_80,0.0,0.0,0.0
2020-09-14,-681.0,-0.01362,1.0,mid,-681.0,-0.01362,1.0,mid,median_fast15_slow_60_70_80,0.0,0.0,0.0
2020-09-15,-283.0,-0.00566,0.5,low,-283.0,-0.00566,0.5,low,median_fast15_slow_60_70_80,0.0,0.0,0.0
2020-09-16,700.0,0.014,0.5,low,700.0,0.014,0.5,low,median_fast15_slow_60_70_80,0.0,0.0,0.0
2020-09-17,-282.5,-0.00565,0.5,low,-282.5,-0.00565,0.5,low,median_fast15_slow_60_70_80,0.0,0.0,0.0
2020-09-21,-282.5,-0.00565,0.5,low,-282.5,-0.00565,0.5,low,median_fast15_slow_60_70_80,0.0,0.0,0.0
2020-09-22,-523.0,-0.01046,1.0,mid,-523.0,-0.01046,1.0,mid,median_fast15_slow_60_70_80,0.0,0.0,0.0
2020-09-23,0.0,0.0,0.0,no_trade,0.0,0.0,0.0,no_trade,median_fast15_slow_60_70_80,0.0,0.0,0.0
2020-09-24,0.0,0.0,0.0,no_trade,0.0,0.0,0.0,no_trade,median_fast15_slow_60_70_80,0.0,0.0,0.0
2020-09-25,0.0,0.0,0.0,no_trade,0.0,0.0,0.0,no_trade,median_fast15_slow_60_70_80,0.0,0.0,0.0
2020-09-28,-208.5,-0.00417,0.5,low,-208.5,-0.00417,0.5,low,median_fast15_slow_60_70_80,0.0,0.0,0.0
2020-09-29,-355.5,-0.00711,0.5,low,-355.5,-0.00711,0.5,low,median_fast15_slow_60_70_80,0.0,0.0,0.0
2020-09-30,0.0,0.0,0.0,no_trade,0.0,0.0,0.0,no_trade,median_fast15_slow_60_70_80,0.0,0.0,0.0
2020-10-01,-121.5,-0.00243,0.25,high,-121.5,-0.00243,0.25,high,median_fast15_slow_60_70_80,0.0,0.0,0.0
2020-10-02,0.0,0.0,0.0,no_trade,0.0,0.0,0.0,no_trade,median_fast15_slow_60_70_80,0.0,0.0,0.0
2020-10-05,190.5,0.00381,0.25,high,190.5,0.00381,0.25,high,median_fast15_slow_60_70_80,0.0,0.0,0.0
2020-10-06,-274.0,-0.00548,0.5,low,-274.0,-0.00548,0.5,low,median_fast15_slow_60_70_80,0.0,0.0,0.0
2020-10-07,0.0,0.0,0.0,no_trade,0.0,0.0,0.0,no_trade,median_fast15_slow_60_70_80,0.0,0.0,0.0
2020-10-08,-139.0,-0.00278,0.25,high,-139.0,-0.00278,0.25,high,median_fast15_slow_60_70_80,0.0,0.0,0.0
2020-10-09,155.5,0.00311,0.25,high,155.5,0.00311,0.25,high,median_fast15_slow_60_70_80,0.0,0.0,0.0
2020-10-12,0.0,0.0,0.0,no_trade,0.0,0.0,0.0,no_trade,median_fast15_slow_60_70_80,0.0,0.0,0.0
2020-10-13,-267.0,-0.00534,0.5,low,-267.0,-0.00534,0.5,low,median_fast15_slow_60_70_80,0.0,0.0,0.0
2020-10-14,1119.0,0.02238,1.0,mid,1119.0,0.02238,1.0,mid,median_fast15_slow_60_70_80,0.0,0.0,0.0
2020-10-15,0.0,0.0,0.0,no_trade,0.0,0.0,0.0,no_trade,median_fast15_slow_60_70_80,0.0,0.0,0.0
2020-10-16,-95.5,-0.00191,0.25,high,-95.5,-0.00191,0.25,high,median_fast15_slow_60_70_80,0.0,0.0,0.0
2020-10-19,326.0,0.00652,0.25,high,326.0,0.00652,0.25,high,median_fast15_slow_60_70_80,0.0,0.0,0.0
2020-10-20,-708.0,-0.01416,1.0,mid,-708.0,-0.01416,1.0,mid,median_fast15_slow_60_70_80,0.0,0.0,0.0
2020-10-21,-39.0,-0.00078,0.5,low,-39.0,-0.00078,0.5,low,median_fast15_slow_60_70_80,0.0,0.0,0.0
2020-10-22,-25.0,-0.0005,1.0,mid,-25.0,-0.0005,1.0,mid,median_fast15_slow_60_70_80,0.0,0.0,0.0
2020-10-23,0.0,0.0,0.0,no_trade,0.0,0.0,0.0,no_trade,median_fast15_slow_60_70_80,0.0,0.0,0.0
2020-10-26,0.0,0.0,0.0,no_trade,0.0,0.0,0.0,no_trade,median_fast15_slow_60_70_80,0.0,0.0,0.0
2020-10-27,-339.0,-0.00678,0.5,low,-339.0,-0.00678,0.5,low,median_fast15_slow_60_70_80,0.0,0.0,0.0
2020-10-28,0.0,0.0,0.0,no_trade,0.0,0.0,0.0,no_trade,median_fast15_slow_60_70_80,0.0,0.0,0.0
2020-10-29,-697.5,-0.01395,1.0,mid,-697.5,-0.01395,1.0,mid,median_fast15_slow_60_70_80,0.0,0.0,0.0
2020-10-30,199.0,0.00398,1.0,mid,199.0,0.00398,1.0,mid,median_fast15_slow_60_70_80,0.0,0.0,0.0
2020-11-02,130.5,0.00261,1.0,mid,130.5,0.00261,1.0,mid,median_fast15_slow_60_70_80,0.0,0.0,0.0
2020-11-03,1272.0,0.02544,1.0,mid,1272.0,0.02544,1.0,mid,median_fast15_slow_60_70_80,0.0,0.0,0.0
2020-11-04,0.0,0.0,0.0,no_trade,0.0,0.0,0.0,no_trade,median_fast15_slow_60_70_80,0.0,0.0,0.0
2020-11-05,-723.0,-0.01446,1.0,mid,-723.0,-0.01446,1.0,mid,median_fast15_slow_60_70_80,0.0,0.0,0.0
2020-11-06,56.5,0.00113,0.5,low,56.5,0.00113,0.5,low,median_fast15_slow_60_70_80,0.0,0.0,0.0
2020-11-09,0.0,0.0,0.0,no_trade,0.0,0.0,0.0,no_trade,median_fast15_slow_60_70_80,0.0,0.0,0.0
2020-11-10,-92.0,-0.00184,0.5,low,-92.0,-0.00184,0.5,low,median_fast15_slow_60_70_80,0.0,0.0,0.0
2020-11-11,95.5,0.00191,0.5,low,95.5,0.00191,0.5,low,median_fast15_slow_60_70_80,0.0,0.0,0.0
2020-11-12,-370.0,-0.0074,0.5,low,-370.0,-0.0074,0.5,low,median_fast15_slow_60_70_80,0.0,0.0,0.0
2020-11-13,-112.5,-0.00225,0.25,high,-112.5,-0.00225,0.25,high,median_fast15_slow_60_70_80,0.0,0.0,0.0
2020-11-16,44.0,0.00088,0.5,low,44.0,0.00088,0.5,low,median_fast15_slow_60_70_80,0.0,0.0,0.0
2020-11-17,0.0,0.0,0.0,no_trade,0.0,0.0,0.0,no_trade,median_fast15_slow_60_70_80,0.0,0.0,0.0
2020-11-18,0.0,0.0,0.0,no_trade,0.0,0.0,0.0,no_trade,median_fast15_slow_60_70_80,0.0,0.0,0.0
2020-11-19,265.5,0.00531,1.0,mid,88.5,0.00177,0.5,low,median_fast15_slow_60_70_80,-177.0,-0.0035399999999999997,177.0
2020-11-20,0.0,0.0,0.0,no_trade,0.0,0.0,0.0,no_trade,median_fast15_slow_60_70_80,0.0,0.0,0.0
2020-11-23,1434.0,0.02868,1.0,mid,239.0,0.00478,0.25,high,median_fast15_slow_60_70_80,-1195.0,-0.0239,1195.0
2020-11-24,1424.0,0.02848,1.0,mid,712.0,0.01424,0.5,low,median_fast15_slow_60_70_80,-712.0,-0.01424,712.0
2020-11-25,-110.5,-0.00221,0.25,high,-110.5,-0.00221,0.25,high,median_fast15_slow_60_70_80,0.0,0.0,0.0
2020-11-26,0.0,0.0,0.0,no_trade,0.0,0.0,0.0,no_trade,median_fast15_slow_60_70_80,0.0,0.0,0.0
2020-11-27,292.0,0.00584,1.0,mid,292.0,0.00584,1.0,mid,median_fast15_slow_60_70_80,0.0,0.0,0.0
2020-11-30,-354.0,-0.00708,0.5,low,-354.0,-0.00708,0.5,low,median_fast15_slow_60_70_80,0.0,0.0,0.0
2020-12-01,113.5,0.00227,0.25,high,113.5,0.00227,0.25,high,median_fast15_slow_60_70_80,0.0,0.0,0.0
2020-12-02,247.0,0.00494,0.5,low,247.0,0.00494,0.5,low,median_fast15_slow_60_70_80,0.0,0.0,0.0
2020-12-03,-103.0,-0.00206,0.25,high,-103.0,-0.00206,0.25,high,median_fast15_slow_60_70_80,0.0,0.0,0.0
2020-12-04,0.0,0.0,0.0,no_trade,0.0,0.0,0.0,no_trade,median_fast15_slow_60_70_80,0.0,0.0,0.0
2020-12-07,-3.5,-7e-05,0.25,high,-3.5,-7e-05,0.25,high,median_fast15_slow_60_70_80,0.0,0.0,0.0
2020-12-08,0.0,0.0,0.0,no_trade,0.0,0.0,0.0,no_trade,median_fast15_slow_60_70_80,0.0,0.0,0.0
2020-12-09,0.0,0.0,0.0,no_trade,0.0,0.0,0.0,no_trade,median_fast15_slow_60_70_80,0.0,0.0,0.0
2020-12-10,0.5,1e-05,0.5,low,0.5,1e-05,0.5,low,median_fast15_slow_60_70_80,0.0,0.0,0.0
2020-12-11,-339.0,-0.00678,0.5,low,-339.0,-0.00678,0.5,low,median_fast15_slow_60_70_80,0.0,0.0,0.0
2020-12-14,-211.0,-0.00422,0.5,low,-211.0,-0.00422,0.5,low,median_fast15_slow_60_70_80,0.0,0.0,0.0
2020-12-15,0.0,0.0,0.0,no_trade,0.0,0.0,0.0,no_trade,median_fast15_slow_60_70_80,0.0,0.0,0.0
2020-12-16,0.0,0.0,0.0,no_trade,0.0,0.0,0.0,no_trade,median_fast15_slow_60_70_80,0.0,0.0,0.0
2020-12-17,0.0,0.0,0.0,no_trade,0.0,0.0,0.0,no_trade,median_fast15_slow_60_70_80,0.0,0.0,0.0
2020-12-21,0.0,0.0,0.0,no_trade,0.0,0.0,0.0,no_trade,median_fast15_slow_60_70_80,0.0,0.0,0.0
2020-12-22,-290.0,-0.0058,1.0,mid,-290.0,-0.0058,1.0,mid,median_fast15_slow_60_70_80,0.0,0.0,0.0
2020-12-23,0.0,0.0,0.0,no_trade,0.0,0.0,0.0,no_trade,median_fast15_slow_60_70_80,0.0,0.0,0.0
2020-12-24,0.0,0.0,0.0,no_trade,0.0,0.0,0.0,no_trade,median_fast15_slow_60_70_80,0.0,0.0,0.0
2020-12-28,0.0,0.0,0.0,no_trade,0.0,0.0,0.0,no_trade,median_fast15_slow_60_70_80,0.0,0.0,0.0
2020-12-29,2.5,5e-05,0.25,high,2.5,5e-05,0.25,high,median_fast15_slow_60_70_80,0.0,0.0,0.0
2020-12-30,65.0,0.0013,1.0,mid,65.0,0.0013,1.0,mid,median_fast15_slow_60_70_80,0.0,0.0,0.0
2020-12-31,0.0,0.0,0.0,no_trade,0.0,0.0,0.0,no_trade,median_fast15_slow_60_70_80,0.0,0.0,0.0
2021-01-04,1392.0,0.02784,1.0,mid,1392.0,0.02784,1.0,mid,median_fast15_slow_60_70_80,0.0,0.0,0.0
2021-01-05,0.0,0.0,0.0,no_trade,-747.0,-0.01494,1.0,mid,median_fast15_slow_60_70_80,-747.0,-0.01494,747.0
2021-01-06,-168.0,-0.00336,0.5,low,-168.0,-0.00336,0.5,low,median_fast15_slow_60_70_80,0.0,0.0,0.0
2021-01-07,490.5,0.00981,1.0,mid,490.5,0.00981,1.0,mid,median_fast15_slow_60_70_80,0.0,0.0,0.0
2021-01-08,-301.0,-0.00602,0.5,low,-301.0,-0.00602,0.5,low,median_fast15_slow_60_70_80,0.0,0.0,0.0
2021-01-11,-197.0,-0.00394,0.5,low,-197.0,-0.00394,0.5,low,median_fast15_slow_60_70_80,0.0,0.0,0.0
2021-01-12,0.0,0.0,0.0,no_trade,0.0,0.0,0.0,no_trade,median_fast15_slow_60_70_80,0.0,0.0,0.0
2021-01-13,70.0,0.0014,0.5,low,70.0,0.0014,0.5,low,median_fast15_slow_60_70_80,0.0,0.0,0.0
2021-01-14,0.0,0.0,0.0,no_trade,0.0,0.0,0.0,no_trade,median_fast15_slow_60_70_80,0.0,0.0,0.0
2021-01-15,1386.0,0.02772,1.0,mid,1386.0,0.02772,1.0,mid,median_fast15_slow_60_70_80,0.0,0.0,0.0
2021-01-18,0.0,0.0,0.0,no_trade,0.0,0.0,0.0,no_trade,median_fast15_slow_60_70_80,0.0,0.0,0.0
2021-01-19,0.0,0.0,0.0,no_trade,0.0,0.0,0.0,no_trade,median_fast15_slow_60_70_80,0.0,0.0,0.0
2021-01-20,1292.0,0.02584,1.0,mid,323.0,0.00646,0.25,high,median_fast15_slow_60_70_80,-969.0,-0.019379999999999998,969.0
2021-01-21,184.0,0.00368,0.5,low,184.0,0.00368,0.5,low,median_fast15_slow_60_70_80,0.0,0.0,0.0
2021-01-22,-650.0,-0.013,1.0,mid,-650.0,-0.013,1.0,mid,median_fast15_slow_60_70_80,0.0,0.0,0.0
2021-01-25,714.0,0.01428,0.5,low,714.0,0.01428,0.5,low,median_fast15_slow_60_70_80,0.0,0.0,0.0
2021-01-26,-100.0,-0.002,0.5,low,-100.0,-0.002,0.5,low,median_fast15_slow_60_70_80,0.0,0.0,0.0
2021-01-27,0.0,0.0,0.0,no_trade,0.0,0.0,0.0,no_trade,median_fast15_slow_60_70_80,0.0,0.0,0.0
2021-01-28,-520.0,-0.0104,1.0,mid,-520.0,-0.0104,1.0,mid,median_fast15_slow_60_70_80,0.0,0.0,0.0
2021-01-29,-302.5,-0.00605,0.5,low,-302.5,-0.00605,0.5,low,median_fast15_slow_60_70_80,0.0,0.0,0.0
2021-02-01,236.5,0.00473,0.5,low,236.5,0.00473,0.5,low,median_fast15_slow_60_70_80,0.0,0.0,0.0
2021-02-02,9.0,0.00018,0.25,high,9.0,0.00018,0.25,high,median_fast15_slow_60_70_80,0.0,0.0,0.0
2021-02-03,436.0,0.00872,1.0,mid,436.0,0.00872,1.0,mid,median_fast15_slow_60_70_80,0.0,0.0,0.0
2021-02-04,-158.0,-0.00316,0.25,high,-158.0,-0.00316,0.25,high,median_fast15_slow_60_70_80,0.0,0.0,0.0
2021-02-05,-130.0,-0.0026,0.25,high,-130.0,-0.0026,0.25,high,median_fast15_slow_60_70_80,0.0,0.0,0.0
2021-02-08,-712.0,-0.01424,1.0,mid,-712.0,-0.01424,1.0,mid,median_fast15_slow_60_70_80,0.0,0.0,0.0
2021-02-09,-267.5,-0.00535,1.0,mid,-267.5,-0.00535,1.0,mid,median_fast15_slow_60_70_80,0.0,0.0,0.0
2021-02-10,1372.0,0.02744,1.0,mid,1372.0,0.02744,1.0,mid,median_fast15_slow_60_70_80,0.0,0.0,0.0
2021-02-11,0.0,0.0,0.0,no_trade,0.0,0.0,0.0,no_trade,median_fast15_slow_60_70_80,0.0,0.0,0.0
2021-02-12,0.0,0.0,0.0,no_trade,0.0,0.0,0.0,no_trade,median_fast15_slow_60_70_80,0.0,0.0,0.0
2021-02-15,0.0,0.0,0.0,no_trade,0.0,0.0,0.0,no_trade,median_fast15_slow_60_70_80,0.0,0.0,0.0
2021-02-16,-367.5,-0.00735,0.5,low,-367.5,-0.00735,0.5,low,median_fast15_slow_60_70_80,0.0,0.0,0.0
2021-02-17,-732.0,-0.01464,1.0,mid,-732.0,-0.01464,1.0,mid,median_fast15_slow_60_70_80,0.0,0.0,0.0
2021-02-18,-144.5,-0.00289,0.25,high,-144.5,-0.00289,0.25,high,median_fast15_slow_60_70_80,0.0,0.0,0.0
2021-02-19,126.0,0.00252,0.25,high,126.0,0.00252,0.25,high,median_fast15_slow_60_70_80,0.0,0.0,0.0
2021-02-22,932.0,0.01864,1.0,mid,932.0,0.01864,1.0,mid,median_fast15_slow_60_70_80,0.0,0.0,0.0
2021-02-23,0.0,0.0,0.0,no_trade,0.0,0.0,0.0,no_trade,median_fast15_slow_60_70_80,0.0,0.0,0.0
2021-02-24,0.0,0.0,0.0,no_trade,0.0,0.0,0.0,no_trade,median_fast15_slow_60_70_80,0.0,0.0,0.0
2021-02-25,476.0,0.00952,0.5,low,476.0,0.00952,0.5,low,median_fast15_slow_60_70_80,0.0,0.0,0.0
2021-02-26,0.0,0.0,0.0,no_trade,0.0,0.0,0.0,no_trade,median_fast15_slow_60_70_80,0.0,0.0,0.0
2021-03-01,622.0,0.01244,0.5,low,622.0,0.01244,0.5,low,median_fast15_slow_60_70_80,0.0,0.0,0.0
2021-03-02,0.0,0.0,0.0,no_trade,0.0,0.0,0.0,no_trade,median_fast15_slow_60_70_80,0.0,0.0,0.0
2021-03-03,0.0,0.0,0.0,no_trade,0.0,0.0,0.0,no_trade,median_fast15_slow_60_70_80,0.0,0.0,0.0
2021-03-04,0.0,0.0,0.0,no_trade,0.0,0.0,0.0,no_trade,median_fast15_slow_60_70_80,0.0,0.0,0.0
2021-03-05,0.0,0.0,0.0,no_trade,0.0,0.0,0.0,no_trade,median_fast15_slow_60_70_80,0.0,0.0,0.0
2021-03-08,0.0,0.0,0.0,no_trade,0.0,0.0,0.0,no_trade,median_fast15_slow_60_70_80,0.0,0.0,0.0
2021-03-09,112.5,0.00225,0.5,low,112.5,0.00225,0.5,low,median_fast15_slow_60_70_80,0.0,0.0,0.0
2021-03-10,134.5,0.00269,0.5,low,134.5,0.00269,0.5,low,median_fast15_slow_60_70_80,0.0,0.0,0.0
2021-03-11,-694.0,-0.01388,1.0,mid,-694.0,-0.01388,1.0,mid,median_fast15_slow_60_70_80,0.0,0.0,0.0
2021-03-12,-230.5,-0.00461,0.5,low,-691.5,-0.01383,1.0,mid,median_fast15_slow_60_70_80,-461.0,-0.009219999999999999,461.0
2021-03-15,-716.0,-0.01432,1.0,mid,-716.0,-0.01432,1.0,mid,median_fast15_slow_60_70_80,0.0,0.0,0.0
2021-03-16,-628.5,-0.01257,1.0,mid,-628.5,-0.01257,1.0,mid,median_fast15_slow_60_70_80,0.0,0.0,0.0
2021-03-17,0.0,0.0,0.0,no_trade,0.0,0.0,0.0,no_trade,median_fast15_slow_60_70_80,0.0,0.0,0.0
2021-03-18,0.0,0.0,0.0,no_trade,0.0,0.0,0.0,no_trade,median_fast15_slow_60_70_80,0.0,0.0,0.0
2021-03-22,108.0,0.00216,0.5,low,108.0,0.00216,0.5,low,median_fast15_slow_60_70_80,0.0,0.0,0.0
2021-03-23,-622.0,-0.01244,1.0,mid,-622.0,-0.01244,1.0,mid,median_fast15_slow_60_70_80,0.0,0.0,0.0
2021-03-24,606.0,0.01212,1.0,mid,606.0,0.01212,1.0,mid,median_fast15_slow_60_70_80,0.0,0.0,0.0
2021-03-25,0.0,0.0,0.0,no_trade,0.0,0.0,0.0,no_trade,median_fast15_slow_60_70_80,0.0,0.0,0.0
2021-03-26,-178.5,-0.00357,0.25,high,-178.5,-0.00357,0.25,high,median_fast15_slow_60_70_80,0.0,0.0,0.0
2021-03-29,0.0,0.0,0.0,no_trade,0.0,0.0,0.0,no_trade,median_fast15_slow_60_70_80,0.0,0.0,0.0
2021-03-30,-571.5,-0.01143,1.0,mid,0.0,0.0,0.0,no_trade,median_fast15_slow_60_70_80,571.5,0.01143,571.5
2021-03-31,0.0,0.0,0.0,no_trade,0.0,0.0,0.0,no_trade,median_fast15_slow_60_70_80,0.0,0.0,0.0
2021-04-01,22.5,0.00045,0.25,high,22.5,0.00045,0.25,high,median_fast15_slow_60_70_80,0.0,0.0,0.0
2021-04-05,730.0,0.0146,1.0,mid,730.0,0.0146,1.0,mid,median_fast15_slow_60_70_80,0.0,0.0,0.0
2021-04-06,-154.5,-0.00309,0.5,low,-154.5,-0.00309,0.5,low,median_fast15_slow_60_70_80,0.0,0.0,0.0
2021-04-07,36.0,0.00072,0.25,high,36.0,0.00072,0.25,high,median_fast15_slow_60_70_80,0.0,0.0,0.0
2021-04-08,-322.5,-0.00645,0.5,low,-322.5,-0.00645,0.5,low,median_fast15_slow_60_70_80,0.0,0.0,0.0
2021-04-09,394.0,0.00788,0.5,low,394.0,0.00788,0.5,low,median_fast15_slow_60_70_80,0.0,0.0,0.0
2021-04-12,0.0,0.0,0.0,no_trade,0.0,0.0,0.0,no_trade,median_fast15_slow_60_70_80,0.0,0.0,0.0
2021-04-13,0.0,0.0,0.0,no_trade,0.0,0.0,0.0,no_trade,median_fast15_slow_60_70_80,0.0,0.0,0.0
2021-04-14,588.0,0.01176,0.5,low,1372.0,0.02744,1.0,mid,median_fast15_slow_60_70_80,784.0,0.01568,784.0
2021-04-15,63.5,0.00127,0.25,high,381.0,0.00762,1.0,mid,median_fast15_slow_60_70_80,317.5,0.00635,317.5
2021-04-16,0.0,0.0,0.0,no_trade,0.0,0.0,0.0,no_trade,median_fast15_slow_60_70_80,0.0,0.0,0.0
2021-04-19,60.5,0.00121,0.25,high,60.5,0.00121,0.25,high,median_fast15_slow_60_70_80,0.0,0.0,0.0
2021-04-20,806.0,0.01612,1.0,mid,403.0,0.00806,0.5,low,median_fast15_slow_60_70_80,-403.0,-0.00806,403.0
2021-04-21,532.5,0.01065,1.0,mid,532.5,0.01065,1.0,mid,median_fast15_slow_60_70_80,0.0,0.0,0.0
2021-04-22,-262.0,-0.00524,0.5,low,-262.0,-0.00524,0.5,low,median_fast15_slow_60_70_80,0.0,0.0,0.0
2021-04-23,1270.0,0.0254,1.0,mid,1270.0,0.0254,1.0,mid,median_fast15_slow_60_70_80,0.0,0.0,0.0
2021-04-26,0.0,0.0,0.0,no_trade,0.0,0.0,0.0,no_trade,median_fast15_slow_60_70_80,0.0,0.0,0.0
2021-04-27,0.0,0.0,0.0,no_trade,0.0,0.0,0.0,no_trade,median_fast15_slow_60_70_80,0.0,0.0,0.0
2021-04-28,0.0,0.0,0.0,no_trade,0.0,0.0,0.0,no_trade,median_fast15_slow_60_70_80,0.0,0.0,0.0
2021-04-29,0.0,0.0,0.0,no_trade,0.0,0.0,0.0,no_trade,median_fast15_slow_60_70_80,0.0,0.0,0.0
2021-04-30,-722.5,-0.01445,1.0,mid,-722.5,-0.01445,1.0,mid,median_fast15_slow_60_70_80,0.0,0.0,0.0
2021-05-03,-151.5,-0.00303,0.25,high,-151.5,-0.00303,0.25,high,median_fast15_slow_60_70_80,0.0,0.0,0.0
2021-05-04,-18.5,-0.00037,0.5,low,-18.5,-0.00037,0.5,low,median_fast15_slow_60_70_80,0.0,0.0,0.0
2021-05-05,513.0,0.01026,1.0,mid,513.0,0.01026,1.0,mid,median_fast15_slow_60_70_80,0.0,0.0,0.0
2021-05-06,0.0,0.0,0.0,no_trade,0.0,0.0,0.0,no_trade,median_fast15_slow_60_70_80,0.0,0.0,0.0
2021-05-07,-90.0,-0.0018,0.5,low,-90.0,-0.0018,0.5,low,median_fast15_slow_60_70_80,0.0,0.0,0.0
2021-05-10,1194.0,0.02388,1.0,mid,1194.0,0.02388,1.0,mid,median_fast15_slow_60_70_80,0.0,0.0,0.0
2021-05-11,0.0,0.0,0.0,no_trade,0.0,0.0,0.0,no_trade,median_fast15_slow_60_70_80,0.0,0.0,0.0
2021-05-12,212.0,0.00424,0.5,low,212.0,0.00424,0.5,low,median_fast15_slow_60_70_80,0.0,0.0,0.0
2021-05-13,-568.5,-0.01137,1.0,mid,-568.5,-0.01137,1.0,mid,median_fast15_slow_60_70_80,0.0,0.0,0.0
2021-05-14,502.0,0.01004,0.5,low,502.0,0.01004,0.5,low,median_fast15_slow_60_70_80,0.0,0.0,0.0
2021-05-17,-750.0,-0.015,1.0,mid,-750.0,-0.015,1.0,mid,median_fast15_slow_60_70_80,0.0,0.0,0.0
2021-05-18,-270.0,-0.0054,0.5,low,-270.0,-0.0054,0.5,low,median_fast15_slow_60_70_80,0.0,0.0,0.0
2021-05-19,302.0,0.00604,0.5,low,302.0,0.00604,0.5,low,median_fast15_slow_60_70_80,0.0,0.0,0.0
2021-05-20,0.0,0.0,0.0,no_trade,0.0,0.0,0.0,no_trade,median_fast15_slow_60_70_80,0.0,0.0,0.0
2021-05-21,480.0,0.0096,1.0,mid,480.0,0.0096,1.0,mid,median_fast15_slow_60_70_80,0.0,0.0,0.0
2021-05-24,280.5,0.00561,1.0,mid,280.5,0.00561,1.0,mid,median_fast15_slow_60_70_80,0.0,0.0,0.0
2021-05-25,-58.0,-0.00116,1.0,mid,-58.0,-0.00116,1.0,mid,median_fast15_slow_60_70_80,0.0,0.0,0.0
2021-05-26,-310.5,-0.00621,0.5,low,-310.5,-0.00621,0.5,low,median_fast15_slow_60_70_80,0.0,0.0,0.0
2021-05-27,-225.0,-0.0045,0.5,low,-225.0,-0.0045,0.5,low,median_fast15_slow_60_70_80,0.0,0.0,0.0
2021-05-28,0.0,0.0,0.0,no_trade,0.0,0.0,0.0,no_trade,median_fast15_slow_60_70_80,0.0,0.0,0.0
2021-05-31,0.0,0.0,0.0,no_trade,0.0,0.0,0.0,no_trade,median_fast15_slow_60_70_80,0.0,0.0,0.0
2021-06-01,95.5,0.00191,0.25,high,95.5,0.00191,0.25,high,median_fast15_slow_60_70_80,0.0,0.0,0.0
2021-06-02,0.0,0.0,0.0,no_trade,0.0,0.0,0.0,no_trade,median_fast15_slow_60_70_80,0.0,0.0,0.0
2021-06-03,-330.0,-0.0066,1.0,mid,-330.0,-0.0066,1.0,mid,median_fast15_slow_60_70_80,0.0,0.0,0.0
2021-06-04,112.5,0.00225,0.5,low,112.5,0.00225,0.5,low,median_fast15_slow_60_70_80,0.0,0.0,0.0
2021-06-07,-312.0,-0.00624,0.5,low,-312.0,-0.00624,0.5,low,median_fast15_slow_60_70_80,0.0,0.0,0.0
2021-06-08,22.0,0.00044,0.25,high,22.0,0.00044,0.25,high,median_fast15_slow_60_70_80,0.0,0.0,0.0
2021-06-09,87.0,0.00174,0.5,low,87.0,0.00174,0.5,low,median_fast15_slow_60_70_80,0.0,0.0,0.0
2021-06-10,0.0,0.0,0.0,no_trade,0.0,0.0,0.0,no_trade,median_fast15_slow_60_70_80,0.0,0.0,0.0
2021-06-11,0.0,0.0,0.0,no_trade,0.0,0.0,0.0,no_trade,median_fast15_slow_60_70_80,0.0,0.0,0.0
2021-06-14,0.0,0.0,0.0,no_trade,0.0,0.0,0.0,no_trade,median_fast15_slow_60_70_80,0.0,0.0,0.0
2021-06-15,423.0,0.00846,1.0,mid,423.0,0.00846,1.0,mid,median_fast15_slow_60_70_80,0.0,0.0,0.0
2021-06-16,0.0,0.0,0.0,no_trade,0.0,0.0,0.0,no_trade,median_fast15_slow_60_70_80,0.0,0.0,0.0
2021-06-17,246.0,0.00492,0.5,low,246.0,0.00492,0.5,low,median_fast15_slow_60_70_80,0.0,0.0,0.0
2021-06-21,116.0,0.00232,0.5,low,116.0,0.00232,0.5,low,median_fast15_slow_60_70_80,0.0,0.0,0.0
2021-06-22,301.0,0.00602,0.5,low,301.0,0.00602,0.5,low,median_fast15_slow_60_70_80,0.0,0.0,0.0
2021-06-23,0.0,0.0,0.0,no_trade,0.0,0.0,0.0,no_trade,median_fast15_slow_60_70_80,0.0,0.0,0.0
2021-06-24,0.0,0.0,0.0,no_trade,0.0,0.0,0.0,no_trade,median_fast15_slow_60_70_80,0.0,0.0,0.0
2021-06-25,-34.0,-0.00068,0.25,high,-34.0,-0.00068,0.25,high,median_fast15_slow_60_70_80,0.0,0.0,0.0
2021-06-28,442.5,0.00885,1.0,mid,442.5,0.00885,1.0,mid,median_fast15_slow_60_70_80,0.0,0.0,0.0
2021-06-29,0.0,0.0,0.0,no_trade,0.0,0.0,0.0,no_trade,median_fast15_slow_60_70_80,0.0,0.0,0.0
2021-06-30,0.0,0.0,0.0,no_trade,0.0,0.0,0.0,no_trade,median_fast15_slow_60_70_80,0.0,0.0,0.0
2021-07-01,0.0,0.0,0.0,no_trade,0.0,0.0,0.0,no_trade,median_fast15_slow_60_70_80,0.0,0.0,0.0
2021-07-02,0.0,0.0,0.0,no_trade,0.0,0.0,0.0,no_trade,median_fast15_slow_60_70_80,0.0,0.0,0.0
2021-07-05,0.0,0.0,0.0,no_trade,0.0,0.0,0.0,no_trade,median_fast15_slow_60_70_80,0.0,0.0,0.0
2021-07-06,0.0,0.0,0.0,no_trade,0.0,0.0,0.0,no_trade,median_fast15_slow_60_70_80,0.0,0.0,0.0
2021-07-07,87.5,0.00175,1.0,mid,87.5,0.00175,1.0,mid,median_fast15_slow_60_70_80,0.0,0.0,0.0
2021-07-08,385.5,0.00771,1.0,mid,385.5,0.00771,1.0,mid,median_fast15_slow_60_70_80,0.0,0.0,0.0
2021-07-09,472.5,0.00945,0.5,low,472.5,0.00945,0.5,low,median_fast15_slow_60_70_80,0.0,0.0,0.0
2021-07-12,-135.5,-0.00271,0.25,high,-135.5,-0.00271,0.25,high,median_fast15_slow_60_70_80,0.0,0.0,0.0
2021-07-13,-183.0,-0.00366,0.25,high,-732.0,-0.01464,1.0,mid,median_fast15_slow_60_70_80,-549.0,-0.01098,549.0
2021-07-14,-119.5,-0.00239,0.25,high,-119.5,-0.00239,0.25,high,median_fast15_slow_60_70_80,0.0,0.0,0.0
2021-07-15,-7.5,-0.00015,1.0,mid,-7.5,-0.00015,1.0,mid,median_fast15_slow_60_70_80,0.0,0.0,0.0
2021-07-16,1165.0,0.0233,1.0,mid,1165.0,0.0233,1.0,mid,median_fast15_slow_60_70_80,0.0,0.0,0.0
2021-07-19,0.0,0.0,0.0,no_trade,0.0,0.0,0.0,no_trade,median_fast15_slow_60_70_80,0.0,0.0,0.0
2021-07-20,163.5,0.00327,0.5,low,490.5,0.00981,1.0,mid,median_fast15_slow_60_70_80,327.0,0.006539999999999999,327.0
2021-07-21,0.0,0.0,0.0,no_trade,0.0,0.0,0.0,no_trade,median_fast15_slow_60_70_80,0.0,0.0,0.0
2021-07-22,440.0,0.0088,1.0,mid,440.0,0.0088,1.0,mid,median_fast15_slow_60_70_80,0.0,0.0,0.0
2021-07-23,0.0,0.0,0.0,no_trade,0.0,0.0,0.0,no_trade,median_fast15_slow_60_70_80,0.0,0.0,0.0
2021-07-26,48.0,0.00096,0.5,low,48.0,0.00096,0.5,low,median_fast15_slow_60_70_80,0.0,0.0,0.0
2021-07-27,362.0,0.00724,0.25,high,362.0,0.00724,0.25,high,median_fast15_slow_60_70_80,0.0,0.0,0.0
2021-07-28,-65.5,-0.00131,0.5,low,-65.5,-0.00131,0.5,low,median_fast15_slow_60_70_80,0.0,0.0,0.0
2021-07-29,0.0,0.0,0.0,no_trade,0.0,0.0,0.0,no_trade,median_fast15_slow_60_70_80,0.0,0.0,0.0
2021-07-30,8.0,0.00016,0.5,low,8.0,0.00016,0.5,low,median_fast15_slow_60_70_80,0.0,0.0,0.0
2021-08-02,0.0,0.0,0.0,no_trade,0.0,0.0,0.0,no_trade,median_fast15_slow_60_70_80,0.0,0.0,0.0
2021-08-03,0.0,0.0,0.0,no_trade,0.0,0.0,0.0,no_trade,median_fast15_slow_60_70_80,0.0,0.0,0.0
2021-08-04,-254.0,-0.00508,0.5,low,-254.0,-0.00508,0.5,low,median_fast15_slow_60_70_80,0.0,0.0,0.0
2021-08-05,0.0,0.0,0.0,no_trade,0.0,0.0,0.0,no_trade,median_fast15_slow_60_70_80,0.0,0.0,0.0
2021-08-06,15.0,0.0003,1.0,mid,15.0,0.0003,1.0,mid,median_fast15_slow_60_70_80,0.0,0.0,0.0
2021-08-09,0.0,0.0,0.0,no_trade,0.0,0.0,0.0,no_trade,median_fast15_slow_60_70_80,0.0,0.0,0.0
2021-08-10,0.0,0.0,0.0,no_trade,0.0,0.0,0.0,no_trade,median_fast15_slow_60_70_80,0.0,0.0,0.0
2021-08-11,37.5,0.00075,0.25,high,37.5,0.00075,0.25,high,median_fast15_slow_60_70_80,0.0,0.0,0.0
2021-08-12,261.0,0.00522,0.5,low,261.0,0.00522,0.5,low,median_fast15_slow_60_70_80,0.0,0.0,0.0
2021-08-13,0.0,0.0,0.0,no_trade,0.0,0.0,0.0,no_trade,median_fast15_slow_60_70_80,0.0,0.0,0.0
2021-08-16,0.0,0.0,0.0,no_trade,0.0,0.0,0.0,no_trade,median_fast15_slow_60_70_80,0.0,0.0,0.0
2021-08-17,-191.0,-0.00382,0.5,low,-191.0,-0.00382,0.5,low,median_fast15_slow_60_70_80,0.0,0.0,0.0
2021-08-18,0.0,0.0,0.0,no_trade,0.0,0.0,0.0,no_trade,median_fast15_slow_60_70_80,0.0,0.0,0.0
2021-08-19,171.5,0.00343,0.25,high,171.5,0.00343,0.25,high,median_fast15_slow_60_70_80,0.0,0.0,0.0
2021-08-20,274.0,0.00548,1.0,mid,274.0,0.00548,1.0,mid,median_fast15_slow_60_70_80,0.0,0.0,0.0
2021-08-23,196.0,0.00392,0.25,high,196.0,0.00392,0.25,high,median_fast15_slow_60_70_80,0.0,0.0,0.0
2021-08-24,28.0,0.00056,1.0,mid,28.0,0.00056,1.0,mid,median_fast15_slow_60_70_80,0.0,0.0,0.0
2021-08-25,0.0,0.0,0.0,no_trade,0.0,0.0,0.0,no_trade,median_fast15_slow_60_70_80,0.0,0.0,0.0
2021-08-26,0.0,0.0,0.0,no_trade,0.0,0.0,0.0,no_trade,median_fast15_slow_60_70_80,0.0,0.0,0.0
2021-08-27,120.5,0.00241,0.25,high,120.5,0.00241,0.25,high,median_fast15_slow_60_70_80,0.0,0.0,0.0
2021-08-30,0.0,0.0,0.0,no_trade,0.0,0.0,0.0,no_trade,median_fast15_slow_60_70_80,0.0,0.0,0.0
2021-08-31,0.0,0.0,0.0,no_trade,0.0,0.0,0.0,no_trade,median_fast15_slow_60_70_80,0.0,0.0,0.0
2021-09-01,0.0,0.0,0.0,no_trade,0.0,0.0,0.0,no_trade,median_fast15_slow_60_70_80,0.0,0.0,0.0
2021-09-02,0.0,0.0,0.0,no_trade,0.0,0.0,0.0,no_trade,median_fast15_slow_60_70_80,0.0,0.0,0.0
2021-09-03,-2.0,-4e-05,0.5,low,-2.0,-4e-05,0.5,low,median_fast15_slow_60_70_80,0.0,0.0,0.0
2021-09-06,0.0,0.0,0.0,no_trade,0.0,0.0,0.0,no_trade,median_fast15_slow_60_70_80,0.0,0.0,0.0
2021-09-07,-720.0,-0.0144,1.0,mid,-720.0,-0.0144,1.0,mid,median_fast15_slow_60_70_80,0.0,0.0,0.0
2021-09-08,0.0,0.0,0.0,no_trade,0.0,0.0,0.0,no_trade,median_fast15_slow_60_70_80,0.0,0.0,0.0
2021-09-09,0.0,0.0,0.0,no_trade,0.0,0.0,0.0,no_trade,median_fast15_slow_60_70_80,0.0,0.0,0.0
2021-09-10,0.0,0.0,0.0,no_trade,0.0,0.0,0.0,no_trade,median_fast15_slow_60_70_80,0.0,0.0,0.0
2021-09-13,0.0,0.0,0.0,no_trade,0.0,0.0,0.0,no_trade,median_fast15_slow_60_70_80,0.0,0.0,0.0
2021-09-14,51.0,0.00102,0.5,low,51.0,0.00102,0.5,low,median_fast15_slow_60_70_80,0.0,0.0,0.0
2021-09-15,-709.5,-0.01419,1.0,mid,-709.5,-0.01419,1.0,mid,median_fast15_slow_60_70_80,0.0,0.0,0.0
2021-09-16,-354.0,-0.00708,0.5,low,-354.0,-0.00708,0.5,low,median_fast15_slow_60_70_80,0.0,0.0,0.0
2021-09-20,52.5,0.00105,0.5,low,52.5,0.00105,0.5,low,median_fast15_slow_60_70_80,0.0,0.0,0.0
2021-09-21,0.0,0.0,0.0,no_trade,0.0,0.0,0.0,no_trade,median_fast15_slow_60_70_80,0.0,0.0,0.0
2021-09-22,524.0,0.01048,0.5,low,524.0,0.01048,0.5,low,median_fast15_slow_60_70_80,0.0,0.0,0.0
2021-09-23,-3.0,-6e-05,1.0,mid,-3.0,-6e-05,1.0,mid,median_fast15_slow_60_70_80,0.0,0.0,0.0
2021-09-24,595.0,0.0119,1.0,mid,595.0,0.0119,1.0,mid,median_fast15_slow_60_70_80,0.0,0.0,0.0
2021-09-27,0.0,0.0,0.0,no_trade,-137.0,-0.00274,1.0,mid,median_fast15_slow_60_70_80,-137.0,-0.00274,137.0
2021-09-28,0.0,0.0,0.0,no_trade,0.0,0.0,0.0,no_trade,median_fast15_slow_60_70_80,0.0,0.0,0.0
2021-09-29,57.0,0.00114,0.5,low,57.0,0.00114,0.5,low,median_fast15_slow_60_70_80,0.0,0.0,0.0
2021-09-30,306.0,0.00612,0.25,high,306.0,0.00612,0.25,high,median_fast15_slow_60_70_80,0.0,0.0,0.0
2021-10-01,0.0,0.0,0.0,no_trade,0.0,0.0,0.0,no_trade,median_fast15_slow_60_70_80,0.0,0.0,0.0
2021-10-04,0.0,0.0,0.0,no_trade,0.0,0.0,0.0,no_trade,median_fast15_slow_60_70_80,0.0,0.0,0.0
2021-10-05,114.5,0.00229,0.5,low,114.5,0.00229,0.5,low,median_fast15_slow_60_70_80,0.0,0.0,0.0
2021-10-06,-268.0,-0.00536,0.5,low,-268.0,-0.00536,0.5,low,median_fast15_slow_60_70_80,0.0,0.0,0.0
2021-10-07,-441.0,-0.00882,1.0,mid,0.0,0.0,0.0,no_trade,median_fast15_slow_60_70_80,441.0,0.00882,441.0
2021-10-08,59.0,0.00118,0.5,low,59.0,0.00118,0.5,low,median_fast15_slow_60_70_80,0.0,0.0,0.0
2021-10-11,-314.0,-0.00628,0.5,low,-314.0,-0.00628,0.5,low,median_fast15_slow_60_70_80,0.0,0.0,0.0
2021-10-12,57.5,0.00115,0.5,low,57.5,0.00115,0.5,low,median_fast15_slow_60_70_80,0.0,0.0,0.0
2021-10-13,-358.0,-0.00716,0.5,low,-358.0,-0.00716,0.5,low,median_fast15_slow_60_70_80,0.0,0.0,0.0
2021-10-14,580.0,0.0116,1.0,mid,580.0,0.0116,1.0,mid,median_fast15_slow_60_70_80,0.0,0.0,0.0
2021-10-15,0.0,0.0,0.0,no_trade,0.0,0.0,0.0,no_trade,median_fast15_slow_60_70_80,0.0,0.0,0.0
2021-10-18,277.0,0.00554,0.5,low,277.0,0.00554,0.5,low,median_fast15_slow_60_70_80,0.0,0.0,0.0
2021-10-19,0.0,0.0,0.0,no_trade,0.0,0.0,0.0,no_trade,median_fast15_slow_60_70_80,0.0,0.0,0.0
2021-10-20,-104.0,-0.00208,0.25,high,-104.0,-0.00208,0.25,high,median_fast15_slow_60_70_80,0.0,0.0,0.0
2021-10-21,0.0,0.0,0.0,no_trade,0.0,0.0,0.0,no_trade,median_fast15_slow_60_70_80,0.0,0.0,0.0
2021-10-22,-318.0,-0.00636,0.5,low,-318.0,-0.00636,0.5,low,median_fast15_slow_60_70_80,0.0,0.0,0.0
2021-10-25,0.0,0.0,0.0,no_trade,0.0,0.0,0.0,no_trade,median_fast15_slow_60_70_80,0.0,0.0,0.0
2021-10-26,-352.0,-0.00704,0.5,low,-352.0,-0.00704,0.5,low,median_fast15_slow_60_70_80,0.0,0.0,0.0
2021-10-27,-224.0,-0.00448,0.5,low,-224.0,-0.00448,0.5,low,median_fast15_slow_60_70_80,0.0,0.0,0.0
2021-10-28,-123.5,-0.00247,0.25,high,-123.5,-0.00247,0.25,high,median_fast15_slow_60_70_80,0.0,0.0,0.0
2021-10-29,1080.0,0.0216,1.0,mid,1080.0,0.0216,1.0,mid,median_fast15_slow_60_70_80,0.0,0.0,0.0
2021-11-01,-153.5,-0.00307,0.25,high,-153.5,-0.00307,0.25,high,median_fast15_slow_60_70_80,0.0,0.0,0.0
2021-11-02,0.0,0.0,0.0,no_trade,0.0,0.0,0.0,no_trade,median_fast15_slow_60_70_80,0.0,0.0,0.0
2021-11-03,-726.0,-0.01452,1.0,mid,-726.0,-0.01452,1.0,mid,median_fast15_slow_60_70_80,0.0,0.0,0.0
2021-11-04,0.0,0.0,0.0,no_trade,0.0,0.0,0.0,no_trade,median_fast15_slow_60_70_80,0.0,0.0,0.0
2021-11-05,0.0,0.0,0.0,no_trade,0.0,0.0,0.0,no_trade,median_fast15_slow_60_70_80,0.0,0.0,0.0
2021-11-08,-120.0,-0.0024,1.0,mid,-120.0,-0.0024,1.0,mid,median_fast15_slow_60_70_80,0.0,0.0,0.0
2021-11-09,0.0,0.0,0.0,no_trade,0.0,0.0,0.0,no_trade,median_fast15_slow_60_70_80,0.0,0.0,0.0
2021-11-10,-573.0,-0.01146,1.0,mid,-573.0,-0.01146,1.0,mid,median_fast15_slow_60_70_80,0.0,0.0,0.0
2021-11-11,46.5,0.00093,0.25,high,46.5,0.00093,0.25,high,median_fast15_slow_60_70_80,0.0,0.0,0.0
2021-11-12,423.0,0.00846,0.5,low,423.0,0.00846,0.5,low,median_fast15_slow_60_70_80,0.0,0.0,0.0
2021-11-15,-25.0,-0.0005,0.5,low,-25.0,-0.0005,0.5,low,median_fast15_slow_60_70_80,0.0,0.0,0.0
2021-11-16,77.0,0.00154,0.5,low,77.0,0.00154,0.5,low,median_fast15_slow_60_70_80,0.0,0.0,0.0
2021-11-17,-118.5,-0.00237,0.5,low,-118.5,-0.00237,0.5,low,median_fast15_slow_60_70_80,0.0,0.0,0.0
2021-11-18,-149.5,-0.00299,0.25,high,-149.5,-0.00299,0.25,high,median_fast15_slow_60_70_80,0.0,0.0,0.0
2021-11-19,0.0,0.0,0.0,no_trade,0.0,0.0,0.0,no_trade,median_fast15_slow_60_70_80,0.0,0.0,0.0
2021-11-22,0.0,0.0,0.0,no_trade,0.0,0.0,0.0,no_trade,median_fast15_slow_60_70_80,0.0,0.0,0.0
2021-11-23,0.0,0.0,0.0,no_trade,0.0,0.0,0.0,no_trade,median_fast15_slow_60_70_80,0.0,0.0,0.0
2021-11-24,488.0,0.00976,1.0,mid,488.0,0.00976,1.0,mid,median_fast15_slow_60_70_80,0.0,0.0,0.0
2021-11-25,0.0,0.0,0.0,no_trade,0.0,0.0,0.0,no_trade,median_fast15_slow_60_70_80,0.0,0.0,0.0
2021-11-26,0.0,0.0,0.0,no_trade,0.0,0.0,0.0,no_trade,median_fast15_slow_60_70_80,0.0,0.0,0.0
2021-11-29,492.0,0.00984,1.0,mid,492.0,0.00984,1.0,mid,median_fast15_slow_60_70_80,0.0,0.0,0.0
2021-11-30,-664.5,-0.01329,1.0,mid,-664.5,-0.01329,1.0,mid,median_fast15_slow_60_70_80,0.0,0.0,0.0
2021-12-01,-178.0,-0.00356,0.25,high,-178.0,-0.00356,0.25,high,median_fast15_slow_60_70_80,0.0,0.0,0.0
2021-12-02,0.0,0.0,0.0,no_trade,0.0,0.0,0.0,no_trade,median_fast15_slow_60_70_80,0.0,0.0,0.0
2021-12-03,0.0,0.0,0.0,no_trade,0.0,0.0,0.0,no_trade,median_fast15_slow_60_70_80,0.0,0.0,0.0
2021-12-06,0.0,0.0,0.0,no_trade,0.0,0.0,0.0,no_trade,median_fast15_slow_60_70_80,0.0,0.0,0.0
2021-12-07,185.0,0.0037,0.5,low,185.0,0.0037,0.5,low,median_fast15_slow_60_70_80,0.0,0.0,0.0
2021-12-08,0.0,0.0,0.0,no_trade,0.0,0.0,0.0,no_trade,median_fast15_slow_60_70_80,0.0,0.0,0.0
2021-12-09,0.0,0.0,0.0,no_trade,0.0,0.0,0.0,no_trade,median_fast15_slow_60_70_80,0.0,0.0,0.0
2021-12-10,-291.0,-0.00582,0.5,low,-291.0,-0.00582,0.5,low,median_fast15_slow_60_70_80,0.0,0.0,0.0
2021-12-13,957.0,0.01914,1.0,mid,957.0,0.01914,1.0,mid,median_fast15_slow_60_70_80,0.0,0.0,0.0
2021-12-14,-145.5,-0.00291,0.5,low,-145.5,-0.00291,0.5,low,median_fast15_slow_60_70_80,0.0,0.0,0.0
2021-12-15,-222.5,-0.00445,0.5,low,-222.5,-0.00445,0.5,low,median_fast15_slow_60_70_80,0.0,0.0,0.0
2021-12-16,0.0,0.0,0.0,no_trade,0.0,0.0,0.0,no_trade,median_fast15_slow_60_70_80,0.0,0.0,0.0
2021-12-20,-254.5,-0.00509,0.5,low,-254.5,-0.00509,0.5,low,median_fast15_slow_60_70_80,0.0,0.0,0.0
2021-12-21,0.0,0.0,0.0,no_trade,0.0,0.0,0.0,no_trade,median_fast15_slow_60_70_80,0.0,0.0,0.0
2021-12-22,400.0,0.008,1.0,mid,400.0,0.008,1.0,mid,median_fast15_slow_60_70_80,0.0,0.0,0.0
2021-12-23,108.0,0.00216,0.25,high,108.0,0.00216,0.25,high,median_fast15_slow_60_70_80,0.0,0.0,0.0
2021-12-27,654.0,0.01308,1.0,mid,654.0,0.01308,1.0,mid,median_fast15_slow_60_70_80,0.0,0.0,0.0
2021-12-28,27.0,0.00054,0.5,low,27.0,0.00054,0.5,low,median_fast15_slow_60_70_80,0.0,0.0,0.0
2021-12-29,-162.5,-0.00325,1.0,mid,-162.5,-0.00325,1.0,mid,median_fast15_slow_60_70_80,0.0,0.0,0.0
2021-12-30,-311.0,-0.00622,0.5,low,-311.0,-0.00622,0.5,low,median_fast15_slow_60_70_80,0.0,0.0,0.0
2021-12-31,0.0,0.0,0.0,no_trade,0.0,0.0,0.0,no_trade,median_fast15_slow_60_70_80,0.0,0.0,0.0
2022-01-03,0.0,0.0,0.0,no_trade,0.0,0.0,0.0,no_trade,median_fast15_slow_60_70_80,0.0,0.0,0.0
2022-01-04,1352.0,0.02704,1.0,mid,1352.0,0.02704,1.0,mid,median_fast15_slow_60_70_80,0.0,0.0,0.0
2022-01-05,0.0,0.0,0.0,no_trade,0.0,0.0,0.0,no_trade,median_fast15_slow_60_70_80,0.0,0.0,0.0
2022-01-06,0.0,0.0,0.0,no_trade,0.0,0.0,0.0,no_trade,median_fast15_slow_60_70_80,0.0,0.0,0.0
2022-01-07,313.0,0.00626,1.0,mid,313.0,0.00626,1.0,mid,median_fast15_slow_60_70_80,0.0,0.0,0.0
2022-01-10,0.0,0.0,0.0,no_trade,0.0,0.0,0.0,no_trade,median_fast15_slow_60_70_80,0.0,0.0,0.0
2022-01-11,0.0,0.0,0.0,no_trade,0.0,0.0,0.0,no_trade,median_fast15_slow_60_70_80,0.0,0.0,0.0
2022-01-12,-236.5,-0.00473,0.5,low,-236.5,-0.00473,0.5,low,median_fast15_slow_60_70_80,0.0,0.0,0.0
2022-01-13,1320.0,0.0264,1.0,mid,264.0,0.00528,0.25,high,median_fast15_slow_60_70_80,-1056.0,-0.02112,1056.0
2022-01-14,0.0,0.0,0.0,no_trade,0.0,0.0,0.0,no_trade,median_fast15_slow_60_70_80,0.0,0.0,0.0
2022-01-17,0.0,0.0,0.0,no_trade,0.0,0.0,0.0,no_trade,median_fast15_slow_60_70_80,0.0,0.0,0.0
2022-01-18,0.0,0.0,0.0,no_trade,0.0,0.0,0.0,no_trade,median_fast15_slow_60_70_80,0.0,0.0,0.0
2022-01-19,378.5,0.00757,0.5,low,378.5,0.00757,0.5,low,median_fast15_slow_60_70_80,0.0,0.0,0.0
2022-01-20,-516.0,-0.01032,1.0,mid,-516.0,-0.01032,1.0,mid,median_fast15_slow_60_70_80,0.0,0.0,0.0
2022-01-21,0.0,0.0,0.0,no_trade,0.0,0.0,0.0,no_trade,median_fast15_slow_60_70_80,0.0,0.0,0.0
2022-01-24,0.0,0.0,0.0,no_trade,0.0,0.0,0.0,no_trade,median_fast15_slow_60_70_80,0.0,0.0,0.0
2022-01-25,0.0,0.0,0.0,no_trade,0.0,0.0,0.0,no_trade,median_fast15_slow_60_70_80,0.0,0.0,0.0
2022-01-26,0.0,0.0,0.0,no_trade,0.0,0.0,0.0,no_trade,median_fast15_slow_60_70_80,0.0,0.0,0.0
2022-01-27,0.0,0.0,0.0,no_trade,0.0,0.0,0.0,no_trade,median_fast15_slow_60_70_80,0.0,0.0,0.0
2022-01-28,0.0,0.0,0.0,no_trade,0.0,0.0,0.0,no_trade,median_fast15_slow_60_70_80,0.0,0.0,0.0
2022-01-31,468.5,0.00937,1.0,mid,468.5,0.00937,1.0,mid,median_fast15_slow_60_70_80,0.0,0.0,0.0
2022-02-01,0.0,0.0,0.0,no_trade,0.0,0.0,0.0,no_trade,median_fast15_slow_60_70_80,0.0,0.0,0.0
2022-02-02,-345.0,-0.0069,1.0,mid,-345.0,-0.0069,1.0,mid,median_fast15_slow_60_70_80,0.0,0.0,0.0
2022-02-03,0.0,0.0,0.0,no_trade,0.0,0.0,0.0,no_trade,median_fast15_slow_60_70_80,0.0,0.0,0.0
2022-02-04,0.0,0.0,0.0,no_trade,0.0,0.0,0.0,no_trade,median_fast15_slow_60_70_80,0.0,0.0,0.0
2022-02-07,297.0,0.00594,1.0,mid,297.0,0.00594,1.0,mid,median_fast15_slow_60_70_80,0.0,0.0,0.0
2022-02-08,0.0,0.0,0.0,no_trade,0.0,0.0,0.0,no_trade,median_fast15_slow_60_70_80,0.0,0.0,0.0
2022-02-09,-564.0,-0.01128,1.0,mid,-564.0,-0.01128,1.0,mid,median_fast15_slow_60_70_80,0.0,0.0,0.0
2022-02-10,0.0,0.0,0.0,no_trade,0.0,0.0,0.0,no_trade,median_fast15_slow_60_70_80,0.0,0.0,0.0
2022-02-11,0.0,0.0,0.0,no_trade,0.0,0.0,0.0,no_trade,median_fast15_slow_60_70_80,0.0,0.0,0.0
2022-02-14,-631.0,-0.01262,1.0,mid,-315.5,-0.00631,0.5,low,median_fast15_slow_60_70_80,315.5,0.00631,315.5
2022-02-15,-331.0,-0.00662,0.5,low,-331.0,-0.00662,0.5,low,median_fast15_slow_60_70_80,0.0,0.0,0.0
2022-02-16,0.0,0.0,0.0,no_trade,0.0,0.0,0.0,no_trade,median_fast15_slow_60_70_80,0.0,0.0,0.0
2022-02-17,404.5,0.00809,0.5,low,404.5,0.00809,0.5,low,median_fast15_slow_60_70_80,0.0,0.0,0.0
2022-02-18,230.0,0.0046,1.0,mid,230.0,0.0046,1.0,mid,median_fast15_slow_60_70_80,0.0,0.0,0.0
2022-02-21,327.0,0.00654,0.25,high,327.0,0.00654,0.25,high,median_fast15_slow_60_70_80,0.0,0.0,0.0
2022-02-22,0.0,0.0,0.0,no_trade,0.0,0.0,0.0,no_trade,median_fast15_slow_60_70_80,0.0,0.0,0.0
2022-02-23,0.0,0.0,0.0,no_trade,0.0,0.0,0.0,no_trade,median_fast15_slow_60_70_80,0.0,0.0,0.0
2022-02-24,0.0,0.0,0.0,no_trade,0.0,0.0,0.0,no_trade,median_fast15_slow_60_70_80,0.0,0.0,0.0
2022-02-25,0.0,0.0,0.0,no_trade,0.0,0.0,0.0,no_trade,median_fast15_slow_60_70_80,0.0,0.0,0.0
2022-02-28,-256.0,-0.00512,0.5,low,-256.0,-0.00512,0.5,low,median_fast15_slow_60_70_80,0.0,0.0,0.0
2022-03-01,0.0,0.0,0.0,no_trade,0.0,0.0,0.0,no_trade,median_fast15_slow_60_70_80,0.0,0.0,0.0
2022-03-02,0.0,0.0,0.0,no_trade,0.0,0.0,0.0,no_trade,median_fast15_slow_60_70_80,0.0,0.0,0.0
2022-03-03,1052.0,0.02104,1.0,mid,1052.0,0.02104,1.0,mid,median_fast15_slow_60_70_80,0.0,0.0,0.0
2022-03-04,0.0,0.0,0.0,no_trade,0.0,0.0,0.0,no_trade,median_fast15_slow_60_70_80,0.0,0.0,0.0
2022-03-07,0.0,0.0,0.0,no_trade,0.0,0.0,0.0,no_trade,median_fast15_slow_60_70_80,0.0,0.0,0.0
2022-03-08,0.0,0.0,0.0,no_trade,0.0,0.0,0.0,no_trade,median_fast15_slow_60_70_80,0.0,0.0,0.0
2022-03-09,0.0,0.0,0.0,no_trade,0.0,0.0,0.0,no_trade,median_fast15_slow_60_70_80,0.0,0.0,0.0
2022-03-10,-705.0,-0.0141,1.0,mid,-705.0,-0.0141,1.0,mid,median_fast15_slow_60_70_80,0.0,0.0,0.0
2022-03-11,0.0,0.0,0.0,no_trade,0.0,0.0,0.0,no_trade,median_fast15_slow_60_70_80,0.0,0.0,0.0
2022-03-14,0.0,0.0,0.0,no_trade,0.0,0.0,0.0,no_trade,median_fast15_slow_60_70_80,0.0,0.0,0.0
2022-03-15,1034.0,0.02068,1.0,mid,1034.0,0.02068,1.0,mid,median_fast15_slow_60_70_80,0.0,0.0,0.0
2022-03-16,-566.0,-0.01132,1.0,mid,-566.0,-0.01132,1.0,mid,median_fast15_slow_60_70_80,0.0,0.0,0.0
2022-03-17,521.0,0.01042,1.0,mid,521.0,0.01042,1.0,mid,median_fast15_slow_60_70_80,0.0,0.0,0.0
2022-03-21,0.0,0.0,0.0,no_trade,0.0,0.0,0.0,no_trade,median_fast15_slow_60_70_80,0.0,0.0,0.0
2022-03-22,0.0,0.0,0.0,no_trade,0.0,0.0,0.0,no_trade,median_fast15_slow_60_70_80,0.0,0.0,0.0
2022-03-23,0.0,0.0,0.0,no_trade,0.0,0.0,0.0,no_trade,median_fast15_slow_60_70_80,0.0,0.0,0.0
2022-03-24,-600.0,-0.012,1.0,mid,-600.0,-0.012,1.0,mid,median_fast15_slow_60_70_80,0.0,0.0,0.0
2022-03-25,-686.0,-0.01372,1.0,mid,-171.5,-0.00343,0.25,high,median_fast15_slow_60_70_80,514.5,0.01029,514.5
2022-03-28,-662.0,-0.01324,1.0,mid,-331.0,-0.00662,0.5,low,median_fast15_slow_60_70_80,331.0,0.00662,331.0
2022-03-29,0.0,0.0,0.0,no_trade,0.0,0.0,0.0,no_trade,median_fast15_slow_60_70_80,0.0,0.0,0.0
2022-03-30,-160.0,-0.0032,0.25,high,-160.0,-0.0032,0.25,high,median_fast15_slow_60_70_80,0.0,0.0,0.0
2022-03-31,0.0,0.0,0.0,no_trade,0.0,0.0,0.0,no_trade,median_fast15_slow_60_70_80,0.0,0.0,0.0
2022-04-01,-212.0,-0.00424,1.0,mid,-106.0,-0.00212,0.5,low,median_fast15_slow_60_70_80,106.0,0.00212,106.0
2022-04-04,436.0,0.00872,1.0,mid,436.0,0.00872,1.0,mid,median_fast15_slow_60_70_80,0.0,0.0,0.0
2022-04-05,0.0,0.0,0.0,no_trade,0.0,0.0,0.0,no_trade,median_fast15_slow_60_70_80,0.0,0.0,0.0
2022-04-06,0.0,0.0,0.0,no_trade,0.0,0.0,0.0,no_trade,median_fast15_slow_60_70_80,0.0,0.0,0.0
2022-04-07,0.0,0.0,0.0,no_trade,0.0,0.0,0.0,no_trade,median_fast15_slow_60_70_80,0.0,0.0,0.0
2022-04-08,0.0,0.0,0.0,no_trade,0.0,0.0,0.0,no_trade,median_fast15_slow_60_70_80,0.0,0.0,0.0
2022-04-11,161.0,0.00322,0.5,low,161.0,0.00322,0.5,low,median_fast15_slow_60_70_80,0.0,0.0,0.0
2022-04-12,-314.5,-0.00629,0.5,low,-314.5,-0.00629,0.5,low,median_fast15_slow_60_70_80,0.0,0.0,0.0
2022-04-13,0.0,0.0,0.0,no_trade,0.0,0.0,0.0,no_trade,median_fast15_slow_60_70_80,0.0,0.0,0.0
2022-04-14,0.0,0.0,0.0,no_trade,0.0,0.0,0.0,no_trade,median_fast15_slow_60_70_80,0.0,0.0,0.0
2022-04-18,0.0,0.0,0.0,no_trade,0.0,0.0,0.0,no_trade,median_fast15_slow_60_70_80,0.0,0.0,0.0
2022-04-19,0.0,0.0,0.0,no_trade,0.0,0.0,0.0,no_trade,median_fast15_slow_60_70_80,0.0,0.0,0.0
2022-04-20,0.0,0.0,0.0,no_trade,0.0,0.0,0.0,no_trade,median_fast15_slow_60_70_80,0.0,0.0,0.0
2022-04-21,487.0,0.00974,0.5,low,487.0,0.00974,0.5,low,median_fast15_slow_60_70_80,0.0,0.0,0.0
2022-04-22,0.0,0.0,0.0,no_trade,0.0,0.0,0.0,no_trade,median_fast15_slow_60_70_80,0.0,0.0,0.0
2022-04-25,0.0,0.0,0.0,no_trade,0.0,0.0,0.0,no_trade,median_fast15_slow_60_70_80,0.0,0.0,0.0
2022-04-26,0.0,0.0,0.0,no_trade,0.0,0.0,0.0,no_trade,median_fast15_slow_60_70_80,0.0,0.0,0.0
2022-04-27,0.0,0.0,0.0,no_trade,0.0,0.0,0.0,no_trade,median_fast15_slow_60_70_80,0.0,0.0,0.0
2022-04-28,0.0,0.0,0.0,no_trade,0.0,0.0,0.0,no_trade,median_fast15_slow_60_70_80,0.0,0.0,0.0
2022-04-29,0.0,0.0,0.0,no_trade,0.0,0.0,0.0,no_trade,median_fast15_slow_60_70_80,0.0,0.0,0.0
2022-05-02,0.0,0.0,0.0,no_trade,0.0,0.0,0.0,no_trade,median_fast15_slow_60_70_80,0.0,0.0,0.0
2022-05-03,0.0,0.0,0.0,no_trade,0.0,0.0,0.0,no_trade,median_fast15_slow_60_70_80,0.0,0.0,0.0
2022-05-04,0.0,0.0,0.0,no_trade,0.0,0.0,0.0,no_trade,median_fast15_slow_60_70_80,0.0,0.0,0.0
2022-05-05,0.0,0.0,0.0,no_trade,789.0,0.01578,1.0,mid,median_fast15_slow_60_70_80,789.0,0.01578,789.0
2022-05-06,0.0,0.0,0.0,no_trade,0.0,0.0,0.0,no_trade,median_fast15_slow_60_70_80,0.0,0.0,0.0
2022-05-09,0.0,0.0,0.0,no_trade,0.0,0.0,0.0,no_trade,median_fast15_slow_60_70_80,0.0,0.0,0.0
2022-05-10,0.0,0.0,0.0,no_trade,0.0,0.0,0.0,no_trade,median_fast15_slow_60_70_80,0.0,0.0,0.0
2022-05-11,0.0,0.0,0.0,no_trade,0.0,0.0,0.0,no_trade,median_fast15_slow_60_70_80,0.0,0.0,0.0
2022-05-12,0.0,0.0,0.0,no_trade,0.0,0.0,0.0,no_trade,median_fast15_slow_60_70_80,0.0,0.0,0.0
2022-05-13,0.0,0.0,0.0,no_trade,0.0,0.0,0.0,no_trade,median_fast15_slow_60_70_80,0.0,0.0,0.0
2022-05-16,0.0,0.0,0.0,no_trade,0.0,0.0,0.0,no_trade,median_fast15_slow_60_70_80,0.0,0.0,0.0
2022-05-17,-639.0,-0.01278,1.0,mid,-639.0,-0.01278,1.0,mid,median_fast15_slow_60_70_80,0.0,0.0,0.0
2022-05-18,455.0,0.0091,0.5,low,455.0,0.0091,0.5,low,median_fast15_slow_60_70_80,0.0,0.0,0.0
2022-05-19,0.0,0.0,0.0,no_trade,0.0,0.0,0.0,no_trade,median_fast15_slow_60_70_80,0.0,0.0,0.0
2022-05-20,0.0,0.0,0.0,no_trade,0.0,0.0,0.0,no_trade,median_fast15_slow_60_70_80,0.0,0.0,0.0
2022-05-23,0.0,0.0,0.0,no_trade,0.0,0.0,0.0,no_trade,median_fast15_slow_60_70_80,0.0,0.0,0.0
2022-05-24,0.0,0.0,0.0,no_trade,0.0,0.0,0.0,no_trade,median_fast15_slow_60_70_80,0.0,0.0,0.0
2022-05-25,168.5,0.00337,0.5,low,168.5,0.00337,0.5,low,median_fast15_slow_60_70_80,0.0,0.0,0.0
2022-05-26,285.5,0.00571,1.0,mid,285.5,0.00571,1.0,mid,median_fast15_slow_60_70_80,0.0,0.0,0.0
2022-05-27,575.0,0.0115,1.0,mid,575.0,0.0115,1.0,mid,median_fast15_slow_60_70_80,0.0,0.0,0.0
2022-05-30,0.0,0.0,0.0,no_trade,0.0,0.0,0.0,no_trade,median_fast15_slow_60_70_80,0.0,0.0,0.0
2022-05-31,0.0,0.0,0.0,no_trade,0.0,0.0,0.0,no_trade,median_fast15_slow_60_70_80,0.0,0.0,0.0
2022-06-01,0.0,0.0,0.0,no_trade,0.0,0.0,0.0,no_trade,median_fast15_slow_60_70_80,0.0,0.0,0.0
2022-06-02,0.0,0.0,0.0,no_trade,0.0,0.0,0.0,no_trade,median_fast15_slow_60_70_80,0.0,0.0,0.0
2022-06-03,84.5,0.00169,0.5,low,84.5,0.00169,0.5,low,median_fast15_slow_60_70_80,0.0,0.0,0.0
2022-06-06,0.0,0.0,0.0,no_trade,0.0,0.0,0.0,no_trade,median_fast15_slow_60_70_80,0.0,0.0,0.0
2022-06-07,409.0,0.00818,1.0,mid,409.0,0.00818,1.0,mid,median_fast15_slow_60_70_80,0.0,0.0,0.0
2022-06-08,0.0,0.0,0.0,no_trade,0.0,0.0,0.0,no_trade,median_fast15_slow_60_70_80,0.0,0.0,0.0
2022-06-09,-310.0,-0.0062,0.5,low,-310.0,-0.0062,0.5,low,median_fast15_slow_60_70_80,0.0,0.0,0.0
2022-06-10,0.0,0.0,0.0,no_trade,0.0,0.0,0.0,no_trade,median_fast15_slow_60_70_80,0.0,0.0,0.0
2022-06-13,0.0,0.0,0.0,no_trade,0.0,0.0,0.0,no_trade,median_fast15_slow_60_70_80,0.0,0.0,0.0
2022-06-14,-333.5,-0.00667,0.5,low,-333.5,-0.00667,0.5,low,median_fast15_slow_60_70_80,0.0,0.0,0.0
2022-06-15,-750.0,-0.015,1.0,mid,-750.0,-0.015,1.0,mid,median_fast15_slow_60_70_80,0.0,0.0,0.0
2022-06-16,0.0,0.0,0.0,no_trade,0.0,0.0,0.0,no_trade,median_fast15_slow_60_70_80,0.0,0.0,0.0
2022-06-20,0.0,0.0,0.0,no_trade,0.0,0.0,0.0,no_trade,median_fast15_slow_60_70_80,0.0,0.0,0.0
2022-06-21,-328.5,-0.00657,0.5,low,-328.5,-0.00657,0.5,low,median_fast15_slow_60_70_80,0.0,0.0,0.0
2022-06-22,-247.0,-0.00494,1.0,mid,-247.0,-0.00494,1.0,mid,median_fast15_slow_60_70_80,0.0,0.0,0.0
2022-06-23,15.0,0.0003,1.0,mid,7.5,0.00015,0.5,low,median_fast15_slow_60_70_80,-7.5,-0.00015,7.5
2022-06-24,0.0,0.0,0.0,no_trade,0.0,0.0,0.0,no_trade,median_fast15_slow_60_70_80,0.0,0.0,0.0
2022-06-27,-65.5,-0.00131,1.0,mid,-65.5,-0.00131,1.0,mid,median_fast15_slow_60_70_80,0.0,0.0,0.0
2022-06-28,1128.0,0.02256,1.0,mid,1128.0,0.02256,1.0,mid,median_fast15_slow_60_70_80,0.0,0.0,0.0
2022-06-29,0.0,0.0,0.0,no_trade,0.0,0.0,0.0,no_trade,median_fast15_slow_60_70_80,0.0,0.0,0.0
2022-06-30,-397.0,-0.00794,1.0,mid,-397.0,-0.00794,1.0,mid,median_fast15_slow_60_70_80,0.0,0.0,0.0
2022-07-01,-371.5,-0.00743,0.5,low,-371.5,-0.00743,0.5,low,median_fast15_slow_60_70_80,0.0,0.0,0.0
2022-07-04,0.0,0.0,0.0,no_trade,0.0,0.0,0.0,no_trade,median_fast15_slow_60_70_80,0.0,0.0,0.0
2022-07-05,1066.0,0.02132,1.0,mid,1066.0,0.02132,1.0,mid,median_fast15_slow_60_70_80,0.0,0.0,0.0
2022-07-06,0.0,0.0,0.0,no_trade,0.0,0.0,0.0,no_trade,median_fast15_slow_60_70_80,0.0,0.0,0.0
2022-07-07,151.0,0.00302,0.5,low,151.0,0.00302,0.5,low,median_fast15_slow_60_70_80,0.0,0.0,0.0
2022-07-08,130.5,0.00261,0.5,low,130.5,0.00261,0.5,low,median_fast15_slow_60_70_80,0.0,0.0,0.0
2022-07-11,0.0,0.0,0.0,no_trade,0.0,0.0,0.0,no_trade,median_fast15_slow_60_70_80,0.0,0.0,0.0
2022-07-12,0.0,0.0,0.0,no_trade,0.0,0.0,0.0,no_trade,median_fast15_slow_60_70_80,0.0,0.0,0.0
2022-07-13,0.0,0.0,0.0,no_trade,0.0,0.0,0.0,no_trade,median_fast15_slow_60_70_80,0.0,0.0,0.0
2022-07-14,-308.5,-0.00617,0.5,low,-308.5,-0.00617,0.5,low,median_fast15_slow_60_70_80,0.0,0.0,0.0
2022-07-15,34.0,0.00068,0.5,low,34.0,0.00068,0.5,low,median_fast15_slow_60_70_80,0.0,0.0,0.0
2022-07-18,0.0,0.0,0.0,no_trade,0.0,0.0,0.0,no_trade,median_fast15_slow_60_70_80,0.0,0.0,0.0
2022-07-19,1444.0,0.02888,1.0,mid,361.0,0.00722,0.25,high,median_fast15_slow_60_70_80,-1083.0,-0.02166,1083.0
2022-07-20,224.5,0.00449,0.5,low,224.5,0.00449,0.5,low,median_fast15_slow_60_70_80,0.0,0.0,0.0
2022-07-21,0.0,0.0,0.0,no_trade,0.0,0.0,0.0,no_trade,median_fast15_slow_60_70_80,0.0,0.0,0.0
2022-07-22,0.0,0.0,0.0,no_trade,0.0,0.0,0.0,no_trade,median_fast15_slow_60_70_80,0.0,0.0,0.0
2022-07-25,0.0,0.0,0.0,no_trade,0.0,0.0,0.0,no_trade,median_fast15_slow_60_70_80,0.0,0.0,0.0
2022-07-26,-203.5,-0.00407,0.5,low,-203.5,-0.00407,0.5,low,median_fast15_slow_60_70_80,0.0,0.0,0.0
2022-07-27,726.0,0.01452,1.0,mid,726.0,0.01452,1.0,mid,median_fast15_slow_60_70_80,0.0,0.0,0.0
2022-07-28,0.0,0.0,0.0,no_trade,0.0,0.0,0.0,no_trade,median_fast15_slow_60_70_80,0.0,0.0,0.0
2022-07-29,152.0,0.00304,0.5,low,152.0,0.00304,0.5,low,median_fast15_slow_60_70_80,0.0,0.0,0.0
2022-08-01,0.0,0.0,0.0,no_trade,0.0,0.0,0.0,no_trade,median_fast15_slow_60_70_80,0.0,0.0,0.0
2022-08-02,-648.0,-0.01296,1.0,mid,-648.0,-0.01296,1.0,mid,median_fast15_slow_60_70_80,0.0,0.0,0.0
2022-08-03,0.0,0.0,0.0,no_trade,0.0,0.0,0.0,no_trade,median_fast15_slow_60_70_80,0.0,0.0,0.0
2022-08-04,-203.0,-0.00406,0.5,low,-203.0,-0.00406,0.5,low,median_fast15_slow_60_70_80,0.0,0.0,0.0
2022-08-05,-685.5,-0.01371,1.0,mid,-685.5,-0.01371,1.0,mid,median_fast15_slow_60_70_80,0.0,0.0,0.0
2022-08-08,-733.0,-0.01466,1.0,mid,-733.0,-0.01466,1.0,mid,median_fast15_slow_60_70_80,0.0,0.0,0.0
2022-08-09,0.0,0.0,0.0,no_trade,0.0,0.0,0.0,no_trade,median_fast15_slow_60_70_80,0.0,0.0,0.0
2022-08-10,123.0,0.00246,0.5,low,123.0,0.00246,0.5,low,median_fast15_slow_60_70_80,0.0,0.0,0.0
2022-08-11,-131.0,-0.00262,0.25,high,-131.0,-0.00262,0.25,high,median_fast15_slow_60_70_80,0.0,0.0,0.0
2022-08-12,258.5,0.00517,0.25,high,258.5,0.00517,0.25,high,median_fast15_slow_60_70_80,0.0,0.0,0.0
2022-08-15,0.0,0.0,0.0,no_trade,0.0,0.0,0.0,no_trade,median_fast15_slow_60_70_80,0.0,0.0,0.0
2022-08-16,-176.5,-0.00353,0.25,high,-176.5,-0.00353,0.25,high,median_fast15_slow_60_70_80,0.0,0.0,0.0
2022-08-17,-342.0,-0.00684,0.5,low,-684.0,-0.01368,1.0,mid,median_fast15_slow_60_70_80,-342.0,-0.00684,342.0
2022-08-18,-151.5,-0.00303,0.25,high,-151.5,-0.00303,0.25,high,median_fast15_slow_60_70_80,0.0,0.0,0.0
2022-08-19,131.0,0.00262,1.0,mid,131.0,0.00262,1.0,mid,median_fast15_slow_60_70_80,0.0,0.0,0.0
2022-08-22,348.0,0.00696,0.5,low,348.0,0.00696,0.5,low,median_fast15_slow_60_70_80,0.0,0.0,0.0
2022-08-23,-522.0,-0.01044,1.0,mid,-522.0,-0.01044,1.0,mid,median_fast15_slow_60_70_80,0.0,0.0,0.0
2022-08-24,18.5,0.00037,0.25,high,18.5,0.00037,0.25,high,median_fast15_slow_60_70_80,0.0,0.0,0.0
2022-08-25,198.0,0.00396,0.25,high,198.0,0.00396,0.25,high,median_fast15_slow_60_70_80,0.0,0.0,0.0
2022-08-26,-180.5,-0.00361,0.25,high,-180.5,-0.00361,0.25,high,median_fast15_slow_60_70_80,0.0,0.0,0.0
2022-08-29,-57.0,-0.00114,0.5,low,-57.0,-0.00114,0.5,low,median_fast15_slow_60_70_80,0.0,0.0,0.0
2022-08-30,0.0,0.0,0.0,no_trade,0.0,0.0,0.0,no_trade,median_fast15_slow_60_70_80,0.0,0.0,0.0
2022-08-31,1024.0,0.02048,1.0,mid,1024.0,0.02048,1.0,mid,median_fast15_slow_60_70_80,0.0,0.0,0.0
2022-09-01,0.0,0.0,0.0,no_trade,0.0,0.0,0.0,no_trade,median_fast15_slow_60_70_80,0.0,0.0,0.0
2022-09-02,0.0,0.0,0.0,no_trade,0.0,0.0,0.0,no_trade,median_fast15_slow_60_70_80,0.0,0.0,0.0
2022-09-05,0.0,0.0,0.0,no_trade,0.0,0.0,0.0,no_trade,median_fast15_slow_60_70_80,0.0,0.0,0.0
2022-09-06,0.0,0.0,0.0,no_trade,0.0,0.0,0.0,no_trade,median_fast15_slow_60_70_80,0.0,0.0,0.0
2022-09-07,700.5,0.01401,1.0,mid,700.5,0.01401,1.0,mid,median_fast15_slow_60_70_80,0.0,0.0,0.0
2022-09-08,102.0,0.00204,0.5,low,102.0,0.00204,0.5,low,median_fast15_slow_60_70_80,0.0,0.0,0.0
2022-09-09,0.0,0.0,0.0,no_trade,0.0,0.0,0.0,no_trade,median_fast15_slow_60_70_80,0.0,0.0,0.0
2022-09-12,-619.5,-0.01239,1.0,mid,-619.5,-0.01239,1.0,mid,median_fast15_slow_60_70_80,0.0,0.0,0.0
2022-09-13,513.0,0.01026,0.5,low,513.0,0.01026,0.5,low,median_fast15_slow_60_70_80,0.0,0.0,0.0
2022-09-14,-254.0,-0.00508,0.5,low,-254.0,-0.00508,0.5,low,median_fast15_slow_60_70_80,0.0,0.0,0.0
2022-09-15,0.0,0.0,0.0,no_trade,0.0,0.0,0.0,no_trade,median_fast15_slow_60_70_80,0.0,0.0,0.0
2022-09-19,372.0,0.00744,1.0,mid,372.0,0.00744,1.0,mid,median_fast15_slow_60_70_80,0.0,0.0,0.0
2022-09-20,-295.0,-0.0059,0.5,low,-295.0,-0.0059,0.5,low,median_fast15_slow_60_70_80,0.0,0.0,0.0
2022-09-21,0.0,0.0,0.0,no_trade,0.0,0.0,0.0,no_trade,median_fast15_slow_60_70_80,0.0,0.0,0.0
2022-09-22,-231.5,-0.00463,0.5,low,-231.5,-0.00463,0.5,low,median_fast15_slow_60_70_80,0.0,0.0,0.0
2022-09-23,-69.5,-0.00139,0.5,low,-69.5,-0.00139,0.5,low,median_fast15_slow_60_70_80,0.0,0.0,0.0
2022-09-26,-680.0,-0.0136,1.0,mid,-680.0,-0.0136,1.0,mid,median_fast15_slow_60_70_80,0.0,0.0,0.0
2022-09-27,0.0,0.0,0.0,no_trade,0.0,0.0,0.0,no_trade,median_fast15_slow_60_70_80,0.0,0.0,0.0
2022-09-28,0.0,0.0,0.0,no_trade,0.0,0.0,0.0,no_trade,median_fast15_slow_60_70_80,0.0,0.0,0.0
2022-09-29,-51.0,-0.00102,1.0,mid,-51.0,-0.00102,1.0,mid,median_fast15_slow_60_70_80,0.0,0.0,0.0
2022-09-30,-257.5,-0.00515,0.5,low,-257.5,-0.00515,0.5,low,median_fast15_slow_60_70_80,0.0,0.0,0.0
2022-10-03,0.0,0.0,0.0,no_trade,0.0,0.0,0.0,no_trade,median_fast15_slow_60_70_80,0.0,0.0,0.0
2022-10-04,0.0,0.0,0.0,no_trade,0.0,0.0,0.0,no_trade,median_fast15_slow_60_70_80,0.0,0.0,0.0
2022-10-05,-169.0,-0.00338,0.25,high,-169.0,-0.00338,0.25,high,median_fast15_slow_60_70_80,0.0,0.0,0.0
2022-10-06,0.0,0.0,0.0,no_trade,0.0,0.0,0.0,no_trade,median_fast15_slow_60_70_80,0.0,0.0,0.0
2022-10-07,224.5,0.00449,0.5,low,224.5,0.00449,0.5,low,median_fast15_slow_60_70_80,0.0,0.0,0.0
2022-10-10,52.0,0.00104,1.0,mid,52.0,0.00104,1.0,mid,median_fast15_slow_60_70_80,0.0,0.0,0.0
2022-10-11,-527.0,-0.01054,1.0,mid,-527.0,-0.01054,1.0,mid,median_fast15_slow_60_70_80,0.0,0.0,0.0
2022-10-12,0.0,0.0,0.0,no_trade,0.0,0.0,0.0,no_trade,median_fast15_slow_60_70_80,0.0,0.0,0.0
2022-10-13,751.0,0.01502,1.0,mid,751.0,0.01502,1.0,mid,median_fast15_slow_60_70_80,0.0,0.0,0.0
2022-10-14,0.0,0.0,0.0,no_trade,0.0,0.0,0.0,no_trade,median_fast15_slow_60_70_80,0.0,0.0,0.0
2022-10-17,-49.0,-0.00098,1.0,mid,-49.0,-0.00098,1.0,mid,median_fast15_slow_60_70_80,0.0,0.0,0.0
2022-10-18,147.5,0.00295,0.5,low,147.5,0.00295,0.5,low,median_fast15_slow_60_70_80,0.0,0.0,0.0
2022-10-19,-236.0,-0.00472,0.5,low,-236.0,-0.00472,0.5,low,median_fast15_slow_60_70_80,0.0,0.0,0.0
2022-10-20,-603.0,-0.01206,1.0,mid,-603.0,-0.01206,1.0,mid,median_fast15_slow_60_70_80,0.0,0.0,0.0
2022-10-21,0.0,0.0,0.0,no_trade,0.0,0.0,0.0,no_trade,median_fast15_slow_60_70_80,0.0,0.0,0.0
2022-10-24,0.0,0.0,0.0,no_trade,0.0,0.0,0.0,no_trade,median_fast15_slow_60_70_80,0.0,0.0,0.0
2022-10-25,-316.5,-0.00633,0.5,low,-316.5,-0.00633,0.5,low,median_fast15_slow_60_70_80,0.0,0.0,0.0
2022-10-26,0.0,0.0,0.0,no_trade,0.0,0.0,0.0,no_trade,median_fast15_slow_60_70_80,0.0,0.0,0.0
2022-10-27,22.0,0.00044,1.0,mid,22.0,0.00044,1.0,mid,median_fast15_slow_60_70_80,0.0,0.0,0.0
2022-10-28,870.0,0.0174,1.0,mid,870.0,0.0174,1.0,mid,median_fast15_slow_60_70_80,0.0,0.0,0.0
2022-10-31,-219.0,-0.00438,1.0,mid,-219.0,-0.00438,1.0,mid,median_fast15_slow_60_70_80,0.0,0.0,0.0
2022-11-01,0.0,0.0,0.0,no_trade,0.0,0.0,0.0,no_trade,median_fast15_slow_60_70_80,0.0,0.0,0.0
2022-11-02,-153.5,-0.00307,0.25,high,-153.5,-0.00307,0.25,high,median_fast15_slow_60_70_80,0.0,0.0,0.0
2022-11-03,-257.0,-0.00514,0.5,low,-257.0,-0.00514,0.5,low,median_fast15_slow_60_70_80,0.0,0.0,0.0
2022-11-04,0.0,0.0,0.0,no_trade,0.0,0.0,0.0,no_trade,median_fast15_slow_60_70_80,0.0,0.0,0.0
2022-11-07,0.0,0.0,0.0,no_trade,0.0,0.0,0.0,no_trade,median_fast15_slow_60_70_80,0.0,0.0,0.0
2022-11-08,-658.0,-0.01316,1.0,mid,-658.0,-0.01316,1.0,mid,median_fast15_slow_60_70_80,0.0,0.0,0.0
2022-11-09,485.0,0.0097,0.5,low,485.0,0.0097,0.5,low,median_fast15_slow_60_70_80,0.0,0.0,0.0
2022-11-10,0.0,0.0,0.0,no_trade,0.0,0.0,0.0,no_trade,median_fast15_slow_60_70_80,0.0,0.0,0.0
2022-11-11,0.0,0.0,0.0,no_trade,0.0,0.0,0.0,no_trade,median_fast15_slow_60_70_80,0.0,0.0,0.0
2022-11-14,-71.5,-0.00143,0.25,high,-71.5,-0.00143,0.25,high,median_fast15_slow_60_70_80,0.0,0.0,0.0
2022-11-15,0.0,0.0,0.0,no_trade,214.5,0.00429,1.0,mid,median_fast15_slow_60_70_80,214.5,0.00429,214.5
2022-11-16,-7.5,-0.00015,0.5,low,-7.5,-0.00015,0.5,low,median_fast15_slow_60_70_80,0.0,0.0,0.0
2022-11-17,325.5,0.00651,1.0,mid,325.5,0.00651,1.0,mid,median_fast15_slow_60_70_80,0.0,0.0,0.0
2022-11-18,112.5,0.00225,1.0,mid,112.5,0.00225,1.0,mid,median_fast15_slow_60_70_80,0.0,0.0,0.0
2022-11-21,128.0,0.00256,0.5,low,128.0,0.00256,0.5,low,median_fast15_slow_60_70_80,0.0,0.0,0.0
2022-11-22,654.0,0.01308,1.0,mid,654.0,0.01308,1.0,mid,median_fast15_slow_60_70_80,0.0,0.0,0.0
2022-11-23,0.0,0.0,0.0,no_trade,0.0,0.0,0.0,no_trade,median_fast15_slow_60_70_80,0.0,0.0,0.0
2022-11-24,0.0,0.0,0.0,no_trade,0.0,0.0,0.0,no_trade,median_fast15_slow_60_70_80,0.0,0.0,0.0
2022-11-25,0.0,0.0,0.0,no_trade,0.0,0.0,0.0,no_trade,median_fast15_slow_60_70_80,0.0,0.0,0.0
2022-11-28,130.5,0.00261,0.5,low,130.5,0.00261,0.5,low,median_fast15_slow_60_70_80,0.0,0.0,0.0
2022-11-29,-264.0,-0.00528,0.5,low,-264.0,-0.00528,0.5,low,median_fast15_slow_60_70_80,0.0,0.0,0.0
2022-11-30,-278.0,-0.00556,0.5,low,-278.0,-0.00556,0.5,low,median_fast15_slow_60_70_80,0.0,0.0,0.0
2022-12-01,0.0,0.0,0.0,no_trade,0.0,0.0,0.0,no_trade,median_fast15_slow_60_70_80,0.0,0.0,0.0
2022-12-02,618.0,0.01236,1.0,mid,618.0,0.01236,1.0,mid,median_fast15_slow_60_70_80,0.0,0.0,0.0
2022-12-05,295.0,0.0059,0.25,high,295.0,0.0059,0.25,high,median_fast15_slow_60_70_80,0.0,0.0,0.0
2022-12-06,0.0,0.0,0.0,no_trade,0.0,0.0,0.0,no_trade,median_fast15_slow_60_70_80,0.0,0.0,0.0
2022-12-07,0.0,0.0,0.0,no_trade,0.0,0.0,0.0,no_trade,median_fast15_slow_60_70_80,0.0,0.0,0.0
2022-12-08,65.0,0.0013,0.5,low,130.0,0.0026,1.0,mid,median_fast15_slow_60_70_80,65.0,0.0013,65.0
2022-12-09,-194.5,-0.00389,0.5,low,-194.5,-0.00389,0.5,low,median_fast15_slow_60_70_80,0.0,0.0,0.0
2022-12-12,-141.5,-0.00283,0.25,high,-707.5,-0.01415,1.0,mid,median_fast15_slow_60_70_80,-566.0,-0.01132,566.0
2022-12-13,289.5,0.00579,1.0,mid,289.5,0.00579,1.0,mid,median_fast15_slow_60_70_80,0.0,0.0,0.0
2022-12-14,-196.0,-0.00392,0.5,low,-196.0,-0.00392,0.5,low,median_fast15_slow_60_70_80,0.0,0.0,0.0
2022-12-15,331.0,0.00662,1.0,mid,331.0,0.00662,1.0,mid,median_fast15_slow_60_70_80,0.0,0.0,0.0
2022-12-19,277.5,0.00555,1.0,mid,277.5,0.00555,1.0,mid,median_fast15_slow_60_70_80,0.0,0.0,0.0
2022-12-20,-24.0,-0.00048,1.0,mid,-24.0,-0.00048,1.0,mid,median_fast15_slow_60_70_80,0.0,0.0,0.0
2022-12-21,0.0,0.0,0.0,no_trade,0.0,0.0,0.0,no_trade,median_fast15_slow_60_70_80,0.0,0.0,0.0
2022-12-22,0.0,0.0,0.0,no_trade,0.0,0.0,0.0,no_trade,median_fast15_slow_60_70_80,0.0,0.0,0.0
2022-12-23,20.0,0.0004,0.5,low,20.0,0.0004,0.5,low,median_fast15_slow_60_70_80,0.0,0.0,0.0
2022-12-27,-138.0,-0.00276,1.0,mid,-138.0,-0.00276,1.0,mid,median_fast15_slow_60_70_80,0.0,0.0,0.0
2022-12-28,171.0,0.00342,0.5,low,171.0,0.00342,0.5,low,median_fast15_slow_60_70_80,0.0,0.0,0.0
2022-12-29,321.0,0.00642,1.0,mid,321.0,0.00642,1.0,mid,median_fast15_slow_60_70_80,0.0,0.0,0.0
2022-12-30,120.0,0.0024,0.5,low,120.0,0.0024,0.5,low,median_fast15_slow_60_70_80,0.0,0.0,0.0
2023-01-03,101.0,0.00202,1.0,mid,101.0,0.00202,1.0,mid,median_fast15_slow_60_70_80,0.0,0.0,0.0
2023-01-04,-609.0,-0.01218,1.0,mid,-609.0,-0.01218,1.0,mid,median_fast15_slow_60_70_80,0.0,0.0,0.0
2023-01-05,0.0,0.0,0.0,no_trade,0.0,0.0,0.0,no_trade,median_fast15_slow_60_70_80,0.0,0.0,0.0
2023-01-06,0.0,0.0,0.0,no_trade,0.0,0.0,0.0,no_trade,median_fast15_slow_60_70_80,0.0,0.0,0.0
2023-01-09,-248.5,-0.00497,0.5,low,-248.5,-0.00497,0.5,low,median_fast15_slow_60_70_80,0.0,0.0,0.0
2023-01-10,-252.0,-0.00504,0.5,low,-252.0,-0.00504,0.5,low,median_fast15_slow_60_70_80,0.0,0.0,0.0
2023-01-11,372.0,0.00744,0.5,low,372.0,0.00744,0.5,low,median_fast15_slow_60_70_80,0.0,0.0,0.0
2023-01-12,0.0,0.0,0.0,no_trade,0.0,0.0,0.0,no_trade,median_fast15_slow_60_70_80,0.0,0.0,0.0
2023-01-13,828.0,0.01656,1.0,mid,828.0,0.01656,1.0,mid,median_fast15_slow_60_70_80,0.0,0.0,0.0
2023-01-16,0.0,0.0,0.0,no_trade,0.0,0.0,0.0,no_trade,median_fast15_slow_60_70_80,0.0,0.0,0.0
2023-01-17,-24.0,-0.00048,1.0,mid,-6.0,-0.00012,0.25,high,median_fast15_slow_60_70_80,18.0,0.00036,18.0
2023-01-18,-662.5,-0.01325,1.0,mid,-662.5,-0.01325,1.0,mid,median_fast15_slow_60_70_80,0.0,0.0,0.0
2023-01-19,-606.0,-0.01212,1.0,mid,-202.0,-0.00404,0.5,low,median_fast15_slow_60_70_80,404.0,0.00808,404.0
2023-01-20,0.0,0.0,0.0,no_trade,0.0,0.0,0.0,no_trade,median_fast15_slow_60_70_80,0.0,0.0,0.0
2023-01-23,368.0,0.00736,1.0,mid,368.0,0.00736,1.0,mid,median_fast15_slow_60_70_80,0.0,0.0,0.0
2023-01-24,0.0,0.0,0.0,no_trade,0.0,0.0,0.0,no_trade,median_fast15_slow_60_70_80,0.0,0.0,0.0
2023-01-25,-208.5,-0.00417,0.5,low,-208.5,-0.00417,0.5,low,median_fast15_slow_60_70_80,0.0,0.0,0.0
2023-01-26,-565.0,-0.0113,1.0,mid,-282.5,-0.00565,0.5,low,median_fast15_slow_60_70_80,282.5,0.00565,282.5
2023-01-27,0.0,0.0,0.0,no_trade,0.0,0.0,0.0,no_trade,median_fast15_slow_60_70_80,0.0,0.0,0.0
2023-01-30,-157.5,-0.00315,0.25,high,-157.5,-0.00315,0.25,high,median_fast15_slow_60_70_80,0.0,0.0,0.0
2023-01-31,334.0,0.00668,0.5,low,334.0,0.00668,0.5,low,median_fast15_slow_60_70_80,0.0,0.0,0.0
2023-02-01,-370.5,-0.00741,0.5,low,-370.5,-0.00741,0.5,low,median_fast15_slow_60_70_80,0.0,0.0,0.0
2023-02-02,-600.0,-0.012,1.0,mid,-200.0,-0.004,0.5,low,median_fast15_slow_60_70_80,400.0,0.008,400.0
2023-02-03,0.0,0.0,0.0,no_trade,0.0,0.0,0.0,no_trade,median_fast15_slow_60_70_80,0.0,0.0,0.0
2023-02-06,-142.0,-0.00284,0.25,high,-142.0,-0.00284,0.25,high,median_fast15_slow_60_70_80,0.0,0.0,0.0
2023-02-07,-139.0,-0.00278,0.25,high,-139.0,-0.00278,0.25,high,median_fast15_slow_60_70_80,0.0,0.0,0.0
2023-02-08,543.0,0.01086,1.0,mid,543.0,0.01086,1.0,mid,median_fast15_slow_60_70_80,0.0,0.0,0.0
2023-02-09,1218.0,0.02436,1.0,mid,1218.0,0.02436,1.0,mid,median_fast15_slow_60_70_80,0.0,0.0,0.0
2023-02-10,-174.5,-0.00349,0.25,high,-174.5,-0.00349,0.25,high,median_fast15_slow_60_70_80,0.0,0.0,0.0
2023-02-13,463.5,0.00927,1.0,mid,0.0,0.0,0.0,no_trade,median_fast15_slow_60_70_80,-463.5,-0.00927,463.5
2023-02-14,0.0,0.0,0.0,no_trade,0.0,0.0,0.0,no_trade,median_fast15_slow_60_70_80,0.0,0.0,0.0
2023-02-15,-750.0,-0.015,1.0,mid,-750.0,-0.015,1.0,mid,median_fast15_slow_60_70_80,0.0,0.0,0.0
2023-02-16,-254.0,-0.00508,0.5,low,-254.0,-0.00508,0.5,low,median_fast15_slow_60_70_80,0.0,0.0,0.0
2023-02-17,-189.5,-0.00379,0.5,low,-189.5,-0.00379,0.5,low,median_fast15_slow_60_70_80,0.0,0.0,0.0
2023-02-20,0.0,0.0,0.0,no_trade,0.0,0.0,0.0,no_trade,median_fast15_slow_60_70_80,0.0,0.0,0.0
2023-02-21,212.0,0.00424,0.25,high,212.0,0.00424,0.25,high,median_fast15_slow_60_70_80,0.0,0.0,0.0
2023-02-22,-665.0,-0.0133,1.0,mid,-665.0,-0.0133,1.0,mid,median_fast15_slow_60_70_80,0.0,0.0,0.0
2023-02-23,301.0,0.00602,0.25,high,301.0,0.00602,0.25,high,median_fast15_slow_60_70_80,0.0,0.0,0.0
2023-02-24,-279.0,-0.00558,1.0,mid,-279.0,-0.00558,1.0,mid,median_fast15_slow_60_70_80,0.0,0.0,0.0
2023-02-27,-731.5,-0.01463,1.0,mid,-731.5,-0.01463,1.0,mid,median_fast15_slow_60_70_80,0.0,0.0,0.0
2023-02-28,-149.0,-0.00298,0.25,high,-149.0,-0.00298,0.25,high,median_fast15_slow_60_70_80,0.0,0.0,0.0
2023-03-01,284.0,0.00568,1.0,mid,284.0,0.00568,1.0,mid,median_fast15_slow_60_70_80,0.0,0.0,0.0
2023-03-02,279.0,0.00558,0.25,high,279.0,0.00558,0.25,high,median_fast15_slow_60_70_80,0.0,0.0,0.0
2023-03-03,0.0,0.0,0.0,no_trade,0.0,0.0,0.0,no_trade,median_fast15_slow_60_70_80,0.0,0.0,0.0
2023-03-06,-657.0,-0.01314,1.0,mid,-657.0,-0.01314,1.0,mid,median_fast15_slow_60_70_80,0.0,0.0,0.0
2023-03-07,212.0,0.00424,0.25,high,212.0,0.00424,0.25,high,median_fast15_slow_60_70_80,0.0,0.0,0.0
2023-03-08,-162.5,-0.00325,0.25,high,-162.5,-0.00325,0.25,high,median_fast15_slow_60_70_80,0.0,0.0,0.0
2023-03-09,-236.0,-0.00472,0.5,low,-236.0,-0.00472,0.5,low,median_fast15_slow_60_70_80,0.0,0.0,0.0
2023-03-10,-354.5,-0.00709,0.5,low,-354.5,-0.00709,0.5,low,median_fast15_slow_60_70_80,0.0,0.0,0.0
2023-03-13,0.0,0.0,0.0,no_trade,0.0,0.0,0.0,no_trade,median_fast15_slow_60_70_80,0.0,0.0,0.0
2023-03-14,-750.0,-0.015,1.0,mid,-750.0,-0.015,1.0,mid,median_fast15_slow_60_70_80,0.0,0.0,0.0
2023-03-15,-609.0,-0.01218,1.0,mid,-609.0,-0.01218,1.0,mid,median_fast15_slow_60_70_80,0.0,0.0,0.0
2023-03-16,422.0,0.00844,0.5,low,422.0,0.00844,0.5,low,median_fast15_slow_60_70_80,0.0,0.0,0.0
2023-03-20,304.5,0.00609,1.0,mid,101.5,0.00203,0.5,low,median_fast15_slow_60_70_80,-203.0,-0.004059999999999999,203.0
2023-03-21,-124.5,-0.00249,0.25,high,-124.5,-0.00249,0.25,high,median_fast15_slow_60_70_80,0.0,0.0,0.0
2023-03-22,0.0,0.0,0.0,no_trade,0.0,0.0,0.0,no_trade,median_fast15_slow_60_70_80,0.0,0.0,0.0
2023-03-23,-127.0,-0.00254,0.25,high,-127.0,-0.00254,0.25,high,median_fast15_slow_60_70_80,0.0,0.0,0.0
2023-03-24,-688.5,-0.01377,1.0,mid,-229.5,-0.00459,0.5,low,median_fast15_slow_60_70_80,459.0,0.009179999999999999,459.0
2023-03-27,307.0,0.00614,0.5,low,307.0,0.00614,0.5,low,median_fast15_slow_60_70_80,0.0,0.0,0.0
2023-03-28,-206.5,-0.00413,0.5,low,-206.5,-0.00413,0.5,low,median_fast15_slow_60_70_80,0.0,0.0,0.0
2023-03-29,-98.5,-0.00197,0.25,high,-98.5,-0.00197,0.25,high,median_fast15_slow_60_70_80,0.0,0.0,0.0
2023-03-30,-710.5,-0.01421,1.0,mid,-710.5,-0.01421,1.0,mid,median_fast15_slow_60_70_80,0.0,0.0,0.0
2023-03-31,0.0,0.0,0.0,no_trade,0.0,0.0,0.0,no_trade,median_fast15_slow_60_70_80,0.0,0.0,0.0
2023-04-03,-695.0,-0.0139,1.0,mid,-695.0,-0.0139,1.0,mid,median_fast15_slow_60_70_80,0.0,0.0,0.0
2023-04-04,-171.5,-0.00343,0.25,high,-171.5,-0.00343,0.25,high,median_fast15_slow_60_70_80,0.0,0.0,0.0
2023-04-05,72.0,0.00144,0.25,high,72.0,0.00144,0.25,high,median_fast15_slow_60_70_80,0.0,0.0,0.0
2023-04-06,1270.0,0.0254,1.0,mid,1270.0,0.0254,1.0,mid,median_fast15_slow_60_70_80,0.0,0.0,0.0
2023-04-10,0.0,0.0,0.0,no_trade,0.0,0.0,0.0,no_trade,median_fast15_slow_60_70_80,0.0,0.0,0.0
2023-04-11,8.0,0.00016,0.5,low,16.0,0.00032,1.0,mid,median_fast15_slow_60_70_80,8.0,0.00016,8.0
2023-04-12,224.0,0.00448,1.0,mid,224.0,0.00448,1.0,mid,median_fast15_slow_60_70_80,0.0,0.0,0.0
2023-04-13,246.0,0.00492,0.25,high,246.0,0.00492,0.25,high,median_fast15_slow_60_70_80,0.0,0.0,0.0
2023-04-14,-313.5,-0.00627,1.0,mid,-313.5,-0.00627,1.0,mid,median_fast15_slow_60_70_80,0.0,0.0,0.0
2023-04-17,-550.0,-0.011,1.0,mid,-275.0,-0.0055,0.5,low,median_fast15_slow_60_70_80,275.0,0.0055,275.0
2023-04-18,162.5,0.00325,0.25,high,162.5,0.00325,0.25,high,median_fast15_slow_60_70_80,0.0,0.0,0.0
2023-04-19,0.0,0.0,0.0,no_trade,0.0,0.0,0.0,no_trade,median_fast15_slow_60_70_80,0.0,0.0,0.0
2023-04-20,-666.0,-0.01332,1.0,mid,-666.0,-0.01332,1.0,mid,median_fast15_slow_60_70_80,0.0,0.0,0.0
2023-04-21,-169.0,-0.00338,0.25,high,-169.0,-0.00338,0.25,high,median_fast15_slow_60_70_80,0.0,0.0,0.0
2023-04-24,-106.0,-0.00212,1.0,mid,-106.0,-0.00212,1.0,mid,median_fast15_slow_60_70_80,0.0,0.0,0.0
2023-04-25,218.0,0.00436,0.25,high,218.0,0.00436,0.25,high,median_fast15_slow_60_70_80,0.0,0.0,0.0
2023-04-26,-692.5,-0.01385,1.0,mid,-692.5,-0.01385,1.0,mid,median_fast15_slow_60_70_80,0.0,0.0,0.0
2023-04-27,1236.0,0.02472,1.0,mid,1236.0,0.02472,1.0,mid,median_fast15_slow_60_70_80,0.0,0.0,0.0
2023-04-28,316.0,0.00632,0.5,low,316.0,0.00632,0.5,low,median_fast15_slow_60_70_80,0.0,0.0,0.0
2023-05-01,-740.0,-0.0148,1.0,mid,-740.0,-0.0148,1.0,mid,median_fast15_slow_60_70_80,0.0,0.0,0.0
2023-05-02,1358.0,0.02716,1.0,mid,1358.0,0.02716,1.0,mid,median_fast15_slow_60_70_80,0.0,0.0,0.0
2023-05-03,0.0,0.0,0.0,no_trade,0.0,0.0,0.0,no_trade,median_fast15_slow_60_70_80,0.0,0.0,0.0
2023-05-04,-675.0,-0.0135,1.0,mid,-675.0,-0.0135,1.0,mid,median_fast15_slow_60_70_80,0.0,0.0,0.0
2023-05-05,1405.0,0.0281,1.0,mid,1405.0,0.0281,1.0,mid,median_fast15_slow_60_70_80,0.0,0.0,0.0
2023-05-08,0.0,0.0,0.0,no_trade,0.0,0.0,0.0,no_trade,median_fast15_slow_60_70_80,0.0,0.0,0.0
2023-05-09,0.0,0.0,0.0,no_trade,0.0,0.0,0.0,no_trade,median_fast15_slow_60_70_80,0.0,0.0,0.0
2023-05-10,-204.0,-0.00408,0.5,low,-204.0,-0.00408,0.5,low,median_fast15_slow_60_70_80,0.0,0.0,0.0
2023-05-11,-259.0,-0.00518,0.5,low,-259.0,-0.00518,0.5,low,median_fast15_slow_60_70_80,0.0,0.0,0.0
2023-05-12,61.0,0.00122,0.25,high,61.0,0.00122,0.25,high,median_fast15_slow_60_70_80,0.0,0.0,0.0
2023-05-15,-738.0,-0.01476,1.0,mid,-738.0,-0.01476,1.0,mid,median_fast15_slow_60_70_80,0.0,0.0,0.0
2023-05-16,0.0,0.0,0.0,no_trade,0.0,0.0,0.0,no_trade,median_fast15_slow_60_70_80,0.0,0.0,0.0
2023-05-17,0.0,0.0,0.0,no_trade,0.0,0.0,0.0,no_trade,median_fast15_slow_60_70_80,0.0,0.0,0.0
2023-05-18,304.0,0.00608,0.25,high,1216.0,0.02432,1.0,mid,median_fast15_slow_60_70_80,912.0,0.01824,912.0
2023-05-19,165.0,0.0033,1.0,mid,165.0,0.0033,1.0,mid,median_fast15_slow_60_70_80,0.0,0.0,0.0
2023-05-22,0.0,0.0,0.0,no_trade,0.0,0.0,0.0,no_trade,median_fast15_slow_60_70_80,0.0,0.0,0.0
2023-05-23,0.0,0.0,0.0,no_trade,0.0,0.0,0.0,no_trade,median_fast15_slow_60_70_80,0.0,0.0,0.0
2023-05-24,-120.0,-0.0024,0.25,high,-120.0,-0.0024,0.25,high,median_fast15_slow_60_70_80,0.0,0.0,0.0
2023-05-25,0.0,0.0,0.0,no_trade,0.0,0.0,0.0,no_trade,median_fast15_slow_60_70_80,0.0,0.0,0.0
2023-05-26,0.0,0.0,0.0,no_trade,0.0,0.0,0.0,no_trade,median_fast15_slow_60_70_80,0.0,0.0,0.0
2023-05-29,0.0,0.0,0.0,no_trade,0.0,0.0,0.0,no_trade,median_fast15_slow_60_70_80,0.0,0.0,0.0
2023-05-30,0.0,0.0,0.0,no_trade,0.0,0.0,0.0,no_trade,median_fast15_slow_60_70_80,0.0,0.0,0.0
2023-05-31,98.0,0.00196,1.0,mid,98.0,0.00196,1.0,mid,median_fast15_slow_60_70_80,0.0,0.0,0.0
2023-06-01,1216.0,0.02432,1.0,mid,1216.0,0.02432,1.0,mid,median_fast15_slow_60_70_80,0.0,0.0,0.0
2023-06-02,0.0,0.0,0.0,no_trade,0.0,0.0,0.0,no_trade,median_fast15_slow_60_70_80,0.0,0.0,0.0
2023-06-05,-698.0,-0.01396,1.0,mid,-349.0,-0.00698,0.5,low,median_fast15_slow_60_70_80,349.0,0.00698,349.0
2023-06-06,59.0,0.00118,0.5,low,147.5,0.00295,1.0,mid,median_fast15_slow_60_70_80,88.5,0.0017699999999999999,88.5
2023-06-07,1224.0,0.02448,1.0,mid,1224.0,0.02448,1.0,mid,median_fast15_slow_60_70_80,0.0,0.0,0.0
2023-06-08,724.0,0.01448,1.0,mid,724.0,0.01448,1.0,mid,median_fast15_slow_60_70_80,0.0,0.0,0.0
2023-06-09,0.0,0.0,0.0,no_trade,0.0,0.0,0.0,no_trade,median_fast15_slow_60_70_80,0.0,0.0,0.0
2023-06-12,-102.0,-0.00204,0.25,high,-102.0,-0.00204,0.25,high,median_fast15_slow_60_70_80,0.0,0.0,0.0
2023-06-13,-495.0,-0.0099,1.0,mid,-495.0,-0.0099,1.0,mid,median_fast15_slow_60_70_80,0.0,0.0,0.0
2023-06-14,-300.0,-0.006,0.5,low,-300.0,-0.006,0.5,low,median_fast15_slow_60_70_80,0.0,0.0,0.0
2023-06-15,0.0,0.0,0.0,no_trade,0.0,0.0,0.0,no_trade,median_fast15_slow_60_70_80,0.0,0.0,0.0
2023-06-19,0.0,0.0,0.0,no_trade,0.0,0.0,0.0,no_trade,median_fast15_slow_60_70_80,0.0,0.0,0.0
2023-06-20,-282.0,-0.00564,1.0,mid,-282.0,-0.00564,1.0,mid,median_fast15_slow_60_70_80,0.0,0.0,0.0
2023-06-21,295.5,0.00591,1.0,mid,295.5,0.00591,1.0,mid,median_fast15_slow_60_70_80,0.0,0.0,0.0
2023-06-22,0.0,0.0,0.0,no_trade,0.0,0.0,0.0,no_trade,median_fast15_slow_60_70_80,0.0,0.0,0.0
2023-06-23,-237.0,-0.00474,1.0,mid,-237.0,-0.00474,1.0,mid,median_fast15_slow_60_70_80,0.0,0.0,0.0
2023-06-26,-251.0,-0.00502,0.5,low,-502.0,-0.01004,1.0,mid,median_fast15_slow_60_70_80,-251.0,-0.00502,251.0
2023-06-27,-640.0,-0.0128,1.0,mid,-640.0,-0.0128,1.0,mid,median_fast15_slow_60_70_80,0.0,0.0,0.0
2023-06-28,350.0,0.007,1.0,mid,87.5,0.00175,0.25,high,median_fast15_slow_60_70_80,-262.5,-0.00525,262.5
2023-06-29,-81.5,-0.00163,0.25,high,-81.5,-0.00163,0.25,high,median_fast15_slow_60_70_80,0.0,0.0,0.0
2023-06-30,-127.5,-0.00255,1.0,mid,-127.5,-0.00255,1.0,mid,median_fast15_slow_60_70_80,0.0,0.0,0.0
2023-07-03,-26.5,-0.00053,0.25,high,-159.0,-0.00318,1.0,mid,median_fast15_slow_60_70_80,-132.5,-0.00265,132.5
2023-07-04,0.0,0.0,0.0,no_trade,0.0,0.0,0.0,no_trade,median_fast15_slow_60_70_80,0.0,0.0,0.0
2023-07-05,-279.0,-0.00558,1.0,mid,-279.0,-0.00558,1.0,mid,median_fast15_slow_60_70_80,0.0,0.0,0.0
2023-07-06,-704.0,-0.01408,1.0,mid,-704.0,-0.01408,1.0,mid,median_fast15_slow_60_70_80,0.0,0.0,0.0
2023-07-07,-375.0,-0.0075,0.5,low,-375.0,-0.0075,0.5,low,median_fast15_slow_60_70_80,0.0,0.0,0.0
2023-07-10,-561.0,-0.01122,1.0,mid,-561.0,-0.01122,1.0,mid,median_fast15_slow_60_70_80,0.0,0.0,0.0
2023-07-11,0.0,0.0,0.0,no_trade,0.0,0.0,0.0,no_trade,median_fast15_slow_60_70_80,0.0,0.0,0.0
2023-07-12,-267.0,-0.00534,0.5,low,-267.0,-0.00534,0.5,low,median_fast15_slow_60_70_80,0.0,0.0,0.0
2023-07-13,0.0,0.0,0.0,no_trade,0.0,0.0,0.0,no_trade,median_fast15_slow_60_70_80,0.0,0.0,0.0
2023-07-14,-187.0,-0.00374,0.25,high,-187.0,-0.00374,0.25,high,median_fast15_slow_60_70_80,0.0,0.0,0.0
2023-07-17,0.0,0.0,0.0,no_trade,0.0,0.0,0.0,no_trade,median_fast15_slow_60_70_80,0.0,0.0,0.0
2023-07-18,0.0,0.0,0.0,no_trade,0.0,0.0,0.0,no_trade,median_fast15_slow_60_70_80,0.0,0.0,0.0
2023-07-19,-670.0,-0.0134,1.0,mid,-670.0,-0.0134,1.0,mid,median_fast15_slow_60_70_80,0.0,0.0,0.0
2023-07-20,1385.0,0.0277,1.0,mid,1385.0,0.0277,1.0,mid,median_fast15_slow_60_70_80,0.0,0.0,0.0
2023-07-21,439.5,0.00879,1.0,mid,439.5,0.00879,1.0,mid,median_fast15_slow_60_70_80,0.0,0.0,0.0
2023-07-24,0.0,0.0,0.0,no_trade,0.0,0.0,0.0,no_trade,median_fast15_slow_60_70_80,0.0,0.0,0.0
2023-07-25,0.0,0.0,0.0,no_trade,0.0,0.0,0.0,no_trade,median_fast15_slow_60_70_80,0.0,0.0,0.0
2023-07-26,-327.0,-0.00654,0.5,low,-327.0,-0.00654,0.5,low,median_fast15_slow_60_70_80,0.0,0.0,0.0
2023-07-27,1212.0,0.02424,1.0,mid,1212.0,0.02424,1.0,mid,median_fast15_slow_60_70_80,0.0,0.0,0.0
2023-07-28,81.0,0.00162,1.0,mid,81.0,0.00162,1.0,mid,median_fast15_slow_60_70_80,0.0,0.0,0.0
2023-07-31,0.0,0.0,0.0,no_trade,0.0,0.0,0.0,no_trade,median_fast15_slow_60_70_80,0.0,0.0,0.0
2023-08-01,-111.0,-0.00222,0.25,high,-111.0,-0.00222,0.25,high,median_fast15_slow_60_70_80,0.0,0.0,0.0
2023-08-02,221.0,0.00442,0.25,high,221.0,0.00442,0.25,high,median_fast15_slow_60_70_80,0.0,0.0,0.0
2023-08-03,0.0,0.0,0.0,no_trade,0.0,0.0,0.0,no_trade,median_fast15_slow_60_70_80,0.0,0.0,0.0
2023-08-04,0.0,0.0,0.0,no_trade,0.0,0.0,0.0,no_trade,median_fast15_slow_60_70_80,0.0,0.0,0.0
2023-08-07,0.0,0.0,0.0,no_trade,0.0,0.0,0.0,no_trade,median_fast15_slow_60_70_80,0.0,0.0,0.0
2023-08-08,0.0,0.0,0.0,no_trade,0.0,0.0,0.0,no_trade,median_fast15_slow_60_70_80,0.0,0.0,0.0
2023-08-09,0.0,0.0,0.0,no_trade,0.0,0.0,0.0,no_trade,median_fast15_slow_60_70_80,0.0,0.0,0.0
2023-08-10,-319.5,-0.00639,0.5,low,-319.5,-0.00639,0.5,low,median_fast15_slow_60_70_80,0.0,0.0,0.0
2023-08-11,-579.0,-0.01158,1.0,mid,-579.0,-0.01158,1.0,mid,median_fast15_slow_60_70_80,0.0,0.0,0.0
2023-08-14,1128.0,0.02256,1.0,mid,1128.0,0.02256,1.0,mid,median_fast15_slow_60_70_80,0.0,0.0,0.0
2023-08-15,526.0,0.01052,1.0,mid,526.0,0.01052,1.0,mid,median_fast15_slow_60_70_80,0.0,0.0,0.0
2023-08-16,-680.0,-0.0136,1.0,mid,-680.0,-0.0136,1.0,mid,median_fast15_slow_60_70_80,0.0,0.0,0.0
2023-08-17,784.5,0.01569,1.0,mid,0.0,0.0,0.0,no_trade,median_fast15_slow_60_70_80,-784.5,-0.01569,784.5
2023-08-18,-648.0,-0.01296,1.0,mid,-648.0,-0.01296,1.0,mid,median_fast15_slow_60_70_80,0.0,0.0,0.0
2023-08-21,-675.0,-0.0135,1.0,mid,-675.0,-0.0135,1.0,mid,median_fast15_slow_60_70_80,0.0,0.0,0.0
2023-08-22,150.0,0.003,1.0,mid,150.0,0.003,1.0,mid,median_fast15_slow_60_70_80,0.0,0.0,0.0
2023-08-23,0.0,0.0,0.0,no_trade,0.0,0.0,0.0,no_trade,median_fast15_slow_60_70_80,0.0,0.0,0.0
2023-08-24,0.0,0.0,0.0,no_trade,0.0,0.0,0.0,no_trade,median_fast15_slow_60_70_80,0.0,0.0,0.0
2023-08-25,-135.5,-0.00271,0.25,high,-135.5,-0.00271,0.25,high,median_fast15_slow_60_70_80,0.0,0.0,0.0
2023-08-28,0.0,0.0,0.0,no_trade,-376.0,-0.00752,1.0,mid,median_fast15_slow_60_70_80,-376.0,-0.00752,376.0
2023-08-29,0.0,0.0,0.0,no_trade,0.0,0.0,0.0,no_trade,median_fast15_slow_60_70_80,0.0,0.0,0.0
2023-08-30,-600.0,-0.012,1.0,mid,-600.0,-0.012,1.0,mid,median_fast15_slow_60_70_80,0.0,0.0,0.0
2023-08-31,-258.0,-0.00516,1.0,mid,-64.5,-0.00129,0.25,high,median_fast15_slow_60_70_80,193.5,0.0038699999999999997,193.5
2023-09-01,-52.0,-0.00104,0.5,low,-52.0,-0.00104,0.5,low,median_fast15_slow_60_70_80,0.0,0.0,0.0
2023-09-04,0.0,0.0,0.0,no_trade,0.0,0.0,0.0,no_trade,median_fast15_slow_60_70_80,0.0,0.0,0.0
2023-09-05,103.0,0.00206,0.5,low,103.0,0.00206,0.5,low,median_fast15_slow_60_70_80,0.0,0.0,0.0
2023-09-06,245.0,0.0049,0.25,high,245.0,0.0049,0.25,high,median_fast15_slow_60_70_80,0.0,0.0,0.0
2023-09-07,26.0,0.00052,0.5,low,26.0,0.00052,0.5,low,median_fast15_slow_60_70_80,0.0,0.0,0.0
2023-09-08,0.0,0.0,0.0,no_trade,0.0,0.0,0.0,no_trade,median_fast15_slow_60_70_80,0.0,0.0,0.0
2023-09-11,0.0,0.0,0.0,no_trade,0.0,0.0,0.0,no_trade,median_fast15_slow_60_70_80,0.0,0.0,0.0
2023-09-12,324.0,0.00648,0.5,low,324.0,0.00648,0.5,low,median_fast15_slow_60_70_80,0.0,0.0,0.0
2023-09-13,-142.0,-0.00284,0.25,high,-710.0,-0.0142,1.0,mid,median_fast15_slow_60_70_80,-568.0,-0.01136,568.0
2023-09-14,61.5,0.00123,0.5,low,61.5,0.00123,0.5,low,median_fast15_slow_60_70_80,0.0,0.0,0.0
2023-09-18,0.0,0.0,0.0,no_trade,0.0,0.0,0.0,no_trade,median_fast15_slow_60_70_80,0.0,0.0,0.0
2023-09-19,-154.0,-0.00308,0.25,high,-154.0,-0.00308,0.25,high,median_fast15_slow_60_70_80,0.0,0.0,0.0
2023-09-20,1245.0,0.0249,1.0,mid,1245.0,0.0249,1.0,mid,median_fast15_slow_60_70_80,0.0,0.0,0.0
2023-09-21,122.0,0.00244,0.5,low,122.0,0.00244,0.5,low,median_fast15_slow_60_70_80,0.0,0.0,0.0
2023-09-22,-151.5,-0.00303,0.25,high,-151.5,-0.00303,0.25,high,median_fast15_slow_60_70_80,0.0,0.0,0.0
2023-09-25,241.5,0.00483,1.0,mid,80.5,0.00161,0.5,low,median_fast15_slow_60_70_80,-161.0,-0.0032199999999999998,161.0
2023-09-26,378.0,0.00756,1.0,mid,378.0,0.00756,1.0,mid,median_fast15_slow_60_70_80,0.0,0.0,0.0
2023-09-27,1398.0,0.02796,1.0,mid,1398.0,0.02796,1.0,mid,median_fast15_slow_60_70_80,0.0,0.0,0.0
2023-09-28,541.5,0.01083,1.0,mid,541.5,0.01083,1.0,mid,median_fast15_slow_60_70_80,0.0,0.0,0.0
2023-09-29,-146.0,-0.00292,0.25,high,-146.0,-0.00292,0.25,high,median_fast15_slow_60_70_80,0.0,0.0,0.0
2023-10-02,0.0,0.0,0.0,no_trade,0.0,0.0,0.0,no_trade,median_fast15_slow_60_70_80,0.0,0.0,0.0
2023-10-03,0.0,0.0,0.0,no_trade,0.0,0.0,0.0,no_trade,median_fast15_slow_60_70_80,0.0,0.0,0.0
2023-10-04,363.0,0.00726,1.0,mid,363.0,0.00726,1.0,mid,median_fast15_slow_60_70_80,0.0,0.0,0.0
2023-10-05,0.0,0.0,0.0,no_trade,0.0,0.0,0.0,no_trade,median_fast15_slow_60_70_80,0.0,0.0,0.0
2023-10-06,417.0,0.00834,0.5,low,417.0,0.00834,0.5,low,median_fast15_slow_60_70_80,0.0,0.0,0.0
2023-10-09,0.0,0.0,0.0,no_trade,0.0,0.0,0.0,no_trade,median_fast15_slow_60_70_80,0.0,0.0,0.0
2023-10-10,148.0,0.00296,1.0,mid,148.0,0.00296,1.0,mid,median_fast15_slow_60_70_80,0.0,0.0,0.0
2023-10-11,-154.0,-0.00308,0.25,high,-154.0,-0.00308,0.25,high,median_fast15_slow_60_70_80,0.0,0.0,0.0
2023-10-12,-120.5,-0.00241,0.25,high,-120.5,-0.00241,0.25,high,median_fast15_slow_60_70_80,0.0,0.0,0.0
2023-10-13,300.0,0.006,0.25,high,300.0,0.006,0.25,high,median_fast15_slow_60_70_80,0.0,0.0,0.0
2023-10-16,138.0,0.00276,1.0,mid,138.0,0.00276,1.0,mid,median_fast15_slow_60_70_80,0.0,0.0,0.0
2023-10-17,114.0,0.00228,0.5,low,114.0,0.00228,0.5,low,median_fast15_slow_60_70_80,0.0,0.0,0.0
2023-10-18,-648.0,-0.01296,1.0,mid,-648.0,-0.01296,1.0,mid,median_fast15_slow_60_70_80,0.0,0.0,0.0
2023-10-19,-648.0,-0.01296,1.0,mid,-648.0,-0.01296,1.0,mid,median_fast15_slow_60_70_80,0.0,0.0,0.0
2023-10-20,808.5,0.01617,1.0,mid,808.5,0.01617,1.0,mid,median_fast15_slow_60_70_80,0.0,0.0,0.0
2023-10-23,147.0,0.00294,0.5,low,147.0,0.00294,0.5,low,median_fast15_slow_60_70_80,0.0,0.0,0.0
2023-10-24,-326.0,-0.00652,0.5,low,-326.0,-0.00652,0.5,low,median_fast15_slow_60_70_80,0.0,0.0,0.0
2023-10-25,588.0,0.01176,0.5,low,588.0,0.01176,0.5,low,median_fast15_slow_60_70_80,0.0,0.0,0.0
2023-10-26,0.0,0.0,0.0,no_trade,0.0,0.0,0.0,no_trade,median_fast15_slow_60_70_80,0.0,0.0,0.0
2023-10-27,-279.0,-0.00558,0.5,low,-279.0,-0.00558,0.5,low,median_fast15_slow_60_70_80,0.0,0.0,0.0
2023-10-30,-173.0,-0.00346,0.5,low,-173.0,-0.00346,0.5,low,median_fast15_slow_60_70_80,0.0,0.0,0.0
2023-10-31,88.0,0.00176,0.5,low,88.0,0.00176,0.5,low,median_fast15_slow_60_70_80,0.0,0.0,0.0
2023-11-01,1224.0,0.02448,1.0,mid,1224.0,0.02448,1.0,mid,median_fast15_slow_60_70_80,0.0,0.0,0.0
2023-11-02,-722.5,-0.01445,1.0,mid,-722.5,-0.01445,1.0,mid,median_fast15_slow_60_70_80,0.0,0.0,0.0
2023-11-03,0.0,0.0,0.0,no_trade,0.0,0.0,0.0,no_trade,median_fast15_slow_60_70_80,0.0,0.0,0.0
2023-11-06,-342.5,-0.00685,1.0,mid,-342.5,-0.00685,1.0,mid,median_fast15_slow_60_70_80,0.0,0.0,0.0
2023-11-07,333.0,0.00666,1.0,mid,333.0,0.00666,1.0,mid,median_fast15_slow_60_70_80,0.0,0.0,0.0
2023-11-08,-41.5,-0.00083,0.25,high,-41.5,-0.00083,0.25,high,median_fast15_slow_60_70_80,0.0,0.0,0.0
2023-11-09,-139.5,-0.00279,0.25,high,-139.5,-0.00279,0.25,high,median_fast15_slow_60_70_80,0.0,0.0,0.0
2023-11-10,718.0,0.01436,0.5,low,718.0,0.01436,0.5,low,median_fast15_slow_60_70_80,0.0,0.0,0.0
2023-11-13,21.0,0.00042,0.5,low,21.0,0.00042,0.5,low,median_fast15_slow_60_70_80,0.0,0.0,0.0
2023-11-14,38.5,0.00077,0.25,high,154.0,0.00308,1.0,mid,median_fast15_slow_60_70_80,115.5,0.00231,115.5
2023-11-15,31.0,0.00062,0.25,high,155.0,0.0031,1.0,mid,median_fast15_slow_60_70_80,124.0,0.00248,124.0
2023-11-16,-313.0,-0.00626,0.5,low,-313.0,-0.00626,0.5,low,median_fast15_slow_60_70_80,0.0,0.0,0.0
2023-11-17,-675.0,-0.0135,1.0,mid,-675.0,-0.0135,1.0,mid,median_fast15_slow_60_70_80,0.0,0.0,0.0
2023-11-20,173.5,0.00347,0.5,low,173.5,0.00347,0.5,low,median_fast15_slow_60_70_80,0.0,0.0,0.0
2023-11-21,-68.0,-0.00136,0.5,low,-68.0,-0.00136,0.5,low,median_fast15_slow_60_70_80,0.0,0.0,0.0
2023-11-22,0.0,0.0,0.0,no_trade,0.0,0.0,0.0,no_trade,median_fast15_slow_60_70_80,0.0,0.0,0.0
2023-11-23,0.0,0.0,0.0,no_trade,0.0,0.0,0.0,no_trade,median_fast15_slow_60_70_80,0.0,0.0,0.0
2023-11-24,0.0,0.0,0.0,no_trade,0.0,0.0,0.0,no_trade,median_fast15_slow_60_70_80,0.0,0.0,0.0
2023-11-27,-149.0,-0.00298,0.5,low,-149.0,-0.00298,0.5,low,median_fast15_slow_60_70_80,0.0,0.0,0.0
2023-11-28,0.0,0.0,0.0,no_trade,0.0,0.0,0.0,no_trade,median_fast15_slow_60_70_80,0.0,0.0,0.0
2023-11-29,192.5,0.00385,0.25,high,192.5,0.00385,0.25,high,median_fast15_slow_60_70_80,0.0,0.0,0.0
2023-11-30,-297.0,-0.00594,1.0,mid,0.0,0.0,0.0,no_trade,median_fast15_slow_60_70_80,297.0,0.00594,297.0
2023-12-01,-152.5,-0.00305,0.25,high,-152.5,-0.00305,0.25,high,median_fast15_slow_60_70_80,0.0,0.0,0.0
2023-12-04,-375.0,-0.0075,0.5,low,-750.0,-0.015,1.0,mid,median_fast15_slow_60_70_80,-375.0,-0.0075,375.0
2023-12-05,0.0,0.0,0.0,no_trade,0.0,0.0,0.0,no_trade,median_fast15_slow_60_70_80,0.0,0.0,0.0
2023-12-06,676.5,0.01353,1.0,mid,676.5,0.01353,1.0,mid,median_fast15_slow_60_70_80,0.0,0.0,0.0
2023-12-07,77.5,0.00155,0.5,low,77.5,0.00155,0.5,low,median_fast15_slow_60_70_80,0.0,0.0,0.0
2023-12-08,126.5,0.00253,0.25,high,126.5,0.00253,0.25,high,median_fast15_slow_60_70_80,0.0,0.0,0.0
2023-12-11,138.5,0.00277,0.5,low,138.5,0.00277,0.5,low,median_fast15_slow_60_70_80,0.0,0.0,0.0
2023-12-12,842.0,0.01684,1.0,mid,842.0,0.01684,1.0,mid,median_fast15_slow_60_70_80,0.0,0.0,0.0
2023-12-13,0.0,0.0,0.0,no_trade,0.0,0.0,0.0,no_trade,median_fast15_slow_60_70_80,0.0,0.0,0.0
2023-12-14,277.0,0.00554,0.25,high,277.0,0.00554,0.25,high,median_fast15_slow_60_70_80,0.0,0.0,0.0
2023-12-18,202.5,0.00405,0.5,low,405.0,0.0081,1.0,mid,median_fast15_slow_60_70_80,202.5,0.00405,202.5
2023-12-19,0.0,0.0,0.0,no_trade,0.0,0.0,0.0,no_trade,median_fast15_slow_60_70_80,0.0,0.0,0.0
2023-12-20,0.0,0.0,0.0,no_trade,0.0,0.0,0.0,no_trade,median_fast15_slow_60_70_80,0.0,0.0,0.0
2023-12-21,-682.0,-0.01364,1.0,mid,-682.0,-0.01364,1.0,mid,median_fast15_slow_60_70_80,0.0,0.0,0.0
2023-12-22,-77.5,-0.00155,1.0,mid,-77.5,-0.00155,1.0,mid,median_fast15_slow_60_70_80,0.0,0.0,0.0
2023-12-26,0.0,0.0,0.0,no_trade,0.0,0.0,0.0,no_trade,median_fast15_slow_60_70_80,0.0,0.0,0.0
2023-12-27,0.0,0.0,0.0,no_trade,0.0,0.0,0.0,no_trade,median_fast15_slow_60_70_80,0.0,0.0,0.0
2023-12-28,0.0,0.0,0.0,no_trade,0.0,0.0,0.0,no_trade,median_fast15_slow_60_70_80,0.0,0.0,0.0
2023-12-29,0.0,0.0,0.0,no_trade,0.0,0.0,0.0,no_trade,median_fast15_slow_60_70_80,0.0,0.0,0.0
2024-01-02,-14.5,-0.00029,0.5,low,-14.5,-0.00029,0.5,low,median_fast15_slow_60_70_80,0.0,0.0,0.0
2024-01-03,68.0,0.00136,0.25,high,68.0,0.00136,0.25,high,median_fast15_slow_60_70_80,0.0,0.0,0.0
2024-01-04,-132.0,-0.00264,0.25,high,-132.0,-0.00264,0.25,high,median_fast15_slow_60_70_80,0.0,0.0,0.0
2024-01-05,-126.5,-0.00253,0.25,high,-632.5,-0.01265,1.0,mid,median_fast15_slow_60_70_80,-506.0,-0.01012,506.0
2024-01-08,0.0,0.0,0.0,no_trade,0.0,0.0,0.0,no_trade,median_fast15_slow_60_70_80,0.0,0.0,0.0
2024-01-09,717.0,0.01434,0.5,low,1434.0,0.02868,1.0,mid,median_fast15_slow_60_70_80,717.0,0.01434,717.0
2024-01-10,-131.0,-0.00262,0.25,high,-131.0,-0.00262,0.25,high,median_fast15_slow_60_70_80,0.0,0.0,0.0
2024-01-11,0.0,0.0,0.0,no_trade,0.0,0.0,0.0,no_trade,median_fast15_slow_60_70_80,0.0,0.0,0.0
2024-01-12,-31.5,-0.00063,0.25,high,-31.5,-0.00063,0.25,high,median_fast15_slow_60_70_80,0.0,0.0,0.0
2024-01-15,0.0,0.0,0.0,no_trade,0.0,0.0,0.0,no_trade,median_fast15_slow_60_70_80,0.0,0.0,0.0
2024-01-16,126.0,0.00252,1.0,mid,126.0,0.00252,1.0,mid,median_fast15_slow_60_70_80,0.0,0.0,0.0
2024-01-17,-616.0,-0.01232,1.0,mid,-616.0,-0.01232,1.0,mid,median_fast15_slow_60_70_80,0.0,0.0,0.0
2024-01-18,-672.5,-0.01345,1.0,mid,-672.5,-0.01345,1.0,mid,median_fast15_slow_60_70_80,0.0,0.0,0.0
2024-01-19,203.0,0.00406,0.25,high,203.0,0.00406,0.25,high,median_fast15_slow_60_70_80,0.0,0.0,0.0
2024-01-22,62.5,0.00125,0.5,low,62.5,0.00125,0.5,low,median_fast15_slow_60_70_80,0.0,0.0,0.0
2024-01-23,0.0,0.0,0.0,no_trade,0.0,0.0,0.0,no_trade,median_fast15_slow_60_70_80,0.0,0.0,0.0
2024-01-24,-680.0,-0.0136,1.0,mid,-136.0,-0.00272,0.25,high,median_fast15_slow_60_70_80,544.0,0.010879999999999999,544.0
2024-01-25,-312.0,-0.00624,0.5,low,-624.0,-0.01248,1.0,mid,median_fast15_slow_60_70_80,-312.0,-0.00624,312.0
2024-01-26,-630.0,-0.0126,1.0,mid,-630.0,-0.0126,1.0,mid,median_fast15_slow_60_70_80,0.0,0.0,0.0
2024-01-29,-261.0,-0.00522,0.5,low,-261.0,-0.00522,0.5,low,median_fast15_slow_60_70_80,0.0,0.0,0.0
2024-01-30,320.0,0.0064,0.25,high,320.0,0.0064,0.25,high,median_fast15_slow_60_70_80,0.0,0.0,0.0
2024-01-31,-367.0,-0.00734,0.5,low,-367.0,-0.00734,0.5,low,median_fast15_slow_60_70_80,0.0,0.0,0.0
2024-02-01,-666.0,-0.01332,1.0,mid,-666.0,-0.01332,1.0,mid,median_fast15_slow_60_70_80,0.0,0.0,0.0
2024-02-02,0.0,0.0,0.0,no_trade,0.0,0.0,0.0,no_trade,median_fast15_slow_60_70_80,0.0,0.0,0.0
2024-02-05,-126.5,-0.00253,0.25,high,-126.5,-0.00253,0.25,high,median_fast15_slow_60_70_80,0.0,0.0,0.0
2024-02-06,0.0,0.0,0.0,no_trade,0.0,0.0,0.0,no_trade,median_fast15_slow_60_70_80,0.0,0.0,0.0
2024-02-07,65.5,0.00131,0.25,high,65.5,0.00131,0.25,high,median_fast15_slow_60_70_80,0.0,0.0,0.0
2024-02-08,42.0,0.00084,1.0,mid,42.0,0.00084,1.0,mid,median_fast15_slow_60_70_80,0.0,0.0,0.0
2024-02-09,652.0,0.01304,1.0,mid,652.0,0.01304,1.0,mid,median_fast15_slow_60_70_80,0.0,0.0,0.0
2024-02-12,0.0,0.0,0.0,no_trade,0.0,0.0,0.0,no_trade,median_fast15_slow_60_70_80,0.0,0.0,0.0
2024-02-13,-315.5,-0.00631,0.5,low,-315.5,-0.00631,0.5,low,median_fast15_slow_60_70_80,0.0,0.0,0.0
2024-02-14,-680.0,-0.0136,1.0,mid,-680.0,-0.0136,1.0,mid,median_fast15_slow_60_70_80,0.0,0.0,0.0
2024-02-15,0.0,0.0,0.0,no_trade,-628.5,-0.01257,1.0,mid,median_fast15_slow_60_70_80,-628.5,-0.01257,628.5
2024-02-16,0.0,0.0,0.0,no_trade,0.0,0.0,0.0,no_trade,median_fast15_slow_60_70_80,0.0,0.0,0.0
2024-02-19,0.0,0.0,0.0,no_trade,0.0,0.0,0.0,no_trade,median_fast15_slow_60_70_80,0.0,0.0,0.0
2024-02-20,-138.0,-0.00276,1.0,mid,-138.0,-0.00276,1.0,mid,median_fast15_slow_60_70_80,0.0,0.0,0.0
2024-02-21,-152.5,-0.00305,0.25,high,-152.5,-0.00305,0.25,high,median_fast15_slow_60_70_80,0.0,0.0,0.0
2024-02-22,357.0,0.00714,1.0,mid,357.0,0.00714,1.0,mid,median_fast15_slow_60_70_80,0.0,0.0,0.0
2024-02-23,156.5,0.00313,0.25,high,156.5,0.00313,0.25,high,median_fast15_slow_60_70_80,0.0,0.0,0.0
2024-02-26,0.0,0.0,0.0,no_trade,0.0,0.0,0.0,no_trade,median_fast15_slow_60_70_80,0.0,0.0,0.0
2024-02-27,-370.0,-0.0074,0.5,low,-740.0,-0.0148,1.0,mid,median_fast15_slow_60_70_80,-370.0,-0.0074,370.0
2024-02-28,0.0,0.0,0.0,no_trade,0.0,0.0,0.0,no_trade,median_fast15_slow_60_70_80,0.0,0.0,0.0
2024-02-29,-586.5,-0.01173,1.0,mid,-586.5,-0.01173,1.0,mid,median_fast15_slow_60_70_80,0.0,0.0,0.0
2024-03-01,217.0,0.00434,0.25,high,217.0,0.00434,0.25,high,median_fast15_slow_60_70_80,0.0,0.0,0.0
2024-03-04,-728.0,-0.01456,1.0,mid,-728.0,-0.01456,1.0,mid,median_fast15_slow_60_70_80,0.0,0.0,0.0
2024-03-05,0.0,0.0,0.0,no_trade,0.0,0.0,0.0,no_trade,median_fast15_slow_60_70_80,0.0,0.0,0.0
2024-03-06,0.0,0.0,0.0,no_trade,0.0,0.0,0.0,no_trade,median_fast15_slow_60_70_80,0.0,0.0,0.0
2024-03-07,154.5,0.00309,0.5,low,154.5,0.00309,0.5,low,median_fast15_slow_60_70_80,0.0,0.0,0.0
2024-03-08,-217.0,-0.00434,0.5,low,-217.0,-0.00434,0.5,low,median_fast15_slow_60_70_80,0.0,0.0,0.0
2024-03-11,0.0,0.0,0.0,no_trade,0.0,0.0,0.0,no_trade,median_fast15_slow_60_70_80,0.0,0.0,0.0
2024-03-12,504.0,0.01008,1.0,mid,504.0,0.01008,1.0,mid,median_fast15_slow_60_70_80,0.0,0.0,0.0
2024-03-13,-48.0,-0.00096,1.0,mid,-48.0,-0.00096,1.0,mid,median_fast15_slow_60_70_80,0.0,0.0,0.0
2024-03-14,0.0,0.0,0.0,no_trade,0.0,0.0,0.0,no_trade,median_fast15_slow_60_70_80,0.0,0.0,0.0
2024-03-18,-375.0,-0.0075,0.5,low,-375.0,-0.0075,0.5,low,median_fast15_slow_60_70_80,0.0,0.0,0.0
2024-03-19,0.0,0.0,0.0,no_trade,685.5,0.01371,1.0,mid,median_fast15_slow_60_70_80,685.5,0.01371,685.5
2024-03-20,0.0,0.0,0.0,no_trade,0.0,0.0,0.0,no_trade,median_fast15_slow_60_70_80,0.0,0.0,0.0
2024-03-21,203.0,0.00406,0.5,low,203.0,0.00406,0.5,low,median_fast15_slow_60_70_80,0.0,0.0,0.0
2024-03-22,109.5,0.00219,0.5,low,109.5,0.00219,0.5,low,median_fast15_slow_60_70_80,0.0,0.0,0.0
2024-03-25,0.0,0.0,0.0,no_trade,0.0,0.0,0.0,no_trade,median_fast15_slow_60_70_80,0.0,0.0,0.0
2024-03-26,-666.0,-0.01332,1.0,mid,-666.0,-0.01332,1.0,mid,median_fast15_slow_60_70_80,0.0,0.0,0.0
2024-03-27,0.0,0.0,0.0,no_trade,0.0,0.0,0.0,no_trade,median_fast15_slow_60_70_80,0.0,0.0,0.0
2024-03-28,0.0,0.0,0.0,no_trade,0.0,0.0,0.0,no_trade,median_fast15_slow_60_70_80,0.0,0.0,0.0
2024-04-01,-36.5,-0.00073,0.5,low,-36.5,-0.00073,0.5,low,median_fast15_slow_60_70_80,0.0,0.0,0.0
2024-04-02,-151.5,-0.00303,0.25,high,-151.5,-0.00303,0.25,high,median_fast15_slow_60_70_80,0.0,0.0,0.0
2024-04-03,324.0,0.00648,0.25,high,324.0,0.00648,0.25,high,median_fast15_slow_60_70_80,0.0,0.0,0.0
2024-04-04,0.0,0.0,0.0,no_trade,0.0,0.0,0.0,no_trade,median_fast15_slow_60_70_80,0.0,0.0,0.0
2024-04-05,0.0,0.0,0.0,no_trade,0.0,0.0,0.0,no_trade,median_fast15_slow_60_70_80,0.0,0.0,0.0
2024-04-08,-77.0,-0.00154,0.5,low,-77.0,-0.00154,0.5,low,median_fast15_slow_60_70_80,0.0,0.0,0.0
2024-04-09,566.0,0.01132,0.5,low,566.0,0.01132,0.5,low,median_fast15_slow_60_70_80,0.0,0.0,0.0
2024-04-10,-95.0,-0.0019,0.5,low,-95.0,-0.0019,0.5,low,median_fast15_slow_60_70_80,0.0,0.0,0.0
2024-04-11,-645.0,-0.0129,1.0,mid,-645.0,-0.0129,1.0,mid,median_fast15_slow_60_70_80,0.0,0.0,0.0
2024-04-12,275.0,0.0055,0.25,high,275.0,0.0055,0.25,high,median_fast15_slow_60_70_80,0.0,0.0,0.0
2024-04-15,1412.0,0.02824,1.0,mid,1412.0,0.02824,1.0,mid,median_fast15_slow_60_70_80,0.0,0.0,0.0
2024-04-16,-742.0,-0.01484,1.0,mid,-742.0,-0.01484,1.0,mid,median_fast15_slow_60_70_80,0.0,0.0,0.0
2024-04-17,1134.0,0.02268,1.0,mid,1134.0,0.02268,1.0,mid,median_fast15_slow_60_70_80,0.0,0.0,0.0
2024-04-18,-272.0,-0.00544,0.5,low,-272.0,-0.00544,0.5,low,median_fast15_slow_60_70_80,0.0,0.0,0.0
2024-04-19,460.0,0.0092,0.5,low,460.0,0.0092,0.5,low,median_fast15_slow_60_70_80,0.0,0.0,0.0
2024-04-22,-287.0,-0.00574,0.5,low,-287.0,-0.00574,0.5,low,median_fast15_slow_60_70_80,0.0,0.0,0.0
2024-04-23,128.0,0.00256,0.5,low,128.0,0.00256,0.5,low,median_fast15_slow_60_70_80,0.0,0.0,0.0
2024-04-24,682.0,0.01364,0.5,low,682.0,0.01364,0.5,low,median_fast15_slow_60_70_80,0.0,0.0,0.0
2024-04-25,394.0,0.00788,0.5,low,394.0,0.00788,0.5,low,median_fast15_slow_60_70_80,0.0,0.0,0.0
2024-04-26,136.0,0.00272,1.0,mid,136.0,0.00272,1.0,mid,median_fast15_slow_60_70_80,0.0,0.0,0.0
2024-04-29,0.0,0.0,0.0,no_trade,0.0,0.0,0.0,no_trade,median_fast15_slow_60_70_80,0.0,0.0,0.0
2024-04-30,520.0,0.0104,0.5,low,520.0,0.0104,0.5,low,median_fast15_slow_60_70_80,0.0,0.0,0.0
2024-05-01,-132.0,-0.00264,0.25,high,-132.0,-0.00264,0.25,high,median_fast15_slow_60_70_80,0.0,0.0,0.0
2024-05-02,0.0,0.0,0.0,no_trade,0.0,0.0,0.0,no_trade,median_fast15_slow_60_70_80,0.0,0.0,0.0
2024-05-03,0.0,0.0,0.0,no_trade,0.0,0.0,0.0,no_trade,median_fast15_slow_60_70_80,0.0,0.0,0.0
2024-05-06,317.0,0.00634,0.5,low,317.0,0.00634,0.5,low,median_fast15_slow_60_70_80,0.0,0.0,0.0
2024-05-07,0.0,0.0,0.0,no_trade,0.0,0.0,0.0,no_trade,median_fast15_slow_60_70_80,0.0,0.0,0.0
2024-05-08,2.5,5e-05,0.5,low,2.5,5e-05,0.5,low,median_fast15_slow_60_70_80,0.0,0.0,0.0
2024-05-09,10.5,0.00021,0.5,low,10.5,0.00021,0.5,low,median_fast15_slow_60_70_80,0.0,0.0,0.0
2024-05-10,22.5,0.00045,1.0,mid,22.5,0.00045,1.0,mid,median_fast15_slow_60_70_80,0.0,0.0,0.0
2024-05-13,0.0,0.0,0.0,no_trade,0.0,0.0,0.0,no_trade,median_fast15_slow_60_70_80,0.0,0.0,0.0
2024-05-14,805.0,0.0161,1.0,mid,805.0,0.0161,1.0,mid,median_fast15_slow_60_70_80,0.0,0.0,0.0
2024-05-15,682.0,0.01364,0.5,low,682.0,0.01364,0.5,low,median_fast15_slow_60_70_80,0.0,0.0,0.0
2024-05-16,0.0,0.0,0.0,no_trade,0.0,0.0,0.0,no_trade,median_fast15_slow_60_70_80,0.0,0.0,0.0
2024-05-17,0.0,0.0,0.0,no_trade,0.0,0.0,0.0,no_trade,median_fast15_slow_60_70_80,0.0,0.0,0.0
2024-05-20,0.0,0.0,0.0,no_trade,0.0,0.0,0.0,no_trade,median_fast15_slow_60_70_80,0.0,0.0,0.0
2024-05-21,708.0,0.01416,0.5,low,708.0,0.01416,0.5,low,median_fast15_slow_60_70_80,0.0,0.0,0.0
2024-05-22,0.0,0.0,0.0,no_trade,0.0,0.0,0.0,no_trade,median_fast15_slow_60_70_80,0.0,0.0,0.0
2024-05-23,283.0,0.00566,0.5,low,283.0,0.00566,0.5,low,median_fast15_slow_60_70_80,0.0,0.0,0.0
2024-05-24,245.0,0.0049,0.25,high,245.0,0.0049,0.25,high,median_fast15_slow_60_70_80,0.0,0.0,0.0
2024-05-27,0.0,0.0,0.0,no_trade,0.0,0.0,0.0,no_trade,median_fast15_slow_60_70_80,0.0,0.0,0.0
2024-05-28,0.0,0.0,0.0,no_trade,0.0,0.0,0.0,no_trade,median_fast15_slow_60_70_80,0.0,0.0,0.0
2024-05-29,-586.5,-0.01173,1.0,mid,-586.5,-0.01173,1.0,mid,median_fast15_slow_60_70_80,0.0,0.0,0.0
2024-05-30,600.0,0.012,0.5,low,600.0,0.012,0.5,low,median_fast15_slow_60_70_80,0.0,0.0,0.0
2024-05-31,0.0,0.0,0.0,no_trade,0.0,0.0,0.0,no_trade,median_fast15_slow_60_70_80,0.0,0.0,0.0
2024-06-03,416.0,0.00832,0.5,low,416.0,0.00832,0.5,low,median_fast15_slow_60_70_80,0.0,0.0,0.0
2024-06-04,-165.5,-0.00331,0.25,high,-165.5,-0.00331,0.25,high,median_fast15_slow_60_70_80,0.0,0.0,0.0
2024-06-05,654.0,0.01308,0.5,low,654.0,0.01308,0.5,low,median_fast15_slow_60_70_80,0.0,0.0,0.0
2024-06-06,0.0,0.0,0.0,no_trade,0.0,0.0,0.0,no_trade,median_fast15_slow_60_70_80,0.0,0.0,0.0
2024-06-07,-110.0,-0.0022,0.5,low,-110.0,-0.0022,0.5,low,median_fast15_slow_60_70_80,0.0,0.0,0.0
2024-06-10,837.0,0.01674,1.0,mid,837.0,0.01674,1.0,mid,median_fast15_slow_60_70_80,0.0,0.0,0.0
2024-06-11,280.0,0.0056,0.5,low,280.0,0.0056,0.5,low,median_fast15_slow_60_70_80,0.0,0.0,0.0
2024-06-12,-46.0,-0.00092,0.5,low,-46.0,-0.00092,0.5,low,median_fast15_slow_60_70_80,0.0,0.0,0.0
2024-06-13,204.0,0.00408,0.25,high,204.0,0.00408,0.25,high,median_fast15_slow_60_70_80,0.0,0.0,0.0
2024-06-14,0.0,0.0,0.0,no_trade,0.0,0.0,0.0,no_trade,median_fast15_slow_60_70_80,0.0,0.0,0.0
2024-06-17,1445.0,0.0289,1.0,mid,1445.0,0.0289,1.0,mid,median_fast15_slow_60_70_80,0.0,0.0,0.0
2024-06-18,-369.0,-0.00738,0.5,low,-369.0,-0.00738,0.5,low,median_fast15_slow_60_70_80,0.0,0.0,0.0
2024-06-19,0.0,0.0,0.0,no_trade,0.0,0.0,0.0,no_trade,median_fast15_slow_60_70_80,0.0,0.0,0.0
2024-06-20,560.0,0.0112,0.5,low,560.0,0.0112,0.5,low,median_fast15_slow_60_70_80,0.0,0.0,0.0
2024-06-24,0.0,0.0,0.0,no_trade,0.0,0.0,0.0,no_trade,median_fast15_slow_60_70_80,0.0,0.0,0.0
2024-06-25,262.0,0.00524,0.25,high,262.0,0.00524,0.25,high,median_fast15_slow_60_70_80,0.0,0.0,0.0
2024-06-26,-700.0,-0.014,1.0,mid,-700.0,-0.014,1.0,mid,median_fast15_slow_60_70_80,0.0,0.0,0.0
2024-06-27,-739.5,-0.01479,1.0,mid,-739.5,-0.01479,1.0,mid,median_fast15_slow_60_70_80,0.0,0.0,0.0
2024-06-28,-527.0,-0.01054,1.0,mid,-527.0,-0.01054,1.0,mid,median_fast15_slow_60_70_80,0.0,0.0,0.0
2024-07-01,0.0,0.0,0.0,no_trade,0.0,0.0,0.0,no_trade,median_fast15_slow_60_70_80,0.0,0.0,0.0
2024-07-02,278.5,0.00557,0.5,low,278.5,0.00557,0.5,low,median_fast15_slow_60_70_80,0.0,0.0,0.0
2024-07-03,1440.0,0.0288,1.0,mid,1440.0,0.0288,1.0,mid,median_fast15_slow_60_70_80,0.0,0.0,0.0
2024-07-04,0.0,0.0,0.0,no_trade,0.0,0.0,0.0,no_trade,median_fast15_slow_60_70_80,0.0,0.0,0.0
2024-07-05,492.0,0.00984,1.0,mid,492.0,0.00984,1.0,mid,median_fast15_slow_60_70_80,0.0,0.0,0.0
2024-07-08,-360.0,-0.0072,0.5,low,-360.0,-0.0072,0.5,low,median_fast15_slow_60_70_80,0.0,0.0,0.0
2024-07-09,1288.0,0.02576,1.0,mid,1288.0,0.02576,1.0,mid,median_fast15_slow_60_70_80,0.0,0.0,0.0
2024-07-10,-714.0,-0.01428,1.0,mid,-714.0,-0.01428,1.0,mid,median_fast15_slow_60_70_80,0.0,0.0,0.0
2024-07-11,351.0,0.00702,0.25,high,351.0,0.00702,0.25,high,median_fast15_slow_60_70_80,0.0,0.0,0.0
2024-07-12,-99.0,-0.00198,1.0,mid,-99.0,-0.00198,1.0,mid,median_fast15_slow_60_70_80,0.0,0.0,0.0
2024-07-15,-356.0,-0.00712,0.5,low,-356.0,-0.00712,0.5,low,median_fast15_slow_60_70_80,0.0,0.0,0.0
2024-07-16,0.0,0.0,0.0,no_trade,0.0,0.0,0.0,no_trade,median_fast15_slow_60_70_80,0.0,0.0,0.0
2024-07-17,0.0,0.0,0.0,no_trade,0.0,0.0,0.0,no_trade,median_fast15_slow_60_70_80,0.0,0.0,0.0
2024-07-18,220.0,0.0044,0.5,low,220.0,0.0044,0.5,low,median_fast15_slow_60_70_80,0.0,0.0,0.0
2024-07-19,173.5,0.00347,0.5,low,173.5,0.00347,0.5,low,median_fast15_slow_60_70_80,0.0,0.0,0.0
2024-07-22,0.0,0.0,0.0,no_trade,0.0,0.0,0.0,no_trade,median_fast15_slow_60_70_80,0.0,0.0,0.0
2024-07-23,-222.5,-0.00445,0.5,low,-222.5,-0.00445,0.5,low,median_fast15_slow_60_70_80,0.0,0.0,0.0
2024-07-24,638.0,0.01276,0.5,low,638.0,0.01276,0.5,low,median_fast15_slow_60_70_80,0.0,0.0,0.0
2024-07-25,0.0,0.0,0.0,no_trade,0.0,0.0,0.0,no_trade,median_fast15_slow_60_70_80,0.0,0.0,0.0
2024-07-26,0.0,0.0,0.0,no_trade,0.0,0.0,0.0,no_trade,median_fast15_slow_60_70_80,0.0,0.0,0.0
2024-07-29,0.0,0.0,0.0,no_trade,0.0,0.0,0.0,no_trade,median_fast15_slow_60_70_80,0.0,0.0,0.0
2024-07-30,1102.0,0.02204,1.0,mid,1102.0,0.02204,1.0,mid,median_fast15_slow_60_70_80,0.0,0.0,0.0
2024-07-31,0.0,0.0,0.0,no_trade,0.0,0.0,0.0,no_trade,median_fast15_slow_60_70_80,0.0,0.0,0.0
2024-08-01,0.0,0.0,0.0,no_trade,0.0,0.0,0.0,no_trade,median_fast15_slow_60_70_80,0.0,0.0,0.0
2024-08-02,0.0,0.0,0.0,no_trade,0.0,0.0,0.0,no_trade,median_fast15_slow_60_70_80,0.0,0.0,0.0
2024-08-05,0.0,0.0,0.0,no_trade,0.0,0.0,0.0,no_trade,median_fast15_slow_60_70_80,0.0,0.0,0.0
2024-08-06,0.0,0.0,0.0,no_trade,0.0,0.0,0.0,no_trade,median_fast15_slow_60_70_80,0.0,0.0,0.0
2024-08-07,0.0,0.0,0.0,no_trade,1350.0,0.027,1.0,mid,median_fast15_slow_60_70_80,1350.0,0.027,1350.0
2024-08-08,0.0,0.0,0.0,no_trade,0.0,0.0,0.0,no_trade,median_fast15_slow_60_70_80,0.0,0.0,0.0
2024-08-09,0.0,0.0,0.0,no_trade,0.0,0.0,0.0,no_trade,median_fast15_slow_60_70_80,0.0,0.0,0.0
2024-08-12,-43.5,-0.00087,0.5,low,-43.5,-0.00087,0.5,low,median_fast15_slow_60_70_80,0.0,0.0,0.0
2024-08-13,0.0,0.0,0.0,no_trade,1212.0,0.02424,1.0,mid,median_fast15_slow_60_70_80,1212.0,0.02424,1212.0
2024-08-14,-699.0,-0.01398,1.0,mid,-699.0,-0.01398,1.0,mid,median_fast15_slow_60_70_80,0.0,0.0,0.0
2024-08-15,221.5,0.00443,0.5,low,221.5,0.00443,0.5,low,median_fast15_slow_60_70_80,0.0,0.0,0.0
2024-08-16,276.0,0.00552,1.0,mid,276.0,0.00552,1.0,mid,median_fast15_slow_60_70_80,0.0,0.0,0.0
2024-08-19,-184.5,-0.00369,0.25,high,-184.5,-0.00369,0.25,high,median_fast15_slow_60_70_80,0.0,0.0,0.0
2024-08-20,-32.5,-0.00065,0.5,low,-97.5,-0.00195,1.0,mid,median_fast15_slow_60_70_80,-65.0,-0.0013,65.0
2024-08-21,-172.0,-0.00344,0.25,high,-172.0,-0.00344,0.25,high,median_fast15_slow_60_70_80,0.0,0.0,0.0
2024-08-22,1396.0,0.02792,1.0,mid,1396.0,0.02792,1.0,mid,median_fast15_slow_60_70_80,0.0,0.0,0.0
2024-08-23,0.0,0.0,0.0,no_trade,0.0,0.0,0.0,no_trade,median_fast15_slow_60_70_80,0.0,0.0,0.0
2024-08-26,1131.0,0.02262,1.0,mid,1131.0,0.02262,1.0,mid,median_fast15_slow_60_70_80,0.0,0.0,0.0
2024-08-27,146.0,0.00292,0.5,low,146.0,0.00292,0.5,low,median_fast15_slow_60_70_80,0.0,0.0,0.0
2024-08-28,522.0,0.01044,0.5,low,522.0,0.01044,0.5,low,median_fast15_slow_60_70_80,0.0,0.0,0.0
2024-08-29,0.0,0.0,0.0,no_trade,0.0,0.0,0.0,no_trade,median_fast15_slow_60_70_80,0.0,0.0,0.0
2024-08-30,0.0,0.0,0.0,no_trade,0.0,0.0,0.0,no_trade,median_fast15_slow_60_70_80,0.0,0.0,0.0
2024-09-02,0.0,0.0,0.0,no_trade,0.0,0.0,0.0,no_trade,median_fast15_slow_60_70_80,0.0,0.0,0.0
2024-09-03,0.0,0.0,0.0,no_trade,0.0,0.0,0.0,no_trade,median_fast15_slow_60_70_80,0.0,0.0,0.0
2024-09-04,0.0,0.0,0.0,no_trade,0.0,0.0,0.0,no_trade,median_fast15_slow_60_70_80,0.0,0.0,0.0
2024-09-05,0.0,0.0,0.0,no_trade,0.0,0.0,0.0,no_trade,median_fast15_slow_60_70_80,0.0,0.0,0.0
2024-09-06,0.0,0.0,0.0,no_trade,0.0,0.0,0.0,no_trade,median_fast15_slow_60_70_80,0.0,0.0,0.0
2024-09-09,0.0,0.0,0.0,no_trade,0.0,0.0,0.0,no_trade,median_fast15_slow_60_70_80,0.0,0.0,0.0
2024-09-10,0.0,0.0,0.0,no_trade,0.0,0.0,0.0,no_trade,median_fast15_slow_60_70_80,0.0,0.0,0.0
2024-09-11,0.0,0.0,0.0,no_trade,0.0,0.0,0.0,no_trade,median_fast15_slow_60_70_80,0.0,0.0,0.0
2024-09-12,0.0,0.0,0.0,no_trade,0.0,0.0,0.0,no_trade,median_fast15_slow_60_70_80,0.0,0.0,0.0
2024-09-13,81.0,0.00162,1.0,mid,81.0,0.00162,1.0,mid,median_fast15_slow_60_70_80,0.0,0.0,0.0
2024-09-16,0.0,0.0,0.0,no_trade,-618.0,-0.01236,1.0,mid,median_fast15_slow_60_70_80,-618.0,-0.01236,618.0
2024-09-17,-529.0,-0.01058,1.0,mid,-264.5,-0.00529,0.5,low,median_fast15_slow_60_70_80,264.5,0.00529,264.5
2024-09-18,-153.5,-0.00307,0.25,high,-153.5,-0.00307,0.25,high,median_fast15_slow_60_70_80,0.0,0.0,0.0
2024-09-19,15.0,0.0003,0.5,low,15.0,0.0003,0.5,low,median_fast15_slow_60_70_80,0.0,0.0,0.0
2024-09-23,-642.0,-0.01284,1.0,mid,-642.0,-0.01284,1.0,mid,median_fast15_slow_60_70_80,0.0,0.0,0.0
2024-09-24,0.0,0.0,0.0,no_trade,0.0,0.0,0.0,no_trade,median_fast15_slow_60_70_80,0.0,0.0,0.0
2024-09-25,-610.5,-0.01221,1.0,mid,-610.5,-0.01221,1.0,mid,median_fast15_slow_60_70_80,0.0,0.0,0.0
2024-09-26,92.5,0.00185,0.5,low,92.5,0.00185,0.5,low,median_fast15_slow_60_70_80,0.0,0.0,0.0
2024-09-27,179.5,0.00359,0.25,high,179.5,0.00359,0.25,high,median_fast15_slow_60_70_80,0.0,0.0,0.0
2024-09-30,-196.0,-0.00392,0.5,low,-196.0,-0.00392,0.5,low,median_fast15_slow_60_70_80,0.0,0.0,0.0
2024-10-01,0.0,0.0,0.0,no_trade,0.0,0.0,0.0,no_trade,median_fast15_slow_60_70_80,0.0,0.0,0.0
2024-10-02,81.5,0.00163,0.5,low,81.5,0.00163,0.5,low,median_fast15_slow_60_70_80,0.0,0.0,0.0
2024-10-03,0.0,0.0,0.0,no_trade,0.0,0.0,0.0,no_trade,median_fast15_slow_60_70_80,0.0,0.0,0.0
2024-10-04,0.0,0.0,0.0,no_trade,0.0,0.0,0.0,no_trade,median_fast15_slow_60_70_80,0.0,0.0,0.0
2024-10-07,-658.0,-0.01316,1.0,mid,-658.0,-0.01316,1.0,mid,median_fast15_slow_60_70_80,0.0,0.0,0.0
2024-10-08,0.0,0.0,0.0,no_trade,0.0,0.0,0.0,no_trade,median_fast15_slow_60_70_80,0.0,0.0,0.0
2024-10-09,1270.0,0.0254,1.0,mid,1270.0,0.0254,1.0,mid,median_fast15_slow_60_70_80,0.0,0.0,0.0
2024-10-10,0.0,0.0,0.0,no_trade,0.0,0.0,0.0,no_trade,median_fast15_slow_60_70_80,0.0,0.0,0.0
2024-10-11,116.5,0.00233,0.25,high,116.5,0.00233,0.25,high,median_fast15_slow_60_70_80,0.0,0.0,0.0
2024-10-14,-314.0,-0.00628,1.0,mid,-314.0,-0.00628,1.0,mid,median_fast15_slow_60_70_80,0.0,0.0,0.0
2024-10-15,1280.0,0.0256,1.0,mid,1280.0,0.0256,1.0,mid,median_fast15_slow_60_70_80,0.0,0.0,0.0
2024-10-16,0.0,0.0,0.0,no_trade,0.0,0.0,0.0,no_trade,median_fast15_slow_60_70_80,0.0,0.0,0.0
2024-10-17,0.0,0.0,0.0,no_trade,0.0,0.0,0.0,no_trade,median_fast15_slow_60_70_80,0.0,0.0,0.0
2024-10-18,-128.0,-0.00256,0.5,low,-128.0,-0.00256,0.5,low,median_fast15_slow_60_70_80,0.0,0.0,0.0
2024-10-21,-708.0,-0.01416,1.0,mid,-708.0,-0.01416,1.0,mid,median_fast15_slow_60_70_80,0.0,0.0,0.0
2024-10-22,0.0,0.0,0.0,no_trade,0.0,0.0,0.0,no_trade,median_fast15_slow_60_70_80,0.0,0.0,0.0
2024-10-23,1422.0,0.02844,1.0,mid,1422.0,0.02844,1.0,mid,median_fast15_slow_60_70_80,0.0,0.0,0.0
2024-10-24,-175.0,-0.0035,0.25,high,-700.0,-0.014,1.0,mid,median_fast15_slow_60_70_80,-525.0,-0.0105,525.0
2024-10-25,-711.0,-0.01422,1.0,mid,-711.0,-0.01422,1.0,mid,median_fast15_slow_60_70_80,0.0,0.0,0.0
2024-10-28,174.0,0.00348,1.0,mid,174.0,0.00348,1.0,mid,median_fast15_slow_60_70_80,0.0,0.0,0.0
2024-10-29,398.0,0.00796,0.5,low,1194.0,0.02388,1.0,mid,median_fast15_slow_60_70_80,796.0,0.015919999999999997,796.0
2024-10-30,-277.0,-0.00554,0.5,low,-277.0,-0.00554,0.5,low,median_fast15_slow_60_70_80,0.0,0.0,0.0
2024-10-31,0.0,0.0,0.0,no_trade,0.0,0.0,0.0,no_trade,median_fast15_slow_60_70_80,0.0,0.0,0.0
2024-11-01,0.0,0.0,0.0,no_trade,-77.0,-0.00154,1.0,mid,median_fast15_slow_60_70_80,-77.0,-0.00154,77.0
2024-11-04,-234.0,-0.00468,1.0,mid,-234.0,-0.00468,1.0,mid,median_fast15_slow_60_70_80,0.0,0.0,0.0
2024-11-05,0.0,0.0,0.0,no_trade,0.0,0.0,0.0,no_trade,median_fast15_slow_60_70_80,0.0,0.0,0.0
2024-11-06,187.5,0.00375,0.5,low,187.5,0.00375,0.5,low,median_fast15_slow_60_70_80,0.0,0.0,0.0
2024-11-07,597.0,0.01194,1.0,mid,597.0,0.01194,1.0,mid,median_fast15_slow_60_70_80,0.0,0.0,0.0
2024-11-08,-702.0,-0.01404,1.0,mid,-702.0,-0.01404,1.0,mid,median_fast15_slow_60_70_80,0.0,0.0,0.0
2024-11-11,-206.0,-0.00412,1.0,mid,-206.0,-0.00412,1.0,mid,median_fast15_slow_60_70_80,0.0,0.0,0.0
2024-11-12,-40.0,-0.0008,0.5,low,-40.0,-0.0008,0.5,low,median_fast15_slow_60_70_80,0.0,0.0,0.0
2024-11-13,-152.0,-0.00304,0.25,high,-152.0,-0.00304,0.25,high,median_fast15_slow_60_70_80,0.0,0.0,0.0
2024-11-14,124.0,0.00248,1.0,mid,124.0,0.00248,1.0,mid,median_fast15_slow_60_70_80,0.0,0.0,0.0
2024-11-15,0.0,0.0,0.0,no_trade,0.0,0.0,0.0,no_trade,median_fast15_slow_60_70_80,0.0,0.0,0.0
2024-11-18,94.5,0.00189,0.25,high,94.5,0.00189,0.25,high,median_fast15_slow_60_70_80,0.0,0.0,0.0
2024-11-19,377.0,0.00754,0.5,low,377.0,0.00754,0.5,low,median_fast15_slow_60_70_80,0.0,0.0,0.0
2024-11-20,0.0,0.0,0.0,no_trade,0.0,0.0,0.0,no_trade,median_fast15_slow_60_70_80,0.0,0.0,0.0
2024-11-21,0.0,0.0,0.0,no_trade,0.0,0.0,0.0,no_trade,median_fast15_slow_60_70_80,0.0,0.0,0.0
2024-11-22,0.0,0.0,0.0,no_trade,0.0,0.0,0.0,no_trade,median_fast15_slow_60_70_80,0.0,0.0,0.0
2024-11-25,0.0,0.0,0.0,no_trade,0.0,0.0,0.0,no_trade,median_fast15_slow_60_70_80,0.0,0.0,0.0
2024-11-26,-146.5,-0.00293,0.5,low,-146.5,-0.00293,0.5,low,median_fast15_slow_60_70_80,0.0,0.0,0.0
2024-11-27,27.0,0.00054,1.0,mid,27.0,0.00054,1.0,mid,median_fast15_slow_60_70_80,0.0,0.0,0.0
2024-11-28,0.0,0.0,0.0,no_trade,0.0,0.0,0.0,no_trade,median_fast15_slow_60_70_80,0.0,0.0,0.0
2024-11-29,394.5,0.00789,1.0,mid,394.5,0.00789,1.0,mid,median_fast15_slow_60_70_80,0.0,0.0,0.0
2024-12-02,0.0,0.0,0.0,no_trade,0.0,0.0,0.0,no_trade,median_fast15_slow_60_70_80,0.0,0.0,0.0
2024-12-03,222.0,0.00444,0.5,low,222.0,0.00444,0.5,low,median_fast15_slow_60_70_80,0.0,0.0,0.0
2024-12-04,785.0,0.0157,1.0,mid,785.0,0.0157,1.0,mid,median_fast15_slow_60_70_80,0.0,0.0,0.0
2024-12-05,0.0,0.0,0.0,no_trade,0.0,0.0,0.0,no_trade,median_fast15_slow_60_70_80,0.0,0.0,0.0
2024-12-06,139.0,0.00278,1.0,mid,139.0,0.00278,1.0,mid,median_fast15_slow_60_70_80,0.0,0.0,0.0
2024-12-09,387.0,0.00774,0.5,low,387.0,0.00774,0.5,low,median_fast15_slow_60_70_80,0.0,0.0,0.0
2024-12-10,0.0,0.0,0.0,no_trade,0.0,0.0,0.0,no_trade,median_fast15_slow_60_70_80,0.0,0.0,0.0
2024-12-11,319.0,0.00638,1.0,mid,319.0,0.00638,1.0,mid,median_fast15_slow_60_70_80,0.0,0.0,0.0
2024-12-12,-289.5,-0.00579,0.5,low,-289.5,-0.00579,0.5,low,median_fast15_slow_60_70_80,0.0,0.0,0.0
2024-12-13,0.0,0.0,0.0,no_trade,0.0,0.0,0.0,no_trade,median_fast15_slow_60_70_80,0.0,0.0,0.0
2024-12-16,530.0,0.0106,0.5,low,530.0,0.0106,0.5,low,median_fast15_slow_60_70_80,0.0,0.0,0.0
2024-12-17,-187.5,-0.00375,0.25,high,-187.5,-0.00375,0.25,high,median_fast15_slow_60_70_80,0.0,0.0,0.0
2024-12-18,-193.0,-0.00386,0.5,low,-193.0,-0.00386,0.5,low,median_fast15_slow_60_70_80,0.0,0.0,0.0
2024-12-19,0.0,0.0,0.0,no_trade,0.0,0.0,0.0,no_trade,median_fast15_slow_60_70_80,0.0,0.0,0.0
2024-12-23,0.0,0.0,0.0,no_trade,0.0,0.0,0.0,no_trade,median_fast15_slow_60_70_80,0.0,0.0,0.0
2024-12-24,258.0,0.00516,0.5,low,258.0,0.00516,0.5,low,median_fast15_slow_60_70_80,0.0,0.0,0.0
2024-12-26,-12.0,-0.00024,0.5,low,-12.0,-0.00024,0.5,low,median_fast15_slow_60_70_80,0.0,0.0,0.0
2024-12-27,0.0,0.0,0.0,no_trade,0.0,0.0,0.0,no_trade,median_fast15_slow_60_70_80,0.0,0.0,0.0
2024-12-30,0.0,0.0,0.0,no_trade,0.0,0.0,0.0,no_trade,median_fast15_slow_60_70_80,0.0,0.0,0.0
2024-12-31,515.0,0.0103,1.0,mid,515.0,0.0103,1.0,mid,median_fast15_slow_60_70_80,0.0,0.0,0.0
2025-01-02,0.0,0.0,0.0,no_trade,0.0,0.0,0.0,no_trade,median_fast15_slow_60_70_80,0.0,0.0,0.0
2025-01-03,0.0,0.0,0.0,no_trade,0.0,0.0,0.0,no_trade,median_fast15_slow_60_70_80,0.0,0.0,0.0
2025-01-06,-262.0,-0.00524,0.5,low,-262.0,-0.00524,0.5,low,median_fast15_slow_60_70_80,0.0,0.0,0.0
2025-01-07,0.0,0.0,0.0,no_trade,0.0,0.0,0.0,no_trade,median_fast15_slow_60_70_80,0.0,0.0,0.0
2025-01-08,0.0,0.0,0.0,no_trade,0.0,0.0,0.0,no_trade,median_fast15_slow_60_70_80,0.0,0.0,0.0
2025-01-10,0.0,0.0,0.0,no_trade,0.0,0.0,0.0,no_trade,median_fast15_slow_60_70_80,0.0,0.0,0.0
2025-01-13,0.0,0.0,0.0,no_trade,0.0,0.0,0.0,no_trade,median_fast15_slow_60_70_80,0.0,0.0,0.0
2025-01-14,12.0,0.00024,0.5,low,12.0,0.00024,0.5,low,median_fast15_slow_60_70_80,0.0,0.0,0.0
2025-01-15,168.0,0.00336,1.0,mid,168.0,0.00336,1.0,mid,median_fast15_slow_60_70_80,0.0,0.0,0.0
2025-01-16,0.0,0.0,0.0,no_trade,0.0,0.0,0.0,no_trade,median_fast15_slow_60_70_80,0.0,0.0,0.0
2025-01-17,0.0,0.0,0.0,no_trade,0.0,0.0,0.0,no_trade,median_fast15_slow_60_70_80,0.0,0.0,0.0
2025-01-20,0.0,0.0,0.0,no_trade,0.0,0.0,0.0,no_trade,median_fast15_slow_60_70_80,0.0,0.0,0.0
2025-01-21,0.0,0.0,0.0,no_trade,0.0,0.0,0.0,no_trade,median_fast15_slow_60_70_80,0.0,0.0,0.0
2025-01-22,-67.0,-0.00134,0.5,low,-67.0,-0.00134,0.5,low,median_fast15_slow_60_70_80,0.0,0.0,0.0
2025-01-23,1314.0,0.02628,1.0,mid,1314.0,0.02628,1.0,mid,median_fast15_slow_60_70_80,0.0,0.0,0.0
2025-01-24,682.0,0.01364,1.0,mid,682.0,0.01364,1.0,mid,median_fast15_slow_60_70_80,0.0,0.0,0.0
2025-01-27,0.0,0.0,0.0,no_trade,0.0,0.0,0.0,no_trade,median_fast15_slow_60_70_80,0.0,0.0,0.0
2025-01-28,0.0,0.0,0.0,no_trade,0.0,0.0,0.0,no_trade,median_fast15_slow_60_70_80,0.0,0.0,0.0
2025-01-29,-232.5,-0.00465,0.5,low,-232.5,-0.00465,0.5,low,median_fast15_slow_60_70_80,0.0,0.0,0.0
2025-01-30,0.0,0.0,0.0,no_trade,0.0,0.0,0.0,no_trade,median_fast15_slow_60_70_80,0.0,0.0,0.0
2025-01-31,-239.5,-0.00479,0.5,low,-239.5,-0.00479,0.5,low,median_fast15_slow_60_70_80,0.0,0.0,0.0
2025-02-03,0.0,0.0,0.0,no_trade,0.0,0.0,0.0,no_trade,median_fast15_slow_60_70_80,0.0,0.0,0.0
2025-02-04,346.0,0.00692,1.0,mid,346.0,0.00692,1.0,mid,median_fast15_slow_60_70_80,0.0,0.0,0.0
2025-02-05,-153.0,-0.00306,0.25,high,-153.0,-0.00306,0.25,high,median_fast15_slow_60_70_80,0.0,0.0,0.0
2025-02-06,-744.0,-0.01488,1.0,mid,-744.0,-0.01488,1.0,mid,median_fast15_slow_60_70_80,0.0,0.0,0.0
2025-02-07,0.0,0.0,0.0,no_trade,0.0,0.0,0.0,no_trade,median_fast15_slow_60_70_80,0.0,0.0,0.0
2025-02-10,35.5,0.00071,0.25,high,35.5,0.00071,0.25,high,median_fast15_slow_60_70_80,0.0,0.0,0.0
2025-02-11,0.0,0.0,0.0,no_trade,0.0,0.0,0.0,no_trade,median_fast15_slow_60_70_80,0.0,0.0,0.0
2025-02-12,0.0,0.0,0.0,no_trade,0.0,0.0,0.0,no_trade,median_fast15_slow_60_70_80,0.0,0.0,0.0
2025-02-13,279.5,0.00559,0.5,low,279.5,0.00559,0.5,low,median_fast15_slow_60_70_80,0.0,0.0,0.0
2025-02-14,237.0,0.00474,0.5,low,237.0,0.00474,0.5,low,median_fast15_slow_60_70_80,0.0,0.0,0.0
2025-02-17,0.0,0.0,0.0,no_trade,0.0,0.0,0.0,no_trade,median_fast15_slow_60_70_80,0.0,0.0,0.0
2025-02-18,0.0,0.0,0.0,no_trade,0.0,0.0,0.0,no_trade,median_fast15_slow_60_70_80,0.0,0.0,0.0
2025-02-19,-291.0,-0.00582,0.5,low,-291.0,-0.00582,0.5,low,median_fast15_slow_60_70_80,0.0,0.0,0.0
2025-02-20,0.0,0.0,0.0,no_trade,0.0,0.0,0.0,no_trade,median_fast15_slow_60_70_80,0.0,0.0,0.0
2025-02-21,510.0,0.0102,0.5,low,510.0,0.0102,0.5,low,median_fast15_slow_60_70_80,0.0,0.0,0.0
2025-02-24,0.0,0.0,0.0,no_trade,0.0,0.0,0.0,no_trade,median_fast15_slow_60_70_80,0.0,0.0,0.0
2025-02-25,0.0,0.0,0.0,no_trade,0.0,0.0,0.0,no_trade,median_fast15_slow_60_70_80,0.0,0.0,0.0
2025-02-26,0.0,0.0,0.0,no_trade,0.0,0.0,0.0,no_trade,median_fast15_slow_60_70_80,0.0,0.0,0.0
2025-02-27,0.0,0.0,0.0,no_trade,0.0,0.0,0.0,no_trade,median_fast15_slow_60_70_80,0.0,0.0,0.0
2025-02-28,0.0,0.0,0.0,no_trade,0.0,0.0,0.0,no_trade,median_fast15_slow_60_70_80,0.0,0.0,0.0
2025-03-03,0.0,0.0,0.0,no_trade,0.0,0.0,0.0,no_trade,median_fast15_slow_60_70_80,0.0,0.0,0.0
2025-03-04,0.0,0.0,0.0,no_trade,0.0,0.0,0.0,no_trade,median_fast15_slow_60_70_80,0.0,0.0,0.0
2025-03-05,0.0,0.0,0.0,no_trade,0.0,0.0,0.0,no_trade,median_fast15_slow_60_70_80,0.0,0.0,0.0
2025-03-06,0.0,0.0,0.0,no_trade,0.0,0.0,0.0,no_trade,median_fast15_slow_60_70_80,0.0,0.0,0.0
2025-03-07,0.0,0.0,0.0,no_trade,0.0,0.0,0.0,no_trade,median_fast15_slow_60_70_80,0.0,0.0,0.0
2025-03-10,0.0,0.0,0.0,no_trade,0.0,0.0,0.0,no_trade,median_fast15_slow_60_70_80,0.0,0.0,0.0
2025-03-11,0.0,0.0,0.0,no_trade,0.0,0.0,0.0,no_trade,median_fast15_slow_60_70_80,0.0,0.0,0.0
2025-03-12,0.0,0.0,0.0,no_trade,0.0,0.0,0.0,no_trade,median_fast15_slow_60_70_80,0.0,0.0,0.0
2025-03-13,134.0,0.00268,1.0,mid,0.0,0.0,0.0,no_trade,median_fast15_slow_60_70_80,-134.0,-0.00268,134.0
2025-03-14,105.5,0.00211,0.5,low,105.5,0.00211,0.5,low,median_fast15_slow_60_70_80,0.0,0.0,0.0
2025-03-17,-340.5,-0.00681,0.5,low,-340.5,-0.00681,0.5,low,median_fast15_slow_60_70_80,0.0,0.0,0.0
2025-03-18,0.0,0.0,0.0,no_trade,0.0,0.0,0.0,no_trade,median_fast15_slow_60_70_80,0.0,0.0,0.0
2025-03-19,234.0,0.00468,0.5,low,234.0,0.00468,0.5,low,median_fast15_slow_60_70_80,0.0,0.0,0.0
2025-03-20,-153.0,-0.00306,1.0,mid,-153.0,-0.00306,1.0,mid,median_fast15_slow_60_70_80,0.0,0.0,0.0
2025-03-24,54.0,0.00108,0.5,low,54.0,0.00108,0.5,low,median_fast15_slow_60_70_80,0.0,0.0,0.0
2025-03-25,640.0,0.0128,1.0,mid,640.0,0.0128,1.0,mid,median_fast15_slow_60_70_80,0.0,0.0,0.0
2025-03-26,0.0,0.0,0.0,no_trade,742.0,0.01484,1.0,mid,median_fast15_slow_60_70_80,742.0,0.01484,742.0
2025-03-27,0.0,0.0,0.0,no_trade,0.0,0.0,0.0,no_trade,median_fast15_slow_60_70_80,0.0,0.0,0.0
2025-03-28,0.0,0.0,0.0,no_trade,0.0,0.0,0.0,no_trade,median_fast15_slow_60_70_80,0.0,0.0,0.0
2025-03-31,0.0,0.0,0.0,no_trade,0.0,0.0,0.0,no_trade,median_fast15_slow_60_70_80,0.0,0.0,0.0
2025-04-01,0.0,0.0,0.0,no_trade,0.0,0.0,0.0,no_trade,median_fast15_slow_60_70_80,0.0,0.0,0.0
2025-04-02,0.0,0.0,0.0,no_trade,0.0,0.0,0.0,no_trade,median_fast15_slow_60_70_80,0.0,0.0,0.0
2025-04-03,0.0,0.0,0.0,no_trade,0.0,0.0,0.0,no_trade,median_fast15_slow_60_70_80,0.0,0.0,0.0
2025-04-04,0.0,0.0,0.0,no_trade,0.0,0.0,0.0,no_trade,median_fast15_slow_60_70_80,0.0,0.0,0.0
2025-04-07,0.0,0.0,0.0,no_trade,0.0,0.0,0.0,no_trade,median_fast15_slow_60_70_80,0.0,0.0,0.0
2025-04-08,0.0,0.0,0.0,no_trade,0.0,0.0,0.0,no_trade,median_fast15_slow_60_70_80,0.0,0.0,0.0
2025-04-09,0.0,0.0,0.0,no_trade,0.0,0.0,0.0,no_trade,median_fast15_slow_60_70_80,0.0,0.0,0.0
2025-04-10,0.0,0.0,0.0,no_trade,0.0,0.0,0.0,no_trade,median_fast15_slow_60_70_80,0.0,0.0,0.0
2025-04-11,0.0,0.0,0.0,no_trade,0.0,0.0,0.0,no_trade,median_fast15_slow_60_70_80,0.0,0.0,0.0
2025-04-14,0.0,0.0,0.0,no_trade,0.0,0.0,0.0,no_trade,median_fast15_slow_60_70_80,0.0,0.0,0.0
2025-04-15,0.0,0.0,0.0,no_trade,0.0,0.0,0.0,no_trade,median_fast15_slow_60_70_80,0.0,0.0,0.0
2025-04-16,0.0,0.0,0.0,no_trade,0.0,0.0,0.0,no_trade,median_fast15_slow_60_70_80,0.0,0.0,0.0
2025-04-17,0.0,0.0,0.0,no_trade,0.0,0.0,0.0,no_trade,median_fast15_slow_60_70_80,0.0,0.0,0.0
2025-04-21,0.0,0.0,0.0,no_trade,0.0,0.0,0.0,no_trade,median_fast15_slow_60_70_80,0.0,0.0,0.0
2025-04-22,1286.0,0.02572,1.0,mid,1286.0,0.02572,1.0,mid,median_fast15_slow_60_70_80,0.0,0.0,0.0
2025-04-23,0.0,0.0,0.0,no_trade,0.0,0.0,0.0,no_trade,median_fast15_slow_60_70_80,0.0,0.0,0.0
2025-04-24,0.0,0.0,0.0,no_trade,0.0,0.0,0.0,no_trade,median_fast15_slow_60_70_80,0.0,0.0,0.0
2025-04-25,0.0,0.0,0.0,no_trade,0.0,0.0,0.0,no_trade,median_fast15_slow_60_70_80,0.0,0.0,0.0
2025-04-28,0.0,0.0,0.0,no_trade,0.0,0.0,0.0,no_trade,median_fast15_slow_60_70_80,0.0,0.0,0.0
2025-04-29,0.0,0.0,0.0,no_trade,0.0,0.0,0.0,no_trade,median_fast15_slow_60_70_80,0.0,0.0,0.0
2025-04-30,0.0,0.0,0.0,no_trade,0.0,0.0,0.0,no_trade,median_fast15_slow_60_70_80,0.0,0.0,0.0
2025-05-01,-294.5,-0.00589,0.5,low,-294.5,-0.00589,0.5,low,median_fast15_slow_60_70_80,0.0,0.0,0.0
2025-05-02,0.0,0.0,0.0,no_trade,0.0,0.0,0.0,no_trade,median_fast15_slow_60_70_80,0.0,0.0,0.0
2025-05-05,0.0,0.0,0.0,no_trade,0.0,0.0,0.0,no_trade,median_fast15_slow_60_70_80,0.0,0.0,0.0
2025-05-06,484.0,0.00968,0.5,low,484.0,0.00968,0.5,low,median_fast15_slow_60_70_80,0.0,0.0,0.0
2025-05-07,-711.0,-0.01422,1.0,mid,-237.0,-0.00474,0.5,low,median_fast15_slow_60_70_80,474.0,0.009479999999999999,474.0
2025-05-08,0.0,0.0,0.0,no_trade,0.0,0.0,0.0,no_trade,median_fast15_slow_60_70_80,0.0,0.0,0.0
2025-05-09,448.0,0.00896,1.0,mid,448.0,0.00896,1.0,mid,median_fast15_slow_60_70_80,0.0,0.0,0.0
2025-05-12,-370.0,-0.0074,0.5,low,-370.0,-0.0074,0.5,low,median_fast15_slow_60_70_80,0.0,0.0,0.0
2025-05-13,437.0,0.00874,1.0,mid,437.0,0.00874,1.0,mid,median_fast15_slow_60_70_80,0.0,0.0,0.0
2025-05-14,-117.0,-0.00234,1.0,mid,-117.0,-0.00234,1.0,mid,median_fast15_slow_60_70_80,0.0,0.0,0.0
2025-05-15,465.0,0.0093,1.0,mid,155.0,0.0031,0.5,low,median_fast15_slow_60_70_80,-310.0,-0.006199999999999999,310.0
2025-05-16,-348.0,-0.00696,0.5,low,-348.0,-0.00696,0.5,low,median_fast15_slow_60_70_80,0.0,0.0,0.0
2025-05-19,226.5,0.00453,1.0,mid,0.0,0.0,0.0,no_trade,median_fast15_slow_60_70_80,-226.5,-0.00453,226.5
2025-05-20,-359.0,-0.00718,0.5,low,-359.0,-0.00718,0.5,low,median_fast15_slow_60_70_80,0.0,0.0,0.0
2025-05-21,-547.0,-0.01094,1.0,mid,-547.0,-0.01094,1.0,mid,median_fast15_slow_60_70_80,0.0,0.0,0.0
2025-05-22,0.0,0.0,0.0,no_trade,0.0,0.0,0.0,no_trade,median_fast15_slow_60_70_80,0.0,0.0,0.0
2025-05-23,0.0,0.0,0.0,no_trade,0.0,0.0,0.0,no_trade,median_fast15_slow_60_70_80,0.0,0.0,0.0
2025-05-26,0.0,0.0,0.0,no_trade,0.0,0.0,0.0,no_trade,median_fast15_slow_60_70_80,0.0,0.0,0.0
2025-05-27,257.0,0.00514,0.5,low,257.0,0.00514,0.5,low,median_fast15_slow_60_70_80,0.0,0.0,0.0
2025-05-28,-240.5,-0.00481,0.5,low,-240.5,-0.00481,0.5,low,median_fast15_slow_60_70_80,0.0,0.0,0.0
2025-05-29,0.0,0.0,0.0,no_trade,0.0,0.0,0.0,no_trade,median_fast15_slow_60_70_80,0.0,0.0,0.0
2025-05-30,-326.5,-0.00653,0.5,low,-326.5,-0.00653,0.5,low,median_fast15_slow_60_70_80,0.0,0.0,0.0
2025-06-02,0.0,0.0,0.0,no_trade,0.0,0.0,0.0,no_trade,median_fast15_slow_60_70_80,0.0,0.0,0.0
2025-06-03,439.5,0.00879,1.0,mid,439.5,0.00879,1.0,mid,median_fast15_slow_60_70_80,0.0,0.0,0.0
2025-06-04,-186.5,-0.00373,0.25,high,-186.5,-0.00373,0.25,high,median_fast15_slow_60_70_80,0.0,0.0,0.0
2025-06-05,0.0,0.0,0.0,no_trade,0.0,0.0,0.0,no_trade,median_fast15_slow_60_70_80,0.0,0.0,0.0
2025-06-06,0.0,0.0,0.0,no_trade,0.0,0.0,0.0,no_trade,median_fast15_slow_60_70_80,0.0,0.0,0.0
2025-06-09,1440.0,0.0288,1.0,mid,1440.0,0.0288,1.0,mid,median_fast15_slow_60_70_80,0.0,0.0,0.0
2025-06-10,0.0,0.0,0.0,no_trade,0.0,0.0,0.0,no_trade,median_fast15_slow_60_70_80,0.0,0.0,0.0
2025-06-11,-226.0,-0.00452,0.5,low,-226.0,-0.00452,0.5,low,median_fast15_slow_60_70_80,0.0,0.0,0.0
2025-06-12,-159.5,-0.00319,0.25,high,-159.5,-0.00319,0.25,high,median_fast15_slow_60_70_80,0.0,0.0,0.0
2025-06-13,-295.5,-0.00591,0.5,low,-295.5,-0.00591,0.5,low,median_fast15_slow_60_70_80,0.0,0.0,0.0
2025-06-16,0.0,0.0,0.0,no_trade,0.0,0.0,0.0,no_trade,median_fast15_slow_60_70_80,0.0,0.0,0.0
2025-06-17,-356.0,-0.00712,0.5,low,-356.0,-0.00712,0.5,low,median_fast15_slow_60_70_80,0.0,0.0,0.0
2025-06-18,0.0,0.0,0.0,no_trade,0.0,0.0,0.0,no_trade,median_fast15_slow_60_70_80,0.0,0.0,0.0
2025-06-19,0.0,0.0,0.0,no_trade,0.0,0.0,0.0,no_trade,median_fast15_slow_60_70_80,0.0,0.0,0.0
2025-06-23,-350.0,-0.007,0.5,low,-350.0,-0.007,0.5,low,median_fast15_slow_60_70_80,0.0,0.0,0.0
2025-06-24,237.0,0.00474,0.5,low,237.0,0.00474,0.5,low,median_fast15_slow_60_70_80,0.0,0.0,0.0
2025-06-25,146.0,0.00292,1.0,mid,146.0,0.00292,1.0,mid,median_fast15_slow_60_70_80,0.0,0.0,0.0
2025-06-26,160.0,0.0032,0.5,low,160.0,0.0032,0.5,low,median_fast15_slow_60_70_80,0.0,0.0,0.0
2025-06-27,-652.5,-0.01305,1.0,mid,-652.5,-0.01305,1.0,mid,median_fast15_slow_60_70_80,0.0,0.0,0.0
2025-06-30,0.0,0.0,0.0,no_trade,0.0,0.0,0.0,no_trade,median_fast15_slow_60_70_80,0.0,0.0,0.0
2025-07-01,-665.0,-0.0133,1.0,mid,-133.0,-0.00266,0.25,high,median_fast15_slow_60_70_80,532.0,0.01064,532.0
2025-07-02,808.0,0.01616,1.0,mid,808.0,0.01616,1.0,mid,median_fast15_slow_60_70_80,0.0,0.0,0.0
2025-07-03,28.0,0.00056,0.25,high,28.0,0.00056,0.25,high,median_fast15_slow_60_70_80,0.0,0.0,0.0
2025-07-04,0.0,0.0,0.0,no_trade,0.0,0.0,0.0,no_trade,median_fast15_slow_60_70_80,0.0,0.0,0.0
2025-07-07,109.0,0.00218,0.5,low,109.0,0.00218,0.5,low,median_fast15_slow_60_70_80,0.0,0.0,0.0
2025-07-08,-140.5,-0.00281,0.25,high,-140.5,-0.00281,0.25,high,median_fast15_slow_60_70_80,0.0,0.0,0.0
2025-07-09,0.0,0.0,0.0,no_trade,0.0,0.0,0.0,no_trade,median_fast15_slow_60_70_80,0.0,0.0,0.0
2025-07-10,0.0,0.0,0.0,no_trade,0.0,0.0,0.0,no_trade,median_fast15_slow_60_70_80,0.0,0.0,0.0
2025-07-11,-41.5,-0.00083,0.5,low,-41.5,-0.00083,0.5,low,median_fast15_slow_60_70_80,0.0,0.0,0.0
2025-07-14,84.0,0.00168,0.5,low,84.0,0.00168,0.5,low,median_fast15_slow_60_70_80,0.0,0.0,0.0
2025-07-15,0.0,0.0,0.0,no_trade,388.5,0.00777,1.0,mid,median_fast15_slow_60_70_80,388.5,0.00777,388.5
2025-07-16,0.0,0.0,0.0,no_trade,0.0,0.0,0.0,no_trade,median_fast15_slow_60_70_80,0.0,0.0,0.0
2025-07-17,179.5,0.00359,0.5,low,179.5,0.00359,0.5,low,median_fast15_slow_60_70_80,0.0,0.0,0.0
2025-07-18,197.5,0.00395,1.0,mid,197.5,0.00395,1.0,mid,median_fast15_slow_60_70_80,0.0,0.0,0.0
2025-07-21,0.0,0.0,0.0,no_trade,0.0,0.0,0.0,no_trade,median_fast15_slow_60_70_80,0.0,0.0,0.0
2025-07-22,0.0,0.0,0.0,no_trade,0.0,0.0,0.0,no_trade,median_fast15_slow_60_70_80,0.0,0.0,0.0
2025-07-23,-231.0,-0.00462,0.5,low,-231.0,-0.00462,0.5,low,median_fast15_slow_60_70_80,0.0,0.0,0.0
2025-07-24,-737.5,-0.01475,1.0,mid,-737.5,-0.01475,1.0,mid,median_fast15_slow_60_70_80,0.0,0.0,0.0
2025-07-25,76.0,0.00152,1.0,mid,76.0,0.00152,1.0,mid,median_fast15_slow_60_70_80,0.0,0.0,0.0
2025-07-28,0.0,0.0,0.0,no_trade,0.0,0.0,0.0,no_trade,median_fast15_slow_60_70_80,0.0,0.0,0.0
2025-07-29,564.0,0.01128,1.0,mid,0.0,0.0,0.0,no_trade,median_fast15_slow_60_70_80,-564.0,-0.01128,564.0
2025-07-30,0.0,0.0,0.0,no_trade,0.0,0.0,0.0,no_trade,median_fast15_slow_60_70_80,0.0,0.0,0.0
2025-07-31,585.0,0.0117,0.5,low,585.0,0.0117,0.5,low,median_fast15_slow_60_70_80,0.0,0.0,0.0
2025-08-01,0.0,0.0,0.0,no_trade,0.0,0.0,0.0,no_trade,median_fast15_slow_60_70_80,0.0,0.0,0.0
2025-08-04,143.0,0.00286,1.0,mid,143.0,0.00286,1.0,mid,median_fast15_slow_60_70_80,0.0,0.0,0.0
2025-08-05,1203.0,0.02406,1.0,mid,1203.0,0.02406,1.0,mid,median_fast15_slow_60_70_80,0.0,0.0,0.0
2025-08-06,0.0,0.0,0.0,no_trade,0.0,0.0,0.0,no_trade,median_fast15_slow_60_70_80,0.0,0.0,0.0
2025-08-07,1140.0,0.0228,1.0,mid,1140.0,0.0228,1.0,mid,median_fast15_slow_60_70_80,0.0,0.0,0.0
2025-08-08,0.0,0.0,0.0,no_trade,0.0,0.0,0.0,no_trade,median_fast15_slow_60_70_80,0.0,0.0,0.0
2025-08-11,-287.0,-0.00574,0.5,low,-287.0,-0.00574,0.5,low,median_fast15_slow_60_70_80,0.0,0.0,0.0
2025-08-12,0.0,0.0,0.0,no_trade,0.0,0.0,0.0,no_trade,median_fast15_slow_60_70_80,0.0,0.0,0.0
2025-08-13,101.0,0.00202,0.25,high,101.0,0.00202,0.25,high,median_fast15_slow_60_70_80,0.0,0.0,0.0
2025-08-14,-92.0,-0.00184,0.5,low,-92.0,-0.00184,0.5,low,median_fast15_slow_60_70_80,0.0,0.0,0.0
2025-08-15,-71.5,-0.00143,0.5,low,-71.5,-0.00143,0.5,low,median_fast15_slow_60_70_80,0.0,0.0,0.0
2025-08-18,-346.0,-0.00692,0.5,low,-346.0,-0.00692,0.5,low,median_fast15_slow_60_70_80,0.0,0.0,0.0
2025-08-19,548.0,0.01096,0.5,low,548.0,0.01096,0.5,low,median_fast15_slow_60_70_80,0.0,0.0,0.0
2025-08-20,0.0,0.0,0.0,no_trade,0.0,0.0,0.0,no_trade,median_fast15_slow_60_70_80,0.0,0.0,0.0
2025-08-21,0.0,0.0,0.0,no_trade,0.0,0.0,0.0,no_trade,median_fast15_slow_60_70_80,0.0,0.0,0.0
2025-08-22,0.0,0.0,0.0,no_trade,0.0,0.0,0.0,no_trade,median_fast15_slow_60_70_80,0.0,0.0,0.0
2025-08-25,-337.0,-0.00674,0.5,low,-337.0,-0.00674,0.5,low,median_fast15_slow_60_70_80,0.0,0.0,0.0
2025-08-26,136.5,0.00273,0.5,low,136.5,0.00273,0.5,low,median_fast15_slow_60_70_80,0.0,0.0,0.0
2025-08-27,-321.0,-0.00642,0.5,low,-321.0,-0.00642,0.5,low,median_fast15_slow_60_70_80,0.0,0.0,0.0
2025-08-28,9.5,0.00019,0.5,low,9.5,0.00019,0.5,low,median_fast15_slow_60_70_80,0.0,0.0,0.0
2025-08-29,0.0,0.0,0.0,no_trade,0.0,0.0,0.0,no_trade,median_fast15_slow_60_70_80,0.0,0.0,0.0
2025-09-01,0.0,0.0,0.0,no_trade,0.0,0.0,0.0,no_trade,median_fast15_slow_60_70_80,0.0,0.0,0.0
2025-09-02,0.0,0.0,0.0,no_trade,0.0,0.0,0.0,no_trade,median_fast15_slow_60_70_80,0.0,0.0,0.0
2025-09-03,-182.0,-0.00364,0.25,high,-182.0,-0.00364,0.25,high,median_fast15_slow_60_70_80,0.0,0.0,0.0
2025-09-04,0.0,0.0,0.0,no_trade,0.0,0.0,0.0,no_trade,median_fast15_slow_60_70_80,0.0,0.0,0.0
2025-09-05,0.0,0.0,0.0,no_trade,0.0,0.0,0.0,no_trade,median_fast15_slow_60_70_80,0.0,0.0,0.0
2025-09-08,-219.5,-0.00439,0.5,low,-219.5,-0.00439,0.5,low,median_fast15_slow_60_70_80,0.0,0.0,0.0
2025-09-09,-147.5,-0.00295,0.25,high,-147.5,-0.00295,0.25,high,median_fast15_slow_60_70_80,0.0,0.0,0.0
2025-09-10,0.0,0.0,0.0,no_trade,0.0,0.0,0.0,no_trade,median_fast15_slow_60_70_80,0.0,0.0,0.0
2025-09-11,52.0,0.00104,1.0,mid,52.0,0.00104,1.0,mid,median_fast15_slow_60_70_80,0.0,0.0,0.0
2025-09-12,282.5,0.00565,1.0,mid,282.5,0.00565,1.0,mid,median_fast15_slow_60_70_80,0.0,0.0,0.0
2025-09-15,0.0,0.0,0.0,no_trade,0.0,0.0,0.0,no_trade,median_fast15_slow_60_70_80,0.0,0.0,0.0
2025-09-16,0.0,0.0,0.0,no_trade,0.0,0.0,0.0,no_trade,median_fast15_slow_60_70_80,0.0,0.0,0.0
2025-09-17,327.0,0.00654,0.25,high,327.0,0.00654,0.25,high,median_fast15_slow_60_70_80,0.0,0.0,0.0
2025-09-18,0.0,0.0,0.0,no_trade,0.0,0.0,0.0,no_trade,median_fast15_slow_60_70_80,0.0,0.0,0.0
2025-09-22,1370.0,0.0274,1.0,mid,1370.0,0.0274,1.0,mid,median_fast15_slow_60_70_80,0.0,0.0,0.0
2025-09-23,0.0,0.0,0.0,no_trade,0.0,0.0,0.0,no_trade,median_fast15_slow_60_70_80,0.0,0.0,0.0
2025-09-24,70.0,0.0014,0.5,low,70.0,0.0014,0.5,low,median_fast15_slow_60_70_80,0.0,0.0,0.0
2025-09-25,68.0,0.00136,0.5,low,68.0,0.00136,0.5,low,median_fast15_slow_60_70_80,0.0,0.0,0.0
2025-09-26,-255.5,-0.00511,0.5,low,-255.5,-0.00511,0.5,low,median_fast15_slow_60_70_80,0.0,0.0,0.0
2025-09-29,0.0,0.0,0.0,no_trade,0.0,0.0,0.0,no_trade,median_fast15_slow_60_70_80,0.0,0.0,0.0
2025-09-30,285.0,0.0057,1.0,mid,285.0,0.0057,1.0,mid,median_fast15_slow_60_70_80,0.0,0.0,0.0
2025-10-01,302.5,0.00605,0.5,low,302.5,0.00605,0.5,low,median_fast15_slow_60_70_80,0.0,0.0,0.0
2025-10-02,-322.0,-0.00644,0.5,low,-322.0,-0.00644,0.5,low,median_fast15_slow_60_70_80,0.0,0.0,0.0
2025-10-03,163.5,0.00327,0.25,high,163.5,0.00327,0.25,high,median_fast15_slow_60_70_80,0.0,0.0,0.0
2025-10-06,0.0,0.0,0.0,no_trade,0.0,0.0,0.0,no_trade,median_fast15_slow_60_70_80,0.0,0.0,0.0
2025-10-07,1230.0,0.0246,1.0,mid,1230.0,0.0246,1.0,mid,median_fast15_slow_60_70_80,0.0,0.0,0.0
2025-10-08,0.0,0.0,0.0,no_trade,0.0,0.0,0.0,no_trade,median_fast15_slow_60_70_80,0.0,0.0,0.0
2025-10-09,-372.0,-0.00744,0.5,low,-372.0,-0.00744,0.5,low,median_fast15_slow_60_70_80,0.0,0.0,0.0
2025-10-10,0.0,0.0,0.0,no_trade,0.0,0.0,0.0,no_trade,median_fast15_slow_60_70_80,0.0,0.0,0.0
2025-10-13,0.0,0.0,0.0,no_trade,0.0,0.0,0.0,no_trade,median_fast15_slow_60_70_80,0.0,0.0,0.0
2025-10-14,0.0,0.0,0.0,no_trade,0.0,0.0,0.0,no_trade,median_fast15_slow_60_70_80,0.0,0.0,0.0
2025-10-15,0.0,0.0,0.0,no_trade,0.0,0.0,0.0,no_trade,median_fast15_slow_60_70_80,0.0,0.0,0.0
2025-10-16,0.0,0.0,0.0,no_trade,0.0,0.0,0.0,no_trade,median_fast15_slow_60_70_80,0.0,0.0,0.0
2025-10-17,0.0,0.0,0.0,no_trade,0.0,0.0,0.0,no_trade,median_fast15_slow_60_70_80,0.0,0.0,0.0
2025-10-20,115.0,0.0023,0.5,low,230.0,0.0046,1.0,mid,median_fast15_slow_60_70_80,115.0,0.0023,115.0
2025-10-21,-588.0,-0.01176,1.0,mid,-588.0,-0.01176,1.0,mid,median_fast15_slow_60_70_80,0.0,0.0,0.0
2025-10-22,1108.0,0.02216,1.0,mid,1108.0,0.02216,1.0,mid,median_fast15_slow_60_70_80,0.0,0.0,0.0
2025-10-23,133.0,0.00266,0.5,low,133.0,0.00266,0.5,low,median_fast15_slow_60_70_80,0.0,0.0,0.0
2025-10-24,0.0,0.0,0.0,no_trade,0.0,0.0,0.0,no_trade,median_fast15_slow_60_70_80,0.0,0.0,0.0
2025-10-27,596.0,0.01192,0.5,low,596.0,0.01192,0.5,low,median_fast15_slow_60_70_80,0.0,0.0,0.0
2025-10-28,-290.0,-0.0058,0.5,low,-290.0,-0.0058,0.5,low,median_fast15_slow_60_70_80,0.0,0.0,0.0
2025-10-29,1330.0,0.0266,1.0,mid,1330.0,0.0266,1.0,mid,median_fast15_slow_60_70_80,0.0,0.0,0.0
2025-10-30,0.0,0.0,0.0,no_trade,0.0,0.0,0.0,no_trade,median_fast15_slow_60_70_80,0.0,0.0,0.0
2025-10-31,313.0,0.00626,1.0,mid,313.0,0.00626,1.0,mid,median_fast15_slow_60_70_80,0.0,0.0,0.0
2025-11-03,0.0,0.0,0.0,no_trade,41.0,0.00082,1.0,mid,median_fast15_slow_60_70_80,41.0,0.00082,41.0
2025-11-04,0.0,0.0,0.0,no_trade,0.0,0.0,0.0,no_trade,median_fast15_slow_60_70_80,0.0,0.0,0.0
2025-11-05,0.0,0.0,0.0,no_trade,0.0,0.0,0.0,no_trade,median_fast15_slow_60_70_80,0.0,0.0,0.0
2025-11-06,0.0,0.0,0.0,no_trade,0.0,0.0,0.0,no_trade,median_fast15_slow_60_70_80,0.0,0.0,0.0
2025-11-07,0.0,0.0,0.0,no_trade,0.0,0.0,0.0,no_trade,median_fast15_slow_60_70_80,0.0,0.0,0.0
2025-11-10,-278.0,-0.00556,0.5,low,-278.0,-0.00556,0.5,low,median_fast15_slow_60_70_80,0.0,0.0,0.0
2025-11-11,0.0,0.0,0.0,no_trade,0.0,0.0,0.0,no_trade,median_fast15_slow_60_70_80,0.0,0.0,0.0
2025-11-12,0.0,0.0,0.0,no_trade,0.0,0.0,0.0,no_trade,median_fast15_slow_60_70_80,0.0,0.0,0.0
2025-11-13,0.0,0.0,0.0,no_trade,0.0,0.0,0.0,no_trade,median_fast15_slow_60_70_80,0.0,0.0,0.0
2025-11-14,0.0,0.0,0.0,no_trade,0.0,0.0,0.0,no_trade,median_fast15_slow_60_70_80,0.0,0.0,0.0
2025-11-17,0.0,0.0,0.0,no_trade,0.0,0.0,0.0,no_trade,median_fast15_slow_60_70_80,0.0,0.0,0.0
2025-11-18,0.0,0.0,0.0,no_trade,0.0,0.0,0.0,no_trade,median_fast15_slow_60_70_80,0.0,0.0,0.0
2025-11-19,0.0,0.0,0.0,no_trade,0.0,0.0,0.0,no_trade,median_fast15_slow_60_70_80,0.0,0.0,0.0
2025-11-20,0.0,0.0,0.0,no_trade,0.0,0.0,0.0,no_trade,median_fast15_slow_60_70_80,0.0,0.0,0.0
2025-11-21,0.0,0.0,0.0,no_trade,0.0,0.0,0.0,no_trade,median_fast15_slow_60_70_80,0.0,0.0,0.0
2025-11-24,0.0,0.0,0.0,no_trade,0.0,0.0,0.0,no_trade,median_fast15_slow_60_70_80,0.0,0.0,0.0
2025-11-25,0.0,0.0,0.0,no_trade,0.0,0.0,0.0,no_trade,median_fast15_slow_60_70_80,0.0,0.0,0.0
2025-11-26,0.0,0.0,0.0,no_trade,0.0,0.0,0.0,no_trade,median_fast15_slow_60_70_80,0.0,0.0,0.0
2025-11-27,0.0,0.0,0.0,no_trade,0.0,0.0,0.0,no_trade,median_fast15_slow_60_70_80,0.0,0.0,0.0
2025-11-28,346.5,0.00693,1.0,mid,346.5,0.00693,1.0,mid,median_fast15_slow_60_70_80,0.0,0.0,0.0
2025-12-01,51.0,0.00102,0.5,low,51.0,0.00102,0.5,low,median_fast15_slow_60_70_80,0.0,0.0,0.0
2025-12-02,0.0,0.0,0.0,no_trade,0.0,0.0,0.0,no_trade,median_fast15_slow_60_70_80,0.0,0.0,0.0
2025-12-03,0.0,0.0,0.0,no_trade,0.0,0.0,0.0,no_trade,median_fast15_slow_60_70_80,0.0,0.0,0.0
2025-12-04,0.0,0.0,0.0,no_trade,0.0,0.0,0.0,no_trade,median_fast15_slow_60_70_80,0.0,0.0,0.0
2025-12-05,-306.5,-0.00613,0.5,low,-306.5,-0.00613,0.5,low,median_fast15_slow_60_70_80,0.0,0.0,0.0
2025-12-08,102.5,0.00205,0.5,low,102.5,0.00205,0.5,low,median_fast15_slow_60_70_80,0.0,0.0,0.0
2025-12-09,153.0,0.00306,1.0,mid,153.0,0.00306,1.0,mid,median_fast15_slow_60_70_80,0.0,0.0,0.0
2025-12-10,0.0,0.0,0.0,no_trade,-732.0,-0.01464,1.0,mid,median_fast15_slow_60_70_80,-732.0,-0.01464,732.0
2025-12-11,0.0,0.0,0.0,no_trade,0.0,0.0,0.0,no_trade,median_fast15_slow_60_70_80,0.0,0.0,0.0
2025-12-12,0.0,0.0,0.0,no_trade,0.0,0.0,0.0,no_trade,median_fast15_slow_60_70_80,0.0,0.0,0.0
2025-12-15,0.0,0.0,0.0,no_trade,0.0,0.0,0.0,no_trade,median_fast15_slow_60_70_80,0.0,0.0,0.0
2025-12-16,0.0,0.0,0.0,no_trade,0.0,0.0,0.0,no_trade,median_fast15_slow_60_70_80,0.0,0.0,0.0
2025-12-17,599.0,0.01198,1.0,mid,599.0,0.01198,1.0,mid,median_fast15_slow_60_70_80,0.0,0.0,0.0
2025-12-18,-181.5,-0.00363,0.5,low,-181.5,-0.00363,0.5,low,median_fast15_slow_60_70_80,0.0,0.0,0.0
2025-12-22,-90.5,-0.00181,0.5,low,-90.5,-0.00181,0.5,low,median_fast15_slow_60_70_80,0.0,0.0,0.0
2025-12-23,-231.5,-0.00463,0.5,low,-231.5,-0.00463,0.5,low,median_fast15_slow_60_70_80,0.0,0.0,0.0
2025-12-24,0.0,0.0,0.0,no_trade,0.0,0.0,0.0,no_trade,median_fast15_slow_60_70_80,0.0,0.0,0.0
2025-12-26,-176.0,-0.00352,1.0,mid,-176.0,-0.00352,1.0,mid,median_fast15_slow_60_70_80,0.0,0.0,0.0
2025-12-29,0.0,0.0,0.0,no_trade,0.0,0.0,0.0,no_trade,median_fast15_slow_60_70_80,0.0,0.0,0.0
2025-12-30,0.0,0.0,0.0,no_trade,0.0,0.0,0.0,no_trade,median_fast15_slow_60_70_80,0.0,0.0,0.0
2025-12-31,603.0,0.01206,1.0,mid,603.0,0.01206,1.0,mid,median_fast15_slow_60_70_80,0.0,0.0,0.0
2026-01-02,0.0,0.0,0.0,no_trade,0.0,0.0,0.0,no_trade,median_fast15_slow_60_70_80,0.0,0.0,0.0
2026-01-05,-204.0,-0.00408,0.5,low,-204.0,-0.00408,0.5,low,median_fast15_slow_60_70_80,0.0,0.0,0.0
2026-01-06,232.0,0.00464,1.0,mid,232.0,0.00464,1.0,mid,median_fast15_slow_60_70_80,0.0,0.0,0.0
2026-01-07,-231.5,-0.00463,0.5,low,-231.5,-0.00463,0.5,low,median_fast15_slow_60_70_80,0.0,0.0,0.0
2026-01-08,0.0,0.0,0.0,no_trade,0.0,0.0,0.0,no_trade,median_fast15_slow_60_70_80,0.0,0.0,0.0
2026-01-09,0.0,0.0,0.0,no_trade,0.0,0.0,0.0,no_trade,median_fast15_slow_60_70_80,0.0,0.0,0.0
2026-01-12,0.0,0.0,0.0,no_trade,0.0,0.0,0.0,no_trade,median_fast15_slow_60_70_80,0.0,0.0,0.0
2026-01-13,0.0,0.0,0.0,no_trade,0.0,0.0,0.0,no_trade,median_fast15_slow_60_70_80,0.0,0.0,0.0
2026-01-14,0.0,0.0,0.0,no_trade,0.0,0.0,0.0,no_trade,median_fast15_slow_60_70_80,0.0,0.0,0.0
2026-01-15,182.5,0.00365,0.5,low,182.5,0.00365,0.5,low,median_fast15_slow_60_70_80,0.0,0.0,0.0
2026-01-16,42.0,0.00084,0.5,low,42.0,0.00084,0.5,low,median_fast15_slow_60_70_80,0.0,0.0,0.0
2026-01-19,292.5,0.00585,1.0,mid,292.5,0.00585,1.0,mid,median_fast15_slow_60_70_80,0.0,0.0,0.0
2026-01-20,0.0,0.0,0.0,no_trade,0.0,0.0,0.0,no_trade,median_fast15_slow_60_70_80,0.0,0.0,0.0
2026-01-21,0.0,0.0,0.0,no_trade,0.0,0.0,0.0,no_trade,median_fast15_slow_60_70_80,0.0,0.0,0.0
2026-01-22,0.0,0.0,0.0,no_trade,0.0,0.0,0.0,no_trade,median_fast15_slow_60_70_80,0.0,0.0,0.0
2026-01-23,0.0,0.0,0.0,no_trade,0.0,0.0,0.0,no_trade,median_fast15_slow_60_70_80,0.0,0.0,0.0
2026-01-26,-29.5,-0.00059,0.5,low,-29.5,-0.00059,0.5,low,median_fast15_slow_60_70_80,0.0,0.0,0.0
2026-01-27,15.0,0.0003,1.0,mid,15.0,0.0003,1.0,mid,median_fast15_slow_60_70_80,0.0,0.0,0.0
2026-01-28,374.0,0.00748,0.5,low,374.0,0.00748,0.5,low,median_fast15_slow_60_70_80,0.0,0.0,0.0
2026-01-29,0.0,0.0,0.0,no_trade,0.0,0.0,0.0,no_trade,median_fast15_slow_60_70_80,0.0,0.0,0.0
2026-01-30,0.0,0.0,0.0,no_trade,0.0,0.0,0.0,no_trade,median_fast15_slow_60_70_80,0.0,0.0,0.0
2026-02-02,0.0,0.0,0.0,no_trade,0.0,0.0,0.0,no_trade,median_fast15_slow_60_70_80,0.0,0.0,0.0
2026-02-03,0.0,0.0,0.0,no_trade,0.0,0.0,0.0,no_trade,median_fast15_slow_60_70_80,0.0,0.0,0.0
2026-02-04,0.0,0.0,0.0,no_trade,0.0,0.0,0.0,no_trade,median_fast15_slow_60_70_80,0.0,0.0,0.0
2026-02-05,0.0,0.0,0.0,no_trade,0.0,0.0,0.0,no_trade,median_fast15_slow_60_70_80,0.0,0.0,0.0
2026-02-06,0.0,0.0,0.0,no_trade,0.0,0.0,0.0,no_trade,median_fast15_slow_60_70_80,0.0,0.0,0.0
2026-02-09,0.0,0.0,0.0,no_trade,0.0,0.0,0.0,no_trade,median_fast15_slow_60_70_80,0.0,0.0,0.0
2026-02-10,0.0,0.0,0.0,no_trade,0.0,0.0,0.0,no_trade,median_fast15_slow_60_70_80,0.0,0.0,0.0
2026-02-11,0.0,0.0,0.0,no_trade,0.0,0.0,0.0,no_trade,median_fast15_slow_60_70_80,0.0,0.0,0.0
2026-02-12,0.0,0.0,0.0,no_trade,0.0,0.0,0.0,no_trade,median_fast15_slow_60_70_80,0.0,0.0,0.0
2026-02-13,0.0,0.0,0.0,no_trade,0.0,0.0,0.0,no_trade,median_fast15_slow_60_70_80,0.0,0.0,0.0
2026-02-16,-198.0,-0.00396,0.5,low,-198.0,-0.00396,0.5,low,median_fast15_slow_60_70_80,0.0,0.0,0.0
2026-02-17,0.0,0.0,0.0,no_trade,0.0,0.0,0.0,no_trade,median_fast15_slow_60_70_80,0.0,0.0,0.0
2026-02-18,0.0,0.0,0.0,no_trade,0.0,0.0,0.0,no_trade,median_fast15_slow_60_70_80,0.0,0.0,0.0
2026-02-19,0.0,0.0,0.0,no_trade,0.0,0.0,0.0,no_trade,median_fast15_slow_60_70_80,0.0,0.0,0.0
2026-02-20,0.0,0.0,0.0,no_trade,0.0,0.0,0.0,no_trade,median_fast15_slow_60_70_80,0.0,0.0,0.0
2026-02-23,0.0,0.0,0.0,no_trade,0.0,0.0,0.0,no_trade,median_fast15_slow_60_70_80,0.0,0.0,0.0
2026-02-24,0.0,0.0,0.0,no_trade,0.0,0.0,0.0,no_trade,median_fast15_slow_60_70_80,0.0,0.0,0.0
2026-02-25,0.0,0.0,0.0,no_trade,0.0,0.0,0.0,no_trade,median_fast15_slow_60_70_80,0.0,0.0,0.0
2026-02-26,0.0,0.0,0.0,no_trade,0.0,0.0,0.0,no_trade,median_fast15_slow_60_70_80,0.0,0.0,0.0
2026-02-27,0.0,0.0,0.0,no_trade,0.0,0.0,0.0,no_trade,median_fast15_slow_60_70_80,0.0,0.0,0.0
2026-03-02,0.0,0.0,0.0,no_trade,0.0,0.0,0.0,no_trade,median_fast15_slow_60_70_80,0.0,0.0,0.0
2026-03-03,0.0,0.0,0.0,no_trade,0.0,0.0,0.0,no_trade,median_fast15_slow_60_70_80,0.0,0.0,0.0
2026-03-04,0.0,0.0,0.0,no_trade,0.0,0.0,0.0,no_trade,median_fast15_slow_60_70_80,0.0,0.0,0.0
2026-03-05,0.0,0.0,0.0,no_trade,0.0,0.0,0.0,no_trade,median_fast15_slow_60_70_80,0.0,0.0,0.0
2026-03-06,0.0,0.0,0.0,no_trade,0.0,0.0,0.0,no_trade,median_fast15_slow_60_70_80,0.0,0.0,0.0
2026-03-09,0.0,0.0,0.0,no_trade,0.0,0.0,0.0,no_trade,median_fast15_slow_60_70_80,0.0,0.0,0.0
2026-03-10,0.0,0.0,0.0,no_trade,0.0,0.0,0.0,no_trade,median_fast15_slow_60_70_80,0.0,0.0,0.0
2026-03-11,0.0,0.0,0.0,no_trade,0.0,0.0,0.0,no_trade,median_fast15_slow_60_70_80,0.0,0.0,0.0
2026-03-12,0.0,0.0,0.0,no_trade,0.0,0.0,0.0,no_trade,median_fast15_slow_60_70_80,0.0,0.0,0.0
2026-03-13,0.0,0.0,0.0,no_trade,0.0,0.0,0.0,no_trade,median_fast15_slow_60_70_80,0.0,0.0,0.0
2026-03-16,-505.0,-0.0101,1.0,mid,-505.0,-0.0101,1.0,mid,median_fast15_slow_60_70_80,0.0,0.0,0.0
2026-03-17,0.0,0.0,0.0,no_trade,0.0,0.0,0.0,no_trade,median_fast15_slow_60_70_80,0.0,0.0,0.0
2026-03-18,0.0,0.0,0.0,no_trade,0.0,0.0,0.0,no_trade,median_fast15_slow_60_70_80,0.0,0.0,0.0
2026-03-19,0.0,0.0,0.0,no_trade,0.0,0.0,0.0,no_trade,median_fast15_slow_60_70_80,0.0,0.0,0.0
2019-05-06,0.0,0.0,0.0,no_trade,0.0,0.0,0.0,no_trade,median_plateau_compact,0.0,0.0,0.0
2019-05-07,57.5,0.00115,0.25,high,57.5,0.00115,0.25,high,median_plateau_compact,0.0,0.0,0.0
2019-05-08,0.0,0.0,0.0,no_trade,0.0,0.0,0.0,no_trade,median_plateau_compact,0.0,0.0,0.0
2019-05-09,-136.0,-0.00272,0.25,high,-136.0,-0.00272,0.25,high,median_plateau_compact,0.0,0.0,0.0
2019-05-10,0.0,0.0,0.0,no_trade,0.0,0.0,0.0,no_trade,median_plateau_compact,0.0,0.0,0.0
2019-05-13,69.0,0.00138,0.25,high,69.0,0.00138,0.25,high,median_plateau_compact,0.0,0.0,0.0
2019-05-14,0.0,0.0,0.0,no_trade,0.0,0.0,0.0,no_trade,median_plateau_compact,0.0,0.0,0.0
2019-05-15,0.0,0.0,0.0,no_trade,0.0,0.0,0.0,no_trade,median_plateau_compact,0.0,0.0,0.0
2019-05-16,0.0,0.0,0.0,no_trade,0.0,0.0,0.0,no_trade,median_plateau_compact,0.0,0.0,0.0
2019-05-17,0.0,0.0,0.0,no_trade,0.0,0.0,0.0,no_trade,median_plateau_compact,0.0,0.0,0.0
2019-05-20,-166.5,-0.00333,0.5,low,-166.5,-0.00333,0.5,low,median_plateau_compact,0.0,0.0,0.0
2019-05-21,0.0,0.0,0.0,no_trade,0.0,0.0,0.0,no_trade,median_plateau_compact,0.0,0.0,0.0
2019-05-22,0.0,0.0,0.0,no_trade,0.0,0.0,0.0,no_trade,median_plateau_compact,0.0,0.0,0.0
2019-05-23,0.0,0.0,0.0,no_trade,0.0,0.0,0.0,no_trade,median_plateau_compact,0.0,0.0,0.0
2019-05-24,0.0,0.0,0.0,no_trade,0.0,0.0,0.0,no_trade,median_plateau_compact,0.0,0.0,0.0
2019-05-27,0.0,0.0,0.0,no_trade,0.0,0.0,0.0,no_trade,median_plateau_compact,0.0,0.0,0.0
2019-05-28,0.0,0.0,0.0,no_trade,0.0,0.0,0.0,no_trade,median_plateau_compact,0.0,0.0,0.0
2019-05-29,0.0,0.0,0.0,no_trade,0.0,0.0,0.0,no_trade,median_plateau_compact,0.0,0.0,0.0
2019-05-30,0.0,0.0,0.0,no_trade,0.0,0.0,0.0,no_trade,median_plateau_compact,0.0,0.0,0.0
2019-05-31,0.0,0.0,0.0,no_trade,0.0,0.0,0.0,no_trade,median_plateau_compact,0.0,0.0,0.0
2019-06-03,119.5,0.00239,0.25,high,119.5,0.00239,0.25,high,median_plateau_compact,0.0,0.0,0.0
2019-06-04,0.0,0.0,0.0,no_trade,0.0,0.0,0.0,no_trade,median_plateau_compact,0.0,0.0,0.0
2019-06-05,0.0,0.0,0.0,no_trade,0.0,0.0,0.0,no_trade,median_plateau_compact,0.0,0.0,0.0
2019-06-06,0.0,0.0,0.0,no_trade,0.0,0.0,0.0,no_trade,median_plateau_compact,0.0,0.0,0.0
2019-06-07,0.0,0.0,0.0,no_trade,0.0,0.0,0.0,no_trade,median_plateau_compact,0.0,0.0,0.0
2019-06-10,0.0,0.0,0.0,no_trade,0.0,0.0,0.0,no_trade,median_plateau_compact,0.0,0.0,0.0
2019-06-11,0.0,0.0,0.0,no_trade,0.0,0.0,0.0,no_trade,median_plateau_compact,0.0,0.0,0.0
2019-06-12,0.0,0.0,0.0,no_trade,0.0,0.0,0.0,no_trade,median_plateau_compact,0.0,0.0,0.0
2019-06-13,0.0,0.0,0.0,no_trade,0.0,0.0,0.0,no_trade,median_plateau_compact,0.0,0.0,0.0
2019-06-14,0.0,0.0,0.0,no_trade,0.0,0.0,0.0,no_trade,median_plateau_compact,0.0,0.0,0.0
2019-06-17,0.0,0.0,0.0,no_trade,0.0,0.0,0.0,no_trade,median_plateau_compact,0.0,0.0,0.0
2019-06-18,-180.0,-0.0036,0.5,low,-180.0,-0.0036,0.5,low,median_plateau_compact,0.0,0.0,0.0
2019-06-19,0.0,0.0,0.0,no_trade,0.0,0.0,0.0,no_trade,median_plateau_compact,0.0,0.0,0.0
2019-06-20,0.0,0.0,0.0,no_trade,0.0,0.0,0.0,no_trade,median_plateau_compact,0.0,0.0,0.0
2019-06-24,0.0,0.0,0.0,no_trade,0.0,0.0,0.0,no_trade,median_plateau_compact,0.0,0.0,0.0
2019-06-25,0.0,0.0,0.0,no_trade,0.0,0.0,0.0,no_trade,median_plateau_compact,0.0,0.0,0.0
2019-06-26,0.0,0.0,0.0,no_trade,0.0,0.0,0.0,no_trade,median_plateau_compact,0.0,0.0,0.0
2019-06-27,0.0,0.0,0.0,no_trade,0.0,0.0,0.0,no_trade,median_plateau_compact,0.0,0.0,0.0
2019-06-28,0.0,0.0,0.0,no_trade,0.0,0.0,0.0,no_trade,median_plateau_compact,0.0,0.0,0.0
2019-07-01,0.0,0.0,0.0,no_trade,0.0,0.0,0.0,no_trade,median_plateau_compact,0.0,0.0,0.0
2019-07-02,0.0,0.0,0.0,no_trade,0.0,0.0,0.0,no_trade,median_plateau_compact,0.0,0.0,0.0
2019-07-03,0.0,0.0,0.0,no_trade,0.0,0.0,0.0,no_trade,median_plateau_compact,0.0,0.0,0.0
2019-07-04,0.0,0.0,0.0,no_trade,0.0,0.0,0.0,no_trade,median_plateau_compact,0.0,0.0,0.0
2019-07-05,0.0,0.0,0.0,no_trade,0.0,0.0,0.0,no_trade,median_plateau_compact,0.0,0.0,0.0
2019-07-08,0.0,0.0,0.0,no_trade,0.0,0.0,0.0,no_trade,median_plateau_compact,0.0,0.0,0.0
2019-07-09,0.0,0.0,0.0,no_trade,0.0,0.0,0.0,no_trade,median_plateau_compact,0.0,0.0,0.0
2019-07-10,0.0,0.0,0.0,no_trade,0.0,0.0,0.0,no_trade,median_plateau_compact,0.0,0.0,0.0
2019-07-11,0.0,0.0,0.0,no_trade,0.0,0.0,0.0,no_trade,median_plateau_compact,0.0,0.0,0.0
2019-07-12,0.0,0.0,0.0,no_trade,0.0,0.0,0.0,no_trade,median_plateau_compact,0.0,0.0,0.0
2019-07-15,0.0,0.0,0.0,no_trade,0.0,0.0,0.0,no_trade,median_plateau_compact,0.0,0.0,0.0
2019-07-16,0.0,0.0,0.0,no_trade,0.0,0.0,0.0,no_trade,median_plateau_compact,0.0,0.0,0.0
2019-07-17,0.0,0.0,0.0,no_trade,0.0,0.0,0.0,no_trade,median_plateau_compact,0.0,0.0,0.0
2019-07-18,0.0,0.0,0.0,no_trade,0.0,0.0,0.0,no_trade,median_plateau_compact,0.0,0.0,0.0
2019-07-19,0.0,0.0,0.0,no_trade,0.0,0.0,0.0,no_trade,median_plateau_compact,0.0,0.0,0.0
2019-07-22,0.0,0.0,0.0,no_trade,0.0,0.0,0.0,no_trade,median_plateau_compact,0.0,0.0,0.0
2019-07-23,0.0,0.0,0.0,no_trade,0.0,0.0,0.0,no_trade,median_plateau_compact,0.0,0.0,0.0
2019-07-24,0.0,0.0,0.0,no_trade,0.0,0.0,0.0,no_trade,median_plateau_compact,0.0,0.0,0.0
2019-07-25,0.0,0.0,0.0,no_trade,0.0,0.0,0.0,no_trade,median_plateau_compact,0.0,0.0,0.0
2019-07-26,0.0,0.0,0.0,no_trade,0.0,0.0,0.0,no_trade,median_plateau_compact,0.0,0.0,0.0
2019-07-29,0.0,0.0,0.0,no_trade,0.0,0.0,0.0,no_trade,median_plateau_compact,0.0,0.0,0.0
2019-07-30,0.0,0.0,0.0,no_trade,0.0,0.0,0.0,no_trade,median_plateau_compact,0.0,0.0,0.0
2019-07-31,0.0,0.0,0.0,no_trade,0.0,0.0,0.0,no_trade,median_plateau_compact,0.0,0.0,0.0
2019-08-01,0.0,0.0,0.0,no_trade,0.0,0.0,0.0,no_trade,median_plateau_compact,0.0,0.0,0.0
2019-08-02,102.0,0.00204,0.5,low,102.0,0.00204,0.5,low,median_plateau_compact,0.0,0.0,0.0
2019-08-05,0.0,0.0,0.0,no_trade,0.0,0.0,0.0,no_trade,median_plateau_compact,0.0,0.0,0.0
2019-08-06,-374.0,-0.00748,0.5,low,-374.0,-0.00748,0.5,low,median_plateau_compact,0.0,0.0,0.0
2019-08-07,792.0,0.01584,1.0,mid,792.0,0.01584,1.0,mid,median_plateau_compact,0.0,0.0,0.0
2019-08-08,0.0,0.0,0.0,no_trade,0.0,0.0,0.0,no_trade,median_plateau_compact,0.0,0.0,0.0
2019-08-09,0.0,0.0,0.0,no_trade,0.0,0.0,0.0,no_trade,median_plateau_compact,0.0,0.0,0.0
2019-08-12,0.0,0.0,0.0,no_trade,0.0,0.0,0.0,no_trade,median_plateau_compact,0.0,0.0,0.0
2019-08-13,0.0,0.0,0.0,no_trade,0.0,0.0,0.0,no_trade,median_plateau_compact,0.0,0.0,0.0
2019-08-14,603.0,0.01206,0.5,low,603.0,0.01206,0.5,low,median_plateau_compact,0.0,0.0,0.0
2019-08-15,0.0,0.0,0.0,no_trade,0.0,0.0,0.0,no_trade,median_plateau_compact,0.0,0.0,0.0
2019-08-16,0.0,0.0,0.0,no_trade,0.0,0.0,0.0,no_trade,median_plateau_compact,0.0,0.0,0.0
2019-08-19,0.0,0.0,0.0,no_trade,0.0,0.0,0.0,no_trade,median_plateau_compact,0.0,0.0,0.0
2019-08-20,0.0,0.0,0.0,no_trade,0.0,0.0,0.0,no_trade,median_plateau_compact,0.0,0.0,0.0
2019-08-21,0.0,0.0,0.0,no_trade,0.0,0.0,0.0,no_trade,median_plateau_compact,0.0,0.0,0.0
2019-08-22,0.0,0.0,0.0,no_trade,0.0,0.0,0.0,no_trade,median_plateau_compact,0.0,0.0,0.0
2019-08-23,-125.0,-0.0025,0.25,high,-125.0,-0.0025,0.25,high,median_plateau_compact,0.0,0.0,0.0
2019-08-26,0.0,0.0,0.0,no_trade,0.0,0.0,0.0,no_trade,median_plateau_compact,0.0,0.0,0.0
2019-08-27,0.0,0.0,0.0,no_trade,0.0,0.0,0.0,no_trade,median_plateau_compact,0.0,0.0,0.0
2019-08-28,0.0,0.0,0.0,no_trade,0.0,0.0,0.0,no_trade,median_plateau_compact,0.0,0.0,0.0
2019-08-29,0.0,0.0,0.0,no_trade,0.0,0.0,0.0,no_trade,median_plateau_compact,0.0,0.0,0.0
2019-08-30,0.0,0.0,0.0,no_trade,0.0,0.0,0.0,no_trade,median_plateau_compact,0.0,0.0,0.0
2019-09-02,0.0,0.0,0.0,no_trade,0.0,0.0,0.0,no_trade,median_plateau_compact,0.0,0.0,0.0
2019-09-03,-2.5,-5e-05,0.25,high,-2.5,-5e-05,0.25,high,median_plateau_compact,0.0,0.0,0.0
2019-09-04,0.0,0.0,0.0,no_trade,0.0,0.0,0.0,no_trade,median_plateau_compact,0.0,0.0,0.0
2019-09-05,0.0,0.0,0.0,no_trade,0.0,0.0,0.0,no_trade,median_plateau_compact,0.0,0.0,0.0
2019-09-06,0.0,0.0,0.0,no_trade,0.0,0.0,0.0,no_trade,median_plateau_compact,0.0,0.0,0.0
2019-09-09,0.0,0.0,0.0,no_trade,0.0,0.0,0.0,no_trade,median_plateau_compact,0.0,0.0,0.0
2019-09-10,0.0,0.0,0.0,no_trade,0.0,0.0,0.0,no_trade,median_plateau_compact,0.0,0.0,0.0
2019-09-11,0.0,0.0,0.0,no_trade,0.0,0.0,0.0,no_trade,median_plateau_compact,0.0,0.0,0.0
2019-09-12,0.0,0.0,0.0,no_trade,0.0,0.0,0.0,no_trade,median_plateau_compact,0.0,0.0,0.0
2019-09-13,0.0,0.0,0.0,no_trade,0.0,0.0,0.0,no_trade,median_plateau_compact,0.0,0.0,0.0
2019-09-16,0.0,0.0,0.0,no_trade,0.0,0.0,0.0,no_trade,median_plateau_compact,0.0,0.0,0.0
2019-09-17,0.0,0.0,0.0,no_trade,0.0,0.0,0.0,no_trade,median_plateau_compact,0.0,0.0,0.0
2019-09-18,0.0,0.0,0.0,no_trade,0.0,0.0,0.0,no_trade,median_plateau_compact,0.0,0.0,0.0
2019-09-19,0.0,0.0,0.0,no_trade,0.0,0.0,0.0,no_trade,median_plateau_compact,0.0,0.0,0.0
2019-09-23,0.0,0.0,0.0,no_trade,0.0,0.0,0.0,no_trade,median_plateau_compact,0.0,0.0,0.0
2019-09-24,0.0,0.0,0.0,no_trade,0.0,0.0,0.0,no_trade,median_plateau_compact,0.0,0.0,0.0
2019-09-25,0.0,0.0,0.0,no_trade,0.0,0.0,0.0,no_trade,median_plateau_compact,0.0,0.0,0.0
2019-09-26,0.0,0.0,0.0,no_trade,0.0,0.0,0.0,no_trade,median_plateau_compact,0.0,0.0,0.0
2019-09-27,0.0,0.0,0.0,no_trade,0.0,0.0,0.0,no_trade,median_plateau_compact,0.0,0.0,0.0
2019-09-30,0.0,0.0,0.0,no_trade,0.0,0.0,0.0,no_trade,median_plateau_compact,0.0,0.0,0.0
2019-10-01,0.0,0.0,0.0,no_trade,0.0,0.0,0.0,no_trade,median_plateau_compact,0.0,0.0,0.0
2019-10-02,0.0,0.0,0.0,no_trade,0.0,0.0,0.0,no_trade,median_plateau_compact,0.0,0.0,0.0
2019-10-03,-153.5,-0.00307,0.25,high,-153.5,-0.00307,0.25,high,median_plateau_compact,0.0,0.0,0.0
2019-10-04,276.0,0.00552,0.5,low,276.0,0.00552,0.5,low,median_plateau_compact,0.0,0.0,0.0
2019-10-07,0.0,0.0,0.0,no_trade,0.0,0.0,0.0,no_trade,median_plateau_compact,0.0,0.0,0.0
2019-10-08,0.0,0.0,0.0,no_trade,0.0,0.0,0.0,no_trade,median_plateau_compact,0.0,0.0,0.0
2019-10-09,0.0,0.0,0.0,no_trade,0.0,0.0,0.0,no_trade,median_plateau_compact,0.0,0.0,0.0
2019-10-10,0.0,0.0,0.0,no_trade,0.0,0.0,0.0,no_trade,median_plateau_compact,0.0,0.0,0.0
2019-10-11,0.0,0.0,0.0,no_trade,0.0,0.0,0.0,no_trade,median_plateau_compact,0.0,0.0,0.0
2019-10-14,0.0,0.0,0.0,no_trade,0.0,0.0,0.0,no_trade,median_plateau_compact,0.0,0.0,0.0
2019-10-15,0.0,0.0,0.0,no_trade,0.0,0.0,0.0,no_trade,median_plateau_compact,0.0,0.0,0.0
2019-10-16,0.0,0.0,0.0,no_trade,0.0,0.0,0.0,no_trade,median_plateau_compact,0.0,0.0,0.0
2019-10-17,0.0,0.0,0.0,no_trade,0.0,0.0,0.0,no_trade,median_plateau_compact,0.0,0.0,0.0
2019-10-18,0.0,0.0,0.0,no_trade,0.0,0.0,0.0,no_trade,median_plateau_compact,0.0,0.0,0.0
2019-10-21,0.0,0.0,0.0,no_trade,0.0,0.0,0.0,no_trade,median_plateau_compact,0.0,0.0,0.0
2019-10-22,0.0,0.0,0.0,no_trade,0.0,0.0,0.0,no_trade,median_plateau_compact,0.0,0.0,0.0
2019-10-23,0.0,0.0,0.0,no_trade,0.0,0.0,0.0,no_trade,median_plateau_compact,0.0,0.0,0.0
2019-10-24,0.0,0.0,0.0,no_trade,0.0,0.0,0.0,no_trade,median_plateau_compact,0.0,0.0,0.0
2019-10-25,0.0,0.0,0.0,no_trade,0.0,0.0,0.0,no_trade,median_plateau_compact,0.0,0.0,0.0
2019-10-28,0.0,0.0,0.0,no_trade,0.0,0.0,0.0,no_trade,median_plateau_compact,0.0,0.0,0.0
2019-10-29,0.0,0.0,0.0,no_trade,0.0,0.0,0.0,no_trade,median_plateau_compact,0.0,0.0,0.0
2019-10-30,0.0,0.0,0.0,no_trade,0.0,0.0,0.0,no_trade,median_plateau_compact,0.0,0.0,0.0
2019-10-31,0.0,0.0,0.0,no_trade,0.0,0.0,0.0,no_trade,median_plateau_compact,0.0,0.0,0.0
2019-11-01,0.0,0.0,0.0,no_trade,0.0,0.0,0.0,no_trade,median_plateau_compact,0.0,0.0,0.0
2019-11-04,0.0,0.0,0.0,no_trade,0.0,0.0,0.0,no_trade,median_plateau_compact,0.0,0.0,0.0
2019-11-05,0.0,0.0,0.0,no_trade,0.0,0.0,0.0,no_trade,median_plateau_compact,0.0,0.0,0.0
2019-11-06,0.0,0.0,0.0,no_trade,0.0,0.0,0.0,no_trade,median_plateau_compact,0.0,0.0,0.0
2019-11-07,0.0,0.0,0.0,no_trade,0.0,0.0,0.0,no_trade,median_plateau_compact,0.0,0.0,0.0
2019-11-08,0.0,0.0,0.0,no_trade,0.0,0.0,0.0,no_trade,median_plateau_compact,0.0,0.0,0.0
2019-11-11,0.0,0.0,0.0,no_trade,0.0,0.0,0.0,no_trade,median_plateau_compact,0.0,0.0,0.0
2019-11-12,0.0,0.0,0.0,no_trade,0.0,0.0,0.0,no_trade,median_plateau_compact,0.0,0.0,0.0
2019-11-13,0.0,0.0,0.0,no_trade,0.0,0.0,0.0,no_trade,median_plateau_compact,0.0,0.0,0.0
2019-11-14,0.0,0.0,0.0,no_trade,0.0,0.0,0.0,no_trade,median_plateau_compact,0.0,0.0,0.0
2019-11-15,0.0,0.0,0.0,no_trade,0.0,0.0,0.0,no_trade,median_plateau_compact,0.0,0.0,0.0
2019-11-18,0.0,0.0,0.0,no_trade,0.0,0.0,0.0,no_trade,median_plateau_compact,0.0,0.0,0.0
2019-11-19,0.0,0.0,0.0,no_trade,0.0,0.0,0.0,no_trade,median_plateau_compact,0.0,0.0,0.0
2019-11-20,0.0,0.0,0.0,no_trade,0.0,0.0,0.0,no_trade,median_plateau_compact,0.0,0.0,0.0
2019-11-21,0.0,0.0,0.0,no_trade,0.0,0.0,0.0,no_trade,median_plateau_compact,0.0,0.0,0.0
2019-11-22,0.0,0.0,0.0,no_trade,0.0,0.0,0.0,no_trade,median_plateau_compact,0.0,0.0,0.0
2019-11-25,0.0,0.0,0.0,no_trade,0.0,0.0,0.0,no_trade,median_plateau_compact,0.0,0.0,0.0
2019-11-26,0.0,0.0,0.0,no_trade,0.0,0.0,0.0,no_trade,median_plateau_compact,0.0,0.0,0.0
2019-11-27,0.0,0.0,0.0,no_trade,0.0,0.0,0.0,no_trade,median_plateau_compact,0.0,0.0,0.0
2019-11-28,0.0,0.0,0.0,no_trade,0.0,0.0,0.0,no_trade,median_plateau_compact,0.0,0.0,0.0
2019-11-29,0.0,0.0,0.0,no_trade,0.0,0.0,0.0,no_trade,median_plateau_compact,0.0,0.0,0.0
2019-12-02,0.0,0.0,0.0,no_trade,0.0,0.0,0.0,no_trade,median_plateau_compact,0.0,0.0,0.0
2019-12-03,0.0,0.0,0.0,no_trade,0.0,0.0,0.0,no_trade,median_plateau_compact,0.0,0.0,0.0
2019-12-04,0.0,0.0,0.0,no_trade,0.0,0.0,0.0,no_trade,median_plateau_compact,0.0,0.0,0.0
2019-12-05,0.0,0.0,0.0,no_trade,0.0,0.0,0.0,no_trade,median_plateau_compact,0.0,0.0,0.0
2019-12-06,0.0,0.0,0.0,no_trade,0.0,0.0,0.0,no_trade,median_plateau_compact,0.0,0.0,0.0
2019-12-09,0.0,0.0,0.0,no_trade,0.0,0.0,0.0,no_trade,median_plateau_compact,0.0,0.0,0.0
2019-12-10,0.0,0.0,0.0,no_trade,0.0,0.0,0.0,no_trade,median_plateau_compact,0.0,0.0,0.0
2019-12-11,0.0,0.0,0.0,no_trade,0.0,0.0,0.0,no_trade,median_plateau_compact,0.0,0.0,0.0
2019-12-12,-28.5,-0.00057,0.5,low,-28.5,-0.00057,0.5,low,median_plateau_compact,0.0,0.0,0.0
2019-12-13,-22.5,-0.00045,0.5,low,-22.5,-0.00045,0.5,low,median_plateau_compact,0.0,0.0,0.0
2019-12-16,0.0,0.0,0.0,no_trade,0.0,0.0,0.0,no_trade,median_plateau_compact,0.0,0.0,0.0
2019-12-17,0.0,0.0,0.0,no_trade,0.0,0.0,0.0,no_trade,median_plateau_compact,0.0,0.0,0.0
2019-12-18,0.0,0.0,0.0,no_trade,0.0,0.0,0.0,no_trade,median_plateau_compact,0.0,0.0,0.0
2019-12-19,0.0,0.0,0.0,no_trade,0.0,0.0,0.0,no_trade,median_plateau_compact,0.0,0.0,0.0
2019-12-23,0.0,0.0,0.0,no_trade,0.0,0.0,0.0,no_trade,median_plateau_compact,0.0,0.0,0.0
2019-12-24,0.0,0.0,0.0,no_trade,0.0,0.0,0.0,no_trade,median_plateau_compact,0.0,0.0,0.0
2019-12-26,0.0,0.0,0.0,no_trade,0.0,0.0,0.0,no_trade,median_plateau_compact,0.0,0.0,0.0
2019-12-27,0.0,0.0,0.0,no_trade,0.0,0.0,0.0,no_trade,median_plateau_compact,0.0,0.0,0.0
2019-12-30,0.0,0.0,0.0,no_trade,0.0,0.0,0.0,no_trade,median_plateau_compact,0.0,0.0,0.0
2019-12-31,0.0,0.0,0.0,no_trade,0.0,0.0,0.0,no_trade,median_plateau_compact,0.0,0.0,0.0
2020-01-02,0.0,0.0,0.0,no_trade,0.0,0.0,0.0,no_trade,median_plateau_compact,0.0,0.0,0.0
2020-01-03,0.0,0.0,0.0,no_trade,0.0,0.0,0.0,no_trade,median_plateau_compact,0.0,0.0,0.0
2020-01-06,0.0,0.0,0.0,no_trade,0.0,0.0,0.0,no_trade,median_plateau_compact,0.0,0.0,0.0
2020-01-07,0.0,0.0,0.0,no_trade,0.0,0.0,0.0,no_trade,median_plateau_compact,0.0,0.0,0.0
2020-01-08,0.0,0.0,0.0,no_trade,0.0,0.0,0.0,no_trade,median_plateau_compact,0.0,0.0,0.0
2020-01-09,0.0,0.0,0.0,no_trade,0.0,0.0,0.0,no_trade,median_plateau_compact,0.0,0.0,0.0
2020-01-10,0.0,0.0,0.0,no_trade,0.0,0.0,0.0,no_trade,median_plateau_compact,0.0,0.0,0.0
2020-01-13,0.0,0.0,0.0,no_trade,0.0,0.0,0.0,no_trade,median_plateau_compact,0.0,0.0,0.0
2020-01-14,0.0,0.0,0.0,no_trade,0.0,0.0,0.0,no_trade,median_plateau_compact,0.0,0.0,0.0
2020-01-15,0.0,0.0,0.0,no_trade,0.0,0.0,0.0,no_trade,median_plateau_compact,0.0,0.0,0.0
2020-01-16,0.0,0.0,0.0,no_trade,0.0,0.0,0.0,no_trade,median_plateau_compact,0.0,0.0,0.0
2020-01-17,0.0,0.0,0.0,no_trade,0.0,0.0,0.0,no_trade,median_plateau_compact,0.0,0.0,0.0
2020-01-20,0.0,0.0,0.0,no_trade,0.0,0.0,0.0,no_trade,median_plateau_compact,0.0,0.0,0.0
2020-01-21,0.0,0.0,0.0,no_trade,0.0,0.0,0.0,no_trade,median_plateau_compact,0.0,0.0,0.0
2020-01-22,0.0,0.0,0.0,no_trade,0.0,0.0,0.0,no_trade,median_plateau_compact,0.0,0.0,0.0
2020-01-23,0.0,0.0,0.0,no_trade,0.0,0.0,0.0,no_trade,median_plateau_compact,0.0,0.0,0.0
2020-01-24,0.0,0.0,0.0,no_trade,0.0,0.0,0.0,no_trade,median_plateau_compact,0.0,0.0,0.0
2020-01-27,0.0,0.0,0.0,no_trade,0.0,0.0,0.0,no_trade,median_plateau_compact,0.0,0.0,0.0
2020-01-28,0.0,0.0,0.0,no_trade,0.0,0.0,0.0,no_trade,median_plateau_compact,0.0,0.0,0.0
2020-01-29,0.0,0.0,0.0,no_trade,0.0,0.0,0.0,no_trade,median_plateau_compact,0.0,0.0,0.0
2020-01-30,0.0,0.0,0.0,no_trade,0.0,0.0,0.0,no_trade,median_plateau_compact,0.0,0.0,0.0
2020-01-31,774.0,0.01548,1.0,mid,774.0,0.01548,1.0,mid,median_plateau_compact,0.0,0.0,0.0
2020-02-03,0.0,0.0,0.0,no_trade,0.0,0.0,0.0,no_trade,median_plateau_compact,0.0,0.0,0.0
2020-02-04,0.0,0.0,0.0,no_trade,0.0,0.0,0.0,no_trade,median_plateau_compact,0.0,0.0,0.0
2020-02-05,-94.0,-0.00188,1.0,mid,-94.0,-0.00188,1.0,mid,median_plateau_compact,0.0,0.0,0.0
2020-02-06,0.0,0.0,0.0,no_trade,0.0,0.0,0.0,no_trade,median_plateau_compact,0.0,0.0,0.0
2020-02-07,0.0,0.0,0.0,no_trade,0.0,0.0,0.0,no_trade,median_plateau_compact,0.0,0.0,0.0
2020-02-10,0.0,0.0,0.0,no_trade,0.0,0.0,0.0,no_trade,median_plateau_compact,0.0,0.0,0.0
2020-02-11,0.0,0.0,0.0,no_trade,0.0,0.0,0.0,no_trade,median_plateau_compact,0.0,0.0,0.0
2020-02-12,0.0,0.0,0.0,no_trade,0.0,0.0,0.0,no_trade,median_plateau_compact,0.0,0.0,0.0
2020-02-13,0.0,0.0,0.0,no_trade,0.0,0.0,0.0,no_trade,median_plateau_compact,0.0,0.0,0.0
2020-02-14,0.0,0.0,0.0,no_trade,0.0,0.0,0.0,no_trade,median_plateau_compact,0.0,0.0,0.0
2020-02-17,0.0,0.0,0.0,no_trade,0.0,0.0,0.0,no_trade,median_plateau_compact,0.0,0.0,0.0
2020-02-18,0.0,0.0,0.0,no_trade,0.0,0.0,0.0,no_trade,median_plateau_compact,0.0,0.0,0.0
2020-02-19,0.0,0.0,0.0,no_trade,0.0,0.0,0.0,no_trade,median_plateau_compact,0.0,0.0,0.0
2020-02-20,0.0,0.0,0.0,no_trade,0.0,0.0,0.0,no_trade,median_plateau_compact,0.0,0.0,0.0
2020-02-21,36.5,0.00073,0.5,low,36.5,0.00073,0.5,low,median_plateau_compact,0.0,0.0,0.0
2020-02-24,0.0,0.0,0.0,no_trade,0.0,0.0,0.0,no_trade,median_plateau_compact,0.0,0.0,0.0
2020-02-25,405.0,0.0081,0.5,low,405.0,0.0081,0.5,low,median_plateau_compact,0.0,0.0,0.0
2020-02-26,-277.0,-0.00554,0.5,low,-277.0,-0.00554,0.5,low,median_plateau_compact,0.0,0.0,0.0
2020-02-27,-248.0,-0.00496,0.5,low,-248.0,-0.00496,0.5,low,median_plateau_compact,0.0,0.0,0.0
2020-02-28,0.0,0.0,0.0,no_trade,0.0,0.0,0.0,no_trade,median_plateau_compact,0.0,0.0,0.0
2020-03-02,0.0,0.0,0.0,no_trade,0.0,0.0,0.0,no_trade,median_plateau_compact,0.0,0.0,0.0
2020-03-03,0.0,0.0,0.0,no_trade,0.0,0.0,0.0,no_trade,median_plateau_compact,0.0,0.0,0.0
2020-03-04,265.0,0.0053,0.5,low,265.0,0.0053,0.5,low,median_plateau_compact,0.0,0.0,0.0
2020-03-05,-337.0,-0.00674,0.5,low,-337.0,-0.00674,0.5,low,median_plateau_compact,0.0,0.0,0.0
2020-03-06,-234.5,-0.00469,0.5,low,-234.5,-0.00469,0.5,low,median_plateau_compact,0.0,0.0,0.0
2020-03-09,0.0,0.0,0.0,no_trade,0.0,0.0,0.0,no_trade,median_plateau_compact,0.0,0.0,0.0
2020-03-10,-230.5,-0.00461,0.5,low,-230.5,-0.00461,0.5,low,median_plateau_compact,0.0,0.0,0.0
2020-03-11,389.0,0.00778,0.5,low,389.0,0.00778,0.5,low,median_plateau_compact,0.0,0.0,0.0
2020-03-12,0.0,0.0,0.0,no_trade,0.0,0.0,0.0,no_trade,median_plateau_compact,0.0,0.0,0.0
2020-03-13,0.0,0.0,0.0,no_trade,0.0,0.0,0.0,no_trade,median_plateau_compact,0.0,0.0,0.0
2020-03-16,0.0,0.0,0.0,no_trade,0.0,0.0,0.0,no_trade,median_plateau_compact,0.0,0.0,0.0
2020-03-17,0.0,0.0,0.0,no_trade,0.0,0.0,0.0,no_trade,median_plateau_compact,0.0,0.0,0.0
2020-03-18,0.0,0.0,0.0,no_trade,0.0,0.0,0.0,no_trade,median_plateau_compact,0.0,0.0,0.0
2020-03-19,0.0,0.0,0.0,no_trade,0.0,0.0,0.0,no_trade,median_plateau_compact,0.0,0.0,0.0
2020-03-23,0.0,0.0,0.0,no_trade,0.0,0.0,0.0,no_trade,median_plateau_compact,0.0,0.0,0.0
2020-03-24,-233.5,-0.00467,0.5,low,-233.5,-0.00467,0.5,low,median_plateau_compact,0.0,0.0,0.0
2020-03-25,0.0,0.0,0.0,no_trade,0.0,0.0,0.0,no_trade,median_plateau_compact,0.0,0.0,0.0
2020-03-26,0.0,0.0,0.0,no_trade,0.0,0.0,0.0,no_trade,median_plateau_compact,0.0,0.0,0.0
2020-03-27,0.0,0.0,0.0,no_trade,0.0,0.0,0.0,no_trade,median_plateau_compact,0.0,0.0,0.0
2020-03-30,1400.0,0.028,1.0,mid,1400.0,0.028,1.0,mid,median_plateau_compact,0.0,0.0,0.0
2020-03-31,-163.0,-0.00326,0.25,high,-163.0,-0.00326,0.25,high,median_plateau_compact,0.0,0.0,0.0
2020-04-01,-307.0,-0.00614,0.5,low,-307.0,-0.00614,0.5,low,median_plateau_compact,0.0,0.0,0.0
2020-04-02,176.0,0.00352,0.5,low,176.0,0.00352,0.5,low,median_plateau_compact,0.0,0.0,0.0
2020-04-03,94.0,0.00188,0.5,low,94.0,0.00188,0.5,low,median_plateau_compact,0.0,0.0,0.0
2020-04-06,0.0,0.0,0.0,no_trade,0.0,0.0,0.0,no_trade,median_plateau_compact,0.0,0.0,0.0
2020-04-07,223.0,0.00446,0.5,low,223.0,0.00446,0.5,low,median_plateau_compact,0.0,0.0,0.0
2020-04-08,-208.0,-0.00416,0.5,low,-208.0,-0.00416,0.5,low,median_plateau_compact,0.0,0.0,0.0
2020-04-09,-54.0,-0.00108,1.0,mid,-54.0,-0.00108,1.0,mid,median_plateau_compact,0.0,0.0,0.0
2020-04-13,-684.0,-0.01368,1.0,mid,-684.0,-0.01368,1.0,mid,median_plateau_compact,0.0,0.0,0.0
2020-04-14,283.0,0.00566,1.0,mid,283.0,0.00566,1.0,mid,median_plateau_compact,0.0,0.0,0.0
2020-04-15,0.0,0.0,0.0,no_trade,0.0,0.0,0.0,no_trade,median_plateau_compact,0.0,0.0,0.0
2020-04-16,-162.5,-0.00325,0.25,high,-162.5,-0.00325,0.25,high,median_plateau_compact,0.0,0.0,0.0
2020-04-17,-301.5,-0.00603,1.0,mid,-301.5,-0.00603,1.0,mid,median_plateau_compact,0.0,0.0,0.0
2020-04-20,-635.0,-0.0127,1.0,mid,-635.0,-0.0127,1.0,mid,median_plateau_compact,0.0,0.0,0.0
2020-04-21,174.5,0.00349,0.5,low,174.5,0.00349,0.5,low,median_plateau_compact,0.0,0.0,0.0
2020-04-22,165.0,0.0033,0.5,low,165.0,0.0033,0.5,low,median_plateau_compact,0.0,0.0,0.0
2020-04-23,-349.0,-0.00698,0.5,low,-349.0,-0.00698,0.5,low,median_plateau_compact,0.0,0.0,0.0
2020-04-24,0.0,0.0,0.0,no_trade,0.0,0.0,0.0,no_trade,median_plateau_compact,0.0,0.0,0.0
2020-04-27,-309.0,-0.00618,0.5,low,-309.0,-0.00618,0.5,low,median_plateau_compact,0.0,0.0,0.0
2020-04-28,1162.0,0.02324,1.0,mid,1162.0,0.02324,1.0,mid,median_plateau_compact,0.0,0.0,0.0
2020-04-29,718.0,0.01436,0.5,low,718.0,0.01436,0.5,low,median_plateau_compact,0.0,0.0,0.0
2020-04-30,-59.5,-0.00119,0.25,high,-59.5,-0.00119,0.25,high,median_plateau_compact,0.0,0.0,0.0
2020-05-01,-135.5,-0.00271,0.25,high,-135.5,-0.00271,0.25,high,median_plateau_compact,0.0,0.0,0.0
2020-05-04,688.0,0.01376,1.0,mid,688.0,0.01376,1.0,mid,median_plateau_compact,0.0,0.0,0.0
2020-05-05,0.0,0.0,0.0,no_trade,0.0,0.0,0.0,no_trade,median_plateau_compact,0.0,0.0,0.0
2020-05-06,-133.0,-0.00266,0.25,high,-133.0,-0.00266,0.25,high,median_plateau_compact,0.0,0.0,0.0
2020-05-07,-665.0,-0.0133,1.0,mid,-665.0,-0.0133,1.0,mid,median_plateau_compact,0.0,0.0,0.0
2020-05-08,0.0,0.0,0.0,no_trade,0.0,0.0,0.0,no_trade,median_plateau_compact,0.0,0.0,0.0
2020-05-11,0.0,0.0,0.0,no_trade,0.0,0.0,0.0,no_trade,median_plateau_compact,0.0,0.0,0.0
2020-05-12,0.0,0.0,0.0,no_trade,0.0,0.0,0.0,no_trade,median_plateau_compact,0.0,0.0,0.0
2020-05-13,-215.0,-0.0043,0.5,low,-215.0,-0.0043,0.5,low,median_plateau_compact,0.0,0.0,0.0
2020-05-14,-504.0,-0.01008,1.0,mid,-504.0,-0.01008,1.0,mid,median_plateau_compact,0.0,0.0,0.0
2020-05-15,203.0,0.00406,0.5,low,203.0,0.00406,0.5,low,median_plateau_compact,0.0,0.0,0.0
2020-05-18,105.0,0.0021,0.5,low,105.0,0.0021,0.5,low,median_plateau_compact,0.0,0.0,0.0
2020-05-19,-292.0,-0.00584,0.5,low,-292.0,-0.00584,0.5,low,median_plateau_compact,0.0,0.0,0.0
2020-05-20,0.0,0.0,0.0,no_trade,0.0,0.0,0.0,no_trade,median_plateau_compact,0.0,0.0,0.0
2020-05-21,282.0,0.00564,0.25,high,282.0,0.00564,0.25,high,median_plateau_compact,0.0,0.0,0.0
2020-05-22,0.0,0.0,0.0,no_trade,0.0,0.0,0.0,no_trade,median_plateau_compact,0.0,0.0,0.0
2020-05-25,0.0,0.0,0.0,no_trade,0.0,0.0,0.0,no_trade,median_plateau_compact,0.0,0.0,0.0
2020-05-26,0.0,0.0,0.0,no_trade,0.0,0.0,0.0,no_trade,median_plateau_compact,0.0,0.0,0.0
2020-05-27,-234.0,-0.00468,0.5,low,-234.0,-0.00468,0.5,low,median_plateau_compact,0.0,0.0,0.0
2020-05-28,-168.5,-0.00337,0.25,high,-168.5,-0.00337,0.25,high,median_plateau_compact,0.0,0.0,0.0
2020-05-29,-148.0,-0.00296,0.25,high,-148.0,-0.00296,0.25,high,median_plateau_compact,0.0,0.0,0.0
2020-06-01,41.0,0.00082,0.5,low,41.0,0.00082,0.5,low,median_plateau_compact,0.0,0.0,0.0
2020-06-02,0.0,0.0,0.0,no_trade,0.0,0.0,0.0,no_trade,median_plateau_compact,0.0,0.0,0.0
2020-06-03,-749.0,-0.01498,1.0,mid,-749.0,-0.01498,1.0,mid,median_plateau_compact,0.0,0.0,0.0
2020-06-04,0.0,0.0,0.0,no_trade,0.0,0.0,0.0,no_trade,median_plateau_compact,0.0,0.0,0.0
2020-06-05,0.0,0.0,0.0,no_trade,0.0,0.0,0.0,no_trade,median_plateau_compact,0.0,0.0,0.0
2020-06-08,-128.0,-0.00256,0.25,high,-128.0,-0.00256,0.25,high,median_plateau_compact,0.0,0.0,0.0
2020-06-09,591.0,0.01182,1.0,mid,591.0,0.01182,1.0,mid,median_plateau_compact,0.0,0.0,0.0
2020-06-10,-97.5,-0.00195,0.25,high,-97.5,-0.00195,0.25,high,median_plateau_compact,0.0,0.0,0.0
2020-06-11,-588.0,-0.01176,1.0,mid,-588.0,-0.01176,1.0,mid,median_plateau_compact,0.0,0.0,0.0
2020-06-12,1341.0,0.02682,1.0,mid,1341.0,0.02682,1.0,mid,median_plateau_compact,0.0,0.0,0.0
2020-06-15,475.0,0.0095,0.5,low,475.0,0.0095,0.5,low,median_plateau_compact,0.0,0.0,0.0
2020-06-16,-55.0,-0.0011,0.25,high,-55.0,-0.0011,0.25,high,median_plateau_compact,0.0,0.0,0.0
2020-06-17,-127.0,-0.00254,0.25,high,-127.0,-0.00254,0.25,high,median_plateau_compact,0.0,0.0,0.0
2020-06-18,-301.5,-0.00603,0.5,low,-301.5,-0.00603,0.5,low,median_plateau_compact,0.0,0.0,0.0
2020-06-22,190.0,0.0038,0.25,high,190.0,0.0038,0.25,high,median_plateau_compact,0.0,0.0,0.0
2020-06-23,0.0,0.0,0.0,no_trade,0.0,0.0,0.0,no_trade,median_plateau_compact,0.0,0.0,0.0
2020-06-24,0.0,0.0,0.0,no_trade,0.0,0.0,0.0,no_trade,median_plateau_compact,0.0,0.0,0.0
2020-06-25,0.0,0.0,0.0,no_trade,0.0,0.0,0.0,no_trade,median_plateau_compact,0.0,0.0,0.0
2020-06-26,237.5,0.00475,0.5,low,237.5,0.00475,0.5,low,median_plateau_compact,0.0,0.0,0.0
2020-06-29,212.0,0.00424,0.5,low,212.0,0.00424,0.5,low,median_plateau_compact,0.0,0.0,0.0
2020-06-30,520.5,0.01041,1.0,mid,520.5,0.01041,1.0,mid,median_plateau_compact,0.0,0.0,0.0
2020-07-01,245.0,0.0049,0.5,low,245.0,0.0049,0.5,low,median_plateau_compact,0.0,0.0,0.0
2020-07-02,6.0,0.00012,0.25,high,6.0,0.00012,0.25,high,median_plateau_compact,0.0,0.0,0.0
2020-07-03,0.0,0.0,0.0,no_trade,0.0,0.0,0.0,no_trade,median_plateau_compact,0.0,0.0,0.0
2020-07-06,246.0,0.00492,0.25,high,246.0,0.00492,0.25,high,median_plateau_compact,0.0,0.0,0.0
2020-07-07,-326.0,-0.00652,0.5,low,-326.0,-0.00652,0.5,low,median_plateau_compact,0.0,0.0,0.0
2020-07-08,-144.0,-0.00288,0.25,high,-144.0,-0.00288,0.25,high,median_plateau_compact,0.0,0.0,0.0
2020-07-09,711.0,0.01422,0.5,low,711.0,0.01422,0.5,low,median_plateau_compact,0.0,0.0,0.0
2020-07-10,0.0,0.0,0.0,no_trade,0.0,0.0,0.0,no_trade,median_plateau_compact,0.0,0.0,0.0
2020-07-13,-287.0,-0.00574,0.5,low,-287.0,-0.00574,0.5,low,median_plateau_compact,0.0,0.0,0.0
2020-07-14,0.0,0.0,0.0,no_trade,0.0,0.0,0.0,no_trade,median_plateau_compact,0.0,0.0,0.0
2020-07-15,0.0,0.0,0.0,no_trade,0.0,0.0,0.0,no_trade,median_plateau_compact,0.0,0.0,0.0
2020-07-16,-690.0,-0.0138,1.0,mid,-690.0,-0.0138,1.0,mid,median_plateau_compact,0.0,0.0,0.0
2020-07-17,-188.5,-0.00377,0.5,low,-188.5,-0.00377,0.5,low,median_plateau_compact,0.0,0.0,0.0
2020-07-20,730.0,0.0146,0.5,low,1460.0,0.0292,1.0,mid,median_plateau_compact,730.0,0.0146,730.0
2020-07-21,390.0,0.0078,1.0,mid,390.0,0.0078,1.0,mid,median_plateau_compact,0.0,0.0,0.0
2020-07-22,-109.0,-0.00218,0.5,low,-109.0,-0.00218,0.5,low,median_plateau_compact,0.0,0.0,0.0
2020-07-23,291.0,0.00582,0.25,high,291.0,0.00582,0.25,high,median_plateau_compact,0.0,0.0,0.0
2020-07-24,68.5,0.00137,0.5,low,68.5,0.00137,0.5,low,median_plateau_compact,0.0,0.0,0.0
2020-07-27,-718.5,-0.01437,1.0,mid,-718.5,-0.01437,1.0,mid,median_plateau_compact,0.0,0.0,0.0
2020-07-28,0.0,0.0,0.0,no_trade,0.0,0.0,0.0,no_trade,median_plateau_compact,0.0,0.0,0.0
2020-07-29,48.0,0.00096,0.25,high,48.0,0.00096,0.25,high,median_plateau_compact,0.0,0.0,0.0
2020-07-30,-196.0,-0.00392,0.5,low,-196.0,-0.00392,0.5,low,median_plateau_compact,0.0,0.0,0.0
2020-07-31,-514.0,-0.01028,1.0,mid,-514.0,-0.01028,1.0,mid,median_plateau_compact,0.0,0.0,0.0
2020-08-03,-62.5,-0.00125,0.25,high,-62.5,-0.00125,0.25,high,median_plateau_compact,0.0,0.0,0.0
2020-08-04,-256.0,-0.00512,0.5,low,-256.0,-0.00512,0.5,low,median_plateau_compact,0.0,0.0,0.0
2020-08-05,-78.0,-0.00156,0.5,low,-78.0,-0.00156,0.5,low,median_plateau_compact,0.0,0.0,0.0
2020-08-06,0.0,0.0,0.0,no_trade,0.0,0.0,0.0,no_trade,median_plateau_compact,0.0,0.0,0.0
2020-08-07,0.0,0.0,0.0,no_trade,0.0,0.0,0.0,no_trade,median_plateau_compact,0.0,0.0,0.0
2020-08-10,-60.0,-0.0012,0.25,high,-60.0,-0.0012,0.25,high,median_plateau_compact,0.0,0.0,0.0
2020-08-11,-565.5,-0.01131,1.0,mid,-565.5,-0.01131,1.0,mid,median_plateau_compact,0.0,0.0,0.0
2020-08-12,121.0,0.00242,0.5,low,121.0,0.00242,0.5,low,median_plateau_compact,0.0,0.0,0.0
2020-08-13,-280.0,-0.0056,0.5,low,-280.0,-0.0056,0.5,low,median_plateau_compact,0.0,0.0,0.0
2020-08-14,-217.5,-0.00435,1.0,mid,-217.5,-0.00435,1.0,mid,median_plateau_compact,0.0,0.0,0.0
2020-08-17,0.0,0.0,0.0,no_trade,0.0,0.0,0.0,no_trade,median_plateau_compact,0.0,0.0,0.0
2020-08-18,-126.0,-0.00252,0.25,high,-126.0,-0.00252,0.25,high,median_plateau_compact,0.0,0.0,0.0
2020-08-19,0.0,0.0,0.0,no_trade,0.0,0.0,0.0,no_trade,median_plateau_compact,0.0,0.0,0.0
2020-08-20,0.0,0.0,0.0,no_trade,0.0,0.0,0.0,no_trade,median_plateau_compact,0.0,0.0,0.0
2020-08-21,253.5,0.00507,0.5,low,253.5,0.00507,0.5,low,median_plateau_compact,0.0,0.0,0.0
2020-08-24,0.0,0.0,0.0,no_trade,0.0,0.0,0.0,no_trade,median_plateau_compact,0.0,0.0,0.0
2020-08-25,702.0,0.01404,0.5,low,702.0,0.01404,0.5,low,median_plateau_compact,0.0,0.0,0.0
2020-08-26,0.0,0.0,0.0,no_trade,0.0,0.0,0.0,no_trade,median_plateau_compact,0.0,0.0,0.0
2020-08-27,-226.5,-0.00453,0.5,low,-226.5,-0.00453,0.5,low,median_plateau_compact,0.0,0.0,0.0
2020-08-28,-129.0,-0.00258,0.25,high,-129.0,-0.00258,0.25,high,median_plateau_compact,0.0,0.0,0.0
2020-08-31,180.0,0.0036,0.5,low,180.0,0.0036,0.5,low,median_plateau_compact,0.0,0.0,0.0
2020-09-01,1158.0,0.02316,1.0,mid,1158.0,0.02316,1.0,mid,median_plateau_compact,0.0,0.0,0.0
2020-09-02,0.0,0.0,0.0,no_trade,0.0,0.0,0.0,no_trade,median_plateau_compact,0.0,0.0,0.0
2020-09-03,1338.0,0.02676,1.0,mid,1338.0,0.02676,1.0,mid,median_plateau_compact,0.0,0.0,0.0
2020-09-04,0.0,0.0,0.0,no_trade,0.0,0.0,0.0,no_trade,median_plateau_compact,0.0,0.0,0.0
2020-09-07,0.0,0.0,0.0,no_trade,0.0,0.0,0.0,no_trade,median_plateau_compact,0.0,0.0,0.0
2020-09-08,0.0,0.0,0.0,no_trade,0.0,0.0,0.0,no_trade,median_plateau_compact,0.0,0.0,0.0
2020-09-09,134.0,0.00268,1.0,mid,134.0,0.00268,1.0,mid,median_plateau_compact,0.0,0.0,0.0
2020-09-10,-601.5,-0.01203,1.0,mid,-601.5,-0.01203,1.0,mid,median_plateau_compact,0.0,0.0,0.0
2020-09-11,0.0,0.0,0.0,no_trade,0.0,0.0,0.0,no_trade,median_plateau_compact,0.0,0.0,0.0
2020-09-14,-681.0,-0.01362,1.0,mid,-681.0,-0.01362,1.0,mid,median_plateau_compact,0.0,0.0,0.0
2020-09-15,-283.0,-0.00566,0.5,low,-283.0,-0.00566,0.5,low,median_plateau_compact,0.0,0.0,0.0
2020-09-16,700.0,0.014,0.5,low,700.0,0.014,0.5,low,median_plateau_compact,0.0,0.0,0.0
2020-09-17,-282.5,-0.00565,0.5,low,-282.5,-0.00565,0.5,low,median_plateau_compact,0.0,0.0,0.0
2020-09-21,-282.5,-0.00565,0.5,low,-282.5,-0.00565,0.5,low,median_plateau_compact,0.0,0.0,0.0
2020-09-22,-523.0,-0.01046,1.0,mid,-523.0,-0.01046,1.0,mid,median_plateau_compact,0.0,0.0,0.0
2020-09-23,0.0,0.0,0.0,no_trade,0.0,0.0,0.0,no_trade,median_plateau_compact,0.0,0.0,0.0
2020-09-24,0.0,0.0,0.0,no_trade,0.0,0.0,0.0,no_trade,median_plateau_compact,0.0,0.0,0.0
2020-09-25,0.0,0.0,0.0,no_trade,0.0,0.0,0.0,no_trade,median_plateau_compact,0.0,0.0,0.0
2020-09-28,-208.5,-0.00417,0.5,low,-208.5,-0.00417,0.5,low,median_plateau_compact,0.0,0.0,0.0
2020-09-29,-355.5,-0.00711,0.5,low,-355.5,-0.00711,0.5,low,median_plateau_compact,0.0,0.0,0.0
2020-09-30,0.0,0.0,0.0,no_trade,0.0,0.0,0.0,no_trade,median_plateau_compact,0.0,0.0,0.0
2020-10-01,-121.5,-0.00243,0.25,high,-121.5,-0.00243,0.25,high,median_plateau_compact,0.0,0.0,0.0
2020-10-02,0.0,0.0,0.0,no_trade,0.0,0.0,0.0,no_trade,median_plateau_compact,0.0,0.0,0.0
2020-10-05,190.5,0.00381,0.25,high,190.5,0.00381,0.25,high,median_plateau_compact,0.0,0.0,0.0
2020-10-06,-274.0,-0.00548,0.5,low,-274.0,-0.00548,0.5,low,median_plateau_compact,0.0,0.0,0.0
2020-10-07,0.0,0.0,0.0,no_trade,0.0,0.0,0.0,no_trade,median_plateau_compact,0.0,0.0,0.0
2020-10-08,-139.0,-0.00278,0.25,high,-139.0,-0.00278,0.25,high,median_plateau_compact,0.0,0.0,0.0
2020-10-09,155.5,0.00311,0.25,high,155.5,0.00311,0.25,high,median_plateau_compact,0.0,0.0,0.0
2020-10-12,0.0,0.0,0.0,no_trade,0.0,0.0,0.0,no_trade,median_plateau_compact,0.0,0.0,0.0
2020-10-13,-267.0,-0.00534,0.5,low,-267.0,-0.00534,0.5,low,median_plateau_compact,0.0,0.0,0.0
2020-10-14,1119.0,0.02238,1.0,mid,1119.0,0.02238,1.0,mid,median_plateau_compact,0.0,0.0,0.0
2020-10-15,0.0,0.0,0.0,no_trade,0.0,0.0,0.0,no_trade,median_plateau_compact,0.0,0.0,0.0
2020-10-16,-95.5,-0.00191,0.25,high,-95.5,-0.00191,0.25,high,median_plateau_compact,0.0,0.0,0.0
2020-10-19,326.0,0.00652,0.25,high,326.0,0.00652,0.25,high,median_plateau_compact,0.0,0.0,0.0
2020-10-20,-708.0,-0.01416,1.0,mid,-708.0,-0.01416,1.0,mid,median_plateau_compact,0.0,0.0,0.0
2020-10-21,-39.0,-0.00078,0.5,low,-39.0,-0.00078,0.5,low,median_plateau_compact,0.0,0.0,0.0
2020-10-22,-25.0,-0.0005,1.0,mid,-25.0,-0.0005,1.0,mid,median_plateau_compact,0.0,0.0,0.0
2020-10-23,0.0,0.0,0.0,no_trade,0.0,0.0,0.0,no_trade,median_plateau_compact,0.0,0.0,0.0
2020-10-26,0.0,0.0,0.0,no_trade,0.0,0.0,0.0,no_trade,median_plateau_compact,0.0,0.0,0.0
2020-10-27,-339.0,-0.00678,0.5,low,-339.0,-0.00678,0.5,low,median_plateau_compact,0.0,0.0,0.0
2020-10-28,0.0,0.0,0.0,no_trade,0.0,0.0,0.0,no_trade,median_plateau_compact,0.0,0.0,0.0
2020-10-29,-697.5,-0.01395,1.0,mid,-697.5,-0.01395,1.0,mid,median_plateau_compact,0.0,0.0,0.0
2020-10-30,199.0,0.00398,1.0,mid,0.0,0.0,0.0,no_trade,median_plateau_compact,-199.0,-0.00398,199.0
2020-11-02,130.5,0.00261,1.0,mid,130.5,0.00261,1.0,mid,median_plateau_compact,0.0,0.0,0.0
2020-11-03,1272.0,0.02544,1.0,mid,1272.0,0.02544,1.0,mid,median_plateau_compact,0.0,0.0,0.0
2020-11-04,0.0,0.0,0.0,no_trade,0.0,0.0,0.0,no_trade,median_plateau_compact,0.0,0.0,0.0
2020-11-05,-723.0,-0.01446,1.0,mid,-723.0,-0.01446,1.0,mid,median_plateau_compact,0.0,0.0,0.0
2020-11-06,56.5,0.00113,0.5,low,56.5,0.00113,0.5,low,median_plateau_compact,0.0,0.0,0.0
2020-11-09,0.0,0.0,0.0,no_trade,0.0,0.0,0.0,no_trade,median_plateau_compact,0.0,0.0,0.0
2020-11-10,-92.0,-0.00184,0.5,low,-92.0,-0.00184,0.5,low,median_plateau_compact,0.0,0.0,0.0
2020-11-11,95.5,0.00191,0.5,low,95.5,0.00191,0.5,low,median_plateau_compact,0.0,0.0,0.0
2020-11-12,-370.0,-0.0074,0.5,low,-370.0,-0.0074,0.5,low,median_plateau_compact,0.0,0.0,0.0
2020-11-13,-112.5,-0.00225,0.25,high,-112.5,-0.00225,0.25,high,median_plateau_compact,0.0,0.0,0.0
2020-11-16,44.0,0.00088,0.5,low,44.0,0.00088,0.5,low,median_plateau_compact,0.0,0.0,0.0
2020-11-17,0.0,0.0,0.0,no_trade,0.0,0.0,0.0,no_trade,median_plateau_compact,0.0,0.0,0.0
2020-11-18,0.0,0.0,0.0,no_trade,0.0,0.0,0.0,no_trade,median_plateau_compact,0.0,0.0,0.0
2020-11-19,265.5,0.00531,1.0,mid,265.5,0.00531,1.0,mid,median_plateau_compact,0.0,0.0,0.0
2020-11-20,0.0,0.0,0.0,no_trade,0.0,0.0,0.0,no_trade,median_plateau_compact,0.0,0.0,0.0
2020-11-23,1434.0,0.02868,1.0,mid,1434.0,0.02868,1.0,mid,median_plateau_compact,0.0,0.0,0.0
2020-11-24,1424.0,0.02848,1.0,mid,712.0,0.01424,0.5,low,median_plateau_compact,-712.0,-0.01424,712.0
2020-11-25,-110.5,-0.00221,0.25,high,-110.5,-0.00221,0.25,high,median_plateau_compact,0.0,0.0,0.0
2020-11-26,0.0,0.0,0.0,no_trade,0.0,0.0,0.0,no_trade,median_plateau_compact,0.0,0.0,0.0
2020-11-27,292.0,0.00584,1.0,mid,292.0,0.00584,1.0,mid,median_plateau_compact,0.0,0.0,0.0
2020-11-30,-354.0,-0.00708,0.5,low,-354.0,-0.00708,0.5,low,median_plateau_compact,0.0,0.0,0.0
2020-12-01,113.5,0.00227,0.25,high,113.5,0.00227,0.25,high,median_plateau_compact,0.0,0.0,0.0
2020-12-02,247.0,0.00494,0.5,low,247.0,0.00494,0.5,low,median_plateau_compact,0.0,0.0,0.0
2020-12-03,-103.0,-0.00206,0.25,high,-103.0,-0.00206,0.25,high,median_plateau_compact,0.0,0.0,0.0
2020-12-04,0.0,0.0,0.0,no_trade,0.0,0.0,0.0,no_trade,median_plateau_compact,0.0,0.0,0.0
2020-12-07,-3.5,-7e-05,0.25,high,-3.5,-7e-05,0.25,high,median_plateau_compact,0.0,0.0,0.0
2020-12-08,0.0,0.0,0.0,no_trade,0.0,0.0,0.0,no_trade,median_plateau_compact,0.0,0.0,0.0
2020-12-09,0.0,0.0,0.0,no_trade,0.0,0.0,0.0,no_trade,median_plateau_compact,0.0,0.0,0.0
2020-12-10,0.5,1e-05,0.5,low,0.5,1e-05,0.5,low,median_plateau_compact,0.0,0.0,0.0
2020-12-11,-339.0,-0.00678,0.5,low,-339.0,-0.00678,0.5,low,median_plateau_compact,0.0,0.0,0.0
2020-12-14,-211.0,-0.00422,0.5,low,-211.0,-0.00422,0.5,low,median_plateau_compact,0.0,0.0,0.0
2020-12-15,0.0,0.0,0.0,no_trade,0.0,0.0,0.0,no_trade,median_plateau_compact,0.0,0.0,0.0
2020-12-16,0.0,0.0,0.0,no_trade,0.0,0.0,0.0,no_trade,median_plateau_compact,0.0,0.0,0.0
2020-12-17,0.0,0.0,0.0,no_trade,0.0,0.0,0.0,no_trade,median_plateau_compact,0.0,0.0,0.0
2020-12-21,0.0,0.0,0.0,no_trade,0.0,0.0,0.0,no_trade,median_plateau_compact,0.0,0.0,0.0
2020-12-22,-290.0,-0.0058,1.0,mid,-290.0,-0.0058,1.0,mid,median_plateau_compact,0.0,0.0,0.0
2020-12-23,0.0,0.0,0.0,no_trade,0.0,0.0,0.0,no_trade,median_plateau_compact,0.0,0.0,0.0
2020-12-24,0.0,0.0,0.0,no_trade,0.0,0.0,0.0,no_trade,median_plateau_compact,0.0,0.0,0.0
2020-12-28,0.0,0.0,0.0,no_trade,0.0,0.0,0.0,no_trade,median_plateau_compact,0.0,0.0,0.0
2020-12-29,2.5,5e-05,0.25,high,2.5,5e-05,0.25,high,median_plateau_compact,0.0,0.0,0.0
2020-12-30,65.0,0.0013,1.0,mid,65.0,0.0013,1.0,mid,median_plateau_compact,0.0,0.0,0.0
2020-12-31,0.0,0.0,0.0,no_trade,0.0,0.0,0.0,no_trade,median_plateau_compact,0.0,0.0,0.0
2021-01-04,1392.0,0.02784,1.0,mid,1392.0,0.02784,1.0,mid,median_plateau_compact,0.0,0.0,0.0
2021-01-05,0.0,0.0,0.0,no_trade,0.0,0.0,0.0,no_trade,median_plateau_compact,0.0,0.0,0.0
2021-01-06,-168.0,-0.00336,0.5,low,-168.0,-0.00336,0.5,low,median_plateau_compact,0.0,0.0,0.0
2021-01-07,490.5,0.00981,1.0,mid,490.5,0.00981,1.0,mid,median_plateau_compact,0.0,0.0,0.0
2021-01-08,-301.0,-0.00602,0.5,low,-301.0,-0.00602,0.5,low,median_plateau_compact,0.0,0.0,0.0
2021-01-11,-197.0,-0.00394,0.5,low,-197.0,-0.00394,0.5,low,median_plateau_compact,0.0,0.0,0.0
2021-01-12,0.0,0.0,0.0,no_trade,0.0,0.0,0.0,no_trade,median_plateau_compact,0.0,0.0,0.0
2021-01-13,70.0,0.0014,0.5,low,70.0,0.0014,0.5,low,median_plateau_compact,0.0,0.0,0.0
2021-01-14,0.0,0.0,0.0,no_trade,0.0,0.0,0.0,no_trade,median_plateau_compact,0.0,0.0,0.0
2021-01-15,1386.0,0.02772,1.0,mid,1386.0,0.02772,1.0,mid,median_plateau_compact,0.0,0.0,0.0
2021-01-18,0.0,0.0,0.0,no_trade,0.0,0.0,0.0,no_trade,median_plateau_compact,0.0,0.0,0.0
2021-01-19,0.0,0.0,0.0,no_trade,0.0,0.0,0.0,no_trade,median_plateau_compact,0.0,0.0,0.0
2021-01-20,1292.0,0.02584,1.0,mid,323.0,0.00646,0.25,high,median_plateau_compact,-969.0,-0.019379999999999998,969.0
2021-01-21,184.0,0.00368,0.5,low,184.0,0.00368,0.5,low,median_plateau_compact,0.0,0.0,0.0
2021-01-22,-650.0,-0.013,1.0,mid,-650.0,-0.013,1.0,mid,median_plateau_compact,0.0,0.0,0.0
2021-01-25,714.0,0.01428,0.5,low,714.0,0.01428,0.5,low,median_plateau_compact,0.0,0.0,0.0
2021-01-26,-100.0,-0.002,0.5,low,-100.0,-0.002,0.5,low,median_plateau_compact,0.0,0.0,0.0
2021-01-27,0.0,0.0,0.0,no_trade,0.0,0.0,0.0,no_trade,median_plateau_compact,0.0,0.0,0.0
2021-01-28,-520.0,-0.0104,1.0,mid,-520.0,-0.0104,1.0,mid,median_plateau_compact,0.0,0.0,0.0
2021-01-29,-302.5,-0.00605,0.5,low,-302.5,-0.00605,0.5,low,median_plateau_compact,0.0,0.0,0.0
2021-02-01,236.5,0.00473,0.5,low,236.5,0.00473,0.5,low,median_plateau_compact,0.0,0.0,0.0
2021-02-02,9.0,0.00018,0.25,high,9.0,0.00018,0.25,high,median_plateau_compact,0.0,0.0,0.0
2021-02-03,436.0,0.00872,1.0,mid,436.0,0.00872,1.0,mid,median_plateau_compact,0.0,0.0,0.0
2021-02-04,-158.0,-0.00316,0.25,high,-158.0,-0.00316,0.25,high,median_plateau_compact,0.0,0.0,0.0
2021-02-05,-130.0,-0.0026,0.25,high,-130.0,-0.0026,0.25,high,median_plateau_compact,0.0,0.0,0.0
2021-02-08,-712.0,-0.01424,1.0,mid,-712.0,-0.01424,1.0,mid,median_plateau_compact,0.0,0.0,0.0
2021-02-09,-267.5,-0.00535,1.0,mid,-267.5,-0.00535,1.0,mid,median_plateau_compact,0.0,0.0,0.0
2021-02-10,1372.0,0.02744,1.0,mid,1372.0,0.02744,1.0,mid,median_plateau_compact,0.0,0.0,0.0
2021-02-11,0.0,0.0,0.0,no_trade,0.0,0.0,0.0,no_trade,median_plateau_compact,0.0,0.0,0.0
2021-02-12,0.0,0.0,0.0,no_trade,0.0,0.0,0.0,no_trade,median_plateau_compact,0.0,0.0,0.0
2021-02-15,0.0,0.0,0.0,no_trade,0.0,0.0,0.0,no_trade,median_plateau_compact,0.0,0.0,0.0
2021-02-16,-367.5,-0.00735,0.5,low,-367.5,-0.00735,0.5,low,median_plateau_compact,0.0,0.0,0.0
2021-02-17,-732.0,-0.01464,1.0,mid,-732.0,-0.01464,1.0,mid,median_plateau_compact,0.0,0.0,0.0
2021-02-18,-144.5,-0.00289,0.25,high,-144.5,-0.00289,0.25,high,median_plateau_compact,0.0,0.0,0.0
2021-02-19,126.0,0.00252,0.25,high,126.0,0.00252,0.25,high,median_plateau_compact,0.0,0.0,0.0
2021-02-22,932.0,0.01864,1.0,mid,932.0,0.01864,1.0,mid,median_plateau_compact,0.0,0.0,0.0
2021-02-23,0.0,0.0,0.0,no_trade,0.0,0.0,0.0,no_trade,median_plateau_compact,0.0,0.0,0.0
2021-02-24,0.0,0.0,0.0,no_trade,0.0,0.0,0.0,no_trade,median_plateau_compact,0.0,0.0,0.0
2021-02-25,476.0,0.00952,0.5,low,476.0,0.00952,0.5,low,median_plateau_compact,0.0,0.0,0.0
2021-02-26,0.0,0.0,0.0,no_trade,0.0,0.0,0.0,no_trade,median_plateau_compact,0.0,0.0,0.0
2021-03-01,622.0,0.01244,0.5,low,622.0,0.01244,0.5,low,median_plateau_compact,0.0,0.0,0.0
2021-03-02,0.0,0.0,0.0,no_trade,0.0,0.0,0.0,no_trade,median_plateau_compact,0.0,0.0,0.0
2021-03-03,0.0,0.0,0.0,no_trade,0.0,0.0,0.0,no_trade,median_plateau_compact,0.0,0.0,0.0
2021-03-04,0.0,0.0,0.0,no_trade,0.0,0.0,0.0,no_trade,median_plateau_compact,0.0,0.0,0.0
2021-03-05,0.0,0.0,0.0,no_trade,0.0,0.0,0.0,no_trade,median_plateau_compact,0.0,0.0,0.0
2021-03-08,0.0,0.0,0.0,no_trade,0.0,0.0,0.0,no_trade,median_plateau_compact,0.0,0.0,0.0
2021-03-09,112.5,0.00225,0.5,low,112.5,0.00225,0.5,low,median_plateau_compact,0.0,0.0,0.0
2021-03-10,134.5,0.00269,0.5,low,134.5,0.00269,0.5,low,median_plateau_compact,0.0,0.0,0.0
2021-03-11,-694.0,-0.01388,1.0,mid,-694.0,-0.01388,1.0,mid,median_plateau_compact,0.0,0.0,0.0
2021-03-12,-230.5,-0.00461,0.5,low,-230.5,-0.00461,0.5,low,median_plateau_compact,0.0,0.0,0.0
2021-03-15,-716.0,-0.01432,1.0,mid,-716.0,-0.01432,1.0,mid,median_plateau_compact,0.0,0.0,0.0
2021-03-16,-628.5,-0.01257,1.0,mid,-628.5,-0.01257,1.0,mid,median_plateau_compact,0.0,0.0,0.0
2021-03-17,0.0,0.0,0.0,no_trade,0.0,0.0,0.0,no_trade,median_plateau_compact,0.0,0.0,0.0
2021-03-18,0.0,0.0,0.0,no_trade,0.0,0.0,0.0,no_trade,median_plateau_compact,0.0,0.0,0.0
2021-03-22,108.0,0.00216,0.5,low,108.0,0.00216,0.5,low,median_plateau_compact,0.0,0.0,0.0
2021-03-23,-622.0,-0.01244,1.0,mid,-622.0,-0.01244,1.0,mid,median_plateau_compact,0.0,0.0,0.0
2021-03-24,606.0,0.01212,1.0,mid,606.0,0.01212,1.0,mid,median_plateau_compact,0.0,0.0,0.0
2021-03-25,0.0,0.0,0.0,no_trade,0.0,0.0,0.0,no_trade,median_plateau_compact,0.0,0.0,0.0
2021-03-26,-178.5,-0.00357,0.25,high,-178.5,-0.00357,0.25,high,median_plateau_compact,0.0,0.0,0.0
2021-03-29,0.0,0.0,0.0,no_trade,0.0,0.0,0.0,no_trade,median_plateau_compact,0.0,0.0,0.0
2021-03-30,-571.5,-0.01143,1.0,mid,0.0,0.0,0.0,no_trade,median_plateau_compact,571.5,0.01143,571.5
2021-03-31,0.0,0.0,0.0,no_trade,0.0,0.0,0.0,no_trade,median_plateau_compact,0.0,0.0,0.0
2021-04-01,22.5,0.00045,0.25,high,22.5,0.00045,0.25,high,median_plateau_compact,0.0,0.0,0.0
2021-04-05,730.0,0.0146,1.0,mid,730.0,0.0146,1.0,mid,median_plateau_compact,0.0,0.0,0.0
2021-04-06,-154.5,-0.00309,0.5,low,-154.5,-0.00309,0.5,low,median_plateau_compact,0.0,0.0,0.0
2021-04-07,36.0,0.00072,0.25,high,36.0,0.00072,0.25,high,median_plateau_compact,0.0,0.0,0.0
2021-04-08,-322.5,-0.00645,0.5,low,-322.5,-0.00645,0.5,low,median_plateau_compact,0.0,0.0,0.0
2021-04-09,394.0,0.00788,0.5,low,394.0,0.00788,0.5,low,median_plateau_compact,0.0,0.0,0.0
2021-04-12,0.0,0.0,0.0,no_trade,0.0,0.0,0.0,no_trade,median_plateau_compact,0.0,0.0,0.0
2021-04-13,0.0,0.0,0.0,no_trade,0.0,0.0,0.0,no_trade,median_plateau_compact,0.0,0.0,0.0
2021-04-14,588.0,0.01176,0.5,low,588.0,0.01176,0.5,low,median_plateau_compact,0.0,0.0,0.0
2021-04-15,63.5,0.00127,0.25,high,381.0,0.00762,1.0,mid,median_plateau_compact,317.5,0.00635,317.5
2021-04-16,0.0,0.0,0.0,no_trade,0.0,0.0,0.0,no_trade,median_plateau_compact,0.0,0.0,0.0
2021-04-19,60.5,0.00121,0.25,high,60.5,0.00121,0.25,high,median_plateau_compact,0.0,0.0,0.0
2021-04-20,806.0,0.01612,1.0,mid,403.0,0.00806,0.5,low,median_plateau_compact,-403.0,-0.00806,403.0
2021-04-21,532.5,0.01065,1.0,mid,532.5,0.01065,1.0,mid,median_plateau_compact,0.0,0.0,0.0
2021-04-22,-262.0,-0.00524,0.5,low,-262.0,-0.00524,0.5,low,median_plateau_compact,0.0,0.0,0.0
2021-04-23,1270.0,0.0254,1.0,mid,1270.0,0.0254,1.0,mid,median_plateau_compact,0.0,0.0,0.0
2021-04-26,0.0,0.0,0.0,no_trade,0.0,0.0,0.0,no_trade,median_plateau_compact,0.0,0.0,0.0
2021-04-27,0.0,0.0,0.0,no_trade,0.0,0.0,0.0,no_trade,median_plateau_compact,0.0,0.0,0.0
2021-04-28,0.0,0.0,0.0,no_trade,0.0,0.0,0.0,no_trade,median_plateau_compact,0.0,0.0,0.0
2021-04-29,0.0,0.0,0.0,no_trade,0.0,0.0,0.0,no_trade,median_plateau_compact,0.0,0.0,0.0
2021-04-30,-722.5,-0.01445,1.0,mid,-722.5,-0.01445,1.0,mid,median_plateau_compact,0.0,0.0,0.0
2021-05-03,-151.5,-0.00303,0.25,high,-151.5,-0.00303,0.25,high,median_plateau_compact,0.0,0.0,0.0
2021-05-04,-18.5,-0.00037,0.5,low,-18.5,-0.00037,0.5,low,median_plateau_compact,0.0,0.0,0.0
2021-05-05,513.0,0.01026,1.0,mid,513.0,0.01026,1.0,mid,median_plateau_compact,0.0,0.0,0.0
2021-05-06,0.0,0.0,0.0,no_trade,0.0,0.0,0.0,no_trade,median_plateau_compact,0.0,0.0,0.0
2021-05-07,-90.0,-0.0018,0.5,low,-90.0,-0.0018,0.5,low,median_plateau_compact,0.0,0.0,0.0
2021-05-10,1194.0,0.02388,1.0,mid,1194.0,0.02388,1.0,mid,median_plateau_compact,0.0,0.0,0.0
2021-05-11,0.0,0.0,0.0,no_trade,0.0,0.0,0.0,no_trade,median_plateau_compact,0.0,0.0,0.0
2021-05-12,212.0,0.00424,0.5,low,212.0,0.00424,0.5,low,median_plateau_compact,0.0,0.0,0.0
2021-05-13,-568.5,-0.01137,1.0,mid,-568.5,-0.01137,1.0,mid,median_plateau_compact,0.0,0.0,0.0
2021-05-14,502.0,0.01004,0.5,low,502.0,0.01004,0.5,low,median_plateau_compact,0.0,0.0,0.0
2021-05-17,-750.0,-0.015,1.0,mid,-750.0,-0.015,1.0,mid,median_plateau_compact,0.0,0.0,0.0
2021-05-18,-270.0,-0.0054,0.5,low,-270.0,-0.0054,0.5,low,median_plateau_compact,0.0,0.0,0.0
2021-05-19,302.0,0.00604,0.5,low,302.0,0.00604,0.5,low,median_plateau_compact,0.0,0.0,0.0
2021-05-20,0.0,0.0,0.0,no_trade,0.0,0.0,0.0,no_trade,median_plateau_compact,0.0,0.0,0.0
2021-05-21,480.0,0.0096,1.0,mid,480.0,0.0096,1.0,mid,median_plateau_compact,0.0,0.0,0.0
2021-05-24,280.5,0.00561,1.0,mid,280.5,0.00561,1.0,mid,median_plateau_compact,0.0,0.0,0.0
2021-05-25,-58.0,-0.00116,1.0,mid,-58.0,-0.00116,1.0,mid,median_plateau_compact,0.0,0.0,0.0
2021-05-26,-310.5,-0.00621,0.5,low,-724.5,-0.01449,1.0,mid,median_plateau_compact,-414.0,-0.00828,414.0
2021-05-27,-225.0,-0.0045,0.5,low,-225.0,-0.0045,0.5,low,median_plateau_compact,0.0,0.0,0.0
2021-05-28,0.0,0.0,0.0,no_trade,0.0,0.0,0.0,no_trade,median_plateau_compact,0.0,0.0,0.0
2021-05-31,0.0,0.0,0.0,no_trade,0.0,0.0,0.0,no_trade,median_plateau_compact,0.0,0.0,0.0
2021-06-01,95.5,0.00191,0.25,high,95.5,0.00191,0.25,high,median_plateau_compact,0.0,0.0,0.0
2021-06-02,0.0,0.0,0.0,no_trade,0.0,0.0,0.0,no_trade,median_plateau_compact,0.0,0.0,0.0
2021-06-03,-330.0,-0.0066,1.0,mid,-330.0,-0.0066,1.0,mid,median_plateau_compact,0.0,0.0,0.0
2021-06-04,112.5,0.00225,0.5,low,112.5,0.00225,0.5,low,median_plateau_compact,0.0,0.0,0.0
2021-06-07,-312.0,-0.00624,0.5,low,-312.0,-0.00624,0.5,low,median_plateau_compact,0.0,0.0,0.0
2021-06-08,22.0,0.00044,0.25,high,22.0,0.00044,0.25,high,median_plateau_compact,0.0,0.0,0.0
2021-06-09,87.0,0.00174,0.5,low,87.0,0.00174,0.5,low,median_plateau_compact,0.0,0.0,0.0
2021-06-10,0.0,0.0,0.0,no_trade,0.0,0.0,0.0,no_trade,median_plateau_compact,0.0,0.0,0.0
2021-06-11,0.0,0.0,0.0,no_trade,0.0,0.0,0.0,no_trade,median_plateau_compact,0.0,0.0,0.0
2021-06-14,0.0,0.0,0.0,no_trade,0.0,0.0,0.0,no_trade,median_plateau_compact,0.0,0.0,0.0
2021-06-15,423.0,0.00846,1.0,mid,423.0,0.00846,1.0,mid,median_plateau_compact,0.0,0.0,0.0
2021-06-16,0.0,0.0,0.0,no_trade,0.0,0.0,0.0,no_trade,median_plateau_compact,0.0,0.0,0.0
2021-06-17,246.0,0.00492,0.5,low,246.0,0.00492,0.5,low,median_plateau_compact,0.0,0.0,0.0
2021-06-21,116.0,0.00232,0.5,low,116.0,0.00232,0.5,low,median_plateau_compact,0.0,0.0,0.0
2021-06-22,301.0,0.00602,0.5,low,301.0,0.00602,0.5,low,median_plateau_compact,0.0,0.0,0.0
2021-06-23,0.0,0.0,0.0,no_trade,0.0,0.0,0.0,no_trade,median_plateau_compact,0.0,0.0,0.0
2021-06-24,0.0,0.0,0.0,no_trade,0.0,0.0,0.0,no_trade,median_plateau_compact,0.0,0.0,0.0
2021-06-25,-34.0,-0.00068,0.25,high,-34.0,-0.00068,0.25,high,median_plateau_compact,0.0,0.0,0.0
2021-06-28,442.5,0.00885,1.0,mid,442.5,0.00885,1.0,mid,median_plateau_compact,0.0,0.0,0.0
2021-06-29,0.0,0.0,0.0,no_trade,0.0,0.0,0.0,no_trade,median_plateau_compact,0.0,0.0,0.0
2021-06-30,0.0,0.0,0.0,no_trade,0.0,0.0,0.0,no_trade,median_plateau_compact,0.0,0.0,0.0
2021-07-01,0.0,0.0,0.0,no_trade,0.0,0.0,0.0,no_trade,median_plateau_compact,0.0,0.0,0.0
2021-07-02,0.0,0.0,0.0,no_trade,0.0,0.0,0.0,no_trade,median_plateau_compact,0.0,0.0,0.0
2021-07-05,0.0,0.0,0.0,no_trade,0.0,0.0,0.0,no_trade,median_plateau_compact,0.0,0.0,0.0
2021-07-06,0.0,0.0,0.0,no_trade,0.0,0.0,0.0,no_trade,median_plateau_compact,0.0,0.0,0.0
2021-07-07,87.5,0.00175,1.0,mid,87.5,0.00175,1.0,mid,median_plateau_compact,0.0,0.0,0.0
2021-07-08,385.5,0.00771,1.0,mid,385.5,0.00771,1.0,mid,median_plateau_compact,0.0,0.0,0.0
2021-07-09,472.5,0.00945,0.5,low,472.5,0.00945,0.5,low,median_plateau_compact,0.0,0.0,0.0
2021-07-12,-135.5,-0.00271,0.25,high,-135.5,-0.00271,0.25,high,median_plateau_compact,0.0,0.0,0.0
2021-07-13,-183.0,-0.00366,0.25,high,-732.0,-0.01464,1.0,mid,median_plateau_compact,-549.0,-0.01098,549.0
2021-07-14,-119.5,-0.00239,0.25,high,-119.5,-0.00239,0.25,high,median_plateau_compact,0.0,0.0,0.0
2021-07-15,-7.5,-0.00015,1.0,mid,-7.5,-0.00015,1.0,mid,median_plateau_compact,0.0,0.0,0.0
2021-07-16,1165.0,0.0233,1.0,mid,1165.0,0.0233,1.0,mid,median_plateau_compact,0.0,0.0,0.0
2021-07-19,0.0,0.0,0.0,no_trade,-708.0,-0.01416,1.0,mid,median_plateau_compact,-708.0,-0.01416,708.0
2021-07-20,163.5,0.00327,0.5,low,163.5,0.00327,0.5,low,median_plateau_compact,0.0,0.0,0.0
2021-07-21,0.0,0.0,0.0,no_trade,0.0,0.0,0.0,no_trade,median_plateau_compact,0.0,0.0,0.0
2021-07-22,440.0,0.0088,1.0,mid,440.0,0.0088,1.0,mid,median_plateau_compact,0.0,0.0,0.0
2021-07-23,0.0,0.0,0.0,no_trade,0.0,0.0,0.0,no_trade,median_plateau_compact,0.0,0.0,0.0
2021-07-26,48.0,0.00096,0.5,low,48.0,0.00096,0.5,low,median_plateau_compact,0.0,0.0,0.0
2021-07-27,362.0,0.00724,0.25,high,362.0,0.00724,0.25,high,median_plateau_compact,0.0,0.0,0.0
2021-07-28,-65.5,-0.00131,0.5,low,-65.5,-0.00131,0.5,low,median_plateau_compact,0.0,0.0,0.0
2021-07-29,0.0,0.0,0.0,no_trade,0.0,0.0,0.0,no_trade,median_plateau_compact,0.0,0.0,0.0
2021-07-30,8.0,0.00016,0.5,low,8.0,0.00016,0.5,low,median_plateau_compact,0.0,0.0,0.0
2021-08-02,0.0,0.0,0.0,no_trade,0.0,0.0,0.0,no_trade,median_plateau_compact,0.0,0.0,0.0
2021-08-03,0.0,0.0,0.0,no_trade,0.0,0.0,0.0,no_trade,median_plateau_compact,0.0,0.0,0.0
2021-08-04,-254.0,-0.00508,0.5,low,-254.0,-0.00508,0.5,low,median_plateau_compact,0.0,0.0,0.0
2021-08-05,0.0,0.0,0.0,no_trade,0.0,0.0,0.0,no_trade,median_plateau_compact,0.0,0.0,0.0
2021-08-06,15.0,0.0003,1.0,mid,15.0,0.0003,1.0,mid,median_plateau_compact,0.0,0.0,0.0
2021-08-09,0.0,0.0,0.0,no_trade,0.0,0.0,0.0,no_trade,median_plateau_compact,0.0,0.0,0.0
2021-08-10,0.0,0.0,0.0,no_trade,0.0,0.0,0.0,no_trade,median_plateau_compact,0.0,0.0,0.0
2021-08-11,37.5,0.00075,0.25,high,37.5,0.00075,0.25,high,median_plateau_compact,0.0,0.0,0.0
2021-08-12,261.0,0.00522,0.5,low,261.0,0.00522,0.5,low,median_plateau_compact,0.0,0.0,0.0
2021-08-13,0.0,0.0,0.0,no_trade,0.0,0.0,0.0,no_trade,median_plateau_compact,0.0,0.0,0.0
2021-08-16,0.0,0.0,0.0,no_trade,0.0,0.0,0.0,no_trade,median_plateau_compact,0.0,0.0,0.0
2021-08-17,-191.0,-0.00382,0.5,low,-191.0,-0.00382,0.5,low,median_plateau_compact,0.0,0.0,0.0
2021-08-18,0.0,0.0,0.0,no_trade,0.0,0.0,0.0,no_trade,median_plateau_compact,0.0,0.0,0.0
2021-08-19,171.5,0.00343,0.25,high,171.5,0.00343,0.25,high,median_plateau_compact,0.0,0.0,0.0
2021-08-20,274.0,0.00548,1.0,mid,274.0,0.00548,1.0,mid,median_plateau_compact,0.0,0.0,0.0
2021-08-23,196.0,0.00392,0.25,high,196.0,0.00392,0.25,high,median_plateau_compact,0.0,0.0,0.0
2021-08-24,28.0,0.00056,1.0,mid,28.0,0.00056,1.0,mid,median_plateau_compact,0.0,0.0,0.0
2021-08-25,0.0,0.0,0.0,no_trade,0.0,0.0,0.0,no_trade,median_plateau_compact,0.0,0.0,0.0
2021-08-26,0.0,0.0,0.0,no_trade,0.0,0.0,0.0,no_trade,median_plateau_compact,0.0,0.0,0.0
2021-08-27,120.5,0.00241,0.25,high,120.5,0.00241,0.25,high,median_plateau_compact,0.0,0.0,0.0
2021-08-30,0.0,0.0,0.0,no_trade,0.0,0.0,0.0,no_trade,median_plateau_compact,0.0,0.0,0.0
2021-08-31,0.0,0.0,0.0,no_trade,0.0,0.0,0.0,no_trade,median_plateau_compact,0.0,0.0,0.0
2021-09-01,0.0,0.0,0.0,no_trade,0.0,0.0,0.0,no_trade,median_plateau_compact,0.0,0.0,0.0
2021-09-02,0.0,0.0,0.0,no_trade,0.0,0.0,0.0,no_trade,median_plateau_compact,0.0,0.0,0.0
2021-09-03,-2.0,-4e-05,0.5,low,-2.0,-4e-05,0.5,low,median_plateau_compact,0.0,0.0,0.0
2021-09-06,0.0,0.0,0.0,no_trade,0.0,0.0,0.0,no_trade,median_plateau_compact,0.0,0.0,0.0
2021-09-07,-720.0,-0.0144,1.0,mid,-720.0,-0.0144,1.0,mid,median_plateau_compact,0.0,0.0,0.0
2021-09-08,0.0,0.0,0.0,no_trade,0.0,0.0,0.0,no_trade,median_plateau_compact,0.0,0.0,0.0
2021-09-09,0.0,0.0,0.0,no_trade,0.0,0.0,0.0,no_trade,median_plateau_compact,0.0,0.0,0.0
2021-09-10,0.0,0.0,0.0,no_trade,0.0,0.0,0.0,no_trade,median_plateau_compact,0.0,0.0,0.0
2021-09-13,0.0,0.0,0.0,no_trade,0.0,0.0,0.0,no_trade,median_plateau_compact,0.0,0.0,0.0
2021-09-14,51.0,0.00102,0.5,low,51.0,0.00102,0.5,low,median_plateau_compact,0.0,0.0,0.0
2021-09-15,-709.5,-0.01419,1.0,mid,-709.5,-0.01419,1.0,mid,median_plateau_compact,0.0,0.0,0.0
2021-09-16,-354.0,-0.00708,0.5,low,-354.0,-0.00708,0.5,low,median_plateau_compact,0.0,0.0,0.0
2021-09-20,52.5,0.00105,0.5,low,52.5,0.00105,0.5,low,median_plateau_compact,0.0,0.0,0.0
2021-09-21,0.0,0.0,0.0,no_trade,0.0,0.0,0.0,no_trade,median_plateau_compact,0.0,0.0,0.0
2021-09-22,524.0,0.01048,0.5,low,524.0,0.01048,0.5,low,median_plateau_compact,0.0,0.0,0.0
2021-09-23,-3.0,-6e-05,1.0,mid,-3.0,-6e-05,1.0,mid,median_plateau_compact,0.0,0.0,0.0
2021-09-24,595.0,0.0119,1.0,mid,595.0,0.0119,1.0,mid,median_plateau_compact,0.0,0.0,0.0
2021-09-27,0.0,0.0,0.0,no_trade,-137.0,-0.00274,1.0,mid,median_plateau_compact,-137.0,-0.00274,137.0
2021-09-28,0.0,0.0,0.0,no_trade,0.0,0.0,0.0,no_trade,median_plateau_compact,0.0,0.0,0.0
2021-09-29,57.0,0.00114,0.5,low,57.0,0.00114,0.5,low,median_plateau_compact,0.0,0.0,0.0
2021-09-30,306.0,0.00612,0.25,high,306.0,0.00612,0.25,high,median_plateau_compact,0.0,0.0,0.0
2021-10-01,0.0,0.0,0.0,no_trade,0.0,0.0,0.0,no_trade,median_plateau_compact,0.0,0.0,0.0
2021-10-04,0.0,0.0,0.0,no_trade,0.0,0.0,0.0,no_trade,median_plateau_compact,0.0,0.0,0.0
2021-10-05,114.5,0.00229,0.5,low,114.5,0.00229,0.5,low,median_plateau_compact,0.0,0.0,0.0
2021-10-06,-268.0,-0.00536,0.5,low,-268.0,-0.00536,0.5,low,median_plateau_compact,0.0,0.0,0.0
2021-10-07,-441.0,-0.00882,1.0,mid,0.0,0.0,0.0,no_trade,median_plateau_compact,441.0,0.00882,441.0
2021-10-08,59.0,0.00118,0.5,low,59.0,0.00118,0.5,low,median_plateau_compact,0.0,0.0,0.0
2021-10-11,-314.0,-0.00628,0.5,low,-314.0,-0.00628,0.5,low,median_plateau_compact,0.0,0.0,0.0
2021-10-12,57.5,0.00115,0.5,low,57.5,0.00115,0.5,low,median_plateau_compact,0.0,0.0,0.0
2021-10-13,-358.0,-0.00716,0.5,low,-358.0,-0.00716,0.5,low,median_plateau_compact,0.0,0.0,0.0
2021-10-14,580.0,0.0116,1.0,mid,580.0,0.0116,1.0,mid,median_plateau_compact,0.0,0.0,0.0
2021-10-15,0.0,0.0,0.0,no_trade,0.0,0.0,0.0,no_trade,median_plateau_compact,0.0,0.0,0.0
2021-10-18,277.0,0.00554,0.5,low,277.0,0.00554,0.5,low,median_plateau_compact,0.0,0.0,0.0
2021-10-19,0.0,0.0,0.0,no_trade,0.0,0.0,0.0,no_trade,median_plateau_compact,0.0,0.0,0.0
2021-10-20,-104.0,-0.00208,0.25,high,-104.0,-0.00208,0.25,high,median_plateau_compact,0.0,0.0,0.0
2021-10-21,0.0,0.0,0.0,no_trade,0.0,0.0,0.0,no_trade,median_plateau_compact,0.0,0.0,0.0
2021-10-22,-318.0,-0.00636,0.5,low,-318.0,-0.00636,0.5,low,median_plateau_compact,0.0,0.0,0.0
2021-10-25,0.0,0.0,0.0,no_trade,0.0,0.0,0.0,no_trade,median_plateau_compact,0.0,0.0,0.0
2021-10-26,-352.0,-0.00704,0.5,low,-352.0,-0.00704,0.5,low,median_plateau_compact,0.0,0.0,0.0
2021-10-27,-224.0,-0.00448,0.5,low,-224.0,-0.00448,0.5,low,median_plateau_compact,0.0,0.0,0.0
2021-10-28,-123.5,-0.00247,0.25,high,-123.5,-0.00247,0.25,high,median_plateau_compact,0.0,0.0,0.0
2021-10-29,1080.0,0.0216,1.0,mid,1080.0,0.0216,1.0,mid,median_plateau_compact,0.0,0.0,0.0
2021-11-01,-153.5,-0.00307,0.25,high,-153.5,-0.00307,0.25,high,median_plateau_compact,0.0,0.0,0.0
2021-11-02,0.0,0.0,0.0,no_trade,0.0,0.0,0.0,no_trade,median_plateau_compact,0.0,0.0,0.0
2021-11-03,-726.0,-0.01452,1.0,mid,-726.0,-0.01452,1.0,mid,median_plateau_compact,0.0,0.0,0.0
2021-11-04,0.0,0.0,0.0,no_trade,0.0,0.0,0.0,no_trade,median_plateau_compact,0.0,0.0,0.0
2021-11-05,0.0,0.0,0.0,no_trade,0.0,0.0,0.0,no_trade,median_plateau_compact,0.0,0.0,0.0
2021-11-08,-120.0,-0.0024,1.0,mid,-120.0,-0.0024,1.0,mid,median_plateau_compact,0.0,0.0,0.0
2021-11-09,0.0,0.0,0.0,no_trade,0.0,0.0,0.0,no_trade,median_plateau_compact,0.0,0.0,0.0
2021-11-10,-573.0,-0.01146,1.0,mid,-286.5,-0.00573,0.5,low,median_plateau_compact,286.5,0.00573,286.5
2021-11-11,46.5,0.00093,0.25,high,46.5,0.00093,0.25,high,median_plateau_compact,0.0,0.0,0.0
2021-11-12,423.0,0.00846,0.5,low,423.0,0.00846,0.5,low,median_plateau_compact,0.0,0.0,0.0
2021-11-15,-25.0,-0.0005,0.5,low,-25.0,-0.0005,0.5,low,median_plateau_compact,0.0,0.0,0.0
2021-11-16,77.0,0.00154,0.5,low,77.0,0.00154,0.5,low,median_plateau_compact,0.0,0.0,0.0
2021-11-17,-118.5,-0.00237,0.5,low,-118.5,-0.00237,0.5,low,median_plateau_compact,0.0,0.0,0.0
2021-11-18,-149.5,-0.00299,0.25,high,-149.5,-0.00299,0.25,high,median_plateau_compact,0.0,0.0,0.0
2021-11-19,0.0,0.0,0.0,no_trade,0.0,0.0,0.0,no_trade,median_plateau_compact,0.0,0.0,0.0
2021-11-22,0.0,0.0,0.0,no_trade,0.0,0.0,0.0,no_trade,median_plateau_compact,0.0,0.0,0.0
2021-11-23,0.0,0.0,0.0,no_trade,0.0,0.0,0.0,no_trade,median_plateau_compact,0.0,0.0,0.0
2021-11-24,488.0,0.00976,1.0,mid,488.0,0.00976,1.0,mid,median_plateau_compact,0.0,0.0,0.0
2021-11-25,0.0,0.0,0.0,no_trade,0.0,0.0,0.0,no_trade,median_plateau_compact,0.0,0.0,0.0
2021-11-26,0.0,0.0,0.0,no_trade,0.0,0.0,0.0,no_trade,median_plateau_compact,0.0,0.0,0.0
2021-11-29,492.0,0.00984,1.0,mid,0.0,0.0,0.0,no_trade,median_plateau_compact,-492.0,-0.00984,492.0
2021-11-30,-664.5,-0.01329,1.0,mid,-664.5,-0.01329,1.0,mid,median_plateau_compact,0.0,0.0,0.0
2021-12-01,-178.0,-0.00356,0.25,high,-178.0,-0.00356,0.25,high,median_plateau_compact,0.0,0.0,0.0
2021-12-02,0.0,0.0,0.0,no_trade,0.0,0.0,0.0,no_trade,median_plateau_compact,0.0,0.0,0.0
2021-12-03,0.0,0.0,0.0,no_trade,0.0,0.0,0.0,no_trade,median_plateau_compact,0.0,0.0,0.0
2021-12-06,0.0,0.0,0.0,no_trade,0.0,0.0,0.0,no_trade,median_plateau_compact,0.0,0.0,0.0
2021-12-07,185.0,0.0037,0.5,low,185.0,0.0037,0.5,low,median_plateau_compact,0.0,0.0,0.0
2021-12-08,0.0,0.0,0.0,no_trade,0.0,0.0,0.0,no_trade,median_plateau_compact,0.0,0.0,0.0
2021-12-09,0.0,0.0,0.0,no_trade,0.0,0.0,0.0,no_trade,median_plateau_compact,0.0,0.0,0.0
2021-12-10,-291.0,-0.00582,0.5,low,-291.0,-0.00582,0.5,low,median_plateau_compact,0.0,0.0,0.0
2021-12-13,957.0,0.01914,1.0,mid,957.0,0.01914,1.0,mid,median_plateau_compact,0.0,0.0,0.0
2021-12-14,-145.5,-0.00291,0.5,low,-145.5,-0.00291,0.5,low,median_plateau_compact,0.0,0.0,0.0
2021-12-15,-222.5,-0.00445,0.5,low,-222.5,-0.00445,0.5,low,median_plateau_compact,0.0,0.0,0.0
2021-12-16,0.0,0.0,0.0,no_trade,0.0,0.0,0.0,no_trade,median_plateau_compact,0.0,0.0,0.0
2021-12-20,-254.5,-0.00509,0.5,low,-254.5,-0.00509,0.5,low,median_plateau_compact,0.0,0.0,0.0
2021-12-21,0.0,0.0,0.0,no_trade,0.0,0.0,0.0,no_trade,median_plateau_compact,0.0,0.0,0.0
2021-12-22,400.0,0.008,1.0,mid,400.0,0.008,1.0,mid,median_plateau_compact,0.0,0.0,0.0
2021-12-23,108.0,0.00216,0.25,high,108.0,0.00216,0.25,high,median_plateau_compact,0.0,0.0,0.0
2021-12-27,654.0,0.01308,1.0,mid,654.0,0.01308,1.0,mid,median_plateau_compact,0.0,0.0,0.0
2021-12-28,27.0,0.00054,0.5,low,27.0,0.00054,0.5,low,median_plateau_compact,0.0,0.0,0.0
2021-12-29,-162.5,-0.00325,1.0,mid,-162.5,-0.00325,1.0,mid,median_plateau_compact,0.0,0.0,0.0
2021-12-30,-311.0,-0.00622,0.5,low,-311.0,-0.00622,0.5,low,median_plateau_compact,0.0,0.0,0.0
2021-12-31,0.0,0.0,0.0,no_trade,0.0,0.0,0.0,no_trade,median_plateau_compact,0.0,0.0,0.0
2022-01-03,0.0,0.0,0.0,no_trade,0.0,0.0,0.0,no_trade,median_plateau_compact,0.0,0.0,0.0
2022-01-04,1352.0,0.02704,1.0,mid,1352.0,0.02704,1.0,mid,median_plateau_compact,0.0,0.0,0.0
2022-01-05,0.0,0.0,0.0,no_trade,0.0,0.0,0.0,no_trade,median_plateau_compact,0.0,0.0,0.0
2022-01-06,0.0,0.0,0.0,no_trade,0.0,0.0,0.0,no_trade,median_plateau_compact,0.0,0.0,0.0
2022-01-07,313.0,0.00626,1.0,mid,313.0,0.00626,1.0,mid,median_plateau_compact,0.0,0.0,0.0
2022-01-10,0.0,0.0,0.0,no_trade,0.0,0.0,0.0,no_trade,median_plateau_compact,0.0,0.0,0.0
2022-01-11,0.0,0.0,0.0,no_trade,0.0,0.0,0.0,no_trade,median_plateau_compact,0.0,0.0,0.0
2022-01-12,-236.5,-0.00473,0.5,low,-236.5,-0.00473,0.5,low,median_plateau_compact,0.0,0.0,0.0
2022-01-13,1320.0,0.0264,1.0,mid,1320.0,0.0264,1.0,mid,median_plateau_compact,0.0,0.0,0.0
2022-01-14,0.0,0.0,0.0,no_trade,0.0,0.0,0.0,no_trade,median_plateau_compact,0.0,0.0,0.0
2022-01-17,0.0,0.0,0.0,no_trade,0.0,0.0,0.0,no_trade,median_plateau_compact,0.0,0.0,0.0
2022-01-18,0.0,0.0,0.0,no_trade,0.0,0.0,0.0,no_trade,median_plateau_compact,0.0,0.0,0.0
2022-01-19,378.5,0.00757,0.5,low,378.5,0.00757,0.5,low,median_plateau_compact,0.0,0.0,0.0
2022-01-20,-516.0,-0.01032,1.0,mid,-516.0,-0.01032,1.0,mid,median_plateau_compact,0.0,0.0,0.0
2022-01-21,0.0,0.0,0.0,no_trade,0.0,0.0,0.0,no_trade,median_plateau_compact,0.0,0.0,0.0
2022-01-24,0.0,0.0,0.0,no_trade,0.0,0.0,0.0,no_trade,median_plateau_compact,0.0,0.0,0.0
2022-01-25,0.0,0.0,0.0,no_trade,0.0,0.0,0.0,no_trade,median_plateau_compact,0.0,0.0,0.0
2022-01-26,0.0,0.0,0.0,no_trade,0.0,0.0,0.0,no_trade,median_plateau_compact,0.0,0.0,0.0
2022-01-27,0.0,0.0,0.0,no_trade,0.0,0.0,0.0,no_trade,median_plateau_compact,0.0,0.0,0.0
2022-01-28,0.0,0.0,0.0,no_trade,0.0,0.0,0.0,no_trade,median_plateau_compact,0.0,0.0,0.0
2022-01-31,468.5,0.00937,1.0,mid,468.5,0.00937,1.0,mid,median_plateau_compact,0.0,0.0,0.0
2022-02-01,0.0,0.0,0.0,no_trade,0.0,0.0,0.0,no_trade,median_plateau_compact,0.0,0.0,0.0
2022-02-02,-345.0,-0.0069,1.0,mid,-345.0,-0.0069,1.0,mid,median_plateau_compact,0.0,0.0,0.0
2022-02-03,0.0,0.0,0.0,no_trade,0.0,0.0,0.0,no_trade,median_plateau_compact,0.0,0.0,0.0
2022-02-04,0.0,0.0,0.0,no_trade,0.0,0.0,0.0,no_trade,median_plateau_compact,0.0,0.0,0.0
2022-02-07,297.0,0.00594,1.0,mid,297.0,0.00594,1.0,mid,median_plateau_compact,0.0,0.0,0.0
2022-02-08,0.0,0.0,0.0,no_trade,0.0,0.0,0.0,no_trade,median_plateau_compact,0.0,0.0,0.0
2022-02-09,-564.0,-0.01128,1.0,mid,-564.0,-0.01128,1.0,mid,median_plateau_compact,0.0,0.0,0.0
2022-02-10,0.0,0.0,0.0,no_trade,0.0,0.0,0.0,no_trade,median_plateau_compact,0.0,0.0,0.0
2022-02-11,0.0,0.0,0.0,no_trade,0.0,0.0,0.0,no_trade,median_plateau_compact,0.0,0.0,0.0
2022-02-14,-631.0,-0.01262,1.0,mid,-631.0,-0.01262,1.0,mid,median_plateau_compact,0.0,0.0,0.0
2022-02-15,-331.0,-0.00662,0.5,low,-331.0,-0.00662,0.5,low,median_plateau_compact,0.0,0.0,0.0
2022-02-16,0.0,0.0,0.0,no_trade,0.0,0.0,0.0,no_trade,median_plateau_compact,0.0,0.0,0.0
2022-02-17,404.5,0.00809,0.5,low,404.5,0.00809,0.5,low,median_plateau_compact,0.0,0.0,0.0
2022-02-18,230.0,0.0046,1.0,mid,230.0,0.0046,1.0,mid,median_plateau_compact,0.0,0.0,0.0
2022-02-21,327.0,0.00654,0.25,high,327.0,0.00654,0.25,high,median_plateau_compact,0.0,0.0,0.0
2022-02-22,0.0,0.0,0.0,no_trade,0.0,0.0,0.0,no_trade,median_plateau_compact,0.0,0.0,0.0
2022-02-23,0.0,0.0,0.0,no_trade,0.0,0.0,0.0,no_trade,median_plateau_compact,0.0,0.0,0.0
2022-02-24,0.0,0.0,0.0,no_trade,0.0,0.0,0.0,no_trade,median_plateau_compact,0.0,0.0,0.0
2022-02-25,0.0,0.0,0.0,no_trade,0.0,0.0,0.0,no_trade,median_plateau_compact,0.0,0.0,0.0
2022-02-28,-256.0,-0.00512,0.5,low,-256.0,-0.00512,0.5,low,median_plateau_compact,0.0,0.0,0.0
2022-03-01,0.0,0.0,0.0,no_trade,0.0,0.0,0.0,no_trade,median_plateau_compact,0.0,0.0,0.0
2022-03-02,0.0,0.0,0.0,no_trade,0.0,0.0,0.0,no_trade,median_plateau_compact,0.0,0.0,0.0
2022-03-03,1052.0,0.02104,1.0,mid,1052.0,0.02104,1.0,mid,median_plateau_compact,0.0,0.0,0.0
2022-03-04,0.0,0.0,0.0,no_trade,0.0,0.0,0.0,no_trade,median_plateau_compact,0.0,0.0,0.0
2022-03-07,0.0,0.0,0.0,no_trade,0.0,0.0,0.0,no_trade,median_plateau_compact,0.0,0.0,0.0
2022-03-08,0.0,0.0,0.0,no_trade,0.0,0.0,0.0,no_trade,median_plateau_compact,0.0,0.0,0.0
2022-03-09,0.0,0.0,0.0,no_trade,0.0,0.0,0.0,no_trade,median_plateau_compact,0.0,0.0,0.0
2022-03-10,-705.0,-0.0141,1.0,mid,-705.0,-0.0141,1.0,mid,median_plateau_compact,0.0,0.0,0.0
2022-03-11,0.0,0.0,0.0,no_trade,0.0,0.0,0.0,no_trade,median_plateau_compact,0.0,0.0,0.0
2022-03-14,0.0,0.0,0.0,no_trade,0.0,0.0,0.0,no_trade,median_plateau_compact,0.0,0.0,0.0
2022-03-15,1034.0,0.02068,1.0,mid,1034.0,0.02068,1.0,mid,median_plateau_compact,0.0,0.0,0.0
2022-03-16,-566.0,-0.01132,1.0,mid,-566.0,-0.01132,1.0,mid,median_plateau_compact,0.0,0.0,0.0
2022-03-17,521.0,0.01042,1.0,mid,521.0,0.01042,1.0,mid,median_plateau_compact,0.0,0.0,0.0
2022-03-21,0.0,0.0,0.0,no_trade,0.0,0.0,0.0,no_trade,median_plateau_compact,0.0,0.0,0.0
2022-03-22,0.0,0.0,0.0,no_trade,0.0,0.0,0.0,no_trade,median_plateau_compact,0.0,0.0,0.0
2022-03-23,0.0,0.0,0.0,no_trade,0.0,0.0,0.0,no_trade,median_plateau_compact,0.0,0.0,0.0
2022-03-24,-600.0,-0.012,1.0,mid,-600.0,-0.012,1.0,mid,median_plateau_compact,0.0,0.0,0.0
2022-03-25,-686.0,-0.01372,1.0,mid,-686.0,-0.01372,1.0,mid,median_plateau_compact,0.0,0.0,0.0
2022-03-28,-662.0,-0.01324,1.0,mid,-662.0,-0.01324,1.0,mid,median_plateau_compact,0.0,0.0,0.0
2022-03-29,0.0,0.0,0.0,no_trade,0.0,0.0,0.0,no_trade,median_plateau_compact,0.0,0.0,0.0
2022-03-30,-160.0,-0.0032,0.25,high,-160.0,-0.0032,0.25,high,median_plateau_compact,0.0,0.0,0.0
2022-03-31,0.0,0.0,0.0,no_trade,0.0,0.0,0.0,no_trade,median_plateau_compact,0.0,0.0,0.0
2022-04-01,-212.0,-0.00424,1.0,mid,-212.0,-0.00424,1.0,mid,median_plateau_compact,0.0,0.0,0.0
2022-04-04,436.0,0.00872,1.0,mid,436.0,0.00872,1.0,mid,median_plateau_compact,0.0,0.0,0.0
2022-04-05,0.0,0.0,0.0,no_trade,0.0,0.0,0.0,no_trade,median_plateau_compact,0.0,0.0,0.0
2022-04-06,0.0,0.0,0.0,no_trade,0.0,0.0,0.0,no_trade,median_plateau_compact,0.0,0.0,0.0
2022-04-07,0.0,0.0,0.0,no_trade,0.0,0.0,0.0,no_trade,median_plateau_compact,0.0,0.0,0.0
2022-04-08,0.0,0.0,0.0,no_trade,0.0,0.0,0.0,no_trade,median_plateau_compact,0.0,0.0,0.0
2022-04-11,161.0,0.00322,0.5,low,161.0,0.00322,0.5,low,median_plateau_compact,0.0,0.0,0.0
2022-04-12,-314.5,-0.00629,0.5,low,-314.5,-0.00629,0.5,low,median_plateau_compact,0.0,0.0,0.0
2022-04-13,0.0,0.0,0.0,no_trade,0.0,0.0,0.0,no_trade,median_plateau_compact,0.0,0.0,0.0
2022-04-14,0.0,0.0,0.0,no_trade,0.0,0.0,0.0,no_trade,median_plateau_compact,0.0,0.0,0.0
2022-04-18,0.0,0.0,0.0,no_trade,0.0,0.0,0.0,no_trade,median_plateau_compact,0.0,0.0,0.0
2022-04-19,0.0,0.0,0.0,no_trade,0.0,0.0,0.0,no_trade,median_plateau_compact,0.0,0.0,0.0
2022-04-20,0.0,0.0,0.0,no_trade,0.0,0.0,0.0,no_trade,median_plateau_compact,0.0,0.0,0.0
2022-04-21,487.0,0.00974,0.5,low,487.0,0.00974,0.5,low,median_plateau_compact,0.0,0.0,0.0
2022-04-22,0.0,0.0,0.0,no_trade,0.0,0.0,0.0,no_trade,median_plateau_compact,0.0,0.0,0.0
2022-04-25,0.0,0.0,0.0,no_trade,0.0,0.0,0.0,no_trade,median_plateau_compact,0.0,0.0,0.0
2022-04-26,0.0,0.0,0.0,no_trade,860.0,0.0172,1.0,mid,median_plateau_compact,860.0,0.0172,860.0
2022-04-27,0.0,0.0,0.0,no_trade,0.0,0.0,0.0,no_trade,median_plateau_compact,0.0,0.0,0.0
2022-04-28,0.0,0.0,0.0,no_trade,0.0,0.0,0.0,no_trade,median_plateau_compact,0.0,0.0,0.0
2022-04-29,0.0,0.0,0.0,no_trade,0.0,0.0,0.0,no_trade,median_plateau_compact,0.0,0.0,0.0
2022-05-02,0.0,0.0,0.0,no_trade,0.0,0.0,0.0,no_trade,median_plateau_compact,0.0,0.0,0.0
2022-05-03,0.0,0.0,0.0,no_trade,0.0,0.0,0.0,no_trade,median_plateau_compact,0.0,0.0,0.0
2022-05-04,0.0,0.0,0.0,no_trade,0.0,0.0,0.0,no_trade,median_plateau_compact,0.0,0.0,0.0
2022-05-05,0.0,0.0,0.0,no_trade,0.0,0.0,0.0,no_trade,median_plateau_compact,0.0,0.0,0.0
2022-05-06,0.0,0.0,0.0,no_trade,0.0,0.0,0.0,no_trade,median_plateau_compact,0.0,0.0,0.0
2022-05-09,0.0,0.0,0.0,no_trade,0.0,0.0,0.0,no_trade,median_plateau_compact,0.0,0.0,0.0
2022-05-10,0.0,0.0,0.0,no_trade,0.0,0.0,0.0,no_trade,median_plateau_compact,0.0,0.0,0.0
2022-05-11,0.0,0.0,0.0,no_trade,0.0,0.0,0.0,no_trade,median_plateau_compact,0.0,0.0,0.0
2022-05-12,0.0,0.0,0.0,no_trade,0.0,0.0,0.0,no_trade,median_plateau_compact,0.0,0.0,0.0
2022-05-13,0.0,0.0,0.0,no_trade,0.0,0.0,0.0,no_trade,median_plateau_compact,0.0,0.0,0.0
2022-05-16,0.0,0.0,0.0,no_trade,0.0,0.0,0.0,no_trade,median_plateau_compact,0.0,0.0,0.0
2022-05-17,-639.0,-0.01278,1.0,mid,-639.0,-0.01278,1.0,mid,median_plateau_compact,0.0,0.0,0.0
2022-05-18,455.0,0.0091,0.5,low,455.0,0.0091,0.5,low,median_plateau_compact,0.0,0.0,0.0
2022-05-19,0.0,0.0,0.0,no_trade,0.0,0.0,0.0,no_trade,median_plateau_compact,0.0,0.0,0.0
2022-05-20,0.0,0.0,0.0,no_trade,0.0,0.0,0.0,no_trade,median_plateau_compact,0.0,0.0,0.0
2022-05-23,0.0,0.0,0.0,no_trade,0.0,0.0,0.0,no_trade,median_plateau_compact,0.0,0.0,0.0
2022-05-24,0.0,0.0,0.0,no_trade,0.0,0.0,0.0,no_trade,median_plateau_compact,0.0,0.0,0.0
2022-05-25,168.5,0.00337,0.5,low,168.5,0.00337,0.5,low,median_plateau_compact,0.0,0.0,0.0
2022-05-26,285.5,0.00571,1.0,mid,285.5,0.00571,1.0,mid,median_plateau_compact,0.0,0.0,0.0
2022-05-27,575.0,0.0115,1.0,mid,575.0,0.0115,1.0,mid,median_plateau_compact,0.0,0.0,0.0
2022-05-30,0.0,0.0,0.0,no_trade,0.0,0.0,0.0,no_trade,median_plateau_compact,0.0,0.0,0.0
2022-05-31,0.0,0.0,0.0,no_trade,0.0,0.0,0.0,no_trade,median_plateau_compact,0.0,0.0,0.0
2022-06-01,0.0,0.0,0.0,no_trade,0.0,0.0,0.0,no_trade,median_plateau_compact,0.0,0.0,0.0
2022-06-02,0.0,0.0,0.0,no_trade,0.0,0.0,0.0,no_trade,median_plateau_compact,0.0,0.0,0.0
2022-06-03,84.5,0.00169,0.5,low,84.5,0.00169,0.5,low,median_plateau_compact,0.0,0.0,0.0
2022-06-06,0.0,0.0,0.0,no_trade,0.0,0.0,0.0,no_trade,median_plateau_compact,0.0,0.0,0.0
2022-06-07,409.0,0.00818,1.0,mid,409.0,0.00818,1.0,mid,median_plateau_compact,0.0,0.0,0.0
2022-06-08,0.0,0.0,0.0,no_trade,0.0,0.0,0.0,no_trade,median_plateau_compact,0.0,0.0,0.0
2022-06-09,-310.0,-0.0062,0.5,low,-310.0,-0.0062,0.5,low,median_plateau_compact,0.0,0.0,0.0
2022-06-10,0.0,0.0,0.0,no_trade,0.0,0.0,0.0,no_trade,median_plateau_compact,0.0,0.0,0.0
2022-06-13,0.0,0.0,0.0,no_trade,0.0,0.0,0.0,no_trade,median_plateau_compact,0.0,0.0,0.0
2022-06-14,-333.5,-0.00667,0.5,low,-333.5,-0.00667,0.5,low,median_plateau_compact,0.0,0.0,0.0
2022-06-15,-750.0,-0.015,1.0,mid,-750.0,-0.015,1.0,mid,median_plateau_compact,0.0,0.0,0.0
2022-06-16,0.0,0.0,0.0,no_trade,0.0,0.0,0.0,no_trade,median_plateau_compact,0.0,0.0,0.0
2022-06-20,0.0,0.0,0.0,no_trade,0.0,0.0,0.0,no_trade,median_plateau_compact,0.0,0.0,0.0
2022-06-21,-328.5,-0.00657,0.5,low,-328.5,-0.00657,0.5,low,median_plateau_compact,0.0,0.0,0.0
2022-06-22,-247.0,-0.00494,1.0,mid,-123.5,-0.00247,0.5,low,median_plateau_compact,123.5,0.00247,123.5
2022-06-23,15.0,0.0003,1.0,mid,7.5,0.00015,0.5,low,median_plateau_compact,-7.5,-0.00015,7.5
2022-06-24,0.0,0.0,0.0,no_trade,0.0,0.0,0.0,no_trade,median_plateau_compact,0.0,0.0,0.0
2022-06-27,-65.5,-0.00131,1.0,mid,-65.5,-0.00131,1.0,mid,median_plateau_compact,0.0,0.0,0.0
2022-06-28,1128.0,0.02256,1.0,mid,1128.0,0.02256,1.0,mid,median_plateau_compact,0.0,0.0,0.0
2022-06-29,0.0,0.0,0.0,no_trade,0.0,0.0,0.0,no_trade,median_plateau_compact,0.0,0.0,0.0
2022-06-30,-397.0,-0.00794,1.0,mid,-397.0,-0.00794,1.0,mid,median_plateau_compact,0.0,0.0,0.0
2022-07-01,-371.5,-0.00743,0.5,low,-371.5,-0.00743,0.5,low,median_plateau_compact,0.0,0.0,0.0
2022-07-04,0.0,0.0,0.0,no_trade,0.0,0.0,0.0,no_trade,median_plateau_compact,0.0,0.0,0.0
2022-07-05,1066.0,0.02132,1.0,mid,1066.0,0.02132,1.0,mid,median_plateau_compact,0.0,0.0,0.0
2022-07-06,0.0,0.0,0.0,no_trade,0.0,0.0,0.0,no_trade,median_plateau_compact,0.0,0.0,0.0
2022-07-07,151.0,0.00302,0.5,low,151.0,0.00302,0.5,low,median_plateau_compact,0.0,0.0,0.0
2022-07-08,130.5,0.00261,0.5,low,130.5,0.00261,0.5,low,median_plateau_compact,0.0,0.0,0.0
2022-07-11,0.0,0.0,0.0,no_trade,0.0,0.0,0.0,no_trade,median_plateau_compact,0.0,0.0,0.0
2022-07-12,0.0,0.0,0.0,no_trade,0.0,0.0,0.0,no_trade,median_plateau_compact,0.0,0.0,0.0
2022-07-13,0.0,0.0,0.0,no_trade,0.0,0.0,0.0,no_trade,median_plateau_compact,0.0,0.0,0.0
2022-07-14,-308.5,-0.00617,0.5,low,-308.5,-0.00617,0.5,low,median_plateau_compact,0.0,0.0,0.0
2022-07-15,34.0,0.00068,0.5,low,34.0,0.00068,0.5,low,median_plateau_compact,0.0,0.0,0.0
2022-07-18,0.0,0.0,0.0,no_trade,0.0,0.0,0.0,no_trade,median_plateau_compact,0.0,0.0,0.0
2022-07-19,1444.0,0.02888,1.0,mid,361.0,0.00722,0.25,high,median_plateau_compact,-1083.0,-0.02166,1083.0
2022-07-20,224.5,0.00449,0.5,low,224.5,0.00449,0.5,low,median_plateau_compact,0.0,0.0,0.0
2022-07-21,0.0,0.0,0.0,no_trade,0.0,0.0,0.0,no_trade,median_plateau_compact,0.0,0.0,0.0
2022-07-22,0.0,0.0,0.0,no_trade,0.0,0.0,0.0,no_trade,median_plateau_compact,0.0,0.0,0.0
2022-07-25,0.0,0.0,0.0,no_trade,0.0,0.0,0.0,no_trade,median_plateau_compact,0.0,0.0,0.0
2022-07-26,-203.5,-0.00407,0.5,low,-203.5,-0.00407,0.5,low,median_plateau_compact,0.0,0.0,0.0
2022-07-27,726.0,0.01452,1.0,mid,726.0,0.01452,1.0,mid,median_plateau_compact,0.0,0.0,0.0
2022-07-28,0.0,0.0,0.0,no_trade,0.0,0.0,0.0,no_trade,median_plateau_compact,0.0,0.0,0.0
2022-07-29,152.0,0.00304,0.5,low,152.0,0.00304,0.5,low,median_plateau_compact,0.0,0.0,0.0
2022-08-01,0.0,0.0,0.0,no_trade,0.0,0.0,0.0,no_trade,median_plateau_compact,0.0,0.0,0.0
2022-08-02,-648.0,-0.01296,1.0,mid,-648.0,-0.01296,1.0,mid,median_plateau_compact,0.0,0.0,0.0
2022-08-03,0.0,0.0,0.0,no_trade,0.0,0.0,0.0,no_trade,median_plateau_compact,0.0,0.0,0.0
2022-08-04,-203.0,-0.00406,0.5,low,-203.0,-0.00406,0.5,low,median_plateau_compact,0.0,0.0,0.0
2022-08-05,-685.5,-0.01371,1.0,mid,-685.5,-0.01371,1.0,mid,median_plateau_compact,0.0,0.0,0.0
2022-08-08,-733.0,-0.01466,1.0,mid,-733.0,-0.01466,1.0,mid,median_plateau_compact,0.0,0.0,0.0
2022-08-09,0.0,0.0,0.0,no_trade,0.0,0.0,0.0,no_trade,median_plateau_compact,0.0,0.0,0.0
2022-08-10,123.0,0.00246,0.5,low,123.0,0.00246,0.5,low,median_plateau_compact,0.0,0.0,0.0
2022-08-11,-131.0,-0.00262,0.25,high,-131.0,-0.00262,0.25,high,median_plateau_compact,0.0,0.0,0.0
2022-08-12,258.5,0.00517,0.25,high,258.5,0.00517,0.25,high,median_plateau_compact,0.0,0.0,0.0
2022-08-15,0.0,0.0,0.0,no_trade,0.0,0.0,0.0,no_trade,median_plateau_compact,0.0,0.0,0.0
2022-08-16,-176.5,-0.00353,0.25,high,-176.5,-0.00353,0.25,high,median_plateau_compact,0.0,0.0,0.0
2022-08-17,-342.0,-0.00684,0.5,low,-342.0,-0.00684,0.5,low,median_plateau_compact,0.0,0.0,0.0
2022-08-18,-151.5,-0.00303,0.25,high,-606.0,-0.01212,1.0,mid,median_plateau_compact,-454.5,-0.00909,454.5
2022-08-19,131.0,0.00262,1.0,mid,131.0,0.00262,1.0,mid,median_plateau_compact,0.0,0.0,0.0
2022-08-22,348.0,0.00696,0.5,low,348.0,0.00696,0.5,low,median_plateau_compact,0.0,0.0,0.0
2022-08-23,-522.0,-0.01044,1.0,mid,-522.0,-0.01044,1.0,mid,median_plateau_compact,0.0,0.0,0.0
2022-08-24,18.5,0.00037,0.25,high,18.5,0.00037,0.25,high,median_plateau_compact,0.0,0.0,0.0
2022-08-25,198.0,0.00396,0.25,high,198.0,0.00396,0.25,high,median_plateau_compact,0.0,0.0,0.0
2022-08-26,-180.5,-0.00361,0.25,high,-180.5,-0.00361,0.25,high,median_plateau_compact,0.0,0.0,0.0
2022-08-29,-57.0,-0.00114,0.5,low,-57.0,-0.00114,0.5,low,median_plateau_compact,0.0,0.0,0.0
2022-08-30,0.0,0.0,0.0,no_trade,0.0,0.0,0.0,no_trade,median_plateau_compact,0.0,0.0,0.0
2022-08-31,1024.0,0.02048,1.0,mid,1024.0,0.02048,1.0,mid,median_plateau_compact,0.0,0.0,0.0
2022-09-01,0.0,0.0,0.0,no_trade,0.0,0.0,0.0,no_trade,median_plateau_compact,0.0,0.0,0.0
2022-09-02,0.0,0.0,0.0,no_trade,0.0,0.0,0.0,no_trade,median_plateau_compact,0.0,0.0,0.0
2022-09-05,0.0,0.0,0.0,no_trade,0.0,0.0,0.0,no_trade,median_plateau_compact,0.0,0.0,0.0
2022-09-06,0.0,0.0,0.0,no_trade,0.0,0.0,0.0,no_trade,median_plateau_compact,0.0,0.0,0.0
2022-09-07,700.5,0.01401,1.0,mid,700.5,0.01401,1.0,mid,median_plateau_compact,0.0,0.0,0.0
2022-09-08,102.0,0.00204,0.5,low,102.0,0.00204,0.5,low,median_plateau_compact,0.0,0.0,0.0
2022-09-09,0.0,0.0,0.0,no_trade,0.0,0.0,0.0,no_trade,median_plateau_compact,0.0,0.0,0.0
2022-09-12,-619.5,-0.01239,1.0,mid,-619.5,-0.01239,1.0,mid,median_plateau_compact,0.0,0.0,0.0
2022-09-13,513.0,0.01026,0.5,low,513.0,0.01026,0.5,low,median_plateau_compact,0.0,0.0,0.0
2022-09-14,-254.0,-0.00508,0.5,low,-254.0,-0.00508,0.5,low,median_plateau_compact,0.0,0.0,0.0
2022-09-15,0.0,0.0,0.0,no_trade,0.0,0.0,0.0,no_trade,median_plateau_compact,0.0,0.0,0.0
2022-09-19,372.0,0.00744,1.0,mid,372.0,0.00744,1.0,mid,median_plateau_compact,0.0,0.0,0.0
2022-09-20,-295.0,-0.0059,0.5,low,-295.0,-0.0059,0.5,low,median_plateau_compact,0.0,0.0,0.0
2022-09-21,0.0,0.0,0.0,no_trade,0.0,0.0,0.0,no_trade,median_plateau_compact,0.0,0.0,0.0
2022-09-22,-231.5,-0.00463,0.5,low,-231.5,-0.00463,0.5,low,median_plateau_compact,0.0,0.0,0.0
2022-09-23,-69.5,-0.00139,0.5,low,-69.5,-0.00139,0.5,low,median_plateau_compact,0.0,0.0,0.0
2022-09-26,-680.0,-0.0136,1.0,mid,-680.0,-0.0136,1.0,mid,median_plateau_compact,0.0,0.0,0.0
2022-09-27,0.0,0.0,0.0,no_trade,0.0,0.0,0.0,no_trade,median_plateau_compact,0.0,0.0,0.0
2022-09-28,0.0,0.0,0.0,no_trade,0.0,0.0,0.0,no_trade,median_plateau_compact,0.0,0.0,0.0
2022-09-29,-51.0,-0.00102,1.0,mid,-51.0,-0.00102,1.0,mid,median_plateau_compact,0.0,0.0,0.0
2022-09-30,-257.5,-0.00515,0.5,low,-257.5,-0.00515,0.5,low,median_plateau_compact,0.0,0.0,0.0
2022-10-03,0.0,0.0,0.0,no_trade,0.0,0.0,0.0,no_trade,median_plateau_compact,0.0,0.0,0.0
2022-10-04,0.0,0.0,0.0,no_trade,0.0,0.0,0.0,no_trade,median_plateau_compact,0.0,0.0,0.0
2022-10-05,-169.0,-0.00338,0.25,high,-169.0,-0.00338,0.25,high,median_plateau_compact,0.0,0.0,0.0
2022-10-06,0.0,0.0,0.0,no_trade,0.0,0.0,0.0,no_trade,median_plateau_compact,0.0,0.0,0.0
2022-10-07,224.5,0.00449,0.5,low,224.5,0.00449,0.5,low,median_plateau_compact,0.0,0.0,0.0
2022-10-10,52.0,0.00104,1.0,mid,52.0,0.00104,1.0,mid,median_plateau_compact,0.0,0.0,0.0
2022-10-11,-527.0,-0.01054,1.0,mid,-527.0,-0.01054,1.0,mid,median_plateau_compact,0.0,0.0,0.0
2022-10-12,0.0,0.0,0.0,no_trade,0.0,0.0,0.0,no_trade,median_plateau_compact,0.0,0.0,0.0
2022-10-13,751.0,0.01502,1.0,mid,751.0,0.01502,1.0,mid,median_plateau_compact,0.0,0.0,0.0
2022-10-14,0.0,0.0,0.0,no_trade,0.0,0.0,0.0,no_trade,median_plateau_compact,0.0,0.0,0.0
2022-10-17,-49.0,-0.00098,1.0,mid,-49.0,-0.00098,1.0,mid,median_plateau_compact,0.0,0.0,0.0
2022-10-18,147.5,0.00295,0.5,low,147.5,0.00295,0.5,low,median_plateau_compact,0.0,0.0,0.0
2022-10-19,-236.0,-0.00472,0.5,low,-236.0,-0.00472,0.5,low,median_plateau_compact,0.0,0.0,0.0
2022-10-20,-603.0,-0.01206,1.0,mid,-603.0,-0.01206,1.0,mid,median_plateau_compact,0.0,0.0,0.0
2022-10-21,0.0,0.0,0.0,no_trade,0.0,0.0,0.0,no_trade,median_plateau_compact,0.0,0.0,0.0
2022-10-24,0.0,0.0,0.0,no_trade,0.0,0.0,0.0,no_trade,median_plateau_compact,0.0,0.0,0.0
2022-10-25,-316.5,-0.00633,0.5,low,-316.5,-0.00633,0.5,low,median_plateau_compact,0.0,0.0,0.0
2022-10-26,0.0,0.0,0.0,no_trade,0.0,0.0,0.0,no_trade,median_plateau_compact,0.0,0.0,0.0
2022-10-27,22.0,0.00044,1.0,mid,22.0,0.00044,1.0,mid,median_plateau_compact,0.0,0.0,0.0
2022-10-28,870.0,0.0174,1.0,mid,870.0,0.0174,1.0,mid,median_plateau_compact,0.0,0.0,0.0
2022-10-31,-219.0,-0.00438,1.0,mid,-219.0,-0.00438,1.0,mid,median_plateau_compact,0.0,0.0,0.0
2022-11-01,0.0,0.0,0.0,no_trade,0.0,0.0,0.0,no_trade,median_plateau_compact,0.0,0.0,0.0
2022-11-02,-153.5,-0.00307,0.25,high,-153.5,-0.00307,0.25,high,median_plateau_compact,0.0,0.0,0.0
2022-11-03,-257.0,-0.00514,0.5,low,-257.0,-0.00514,0.5,low,median_plateau_compact,0.0,0.0,0.0
2022-11-04,0.0,0.0,0.0,no_trade,0.0,0.0,0.0,no_trade,median_plateau_compact,0.0,0.0,0.0
2022-11-07,0.0,0.0,0.0,no_trade,0.0,0.0,0.0,no_trade,median_plateau_compact,0.0,0.0,0.0
2022-11-08,-658.0,-0.01316,1.0,mid,-658.0,-0.01316,1.0,mid,median_plateau_compact,0.0,0.0,0.0
2022-11-09,485.0,0.0097,0.5,low,485.0,0.0097,0.5,low,median_plateau_compact,0.0,0.0,0.0
2022-11-10,0.0,0.0,0.0,no_trade,0.0,0.0,0.0,no_trade,median_plateau_compact,0.0,0.0,0.0
2022-11-11,0.0,0.0,0.0,no_trade,0.0,0.0,0.0,no_trade,median_plateau_compact,0.0,0.0,0.0
2022-11-14,-71.5,-0.00143,0.25,high,-286.0,-0.00572,1.0,mid,median_plateau_compact,-214.5,-0.00429,214.5
2022-11-15,0.0,0.0,0.0,no_trade,214.5,0.00429,1.0,mid,median_plateau_compact,214.5,0.00429,214.5
2022-11-16,-7.5,-0.00015,0.5,low,-7.5,-0.00015,0.5,low,median_plateau_compact,0.0,0.0,0.0
2022-11-17,325.5,0.00651,1.0,mid,325.5,0.00651,1.0,mid,median_plateau_compact,0.0,0.0,0.0
2022-11-18,112.5,0.00225,1.0,mid,112.5,0.00225,1.0,mid,median_plateau_compact,0.0,0.0,0.0
2022-11-21,128.0,0.00256,0.5,low,128.0,0.00256,0.5,low,median_plateau_compact,0.0,0.0,0.0
2022-11-22,654.0,0.01308,1.0,mid,654.0,0.01308,1.0,mid,median_plateau_compact,0.0,0.0,0.0
2022-11-23,0.0,0.0,0.0,no_trade,0.0,0.0,0.0,no_trade,median_plateau_compact,0.0,0.0,0.0
2022-11-24,0.0,0.0,0.0,no_trade,0.0,0.0,0.0,no_trade,median_plateau_compact,0.0,0.0,0.0
2022-11-25,0.0,0.0,0.0,no_trade,0.0,0.0,0.0,no_trade,median_plateau_compact,0.0,0.0,0.0
2022-11-28,130.5,0.00261,0.5,low,130.5,0.00261,0.5,low,median_plateau_compact,0.0,0.0,0.0
2022-11-29,-264.0,-0.00528,0.5,low,-264.0,-0.00528,0.5,low,median_plateau_compact,0.0,0.0,0.0
2022-11-30,-278.0,-0.00556,0.5,low,-278.0,-0.00556,0.5,low,median_plateau_compact,0.0,0.0,0.0
2022-12-01,0.0,0.0,0.0,no_trade,0.0,0.0,0.0,no_trade,median_plateau_compact,0.0,0.0,0.0
2022-12-02,618.0,0.01236,1.0,mid,618.0,0.01236,1.0,mid,median_plateau_compact,0.0,0.0,0.0
2022-12-05,295.0,0.0059,0.25,high,295.0,0.0059,0.25,high,median_plateau_compact,0.0,0.0,0.0
2022-12-06,0.0,0.0,0.0,no_trade,0.0,0.0,0.0,no_trade,median_plateau_compact,0.0,0.0,0.0
2022-12-07,0.0,0.0,0.0,no_trade,0.0,0.0,0.0,no_trade,median_plateau_compact,0.0,0.0,0.0
2022-12-08,65.0,0.0013,0.5,low,65.0,0.0013,0.5,low,median_plateau_compact,0.0,0.0,0.0
2022-12-09,-194.5,-0.00389,0.5,low,-194.5,-0.00389,0.5,low,median_plateau_compact,0.0,0.0,0.0
2022-12-12,-141.5,-0.00283,0.25,high,-141.5,-0.00283,0.25,high,median_plateau_compact,0.0,0.0,0.0
2022-12-13,289.5,0.00579,1.0,mid,289.5,0.00579,1.0,mid,median_plateau_compact,0.0,0.0,0.0
2022-12-14,-196.0,-0.00392,0.5,low,-196.0,-0.00392,0.5,low,median_plateau_compact,0.0,0.0,0.0
2022-12-15,331.0,0.00662,1.0,mid,331.0,0.00662,1.0,mid,median_plateau_compact,0.0,0.0,0.0
2022-12-19,277.5,0.00555,1.0,mid,277.5,0.00555,1.0,mid,median_plateau_compact,0.0,0.0,0.0
2022-12-20,-24.0,-0.00048,1.0,mid,-24.0,-0.00048,1.0,mid,median_plateau_compact,0.0,0.0,0.0
2022-12-21,0.0,0.0,0.0,no_trade,0.0,0.0,0.0,no_trade,median_plateau_compact,0.0,0.0,0.0
2022-12-22,0.0,0.0,0.0,no_trade,0.0,0.0,0.0,no_trade,median_plateau_compact,0.0,0.0,0.0
2022-12-23,20.0,0.0004,0.5,low,20.0,0.0004,0.5,low,median_plateau_compact,0.0,0.0,0.0
2022-12-27,-138.0,-0.00276,1.0,mid,-138.0,-0.00276,1.0,mid,median_plateau_compact,0.0,0.0,0.0
2022-12-28,171.0,0.00342,0.5,low,171.0,0.00342,0.5,low,median_plateau_compact,0.0,0.0,0.0
2022-12-29,321.0,0.00642,1.0,mid,321.0,0.00642,1.0,mid,median_plateau_compact,0.0,0.0,0.0
2022-12-30,120.0,0.0024,0.5,low,120.0,0.0024,0.5,low,median_plateau_compact,0.0,0.0,0.0
2023-01-03,101.0,0.00202,1.0,mid,101.0,0.00202,1.0,mid,median_plateau_compact,0.0,0.0,0.0
2023-01-04,-609.0,-0.01218,1.0,mid,-609.0,-0.01218,1.0,mid,median_plateau_compact,0.0,0.0,0.0
2023-01-05,0.0,0.0,0.0,no_trade,0.0,0.0,0.0,no_trade,median_plateau_compact,0.0,0.0,0.0
2023-01-06,0.0,0.0,0.0,no_trade,0.0,0.0,0.0,no_trade,median_plateau_compact,0.0,0.0,0.0
2023-01-09,-248.5,-0.00497,0.5,low,-248.5,-0.00497,0.5,low,median_plateau_compact,0.0,0.0,0.0
2023-01-10,-252.0,-0.00504,0.5,low,-252.0,-0.00504,0.5,low,median_plateau_compact,0.0,0.0,0.0
2023-01-11,372.0,0.00744,0.5,low,372.0,0.00744,0.5,low,median_plateau_compact,0.0,0.0,0.0
2023-01-12,0.0,0.0,0.0,no_trade,0.0,0.0,0.0,no_trade,median_plateau_compact,0.0,0.0,0.0
2023-01-13,828.0,0.01656,1.0,mid,828.0,0.01656,1.0,mid,median_plateau_compact,0.0,0.0,0.0
2023-01-16,0.0,0.0,0.0,no_trade,0.0,0.0,0.0,no_trade,median_plateau_compact,0.0,0.0,0.0
2023-01-17,-24.0,-0.00048,1.0,mid,-6.0,-0.00012,0.25,high,median_plateau_compact,18.0,0.00036,18.0
2023-01-18,-662.5,-0.01325,1.0,mid,-662.5,-0.01325,1.0,mid,median_plateau_compact,0.0,0.0,0.0
2023-01-19,-606.0,-0.01212,1.0,mid,-202.0,-0.00404,0.5,low,median_plateau_compact,404.0,0.00808,404.0
2023-01-20,0.0,0.0,0.0,no_trade,0.0,0.0,0.0,no_trade,median_plateau_compact,0.0,0.0,0.0
2023-01-23,368.0,0.00736,1.0,mid,368.0,0.00736,1.0,mid,median_plateau_compact,0.0,0.0,0.0
2023-01-24,0.0,0.0,0.0,no_trade,0.0,0.0,0.0,no_trade,median_plateau_compact,0.0,0.0,0.0
2023-01-25,-208.5,-0.00417,0.5,low,-208.5,-0.00417,0.5,low,median_plateau_compact,0.0,0.0,0.0
2023-01-26,-565.0,-0.0113,1.0,mid,-565.0,-0.0113,1.0,mid,median_plateau_compact,0.0,0.0,0.0
2023-01-27,0.0,0.0,0.0,no_trade,0.0,0.0,0.0,no_trade,median_plateau_compact,0.0,0.0,0.0
2023-01-30,-157.5,-0.00315,0.25,high,-157.5,-0.00315,0.25,high,median_plateau_compact,0.0,0.0,0.0
2023-01-31,334.0,0.00668,0.5,low,334.0,0.00668,0.5,low,median_plateau_compact,0.0,0.0,0.0
2023-02-01,-370.5,-0.00741,0.5,low,-370.5,-0.00741,0.5,low,median_plateau_compact,0.0,0.0,0.0
2023-02-02,-600.0,-0.012,1.0,mid,-600.0,-0.012,1.0,mid,median_plateau_compact,0.0,0.0,0.0
2023-02-03,0.0,0.0,0.0,no_trade,0.0,0.0,0.0,no_trade,median_plateau_compact,0.0,0.0,0.0
2023-02-06,-142.0,-0.00284,0.25,high,-142.0,-0.00284,0.25,high,median_plateau_compact,0.0,0.0,0.0
2023-02-07,-139.0,-0.00278,0.25,high,-139.0,-0.00278,0.25,high,median_plateau_compact,0.0,0.0,0.0
2023-02-08,543.0,0.01086,1.0,mid,543.0,0.01086,1.0,mid,median_plateau_compact,0.0,0.0,0.0
2023-02-09,1218.0,0.02436,1.0,mid,1218.0,0.02436,1.0,mid,median_plateau_compact,0.0,0.0,0.0
2023-02-10,-174.5,-0.00349,0.25,high,-174.5,-0.00349,0.25,high,median_plateau_compact,0.0,0.0,0.0
2023-02-13,463.5,0.00927,1.0,mid,463.5,0.00927,1.0,mid,median_plateau_compact,0.0,0.0,0.0
2023-02-14,0.0,0.0,0.0,no_trade,0.0,0.0,0.0,no_trade,median_plateau_compact,0.0,0.0,0.0
2023-02-15,-750.0,-0.015,1.0,mid,-750.0,-0.015,1.0,mid,median_plateau_compact,0.0,0.0,0.0
2023-02-16,-254.0,-0.00508,0.5,low,-254.0,-0.00508,0.5,low,median_plateau_compact,0.0,0.0,0.0
2023-02-17,-189.5,-0.00379,0.5,low,-189.5,-0.00379,0.5,low,median_plateau_compact,0.0,0.0,0.0
2023-02-20,0.0,0.0,0.0,no_trade,0.0,0.0,0.0,no_trade,median_plateau_compact,0.0,0.0,0.0
2023-02-21,212.0,0.00424,0.25,high,212.0,0.00424,0.25,high,median_plateau_compact,0.0,0.0,0.0
2023-02-22,-665.0,-0.0133,1.0,mid,-665.0,-0.0133,1.0,mid,median_plateau_compact,0.0,0.0,0.0
2023-02-23,301.0,0.00602,0.25,high,301.0,0.00602,0.25,high,median_plateau_compact,0.0,0.0,0.0
2023-02-24,-279.0,-0.00558,1.0,mid,-279.0,-0.00558,1.0,mid,median_plateau_compact,0.0,0.0,0.0
2023-02-27,-731.5,-0.01463,1.0,mid,-731.5,-0.01463,1.0,mid,median_plateau_compact,0.0,0.0,0.0
2023-02-28,-149.0,-0.00298,0.25,high,-149.0,-0.00298,0.25,high,median_plateau_compact,0.0,0.0,0.0
2023-03-01,284.0,0.00568,1.0,mid,284.0,0.00568,1.0,mid,median_plateau_compact,0.0,0.0,0.0
2023-03-02,279.0,0.00558,0.25,high,279.0,0.00558,0.25,high,median_plateau_compact,0.0,0.0,0.0
2023-03-03,0.0,0.0,0.0,no_trade,0.0,0.0,0.0,no_trade,median_plateau_compact,0.0,0.0,0.0
2023-03-06,-657.0,-0.01314,1.0,mid,-657.0,-0.01314,1.0,mid,median_plateau_compact,0.0,0.0,0.0
2023-03-07,212.0,0.00424,0.25,high,212.0,0.00424,0.25,high,median_plateau_compact,0.0,0.0,0.0
2023-03-08,-162.5,-0.00325,0.25,high,-162.5,-0.00325,0.25,high,median_plateau_compact,0.0,0.0,0.0
2023-03-09,-236.0,-0.00472,0.5,low,-236.0,-0.00472,0.5,low,median_plateau_compact,0.0,0.0,0.0
2023-03-10,-354.5,-0.00709,0.5,low,-354.5,-0.00709,0.5,low,median_plateau_compact,0.0,0.0,0.0
2023-03-13,0.0,0.0,0.0,no_trade,0.0,0.0,0.0,no_trade,median_plateau_compact,0.0,0.0,0.0
2023-03-14,-750.0,-0.015,1.0,mid,-750.0,-0.015,1.0,mid,median_plateau_compact,0.0,0.0,0.0
2023-03-15,-609.0,-0.01218,1.0,mid,-609.0,-0.01218,1.0,mid,median_plateau_compact,0.0,0.0,0.0
2023-03-16,422.0,0.00844,0.5,low,422.0,0.00844,0.5,low,median_plateau_compact,0.0,0.0,0.0
2023-03-20,304.5,0.00609,1.0,mid,101.5,0.00203,0.5,low,median_plateau_compact,-203.0,-0.004059999999999999,203.0
2023-03-21,-124.5,-0.00249,0.25,high,-124.5,-0.00249,0.25,high,median_plateau_compact,0.0,0.0,0.0
2023-03-22,0.0,0.0,0.0,no_trade,0.0,0.0,0.0,no_trade,median_plateau_compact,0.0,0.0,0.0
2023-03-23,-127.0,-0.00254,0.25,high,-127.0,-0.00254,0.25,high,median_plateau_compact,0.0,0.0,0.0
2023-03-24,-688.5,-0.01377,1.0,mid,-688.5,-0.01377,1.0,mid,median_plateau_compact,0.0,0.0,0.0
2023-03-27,307.0,0.00614,0.5,low,614.0,0.01228,1.0,mid,median_plateau_compact,307.0,0.00614,307.0
2023-03-28,-206.5,-0.00413,0.5,low,-206.5,-0.00413,0.5,low,median_plateau_compact,0.0,0.0,0.0
2023-03-29,-98.5,-0.00197,0.25,high,-98.5,-0.00197,0.25,high,median_plateau_compact,0.0,0.0,0.0
2023-03-30,-710.5,-0.01421,1.0,mid,-710.5,-0.01421,1.0,mid,median_plateau_compact,0.0,0.0,0.0
2023-03-31,0.0,0.0,0.0,no_trade,0.0,0.0,0.0,no_trade,median_plateau_compact,0.0,0.0,0.0
2023-04-03,-695.0,-0.0139,1.0,mid,-695.0,-0.0139,1.0,mid,median_plateau_compact,0.0,0.0,0.0
2023-04-04,-171.5,-0.00343,0.25,high,-171.5,-0.00343,0.25,high,median_plateau_compact,0.0,0.0,0.0
2023-04-05,72.0,0.00144,0.25,high,72.0,0.00144,0.25,high,median_plateau_compact,0.0,0.0,0.0
2023-04-06,1270.0,0.0254,1.0,mid,1270.0,0.0254,1.0,mid,median_plateau_compact,0.0,0.0,0.0
2023-04-10,0.0,0.0,0.0,no_trade,0.0,0.0,0.0,no_trade,median_plateau_compact,0.0,0.0,0.0
2023-04-11,8.0,0.00016,0.5,low,16.0,0.00032,1.0,mid,median_plateau_compact,8.0,0.00016,8.0
2023-04-12,224.0,0.00448,1.0,mid,224.0,0.00448,1.0,mid,median_plateau_compact,0.0,0.0,0.0
2023-04-13,246.0,0.00492,0.25,high,246.0,0.00492,0.25,high,median_plateau_compact,0.0,0.0,0.0
2023-04-14,-313.5,-0.00627,1.0,mid,-313.5,-0.00627,1.0,mid,median_plateau_compact,0.0,0.0,0.0
2023-04-17,-550.0,-0.011,1.0,mid,-275.0,-0.0055,0.5,low,median_plateau_compact,275.0,0.0055,275.0
2023-04-18,162.5,0.00325,0.25,high,162.5,0.00325,0.25,high,median_plateau_compact,0.0,0.0,0.0
2023-04-19,0.0,0.0,0.0,no_trade,0.0,0.0,0.0,no_trade,median_plateau_compact,0.0,0.0,0.0
2023-04-20,-666.0,-0.01332,1.0,mid,-666.0,-0.01332,1.0,mid,median_plateau_compact,0.0,0.0,0.0
2023-04-21,-169.0,-0.00338,0.25,high,-169.0,-0.00338,0.25,high,median_plateau_compact,0.0,0.0,0.0
2023-04-24,-106.0,-0.00212,1.0,mid,-106.0,-0.00212,1.0,mid,median_plateau_compact,0.0,0.0,0.0
2023-04-25,218.0,0.00436,0.25,high,218.0,0.00436,0.25,high,median_plateau_compact,0.0,0.0,0.0
2023-04-26,-692.5,-0.01385,1.0,mid,-692.5,-0.01385,1.0,mid,median_plateau_compact,0.0,0.0,0.0
2023-04-27,1236.0,0.02472,1.0,mid,1236.0,0.02472,1.0,mid,median_plateau_compact,0.0,0.0,0.0
2023-04-28,316.0,0.00632,0.5,low,316.0,0.00632,0.5,low,median_plateau_compact,0.0,0.0,0.0
2023-05-01,-740.0,-0.0148,1.0,mid,-740.0,-0.0148,1.0,mid,median_plateau_compact,0.0,0.0,0.0
2023-05-02,1358.0,0.02716,1.0,mid,1358.0,0.02716,1.0,mid,median_plateau_compact,0.0,0.0,0.0
2023-05-03,0.0,0.0,0.0,no_trade,0.0,0.0,0.0,no_trade,median_plateau_compact,0.0,0.0,0.0
2023-05-04,-675.0,-0.0135,1.0,mid,-675.0,-0.0135,1.0,mid,median_plateau_compact,0.0,0.0,0.0
2023-05-05,1405.0,0.0281,1.0,mid,1405.0,0.0281,1.0,mid,median_plateau_compact,0.0,0.0,0.0
2023-05-08,0.0,0.0,0.0,no_trade,0.0,0.0,0.0,no_trade,median_plateau_compact,0.0,0.0,0.0
2023-05-09,0.0,0.0,0.0,no_trade,0.0,0.0,0.0,no_trade,median_plateau_compact,0.0,0.0,0.0
2023-05-10,-204.0,-0.00408,0.5,low,-204.0,-0.00408,0.5,low,median_plateau_compact,0.0,0.0,0.0
2023-05-11,-259.0,-0.00518,0.5,low,-259.0,-0.00518,0.5,low,median_plateau_compact,0.0,0.0,0.0
2023-05-12,61.0,0.00122,0.25,high,61.0,0.00122,0.25,high,median_plateau_compact,0.0,0.0,0.0
2023-05-15,-738.0,-0.01476,1.0,mid,-738.0,-0.01476,1.0,mid,median_plateau_compact,0.0,0.0,0.0
2023-05-16,0.0,0.0,0.0,no_trade,0.0,0.0,0.0,no_trade,median_plateau_compact,0.0,0.0,0.0
2023-05-17,0.0,0.0,0.0,no_trade,0.0,0.0,0.0,no_trade,median_plateau_compact,0.0,0.0,0.0
2023-05-18,304.0,0.00608,0.25,high,304.0,0.00608,0.25,high,median_plateau_compact,0.0,0.0,0.0
2023-05-19,165.0,0.0033,1.0,mid,165.0,0.0033,1.0,mid,median_plateau_compact,0.0,0.0,0.0
2023-05-22,0.0,0.0,0.0,no_trade,0.0,0.0,0.0,no_trade,median_plateau_compact,0.0,0.0,0.0
2023-05-23,0.0,0.0,0.0,no_trade,0.0,0.0,0.0,no_trade,median_plateau_compact,0.0,0.0,0.0
2023-05-24,-120.0,-0.0024,0.25,high,-720.0,-0.0144,1.0,mid,median_plateau_compact,-600.0,-0.012,600.0
2023-05-25,0.0,0.0,0.0,no_trade,0.0,0.0,0.0,no_trade,median_plateau_compact,0.0,0.0,0.0
2023-05-26,0.0,0.0,0.0,no_trade,0.0,0.0,0.0,no_trade,median_plateau_compact,0.0,0.0,0.0
2023-05-29,0.0,0.0,0.0,no_trade,0.0,0.0,0.0,no_trade,median_plateau_compact,0.0,0.0,0.0
2023-05-30,0.0,0.0,0.0,no_trade,0.0,0.0,0.0,no_trade,median_plateau_compact,0.0,0.0,0.0
2023-05-31,98.0,0.00196,1.0,mid,98.0,0.00196,1.0,mid,median_plateau_compact,0.0,0.0,0.0
2023-06-01,1216.0,0.02432,1.0,mid,1216.0,0.02432,1.0,mid,median_plateau_compact,0.0,0.0,0.0
2023-06-02,0.0,0.0,0.0,no_trade,0.0,0.0,0.0,no_trade,median_plateau_compact,0.0,0.0,0.0
2023-06-05,-698.0,-0.01396,1.0,mid,-698.0,-0.01396,1.0,mid,median_plateau_compact,0.0,0.0,0.0
2023-06-06,59.0,0.00118,0.5,low,147.5,0.00295,1.0,mid,median_plateau_compact,88.5,0.0017699999999999999,88.5
2023-06-07,1224.0,0.02448,1.0,mid,1224.0,0.02448,1.0,mid,median_plateau_compact,0.0,0.0,0.0
2023-06-08,724.0,0.01448,1.0,mid,724.0,0.01448,1.0,mid,median_plateau_compact,0.0,0.0,0.0
2023-06-09,0.0,0.0,0.0,no_trade,0.0,0.0,0.0,no_trade,median_plateau_compact,0.0,0.0,0.0
2023-06-12,-102.0,-0.00204,0.25,high,-102.0,-0.00204,0.25,high,median_plateau_compact,0.0,0.0,0.0
2023-06-13,-495.0,-0.0099,1.0,mid,-495.0,-0.0099,1.0,mid,median_plateau_compact,0.0,0.0,0.0
2023-06-14,-300.0,-0.006,0.5,low,-300.0,-0.006,0.5,low,median_plateau_compact,0.0,0.0,0.0
2023-06-15,0.0,0.0,0.0,no_trade,0.0,0.0,0.0,no_trade,median_plateau_compact,0.0,0.0,0.0
2023-06-19,0.0,0.0,0.0,no_trade,0.0,0.0,0.0,no_trade,median_plateau_compact,0.0,0.0,0.0
2023-06-20,-282.0,-0.00564,1.0,mid,-282.0,-0.00564,1.0,mid,median_plateau_compact,0.0,0.0,0.0
2023-06-21,295.5,0.00591,1.0,mid,295.5,0.00591,1.0,mid,median_plateau_compact,0.0,0.0,0.0
2023-06-22,0.0,0.0,0.0,no_trade,0.0,0.0,0.0,no_trade,median_plateau_compact,0.0,0.0,0.0
2023-06-23,-237.0,-0.00474,1.0,mid,-237.0,-0.00474,1.0,mid,median_plateau_compact,0.0,0.0,0.0
2023-06-26,-251.0,-0.00502,0.5,low,-502.0,-0.01004,1.0,mid,median_plateau_compact,-251.0,-0.00502,251.0
2023-06-27,-640.0,-0.0128,1.0,mid,-640.0,-0.0128,1.0,mid,median_plateau_compact,0.0,0.0,0.0
2023-06-28,350.0,0.007,1.0,mid,350.0,0.007,1.0,mid,median_plateau_compact,0.0,0.0,0.0
2023-06-29,-81.5,-0.00163,0.25,high,-81.5,-0.00163,0.25,high,median_plateau_compact,0.0,0.0,0.0
2023-06-30,-127.5,-0.00255,1.0,mid,-127.5,-0.00255,1.0,mid,median_plateau_compact,0.0,0.0,0.0
2023-07-03,-26.5,-0.00053,0.25,high,-159.0,-0.00318,1.0,mid,median_plateau_compact,-132.5,-0.00265,132.5
2023-07-04,0.0,0.0,0.0,no_trade,0.0,0.0,0.0,no_trade,median_plateau_compact,0.0,0.0,0.0
2023-07-05,-279.0,-0.00558,1.0,mid,-279.0,-0.00558,1.0,mid,median_plateau_compact,0.0,0.0,0.0
2023-07-06,-704.0,-0.01408,1.0,mid,-704.0,-0.01408,1.0,mid,median_plateau_compact,0.0,0.0,0.0
2023-07-07,-375.0,-0.0075,0.5,low,-375.0,-0.0075,0.5,low,median_plateau_compact,0.0,0.0,0.0
2023-07-10,-561.0,-0.01122,1.0,mid,-561.0,-0.01122,1.0,mid,median_plateau_compact,0.0,0.0,0.0
2023-07-11,0.0,0.0,0.0,no_trade,0.0,0.0,0.0,no_trade,median_plateau_compact,0.0,0.0,0.0
2023-07-12,-267.0,-0.00534,0.5,low,-267.0,-0.00534,0.5,low,median_plateau_compact,0.0,0.0,0.0
2023-07-13,0.0,0.0,0.0,no_trade,0.0,0.0,0.0,no_trade,median_plateau_compact,0.0,0.0,0.0
2023-07-14,-187.0,-0.00374,0.25,high,-187.0,-0.00374,0.25,high,median_plateau_compact,0.0,0.0,0.0
2023-07-17,0.0,0.0,0.0,no_trade,0.0,0.0,0.0,no_trade,median_plateau_compact,0.0,0.0,0.0
2023-07-18,0.0,0.0,0.0,no_trade,0.0,0.0,0.0,no_trade,median_plateau_compact,0.0,0.0,0.0
2023-07-19,-670.0,-0.0134,1.0,mid,-670.0,-0.0134,1.0,mid,median_plateau_compact,0.0,0.0,0.0
2023-07-20,1385.0,0.0277,1.0,mid,1385.0,0.0277,1.0,mid,median_plateau_compact,0.0,0.0,0.0
2023-07-21,439.5,0.00879,1.0,mid,0.0,0.0,0.0,no_trade,median_plateau_compact,-439.5,-0.00879,439.5
2023-07-24,0.0,0.0,0.0,no_trade,0.0,0.0,0.0,no_trade,median_plateau_compact,0.0,0.0,0.0
2023-07-25,0.0,0.0,0.0,no_trade,0.0,0.0,0.0,no_trade,median_plateau_compact,0.0,0.0,0.0
2023-07-26,-327.0,-0.00654,0.5,low,-327.0,-0.00654,0.5,low,median_plateau_compact,0.0,0.0,0.0
2023-07-27,1212.0,0.02424,1.0,mid,1212.0,0.02424,1.0,mid,median_plateau_compact,0.0,0.0,0.0
2023-07-28,81.0,0.00162,1.0,mid,81.0,0.00162,1.0,mid,median_plateau_compact,0.0,0.0,0.0
2023-07-31,0.0,0.0,0.0,no_trade,0.0,0.0,0.0,no_trade,median_plateau_compact,0.0,0.0,0.0
2023-08-01,-111.0,-0.00222,0.25,high,-111.0,-0.00222,0.25,high,median_plateau_compact,0.0,0.0,0.0
2023-08-02,221.0,0.00442,0.25,high,221.0,0.00442,0.25,high,median_plateau_compact,0.0,0.0,0.0
2023-08-03,0.0,0.0,0.0,no_trade,0.0,0.0,0.0,no_trade,median_plateau_compact,0.0,0.0,0.0
2023-08-04,0.0,0.0,0.0,no_trade,0.0,0.0,0.0,no_trade,median_plateau_compact,0.0,0.0,0.0
2023-08-07,0.0,0.0,0.0,no_trade,0.0,0.0,0.0,no_trade,median_plateau_compact,0.0,0.0,0.0
2023-08-08,0.0,0.0,0.0,no_trade,0.0,0.0,0.0,no_trade,median_plateau_compact,0.0,0.0,0.0
2023-08-09,0.0,0.0,0.0,no_trade,0.0,0.0,0.0,no_trade,median_plateau_compact,0.0,0.0,0.0
2023-08-10,-319.5,-0.00639,0.5,low,-319.5,-0.00639,0.5,low,median_plateau_compact,0.0,0.0,0.0
2023-08-11,-579.0,-0.01158,1.0,mid,-579.0,-0.01158,1.0,mid,median_plateau_compact,0.0,0.0,0.0
2023-08-14,1128.0,0.02256,1.0,mid,1128.0,0.02256,1.0,mid,median_plateau_compact,0.0,0.0,0.0
2023-08-15,526.0,0.01052,1.0,mid,526.0,0.01052,1.0,mid,median_plateau_compact,0.0,0.0,0.0
2023-08-16,-680.0,-0.0136,1.0,mid,-680.0,-0.0136,1.0,mid,median_plateau_compact,0.0,0.0,0.0
2023-08-17,784.5,0.01569,1.0,mid,0.0,0.0,0.0,no_trade,median_plateau_compact,-784.5,-0.01569,784.5
2023-08-18,-648.0,-0.01296,1.0,mid,-648.0,-0.01296,1.0,mid,median_plateau_compact,0.0,0.0,0.0
2023-08-21,-675.0,-0.0135,1.0,mid,-675.0,-0.0135,1.0,mid,median_plateau_compact,0.0,0.0,0.0
2023-08-22,150.0,0.003,1.0,mid,150.0,0.003,1.0,mid,median_plateau_compact,0.0,0.0,0.0
2023-08-23,0.0,0.0,0.0,no_trade,1281.0,0.02562,1.0,mid,median_plateau_compact,1281.0,0.02562,1281.0
2023-08-24,0.0,0.0,0.0,no_trade,0.0,0.0,0.0,no_trade,median_plateau_compact,0.0,0.0,0.0
2023-08-25,-135.5,-0.00271,0.25,high,-135.5,-0.00271,0.25,high,median_plateau_compact,0.0,0.0,0.0
2023-08-28,0.0,0.0,0.0,no_trade,-376.0,-0.00752,1.0,mid,median_plateau_compact,-376.0,-0.00752,376.0
2023-08-29,0.0,0.0,0.0,no_trade,0.0,0.0,0.0,no_trade,median_plateau_compact,0.0,0.0,0.0
2023-08-30,-600.0,-0.012,1.0,mid,-600.0,-0.012,1.0,mid,median_plateau_compact,0.0,0.0,0.0
2023-08-31,-258.0,-0.00516,1.0,mid,-64.5,-0.00129,0.25,high,median_plateau_compact,193.5,0.0038699999999999997,193.5
2023-09-01,-52.0,-0.00104,0.5,low,-52.0,-0.00104,0.5,low,median_plateau_compact,0.0,0.0,0.0
2023-09-04,0.0,0.0,0.0,no_trade,0.0,0.0,0.0,no_trade,median_plateau_compact,0.0,0.0,0.0
2023-09-05,103.0,0.00206,0.5,low,103.0,0.00206,0.5,low,median_plateau_compact,0.0,0.0,0.0
2023-09-06,245.0,0.0049,0.25,high,245.0,0.0049,0.25,high,median_plateau_compact,0.0,0.0,0.0
2023-09-07,26.0,0.00052,0.5,low,26.0,0.00052,0.5,low,median_plateau_compact,0.0,0.0,0.0
2023-09-08,0.0,0.0,0.0,no_trade,0.0,0.0,0.0,no_trade,median_plateau_compact,0.0,0.0,0.0
2023-09-11,0.0,0.0,0.0,no_trade,0.0,0.0,0.0,no_trade,median_plateau_compact,0.0,0.0,0.0
2023-09-12,324.0,0.00648,0.5,low,324.0,0.00648,0.5,low,median_plateau_compact,0.0,0.0,0.0
2023-09-13,-142.0,-0.00284,0.25,high,-142.0,-0.00284,0.25,high,median_plateau_compact,0.0,0.0,0.0
2023-09-14,61.5,0.00123,0.5,low,61.5,0.00123,0.5,low,median_plateau_compact,0.0,0.0,0.0
2023-09-18,0.0,0.0,0.0,no_trade,0.0,0.0,0.0,no_trade,median_plateau_compact,0.0,0.0,0.0
2023-09-19,-154.0,-0.00308,0.25,high,-154.0,-0.00308,0.25,high,median_plateau_compact,0.0,0.0,0.0
2023-09-20,1245.0,0.0249,1.0,mid,1245.0,0.0249,1.0,mid,median_plateau_compact,0.0,0.0,0.0
2023-09-21,122.0,0.00244,0.5,low,122.0,0.00244,0.5,low,median_plateau_compact,0.0,0.0,0.0
2023-09-22,-151.5,-0.00303,0.25,high,-151.5,-0.00303,0.25,high,median_plateau_compact,0.0,0.0,0.0
2023-09-25,241.5,0.00483,1.0,mid,80.5,0.00161,0.5,low,median_plateau_compact,-161.0,-0.0032199999999999998,161.0
2023-09-26,378.0,0.00756,1.0,mid,378.0,0.00756,1.0,mid,median_plateau_compact,0.0,0.0,0.0
2023-09-27,1398.0,0.02796,1.0,mid,1398.0,0.02796,1.0,mid,median_plateau_compact,0.0,0.0,0.0
2023-09-28,541.5,0.01083,1.0,mid,541.5,0.01083,1.0,mid,median_plateau_compact,0.0,0.0,0.0
2023-09-29,-146.0,-0.00292,0.25,high,-146.0,-0.00292,0.25,high,median_plateau_compact,0.0,0.0,0.0
2023-10-02,0.0,0.0,0.0,no_trade,0.0,0.0,0.0,no_trade,median_plateau_compact,0.0,0.0,0.0
2023-10-03,0.0,0.0,0.0,no_trade,0.0,0.0,0.0,no_trade,median_plateau_compact,0.0,0.0,0.0
2023-10-04,363.0,0.00726,1.0,mid,363.0,0.00726,1.0,mid,median_plateau_compact,0.0,0.0,0.0
2023-10-05,0.0,0.0,0.0,no_trade,0.0,0.0,0.0,no_trade,median_plateau_compact,0.0,0.0,0.0
2023-10-06,417.0,0.00834,0.5,low,417.0,0.00834,0.5,low,median_plateau_compact,0.0,0.0,0.0
2023-10-09,0.0,0.0,0.0,no_trade,0.0,0.0,0.0,no_trade,median_plateau_compact,0.0,0.0,0.0
2023-10-10,148.0,0.00296,1.0,mid,148.0,0.00296,1.0,mid,median_plateau_compact,0.0,0.0,0.0
2023-10-11,-154.0,-0.00308,0.25,high,-154.0,-0.00308,0.25,high,median_plateau_compact,0.0,0.0,0.0
2023-10-12,-120.5,-0.00241,0.25,high,-120.5,-0.00241,0.25,high,median_plateau_compact,0.0,0.0,0.0
2023-10-13,300.0,0.006,0.25,high,300.0,0.006,0.25,high,median_plateau_compact,0.0,0.0,0.0
2023-10-16,138.0,0.00276,1.0,mid,138.0,0.00276,1.0,mid,median_plateau_compact,0.0,0.0,0.0
2023-10-17,114.0,0.00228,0.5,low,228.0,0.00456,1.0,mid,median_plateau_compact,114.0,0.00228,114.0
2023-10-18,-648.0,-0.01296,1.0,mid,-648.0,-0.01296,1.0,mid,median_plateau_compact,0.0,0.0,0.0
2023-10-19,-648.0,-0.01296,1.0,mid,-648.0,-0.01296,1.0,mid,median_plateau_compact,0.0,0.0,0.0
2023-10-20,808.5,0.01617,1.0,mid,808.5,0.01617,1.0,mid,median_plateau_compact,0.0,0.0,0.0
2023-10-23,147.0,0.00294,0.5,low,147.0,0.00294,0.5,low,median_plateau_compact,0.0,0.0,0.0
2023-10-24,-326.0,-0.00652,0.5,low,-326.0,-0.00652,0.5,low,median_plateau_compact,0.0,0.0,0.0
2023-10-25,588.0,0.01176,0.5,low,588.0,0.01176,0.5,low,median_plateau_compact,0.0,0.0,0.0
2023-10-26,0.0,0.0,0.0,no_trade,0.0,0.0,0.0,no_trade,median_plateau_compact,0.0,0.0,0.0
2023-10-27,-279.0,-0.00558,0.5,low,-279.0,-0.00558,0.5,low,median_plateau_compact,0.0,0.0,0.0
2023-10-30,-173.0,-0.00346,0.5,low,-173.0,-0.00346,0.5,low,median_plateau_compact,0.0,0.0,0.0
2023-10-31,88.0,0.00176,0.5,low,88.0,0.00176,0.5,low,median_plateau_compact,0.0,0.0,0.0
2023-11-01,1224.0,0.02448,1.0,mid,1224.0,0.02448,1.0,mid,median_plateau_compact,0.0,0.0,0.0
2023-11-02,-722.5,-0.01445,1.0,mid,-144.5,-0.00289,0.25,high,median_plateau_compact,578.0,0.011559999999999999,578.0
2023-11-03,0.0,0.0,0.0,no_trade,0.0,0.0,0.0,no_trade,median_plateau_compact,0.0,0.0,0.0
2023-11-06,-342.5,-0.00685,1.0,mid,-342.5,-0.00685,1.0,mid,median_plateau_compact,0.0,0.0,0.0
2023-11-07,333.0,0.00666,1.0,mid,0.0,0.0,0.0,no_trade,median_plateau_compact,-333.0,-0.00666,333.0
2023-11-08,-41.5,-0.00083,0.25,high,-41.5,-0.00083,0.25,high,median_plateau_compact,0.0,0.0,0.0
2023-11-09,-139.5,-0.00279,0.25,high,-139.5,-0.00279,0.25,high,median_plateau_compact,0.0,0.0,0.0
2023-11-10,718.0,0.01436,0.5,low,718.0,0.01436,0.5,low,median_plateau_compact,0.0,0.0,0.0
2023-11-13,21.0,0.00042,0.5,low,21.0,0.00042,0.5,low,median_plateau_compact,0.0,0.0,0.0
2023-11-14,38.5,0.00077,0.25,high,38.5,0.00077,0.25,high,median_plateau_compact,0.0,0.0,0.0
2023-11-15,31.0,0.00062,0.25,high,155.0,0.0031,1.0,mid,median_plateau_compact,124.0,0.00248,124.0
2023-11-16,-313.0,-0.00626,0.5,low,-313.0,-0.00626,0.5,low,median_plateau_compact,0.0,0.0,0.0
2023-11-17,-675.0,-0.0135,1.0,mid,-675.0,-0.0135,1.0,mid,median_plateau_compact,0.0,0.0,0.0
2023-11-20,173.5,0.00347,0.5,low,173.5,0.00347,0.5,low,median_plateau_compact,0.0,0.0,0.0
2023-11-21,-68.0,-0.00136,0.5,low,-68.0,-0.00136,0.5,low,median_plateau_compact,0.0,0.0,0.0
2023-11-22,0.0,0.0,0.0,no_trade,0.0,0.0,0.0,no_trade,median_plateau_compact,0.0,0.0,0.0
2023-11-23,0.0,0.0,0.0,no_trade,0.0,0.0,0.0,no_trade,median_plateau_compact,0.0,0.0,0.0
2023-11-24,0.0,0.0,0.0,no_trade,0.0,0.0,0.0,no_trade,median_plateau_compact,0.0,0.0,0.0
2023-11-27,-149.0,-0.00298,0.5,low,-149.0,-0.00298,0.5,low,median_plateau_compact,0.0,0.0,0.0
2023-11-28,0.0,0.0,0.0,no_trade,0.0,0.0,0.0,no_trade,median_plateau_compact,0.0,0.0,0.0
2023-11-29,192.5,0.00385,0.25,high,192.5,0.00385,0.25,high,median_plateau_compact,0.0,0.0,0.0
2023-11-30,-297.0,-0.00594,1.0,mid,0.0,0.0,0.0,no_trade,median_plateau_compact,297.0,0.00594,297.0
2023-12-01,-152.5,-0.00305,0.25,high,-152.5,-0.00305,0.25,high,median_plateau_compact,0.0,0.0,0.0
2023-12-04,-375.0,-0.0075,0.5,low,-375.0,-0.0075,0.5,low,median_plateau_compact,0.0,0.0,0.0
2023-12-05,0.0,0.0,0.0,no_trade,0.0,0.0,0.0,no_trade,median_plateau_compact,0.0,0.0,0.0
2023-12-06,676.5,0.01353,1.0,mid,676.5,0.01353,1.0,mid,median_plateau_compact,0.0,0.0,0.0
2023-12-07,77.5,0.00155,0.5,low,232.5,0.00465,1.0,mid,median_plateau_compact,155.0,0.0030999999999999995,155.0
2023-12-08,126.5,0.00253,0.25,high,126.5,0.00253,0.25,high,median_plateau_compact,0.0,0.0,0.0
2023-12-11,138.5,0.00277,0.5,low,138.5,0.00277,0.5,low,median_plateau_compact,0.0,0.0,0.0
2023-12-12,842.0,0.01684,1.0,mid,842.0,0.01684,1.0,mid,median_plateau_compact,0.0,0.0,0.0
2023-12-13,0.0,0.0,0.0,no_trade,0.0,0.0,0.0,no_trade,median_plateau_compact,0.0,0.0,0.0
2023-12-14,277.0,0.00554,0.25,high,277.0,0.00554,0.25,high,median_plateau_compact,0.0,0.0,0.0
2023-12-18,202.5,0.00405,0.5,low,202.5,0.00405,0.5,low,median_plateau_compact,0.0,0.0,0.0
2023-12-19,0.0,0.0,0.0,no_trade,0.0,0.0,0.0,no_trade,median_plateau_compact,0.0,0.0,0.0
2023-12-20,0.0,0.0,0.0,no_trade,0.0,0.0,0.0,no_trade,median_plateau_compact,0.0,0.0,0.0
2023-12-21,-682.0,-0.01364,1.0,mid,-682.0,-0.01364,1.0,mid,median_plateau_compact,0.0,0.0,0.0
2023-12-22,-77.5,-0.00155,1.0,mid,-77.5,-0.00155,1.0,mid,median_plateau_compact,0.0,0.0,0.0
2023-12-26,0.0,0.0,0.0,no_trade,0.0,0.0,0.0,no_trade,median_plateau_compact,0.0,0.0,0.0
2023-12-27,0.0,0.0,0.0,no_trade,0.0,0.0,0.0,no_trade,median_plateau_compact,0.0,0.0,0.0
2023-12-28,0.0,0.0,0.0,no_trade,0.0,0.0,0.0,no_trade,median_plateau_compact,0.0,0.0,0.0
2023-12-29,0.0,0.0,0.0,no_trade,0.0,0.0,0.0,no_trade,median_plateau_compact,0.0,0.0,0.0
2024-01-02,-14.5,-0.00029,0.5,low,-14.5,-0.00029,0.5,low,median_plateau_compact,0.0,0.0,0.0
2024-01-03,68.0,0.00136,0.25,high,68.0,0.00136,0.25,high,median_plateau_compact,0.0,0.0,0.0
2024-01-04,-132.0,-0.00264,0.25,high,-132.0,-0.00264,0.25,high,median_plateau_compact,0.0,0.0,0.0
2024-01-05,-126.5,-0.00253,0.25,high,-126.5,-0.00253,0.25,high,median_plateau_compact,0.0,0.0,0.0
2024-01-08,0.0,0.0,0.0,no_trade,0.0,0.0,0.0,no_trade,median_plateau_compact,0.0,0.0,0.0
2024-01-09,717.0,0.01434,0.5,low,717.0,0.01434,0.5,low,median_plateau_compact,0.0,0.0,0.0
2024-01-10,-131.0,-0.00262,0.25,high,-131.0,-0.00262,0.25,high,median_plateau_compact,0.0,0.0,0.0
2024-01-11,0.0,0.0,0.0,no_trade,0.0,0.0,0.0,no_trade,median_plateau_compact,0.0,0.0,0.0
2024-01-12,-31.5,-0.00063,0.25,high,-31.5,-0.00063,0.25,high,median_plateau_compact,0.0,0.0,0.0
2024-01-15,0.0,0.0,0.0,no_trade,0.0,0.0,0.0,no_trade,median_plateau_compact,0.0,0.0,0.0
2024-01-16,126.0,0.00252,1.0,mid,126.0,0.00252,1.0,mid,median_plateau_compact,0.0,0.0,0.0
2024-01-17,-616.0,-0.01232,1.0,mid,-616.0,-0.01232,1.0,mid,median_plateau_compact,0.0,0.0,0.0
2024-01-18,-672.5,-0.01345,1.0,mid,-672.5,-0.01345,1.0,mid,median_plateau_compact,0.0,0.0,0.0
2024-01-19,203.0,0.00406,0.25,high,203.0,0.00406,0.25,high,median_plateau_compact,0.0,0.0,0.0
2024-01-22,62.5,0.00125,0.5,low,62.5,0.00125,0.5,low,median_plateau_compact,0.0,0.0,0.0
2024-01-23,0.0,0.0,0.0,no_trade,0.0,0.0,0.0,no_trade,median_plateau_compact,0.0,0.0,0.0
2024-01-24,-680.0,-0.0136,1.0,mid,-680.0,-0.0136,1.0,mid,median_plateau_compact,0.0,0.0,0.0
2024-01-25,-312.0,-0.00624,0.5,low,-624.0,-0.01248,1.0,mid,median_plateau_compact,-312.0,-0.00624,312.0
2024-01-26,-630.0,-0.0126,1.0,mid,-630.0,-0.0126,1.0,mid,median_plateau_compact,0.0,0.0,0.0
2024-01-29,-261.0,-0.00522,0.5,low,-261.0,-0.00522,0.5,low,median_plateau_compact,0.0,0.0,0.0
2024-01-30,320.0,0.0064,0.25,high,320.0,0.0064,0.25,high,median_plateau_compact,0.0,0.0,0.0
2024-01-31,-367.0,-0.00734,0.5,low,-367.0,-0.00734,0.5,low,median_plateau_compact,0.0,0.0,0.0
2024-02-01,-666.0,-0.01332,1.0,mid,-666.0,-0.01332,1.0,mid,median_plateau_compact,0.0,0.0,0.0
2024-02-02,0.0,0.0,0.0,no_trade,0.0,0.0,0.0,no_trade,median_plateau_compact,0.0,0.0,0.0
2024-02-05,-126.5,-0.00253,0.25,high,-126.5,-0.00253,0.25,high,median_plateau_compact,0.0,0.0,0.0
2024-02-06,0.0,0.0,0.0,no_trade,0.0,0.0,0.0,no_trade,median_plateau_compact,0.0,0.0,0.0
2024-02-07,65.5,0.00131,0.25,high,65.5,0.00131,0.25,high,median_plateau_compact,0.0,0.0,0.0
2024-02-08,42.0,0.00084,1.0,mid,42.0,0.00084,1.0,mid,median_plateau_compact,0.0,0.0,0.0
2024-02-09,652.0,0.01304,1.0,mid,652.0,0.01304,1.0,mid,median_plateau_compact,0.0,0.0,0.0
2024-02-12,0.0,0.0,0.0,no_trade,0.0,0.0,0.0,no_trade,median_plateau_compact,0.0,0.0,0.0
2024-02-13,-315.5,-0.00631,0.5,low,-315.5,-0.00631,0.5,low,median_plateau_compact,0.0,0.0,0.0
2024-02-14,-680.0,-0.0136,1.0,mid,-680.0,-0.0136,1.0,mid,median_plateau_compact,0.0,0.0,0.0
2024-02-15,0.0,0.0,0.0,no_trade,0.0,0.0,0.0,no_trade,median_plateau_compact,0.0,0.0,0.0
2024-02-16,0.0,0.0,0.0,no_trade,0.0,0.0,0.0,no_trade,median_plateau_compact,0.0,0.0,0.0
2024-02-19,0.0,0.0,0.0,no_trade,0.0,0.0,0.0,no_trade,median_plateau_compact,0.0,0.0,0.0
2024-02-20,-138.0,-0.00276,1.0,mid,-138.0,-0.00276,1.0,mid,median_plateau_compact,0.0,0.0,0.0
2024-02-21,-152.5,-0.00305,0.25,high,-152.5,-0.00305,0.25,high,median_plateau_compact,0.0,0.0,0.0
2024-02-22,357.0,0.00714,1.0,mid,357.0,0.00714,1.0,mid,median_plateau_compact,0.0,0.0,0.0
2024-02-23,156.5,0.00313,0.25,high,156.5,0.00313,0.25,high,median_plateau_compact,0.0,0.0,0.0
2024-02-26,0.0,0.0,0.0,no_trade,0.0,0.0,0.0,no_trade,median_plateau_compact,0.0,0.0,0.0
2024-02-27,-370.0,-0.0074,0.5,low,-370.0,-0.0074,0.5,low,median_plateau_compact,0.0,0.0,0.0
2024-02-28,0.0,0.0,0.0,no_trade,0.0,0.0,0.0,no_trade,median_plateau_compact,0.0,0.0,0.0
2024-02-29,-586.5,-0.01173,1.0,mid,-586.5,-0.01173,1.0,mid,median_plateau_compact,0.0,0.0,0.0
2024-03-01,217.0,0.00434,0.25,high,217.0,0.00434,0.25,high,median_plateau_compact,0.0,0.0,0.0
2024-03-04,-728.0,-0.01456,1.0,mid,-728.0,-0.01456,1.0,mid,median_plateau_compact,0.0,0.0,0.0
2024-03-05,0.0,0.0,0.0,no_trade,0.0,0.0,0.0,no_trade,median_plateau_compact,0.0,0.0,0.0
2024-03-06,0.0,0.0,0.0,no_trade,0.0,0.0,0.0,no_trade,median_plateau_compact,0.0,0.0,0.0
2024-03-07,154.5,0.00309,0.5,low,154.5,0.00309,0.5,low,median_plateau_compact,0.0,0.0,0.0
2024-03-08,-217.0,-0.00434,0.5,low,-217.0,-0.00434,0.5,low,median_plateau_compact,0.0,0.0,0.0
2024-03-11,0.0,0.0,0.0,no_trade,0.0,0.0,0.0,no_trade,median_plateau_compact,0.0,0.0,0.0
2024-03-12,504.0,0.01008,1.0,mid,504.0,0.01008,1.0,mid,median_plateau_compact,0.0,0.0,0.0
2024-03-13,-48.0,-0.00096,1.0,mid,-48.0,-0.00096,1.0,mid,median_plateau_compact,0.0,0.0,0.0
2024-03-14,0.0,0.0,0.0,no_trade,0.0,0.0,0.0,no_trade,median_plateau_compact,0.0,0.0,0.0
2024-03-18,-375.0,-0.0075,0.5,low,-375.0,-0.0075,0.5,low,median_plateau_compact,0.0,0.0,0.0
2024-03-19,0.0,0.0,0.0,no_trade,685.5,0.01371,1.0,mid,median_plateau_compact,685.5,0.01371,685.5
2024-03-20,0.0,0.0,0.0,no_trade,0.0,0.0,0.0,no_trade,median_plateau_compact,0.0,0.0,0.0
2024-03-21,203.0,0.00406,0.5,low,203.0,0.00406,0.5,low,median_plateau_compact,0.0,0.0,0.0
2024-03-22,109.5,0.00219,0.5,low,109.5,0.00219,0.5,low,median_plateau_compact,0.0,0.0,0.0
2024-03-25,0.0,0.0,0.0,no_trade,51.0,0.00102,1.0,mid,median_plateau_compact,51.0,0.00102,51.0
2024-03-26,-666.0,-0.01332,1.0,mid,-666.0,-0.01332,1.0,mid,median_plateau_compact,0.0,0.0,0.0
2024-03-27,0.0,0.0,0.0,no_trade,0.0,0.0,0.0,no_trade,median_plateau_compact,0.0,0.0,0.0
2024-03-28,0.0,0.0,0.0,no_trade,0.0,0.0,0.0,no_trade,median_plateau_compact,0.0,0.0,0.0
2024-04-01,-36.5,-0.00073,0.5,low,-36.5,-0.00073,0.5,low,median_plateau_compact,0.0,0.0,0.0
2024-04-02,-151.5,-0.00303,0.25,high,-151.5,-0.00303,0.25,high,median_plateau_compact,0.0,0.0,0.0
2024-04-03,324.0,0.00648,0.25,high,324.0,0.00648,0.25,high,median_plateau_compact,0.0,0.0,0.0
2024-04-04,0.0,0.0,0.0,no_trade,0.0,0.0,0.0,no_trade,median_plateau_compact,0.0,0.0,0.0
2024-04-05,0.0,0.0,0.0,no_trade,0.0,0.0,0.0,no_trade,median_plateau_compact,0.0,0.0,0.0
2024-04-08,-77.0,-0.00154,0.5,low,-77.0,-0.00154,0.5,low,median_plateau_compact,0.0,0.0,0.0
2024-04-09,566.0,0.01132,0.5,low,566.0,0.01132,0.5,low,median_plateau_compact,0.0,0.0,0.0
2024-04-10,-95.0,-0.0019,0.5,low,-95.0,-0.0019,0.5,low,median_plateau_compact,0.0,0.0,0.0
2024-04-11,-645.0,-0.0129,1.0,mid,-645.0,-0.0129,1.0,mid,median_plateau_compact,0.0,0.0,0.0
2024-04-12,275.0,0.0055,0.25,high,275.0,0.0055,0.25,high,median_plateau_compact,0.0,0.0,0.0
2024-04-15,1412.0,0.02824,1.0,mid,1412.0,0.02824,1.0,mid,median_plateau_compact,0.0,0.0,0.0
2024-04-16,-742.0,-0.01484,1.0,mid,-742.0,-0.01484,1.0,mid,median_plateau_compact,0.0,0.0,0.0
2024-04-17,1134.0,0.02268,1.0,mid,1134.0,0.02268,1.0,mid,median_plateau_compact,0.0,0.0,0.0
2024-04-18,-272.0,-0.00544,0.5,low,-272.0,-0.00544,0.5,low,median_plateau_compact,0.0,0.0,0.0
2024-04-19,460.0,0.0092,0.5,low,460.0,0.0092,0.5,low,median_plateau_compact,0.0,0.0,0.0
2024-04-22,-287.0,-0.00574,0.5,low,-287.0,-0.00574,0.5,low,median_plateau_compact,0.0,0.0,0.0
2024-04-23,128.0,0.00256,0.5,low,128.0,0.00256,0.5,low,median_plateau_compact,0.0,0.0,0.0
2024-04-24,682.0,0.01364,0.5,low,682.0,0.01364,0.5,low,median_plateau_compact,0.0,0.0,0.0
2024-04-25,394.0,0.00788,0.5,low,394.0,0.00788,0.5,low,median_plateau_compact,0.0,0.0,0.0
2024-04-26,136.0,0.00272,1.0,mid,136.0,0.00272,1.0,mid,median_plateau_compact,0.0,0.0,0.0
2024-04-29,0.0,0.0,0.0,no_trade,0.0,0.0,0.0,no_trade,median_plateau_compact,0.0,0.0,0.0
2024-04-30,520.0,0.0104,0.5,low,520.0,0.0104,0.5,low,median_plateau_compact,0.0,0.0,0.0
2024-05-01,-132.0,-0.00264,0.25,high,-132.0,-0.00264,0.25,high,median_plateau_compact,0.0,0.0,0.0
2024-05-02,0.0,0.0,0.0,no_trade,0.0,0.0,0.0,no_trade,median_plateau_compact,0.0,0.0,0.0
2024-05-03,0.0,0.0,0.0,no_trade,0.0,0.0,0.0,no_trade,median_plateau_compact,0.0,0.0,0.0
2024-05-06,317.0,0.00634,0.5,low,317.0,0.00634,0.5,low,median_plateau_compact,0.0,0.0,0.0
2024-05-07,0.0,0.0,0.0,no_trade,0.0,0.0,0.0,no_trade,median_plateau_compact,0.0,0.0,0.0
2024-05-08,2.5,5e-05,0.5,low,2.5,5e-05,0.5,low,median_plateau_compact,0.0,0.0,0.0
2024-05-09,10.5,0.00021,0.5,low,10.5,0.00021,0.5,low,median_plateau_compact,0.0,0.0,0.0
2024-05-10,22.5,0.00045,1.0,mid,22.5,0.00045,1.0,mid,median_plateau_compact,0.0,0.0,0.0
2024-05-13,0.0,0.0,0.0,no_trade,0.0,0.0,0.0,no_trade,median_plateau_compact,0.0,0.0,0.0
2024-05-14,805.0,0.0161,1.0,mid,805.0,0.0161,1.0,mid,median_plateau_compact,0.0,0.0,0.0
2024-05-15,682.0,0.01364,0.5,low,682.0,0.01364,0.5,low,median_plateau_compact,0.0,0.0,0.0
2024-05-16,0.0,0.0,0.0,no_trade,0.0,0.0,0.0,no_trade,median_plateau_compact,0.0,0.0,0.0
2024-05-17,0.0,0.0,0.0,no_trade,0.0,0.0,0.0,no_trade,median_plateau_compact,0.0,0.0,0.0
2024-05-20,0.0,0.0,0.0,no_trade,0.0,0.0,0.0,no_trade,median_plateau_compact,0.0,0.0,0.0
2024-05-21,708.0,0.01416,0.5,low,708.0,0.01416,0.5,low,median_plateau_compact,0.0,0.0,0.0
2024-05-22,0.0,0.0,0.0,no_trade,0.0,0.0,0.0,no_trade,median_plateau_compact,0.0,0.0,0.0
2024-05-23,283.0,0.00566,0.5,low,283.0,0.00566,0.5,low,median_plateau_compact,0.0,0.0,0.0
2024-05-24,245.0,0.0049,0.25,high,245.0,0.0049,0.25,high,median_plateau_compact,0.0,0.0,0.0
2024-05-27,0.0,0.0,0.0,no_trade,0.0,0.0,0.0,no_trade,median_plateau_compact,0.0,0.0,0.0
2024-05-28,0.0,0.0,0.0,no_trade,0.0,0.0,0.0,no_trade,median_plateau_compact,0.0,0.0,0.0
2024-05-29,-586.5,-0.01173,1.0,mid,-586.5,-0.01173,1.0,mid,median_plateau_compact,0.0,0.0,0.0
2024-05-30,600.0,0.012,0.5,low,600.0,0.012,0.5,low,median_plateau_compact,0.0,0.0,0.0
2024-05-31,0.0,0.0,0.0,no_trade,0.0,0.0,0.0,no_trade,median_plateau_compact,0.0,0.0,0.0
2024-06-03,416.0,0.00832,0.5,low,416.0,0.00832,0.5,low,median_plateau_compact,0.0,0.0,0.0
2024-06-04,-165.5,-0.00331,0.25,high,-165.5,-0.00331,0.25,high,median_plateau_compact,0.0,0.0,0.0
2024-06-05,654.0,0.01308,0.5,low,654.0,0.01308,0.5,low,median_plateau_compact,0.0,0.0,0.0
2024-06-06,0.0,0.0,0.0,no_trade,0.0,0.0,0.0,no_trade,median_plateau_compact,0.0,0.0,0.0
2024-06-07,-110.0,-0.0022,0.5,low,-110.0,-0.0022,0.5,low,median_plateau_compact,0.0,0.0,0.0
2024-06-10,837.0,0.01674,1.0,mid,837.0,0.01674,1.0,mid,median_plateau_compact,0.0,0.0,0.0
2024-06-11,280.0,0.0056,0.5,low,280.0,0.0056,0.5,low,median_plateau_compact,0.0,0.0,0.0
2024-06-12,-46.0,-0.00092,0.5,low,-46.0,-0.00092,0.5,low,median_plateau_compact,0.0,0.0,0.0
2024-06-13,204.0,0.00408,0.25,high,204.0,0.00408,0.25,high,median_plateau_compact,0.0,0.0,0.0
2024-06-14,0.0,0.0,0.0,no_trade,0.0,0.0,0.0,no_trade,median_plateau_compact,0.0,0.0,0.0
2024-06-17,1445.0,0.0289,1.0,mid,1445.0,0.0289,1.0,mid,median_plateau_compact,0.0,0.0,0.0
2024-06-18,-369.0,-0.00738,0.5,low,-369.0,-0.00738,0.5,low,median_plateau_compact,0.0,0.0,0.0
2024-06-19,0.0,0.0,0.0,no_trade,0.0,0.0,0.0,no_trade,median_plateau_compact,0.0,0.0,0.0
2024-06-20,560.0,0.0112,0.5,low,560.0,0.0112,0.5,low,median_plateau_compact,0.0,0.0,0.0
2024-06-24,0.0,0.0,0.0,no_trade,0.0,0.0,0.0,no_trade,median_plateau_compact,0.0,0.0,0.0
2024-06-25,262.0,0.00524,0.25,high,262.0,0.00524,0.25,high,median_plateau_compact,0.0,0.0,0.0
2024-06-26,-700.0,-0.014,1.0,mid,-700.0,-0.014,1.0,mid,median_plateau_compact,0.0,0.0,0.0
2024-06-27,-739.5,-0.01479,1.0,mid,-739.5,-0.01479,1.0,mid,median_plateau_compact,0.0,0.0,0.0
2024-06-28,-527.0,-0.01054,1.0,mid,-527.0,-0.01054,1.0,mid,median_plateau_compact,0.0,0.0,0.0
2024-07-01,0.0,0.0,0.0,no_trade,0.0,0.0,0.0,no_trade,median_plateau_compact,0.0,0.0,0.0
2024-07-02,278.5,0.00557,0.5,low,278.5,0.00557,0.5,low,median_plateau_compact,0.0,0.0,0.0
2024-07-03,1440.0,0.0288,1.0,mid,1440.0,0.0288,1.0,mid,median_plateau_compact,0.0,0.0,0.0
2024-07-04,0.0,0.0,0.0,no_trade,0.0,0.0,0.0,no_trade,median_plateau_compact,0.0,0.0,0.0
2024-07-05,492.0,0.00984,1.0,mid,492.0,0.00984,1.0,mid,median_plateau_compact,0.0,0.0,0.0
2024-07-08,-360.0,-0.0072,0.5,low,-360.0,-0.0072,0.5,low,median_plateau_compact,0.0,0.0,0.0
2024-07-09,1288.0,0.02576,1.0,mid,1288.0,0.02576,1.0,mid,median_plateau_compact,0.0,0.0,0.0
2024-07-10,-714.0,-0.01428,1.0,mid,-714.0,-0.01428,1.0,mid,median_plateau_compact,0.0,0.0,0.0
2024-07-11,351.0,0.00702,0.25,high,351.0,0.00702,0.25,high,median_plateau_compact,0.0,0.0,0.0
2024-07-12,-99.0,-0.00198,1.0,mid,-99.0,-0.00198,1.0,mid,median_plateau_compact,0.0,0.0,0.0
2024-07-15,-356.0,-0.00712,0.5,low,-356.0,-0.00712,0.5,low,median_plateau_compact,0.0,0.0,0.0
2024-07-16,0.0,0.0,0.0,no_trade,0.0,0.0,0.0,no_trade,median_plateau_compact,0.0,0.0,0.0
2024-07-17,0.0,0.0,0.0,no_trade,0.0,0.0,0.0,no_trade,median_plateau_compact,0.0,0.0,0.0
2024-07-18,220.0,0.0044,0.5,low,220.0,0.0044,0.5,low,median_plateau_compact,0.0,0.0,0.0
2024-07-19,173.5,0.00347,0.5,low,173.5,0.00347,0.5,low,median_plateau_compact,0.0,0.0,0.0
2024-07-22,0.0,0.0,0.0,no_trade,0.0,0.0,0.0,no_trade,median_plateau_compact,0.0,0.0,0.0
2024-07-23,-222.5,-0.00445,0.5,low,-222.5,-0.00445,0.5,low,median_plateau_compact,0.0,0.0,0.0
2024-07-24,638.0,0.01276,0.5,low,638.0,0.01276,0.5,low,median_plateau_compact,0.0,0.0,0.0
2024-07-25,0.0,0.0,0.0,no_trade,0.0,0.0,0.0,no_trade,median_plateau_compact,0.0,0.0,0.0
2024-07-26,0.0,0.0,0.0,no_trade,0.0,0.0,0.0,no_trade,median_plateau_compact,0.0,0.0,0.0
2024-07-29,0.0,0.0,0.0,no_trade,0.0,0.0,0.0,no_trade,median_plateau_compact,0.0,0.0,0.0
2024-07-30,1102.0,0.02204,1.0,mid,1102.0,0.02204,1.0,mid,median_plateau_compact,0.0,0.0,0.0
2024-07-31,0.0,0.0,0.0,no_trade,0.0,0.0,0.0,no_trade,median_plateau_compact,0.0,0.0,0.0
2024-08-01,0.0,0.0,0.0,no_trade,0.0,0.0,0.0,no_trade,median_plateau_compact,0.0,0.0,0.0
2024-08-02,0.0,0.0,0.0,no_trade,0.0,0.0,0.0,no_trade,median_plateau_compact,0.0,0.0,0.0
2024-08-05,0.0,0.0,0.0,no_trade,0.0,0.0,0.0,no_trade,median_plateau_compact,0.0,0.0,0.0
2024-08-06,0.0,0.0,0.0,no_trade,0.0,0.0,0.0,no_trade,median_plateau_compact,0.0,0.0,0.0
2024-08-07,0.0,0.0,0.0,no_trade,1350.0,0.027,1.0,mid,median_plateau_compact,1350.0,0.027,1350.0
2024-08-08,0.0,0.0,0.0,no_trade,0.0,0.0,0.0,no_trade,median_plateau_compact,0.0,0.0,0.0
2024-08-09,0.0,0.0,0.0,no_trade,0.0,0.0,0.0,no_trade,median_plateau_compact,0.0,0.0,0.0
2024-08-12,-43.5,-0.00087,0.5,low,-43.5,-0.00087,0.5,low,median_plateau_compact,0.0,0.0,0.0
2024-08-13,0.0,0.0,0.0,no_trade,1212.0,0.02424,1.0,mid,median_plateau_compact,1212.0,0.02424,1212.0
2024-08-14,-699.0,-0.01398,1.0,mid,-699.0,-0.01398,1.0,mid,median_plateau_compact,0.0,0.0,0.0
2024-08-15,221.5,0.00443,0.5,low,221.5,0.00443,0.5,low,median_plateau_compact,0.0,0.0,0.0
2024-08-16,276.0,0.00552,1.0,mid,276.0,0.00552,1.0,mid,median_plateau_compact,0.0,0.0,0.0
2024-08-19,-184.5,-0.00369,0.25,high,-184.5,-0.00369,0.25,high,median_plateau_compact,0.0,0.0,0.0
2024-08-20,-32.5,-0.00065,0.5,low,-32.5,-0.00065,0.5,low,median_plateau_compact,0.0,0.0,0.0
2024-08-21,-172.0,-0.00344,0.25,high,-172.0,-0.00344,0.25,high,median_plateau_compact,0.0,0.0,0.0
2024-08-22,1396.0,0.02792,1.0,mid,1396.0,0.02792,1.0,mid,median_plateau_compact,0.0,0.0,0.0
2024-08-23,0.0,0.0,0.0,no_trade,0.0,0.0,0.0,no_trade,median_plateau_compact,0.0,0.0,0.0
2024-08-26,1131.0,0.02262,1.0,mid,1131.0,0.02262,1.0,mid,median_plateau_compact,0.0,0.0,0.0
2024-08-27,146.0,0.00292,0.5,low,146.0,0.00292,0.5,low,median_plateau_compact,0.0,0.0,0.0
2024-08-28,522.0,0.01044,0.5,low,522.0,0.01044,0.5,low,median_plateau_compact,0.0,0.0,0.0
2024-08-29,0.0,0.0,0.0,no_trade,0.0,0.0,0.0,no_trade,median_plateau_compact,0.0,0.0,0.0
2024-08-30,0.0,0.0,0.0,no_trade,0.0,0.0,0.0,no_trade,median_plateau_compact,0.0,0.0,0.0
2024-09-02,0.0,0.0,0.0,no_trade,0.0,0.0,0.0,no_trade,median_plateau_compact,0.0,0.0,0.0
2024-09-03,0.0,0.0,0.0,no_trade,0.0,0.0,0.0,no_trade,median_plateau_compact,0.0,0.0,0.0
2024-09-04,0.0,0.0,0.0,no_trade,0.0,0.0,0.0,no_trade,median_plateau_compact,0.0,0.0,0.0
2024-09-05,0.0,0.0,0.0,no_trade,0.0,0.0,0.0,no_trade,median_plateau_compact,0.0,0.0,0.0
2024-09-06,0.0,0.0,0.0,no_trade,0.0,0.0,0.0,no_trade,median_plateau_compact,0.0,0.0,0.0
2024-09-09,0.0,0.0,0.0,no_trade,0.0,0.0,0.0,no_trade,median_plateau_compact,0.0,0.0,0.0
2024-09-10,0.0,0.0,0.0,no_trade,0.0,0.0,0.0,no_trade,median_plateau_compact,0.0,0.0,0.0
2024-09-11,0.0,0.0,0.0,no_trade,0.0,0.0,0.0,no_trade,median_plateau_compact,0.0,0.0,0.0
2024-09-12,0.0,0.0,0.0,no_trade,0.0,0.0,0.0,no_trade,median_plateau_compact,0.0,0.0,0.0
2024-09-13,81.0,0.00162,1.0,mid,81.0,0.00162,1.0,mid,median_plateau_compact,0.0,0.0,0.0
2024-09-16,0.0,0.0,0.0,no_trade,-618.0,-0.01236,1.0,mid,median_plateau_compact,-618.0,-0.01236,618.0
2024-09-17,-529.0,-0.01058,1.0,mid,-264.5,-0.00529,0.5,low,median_plateau_compact,264.5,0.00529,264.5
2024-09-18,-153.5,-0.00307,0.25,high,-153.5,-0.00307,0.25,high,median_plateau_compact,0.0,0.0,0.0
2024-09-19,15.0,0.0003,0.5,low,15.0,0.0003,0.5,low,median_plateau_compact,0.0,0.0,0.0
2024-09-23,-642.0,-0.01284,1.0,mid,-642.0,-0.01284,1.0,mid,median_plateau_compact,0.0,0.0,0.0
2024-09-24,0.0,0.0,0.0,no_trade,0.0,0.0,0.0,no_trade,median_plateau_compact,0.0,0.0,0.0
2024-09-25,-610.5,-0.01221,1.0,mid,-610.5,-0.01221,1.0,mid,median_plateau_compact,0.0,0.0,0.0
2024-09-26,92.5,0.00185,0.5,low,92.5,0.00185,0.5,low,median_plateau_compact,0.0,0.0,0.0
2024-09-27,179.5,0.00359,0.25,high,179.5,0.00359,0.25,high,median_plateau_compact,0.0,0.0,0.0
2024-09-30,-196.0,-0.00392,0.5,low,-196.0,-0.00392,0.5,low,median_plateau_compact,0.0,0.0,0.0
2024-10-01,0.0,0.0,0.0,no_trade,0.0,0.0,0.0,no_trade,median_plateau_compact,0.0,0.0,0.0
2024-10-02,81.5,0.00163,0.5,low,81.5,0.00163,0.5,low,median_plateau_compact,0.0,0.0,0.0
2024-10-03,0.0,0.0,0.0,no_trade,0.0,0.0,0.0,no_trade,median_plateau_compact,0.0,0.0,0.0
2024-10-04,0.0,0.0,0.0,no_trade,0.0,0.0,0.0,no_trade,median_plateau_compact,0.0,0.0,0.0
2024-10-07,-658.0,-0.01316,1.0,mid,-658.0,-0.01316,1.0,mid,median_plateau_compact,0.0,0.0,0.0
2024-10-08,0.0,0.0,0.0,no_trade,0.0,0.0,0.0,no_trade,median_plateau_compact,0.0,0.0,0.0
2024-10-09,1270.0,0.0254,1.0,mid,1270.0,0.0254,1.0,mid,median_plateau_compact,0.0,0.0,0.0
2024-10-10,0.0,0.0,0.0,no_trade,0.0,0.0,0.0,no_trade,median_plateau_compact,0.0,0.0,0.0
2024-10-11,116.5,0.00233,0.25,high,466.0,0.00932,1.0,mid,median_plateau_compact,349.5,0.00699,349.5
2024-10-14,-314.0,-0.00628,1.0,mid,-314.0,-0.00628,1.0,mid,median_plateau_compact,0.0,0.0,0.0
2024-10-15,1280.0,0.0256,1.0,mid,1280.0,0.0256,1.0,mid,median_plateau_compact,0.0,0.0,0.0
2024-10-16,0.0,0.0,0.0,no_trade,0.0,0.0,0.0,no_trade,median_plateau_compact,0.0,0.0,0.0
2024-10-17,0.0,0.0,0.0,no_trade,0.0,0.0,0.0,no_trade,median_plateau_compact,0.0,0.0,0.0
2024-10-18,-128.0,-0.00256,0.5,low,-128.0,-0.00256,0.5,low,median_plateau_compact,0.0,0.0,0.0
2024-10-21,-708.0,-0.01416,1.0,mid,-708.0,-0.01416,1.0,mid,median_plateau_compact,0.0,0.0,0.0
2024-10-22,0.0,0.0,0.0,no_trade,0.0,0.0,0.0,no_trade,median_plateau_compact,0.0,0.0,0.0
2024-10-23,1422.0,0.02844,1.0,mid,1422.0,0.02844,1.0,mid,median_plateau_compact,0.0,0.0,0.0
2024-10-24,-175.0,-0.0035,0.25,high,-175.0,-0.0035,0.25,high,median_plateau_compact,0.0,0.0,0.0
2024-10-25,-711.0,-0.01422,1.0,mid,-355.5,-0.00711,0.5,low,median_plateau_compact,355.5,0.00711,355.5
2024-10-28,174.0,0.00348,1.0,mid,174.0,0.00348,1.0,mid,median_plateau_compact,0.0,0.0,0.0
2024-10-29,398.0,0.00796,0.5,low,398.0,0.00796,0.5,low,median_plateau_compact,0.0,0.0,0.0
2024-10-30,-277.0,-0.00554,0.5,low,-277.0,-0.00554,0.5,low,median_plateau_compact,0.0,0.0,0.0
2024-10-31,0.0,0.0,0.0,no_trade,0.0,0.0,0.0,no_trade,median_plateau_compact,0.0,0.0,0.0
2024-11-01,0.0,0.0,0.0,no_trade,-77.0,-0.00154,1.0,mid,median_plateau_compact,-77.0,-0.00154,77.0
2024-11-04,-234.0,-0.00468,1.0,mid,-234.0,-0.00468,1.0,mid,median_plateau_compact,0.0,0.0,0.0
2024-11-05,0.0,0.0,0.0,no_trade,0.0,0.0,0.0,no_trade,median_plateau_compact,0.0,0.0,0.0
2024-11-06,187.5,0.00375,0.5,low,187.5,0.00375,0.5,low,median_plateau_compact,0.0,0.0,0.0
2024-11-07,597.0,0.01194,1.0,mid,199.0,0.00398,0.5,low,median_plateau_compact,-398.0,-0.007959999999999998,398.0
2024-11-08,-702.0,-0.01404,1.0,mid,-702.0,-0.01404,1.0,mid,median_plateau_compact,0.0,0.0,0.0
2024-11-11,-206.0,-0.00412,1.0,mid,-206.0,-0.00412,1.0,mid,median_plateau_compact,0.0,0.0,0.0
2024-11-12,-40.0,-0.0008,0.5,low,-40.0,-0.0008,0.5,low,median_plateau_compact,0.0,0.0,0.0
2024-11-13,-152.0,-0.00304,0.25,high,-152.0,-0.00304,0.25,high,median_plateau_compact,0.0,0.0,0.0
2024-11-14,124.0,0.00248,1.0,mid,124.0,0.00248,1.0,mid,median_plateau_compact,0.0,0.0,0.0
2024-11-15,0.0,0.0,0.0,no_trade,0.0,0.0,0.0,no_trade,median_plateau_compact,0.0,0.0,0.0
2024-11-18,94.5,0.00189,0.25,high,94.5,0.00189,0.25,high,median_plateau_compact,0.0,0.0,0.0
2024-11-19,377.0,0.00754,0.5,low,377.0,0.00754,0.5,low,median_plateau_compact,0.0,0.0,0.0
2024-11-20,0.0,0.0,0.0,no_trade,0.0,0.0,0.0,no_trade,median_plateau_compact,0.0,0.0,0.0
2024-11-21,0.0,0.0,0.0,no_trade,0.0,0.0,0.0,no_trade,median_plateau_compact,0.0,0.0,0.0
2024-11-22,0.0,0.0,0.0,no_trade,0.0,0.0,0.0,no_trade,median_plateau_compact,0.0,0.0,0.0
2024-11-25,0.0,0.0,0.0,no_trade,0.0,0.0,0.0,no_trade,median_plateau_compact,0.0,0.0,0.0
2024-11-26,-146.5,-0.00293,0.5,low,-146.5,-0.00293,0.5,low,median_plateau_compact,0.0,0.0,0.0
2024-11-27,27.0,0.00054,1.0,mid,27.0,0.00054,1.0,mid,median_plateau_compact,0.0,0.0,0.0
2024-11-28,0.0,0.0,0.0,no_trade,0.0,0.0,0.0,no_trade,median_plateau_compact,0.0,0.0,0.0
2024-11-29,394.5,0.00789,1.0,mid,394.5,0.00789,1.0,mid,median_plateau_compact,0.0,0.0,0.0
2024-12-02,0.0,0.0,0.0,no_trade,0.0,0.0,0.0,no_trade,median_plateau_compact,0.0,0.0,0.0
2024-12-03,222.0,0.00444,0.5,low,222.0,0.00444,0.5,low,median_plateau_compact,0.0,0.0,0.0
2024-12-04,785.0,0.0157,1.0,mid,785.0,0.0157,1.0,mid,median_plateau_compact,0.0,0.0,0.0
2024-12-05,0.0,0.0,0.0,no_trade,0.0,0.0,0.0,no_trade,median_plateau_compact,0.0,0.0,0.0
2024-12-06,139.0,0.00278,1.0,mid,139.0,0.00278,1.0,mid,median_plateau_compact,0.0,0.0,0.0
2024-12-09,387.0,0.00774,0.5,low,387.0,0.00774,0.5,low,median_plateau_compact,0.0,0.0,0.0
2024-12-10,0.0,0.0,0.0,no_trade,0.0,0.0,0.0,no_trade,median_plateau_compact,0.0,0.0,0.0
2024-12-11,319.0,0.00638,1.0,mid,319.0,0.00638,1.0,mid,median_plateau_compact,0.0,0.0,0.0
2024-12-12,-289.5,-0.00579,0.5,low,-289.5,-0.00579,0.5,low,median_plateau_compact,0.0,0.0,0.0
2024-12-13,0.0,0.0,0.0,no_trade,0.0,0.0,0.0,no_trade,median_plateau_compact,0.0,0.0,0.0
2024-12-16,530.0,0.0106,0.5,low,530.0,0.0106,0.5,low,median_plateau_compact,0.0,0.0,0.0
2024-12-17,-187.5,-0.00375,0.25,high,-187.5,-0.00375,0.25,high,median_plateau_compact,0.0,0.0,0.0
2024-12-18,-193.0,-0.00386,0.5,low,-193.0,-0.00386,0.5,low,median_plateau_compact,0.0,0.0,0.0
2024-12-19,0.0,0.0,0.0,no_trade,0.0,0.0,0.0,no_trade,median_plateau_compact,0.0,0.0,0.0
2024-12-23,0.0,0.0,0.0,no_trade,0.0,0.0,0.0,no_trade,median_plateau_compact,0.0,0.0,0.0
2024-12-24,258.0,0.00516,0.5,low,258.0,0.00516,0.5,low,median_plateau_compact,0.0,0.0,0.0
2024-12-26,-12.0,-0.00024,0.5,low,-12.0,-0.00024,0.5,low,median_plateau_compact,0.0,0.0,0.0
2024-12-27,0.0,0.0,0.0,no_trade,0.0,0.0,0.0,no_trade,median_plateau_compact,0.0,0.0,0.0
2024-12-30,0.0,0.0,0.0,no_trade,0.0,0.0,0.0,no_trade,median_plateau_compact,0.0,0.0,0.0
2024-12-31,515.0,0.0103,1.0,mid,515.0,0.0103,1.0,mid,median_plateau_compact,0.0,0.0,0.0
2025-01-02,0.0,0.0,0.0,no_trade,0.0,0.0,0.0,no_trade,median_plateau_compact,0.0,0.0,0.0
2025-01-03,0.0,0.0,0.0,no_trade,0.0,0.0,0.0,no_trade,median_plateau_compact,0.0,0.0,0.0
2025-01-06,-262.0,-0.00524,0.5,low,-262.0,-0.00524,0.5,low,median_plateau_compact,0.0,0.0,0.0
2025-01-07,0.0,0.0,0.0,no_trade,0.0,0.0,0.0,no_trade,median_plateau_compact,0.0,0.0,0.0
2025-01-08,0.0,0.0,0.0,no_trade,0.0,0.0,0.0,no_trade,median_plateau_compact,0.0,0.0,0.0
2025-01-10,0.0,0.0,0.0,no_trade,0.0,0.0,0.0,no_trade,median_plateau_compact,0.0,0.0,0.0
2025-01-13,0.0,0.0,0.0,no_trade,0.0,0.0,0.0,no_trade,median_plateau_compact,0.0,0.0,0.0
2025-01-14,12.0,0.00024,0.5,low,12.0,0.00024,0.5,low,median_plateau_compact,0.0,0.0,0.0
2025-01-15,168.0,0.00336,1.0,mid,168.0,0.00336,1.0,mid,median_plateau_compact,0.0,0.0,0.0
2025-01-16,0.0,0.0,0.0,no_trade,0.0,0.0,0.0,no_trade,median_plateau_compact,0.0,0.0,0.0
2025-01-17,0.0,0.0,0.0,no_trade,0.0,0.0,0.0,no_trade,median_plateau_compact,0.0,0.0,0.0
2025-01-20,0.0,0.0,0.0,no_trade,0.0,0.0,0.0,no_trade,median_plateau_compact,0.0,0.0,0.0
2025-01-21,0.0,0.0,0.0,no_trade,0.0,0.0,0.0,no_trade,median_plateau_compact,0.0,0.0,0.0
2025-01-22,-67.0,-0.00134,0.5,low,-67.0,-0.00134,0.5,low,median_plateau_compact,0.0,0.0,0.0
2025-01-23,1314.0,0.02628,1.0,mid,1314.0,0.02628,1.0,mid,median_plateau_compact,0.0,0.0,0.0
2025-01-24,682.0,0.01364,1.0,mid,682.0,0.01364,1.0,mid,median_plateau_compact,0.0,0.0,0.0
2025-01-27,0.0,0.0,0.0,no_trade,0.0,0.0,0.0,no_trade,median_plateau_compact,0.0,0.0,0.0
2025-01-28,0.0,0.0,0.0,no_trade,0.0,0.0,0.0,no_trade,median_plateau_compact,0.0,0.0,0.0
2025-01-29,-232.5,-0.00465,0.5,low,-232.5,-0.00465,0.5,low,median_plateau_compact,0.0,0.0,0.0
2025-01-30,0.0,0.0,0.0,no_trade,0.0,0.0,0.0,no_trade,median_plateau_compact,0.0,0.0,0.0
2025-01-31,-239.5,-0.00479,0.5,low,-239.5,-0.00479,0.5,low,median_plateau_compact,0.0,0.0,0.0
2025-02-03,0.0,0.0,0.0,no_trade,0.0,0.0,0.0,no_trade,median_plateau_compact,0.0,0.0,0.0
2025-02-04,346.0,0.00692,1.0,mid,346.0,0.00692,1.0,mid,median_plateau_compact,0.0,0.0,0.0
2025-02-05,-153.0,-0.00306,0.25,high,-153.0,-0.00306,0.25,high,median_plateau_compact,0.0,0.0,0.0
2025-02-06,-744.0,-0.01488,1.0,mid,-744.0,-0.01488,1.0,mid,median_plateau_compact,0.0,0.0,0.0
2025-02-07,0.0,0.0,0.0,no_trade,0.0,0.0,0.0,no_trade,median_plateau_compact,0.0,0.0,0.0
2025-02-10,35.5,0.00071,0.25,high,35.5,0.00071,0.25,high,median_plateau_compact,0.0,0.0,0.0
2025-02-11,0.0,0.0,0.0,no_trade,0.0,0.0,0.0,no_trade,median_plateau_compact,0.0,0.0,0.0
2025-02-12,0.0,0.0,0.0,no_trade,0.0,0.0,0.0,no_trade,median_plateau_compact,0.0,0.0,0.0
2025-02-13,279.5,0.00559,0.5,low,279.5,0.00559,0.5,low,median_plateau_compact,0.0,0.0,0.0
2025-02-14,237.0,0.00474,0.5,low,237.0,0.00474,0.5,low,median_plateau_compact,0.0,0.0,0.0
2025-02-17,0.0,0.0,0.0,no_trade,0.0,0.0,0.0,no_trade,median_plateau_compact,0.0,0.0,0.0
2025-02-18,0.0,0.0,0.0,no_trade,0.0,0.0,0.0,no_trade,median_plateau_compact,0.0,0.0,0.0
2025-02-19,-291.0,-0.00582,0.5,low,-291.0,-0.00582,0.5,low,median_plateau_compact,0.0,0.0,0.0
2025-02-20,0.0,0.0,0.0,no_trade,0.0,0.0,0.0,no_trade,median_plateau_compact,0.0,0.0,0.0
2025-02-21,510.0,0.0102,0.5,low,510.0,0.0102,0.5,low,median_plateau_compact,0.0,0.0,0.0
2025-02-24,0.0,0.0,0.0,no_trade,0.0,0.0,0.0,no_trade,median_plateau_compact,0.0,0.0,0.0
2025-02-25,0.0,0.0,0.0,no_trade,0.0,0.0,0.0,no_trade,median_plateau_compact,0.0,0.0,0.0
2025-02-26,0.0,0.0,0.0,no_trade,0.0,0.0,0.0,no_trade,median_plateau_compact,0.0,0.0,0.0
2025-02-27,0.0,0.0,0.0,no_trade,0.0,0.0,0.0,no_trade,median_plateau_compact,0.0,0.0,0.0
2025-02-28,0.0,0.0,0.0,no_trade,0.0,0.0,0.0,no_trade,median_plateau_compact,0.0,0.0,0.0
2025-03-03,0.0,0.0,0.0,no_trade,0.0,0.0,0.0,no_trade,median_plateau_compact,0.0,0.0,0.0
2025-03-04,0.0,0.0,0.0,no_trade,0.0,0.0,0.0,no_trade,median_plateau_compact,0.0,0.0,0.0
2025-03-05,0.0,0.0,0.0,no_trade,0.0,0.0,0.0,no_trade,median_plateau_compact,0.0,0.0,0.0
2025-03-06,0.0,0.0,0.0,no_trade,0.0,0.0,0.0,no_trade,median_plateau_compact,0.0,0.0,0.0
2025-03-07,0.0,0.0,0.0,no_trade,0.0,0.0,0.0,no_trade,median_plateau_compact,0.0,0.0,0.0
2025-03-10,0.0,0.0,0.0,no_trade,0.0,0.0,0.0,no_trade,median_plateau_compact,0.0,0.0,0.0
2025-03-11,0.0,0.0,0.0,no_trade,0.0,0.0,0.0,no_trade,median_plateau_compact,0.0,0.0,0.0
2025-03-12,0.0,0.0,0.0,no_trade,0.0,0.0,0.0,no_trade,median_plateau_compact,0.0,0.0,0.0
2025-03-13,134.0,0.00268,1.0,mid,0.0,0.0,0.0,no_trade,median_plateau_compact,-134.0,-0.00268,134.0
2025-03-14,105.5,0.00211,0.5,low,105.5,0.00211,0.5,low,median_plateau_compact,0.0,0.0,0.0
2025-03-17,-340.5,-0.00681,0.5,low,-340.5,-0.00681,0.5,low,median_plateau_compact,0.0,0.0,0.0
2025-03-18,0.0,0.0,0.0,no_trade,0.0,0.0,0.0,no_trade,median_plateau_compact,0.0,0.0,0.0
2025-03-19,234.0,0.00468,0.5,low,234.0,0.00468,0.5,low,median_plateau_compact,0.0,0.0,0.0
2025-03-20,-153.0,-0.00306,1.0,mid,0.0,0.0,0.0,no_trade,median_plateau_compact,153.0,0.00306,153.0
2025-03-24,54.0,0.00108,0.5,low,54.0,0.00108,0.5,low,median_plateau_compact,0.0,0.0,0.0
2025-03-25,640.0,0.0128,1.0,mid,640.0,0.0128,1.0,mid,median_plateau_compact,0.0,0.0,0.0
2025-03-26,0.0,0.0,0.0,no_trade,0.0,0.0,0.0,no_trade,median_plateau_compact,0.0,0.0,0.0
2025-03-27,0.0,0.0,0.0,no_trade,0.0,0.0,0.0,no_trade,median_plateau_compact,0.0,0.0,0.0
2025-03-28,0.0,0.0,0.0,no_trade,0.0,0.0,0.0,no_trade,median_plateau_compact,0.0,0.0,0.0
2025-03-31,0.0,0.0,0.0,no_trade,0.0,0.0,0.0,no_trade,median_plateau_compact,0.0,0.0,0.0
2025-04-01,0.0,0.0,0.0,no_trade,0.0,0.0,0.0,no_trade,median_plateau_compact,0.0,0.0,0.0
2025-04-02,0.0,0.0,0.0,no_trade,0.0,0.0,0.0,no_trade,median_plateau_compact,0.0,0.0,0.0
2025-04-03,0.0,0.0,0.0,no_trade,0.0,0.0,0.0,no_trade,median_plateau_compact,0.0,0.0,0.0
2025-04-04,0.0,0.0,0.0,no_trade,0.0,0.0,0.0,no_trade,median_plateau_compact,0.0,0.0,0.0
2025-04-07,0.0,0.0,0.0,no_trade,0.0,0.0,0.0,no_trade,median_plateau_compact,0.0,0.0,0.0
2025-04-08,0.0,0.0,0.0,no_trade,0.0,0.0,0.0,no_trade,median_plateau_compact,0.0,0.0,0.0
2025-04-09,0.0,0.0,0.0,no_trade,0.0,0.0,0.0,no_trade,median_plateau_compact,0.0,0.0,0.0
2025-04-10,0.0,0.0,0.0,no_trade,0.0,0.0,0.0,no_trade,median_plateau_compact,0.0,0.0,0.0
2025-04-11,0.0,0.0,0.0,no_trade,0.0,0.0,0.0,no_trade,median_plateau_compact,0.0,0.0,0.0
2025-04-14,0.0,0.0,0.0,no_trade,0.0,0.0,0.0,no_trade,median_plateau_compact,0.0,0.0,0.0
2025-04-15,0.0,0.0,0.0,no_trade,0.0,0.0,0.0,no_trade,median_plateau_compact,0.0,0.0,0.0
2025-04-16,0.0,0.0,0.0,no_trade,0.0,0.0,0.0,no_trade,median_plateau_compact,0.0,0.0,0.0
2025-04-17,0.0,0.0,0.0,no_trade,0.0,0.0,0.0,no_trade,median_plateau_compact,0.0,0.0,0.0
2025-04-21,0.0,0.0,0.0,no_trade,0.0,0.0,0.0,no_trade,median_plateau_compact,0.0,0.0,0.0
2025-04-22,1286.0,0.02572,1.0,mid,1286.0,0.02572,1.0,mid,median_plateau_compact,0.0,0.0,0.0
2025-04-23,0.0,0.0,0.0,no_trade,0.0,0.0,0.0,no_trade,median_plateau_compact,0.0,0.0,0.0
2025-04-24,0.0,0.0,0.0,no_trade,0.0,0.0,0.0,no_trade,median_plateau_compact,0.0,0.0,0.0
2025-04-25,0.0,0.0,0.0,no_trade,0.0,0.0,0.0,no_trade,median_plateau_compact,0.0,0.0,0.0
2025-04-28,0.0,0.0,0.0,no_trade,0.0,0.0,0.0,no_trade,median_plateau_compact,0.0,0.0,0.0
2025-04-29,0.0,0.0,0.0,no_trade,0.0,0.0,0.0,no_trade,median_plateau_compact,0.0,0.0,0.0
2025-04-30,0.0,0.0,0.0,no_trade,0.0,0.0,0.0,no_trade,median_plateau_compact,0.0,0.0,0.0
2025-05-01,-294.5,-0.00589,0.5,low,-294.5,-0.00589,0.5,low,median_plateau_compact,0.0,0.0,0.0
2025-05-02,0.0,0.0,0.0,no_trade,0.0,0.0,0.0,no_trade,median_plateau_compact,0.0,0.0,0.0
2025-05-05,0.0,0.0,0.0,no_trade,0.0,0.0,0.0,no_trade,median_plateau_compact,0.0,0.0,0.0
2025-05-06,484.0,0.00968,0.5,low,484.0,0.00968,0.5,low,median_plateau_compact,0.0,0.0,0.0
2025-05-07,-711.0,-0.01422,1.0,mid,-711.0,-0.01422,1.0,mid,median_plateau_compact,0.0,0.0,0.0
2025-05-08,0.0,0.0,0.0,no_trade,0.0,0.0,0.0,no_trade,median_plateau_compact,0.0,0.0,0.0
2025-05-09,448.0,0.00896,1.0,mid,448.0,0.00896,1.0,mid,median_plateau_compact,0.0,0.0,0.0
2025-05-12,-370.0,-0.0074,0.5,low,-370.0,-0.0074,0.5,low,median_plateau_compact,0.0,0.0,0.0
2025-05-13,437.0,0.00874,1.0,mid,437.0,0.00874,1.0,mid,median_plateau_compact,0.0,0.0,0.0
2025-05-14,-117.0,-0.00234,1.0,mid,-117.0,-0.00234,1.0,mid,median_plateau_compact,0.0,0.0,0.0
2025-05-15,465.0,0.0093,1.0,mid,155.0,0.0031,0.5,low,median_plateau_compact,-310.0,-0.006199999999999999,310.0
2025-05-16,-348.0,-0.00696,0.5,low,-348.0,-0.00696,0.5,low,median_plateau_compact,0.0,0.0,0.0
2025-05-19,226.5,0.00453,1.0,mid,226.5,0.00453,1.0,mid,median_plateau_compact,0.0,0.0,0.0
2025-05-20,-359.0,-0.00718,0.5,low,-359.0,-0.00718,0.5,low,median_plateau_compact,0.0,0.0,0.0
2025-05-21,-547.0,-0.01094,1.0,mid,-547.0,-0.01094,1.0,mid,median_plateau_compact,0.0,0.0,0.0
2025-05-22,0.0,0.0,0.0,no_trade,0.0,0.0,0.0,no_trade,median_plateau_compact,0.0,0.0,0.0
2025-05-23,0.0,0.0,0.0,no_trade,0.0,0.0,0.0,no_trade,median_plateau_compact,0.0,0.0,0.0
2025-05-26,0.0,0.0,0.0,no_trade,0.0,0.0,0.0,no_trade,median_plateau_compact,0.0,0.0,0.0
2025-05-27,257.0,0.00514,0.5,low,257.0,0.00514,0.5,low,median_plateau_compact,0.0,0.0,0.0
2025-05-28,-240.5,-0.00481,0.5,low,-240.5,-0.00481,0.5,low,median_plateau_compact,0.0,0.0,0.0
2025-05-29,0.0,0.0,0.0,no_trade,0.0,0.0,0.0,no_trade,median_plateau_compact,0.0,0.0,0.0
2025-05-30,-326.5,-0.00653,0.5,low,-326.5,-0.00653,0.5,low,median_plateau_compact,0.0,0.0,0.0
2025-06-02,0.0,0.0,0.0,no_trade,0.0,0.0,0.0,no_trade,median_plateau_compact,0.0,0.0,0.0
2025-06-03,439.5,0.00879,1.0,mid,439.5,0.00879,1.0,mid,median_plateau_compact,0.0,0.0,0.0
2025-06-04,-186.5,-0.00373,0.25,high,-186.5,-0.00373,0.25,high,median_plateau_compact,0.0,0.0,0.0
2025-06-05,0.0,0.0,0.0,no_trade,0.0,0.0,0.0,no_trade,median_plateau_compact,0.0,0.0,0.0
2025-06-06,0.0,0.0,0.0,no_trade,0.0,0.0,0.0,no_trade,median_plateau_compact,0.0,0.0,0.0
2025-06-09,1440.0,0.0288,1.0,mid,1440.0,0.0288,1.0,mid,median_plateau_compact,0.0,0.0,0.0
2025-06-10,0.0,0.0,0.0,no_trade,0.0,0.0,0.0,no_trade,median_plateau_compact,0.0,0.0,0.0
2025-06-11,-226.0,-0.00452,0.5,low,-226.0,-0.00452,0.5,low,median_plateau_compact,0.0,0.0,0.0
2025-06-12,-159.5,-0.00319,0.25,high,-159.5,-0.00319,0.25,high,median_plateau_compact,0.0,0.0,0.0
2025-06-13,-295.5,-0.00591,0.5,low,-295.5,-0.00591,0.5,low,median_plateau_compact,0.0,0.0,0.0
2025-06-16,0.0,0.0,0.0,no_trade,0.0,0.0,0.0,no_trade,median_plateau_compact,0.0,0.0,0.0
2025-06-17,-356.0,-0.00712,0.5,low,-356.0,-0.00712,0.5,low,median_plateau_compact,0.0,0.0,0.0
2025-06-18,0.0,0.0,0.0,no_trade,0.0,0.0,0.0,no_trade,median_plateau_compact,0.0,0.0,0.0
2025-06-19,0.0,0.0,0.0,no_trade,0.0,0.0,0.0,no_trade,median_plateau_compact,0.0,0.0,0.0
2025-06-23,-350.0,-0.007,0.5,low,-350.0,-0.007,0.5,low,median_plateau_compact,0.0,0.0,0.0
2025-06-24,237.0,0.00474,0.5,low,237.0,0.00474,0.5,low,median_plateau_compact,0.0,0.0,0.0
2025-06-25,146.0,0.00292,1.0,mid,146.0,0.00292,1.0,mid,median_plateau_compact,0.0,0.0,0.0
2025-06-26,160.0,0.0032,0.5,low,160.0,0.0032,0.5,low,median_plateau_compact,0.0,0.0,0.0
2025-06-27,-652.5,-0.01305,1.0,mid,-652.5,-0.01305,1.0,mid,median_plateau_compact,0.0,0.0,0.0
2025-06-30,0.0,0.0,0.0,no_trade,0.0,0.0,0.0,no_trade,median_plateau_compact,0.0,0.0,0.0
2025-07-01,-665.0,-0.0133,1.0,mid,-133.0,-0.00266,0.25,high,median_plateau_compact,532.0,0.01064,532.0
2025-07-02,808.0,0.01616,1.0,mid,808.0,0.01616,1.0,mid,median_plateau_compact,0.0,0.0,0.0
2025-07-03,28.0,0.00056,0.25,high,28.0,0.00056,0.25,high,median_plateau_compact,0.0,0.0,0.0
2025-07-04,0.0,0.0,0.0,no_trade,0.0,0.0,0.0,no_trade,median_plateau_compact,0.0,0.0,0.0
2025-07-07,109.0,0.00218,0.5,low,109.0,0.00218,0.5,low,median_plateau_compact,0.0,0.0,0.0
2025-07-08,-140.5,-0.00281,0.25,high,-140.5,-0.00281,0.25,high,median_plateau_compact,0.0,0.0,0.0
2025-07-09,0.0,0.0,0.0,no_trade,0.0,0.0,0.0,no_trade,median_plateau_compact,0.0,0.0,0.0
2025-07-10,0.0,0.0,0.0,no_trade,0.0,0.0,0.0,no_trade,median_plateau_compact,0.0,0.0,0.0
2025-07-11,-41.5,-0.00083,0.5,low,-41.5,-0.00083,0.5,low,median_plateau_compact,0.0,0.0,0.0
2025-07-14,84.0,0.00168,0.5,low,84.0,0.00168,0.5,low,median_plateau_compact,0.0,0.0,0.0
2025-07-15,0.0,0.0,0.0,no_trade,388.5,0.00777,1.0,mid,median_plateau_compact,388.5,0.00777,388.5
2025-07-16,0.0,0.0,0.0,no_trade,0.0,0.0,0.0,no_trade,median_plateau_compact,0.0,0.0,0.0
2025-07-17,179.5,0.00359,0.5,low,179.5,0.00359,0.5,low,median_plateau_compact,0.0,0.0,0.0
2025-07-18,197.5,0.00395,1.0,mid,197.5,0.00395,1.0,mid,median_plateau_compact,0.0,0.0,0.0
2025-07-21,0.0,0.0,0.0,no_trade,0.0,0.0,0.0,no_trade,median_plateau_compact,0.0,0.0,0.0
2025-07-22,0.0,0.0,0.0,no_trade,0.0,0.0,0.0,no_trade,median_plateau_compact,0.0,0.0,0.0
2025-07-23,-231.0,-0.00462,0.5,low,-231.0,-0.00462,0.5,low,median_plateau_compact,0.0,0.0,0.0
2025-07-24,-737.5,-0.01475,1.0,mid,-737.5,-0.01475,1.0,mid,median_plateau_compact,0.0,0.0,0.0
2025-07-25,76.0,0.00152,1.0,mid,76.0,0.00152,1.0,mid,median_plateau_compact,0.0,0.0,0.0
2025-07-28,0.0,0.0,0.0,no_trade,0.0,0.0,0.0,no_trade,median_plateau_compact,0.0,0.0,0.0
2025-07-29,564.0,0.01128,1.0,mid,0.0,0.0,0.0,no_trade,median_plateau_compact,-564.0,-0.01128,564.0
2025-07-30,0.0,0.0,0.0,no_trade,0.0,0.0,0.0,no_trade,median_plateau_compact,0.0,0.0,0.0
2025-07-31,585.0,0.0117,0.5,low,585.0,0.0117,0.5,low,median_plateau_compact,0.0,0.0,0.0
2025-08-01,0.0,0.0,0.0,no_trade,0.0,0.0,0.0,no_trade,median_plateau_compact,0.0,0.0,0.0
2025-08-04,143.0,0.00286,1.0,mid,71.5,0.00143,0.5,low,median_plateau_compact,-71.5,-0.00143,71.5
2025-08-05,1203.0,0.02406,1.0,mid,1203.0,0.02406,1.0,mid,median_plateau_compact,0.0,0.0,0.0
2025-08-06,0.0,0.0,0.0,no_trade,0.0,0.0,0.0,no_trade,median_plateau_compact,0.0,0.0,0.0
2025-08-07,1140.0,0.0228,1.0,mid,1140.0,0.0228,1.0,mid,median_plateau_compact,0.0,0.0,0.0
2025-08-08,0.0,0.0,0.0,no_trade,426.0,0.00852,1.0,mid,median_plateau_compact,426.0,0.00852,426.0
2025-08-11,-287.0,-0.00574,0.5,low,-287.0,-0.00574,0.5,low,median_plateau_compact,0.0,0.0,0.0
2025-08-12,0.0,0.0,0.0,no_trade,0.0,0.0,0.0,no_trade,median_plateau_compact,0.0,0.0,0.0
2025-08-13,101.0,0.00202,0.25,high,101.0,0.00202,0.25,high,median_plateau_compact,0.0,0.0,0.0
2025-08-14,-92.0,-0.00184,0.5,low,-92.0,-0.00184,0.5,low,median_plateau_compact,0.0,0.0,0.0
2025-08-15,-71.5,-0.00143,0.5,low,-71.5,-0.00143,0.5,low,median_plateau_compact,0.0,0.0,0.0
2025-08-18,-346.0,-0.00692,0.5,low,-346.0,-0.00692,0.5,low,median_plateau_compact,0.0,0.0,0.0
2025-08-19,548.0,0.01096,0.5,low,548.0,0.01096,0.5,low,median_plateau_compact,0.0,0.0,0.0
2025-08-20,0.0,0.0,0.0,no_trade,0.0,0.0,0.0,no_trade,median_plateau_compact,0.0,0.0,0.0
2025-08-21,0.0,0.0,0.0,no_trade,0.0,0.0,0.0,no_trade,median_plateau_compact,0.0,0.0,0.0
2025-08-22,0.0,0.0,0.0,no_trade,0.0,0.0,0.0,no_trade,median_plateau_compact,0.0,0.0,0.0
2025-08-25,-337.0,-0.00674,0.5,low,-337.0,-0.00674,0.5,low,median_plateau_compact,0.0,0.0,0.0
2025-08-26,136.5,0.00273,0.5,low,136.5,0.00273,0.5,low,median_plateau_compact,0.0,0.0,0.0
2025-08-27,-321.0,-0.00642,0.5,low,-321.0,-0.00642,0.5,low,median_plateau_compact,0.0,0.0,0.0
2025-08-28,9.5,0.00019,0.5,low,9.5,0.00019,0.5,low,median_plateau_compact,0.0,0.0,0.0
2025-08-29,0.0,0.0,0.0,no_trade,0.0,0.0,0.0,no_trade,median_plateau_compact,0.0,0.0,0.0
2025-09-01,0.0,0.0,0.0,no_trade,0.0,0.0,0.0,no_trade,median_plateau_compact,0.0,0.0,0.0
2025-09-02,0.0,0.0,0.0,no_trade,0.0,0.0,0.0,no_trade,median_plateau_compact,0.0,0.0,0.0
2025-09-03,-182.0,-0.00364,0.25,high,-182.0,-0.00364,0.25,high,median_plateau_compact,0.0,0.0,0.0
2025-09-04,0.0,0.0,0.0,no_trade,0.0,0.0,0.0,no_trade,median_plateau_compact,0.0,0.0,0.0
2025-09-05,0.0,0.0,0.0,no_trade,0.0,0.0,0.0,no_trade,median_plateau_compact,0.0,0.0,0.0
2025-09-08,-219.5,-0.00439,0.5,low,-219.5,-0.00439,0.5,low,median_plateau_compact,0.0,0.0,0.0
2025-09-09,-147.5,-0.00295,0.25,high,-147.5,-0.00295,0.25,high,median_plateau_compact,0.0,0.0,0.0
2025-09-10,0.0,0.0,0.0,no_trade,0.0,0.0,0.0,no_trade,median_plateau_compact,0.0,0.0,0.0
2025-09-11,52.0,0.00104,1.0,mid,52.0,0.00104,1.0,mid,median_plateau_compact,0.0,0.0,0.0
2025-09-12,282.5,0.00565,1.0,mid,282.5,0.00565,1.0,mid,median_plateau_compact,0.0,0.0,0.0
2025-09-15,0.0,0.0,0.0,no_trade,0.0,0.0,0.0,no_trade,median_plateau_compact,0.0,0.0,0.0
2025-09-16,0.0,0.0,0.0,no_trade,0.0,0.0,0.0,no_trade,median_plateau_compact,0.0,0.0,0.0
2025-09-17,327.0,0.00654,0.25,high,327.0,0.00654,0.25,high,median_plateau_compact,0.0,0.0,0.0
2025-09-18,0.0,0.0,0.0,no_trade,0.0,0.0,0.0,no_trade,median_plateau_compact,0.0,0.0,0.0
2025-09-22,1370.0,0.0274,1.0,mid,1370.0,0.0274,1.0,mid,median_plateau_compact,0.0,0.0,0.0
2025-09-23,0.0,0.0,0.0,no_trade,0.0,0.0,0.0,no_trade,median_plateau_compact,0.0,0.0,0.0
2025-09-24,70.0,0.0014,0.5,low,70.0,0.0014,0.5,low,median_plateau_compact,0.0,0.0,0.0
2025-09-25,68.0,0.00136,0.5,low,68.0,0.00136,0.5,low,median_plateau_compact,0.0,0.0,0.0
2025-09-26,-255.5,-0.00511,0.5,low,-255.5,-0.00511,0.5,low,median_plateau_compact,0.0,0.0,0.0
2025-09-29,0.0,0.0,0.0,no_trade,0.0,0.0,0.0,no_trade,median_plateau_compact,0.0,0.0,0.0
2025-09-30,285.0,0.0057,1.0,mid,285.0,0.0057,1.0,mid,median_plateau_compact,0.0,0.0,0.0
2025-10-01,302.5,0.00605,0.5,low,302.5,0.00605,0.5,low,median_plateau_compact,0.0,0.0,0.0
2025-10-02,-322.0,-0.00644,0.5,low,-322.0,-0.00644,0.5,low,median_plateau_compact,0.0,0.0,0.0
2025-10-03,163.5,0.00327,0.25,high,163.5,0.00327,0.25,high,median_plateau_compact,0.0,0.0,0.0
2025-10-06,0.0,0.0,0.0,no_trade,0.0,0.0,0.0,no_trade,median_plateau_compact,0.0,0.0,0.0
2025-10-07,1230.0,0.0246,1.0,mid,1230.0,0.0246,1.0,mid,median_plateau_compact,0.0,0.0,0.0
2025-10-08,0.0,0.0,0.0,no_trade,0.0,0.0,0.0,no_trade,median_plateau_compact,0.0,0.0,0.0
2025-10-09,-372.0,-0.00744,0.5,low,-372.0,-0.00744,0.5,low,median_plateau_compact,0.0,0.0,0.0
2025-10-10,0.0,0.0,0.0,no_trade,0.0,0.0,0.0,no_trade,median_plateau_compact,0.0,0.0,0.0
2025-10-13,0.0,0.0,0.0,no_trade,0.0,0.0,0.0,no_trade,median_plateau_compact,0.0,0.0,0.0
2025-10-14,0.0,0.0,0.0,no_trade,0.0,0.0,0.0,no_trade,median_plateau_compact,0.0,0.0,0.0
2025-10-15,0.0,0.0,0.0,no_trade,0.0,0.0,0.0,no_trade,median_plateau_compact,0.0,0.0,0.0
2025-10-16,0.0,0.0,0.0,no_trade,0.0,0.0,0.0,no_trade,median_plateau_compact,0.0,0.0,0.0
2025-10-17,0.0,0.0,0.0,no_trade,0.0,0.0,0.0,no_trade,median_plateau_compact,0.0,0.0,0.0
2025-10-20,115.0,0.0023,0.5,low,230.0,0.0046,1.0,mid,median_plateau_compact,115.0,0.0023,115.0
2025-10-21,-588.0,-0.01176,1.0,mid,-588.0,-0.01176,1.0,mid,median_plateau_compact,0.0,0.0,0.0
2025-10-22,1108.0,0.02216,1.0,mid,1108.0,0.02216,1.0,mid,median_plateau_compact,0.0,0.0,0.0
2025-10-23,133.0,0.00266,0.5,low,133.0,0.00266,0.5,low,median_plateau_compact,0.0,0.0,0.0
2025-10-24,0.0,0.0,0.0,no_trade,0.0,0.0,0.0,no_trade,median_plateau_compact,0.0,0.0,0.0
2025-10-27,596.0,0.01192,0.5,low,596.0,0.01192,0.5,low,median_plateau_compact,0.0,0.0,0.0
2025-10-28,-290.0,-0.0058,0.5,low,-290.0,-0.0058,0.5,low,median_plateau_compact,0.0,0.0,0.0
2025-10-29,1330.0,0.0266,1.0,mid,1330.0,0.0266,1.0,mid,median_plateau_compact,0.0,0.0,0.0
2025-10-30,0.0,0.0,0.0,no_trade,0.0,0.0,0.0,no_trade,median_plateau_compact,0.0,0.0,0.0
2025-10-31,313.0,0.00626,1.0,mid,313.0,0.00626,1.0,mid,median_plateau_compact,0.0,0.0,0.0
2025-11-03,0.0,0.0,0.0,no_trade,41.0,0.00082,1.0,mid,median_plateau_compact,41.0,0.00082,41.0
2025-11-04,0.0,0.0,0.0,no_trade,0.0,0.0,0.0,no_trade,median_plateau_compact,0.0,0.0,0.0
2025-11-05,0.0,0.0,0.0,no_trade,0.0,0.0,0.0,no_trade,median_plateau_compact,0.0,0.0,0.0
2025-11-06,0.0,0.0,0.0,no_trade,0.0,0.0,0.0,no_trade,median_plateau_compact,0.0,0.0,0.0
2025-11-07,0.0,0.0,0.0,no_trade,0.0,0.0,0.0,no_trade,median_plateau_compact,0.0,0.0,0.0
2025-11-10,-278.0,-0.00556,0.5,low,-278.0,-0.00556,0.5,low,median_plateau_compact,0.0,0.0,0.0
2025-11-11,0.0,0.0,0.0,no_trade,0.0,0.0,0.0,no_trade,median_plateau_compact,0.0,0.0,0.0
2025-11-12,0.0,0.0,0.0,no_trade,0.0,0.0,0.0,no_trade,median_plateau_compact,0.0,0.0,0.0
2025-11-13,0.0,0.0,0.0,no_trade,0.0,0.0,0.0,no_trade,median_plateau_compact,0.0,0.0,0.0
2025-11-14,0.0,0.0,0.0,no_trade,0.0,0.0,0.0,no_trade,median_plateau_compact,0.0,0.0,0.0
2025-11-17,0.0,0.0,0.0,no_trade,0.0,0.0,0.0,no_trade,median_plateau_compact,0.0,0.0,0.0
2025-11-18,0.0,0.0,0.0,no_trade,0.0,0.0,0.0,no_trade,median_plateau_compact,0.0,0.0,0.0
2025-11-19,0.0,0.0,0.0,no_trade,0.0,0.0,0.0,no_trade,median_plateau_compact,0.0,0.0,0.0
2025-11-20,0.0,0.0,0.0,no_trade,0.0,0.0,0.0,no_trade,median_plateau_compact,0.0,0.0,0.0
2025-11-21,0.0,0.0,0.0,no_trade,0.0,0.0,0.0,no_trade,median_plateau_compact,0.0,0.0,0.0
2025-11-24,0.0,0.0,0.0,no_trade,0.0,0.0,0.0,no_trade,median_plateau_compact,0.0,0.0,0.0
2025-11-25,0.0,0.0,0.0,no_trade,0.0,0.0,0.0,no_trade,median_plateau_compact,0.0,0.0,0.0
2025-11-26,0.0,0.0,0.0,no_trade,0.0,0.0,0.0,no_trade,median_plateau_compact,0.0,0.0,0.0
2025-11-27,0.0,0.0,0.0,no_trade,0.0,0.0,0.0,no_trade,median_plateau_compact,0.0,0.0,0.0
2025-11-28,346.5,0.00693,1.0,mid,346.5,0.00693,1.0,mid,median_plateau_compact,0.0,0.0,0.0
2025-12-01,51.0,0.00102,0.5,low,51.0,0.00102,0.5,low,median_plateau_compact,0.0,0.0,0.0
2025-12-02,0.0,0.0,0.0,no_trade,0.0,0.0,0.0,no_trade,median_plateau_compact,0.0,0.0,0.0
2025-12-03,0.0,0.0,0.0,no_trade,0.0,0.0,0.0,no_trade,median_plateau_compact,0.0,0.0,0.0
2025-12-04,0.0,0.0,0.0,no_trade,0.0,0.0,0.0,no_trade,median_plateau_compact,0.0,0.0,0.0
2025-12-05,-306.5,-0.00613,0.5,low,-306.5,-0.00613,0.5,low,median_plateau_compact,0.0,0.0,0.0
2025-12-08,102.5,0.00205,0.5,low,102.5,0.00205,0.5,low,median_plateau_compact,0.0,0.0,0.0
2025-12-09,153.0,0.00306,1.0,mid,153.0,0.00306,1.0,mid,median_plateau_compact,0.0,0.0,0.0
2025-12-10,0.0,0.0,0.0,no_trade,0.0,0.0,0.0,no_trade,median_plateau_compact,0.0,0.0,0.0
2025-12-11,0.0,0.0,0.0,no_trade,0.0,0.0,0.0,no_trade,median_plateau_compact,0.0,0.0,0.0
2025-12-12,0.0,0.0,0.0,no_trade,0.0,0.0,0.0,no_trade,median_plateau_compact,0.0,0.0,0.0
2025-12-15,0.0,0.0,0.0,no_trade,0.0,0.0,0.0,no_trade,median_plateau_compact,0.0,0.0,0.0
2025-12-16,0.0,0.0,0.0,no_trade,0.0,0.0,0.0,no_trade,median_plateau_compact,0.0,0.0,0.0
2025-12-17,599.0,0.01198,1.0,mid,599.0,0.01198,1.0,mid,median_plateau_compact,0.0,0.0,0.0
2025-12-18,-181.5,-0.00363,0.5,low,-181.5,-0.00363,0.5,low,median_plateau_compact,0.0,0.0,0.0
2025-12-22,-90.5,-0.00181,0.5,low,-90.5,-0.00181,0.5,low,median_plateau_compact,0.0,0.0,0.0
2025-12-23,-231.5,-0.00463,0.5,low,-231.5,-0.00463,0.5,low,median_plateau_compact,0.0,0.0,0.0
2025-12-24,0.0,0.0,0.0,no_trade,0.0,0.0,0.0,no_trade,median_plateau_compact,0.0,0.0,0.0
2025-12-26,-176.0,-0.00352,1.0,mid,-176.0,-0.00352,1.0,mid,median_plateau_compact,0.0,0.0,0.0
2025-12-29,0.0,0.0,0.0,no_trade,0.0,0.0,0.0,no_trade,median_plateau_compact,0.0,0.0,0.0
2025-12-30,0.0,0.0,0.0,no_trade,0.0,0.0,0.0,no_trade,median_plateau_compact,0.0,0.0,0.0
2025-12-31,603.0,0.01206,1.0,mid,603.0,0.01206,1.0,mid,median_plateau_compact,0.0,0.0,0.0
2026-01-02,0.0,0.0,0.0,no_trade,0.0,0.0,0.0,no_trade,median_plateau_compact,0.0,0.0,0.0
2026-01-05,-204.0,-0.00408,0.5,low,-204.0,-0.00408,0.5,low,median_plateau_compact,0.0,0.0,0.0
2026-01-06,232.0,0.00464,1.0,mid,232.0,0.00464,1.0,mid,median_plateau_compact,0.0,0.0,0.0
2026-01-07,-231.5,-0.00463,0.5,low,-231.5,-0.00463,0.5,low,median_plateau_compact,0.0,0.0,0.0
2026-01-08,0.0,0.0,0.0,no_trade,0.0,0.0,0.0,no_trade,median_plateau_compact,0.0,0.0,0.0
2026-01-09,0.0,0.0,0.0,no_trade,0.0,0.0,0.0,no_trade,median_plateau_compact,0.0,0.0,0.0
2026-01-12,0.0,0.0,0.0,no_trade,0.0,0.0,0.0,no_trade,median_plateau_compact,0.0,0.0,0.0
2026-01-13,0.0,0.0,0.0,no_trade,0.0,0.0,0.0,no_trade,median_plateau_compact,0.0,0.0,0.0
2026-01-14,0.0,0.0,0.0,no_trade,0.0,0.0,0.0,no_trade,median_plateau_compact,0.0,0.0,0.0
2026-01-15,182.5,0.00365,0.5,low,182.5,0.00365,0.5,low,median_plateau_compact,0.0,0.0,0.0
2026-01-16,42.0,0.00084,0.5,low,42.0,0.00084,0.5,low,median_plateau_compact,0.0,0.0,0.0
2026-01-19,292.5,0.00585,1.0,mid,292.5,0.00585,1.0,mid,median_plateau_compact,0.0,0.0,0.0
2026-01-20,0.0,0.0,0.0,no_trade,0.0,0.0,0.0,no_trade,median_plateau_compact,0.0,0.0,0.0
2026-01-21,0.0,0.0,0.0,no_trade,0.0,0.0,0.0,no_trade,median_plateau_compact,0.0,0.0,0.0
2026-01-22,0.0,0.0,0.0,no_trade,0.0,0.0,0.0,no_trade,median_plateau_compact,0.0,0.0,0.0
2026-01-23,0.0,0.0,0.0,no_trade,0.0,0.0,0.0,no_trade,median_plateau_compact,0.0,0.0,0.0
2026-01-26,-29.5,-0.00059,0.5,low,-29.5,-0.00059,0.5,low,median_plateau_compact,0.0,0.0,0.0
2026-01-27,15.0,0.0003,1.0,mid,15.0,0.0003,1.0,mid,median_plateau_compact,0.0,0.0,0.0
2026-01-28,374.0,0.00748,0.5,low,374.0,0.00748,0.5,low,median_plateau_compact,0.0,0.0,0.0
2026-01-29,0.0,0.0,0.0,no_trade,0.0,0.0,0.0,no_trade,median_plateau_compact,0.0,0.0,0.0
2026-01-30,0.0,0.0,0.0,no_trade,0.0,0.0,0.0,no_trade,median_plateau_compact,0.0,0.0,0.0
2026-02-02,0.0,0.0,0.0,no_trade,0.0,0.0,0.0,no_trade,median_plateau_compact,0.0,0.0,0.0
2026-02-03,0.0,0.0,0.0,no_trade,0.0,0.0,0.0,no_trade,median_plateau_compact,0.0,0.0,0.0
2026-02-04,0.0,0.0,0.0,no_trade,0.0,0.0,0.0,no_trade,median_plateau_compact,0.0,0.0,0.0
2026-02-05,0.0,0.0,0.0,no_trade,0.0,0.0,0.0,no_trade,median_plateau_compact,0.0,0.0,0.0
2026-02-06,0.0,0.0,0.0,no_trade,0.0,0.0,0.0,no_trade,median_plateau_compact,0.0,0.0,0.0
2026-02-09,0.0,0.0,0.0,no_trade,0.0,0.0,0.0,no_trade,median_plateau_compact,0.0,0.0,0.0
2026-02-10,0.0,0.0,0.0,no_trade,0.0,0.0,0.0,no_trade,median_plateau_compact,0.0,0.0,0.0
2026-02-11,0.0,0.0,0.0,no_trade,0.0,0.0,0.0,no_trade,median_plateau_compact,0.0,0.0,0.0
2026-02-12,0.0,0.0,0.0,no_trade,0.0,0.0,0.0,no_trade,median_plateau_compact,0.0,0.0,0.0
2026-02-13,0.0,0.0,0.0,no_trade,0.0,0.0,0.0,no_trade,median_plateau_compact,0.0,0.0,0.0
2026-02-16,-198.0,-0.00396,0.5,low,-198.0,-0.00396,0.5,low,median_plateau_compact,0.0,0.0,0.0
2026-02-17,0.0,0.0,0.0,no_trade,0.0,0.0,0.0,no_trade,median_plateau_compact,0.0,0.0,0.0
2026-02-18,0.0,0.0,0.0,no_trade,0.0,0.0,0.0,no_trade,median_plateau_compact,0.0,0.0,0.0
2026-02-19,0.0,0.0,0.0,no_trade,0.0,0.0,0.0,no_trade,median_plateau_compact,0.0,0.0,0.0
2026-02-20,0.0,0.0,0.0,no_trade,0.0,0.0,0.0,no_trade,median_plateau_compact,0.0,0.0,0.0
2026-02-23,0.0,0.0,0.0,no_trade,0.0,0.0,0.0,no_trade,median_plateau_compact,0.0,0.0,0.0
2026-02-24,0.0,0.0,0.0,no_trade,0.0,0.0,0.0,no_trade,median_plateau_compact,0.0,0.0,0.0
2026-02-25,0.0,0.0,0.0,no_trade,0.0,0.0,0.0,no_trade,median_plateau_compact,0.0,0.0,0.0
2026-02-26,0.0,0.0,0.0,no_trade,0.0,0.0,0.0,no_trade,median_plateau_compact,0.0,0.0,0.0
2026-02-27,0.0,0.0,0.0,no_trade,0.0,0.0,0.0,no_trade,median_plateau_compact,0.0,0.0,0.0
2026-03-02,0.0,0.0,0.0,no_trade,0.0,0.0,0.0,no_trade,median_plateau_compact,0.0,0.0,0.0
2026-03-03,0.0,0.0,0.0,no_trade,0.0,0.0,0.0,no_trade,median_plateau_compact,0.0,0.0,0.0
2026-03-04,0.0,0.0,0.0,no_trade,0.0,0.0,0.0,no_trade,median_plateau_compact,0.0,0.0,0.0
2026-03-05,0.0,0.0,0.0,no_trade,0.0,0.0,0.0,no_trade,median_plateau_compact,0.0,0.0,0.0
2026-03-06,0.0,0.0,0.0,no_trade,0.0,0.0,0.0,no_trade,median_plateau_compact,0.0,0.0,0.0
2026-03-09,0.0,0.0,0.0,no_trade,0.0,0.0,0.0,no_trade,median_plateau_compact,0.0,0.0,0.0
2026-03-10,0.0,0.0,0.0,no_trade,0.0,0.0,0.0,no_trade,median_plateau_compact,0.0,0.0,0.0
2026-03-11,0.0,0.0,0.0,no_trade,0.0,0.0,0.0,no_trade,median_plateau_compact,0.0,0.0,0.0
2026-03-12,0.0,0.0,0.0,no_trade,0.0,0.0,0.0,no_trade,median_plateau_compact,0.0,0.0,0.0
2026-03-13,0.0,0.0,0.0,no_trade,0.0,0.0,0.0,no_trade,median_plateau_compact,0.0,0.0,0.0
2026-03-16,-505.0,-0.0101,1.0,mid,-505.0,-0.0101,1.0,mid,median_plateau_compact,0.0,0.0,0.0
2026-03-17,0.0,0.0,0.0,no_trade,0.0,0.0,0.0,no_trade,median_plateau_compact,0.0,0.0,0.0
2026-03-18,0.0,0.0,0.0,no_trade,0.0,0.0,0.0,no_trade,median_plateau_compact,0.0,0.0,0.0
2026-03-19,0.0,0.0,0.0,no_trade,0.0,0.0,0.0,no_trade,median_plateau_compact,0.0,0.0,0.0
