scope,net_pnl,sharpe,sortino,profit_factor,expectancy,max_drawdown,n_trades,n_days_traded,pct_days_traded,hit_rate,avg_win,avg_loss,stop_hit_rate,target_hit_rate,exposure_time_pct
overall,1330.3799999999965,0.16138362546819587,0.10195165490781317,1.044090071829719,3.6649586776859406,-2916.519999999992,363,363,0.32410714285714287,0.48760330578512395,177.9916384180791,-162.22655913978497,0.349862258953168,0.09917355371900827,0.22797161172161173
is,390.11999999999784,0.06499625845466273,0.043227303094737955,1.017418730895521,1.489007633587778,-2871.579999999998,262,262,0.33290978398983484,0.4580152671755725,189.8891666666667,-157.72239436619716,0.3702290076335878,0.09541984732824428,0.22697031896523637
oos,940.2599999999991,0.4222037602104341,0.23097483543768027,1.1208939564593523,9.30950495049504,-2916.519999999995,101,101,0.3033033033033033,0.5643564356435643,152.94421052631577,-176.76272727272726,0.297029702970297,0.10891089108910891,0.23033803033803033
