scope,net_pnl,sharpe,sortino,profit_factor,expectancy,max_drawdown,n_trades,n_days_traded,pct_days_traded,hit_rate,avg_win,avg_loss,stop_hit_rate,target_hit_rate,exposure_time_pct
overall,8923.739999999998,0.8229736288356208,0.5749118687724786,1.2296600551261956,22.36526315789473,-2201.0999999999967,399,399,0.35625,0.5112781954887218,234.21588235294115,-199.26307692307694,0.39097744360902253,0.14786967418546365,0.24264652014652013
is,3637.5799999999977,0.5112490351486,0.34861930494707766,1.1446847473213526,14.099147286821696,-2033.7599999999893,258,258,0.3278271918678526,0.4844961240310077,230.23199999999997,-189.03323308270674,0.4108527131782946,0.12790697674418605,0.22910761411396735
oos,5286.159999999999,1.4387915090037124,1.0536044512289573,1.3854324645932004,37.490496453900704,-2201.0999999999967,141,141,0.42342342342342343,0.5602836879432624,240.51949367088594,-221.20774193548385,0.3546099290780142,0.18439716312056736,0.27464387464387463
