scope,net_pnl,sharpe,sortino,profit_factor,expectancy,max_drawdown,n_trades,n_days_traded,pct_days_traded,hit_rate,avg_win,avg_loss,stop_hit_rate,target_hit_rate,exposure_time_pct
overall,15807.819999999994,1.1807606913222586,1.1627476396043952,1.2423380120268965,20.882192866578592,-2756.6599999999926,757,757,0.6758928571428572,0.49933949801849403,214.38698412698412,-172.11203166226915,0.3870541611624835,0.15191545574636725,0.45820283882783885
is,6541.999999999995,0.7414856614925317,0.7179854707380144,1.1477272983879163,12.460952380952373,-2756.6599999999926,525,525,0.6670902160101652,0.4857142857142857,199.3188235294118,-164.01592592592593,0.3980952380952381,0.1295238095238095,0.4566643860163555
oos,9265.819999999998,2.0598200141574017,2.0722498367332842,1.442363659973952,39.93887931034482,-2469.319999999996,232,232,0.6966966966966966,0.5301724137931034,245.62585365853664,-192.1666055045872,0.3620689655172414,0.2025862068965517,0.4618387618387618
