scope,net_pnl,sharpe,sortino,profit_factor,expectancy,max_drawdown,n_trades,n_days_traded,pct_days_traded,hit_rate,avg_win,avg_loss,stop_hit_rate,target_hit_rate,exposure_time_pct
overall,4930.079999999997,0.5564610028915012,0.38518877300769716,1.1560113389606206,12.872271540469967,-2235.9000000000005,383,383,0.3419642857142857,0.4856396866840731,196.40247311827957,-160.4100507614213,0.360313315926893,0.13315926892950392,0.24122481684981684
is,1274.3799999999976,0.21086564921477657,0.14825476009454694,1.056832847975097,4.84555133079847,-2235.9000000000005,263,263,0.3341804320203304,0.44866920152091255,200.82779661016946,-154.64344827586208,0.3916349809885932,0.11787072243346007,0.23292933242107322
oos,3655.699999999999,1.3042398557407298,0.8622647968504166,1.3983337473903512,30.464166666666657,-1752.62,120,120,0.36036036036036034,0.5666666666666667,188.72323529411764,-176.48999999999998,0.2916666666666667,0.16666666666666666,0.26083006083006083
