scope,net_pnl,sharpe,sortino,profit_factor,expectancy,max_drawdown,n_trades,n_days_traded,pct_days_traded,hit_rate,avg_win,avg_loss,stop_hit_rate,target_hit_rate,exposure_time_pct
overall,863.4399999999999,0.47896468294920136,0.04411732518536254,2.057877971085518,45.444210526315786,-515.22,19,19,0.010875787063537493,0.7368421052631579,119.9742857142857,-163.24,0.15789473684210525,0.3684210526315789,0.00653721397854197
is,556.6299999999999,0.42783382567217465,0.04045761969785296,1.8670789457287056,42.8176923076923,-515.22,13,13,0.010638297872340425,0.6923076923076923,133.17666666666665,-160.49,0.23076923076923078,0.38461538461538464,0.005682151999664275
oos,306.80999999999995,0.6143893686758116,0.05324301192101056,2.7608471074380163,51.13499999999999,-174.24,6,6,0.011428571428571429,0.8333333333333334,96.21,-174.24,0.0,0.3333333333333333,0.008527472527472527
