scope,net_pnl,sharpe,sortino,profit_factor,expectancy,max_drawdown,n_trades,n_days_traded,pct_days_traded,hit_rate,avg_win,avg_loss,stop_hit_rate,target_hit_rate,exposure_time_pct
overall,6506.059999999998,0.7165713723035617,0.47593267886622603,1.2101593979405467,18.27544943820224,-2803.9200000000005,356,356,0.31785714285714284,0.5056179775280899,208.13222222222217,-175.89625000000004,0.38764044943820225,0.15168539325842698,0.20835622710622712
is,4148.619999999999,0.6513546977523849,0.454975912201452,1.1860479508634154,15.834427480916027,-2803.9200000000005,262,262,0.33290978398983484,0.48854961832061067,206.61937500000005,-166.4079104477612,0.40076335877862596,0.15648854961832062,0.2137001922262405
oos,2357.4400000000005,0.8699053145264066,0.5056955270523475,1.2722506317068327,25.079148936170217,-2609.619999999993,94,94,0.2822822822822823,0.5531914893617021,211.85615384615386,-206.16857142857143,0.35106382978723405,0.13829787234042554,0.19572649572649573
