portfolio_name,session_date,daily_pnl_usd,equity,drawdown_usd
baseline_only,2024-01-02,-14.5,49985.5,0.0
baseline_only,2024-01-03,204.0,50189.5,0.0
baseline_only,2024-01-04,-528.0,49661.5,-528.0
baseline_only,2024-01-05,-506.0,49155.5,-1034.0
baseline_only,2024-01-08,636.0,49791.5,-398.0
baseline_only,2024-01-09,717.0,50508.5,0.0
baseline_only,2024-01-10,-524.0,49984.5,-524.0
baseline_only,2024-01-11,-167.0,49817.5,-691.0
baseline_only,2024-01-12,-94.5,49723.0,-785.5
baseline_only,2024-01-16,126.0,49849.0,-659.5
baseline_only,2024-01-17,-616.0,49233.0,-1275.5
baseline_only,2024-01-18,-672.5,48560.5,-1948.0
baseline_only,2024-01-19,1015.0,49575.5,-933.0
baseline_only,2024-01-22,62.5,49638.0,-870.5
baseline_only,2024-01-24,-680.0,48958.0,-1550.5
baseline_only,2024-01-25,-312.0,48646.0,-1862.5
baseline_only,2024-01-26,-630.0,48016.0,-2492.5
baseline_only,2024-01-29,-261.0,47755.0,-2753.5
baseline_only,2024-01-30,960.0,48715.0,-1793.5
baseline_only,2024-01-31,-367.0,48348.0,-2160.5
baseline_only,2024-02-01,-666.0,47682.0,-2826.5
baseline_only,2024-02-02,161.0,47843.0,-2665.5
baseline_only,2024-02-05,-506.0,47337.0,-3171.5
baseline_only,2024-02-06,-75.0,47262.0,-3246.5
baseline_only,2024-02-07,196.5,47458.5,-3050.0
baseline_only,2024-02-08,42.0,47500.5,-3008.0
baseline_only,2024-02-09,652.0,48152.5,-2356.0
baseline_only,2024-02-13,-315.5,47837.0,-2671.5
baseline_only,2024-02-14,-680.0,47157.0,-3351.5
baseline_only,2024-02-15,-419.0,46738.0,-3770.5
baseline_only,2024-02-16,16.0,46754.0,-3754.5
baseline_only,2024-02-20,-138.0,46616.0,-3892.5
baseline_only,2024-02-21,-457.5,46158.5,-4350.0
baseline_only,2024-02-22,357.0,46515.5,-3993.0
baseline_only,2024-02-23,469.5,46985.0,-3523.5
baseline_only,2024-02-27,-370.0,46615.0,-3893.5
baseline_only,2024-02-29,-586.5,46028.5,-4480.0
baseline_only,2024-03-01,868.0,46896.5,-3612.0
baseline_only,2024-03-04,-728.0,46168.5,-4340.0
baseline_only,2024-03-05,294.0,46462.5,-4046.0
baseline_only,2024-03-06,-381.0,46081.5,-4427.0
baseline_only,2024-03-07,154.5,46236.0,-4272.5
baseline_only,2024-03-08,-217.0,46019.0,-4489.5
baseline_only,2024-03-11,-433.0,45586.0,-4922.5
baseline_only,2024-03-12,504.0,46090.0,-4418.5
baseline_only,2024-03-13,-48.0,46042.0,-4466.5
baseline_only,2024-03-14,-135.5,45906.5,-4602.0
baseline_only,2024-03-18,-375.0,45531.5,-4977.0
baseline_only,2024-03-19,457.0,45988.5,-4520.0
baseline_only,2024-03-20,868.0,46856.5,-3652.0
baseline_only,2024-03-21,203.0,47059.5,-3449.0
baseline_only,2024-03-22,109.5,47169.0,-3339.5
baseline_only,2024-03-25,34.0,47203.0,-3305.5
baseline_only,2024-03-26,-666.0,46537.0,-3971.5
baseline_only,2024-03-27,-165.5,46371.5,-4137.0
baseline_only,2024-04-01,-36.5,46335.0,-4173.5
baseline_only,2024-04-02,-454.5,45880.5,-4628.0
baseline_only,2024-04-03,972.0,46852.5,-3656.0
baseline_only,2024-04-05,68.0,46920.5,-3588.0
baseline_only,2024-04-08,-77.0,46843.5,-3665.0
baseline_only,2024-04-09,566.0,47409.5,-3099.0
baseline_only,2024-04-10,-95.0,47314.5,-3194.0
baseline_only,2024-04-11,-645.0,46669.5,-3839.0
baseline_only,2024-04-12,825.0,47494.5,-3014.0
baseline_only,2024-04-15,1412.0,48906.5,-1602.0
baseline_only,2024-04-16,-742.0,48164.5,-2344.0
baseline_only,2024-04-17,1134.0,49298.5,-1210.0
baseline_only,2024-04-18,-272.0,49026.5,-1482.0
baseline_only,2024-04-19,460.0,49486.5,-1022.0
baseline_only,2024-04-22,-287.0,49199.5,-1309.0
baseline_only,2024-04-23,128.0,49327.5,-1181.0
baseline_only,2024-04-24,682.0,50009.5,-499.0
baseline_only,2024-04-25,394.0,50403.5,-105.0
baseline_only,2024-04-26,136.0,50539.5,0.0
baseline_only,2024-04-29,-438.0,50101.5,-438.0
baseline_only,2024-04-30,520.0,50621.5,0.0
baseline_only,2024-05-01,-528.0,50093.5,-528.0
baseline_only,2024-05-02,-305.0,49788.5,-833.0
baseline_only,2024-05-06,317.0,50105.5,-516.0
baseline_only,2024-05-08,2.5,50108.0,-513.5
baseline_only,2024-05-09,10.5,50118.5,-503.0
baseline_only,2024-05-10,22.5,50141.0,-480.5
baseline_only,2024-05-14,805.0,50946.0,0.0
baseline_only,2024-05-15,682.0,51628.0,0.0
baseline_only,2024-05-21,708.0,52336.0,0.0
baseline_only,2024-05-23,283.0,52619.0,0.0
baseline_only,2024-05-24,980.0,53599.0,0.0
baseline_only,2024-05-29,-586.5,53012.5,-586.5
baseline_only,2024-05-30,600.0,53612.5,0.0
baseline_only,2024-05-31,896.0,54508.5,0.0
baseline_only,2024-06-03,416.0,54924.5,0.0
baseline_only,2024-06-04,-496.5,54428.0,-496.5
baseline_only,2024-06-05,654.0,55082.0,0.0
baseline_only,2024-06-07,-110.0,54972.0,-110.0
baseline_only,2024-06-10,837.0,55809.0,0.0
baseline_only,2024-06-11,280.0,56089.0,0.0
baseline_only,2024-06-12,-46.0,56043.0,-46.0
baseline_only,2024-06-13,1020.0,57063.0,0.0
baseline_only,2024-06-17,1445.0,58508.0,0.0
baseline_only,2024-06-18,-369.0,58139.0,-369.0
baseline_only,2024-06-20,560.0,58699.0,0.0
baseline_only,2024-06-24,-486.0,58213.0,-486.0
baseline_only,2024-06-25,1048.0,59261.0,0.0
baseline_only,2024-06-26,-700.0,58561.0,-700.0
baseline_only,2024-06-27,-739.5,57821.5,-1439.5
baseline_only,2024-06-28,-527.0,57294.5,-1966.5
baseline_only,2024-07-01,-307.0,56987.5,-2273.5
baseline_only,2024-07-02,278.5,57266.0,-1995.0
baseline_only,2024-07-03,1440.0,58706.0,-555.0
baseline_only,2024-07-05,492.0,59198.0,-63.0
baseline_only,2024-07-08,-360.0,58838.0,-423.0
baseline_only,2024-07-09,1288.0,60126.0,0.0
baseline_only,2024-07-10,-714.0,59412.0,-714.0
baseline_only,2024-07-11,1053.0,60465.0,0.0
baseline_only,2024-07-12,-99.0,60366.0,-99.0
baseline_only,2024-07-15,-356.0,60010.0,-455.0
baseline_only,2024-07-16,-149.0,59861.0,-604.0
baseline_only,2024-07-17,808.0,60669.0,0.0
baseline_only,2024-07-18,220.0,60889.0,0.0
baseline_only,2024-07-19,173.5,61062.5,0.0
baseline_only,2024-07-22,-296.5,60766.0,-296.5
baseline_only,2024-07-23,-222.5,60543.5,-519.0
baseline_only,2024-07-24,638.0,61181.5,0.0
baseline_only,2024-07-30,1102.0,62283.5,0.0
baseline_only,2024-08-07,675.0,62958.5,0.0
baseline_only,2024-08-12,-43.5,62915.0,-43.5
baseline_only,2024-08-13,808.0,63723.0,0.0
baseline_only,2024-08-14,-699.0,63024.0,-699.0
baseline_only,2024-08-15,221.5,63245.5,-477.5
baseline_only,2024-08-16,276.0,63521.5,-201.5
baseline_only,2024-08-19,-553.5,62968.0,-755.0
baseline_only,2024-08-20,-32.5,62935.5,-787.5
baseline_only,2024-08-21,-516.0,62419.5,-1303.5
baseline_only,2024-08-22,1396.0,63815.5,0.0
baseline_only,2024-08-23,-456.0,63359.5,-456.0
baseline_only,2024-08-26,1131.0,64490.5,0.0
baseline_only,2024-08-27,146.0,64636.5,0.0
baseline_only,2024-08-28,522.0,65158.5,0.0
baseline_only,2024-08-30,-410.0,64748.5,-410.0
baseline_only,2024-09-09,-441.0,64307.5,-851.0
baseline_only,2024-09-13,81.0,64388.5,-770.0
baseline_only,2024-09-16,-309.0,64079.5,-1079.0
baseline_only,2024-09-17,-529.0,63550.5,-1608.0
baseline_only,2024-09-18,-460.5,63090.0,-2068.5
baseline_only,2024-09-19,15.0,63105.0,-2053.5
baseline_only,2024-09-23,-642.0,62463.0,-2695.5
baseline_only,2024-09-24,-471.0,61992.0,-3166.5
baseline_only,2024-09-25,-610.5,61381.5,-3777.0
baseline_only,2024-09-26,92.5,61474.0,-3684.5
baseline_only,2024-09-27,538.5,62012.5,-3146.0
baseline_only,2024-09-30,-196.0,61816.5,-3342.0
baseline_only,2024-10-02,81.5,61898.0,-3260.5
baseline_only,2024-10-03,-323.5,61574.5,-3584.0
baseline_only,2024-10-07,-658.0,60916.5,-4242.0
baseline_only,2024-10-08,371.0,61287.5,-3871.0
baseline_only,2024-10-09,1270.0,62557.5,-2601.0
baseline_only,2024-10-10,116.0,62673.5,-2485.0
baseline_only,2024-10-11,349.5,63023.0,-2135.5
baseline_only,2024-10-14,-314.0,62709.0,-2449.5
baseline_only,2024-10-15,1280.0,63989.0,-1169.5
baseline_only,2024-10-18,-128.0,63861.0,-1297.5
baseline_only,2024-10-21,-708.0,63153.0,-2005.5
baseline_only,2024-10-22,77.0,63230.0,-1928.5
baseline_only,2024-10-23,1422.0,64652.0,-506.5
baseline_only,2024-10-24,-525.0,64127.0,-1031.5
baseline_only,2024-10-25,-711.0,63416.0,-1742.5
baseline_only,2024-10-28,174.0,63590.0,-1568.5
baseline_only,2024-10-29,398.0,63988.0,-1170.5
baseline_only,2024-10-30,-277.0,63711.0,-1447.5
baseline_only,2024-10-31,218.5,63929.5,-1229.0
baseline_only,2024-11-01,-77.0,63852.5,-1306.0
baseline_only,2024-11-04,-234.0,63618.5,-1540.0
baseline_only,2024-11-05,624.0,64242.5,-916.0
baseline_only,2024-11-06,187.5,64430.0,-728.5
baseline_only,2024-11-07,597.0,65027.0,-131.5
baseline_only,2024-11-08,-702.0,64325.0,-833.5
baseline_only,2024-11-11,-206.0,64119.0,-1039.5
baseline_only,2024-11-12,-40.0,64079.0,-1079.5
baseline_only,2024-11-13,-456.0,63623.0,-1535.5
baseline_only,2024-11-14,124.0,63747.0,-1411.5
baseline_only,2024-11-15,798.0,64545.0,-613.5
baseline_only,2024-11-18,283.5,64828.5,-330.0
baseline_only,2024-11-19,377.0,65205.5,0.0
baseline_only,2024-11-20,-292.5,64913.0,-292.5
baseline_only,2024-11-26,-146.5,64766.5,-439.0
baseline_only,2024-11-27,27.0,64793.5,-412.0
baseline_only,2024-11-29,394.5,65188.0,-17.5
baseline_only,2024-12-02,89.0,65277.0,0.0
baseline_only,2024-12-03,222.0,65499.0,0.0
baseline_only,2024-12-04,785.0,66284.0,0.0
baseline_only,2024-12-06,139.0,66423.0,0.0
baseline_only,2024-12-09,387.0,66810.0,0.0
baseline_only,2024-12-10,-378.0,66432.0,-378.0
baseline_only,2024-12-11,319.0,66751.0,-59.0
baseline_only,2024-12-12,-289.5,66461.5,-348.5
baseline_only,2024-12-13,-66.5,66395.0,-415.0
baseline_only,2024-12-16,530.0,66925.0,0.0
baseline_only,2024-12-17,-562.5,66362.5,-562.5
baseline_only,2024-12-18,-193.0,66169.5,-755.5
baseline_only,2024-12-24,258.0,66427.5,-497.5
baseline_only,2024-12-26,-12.0,66415.5,-509.5
baseline_only,2024-12-31,515.0,66930.5,0.0
baseline_only,2025-01-06,-262.0,66668.5,-262.0
baseline_only,2025-01-14,12.0,66680.5,-250.0
baseline_only,2025-01-15,168.0,66848.5,-82.0
baseline_only,2025-01-16,216.5,67065.0,0.0
baseline_only,2025-01-22,-67.0,66998.0,-67.0
baseline_only,2025-01-23,1314.0,68312.0,0.0
baseline_only,2025-01-24,682.0,68994.0,0.0
baseline_only,2025-01-29,-232.5,68761.5,-232.5
baseline_only,2025-01-31,-239.5,68522.0,-472.0
baseline_only,2025-02-04,346.0,68868.0,-126.0
baseline_only,2025-02-05,-459.0,68409.0,-585.0
baseline_only,2025-02-06,-744.0,67665.0,-1329.0
baseline_only,2025-02-07,1024.0,68689.0,-305.0
baseline_only,2025-02-10,106.5,68795.5,-198.5
baseline_only,2025-02-11,-121.0,68674.5,-319.5
baseline_only,2025-02-12,212.5,68887.0,-107.0
baseline_only,2025-02-13,279.5,69166.5,0.0
baseline_only,2025-02-14,237.0,69403.5,0.0
baseline_only,2025-02-18,-456.0,68947.5,-456.0
baseline_only,2025-02-19,-291.0,68656.5,-747.0
baseline_only,2025-02-20,-315.5,68341.0,-1062.5
baseline_only,2025-02-21,510.0,68851.0,-552.5
baseline_only,2025-03-13,134.0,68985.0,-418.5
baseline_only,2025-03-14,105.5,69090.5,-313.0
baseline_only,2025-03-17,-340.5,68750.0,-653.5
baseline_only,2025-03-19,234.0,68984.0,-419.5
baseline_only,2025-03-20,-153.0,68831.0,-572.5
baseline_only,2025-03-24,54.0,68885.0,-518.5
baseline_only,2025-03-25,640.0,69525.0,0.0
baseline_only,2025-03-26,371.0,69896.0,0.0
baseline_only,2025-03-31,0.0,69896.0,0.0
baseline_only,2025-04-14,0.0,69896.0,0.0
baseline_only,2025-04-16,-368.5,69527.5,-368.5
baseline_only,2025-04-22,1286.0,70813.5,0.0
baseline_only,2025-04-24,0.0,70813.5,0.0
baseline_only,2025-05-01,-294.5,70519.0,-294.5
baseline_only,2025-05-05,-441.0,70078.0,-735.5
baseline_only,2025-05-06,484.0,70562.0,-251.5
baseline_only,2025-05-07,-711.0,69851.0,-962.5
baseline_only,2025-05-08,-531.0,69320.0,-1493.5
baseline_only,2025-05-09,448.0,69768.0,-1045.5
baseline_only,2025-05-12,-370.0,69398.0,-1415.5
baseline_only,2025-05-13,437.0,69835.0,-978.5
baseline_only,2025-05-14,-117.0,69718.0,-1095.5
baseline_only,2025-05-15,465.0,70183.0,-630.5
baseline_only,2025-05-16,-348.0,69835.0,-978.5
baseline_only,2025-05-19,226.5,70061.5,-752.0
baseline_only,2025-05-20,-359.0,69702.5,-1111.0
baseline_only,2025-05-21,-547.0,69155.5,-1658.0
baseline_only,2025-05-27,257.0,69412.5,-1401.0
baseline_only,2025-05-28,-240.5,69172.0,-1641.5
baseline_only,2025-05-30,-326.5,68845.5,-1968.0
baseline_only,2025-06-03,439.5,69285.0,-1528.5
baseline_only,2025-06-04,-559.5,68725.5,-2088.0
baseline_only,2025-06-06,-457.0,68268.5,-2545.0
baseline_only,2025-06-09,1440.0,69708.5,-1105.0
baseline_only,2025-06-10,-394.0,69314.5,-1499.0
baseline_only,2025-06-11,-226.0,69088.5,-1725.0
baseline_only,2025-06-12,-478.5,68610.0,-2203.5
baseline_only,2025-06-13,-295.5,68314.5,-2499.0
baseline_only,2025-06-16,-320.0,67994.5,-2819.0
baseline_only,2025-06-17,-356.0,67638.5,-3175.0
baseline_only,2025-06-18,-445.0,67193.5,-3620.0
baseline_only,2025-06-23,-350.0,66843.5,-3970.0
baseline_only,2025-06-24,237.0,67080.5,-3733.0
baseline_only,2025-06-25,146.0,67226.5,-3587.0
baseline_only,2025-06-26,160.0,67386.5,-3427.0
baseline_only,2025-06-27,-652.5,66734.0,-4079.5
baseline_only,2025-07-01,-665.0,66069.0,-4744.5
baseline_only,2025-07-02,808.0,66877.0,-3936.5
baseline_only,2025-07-03,84.0,66961.0,-3852.5
baseline_only,2025-07-07,109.0,67070.0,-3743.5
baseline_only,2025-07-08,-562.0,66508.0,-4305.5
baseline_only,2025-07-09,-511.0,65997.0,-4816.5
baseline_only,2025-07-10,-170.0,65827.0,-4986.5
baseline_only,2025-07-11,-41.5,65785.5,-5028.0
baseline_only,2025-07-14,84.0,65869.5,-4944.0
baseline_only,2025-07-15,259.0,66128.5,-4685.0
baseline_only,2025-07-16,-560.0,65568.5,-5245.0
baseline_only,2025-07-17,179.5,65748.0,-5065.5
baseline_only,2025-07-18,197.5,65945.5,-4868.0
baseline_only,2025-07-21,-114.0,65831.5,-4982.0
baseline_only,2025-07-23,-231.0,65600.5,-5213.0
baseline_only,2025-07-24,-737.5,64863.0,-5950.5
baseline_only,2025-07-25,76.0,64939.0,-5874.5
baseline_only,2025-07-29,564.0,65503.0,-5310.5
baseline_only,2025-07-31,585.0,66088.0,-4725.5
baseline_only,2025-08-04,143.0,66231.0,-4582.5
baseline_only,2025-08-05,1203.0,67434.0,-3379.5
baseline_only,2025-08-07,1140.0,68574.0,-2239.5
baseline_only,2025-08-08,284.0,68858.0,-1955.5
baseline_only,2025-08-11,-287.0,68571.0,-2242.5
baseline_only,2025-08-13,303.0,68874.0,-1939.5
baseline_only,2025-08-14,-92.0,68782.0,-2031.5
baseline_only,2025-08-15,-71.5,68710.5,-2103.0
baseline_only,2025-08-18,-346.0,68364.5,-2449.0
baseline_only,2025-08-19,548.0,68912.5,-1901.0
baseline_only,2025-08-25,-337.0,68575.5,-2238.0
baseline_only,2025-08-26,136.5,68712.0,-2101.5
baseline_only,2025-08-27,-321.0,68391.0,-2422.5
baseline_only,2025-08-28,9.5,68400.5,-2413.0
baseline_only,2025-08-29,60.0,68460.5,-2353.0
baseline_only,2025-09-03,-546.0,67914.5,-2899.0
baseline_only,2025-09-04,-379.0,67535.5,-3278.0
baseline_only,2025-09-08,-219.5,67316.0,-3497.5
baseline_only,2025-09-09,-442.5,66873.5,-3940.0
baseline_only,2025-09-11,52.0,66925.5,-3888.0
baseline_only,2025-09-12,282.5,67208.0,-3605.5
baseline_only,2025-09-17,981.0,68189.0,-2624.5
baseline_only,2025-09-18,-64.0,68125.0,-2688.5
baseline_only,2025-09-22,1370.0,69495.0,-1318.5
baseline_only,2025-09-24,70.0,69565.0,-1248.5
baseline_only,2025-09-25,68.0,69633.0,-1180.5
baseline_only,2025-09-26,-255.5,69377.5,-1436.0
baseline_only,2025-09-29,-439.0,68938.5,-1875.0
baseline_only,2025-09-30,285.0,69223.5,-1590.0
baseline_only,2025-10-01,302.5,69526.0,-1287.5
baseline_only,2025-10-02,-322.0,69204.0,-1609.5
baseline_only,2025-10-03,490.5,69694.5,-1119.0
baseline_only,2025-10-07,1230.0,70924.5,0.0
baseline_only,2025-10-08,532.0,71456.5,0.0
baseline_only,2025-10-09,-372.0,71084.5,-372.0
baseline_only,2025-10-10,990.0,72074.5,0.0
baseline_only,2025-10-14,0.0,72074.5,0.0
baseline_only,2025-10-20,115.0,72189.5,0.0
baseline_only,2025-10-21,-588.0,71601.5,-588.0
baseline_only,2025-10-22,1108.0,72709.5,0.0
baseline_only,2025-10-23,133.0,72842.5,0.0
baseline_only,2025-10-27,596.0,73438.5,0.0
baseline_only,2025-10-28,-290.0,73148.5,-290.0
baseline_only,2025-10-29,1330.0,74478.5,0.0
baseline_only,2025-10-30,0.0,74478.5,0.0
baseline_only,2025-10-31,313.0,74791.5,0.0
baseline_only,2025-11-03,20.5,74812.0,0.0
baseline_only,2025-11-04,0.0,74812.0,0.0
baseline_only,2025-11-10,-278.0,74534.0,-278.0
baseline_only,2025-11-11,-402.0,74132.0,-680.0
baseline_only,2025-11-12,0.0,74132.0,-680.0
baseline_only,2025-11-17,0.0,74132.0,-680.0
baseline_only,2025-11-25,0.0,74132.0,-680.0
baseline_only,2025-11-28,346.5,74478.5,-333.5
baseline_only,2025-12-01,51.0,74529.5,-282.5
baseline_only,2025-12-02,-299.0,74230.5,-581.5
baseline_only,2025-12-04,0.0,74230.5,-581.5
baseline_only,2025-12-05,-306.5,73924.0,-888.0
baseline_only,2025-12-08,102.5,74026.5,-785.5
baseline_only,2025-12-09,153.0,74179.5,-632.5
baseline_only,2025-12-10,-488.0,73691.5,-1120.5
baseline_only,2025-12-11,119.5,73811.0,-1001.0
baseline_only,2025-12-17,599.0,74410.0,-402.0
baseline_only,2025-12-18,-181.5,74228.5,-583.5
baseline_only,2025-12-22,-90.5,74138.0,-674.0
baseline_only,2025-12-23,-231.5,73906.5,-905.5
baseline_only,2025-12-26,-176.0,73730.5,-1081.5
baseline_only,2025-12-31,603.0,74333.5,-478.5
baseline_only,2026-01-05,-204.0,74129.5,-682.5
baseline_only,2026-01-06,232.0,74361.5,-450.5
baseline_only,2026-01-07,-231.5,74130.0,-682.0
baseline_only,2026-01-12,0.0,74130.0,-682.0
baseline_only,2026-01-15,182.5,74312.5,-499.5
baseline_only,2026-01-16,42.0,74354.5,-457.5
baseline_only,2026-01-21,0.0,74354.5,-457.5
baseline_only,2026-01-26,-29.5,74325.0,-487.0
baseline_only,2026-01-27,15.0,74340.0,-472.0
baseline_only,2026-01-28,374.0,74714.0,-98.0
pullback_m2k_mgc_only,2024-01-02,0.0,50000.0,0.0
pullback_m2k_mgc_only,2024-01-03,0.0,50000.0,0.0
pullback_m2k_mgc_only,2024-01-04,0.0,50000.0,0.0
pullback_m2k_mgc_only,2024-01-05,0.0,50000.0,0.0
pullback_m2k_mgc_only,2024-01-08,0.0,50000.0,0.0
pullback_m2k_mgc_only,2024-01-09,0.0,50000.0,0.0
pullback_m2k_mgc_only,2024-01-10,0.0,50000.0,0.0
pullback_m2k_mgc_only,2024-01-11,0.0,50000.0,0.0
pullback_m2k_mgc_only,2024-01-12,0.0,50000.0,0.0
pullback_m2k_mgc_only,2024-01-16,0.0,50000.0,0.0
pullback_m2k_mgc_only,2024-01-17,0.0,50000.0,0.0
pullback_m2k_mgc_only,2024-01-18,0.0,50000.0,0.0
pullback_m2k_mgc_only,2024-01-19,0.0,50000.0,0.0
pullback_m2k_mgc_only,2024-01-22,0.0,50000.0,0.0
pullback_m2k_mgc_only,2024-01-24,0.0,50000.0,0.0
pullback_m2k_mgc_only,2024-01-25,0.0,50000.0,0.0
pullback_m2k_mgc_only,2024-01-26,0.0,50000.0,0.0
pullback_m2k_mgc_only,2024-01-29,0.0,50000.0,0.0
pullback_m2k_mgc_only,2024-01-30,-4.124999999999659,49995.875,-4.125
pullback_m2k_mgc_only,2024-01-31,0.0,49995.875,-4.125
pullback_m2k_mgc_only,2024-02-01,0.0,49995.875,-4.125
pullback_m2k_mgc_only,2024-02-02,0.0,49995.875,-4.125
pullback_m2k_mgc_only,2024-02-05,0.0,49995.875,-4.125
pullback_m2k_mgc_only,2024-02-06,0.0,49995.875,-4.125
pullback_m2k_mgc_only,2024-02-07,0.0,49995.875,-4.125
pullback_m2k_mgc_only,2024-02-08,0.0,49995.875,-4.125
pullback_m2k_mgc_only,2024-02-09,0.0,49995.875,-4.125
pullback_m2k_mgc_only,2024-02-13,0.0,49995.875,-4.125
pullback_m2k_mgc_only,2024-02-14,0.0,49995.875,-4.125
pullback_m2k_mgc_only,2024-02-15,0.0,49995.875,-4.125
pullback_m2k_mgc_only,2024-02-16,0.0,49995.875,-4.125
pullback_m2k_mgc_only,2024-02-20,0.0,49995.875,-4.125
pullback_m2k_mgc_only,2024-02-21,0.0,49995.875,-4.125
pullback_m2k_mgc_only,2024-02-22,0.0,49995.875,-4.125
pullback_m2k_mgc_only,2024-02-23,0.0,49995.875,-4.125
pullback_m2k_mgc_only,2024-02-27,0.0,49995.875,-4.125
pullback_m2k_mgc_only,2024-02-29,0.0,49995.875,-4.125
pullback_m2k_mgc_only,2024-03-01,0.0,49995.875,-4.125
pullback_m2k_mgc_only,2024-03-04,0.0,49995.875,-4.125
pullback_m2k_mgc_only,2024-03-05,0.0,49995.875,-4.125
pullback_m2k_mgc_only,2024-03-06,0.0,49995.875,-4.125
pullback_m2k_mgc_only,2024-03-07,0.0,49995.875,-4.125
pullback_m2k_mgc_only,2024-03-08,57.32499999999959,50053.2,0.0
pullback_m2k_mgc_only,2024-03-11,0.0,50053.2,0.0
pullback_m2k_mgc_only,2024-03-12,0.0,50053.2,0.0
pullback_m2k_mgc_only,2024-03-13,0.0,50053.2,0.0
pullback_m2k_mgc_only,2024-03-14,0.0,50053.2,0.0
pullback_m2k_mgc_only,2024-03-18,0.0,50053.2,0.0
pullback_m2k_mgc_only,2024-03-19,0.0,50053.2,0.0
pullback_m2k_mgc_only,2024-03-20,-13.125,50040.075,-13.125
pullback_m2k_mgc_only,2024-03-21,-10.249999999998636,50029.825000000004,-23.374999999992724
pullback_m2k_mgc_only,2024-03-22,0.0,50029.825000000004,-23.374999999992724
pullback_m2k_mgc_only,2024-03-25,0.0,50029.825000000004,-23.374999999992724
pullback_m2k_mgc_only,2024-03-26,0.0,50029.825000000004,-23.374999999992724
pullback_m2k_mgc_only,2024-03-27,0.0,50029.825000000004,-23.374999999992724
pullback_m2k_mgc_only,2024-04-01,-9.937499999999773,50019.887500000004,-33.312499999992724
pullback_m2k_mgc_only,2024-04-02,-6.5625,50013.325000000004,-39.874999999992724
pullback_m2k_mgc_only,2024-04-03,0.0,50013.325000000004,-39.874999999992724
pullback_m2k_mgc_only,2024-04-05,0.0,50013.325000000004,-39.874999999992724
pullback_m2k_mgc_only,2024-04-08,0.0,50013.325000000004,-39.874999999992724
pullback_m2k_mgc_only,2024-04-09,0.0,50013.325000000004,-39.874999999992724
pullback_m2k_mgc_only,2024-04-10,0.0,50013.325000000004,-39.874999999992724
pullback_m2k_mgc_only,2024-04-11,0.0,50013.325000000004,-39.874999999992724
pullback_m2k_mgc_only,2024-04-12,0.0,50013.325000000004,-39.874999999992724
pullback_m2k_mgc_only,2024-04-15,-6.749999999999545,50006.575000000004,-46.624999999992724
pullback_m2k_mgc_only,2024-04-16,0.0,50006.575000000004,-46.624999999992724
pullback_m2k_mgc_only,2024-04-17,0.0,50006.575000000004,-46.624999999992724
pullback_m2k_mgc_only,2024-04-18,0.0,50006.575000000004,-46.624999999992724
pullback_m2k_mgc_only,2024-04-19,4.000000000000341,50010.575000000004,-42.624999999992724
pullback_m2k_mgc_only,2024-04-22,0.0,50010.575000000004,-42.624999999992724
pullback_m2k_mgc_only,2024-04-23,0.0,50010.575000000004,-42.624999999992724
pullback_m2k_mgc_only,2024-04-24,0.0,50010.575000000004,-42.624999999992724
pullback_m2k_mgc_only,2024-04-25,0.0,50010.575000000004,-42.624999999992724
pullback_m2k_mgc_only,2024-04-26,0.0,50010.575000000004,-42.624999999992724
pullback_m2k_mgc_only,2024-04-29,0.0,50010.575000000004,-42.624999999992724
pullback_m2k_mgc_only,2024-04-30,0.0,50010.575000000004,-42.624999999992724
pullback_m2k_mgc_only,2024-05-01,0.0,50010.575000000004,-42.624999999992724
pullback_m2k_mgc_only,2024-05-02,0.0,50010.575000000004,-42.624999999992724
pullback_m2k_mgc_only,2024-05-06,0.0,50010.575000000004,-42.624999999992724
pullback_m2k_mgc_only,2024-05-08,0.0,50010.575000000004,-42.624999999992724
pullback_m2k_mgc_only,2024-05-09,0.0,50010.575000000004,-42.624999999992724
pullback_m2k_mgc_only,2024-05-10,0.0,50010.575000000004,-42.624999999992724
pullback_m2k_mgc_only,2024-05-14,0.0,50010.575000000004,-42.624999999992724
pullback_m2k_mgc_only,2024-05-15,9.00000000000091,50019.575000000004,-33.624999999992724
pullback_m2k_mgc_only,2024-05-21,0.0,50019.575000000004,-33.624999999992724
pullback_m2k_mgc_only,2024-05-23,-3.187500000000228,50016.387500000004,-36.812499999992724
pullback_m2k_mgc_only,2024-05-24,0.0,50016.387500000004,-36.812499999992724
pullback_m2k_mgc_only,2024-05-29,0.0,50016.387500000004,-36.812499999992724
pullback_m2k_mgc_only,2024-05-30,0.0,50016.387500000004,-36.812499999992724
pullback_m2k_mgc_only,2024-05-31,0.0,50016.387500000004,-36.812499999992724
pullback_m2k_mgc_only,2024-06-03,0.0,50016.387500000004,-36.812499999992724
pullback_m2k_mgc_only,2024-06-04,0.0,50016.387500000004,-36.812499999992724
pullback_m2k_mgc_only,2024-06-05,0.0,50016.387500000004,-36.812499999992724
pullback_m2k_mgc_only,2024-06-07,0.0,50016.387500000004,-36.812499999992724
pullback_m2k_mgc_only,2024-06-10,0.0,50016.387500000004,-36.812499999992724
pullback_m2k_mgc_only,2024-06-11,0.0,50016.387500000004,-36.812499999992724
pullback_m2k_mgc_only,2024-06-12,0.0,50016.387500000004,-36.812499999992724
pullback_m2k_mgc_only,2024-06-13,0.0,50016.387500000004,-36.812499999992724
pullback_m2k_mgc_only,2024-06-17,0.0,50016.387500000004,-36.812499999992724
pullback_m2k_mgc_only,2024-06-18,0.0,50016.387500000004,-36.812499999992724
pullback_m2k_mgc_only,2024-06-20,0.0,50016.387500000004,-36.812499999992724
pullback_m2k_mgc_only,2024-06-24,0.0,50016.387500000004,-36.812499999992724
pullback_m2k_mgc_only,2024-06-25,0.0,50016.387500000004,-36.812499999992724
pullback_m2k_mgc_only,2024-06-26,0.0,50016.387500000004,-36.812499999992724
pullback_m2k_mgc_only,2024-06-27,0.0,50016.387500000004,-36.812499999992724
pullback_m2k_mgc_only,2024-06-28,0.0,50016.387500000004,-36.812499999992724
pullback_m2k_mgc_only,2024-07-01,0.0,50016.387500000004,-36.812499999992724
pullback_m2k_mgc_only,2024-07-02,0.0,50016.387500000004,-36.812499999992724
pullback_m2k_mgc_only,2024-07-03,0.0,50016.387500000004,-36.812499999992724
pullback_m2k_mgc_only,2024-07-05,0.0,50016.387500000004,-36.812499999992724
pullback_m2k_mgc_only,2024-07-08,23.25000000000045,50039.637500000004,-13.562499999992724
pullback_m2k_mgc_only,2024-07-09,0.0,50039.637500000004,-13.562499999992724
pullback_m2k_mgc_only,2024-07-10,0.0,50039.637500000004,-13.562499999992724
pullback_m2k_mgc_only,2024-07-11,0.0,50039.637500000004,-13.562499999992724
pullback_m2k_mgc_only,2024-07-12,14.750000000000227,50054.387500000004,0.0
pullback_m2k_mgc_only,2024-07-15,0.0,50054.387500000004,0.0
pullback_m2k_mgc_only,2024-07-16,0.0,50054.387500000004,0.0
pullback_m2k_mgc_only,2024-07-17,0.0,50054.387500000004,0.0
pullback_m2k_mgc_only,2024-07-18,0.0,50054.387500000004,0.0
pullback_m2k_mgc_only,2024-07-19,0.0,50054.387500000004,0.0
pullback_m2k_mgc_only,2024-07-22,0.0,50054.387500000004,0.0
pullback_m2k_mgc_only,2024-07-23,0.0,50054.387500000004,0.0
pullback_m2k_mgc_only,2024-07-24,0.0,50054.387500000004,0.0
pullback_m2k_mgc_only,2024-07-30,0.0,50054.387500000004,0.0
pullback_m2k_mgc_only,2024-08-07,0.0,50054.387500000004,0.0
pullback_m2k_mgc_only,2024-08-12,0.0,50054.387500000004,0.0
pullback_m2k_mgc_only,2024-08-13,0.0,50054.387500000004,0.0
pullback_m2k_mgc_only,2024-08-14,0.0,50054.387500000004,0.0
pullback_m2k_mgc_only,2024-08-15,0.0,50054.387500000004,0.0
pullback_m2k_mgc_only,2024-08-16,0.0,50054.387500000004,0.0
pullback_m2k_mgc_only,2024-08-19,0.0,50054.387500000004,0.0
pullback_m2k_mgc_only,2024-08-20,0.0,50054.387500000004,0.0
pullback_m2k_mgc_only,2024-08-21,0.0,50054.387500000004,0.0
pullback_m2k_mgc_only,2024-08-22,0.0,50054.387500000004,0.0
pullback_m2k_mgc_only,2024-08-23,0.7500000000004547,50055.137500000004,0.0
pullback_m2k_mgc_only,2024-08-26,0.0,50055.137500000004,0.0
pullback_m2k_mgc_only,2024-08-27,0.0,50055.137500000004,0.0
pullback_m2k_mgc_only,2024-08-28,0.0,50055.137500000004,0.0
pullback_m2k_mgc_only,2024-08-30,0.0,50055.137500000004,0.0
pullback_m2k_mgc_only,2024-09-09,0.0,50055.137500000004,0.0
pullback_m2k_mgc_only,2024-09-13,0.0,50055.137500000004,0.0
pullback_m2k_mgc_only,2024-09-16,0.0,50055.137500000004,0.0
pullback_m2k_mgc_only,2024-09-17,0.0,50055.137500000004,0.0
pullback_m2k_mgc_only,2024-09-18,0.0,50055.137500000004,0.0
pullback_m2k_mgc_only,2024-09-19,0.0,50055.137500000004,0.0
pullback_m2k_mgc_only,2024-09-23,0.0,50055.137500000004,0.0
pullback_m2k_mgc_only,2024-09-24,0.0,50055.137500000004,0.0
pullback_m2k_mgc_only,2024-09-25,-17.624999999999318,50037.512500000004,-17.625
pullback_m2k_mgc_only,2024-09-26,0.0,50037.512500000004,-17.625
pullback_m2k_mgc_only,2024-09-27,0.0,50037.512500000004,-17.625
pullback_m2k_mgc_only,2024-09-30,0.0,50037.512500000004,-17.625
pullback_m2k_mgc_only,2024-10-02,0.0,50037.512500000004,-17.625
pullback_m2k_mgc_only,2024-10-03,0.0,50037.512500000004,-17.625
pullback_m2k_mgc_only,2024-10-07,0.0,50037.512500000004,-17.625
pullback_m2k_mgc_only,2024-10-08,0.0,50037.512500000004,-17.625
pullback_m2k_mgc_only,2024-10-09,0.0,50037.512500000004,-17.625
pullback_m2k_mgc_only,2024-10-10,0.0,50037.512500000004,-17.625
pullback_m2k_mgc_only,2024-10-11,0.0,50037.512500000004,-17.625
pullback_m2k_mgc_only,2024-10-14,0.0,50037.512500000004,-17.625
pullback_m2k_mgc_only,2024-10-15,0.0,50037.512500000004,-17.625
pullback_m2k_mgc_only,2024-10-18,0.0,50037.512500000004,-17.625
pullback_m2k_mgc_only,2024-10-21,0.0,50037.512500000004,-17.625
pullback_m2k_mgc_only,2024-10-22,0.0,50037.512500000004,-17.625
pullback_m2k_mgc_only,2024-10-23,0.0,50037.512500000004,-17.625
pullback_m2k_mgc_only,2024-10-24,0.0,50037.512500000004,-17.625
pullback_m2k_mgc_only,2024-10-25,0.0,50037.512500000004,-17.625
pullback_m2k_mgc_only,2024-10-28,0.0,50037.512500000004,-17.625
pullback_m2k_mgc_only,2024-10-29,0.0,50037.512500000004,-17.625
pullback_m2k_mgc_only,2024-10-30,0.0,50037.512500000004,-17.625
pullback_m2k_mgc_only,2024-10-31,0.0,50037.512500000004,-17.625
pullback_m2k_mgc_only,2024-11-01,0.0,50037.512500000004,-17.625
pullback_m2k_mgc_only,2024-11-04,0.0,50037.512500000004,-17.625
pullback_m2k_mgc_only,2024-11-05,0.0,50037.512500000004,-17.625
pullback_m2k_mgc_only,2024-11-06,-9.74999999999909,50027.762500000004,-27.375
pullback_m2k_mgc_only,2024-11-07,0.0,50027.762500000004,-27.375
pullback_m2k_mgc_only,2024-11-08,0.0,50027.762500000004,-27.375
pullback_m2k_mgc_only,2024-11-11,0.0,50027.762500000004,-27.375
pullback_m2k_mgc_only,2024-11-12,0.0,50027.762500000004,-27.375
pullback_m2k_mgc_only,2024-11-13,0.0,50027.762500000004,-27.375
pullback_m2k_mgc_only,2024-11-14,0.0,50027.762500000004,-27.375
pullback_m2k_mgc_only,2024-11-15,0.0,50027.762500000004,-27.375
pullback_m2k_mgc_only,2024-11-18,0.0,50027.762500000004,-27.375
pullback_m2k_mgc_only,2024-11-19,0.0,50027.762500000004,-27.375
pullback_m2k_mgc_only,2024-11-20,0.0,50027.762500000004,-27.375
pullback_m2k_mgc_only,2024-11-26,0.0,50027.762500000004,-27.375
pullback_m2k_mgc_only,2024-11-27,0.0,50027.762500000004,-27.375
pullback_m2k_mgc_only,2024-11-29,0.0,50027.762500000004,-27.375
pullback_m2k_mgc_only,2024-12-02,0.0,50027.762500000004,-27.375
pullback_m2k_mgc_only,2024-12-03,0.0,50027.762500000004,-27.375
pullback_m2k_mgc_only,2024-12-04,0.0,50027.762500000004,-27.375
pullback_m2k_mgc_only,2024-12-06,0.0,50027.762500000004,-27.375
pullback_m2k_mgc_only,2024-12-09,0.0,50027.762500000004,-27.375
pullback_m2k_mgc_only,2024-12-10,0.0,50027.762500000004,-27.375
pullback_m2k_mgc_only,2024-12-11,0.0,50027.762500000004,-27.375
pullback_m2k_mgc_only,2024-12-12,0.0,50027.762500000004,-27.375
pullback_m2k_mgc_only,2024-12-13,0.0,50027.762500000004,-27.375
pullback_m2k_mgc_only,2024-12-16,0.0,50027.762500000004,-27.375
pullback_m2k_mgc_only,2024-12-17,0.0,50027.762500000004,-27.375
pullback_m2k_mgc_only,2024-12-18,0.0,50027.762500000004,-27.375
pullback_m2k_mgc_only,2024-12-24,0.0,50027.762500000004,-27.375
pullback_m2k_mgc_only,2024-12-26,0.0,50027.762500000004,-27.375
pullback_m2k_mgc_only,2024-12-31,0.0,50027.762500000004,-27.375
pullback_m2k_mgc_only,2025-01-06,-24.249999999999545,50003.512500000004,-51.625
pullback_m2k_mgc_only,2025-01-14,0.0,50003.512500000004,-51.625
pullback_m2k_mgc_only,2025-01-15,77.75000000000091,50081.262500000004,0.0
pullback_m2k_mgc_only,2025-01-16,0.0,50081.262500000004,0.0
pullback_m2k_mgc_only,2025-01-22,0.0,50081.262500000004,0.0
pullback_m2k_mgc_only,2025-01-23,0.0,50081.262500000004,0.0
pullback_m2k_mgc_only,2025-01-24,0.0,50081.262500000004,0.0
pullback_m2k_mgc_only,2025-01-29,0.0,50081.262500000004,0.0
pullback_m2k_mgc_only,2025-01-31,0.0,50081.262500000004,0.0
pullback_m2k_mgc_only,2025-02-04,0.0,50081.262500000004,0.0
pullback_m2k_mgc_only,2025-02-05,0.0,50081.262500000004,0.0
pullback_m2k_mgc_only,2025-02-06,0.0,50081.262500000004,0.0
pullback_m2k_mgc_only,2025-02-07,0.0,50081.262500000004,0.0
pullback_m2k_mgc_only,2025-02-10,0.0,50081.262500000004,0.0
pullback_m2k_mgc_only,2025-02-11,0.0,50081.262500000004,0.0
pullback_m2k_mgc_only,2025-02-12,0.0,50081.262500000004,0.0
pullback_m2k_mgc_only,2025-02-13,0.0,50081.262500000004,0.0
pullback_m2k_mgc_only,2025-02-14,0.0,50081.262500000004,0.0
pullback_m2k_mgc_only,2025-02-18,0.0,50081.262500000004,0.0
pullback_m2k_mgc_only,2025-02-19,0.0,50081.262500000004,0.0
pullback_m2k_mgc_only,2025-02-20,0.0,50081.262500000004,0.0
pullback_m2k_mgc_only,2025-02-21,0.0,50081.262500000004,0.0
pullback_m2k_mgc_only,2025-03-13,0.0,50081.262500000004,0.0
pullback_m2k_mgc_only,2025-03-14,0.0,50081.262500000004,0.0
pullback_m2k_mgc_only,2025-03-17,0.0,50081.262500000004,0.0
pullback_m2k_mgc_only,2025-03-19,0.0,50081.262500000004,0.0
pullback_m2k_mgc_only,2025-03-20,0.0,50081.262500000004,0.0
pullback_m2k_mgc_only,2025-03-24,0.0,50081.262500000004,0.0
pullback_m2k_mgc_only,2025-03-25,0.0,50081.262500000004,0.0
pullback_m2k_mgc_only,2025-03-26,0.0,50081.262500000004,0.0
pullback_m2k_mgc_only,2025-03-31,0.0,50081.262500000004,0.0
pullback_m2k_mgc_only,2025-04-14,0.0,50081.262500000004,0.0
pullback_m2k_mgc_only,2025-04-16,0.0,50081.262500000004,0.0
pullback_m2k_mgc_only,2025-04-22,0.0,50081.262500000004,0.0
pullback_m2k_mgc_only,2025-04-24,0.0,50081.262500000004,0.0
pullback_m2k_mgc_only,2025-05-01,0.0,50081.262500000004,0.0
pullback_m2k_mgc_only,2025-05-05,0.0,50081.262500000004,0.0
pullback_m2k_mgc_only,2025-05-06,0.0,50081.262500000004,0.0
pullback_m2k_mgc_only,2025-05-07,0.0,50081.262500000004,0.0
pullback_m2k_mgc_only,2025-05-08,-34.249999999999545,50047.012500000004,-34.25
pullback_m2k_mgc_only,2025-05-09,0.0,50047.012500000004,-34.25
pullback_m2k_mgc_only,2025-05-12,0.0,50047.012500000004,-34.25
pullback_m2k_mgc_only,2025-05-13,0.0,50047.012500000004,-34.25
pullback_m2k_mgc_only,2025-05-14,0.0,50047.012500000004,-34.25
pullback_m2k_mgc_only,2025-05-15,0.0,50047.012500000004,-34.25
pullback_m2k_mgc_only,2025-05-16,0.0,50047.012500000004,-34.25
pullback_m2k_mgc_only,2025-05-19,0.0,50047.012500000004,-34.25
pullback_m2k_mgc_only,2025-05-20,0.0,50047.012500000004,-34.25
pullback_m2k_mgc_only,2025-05-21,-16.875,50030.137500000004,-51.125
pullback_m2k_mgc_only,2025-05-27,0.0,50030.137500000004,-51.125
pullback_m2k_mgc_only,2025-05-28,0.0,50030.137500000004,-51.125
pullback_m2k_mgc_only,2025-05-30,0.0,50030.137500000004,-51.125
pullback_m2k_mgc_only,2025-06-03,0.0,50030.137500000004,-51.125
pullback_m2k_mgc_only,2025-06-04,0.0,50030.137500000004,-51.125
pullback_m2k_mgc_only,2025-06-06,0.0,50030.137500000004,-51.125
pullback_m2k_mgc_only,2025-06-09,0.0,50030.137500000004,-51.125
pullback_m2k_mgc_only,2025-06-10,0.0,50030.137500000004,-51.125
pullback_m2k_mgc_only,2025-06-11,0.0,50030.137500000004,-51.125
pullback_m2k_mgc_only,2025-06-12,0.0,50030.137500000004,-51.125
pullback_m2k_mgc_only,2025-06-13,0.0,50030.137500000004,-51.125
pullback_m2k_mgc_only,2025-06-16,0.0,50030.137500000004,-51.125
pullback_m2k_mgc_only,2025-06-17,0.0,50030.137500000004,-51.125
pullback_m2k_mgc_only,2025-06-18,0.0,50030.137500000004,-51.125
pullback_m2k_mgc_only,2025-06-23,0.0,50030.137500000004,-51.125
pullback_m2k_mgc_only,2025-06-24,0.0,50030.137500000004,-51.125
pullback_m2k_mgc_only,2025-06-25,0.0,50030.137500000004,-51.125
pullback_m2k_mgc_only,2025-06-26,0.0,50030.137500000004,-51.125
pullback_m2k_mgc_only,2025-06-27,0.0,50030.137500000004,-51.125
pullback_m2k_mgc_only,2025-07-01,0.0,50030.137500000004,-51.125
pullback_m2k_mgc_only,2025-07-02,0.0,50030.137500000004,-51.125
pullback_m2k_mgc_only,2025-07-03,0.0,50030.137500000004,-51.125
pullback_m2k_mgc_only,2025-07-07,0.0,50030.137500000004,-51.125
pullback_m2k_mgc_only,2025-07-08,-13.749999999997726,50016.38750000001,-64.87499999999272
pullback_m2k_mgc_only,2025-07-09,0.0,50016.38750000001,-64.87499999999272
pullback_m2k_mgc_only,2025-07-10,0.0,50016.38750000001,-64.87499999999272
pullback_m2k_mgc_only,2025-07-11,0.0,50016.38750000001,-64.87499999999272
pullback_m2k_mgc_only,2025-07-14,0.0,50016.38750000001,-64.87499999999272
pullback_m2k_mgc_only,2025-07-15,0.0,50016.38750000001,-64.87499999999272
pullback_m2k_mgc_only,2025-07-16,137.5,50153.88750000001,0.0
pullback_m2k_mgc_only,2025-07-17,0.0,50153.88750000001,0.0
pullback_m2k_mgc_only,2025-07-18,0.0,50153.88750000001,0.0
pullback_m2k_mgc_only,2025-07-21,0.0,50153.88750000001,0.0
pullback_m2k_mgc_only,2025-07-23,0.0,50153.88750000001,0.0
pullback_m2k_mgc_only,2025-07-24,0.0,50153.88750000001,0.0
pullback_m2k_mgc_only,2025-07-25,0.0,50153.88750000001,0.0
pullback_m2k_mgc_only,2025-07-29,0.0,50153.88750000001,0.0
pullback_m2k_mgc_only,2025-07-31,0.0,50153.88750000001,0.0
pullback_m2k_mgc_only,2025-08-04,0.0,50153.88750000001,0.0
pullback_m2k_mgc_only,2025-08-05,0.0,50153.88750000001,0.0
pullback_m2k_mgc_only,2025-08-07,0.0,50153.88750000001,0.0
pullback_m2k_mgc_only,2025-08-08,0.0,50153.88750000001,0.0
pullback_m2k_mgc_only,2025-08-11,0.0,50153.88750000001,0.0
pullback_m2k_mgc_only,2025-08-13,0.0,50153.88750000001,0.0
pullback_m2k_mgc_only,2025-08-14,0.0,50153.88750000001,0.0
pullback_m2k_mgc_only,2025-08-15,0.0,50153.88750000001,0.0
pullback_m2k_mgc_only,2025-08-18,0.0,50153.88750000001,0.0
pullback_m2k_mgc_only,2025-08-19,0.0,50153.88750000001,0.0
pullback_m2k_mgc_only,2025-08-25,0.0,50153.88750000001,0.0
pullback_m2k_mgc_only,2025-08-26,0.0,50153.88750000001,0.0
pullback_m2k_mgc_only,2025-08-27,0.0,50153.88750000001,0.0
pullback_m2k_mgc_only,2025-08-28,0.0,50153.88750000001,0.0
pullback_m2k_mgc_only,2025-08-29,0.0,50153.88750000001,0.0
pullback_m2k_mgc_only,2025-09-03,0.0,50153.88750000001,0.0
pullback_m2k_mgc_only,2025-09-04,8.250000000000455,50162.13750000001,0.0
pullback_m2k_mgc_only,2025-09-08,0.0,50162.13750000001,0.0
pullback_m2k_mgc_only,2025-09-09,0.0,50162.13750000001,0.0
pullback_m2k_mgc_only,2025-09-11,0.0,50162.13750000001,0.0
pullback_m2k_mgc_only,2025-09-12,0.0,50162.13750000001,0.0
pullback_m2k_mgc_only,2025-09-17,0.0,50162.13750000001,0.0
pullback_m2k_mgc_only,2025-09-18,0.0,50162.13750000001,0.0
pullback_m2k_mgc_only,2025-09-22,0.0,50162.13750000001,0.0
pullback_m2k_mgc_only,2025-09-24,0.0,50162.13750000001,0.0
pullback_m2k_mgc_only,2025-09-25,0.0,50162.13750000001,0.0
pullback_m2k_mgc_only,2025-09-26,0.0,50162.13750000001,0.0
pullback_m2k_mgc_only,2025-09-29,0.0,50162.13750000001,0.0
pullback_m2k_mgc_only,2025-09-30,0.0,50162.13750000001,0.0
pullback_m2k_mgc_only,2025-10-01,0.0,50162.13750000001,0.0
pullback_m2k_mgc_only,2025-10-02,0.0,50162.13750000001,0.0
pullback_m2k_mgc_only,2025-10-03,0.0,50162.13750000001,0.0
pullback_m2k_mgc_only,2025-10-07,0.0,50162.13750000001,0.0
pullback_m2k_mgc_only,2025-10-08,0.0,50162.13750000001,0.0
pullback_m2k_mgc_only,2025-10-09,0.0,50162.13750000001,0.0
pullback_m2k_mgc_only,2025-10-10,0.0,50162.13750000001,0.0
pullback_m2k_mgc_only,2025-10-14,0.0,50162.13750000001,0.0
pullback_m2k_mgc_only,2025-10-20,0.0,50162.13750000001,0.0
pullback_m2k_mgc_only,2025-10-21,0.0,50162.13750000001,0.0
pullback_m2k_mgc_only,2025-10-22,0.0,50162.13750000001,0.0
pullback_m2k_mgc_only,2025-10-23,0.0,50162.13750000001,0.0
pullback_m2k_mgc_only,2025-10-27,0.0,50162.13750000001,0.0
pullback_m2k_mgc_only,2025-10-28,0.0,50162.13750000001,0.0
pullback_m2k_mgc_only,2025-10-29,0.0,50162.13750000001,0.0
pullback_m2k_mgc_only,2025-10-30,0.0,50162.13750000001,0.0
pullback_m2k_mgc_only,2025-10-31,0.0,50162.13750000001,0.0
pullback_m2k_mgc_only,2025-11-03,0.0,50162.13750000001,0.0
pullback_m2k_mgc_only,2025-11-04,0.0,50162.13750000001,0.0
pullback_m2k_mgc_only,2025-11-10,0.0,50162.13750000001,0.0
pullback_m2k_mgc_only,2025-11-11,83.24999999999363,50245.387500000004,0.0
pullback_m2k_mgc_only,2025-11-12,0.0,50245.387500000004,0.0
pullback_m2k_mgc_only,2025-11-17,0.0,50245.387500000004,0.0
pullback_m2k_mgc_only,2025-11-25,0.0,50245.387500000004,0.0
pullback_m2k_mgc_only,2025-11-28,0.0,50245.387500000004,0.0
pullback_m2k_mgc_only,2025-12-01,0.0,50245.387500000004,0.0
pullback_m2k_mgc_only,2025-12-02,0.0,50245.387500000004,0.0
pullback_m2k_mgc_only,2025-12-04,0.0,50245.387500000004,0.0
pullback_m2k_mgc_only,2025-12-05,0.0,50245.387500000004,0.0
pullback_m2k_mgc_only,2025-12-08,0.0,50245.387500000004,0.0
pullback_m2k_mgc_only,2025-12-09,0.0,50245.387500000004,0.0
pullback_m2k_mgc_only,2025-12-10,0.0,50245.387500000004,0.0
pullback_m2k_mgc_only,2025-12-11,-14.0625,50231.325000000004,-14.0625
pullback_m2k_mgc_only,2025-12-17,0.0,50231.325000000004,-14.0625
pullback_m2k_mgc_only,2025-12-18,0.0,50231.325000000004,-14.0625
pullback_m2k_mgc_only,2025-12-22,0.0,50231.325000000004,-14.0625
pullback_m2k_mgc_only,2025-12-23,0.0,50231.325000000004,-14.0625
pullback_m2k_mgc_only,2025-12-26,0.0,50231.325000000004,-14.0625
pullback_m2k_mgc_only,2025-12-31,0.0,50231.325000000004,-14.0625
pullback_m2k_mgc_only,2026-01-05,0.0,50231.325000000004,-14.0625
pullback_m2k_mgc_only,2026-01-06,-17.999999999999545,50213.325000000004,-32.0625
pullback_m2k_mgc_only,2026-01-07,0.0,50213.325000000004,-32.0625
pullback_m2k_mgc_only,2026-01-12,0.0,50213.325000000004,-32.0625
pullback_m2k_mgc_only,2026-01-15,0.0,50213.325000000004,-32.0625
pullback_m2k_mgc_only,2026-01-16,0.0,50213.325000000004,-32.0625
pullback_m2k_mgc_only,2026-01-21,0.0,50213.325000000004,-32.0625
pullback_m2k_mgc_only,2026-01-26,0.0,50213.325000000004,-32.0625
pullback_m2k_mgc_only,2026-01-27,0.0,50213.325000000004,-32.0625
pullback_m2k_mgc_only,2026-01-28,0.0,50213.325000000004,-32.0625
pullback_m2k_only,2024-01-02,0.0,50000.0,0.0
pullback_m2k_only,2024-01-03,0.0,50000.0,0.0
pullback_m2k_only,2024-01-04,0.0,50000.0,0.0
pullback_m2k_only,2024-01-05,0.0,50000.0,0.0
pullback_m2k_only,2024-01-08,0.0,50000.0,0.0
pullback_m2k_only,2024-01-09,0.0,50000.0,0.0
pullback_m2k_only,2024-01-10,0.0,50000.0,0.0
pullback_m2k_only,2024-01-11,0.0,50000.0,0.0
pullback_m2k_only,2024-01-12,0.0,50000.0,0.0
pullback_m2k_only,2024-01-16,0.0,50000.0,0.0
pullback_m2k_only,2024-01-17,0.0,50000.0,0.0
pullback_m2k_only,2024-01-18,0.0,50000.0,0.0
pullback_m2k_only,2024-01-19,0.0,50000.0,0.0
pullback_m2k_only,2024-01-22,0.0,50000.0,0.0
pullback_m2k_only,2024-01-24,0.0,50000.0,0.0
pullback_m2k_only,2024-01-25,0.0,50000.0,0.0
pullback_m2k_only,2024-01-26,0.0,50000.0,0.0
pullback_m2k_only,2024-01-29,0.0,50000.0,0.0
pullback_m2k_only,2024-01-30,-8.249999999999318,49991.75,-8.25
pullback_m2k_only,2024-01-31,0.0,49991.75,-8.25
pullback_m2k_only,2024-02-01,0.0,49991.75,-8.25
pullback_m2k_only,2024-02-02,0.0,49991.75,-8.25
pullback_m2k_only,2024-02-05,0.0,49991.75,-8.25
pullback_m2k_only,2024-02-06,0.0,49991.75,-8.25
pullback_m2k_only,2024-02-07,0.0,49991.75,-8.25
pullback_m2k_only,2024-02-08,0.0,49991.75,-8.25
pullback_m2k_only,2024-02-09,0.0,49991.75,-8.25
pullback_m2k_only,2024-02-13,0.0,49991.75,-8.25
pullback_m2k_only,2024-02-14,0.0,49991.75,-8.25
pullback_m2k_only,2024-02-15,0.0,49991.75,-8.25
pullback_m2k_only,2024-02-16,0.0,49991.75,-8.25
pullback_m2k_only,2024-02-20,0.0,49991.75,-8.25
pullback_m2k_only,2024-02-21,0.0,49991.75,-8.25
pullback_m2k_only,2024-02-22,0.0,49991.75,-8.25
pullback_m2k_only,2024-02-23,0.0,49991.75,-8.25
pullback_m2k_only,2024-02-27,0.0,49991.75,-8.25
pullback_m2k_only,2024-02-29,0.0,49991.75,-8.25
pullback_m2k_only,2024-03-01,0.0,49991.75,-8.25
pullback_m2k_only,2024-03-04,0.0,49991.75,-8.25
pullback_m2k_only,2024-03-05,0.0,49991.75,-8.25
pullback_m2k_only,2024-03-06,0.0,49991.75,-8.25
pullback_m2k_only,2024-03-07,0.0,49991.75,-8.25
pullback_m2k_only,2024-03-08,114.64999999999918,50106.4,0.0
pullback_m2k_only,2024-03-11,0.0,50106.4,0.0
pullback_m2k_only,2024-03-12,0.0,50106.4,0.0
pullback_m2k_only,2024-03-13,0.0,50106.4,0.0
pullback_m2k_only,2024-03-14,0.0,50106.4,0.0
pullback_m2k_only,2024-03-18,0.0,50106.4,0.0
pullback_m2k_only,2024-03-19,0.0,50106.4,0.0
pullback_m2k_only,2024-03-20,-26.25,50080.15,-26.25
pullback_m2k_only,2024-03-21,0.0,50080.15,-26.25
pullback_m2k_only,2024-03-22,0.0,50080.15,-26.25
pullback_m2k_only,2024-03-25,0.0,50080.15,-26.25
pullback_m2k_only,2024-03-26,0.0,50080.15,-26.25
pullback_m2k_only,2024-03-27,0.0,50080.15,-26.25
pullback_m2k_only,2024-04-01,-19.874999999999545,50060.275,-46.125
pullback_m2k_only,2024-04-02,-13.125,50047.15,-59.25
pullback_m2k_only,2024-04-03,0.0,50047.15,-59.25
pullback_m2k_only,2024-04-05,0.0,50047.15,-59.25
pullback_m2k_only,2024-04-08,0.0,50047.15,-59.25
pullback_m2k_only,2024-04-09,0.0,50047.15,-59.25
pullback_m2k_only,2024-04-10,0.0,50047.15,-59.25
pullback_m2k_only,2024-04-11,0.0,50047.15,-59.25
pullback_m2k_only,2024-04-12,0.0,50047.15,-59.25
pullback_m2k_only,2024-04-15,-13.49999999999909,50033.65,-72.75
pullback_m2k_only,2024-04-16,0.0,50033.65,-72.75
pullback_m2k_only,2024-04-17,0.0,50033.65,-72.75
pullback_m2k_only,2024-04-18,0.0,50033.65,-72.75
pullback_m2k_only,2024-04-19,8.000000000000682,50041.65,-64.75
pullback_m2k_only,2024-04-22,0.0,50041.65,-64.75
pullback_m2k_only,2024-04-23,0.0,50041.65,-64.75
pullback_m2k_only,2024-04-24,0.0,50041.65,-64.75
pullback_m2k_only,2024-04-25,0.0,50041.65,-64.75
pullback_m2k_only,2024-04-26,0.0,50041.65,-64.75
pullback_m2k_only,2024-04-29,0.0,50041.65,-64.75
pullback_m2k_only,2024-04-30,0.0,50041.65,-64.75
pullback_m2k_only,2024-05-01,0.0,50041.65,-64.75
pullback_m2k_only,2024-05-02,0.0,50041.65,-64.75
pullback_m2k_only,2024-05-06,0.0,50041.65,-64.75
pullback_m2k_only,2024-05-08,0.0,50041.65,-64.75
pullback_m2k_only,2024-05-09,0.0,50041.65,-64.75
pullback_m2k_only,2024-05-10,0.0,50041.65,-64.75
pullback_m2k_only,2024-05-14,0.0,50041.65,-64.75
pullback_m2k_only,2024-05-15,18.00000000000182,50059.65,-46.75
pullback_m2k_only,2024-05-21,0.0,50059.65,-46.75
pullback_m2k_only,2024-05-23,-6.375000000000455,50053.275,-53.125
pullback_m2k_only,2024-05-24,0.0,50053.275,-53.125
pullback_m2k_only,2024-05-29,0.0,50053.275,-53.125
pullback_m2k_only,2024-05-30,0.0,50053.275,-53.125
pullback_m2k_only,2024-05-31,0.0,50053.275,-53.125
pullback_m2k_only,2024-06-03,0.0,50053.275,-53.125
pullback_m2k_only,2024-06-04,0.0,50053.275,-53.125
pullback_m2k_only,2024-06-05,0.0,50053.275,-53.125
pullback_m2k_only,2024-06-07,0.0,50053.275,-53.125
pullback_m2k_only,2024-06-10,0.0,50053.275,-53.125
pullback_m2k_only,2024-06-11,0.0,50053.275,-53.125
pullback_m2k_only,2024-06-12,0.0,50053.275,-53.125
pullback_m2k_only,2024-06-13,0.0,50053.275,-53.125
pullback_m2k_only,2024-06-17,0.0,50053.275,-53.125
pullback_m2k_only,2024-06-18,0.0,50053.275,-53.125
pullback_m2k_only,2024-06-20,0.0,50053.275,-53.125
pullback_m2k_only,2024-06-24,0.0,50053.275,-53.125
pullback_m2k_only,2024-06-25,0.0,50053.275,-53.125
pullback_m2k_only,2024-06-26,0.0,50053.275,-53.125
pullback_m2k_only,2024-06-27,0.0,50053.275,-53.125
pullback_m2k_only,2024-06-28,0.0,50053.275,-53.125
pullback_m2k_only,2024-07-01,0.0,50053.275,-53.125
pullback_m2k_only,2024-07-02,0.0,50053.275,-53.125
pullback_m2k_only,2024-07-03,0.0,50053.275,-53.125
pullback_m2k_only,2024-07-05,0.0,50053.275,-53.125
pullback_m2k_only,2024-07-08,0.0,50053.275,-53.125
pullback_m2k_only,2024-07-09,0.0,50053.275,-53.125
pullback_m2k_only,2024-07-10,0.0,50053.275,-53.125
pullback_m2k_only,2024-07-11,0.0,50053.275,-53.125
pullback_m2k_only,2024-07-12,29.50000000000045,50082.775,-23.625
pullback_m2k_only,2024-07-15,0.0,50082.775,-23.625
pullback_m2k_only,2024-07-16,0.0,50082.775,-23.625
pullback_m2k_only,2024-07-17,0.0,50082.775,-23.625
pullback_m2k_only,2024-07-18,0.0,50082.775,-23.625
pullback_m2k_only,2024-07-19,0.0,50082.775,-23.625
pullback_m2k_only,2024-07-22,0.0,50082.775,-23.625
pullback_m2k_only,2024-07-23,0.0,50082.775,-23.625
pullback_m2k_only,2024-07-24,0.0,50082.775,-23.625
pullback_m2k_only,2024-07-30,0.0,50082.775,-23.625
pullback_m2k_only,2024-08-07,0.0,50082.775,-23.625
pullback_m2k_only,2024-08-12,0.0,50082.775,-23.625
pullback_m2k_only,2024-08-13,0.0,50082.775,-23.625
pullback_m2k_only,2024-08-14,0.0,50082.775,-23.625
pullback_m2k_only,2024-08-15,0.0,50082.775,-23.625
pullback_m2k_only,2024-08-16,0.0,50082.775,-23.625
pullback_m2k_only,2024-08-19,0.0,50082.775,-23.625
pullback_m2k_only,2024-08-20,0.0,50082.775,-23.625
pullback_m2k_only,2024-08-21,0.0,50082.775,-23.625
pullback_m2k_only,2024-08-22,0.0,50082.775,-23.625
pullback_m2k_only,2024-08-23,1.5000000000009095,50084.275,-22.125
pullback_m2k_only,2024-08-26,0.0,50084.275,-22.125
pullback_m2k_only,2024-08-27,0.0,50084.275,-22.125
pullback_m2k_only,2024-08-28,0.0,50084.275,-22.125
pullback_m2k_only,2024-08-30,0.0,50084.275,-22.125
pullback_m2k_only,2024-09-09,0.0,50084.275,-22.125
pullback_m2k_only,2024-09-13,0.0,50084.275,-22.125
pullback_m2k_only,2024-09-16,0.0,50084.275,-22.125
pullback_m2k_only,2024-09-17,0.0,50084.275,-22.125
pullback_m2k_only,2024-09-18,0.0,50084.275,-22.125
pullback_m2k_only,2024-09-19,0.0,50084.275,-22.125
pullback_m2k_only,2024-09-23,0.0,50084.275,-22.125
pullback_m2k_only,2024-09-24,0.0,50084.275,-22.125
pullback_m2k_only,2024-09-25,-35.24999999999864,50049.02500000001,-57.374999999992724
pullback_m2k_only,2024-09-26,0.0,50049.02500000001,-57.374999999992724
pullback_m2k_only,2024-09-27,0.0,50049.02500000001,-57.374999999992724
pullback_m2k_only,2024-09-30,0.0,50049.02500000001,-57.374999999992724
pullback_m2k_only,2024-10-02,0.0,50049.02500000001,-57.374999999992724
pullback_m2k_only,2024-10-03,0.0,50049.02500000001,-57.374999999992724
pullback_m2k_only,2024-10-07,0.0,50049.02500000001,-57.374999999992724
pullback_m2k_only,2024-10-08,0.0,50049.02500000001,-57.374999999992724
pullback_m2k_only,2024-10-09,0.0,50049.02500000001,-57.374999999992724
pullback_m2k_only,2024-10-10,0.0,50049.02500000001,-57.374999999992724
pullback_m2k_only,2024-10-11,0.0,50049.02500000001,-57.374999999992724
pullback_m2k_only,2024-10-14,0.0,50049.02500000001,-57.374999999992724
pullback_m2k_only,2024-10-15,0.0,50049.02500000001,-57.374999999992724
pullback_m2k_only,2024-10-18,0.0,50049.02500000001,-57.374999999992724
pullback_m2k_only,2024-10-21,0.0,50049.02500000001,-57.374999999992724
pullback_m2k_only,2024-10-22,0.0,50049.02500000001,-57.374999999992724
pullback_m2k_only,2024-10-23,0.0,50049.02500000001,-57.374999999992724
pullback_m2k_only,2024-10-24,0.0,50049.02500000001,-57.374999999992724
pullback_m2k_only,2024-10-25,0.0,50049.02500000001,-57.374999999992724
pullback_m2k_only,2024-10-28,0.0,50049.02500000001,-57.374999999992724
pullback_m2k_only,2024-10-29,0.0,50049.02500000001,-57.374999999992724
pullback_m2k_only,2024-10-30,0.0,50049.02500000001,-57.374999999992724
pullback_m2k_only,2024-10-31,0.0,50049.02500000001,-57.374999999992724
pullback_m2k_only,2024-11-01,0.0,50049.02500000001,-57.374999999992724
pullback_m2k_only,2024-11-04,0.0,50049.02500000001,-57.374999999992724
pullback_m2k_only,2024-11-05,0.0,50049.02500000001,-57.374999999992724
pullback_m2k_only,2024-11-06,0.0,50049.02500000001,-57.374999999992724
pullback_m2k_only,2024-11-07,0.0,50049.02500000001,-57.374999999992724
pullback_m2k_only,2024-11-08,0.0,50049.02500000001,-57.374999999992724
pullback_m2k_only,2024-11-11,0.0,50049.02500000001,-57.374999999992724
pullback_m2k_only,2024-11-12,0.0,50049.02500000001,-57.374999999992724
pullback_m2k_only,2024-11-13,0.0,50049.02500000001,-57.374999999992724
pullback_m2k_only,2024-11-14,0.0,50049.02500000001,-57.374999999992724
pullback_m2k_only,2024-11-15,0.0,50049.02500000001,-57.374999999992724
pullback_m2k_only,2024-11-18,0.0,50049.02500000001,-57.374999999992724
pullback_m2k_only,2024-11-19,0.0,50049.02500000001,-57.374999999992724
pullback_m2k_only,2024-11-20,0.0,50049.02500000001,-57.374999999992724
pullback_m2k_only,2024-11-26,0.0,50049.02500000001,-57.374999999992724
pullback_m2k_only,2024-11-27,0.0,50049.02500000001,-57.374999999992724
pullback_m2k_only,2024-11-29,0.0,50049.02500000001,-57.374999999992724
pullback_m2k_only,2024-12-02,0.0,50049.02500000001,-57.374999999992724
pullback_m2k_only,2024-12-03,0.0,50049.02500000001,-57.374999999992724
pullback_m2k_only,2024-12-04,0.0,50049.02500000001,-57.374999999992724
pullback_m2k_only,2024-12-06,0.0,50049.02500000001,-57.374999999992724
pullback_m2k_only,2024-12-09,0.0,50049.02500000001,-57.374999999992724
pullback_m2k_only,2024-12-10,0.0,50049.02500000001,-57.374999999992724
pullback_m2k_only,2024-12-11,0.0,50049.02500000001,-57.374999999992724
pullback_m2k_only,2024-12-12,0.0,50049.02500000001,-57.374999999992724
pullback_m2k_only,2024-12-13,0.0,50049.02500000001,-57.374999999992724
pullback_m2k_only,2024-12-16,0.0,50049.02500000001,-57.374999999992724
pullback_m2k_only,2024-12-17,0.0,50049.02500000001,-57.374999999992724
pullback_m2k_only,2024-12-18,0.0,50049.02500000001,-57.374999999992724
pullback_m2k_only,2024-12-24,0.0,50049.02500000001,-57.374999999992724
pullback_m2k_only,2024-12-26,0.0,50049.02500000001,-57.374999999992724
pullback_m2k_only,2024-12-31,0.0,50049.02500000001,-57.374999999992724
pullback_m2k_only,2025-01-06,0.0,50049.02500000001,-57.374999999992724
pullback_m2k_only,2025-01-14,0.0,50049.02500000001,-57.374999999992724
pullback_m2k_only,2025-01-15,0.0,50049.02500000001,-57.374999999992724
pullback_m2k_only,2025-01-16,0.0,50049.02500000001,-57.374999999992724
pullback_m2k_only,2025-01-22,0.0,50049.02500000001,-57.374999999992724
pullback_m2k_only,2025-01-23,0.0,50049.02500000001,-57.374999999992724
pullback_m2k_only,2025-01-24,0.0,50049.02500000001,-57.374999999992724
pullback_m2k_only,2025-01-29,0.0,50049.02500000001,-57.374999999992724
pullback_m2k_only,2025-01-31,0.0,50049.02500000001,-57.374999999992724
pullback_m2k_only,2025-02-04,0.0,50049.02500000001,-57.374999999992724
pullback_m2k_only,2025-02-05,0.0,50049.02500000001,-57.374999999992724
pullback_m2k_only,2025-02-06,0.0,50049.02500000001,-57.374999999992724
pullback_m2k_only,2025-02-07,0.0,50049.02500000001,-57.374999999992724
pullback_m2k_only,2025-02-10,0.0,50049.02500000001,-57.374999999992724
pullback_m2k_only,2025-02-11,0.0,50049.02500000001,-57.374999999992724
pullback_m2k_only,2025-02-12,0.0,50049.02500000001,-57.374999999992724
pullback_m2k_only,2025-02-13,0.0,50049.02500000001,-57.374999999992724
pullback_m2k_only,2025-02-14,0.0,50049.02500000001,-57.374999999992724
pullback_m2k_only,2025-02-18,0.0,50049.02500000001,-57.374999999992724
pullback_m2k_only,2025-02-19,0.0,50049.02500000001,-57.374999999992724
pullback_m2k_only,2025-02-20,0.0,50049.02500000001,-57.374999999992724
pullback_m2k_only,2025-02-21,0.0,50049.02500000001,-57.374999999992724
pullback_m2k_only,2025-03-13,0.0,50049.02500000001,-57.374999999992724
pullback_m2k_only,2025-03-14,0.0,50049.02500000001,-57.374999999992724
pullback_m2k_only,2025-03-17,0.0,50049.02500000001,-57.374999999992724
pullback_m2k_only,2025-03-19,0.0,50049.02500000001,-57.374999999992724
pullback_m2k_only,2025-03-20,0.0,50049.02500000001,-57.374999999992724
pullback_m2k_only,2025-03-24,0.0,50049.02500000001,-57.374999999992724
pullback_m2k_only,2025-03-25,0.0,50049.02500000001,-57.374999999992724
pullback_m2k_only,2025-03-26,0.0,50049.02500000001,-57.374999999992724
pullback_m2k_only,2025-03-31,0.0,50049.02500000001,-57.374999999992724
pullback_m2k_only,2025-04-14,0.0,50049.02500000001,-57.374999999992724
pullback_m2k_only,2025-04-16,0.0,50049.02500000001,-57.374999999992724
pullback_m2k_only,2025-04-22,0.0,50049.02500000001,-57.374999999992724
pullback_m2k_only,2025-04-24,0.0,50049.02500000001,-57.374999999992724
pullback_m2k_only,2025-05-01,0.0,50049.02500000001,-57.374999999992724
pullback_m2k_only,2025-05-05,0.0,50049.02500000001,-57.374999999992724
pullback_m2k_only,2025-05-06,0.0,50049.02500000001,-57.374999999992724
pullback_m2k_only,2025-05-07,0.0,50049.02500000001,-57.374999999992724
pullback_m2k_only,2025-05-08,0.0,50049.02500000001,-57.374999999992724
pullback_m2k_only,2025-05-09,0.0,50049.02500000001,-57.374999999992724
pullback_m2k_only,2025-05-12,0.0,50049.02500000001,-57.374999999992724
pullback_m2k_only,2025-05-13,0.0,50049.02500000001,-57.374999999992724
pullback_m2k_only,2025-05-14,0.0,50049.02500000001,-57.374999999992724
pullback_m2k_only,2025-05-15,0.0,50049.02500000001,-57.374999999992724
pullback_m2k_only,2025-05-16,0.0,50049.02500000001,-57.374999999992724
pullback_m2k_only,2025-05-19,0.0,50049.02500000001,-57.374999999992724
pullback_m2k_only,2025-05-20,0.0,50049.02500000001,-57.374999999992724
pullback_m2k_only,2025-05-21,-33.75,50015.27500000001,-91.12499999999272
pullback_m2k_only,2025-05-27,0.0,50015.27500000001,-91.12499999999272
pullback_m2k_only,2025-05-28,0.0,50015.27500000001,-91.12499999999272
pullback_m2k_only,2025-05-30,0.0,50015.27500000001,-91.12499999999272
pullback_m2k_only,2025-06-03,0.0,50015.27500000001,-91.12499999999272
pullback_m2k_only,2025-06-04,0.0,50015.27500000001,-91.12499999999272
pullback_m2k_only,2025-06-06,0.0,50015.27500000001,-91.12499999999272
pullback_m2k_only,2025-06-09,0.0,50015.27500000001,-91.12499999999272
pullback_m2k_only,2025-06-10,0.0,50015.27500000001,-91.12499999999272
pullback_m2k_only,2025-06-11,0.0,50015.27500000001,-91.12499999999272
pullback_m2k_only,2025-06-12,0.0,50015.27500000001,-91.12499999999272
pullback_m2k_only,2025-06-13,0.0,50015.27500000001,-91.12499999999272
pullback_m2k_only,2025-06-16,0.0,50015.27500000001,-91.12499999999272
pullback_m2k_only,2025-06-17,0.0,50015.27500000001,-91.12499999999272
pullback_m2k_only,2025-06-18,0.0,50015.27500000001,-91.12499999999272
pullback_m2k_only,2025-06-23,0.0,50015.27500000001,-91.12499999999272
pullback_m2k_only,2025-06-24,0.0,50015.27500000001,-91.12499999999272
pullback_m2k_only,2025-06-25,0.0,50015.27500000001,-91.12499999999272
pullback_m2k_only,2025-06-26,0.0,50015.27500000001,-91.12499999999272
pullback_m2k_only,2025-06-27,0.0,50015.27500000001,-91.12499999999272
pullback_m2k_only,2025-07-01,0.0,50015.27500000001,-91.12499999999272
pullback_m2k_only,2025-07-02,0.0,50015.27500000001,-91.12499999999272
pullback_m2k_only,2025-07-03,0.0,50015.27500000001,-91.12499999999272
pullback_m2k_only,2025-07-07,0.0,50015.27500000001,-91.12499999999272
pullback_m2k_only,2025-07-08,0.0,50015.27500000001,-91.12499999999272
pullback_m2k_only,2025-07-09,0.0,50015.27500000001,-91.12499999999272
pullback_m2k_only,2025-07-10,0.0,50015.27500000001,-91.12499999999272
pullback_m2k_only,2025-07-11,0.0,50015.27500000001,-91.12499999999272
pullback_m2k_only,2025-07-14,0.0,50015.27500000001,-91.12499999999272
pullback_m2k_only,2025-07-15,0.0,50015.27500000001,-91.12499999999272
pullback_m2k_only,2025-07-16,0.0,50015.27500000001,-91.12499999999272
pullback_m2k_only,2025-07-17,0.0,50015.27500000001,-91.12499999999272
pullback_m2k_only,2025-07-18,0.0,50015.27500000001,-91.12499999999272
pullback_m2k_only,2025-07-21,0.0,50015.27500000001,-91.12499999999272
pullback_m2k_only,2025-07-23,0.0,50015.27500000001,-91.12499999999272
pullback_m2k_only,2025-07-24,0.0,50015.27500000001,-91.12499999999272
pullback_m2k_only,2025-07-25,0.0,50015.27500000001,-91.12499999999272
pullback_m2k_only,2025-07-29,0.0,50015.27500000001,-91.12499999999272
pullback_m2k_only,2025-07-31,0.0,50015.27500000001,-91.12499999999272
pullback_m2k_only,2025-08-04,0.0,50015.27500000001,-91.12499999999272
pullback_m2k_only,2025-08-05,0.0,50015.27500000001,-91.12499999999272
pullback_m2k_only,2025-08-07,0.0,50015.27500000001,-91.12499999999272
pullback_m2k_only,2025-08-08,0.0,50015.27500000001,-91.12499999999272
pullback_m2k_only,2025-08-11,0.0,50015.27500000001,-91.12499999999272
pullback_m2k_only,2025-08-13,0.0,50015.27500000001,-91.12499999999272
pullback_m2k_only,2025-08-14,0.0,50015.27500000001,-91.12499999999272
pullback_m2k_only,2025-08-15,0.0,50015.27500000001,-91.12499999999272
pullback_m2k_only,2025-08-18,0.0,50015.27500000001,-91.12499999999272
pullback_m2k_only,2025-08-19,0.0,50015.27500000001,-91.12499999999272
pullback_m2k_only,2025-08-25,0.0,50015.27500000001,-91.12499999999272
pullback_m2k_only,2025-08-26,0.0,50015.27500000001,-91.12499999999272
pullback_m2k_only,2025-08-27,0.0,50015.27500000001,-91.12499999999272
pullback_m2k_only,2025-08-28,0.0,50015.27500000001,-91.12499999999272
pullback_m2k_only,2025-08-29,0.0,50015.27500000001,-91.12499999999272
pullback_m2k_only,2025-09-03,0.0,50015.27500000001,-91.12499999999272
pullback_m2k_only,2025-09-04,0.0,50015.27500000001,-91.12499999999272
pullback_m2k_only,2025-09-08,0.0,50015.27500000001,-91.12499999999272
pullback_m2k_only,2025-09-09,0.0,50015.27500000001,-91.12499999999272
pullback_m2k_only,2025-09-11,0.0,50015.27500000001,-91.12499999999272
pullback_m2k_only,2025-09-12,0.0,50015.27500000001,-91.12499999999272
pullback_m2k_only,2025-09-17,0.0,50015.27500000001,-91.12499999999272
pullback_m2k_only,2025-09-18,0.0,50015.27500000001,-91.12499999999272
pullback_m2k_only,2025-09-22,0.0,50015.27500000001,-91.12499999999272
pullback_m2k_only,2025-09-24,0.0,50015.27500000001,-91.12499999999272
pullback_m2k_only,2025-09-25,0.0,50015.27500000001,-91.12499999999272
pullback_m2k_only,2025-09-26,0.0,50015.27500000001,-91.12499999999272
pullback_m2k_only,2025-09-29,0.0,50015.27500000001,-91.12499999999272
pullback_m2k_only,2025-09-30,0.0,50015.27500000001,-91.12499999999272
pullback_m2k_only,2025-10-01,0.0,50015.27500000001,-91.12499999999272
pullback_m2k_only,2025-10-02,0.0,50015.27500000001,-91.12499999999272
pullback_m2k_only,2025-10-03,0.0,50015.27500000001,-91.12499999999272
pullback_m2k_only,2025-10-07,0.0,50015.27500000001,-91.12499999999272
pullback_m2k_only,2025-10-08,0.0,50015.27500000001,-91.12499999999272
pullback_m2k_only,2025-10-09,0.0,50015.27500000001,-91.12499999999272
pullback_m2k_only,2025-10-10,0.0,50015.27500000001,-91.12499999999272
pullback_m2k_only,2025-10-14,0.0,50015.27500000001,-91.12499999999272
pullback_m2k_only,2025-10-20,0.0,50015.27500000001,-91.12499999999272
pullback_m2k_only,2025-10-21,0.0,50015.27500000001,-91.12499999999272
pullback_m2k_only,2025-10-22,0.0,50015.27500000001,-91.12499999999272
pullback_m2k_only,2025-10-23,0.0,50015.27500000001,-91.12499999999272
pullback_m2k_only,2025-10-27,0.0,50015.27500000001,-91.12499999999272
pullback_m2k_only,2025-10-28,0.0,50015.27500000001,-91.12499999999272
pullback_m2k_only,2025-10-29,0.0,50015.27500000001,-91.12499999999272
pullback_m2k_only,2025-10-30,0.0,50015.27500000001,-91.12499999999272
pullback_m2k_only,2025-10-31,0.0,50015.27500000001,-91.12499999999272
pullback_m2k_only,2025-11-03,0.0,50015.27500000001,-91.12499999999272
pullback_m2k_only,2025-11-04,0.0,50015.27500000001,-91.12499999999272
pullback_m2k_only,2025-11-10,0.0,50015.27500000001,-91.12499999999272
pullback_m2k_only,2025-11-11,0.0,50015.27500000001,-91.12499999999272
pullback_m2k_only,2025-11-12,0.0,50015.27500000001,-91.12499999999272
pullback_m2k_only,2025-11-17,0.0,50015.27500000001,-91.12499999999272
pullback_m2k_only,2025-11-25,0.0,50015.27500000001,-91.12499999999272
pullback_m2k_only,2025-11-28,0.0,50015.27500000001,-91.12499999999272
pullback_m2k_only,2025-12-01,0.0,50015.27500000001,-91.12499999999272
pullback_m2k_only,2025-12-02,0.0,50015.27500000001,-91.12499999999272
pullback_m2k_only,2025-12-04,0.0,50015.27500000001,-91.12499999999272
pullback_m2k_only,2025-12-05,0.0,50015.27500000001,-91.12499999999272
pullback_m2k_only,2025-12-08,0.0,50015.27500000001,-91.12499999999272
pullback_m2k_only,2025-12-09,0.0,50015.27500000001,-91.12499999999272
pullback_m2k_only,2025-12-10,0.0,50015.27500000001,-91.12499999999272
pullback_m2k_only,2025-12-11,-28.125,49987.15000000001,-119.24999999999272
pullback_m2k_only,2025-12-17,0.0,49987.15000000001,-119.24999999999272
pullback_m2k_only,2025-12-18,0.0,49987.15000000001,-119.24999999999272
pullback_m2k_only,2025-12-22,0.0,49987.15000000001,-119.24999999999272
pullback_m2k_only,2025-12-23,0.0,49987.15000000001,-119.24999999999272
pullback_m2k_only,2025-12-26,0.0,49987.15000000001,-119.24999999999272
pullback_m2k_only,2025-12-31,0.0,49987.15000000001,-119.24999999999272
pullback_m2k_only,2026-01-05,0.0,49987.15000000001,-119.24999999999272
pullback_m2k_only,2026-01-06,-35.99999999999909,49951.15000000001,-155.24999999999272
pullback_m2k_only,2026-01-07,0.0,49951.15000000001,-155.24999999999272
pullback_m2k_only,2026-01-12,0.0,49951.15000000001,-155.24999999999272
pullback_m2k_only,2026-01-15,0.0,49951.15000000001,-155.24999999999272
pullback_m2k_only,2026-01-16,0.0,49951.15000000001,-155.24999999999272
pullback_m2k_only,2026-01-21,0.0,49951.15000000001,-155.24999999999272
pullback_m2k_only,2026-01-26,0.0,49951.15000000001,-155.24999999999272
pullback_m2k_only,2026-01-27,0.0,49951.15000000001,-155.24999999999272
pullback_m2k_only,2026-01-28,0.0,49951.15000000001,-155.24999999999272
baseline_plus_pullback_equal_notional,2024-01-02,-14.5,49985.5,0.0
baseline_plus_pullback_equal_notional,2024-01-03,204.0,50189.5,0.0
baseline_plus_pullback_equal_notional,2024-01-04,-528.0,49661.5,-528.0
baseline_plus_pullback_equal_notional,2024-01-05,-506.0,49155.5,-1034.0
baseline_plus_pullback_equal_notional,2024-01-08,636.0,49791.5,-398.0
baseline_plus_pullback_equal_notional,2024-01-09,717.0,50508.5,0.0
baseline_plus_pullback_equal_notional,2024-01-10,-524.0,49984.5,-524.0
baseline_plus_pullback_equal_notional,2024-01-11,-167.0,49817.5,-691.0
baseline_plus_pullback_equal_notional,2024-01-12,-94.5,49723.0,-785.5
baseline_plus_pullback_equal_notional,2024-01-16,126.0,49849.0,-659.5
baseline_plus_pullback_equal_notional,2024-01-17,-616.0,49233.0,-1275.5
baseline_plus_pullback_equal_notional,2024-01-18,-672.5,48560.5,-1948.0
baseline_plus_pullback_equal_notional,2024-01-19,1015.0,49575.5,-933.0
baseline_plus_pullback_equal_notional,2024-01-22,62.5,49638.0,-870.5
baseline_plus_pullback_equal_notional,2024-01-24,-680.0,48958.0,-1550.5
baseline_plus_pullback_equal_notional,2024-01-25,-312.0,48646.0,-1862.5
baseline_plus_pullback_equal_notional,2024-01-26,-630.0,48016.0,-2492.5
baseline_plus_pullback_equal_notional,2024-01-29,-261.0,47755.0,-2753.5
baseline_plus_pullback_equal_notional,2024-01-30,955.8750000000003,48710.875,-1797.625
baseline_plus_pullback_equal_notional,2024-01-31,-367.0,48343.875,-2164.625
baseline_plus_pullback_equal_notional,2024-02-01,-666.0,47677.875,-2830.625
baseline_plus_pullback_equal_notional,2024-02-02,161.0,47838.875,-2669.625
baseline_plus_pullback_equal_notional,2024-02-05,-506.0,47332.875,-3175.625
baseline_plus_pullback_equal_notional,2024-02-06,-75.0,47257.875,-3250.625
baseline_plus_pullback_equal_notional,2024-02-07,196.5,47454.375,-3054.125
baseline_plus_pullback_equal_notional,2024-02-08,42.0,47496.375,-3012.125
baseline_plus_pullback_equal_notional,2024-02-09,652.0,48148.375,-2360.125
baseline_plus_pullback_equal_notional,2024-02-13,-315.5,47832.875,-2675.625
baseline_plus_pullback_equal_notional,2024-02-14,-680.0,47152.875,-3355.625
baseline_plus_pullback_equal_notional,2024-02-15,-419.0,46733.875,-3774.625
baseline_plus_pullback_equal_notional,2024-02-16,16.0,46749.875,-3758.625
baseline_plus_pullback_equal_notional,2024-02-20,-138.0,46611.875,-3896.625
baseline_plus_pullback_equal_notional,2024-02-21,-457.5,46154.375,-4354.125
baseline_plus_pullback_equal_notional,2024-02-22,357.0,46511.375,-3997.125
baseline_plus_pullback_equal_notional,2024-02-23,469.5,46980.875,-3527.625
baseline_plus_pullback_equal_notional,2024-02-27,-370.0,46610.875,-3897.625
baseline_plus_pullback_equal_notional,2024-02-29,-586.5,46024.375,-4484.125
baseline_plus_pullback_equal_notional,2024-03-01,868.0,46892.375,-3616.125
baseline_plus_pullback_equal_notional,2024-03-04,-728.0,46164.375,-4344.125
baseline_plus_pullback_equal_notional,2024-03-05,294.0,46458.375,-4050.125
baseline_plus_pullback_equal_notional,2024-03-06,-381.0,46077.375,-4431.125
baseline_plus_pullback_equal_notional,2024-03-07,154.5,46231.875,-4276.625
baseline_plus_pullback_equal_notional,2024-03-08,-159.6750000000004,46072.2,-4436.300000000003
baseline_plus_pullback_equal_notional,2024-03-11,-433.0,45639.2,-4869.300000000003
baseline_plus_pullback_equal_notional,2024-03-12,504.0,46143.2,-4365.300000000003
baseline_plus_pullback_equal_notional,2024-03-13,-48.0,46095.2,-4413.300000000003
baseline_plus_pullback_equal_notional,2024-03-14,-135.5,45959.7,-4548.800000000003
baseline_plus_pullback_equal_notional,2024-03-18,-375.0,45584.7,-4923.800000000003
baseline_plus_pullback_equal_notional,2024-03-19,457.0,46041.7,-4466.800000000003
baseline_plus_pullback_equal_notional,2024-03-20,854.875,46896.575,-3611.925000000003
baseline_plus_pullback_equal_notional,2024-03-21,192.75000000000136,47089.325000000004,-3419.1749999999956
baseline_plus_pullback_equal_notional,2024-03-22,109.5,47198.825000000004,-3309.6749999999956
baseline_plus_pullback_equal_notional,2024-03-25,34.0,47232.825000000004,-3275.6749999999956
baseline_plus_pullback_equal_notional,2024-03-26,-666.0,46566.825000000004,-3941.6749999999956
baseline_plus_pullback_equal_notional,2024-03-27,-165.5,46401.325000000004,-4107.174999999996
baseline_plus_pullback_equal_notional,2024-04-01,-46.43749999999977,46354.887500000004,-4153.612499999996
baseline_plus_pullback_equal_notional,2024-04-02,-461.0625,45893.825000000004,-4614.674999999996
baseline_plus_pullback_equal_notional,2024-04-03,972.0,46865.825000000004,-3642.6749999999956
baseline_plus_pullback_equal_notional,2024-04-05,68.0,46933.825000000004,-3574.6749999999956
baseline_plus_pullback_equal_notional,2024-04-08,-77.0,46856.825000000004,-3651.6749999999956
baseline_plus_pullback_equal_notional,2024-04-09,566.0,47422.825000000004,-3085.6749999999956
baseline_plus_pullback_equal_notional,2024-04-10,-95.0,47327.825000000004,-3180.6749999999956
baseline_plus_pullback_equal_notional,2024-04-11,-645.0,46682.825000000004,-3825.6749999999956
baseline_plus_pullback_equal_notional,2024-04-12,825.0,47507.825000000004,-3000.6749999999956
baseline_plus_pullback_equal_notional,2024-04-15,1405.2500000000005,48913.075000000004,-1595.4249999999956
baseline_plus_pullback_equal_notional,2024-04-16,-742.0,48171.075000000004,-2337.4249999999956
baseline_plus_pullback_equal_notional,2024-04-17,1134.0,49305.075000000004,-1203.4249999999956
baseline_plus_pullback_equal_notional,2024-04-18,-272.0,49033.075000000004,-1475.4249999999956
baseline_plus_pullback_equal_notional,2024-04-19,464.00000000000034,49497.075000000004,-1011.4249999999956
baseline_plus_pullback_equal_notional,2024-04-22,-287.0,49210.075000000004,-1298.4249999999956
baseline_plus_pullback_equal_notional,2024-04-23,128.0,49338.075000000004,-1170.4249999999956
baseline_plus_pullback_equal_notional,2024-04-24,682.0,50020.075000000004,-488.42499999999563
baseline_plus_pullback_equal_notional,2024-04-25,394.0,50414.075000000004,-94.42499999999563
baseline_plus_pullback_equal_notional,2024-04-26,136.0,50550.075000000004,0.0
baseline_plus_pullback_equal_notional,2024-04-29,-438.0,50112.075000000004,-438.0
baseline_plus_pullback_equal_notional,2024-04-30,520.0,50632.075000000004,0.0
baseline_plus_pullback_equal_notional,2024-05-01,-528.0,50104.075000000004,-528.0
baseline_plus_pullback_equal_notional,2024-05-02,-305.0,49799.075000000004,-833.0
baseline_plus_pullback_equal_notional,2024-05-06,317.0,50116.075000000004,-516.0
baseline_plus_pullback_equal_notional,2024-05-08,2.5,50118.575000000004,-513.5
baseline_plus_pullback_equal_notional,2024-05-09,10.5,50129.075000000004,-503.0
baseline_plus_pullback_equal_notional,2024-05-10,22.5,50151.575000000004,-480.5
baseline_plus_pullback_equal_notional,2024-05-14,805.0,50956.575000000004,0.0
baseline_plus_pullback_equal_notional,2024-05-15,691.0000000000009,51647.575000000004,0.0
baseline_plus_pullback_equal_notional,2024-05-21,708.0,52355.575000000004,0.0
baseline_plus_pullback_equal_notional,2024-05-23,279.8124999999998,52635.387500000004,0.0
baseline_plus_pullback_equal_notional,2024-05-24,980.0,53615.387500000004,0.0
baseline_plus_pullback_equal_notional,2024-05-29,-586.5,53028.887500000004,-586.5
baseline_plus_pullback_equal_notional,2024-05-30,600.0,53628.887500000004,0.0
baseline_plus_pullback_equal_notional,2024-05-31,896.0,54524.887500000004,0.0
baseline_plus_pullback_equal_notional,2024-06-03,416.0,54940.887500000004,0.0
baseline_plus_pullback_equal_notional,2024-06-04,-496.5,54444.387500000004,-496.5
baseline_plus_pullback_equal_notional,2024-06-05,654.0,55098.387500000004,0.0
baseline_plus_pullback_equal_notional,2024-06-07,-110.0,54988.387500000004,-110.0
baseline_plus_pullback_equal_notional,2024-06-10,837.0,55825.387500000004,0.0
baseline_plus_pullback_equal_notional,2024-06-11,280.0,56105.387500000004,0.0
baseline_plus_pullback_equal_notional,2024-06-12,-46.0,56059.387500000004,-46.0
baseline_plus_pullback_equal_notional,2024-06-13,1020.0,57079.387500000004,0.0
baseline_plus_pullback_equal_notional,2024-06-17,1445.0,58524.387500000004,0.0
baseline_plus_pullback_equal_notional,2024-06-18,-369.0,58155.387500000004,-369.0
baseline_plus_pullback_equal_notional,2024-06-20,560.0,58715.387500000004,0.0
baseline_plus_pullback_equal_notional,2024-06-24,-486.0,58229.387500000004,-486.0
baseline_plus_pullback_equal_notional,2024-06-25,1048.0,59277.387500000004,0.0
baseline_plus_pullback_equal_notional,2024-06-26,-700.0,58577.387500000004,-700.0
baseline_plus_pullback_equal_notional,2024-06-27,-739.5,57837.887500000004,-1439.5
baseline_plus_pullback_equal_notional,2024-06-28,-527.0,57310.887500000004,-1966.5
baseline_plus_pullback_equal_notional,2024-07-01,-307.0,57003.887500000004,-2273.5
baseline_plus_pullback_equal_notional,2024-07-02,278.5,57282.387500000004,-1995.0
baseline_plus_pullback_equal_notional,2024-07-03,1440.0,58722.387500000004,-555.0
baseline_plus_pullback_equal_notional,2024-07-05,492.0,59214.387500000004,-63.0
baseline_plus_pullback_equal_notional,2024-07-08,-336.74999999999955,58877.637500000004,-399.75
baseline_plus_pullback_equal_notional,2024-07-09,1288.0,60165.637500000004,0.0
baseline_plus_pullback_equal_notional,2024-07-10,-714.0,59451.637500000004,-714.0
baseline_plus_pullback_equal_notional,2024-07-11,1053.0,60504.637500000004,0.0
baseline_plus_pullback_equal_notional,2024-07-12,-84.24999999999977,60420.387500000004,-84.25
baseline_plus_pullback_equal_notional,2024-07-15,-356.0,60064.387500000004,-440.25
baseline_plus_pullback_equal_notional,2024-07-16,-149.0,59915.387500000004,-589.25
baseline_plus_pullback_equal_notional,2024-07-17,808.0,60723.387500000004,0.0
baseline_plus_pullback_equal_notional,2024-07-18,220.0,60943.387500000004,0.0
baseline_plus_pullback_equal_notional,2024-07-19,173.5,61116.887500000004,0.0
baseline_plus_pullback_equal_notional,2024-07-22,-296.5,60820.387500000004,-296.5
baseline_plus_pullback_equal_notional,2024-07-23,-222.5,60597.887500000004,-519.0
baseline_plus_pullback_equal_notional,2024-07-24,638.0,61235.887500000004,0.0
baseline_plus_pullback_equal_notional,2024-07-30,1102.0,62337.887500000004,0.0
baseline_plus_pullback_equal_notional,2024-08-07,675.0,63012.887500000004,0.0
baseline_plus_pullback_equal_notional,2024-08-12,-43.5,62969.387500000004,-43.5
baseline_plus_pullback_equal_notional,2024-08-13,808.0,63777.387500000004,0.0
baseline_plus_pullback_equal_notional,2024-08-14,-699.0,63078.387500000004,-699.0
baseline_plus_pullback_equal_notional,2024-08-15,221.5,63299.887500000004,-477.5
baseline_plus_pullback_equal_notional,2024-08-16,276.0,63575.887500000004,-201.5
baseline_plus_pullback_equal_notional,2024-08-19,-553.5,63022.387500000004,-755.0
baseline_plus_pullback_equal_notional,2024-08-20,-32.5,62989.887500000004,-787.5
baseline_plus_pullback_equal_notional,2024-08-21,-516.0,62473.887500000004,-1303.5
baseline_plus_pullback_equal_notional,2024-08-22,1396.0,63869.887500000004,0.0
baseline_plus_pullback_equal_notional,2024-08-23,-455.24999999999955,63414.637500000004,-455.25
baseline_plus_pullback_equal_notional,2024-08-26,1131.0,64545.637500000004,0.0
baseline_plus_pullback_equal_notional,2024-08-27,146.0,64691.637500000004,0.0
baseline_plus_pullback_equal_notional,2024-08-28,522.0,65213.637500000004,0.0
baseline_plus_pullback_equal_notional,2024-08-30,-410.0,64803.637500000004,-410.0
baseline_plus_pullback_equal_notional,2024-09-09,-441.0,64362.637500000004,-851.0
baseline_plus_pullback_equal_notional,2024-09-13,81.0,64443.637500000004,-770.0
baseline_plus_pullback_equal_notional,2024-09-16,-309.0,64134.637500000004,-1079.0
baseline_plus_pullback_equal_notional,2024-09-17,-529.0,63605.637500000004,-1608.0
baseline_plus_pullback_equal_notional,2024-09-18,-460.5,63145.137500000004,-2068.5
baseline_plus_pullback_equal_notional,2024-09-19,15.0,63160.137500000004,-2053.5
baseline_plus_pullback_equal_notional,2024-09-23,-642.0,62518.137500000004,-2695.5
baseline_plus_pullback_equal_notional,2024-09-24,-471.0,62047.137500000004,-3166.5
baseline_plus_pullback_equal_notional,2024-09-25,-628.1249999999993,61419.012500000004,-3794.625
baseline_plus_pullback_equal_notional,2024-09-26,92.5,61511.512500000004,-3702.125
baseline_plus_pullback_equal_notional,2024-09-27,538.5,62050.012500000004,-3163.625
baseline_plus_pullback_equal_notional,2024-09-30,-196.0,61854.012500000004,-3359.625
baseline_plus_pullback_equal_notional,2024-10-02,81.5,61935.512500000004,-3278.125
baseline_plus_pullback_equal_notional,2024-10-03,-323.5,61612.012500000004,-3601.625
baseline_plus_pullback_equal_notional,2024-10-07,-658.0,60954.012500000004,-4259.625
baseline_plus_pullback_equal_notional,2024-10-08,371.0,61325.012500000004,-3888.625
baseline_plus_pullback_equal_notional,2024-10-09,1270.0,62595.012500000004,-2618.625
baseline_plus_pullback_equal_notional,2024-10-10,116.0,62711.012500000004,-2502.625
baseline_plus_pullback_equal_notional,2024-10-11,349.5,63060.512500000004,-2153.125
baseline_plus_pullback_equal_notional,2024-10-14,-314.0,62746.512500000004,-2467.125
baseline_plus_pullback_equal_notional,2024-10-15,1280.0,64026.512500000004,-1187.125
baseline_plus_pullback_equal_notional,2024-10-18,-128.0,63898.512500000004,-1315.125
baseline_plus_pullback_equal_notional,2024-10-21,-708.0,63190.512500000004,-2023.125
baseline_plus_pullback_equal_notional,2024-10-22,77.0,63267.512500000004,-1946.125
baseline_plus_pullback_equal_notional,2024-10-23,1422.0,64689.512500000004,-524.125
baseline_plus_pullback_equal_notional,2024-10-24,-525.0,64164.512500000004,-1049.125
baseline_plus_pullback_equal_notional,2024-10-25,-711.0,63453.512500000004,-1760.125
baseline_plus_pullback_equal_notional,2024-10-28,174.0,63627.512500000004,-1586.125
baseline_plus_pullback_equal_notional,2024-10-29,398.0,64025.512500000004,-1188.125
baseline_plus_pullback_equal_notional,2024-10-30,-277.0,63748.512500000004,-1465.125
baseline_plus_pullback_equal_notional,2024-10-31,218.5,63967.012500000004,-1246.625
baseline_plus_pullback_equal_notional,2024-11-01,-77.0,63890.012500000004,-1323.625
baseline_plus_pullback_equal_notional,2024-11-04,-234.0,63656.012500000004,-1557.625
baseline_plus_pullback_equal_notional,2024-11-05,624.0,64280.012500000004,-933.625
baseline_plus_pullback_equal_notional,2024-11-06,177.7500000000009,64457.762500000004,-755.875
baseline_plus_pullback_equal_notional,2024-11-07,597.0,65054.762500000004,-158.875
baseline_plus_pullback_equal_notional,2024-11-08,-702.0,64352.762500000004,-860.875
baseline_plus_pullback_equal_notional,2024-11-11,-206.0,64146.762500000004,-1066.875
baseline_plus_pullback_equal_notional,2024-11-12,-40.0,64106.762500000004,-1106.875
baseline_plus_pullback_equal_notional,2024-11-13,-456.0,63650.762500000004,-1562.875
baseline_plus_pullback_equal_notional,2024-11-14,124.0,63774.762500000004,-1438.875
baseline_plus_pullback_equal_notional,2024-11-15,798.0,64572.762500000004,-640.875
baseline_plus_pullback_equal_notional,2024-11-18,283.5,64856.262500000004,-357.375
baseline_plus_pullback_equal_notional,2024-11-19,377.0,65233.262500000004,0.0
baseline_plus_pullback_equal_notional,2024-11-20,-292.5,64940.762500000004,-292.5
baseline_plus_pullback_equal_notional,2024-11-26,-146.5,64794.262500000004,-439.0
baseline_plus_pullback_equal_notional,2024-11-27,27.0,64821.262500000004,-412.0
baseline_plus_pullback_equal_notional,2024-11-29,394.5,65215.762500000004,-17.5
baseline_plus_pullback_equal_notional,2024-12-02,89.0,65304.762500000004,0.0
baseline_plus_pullback_equal_notional,2024-12-03,222.0,65526.762500000004,0.0
baseline_plus_pullback_equal_notional,2024-12-04,785.0,66311.76250000001,0.0
baseline_plus_pullback_equal_notional,2024-12-06,139.0,66450.76250000001,0.0
baseline_plus_pullback_equal_notional,2024-12-09,387.0,66837.76250000001,0.0
baseline_plus_pullback_equal_notional,2024-12-10,-378.0,66459.76250000001,-378.0
baseline_plus_pullback_equal_notional,2024-12-11,319.0,66778.76250000001,-59.0
baseline_plus_pullback_equal_notional,2024-12-12,-289.5,66489.26250000001,-348.5
baseline_plus_pullback_equal_notional,2024-12-13,-66.5,66422.76250000001,-415.0
baseline_plus_pullback_equal_notional,2024-12-16,530.0,66952.76250000001,0.0
baseline_plus_pullback_equal_notional,2024-12-17,-562.5,66390.26250000001,-562.5
baseline_plus_pullback_equal_notional,2024-12-18,-193.0,66197.26250000001,-755.5
baseline_plus_pullback_equal_notional,2024-12-24,258.0,66455.26250000001,-497.5
baseline_plus_pullback_equal_notional,2024-12-26,-12.0,66443.26250000001,-509.5
baseline_plus_pullback_equal_notional,2024-12-31,515.0,66958.26250000001,0.0
baseline_plus_pullback_equal_notional,2025-01-06,-286.24999999999955,66672.01250000001,-286.25
baseline_plus_pullback_equal_notional,2025-01-14,12.0,66684.01250000001,-274.25
baseline_plus_pullback_equal_notional,2025-01-15,245.7500000000009,66929.76250000001,-28.5
baseline_plus_pullback_equal_notional,2025-01-16,216.5,67146.26250000001,0.0
baseline_plus_pullback_equal_notional,2025-01-22,-67.0,67079.26250000001,-67.0
baseline_plus_pullback_equal_notional,2025-01-23,1314.0,68393.26250000001,0.0
baseline_plus_pullback_equal_notional,2025-01-24,682.0,69075.26250000001,0.0
baseline_plus_pullback_equal_notional,2025-01-29,-232.5,68842.76250000001,-232.5
baseline_plus_pullback_equal_notional,2025-01-31,-239.5,68603.26250000001,-472.0
baseline_plus_pullback_equal_notional,2025-02-04,346.0,68949.26250000001,-126.0
baseline_plus_pullback_equal_notional,2025-02-05,-459.0,68490.26250000001,-585.0
baseline_plus_pullback_equal_notional,2025-02-06,-744.0,67746.26250000001,-1329.0
baseline_plus_pullback_equal_notional,2025-02-07,1024.0,68770.26250000001,-305.0
baseline_plus_pullback_equal_notional,2025-02-10,106.5,68876.76250000001,-198.5
baseline_plus_pullback_equal_notional,2025-02-11,-121.0,68755.76250000001,-319.5
baseline_plus_pullback_equal_notional,2025-02-12,212.5,68968.26250000001,-107.0
baseline_plus_pullback_equal_notional,2025-02-13,279.5,69247.76250000001,0.0
baseline_plus_pullback_equal_notional,2025-02-14,237.0,69484.76250000001,0.0
baseline_plus_pullback_equal_notional,2025-02-18,-456.0,69028.76250000001,-456.0
baseline_plus_pullback_equal_notional,2025-02-19,-291.0,68737.76250000001,-747.0
baseline_plus_pullback_equal_notional,2025-02-20,-315.5,68422.26250000001,-1062.5
baseline_plus_pullback_equal_notional,2025-02-21,510.0,68932.26250000001,-552.5
baseline_plus_pullback_equal_notional,2025-03-13,134.0,69066.26250000001,-418.5
baseline_plus_pullback_equal_notional,2025-03-14,105.5,69171.76250000001,-313.0
baseline_plus_pullback_equal_notional,2025-03-17,-340.5,68831.26250000001,-653.5
baseline_plus_pullback_equal_notional,2025-03-19,234.0,69065.26250000001,-419.5
baseline_plus_pullback_equal_notional,2025-03-20,-153.0,68912.26250000001,-572.5
baseline_plus_pullback_equal_notional,2025-03-24,54.0,68966.26250000001,-518.5
baseline_plus_pullback_equal_notional,2025-03-25,640.0,69606.26250000001,0.0
baseline_plus_pullback_equal_notional,2025-03-26,371.0,69977.26250000001,0.0
baseline_plus_pullback_equal_notional,2025-03-31,0.0,69977.26250000001,0.0
baseline_plus_pullback_equal_notional,2025-04-14,0.0,69977.26250000001,0.0
baseline_plus_pullback_equal_notional,2025-04-16,-368.5,69608.76250000001,-368.5
baseline_plus_pullback_equal_notional,2025-04-22,1286.0,70894.76250000001,0.0
baseline_plus_pullback_equal_notional,2025-04-24,0.0,70894.76250000001,0.0
baseline_plus_pullback_equal_notional,2025-05-01,-294.5,70600.26250000001,-294.5
baseline_plus_pullback_equal_notional,2025-05-05,-441.0,70159.26250000001,-735.5
baseline_plus_pullback_equal_notional,2025-05-06,484.0,70643.26250000001,-251.5
baseline_plus_pullback_equal_notional,2025-05-07,-711.0,69932.26250000001,-962.5
baseline_plus_pullback_equal_notional,2025-05-08,-565.2499999999995,69367.01250000001,-1527.75
baseline_plus_pullback_equal_notional,2025-05-09,448.0,69815.01250000001,-1079.75
baseline_plus_pullback_equal_notional,2025-05-12,-370.0,69445.01250000001,-1449.75
baseline_plus_pullback_equal_notional,2025-05-13,437.0,69882.01250000001,-1012.75
baseline_plus_pullback_equal_notional,2025-05-14,-117.0,69765.01250000001,-1129.75
baseline_plus_pullback_equal_notional,2025-05-15,465.0,70230.01250000001,-664.75
baseline_plus_pullback_equal_notional,2025-05-16,-348.0,69882.01250000001,-1012.75
baseline_plus_pullback_equal_notional,2025-05-19,226.5,70108.51250000001,-786.25
baseline_plus_pullback_equal_notional,2025-05-20,-359.0,69749.51250000001,-1145.25
baseline_plus_pullback_equal_notional,2025-05-21,-563.875,69185.63750000001,-1709.125
baseline_plus_pullback_equal_notional,2025-05-27,257.0,69442.63750000001,-1452.125
baseline_plus_pullback_equal_notional,2025-05-28,-240.5,69202.13750000001,-1692.625
baseline_plus_pullback_equal_notional,2025-05-30,-326.5,68875.63750000001,-2019.125
baseline_plus_pullback_equal_notional,2025-06-03,439.5,69315.13750000001,-1579.625
baseline_plus_pullback_equal_notional,2025-06-04,-559.5,68755.63750000001,-2139.125
baseline_plus_pullback_equal_notional,2025-06-06,-457.0,68298.63750000001,-2596.125
baseline_plus_pullback_equal_notional,2025-06-09,1440.0,69738.63750000001,-1156.125
baseline_plus_pullback_equal_notional,2025-06-10,-394.0,69344.63750000001,-1550.125
baseline_plus_pullback_equal_notional,2025-06-11,-226.0,69118.63750000001,-1776.125
baseline_plus_pullback_equal_notional,2025-06-12,-478.5,68640.13750000001,-2254.625
baseline_plus_pullback_equal_notional,2025-06-13,-295.5,68344.63750000001,-2550.125
baseline_plus_pullback_equal_notional,2025-06-16,-320.0,68024.63750000001,-2870.125
baseline_plus_pullback_equal_notional,2025-06-17,-356.0,67668.63750000001,-3226.125
baseline_plus_pullback_equal_notional,2025-06-18,-445.0,67223.63750000001,-3671.125
baseline_plus_pullback_equal_notional,2025-06-23,-350.0,66873.63750000001,-4021.125
baseline_plus_pullback_equal_notional,2025-06-24,237.0,67110.63750000001,-3784.125
baseline_plus_pullback_equal_notional,2025-06-25,146.0,67256.63750000001,-3638.125
baseline_plus_pullback_equal_notional,2025-06-26,160.0,67416.63750000001,-3478.125
baseline_plus_pullback_equal_notional,2025-06-27,-652.5,66764.13750000001,-4130.625
baseline_plus_pullback_equal_notional,2025-07-01,-665.0,66099.13750000001,-4795.625
baseline_plus_pullback_equal_notional,2025-07-02,808.0,66907.13750000001,-3987.625
baseline_plus_pullback_equal_notional,2025-07-03,84.0,66991.13750000001,-3903.625
baseline_plus_pullback_equal_notional,2025-07-07,109.0,67100.13750000001,-3794.625
baseline_plus_pullback_equal_notional,2025-07-08,-575.7499999999977,66524.38750000001,-4370.375
baseline_plus_pullback_equal_notional,2025-07-09,-511.0,66013.38750000001,-4881.375
baseline_plus_pullback_equal_notional,2025-07-10,-170.0,65843.38750000001,-5051.375
baseline_plus_pullback_equal_notional,2025-07-11,-41.5,65801.88750000001,-5092.875
baseline_plus_pullback_equal_notional,2025-07-14,84.0,65885.88750000001,-5008.875
baseline_plus_pullback_equal_notional,2025-07-15,259.0,66144.88750000001,-4749.875
baseline_plus_pullback_equal_notional,2025-07-16,-422.5,65722.38750000001,-5172.375
baseline_plus_pullback_equal_notional,2025-07-17,179.5,65901.88750000001,-4992.875
baseline_plus_pullback_equal_notional,2025-07-18,197.5,66099.38750000001,-4795.375
baseline_plus_pullback_equal_notional,2025-07-21,-114.0,65985.38750000001,-4909.375
baseline_plus_pullback_equal_notional,2025-07-23,-231.0,65754.38750000001,-5140.375
baseline_plus_pullback_equal_notional,2025-07-24,-737.5,65016.88750000001,-5877.875
baseline_plus_pullback_equal_notional,2025-07-25,76.0,65092.88750000001,-5801.875
baseline_plus_pullback_equal_notional,2025-07-29,564.0,65656.88750000001,-5237.875
baseline_plus_pullback_equal_notional,2025-07-31,585.0,66241.88750000001,-4652.875
baseline_plus_pullback_equal_notional,2025-08-04,143.0,66384.88750000001,-4509.875
baseline_plus_pullback_equal_notional,2025-08-05,1203.0,67587.88750000001,-3306.875
baseline_plus_pullback_equal_notional,2025-08-07,1140.0,68727.88750000001,-2166.875
baseline_plus_pullback_equal_notional,2025-08-08,284.0,69011.88750000001,-1882.875
baseline_plus_pullback_equal_notional,2025-08-11,-287.0,68724.88750000001,-2169.875
baseline_plus_pullback_equal_notional,2025-08-13,303.0,69027.88750000001,-1866.875
baseline_plus_pullback_equal_notional,2025-08-14,-92.0,68935.88750000001,-1958.875
baseline_plus_pullback_equal_notional,2025-08-15,-71.5,68864.38750000001,-2030.375
baseline_plus_pullback_equal_notional,2025-08-18,-346.0,68518.38750000001,-2376.375
baseline_plus_pullback_equal_notional,2025-08-19,548.0,69066.38750000001,-1828.375
baseline_plus_pullback_equal_notional,2025-08-25,-337.0,68729.38750000001,-2165.375
baseline_plus_pullback_equal_notional,2025-08-26,136.5,68865.88750000001,-2028.875
baseline_plus_pullback_equal_notional,2025-08-27,-321.0,68544.88750000001,-2349.875
baseline_plus_pullback_equal_notional,2025-08-28,9.5,68554.38750000001,-2340.375
baseline_plus_pullback_equal_notional,2025-08-29,60.0,68614.38750000001,-2280.375
baseline_plus_pullback_equal_notional,2025-09-03,-546.0,68068.38750000001,-2826.375
baseline_plus_pullback_equal_notional,2025-09-04,-370.74999999999955,67697.63750000001,-3197.125
baseline_plus_pullback_equal_notional,2025-09-08,-219.5,67478.13750000001,-3416.625
baseline_plus_pullback_equal_notional,2025-09-09,-442.5,67035.63750000001,-3859.125
baseline_plus_pullback_equal_notional,2025-09-11,52.0,67087.63750000001,-3807.125
baseline_plus_pullback_equal_notional,2025-09-12,282.5,67370.13750000001,-3524.625
baseline_plus_pullback_equal_notional,2025-09-17,981.0,68351.13750000001,-2543.625
baseline_plus_pullback_equal_notional,2025-09-18,-64.0,68287.13750000001,-2607.625
baseline_plus_pullback_equal_notional,2025-09-22,1370.0,69657.13750000001,-1237.625
baseline_plus_pullback_equal_notional,2025-09-24,70.0,69727.13750000001,-1167.625
baseline_plus_pullback_equal_notional,2025-09-25,68.0,69795.13750000001,-1099.625
baseline_plus_pullback_equal_notional,2025-09-26,-255.5,69539.63750000001,-1355.125
baseline_plus_pullback_equal_notional,2025-09-29,-439.0,69100.63750000001,-1794.125
baseline_plus_pullback_equal_notional,2025-09-30,285.0,69385.63750000001,-1509.125
baseline_plus_pullback_equal_notional,2025-10-01,302.5,69688.13750000001,-1206.625
baseline_plus_pullback_equal_notional,2025-10-02,-322.0,69366.13750000001,-1528.625
baseline_plus_pullback_equal_notional,2025-10-03,490.5,69856.63750000001,-1038.125
baseline_plus_pullback_equal_notional,2025-10-07,1230.0,71086.63750000001,0.0
baseline_plus_pullback_equal_notional,2025-10-08,532.0,71618.63750000001,0.0
baseline_plus_pullback_equal_notional,2025-10-09,-372.0,71246.63750000001,-372.0
baseline_plus_pullback_equal_notional,2025-10-10,990.0,72236.63750000001,0.0
baseline_plus_pullback_equal_notional,2025-10-14,0.0,72236.63750000001,0.0
baseline_plus_pullback_equal_notional,2025-10-20,115.0,72351.63750000001,0.0
baseline_plus_pullback_equal_notional,2025-10-21,-588.0,71763.63750000001,-588.0
baseline_plus_pullback_equal_notional,2025-10-22,1108.0,72871.63750000001,0.0
baseline_plus_pullback_equal_notional,2025-10-23,133.0,73004.63750000001,0.0
baseline_plus_pullback_equal_notional,2025-10-27,596.0,73600.63750000001,0.0
baseline_plus_pullback_equal_notional,2025-10-28,-290.0,73310.63750000001,-290.0
baseline_plus_pullback_equal_notional,2025-10-29,1330.0,74640.63750000001,0.0
baseline_plus_pullback_equal_notional,2025-10-30,0.0,74640.63750000001,0.0
baseline_plus_pullback_equal_notional,2025-10-31,313.0,74953.63750000001,0.0
baseline_plus_pullback_equal_notional,2025-11-03,20.5,74974.13750000001,0.0
baseline_plus_pullback_equal_notional,2025-11-04,0.0,74974.13750000001,0.0
baseline_plus_pullback_equal_notional,2025-11-10,-278.0,74696.13750000001,-278.0
baseline_plus_pullback_equal_notional,2025-11-11,-318.75000000000637,74377.3875,-596.7500000000146
baseline_plus_pullback_equal_notional,2025-11-12,0.0,74377.3875,-596.7500000000146
baseline_plus_pullback_equal_notional,2025-11-17,0.0,74377.3875,-596.7500000000146
baseline_plus_pullback_equal_notional,2025-11-25,0.0,74377.3875,-596.7500000000146
baseline_plus_pullback_equal_notional,2025-11-28,346.5,74723.8875,-250.25000000001455
baseline_plus_pullback_equal_notional,2025-12-01,51.0,74774.8875,-199.25000000001455
baseline_plus_pullback_equal_notional,2025-12-02,-299.0,74475.8875,-498.25000000001455
baseline_plus_pullback_equal_notional,2025-12-04,0.0,74475.8875,-498.25000000001455
baseline_plus_pullback_equal_notional,2025-12-05,-306.5,74169.3875,-804.7500000000146
baseline_plus_pullback_equal_notional,2025-12-08,102.5,74271.8875,-702.2500000000146
baseline_plus_pullback_equal_notional,2025-12-09,153.0,74424.8875,-549.2500000000146
baseline_plus_pullback_equal_notional,2025-12-10,-488.0,73936.8875,-1037.2500000000146
baseline_plus_pullback_equal_notional,2025-12-11,105.4375,74042.325,-931.8125000000146
baseline_plus_pullback_equal_notional,2025-12-17,599.0,74641.325,-332.81250000001455
baseline_plus_pullback_equal_notional,2025-12-18,-181.5,74459.825,-514.3125000000146
baseline_plus_pullback_equal_notional,2025-12-22,-90.5,74369.325,-604.8125000000146
baseline_plus_pullback_equal_notional,2025-12-23,-231.5,74137.825,-836.3125000000146
baseline_plus_pullback_equal_notional,2025-12-26,-176.0,73961.825,-1012.3125000000146
baseline_plus_pullback_equal_notional,2025-12-31,603.0,74564.825,-409.31250000001455
baseline_plus_pullback_equal_notional,2026-01-05,-204.0,74360.825,-613.3125000000146
baseline_plus_pullback_equal_notional,2026-01-06,214.00000000000045,74574.825,-399.31250000001455
baseline_plus_pullback_equal_notional,2026-01-07,-231.5,74343.325,-630.8125000000146
baseline_plus_pullback_equal_notional,2026-01-12,0.0,74343.325,-630.8125000000146
baseline_plus_pullback_equal_notional,2026-01-15,182.5,74525.825,-448.31250000001455
baseline_plus_pullback_equal_notional,2026-01-16,42.0,74567.825,-406.31250000001455
baseline_plus_pullback_equal_notional,2026-01-21,0.0,74567.825,-406.31250000001455
baseline_plus_pullback_equal_notional,2026-01-26,-29.5,74538.325,-435.81250000001455
baseline_plus_pullback_equal_notional,2026-01-27,15.0,74553.325,-420.81250000001455
baseline_plus_pullback_equal_notional,2026-01-28,374.0,74927.325,-46.81250000001455
baseline_plus_pullback_scaled_to_baseline_risk,2024-01-02,-14.519735199573198,49985.480264800426,0.0
baseline_plus_pullback_scaled_to_baseline_risk,2024-01-03,204.2776538422712,50189.757918642696,0.0
baseline_plus_pullback_scaled_to_baseline_risk,2024-01-04,-528.7186334741137,49661.03928516858,-528.7186334741127
baseline_plus_pullback_scaled_to_baseline_risk,2024-01-05,-506.6886904126923,49154.350594755895,-1035.4073238868004
baseline_plus_pullback_scaled_to_baseline_risk,2024-01-08,636.8656266847279,49791.21622144062,-398.54169720207574
baseline_plus_pullback_scaled_to_baseline_risk,2024-01-09,717.9758715926885,50509.19209303331,0.0
baseline_plus_pullback_scaled_to_baseline_risk,2024-01-10,-524.7131892811279,49984.47890375218,-524.7131892811303
baseline_plus_pullback_scaled_to_baseline_risk,2024-01-11,-167.22729505715338,49817.25160869503,-691.9404843382799
baseline_plus_pullback_scaled_to_baseline_risk,2024-01-12,-94.6286190592874,49722.62298963574,-786.5691033975672
baseline_plus_pullback_scaled_to_baseline_risk,2024-01-16,126.17149207904986,49848.79448171479,-660.3976113185199
baseline_plus_pullback_scaled_to_baseline_risk,2024-01-17,-616.8384057197993,49231.95607599499,-1277.236017038318
baseline_plus_pullback_scaled_to_baseline_risk,2024-01-18,-673.4153049457225,48558.540771049265,-1950.6513219840417
baseline_plus_pullback_scaled_to_baseline_risk,2024-01-19,1016.3814639701238,49574.92223501939,-934.2698580139186
baseline_plus_pullback_scaled_to_baseline_risk,2024-01-22,62.585065515401716,49637.507300534795,-871.6847924985123
baseline_plus_pullback_scaled_to_baseline_risk,2024-01-24,-680.9255128075707,48956.58178772722,-1552.610305306087
baseline_plus_pullback_scaled_to_baseline_risk,2024-01-25,-312.42464705288535,48644.15714067434,-1865.0349523589684
baseline_plus_pullback_scaled_to_baseline_risk,2024-01-26,-630.8574603952493,48013.29968027909,-2495.8924127542195
baseline_plus_pullback_scaled_to_baseline_risk,2024-01-29,-261.3552335923176,47751.94444668677,-2757.2476463465355
baseline_plus_pullback_scaled_to_baseline_risk,2024-01-30,957.1759919925541,48709.120438679325,-1800.071654353982
baseline_plus_pullback_scaled_to_baseline_risk,2024-01-31,-367.49950470643887,48341.62093397289,-2167.5711590604187
baseline_plus_pullback_scaled_to_baseline_risk,2024-02-01,-666.9064581321207,47674.71447584077,-2834.4776171925405
baseline_plus_pullback_scaled_to_baseline_risk,2024-02-02,161.21912876767482,47835.93360460844,-2673.2584884248645
baseline_plus_pullback_scaled_to_baseline_risk,2024-02-05,-506.6886904126923,47329.24491419575,-3179.9471788375595
baseline_plus_pullback_scaled_to_baseline_risk,2024-02-06,-75.10207861848205,47254.142835577266,-3255.0492574560412
baseline_plus_pullback_scaled_to_baseline_risk,2024-02-07,196.767445980423,47450.91028155769,-3058.2818114756155
baseline_plus_pullback_scaled_to_baseline_risk,2024-02-08,42.05716402634995,47492.967445584036,-3016.2246474492713
baseline_plus_pullback_scaled_to_baseline_risk,2024-02-09,652.8874034566707,48145.85484904071,-2363.337243992595
baseline_plus_pullback_scaled_to_baseline_risk,2024-02-13,-315.92941072174784,47829.92543831896,-2679.2666547143453
baseline_plus_pullback_scaled_to_baseline_risk,2024-02-14,-680.9255128075707,47148.99992551139,-3360.19216752192
baseline_plus_pullback_scaled_to_baseline_risk,2024-02-15,-419.5702792152531,46729.429646296136,-3779.7624467371716
baseline_plus_pullback_scaled_to_baseline_risk,2024-02-16,16.02177677194284,46745.45142306808,-3763.7406699652274
baseline_plus_pullback_scaled_to_baseline_risk,2024-02-20,-138.187824658007,46607.26359841007,-3901.9284946232365
baseline_plus_pullback_scaled_to_baseline_risk,2024-02-21,-458.12267957274054,46149.140918837336,-4360.051174195971
baseline_plus_pullback_scaled_to_baseline_risk,2024-02-22,357.4858942239746,46506.62681306131,-4002.5652799719974
baseline_plus_pullback_scaled_to_baseline_risk,2024-02-23,470.13901215169767,46976.765825213006,-3532.4262678203013
baseline_plus_pullback_scaled_to_baseline_risk,2024-02-27,-370.50358785117817,46606.26223736183,-3902.9298556714784
baseline_plus_pullback_scaled_to_baseline_risk,2024-02-29,-587.2982547965297,46018.9639825653,-4490.228110468008
baseline_plus_pullback_scaled_to_baseline_risk,2024-03-01,869.181389877899,46888.1453724432,-3621.0467205901077
baseline_plus_pullback_scaled_to_baseline_risk,2024-03-04,-728.9908431233991,46159.1545293198,-4350.037563713508
baseline_plus_pullback_scaled_to_baseline_risk,2024-03-05,294.4001481844497,46453.554677504246,-4055.6374155290614
baseline_plus_pullback_scaled_to_baseline_risk,2024-03-06,-381.51855938188885,46072.036118122356,-4437.155974910951
baseline_plus_pullback_scaled_to_baseline_risk,2024-03-07,154.71028195407305,46226.74640007643,-4282.445692956877
baseline_plus_pullback_scaled_to_baseline_risk,2024-03-08,-159.89232537874872,46066.85407469768,-4442.338018335628
baseline_plus_pullback_scaled_to_baseline_risk,2024-03-11,-433.5893338907031,45633.264740806975,-4875.927352226332
baseline_plus_pullback_scaled_to_baseline_risk,2024-03-12,504.6859683161994,46137.95070912318,-4371.241383910128
baseline_plus_pullback_scaled_to_baseline_risk,2024-03-13,-48.06533031582852,46089.88537880735,-4419.306714225961
baseline_plus_pullback_scaled_to_baseline_risk,2024-03-14,-135.68442203739093,45954.20095676996,-4554.99113626335
baseline_plus_pullback_scaled_to_baseline_risk,2024-03-18,-375.5103930924103,45578.69056367755,-4930.501529355759
baseline_plus_pullback_scaled_to_baseline_risk,2024-03-19,457.62199904861734,46036.31256272617,-4472.879530307138
baseline_plus_pullback_scaled_to_baseline_risk,2024-03-20,856.0385261196647,46892.35108884583,-3616.841004187474
baseline_plus_pullback_scaled_to_baseline_risk,2024-03-21,193.01234204950026,47085.36343089533,-3423.828662137974
baseline_plus_pullback_scaled_to_baseline_risk,2024-03-22,109.6490347829838,47195.012465678315,-3314.1796273549917
baseline_plus_pullback_scaled_to_baseline_risk,2024-03-25,34.04627564037853,47229.058741318695,-3280.133351714612
baseline_plus_pullback_scaled_to_baseline_risk,2024-03-26,-666.9064581321207,46562.15228318657,-3947.039809846734
baseline_plus_pullback_scaled_to_baseline_risk,2024-03-27,-165.72525348478374,46396.42702970179,-4112.765063331521
baseline_plus_pullback_scaled_to_baseline_risk,2024-04-01,-46.50070367794325,46349.926326023844,-4159.265767009463
baseline_plus_pullback_scaled_to_baseline_risk,2024-04-02,-461.69002830711844,45888.23629771673,-4620.955795316579
baseline_plus_pullback_scaled_to_baseline_risk,2024-04-03,973.3229388955275,46861.55923661225,-3647.632856421056
baseline_plus_pullback_scaled_to_baseline_risk,2024-04-05,68.09255128075706,46929.65178789301,-3579.5403051402973
baseline_plus_pullback_scaled_to_baseline_risk,2024-04-08,-77.10480071497491,46852.54698717804,-3656.6451058552702
baseline_plus_pullback_scaled_to_baseline_risk,2024-04-09,566.770353307478,47419.31734048551,-3089.8747525477957
baseline_plus_pullback_scaled_to_baseline_risk,2024-04-10,-95.12929958341061,47324.1880409021,-3185.004052131204
baseline_plus_pullback_scaled_to_baseline_risk,2024-04-11,-645.8778761189457,46678.31016478316,-3830.88192825015
baseline_plus_pullback_scaled_to_baseline_risk,2024-04-12,826.1228648033026,47504.433029586464,-3004.7590634468434
baseline_plus_pullback_scaled_to_baseline_risk,2024-04-15,1407.1626130482925,48911.595642634755,-1597.5964503985524
baseline_plus_pullback_scaled_to_baseline_risk,2024-04-16,-743.0098977988491,48168.5857448359,-2340.606348197405
baseline_plus_pullback_scaled_to_baseline_risk,2024-04-17,1135.5434287114488,49304.12917354735,-1205.0629194859575
baseline_plus_pullback_scaled_to_baseline_risk,2024-04-18,-272.37020512302826,49031.75896842432,-1477.433124608986
baseline_plus_pullback_scaled_to_baseline_risk,2024-04-19,464.63152638634267,49496.390494810665,-1012.8015982226425
baseline_plus_pullback_scaled_to_baseline_risk,2024-04-22,-287.3906208467247,49208.99987396394,-1300.1922190693658
baseline_plus_pullback_scaled_to_baseline_risk,2024-04-23,128.17421417554272,49337.17408813949,-1172.01800489382
baseline_plus_pullback_scaled_to_baseline_risk,2024-04-24,682.9282349040635,50020.102323043546,-489.0897699897614
baseline_plus_pullback_scaled_to_baseline_risk,2024-04-25,394.53625300909243,50414.63857605264,-94.55351698066806
baseline_plus_pullback_scaled_to_baseline_risk,2024-04-26,136.18510256151413,50550.82367861416,0.0
baseline_plus_pullback_scaled_to_baseline_risk,2024-04-29,-438.5961391319352,50112.22753948222,-438.59613913193607
baseline_plus_pullback_scaled_to_baseline_risk,2024-04-30,520.7077450881422,50632.93528457036,0.0
baseline_plus_pullback_scaled_to_baseline_risk,2024-05-01,-528.7186334741137,50104.21665109625,-528.7186334741127
baseline_plus_pullback_scaled_to_baseline_risk,2024-05-02,-305.41511971516036,49798.80153138109,-834.1337531892714
baseline_plus_pullback_scaled_to_baseline_risk,2024-05-06,317.4314522941175,50116.2329836752,-516.7023008951583
baseline_plus_pullback_scaled_to_baseline_risk,2024-05-08,2.5034026206160687,50118.73638629582,-514.1988982745388
baseline_plus_pullback_scaled_to_baseline_risk,2024-05-09,10.514291006587488,50129.25067730241,-503.68460726795456
baseline_plus_pullback_scaled_to_baseline_risk,2024-05-10,22.530623585544618,50151.78130088795,-481.1539836824086
baseline_plus_pullback_scaled_to_baseline_risk,2024-05-14,806.0956438383741,50957.876944726326,0.0
baseline_plus_pullback_scaled_to_baseline_risk,2024-05-15,691.9404843382823,51649.81742906461,0.0
baseline_plus_pullback_scaled_to_baseline_risk,2024-05-21,708.9636221584707,52358.78105122308,0.0
baseline_plus_pullback_scaled_to_baseline_risk,2024-05-23,280.19333831245325,52638.974389535535,0.0
baseline_plus_pullback_scaled_to_baseline_risk,2024-05-24,981.3338272814989,53620.30821681704,0.0
baseline_plus_pullback_scaled_to_baseline_risk,2024-05-29,-587.2982547965297,53033.0099620205,-587.2982547965366
baseline_plus_pullback_scaled_to_baseline_risk,2024-05-30,600.8166289478564,53633.82659096836,0.0
baseline_plus_pullback_scaled_to_baseline_risk,2024-05-31,897.219499228799,54531.04609019716,0.0
baseline_plus_pullback_scaled_to_baseline_risk,2024-06-03,416.5661960705138,54947.61228626767,0.0
baseline_plus_pullback_scaled_to_baseline_risk,2024-06-04,-497.17576045435123,54450.43652581332,-497.1757604543527
baseline_plus_pullback_scaled_to_baseline_risk,2024-06-05,654.8901255531636,55105.326651366486,0.0
baseline_plus_pullback_scaled_to_baseline_risk,2024-06-07,-110.14971530710702,54995.176936059375,-110.14971530711045
baseline_plus_pullback_scaled_to_baseline_risk,2024-06-10,838.1391973822598,55833.316133441636,0.0
baseline_plus_pullback_scaled_to_baseline_risk,2024-06-11,280.3810935089997,56113.69722695064,0.0
baseline_plus_pullback_scaled_to_baseline_risk,2024-06-12,-46.062608219335665,56067.6346187313,-46.062608219333924
baseline_plus_pullback_scaled_to_baseline_risk,2024-06-13,1021.388269211356,57089.02288794266,0.0
baseline_plus_pullback_scaled_to_baseline_risk,2024-06-17,1446.9667147160876,58535.989602658745,0.0
baseline_plus_pullback_scaled_to_baseline_risk,2024-06-18,-369.5022268029317,58166.48737585582,-369.5022268029279
baseline_plus_pullback_scaled_to_baseline_risk,2024-06-20,560.7621870179994,58727.24956287381,0.0
baseline_plus_pullback_scaled_to_baseline_risk,2024-06-24,-486.66146944776375,58240.58809342605,-486.6614694477612
baseline_plus_pullback_scaled_to_baseline_risk,2024-06-25,1049.4263785622559,59290.01447198831,0.0
baseline_plus_pullback_scaled_to_baseline_risk,2024-06-26,-700.9527337724992,58589.06173821581,-700.9527337725012
baseline_plus_pullback_scaled_to_baseline_risk,2024-06-27,-740.5064951782331,57848.555243037576,-1441.4592289507345
baseline_plus_pullback_scaled_to_baseline_risk,2024-06-28,-527.7172724258672,57320.837970611705,-1969.1765013766053
baseline_plus_pullback_scaled_to_baseline_risk,2024-07-01,-307.4178418116532,57013.420128800055,-2276.594343188255
baseline_plus_pullback_scaled_to_baseline_risk,2024-07-02,278.87905193663005,57292.299180736685,-1997.7152912516249
baseline_plus_pullback_scaled_to_baseline_risk,2024-07-03,1441.9599094748555,58734.25909021154,-555.7553817767694
baseline_plus_pullback_scaled_to_baseline_risk,2024-07-05,492.6696357372423,59226.92872594878,-63.085746039527294
baseline_plus_pullback_scaled_to_baseline_risk,2024-07-08,-337.208332996984,58889.7203929518,-400.2940790365101
baseline_plus_pullback_scaled_to_baseline_risk,2024-07-09,1289.7530301413985,60179.47342309319,0.0
baseline_plus_pullback_scaled_to_baseline_risk,2024-07-10,-714.9717884479492,59464.50163464525,-714.9717884479469
baseline_plus_pullback_scaled_to_baseline_risk,2024-07-11,1054.4331838034882,60518.93481844873,0.0
baseline_plus_pullback_scaled_to_baseline_risk,2024-07-12,-84.36466831476129,60434.57015013397,-84.36466831475991
baseline_plus_pullback_scaled_to_baseline_risk,2024-07-15,-356.4845331757282,60078.08561695825,-440.8492014904841
baseline_plus_pullback_scaled_to_baseline_risk,2024-07-16,-149.20279618871768,59928.882820769526,-590.0519976792057
baseline_plus_pullback_scaled_to_baseline_risk,2024-07-17,809.0997269831134,60737.98254775264,0.0
baseline_plus_pullback_scaled_to_baseline_risk,2024-07-18,220.29943061421403,60958.28197836685,0.0
baseline_plus_pullback_scaled_to_baseline_risk,2024-07-19,173.73614187075518,61132.01812023761,0.0
baseline_plus_pullback_scaled_to_baseline_risk,2024-07-22,-296.9035508050657,60835.114569432546,-296.9035508050656
baseline_plus_pullback_scaled_to_baseline_risk,2024-07-23,-222.8028332348301,60612.31173619771,-519.7063840398987
baseline_plus_pullback_scaled_to_baseline_risk,2024-07-24,638.8683487812207,61251.180084978936,0.0
baseline_plus_pullback_scaled_to_baseline_risk,2024-07-30,1103.499875167563,62354.6799601465,0.0
baseline_plus_pullback_scaled_to_baseline_risk,2024-08-07,675.9187075663385,63030.59866771284,0.0
baseline_plus_pullback_scaled_to_baseline_risk,2024-08-12,-43.55920559871959,62987.03946211412,-43.559205598721746
baseline_plus_pullback_scaled_to_baseline_risk,2024-08-13,809.0997269831134,63796.13918909723,0.0
baseline_plus_pullback_scaled_to_baseline_risk,2024-08-14,-699.9513727242528,63096.18781637298,-699.951372724252
baseline_plus_pullback_scaled_to_baseline_risk,2024-08-15,221.80147218658368,63317.98928855956,-478.14990053766815
baseline_plus_pullback_scaled_to_baseline_risk,2024-08-16,276.375649316014,63594.36493787558,-201.77425122165005
baseline_plus_pullback_scaled_to_baseline_risk,2024-08-19,-554.2533402043975,63040.11159767118,-756.0275914260492
baseline_plus_pullback_scaled_to_baseline_risk,2024-08-20,-32.54423406800889,63007.56736360317,-788.5718254940584
baseline_plus_pullback_scaled_to_baseline_risk,2024-08-21,-516.7023008951566,62490.86506270801,-1305.2741263892167
baseline_plus_pullback_scaled_to_baseline_risk,2024-08-22,1397.9000233520128,63888.765086060026,0.0
baseline_plus_pullback_scaled_to_baseline_risk,2024-08-23,-455.86961721418567,63432.89546884584,-455.8696172141863
baseline_plus_pullback_scaled_to_baseline_risk,2024-08-26,1132.5393455667095,64565.434814412554,0.0
baseline_plus_pullback_scaled_to_baseline_risk,2024-08-27,146.19871304397842,64711.63352745653,0.0
baseline_plus_pullback_scaled_to_baseline_risk,2024-08-28,522.7104671846351,65234.34399464117,0.0
baseline_plus_pullback_scaled_to_baseline_risk,2024-08-30,-410.55802978103526,64823.78596486013,-410.5580297810375
baseline_plus_pullback_scaled_to_baseline_risk,2024-09-09,-441.6002222766745,64382.18574258345,-852.158252057714
baseline_plus_pullback_scaled_to_baseline_risk,2024-09-13,81.11024490796062,64463.295987491416,-771.0480071497514
baseline_plus_pullback_scaled_to_baseline_risk,2024-09-16,-309.4205639081461,64153.87542358327,-1080.4685710578997
baseline_plus_pullback_scaled_to_baseline_risk,2024-09-17,-529.7199945223601,63624.155429060906,-1610.1885655802616
baseline_plus_pullback_scaled_to_baseline_risk,2024-09-18,-461.12676271747983,63163.02866634343,-2071.3153282977364
baseline_plus_pullback_scaled_to_baseline_risk,2024-09-19,15.020415723696413,63178.049082067126,-2056.2949125740415
baseline_plus_pullback_scaled_to_baseline_risk,2024-09-23,-642.8737929742065,62535.17528909292,-2699.168705548247
baseline_plus_pullback_scaled_to_baseline_risk,2024-09-24,-471.6410537240673,62063.534235368854,-3170.8097592723134
baseline_plus_pullback_scaled_to_baseline_risk,2024-09-25,-628.9799084297865,61434.55432693906,-3799.7896677021054
baseline_plus_pullback_scaled_to_baseline_risk,2024-09-26,92.62589696279454,61527.18022390186,-3707.1637707393093
baseline_plus_pullback_scaled_to_baseline_risk,2024-09-27,539.2329244807012,62066.41314838256,-3167.930846258605
baseline_plus_pullback_scaled_to_baseline_risk,2024-09-30,-196.2667654562998,61870.146382926265,-3364.1976117149025
baseline_plus_pullback_scaled_to_baseline_risk,2024-10-02,81.61092543208383,61951.75730835834,-3282.586686282826
baseline_plus_pullback_scaled_to_baseline_risk,2024-10-03,-323.9402991077193,61627.817009250626,-3606.526985390541
baseline_plus_pullback_scaled_to_baseline_risk,2024-10-07,-658.8955697461492,60968.92143950448,-4265.422555136691
baseline_plus_pullback_scaled_to_baseline_risk,2024-10-08,371.50494889942456,61340.4263884039,-3893.9176062372644
baseline_plus_pullback_scaled_to_baseline_risk,2024-10-09,1271.728531272963,62612.15491967686,-2622.189074964306
baseline_plus_pullback_scaled_to_baseline_risk,2024-10-10,116.15788159658558,62728.31280127345,-2506.031193367715
baseline_plus_pullback_scaled_to_baseline_risk,2024-10-11,349.9756863621264,63078.288487635575,-2156.0555070055925
baseline_plus_pullback_scaled_to_baseline_risk,2024-10-14,-314.42736914937825,62763.861118486195,-2470.4828761549725
baseline_plus_pullback_scaled_to_baseline_risk,2024-10-15,1281.7421417554272,64045.60326024162,-1188.7407343995437
baseline_plus_pullback_scaled_to_baseline_risk,2024-10-18,-128.17421417554272,63917.429046066085,-1316.9149485750822
baseline_plus_pullback_scaled_to_baseline_risk,2024-10-21,-708.9636221584707,63208.46542390761,-2025.8785707335555
baseline_plus_pullback_scaled_to_baseline_risk,2024-10-22,77.10480071497491,63285.570224622585,-1948.7737700185826
baseline_plus_pullback_scaled_to_baseline_risk,2024-10-23,1423.93541060642,64709.505635229005,-524.8383594121624
baseline_plus_pullback_scaled_to_baseline_risk,2024-10-24,-525.7145503293744,64183.79108489963,-1050.5529097415347
baseline_plus_pullback_scaled_to_baseline_risk,2024-10-25,-711.96770530321,63471.82337959642,-1762.5206150447484
baseline_plus_pullback_scaled_to_baseline_risk,2024-10-28,174.23682239487837,63646.0602019913,-1588.2837926498687
baseline_plus_pullback_scaled_to_baseline_risk,2024-10-29,398.5416972020781,64044.60189919338,-1189.7420954477857
baseline_plus_pullback_scaled_to_baseline_risk,2024-10-30,-277.3770103642604,63767.22488882912,-1467.1191058120457
baseline_plus_pullback_scaled_to_baseline_risk,2024-10-31,218.7973890418444,63986.022277870965,-1248.3217167702023
baseline_plus_pullback_scaled_to_baseline_risk,2024-11-01,-77.10480071497491,63908.91747715599,-1325.4265174851753
baseline_plus_pullback_scaled_to_baseline_risk,2024-11-04,-234.31848528966404,63674.598991866325,-1559.7450027748419
baseline_plus_pullback_scaled_to_baseline_risk,2024-11-05,624.8492941057707,64299.448285972096,-934.8957086690716
baseline_plus_pullback_scaled_to_baseline_risk,2024-11-06,177.9919263258034,64477.44021229789,-756.9037823432736
baseline_plus_pullback_scaled_to_baseline_risk,2024-11-07,597.8125458031172,65075.252758101014,-159.09123654015275
baseline_plus_pullback_scaled_to_baseline_risk,2024-11-08,-702.9554558689921,64372.29730223202,-862.0466924091452
baseline_plus_pullback_scaled_to_baseline_risk,2024-11-11,-206.28037593876405,64166.01692629326,-1068.3270683479059
baseline_plus_pullback_scaled_to_baseline_risk,2024-11-12,-40.0544419298571,64125.9624843634,-1108.3815102777662
baseline_plus_pullback_scaled_to_baseline_risk,2024-11-13,-456.62063800037095,63669.34184636303,-1565.0021482781376
baseline_plus_pullback_scaled_to_baseline_risk,2024-11-14,124.16876998255701,63793.510616345586,-1440.8333782955815
baseline_plus_pullback_scaled_to_baseline_risk,2024-11-15,799.0861165006492,64592.596732846236,-641.7472617949315
baseline_plus_pullback_scaled_to_baseline_risk,2024-11-18,283.8858571778622,64876.4825900241,-357.86140461706964
baseline_plus_pullback_scaled_to_baseline_risk,2024-11-19,377.51311518890316,65253.995705213005,0.0
baseline_plus_pullback_scaled_to_baseline_risk,2024-11-20,-292.89810661208,64961.09759860092,-292.8981066120832
baseline_plus_pullback_scaled_to_baseline_risk,2024-11-26,-146.6993935681016,64814.39820503282,-439.5975001801853
baseline_plus_pullback_scaled_to_baseline_risk,2024-11-27,27.036748302653542,64841.43495333547,-412.56075187753595
baseline_plus_pullback_scaled_to_baseline_risk,2024-11-29,395.03693353321563,65236.47188686869,-17.52381834431435
baseline_plus_pullback_scaled_to_baseline_risk,2024-12-02,89.12113329393205,65325.59302016262,0.0
baseline_plus_pullback_scaled_to_baseline_risk,2024-12-03,222.3021527107069,65547.89517287332,0.0
baseline_plus_pullback_scaled_to_baseline_risk,2024-12-04,786.0684228734456,66333.96359574677,0.0
baseline_plus_pullback_scaled_to_baseline_risk,2024-12-06,139.18918570625343,66473.15278145303,0.0
baseline_plus_pullback_scaled_to_baseline_risk,2024-12-09,387.52672567136744,66860.6795071244,0.0
baseline_plus_pullback_scaled_to_baseline_risk,2024-12-10,-378.5144762371496,66482.16503088725,-378.5144762371492
baseline_plus_pullback_scaled_to_baseline_risk,2024-12-11,319.43417439061034,66801.59920527786,-59.08030184653762
baseline_plus_pullback_scaled_to_baseline_risk,2024-12-12,-289.89402346734073,66511.70518181051,-348.9743253138877
baseline_plus_pullback_scaled_to_baseline_risk,2024-12-13,-66.59050970838743,66445.11467210212,-415.5648350222764
baseline_plus_pullback_scaled_to_baseline_risk,2024-12-16,530.7213555706065,66975.83602767273,0.0
baseline_plus_pullback_scaled_to_baseline_risk,2024-12-17,-563.2655896386154,66412.57043803412,-563.2655896386132
baseline_plus_pullback_scaled_to_baseline_risk,2024-12-18,-193.2626823115605,66219.30775572256,-756.5282719501702
baseline_plus_pullback_scaled_to_baseline_risk,2024-12-24,258.3511504475783,66477.65890617014,-498.1771215025947
baseline_plus_pullback_scaled_to_baseline_risk,2024-12-26,-12.01633257895713,66465.64257359118,-510.1934540815564
baseline_plus_pullback_scaled_to_baseline_risk,2024-12-31,515.7009398469102,66981.34351343809,0.0
baseline_plus_pullback_scaled_to_baseline_risk,2025-01-06,-286.6396000605394,66694.70391337755,-286.63960006053094
baseline_plus_pullback_scaled_to_baseline_risk,2025-01-14,12.01633257895713,66706.7202459565,-274.62326748158375
baseline_plus_pullback_scaled_to_baseline_risk,2025-01-15,246.08447760656045,66952.80472356307,-28.538789875019575
baseline_plus_pullback_scaled_to_baseline_risk,2025-01-16,216.79466694535154,67169.59939050842,0.0
baseline_plus_pullback_scaled_to_baseline_risk,2025-01-22,-67.09119023251064,67102.50820027592,-67.09119023250241
baseline_plus_pullback_scaled_to_baseline_risk,2025-01-23,1315.7884173958057,68418.29661767172,0.0
baseline_plus_pullback_scaled_to_baseline_risk,2025-01-24,682.9282349040635,69101.22485257578,0.0
baseline_plus_pullback_scaled_to_baseline_risk,2025-01-29,-232.8164437172944,68868.4084088585,-232.8164437172818
baseline_plus_pullback_scaled_to_baseline_risk,2025-01-31,-239.82597105501938,68628.58243780347,-472.642414772301
baseline_plus_pullback_scaled_to_baseline_risk,2025-02-04,346.4709226932639,68975.05336049673,-126.17149207904004
baseline_plus_pullback_scaled_to_baseline_risk,2025-02-05,-459.6247211451102,68515.42863935162,-585.7962132241519
baseline_plus_pullback_scaled_to_baseline_risk,2025-02-06,-745.012619895342,67770.41601945629,-1330.8088331194886
baseline_plus_pullback_scaled_to_baseline_risk,2025-02-07,1025.3937134043417,68795.80973286062,-305.4151197151514
baseline_plus_pullback_scaled_to_baseline_risk,2025-02-10,106.64495163824452,68902.45468449887,-198.7701680769096
baseline_plus_pullback_scaled_to_baseline_risk,2025-02-11,-121.16468683781773,68781.28999766105,-319.9348549147253
baseline_plus_pullback_scaled_to_baseline_risk,2025-02-12,212.78922275236584,68994.0792204134,-107.14563216237002
baseline_plus_pullback_scaled_to_baseline_risk,2025-02-13,279.8804129848765,69273.95963339829,0.0
baseline_plus_pullback_scaled_to_baseline_risk,2025-02-14,237.3225684344033,69511.28220183268,0.0
baseline_plus_pullback_scaled_to_baseline_risk,2025-02-18,-456.62063800037095,69054.66156383231,-456.6206380003714
baseline_plus_pullback_scaled_to_baseline_risk,2025-02-19,-291.3960650397104,68763.2654987926,-748.0167030400771
baseline_plus_pullback_scaled_to_baseline_risk,2025-02-20,-315.92941072174784,68447.33608807086,-1063.94611376182
baseline_plus_pullback_scaled_to_baseline_risk,2025-02-21,510.694134605678,68958.03022267655,-553.2519791561353
baseline_plus_pullback_scaled_to_baseline_risk,2025-03-13,134.18238046502128,69092.21260314157,-419.06959869111597
baseline_plus_pullback_scaled_to_baseline_risk,2025-03-14,105.6435905899981,69197.85619373157,-313.42600810111617
baseline_plus_pullback_scaled_to_baseline_risk,2025-03-17,-340.96343692790856,68856.89275680366,-654.3894450290245
baseline_plus_pullback_scaled_to_baseline_risk,2025-03-19,234.31848528966404,69091.21124209333,-420.07095973935793
baseline_plus_pullback_scaled_to_baseline_risk,2025-03-20,-153.2082403817034,68938.00300171162,-573.2792001210619
baseline_plus_pullback_scaled_to_baseline_risk,2025-03-24,54.073496605307085,68992.07649831692,-519.2057035157632
baseline_plus_pullback_scaled_to_baseline_risk,2025-03-25,640.8710708777136,69632.94756919463,0.0
baseline_plus_pullback_scaled_to_baseline_risk,2025-03-26,371.50494889942456,70004.45251809407,0.0
baseline_plus_pullback_scaled_to_baseline_risk,2025-03-31,0.0,70004.45251809407,0.0
baseline_plus_pullback_scaled_to_baseline_risk,2025-04-14,0.0,70004.45251809407,0.0
baseline_plus_pullback_scaled_to_baseline_risk,2025-04-16,-369.0015462788085,69635.45097181525,-369.0015462788142
baseline_plus_pullback_scaled_to_baseline_risk,2025-04-22,1287.7503080449058,70923.20127986016,0.0
baseline_plus_pullback_scaled_to_baseline_risk,2025-04-24,0.0,70923.20127986016,0.0
baseline_plus_pullback_scaled_to_baseline_risk,2025-05-01,-294.9008287085729,70628.30045115159,-294.9008287085744
baseline_plus_pullback_scaled_to_baseline_risk,2025-05-05,-441.6002222766745,70186.70022887492,-736.5010509852436
baseline_plus_pullback_scaled_to_baseline_risk,2025-05-06,484.6587473512709,70671.35897622618,-251.84230363398092
baseline_plus_pullback_scaled_to_baseline_risk,2025-05-07,-711.96770530321,69959.39127092298,-963.8100089371874
baseline_plus_pullback_scaled_to_baseline_risk,2025-05-08,-566.0193325212927,69393.37193840169,-1529.8293414584768
baseline_plus_pullback_scaled_to_baseline_risk,2025-05-09,448.6097496143995,69841.98168801608,-1081.2195918440848
baseline_plus_pullback_scaled_to_baseline_risk,2025-05-12,-370.50358785117817,69471.47810016491,-1451.7231796952547
baseline_plus_pullback_scaled_to_baseline_risk,2025-05-13,437.5947780836888,69909.0728782486,-1014.1284016115678
baseline_plus_pullback_scaled_to_baseline_risk,2025-05-14,-117.15924264483202,69791.91363560376,-1131.287644256401
baseline_plus_pullback_scaled_to_baseline_risk,2025-05-15,465.6328874345888,70257.54652303836,-665.6547568218084
baseline_plus_pullback_scaled_to_baseline_risk,2025-05-16,-348.47364478975675,69909.0728782486,-1014.1284016115678
baseline_plus_pullback_scaled_to_baseline_risk,2025-05-19,226.80827742781582,70135.88115567641,-787.3201241837523
baseline_plus_pullback_scaled_to_baseline_risk,2025-05-20,-359.4886163204675,69776.39253935593,-1146.8087405042315
baseline_plus_pullback_scaled_to_baseline_risk,2025-05-21,-564.6424610799543,69211.75007827599,-1711.4512015841756
baseline_plus_pullback_scaled_to_baseline_risk,2025-05-27,257.3497893993319,69469.09986767532,-1454.101412184842
baseline_plus_pullback_scaled_to_baseline_risk,2025-05-28,-240.8273321032658,69228.27253557206,-1694.9287442881032
baseline_plus_pullback_scaled_to_baseline_risk,2025-05-30,-326.9443822524586,68901.3281533196,-2021.8731265405659
baseline_plus_pullback_scaled_to_baseline_risk,2025-06-03,440.09818070430487,69341.4263340239,-1581.7749458362669
baseline_plus_pullback_scaled_to_baseline_risk,2025-06-04,-560.2615064938761,68781.16482753002,-2142.0364523301396
baseline_plus_pullback_scaled_to_baseline_risk,2025-06-06,-457.62199904861734,68323.54282848141,-2599.658451378753
baseline_plus_pullback_scaled_to_baseline_risk,2025-06-09,1441.9599094748555,69765.50273795627,-1157.6985419038974
baseline_plus_pullback_scaled_to_baseline_risk,2025-06-10,-394.53625300909243,69370.96648494717,-1552.2347949129908
baseline_plus_pullback_scaled_to_baseline_risk,2025-06-11,-226.3075969036926,69144.65888804349,-1778.542391816678
baseline_plus_pullback_scaled_to_baseline_risk,2025-06-12,-479.15126158591556,68665.50762645756,-2257.6936534026026
baseline_plus_pullback_scaled_to_baseline_risk,2025-06-13,-295.9021897568193,68369.60543670075,-2553.595843159419
baseline_plus_pullback_scaled_to_baseline_risk,2025-06-16,-320.4355354388568,68049.16990126189,-2874.0313785982726
baseline_plus_pullback_scaled_to_baseline_risk,2025-06-17,-356.4845331757282,67692.68536808615,-3230.5159117740113
baseline_plus_pullback_scaled_to_baseline_risk,2025-06-18,-445.6056664696602,67247.0797016165,-3676.121578243663
baseline_plus_pullback_scaled_to_baseline_risk,2025-06-23,-350.4763668862496,66896.60333473024,-4026.597945129921
baseline_plus_pullback_scaled_to_baseline_risk,2025-06-24,237.3225684344033,67133.92590316465,-3789.275376695514
baseline_plus_pullback_scaled_to_baseline_risk,2025-06-25,146.19871304397842,67280.12461620863,-3643.0766636515327
baseline_plus_pullback_scaled_to_baseline_risk,2025-06-26,160.2177677194284,67440.34238392806,-3482.858895932106
baseline_plus_pullback_scaled_to_baseline_risk,2025-06-27,-653.3880839807939,66786.95429994726,-4136.246979912903
baseline_plus_pullback_scaled_to_baseline_risk,2025-07-01,-665.9050970838742,66121.04920286339,-4802.152076996776
baseline_plus_pullback_scaled_to_baseline_risk,2025-07-02,809.0997269831134,66930.1489298465,-3993.0523500136624
baseline_plus_pullback_scaled_to_baseline_risk,2025-07-03,84.1143280526999,67014.2632578992,-3908.9380219609593
baseline_plus_pullback_scaled_to_baseline_risk,2025-07-07,109.14835425886059,67123.41161215806,-3799.7896677021054
baseline_plus_pullback_scaled_to_baseline_risk,2025-07-08,-576.5336235278784,66546.87798863018,-4376.323291229986
baseline_plus_pullback_scaled_to_baseline_risk,2025-07-09,-511.6954956539244,66035.18249297627,-4888.018786883898
baseline_plus_pullback_scaled_to_baseline_risk,2025-07-10,-170.23137820189268,65864.95111477436,-5058.250165085803
baseline_plus_pullback_scaled_to_baseline_risk,2025-07-11,-41.55648350222674,65823.39463127214,-5099.806648588026
baseline_plus_pullback_scaled_to_baseline_risk,2025-07-14,84.1143280526999,65907.50895932484,-5015.692320535323
baseline_plus_pullback_scaled_to_baseline_risk,2025-07-15,259.35251149582473,66166.86147082067,-4756.339809039491
baseline_plus_pullback_scaled_to_baseline_risk,2025-07-16,-423.0750428841156,65743.78642793655,-5179.414851923619
baseline_plus_pullback_scaled_to_baseline_risk,2025-07-17,179.74430816023374,65923.53073609679,-4999.670543763379
baseline_plus_pullback_scaled_to_baseline_risk,2025-07-18,197.7688070286694,66121.29954312545,-4801.901736734711
baseline_plus_pullback_scaled_to_baseline_risk,2025-07-21,-114.15515950009274,66007.14438362536,-4916.056896234804
baseline_plus_pullback_scaled_to_baseline_risk,2025-07-23,-231.31440214492474,65775.82998148043,-5147.37129837973
baseline_plus_pullback_scaled_to_baseline_risk,2025-07-24,-738.5037730817403,65037.3262083987,-5885.875071461465
baseline_plus_pullback_scaled_to_baseline_risk,2025-07-25,76.10343966672849,65113.42964806543,-5809.771631794734
baseline_plus_pullback_scaled_to_baseline_risk,2025-07-29,564.7676312109851,65678.19727927641,-5245.004000583751
baseline_plus_pullback_scaled_to_baseline_risk,2025-07-31,585.79621322416,66263.99349250057,-4659.207787359599
baseline_plus_pullback_scaled_to_baseline_risk,2025-08-04,143.19462989923912,66407.18812239982,-4516.013157460344
baseline_plus_pullback_scaled_to_baseline_risk,2025-08-05,1204.6373410404522,67611.82546344027,-3311.3758164198953
baseline_plus_pullback_scaled_to_baseline_risk,2025-08-07,1141.5515950009274,68753.3770584412,-2169.8242214189668
baseline_plus_pullback_scaled_to_baseline_risk,2025-08-08,284.3865377019854,69037.76359614318,-1885.4376837169839
baseline_plus_pullback_scaled_to_baseline_risk,2025-08-11,-287.3906208467247,68750.37297529646,-2172.828304563707
baseline_plus_pullback_scaled_to_baseline_risk,2025-08-13,303.4123976186675,69053.78537291512,-1869.4159069450398
baseline_plus_pullback_scaled_to_baseline_risk,2025-08-14,-92.12521643867133,68961.66015647646,-1961.5411233837076
baseline_plus_pullback_scaled_to_baseline_risk,2025-08-15,-71.59731494961956,68890.06284152683,-2033.1384383333352
baseline_plus_pullback_scaled_to_baseline_risk,2025-08-18,-346.4709226932639,68543.59191883357,-2379.609361026596
baseline_plus_pullback_scaled_to_baseline_risk,2025-08-19,548.7458544390422,69092.33777327261,-1830.863506587557
baseline_plus_pullback_scaled_to_baseline_risk,2025-08-25,-337.45867325904607,68754.87910001357,-2168.3221798465966
baseline_plus_pullback_scaled_to_baseline_risk,2025-08-26,136.68578308563735,68891.5648830992,-2031.636396760965
baseline_plus_pullback_scaled_to_baseline_risk,2025-08-27,-321.43689648710324,68570.1279866121,-2353.0732932480605
baseline_plus_pullback_scaled_to_baseline_risk,2025-08-28,9.512929958341061,68579.64091657044,-2343.5603632897255
baseline_plus_pullback_scaled_to_baseline_risk,2025-08-29,60.08166289478565,68639.72257946523,-2283.4787003949314
baseline_plus_pullback_scaled_to_baseline_risk,2025-09-03,-546.7431323425494,68092.97944712268,-2830.2218327374867
baseline_plus_pullback_scaled_to_baseline_risk,2025-09-04,-371.25460863736254,67721.72483848532,-3201.476441374849
baseline_plus_pullback_scaled_to_baseline_risk,2025-09-08,-219.79875009009083,67501.92608839524,-3421.275191464927
baseline_plus_pullback_scaled_to_baseline_risk,2025-09-09,-443.10226384904416,67058.82382454618,-3864.377455313981
baseline_plus_pullback_scaled_to_baseline_risk,2025-09-11,52.070774508814225,67110.894599055,-3812.3066808051663
baseline_plus_pullback_scaled_to_baseline_risk,2025-09-12,282.88449612961574,67393.77909518461,-3529.4221846755536
baseline_plus_pullback_scaled_to_baseline_risk,2025-09-17,982.3351883297454,68376.11428351435,-2547.08699634581
baseline_plus_pullback_scaled_to_baseline_risk,2025-09-18,-64.08710708777136,68312.02717642659,-2611.174103433572
baseline_plus_pullback_scaled_to_baseline_risk,2025-09-22,1371.8646360976056,69683.89181252419,-1239.3094673359737
baseline_plus_pullback_scaled_to_baseline_risk,2025-09-24,70.09527337724992,69753.98708590145,-1169.2141939587164
baseline_plus_pullback_scaled_to_baseline_risk,2025-09-25,68.09255128075706,69822.0796371822,-1101.1216426779574
baseline_plus_pullback_scaled_to_baseline_risk,2025-09-26,-255.8477478269622,69566.23188935523,-1356.9693905049353
baseline_plus_pullback_scaled_to_baseline_risk,2025-09-29,-439.59750018018167,69126.63438917506,-1796.566890685106
baseline_plus_pullback_scaled_to_baseline_risk,2025-09-30,285.38789875023184,69412.02228792528,-1511.1789919348812
baseline_plus_pullback_scaled_to_baseline_risk,2025-10-01,302.9117170945443,69714.93400501984,-1208.2672748403274
baseline_plus_pullback_scaled_to_baseline_risk,2025-10-02,-322.43825753534963,69392.49574748449,-1530.7055323756795
baseline_plus_pullback_scaled_to_baseline_risk,2025-10-03,491.1675941648727,69883.66334164936,-1039.5379382108076
baseline_plus_pullback_scaled_to_baseline_risk,2025-10-07,1231.6740893431058,71115.33743099245,0.0
baseline_plus_pullback_scaled_to_baseline_risk,2025-10-08,532.7240776670994,71648.06150865956,0.0
baseline_plus_pullback_scaled_to_baseline_risk,2025-10-09,-372.506309947671,71275.55519871188,-372.5063099476829
baseline_plus_pullback_scaled_to_baseline_risk,2025-10-10,991.3474377639632,72266.90263647585,0.0
baseline_plus_pullback_scaled_to_baseline_risk,2025-10-14,0.0,72266.90263647585,0.0
baseline_plus_pullback_scaled_to_baseline_risk,2025-10-20,115.15652054833916,72382.05915702418,0.0
baseline_plus_pullback_scaled_to_baseline_risk,2025-10-21,-588.8002963688994,71793.25886065529,-588.8002963688923
baseline_plus_pullback_scaled_to_baseline_risk,2025-10-22,1109.5080414570416,72902.76690211233,0.0
baseline_plus_pullback_scaled_to_baseline_risk,2025-10-23,133.18101941677486,73035.94792152909,0.0
baseline_plus_pullback_scaled_to_baseline_risk,2025-10-27,596.8111847548707,73632.75910628398,0.0
baseline_plus_pullback_scaled_to_baseline_risk,2025-10-28,-290.394703991464,73342.3644022925,-290.3947039914783
baseline_plus_pullback_scaled_to_baseline_risk,2025-10-29,1331.8101941677485,74674.17459646026,0.0
baseline_plus_pullback_scaled_to_baseline_risk,2025-10-30,0.0,74674.17459646026,0.0
baseline_plus_pullback_scaled_to_baseline_risk,2025-10-31,313.4260081011318,74987.60060456139,0.0
baseline_plus_pullback_scaled_to_baseline_risk,2025-11-03,20.527901489051764,75008.12850605045,0.0
baseline_plus_pullback_scaled_to_baseline_risk,2025-11-04,0.0,75008.12850605045,0.0
baseline_plus_pullback_scaled_to_baseline_risk,2025-11-10,-278.37837141250685,74729.75013463793,-278.3783714125166
baseline_plus_pullback_scaled_to_baseline_risk,2025-11-11,-319.18383412855513,74410.56630050938,-597.562205541064
baseline_plus_pullback_scaled_to_baseline_risk,2025-11-12,0.0,74410.56630050938,-597.562205541064
baseline_plus_pullback_scaled_to_baseline_risk,2025-11-17,0.0,74410.56630050938,-597.562205541064
baseline_plus_pullback_scaled_to_baseline_risk,2025-11-25,0.0,74410.56630050938,-597.562205541064
baseline_plus_pullback_scaled_to_baseline_risk,2025-11-28,346.9716032173871,74757.53790372677,-250.59060232367483
baseline_plus_pullback_scaled_to_baseline_risk,2025-12-01,51.0694134605678,74808.60731718733,-199.52118886311655
baseline_plus_pullback_scaled_to_baseline_risk,2025-12-02,-299.4069534256818,74509.20036376166,-498.92814228878706
baseline_plus_pullback_scaled_to_baseline_risk,2025-12-04,0.0,74509.20036376166,-498.92814228878706
baseline_plus_pullback_scaled_to_baseline_risk,2025-12-05,-306.91716128753,74202.28320247412,-805.8453035763232
baseline_plus_pullback_scaled_to_baseline_risk,2025-12-08,102.63950744525881,74304.92270991938,-703.2057961310638
baseline_plus_pullback_scaled_to_baseline_risk,2025-12-09,153.2082403817034,74458.13095030109,-549.9975557493599
baseline_plus_pullback_scaled_to_baseline_risk,2025-12-10,-488.6641915442566,73969.46675875683,-1038.6617472936196
baseline_plus_pullback_scaled_to_baseline_risk,2025-12-11,105.58100552448269,74075.0477642813,-933.0807417691394
baseline_plus_pullback_scaled_to_baseline_risk,2025-12-17,599.81526789961,74674.86303218092,-333.26547386952734
baseline_plus_pullback_scaled_to_baseline_risk,2025-12-18,-181.7470302567266,74493.1160019242,-515.0125041262509
baseline_plus_pullback_scaled_to_baseline_risk,2025-12-22,-90.62317486630168,74402.4928270579,-605.6356789925485
baseline_plus_pullback_scaled_to_baseline_risk,2025-12-23,-231.81508266904797,74170.67774438884,-837.4507616616029
baseline_plus_pullback_scaled_to_baseline_risk,2025-12-26,-176.23954449137125,73994.43819989747,-1013.6903061529738
baseline_plus_pullback_scaled_to_baseline_risk,2025-12-31,603.8207120925957,74598.25891199007,-409.8695940603793
baseline_plus_pullback_scaled_to_baseline_risk,2026-01-05,-204.2776538422712,74393.9812581478,-614.1472479026415
baseline_plus_pullback_scaled_to_baseline_risk,2026-01-06,214.29126432473592,74608.27252247254,-399.8559835779015
baseline_plus_pullback_scaled_to_baseline_risk,2026-01-07,-231.81508266904797,74376.45743980349,-631.6710662469559
baseline_plus_pullback_scaled_to_baseline_risk,2026-01-12,0.0,74376.45743980349,-631.6710662469559
baseline_plus_pullback_scaled_to_baseline_risk,2026-01-15,182.748391304973,74559.20583110847,-448.92267494197586
baseline_plus_pullback_scaled_to_baseline_risk,2026-01-16,42.05716402634995,74601.2629951348,-406.8655109156389
baseline_plus_pullback_scaled_to_baseline_risk,2026-01-21,0.0,74601.2629951348,-406.8655109156389
baseline_plus_pullback_scaled_to_baseline_risk,2026-01-26,-29.54015092326961,74571.72284421154,-436.4056618389004
baseline_plus_pullback_scaled_to_baseline_risk,2026-01-27,15.020415723696413,74586.74325993523,-421.3852461152128
baseline_plus_pullback_scaled_to_baseline_risk,2026-01-28,374.50903204416386,74961.2522919794,-46.87621407104598
baseline_plus_pullback_capped_50pct,2024-01-02,-14.5,49985.5,0.0
baseline_plus_pullback_capped_50pct,2024-01-03,204.0,50189.5,0.0
baseline_plus_pullback_capped_50pct,2024-01-04,-528.0,49661.5,-528.0
baseline_plus_pullback_capped_50pct,2024-01-05,-506.0,49155.5,-1034.0
baseline_plus_pullback_capped_50pct,2024-01-08,636.0,49791.5,-398.0
baseline_plus_pullback_capped_50pct,2024-01-09,717.0,50508.5,0.0
baseline_plus_pullback_capped_50pct,2024-01-10,-524.0,49984.5,-524.0
baseline_plus_pullback_capped_50pct,2024-01-11,-167.0,49817.5,-691.0
baseline_plus_pullback_capped_50pct,2024-01-12,-94.5,49723.0,-785.5
baseline_plus_pullback_capped_50pct,2024-01-16,126.0,49849.0,-659.5
baseline_plus_pullback_capped_50pct,2024-01-17,-616.0,49233.0,-1275.5
baseline_plus_pullback_capped_50pct,2024-01-18,-672.5,48560.5,-1948.0
baseline_plus_pullback_capped_50pct,2024-01-19,1015.0,49575.5,-933.0
baseline_plus_pullback_capped_50pct,2024-01-22,62.5,49638.0,-870.5
baseline_plus_pullback_capped_50pct,2024-01-24,-680.0,48958.0,-1550.5
baseline_plus_pullback_capped_50pct,2024-01-25,-312.0,48646.0,-1862.5
baseline_plus_pullback_capped_50pct,2024-01-26,-630.0,48016.0,-2492.5
baseline_plus_pullback_capped_50pct,2024-01-29,-261.0,47755.0,-2753.5
baseline_plus_pullback_capped_50pct,2024-01-30,957.9375000000002,48712.9375,-1795.5625
baseline_plus_pullback_capped_50pct,2024-01-31,-367.0,48345.9375,-2162.5625
baseline_plus_pullback_capped_50pct,2024-02-01,-666.0,47679.9375,-2828.5625
baseline_plus_pullback_capped_50pct,2024-02-02,161.0,47840.9375,-2667.5625
baseline_plus_pullback_capped_50pct,2024-02-05,-506.0,47334.9375,-3173.5625
baseline_plus_pullback_capped_50pct,2024-02-06,-75.0,47259.9375,-3248.5625
baseline_plus_pullback_capped_50pct,2024-02-07,196.5,47456.4375,-3052.0625
baseline_plus_pullback_capped_50pct,2024-02-08,42.0,47498.4375,-3010.0625
baseline_plus_pullback_capped_50pct,2024-02-09,652.0,48150.4375,-2358.0625
baseline_plus_pullback_capped_50pct,2024-02-13,-315.5,47834.9375,-2673.5625
baseline_plus_pullback_capped_50pct,2024-02-14,-680.0,47154.9375,-3353.5625
baseline_plus_pullback_capped_50pct,2024-02-15,-419.0,46735.9375,-3772.5625
baseline_plus_pullback_capped_50pct,2024-02-16,16.0,46751.9375,-3756.5625
baseline_plus_pullback_capped_50pct,2024-02-20,-138.0,46613.9375,-3894.5625
baseline_plus_pullback_capped_50pct,2024-02-21,-457.5,46156.4375,-4352.0625
baseline_plus_pullback_capped_50pct,2024-02-22,357.0,46513.4375,-3995.0625
baseline_plus_pullback_capped_50pct,2024-02-23,469.5,46982.9375,-3525.5625
baseline_plus_pullback_capped_50pct,2024-02-27,-370.0,46612.9375,-3895.5625
baseline_plus_pullback_capped_50pct,2024-02-29,-586.5,46026.4375,-4482.0625
baseline_plus_pullback_capped_50pct,2024-03-01,868.0,46894.4375,-3614.0625
baseline_plus_pullback_capped_50pct,2024-03-04,-728.0,46166.4375,-4342.0625
baseline_plus_pullback_capped_50pct,2024-03-05,294.0,46460.4375,-4048.0625
baseline_plus_pullback_capped_50pct,2024-03-06,-381.0,46079.4375,-4429.0625
baseline_plus_pullback_capped_50pct,2024-03-07,154.5,46233.9375,-4274.5625
baseline_plus_pullback_capped_50pct,2024-03-08,-188.3375000000002,46045.6,-4462.9000000000015
baseline_plus_pullback_capped_50pct,2024-03-11,-433.0,45612.6,-4895.9000000000015
baseline_plus_pullback_capped_50pct,2024-03-12,504.0,46116.6,-4391.9000000000015
baseline_plus_pullback_capped_50pct,2024-03-13,-48.0,46068.6,-4439.9000000000015
baseline_plus_pullback_capped_50pct,2024-03-14,-135.5,45933.1,-4575.4000000000015
baseline_plus_pullback_capped_50pct,2024-03-18,-375.0,45558.1,-4950.4000000000015
baseline_plus_pullback_capped_50pct,2024-03-19,457.0,46015.1,-4493.4000000000015
baseline_plus_pullback_capped_50pct,2024-03-20,861.4375,46876.5375,-3631.9625000000015
baseline_plus_pullback_capped_50pct,2024-03-21,197.87500000000068,47074.4125,-3434.0875000000015
baseline_plus_pullback_capped_50pct,2024-03-22,109.5,47183.9125,-3324.5875000000015
baseline_plus_pullback_capped_50pct,2024-03-25,34.0,47217.9125,-3290.5875000000015
baseline_plus_pullback_capped_50pct,2024-03-26,-666.0,46551.9125,-3956.5875000000015
baseline_plus_pullback_capped_50pct,2024-03-27,-165.5,46386.4125,-4122.0875000000015
baseline_plus_pullback_capped_50pct,2024-04-01,-41.468749999999886,46344.94375,-4163.5562500000015
baseline_plus_pullback_capped_50pct,2024-04-02,-457.78125,45887.1625,-4621.3375000000015
baseline_plus_pullback_capped_50pct,2024-04-03,972.0,46859.1625,-3649.3375000000015
baseline_plus_pullback_capped_50pct,2024-04-05,68.0,46927.1625,-3581.3375000000015
baseline_plus_pullback_capped_50pct,2024-04-08,-77.0,46850.1625,-3658.3375000000015
baseline_plus_pullback_capped_50pct,2024-04-09,566.0,47416.1625,-3092.3375000000015
baseline_plus_pullback_capped_50pct,2024-04-10,-95.0,47321.1625,-3187.3375000000015
baseline_plus_pullback_capped_50pct,2024-04-11,-645.0,46676.1625,-3832.3375000000015
baseline_plus_pullback_capped_50pct,2024-04-12,825.0,47501.1625,-3007.3375000000015
baseline_plus_pullback_capped_50pct,2024-04-15,1408.6250000000002,48909.7875,-1598.7125000000015
baseline_plus_pullback_capped_50pct,2024-04-16,-742.0,48167.7875,-2340.7125000000015
baseline_plus_pullback_capped_50pct,2024-04-17,1134.0,49301.7875,-1206.7125000000015
baseline_plus_pullback_capped_50pct,2024-04-18,-272.0,49029.7875,-1478.7125000000015
baseline_plus_pullback_capped_50pct,2024-04-19,462.00000000000017,49491.7875,-1016.7125000000015
baseline_plus_pullback_capped_50pct,2024-04-22,-287.0,49204.7875,-1303.7125000000015
baseline_plus_pullback_capped_50pct,2024-04-23,128.0,49332.7875,-1175.7125000000015
baseline_plus_pullback_capped_50pct,2024-04-24,682.0,50014.7875,-493.71250000000146
baseline_plus_pullback_capped_50pct,2024-04-25,394.0,50408.7875,-99.71250000000146
baseline_plus_pullback_capped_50pct,2024-04-26,136.0,50544.7875,0.0
baseline_plus_pullback_capped_50pct,2024-04-29,-438.0,50106.7875,-438.0
baseline_plus_pullback_capped_50pct,2024-04-30,520.0,50626.7875,0.0
baseline_plus_pullback_capped_50pct,2024-05-01,-528.0,50098.7875,-528.0
baseline_plus_pullback_capped_50pct,2024-05-02,-305.0,49793.7875,-833.0
baseline_plus_pullback_capped_50pct,2024-05-06,317.0,50110.7875,-516.0
baseline_plus_pullback_capped_50pct,2024-05-08,2.5,50113.2875,-513.5
baseline_plus_pullback_capped_50pct,2024-05-09,10.5,50123.7875,-503.0
baseline_plus_pullback_capped_50pct,2024-05-10,22.5,50146.2875,-480.5
baseline_plus_pullback_capped_50pct,2024-05-14,805.0,50951.2875,0.0
baseline_plus_pullback_capped_50pct,2024-05-15,686.5000000000005,51637.787500000006,0.0
baseline_plus_pullback_capped_50pct,2024-05-21,708.0,52345.787500000006,0.0
baseline_plus_pullback_capped_50pct,2024-05-23,281.4062499999999,52627.193750000006,0.0
baseline_plus_pullback_capped_50pct,2024-05-24,980.0,53607.193750000006,0.0
baseline_plus_pullback_capped_50pct,2024-05-29,-586.5,53020.693750000006,-586.5
baseline_plus_pullback_capped_50pct,2024-05-30,600.0,53620.693750000006,0.0
baseline_plus_pullback_capped_50pct,2024-05-31,896.0,54516.693750000006,0.0
baseline_plus_pullback_capped_50pct,2024-06-03,416.0,54932.693750000006,0.0
baseline_plus_pullback_capped_50pct,2024-06-04,-496.5,54436.193750000006,-496.5
baseline_plus_pullback_capped_50pct,2024-06-05,654.0,55090.193750000006,0.0
baseline_plus_pullback_capped_50pct,2024-06-07,-110.0,54980.193750000006,-110.0
baseline_plus_pullback_capped_50pct,2024-06-10,837.0,55817.193750000006,0.0
baseline_plus_pullback_capped_50pct,2024-06-11,280.0,56097.193750000006,0.0
baseline_plus_pullback_capped_50pct,2024-06-12,-46.0,56051.193750000006,-46.0
baseline_plus_pullback_capped_50pct,2024-06-13,1020.0,57071.193750000006,0.0
baseline_plus_pullback_capped_50pct,2024-06-17,1445.0,58516.193750000006,0.0
baseline_plus_pullback_capped_50pct,2024-06-18,-369.0,58147.193750000006,-369.0
baseline_plus_pullback_capped_50pct,2024-06-20,560.0,58707.193750000006,0.0
baseline_plus_pullback_capped_50pct,2024-06-24,-486.0,58221.193750000006,-486.0
baseline_plus_pullback_capped_50pct,2024-06-25,1048.0,59269.193750000006,0.0
baseline_plus_pullback_capped_50pct,2024-06-26,-700.0,58569.193750000006,-700.0
baseline_plus_pullback_capped_50pct,2024-06-27,-739.5,57829.693750000006,-1439.5
baseline_plus_pullback_capped_50pct,2024-06-28,-527.0,57302.693750000006,-1966.5
baseline_plus_pullback_capped_50pct,2024-07-01,-307.0,56995.693750000006,-2273.5
baseline_plus_pullback_capped_50pct,2024-07-02,278.5,57274.193750000006,-1995.0
baseline_plus_pullback_capped_50pct,2024-07-03,1440.0,58714.193750000006,-555.0
baseline_plus_pullback_capped_50pct,2024-07-05,492.0,59206.193750000006,-63.0
baseline_plus_pullback_capped_50pct,2024-07-08,-348.3749999999998,58857.818750000006,-411.375
baseline_plus_pullback_capped_50pct,2024-07-09,1288.0,60145.818750000006,0.0
baseline_plus_pullback_capped_50pct,2024-07-10,-714.0,59431.818750000006,-714.0
baseline_plus_pullback_capped_50pct,2024-07-11,1053.0,60484.818750000006,0.0
baseline_plus_pullback_capped_50pct,2024-07-12,-91.62499999999989,60393.193750000006,-91.625
baseline_plus_pullback_capped_50pct,2024-07-15,-356.0,60037.193750000006,-447.625
baseline_plus_pullback_capped_50pct,2024-07-16,-149.0,59888.193750000006,-596.625
baseline_plus_pullback_capped_50pct,2024-07-17,808.0,60696.193750000006,0.0
baseline_plus_pullback_capped_50pct,2024-07-18,220.0,60916.193750000006,0.0
baseline_plus_pullback_capped_50pct,2024-07-19,173.5,61089.693750000006,0.0
baseline_plus_pullback_capped_50pct,2024-07-22,-296.5,60793.193750000006,-296.5
baseline_plus_pullback_capped_50pct,2024-07-23,-222.5,60570.693750000006,-519.0
baseline_plus_pullback_capped_50pct,2024-07-24,638.0,61208.693750000006,0.0
baseline_plus_pullback_capped_50pct,2024-07-30,1102.0,62310.693750000006,0.0
baseline_plus_pullback_capped_50pct,2024-08-07,675.0,62985.693750000006,0.0
baseline_plus_pullback_capped_50pct,2024-08-12,-43.5,62942.193750000006,-43.5
baseline_plus_pullback_capped_50pct,2024-08-13,808.0,63750.193750000006,0.0
baseline_plus_pullback_capped_50pct,2024-08-14,-699.0,63051.193750000006,-699.0
baseline_plus_pullback_capped_50pct,2024-08-15,221.5,63272.693750000006,-477.5
baseline_plus_pullback_capped_50pct,2024-08-16,276.0,63548.693750000006,-201.5
baseline_plus_pullback_capped_50pct,2024-08-19,-553.5,62995.193750000006,-755.0
baseline_plus_pullback_capped_50pct,2024-08-20,-32.5,62962.693750000006,-787.5
baseline_plus_pullback_capped_50pct,2024-08-21,-516.0,62446.693750000006,-1303.5
baseline_plus_pullback_capped_50pct,2024-08-22,1396.0,63842.693750000006,0.0
baseline_plus_pullback_capped_50pct,2024-08-23,-455.6249999999998,63387.068750000006,-455.625
baseline_plus_pullback_capped_50pct,2024-08-26,1131.0,64518.068750000006,0.0
baseline_plus_pullback_capped_50pct,2024-08-27,146.0,64664.068750000006,0.0
baseline_plus_pullback_capped_50pct,2024-08-28,522.0,65186.068750000006,0.0
baseline_plus_pullback_capped_50pct,2024-08-30,-410.0,64776.068750000006,-410.0
baseline_plus_pullback_capped_50pct,2024-09-09,-441.0,64335.068750000006,-851.0
baseline_plus_pullback_capped_50pct,2024-09-13,81.0,64416.068750000006,-770.0
baseline_plus_pullback_capped_50pct,2024-09-16,-309.0,64107.068750000006,-1079.0
baseline_plus_pullback_capped_50pct,2024-09-17,-529.0,63578.068750000006,-1608.0
baseline_plus_pullback_capped_50pct,2024-09-18,-460.5,63117.568750000006,-2068.5
baseline_plus_pullback_capped_50pct,2024-09-19,15.0,63132.568750000006,-2053.5
baseline_plus_pullback_capped_50pct,2024-09-23,-642.0,62490.568750000006,-2695.5
baseline_plus_pullback_capped_50pct,2024-09-24,-471.0,62019.568750000006,-3166.5
baseline_plus_pullback_capped_50pct,2024-09-25,-619.3124999999997,61400.256250000006,-3785.8125
baseline_plus_pullback_capped_50pct,2024-09-26,92.5,61492.756250000006,-3693.3125
baseline_plus_pullback_capped_50pct,2024-09-27,538.5,62031.256250000006,-3154.8125
baseline_plus_pullback_capped_50pct,2024-09-30,-196.0,61835.256250000006,-3350.8125
baseline_plus_pullback_capped_50pct,2024-10-02,81.5,61916.756250000006,-3269.3125
baseline_plus_pullback_capped_50pct,2024-10-03,-323.5,61593.256250000006,-3592.8125
baseline_plus_pullback_capped_50pct,2024-10-07,-658.0,60935.256250000006,-4250.8125
baseline_plus_pullback_capped_50pct,2024-10-08,371.0,61306.256250000006,-3879.8125
baseline_plus_pullback_capped_50pct,2024-10-09,1270.0,62576.256250000006,-2609.8125
baseline_plus_pullback_capped_50pct,2024-10-10,116.0,62692.256250000006,-2493.8125
baseline_plus_pullback_capped_50pct,2024-10-11,349.5,63041.756250000006,-2144.3125
baseline_plus_pullback_capped_50pct,2024-10-14,-314.0,62727.756250000006,-2458.3125
baseline_plus_pullback_capped_50pct,2024-10-15,1280.0,64007.756250000006,-1178.3125
baseline_plus_pullback_capped_50pct,2024-10-18,-128.0,63879.756250000006,-1306.3125
baseline_plus_pullback_capped_50pct,2024-10-21,-708.0,63171.756250000006,-2014.3125
baseline_plus_pullback_capped_50pct,2024-10-22,77.0,63248.756250000006,-1937.3125
baseline_plus_pullback_capped_50pct,2024-10-23,1422.0,64670.756250000006,-515.3125
baseline_plus_pullback_capped_50pct,2024-10-24,-525.0,64145.756250000006,-1040.3125
baseline_plus_pullback_capped_50pct,2024-10-25,-711.0,63434.756250000006,-1751.3125
baseline_plus_pullback_capped_50pct,2024-10-28,174.0,63608.756250000006,-1577.3125
baseline_plus_pullback_capped_50pct,2024-10-29,398.0,64006.756250000006,-1179.3125
baseline_plus_pullback_capped_50pct,2024-10-30,-277.0,63729.756250000006,-1456.3125
baseline_plus_pullback_capped_50pct,2024-10-31,218.5,63948.256250000006,-1237.8125
baseline_plus_pullback_capped_50pct,2024-11-01,-77.0,63871.256250000006,-1314.8125
baseline_plus_pullback_capped_50pct,2024-11-04,-234.0,63637.256250000006,-1548.8125
baseline_plus_pullback_capped_50pct,2024-11-05,624.0,64261.256250000006,-924.8125
baseline_plus_pullback_capped_50pct,2024-11-06,182.62500000000045,64443.881250000006,-742.1875
baseline_plus_pullback_capped_50pct,2024-11-07,597.0,65040.881250000006,-145.1875
baseline_plus_pullback_capped_50pct,2024-11-08,-702.0,64338.881250000006,-847.1875
baseline_plus_pullback_capped_50pct,2024-11-11,-206.0,64132.881250000006,-1053.1875
baseline_plus_pullback_capped_50pct,2024-11-12,-40.0,64092.881250000006,-1093.1875
baseline_plus_pullback_capped_50pct,2024-11-13,-456.0,63636.881250000006,-1549.1875
baseline_plus_pullback_capped_50pct,2024-11-14,124.0,63760.881250000006,-1425.1875
baseline_plus_pullback_capped_50pct,2024-11-15,798.0,64558.881250000006,-627.1875
baseline_plus_pullback_capped_50pct,2024-11-18,283.5,64842.381250000006,-343.6875
baseline_plus_pullback_capped_50pct,2024-11-19,377.0,65219.381250000006,0.0
baseline_plus_pullback_capped_50pct,2024-11-20,-292.5,64926.881250000006,-292.5
baseline_plus_pullback_capped_50pct,2024-11-26,-146.5,64780.381250000006,-439.0
baseline_plus_pullback_capped_50pct,2024-11-27,27.0,64807.381250000006,-412.0
baseline_plus_pullback_capped_50pct,2024-11-29,394.5,65201.881250000006,-17.5
baseline_plus_pullback_capped_50pct,2024-12-02,89.0,65290.881250000006,0.0
baseline_plus_pullback_capped_50pct,2024-12-03,222.0,65512.881250000006,0.0
baseline_plus_pullback_capped_50pct,2024-12-04,785.0,66297.88125,0.0
baseline_plus_pullback_capped_50pct,2024-12-06,139.0,66436.88125,0.0
baseline_plus_pullback_capped_50pct,2024-12-09,387.0,66823.88125,0.0
baseline_plus_pullback_capped_50pct,2024-12-10,-378.0,66445.88125,-378.0
baseline_plus_pullback_capped_50pct,2024-12-11,319.0,66764.88125,-59.0
baseline_plus_pullback_capped_50pct,2024-12-12,-289.5,66475.38125,-348.5
baseline_plus_pullback_capped_50pct,2024-12-13,-66.5,66408.88125,-415.0
baseline_plus_pullback_capped_50pct,2024-12-16,530.0,66938.88125,0.0
baseline_plus_pullback_capped_50pct,2024-12-17,-562.5,66376.38125,-562.5
baseline_plus_pullback_capped_50pct,2024-12-18,-193.0,66183.38125,-755.5
baseline_plus_pullback_capped_50pct,2024-12-24,258.0,66441.38125,-497.5
baseline_plus_pullback_capped_50pct,2024-12-26,-12.0,66429.38125,-509.5
baseline_plus_pullback_capped_50pct,2024-12-31,515.0,66944.38125,0.0
baseline_plus_pullback_capped_50pct,2025-01-06,-274.1249999999998,66670.25625,-274.125
baseline_plus_pullback_capped_50pct,2025-01-14,12.0,66682.25625,-262.125
baseline_plus_pullback_capped_50pct,2025-01-15,206.87500000000045,66889.13125,-55.25
baseline_plus_pullback_capped_50pct,2025-01-16,216.5,67105.63125,0.0
baseline_plus_pullback_capped_50pct,2025-01-22,-67.0,67038.63125,-67.0
baseline_plus_pullback_capped_50pct,2025-01-23,1314.0,68352.63125,0.0
baseline_plus_pullback_capped_50pct,2025-01-24,682.0,69034.63125,0.0
baseline_plus_pullback_capped_50pct,2025-01-29,-232.5,68802.13125,-232.5
baseline_plus_pullback_capped_50pct,2025-01-31,-239.5,68562.63125,-472.0
baseline_plus_pullback_capped_50pct,2025-02-04,346.0,68908.63125,-126.0
baseline_plus_pullback_capped_50pct,2025-02-05,-459.0,68449.63125,-585.0
baseline_plus_pullback_capped_50pct,2025-02-06,-744.0,67705.63125,-1329.0
baseline_plus_pullback_capped_50pct,2025-02-07,1024.0,68729.63125,-305.0
baseline_plus_pullback_capped_50pct,2025-02-10,106.5,68836.13125,-198.5
baseline_plus_pullback_capped_50pct,2025-02-11,-121.0,68715.13125,-319.5
baseline_plus_pullback_capped_50pct,2025-02-12,212.5,68927.63125,-107.0
baseline_plus_pullback_capped_50pct,2025-02-13,279.5,69207.13125,0.0
baseline_plus_pullback_capped_50pct,2025-02-14,237.0,69444.13125,0.0
baseline_plus_pullback_capped_50pct,2025-02-18,-456.0,68988.13125,-456.0
baseline_plus_pullback_capped_50pct,2025-02-19,-291.0,68697.13125,-747.0
baseline_plus_pullback_capped_50pct,2025-02-20,-315.5,68381.63125,-1062.5
baseline_plus_pullback_capped_50pct,2025-02-21,510.0,68891.63125,-552.5
baseline_plus_pullback_capped_50pct,2025-03-13,134.0,69025.63125,-418.5
baseline_plus_pullback_capped_50pct,2025-03-14,105.5,69131.13125,-313.0
baseline_plus_pullback_capped_50pct,2025-03-17,-340.5,68790.63125,-653.5
baseline_plus_pullback_capped_50pct,2025-03-19,234.0,69024.63125,-419.5
baseline_plus_pullback_capped_50pct,2025-03-20,-153.0,68871.63125,-572.5
baseline_plus_pullback_capped_50pct,2025-03-24,54.0,68925.63125,-518.5
baseline_plus_pullback_capped_50pct,2025-03-25,640.0,69565.63125,0.0
baseline_plus_pullback_capped_50pct,2025-03-26,371.0,69936.63125,0.0
baseline_plus_pullback_capped_50pct,2025-03-31,0.0,69936.63125,0.0
baseline_plus_pullback_capped_50pct,2025-04-14,0.0,69936.63125,0.0
baseline_plus_pullback_capped_50pct,2025-04-16,-368.5,69568.13125,-368.5
baseline_plus_pullback_capped_50pct,2025-04-22,1286.0,70854.13125,0.0
baseline_plus_pullback_capped_50pct,2025-04-24,0.0,70854.13125,0.0
baseline_plus_pullback_capped_50pct,2025-05-01,-294.5,70559.63125,-294.5
baseline_plus_pullback_capped_50pct,2025-05-05,-441.0,70118.63125,-735.5
baseline_plus_pullback_capped_50pct,2025-05-06,484.0,70602.63125,-251.5
baseline_plus_pullback_capped_50pct,2025-05-07,-711.0,69891.63125,-962.5
baseline_plus_pullback_capped_50pct,2025-05-08,-548.1249999999998,69343.50625,-1510.625
baseline_plus_pullback_capped_50pct,2025-05-09,448.0,69791.50625,-1062.625
baseline_plus_pullback_capped_50pct,2025-05-12,-370.0,69421.50625,-1432.625
baseline_plus_pullback_capped_50pct,2025-05-13,437.0,69858.50625,-995.625
baseline_plus_pullback_capped_50pct,2025-05-14,-117.0,69741.50625,-1112.625
baseline_plus_pullback_capped_50pct,2025-05-15,465.0,70206.50625,-647.625
baseline_plus_pullback_capped_50pct,2025-05-16,-348.0,69858.50625,-995.625
baseline_plus_pullback_capped_50pct,2025-05-19,226.5,70085.00625,-769.125
baseline_plus_pullback_capped_50pct,2025-05-20,-359.0,69726.00625,-1128.125
baseline_plus_pullback_capped_50pct,2025-05-21,-555.4375,69170.56875,-1683.5625
baseline_plus_pullback_capped_50pct,2025-05-27,257.0,69427.56875,-1426.5625
baseline_plus_pullback_capped_50pct,2025-05-28,-240.5,69187.06875,-1667.0625
baseline_plus_pullback_capped_50pct,2025-05-30,-326.5,68860.56875,-1993.5625
baseline_plus_pullback_capped_50pct,2025-06-03,439.5,69300.06875,-1554.0625
baseline_plus_pullback_capped_50pct,2025-06-04,-559.5,68740.56875,-2113.5625
baseline_plus_pullback_capped_50pct,2025-06-06,-457.0,68283.56875,-2570.5625
baseline_plus_pullback_capped_50pct,2025-06-09,1440.0,69723.56875,-1130.5625
baseline_plus_pullback_capped_50pct,2025-06-10,-394.0,69329.56875,-1524.5625
baseline_plus_pullback_capped_50pct,2025-06-11,-226.0,69103.56875,-1750.5625
baseline_plus_pullback_capped_50pct,2025-06-12,-478.5,68625.06875,-2229.0625
baseline_plus_pullback_capped_50pct,2025-06-13,-295.5,68329.56875,-2524.5625
baseline_plus_pullback_capped_50pct,2025-06-16,-320.0,68009.56875,-2844.5625
baseline_plus_pullback_capped_50pct,2025-06-17,-356.0,67653.56875,-3200.5625
baseline_plus_pullback_capped_50pct,2025-06-18,-445.0,67208.56875,-3645.5625
baseline_plus_pullback_capped_50pct,2025-06-23,-350.0,66858.56875,-3995.5625
baseline_plus_pullback_capped_50pct,2025-06-24,237.0,67095.56875,-3758.5625
baseline_plus_pullback_capped_50pct,2025-06-25,146.0,67241.56875,-3612.5625
baseline_plus_pullback_capped_50pct,2025-06-26,160.0,67401.56875,-3452.5625
baseline_plus_pullback_capped_50pct,2025-06-27,-652.5,66749.06875,-4105.0625
baseline_plus_pullback_capped_50pct,2025-07-01,-665.0,66084.06875,-4770.0625
baseline_plus_pullback_capped_50pct,2025-07-02,808.0,66892.06875,-3962.0625
baseline_plus_pullback_capped_50pct,2025-07-03,84.0,66976.06875,-3878.0625
baseline_plus_pullback_capped_50pct,2025-07-07,109.0,67085.06875,-3769.0625
baseline_plus_pullback_capped_50pct,2025-07-08,-568.8749999999989,66516.19375,-4337.9375
baseline_plus_pullback_capped_50pct,2025-07-09,-511.0,66005.19375,-4848.9375
baseline_plus_pullback_capped_50pct,2025-07-10,-170.0,65835.19375,-5018.9375
baseline_plus_pullback_capped_50pct,2025-07-11,-41.5,65793.69375,-5060.4375
baseline_plus_pullback_capped_50pct,2025-07-14,84.0,65877.69375,-4976.4375
baseline_plus_pullback_capped_50pct,2025-07-15,259.0,66136.69375,-4717.4375
baseline_plus_pullback_capped_50pct,2025-07-16,-491.25,65645.44375,-5208.6875
baseline_plus_pullback_capped_50pct,2025-07-17,179.5,65824.94375,-5029.1875
baseline_plus_pullback_capped_50pct,2025-07-18,197.5,66022.44375,-4831.6875
baseline_plus_pullback_capped_50pct,2025-07-21,-114.0,65908.44375,-4945.6875
baseline_plus_pullback_capped_50pct,2025-07-23,-231.0,65677.44375,-5176.6875
baseline_plus_pullback_capped_50pct,2025-07-24,-737.5,64939.943750000006,-5914.1875
baseline_plus_pullback_capped_50pct,2025-07-25,76.0,65015.943750000006,-5838.1875
baseline_plus_pullback_capped_50pct,2025-07-29,564.0,65579.94375,-5274.1875
baseline_plus_pullback_capped_50pct,2025-07-31,585.0,66164.94375,-4689.1875
baseline_plus_pullback_capped_50pct,2025-08-04,143.0,66307.94375,-4546.1875
baseline_plus_pullback_capped_50pct,2025-08-05,1203.0,67510.94375,-3343.1875
baseline_plus_pullback_capped_50pct,2025-08-07,1140.0,68650.94375,-2203.1875
baseline_plus_pullback_capped_50pct,2025-08-08,284.0,68934.94375,-1919.1875
baseline_plus_pullback_capped_50pct,2025-08-11,-287.0,68647.94375,-2206.1875
baseline_plus_pullback_capped_50pct,2025-08-13,303.0,68950.94375,-1903.1875
baseline_plus_pullback_capped_50pct,2025-08-14,-92.0,68858.94375,-1995.1875
baseline_plus_pullback_capped_50pct,2025-08-15,-71.5,68787.44375,-2066.6875
baseline_plus_pullback_capped_50pct,2025-08-18,-346.0,68441.44375,-2412.6875
baseline_plus_pullback_capped_50pct,2025-08-19,548.0,68989.44375,-1864.6875
baseline_plus_pullback_capped_50pct,2025-08-25,-337.0,68652.44375,-2201.6875
baseline_plus_pullback_capped_50pct,2025-08-26,136.5,68788.94375,-2065.1875
baseline_plus_pullback_capped_50pct,2025-08-27,-321.0,68467.94375,-2386.1875
baseline_plus_pullback_capped_50pct,2025-08-28,9.5,68477.44375,-2376.6875
baseline_plus_pullback_capped_50pct,2025-08-29,60.0,68537.44375,-2316.6875
baseline_plus_pullback_capped_50pct,2025-09-03,-546.0,67991.44375,-2862.6875
baseline_plus_pullback_capped_50pct,2025-09-04,-374.8749999999998,67616.56875,-3237.5625
baseline_plus_pullback_capped_50pct,2025-09-08,-219.5,67397.06875,-3457.0625
baseline_plus_pullback_capped_50pct,2025-09-09,-442.5,66954.56875,-3899.5625
baseline_plus_pullback_capped_50pct,2025-09-11,52.0,67006.56875,-3847.5625
baseline_plus_pullback_capped_50pct,2025-09-12,282.5,67289.06875,-3565.0625
baseline_plus_pullback_capped_50pct,2025-09-17,981.0,68270.06875,-2584.0625
baseline_plus_pullback_capped_50pct,2025-09-18,-64.0,68206.06875,-2648.0625
baseline_plus_pullback_capped_50pct,2025-09-22,1370.0,69576.06875,-1278.0625
baseline_plus_pullback_capped_50pct,2025-09-24,70.0,69646.06875,-1208.0625
baseline_plus_pullback_capped_50pct,2025-09-25,68.0,69714.06875,-1140.0625
baseline_plus_pullback_capped_50pct,2025-09-26,-255.5,69458.56875,-1395.5625
baseline_plus_pullback_capped_50pct,2025-09-29,-439.0,69019.56875,-1834.5625
baseline_plus_pullback_capped_50pct,2025-09-30,285.0,69304.56875,-1549.5625
baseline_plus_pullback_capped_50pct,2025-10-01,302.5,69607.06875,-1247.0625
baseline_plus_pullback_capped_50pct,2025-10-02,-322.0,69285.06875,-1569.0625
baseline_plus_pullback_capped_50pct,2025-10-03,490.5,69775.56875,-1078.5625
baseline_plus_pullback_capped_50pct,2025-10-07,1230.0,71005.56875,0.0
baseline_plus_pullback_capped_50pct,2025-10-08,532.0,71537.56875,0.0
baseline_plus_pullback_capped_50pct,2025-10-09,-372.0,71165.56875,-372.0
baseline_plus_pullback_capped_50pct,2025-10-10,990.0,72155.56875,0.0
baseline_plus_pullback_capped_50pct,2025-10-14,0.0,72155.56875,0.0
baseline_plus_pullback_capped_50pct,2025-10-20,115.0,72270.56875,0.0
baseline_plus_pullback_capped_50pct,2025-10-21,-588.0,71682.56875,-588.0
baseline_plus_pullback_capped_50pct,2025-10-22,1108.0,72790.56875,0.0
baseline_plus_pullback_capped_50pct,2025-10-23,133.0,72923.56875,0.0
baseline_plus_pullback_capped_50pct,2025-10-27,596.0,73519.56875,0.0
baseline_plus_pullback_capped_50pct,2025-10-28,-290.0,73229.56875,-290.0
baseline_plus_pullback_capped_50pct,2025-10-29,1330.0,74559.56875,0.0
baseline_plus_pullback_capped_50pct,2025-10-30,0.0,74559.56875,0.0
baseline_plus_pullback_capped_50pct,2025-10-31,313.0,74872.56875,0.0
baseline_plus_pullback_capped_50pct,2025-11-03,20.5,74893.06875,0.0
baseline_plus_pullback_capped_50pct,2025-11-04,0.0,74893.06875,0.0
baseline_plus_pullback_capped_50pct,2025-11-10,-278.0,74615.06875,-278.0
baseline_plus_pullback_capped_50pct,2025-11-11,-360.3750000000032,74254.69375,-638.375
baseline_plus_pullback_capped_50pct,2025-11-12,0.0,74254.69375,-638.375
baseline_plus_pullback_capped_50pct,2025-11-17,0.0,74254.69375,-638.375
baseline_plus_pullback_capped_50pct,2025-11-25,0.0,74254.69375,-638.375
baseline_plus_pullback_capped_50pct,2025-11-28,346.5,74601.19375,-291.875
baseline_plus_pullback_capped_50pct,2025-12-01,51.0,74652.19375,-240.875
baseline_plus_pullback_capped_50pct,2025-12-02,-299.0,74353.19375,-539.875
baseline_plus_pullback_capped_50pct,2025-12-04,0.0,74353.19375,-539.875
baseline_plus_pullback_capped_50pct,2025-12-05,-306.5,74046.69375,-846.375
baseline_plus_pullback_capped_50pct,2025-12-08,102.5,74149.19375,-743.875
baseline_plus_pullback_capped_50pct,2025-12-09,153.0,74302.19375,-590.875
baseline_plus_pullback_capped_50pct,2025-12-10,-488.0,73814.19375,-1078.875
baseline_plus_pullback_capped_50pct,2025-12-11,112.46875,73926.6625,-966.40625
baseline_plus_pullback_capped_50pct,2025-12-17,599.0,74525.6625,-367.40625
baseline_plus_pullback_capped_50pct,2025-12-18,-181.5,74344.1625,-548.90625
baseline_plus_pullback_capped_50pct,2025-12-22,-90.5,74253.6625,-639.40625
baseline_plus_pullback_capped_50pct,2025-12-23,-231.5,74022.1625,-870.90625
baseline_plus_pullback_capped_50pct,2025-12-26,-176.0,73846.1625,-1046.90625
baseline_plus_pullback_capped_50pct,2025-12-31,603.0,74449.1625,-443.90625
baseline_plus_pullback_capped_50pct,2026-01-05,-204.0,74245.1625,-647.90625
baseline_plus_pullback_capped_50pct,2026-01-06,223.00000000000023,74468.1625,-424.90625
baseline_plus_pullback_capped_50pct,2026-01-07,-231.5,74236.6625,-656.40625
baseline_plus_pullback_capped_50pct,2026-01-12,0.0,74236.6625,-656.40625
baseline_plus_pullback_capped_50pct,2026-01-15,182.5,74419.1625,-473.90625
baseline_plus_pullback_capped_50pct,2026-01-16,42.0,74461.1625,-431.90625
baseline_plus_pullback_capped_50pct,2026-01-21,0.0,74461.1625,-431.90625
baseline_plus_pullback_capped_50pct,2026-01-26,-29.5,74431.6625,-461.40625
baseline_plus_pullback_capped_50pct,2026-01-27,15.0,74446.6625,-446.40625
baseline_plus_pullback_capped_50pct,2026-01-28,374.0,74820.6625,-72.40625
baseline_plus_pullback_when_baseline_flat,2024-01-02,-14.5,49985.5,0.0
baseline_plus_pullback_when_baseline_flat,2024-01-03,204.0,50189.5,0.0
baseline_plus_pullback_when_baseline_flat,2024-01-04,-528.0,49661.5,-528.0
baseline_plus_pullback_when_baseline_flat,2024-01-05,-506.0,49155.5,-1034.0
baseline_plus_pullback_when_baseline_flat,2024-01-08,636.0,49791.5,-398.0
baseline_plus_pullback_when_baseline_flat,2024-01-09,717.0,50508.5,0.0
baseline_plus_pullback_when_baseline_flat,2024-01-10,-524.0,49984.5,-524.0
baseline_plus_pullback_when_baseline_flat,2024-01-11,-167.0,49817.5,-691.0
baseline_plus_pullback_when_baseline_flat,2024-01-12,-94.5,49723.0,-785.5
baseline_plus_pullback_when_baseline_flat,2024-01-16,126.0,49849.0,-659.5
baseline_plus_pullback_when_baseline_flat,2024-01-17,-616.0,49233.0,-1275.5
baseline_plus_pullback_when_baseline_flat,2024-01-18,-672.5,48560.5,-1948.0
baseline_plus_pullback_when_baseline_flat,2024-01-19,1015.0,49575.5,-933.0
baseline_plus_pullback_when_baseline_flat,2024-01-22,62.5,49638.0,-870.5
baseline_plus_pullback_when_baseline_flat,2024-01-24,-680.0,48958.0,-1550.5
baseline_plus_pullback_when_baseline_flat,2024-01-25,-312.0,48646.0,-1862.5
baseline_plus_pullback_when_baseline_flat,2024-01-26,-630.0,48016.0,-2492.5
baseline_plus_pullback_when_baseline_flat,2024-01-29,-261.0,47755.0,-2753.5
baseline_plus_pullback_when_baseline_flat,2024-01-30,960.0,48715.0,-1793.5
baseline_plus_pullback_when_baseline_flat,2024-01-31,-367.0,48348.0,-2160.5
baseline_plus_pullback_when_baseline_flat,2024-02-01,-666.0,47682.0,-2826.5
baseline_plus_pullback_when_baseline_flat,2024-02-02,161.0,47843.0,-2665.5
baseline_plus_pullback_when_baseline_flat,2024-02-05,-506.0,47337.0,-3171.5
baseline_plus_pullback_when_baseline_flat,2024-02-06,-75.0,47262.0,-3246.5
baseline_plus_pullback_when_baseline_flat,2024-02-07,196.5,47458.5,-3050.0
baseline_plus_pullback_when_baseline_flat,2024-02-08,42.0,47500.5,-3008.0
baseline_plus_pullback_when_baseline_flat,2024-02-09,652.0,48152.5,-2356.0
baseline_plus_pullback_when_baseline_flat,2024-02-13,-315.5,47837.0,-2671.5
baseline_plus_pullback_when_baseline_flat,2024-02-14,-680.0,47157.0,-3351.5
baseline_plus_pullback_when_baseline_flat,2024-02-15,-419.0,46738.0,-3770.5
baseline_plus_pullback_when_baseline_flat,2024-02-16,16.0,46754.0,-3754.5
baseline_plus_pullback_when_baseline_flat,2024-02-20,-138.0,46616.0,-3892.5
baseline_plus_pullback_when_baseline_flat,2024-02-21,-457.5,46158.5,-4350.0
baseline_plus_pullback_when_baseline_flat,2024-02-22,357.0,46515.5,-3993.0
baseline_plus_pullback_when_baseline_flat,2024-02-23,469.5,46985.0,-3523.5
baseline_plus_pullback_when_baseline_flat,2024-02-27,-370.0,46615.0,-3893.5
baseline_plus_pullback_when_baseline_flat,2024-02-29,-586.5,46028.5,-4480.0
baseline_plus_pullback_when_baseline_flat,2024-03-01,868.0,46896.5,-3612.0
baseline_plus_pullback_when_baseline_flat,2024-03-04,-728.0,46168.5,-4340.0
baseline_plus_pullback_when_baseline_flat,2024-03-05,294.0,46462.5,-4046.0
baseline_plus_pullback_when_baseline_flat,2024-03-06,-381.0,46081.5,-4427.0
baseline_plus_pullback_when_baseline_flat,2024-03-07,154.5,46236.0,-4272.5
baseline_plus_pullback_when_baseline_flat,2024-03-08,-217.0,46019.0,-4489.5
baseline_plus_pullback_when_baseline_flat,2024-03-11,-433.0,45586.0,-4922.5
baseline_plus_pullback_when_baseline_flat,2024-03-12,504.0,46090.0,-4418.5
baseline_plus_pullback_when_baseline_flat,2024-03-13,-48.0,46042.0,-4466.5
baseline_plus_pullback_when_baseline_flat,2024-03-14,-135.5,45906.5,-4602.0
baseline_plus_pullback_when_baseline_flat,2024-03-18,-375.0,45531.5,-4977.0
baseline_plus_pullback_when_baseline_flat,2024-03-19,457.0,45988.5,-4520.0
baseline_plus_pullback_when_baseline_flat,2024-03-20,868.0,46856.5,-3652.0
baseline_plus_pullback_when_baseline_flat,2024-03-21,203.0,47059.5,-3449.0
baseline_plus_pullback_when_baseline_flat,2024-03-22,109.5,47169.0,-3339.5
baseline_plus_pullback_when_baseline_flat,2024-03-25,34.0,47203.0,-3305.5
baseline_plus_pullback_when_baseline_flat,2024-03-26,-666.0,46537.0,-3971.5
baseline_plus_pullback_when_baseline_flat,2024-03-27,-165.5,46371.5,-4137.0
baseline_plus_pullback_when_baseline_flat,2024-04-01,-36.5,46335.0,-4173.5
baseline_plus_pullback_when_baseline_flat,2024-04-02,-454.5,45880.5,-4628.0
baseline_plus_pullback_when_baseline_flat,2024-04-03,972.0,46852.5,-3656.0
baseline_plus_pullback_when_baseline_flat,2024-04-05,68.0,46920.5,-3588.0
baseline_plus_pullback_when_baseline_flat,2024-04-08,-77.0,46843.5,-3665.0
baseline_plus_pullback_when_baseline_flat,2024-04-09,566.0,47409.5,-3099.0
baseline_plus_pullback_when_baseline_flat,2024-04-10,-95.0,47314.5,-3194.0
baseline_plus_pullback_when_baseline_flat,2024-04-11,-645.0,46669.5,-3839.0
baseline_plus_pullback_when_baseline_flat,2024-04-12,825.0,47494.5,-3014.0
baseline_plus_pullback_when_baseline_flat,2024-04-15,1412.0,48906.5,-1602.0
baseline_plus_pullback_when_baseline_flat,2024-04-16,-742.0,48164.5,-2344.0
baseline_plus_pullback_when_baseline_flat,2024-04-17,1134.0,49298.5,-1210.0
baseline_plus_pullback_when_baseline_flat,2024-04-18,-272.0,49026.5,-1482.0
baseline_plus_pullback_when_baseline_flat,2024-04-19,460.0,49486.5,-1022.0
baseline_plus_pullback_when_baseline_flat,2024-04-22,-287.0,49199.5,-1309.0
baseline_plus_pullback_when_baseline_flat,2024-04-23,128.0,49327.5,-1181.0
baseline_plus_pullback_when_baseline_flat,2024-04-24,682.0,50009.5,-499.0
baseline_plus_pullback_when_baseline_flat,2024-04-25,394.0,50403.5,-105.0
baseline_plus_pullback_when_baseline_flat,2024-04-26,136.0,50539.5,0.0
baseline_plus_pullback_when_baseline_flat,2024-04-29,-438.0,50101.5,-438.0
baseline_plus_pullback_when_baseline_flat,2024-04-30,520.0,50621.5,0.0
baseline_plus_pullback_when_baseline_flat,2024-05-01,-528.0,50093.5,-528.0
baseline_plus_pullback_when_baseline_flat,2024-05-02,-305.0,49788.5,-833.0
baseline_plus_pullback_when_baseline_flat,2024-05-06,317.0,50105.5,-516.0
baseline_plus_pullback_when_baseline_flat,2024-05-08,2.5,50108.0,-513.5
baseline_plus_pullback_when_baseline_flat,2024-05-09,10.5,50118.5,-503.0
baseline_plus_pullback_when_baseline_flat,2024-05-10,22.5,50141.0,-480.5
baseline_plus_pullback_when_baseline_flat,2024-05-14,805.0,50946.0,0.0
baseline_plus_pullback_when_baseline_flat,2024-05-15,682.0,51628.0,0.0
baseline_plus_pullback_when_baseline_flat,2024-05-21,708.0,52336.0,0.0
baseline_plus_pullback_when_baseline_flat,2024-05-23,283.0,52619.0,0.0
baseline_plus_pullback_when_baseline_flat,2024-05-24,980.0,53599.0,0.0
baseline_plus_pullback_when_baseline_flat,2024-05-29,-586.5,53012.5,-586.5
baseline_plus_pullback_when_baseline_flat,2024-05-30,600.0,53612.5,0.0
baseline_plus_pullback_when_baseline_flat,2024-05-31,896.0,54508.5,0.0
baseline_plus_pullback_when_baseline_flat,2024-06-03,416.0,54924.5,0.0
baseline_plus_pullback_when_baseline_flat,2024-06-04,-496.5,54428.0,-496.5
baseline_plus_pullback_when_baseline_flat,2024-06-05,654.0,55082.0,0.0
baseline_plus_pullback_when_baseline_flat,2024-06-07,-110.0,54972.0,-110.0
baseline_plus_pullback_when_baseline_flat,2024-06-10,837.0,55809.0,0.0
baseline_plus_pullback_when_baseline_flat,2024-06-11,280.0,56089.0,0.0
baseline_plus_pullback_when_baseline_flat,2024-06-12,-46.0,56043.0,-46.0
baseline_plus_pullback_when_baseline_flat,2024-06-13,1020.0,57063.0,0.0
baseline_plus_pullback_when_baseline_flat,2024-06-17,1445.0,58508.0,0.0
baseline_plus_pullback_when_baseline_flat,2024-06-18,-369.0,58139.0,-369.0
baseline_plus_pullback_when_baseline_flat,2024-06-20,560.0,58699.0,0.0
baseline_plus_pullback_when_baseline_flat,2024-06-24,-486.0,58213.0,-486.0
baseline_plus_pullback_when_baseline_flat,2024-06-25,1048.0,59261.0,0.0
baseline_plus_pullback_when_baseline_flat,2024-06-26,-700.0,58561.0,-700.0
baseline_plus_pullback_when_baseline_flat,2024-06-27,-739.5,57821.5,-1439.5
baseline_plus_pullback_when_baseline_flat,2024-06-28,-527.0,57294.5,-1966.5
baseline_plus_pullback_when_baseline_flat,2024-07-01,-307.0,56987.5,-2273.5
baseline_plus_pullback_when_baseline_flat,2024-07-02,278.5,57266.0,-1995.0
baseline_plus_pullback_when_baseline_flat,2024-07-03,1440.0,58706.0,-555.0
baseline_plus_pullback_when_baseline_flat,2024-07-05,492.0,59198.0,-63.0
baseline_plus_pullback_when_baseline_flat,2024-07-08,-360.0,58838.0,-423.0
baseline_plus_pullback_when_baseline_flat,2024-07-09,1288.0,60126.0,0.0
baseline_plus_pullback_when_baseline_flat,2024-07-10,-714.0,59412.0,-714.0
baseline_plus_pullback_when_baseline_flat,2024-07-11,1053.0,60465.0,0.0
baseline_plus_pullback_when_baseline_flat,2024-07-12,-99.0,60366.0,-99.0
baseline_plus_pullback_when_baseline_flat,2024-07-15,-356.0,60010.0,-455.0
baseline_plus_pullback_when_baseline_flat,2024-07-16,-149.0,59861.0,-604.0
baseline_plus_pullback_when_baseline_flat,2024-07-17,808.0,60669.0,0.0
baseline_plus_pullback_when_baseline_flat,2024-07-18,220.0,60889.0,0.0
baseline_plus_pullback_when_baseline_flat,2024-07-19,173.5,61062.5,0.0
baseline_plus_pullback_when_baseline_flat,2024-07-22,-296.5,60766.0,-296.5
baseline_plus_pullback_when_baseline_flat,2024-07-23,-222.5,60543.5,-519.0
baseline_plus_pullback_when_baseline_flat,2024-07-24,638.0,61181.5,0.0
baseline_plus_pullback_when_baseline_flat,2024-07-30,1102.0,62283.5,0.0
baseline_plus_pullback_when_baseline_flat,2024-08-07,675.0,62958.5,0.0
baseline_plus_pullback_when_baseline_flat,2024-08-12,-43.5,62915.0,-43.5
baseline_plus_pullback_when_baseline_flat,2024-08-13,808.0,63723.0,0.0
baseline_plus_pullback_when_baseline_flat,2024-08-14,-699.0,63024.0,-699.0
baseline_plus_pullback_when_baseline_flat,2024-08-15,221.5,63245.5,-477.5
baseline_plus_pullback_when_baseline_flat,2024-08-16,276.0,63521.5,-201.5
baseline_plus_pullback_when_baseline_flat,2024-08-19,-553.5,62968.0,-755.0
baseline_plus_pullback_when_baseline_flat,2024-08-20,-32.5,62935.5,-787.5
baseline_plus_pullback_when_baseline_flat,2024-08-21,-516.0,62419.5,-1303.5
baseline_plus_pullback_when_baseline_flat,2024-08-22,1396.0,63815.5,0.0
baseline_plus_pullback_when_baseline_flat,2024-08-23,-456.0,63359.5,-456.0
baseline_plus_pullback_when_baseline_flat,2024-08-26,1131.0,64490.5,0.0
baseline_plus_pullback_when_baseline_flat,2024-08-27,146.0,64636.5,0.0
baseline_plus_pullback_when_baseline_flat,2024-08-28,522.0,65158.5,0.0
baseline_plus_pullback_when_baseline_flat,2024-08-30,-410.0,64748.5,-410.0
baseline_plus_pullback_when_baseline_flat,2024-09-09,-441.0,64307.5,-851.0
baseline_plus_pullback_when_baseline_flat,2024-09-13,81.0,64388.5,-770.0
baseline_plus_pullback_when_baseline_flat,2024-09-16,-309.0,64079.5,-1079.0
baseline_plus_pullback_when_baseline_flat,2024-09-17,-529.0,63550.5,-1608.0
baseline_plus_pullback_when_baseline_flat,2024-09-18,-460.5,63090.0,-2068.5
baseline_plus_pullback_when_baseline_flat,2024-09-19,15.0,63105.0,-2053.5
baseline_plus_pullback_when_baseline_flat,2024-09-23,-642.0,62463.0,-2695.5
baseline_plus_pullback_when_baseline_flat,2024-09-24,-471.0,61992.0,-3166.5
baseline_plus_pullback_when_baseline_flat,2024-09-25,-610.5,61381.5,-3777.0
baseline_plus_pullback_when_baseline_flat,2024-09-26,92.5,61474.0,-3684.5
baseline_plus_pullback_when_baseline_flat,2024-09-27,538.5,62012.5,-3146.0
baseline_plus_pullback_when_baseline_flat,2024-09-30,-196.0,61816.5,-3342.0
baseline_plus_pullback_when_baseline_flat,2024-10-02,81.5,61898.0,-3260.5
baseline_plus_pullback_when_baseline_flat,2024-10-03,-323.5,61574.5,-3584.0
baseline_plus_pullback_when_baseline_flat,2024-10-07,-658.0,60916.5,-4242.0
baseline_plus_pullback_when_baseline_flat,2024-10-08,371.0,61287.5,-3871.0
baseline_plus_pullback_when_baseline_flat,2024-10-09,1270.0,62557.5,-2601.0
baseline_plus_pullback_when_baseline_flat,2024-10-10,116.0,62673.5,-2485.0
baseline_plus_pullback_when_baseline_flat,2024-10-11,349.5,63023.0,-2135.5
baseline_plus_pullback_when_baseline_flat,2024-10-14,-314.0,62709.0,-2449.5
baseline_plus_pullback_when_baseline_flat,2024-10-15,1280.0,63989.0,-1169.5
baseline_plus_pullback_when_baseline_flat,2024-10-18,-128.0,63861.0,-1297.5
baseline_plus_pullback_when_baseline_flat,2024-10-21,-708.0,63153.0,-2005.5
baseline_plus_pullback_when_baseline_flat,2024-10-22,77.0,63230.0,-1928.5
baseline_plus_pullback_when_baseline_flat,2024-10-23,1422.0,64652.0,-506.5
baseline_plus_pullback_when_baseline_flat,2024-10-24,-525.0,64127.0,-1031.5
baseline_plus_pullback_when_baseline_flat,2024-10-25,-711.0,63416.0,-1742.5
baseline_plus_pullback_when_baseline_flat,2024-10-28,174.0,63590.0,-1568.5
baseline_plus_pullback_when_baseline_flat,2024-10-29,398.0,63988.0,-1170.5
baseline_plus_pullback_when_baseline_flat,2024-10-30,-277.0,63711.0,-1447.5
baseline_plus_pullback_when_baseline_flat,2024-10-31,218.5,63929.5,-1229.0
baseline_plus_pullback_when_baseline_flat,2024-11-01,-77.0,63852.5,-1306.0
baseline_plus_pullback_when_baseline_flat,2024-11-04,-234.0,63618.5,-1540.0
baseline_plus_pullback_when_baseline_flat,2024-11-05,624.0,64242.5,-916.0
baseline_plus_pullback_when_baseline_flat,2024-11-06,187.5,64430.0,-728.5
baseline_plus_pullback_when_baseline_flat,2024-11-07,597.0,65027.0,-131.5
baseline_plus_pullback_when_baseline_flat,2024-11-08,-702.0,64325.0,-833.5
baseline_plus_pullback_when_baseline_flat,2024-11-11,-206.0,64119.0,-1039.5
baseline_plus_pullback_when_baseline_flat,2024-11-12,-40.0,64079.0,-1079.5
baseline_plus_pullback_when_baseline_flat,2024-11-13,-456.0,63623.0,-1535.5
baseline_plus_pullback_when_baseline_flat,2024-11-14,124.0,63747.0,-1411.5
baseline_plus_pullback_when_baseline_flat,2024-11-15,798.0,64545.0,-613.5
baseline_plus_pullback_when_baseline_flat,2024-11-18,283.5,64828.5,-330.0
baseline_plus_pullback_when_baseline_flat,2024-11-19,377.0,65205.5,0.0
baseline_plus_pullback_when_baseline_flat,2024-11-20,-292.5,64913.0,-292.5
baseline_plus_pullback_when_baseline_flat,2024-11-26,-146.5,64766.5,-439.0
baseline_plus_pullback_when_baseline_flat,2024-11-27,27.0,64793.5,-412.0
baseline_plus_pullback_when_baseline_flat,2024-11-29,394.5,65188.0,-17.5
baseline_plus_pullback_when_baseline_flat,2024-12-02,89.0,65277.0,0.0
baseline_plus_pullback_when_baseline_flat,2024-12-03,222.0,65499.0,0.0
baseline_plus_pullback_when_baseline_flat,2024-12-04,785.0,66284.0,0.0
baseline_plus_pullback_when_baseline_flat,2024-12-06,139.0,66423.0,0.0
baseline_plus_pullback_when_baseline_flat,2024-12-09,387.0,66810.0,0.0
baseline_plus_pullback_when_baseline_flat,2024-12-10,-378.0,66432.0,-378.0
baseline_plus_pullback_when_baseline_flat,2024-12-11,319.0,66751.0,-59.0
baseline_plus_pullback_when_baseline_flat,2024-12-12,-289.5,66461.5,-348.5
baseline_plus_pullback_when_baseline_flat,2024-12-13,-66.5,66395.0,-415.0
baseline_plus_pullback_when_baseline_flat,2024-12-16,530.0,66925.0,0.0
baseline_plus_pullback_when_baseline_flat,2024-12-17,-562.5,66362.5,-562.5
baseline_plus_pullback_when_baseline_flat,2024-12-18,-193.0,66169.5,-755.5
baseline_plus_pullback_when_baseline_flat,2024-12-24,258.0,66427.5,-497.5
baseline_plus_pullback_when_baseline_flat,2024-12-26,-12.0,66415.5,-509.5
baseline_plus_pullback_when_baseline_flat,2024-12-31,515.0,66930.5,0.0
baseline_plus_pullback_when_baseline_flat,2025-01-06,-262.0,66668.5,-262.0
baseline_plus_pullback_when_baseline_flat,2025-01-14,12.0,66680.5,-250.0
baseline_plus_pullback_when_baseline_flat,2025-01-15,168.0,66848.5,-82.0
baseline_plus_pullback_when_baseline_flat,2025-01-16,216.5,67065.0,0.0
baseline_plus_pullback_when_baseline_flat,2025-01-22,-67.0,66998.0,-67.0
baseline_plus_pullback_when_baseline_flat,2025-01-23,1314.0,68312.0,0.0
baseline_plus_pullback_when_baseline_flat,2025-01-24,682.0,68994.0,0.0
baseline_plus_pullback_when_baseline_flat,2025-01-29,-232.5,68761.5,-232.5
baseline_plus_pullback_when_baseline_flat,2025-01-31,-239.5,68522.0,-472.0
baseline_plus_pullback_when_baseline_flat,2025-02-04,346.0,68868.0,-126.0
baseline_plus_pullback_when_baseline_flat,2025-02-05,-459.0,68409.0,-585.0
baseline_plus_pullback_when_baseline_flat,2025-02-06,-744.0,67665.0,-1329.0
baseline_plus_pullback_when_baseline_flat,2025-02-07,1024.0,68689.0,-305.0
baseline_plus_pullback_when_baseline_flat,2025-02-10,106.5,68795.5,-198.5
baseline_plus_pullback_when_baseline_flat,2025-02-11,-121.0,68674.5,-319.5
baseline_plus_pullback_when_baseline_flat,2025-02-12,212.5,68887.0,-107.0
baseline_plus_pullback_when_baseline_flat,2025-02-13,279.5,69166.5,0.0
baseline_plus_pullback_when_baseline_flat,2025-02-14,237.0,69403.5,0.0
baseline_plus_pullback_when_baseline_flat,2025-02-18,-456.0,68947.5,-456.0
baseline_plus_pullback_when_baseline_flat,2025-02-19,-291.0,68656.5,-747.0
baseline_plus_pullback_when_baseline_flat,2025-02-20,-315.5,68341.0,-1062.5
baseline_plus_pullback_when_baseline_flat,2025-02-21,510.0,68851.0,-552.5
baseline_plus_pullback_when_baseline_flat,2025-03-13,134.0,68985.0,-418.5
baseline_plus_pullback_when_baseline_flat,2025-03-14,105.5,69090.5,-313.0
baseline_plus_pullback_when_baseline_flat,2025-03-17,-340.5,68750.0,-653.5
baseline_plus_pullback_when_baseline_flat,2025-03-19,234.0,68984.0,-419.5
baseline_plus_pullback_when_baseline_flat,2025-03-20,-153.0,68831.0,-572.5
baseline_plus_pullback_when_baseline_flat,2025-03-24,54.0,68885.0,-518.5
baseline_plus_pullback_when_baseline_flat,2025-03-25,640.0,69525.0,0.0
baseline_plus_pullback_when_baseline_flat,2025-03-26,371.0,69896.0,0.0
baseline_plus_pullback_when_baseline_flat,2025-03-31,0.0,69896.0,0.0
baseline_plus_pullback_when_baseline_flat,2025-04-14,0.0,69896.0,0.0
baseline_plus_pullback_when_baseline_flat,2025-04-16,-368.5,69527.5,-368.5
baseline_plus_pullback_when_baseline_flat,2025-04-22,1286.0,70813.5,0.0
baseline_plus_pullback_when_baseline_flat,2025-04-24,0.0,70813.5,0.0
baseline_plus_pullback_when_baseline_flat,2025-05-01,-294.5,70519.0,-294.5
baseline_plus_pullback_when_baseline_flat,2025-05-05,-441.0,70078.0,-735.5
baseline_plus_pullback_when_baseline_flat,2025-05-06,484.0,70562.0,-251.5
baseline_plus_pullback_when_baseline_flat,2025-05-07,-711.0,69851.0,-962.5
baseline_plus_pullback_when_baseline_flat,2025-05-08,-531.0,69320.0,-1493.5
baseline_plus_pullback_when_baseline_flat,2025-05-09,448.0,69768.0,-1045.5
baseline_plus_pullback_when_baseline_flat,2025-05-12,-370.0,69398.0,-1415.5
baseline_plus_pullback_when_baseline_flat,2025-05-13,437.0,69835.0,-978.5
baseline_plus_pullback_when_baseline_flat,2025-05-14,-117.0,69718.0,-1095.5
baseline_plus_pullback_when_baseline_flat,2025-05-15,465.0,70183.0,-630.5
baseline_plus_pullback_when_baseline_flat,2025-05-16,-348.0,69835.0,-978.5
baseline_plus_pullback_when_baseline_flat,2025-05-19,226.5,70061.5,-752.0
baseline_plus_pullback_when_baseline_flat,2025-05-20,-359.0,69702.5,-1111.0
baseline_plus_pullback_when_baseline_flat,2025-05-21,-547.0,69155.5,-1658.0
baseline_plus_pullback_when_baseline_flat,2025-05-27,257.0,69412.5,-1401.0
baseline_plus_pullback_when_baseline_flat,2025-05-28,-240.5,69172.0,-1641.5
baseline_plus_pullback_when_baseline_flat,2025-05-30,-326.5,68845.5,-1968.0
baseline_plus_pullback_when_baseline_flat,2025-06-03,439.5,69285.0,-1528.5
baseline_plus_pullback_when_baseline_flat,2025-06-04,-559.5,68725.5,-2088.0
baseline_plus_pullback_when_baseline_flat,2025-06-06,-457.0,68268.5,-2545.0
baseline_plus_pullback_when_baseline_flat,2025-06-09,1440.0,69708.5,-1105.0
baseline_plus_pullback_when_baseline_flat,2025-06-10,-394.0,69314.5,-1499.0
baseline_plus_pullback_when_baseline_flat,2025-06-11,-226.0,69088.5,-1725.0
baseline_plus_pullback_when_baseline_flat,2025-06-12,-478.5,68610.0,-2203.5
baseline_plus_pullback_when_baseline_flat,2025-06-13,-295.5,68314.5,-2499.0
baseline_plus_pullback_when_baseline_flat,2025-06-16,-320.0,67994.5,-2819.0
baseline_plus_pullback_when_baseline_flat,2025-06-17,-356.0,67638.5,-3175.0
baseline_plus_pullback_when_baseline_flat,2025-06-18,-445.0,67193.5,-3620.0
baseline_plus_pullback_when_baseline_flat,2025-06-23,-350.0,66843.5,-3970.0
baseline_plus_pullback_when_baseline_flat,2025-06-24,237.0,67080.5,-3733.0
baseline_plus_pullback_when_baseline_flat,2025-06-25,146.0,67226.5,-3587.0
baseline_plus_pullback_when_baseline_flat,2025-06-26,160.0,67386.5,-3427.0
baseline_plus_pullback_when_baseline_flat,2025-06-27,-652.5,66734.0,-4079.5
baseline_plus_pullback_when_baseline_flat,2025-07-01,-665.0,66069.0,-4744.5
baseline_plus_pullback_when_baseline_flat,2025-07-02,808.0,66877.0,-3936.5
baseline_plus_pullback_when_baseline_flat,2025-07-03,84.0,66961.0,-3852.5
baseline_plus_pullback_when_baseline_flat,2025-07-07,109.0,67070.0,-3743.5
baseline_plus_pullback_when_baseline_flat,2025-07-08,-562.0,66508.0,-4305.5
baseline_plus_pullback_when_baseline_flat,2025-07-09,-511.0,65997.0,-4816.5
baseline_plus_pullback_when_baseline_flat,2025-07-10,-170.0,65827.0,-4986.5
baseline_plus_pullback_when_baseline_flat,2025-07-11,-41.5,65785.5,-5028.0
baseline_plus_pullback_when_baseline_flat,2025-07-14,84.0,65869.5,-4944.0
baseline_plus_pullback_when_baseline_flat,2025-07-15,259.0,66128.5,-4685.0
baseline_plus_pullback_when_baseline_flat,2025-07-16,-560.0,65568.5,-5245.0
baseline_plus_pullback_when_baseline_flat,2025-07-17,179.5,65748.0,-5065.5
baseline_plus_pullback_when_baseline_flat,2025-07-18,197.5,65945.5,-4868.0
baseline_plus_pullback_when_baseline_flat,2025-07-21,-114.0,65831.5,-4982.0
baseline_plus_pullback_when_baseline_flat,2025-07-23,-231.0,65600.5,-5213.0
baseline_plus_pullback_when_baseline_flat,2025-07-24,-737.5,64863.0,-5950.5
baseline_plus_pullback_when_baseline_flat,2025-07-25,76.0,64939.0,-5874.5
baseline_plus_pullback_when_baseline_flat,2025-07-29,564.0,65503.0,-5310.5
baseline_plus_pullback_when_baseline_flat,2025-07-31,585.0,66088.0,-4725.5
baseline_plus_pullback_when_baseline_flat,2025-08-04,143.0,66231.0,-4582.5
baseline_plus_pullback_when_baseline_flat,2025-08-05,1203.0,67434.0,-3379.5
baseline_plus_pullback_when_baseline_flat,2025-08-07,1140.0,68574.0,-2239.5
baseline_plus_pullback_when_baseline_flat,2025-08-08,284.0,68858.0,-1955.5
baseline_plus_pullback_when_baseline_flat,2025-08-11,-287.0,68571.0,-2242.5
baseline_plus_pullback_when_baseline_flat,2025-08-13,303.0,68874.0,-1939.5
baseline_plus_pullback_when_baseline_flat,2025-08-14,-92.0,68782.0,-2031.5
baseline_plus_pullback_when_baseline_flat,2025-08-15,-71.5,68710.5,-2103.0
baseline_plus_pullback_when_baseline_flat,2025-08-18,-346.0,68364.5,-2449.0
baseline_plus_pullback_when_baseline_flat,2025-08-19,548.0,68912.5,-1901.0
baseline_plus_pullback_when_baseline_flat,2025-08-25,-337.0,68575.5,-2238.0
baseline_plus_pullback_when_baseline_flat,2025-08-26,136.5,68712.0,-2101.5
baseline_plus_pullback_when_baseline_flat,2025-08-27,-321.0,68391.0,-2422.5
baseline_plus_pullback_when_baseline_flat,2025-08-28,9.5,68400.5,-2413.0
baseline_plus_pullback_when_baseline_flat,2025-08-29,60.0,68460.5,-2353.0
baseline_plus_pullback_when_baseline_flat,2025-09-03,-546.0,67914.5,-2899.0
baseline_plus_pullback_when_baseline_flat,2025-09-04,-379.0,67535.5,-3278.0
baseline_plus_pullback_when_baseline_flat,2025-09-08,-219.5,67316.0,-3497.5
baseline_plus_pullback_when_baseline_flat,2025-09-09,-442.5,66873.5,-3940.0
baseline_plus_pullback_when_baseline_flat,2025-09-11,52.0,66925.5,-3888.0
baseline_plus_pullback_when_baseline_flat,2025-09-12,282.5,67208.0,-3605.5
baseline_plus_pullback_when_baseline_flat,2025-09-17,981.0,68189.0,-2624.5
baseline_plus_pullback_when_baseline_flat,2025-09-18,-64.0,68125.0,-2688.5
baseline_plus_pullback_when_baseline_flat,2025-09-22,1370.0,69495.0,-1318.5
baseline_plus_pullback_when_baseline_flat,2025-09-24,70.0,69565.0,-1248.5
baseline_plus_pullback_when_baseline_flat,2025-09-25,68.0,69633.0,-1180.5
baseline_plus_pullback_when_baseline_flat,2025-09-26,-255.5,69377.5,-1436.0
baseline_plus_pullback_when_baseline_flat,2025-09-29,-439.0,68938.5,-1875.0
baseline_plus_pullback_when_baseline_flat,2025-09-30,285.0,69223.5,-1590.0
baseline_plus_pullback_when_baseline_flat,2025-10-01,302.5,69526.0,-1287.5
baseline_plus_pullback_when_baseline_flat,2025-10-02,-322.0,69204.0,-1609.5
baseline_plus_pullback_when_baseline_flat,2025-10-03,490.5,69694.5,-1119.0
baseline_plus_pullback_when_baseline_flat,2025-10-07,1230.0,70924.5,0.0
baseline_plus_pullback_when_baseline_flat,2025-10-08,532.0,71456.5,0.0
baseline_plus_pullback_when_baseline_flat,2025-10-09,-372.0,71084.5,-372.0
baseline_plus_pullback_when_baseline_flat,2025-10-10,990.0,72074.5,0.0
baseline_plus_pullback_when_baseline_flat,2025-10-14,0.0,72074.5,0.0
baseline_plus_pullback_when_baseline_flat,2025-10-20,115.0,72189.5,0.0
baseline_plus_pullback_when_baseline_flat,2025-10-21,-588.0,71601.5,-588.0
baseline_plus_pullback_when_baseline_flat,2025-10-22,1108.0,72709.5,0.0
baseline_plus_pullback_when_baseline_flat,2025-10-23,133.0,72842.5,0.0
baseline_plus_pullback_when_baseline_flat,2025-10-27,596.0,73438.5,0.0
baseline_plus_pullback_when_baseline_flat,2025-10-28,-290.0,73148.5,-290.0
baseline_plus_pullback_when_baseline_flat,2025-10-29,1330.0,74478.5,0.0
baseline_plus_pullback_when_baseline_flat,2025-10-30,0.0,74478.5,0.0
baseline_plus_pullback_when_baseline_flat,2025-10-31,313.0,74791.5,0.0
baseline_plus_pullback_when_baseline_flat,2025-11-03,20.5,74812.0,0.0
baseline_plus_pullback_when_baseline_flat,2025-11-04,0.0,74812.0,0.0
baseline_plus_pullback_when_baseline_flat,2025-11-10,-278.0,74534.0,-278.0
baseline_plus_pullback_when_baseline_flat,2025-11-11,-402.0,74132.0,-680.0
baseline_plus_pullback_when_baseline_flat,2025-11-12,0.0,74132.0,-680.0
baseline_plus_pullback_when_baseline_flat,2025-11-17,0.0,74132.0,-680.0
baseline_plus_pullback_when_baseline_flat,2025-11-25,0.0,74132.0,-680.0
baseline_plus_pullback_when_baseline_flat,2025-11-28,346.5,74478.5,-333.5
baseline_plus_pullback_when_baseline_flat,2025-12-01,51.0,74529.5,-282.5
baseline_plus_pullback_when_baseline_flat,2025-12-02,-299.0,74230.5,-581.5
baseline_plus_pullback_when_baseline_flat,2025-12-04,0.0,74230.5,-581.5
baseline_plus_pullback_when_baseline_flat,2025-12-05,-306.5,73924.0,-888.0
baseline_plus_pullback_when_baseline_flat,2025-12-08,102.5,74026.5,-785.5
baseline_plus_pullback_when_baseline_flat,2025-12-09,153.0,74179.5,-632.5
baseline_plus_pullback_when_baseline_flat,2025-12-10,-488.0,73691.5,-1120.5
baseline_plus_pullback_when_baseline_flat,2025-12-11,119.5,73811.0,-1001.0
baseline_plus_pullback_when_baseline_flat,2025-12-17,599.0,74410.0,-402.0
baseline_plus_pullback_when_baseline_flat,2025-12-18,-181.5,74228.5,-583.5
baseline_plus_pullback_when_baseline_flat,2025-12-22,-90.5,74138.0,-674.0
baseline_plus_pullback_when_baseline_flat,2025-12-23,-231.5,73906.5,-905.5
baseline_plus_pullback_when_baseline_flat,2025-12-26,-176.0,73730.5,-1081.5
baseline_plus_pullback_when_baseline_flat,2025-12-31,603.0,74333.5,-478.5
baseline_plus_pullback_when_baseline_flat,2026-01-05,-204.0,74129.5,-682.5
baseline_plus_pullback_when_baseline_flat,2026-01-06,232.0,74361.5,-450.5
baseline_plus_pullback_when_baseline_flat,2026-01-07,-231.5,74130.0,-682.0
baseline_plus_pullback_when_baseline_flat,2026-01-12,0.0,74130.0,-682.0
baseline_plus_pullback_when_baseline_flat,2026-01-15,182.5,74312.5,-499.5
baseline_plus_pullback_when_baseline_flat,2026-01-16,42.0,74354.5,-457.5
baseline_plus_pullback_when_baseline_flat,2026-01-21,0.0,74354.5,-457.5
baseline_plus_pullback_when_baseline_flat,2026-01-26,-29.5,74325.0,-487.0
baseline_plus_pullback_when_baseline_flat,2026-01-27,15.0,74340.0,-472.0
baseline_plus_pullback_when_baseline_flat,2026-01-28,374.0,74714.0,-98.0
baseline_plus_m2k_only_equal_notional,2024-01-02,-14.5,49985.5,0.0
baseline_plus_m2k_only_equal_notional,2024-01-03,204.0,50189.5,0.0
baseline_plus_m2k_only_equal_notional,2024-01-04,-528.0,49661.5,-528.0
baseline_plus_m2k_only_equal_notional,2024-01-05,-506.0,49155.5,-1034.0
baseline_plus_m2k_only_equal_notional,2024-01-08,636.0,49791.5,-398.0
baseline_plus_m2k_only_equal_notional,2024-01-09,717.0,50508.5,0.0
baseline_plus_m2k_only_equal_notional,2024-01-10,-524.0,49984.5,-524.0
baseline_plus_m2k_only_equal_notional,2024-01-11,-167.0,49817.5,-691.0
baseline_plus_m2k_only_equal_notional,2024-01-12,-94.5,49723.0,-785.5
baseline_plus_m2k_only_equal_notional,2024-01-16,126.0,49849.0,-659.5
baseline_plus_m2k_only_equal_notional,2024-01-17,-616.0,49233.0,-1275.5
baseline_plus_m2k_only_equal_notional,2024-01-18,-672.5,48560.5,-1948.0
baseline_plus_m2k_only_equal_notional,2024-01-19,1015.0,49575.5,-933.0
baseline_plus_m2k_only_equal_notional,2024-01-22,62.5,49638.0,-870.5
baseline_plus_m2k_only_equal_notional,2024-01-24,-680.0,48958.0,-1550.5
baseline_plus_m2k_only_equal_notional,2024-01-25,-312.0,48646.0,-1862.5
baseline_plus_m2k_only_equal_notional,2024-01-26,-630.0,48016.0,-2492.5
baseline_plus_m2k_only_equal_notional,2024-01-29,-261.0,47755.0,-2753.5
baseline_plus_m2k_only_equal_notional,2024-01-30,951.7500000000007,48706.75,-1801.75
baseline_plus_m2k_only_equal_notional,2024-01-31,-367.0,48339.75,-2168.75
baseline_plus_m2k_only_equal_notional,2024-02-01,-666.0,47673.75,-2834.75
baseline_plus_m2k_only_equal_notional,2024-02-02,161.0,47834.75,-2673.75
baseline_plus_m2k_only_equal_notional,2024-02-05,-506.0,47328.75,-3179.75
baseline_plus_m2k_only_equal_notional,2024-02-06,-75.0,47253.75,-3254.75
baseline_plus_m2k_only_equal_notional,2024-02-07,196.5,47450.25,-3058.25
baseline_plus_m2k_only_equal_notional,2024-02-08,42.0,47492.25,-3016.25
baseline_plus_m2k_only_equal_notional,2024-02-09,652.0,48144.25,-2364.25
baseline_plus_m2k_only_equal_notional,2024-02-13,-315.5,47828.75,-2679.75
baseline_plus_m2k_only_equal_notional,2024-02-14,-680.0,47148.75,-3359.75
baseline_plus_m2k_only_equal_notional,2024-02-15,-419.0,46729.75,-3778.75
baseline_plus_m2k_only_equal_notional,2024-02-16,16.0,46745.75,-3762.75
baseline_plus_m2k_only_equal_notional,2024-02-20,-138.0,46607.75,-3900.75
baseline_plus_m2k_only_equal_notional,2024-02-21,-457.5,46150.25,-4358.25
baseline_plus_m2k_only_equal_notional,2024-02-22,357.0,46507.25,-4001.25
baseline_plus_m2k_only_equal_notional,2024-02-23,469.5,46976.75,-3531.75
baseline_plus_m2k_only_equal_notional,2024-02-27,-370.0,46606.75,-3901.75
baseline_plus_m2k_only_equal_notional,2024-02-29,-586.5,46020.25,-4488.25
baseline_plus_m2k_only_equal_notional,2024-03-01,868.0,46888.25,-3620.25
baseline_plus_m2k_only_equal_notional,2024-03-04,-728.0,46160.25,-4348.25
baseline_plus_m2k_only_equal_notional,2024-03-05,294.0,46454.25,-4054.25
baseline_plus_m2k_only_equal_notional,2024-03-06,-381.0,46073.25,-4435.25
baseline_plus_m2k_only_equal_notional,2024-03-07,154.5,46227.75,-4280.75
baseline_plus_m2k_only_equal_notional,2024-03-08,-102.35000000000082,46125.4,-4383.0999999999985
baseline_plus_m2k_only_equal_notional,2024-03-11,-433.0,45692.4,-4816.0999999999985
baseline_plus_m2k_only_equal_notional,2024-03-12,504.0,46196.4,-4312.0999999999985
baseline_plus_m2k_only_equal_notional,2024-03-13,-48.0,46148.4,-4360.0999999999985
baseline_plus_m2k_only_equal_notional,2024-03-14,-135.5,46012.9,-4495.5999999999985
baseline_plus_m2k_only_equal_notional,2024-03-18,-375.0,45637.9,-4870.5999999999985
baseline_plus_m2k_only_equal_notional,2024-03-19,457.0,46094.9,-4413.5999999999985
baseline_plus_m2k_only_equal_notional,2024-03-20,841.75,46936.65,-3571.8499999999985
baseline_plus_m2k_only_equal_notional,2024-03-21,203.0,47139.65,-3368.8499999999985
baseline_plus_m2k_only_equal_notional,2024-03-22,109.5,47249.15,-3259.3499999999985
baseline_plus_m2k_only_equal_notional,2024-03-25,34.0,47283.15,-3225.3499999999985
baseline_plus_m2k_only_equal_notional,2024-03-26,-666.0,46617.15,-3891.3499999999985
baseline_plus_m2k_only_equal_notional,2024-03-27,-165.5,46451.65,-4056.8499999999985
baseline_plus_m2k_only_equal_notional,2024-04-01,-56.374999999999545,46395.275,-4113.2249999999985
baseline_plus_m2k_only_equal_notional,2024-04-02,-467.625,45927.65,-4580.8499999999985
baseline_plus_m2k_only_equal_notional,2024-04-03,972.0,46899.65,-3608.8499999999985
baseline_plus_m2k_only_equal_notional,2024-04-05,68.0,46967.65,-3540.8499999999985
baseline_plus_m2k_only_equal_notional,2024-04-08,-77.0,46890.65,-3617.8499999999985
baseline_plus_m2k_only_equal_notional,2024-04-09,566.0,47456.65,-3051.8499999999985
baseline_plus_m2k_only_equal_notional,2024-04-10,-95.0,47361.65,-3146.8499999999985
baseline_plus_m2k_only_equal_notional,2024-04-11,-645.0,46716.65,-3791.8499999999985
baseline_plus_m2k_only_equal_notional,2024-04-12,825.0,47541.65,-2966.8499999999985
baseline_plus_m2k_only_equal_notional,2024-04-15,1398.500000000001,48940.15,-1568.3499999999985
baseline_plus_m2k_only_equal_notional,2024-04-16,-742.0,48198.15,-2310.3499999999985
baseline_plus_m2k_only_equal_notional,2024-04-17,1134.0,49332.15,-1176.3499999999985
baseline_plus_m2k_only_equal_notional,2024-04-18,-272.0,49060.15,-1448.3499999999985
baseline_plus_m2k_only_equal_notional,2024-04-19,468.0000000000007,49528.15,-980.3499999999985
baseline_plus_m2k_only_equal_notional,2024-04-22,-287.0,49241.15,-1267.3499999999985
baseline_plus_m2k_only_equal_notional,2024-04-23,128.0,49369.15,-1139.3499999999985
baseline_plus_m2k_only_equal_notional,2024-04-24,682.0,50051.15,-457.34999999999854
baseline_plus_m2k_only_equal_notional,2024-04-25,394.0,50445.15,-63.349999999998545
baseline_plus_m2k_only_equal_notional,2024-04-26,136.0,50581.15,0.0
baseline_plus_m2k_only_equal_notional,2024-04-29,-438.0,50143.15,-438.0
baseline_plus_m2k_only_equal_notional,2024-04-30,520.0,50663.15,0.0
baseline_plus_m2k_only_equal_notional,2024-05-01,-528.0,50135.15,-528.0
baseline_plus_m2k_only_equal_notional,2024-05-02,-305.0,49830.15,-833.0
baseline_plus_m2k_only_equal_notional,2024-05-06,317.0,50147.15,-516.0
baseline_plus_m2k_only_equal_notional,2024-05-08,2.5,50149.65,-513.5
baseline_plus_m2k_only_equal_notional,2024-05-09,10.5,50160.15,-503.0
baseline_plus_m2k_only_equal_notional,2024-05-10,22.5,50182.65,-480.5
baseline_plus_m2k_only_equal_notional,2024-05-14,805.0,50987.65,0.0
baseline_plus_m2k_only_equal_notional,2024-05-15,700.0000000000018,51687.65,0.0
baseline_plus_m2k_only_equal_notional,2024-05-21,708.0,52395.65,0.0
baseline_plus_m2k_only_equal_notional,2024-05-23,276.62499999999955,52672.275,0.0
baseline_plus_m2k_only_equal_notional,2024-05-24,980.0,53652.275,0.0
baseline_plus_m2k_only_equal_notional,2024-05-29,-586.5,53065.775,-586.5
baseline_plus_m2k_only_equal_notional,2024-05-30,600.0,53665.775,0.0
baseline_plus_m2k_only_equal_notional,2024-05-31,896.0,54561.775,0.0
baseline_plus_m2k_only_equal_notional,2024-06-03,416.0,54977.775,0.0
baseline_plus_m2k_only_equal_notional,2024-06-04,-496.5,54481.275,-496.5
baseline_plus_m2k_only_equal_notional,2024-06-05,654.0,55135.275,0.0
baseline_plus_m2k_only_equal_notional,2024-06-07,-110.0,55025.275,-110.0
baseline_plus_m2k_only_equal_notional,2024-06-10,837.0,55862.275,0.0
baseline_plus_m2k_only_equal_notional,2024-06-11,280.0,56142.275,0.0
baseline_plus_m2k_only_equal_notional,2024-06-12,-46.0,56096.275,-46.0
baseline_plus_m2k_only_equal_notional,2024-06-13,1020.0,57116.275,0.0
baseline_plus_m2k_only_equal_notional,2024-06-17,1445.0,58561.275,0.0
baseline_plus_m2k_only_equal_notional,2024-06-18,-369.0,58192.275,-369.0
baseline_plus_m2k_only_equal_notional,2024-06-20,560.0,58752.275,0.0
baseline_plus_m2k_only_equal_notional,2024-06-24,-486.0,58266.275,-486.0
baseline_plus_m2k_only_equal_notional,2024-06-25,1048.0,59314.275,0.0
baseline_plus_m2k_only_equal_notional,2024-06-26,-700.0,58614.275,-700.0
baseline_plus_m2k_only_equal_notional,2024-06-27,-739.5,57874.775,-1439.5
baseline_plus_m2k_only_equal_notional,2024-06-28,-527.0,57347.775,-1966.5
baseline_plus_m2k_only_equal_notional,2024-07-01,-307.0,57040.775,-2273.5
baseline_plus_m2k_only_equal_notional,2024-07-02,278.5,57319.275,-1995.0
baseline_plus_m2k_only_equal_notional,2024-07-03,1440.0,58759.275,-555.0
baseline_plus_m2k_only_equal_notional,2024-07-05,492.0,59251.275,-63.0
baseline_plus_m2k_only_equal_notional,2024-07-08,-360.0,58891.275,-423.0
baseline_plus_m2k_only_equal_notional,2024-07-09,1288.0,60179.275,0.0
baseline_plus_m2k_only_equal_notional,2024-07-10,-714.0,59465.275,-714.0
baseline_plus_m2k_only_equal_notional,2024-07-11,1053.0,60518.275,0.0
baseline_plus_m2k_only_equal_notional,2024-07-12,-69.49999999999955,60448.775,-69.5
baseline_plus_m2k_only_equal_notional,2024-07-15,-356.0,60092.775,-425.5
baseline_plus_m2k_only_equal_notional,2024-07-16,-149.0,59943.775,-574.5
baseline_plus_m2k_only_equal_notional,2024-07-17,808.0,60751.775,0.0
baseline_plus_m2k_only_equal_notional,2024-07-18,220.0,60971.775,0.0
baseline_plus_m2k_only_equal_notional,2024-07-19,173.5,61145.275,0.0
baseline_plus_m2k_only_equal_notional,2024-07-22,-296.5,60848.775,-296.5
baseline_plus_m2k_only_equal_notional,2024-07-23,-222.5,60626.275,-519.0
baseline_plus_m2k_only_equal_notional,2024-07-24,638.0,61264.275,0.0
baseline_plus_m2k_only_equal_notional,2024-07-30,1102.0,62366.275,0.0
baseline_plus_m2k_only_equal_notional,2024-08-07,675.0,63041.275,0.0
baseline_plus_m2k_only_equal_notional,2024-08-12,-43.5,62997.775,-43.5
baseline_plus_m2k_only_equal_notional,2024-08-13,808.0,63805.775,0.0
baseline_plus_m2k_only_equal_notional,2024-08-14,-699.0,63106.775,-699.0
baseline_plus_m2k_only_equal_notional,2024-08-15,221.5,63328.275,-477.5
baseline_plus_m2k_only_equal_notional,2024-08-16,276.0,63604.275,-201.5
baseline_plus_m2k_only_equal_notional,2024-08-19,-553.5,63050.775,-755.0
baseline_plus_m2k_only_equal_notional,2024-08-20,-32.5,63018.275,-787.5
baseline_plus_m2k_only_equal_notional,2024-08-21,-516.0,62502.275,-1303.5
baseline_plus_m2k_only_equal_notional,2024-08-22,1396.0,63898.275,0.0
baseline_plus_m2k_only_equal_notional,2024-08-23,-454.4999999999991,63443.77500000001,-454.4999999999927
baseline_plus_m2k_only_equal_notional,2024-08-26,1131.0,64574.77500000001,0.0
baseline_plus_m2k_only_equal_notional,2024-08-27,146.0,64720.77500000001,0.0
baseline_plus_m2k_only_equal_notional,2024-08-28,522.0,65242.77500000001,0.0
baseline_plus_m2k_only_equal_notional,2024-08-30,-410.0,64832.77500000001,-410.0
baseline_plus_m2k_only_equal_notional,2024-09-09,-441.0,64391.77500000001,-851.0
baseline_plus_m2k_only_equal_notional,2024-09-13,81.0,64472.77500000001,-770.0
baseline_plus_m2k_only_equal_notional,2024-09-16,-309.0,64163.77500000001,-1079.0
baseline_plus_m2k_only_equal_notional,2024-09-17,-529.0,63634.77500000001,-1608.0
baseline_plus_m2k_only_equal_notional,2024-09-18,-460.5,63174.27500000001,-2068.5
baseline_plus_m2k_only_equal_notional,2024-09-19,15.0,63189.27500000001,-2053.5
baseline_plus_m2k_only_equal_notional,2024-09-23,-642.0,62547.27500000001,-2695.5
baseline_plus_m2k_only_equal_notional,2024-09-24,-471.0,62076.27500000001,-3166.5
baseline_plus_m2k_only_equal_notional,2024-09-25,-645.7499999999986,61430.52500000001,-3812.25
baseline_plus_m2k_only_equal_notional,2024-09-26,92.5,61523.02500000001,-3719.75
baseline_plus_m2k_only_equal_notional,2024-09-27,538.5,62061.52500000001,-3181.25
baseline_plus_m2k_only_equal_notional,2024-09-30,-196.0,61865.52500000001,-3377.25
baseline_plus_m2k_only_equal_notional,2024-10-02,81.5,61947.02500000001,-3295.75
baseline_plus_m2k_only_equal_notional,2024-10-03,-323.5,61623.52500000001,-3619.25
baseline_plus_m2k_only_equal_notional,2024-10-07,-658.0,60965.52500000001,-4277.25
baseline_plus_m2k_only_equal_notional,2024-10-08,371.0,61336.52500000001,-3906.25
baseline_plus_m2k_only_equal_notional,2024-10-09,1270.0,62606.52500000001,-2636.25
baseline_plus_m2k_only_equal_notional,2024-10-10,116.0,62722.52500000001,-2520.25
baseline_plus_m2k_only_equal_notional,2024-10-11,349.5,63072.02500000001,-2170.75
baseline_plus_m2k_only_equal_notional,2024-10-14,-314.0,62758.02500000001,-2484.75
baseline_plus_m2k_only_equal_notional,2024-10-15,1280.0,64038.02500000001,-1204.75
baseline_plus_m2k_only_equal_notional,2024-10-18,-128.0,63910.02500000001,-1332.75
baseline_plus_m2k_only_equal_notional,2024-10-21,-708.0,63202.02500000001,-2040.75
baseline_plus_m2k_only_equal_notional,2024-10-22,77.0,63279.02500000001,-1963.75
baseline_plus_m2k_only_equal_notional,2024-10-23,1422.0,64701.02500000001,-541.75
baseline_plus_m2k_only_equal_notional,2024-10-24,-525.0,64176.02500000001,-1066.75
baseline_plus_m2k_only_equal_notional,2024-10-25,-711.0,63465.02500000001,-1777.75
baseline_plus_m2k_only_equal_notional,2024-10-28,174.0,63639.02500000001,-1603.75
baseline_plus_m2k_only_equal_notional,2024-10-29,398.0,64037.02500000001,-1205.75
baseline_plus_m2k_only_equal_notional,2024-10-30,-277.0,63760.02500000001,-1482.75
baseline_plus_m2k_only_equal_notional,2024-10-31,218.5,63978.52500000001,-1264.25
baseline_plus_m2k_only_equal_notional,2024-11-01,-77.0,63901.52500000001,-1341.25
baseline_plus_m2k_only_equal_notional,2024-11-04,-234.0,63667.52500000001,-1575.25
baseline_plus_m2k_only_equal_notional,2024-11-05,624.0,64291.52500000001,-951.25
baseline_plus_m2k_only_equal_notional,2024-11-06,187.5,64479.02500000001,-763.75
baseline_plus_m2k_only_equal_notional,2024-11-07,597.0,65076.02500000001,-166.75
baseline_plus_m2k_only_equal_notional,2024-11-08,-702.0,64374.02500000001,-868.75
baseline_plus_m2k_only_equal_notional,2024-11-11,-206.0,64168.02500000001,-1074.75
baseline_plus_m2k_only_equal_notional,2024-11-12,-40.0,64128.02500000001,-1114.75
baseline_plus_m2k_only_equal_notional,2024-11-13,-456.0,63672.02500000001,-1570.75
baseline_plus_m2k_only_equal_notional,2024-11-14,124.0,63796.02500000001,-1446.75
baseline_plus_m2k_only_equal_notional,2024-11-15,798.0,64594.02500000001,-648.75
baseline_plus_m2k_only_equal_notional,2024-11-18,283.5,64877.52500000001,-365.25
baseline_plus_m2k_only_equal_notional,2024-11-19,377.0,65254.52500000001,0.0
baseline_plus_m2k_only_equal_notional,2024-11-20,-292.5,64962.02500000001,-292.5
baseline_plus_m2k_only_equal_notional,2024-11-26,-146.5,64815.52500000001,-439.0
baseline_plus_m2k_only_equal_notional,2024-11-27,27.0,64842.52500000001,-412.0
baseline_plus_m2k_only_equal_notional,2024-11-29,394.5,65237.02500000001,-17.5
baseline_plus_m2k_only_equal_notional,2024-12-02,89.0,65326.02500000001,0.0
baseline_plus_m2k_only_equal_notional,2024-12-03,222.0,65548.02500000001,0.0
baseline_plus_m2k_only_equal_notional,2024-12-04,785.0,66333.02500000001,0.0
baseline_plus_m2k_only_equal_notional,2024-12-06,139.0,66472.02500000001,0.0
baseline_plus_m2k_only_equal_notional,2024-12-09,387.0,66859.02500000001,0.0
baseline_plus_m2k_only_equal_notional,2024-12-10,-378.0,66481.02500000001,-378.0
baseline_plus_m2k_only_equal_notional,2024-12-11,319.0,66800.02500000001,-59.0
baseline_plus_m2k_only_equal_notional,2024-12-12,-289.5,66510.52500000001,-348.5
baseline_plus_m2k_only_equal_notional,2024-12-13,-66.5,66444.02500000001,-415.0
baseline_plus_m2k_only_equal_notional,2024-12-16,530.0,66974.02500000001,0.0
baseline_plus_m2k_only_equal_notional,2024-12-17,-562.5,66411.52500000001,-562.5
baseline_plus_m2k_only_equal_notional,2024-12-18,-193.0,66218.52500000001,-755.5
baseline_plus_m2k_only_equal_notional,2024-12-24,258.0,66476.52500000001,-497.5
baseline_plus_m2k_only_equal_notional,2024-12-26,-12.0,66464.52500000001,-509.5
baseline_plus_m2k_only_equal_notional,2024-12-31,515.0,66979.52500000001,0.0
baseline_plus_m2k_only_equal_notional,2025-01-06,-262.0,66717.52500000001,-262.0
baseline_plus_m2k_only_equal_notional,2025-01-14,12.0,66729.52500000001,-250.0
baseline_plus_m2k_only_equal_notional,2025-01-15,168.0,66897.52500000001,-82.0
baseline_plus_m2k_only_equal_notional,2025-01-16,216.5,67114.02500000001,0.0
baseline_plus_m2k_only_equal_notional,2025-01-22,-67.0,67047.02500000001,-67.0
baseline_plus_m2k_only_equal_notional,2025-01-23,1314.0,68361.02500000001,0.0
baseline_plus_m2k_only_equal_notional,2025-01-24,682.0,69043.02500000001,0.0
baseline_plus_m2k_only_equal_notional,2025-01-29,-232.5,68810.52500000001,-232.5
baseline_plus_m2k_only_equal_notional,2025-01-31,-239.5,68571.02500000001,-472.0
baseline_plus_m2k_only_equal_notional,2025-02-04,346.0,68917.02500000001,-126.0
baseline_plus_m2k_only_equal_notional,2025-02-05,-459.0,68458.02500000001,-585.0
baseline_plus_m2k_only_equal_notional,2025-02-06,-744.0,67714.02500000001,-1329.0
baseline_plus_m2k_only_equal_notional,2025-02-07,1024.0,68738.02500000001,-305.0
baseline_plus_m2k_only_equal_notional,2025-02-10,106.5,68844.52500000001,-198.5
baseline_plus_m2k_only_equal_notional,2025-02-11,-121.0,68723.52500000001,-319.5
baseline_plus_m2k_only_equal_notional,2025-02-12,212.5,68936.02500000001,-107.0
baseline_plus_m2k_only_equal_notional,2025-02-13,279.5,69215.52500000001,0.0
baseline_plus_m2k_only_equal_notional,2025-02-14,237.0,69452.52500000001,0.0
baseline_plus_m2k_only_equal_notional,2025-02-18,-456.0,68996.52500000001,-456.0
baseline_plus_m2k_only_equal_notional,2025-02-19,-291.0,68705.52500000001,-747.0
baseline_plus_m2k_only_equal_notional,2025-02-20,-315.5,68390.02500000001,-1062.5
baseline_plus_m2k_only_equal_notional,2025-02-21,510.0,68900.02500000001,-552.5
baseline_plus_m2k_only_equal_notional,2025-03-13,134.0,69034.02500000001,-418.5
baseline_plus_m2k_only_equal_notional,2025-03-14,105.5,69139.52500000001,-313.0
baseline_plus_m2k_only_equal_notional,2025-03-17,-340.5,68799.02500000001,-653.5
baseline_plus_m2k_only_equal_notional,2025-03-19,234.0,69033.02500000001,-419.5
baseline_plus_m2k_only_equal_notional,2025-03-20,-153.0,68880.02500000001,-572.5
baseline_plus_m2k_only_equal_notional,2025-03-24,54.0,68934.02500000001,-518.5
baseline_plus_m2k_only_equal_notional,2025-03-25,640.0,69574.02500000001,0.0
baseline_plus_m2k_only_equal_notional,2025-03-26,371.0,69945.02500000001,0.0
baseline_plus_m2k_only_equal_notional,2025-03-31,0.0,69945.02500000001,0.0
baseline_plus_m2k_only_equal_notional,2025-04-14,0.0,69945.02500000001,0.0
baseline_plus_m2k_only_equal_notional,2025-04-16,-368.5,69576.52500000001,-368.5
baseline_plus_m2k_only_equal_notional,2025-04-22,1286.0,70862.52500000001,0.0
baseline_plus_m2k_only_equal_notional,2025-04-24,0.0,70862.52500000001,0.0
baseline_plus_m2k_only_equal_notional,2025-05-01,-294.5,70568.02500000001,-294.5
baseline_plus_m2k_only_equal_notional,2025-05-05,-441.0,70127.02500000001,-735.5
baseline_plus_m2k_only_equal_notional,2025-05-06,484.0,70611.02500000001,-251.5
baseline_plus_m2k_only_equal_notional,2025-05-07,-711.0,69900.02500000001,-962.5
baseline_plus_m2k_only_equal_notional,2025-05-08,-531.0,69369.02500000001,-1493.5
baseline_plus_m2k_only_equal_notional,2025-05-09,448.0,69817.02500000001,-1045.5
baseline_plus_m2k_only_equal_notional,2025-05-12,-370.0,69447.02500000001,-1415.5
baseline_plus_m2k_only_equal_notional,2025-05-13,437.0,69884.02500000001,-978.5
baseline_plus_m2k_only_equal_notional,2025-05-14,-117.0,69767.02500000001,-1095.5
baseline_plus_m2k_only_equal_notional,2025-05-15,465.0,70232.02500000001,-630.5
baseline_plus_m2k_only_equal_notional,2025-05-16,-348.0,69884.02500000001,-978.5
baseline_plus_m2k_only_equal_notional,2025-05-19,226.5,70110.52500000001,-752.0
baseline_plus_m2k_only_equal_notional,2025-05-20,-359.0,69751.52500000001,-1111.0
baseline_plus_m2k_only_equal_notional,2025-05-21,-580.75,69170.77500000001,-1691.75
baseline_plus_m2k_only_equal_notional,2025-05-27,257.0,69427.77500000001,-1434.75
baseline_plus_m2k_only_equal_notional,2025-05-28,-240.5,69187.27500000001,-1675.25
baseline_plus_m2k_only_equal_notional,2025-05-30,-326.5,68860.77500000001,-2001.75
baseline_plus_m2k_only_equal_notional,2025-06-03,439.5,69300.27500000001,-1562.25
baseline_plus_m2k_only_equal_notional,2025-06-04,-559.5,68740.77500000001,-2121.75
baseline_plus_m2k_only_equal_notional,2025-06-06,-457.0,68283.77500000001,-2578.75
baseline_plus_m2k_only_equal_notional,2025-06-09,1440.0,69723.77500000001,-1138.75
baseline_plus_m2k_only_equal_notional,2025-06-10,-394.0,69329.77500000001,-1532.75
baseline_plus_m2k_only_equal_notional,2025-06-11,-226.0,69103.77500000001,-1758.75
baseline_plus_m2k_only_equal_notional,2025-06-12,-478.5,68625.27500000001,-2237.25
baseline_plus_m2k_only_equal_notional,2025-06-13,-295.5,68329.77500000001,-2532.75
baseline_plus_m2k_only_equal_notional,2025-06-16,-320.0,68009.77500000001,-2852.75
baseline_plus_m2k_only_equal_notional,2025-06-17,-356.0,67653.77500000001,-3208.75
baseline_plus_m2k_only_equal_notional,2025-06-18,-445.0,67208.77500000001,-3653.75
baseline_plus_m2k_only_equal_notional,2025-06-23,-350.0,66858.77500000001,-4003.75
baseline_plus_m2k_only_equal_notional,2025-06-24,237.0,67095.77500000001,-3766.75
baseline_plus_m2k_only_equal_notional,2025-06-25,146.0,67241.77500000001,-3620.75
baseline_plus_m2k_only_equal_notional,2025-06-26,160.0,67401.77500000001,-3460.75
baseline_plus_m2k_only_equal_notional,2025-06-27,-652.5,66749.27500000001,-4113.25
baseline_plus_m2k_only_equal_notional,2025-07-01,-665.0,66084.27500000001,-4778.25
baseline_plus_m2k_only_equal_notional,2025-07-02,808.0,66892.27500000001,-3970.25
baseline_plus_m2k_only_equal_notional,2025-07-03,84.0,66976.27500000001,-3886.25
baseline_plus_m2k_only_equal_notional,2025-07-07,109.0,67085.27500000001,-3777.25
baseline_plus_m2k_only_equal_notional,2025-07-08,-562.0,66523.27500000001,-4339.25
baseline_plus_m2k_only_equal_notional,2025-07-09,-511.0,66012.27500000001,-4850.25
baseline_plus_m2k_only_equal_notional,2025-07-10,-170.0,65842.27500000001,-5020.25
baseline_plus_m2k_only_equal_notional,2025-07-11,-41.5,65800.77500000001,-5061.75
baseline_plus_m2k_only_equal_notional,2025-07-14,84.0,65884.77500000001,-4977.75
baseline_plus_m2k_only_equal_notional,2025-07-15,259.0,66143.77500000001,-4718.75
baseline_plus_m2k_only_equal_notional,2025-07-16,-560.0,65583.77500000001,-5278.75
baseline_plus_m2k_only_equal_notional,2025-07-17,179.5,65763.27500000001,-5099.25
baseline_plus_m2k_only_equal_notional,2025-07-18,197.5,65960.77500000001,-4901.75
baseline_plus_m2k_only_equal_notional,2025-07-21,-114.0,65846.77500000001,-5015.75
baseline_plus_m2k_only_equal_notional,2025-07-23,-231.0,65615.77500000001,-5246.75
baseline_plus_m2k_only_equal_notional,2025-07-24,-737.5,64878.27500000001,-5984.25
baseline_plus_m2k_only_equal_notional,2025-07-25,76.0,64954.27500000001,-5908.25
baseline_plus_m2k_only_equal_notional,2025-07-29,564.0,65518.27500000001,-5344.25
baseline_plus_m2k_only_equal_notional,2025-07-31,585.0,66103.27500000001,-4759.25
baseline_plus_m2k_only_equal_notional,2025-08-04,143.0,66246.27500000001,-4616.25
baseline_plus_m2k_only_equal_notional,2025-08-05,1203.0,67449.27500000001,-3413.25
baseline_plus_m2k_only_equal_notional,2025-08-07,1140.0,68589.27500000001,-2273.25
baseline_plus_m2k_only_equal_notional,2025-08-08,284.0,68873.27500000001,-1989.25
baseline_plus_m2k_only_equal_notional,2025-08-11,-287.0,68586.27500000001,-2276.25
baseline_plus_m2k_only_equal_notional,2025-08-13,303.0,68889.27500000001,-1973.25
baseline_plus_m2k_only_equal_notional,2025-08-14,-92.0,68797.27500000001,-2065.25
baseline_plus_m2k_only_equal_notional,2025-08-15,-71.5,68725.77500000001,-2136.75
baseline_plus_m2k_only_equal_notional,2025-08-18,-346.0,68379.77500000001,-2482.75
baseline_plus_m2k_only_equal_notional,2025-08-19,548.0,68927.77500000001,-1934.75
baseline_plus_m2k_only_equal_notional,2025-08-25,-337.0,68590.77500000001,-2271.75
baseline_plus_m2k_only_equal_notional,2025-08-26,136.5,68727.27500000001,-2135.25
baseline_plus_m2k_only_equal_notional,2025-08-27,-321.0,68406.27500000001,-2456.25
baseline_plus_m2k_only_equal_notional,2025-08-28,9.5,68415.77500000001,-2446.75
baseline_plus_m2k_only_equal_notional,2025-08-29,60.0,68475.77500000001,-2386.75
baseline_plus_m2k_only_equal_notional,2025-09-03,-546.0,67929.77500000001,-2932.75
baseline_plus_m2k_only_equal_notional,2025-09-04,-379.0,67550.77500000001,-3311.75
baseline_plus_m2k_only_equal_notional,2025-09-08,-219.5,67331.27500000001,-3531.25
baseline_plus_m2k_only_equal_notional,2025-09-09,-442.5,66888.77500000001,-3973.75
baseline_plus_m2k_only_equal_notional,2025-09-11,52.0,66940.77500000001,-3921.75
baseline_plus_m2k_only_equal_notional,2025-09-12,282.5,67223.27500000001,-3639.25
baseline_plus_m2k_only_equal_notional,2025-09-17,981.0,68204.27500000001,-2658.25
baseline_plus_m2k_only_equal_notional,2025-09-18,-64.0,68140.27500000001,-2722.25
baseline_plus_m2k_only_equal_notional,2025-09-22,1370.0,69510.27500000001,-1352.25
baseline_plus_m2k_only_equal_notional,2025-09-24,70.0,69580.27500000001,-1282.25
baseline_plus_m2k_only_equal_notional,2025-09-25,68.0,69648.27500000001,-1214.25
baseline_plus_m2k_only_equal_notional,2025-09-26,-255.5,69392.77500000001,-1469.75
baseline_plus_m2k_only_equal_notional,2025-09-29,-439.0,68953.77500000001,-1908.75
baseline_plus_m2k_only_equal_notional,2025-09-30,285.0,69238.77500000001,-1623.75
baseline_plus_m2k_only_equal_notional,2025-10-01,302.5,69541.27500000001,-1321.25
baseline_plus_m2k_only_equal_notional,2025-10-02,-322.0,69219.27500000001,-1643.25
baseline_plus_m2k_only_equal_notional,2025-10-03,490.5,69709.77500000001,-1152.75
baseline_plus_m2k_only_equal_notional,2025-10-07,1230.0,70939.77500000001,0.0
baseline_plus_m2k_only_equal_notional,2025-10-08,532.0,71471.77500000001,0.0
baseline_plus_m2k_only_equal_notional,2025-10-09,-372.0,71099.77500000001,-372.0
baseline_plus_m2k_only_equal_notional,2025-10-10,990.0,72089.77500000001,0.0
baseline_plus_m2k_only_equal_notional,2025-10-14,0.0,72089.77500000001,0.0
baseline_plus_m2k_only_equal_notional,2025-10-20,115.0,72204.77500000001,0.0
baseline_plus_m2k_only_equal_notional,2025-10-21,-588.0,71616.77500000001,-588.0
baseline_plus_m2k_only_equal_notional,2025-10-22,1108.0,72724.77500000001,0.0
baseline_plus_m2k_only_equal_notional,2025-10-23,133.0,72857.77500000001,0.0
baseline_plus_m2k_only_equal_notional,2025-10-27,596.0,73453.77500000001,0.0
baseline_plus_m2k_only_equal_notional,2025-10-28,-290.0,73163.77500000001,-290.0
baseline_plus_m2k_only_equal_notional,2025-10-29,1330.0,74493.77500000001,0.0
baseline_plus_m2k_only_equal_notional,2025-10-30,0.0,74493.77500000001,0.0
baseline_plus_m2k_only_equal_notional,2025-10-31,313.0,74806.77500000001,0.0
baseline_plus_m2k_only_equal_notional,2025-11-03,20.5,74827.27500000001,0.0
baseline_plus_m2k_only_equal_notional,2025-11-04,0.0,74827.27500000001,0.0
baseline_plus_m2k_only_equal_notional,2025-11-10,-278.0,74549.27500000001,-278.0
baseline_plus_m2k_only_equal_notional,2025-11-11,-402.0,74147.27500000001,-680.0
baseline_plus_m2k_only_equal_notional,2025-11-12,0.0,74147.27500000001,-680.0
baseline_plus_m2k_only_equal_notional,2025-11-17,0.0,74147.27500000001,-680.0
baseline_plus_m2k_only_equal_notional,2025-11-25,0.0,74147.27500000001,-680.0
baseline_plus_m2k_only_equal_notional,2025-11-28,346.5,74493.77500000001,-333.5
baseline_plus_m2k_only_equal_notional,2025-12-01,51.0,74544.77500000001,-282.5
baseline_plus_m2k_only_equal_notional,2025-12-02,-299.0,74245.77500000001,-581.5
baseline_plus_m2k_only_equal_notional,2025-12-04,0.0,74245.77500000001,-581.5
baseline_plus_m2k_only_equal_notional,2025-12-05,-306.5,73939.27500000001,-888.0
baseline_plus_m2k_only_equal_notional,2025-12-08,102.5,74041.77500000001,-785.5
baseline_plus_m2k_only_equal_notional,2025-12-09,153.0,74194.77500000001,-632.5
baseline_plus_m2k_only_equal_notional,2025-12-10,-488.0,73706.77500000001,-1120.5
baseline_plus_m2k_only_equal_notional,2025-12-11,91.375,73798.15000000001,-1029.125
baseline_plus_m2k_only_equal_notional,2025-12-17,599.0,74397.15000000001,-430.125
baseline_plus_m2k_only_equal_notional,2025-12-18,-181.5,74215.65000000001,-611.625
baseline_plus_m2k_only_equal_notional,2025-12-22,-90.5,74125.15000000001,-702.125
baseline_plus_m2k_only_equal_notional,2025-12-23,-231.5,73893.65000000001,-933.625
baseline_plus_m2k_only_equal_notional,2025-12-26,-176.0,73717.65000000001,-1109.625
baseline_plus_m2k_only_equal_notional,2025-12-31,603.0,74320.65000000001,-506.625
baseline_plus_m2k_only_equal_notional,2026-01-05,-204.0,74116.65000000001,-710.625
baseline_plus_m2k_only_equal_notional,2026-01-06,196.0000000000009,74312.65000000001,-514.625
baseline_plus_m2k_only_equal_notional,2026-01-07,-231.5,74081.15000000001,-746.125
baseline_plus_m2k_only_equal_notional,2026-01-12,0.0,74081.15000000001,-746.125
baseline_plus_m2k_only_equal_notional,2026-01-15,182.5,74263.65000000001,-563.625
baseline_plus_m2k_only_equal_notional,2026-01-16,42.0,74305.65000000001,-521.625
baseline_plus_m2k_only_equal_notional,2026-01-21,0.0,74305.65000000001,-521.625
baseline_plus_m2k_only_equal_notional,2026-01-26,-29.5,74276.15000000001,-551.125
baseline_plus_m2k_only_equal_notional,2026-01-27,15.0,74291.15000000001,-536.125
baseline_plus_m2k_only_equal_notional,2026-01-28,374.0,74665.15000000001,-162.125
