scope,net_pnl,sharpe,sortino,profit_factor,expectancy,max_drawdown,n_trades,n_days_traded,pct_days_traded,hit_rate,avg_win,avg_loss,stop_hit_rate,target_hit_rate,exposure_time_pct
overall,12473.039999999997,1.2946403803659512,0.9470871133723828,1.4087018180340696,32.91039577836411,-3654.7199999999884,379,379,0.33839285714285716,0.5197889182058048,218.23208121827412,-167.68505494505496,0.3403693931398417,0.158311345646438,0.24463141025641025
is,9213.119999999999,1.3889847109396702,1.0484187749563947,1.4581193929213936,35.16458015267175,-3654.7199999999884,262,262,0.33290978398983484,0.5190839694656488,215.61661764705883,-159.6090476190477,0.3435114503816794,0.14885496183206107,0.2478708500309517
oos,3259.92,1.0878208867309076,0.7533770598068736,1.313214718762791,27.862564102564104,-2727.739999999989,117,117,0.35135135135135137,0.5213675213675214,224.06327868852463,-185.85607142857143,0.3333333333333333,0.1794871794871795,0.23697543697543696
