scope,net_pnl,sharpe,sortino,profit_factor,expectancy,max_drawdown,n_trades,n_days_traded,pct_days_traded,hit_rate,avg_win,avg_loss,stop_hit_rate,target_hit_rate,exposure_time_pct
overall,7859.079999999997,0.8613216257968991,0.6113856226772293,1.25480638607881,20.519791122715397,-2292.2999999999956,383,383,0.3419642857142857,0.5013054830287206,201.57510416666665,-161.4834554973822,0.3629242819843342,0.1566579634464752,0.23165521978021977
is,3718.8599999999988,0.6145699132205292,0.431009667861765,1.1815989710143657,14.248505747126432,-1997.1800000000003,261,261,0.33163913595933925,0.4904214559386973,189.04125000000005,-153.97308270676692,0.3831417624521073,0.14559386973180077,0.22156517772782067
oos,4140.219999999999,1.361894714902226,0.9886014693336377,1.3994454371090177,33.93622950819672,-2292.299999999997,122,122,0.3663663663663664,0.5245901639344263,226.6428125,-178.7055172413793,0.319672131147541,0.18032786885245902,0.2555016555016555
