scope,net_pnl,sharpe,sortino,profit_factor,expectancy,max_drawdown,n_trades,n_days_traded,pct_days_traded,hit_rate,avg_win,avg_loss,stop_hit_rate,target_hit_rate,exposure_time_pct
overall,8825.699999999997,0.9640008534688168,0.6715762401718038,1.2790772241085888,22.34354430379746,-1902.9999999999945,395,395,0.35267857142857145,0.5139240506329114,199.26246305418718,-164.71135416666667,0.3620253164556962,0.14936708860759493,0.24747481684981684
is,5172.899999999998,0.8305626840454473,0.5616342635873328,1.2428682767427883,19.520377358490556,-1482.92,265,265,0.33672172808132145,0.5094339622641509,196.08962962962963,-163.84,0.37358490566037733,0.13584905660377358,0.23353859186133646
oos,3652.799999999999,1.2527466235116234,0.929812301320344,1.3537690622524305,28.098461538461528,-1902.9999999999984,130,130,0.39039039039039036,0.5230769230769231,205.5614705882353,-166.5383870967742,0.3384615384615385,0.17692307692307693,0.2804111804111804
