session_date,entry_time,direction,net_pnl_retained,net_pnl_3state,contracts_retained,contracts_3state,risk_multiplier,pnl_ratio,flag_pnl_ratio_gt_1_with_multiplier_le_1,match_status
2019-05-07 00:00:00,2019-05-07 14:02:00+00:00,short,,230.0,,4.0,0.75,,False,sizing_3state_only
2019-05-09 00:00:00,2019-05-09 14:05:00+00:00,short,,-544.0,,4.0,0.75,,False,sizing_3state_only
2019-05-13 00:00:00,2019-05-13 14:02:00+00:00,short,,207.0,,3.0,0.75,,False,sizing_3state_only
2019-05-20 00:00:00,2019-05-20 14:26:00+00:00,long,,-166.5,,3.0,0.5,,False,sizing_3state_only
2019-06-03 00:00:00,2019-06-03 14:02:00+00:00,short,,358.5,,3.0,0.75,,False,sizing_3state_only
2019-06-18,2019-06-18 13:49:00+00:00,long,-83.0,,1.0,,,,False,retained_only
2019-06-18 00:00:00,2019-06-18 14:04:00+00:00,long,,-180.0,,2.0,0.5,,False,sizing_3state_only
2019-08-02 00:00:00,2019-08-02 14:05:00+00:00,short,,102.0,,3.0,0.5,,False,sizing_3state_only
2019-08-06,2019-08-06 14:04:00+00:00,long,-171.0,-374.0,2.0,4.0,0.5,2.1871345029239766,True,matched_on_entry_time_and_direction
2019-08-07 00:00:00,2019-08-07 14:11:00+00:00,long,,792.0,,4.0,1.0,,False,sizing_3state_only
2019-08-08,2019-08-08 14:01:00+00:00,long,326.0,,2.0,,,,False,retained_only
2019-08-13,2019-08-13 13:46:00+00:00,long,167.0,,1.0,,,,False,retained_only
2019-08-14 00:00:00,2019-08-14 14:13:00+00:00,short,,603.0,,3.0,0.5,,False,sizing_3state_only
2019-08-23 00:00:00,2019-08-23 14:06:00+00:00,long,,-500.0,,4.0,0.75,,False,sizing_3state_only
2019-09-03,2019-09-03 13:52:00+00:00,long,-180.0,,2.0,,,,False,retained_only
2019-09-03 00:00:00,2019-09-03 14:05:00+00:00,short,,-10.0,,4.0,0.75,,False,sizing_3state_only
2019-09-12,2019-09-12 14:11:00+00:00,long,-198.0,,2.0,,,,False,retained_only
2019-10-03 00:00:00,2019-10-03 14:01:00+00:00,short,,-460.5,,3.0,0.75,,False,sizing_3state_only
2019-10-03,2019-10-03 15:09:00+00:00,long,215.0,,2.0,,,,False,retained_only
2019-10-04 00:00:00,2019-10-04 14:01:00+00:00,long,,276.0,,4.0,0.5,,False,sizing_3state_only
2019-12-12 00:00:00,2019-12-12 15:01:00+00:00,long,,-28.5,,1.0,0.5,,False,sizing_3state_only
2019-12-13,2019-12-13 15:02:00+00:00,long,-15.0,-22.5,2.0,3.0,0.5,1.5,True,matched_on_entry_time_and_direction
2020-01-31 00:00:00,2020-01-31 15:09:00+00:00,short,,774.0,,4.0,1.0,,False,sizing_3state_only
2020-02-03,2020-02-03 14:46:00+00:00,long,37.5,,1.0,,,,False,retained_only
2020-02-05 00:00:00,2020-02-05 15:15:00+00:00,short,,-94.0,,4.0,1.0,,False,sizing_3state_only
2020-02-21 00:00:00,2020-02-21 15:41:00+00:00,short,,36.5,,1.0,0.5,,False,sizing_3state_only
2020-02-25 00:00:00,2020-02-25 15:21:00+00:00,short,,405.0,,1.0,0.5,,False,sizing_3state_only
2020-02-26 00:00:00,2020-02-26 15:36:00+00:00,long,,-277.0,,1.0,0.5,,False,sizing_3state_only
2020-02-27 00:00:00,2020-02-27 15:24:00+00:00,short,,-248.0,,1.0,0.5,,False,sizing_3state_only
2020-03-04,2020-03-04 15:23:00+00:00,long,265.0,265.0,1.0,1.0,0.5,1.0,False,matched_on_entry_time_and_direction
2020-03-05 00:00:00,2020-03-05 15:19:00+00:00,long,,-337.0,,2.0,0.5,,False,sizing_3state_only
2020-03-06 00:00:00,2020-03-06 15:26:00+00:00,long,,-234.5,,1.0,0.5,,False,sizing_3state_only
2020-03-10 00:00:00,2020-03-10 14:21:00+00:00,long,,-230.5,,1.0,0.5,,False,sizing_3state_only
2020-03-11 00:00:00,2020-03-11 14:31:00+00:00,short,,389.0,,1.0,0.5,,False,sizing_3state_only
2020-03-24,2020-03-24 14:26:00+00:00,long,-228.5,-233.5,1.0,1.0,0.5,1.0218818380743981,True,matched_on_entry_time_and_direction
2020-03-27 00:00:00,2020-03-27 17:40:00+00:00,long,,-510.0,,2.0,0.75,,False,sizing_3state_only
2020-03-30 00:00:00,2020-03-30 14:04:00+00:00,long,,1400.0,,4.0,1.0,,False,sizing_3state_only
2020-03-30,2020-03-30 14:05:00+00:00,long,377.0,,1.0,,,,False,retained_only
2020-03-31 00:00:00,2020-03-31 14:07:00+00:00,long,,-489.0,,3.0,0.75,,False,sizing_3state_only
2020-03-31,2020-03-31 14:15:00+00:00,long,-243.0,,1.0,,,,False,retained_only
2020-04-01 00:00:00,2020-04-01 14:33:00+00:00,long,,-307.0,,2.0,0.5,,False,sizing_3state_only
2020-04-02 00:00:00,2020-04-02 14:13:00+00:00,long,,176.0,,1.0,0.5,,False,sizing_3state_only
2020-04-03 00:00:00,2020-04-03 14:23:00+00:00,short,,94.0,,1.0,0.5,,False,sizing_3state_only
2020-04-06 00:00:00,2020-04-06 14:03:00+00:00,long,,874.0,,2.0,0.75,,False,sizing_3state_only
2020-04-07 00:00:00,2020-04-07 14:15:00+00:00,short,,223.0,,1.0,0.5,,False,sizing_3state_only
2020-04-08 00:00:00,2020-04-08 14:08:00+00:00,short,,-208.0,,1.0,0.5,,False,sizing_3state_only
2020-04-09 00:00:00,2020-04-09 14:16:00+00:00,short,,-54.0,,3.0,1.0,,False,sizing_3state_only
2020-04-13 00:00:00,2020-04-13 15:03:00+00:00,short,,-684.0,,4.0,1.0,,False,sizing_3state_only
2020-04-14,2020-04-14 13:49:00+00:00,long,243.5,,1.0,,,,False,retained_only
2020-04-14 00:00:00,2020-04-14 14:17:00+00:00,long,,283.0,,2.0,1.0,,False,sizing_3state_only
2020-04-16 00:00:00,2020-04-16 14:04:00+00:00,short,,-487.5,,3.0,0.75,,False,sizing_3state_only
2020-04-17 00:00:00,2020-04-17 14:46:00+00:00,short,,-301.5,,3.0,1.0,,False,sizing_3state_only
2020-04-20 00:00:00,2020-04-20 14:26:00+00:00,long,,-635.0,,5.0,1.0,,False,sizing_3state_only
2020-04-21 00:00:00,2020-04-21 14:20:00+00:00,short,,174.5,,1.0,0.5,,False,sizing_3state_only
2020-04-22 00:00:00,2020-04-22 14:41:00+00:00,long,,165.0,,2.0,0.5,,False,sizing_3state_only
2020-04-23 00:00:00,2020-04-23 14:20:00+00:00,long,,-349.0,,2.0,0.5,,False,sizing_3state_only
2020-04-23,2020-04-23 14:31:00+00:00,long,-204.0,,1.0,,,,False,retained_only
2020-04-27 00:00:00,2020-04-27 14:04:00+00:00,long,,-309.0,,3.0,0.5,,False,sizing_3state_only
2020-04-28 00:00:00,2020-04-28 14:01:00+00:00,short,,1162.0,,4.0,1.0,,False,sizing_3state_only
2020-04-29 00:00:00,2020-04-29 14:17:00+00:00,long,,718.0,,2.0,0.5,,False,sizing_3state_only
2020-04-30 00:00:00,2020-04-30 16:01:00+00:00,short,,-178.5,,3.0,0.75,,False,sizing_3state_only
2020-05-01 00:00:00,2020-05-01 14:01:00+00:00,long,,-542.0,,4.0,0.75,,False,sizing_3state_only
2020-05-04 00:00:00,2020-05-04 14:02:00+00:00,long,,688.0,,4.0,1.0,,False,sizing_3state_only
2020-05-05,2020-05-05 13:49:00+00:00,long,-204.0,,2.0,,,,False,retained_only
2020-05-06 00:00:00,2020-05-06 14:05:00+00:00,short,,-532.0,,4.0,0.75,,False,sizing_3state_only
2020-05-07 00:00:00,2020-05-07 14:13:00+00:00,short,,-665.0,,5.0,1.0,,False,sizing_3state_only
2020-05-13 00:00:00,2020-05-13 14:03:00+00:00,long,,-215.0,,1.0,0.5,,False,sizing_3state_only
2020-05-14 00:00:00,2020-05-14 14:30:00+00:00,short,,-504.0,,2.0,1.0,,False,sizing_3state_only
2020-05-15 00:00:00,2020-05-15 14:11:00+00:00,long,,203.0,,1.0,0.5,,False,sizing_3state_only
2020-05-18 00:00:00,2020-05-18 14:27:00+00:00,long,,105.0,,2.0,0.5,,False,sizing_3state_only
2020-05-19,2020-05-19 13:57:00+00:00,long,-248.0,,2.0,,,,False,retained_only
2020-05-19 00:00:00,2020-05-19 14:02:00+00:00,long,,-292.0,,2.0,0.5,,False,sizing_3state_only
2020-05-20,2020-05-20 13:47:00+00:00,long,156.0,,2.0,,,,False,retained_only
2020-05-21 00:00:00,2020-05-21 14:05:00+00:00,short,,846.0,,3.0,0.75,,False,sizing_3state_only
2020-05-27 00:00:00,2020-05-27 14:02:00+00:00,short,,-234.0,,1.0,0.5,,False,sizing_3state_only
2020-05-28 00:00:00,2020-05-28 14:09:00+00:00,long,,-505.5,,3.0,0.75,,False,sizing_3state_only
2020-05-28,2020-05-28 14:11:00+00:00,long,-179.5,,1.0,,,,False,retained_only
2020-05-29,2020-05-29 13:47:00+00:00,long,-219.0,,2.0,,,,False,retained_only
2020-05-29 00:00:00,2020-05-29 14:09:00+00:00,short,,-444.0,,3.0,0.75,,False,sizing_3state_only
2020-06-01 00:00:00,2020-06-01 14:06:00+00:00,long,,41.0,,2.0,0.5,,False,sizing_3state_only
2020-06-03 00:00:00,2020-06-03 14:01:00+00:00,long,,-749.0,,7.0,1.0,,False,sizing_3state_only
2020-06-04,2020-06-04 13:46:00+00:00,long,-186.0,,2.0,,,,False,retained_only
2020-06-05,2020-06-05 13:46:00+00:00,long,85.0,,1.0,,,,False,retained_only
2020-06-08 00:00:00,2020-06-08 14:02:00+00:00,short,,-512.0,,4.0,0.75,,False,sizing_3state_only
2020-06-09 00:00:00,2020-06-09 14:23:00+00:00,long,,591.0,,6.0,1.0,,False,sizing_3state_only
2020-06-10 00:00:00,2020-06-10 14:01:00+00:00,long,,-487.5,,5.0,0.75,,False,sizing_3state_only
2020-06-10,2020-06-10 18:15:00+00:00,long,-35.5,,1.0,,,,False,retained_only
2020-06-11 00:00:00,2020-06-11 14:34:00+00:00,long,,-588.0,,3.0,1.0,,False,sizing_3state_only
2020-06-12 00:00:00,2020-06-12 14:38:00+00:00,short,,1341.0,,3.0,1.0,,False,sizing_3state_only
2020-06-15 00:00:00,2020-06-15 14:04:00+00:00,long,,475.0,,1.0,0.5,,False,sizing_3state_only
2020-06-16 00:00:00,2020-06-16 14:46:00+00:00,short,,-165.0,,3.0,0.75,,False,sizing_3state_only
2020-06-17 00:00:00,2020-06-17 14:19:00+00:00,short,,-508.0,,4.0,0.75,,False,sizing_3state_only
2020-06-18 00:00:00,2020-06-18 14:10:00+00:00,long,,-301.5,,3.0,0.5,,False,sizing_3state_only
2020-06-22 00:00:00,2020-06-22 14:01:00+00:00,long,,950.0,,5.0,0.75,,False,sizing_3state_only
2020-06-24 00:00:00,2020-06-24 14:02:00+00:00,short,,303.0,,2.0,0.75,,False,sizing_3state_only
2020-06-26 00:00:00,2020-06-26 14:03:00+00:00,short,,237.5,,1.0,0.5,,False,sizing_3state_only
2020-06-29 00:00:00,2020-06-29 14:31:00+00:00,long,,212.0,,1.0,0.5,,False,sizing_3state_only
2020-06-30,2020-06-30 13:48:00+00:00,long,210.5,,1.0,,,,False,retained_only
2020-06-30 00:00:00,2020-06-30 14:03:00+00:00,long,,520.5,,3.0,1.0,,False,sizing_3state_only
2020-07-01 00:00:00,2020-07-01 14:26:00+00:00,long,,245.0,,2.0,0.5,,False,sizing_3state_only
2020-07-02,2020-07-02 13:57:00+00:00,long,-191.0,,2.0,,,,False,retained_only
2020-07-02 00:00:00,2020-07-02 15:04:00+00:00,short,,18.0,,3.0,0.75,,False,sizing_3state_only
2020-07-06,2020-07-06 13:56:00+00:00,long,456.0,,3.0,,,,False,retained_only
2020-07-06 00:00:00,2020-07-06 14:01:00+00:00,long,,984.0,,4.0,0.75,,False,sizing_3state_only
2020-07-07,2020-07-07 13:50:00+00:00,long,-143.5,,1.0,,,,False,retained_only
2020-07-07 00:00:00,2020-07-07 14:12:00+00:00,long,,-326.0,,2.0,0.5,,False,sizing_3state_only
2020-07-08,2020-07-08 13:49:00+00:00,long,-211.0,,2.0,,,,False,retained_only
2020-07-08 00:00:00,2020-07-08 14:13:00+00:00,long,,-432.0,,3.0,0.75,,False,sizing_3state_only
2020-07-09 00:00:00,2020-07-09 14:18:00+00:00,short,,711.0,,3.0,0.5,,False,sizing_3state_only
2020-07-10 00:00:00,2020-07-10 14:01:00+00:00,short,,-436.0,,2.0,0.75,,False,sizing_3state_only
2020-07-13 00:00:00,2020-07-13 14:30:00+00:00,long,,-287.0,,2.0,0.5,,False,sizing_3state_only
2020-07-15 00:00:00,2020-07-15 15:04:00+00:00,short,,-110.0,,2.0,0.75,,False,sizing_3state_only
2020-07-16 00:00:00,2020-07-16 14:02:00+00:00,short,,-690.0,,5.0,1.0,,False,sizing_3state_only
2020-07-17 00:00:00,2020-07-17 14:25:00+00:00,short,,-188.5,,1.0,0.5,,False,sizing_3state_only
2020-07-20 00:00:00,2020-07-20 14:05:00+00:00,long,,730.0,,2.0,0.5,,False,sizing_3state_only
2020-07-20,2020-07-20 14:06:00+00:00,long,432.0,,1.0,,,,False,retained_only
2020-07-21 00:00:00,2020-07-21 14:11:00+00:00,short,,390.0,,3.0,1.0,,False,sizing_3state_only
2020-07-22,2020-07-22 13:54:00+00:00,long,-131.5,,1.0,,,,False,retained_only
2020-07-22 00:00:00,2020-07-22 14:48:00+00:00,short,,-109.0,,2.0,0.5,,False,sizing_3state_only
2020-07-23 00:00:00,2020-07-23 14:14:00+00:00,short,,873.0,,3.0,0.75,,False,sizing_3state_only
2020-07-24 00:00:00,2020-07-24 14:21:00+00:00,long,,68.5,,1.0,0.5,,False,sizing_3state_only
2020-07-27,2020-07-27 13:50:00+00:00,long,-209.5,,1.0,,,,False,retained_only
2020-07-27 00:00:00,2020-07-27 14:01:00+00:00,long,,-718.5,,3.0,1.0,,False,sizing_3state_only
2020-07-29 00:00:00,2020-07-29 14:03:00+00:00,long,,240.0,,5.0,0.75,,False,sizing_3state_only
2020-07-30 00:00:00,2020-07-30 14:21:00+00:00,short,,-196.0,,1.0,0.5,,False,sizing_3state_only
2020-07-31 00:00:00,2020-07-31 14:09:00+00:00,short,,-514.0,,2.0,1.0,,False,sizing_3state_only
2020-08-03,2020-08-03 14:01:00+00:00,long,-35.0,,1.0,,,,False,retained_only
2020-08-03 00:00:00,2020-08-03 14:02:00+00:00,long,,-187.5,,3.0,0.75,,False,sizing_3state_only
2020-08-04 00:00:00,2020-08-04 14:02:00+00:00,long,,-256.0,,2.0,0.5,,False,sizing_3state_only
2020-08-05 00:00:00,2020-08-05 14:12:00+00:00,long,,-78.0,,3.0,0.5,,False,sizing_3state_only
2020-08-10 00:00:00,2020-08-10 14:06:00+00:00,short,,-180.0,,3.0,0.75,,False,sizing_3state_only
2020-08-11 00:00:00,2020-08-11 14:08:00+00:00,short,,-565.5,,3.0,1.0,,False,sizing_3state_only
2020-08-12,2020-08-12 13:49:00+00:00,long,267.0,,1.0,,,,False,retained_only
2020-08-12 00:00:00,2020-08-12 14:08:00+00:00,long,,121.0,,1.0,0.5,,False,sizing_3state_only
2020-08-13 00:00:00,2020-08-13 14:32:00+00:00,long,,-280.0,,2.0,0.5,,False,sizing_3state_only
2020-08-14 00:00:00,2020-08-14 14:14:00+00:00,short,,-217.5,,5.0,1.0,,False,sizing_3state_only
2020-08-18 00:00:00,2020-08-18 14:08:00+00:00,short,,-504.0,,4.0,0.75,,False,sizing_3state_only
2020-08-20,2020-08-20 13:48:00+00:00,long,246.5,,1.0,,,,False,retained_only
2020-08-21 00:00:00,2020-08-21 14:26:00+00:00,long,,253.5,,3.0,0.5,,False,sizing_3state_only
2020-08-24 00:00:00,2020-08-24 14:04:00+00:00,short,,-34.0,,2.0,0.75,,False,sizing_3state_only
2020-08-25 00:00:00,2020-08-25 14:17:00+00:00,long,,702.0,,3.0,0.5,,False,sizing_3state_only
2020-08-25,2020-08-25 15:14:00+00:00,long,68.0,,1.0,,,,False,retained_only
2020-08-27 00:00:00,2020-08-27 14:13:00+00:00,short,,-226.5,,1.0,0.5,,False,sizing_3state_only
2020-08-28 00:00:00,2020-08-28 14:03:00+00:00,long,,-516.0,,4.0,0.75,,False,sizing_3state_only
2020-08-31 00:00:00,2020-08-31 14:20:00+00:00,long,,180.0,,2.0,0.5,,False,sizing_3state_only
2020-09-01 00:00:00,2020-09-01 14:01:00+00:00,long,,1158.0,,3.0,1.0,,False,sizing_3state_only
2020-09-01,2020-09-01 14:25:00+00:00,long,101.5,,1.0,,,,False,retained_only
2020-09-02 00:00:00,2020-09-02 15:37:00+00:00,short,,-434.5,,1.0,0.75,,False,sizing_3state_only
2020-09-03 00:00:00,2020-09-03 14:13:00+00:00,short,,1338.0,,3.0,1.0,,False,sizing_3state_only
2020-09-09 00:00:00,2020-09-09 14:26:00+00:00,long,,134.0,,2.0,1.0,,False,sizing_3state_only
2020-09-10 00:00:00,2020-09-10 14:04:00+00:00,long,,-601.5,,3.0,1.0,,False,sizing_3state_only
2020-09-14,2020-09-14 13:46:00+00:00,long,-171.5,,1.0,,,,False,retained_only
2020-09-14 00:00:00,2020-09-14 14:05:00+00:00,long,,-681.0,,3.0,1.0,,False,sizing_3state_only
2020-09-15,2020-09-15 13:55:00+00:00,long,-232.0,,2.0,,,,False,retained_only
2020-09-15 00:00:00,2020-09-15 14:02:00+00:00,long,,-283.0,,2.0,0.5,,False,sizing_3state_only
2020-09-16 00:00:00,2020-09-16 14:34:00+00:00,short,,700.0,,2.0,0.5,,False,sizing_3state_only
2020-09-17 00:00:00,2020-09-17 14:06:00+00:00,long,,-282.5,,1.0,0.5,,False,sizing_3state_only
2020-09-21 00:00:00,2020-09-21 14:31:00+00:00,short,,-282.5,,1.0,0.5,,False,sizing_3state_only
2020-09-22 00:00:00,2020-09-22 15:00:00+00:00,short,,-523.0,,2.0,1.0,,False,sizing_3state_only
2020-09-23 00:00:00,2020-09-23 14:06:00+00:00,short,,760.0,,2.0,0.75,,False,sizing_3state_only
2020-09-25 00:00:00,2020-09-25 14:23:00+00:00,long,,780.0,,2.0,0.75,,False,sizing_3state_only
2020-09-28 00:00:00,2020-09-28 14:52:00+00:00,short,,-208.5,,1.0,0.5,,False,sizing_3state_only
2020-09-29 00:00:00,2020-09-29 14:12:00+00:00,long,,-355.5,,3.0,0.5,,False,sizing_3state_only
2020-09-30,2020-09-30 13:52:00+00:00,long,282.0,,1.0,,,,False,retained_only
2020-09-30 00:00:00,2020-09-30 14:01:00+00:00,long,,-233.0,,2.0,0.75,,False,sizing_3state_only
2020-10-01 00:00:00,2020-10-01 14:01:00+00:00,short,,-486.0,,4.0,0.75,,False,sizing_3state_only
2020-10-02 00:00:00,2020-10-02 14:02:00+00:00,long,,-531.0,,2.0,0.75,,False,sizing_3state_only
2020-10-05 00:00:00,2020-10-05 14:01:00+00:00,long,,762.0,,4.0,0.75,,False,sizing_3state_only
2020-10-05,2020-10-05 14:03:00+00:00,long,180.0,,1.0,,,,False,retained_only
2020-10-06 00:00:00,2020-10-06 14:10:00+00:00,long,,-274.0,,2.0,0.5,,False,sizing_3state_only
2020-10-08 00:00:00,2020-10-08 14:21:00+00:00,short,,-556.0,,4.0,0.75,,False,sizing_3state_only
2020-10-09 00:00:00,2020-10-09 14:04:00+00:00,long,,622.0,,4.0,0.75,,False,sizing_3state_only
2020-10-13 00:00:00,2020-10-13 15:22:00+00:00,long,,-267.0,,1.0,0.5,,False,sizing_3state_only
2020-10-14 00:00:00,2020-10-14 14:26:00+00:00,short,,1119.0,,3.0,1.0,,False,sizing_3state_only
2020-10-16 00:00:00,2020-10-16 14:01:00+00:00,long,,-477.5,,5.0,0.75,,False,sizing_3state_only
2020-10-19 00:00:00,2020-10-19 14:01:00+00:00,short,,978.0,,3.0,0.75,,False,sizing_3state_only
2020-10-20 00:00:00,2020-10-20 14:06:00+00:00,long,,-708.0,,4.0,1.0,,False,sizing_3state_only
2020-10-20,2020-10-20 14:07:00+00:00,long,-188.0,,1.0,,,,False,retained_only
2020-10-21,2020-10-21 13:49:00+00:00,long,-199.5,,1.0,,,,False,retained_only
2020-10-21 00:00:00,2020-10-21 15:16:00+00:00,short,,-39.0,,1.0,0.5,,False,sizing_3state_only
2020-10-22 00:00:00,2020-10-22 14:04:00+00:00,short,,-25.0,,5.0,1.0,,False,sizing_3state_only
2020-10-23 00:00:00,2020-10-23 14:01:00+00:00,short,,-380.0,,2.0,0.75,,False,sizing_3state_only
2020-10-26 00:00:00,2020-10-26 14:03:00+00:00,long,,-489.0,,2.0,0.75,,False,sizing_3state_only
2020-10-27 00:00:00,2020-10-27 14:23:00+00:00,short,,-339.0,,2.0,0.5,,False,sizing_3state_only
2020-10-28 00:00:00,2020-10-28 14:17:00+00:00,short,,205.0,,1.0,0.75,,False,sizing_3state_only
2020-10-29,2020-10-29 13:55:00+00:00,long,300.0,,1.0,,,,False,retained_only
2020-10-29 00:00:00,2020-10-29 14:04:00+00:00,long,,-697.5,,3.0,1.0,,False,sizing_3state_only
2020-10-30 00:00:00,2020-10-30 14:14:00+00:00,short,,199.0,,2.0,1.0,,False,sizing_3state_only
2020-11-02,2020-11-02 14:53:00+00:00,long,-169.0,,1.0,,,,False,retained_only
2020-11-02 00:00:00,2020-11-02 16:13:00+00:00,short,,130.5,,3.0,1.0,,False,sizing_3state_only
2020-11-03,2020-11-03 15:00:00+00:00,long,390.0,,1.0,,,,False,retained_only
2020-11-03 00:00:00,2020-11-03 15:01:00+00:00,long,,1272.0,,3.0,1.0,,False,sizing_3state_only
2020-11-05,2020-11-05 14:52:00+00:00,long,-225.5,,1.0,,,,False,retained_only
2020-11-05 00:00:00,2020-11-05 15:02:00+00:00,long,,-723.0,,3.0,1.0,,False,sizing_3state_only
2020-11-06 00:00:00,2020-11-06 16:41:00+00:00,long,,56.5,,1.0,0.5,,False,sizing_3state_only
2020-11-10 00:00:00,2020-11-10 15:23:00+00:00,short,,-92.0,,1.0,0.5,,False,sizing_3state_only
2020-11-11,2020-11-11 15:30:00+00:00,long,118.5,,1.0,,,,False,retained_only
2020-11-11 00:00:00,2020-11-11 15:31:00+00:00,long,,95.5,,1.0,0.5,,False,sizing_3state_only
2020-11-12 00:00:00,2020-11-12 15:42:00+00:00,long,,-370.0,,2.0,0.5,,False,sizing_3state_only
2020-11-13 00:00:00,2020-11-13 15:01:00+00:00,short,,-562.5,,5.0,0.75,,False,sizing_3state_only
2020-11-16 00:00:00,2020-11-16 15:23:00+00:00,long,,44.0,,1.0,0.5,,False,sizing_3state_only
2020-11-16,2020-11-16 15:26:00+00:00,long,18.0,,1.0,,,,False,retained_only
2020-11-19 00:00:00,2020-11-19 15:39:00+00:00,long,,265.5,,3.0,1.0,,False,sizing_3state_only
2020-11-23,2020-11-23 14:46:00+00:00,long,-192.0,,2.0,,,,False,retained_only
2020-11-23 00:00:00,2020-11-23 15:07:00+00:00,short,,1434.0,,6.0,1.0,,False,sizing_3state_only
2020-11-24 00:00:00,2020-11-24 15:42:00+00:00,long,,1424.0,,4.0,1.0,,False,sizing_3state_only
2020-11-25 00:00:00,2020-11-25 15:05:00+00:00,short,,-552.5,,5.0,0.75,,False,sizing_3state_only
2020-11-27 00:00:00,2020-11-27 15:01:00+00:00,long,,292.0,,8.0,1.0,,False,sizing_3state_only
2020-11-30 00:00:00,2020-11-30 15:29:00+00:00,short,,-354.0,,2.0,0.5,,False,sizing_3state_only
2020-12-01 00:00:00,2020-12-01 15:01:00+00:00,long,,454.0,,4.0,0.75,,False,sizing_3state_only
2020-12-02 00:00:00,2020-12-02 15:13:00+00:00,long,,247.0,,2.0,0.5,,False,sizing_3state_only
2020-12-03 00:00:00,2020-12-03 15:04:00+00:00,long,,-515.0,,5.0,0.75,,False,sizing_3state_only
2020-12-03,2020-12-03 15:06:00+00:00,long,-219.0,,2.0,,,,False,retained_only
2020-12-07,2020-12-07 14:59:00+00:00,long,17.0,,2.0,,,,False,retained_only
2020-12-07 00:00:00,2020-12-07 15:02:00+00:00,long,,-14.0,,4.0,0.75,,False,sizing_3state_only
2020-12-10 00:00:00,2020-12-10 15:09:00+00:00,long,,0.5,,1.0,0.5,,False,sizing_3state_only
2020-12-11 00:00:00,2020-12-11 15:14:00+00:00,long,,-339.0,,2.0,0.5,,False,sizing_3state_only
2020-12-14,2020-12-14 14:47:00+00:00,long,-162.0,,1.0,,,,False,retained_only
2020-12-14 00:00:00,2020-12-14 15:01:00+00:00,long,,-211.0,,1.0,0.5,,False,sizing_3state_only
2020-12-21 00:00:00,2020-12-21 15:04:00+00:00,short,,-397.0,,2.0,0.75,,False,sizing_3state_only
2020-12-22,2020-12-22 14:57:00+00:00,long,-147.0,,1.0,,,,False,retained_only
2020-12-22 00:00:00,2020-12-22 16:02:00+00:00,short,,-290.0,,4.0,1.0,,False,sizing_3state_only
2020-12-29 00:00:00,2020-12-29 15:02:00+00:00,short,,7.5,,3.0,0.75,,False,sizing_3state_only
2020-12-30 00:00:00,2020-12-30 15:14:00+00:00,short,,65.0,,5.0,1.0,,False,sizing_3state_only
2021-01-04 00:00:00,2021-01-04 15:12:00+00:00,short,,1392.0,,4.0,1.0,,False,sizing_3state_only
2021-01-05,2021-01-05 14:53:00+00:00,long,-221.5,,1.0,,,,False,retained_only
2021-01-05 00:00:00,2021-01-05 15:05:00+00:00,long,,-498.0,,2.0,0.75,,False,sizing_3state_only
2021-01-06 00:00:00,2021-01-06 15:11:00+00:00,long,,-168.0,,1.0,0.5,,False,sizing_3state_only
2021-01-07,2021-01-07 14:56:00+00:00,long,211.0,,1.0,,,,False,retained_only
2021-01-07 00:00:00,2021-01-07 15:01:00+00:00,long,,490.5,,3.0,1.0,,False,sizing_3state_only
2021-01-08 00:00:00,2021-01-08 15:27:00+00:00,short,,-301.0,,2.0,0.5,,False,sizing_3state_only
2021-01-11 00:00:00,2021-01-11 15:18:00+00:00,long,,-197.0,,1.0,0.5,,False,sizing_3state_only
2021-01-13,2021-01-13 14:52:00+00:00,long,55.0,,1.0,,,,False,retained_only
2021-01-13 00:00:00,2021-01-13 15:36:00+00:00,long,,70.0,,2.0,0.5,,False,sizing_3state_only
2021-01-15 00:00:00,2021-01-15 15:04:00+00:00,short,,1386.0,,6.0,1.0,,False,sizing_3state_only
2021-01-20,2021-01-20 15:07:00+00:00,long,284.0,,1.0,,,,False,retained_only
2021-01-20 00:00:00,2021-01-20 15:08:00+00:00,long,,1292.0,,4.0,1.0,,False,sizing_3state_only
2021-01-21 00:00:00,2021-01-21 15:11:00+00:00,long,,184.0,,2.0,0.5,,False,sizing_3state_only
2021-01-22 00:00:00,2021-01-22 15:39:00+00:00,short,,-650.0,,5.0,1.0,,False,sizing_3state_only
2021-01-25 00:00:00,2021-01-25 15:45:00+00:00,short,,714.0,,3.0,0.5,,False,sizing_3state_only
2021-01-26 00:00:00,2021-01-26 15:49:00+00:00,long,,-100.0,,2.0,0.5,,False,sizing_3state_only
2021-01-28 00:00:00,2021-01-28 15:16:00+00:00,long,,-520.0,,2.0,1.0,,False,sizing_3state_only
2021-01-29 00:00:00,2021-01-29 15:25:00+00:00,long,,-302.5,,1.0,0.5,,False,sizing_3state_only
2021-02-01,2021-02-01 15:43:00+00:00,long,-236.0,236.5,2.0,1.0,0.5,-1.0021186440677967,False,matched_on_entry_time_and_direction
2021-02-02,2021-02-02 14:49:00+00:00,long,41.5,,1.0,,,,False,retained_only
2021-02-02 00:00:00,2021-02-02 15:19:00+00:00,long,,27.0,,3.0,0.75,,False,sizing_3state_only
2021-02-03 00:00:00,2021-02-03 15:11:00+00:00,short,,436.0,,4.0,1.0,,False,sizing_3state_only
2021-02-04 00:00:00,2021-02-04 15:03:00+00:00,short,,-474.0,,3.0,0.75,,False,sizing_3state_only
2021-02-05 00:00:00,2021-02-05 15:03:00+00:00,short,,-520.0,,4.0,0.75,,False,sizing_3state_only
2021-02-08 00:00:00,2021-02-08 15:05:00+00:00,long,,-712.0,,8.0,1.0,,False,sizing_3state_only
2021-02-09 00:00:00,2021-02-09 15:01:00+00:00,long,,-267.5,,5.0,1.0,,False,sizing_3state_only
2021-02-09,2021-02-09 15:02:00+00:00,long,-60.5,,1.0,,,,False,retained_only
2021-02-10 00:00:00,2021-02-10 15:13:00+00:00,short,,1372.0,,7.0,1.0,,False,sizing_3state_only
2021-02-16 00:00:00,2021-02-16 15:32:00+00:00,long,,-367.5,,3.0,0.5,,False,sizing_3state_only
2021-02-17 00:00:00,2021-02-17 15:22:00+00:00,short,,-732.0,,4.0,1.0,,False,sizing_3state_only
2021-02-18 00:00:00,2021-02-18 15:07:00+00:00,short,,-433.5,,3.0,0.75,,False,sizing_3state_only
2021-02-19 00:00:00,2021-02-19 15:12:00+00:00,short,,504.0,,4.0,0.75,,False,sizing_3state_only
2021-02-22 00:00:00,2021-02-22 15:23:00+00:00,short,,932.0,,4.0,1.0,,False,sizing_3state_only
2021-02-25 00:00:00,2021-02-25 15:05:00+00:00,short,,476.0,,1.0,0.5,,False,sizing_3state_only
2021-02-26,2021-02-26 17:09:00+00:00,long,-212.5,,1.0,,,,False,retained_only
2021-03-01 00:00:00,2021-03-01 15:18:00+00:00,long,,622.0,,2.0,0.5,,False,sizing_3state_only
2021-03-01,2021-03-01 15:22:00+00:00,long,255.0,,1.0,,,,False,retained_only
2021-03-02 00:00:00,2021-03-02 15:30:00+00:00,short,,187.5,,1.0,0.75,,False,sizing_3state_only
2021-03-03 00:00:00,2021-03-03 15:07:00+00:00,short,,644.0,,1.0,0.75,,False,sizing_3state_only
2021-03-09,2021-03-09 14:50:00+00:00,long,285.0,,1.0,,,,False,retained_only
2021-03-09 00:00:00,2021-03-09 15:02:00+00:00,long,,112.5,,1.0,0.5,,False,sizing_3state_only
2021-03-10 00:00:00,2021-03-10 15:26:00+00:00,short,,134.5,,1.0,0.5,,False,sizing_3state_only
2021-03-11 00:00:00,2021-03-11 15:19:00+00:00,short,,-694.0,,4.0,1.0,,False,sizing_3state_only
2021-03-11,2021-03-11 15:54:00+00:00,long,65.0,,1.0,,,,False,retained_only
2021-03-12 00:00:00,2021-03-12 15:28:00+00:00,short,,-230.5,,1.0,0.5,,False,sizing_3state_only
2021-03-15 00:00:00,2021-03-15 14:13:00+00:00,long,,-716.0,,4.0,1.0,,False,sizing_3state_only
2021-03-16,2021-03-16 13:46:00+00:00,long,-142.0,,1.0,,,,False,retained_only
2021-03-16 00:00:00,2021-03-16 14:02:00+00:00,long,,-628.5,,3.0,1.0,,False,sizing_3state_only
2021-03-17 00:00:00,2021-03-17 14:11:00+00:00,long,,884.0,,2.0,0.75,,False,sizing_3state_only
2021-03-18 00:00:00,2021-03-18 14:11:00+00:00,short,,570.0,,2.0,0.75,,False,sizing_3state_only
2021-03-22,2021-03-22 13:53:00+00:00,long,284.0,,1.0,,,,False,retained_only
2021-03-22 00:00:00,2021-03-22 14:01:00+00:00,long,,108.0,,1.0,0.5,,False,sizing_3state_only
2021-03-23 00:00:00,2021-03-23 14:11:00+00:00,long,,-622.0,,4.0,1.0,,False,sizing_3state_only
2021-03-24 00:00:00,2021-03-24 14:17:00+00:00,short,,606.0,,2.0,1.0,,False,sizing_3state_only
2021-03-25 00:00:00,2021-03-25 14:02:00+00:00,long,,-476.0,,2.0,0.75,,False,sizing_3state_only
2021-03-26,2021-03-26 13:48:00+00:00,long,-141.5,,1.0,,,,False,retained_only
2021-03-26 00:00:00,2021-03-26 14:03:00+00:00,long,,-535.5,,3.0,0.75,,False,sizing_3state_only
2021-03-29 00:00:00,2021-03-29 14:01:00+00:00,short,,-548.0,,2.0,0.75,,False,sizing_3state_only
2021-03-30 00:00:00,2021-03-30 14:20:00+00:00,short,,-571.5,,3.0,1.0,,False,sizing_3state_only
2021-03-31,2021-03-31 13:49:00+00:00,long,137.0,,1.0,,,,False,retained_only
2021-03-31 00:00:00,2021-03-31 14:01:00+00:00,long,,107.0,,2.0,0.75,,False,sizing_3state_only
2021-04-01 00:00:00,2021-04-01 14:10:00+00:00,long,,90.0,,4.0,0.75,,False,sizing_3state_only
2021-04-05,2021-04-05 13:49:00+00:00,long,248.0,,1.0,,,,False,retained_only
2021-04-05 00:00:00,2021-04-05 14:10:00+00:00,long,,730.0,,4.0,1.0,,False,sizing_3state_only
2021-04-06 00:00:00,2021-04-06 14:01:00+00:00,long,,-154.5,,3.0,0.5,,False,sizing_3state_only
2021-04-07 00:00:00,2021-04-07 14:02:00+00:00,long,,108.0,,3.0,0.75,,False,sizing_3state_only
2021-04-08 00:00:00,2021-04-08 14:13:00+00:00,short,,-322.5,,3.0,0.5,,False,sizing_3state_only
2021-04-09 00:00:00,2021-04-09 14:04:00+00:00,long,,394.0,,2.0,0.5,,False,sizing_3state_only
2021-04-13,2021-04-13 13:54:00+00:00,long,58.0,,1.0,,,,False,retained_only
2021-04-14 00:00:00,2021-04-14 14:24:00+00:00,short,,588.0,,3.0,0.5,,False,sizing_3state_only
2021-04-15 00:00:00,2021-04-15 14:28:00+00:00,long,,254.0,,4.0,0.75,,False,sizing_3state_only
2021-04-19 00:00:00,2021-04-19 14:07:00+00:00,short,,181.5,,3.0,0.75,,False,sizing_3state_only
2021-04-20 00:00:00,2021-04-20 14:41:00+00:00,short,,806.0,,4.0,1.0,,False,sizing_3state_only
2021-04-21,2021-04-21 13:59:00+00:00,long,212.5,,1.0,,,,False,retained_only
2021-04-21 00:00:00,2021-04-21 14:26:00+00:00,long,,532.5,,3.0,1.0,,False,sizing_3state_only
2021-04-22 00:00:00,2021-04-22 14:31:00+00:00,long,,-262.0,,2.0,0.5,,False,sizing_3state_only
2021-04-23,2021-04-23 13:52:00+00:00,long,386.0,,2.0,,,,False,retained_only
2021-04-23 00:00:00,2021-04-23 14:04:00+00:00,long,,1270.0,,5.0,1.0,,False,sizing_3state_only
2021-04-27 00:00:00,2021-04-27 14:01:00+00:00,short,,-116.0,,2.0,0.75,,False,sizing_3state_only
2021-04-29 00:00:00,2021-04-29 14:01:00+00:00,short,,-22.0,,2.0,0.75,,False,sizing_3state_only
2021-04-30 00:00:00,2021-04-30 14:12:00+00:00,long,,-722.5,,5.0,1.0,,False,sizing_3state_only
2021-05-03 00:00:00,2021-05-03 14:08:00+00:00,long,,-454.5,,3.0,0.75,,False,sizing_3state_only
2021-05-04 00:00:00,2021-05-04 14:02:00+00:00,short,,-18.5,,1.0,0.5,,False,sizing_3state_only
2021-05-05 00:00:00,2021-05-05 14:01:00+00:00,short,,513.0,,3.0,1.0,,False,sizing_3state_only
2021-05-06 00:00:00,2021-05-06 14:02:00+00:00,short,,-376.0,,2.0,0.75,,False,sizing_3state_only
2021-05-07 00:00:00,2021-05-07 14:08:00+00:00,long,,-90.0,,1.0,0.5,,False,sizing_3state_only
2021-05-07,2021-05-07 14:11:00+00:00,long,-118.0,,1.0,,,,False,retained_only
2021-05-10 00:00:00,2021-05-10 14:04:00+00:00,short,,1194.0,,2.0,1.0,,False,sizing_3state_only
2021-05-12 00:00:00,2021-05-12 14:13:00+00:00,short,,212.0,,1.0,0.5,,False,sizing_3state_only
2021-05-13,2021-05-13 14:01:00+00:00,long,-141.0,-568.5,1.0,3.0,1.0,4.031914893617022,True,matched_on_entry_time_and_direction
2021-05-14 00:00:00,2021-05-14 14:03:00+00:00,long,,502.0,,2.0,0.5,,False,sizing_3state_only
2021-05-14,2021-05-14 14:12:00+00:00,long,219.5,,1.0,,,,False,retained_only
2021-05-17 00:00:00,2021-05-17 14:02:00+00:00,short,,-750.0,,4.0,1.0,,False,sizing_3state_only
2021-05-18 00:00:00,2021-05-18 14:26:00+00:00,long,,-270.0,,2.0,0.5,,False,sizing_3state_only
2021-05-19 00:00:00,2021-05-19 14:26:00+00:00,long,,302.0,,1.0,0.5,,False,sizing_3state_only
2021-05-20,2021-05-20 13:48:00+00:00,long,174.5,,1.0,,,,False,retained_only
2021-05-20 00:00:00,2021-05-20 14:02:00+00:00,long,,332.0,,2.0,0.75,,False,sizing_3state_only
2021-05-21 00:00:00,2021-05-21 14:19:00+00:00,short,,480.0,,4.0,1.0,,False,sizing_3state_only
2021-05-24,2021-05-24 14:01:00+00:00,long,93.5,280.5,1.0,3.0,1.0,3.0,True,matched_on_entry_time_and_direction
2021-05-25 00:00:00,2021-05-25 14:02:00+00:00,short,,-58.0,,4.0,1.0,,False,sizing_3state_only
2021-05-26 00:00:00,2021-05-26 14:03:00+00:00,short,,-310.5,,3.0,0.5,,False,sizing_3state_only
2021-05-27 00:00:00,2021-05-27 14:18:00+00:00,long,,-225.0,,3.0,0.5,,False,sizing_3state_only
2021-06-01 00:00:00,2021-06-01 14:05:00+00:00,short,,286.5,,3.0,0.75,,False,sizing_3state_only
2021-06-03 00:00:00,2021-06-03 15:00:00+00:00,long,,-330.0,,3.0,1.0,,False,sizing_3state_only
2021-06-04,2021-06-04 13:46:00+00:00,long,142.5,,1.0,,,,False,retained_only
2021-06-04 00:00:00,2021-06-04 14:01:00+00:00,long,,112.5,,1.0,0.5,,False,sizing_3state_only
2021-06-07 00:00:00,2021-06-07 14:20:00+00:00,short,,-312.0,,3.0,0.5,,False,sizing_3state_only
2021-06-08 00:00:00,2021-06-08 14:01:00+00:00,short,,66.0,,3.0,0.75,,False,sizing_3state_only
2021-06-09 00:00:00,2021-06-09 14:12:00+00:00,short,,87.0,,2.0,0.5,,False,sizing_3state_only
2021-06-15 00:00:00,2021-06-15 14:29:00+00:00,short,,423.0,,6.0,1.0,,False,sizing_3state_only
2021-06-17,2021-06-17 13:52:00+00:00,long,272.5,,1.0,,,,False,retained_only
2021-06-17 00:00:00,2021-06-17 14:03:00+00:00,long,,246.0,,1.0,0.5,,False,sizing_3state_only
2021-06-21 00:00:00,2021-06-21 14:11:00+00:00,long,,116.0,,1.0,0.5,,False,sizing_3state_only
2021-06-22 00:00:00,2021-06-22 14:32:00+00:00,long,,301.0,,2.0,0.5,,False,sizing_3state_only
2021-06-23,2021-06-23 13:59:00+00:00,long,-224.0,,2.0,,,,False,retained_only
2021-06-25 00:00:00,2021-06-25 14:12:00+00:00,short,,-136.0,,4.0,0.75,,False,sizing_3state_only
2021-06-28,2021-06-28 14:02:00+00:00,long,88.5,442.5,1.0,5.0,1.0,5.0,True,matched_on_entry_time_and_direction
2021-07-06,2021-07-06 14:08:00+00:00,long,-249.0,,3.0,,,,False,retained_only
2021-07-07 00:00:00,2021-07-07 14:04:00+00:00,short,,87.5,,5.0,1.0,,False,sizing_3state_only
2021-07-08 00:00:00,2021-07-08 14:06:00+00:00,long,,385.5,,3.0,1.0,,False,sizing_3state_only
2021-07-09 00:00:00,2021-07-09 14:24:00+00:00,long,,472.5,,3.0,0.5,,False,sizing_3state_only
2021-07-12 00:00:00,2021-07-12 14:02:00+00:00,short,,-406.5,,3.0,0.75,,False,sizing_3state_only
2021-07-13,2021-07-13 13:55:00+00:00,long,-131.5,,1.0,,,,False,retained_only
2021-07-13 00:00:00,2021-07-13 14:01:00+00:00,long,,-549.0,,3.0,0.75,,False,sizing_3state_only
2021-07-14 00:00:00,2021-07-14 14:05:00+00:00,long,,-478.0,,4.0,0.75,,False,sizing_3state_only
2021-07-15 00:00:00,2021-07-15 14:29:00+00:00,short,,-7.5,,3.0,1.0,,False,sizing_3state_only
2021-07-16 00:00:00,2021-07-16 14:09:00+00:00,short,,1165.0,,5.0,1.0,,False,sizing_3state_only
2021-07-19 00:00:00,2021-07-19 14:02:00+00:00,short,,-472.0,,2.0,0.75,,False,sizing_3state_only
2021-07-20 00:00:00,2021-07-20 14:21:00+00:00,long,,163.5,,1.0,0.5,,False,sizing_3state_only
2021-07-21,2021-07-21 13:58:00+00:00,long,324.0,,2.0,,,,False,retained_only
2021-07-22,2021-07-22 14:27:00+00:00,long,88.0,440.0,1.0,5.0,1.0,5.0,True,matched_on_entry_time_and_direction
2021-07-26 00:00:00,2021-07-26 14:01:00+00:00,long,,48.0,,2.0,0.5,,False,sizing_3state_only
2021-07-27 00:00:00,2021-07-27 14:06:00+00:00,short,,1086.0,,3.0,0.75,,False,sizing_3state_only
2021-07-28 00:00:00,2021-07-28 14:18:00+00:00,long,,-65.5,,1.0,0.5,,False,sizing_3state_only
2021-07-29,2021-07-29 13:47:00+00:00,long,-198.0,,1.0,,,,False,retained_only
2021-07-30 00:00:00,2021-07-30 14:01:00+00:00,long,,8.0,,1.0,0.5,,False,sizing_3state_only
2021-08-03 00:00:00,2021-08-03 14:08:00+00:00,short,,-488.0,,2.0,0.75,,False,sizing_3state_only
2021-08-04 00:00:00,2021-08-04 14:21:00+00:00,short,,-254.0,,2.0,0.5,,False,sizing_3state_only
2021-08-06 00:00:00,2021-08-06 14:06:00+00:00,short,,15.0,,6.0,1.0,,False,sizing_3state_only
2021-08-11 00:00:00,2021-08-11 14:12:00+00:00,short,,112.5,,3.0,0.75,,False,sizing_3state_only
2021-08-12 00:00:00,2021-08-12 14:20:00+00:00,long,,261.0,,2.0,0.5,,False,sizing_3state_only
2021-08-13,2021-08-13 14:18:00+00:00,long,-14.0,,1.0,,,,False,retained_only
2021-08-16 00:00:00,2021-08-16 14:07:00+00:00,short,,-394.0,,2.0,0.75,,False,sizing_3state_only
2021-08-17 00:00:00,2021-08-17 14:44:00+00:00,long,,-191.0,,1.0,0.5,,False,sizing_3state_only
2021-08-18,2021-08-18 13:56:00+00:00,long,-129.0,,1.0,,,,False,retained_only
2021-08-19 00:00:00,2021-08-19 14:02:00+00:00,long,,514.5,,3.0,0.75,,False,sizing_3state_only
2021-08-20,2021-08-20 13:46:00+00:00,long,366.0,,2.0,,,,False,retained_only
2021-08-20 00:00:00,2021-08-20 14:04:00+00:00,long,,274.0,,4.0,1.0,,False,sizing_3state_only
2021-08-23,2021-08-23 13:47:00+00:00,long,228.5,,1.0,,,,False,retained_only
2021-08-23 00:00:00,2021-08-23 14:02:00+00:00,long,,588.0,,3.0,0.75,,False,sizing_3state_only
2021-08-24 00:00:00,2021-08-24 14:09:00+00:00,long,,28.0,,8.0,1.0,,False,sizing_3state_only
2021-08-27,2021-08-27 14:03:00+00:00,long,120.5,361.5,1.0,3.0,0.75,3.0,True,matched_on_entry_time_and_direction
2021-08-30,2021-08-30 13:54:00+00:00,long,149.5,,1.0,,,,False,retained_only
2021-09-01,2021-09-01 13:46:00+00:00,long,-220.0,,2.0,,,,False,retained_only
2021-09-03,2021-09-03 14:01:00+00:00,long,4.5,,1.0,,,,False,retained_only
2021-09-03 00:00:00,2021-09-03 14:02:00+00:00,long,,-2.0,,2.0,0.5,,False,sizing_3state_only
2021-09-07 00:00:00,2021-09-07 14:13:00+00:00,short,,-720.0,,6.0,1.0,,False,sizing_3state_only
2021-09-13 00:00:00,2021-09-13 14:02:00+00:00,short,,-65.0,,1.0,0.75,,False,sizing_3state_only
2021-09-14 00:00:00,2021-09-14 14:01:00+00:00,short,,51.0,,1.0,0.5,,False,sizing_3state_only
2021-09-15 00:00:00,2021-09-15 14:13:00+00:00,short,,-709.5,,3.0,1.0,,False,sizing_3state_only
2021-09-16 00:00:00,2021-09-16 14:04:00+00:00,short,,-354.0,,2.0,0.5,,False,sizing_3state_only
2021-09-20 00:00:00,2021-09-20 14:21:00+00:00,short,,52.5,,1.0,0.5,,False,sizing_3state_only
2021-09-21,2021-09-21 13:46:00+00:00,long,-173.5,,1.0,,,,False,retained_only
2021-09-21 00:00:00,2021-09-21 14:10:00+00:00,short,,-33.0,,2.0,0.75,,False,sizing_3state_only
2021-09-22 00:00:00,2021-09-22 14:01:00+00:00,long,,524.0,,2.0,0.5,,False,sizing_3state_only
2021-09-22,2021-09-22 14:07:00+00:00,long,97.5,,1.0,,,,False,retained_only
2021-09-23,2021-09-23 13:48:00+00:00,long,67.5,,1.0,,,,False,retained_only
2021-09-23 00:00:00,2021-09-23 14:03:00+00:00,long,,-3.0,,3.0,1.0,,False,sizing_3state_only
2021-09-24 00:00:00,2021-09-24 14:01:00+00:00,long,,595.0,,5.0,1.0,,False,sizing_3state_only
2021-09-27 00:00:00,2021-09-27 15:05:00+00:00,long,,-137.0,,2.0,0.75,,False,sizing_3state_only
2021-09-28 00:00:00,2021-09-28 14:02:00+00:00,short,,473.0,,2.0,0.75,,False,sizing_3state_only
2021-09-29,2021-09-29 13:50:00+00:00,long,-168.5,,1.0,,,,False,retained_only
2021-09-29 00:00:00,2021-09-29 15:36:00+00:00,short,,57.0,,1.0,0.5,,False,sizing_3state_only
2021-09-30,2021-09-30 13:51:00+00:00,long,-139.0,,1.0,,,,False,retained_only
2021-09-30 00:00:00,2021-09-30 14:31:00+00:00,short,,918.0,,3.0,0.75,,False,sizing_3state_only
2021-10-01 00:00:00,2021-10-01 14:16:00+00:00,short,,-331.0,,1.0,0.75,,False,sizing_3state_only
2021-10-04 00:00:00,2021-10-04 14:03:00+00:00,short,,129.5,,1.0,0.75,,False,sizing_3state_only
2021-10-05,2021-10-05 13:50:00+00:00,long,314.0,,1.0,,,,False,retained_only
2021-10-05 00:00:00,2021-10-05 14:02:00+00:00,long,,114.5,,1.0,0.5,,False,sizing_3state_only
2021-10-06 00:00:00,2021-10-06 14:02:00+00:00,short,,-268.0,,1.0,0.5,,False,sizing_3state_only
2021-10-07,2021-10-07 14:00:00+00:00,long,-144.5,,1.0,,,,False,retained_only
2021-10-07 00:00:00,2021-10-07 14:01:00+00:00,long,,-441.0,,3.0,1.0,,False,sizing_3state_only
2021-10-08 00:00:00,2021-10-08 14:41:00+00:00,short,,59.0,,1.0,0.5,,False,sizing_3state_only
2021-10-11 00:00:00,2021-10-11 14:01:00+00:00,long,,-314.0,,1.0,0.5,,False,sizing_3state_only
2021-10-12 00:00:00,2021-10-12 14:37:00+00:00,short,,57.5,,1.0,0.5,,False,sizing_3state_only
2021-10-13 00:00:00,2021-10-13 14:12:00+00:00,short,,-358.0,,2.0,0.5,,False,sizing_3state_only
2021-10-14 00:00:00,2021-10-14 14:02:00+00:00,long,,580.0,,4.0,1.0,,False,sizing_3state_only
2021-10-14,2021-10-14 14:06:00+00:00,long,127.0,,1.0,,,,False,retained_only
2021-10-18 00:00:00,2021-10-18 14:06:00+00:00,long,,277.0,,1.0,0.5,,False,sizing_3state_only
2021-10-20 00:00:00,2021-10-20 14:01:00+00:00,short,,-520.0,,5.0,0.75,,False,sizing_3state_only
2021-10-22 00:00:00,2021-10-22 14:30:00+00:00,long,,-318.0,,2.0,0.5,,False,sizing_3state_only
2021-10-26,2021-10-26 14:08:00+00:00,long,-176.0,-352.0,1.0,2.0,0.5,2.0,True,matched_on_entry_time_and_direction
2021-10-27,2021-10-27 13:46:00+00:00,long,-74.5,,1.0,,,,False,retained_only
2021-10-27 00:00:00,2021-10-27 14:55:00+00:00,long,,-224.0,,2.0,0.5,,False,sizing_3state_only
2021-10-28 00:00:00,2021-10-28 14:09:00+00:00,long,,-494.0,,4.0,0.75,,False,sizing_3state_only
2021-10-29 00:00:00,2021-10-29 14:09:00+00:00,long,,1080.0,,4.0,1.0,,False,sizing_3state_only
2021-11-01 00:00:00,2021-11-01 14:01:00+00:00,short,,-460.5,,3.0,0.75,,False,sizing_3state_only
2021-11-02,2021-11-02 13:49:00+00:00,long,4.5,,1.0,,,,False,retained_only
2021-11-03 00:00:00,2021-11-03 14:05:00+00:00,short,,-726.0,,6.0,1.0,,False,sizing_3state_only
2021-11-04,2021-11-04 13:54:00+00:00,long,192.5,,1.0,,,,False,retained_only
2021-11-04 00:00:00,2021-11-04 14:03:00+00:00,long,,303.0,,2.0,0.75,,False,sizing_3state_only
2021-11-08 00:00:00,2021-11-08 15:41:00+00:00,short,,-120.0,,4.0,1.0,,False,sizing_3state_only
2021-11-10 00:00:00,2021-11-10 15:05:00+00:00,long,,-573.0,,2.0,1.0,,False,sizing_3state_only
2021-11-11 00:00:00,2021-11-11 15:17:00+00:00,short,,186.0,,4.0,0.75,,False,sizing_3state_only
2021-11-12 00:00:00,2021-11-12 15:47:00+00:00,long,,423.0,,2.0,0.5,,False,sizing_3state_only
2021-11-15 00:00:00,2021-11-15 15:11:00+00:00,short,,-25.0,,2.0,0.5,,False,sizing_3state_only
2021-11-16,2021-11-16 15:17:00+00:00,long,77.0,77.0,1.0,1.0,0.5,1.0,False,matched_on_entry_time_and_direction
2021-11-17 00:00:00,2021-11-17 15:13:00+00:00,long,,-118.5,,3.0,0.5,,False,sizing_3state_only
2021-11-18 00:00:00,2021-11-18 15:11:00+00:00,short,,-448.5,,3.0,0.75,,False,sizing_3state_only
2021-11-18,2021-11-18 16:51:00+00:00,long,46.0,,1.0,,,,False,retained_only
2021-11-19,2021-11-19 14:57:00+00:00,long,-38.5,,1.0,,,,False,retained_only
2021-11-22,2021-11-22 14:50:00+00:00,long,-188.5,,1.0,,,,False,retained_only
2021-11-22 00:00:00,2021-11-22 15:02:00+00:00,long,,-436.0,,2.0,0.75,,False,sizing_3state_only
2021-11-23 00:00:00,2021-11-23 15:14:00+00:00,short,,-42.5,,1.0,0.75,,False,sizing_3state_only
2021-11-24 00:00:00,2021-11-24 15:03:00+00:00,long,,488.0,,2.0,1.0,,False,sizing_3state_only
2021-11-29,2021-11-29 14:56:00+00:00,long,299.0,,1.0,,,,False,retained_only
2021-11-29 00:00:00,2021-11-29 15:03:00+00:00,long,,492.0,,3.0,1.0,,False,sizing_3state_only
2021-11-30 00:00:00,2021-11-30 15:01:00+00:00,long,,-664.5,,3.0,1.0,,False,sizing_3state_only
2021-12-01 00:00:00,2021-12-01 15:02:00+00:00,long,,-534.0,,3.0,0.75,,False,sizing_3state_only
2021-12-07,2021-12-07 14:46:00+00:00,long,253.0,,1.0,,,,False,retained_only
2021-12-07 00:00:00,2021-12-07 15:02:00+00:00,long,,185.0,,1.0,0.5,,False,sizing_3state_only
2021-12-09 00:00:00,2021-12-09 15:08:00+00:00,short,,754.0,,2.0,0.75,,False,sizing_3state_only
2021-12-10 00:00:00,2021-12-10 15:48:00+00:00,short,,-291.0,,1.0,0.5,,False,sizing_3state_only
2021-12-13 00:00:00,2021-12-13 15:22:00+00:00,short,,957.0,,3.0,1.0,,False,sizing_3state_only
2021-12-14 00:00:00,2021-12-14 15:48:00+00:00,short,,-145.5,,1.0,0.5,,False,sizing_3state_only
2021-12-15 00:00:00,2021-12-15 16:14:00+00:00,short,,-222.5,,1.0,0.5,,False,sizing_3state_only
2021-12-16 00:00:00,2021-12-16 15:01:00+00:00,short,,710.0,,1.0,0.75,,False,sizing_3state_only
2021-12-20 00:00:00,2021-12-20 15:59:00+00:00,short,,-254.5,,1.0,0.5,,False,sizing_3state_only
2021-12-21 00:00:00,2021-12-21 15:04:00+00:00,short,,-561.0,,2.0,0.75,,False,sizing_3state_only
2021-12-22,2021-12-22 14:46:00+00:00,long,334.0,,1.0,,,,False,retained_only
2021-12-22 00:00:00,2021-12-22 15:39:00+00:00,long,,400.0,,2.0,1.0,,False,sizing_3state_only
2021-12-23,2021-12-23 15:01:00+00:00,long,108.0,324.0,1.0,3.0,0.75,3.0,True,matched_on_entry_time_and_direction
2021-12-27,2021-12-27 15:03:00+00:00,long,218.0,654.0,1.0,3.0,1.0,3.0,True,matched_on_entry_time_and_direction
2021-12-28 00:00:00,2021-12-28 15:10:00+00:00,short,,27.0,,1.0,0.5,,False,sizing_3state_only
2021-12-29 00:00:00,2021-12-29 15:06:00+00:00,short,,-162.5,,5.0,1.0,,False,sizing_3state_only
2021-12-30 00:00:00,2021-12-30 15:06:00+00:00,long,,-311.0,,2.0,0.5,,False,sizing_3state_only
2021-12-30,2021-12-30 15:28:00+00:00,long,-236.0,,1.0,,,,False,retained_only
2021-12-31 00:00:00,2021-12-31 15:02:00+00:00,short,,41.0,,2.0,0.75,,False,sizing_3state_only
2022-01-04 00:00:00,2022-01-04 15:02:00+00:00,short,,1352.0,,4.0,1.0,,False,sizing_3state_only
2022-01-07 00:00:00,2022-01-07 15:21:00+00:00,short,,313.0,,2.0,1.0,,False,sizing_3state_only
2022-01-12 00:00:00,2022-01-12 15:11:00+00:00,long,,-236.5,,1.0,0.5,,False,sizing_3state_only
2022-01-13 00:00:00,2022-01-13 15:04:00+00:00,short,,1320.0,,5.0,1.0,,False,sizing_3state_only
2022-01-19 00:00:00,2022-01-19 15:37:00+00:00,short,,378.5,,1.0,0.5,,False,sizing_3state_only
2022-01-20,2022-01-20 14:48:00+00:00,long,-201.0,,1.0,,,,False,retained_only
2022-01-20 00:00:00,2022-01-20 15:03:00+00:00,long,,-516.0,,2.0,1.0,,False,sizing_3state_only
2022-01-31 00:00:00,2022-01-31 15:01:00+00:00,long,,468.5,,1.0,1.0,,False,sizing_3state_only
2022-02-02 00:00:00,2022-02-02 16:04:00+00:00,short,,-345.0,,2.0,1.0,,False,sizing_3state_only
2022-02-07 00:00:00,2022-02-07 16:18:00+00:00,short,,297.0,,2.0,1.0,,False,sizing_3state_only
2022-02-09 00:00:00,2022-02-09 15:20:00+00:00,short,,-564.0,,3.0,1.0,,False,sizing_3state_only
2022-02-10 00:00:00,2022-02-10 15:03:00+00:00,long,,-442.0,,1.0,0.75,,False,sizing_3state_only
2022-02-11,2022-02-11 14:47:00+00:00,long,-221.5,,1.0,,,,False,retained_only
2022-02-14,2022-02-14 14:51:00+00:00,long,-230.5,,1.0,,,,False,retained_only
2022-02-14 00:00:00,2022-02-14 16:20:00+00:00,long,,-631.0,,2.0,1.0,,False,sizing_3state_only
2022-02-15 00:00:00,2022-02-15 15:42:00+00:00,long,,-331.0,,2.0,0.5,,False,sizing_3state_only
2022-02-17 00:00:00,2022-02-17 15:20:00+00:00,short,,404.5,,1.0,0.5,,False,sizing_3state_only
2022-02-18 00:00:00,2022-02-18 15:31:00+00:00,short,,230.0,,2.0,1.0,,False,sizing_3state_only
2022-02-21 00:00:00,2022-02-21 15:50:00+00:00,short,,981.0,,3.0,0.75,,False,sizing_3state_only
2022-02-28 00:00:00,2022-02-28 15:37:00+00:00,long,,-256.0,,1.0,0.5,,False,sizing_3state_only
2022-03-02 00:00:00,2022-03-02 15:10:00+00:00,short,,-282.5,,1.0,0.75,,False,sizing_3state_only
2022-03-03 00:00:00,2022-03-03 15:07:00+00:00,short,,1052.0,,2.0,1.0,,False,sizing_3state_only
2022-03-04 00:00:00,2022-03-04 15:12:00+00:00,short,,5.0,,1.0,0.75,,False,sizing_3state_only
2022-03-10 00:00:00,2022-03-10 15:34:00+00:00,short,,-705.0,,3.0,1.0,,False,sizing_3state_only
2022-03-11 00:00:00,2022-03-11 15:01:00+00:00,short,,448.0,,1.0,0.75,,False,sizing_3state_only
2022-03-15 00:00:00,2022-03-15 14:05:00+00:00,long,,1034.0,,2.0,1.0,,False,sizing_3state_only
2022-03-16 00:00:00,2022-03-16 14:02:00+00:00,long,,-566.0,,2.0,1.0,,False,sizing_3state_only
2022-03-17 00:00:00,2022-03-17 14:05:00+00:00,long,,521.0,,2.0,1.0,,False,sizing_3state_only
2022-03-21 00:00:00,2022-03-21 14:05:00+00:00,short,,-172.5,,1.0,0.75,,False,sizing_3state_only
2022-03-22 00:00:00,2022-03-22 14:01:00+00:00,long,,603.0,,2.0,0.75,,False,sizing_3state_only
2022-03-23 00:00:00,2022-03-23 14:15:00+00:00,long,,-419.0,,2.0,0.75,,False,sizing_3state_only
2022-03-24 00:00:00,2022-03-24 14:19:00+00:00,short,,-600.0,,3.0,1.0,,False,sizing_3state_only
2022-03-25 00:00:00,2022-03-25 14:03:00+00:00,short,,-686.0,,4.0,1.0,,False,sizing_3state_only
2022-03-28 00:00:00,2022-03-28 15:49:00+00:00,short,,-662.0,,2.0,1.0,,False,sizing_3state_only
2022-03-29 00:00:00,2022-03-29 14:09:00+00:00,short,,-532.0,,2.0,0.75,,False,sizing_3state_only
2022-03-30 00:00:00,2022-03-30 14:15:00+00:00,long,,-480.0,,3.0,0.75,,False,sizing_3state_only
2022-03-31 00:00:00,2022-03-31 14:03:00+00:00,short,,-462.0,,2.0,0.75,,False,sizing_3state_only
2022-04-01 00:00:00,2022-04-01 15:36:00+00:00,short,,-212.0,,2.0,1.0,,False,sizing_3state_only
2022-04-04,2022-04-04 13:50:00+00:00,long,314.5,,1.0,,,,False,retained_only
2022-04-04 00:00:00,2022-04-04 14:02:00+00:00,long,,436.0,,2.0,1.0,,False,sizing_3state_only
2022-04-05 00:00:00,2022-04-05 14:06:00+00:00,short,,900.0,,2.0,0.75,,False,sizing_3state_only
2022-04-06 00:00:00,2022-04-06 14:01:00+00:00,short,,-310.0,,1.0,0.75,,False,sizing_3state_only
2022-04-08 00:00:00,2022-04-08 15:02:00+00:00,long,,-339.0,,1.0,0.75,,False,sizing_3state_only
2022-04-11 00:00:00,2022-04-11 14:27:00+00:00,short,,161.0,,1.0,0.5,,False,sizing_3state_only
2022-04-12 00:00:00,2022-04-12 14:11:00+00:00,long,,-314.5,,1.0,0.5,,False,sizing_3state_only
2022-04-13,2022-04-13 13:46:00+00:00,long,445.0,,1.0,,,,False,retained_only
2022-04-13 00:00:00,2022-04-13 14:17:00+00:00,long,,259.5,,1.0,0.75,,False,sizing_3state_only
2022-04-14 00:00:00,2022-04-14 14:06:00+00:00,short,,405.5,,1.0,0.75,,False,sizing_3state_only
2022-04-18 00:00:00,2022-04-18 14:13:00+00:00,long,,-465.0,,2.0,0.75,,False,sizing_3state_only
2022-04-20 00:00:00,2022-04-20 14:02:00+00:00,short,,75.5,,1.0,0.75,,False,sizing_3state_only
2022-04-21 00:00:00,2022-04-21 14:08:00+00:00,short,,487.0,,1.0,0.5,,False,sizing_3state_only
2022-04-26 00:00:00,2022-04-26 14:02:00+00:00,short,,860.0,,1.0,0.75,,False,sizing_3state_only
2022-05-04 00:00:00,2022-05-04 14:01:00+00:00,short,,-445.0,,2.0,0.75,,False,sizing_3state_only
2022-05-17 00:00:00,2022-05-17 14:10:00+00:00,short,,-639.0,,3.0,1.0,,False,sizing_3state_only
2022-05-18 00:00:00,2022-05-18 14:35:00+00:00,short,,455.0,,1.0,0.5,,False,sizing_3state_only
2022-05-24 00:00:00,2022-05-24 14:01:00+00:00,short,,-372.0,,1.0,0.75,,False,sizing_3state_only
2022-05-25 00:00:00,2022-05-25 14:27:00+00:00,long,,168.5,,1.0,0.5,,False,sizing_3state_only
2022-05-26 00:00:00,2022-05-26 14:01:00+00:00,long,,285.5,,1.0,1.0,,False,sizing_3state_only
2022-05-27,2022-05-27 13:56:00+00:00,long,317.5,,1.0,,,,False,retained_only
2022-05-27 00:00:00,2022-05-27 14:03:00+00:00,long,,575.0,,2.0,1.0,,False,sizing_3state_only
2022-06-03 00:00:00,2022-06-03 14:37:00+00:00,short,,84.5,,1.0,0.5,,False,sizing_3state_only
2022-06-06 00:00:00,2022-06-06 14:04:00+00:00,long,,-492.0,,2.0,0.75,,False,sizing_3state_only
2022-06-07 00:00:00,2022-06-07 14:29:00+00:00,long,,409.0,,2.0,1.0,,False,sizing_3state_only
2022-06-08 00:00:00,2022-06-08 16:40:00+00:00,short,,32.0,,1.0,0.75,,False,sizing_3state_only
2022-06-09 00:00:00,2022-06-09 14:31:00+00:00,long,,-310.0,,1.0,0.5,,False,sizing_3state_only
2022-06-14 00:00:00,2022-06-14 14:43:00+00:00,short,,-333.5,,1.0,0.5,,False,sizing_3state_only
2022-06-15 00:00:00,2022-06-15 14:07:00+00:00,long,,-750.0,,4.0,1.0,,False,sizing_3state_only
2022-06-15,2022-06-15 14:08:00+00:00,long,-218.0,,1.0,,,,False,retained_only
2022-06-21 00:00:00,2022-06-21 14:04:00+00:00,long,,-328.5,,1.0,0.5,,False,sizing_3state_only
2022-06-22 00:00:00,2022-06-22 14:14:00+00:00,long,,-247.0,,2.0,1.0,,False,sizing_3state_only
2022-06-23 00:00:00,2022-06-23 14:41:00+00:00,long,,15.0,,2.0,1.0,,False,sizing_3state_only
2022-06-24 00:00:00,2022-06-24 14:01:00+00:00,long,,242.0,,1.0,0.75,,False,sizing_3state_only
2022-06-27 00:00:00,2022-06-27 19:05:00+00:00,short,,-65.5,,1.0,1.0,,False,sizing_3state_only
2022-06-28 00:00:00,2022-06-28 14:07:00+00:00,short,,1128.0,,2.0,1.0,,False,sizing_3state_only
2022-06-30 00:00:00,2022-06-30 14:01:00+00:00,short,,-397.0,,1.0,1.0,,False,sizing_3state_only
2022-07-01 00:00:00,2022-07-01 14:38:00+00:00,short,,-371.5,,1.0,0.5,,False,sizing_3state_only
2022-07-05 00:00:00,2022-07-05 14:33:00+00:00,long,,1066.0,,2.0,1.0,,False,sizing_3state_only
2022-07-06 00:00:00,2022-07-06 18:07:00+00:00,long,,-3.0,,2.0,0.75,,False,sizing_3state_only
2022-07-07,2022-07-07 13:49:00+00:00,long,218.0,,1.0,,,,False,retained_only
2022-07-07 00:00:00,2022-07-07 14:48:00+00:00,long,,151.0,,1.0,0.5,,False,sizing_3state_only
2022-07-08 00:00:00,2022-07-08 14:26:00+00:00,long,,130.5,,1.0,0.5,,False,sizing_3state_only
2022-07-12 00:00:00,2022-07-12 14:01:00+00:00,short,,92.5,,1.0,0.75,,False,sizing_3state_only
2022-07-14 00:00:00,2022-07-14 14:02:00+00:00,short,,-308.5,,1.0,0.5,,False,sizing_3state_only
2022-07-15 00:00:00,2022-07-15 15:15:00+00:00,long,,34.0,,1.0,0.5,,False,sizing_3state_only
2022-07-19 00:00:00,2022-07-19 14:28:00+00:00,long,,1444.0,,4.0,1.0,,False,sizing_3state_only
2022-07-20 00:00:00,2022-07-20 14:24:00+00:00,long,,224.5,,1.0,0.5,,False,sizing_3state_only
2022-07-20,2022-07-20 14:26:00+00:00,long,184.0,,1.0,,,,False,retained_only
2022-07-22 00:00:00,2022-07-22 14:01:00+00:00,short,,589.0,,2.0,0.75,,False,sizing_3state_only
2022-07-25 00:00:00,2022-07-25 14:07:00+00:00,short,,-78.0,,2.0,0.75,,False,sizing_3state_only
2022-07-26 00:00:00,2022-07-26 14:21:00+00:00,short,,-203.5,,1.0,0.5,,False,sizing_3state_only
2022-07-27,2022-07-27 13:46:00+00:00,long,399.0,,1.0,,,,False,retained_only
2022-07-27 00:00:00,2022-07-27 14:06:00+00:00,long,,726.0,,2.0,1.0,,False,sizing_3state_only
2022-07-29 00:00:00,2022-07-29 14:03:00+00:00,long,,152.0,,1.0,0.5,,False,sizing_3state_only
2022-08-01 00:00:00,2022-08-01 14:06:00+00:00,long,,-127.0,,1.0,0.75,,False,sizing_3state_only
2022-08-02 00:00:00,2022-08-02 14:10:00+00:00,short,,-648.0,,3.0,1.0,,False,sizing_3state_only
2022-08-03,2022-08-03 13:55:00+00:00,long,322.5,,1.0,,,,False,retained_only
2022-08-03 00:00:00,2022-08-03 14:04:00+00:00,long,,239.0,,1.0,0.75,,False,sizing_3state_only
2022-08-04 00:00:00,2022-08-04 14:19:00+00:00,short,,-203.0,,1.0,0.5,,False,sizing_3state_only
2022-08-05 00:00:00,2022-08-05 14:04:00+00:00,long,,-685.5,,3.0,1.0,,False,sizing_3state_only
2022-08-08 00:00:00,2022-08-08 14:03:00+00:00,long,,-733.0,,2.0,1.0,,False,sizing_3state_only
2022-08-09 00:00:00,2022-08-09 14:01:00+00:00,short,,-208.0,,2.0,0.75,,False,sizing_3state_only
2022-08-10 00:00:00,2022-08-10 15:03:00+00:00,long,,123.0,,2.0,0.5,,False,sizing_3state_only
2022-08-11 00:00:00,2022-08-11 14:01:00+00:00,long,,-524.0,,4.0,0.75,,False,sizing_3state_only
2022-08-11,2022-08-11 14:19:00+00:00,long,-235.5,,1.0,,,,False,retained_only
2022-08-12 00:00:00,2022-08-12 14:11:00+00:00,long,,775.5,,3.0,0.75,,False,sizing_3state_only
2022-08-16 00:00:00,2022-08-16 14:02:00+00:00,short,,-529.5,,3.0,0.75,,False,sizing_3state_only
2022-08-17 00:00:00,2022-08-17 14:15:00+00:00,short,,-342.0,,2.0,0.5,,False,sizing_3state_only
2022-08-18 00:00:00,2022-08-18 14:01:00+00:00,short,,-454.5,,3.0,0.75,,False,sizing_3state_only
2022-08-19 00:00:00,2022-08-19 14:01:00+00:00,short,,131.0,,2.0,1.0,,False,sizing_3state_only
2022-08-22 00:00:00,2022-08-22 14:11:00+00:00,short,,348.0,,2.0,0.5,,False,sizing_3state_only
2022-08-23,2022-08-23 13:51:00+00:00,long,-216.0,,1.0,,,,False,retained_only
2022-08-23 00:00:00,2022-08-23 14:10:00+00:00,long,,-522.0,,2.0,1.0,,False,sizing_3state_only
2022-08-24 00:00:00,2022-08-24 14:01:00+00:00,long,,55.5,,3.0,0.75,,False,sizing_3state_only
2022-08-25 00:00:00,2022-08-25 14:01:00+00:00,long,,594.0,,3.0,0.75,,False,sizing_3state_only
2022-08-26 00:00:00,2022-08-26 14:02:00+00:00,short,,-541.5,,3.0,0.75,,False,sizing_3state_only
2022-08-29 00:00:00,2022-08-29 14:54:00+00:00,short,,-57.0,,1.0,0.5,,False,sizing_3state_only
2022-08-30 00:00:00,2022-08-30 14:06:00+00:00,short,,153.0,,1.0,0.75,,False,sizing_3state_only
2022-08-31 00:00:00,2022-08-31 14:30:00+00:00,short,,1024.0,,2.0,1.0,,False,sizing_3state_only
2022-09-01 00:00:00,2022-09-01 14:03:00+00:00,short,,-417.0,,2.0,0.75,,False,sizing_3state_only
2022-09-02 00:00:00,2022-09-02 14:01:00+00:00,short,,-515.0,,2.0,0.75,,False,sizing_3state_only
2022-09-06 00:00:00,2022-09-06 14:02:00+00:00,short,,-69.0,,1.0,0.75,,False,sizing_3state_only
2022-09-07,2022-09-07 13:49:00+00:00,long,-185.5,,1.0,,,,False,retained_only
2022-09-07 00:00:00,2022-09-07 15:13:00+00:00,long,,700.5,,3.0,1.0,,False,sizing_3state_only
2022-09-08 00:00:00,2022-09-08 14:21:00+00:00,long,,102.0,,1.0,0.5,,False,sizing_3state_only
2022-09-09,2022-09-09 13:48:00+00:00,long,206.5,,1.0,,,,False,retained_only
2022-09-09 00:00:00,2022-09-09 14:01:00+00:00,long,,310.0,,2.0,0.75,,False,sizing_3state_only
2022-09-12,2022-09-12 13:53:00+00:00,long,-133.5,,1.0,,,,False,retained_only
2022-09-12 00:00:00,2022-09-12 14:01:00+00:00,long,,-619.5,,3.0,1.0,,False,sizing_3state_only
2022-09-13 00:00:00,2022-09-13 14:01:00+00:00,short,,513.0,,1.0,0.5,,False,sizing_3state_only
2022-09-14 00:00:00,2022-09-14 14:55:00+00:00,long,,-254.0,,1.0,0.5,,False,sizing_3state_only
2022-09-15 00:00:00,2022-09-15 14:01:00+00:00,long,,-469.0,,2.0,0.75,,False,sizing_3state_only
2022-09-19 00:00:00,2022-09-19 14:36:00+00:00,long,,372.0,,2.0,1.0,,False,sizing_3state_only
2022-09-20 00:00:00,2022-09-20 14:52:00+00:00,long,,-295.0,,2.0,0.5,,False,sizing_3state_only
2022-09-22 00:00:00,2022-09-22 14:51:00+00:00,short,,-231.5,,1.0,0.5,,False,sizing_3state_only
2022-09-23 00:00:00,2022-09-23 14:02:00+00:00,short,,-69.5,,1.0,0.5,,False,sizing_3state_only
2022-09-26 00:00:00,2022-09-26 14:01:00+00:00,long,,-680.0,,2.0,1.0,,False,sizing_3state_only
2022-09-27 00:00:00,2022-09-27 14:01:00+00:00,short,,956.0,,2.0,0.75,,False,sizing_3state_only
2022-09-29 00:00:00,2022-09-29 14:02:00+00:00,short,,-51.0,,2.0,1.0,,False,sizing_3state_only
2022-09-30 00:00:00,2022-09-30 14:32:00+00:00,long,,-257.5,,1.0,0.5,,False,sizing_3state_only
2022-10-03 00:00:00,2022-10-03 14:01:00+00:00,long,,758.0,,2.0,0.75,,False,sizing_3state_only
2022-10-04,2022-10-04 13:49:00+00:00,long,113.0,,1.0,,,,False,retained_only
2022-10-04 00:00:00,2022-10-04 14:01:00+00:00,long,,7.0,,2.0,0.75,,False,sizing_3state_only
2022-10-05 00:00:00,2022-10-05 14:01:00+00:00,short,,-507.0,,3.0,0.75,,False,sizing_3state_only
2022-10-06 00:00:00,2022-10-06 14:02:00+00:00,short,,60.0,,1.0,0.75,,False,sizing_3state_only
2022-10-07 00:00:00,2022-10-07 14:02:00+00:00,short,,224.5,,1.0,0.5,,False,sizing_3state_only
2022-10-10 00:00:00,2022-10-10 14:04:00+00:00,short,,52.0,,2.0,1.0,,False,sizing_3state_only
2022-10-11 00:00:00,2022-10-11 14:01:00+00:00,short,,-527.0,,2.0,1.0,,False,sizing_3state_only
2022-10-13 00:00:00,2022-10-13 14:13:00+00:00,long,,751.0,,1.0,1.0,,False,sizing_3state_only
2022-10-17 00:00:00,2022-10-17 14:15:00+00:00,long,,-49.0,,2.0,1.0,,False,sizing_3state_only
2022-10-18 00:00:00,2022-10-18 14:25:00+00:00,short,,147.5,,1.0,0.5,,False,sizing_3state_only
2022-10-19 00:00:00,2022-10-19 14:16:00+00:00,long,,-236.0,,1.0,0.5,,False,sizing_3state_only
2022-10-20 00:00:00,2022-10-20 14:03:00+00:00,long,,-603.0,,2.0,1.0,,False,sizing_3state_only
2022-10-25,2022-10-25 13:46:00+00:00,long,271.0,,1.0,,,,False,retained_only
2022-10-25 00:00:00,2022-10-25 15:10:00+00:00,long,,-316.5,,1.0,0.5,,False,sizing_3state_only
2022-10-26 00:00:00,2022-10-26 14:01:00+00:00,long,,-445.0,,2.0,0.75,,False,sizing_3state_only
2022-10-27 00:00:00,2022-10-27 16:29:00+00:00,short,,22.0,,1.0,1.0,,False,sizing_3state_only
2022-10-28 00:00:00,2022-10-28 14:26:00+00:00,long,,870.0,,2.0,1.0,,False,sizing_3state_only
2022-10-31 00:00:00,2022-10-31 14:09:00+00:00,short,,-219.0,,3.0,1.0,,False,sizing_3state_only
2022-11-01 00:00:00,2022-11-01 14:01:00+00:00,short,,296.0,,1.0,0.75,,False,sizing_3state_only
2022-11-02 00:00:00,2022-11-02 14:15:00+00:00,short,,-460.5,,3.0,0.75,,False,sizing_3state_only
2022-11-03 00:00:00,2022-11-03 14:01:00+00:00,short,,-257.0,,1.0,0.5,,False,sizing_3state_only
2022-11-08 00:00:00,2022-11-08 15:17:00+00:00,long,,-658.0,,4.0,1.0,,False,sizing_3state_only
2022-11-09 00:00:00,2022-11-09 15:42:00+00:00,short,,485.0,,2.0,0.5,,False,sizing_3state_only
2022-11-14 00:00:00,2022-11-14 15:08:00+00:00,long,,-214.5,,3.0,0.75,,False,sizing_3state_only
2022-11-15 00:00:00,2022-11-15 16:02:00+00:00,short,,143.0,,2.0,0.75,,False,sizing_3state_only
2022-11-16 00:00:00,2022-11-16 15:16:00+00:00,short,,-7.5,,1.0,0.5,,False,sizing_3state_only
2022-11-17 00:00:00,2022-11-17 15:20:00+00:00,long,,325.5,,3.0,1.0,,False,sizing_3state_only
2022-11-18 00:00:00,2022-11-18 15:01:00+00:00,short,,112.5,,3.0,1.0,,False,sizing_3state_only
2022-11-21 00:00:00,2022-11-21 15:07:00+00:00,short,,128.0,,2.0,0.5,,False,sizing_3state_only
2022-11-22 00:00:00,2022-11-22 15:49:00+00:00,long,,654.0,,3.0,1.0,,False,sizing_3state_only
2022-11-23,2022-11-23 14:46:00+00:00,long,-240.0,,2.0,,,,False,retained_only
2022-11-23 00:00:00,2022-11-23 15:07:00+00:00,long,,-455.0,,2.0,0.75,,False,sizing_3state_only
2022-11-28 00:00:00,2022-11-28 15:26:00+00:00,short,,130.5,,1.0,0.5,,False,sizing_3state_only
2022-11-29 00:00:00,2022-11-29 15:51:00+00:00,long,,-264.0,,2.0,0.5,,False,sizing_3state_only
2022-11-30 00:00:00,2022-11-30 16:05:00+00:00,short,,-278.0,,2.0,0.5,,False,sizing_3state_only
2022-12-01,2022-12-01 14:46:00+00:00,long,-163.0,,1.0,,,,False,retained_only
2022-12-01 00:00:00,2022-12-01 15:13:00+00:00,short,,-166.0,,2.0,0.75,,False,sizing_3state_only
2022-12-02 00:00:00,2022-12-02 15:13:00+00:00,long,,618.0,,4.0,1.0,,False,sizing_3state_only
2022-12-05 00:00:00,2022-12-05 15:01:00+00:00,short,,885.0,,3.0,0.75,,False,sizing_3state_only
2022-12-06 00:00:00,2022-12-06 15:03:00+00:00,short,,183.0,,1.0,0.75,,False,sizing_3state_only
2022-12-07 00:00:00,2022-12-07 15:01:00+00:00,short,,-132.5,,1.0,0.75,,False,sizing_3state_only
2022-12-08 00:00:00,2022-12-08 15:01:00+00:00,long,,65.0,,1.0,0.5,,False,sizing_3state_only
2022-12-09 00:00:00,2022-12-09 15:32:00+00:00,long,,-194.5,,1.0,0.5,,False,sizing_3state_only
2022-12-12 00:00:00,2022-12-12 15:50:00+00:00,short,,-424.5,,3.0,0.75,,False,sizing_3state_only
2022-12-13 00:00:00,2022-12-13 15:31:00+00:00,short,,289.5,,1.0,1.0,,False,sizing_3state_only
2022-12-14,2022-12-14 14:58:00+00:00,long,-155.0,,1.0,,,,False,retained_only
2022-12-14 00:00:00,2022-12-14 15:06:00+00:00,long,,-196.0,,1.0,0.5,,False,sizing_3state_only
2022-12-15 00:00:00,2022-12-15 15:02:00+00:00,short,,331.0,,2.0,1.0,,False,sizing_3state_only
2022-12-19 00:00:00,2022-12-19 15:04:00+00:00,short,,277.5,,3.0,1.0,,False,sizing_3state_only
2022-12-20 00:00:00,2022-12-20 15:03:00+00:00,long,,-24.0,,3.0,1.0,,False,sizing_3state_only
2022-12-21,2022-12-21 14:49:00+00:00,long,137.5,,1.0,,,,False,retained_only
2022-12-21 00:00:00,2022-12-21 15:09:00+00:00,long,,196.0,,2.0,0.75,,False,sizing_3state_only
2022-12-22 00:00:00,2022-12-22 15:02:00+00:00,short,,37.0,,2.0,0.75,,False,sizing_3state_only
2022-12-23 00:00:00,2022-12-23 15:31:00+00:00,long,,20.0,,1.0,0.5,,False,sizing_3state_only
2022-12-27 00:00:00,2022-12-27 15:03:00+00:00,short,,-138.0,,2.0,1.0,,False,sizing_3state_only
2022-12-28 00:00:00,2022-12-28 15:56:00+00:00,short,,171.0,,1.0,0.5,,False,sizing_3state_only
2022-12-29,2022-12-29 14:59:00+00:00,long,124.5,,1.0,,,,False,retained_only
2022-12-29 00:00:00,2022-12-29 15:09:00+00:00,long,,321.0,,3.0,1.0,,False,sizing_3state_only
2022-12-30 00:00:00,2022-12-30 15:48:00+00:00,long,,120.0,,1.0,0.5,,False,sizing_3state_only
2023-01-03 00:00:00,2023-01-03 15:05:00+00:00,short,,101.0,,1.0,1.0,,False,sizing_3state_only
2023-01-04 00:00:00,2023-01-04 15:01:00+00:00,short,,-609.0,,3.0,1.0,,False,sizing_3state_only
2023-01-09,2023-01-09 14:46:00+00:00,long,482.0,,2.0,,,,False,retained_only
2023-01-09 00:00:00,2023-01-09 15:01:00+00:00,long,,-248.5,,1.0,0.5,,False,sizing_3state_only
2023-01-10 00:00:00,2023-01-10 15:13:00+00:00,long,,-252.0,,1.0,0.5,,False,sizing_3state_only
2023-01-11 00:00:00,2023-01-11 15:23:00+00:00,long,,372.0,,2.0,0.5,,False,sizing_3state_only
2023-01-13 00:00:00,2023-01-13 15:06:00+00:00,long,,828.0,,4.0,1.0,,False,sizing_3state_only
2023-01-17 00:00:00,2023-01-17 15:01:00+00:00,long,,-24.0,,4.0,1.0,,False,sizing_3state_only
2023-01-18 00:00:00,2023-01-18 15:01:00+00:00,long,,-662.5,,5.0,1.0,,False,sizing_3state_only
2023-01-19 00:00:00,2023-01-19 15:47:00+00:00,short,,-606.0,,3.0,1.0,,False,sizing_3state_only
2023-01-20 00:00:00,2023-01-20 15:07:00+00:00,long,,770.0,,2.0,0.75,,False,sizing_3state_only
2023-01-23,2023-01-23 14:47:00+00:00,long,331.0,,1.0,,,,False,retained_only
2023-01-23 00:00:00,2023-01-23 15:01:00+00:00,long,,368.0,,2.0,1.0,,False,sizing_3state_only
2023-01-24 00:00:00,2023-01-24 21:02:00+00:00,long,,-309.0,,1.0,0.75,,False,sizing_3state_only
2023-01-25 00:00:00,2023-01-25 15:15:00+00:00,short,,-208.5,,1.0,0.5,,False,sizing_3state_only
2023-01-26 00:00:00,2023-01-26 15:55:00+00:00,short,,-565.0,,2.0,1.0,,False,sizing_3state_only
2023-01-27 00:00:00,2023-01-27 15:03:00+00:00,long,,273.0,,2.0,0.75,,False,sizing_3state_only
2023-01-30 00:00:00,2023-01-30 15:05:00+00:00,long,,-472.5,,3.0,0.75,,False,sizing_3state_only
2023-01-31,2023-01-31 14:51:00+00:00,long,188.5,,1.0,,,,False,retained_only
2023-01-31 00:00:00,2023-01-31 15:30:00+00:00,long,,334.0,,2.0,0.5,,False,sizing_3state_only
2023-02-01 00:00:00,2023-02-01 15:52:00+00:00,short,,-370.5,,3.0,0.5,,False,sizing_3state_only
2023-02-02,2023-02-02 15:31:00+00:00,long,-196.0,-600.0,1.0,3.0,1.0,3.061224489795918,True,matched_on_entry_time_and_direction
2023-02-06 00:00:00,2023-02-06 15:03:00+00:00,long,,-426.0,,3.0,0.75,,False,sizing_3state_only
2023-02-07 00:00:00,2023-02-07 15:01:00+00:00,short,,-556.0,,4.0,0.75,,False,sizing_3state_only
2023-02-08 00:00:00,2023-02-08 15:31:00+00:00,short,,543.0,,3.0,1.0,,False,sizing_3state_only
2023-02-09 00:00:00,2023-02-09 15:28:00+00:00,short,,1218.0,,3.0,1.0,,False,sizing_3state_only
2023-02-10 00:00:00,2023-02-10 15:03:00+00:00,short,,-523.5,,3.0,0.75,,False,sizing_3state_only
2023-02-13,2023-02-13 14:59:00+00:00,long,165.5,,1.0,,,,False,retained_only
2023-02-13 00:00:00,2023-02-13 15:02:00+00:00,long,,463.5,,3.0,1.0,,False,sizing_3state_only
2023-02-15 00:00:00,2023-02-15 15:09:00+00:00,short,,-750.0,,4.0,1.0,,False,sizing_3state_only
2023-02-16 00:00:00,2023-02-16 15:32:00+00:00,long,,-254.0,,1.0,0.5,,False,sizing_3state_only
2023-02-17 00:00:00,2023-02-17 16:27:00+00:00,short,,-189.5,,1.0,0.5,,False,sizing_3state_only
2023-02-21 00:00:00,2023-02-21 15:11:00+00:00,short,,636.0,,3.0,0.75,,False,sizing_3state_only
2023-02-22,2023-02-22 14:46:00+00:00,long,-226.0,,2.0,,,,False,retained_only
2023-02-22 00:00:00,2023-02-22 15:02:00+00:00,short,,-665.0,,5.0,1.0,,False,sizing_3state_only
2023-02-23 00:00:00,2023-02-23 15:07:00+00:00,short,,903.0,,3.0,0.75,,False,sizing_3state_only
2023-02-24 00:00:00,2023-02-24 15:08:00+00:00,short,,-279.0,,3.0,1.0,,False,sizing_3state_only
2023-02-27 00:00:00,2023-02-27 15:04:00+00:00,long,,-731.5,,7.0,1.0,,False,sizing_3state_only
2023-02-27,2023-02-27 15:09:00+00:00,long,-145.0,,1.0,,,,False,retained_only
2023-02-28 00:00:00,2023-02-28 15:05:00+00:00,long,,-447.0,,3.0,0.75,,False,sizing_3state_only
2023-03-01 00:00:00,2023-03-01 15:06:00+00:00,short,,284.0,,4.0,1.0,,False,sizing_3state_only
2023-03-02 00:00:00,2023-03-02 15:02:00+00:00,long,,837.0,,3.0,0.75,,False,sizing_3state_only
2023-03-03,2023-03-03 14:53:00+00:00,long,261.0,,1.0,,,,False,retained_only
2023-03-03 00:00:00,2023-03-03 15:16:00+00:00,long,,401.0,,2.0,0.75,,False,sizing_3state_only
2023-03-06 00:00:00,2023-03-06 15:09:00+00:00,long,,-657.0,,6.0,1.0,,False,sizing_3state_only
2023-03-06,2023-03-06 15:18:00+00:00,long,-146.5,,1.0,,,,False,retained_only
2023-03-07 00:00:00,2023-03-07 15:01:00+00:00,short,,636.0,,3.0,0.75,,False,sizing_3state_only
2023-03-08 00:00:00,2023-03-08 15:01:00+00:00,short,,-487.5,,3.0,0.75,,False,sizing_3state_only
2023-03-09,2023-03-09 14:47:00+00:00,long,-149.5,,1.0,,,,False,retained_only
2023-03-09 00:00:00,2023-03-09 15:04:00+00:00,long,,-236.0,,1.0,0.5,,False,sizing_3state_only
2023-03-10 00:00:00,2023-03-10 16:27:00+00:00,long,,-354.5,,1.0,0.5,,False,sizing_3state_only
2023-03-14,2023-03-14 14:23:00+00:00,long,-187.5,-750.0,1.0,4.0,1.0,4.0,True,matched_on_entry_time_and_direction
2023-03-15 00:00:00,2023-03-15 14:35:00+00:00,short,,-609.0,,3.0,1.0,,False,sizing_3state_only
2023-03-16 00:00:00,2023-03-16 14:02:00+00:00,long,,422.0,,1.0,0.5,,False,sizing_3state_only
2023-03-20 00:00:00,2023-03-20 14:50:00+00:00,long,,304.5,,3.0,1.0,,False,sizing_3state_only
2023-03-21,2023-03-21 14:01:00+00:00,long,-206.0,-498.0,2.0,4.0,0.75,2.4174757281553396,True,matched_on_entry_time_and_direction
2023-03-23,2023-03-23 14:01:00+00:00,long,-127.0,-508.0,1.0,4.0,0.75,4.0,True,matched_on_entry_time_and_direction
2023-03-24 00:00:00,2023-03-24 15:23:00+00:00,short,,-688.5,,3.0,1.0,,False,sizing_3state_only
2023-03-27,2023-03-27 13:52:00+00:00,long,-159.0,,1.0,,,,False,retained_only
2023-03-27 00:00:00,2023-03-27 14:31:00+00:00,short,,307.0,,2.0,0.5,,False,sizing_3state_only
2023-03-28 00:00:00,2023-03-28 14:33:00+00:00,short,,-206.5,,1.0,0.5,,False,sizing_3state_only
2023-03-29 00:00:00,2023-03-29 14:05:00+00:00,long,,-492.5,,5.0,0.75,,False,sizing_3state_only
2023-03-30 00:00:00,2023-03-30 14:01:00+00:00,long,,-710.5,,7.0,1.0,,False,sizing_3state_only
2023-03-31,2023-03-31 13:48:00+00:00,long,255.0,,1.0,,,,False,retained_only
2023-04-03 00:00:00,2023-04-03 14:23:00+00:00,long,,-695.0,,5.0,1.0,,False,sizing_3state_only
2023-04-04 00:00:00,2023-04-04 14:01:00+00:00,long,,-514.5,,3.0,0.75,,False,sizing_3state_only
2023-04-05 00:00:00,2023-04-05 14:05:00+00:00,short,,288.0,,4.0,0.75,,False,sizing_3state_only
2023-04-06 00:00:00,2023-04-06 14:03:00+00:00,long,,1270.0,,5.0,1.0,,False,sizing_3state_only
2023-04-11 00:00:00,2023-04-11 14:13:00+00:00,short,,8.0,,2.0,0.5,,False,sizing_3state_only
2023-04-12 00:00:00,2023-04-12 14:56:00+00:00,short,,224.0,,2.0,1.0,,False,sizing_3state_only
2023-04-13,2023-04-13 14:06:00+00:00,long,246.0,984.0,1.0,4.0,0.75,4.0,True,matched_on_entry_time_and_direction
2023-04-14,2023-04-14 13:57:00+00:00,long,-233.0,,1.0,,,,False,retained_only
2023-04-14 00:00:00,2023-04-14 14:33:00+00:00,short,,-313.5,,3.0,1.0,,False,sizing_3state_only
2023-04-17 00:00:00,2023-04-17 14:39:00+00:00,short,,-550.0,,4.0,1.0,,False,sizing_3state_only
2023-04-18 00:00:00,2023-04-18 14:02:00+00:00,short,,650.0,,4.0,0.75,,False,sizing_3state_only
2023-04-20 00:00:00,2023-04-20 14:08:00+00:00,long,,-666.0,,4.0,1.0,,False,sizing_3state_only
2023-04-21 00:00:00,2023-04-21 14:02:00+00:00,short,,-507.0,,3.0,0.75,,False,sizing_3state_only
2023-04-24 00:00:00,2023-04-24 14:37:00+00:00,short,,-106.0,,4.0,1.0,,False,sizing_3state_only
2023-04-25 00:00:00,2023-04-25 14:11:00+00:00,short,,872.0,,4.0,0.75,,False,sizing_3state_only
2023-04-26 00:00:00,2023-04-26 14:07:00+00:00,long,,-692.5,,5.0,1.0,,False,sizing_3state_only
2023-04-27 00:00:00,2023-04-27 14:14:00+00:00,long,,1236.0,,6.0,1.0,,False,sizing_3state_only
2023-04-27,2023-04-27 14:16:00+00:00,long,286.0,,1.0,,,,False,retained_only
2023-04-28 00:00:00,2023-04-28 14:11:00+00:00,long,,316.0,,2.0,0.5,,False,sizing_3state_only
2023-04-28,2023-04-28 14:14:00+00:00,long,134.5,,1.0,,,,False,retained_only
2023-05-01 00:00:00,2023-05-01 14:26:00+00:00,short,,-740.0,,8.0,1.0,,False,sizing_3state_only
2023-05-02 00:00:00,2023-05-02 14:10:00+00:00,short,,1358.0,,7.0,1.0,,False,sizing_3state_only
2023-05-03,2023-05-03 13:54:00+00:00,long,-184.0,,2.0,,,,False,retained_only
2023-05-04 00:00:00,2023-05-04 14:18:00+00:00,short,,-675.0,,5.0,1.0,,False,sizing_3state_only
2023-05-05,2023-05-05 13:50:00+00:00,long,426.0,,2.0,,,,False,retained_only
2023-05-05 00:00:00,2023-05-05 14:01:00+00:00,long,,1405.0,,5.0,1.0,,False,sizing_3state_only
2023-05-10,2023-05-10 14:07:00+00:00,long,-204.0,-204.0,1.0,1.0,0.5,1.0,False,matched_on_entry_time_and_direction
2023-05-11 00:00:00,2023-05-11 14:40:00+00:00,short,,-259.0,,2.0,0.5,,False,sizing_3state_only
2023-05-12 00:00:00,2023-05-12 14:02:00+00:00,short,,244.0,,4.0,0.75,,False,sizing_3state_only
2023-05-15 00:00:00,2023-05-15 14:07:00+00:00,short,,-738.0,,6.0,1.0,,False,sizing_3state_only
2023-05-16,2023-05-16 13:46:00+00:00,long,-47.0,,1.0,,,,False,retained_only
2023-05-18,2023-05-18 13:58:00+00:00,long,251.0,,1.0,,,,False,retained_only
2023-05-18 00:00:00,2023-05-18 14:07:00+00:00,long,,912.0,,3.0,0.75,,False,sizing_3state_only
2023-05-19 00:00:00,2023-05-19 14:03:00+00:00,short,,165.0,,6.0,1.0,,False,sizing_3state_only
2023-05-22,2023-05-22 13:50:00+00:00,long,-42.0,,1.0,,,,False,retained_only
2023-05-24 00:00:00,2023-05-24 14:05:00+00:00,short,,-480.0,,4.0,0.75,,False,sizing_3state_only
2023-05-26,2023-05-26 13:49:00+00:00,long,312.0,,1.0,,,,False,retained_only
2023-05-26 00:00:00,2023-05-26 14:01:00+00:00,long,,797.0,,2.0,0.75,,False,sizing_3state_only
2023-05-30 00:00:00,2023-05-30 14:01:00+00:00,short,,34.5,,1.0,0.75,,False,sizing_3state_only
2023-05-31 00:00:00,2023-05-31 14:15:00+00:00,short,,98.0,,4.0,1.0,,False,sizing_3state_only
2023-06-01 00:00:00,2023-06-01 14:01:00+00:00,long,,1216.0,,4.0,1.0,,False,sizing_3state_only
2023-06-01,2023-06-01 14:46:00+00:00,long,207.5,,1.0,,,,False,retained_only
2023-06-05,2023-06-05 14:53:00+00:00,long,-174.5,-698.0,1.0,4.0,1.0,4.0,True,matched_on_entry_time_and_direction
2023-06-06 00:00:00,2023-06-06 14:11:00+00:00,long,,59.0,,2.0,0.5,,False,sizing_3state_only
2023-06-07 00:00:00,2023-06-07 14:16:00+00:00,short,,1224.0,,3.0,1.0,,False,sizing_3state_only
2023-06-08,2023-06-08 14:06:00+00:00,long,181.0,724.0,1.0,4.0,1.0,4.0,True,matched_on_entry_time_and_direction
2023-06-09,2023-06-09 13:46:00+00:00,long,-158.0,,1.0,,,,False,retained_only
2023-06-09 00:00:00,2023-06-09 14:06:00+00:00,long,,-468.0,,2.0,0.75,,False,sizing_3state_only
2023-06-12 00:00:00,2023-06-12 14:06:00+00:00,short,,-510.0,,5.0,0.75,,False,sizing_3state_only
2023-06-13 00:00:00,2023-06-13 14:08:00+00:00,short,,-495.0,,3.0,1.0,,False,sizing_3state_only
2023-06-14 00:00:00,2023-06-14 14:05:00+00:00,long,,-300.0,,2.0,0.5,,False,sizing_3state_only
2023-06-14,2023-06-14 14:14:00+00:00,long,-186.0,,1.0,,,,False,retained_only
2023-06-15 00:00:00,2023-06-15 14:07:00+00:00,long,,559.0,,2.0,0.75,,False,sizing_3state_only
2023-06-20,2023-06-20 13:49:00+00:00,long,-209.0,,1.0,,,,False,retained_only
2023-06-20 00:00:00,2023-06-20 14:16:00+00:00,short,,-282.0,,3.0,1.0,,False,sizing_3state_only
2023-06-21 00:00:00,2023-06-21 14:01:00+00:00,short,,295.5,,3.0,1.0,,False,sizing_3state_only
2023-06-22 00:00:00,2023-06-22 14:12:00+00:00,long,,202.5,,1.0,0.75,,False,sizing_3state_only
2023-06-23 00:00:00,2023-06-23 16:17:00+00:00,long,,-237.0,,3.0,1.0,,False,sizing_3state_only
2023-06-26,2023-06-26 13:48:00+00:00,long,-154.0,,1.0,,,,False,retained_only
2023-06-26 00:00:00,2023-06-26 14:02:00+00:00,long,,-251.0,,1.0,0.5,,False,sizing_3state_only
2023-06-27 00:00:00,2023-06-27 14:13:00+00:00,short,,-640.0,,4.0,1.0,,False,sizing_3state_only
2023-06-27,2023-06-27 15:37:00+00:00,long,210.0,,1.0,,,,False,retained_only
2023-06-28 00:00:00,2023-06-28 14:19:00+00:00,long,,350.0,,4.0,1.0,,False,sizing_3state_only
2023-06-29 00:00:00,2023-06-29 14:08:00+00:00,short,,-244.5,,3.0,0.75,,False,sizing_3state_only
2023-06-30,2023-06-30 13:46:00+00:00,long,4.5,,1.0,,,,False,retained_only
2023-06-30 00:00:00,2023-06-30 14:06:00+00:00,long,,-127.5,,3.0,1.0,,False,sizing_3state_only
2023-07-03 00:00:00,2023-07-03 14:37:00+00:00,short,,-106.0,,4.0,0.75,,False,sizing_3state_only
2023-07-05,2023-07-05 13:46:00+00:00,long,-57.5,,1.0,,,,False,retained_only
2023-07-05 00:00:00,2023-07-05 14:17:00+00:00,long,,-279.0,,3.0,1.0,,False,sizing_3state_only
2023-07-06 00:00:00,2023-07-06 14:05:00+00:00,short,,-704.0,,4.0,1.0,,False,sizing_3state_only
2023-07-07 00:00:00,2023-07-07 14:35:00+00:00,short,,-375.0,,2.0,0.5,,False,sizing_3state_only
2023-07-10 00:00:00,2023-07-10 16:03:00+00:00,short,,-561.0,,2.0,1.0,,False,sizing_3state_only
2023-07-11 00:00:00,2023-07-11 14:05:00+00:00,short,,-412.0,,2.0,0.75,,False,sizing_3state_only
2023-07-12 00:00:00,2023-07-12 14:09:00+00:00,long,,-267.0,,2.0,0.5,,False,sizing_3state_only
2023-07-12,2023-07-12 14:10:00+00:00,long,-163.0,,1.0,,,,False,retained_only
2023-07-13,2023-07-13 13:55:00+00:00,long,177.5,,1.0,,,,False,retained_only
2023-07-14,2023-07-14 13:52:00+00:00,long,-174.5,,1.0,,,,False,retained_only
2023-07-14 00:00:00,2023-07-14 14:10:00+00:00,long,,-561.0,,3.0,0.75,,False,sizing_3state_only
2023-07-19 00:00:00,2023-07-19 14:16:00+00:00,short,,-670.0,,5.0,1.0,,False,sizing_3state_only
2023-07-20 00:00:00,2023-07-20 14:04:00+00:00,short,,1385.0,,5.0,1.0,,False,sizing_3state_only
2023-07-21 00:00:00,2023-07-21 14:01:00+00:00,short,,439.5,,3.0,1.0,,False,sizing_3state_only
2023-07-25,2023-07-25 13:46:00+00:00,long,1.0,,2.0,,,,False,retained_only
2023-07-26 00:00:00,2023-07-26 14:56:00+00:00,short,,-327.0,,2.0,0.5,,False,sizing_3state_only
2023-07-27,2023-07-27 13:46:00+00:00,long,-161.0,,1.0,,,,False,retained_only
2023-07-27 00:00:00,2023-07-27 14:26:00+00:00,short,,1212.0,,3.0,1.0,,False,sizing_3state_only
2023-07-28,2023-07-28 13:49:00+00:00,long,72.0,,1.0,,,,False,retained_only
2023-07-28 00:00:00,2023-07-28 14:03:00+00:00,long,,81.0,,3.0,1.0,,False,sizing_3state_only
2023-07-31,2023-07-31 13:46:00+00:00,long,-243.0,,2.0,,,,False,retained_only
2023-08-01 00:00:00,2023-08-01 14:15:00+00:00,short,,-555.0,,5.0,0.75,,False,sizing_3state_only
2023-08-02 00:00:00,2023-08-02 14:07:00+00:00,short,,663.0,,3.0,0.75,,False,sizing_3state_only
2023-08-03 00:00:00,2023-08-03 14:02:00+00:00,long,,-119.0,,2.0,0.75,,False,sizing_3state_only
2023-08-04 00:00:00,2023-08-04 14:03:00+00:00,short,,-318.5,,1.0,0.75,,False,sizing_3state_only
2023-08-04,2023-08-04 16:26:00+00:00,long,-187.5,,1.0,,,,False,retained_only
2023-08-07 00:00:00,2023-08-07 14:01:00+00:00,short,,-423.0,,2.0,0.75,,False,sizing_3state_only
2023-08-08 00:00:00,2023-08-08 14:02:00+00:00,short,,-457.0,,2.0,0.75,,False,sizing_3state_only
2023-08-09 00:00:00,2023-08-09 14:22:00+00:00,short,,259.0,,2.0,0.75,,False,sizing_3state_only
2023-08-10,2023-08-10 13:47:00+00:00,long,-200.5,,1.0,,,,False,retained_only
2023-08-10 00:00:00,2023-08-10 14:01:00+00:00,long,,-319.5,,1.0,0.5,,False,sizing_3state_only
2023-08-11 00:00:00,2023-08-11 14:16:00+00:00,long,,-579.0,,3.0,1.0,,False,sizing_3state_only
2023-08-14 00:00:00,2023-08-14 14:05:00+00:00,long,,1128.0,,3.0,1.0,,False,sizing_3state_only
2023-08-14,2023-08-14 14:14:00+00:00,long,222.5,,1.0,,,,False,retained_only
2023-08-15 00:00:00,2023-08-15 14:01:00+00:00,short,,526.0,,4.0,1.0,,False,sizing_3state_only
2023-08-16 00:00:00,2023-08-16 14:19:00+00:00,long,,-680.0,,4.0,1.0,,False,sizing_3state_only
2023-08-17 00:00:00,2023-08-17 14:13:00+00:00,short,,784.5,,3.0,1.0,,False,sizing_3state_only
2023-08-18 00:00:00,2023-08-18 14:18:00+00:00,short,,-648.0,,4.0,1.0,,False,sizing_3state_only
2023-08-21,2023-08-21 13:57:00+00:00,long,-185.5,,1.0,,,,False,retained_only
2023-08-21 00:00:00,2023-08-21 14:05:00+00:00,long,,-675.0,,3.0,1.0,,False,sizing_3state_only
2023-08-22 00:00:00,2023-08-22 14:32:00+00:00,short,,150.0,,3.0,1.0,,False,sizing_3state_only
2023-08-23,2023-08-23 13:46:00+00:00,long,366.0,,2.0,,,,False,retained_only
2023-08-23 00:00:00,2023-08-23 14:10:00+00:00,long,,854.0,,2.0,0.75,,False,sizing_3state_only
2023-08-24 00:00:00,2023-08-24 14:08:00+00:00,short,,626.0,,1.0,0.75,,False,sizing_3state_only
2023-08-25,2023-08-25 13:54:00+00:00,long,-127.5,,1.0,,,,False,retained_only
2023-08-25 00:00:00,2023-08-25 14:03:00+00:00,long,,-542.0,,4.0,0.75,,False,sizing_3state_only
2023-08-28 00:00:00,2023-08-28 15:43:00+00:00,short,,-376.0,,2.0,0.75,,False,sizing_3state_only
2023-08-29,2023-08-29 13:46:00+00:00,long,373.0,,1.0,,,,False,retained_only
2023-08-29 00:00:00,2023-08-29 14:01:00+00:00,long,,426.5,,1.0,0.75,,False,sizing_3state_only
2023-08-30,2023-08-30 13:58:00+00:00,long,-184.5,,1.0,,,,False,retained_only
2023-08-30 00:00:00,2023-08-30 14:02:00+00:00,long,,-600.0,,3.0,1.0,,False,sizing_3state_only
2023-08-31,2023-08-31 13:46:00+00:00,long,-31.0,,1.0,,,,False,retained_only
2023-08-31 00:00:00,2023-08-31 14:01:00+00:00,long,,-258.0,,4.0,1.0,,False,sizing_3state_only
2023-09-01 00:00:00,2023-09-01 14:57:00+00:00,short,,-52.0,,1.0,0.5,,False,sizing_3state_only
2023-09-05 00:00:00,2023-09-05 14:25:00+00:00,long,,103.0,,2.0,0.5,,False,sizing_3state_only
2023-09-06 00:00:00,2023-09-06 14:01:00+00:00,short,,980.0,,4.0,0.75,,False,sizing_3state_only
2023-09-07 00:00:00,2023-09-07 14:41:00+00:00,long,,26.0,,1.0,0.5,,False,sizing_3state_only
2023-09-08,2023-09-08 13:49:00+00:00,long,-187.5,,1.0,,,,False,retained_only
2023-09-08 00:00:00,2023-09-08 14:07:00+00:00,long,,-455.0,,2.0,0.75,,False,sizing_3state_only
2023-09-11 00:00:00,2023-09-11 14:13:00+00:00,short,,-428.0,,2.0,0.75,,False,sizing_3state_only
2023-09-12 00:00:00,2023-09-12 14:28:00+00:00,short,,324.0,,2.0,0.5,,False,sizing_3state_only
2023-09-13 00:00:00,2023-09-13 14:06:00+00:00,short,,-426.0,,3.0,0.75,,False,sizing_3state_only
2023-09-14 00:00:00,2023-09-14 14:45:00+00:00,long,,61.5,,1.0,0.5,,False,sizing_3state_only
2023-09-18 00:00:00,2023-09-18 14:18:00+00:00,long,,-75.0,,2.0,0.75,,False,sizing_3state_only
2023-09-19 00:00:00,2023-09-19 14:01:00+00:00,short,,-462.0,,3.0,0.75,,False,sizing_3state_only
2023-09-20 00:00:00,2023-09-20 14:15:00+00:00,short,,1245.0,,5.0,1.0,,False,sizing_3state_only
2023-09-21 00:00:00,2023-09-21 14:02:00+00:00,short,,122.0,,1.0,0.5,,False,sizing_3state_only
2023-09-22 00:00:00,2023-09-22 14:07:00+00:00,long,,-454.5,,3.0,0.75,,False,sizing_3state_only
2023-09-25 00:00:00,2023-09-25 15:17:00+00:00,long,,241.5,,3.0,1.0,,False,sizing_3state_only
2023-09-26 00:00:00,2023-09-26 14:05:00+00:00,short,,378.0,,4.0,1.0,,False,sizing_3state_only
2023-09-27,2023-09-27 13:47:00+00:00,long,-195.0,,2.0,,,,False,retained_only
2023-09-27 00:00:00,2023-09-27 14:02:00+00:00,short,,1398.0,,6.0,1.0,,False,sizing_3state_only
2023-09-28 00:00:00,2023-09-28 14:01:00+00:00,long,,541.5,,3.0,1.0,,False,sizing_3state_only
2023-09-29 00:00:00,2023-09-29 14:01:00+00:00,long,,-438.0,,3.0,0.75,,False,sizing_3state_only
2023-10-02 00:00:00,2023-10-02 14:03:00+00:00,long,,67.0,,2.0,0.75,,False,sizing_3state_only
2023-10-03 00:00:00,2023-10-03 14:03:00+00:00,short,,824.0,,2.0,0.75,,False,sizing_3state_only
2023-10-04,2023-10-04 14:42:00+00:00,long,121.0,363.0,1.0,3.0,1.0,3.0,True,matched_on_entry_time_and_direction
2023-10-05 00:00:00,2023-10-05 14:01:00+00:00,short,,-224.0,,2.0,0.75,,False,sizing_3state_only
2023-10-06 00:00:00,2023-10-06 14:24:00+00:00,long,,417.0,,1.0,0.5,,False,sizing_3state_only
2023-10-10,2023-10-10 14:01:00+00:00,long,37.0,148.0,1.0,4.0,1.0,4.0,True,matched_on_entry_time_and_direction
2023-10-11 00:00:00,2023-10-11 14:01:00+00:00,short,,-462.0,,3.0,0.75,,False,sizing_3state_only
2023-10-12 00:00:00,2023-10-12 14:07:00+00:00,long,,-482.0,,4.0,0.75,,False,sizing_3state_only
2023-10-12,2023-10-12 14:11:00+00:00,long,-147.5,,1.0,,,,False,retained_only
2023-10-13 00:00:00,2023-10-13 14:08:00+00:00,short,,900.0,,3.0,0.75,,False,sizing_3state_only
2023-10-16,2023-10-16 14:13:00+00:00,long,46.0,138.0,1.0,3.0,1.0,3.0,True,matched_on_entry_time_and_direction
2023-10-17 00:00:00,2023-10-17 14:23:00+00:00,long,,114.0,,1.0,0.5,,False,sizing_3state_only
2023-10-18 00:00:00,2023-10-18 14:20:00+00:00,long,,-648.0,,4.0,1.0,,False,sizing_3state_only
2023-10-19 00:00:00,2023-10-19 14:30:00+00:00,short,,-648.0,,3.0,1.0,,False,sizing_3state_only
2023-10-20 00:00:00,2023-10-20 14:12:00+00:00,short,,808.5,,3.0,1.0,,False,sizing_3state_only
2023-10-23 00:00:00,2023-10-23 14:11:00+00:00,long,,147.0,,1.0,0.5,,False,sizing_3state_only
2023-10-24,2023-10-24 14:29:00+00:00,long,-156.0,-326.0,1.0,2.0,0.5,2.08974358974359,True,matched_on_entry_time_and_direction
2023-10-25 00:00:00,2023-10-25 14:27:00+00:00,short,,588.0,,1.0,0.5,,False,sizing_3state_only
2023-10-26 00:00:00,2023-10-26 14:02:00+00:00,short,,240.0,,1.0,0.75,,False,sizing_3state_only
2023-10-27,2023-10-27 14:07:00+00:00,long,-206.0,,2.0,,,,False,retained_only
2023-10-27 00:00:00,2023-10-27 14:42:00+00:00,short,,-279.0,,2.0,0.5,,False,sizing_3state_only
2023-10-30,2023-10-30 13:46:00+00:00,long,-229.5,,1.0,,,,False,retained_only
2023-10-30 00:00:00,2023-10-30 14:31:00+00:00,short,,-173.0,,1.0,0.5,,False,sizing_3state_only
2023-10-31 00:00:00,2023-10-31 15:01:00+00:00,long,,88.0,,1.0,0.5,,False,sizing_3state_only
2023-11-01,2023-11-01 13:47:00+00:00,long,456.0,,2.0,,,,False,retained_only
2023-11-01 00:00:00,2023-11-01 14:21:00+00:00,long,,1224.0,,4.0,1.0,,False,sizing_3state_only
2023-11-02 00:00:00,2023-11-02 14:12:00+00:00,short,,-722.5,,5.0,1.0,,False,sizing_3state_only
2023-11-03,2023-11-03 13:46:00+00:00,long,149.0,,1.0,,,,False,retained_only
2023-11-06 00:00:00,2023-11-06 15:04:00+00:00,short,,-342.5,,5.0,1.0,,False,sizing_3state_only
2023-11-07 00:00:00,2023-11-07 15:01:00+00:00,long,,333.0,,3.0,1.0,,False,sizing_3state_only
2023-11-07,2023-11-07 15:29:00+00:00,long,74.0,,1.0,,,,False,retained_only
2023-11-08 00:00:00,2023-11-08 15:03:00+00:00,short,,-166.0,,4.0,0.75,,False,sizing_3state_only
2023-11-09 00:00:00,2023-11-09 15:08:00+00:00,short,,-558.0,,4.0,0.75,,False,sizing_3state_only
2023-11-10,2023-11-10 14:53:00+00:00,long,310.0,,1.0,,,,False,retained_only
2023-11-10 00:00:00,2023-11-10 16:04:00+00:00,long,,718.0,,2.0,0.5,,False,sizing_3state_only
2023-11-13 00:00:00,2023-11-13 15:47:00+00:00,long,,21.0,,2.0,0.5,,False,sizing_3state_only
2023-11-14,2023-11-14 14:46:00+00:00,long,73.5,,1.0,,,,False,retained_only
2023-11-14 00:00:00,2023-11-14 15:01:00+00:00,long,,115.5,,3.0,0.75,,False,sizing_3state_only
2023-11-15 00:00:00,2023-11-15 16:53:00+00:00,short,,93.0,,3.0,0.75,,False,sizing_3state_only
2023-11-16 00:00:00,2023-11-16 15:07:00+00:00,long,,-313.0,,2.0,0.5,,False,sizing_3state_only
2023-11-17 00:00:00,2023-11-17 16:06:00+00:00,short,,-675.0,,6.0,1.0,,False,sizing_3state_only
2023-11-20,2023-11-20 14:52:00+00:00,long,195.0,,1.0,,,,False,retained_only
2023-11-20 00:00:00,2023-11-20 15:06:00+00:00,long,,173.5,,1.0,0.5,,False,sizing_3state_only
2023-11-21 00:00:00,2023-11-21 15:18:00+00:00,short,,-68.0,,4.0,0.5,,False,sizing_3state_only
2023-11-22 00:00:00,2023-11-22 15:03:00+00:00,short,,-36.5,,1.0,0.75,,False,sizing_3state_only
2023-11-27 00:00:00,2023-11-27 15:10:00+00:00,long,,-149.0,,2.0,0.5,,False,sizing_3state_only
2023-11-29 00:00:00,2023-11-29 15:08:00+00:00,short,,577.5,,3.0,0.75,,False,sizing_3state_only
2023-11-30 00:00:00,2023-11-30 15:03:00+00:00,short,,-297.0,,3.0,1.0,,False,sizing_3state_only
2023-12-01 00:00:00,2023-12-01 15:03:00+00:00,long,,-457.5,,3.0,0.75,,False,sizing_3state_only
2023-12-04 00:00:00,2023-12-04 15:16:00+00:00,short,,-375.0,,3.0,0.5,,False,sizing_3state_only
2023-12-05 00:00:00,2023-12-05 15:01:00+00:00,long,,89.0,,2.0,0.75,,False,sizing_3state_only
2023-12-06 00:00:00,2023-12-06 15:01:00+00:00,short,,676.5,,3.0,1.0,,False,sizing_3state_only
2023-12-07,2023-12-07 15:22:00+00:00,long,77.5,77.5,1.0,1.0,0.5,1.0,False,matched_on_entry_time_and_direction
2023-12-08 00:00:00,2023-12-08 15:01:00+00:00,long,,379.5,,3.0,0.75,,False,sizing_3state_only
2023-12-11,2023-12-11 14:48:00+00:00,long,156.5,,1.0,,,,False,retained_only
2023-12-11 00:00:00,2023-12-11 15:06:00+00:00,long,,138.5,,1.0,0.5,,False,sizing_3state_only
2023-12-12 00:00:00,2023-12-12 15:02:00+00:00,long,,842.0,,4.0,1.0,,False,sizing_3state_only
2023-12-13,2023-12-13 19:21:00+00:00,long,142.5,,1.0,,,,False,retained_only
2023-12-14,2023-12-14 14:48:00+00:00,long,-235.0,,2.0,,,,False,retained_only
2023-12-14 00:00:00,2023-12-14 15:06:00+00:00,short,,831.0,,3.0,0.75,,False,sizing_3state_only
2023-12-18,2023-12-18 15:03:00+00:00,long,135.0,202.5,2.0,3.0,0.5,1.5,True,matched_on_entry_time_and_direction
2023-12-21 00:00:00,2023-12-21 15:06:00+00:00,short,,-682.0,,4.0,1.0,,False,sizing_3state_only
2023-12-22,2023-12-22 14:51:00+00:00,long,-213.0,,2.0,,,,False,retained_only
2023-12-22 00:00:00,2023-12-22 16:06:00+00:00,short,,-77.5,,5.0,1.0,,False,sizing_3state_only
2024-01-02 00:00:00,2024-01-02 15:29:00+00:00,short,,-14.5,,1.0,0.5,,False,sizing_3state_only
2024-01-03 00:00:00,2024-01-03 15:13:00+00:00,short,,204.0,,3.0,0.75,,False,sizing_3state_only
2024-01-04 00:00:00,2024-01-04 15:09:00+00:00,long,,-528.0,,4.0,0.75,,False,sizing_3state_only
2024-01-05,2024-01-05 15:01:00+00:00,long,-126.5,-506.0,1.0,4.0,0.75,4.0,True,matched_on_entry_time_and_direction
2024-01-08,2024-01-08 14:46:00+00:00,long,325.0,,1.0,,,,False,retained_only
2024-01-08 00:00:00,2024-01-08 15:05:00+00:00,long,,636.0,,2.0,0.75,,False,sizing_3state_only
2024-01-09 00:00:00,2024-01-09 15:10:00+00:00,long,,717.0,,3.0,0.5,,False,sizing_3state_only
2024-01-10 00:00:00,2024-01-10 15:03:00+00:00,short,,-524.0,,4.0,0.75,,False,sizing_3state_only
2024-01-11 00:00:00,2024-01-11 15:04:00+00:00,short,,-167.0,,2.0,0.75,,False,sizing_3state_only
2024-01-12 00:00:00,2024-01-12 15:03:00+00:00,short,,-94.5,,3.0,0.75,,False,sizing_3state_only
2024-01-16 00:00:00,2024-01-16 15:17:00+00:00,long,,126.0,,3.0,1.0,,False,sizing_3state_only
2024-01-17 00:00:00,2024-01-17 15:01:00+00:00,short,,-616.0,,2.0,1.0,,False,sizing_3state_only
2024-01-18 00:00:00,2024-01-18 15:38:00+00:00,long,,-672.5,,5.0,1.0,,False,sizing_3state_only
2024-01-18,2024-01-18 15:41:00+00:00,long,-148.5,,1.0,,,,False,retained_only
2024-01-19 00:00:00,2024-01-19 15:04:00+00:00,long,,1015.0,,5.0,0.75,,False,sizing_3state_only
2024-01-19,2024-01-19 16:11:00+00:00,long,362.0,,1.0,,,,False,retained_only
2024-01-22 00:00:00,2024-01-22 15:29:00+00:00,short,,62.5,,1.0,0.5,,False,sizing_3state_only
2024-01-24 00:00:00,2024-01-24 15:16:00+00:00,long,,-680.0,,5.0,1.0,,False,sizing_3state_only
2024-01-24,2024-01-24 15:44:00+00:00,long,-240.5,,1.0,,,,False,retained_only
2024-01-25 00:00:00,2024-01-25 15:04:00+00:00,short,,-312.0,,2.0,0.5,,False,sizing_3state_only
2024-01-26 00:00:00,2024-01-26 15:07:00+00:00,short,,-630.0,,5.0,1.0,,False,sizing_3state_only
2024-01-29 00:00:00,2024-01-29 16:01:00+00:00,short,,-261.0,,2.0,0.5,,False,sizing_3state_only
2024-01-30 00:00:00,2024-01-30 15:01:00+00:00,short,,960.0,,6.0,0.75,,False,sizing_3state_only
2024-01-31 00:00:00,2024-01-31 15:15:00+00:00,short,,-367.0,,2.0,0.5,,False,sizing_3state_only
2024-02-01 00:00:00,2024-02-01 15:01:00+00:00,short,,-666.0,,6.0,1.0,,False,sizing_3state_only
2024-02-01,2024-02-01 15:10:00+00:00,long,-243.0,,2.0,,,,False,retained_only
2024-02-02 00:00:00,2024-02-02 15:41:00+00:00,long,,161.0,,1.0,0.75,,False,sizing_3state_only
2024-02-05 00:00:00,2024-02-05 15:03:00+00:00,short,,-506.0,,4.0,0.75,,False,sizing_3state_only
2024-02-06 00:00:00,2024-02-06 15:01:00+00:00,short,,-75.0,,2.0,0.75,,False,sizing_3state_only
2024-02-07 00:00:00,2024-02-07 15:14:00+00:00,long,,196.5,,3.0,0.75,,False,sizing_3state_only
2024-02-07,2024-02-07 15:24:00+00:00,long,25.5,,1.0,,,,False,retained_only
2024-02-08 00:00:00,2024-02-08 15:02:00+00:00,long,,42.0,,7.0,1.0,,False,sizing_3state_only
2024-02-09 00:00:00,2024-02-09 15:17:00+00:00,long,,652.0,,4.0,1.0,,False,sizing_3state_only
2024-02-09,2024-02-09 15:19:00+00:00,long,142.0,,1.0,,,,False,retained_only
2024-02-13 00:00:00,2024-02-13 15:30:00+00:00,long,,-315.5,,1.0,0.5,,False,sizing_3state_only
2024-02-14 00:00:00,2024-02-14 15:20:00+00:00,long,,-680.0,,4.0,1.0,,False,sizing_3state_only
2024-02-14,2024-02-14 15:22:00+00:00,long,-197.5,,1.0,,,,False,retained_only
2024-02-15 00:00:00,2024-02-15 15:04:00+00:00,short,,-419.0,,2.0,0.75,,False,sizing_3state_only
2024-02-16 00:00:00,2024-02-16 15:01:00+00:00,short,,16.0,,1.0,0.75,,False,sizing_3state_only
2024-02-20 00:00:00,2024-02-20 15:02:00+00:00,short,,-138.0,,1.0,1.0,,False,sizing_3state_only
2024-02-21 00:00:00,2024-02-21 15:05:00+00:00,long,,-457.5,,3.0,0.75,,False,sizing_3state_only
2024-02-22,2024-02-22 14:46:00+00:00,long,269.0,,1.0,,,,False,retained_only
2024-02-22 00:00:00,2024-02-22 16:19:00+00:00,long,,357.0,,3.0,1.0,,False,sizing_3state_only
2024-02-23 00:00:00,2024-02-23 15:01:00+00:00,short,,469.5,,3.0,0.75,,False,sizing_3state_only
2024-02-27 00:00:00,2024-02-27 15:20:00+00:00,long,,-370.0,,2.0,0.5,,False,sizing_3state_only
2024-02-29 00:00:00,2024-02-29 16:03:00+00:00,short,,-586.5,,3.0,1.0,,False,sizing_3state_only
2024-03-01,2024-03-01 15:01:00+00:00,long,434.0,868.0,2.0,4.0,0.75,2.0,True,matched_on_entry_time_and_direction
2024-03-04 00:00:00,2024-03-04 15:06:00+00:00,short,,-728.0,,7.0,1.0,,False,sizing_3state_only
2024-03-05 00:00:00,2024-03-05 15:09:00+00:00,short,,294.0,,2.0,0.75,,False,sizing_3state_only
2024-03-06 00:00:00,2024-03-06 15:02:00+00:00,short,,-381.0,,2.0,0.75,,False,sizing_3state_only
2024-03-07 00:00:00,2024-03-07 15:16:00+00:00,long,,154.5,,1.0,0.5,,False,sizing_3state_only
2024-03-07,2024-03-07 15:39:00+00:00,long,-173.0,,1.0,,,,False,retained_only
2024-03-08,2024-03-08 14:49:00+00:00,long,-137.5,,1.0,,,,False,retained_only
2024-03-08 00:00:00,2024-03-08 15:02:00+00:00,long,,-217.0,,1.0,0.5,,False,sizing_3state_only
2024-03-11 00:00:00,2024-03-11 14:03:00+00:00,short,,-433.0,,2.0,0.75,,False,sizing_3state_only
2024-03-12 00:00:00,2024-03-12 14:24:00+00:00,long,,504.0,,2.0,1.0,,False,sizing_3state_only
2024-03-13 00:00:00,2024-03-13 14:01:00+00:00,short,,-48.0,,3.0,1.0,,False,sizing_3state_only
2024-03-14 00:00:00,2024-03-14 14:01:00+00:00,short,,-135.5,,1.0,0.75,,False,sizing_3state_only
2024-03-18,2024-03-18 13:47:00+00:00,long,-153.0,,1.0,,,,False,retained_only
2024-03-18 00:00:00,2024-03-18 14:26:00+00:00,long,,-375.0,,2.0,0.5,,False,sizing_3state_only
2024-03-19 00:00:00,2024-03-19 15:37:00+00:00,long,,457.0,,2.0,0.75,,False,sizing_3state_only
2024-03-20 00:00:00,2024-03-20 18:02:00+00:00,long,,868.0,,2.0,0.75,,False,sizing_3state_only
2024-03-21 00:00:00,2024-03-21 15:08:00+00:00,short,,203.0,,2.0,0.5,,False,sizing_3state_only
2024-03-22 00:00:00,2024-03-22 14:04:00+00:00,long,,109.5,,3.0,0.5,,False,sizing_3state_only
2024-03-25 00:00:00,2024-03-25 14:11:00+00:00,long,,34.0,,2.0,0.75,,False,sizing_3state_only
2024-03-26 00:00:00,2024-03-26 14:01:00+00:00,long,,-666.0,,6.0,1.0,,False,sizing_3state_only
2024-03-27 00:00:00,2024-03-27 14:02:00+00:00,short,,-165.5,,1.0,0.75,,False,sizing_3state_only
2024-04-01 00:00:00,2024-04-01 14:52:00+00:00,short,,-36.5,,1.0,0.5,,False,sizing_3state_only
2024-04-02 00:00:00,2024-04-02 14:13:00+00:00,short,,-454.5,,3.0,0.75,,False,sizing_3state_only
2024-04-03 00:00:00,2024-04-03 14:01:00+00:00,long,,972.0,,3.0,0.75,,False,sizing_3state_only
2024-04-05,2024-04-05 13:50:00+00:00,long,333.0,,1.0,,,,False,retained_only
2024-04-05 00:00:00,2024-04-05 14:13:00+00:00,long,,68.0,,1.0,0.75,,False,sizing_3state_only
2024-04-08 00:00:00,2024-04-08 14:30:00+00:00,long,,-77.0,,1.0,0.5,,False,sizing_3state_only
2024-04-09 00:00:00,2024-04-09 14:27:00+00:00,short,,566.0,,2.0,0.5,,False,sizing_3state_only
2024-04-10 00:00:00,2024-04-10 14:39:00+00:00,long,,-95.0,,1.0,0.5,,False,sizing_3state_only
2024-04-11 00:00:00,2024-04-11 14:12:00+00:00,short,,-645.0,,5.0,1.0,,False,sizing_3state_only
2024-04-12 00:00:00,2024-04-12 14:09:00+00:00,short,,825.0,,3.0,0.75,,False,sizing_3state_only
2024-04-15 00:00:00,2024-04-15 14:09:00+00:00,short,,1412.0,,4.0,1.0,,False,sizing_3state_only
2024-04-16 00:00:00,2024-04-16 14:15:00+00:00,long,,-742.0,,4.0,1.0,,False,sizing_3state_only
2024-04-16,2024-04-16 14:16:00+00:00,long,-189.5,,1.0,,,,False,retained_only
2024-04-17 00:00:00,2024-04-17 14:03:00+00:00,short,,1134.0,,3.0,1.0,,False,sizing_3state_only
2024-04-18 00:00:00,2024-04-18 14:36:00+00:00,long,,-272.0,,1.0,0.5,,False,sizing_3state_only
2024-04-19 00:00:00,2024-04-19 14:16:00+00:00,short,,460.0,,1.0,0.5,,False,sizing_3state_only
2024-04-22,2024-04-22 13:50:00+00:00,long,-132.5,,1.0,,,,False,retained_only
2024-04-22 00:00:00,2024-04-22 14:18:00+00:00,short,,-287.0,,2.0,0.5,,False,sizing_3state_only
2024-04-23,2024-04-23 13:46:00+00:00,long,404.0,,1.0,,,,False,retained_only
2024-04-23 00:00:00,2024-04-23 14:21:00+00:00,long,,128.0,,1.0,0.5,,False,sizing_3state_only
2024-04-24,2024-04-24 13:51:00+00:00,long,-153.0,,1.0,,,,False,retained_only
2024-04-24 00:00:00,2024-04-24 14:40:00+00:00,short,,682.0,,2.0,0.5,,False,sizing_3state_only
2024-04-25 00:00:00,2024-04-25 14:13:00+00:00,long,,394.0,,1.0,0.5,,False,sizing_3state_only
2024-04-26,2024-04-26 13:51:00+00:00,long,122.5,,1.0,,,,False,retained_only
2024-04-26 00:00:00,2024-04-26 14:04:00+00:00,long,,136.0,,2.0,1.0,,False,sizing_3state_only
2024-04-29 00:00:00,2024-04-29 19:04:00+00:00,short,,-438.0,,2.0,0.75,,False,sizing_3state_only
2024-04-30 00:00:00,2024-04-30 14:31:00+00:00,short,,520.0,,2.0,0.5,,False,sizing_3state_only
2024-05-01 00:00:00,2024-05-01 14:01:00+00:00,short,,-528.0,,4.0,0.75,,False,sizing_3state_only
2024-05-02 00:00:00,2024-05-02 14:02:00+00:00,short,,-305.0,,1.0,0.75,,False,sizing_3state_only
2024-05-03,2024-05-03 13:46:00+00:00,long,-146.0,,1.0,,,,False,retained_only
2024-05-06 00:00:00,2024-05-06 14:07:00+00:00,long,,317.0,,2.0,0.5,,False,sizing_3state_only
2024-05-08 00:00:00,2024-05-08 14:07:00+00:00,long,,2.5,,1.0,0.5,,False,sizing_3state_only
2024-05-09 00:00:00,2024-05-09 14:39:00+00:00,long,,10.5,,1.0,0.5,,False,sizing_3state_only
2024-05-10,2024-05-10 13:49:00+00:00,long,-169.5,,1.0,,,,False,retained_only
2024-05-10 00:00:00,2024-05-10 14:20:00+00:00,short,,22.5,,3.0,1.0,,False,sizing_3state_only
2024-05-14 00:00:00,2024-05-14 14:24:00+00:00,long,,805.0,,5.0,1.0,,False,sizing_3state_only
2024-05-14,2024-05-14 14:27:00+00:00,long,106.5,,1.0,,,,False,retained_only
2024-05-15 00:00:00,2024-05-15 14:21:00+00:00,long,,682.0,,2.0,0.5,,False,sizing_3state_only
2024-05-20,2024-05-20 13:46:00+00:00,long,115.5,,1.0,,,,False,retained_only
2024-05-21 00:00:00,2024-05-21 14:04:00+00:00,long,,708.0,,4.0,0.5,,False,sizing_3state_only
2024-05-23 00:00:00,2024-05-23 14:55:00+00:00,short,,283.0,,1.0,0.5,,False,sizing_3state_only
2024-05-24 00:00:00,2024-05-24 14:01:00+00:00,long,,980.0,,4.0,0.75,,False,sizing_3state_only
2024-05-24,2024-05-24 14:26:00+00:00,long,100.5,,1.0,,,,False,retained_only
2024-05-29 00:00:00,2024-05-29 14:25:00+00:00,long,,-586.5,,3.0,1.0,,False,sizing_3state_only
2024-05-30 00:00:00,2024-05-30 14:34:00+00:00,short,,600.0,,2.0,0.5,,False,sizing_3state_only
2024-05-31 00:00:00,2024-05-31 14:01:00+00:00,short,,896.0,,2.0,0.75,,False,sizing_3state_only
2024-06-03 00:00:00,2024-06-03 14:37:00+00:00,short,,416.0,,1.0,0.5,,False,sizing_3state_only
2024-06-04 00:00:00,2024-06-04 14:02:00+00:00,long,,-496.5,,3.0,0.75,,False,sizing_3state_only
2024-06-05 00:00:00,2024-06-05 14:24:00+00:00,long,,654.0,,3.0,0.5,,False,sizing_3state_only
2024-06-05,2024-06-05 14:31:00+00:00,long,362.0,,1.0,,,,False,retained_only
2024-06-07 00:00:00,2024-06-07 14:38:00+00:00,long,,-110.0,,2.0,0.5,,False,sizing_3state_only
2024-06-10 00:00:00,2024-06-10 14:23:00+00:00,long,,837.0,,6.0,1.0,,False,sizing_3state_only
2024-06-11 00:00:00,2024-06-11 14:32:00+00:00,long,,280.0,,1.0,0.5,,False,sizing_3state_only
2024-06-12,2024-06-12 13:46:00+00:00,long,4.0,,1.0,,,,False,retained_only
2024-06-12 00:00:00,2024-06-12 14:15:00+00:00,long,,-46.0,,1.0,0.5,,False,sizing_3state_only
2024-06-13 00:00:00,2024-06-13 14:11:00+00:00,short,,1020.0,,5.0,0.75,,False,sizing_3state_only
2024-06-17 00:00:00,2024-06-17 14:11:00+00:00,long,,1445.0,,5.0,1.0,,False,sizing_3state_only
2024-06-18 00:00:00,2024-06-18 14:46:00+00:00,short,,-369.0,,3.0,0.5,,False,sizing_3state_only
2024-06-20 00:00:00,2024-06-20 14:10:00+00:00,short,,560.0,,2.0,0.5,,False,sizing_3state_only
2024-06-24,2024-06-24 14:02:00+00:00,long,-203.0,-486.0,1.0,2.0,0.75,2.394088669950739,True,matched_on_entry_time_and_direction
2024-06-25 00:00:00,2024-06-25 14:03:00+00:00,long,,1048.0,,4.0,0.75,,False,sizing_3state_only
2024-06-25,2024-06-25 14:05:00+00:00,long,184.5,,1.0,,,,False,retained_only
2024-06-26,2024-06-26 14:07:00+00:00,long,-175.0,-700.0,1.0,4.0,1.0,4.0,True,matched_on_entry_time_and_direction
2024-06-27,2024-06-27 14:15:00+00:00,long,-246.5,-739.5,1.0,3.0,1.0,3.0,True,matched_on_entry_time_and_direction
2024-06-28,2024-06-28 13:46:00+00:00,long,288.0,,1.0,,,,False,retained_only
2024-06-28 00:00:00,2024-06-28 14:01:00+00:00,long,,-527.0,,2.0,1.0,,False,sizing_3state_only
2024-07-01 00:00:00,2024-07-01 14:14:00+00:00,short,,-307.0,,1.0,0.75,,False,sizing_3state_only
2024-07-02,2024-07-02 13:47:00+00:00,long,303.5,,1.0,,,,False,retained_only
2024-07-02 00:00:00,2024-07-02 14:51:00+00:00,long,,278.5,,1.0,0.5,,False,sizing_3state_only
2024-07-03 00:00:00,2024-07-03 14:17:00+00:00,long,,1440.0,,5.0,1.0,,False,sizing_3state_only
2024-07-03,2024-07-03 14:47:00+00:00,long,177.0,,1.0,,,,False,retained_only
2024-07-05,2024-07-05 13:56:00+00:00,long,248.0,,1.0,,,,False,retained_only
2024-07-05 00:00:00,2024-07-05 14:01:00+00:00,long,,492.0,,3.0,1.0,,False,sizing_3state_only
2024-07-08 00:00:00,2024-07-08 14:37:00+00:00,short,,-360.0,,3.0,0.5,,False,sizing_3state_only
2024-07-09 00:00:00,2024-07-09 14:25:00+00:00,short,,1288.0,,7.0,1.0,,False,sizing_3state_only
2024-07-10 00:00:00,2024-07-10 14:06:00+00:00,long,,-714.0,,6.0,1.0,,False,sizing_3state_only
2024-07-11 00:00:00,2024-07-11 14:10:00+00:00,short,,1053.0,,3.0,0.75,,False,sizing_3state_only
2024-07-12,2024-07-12 13:49:00+00:00,long,462.0,,2.0,,,,False,retained_only
2024-07-12 00:00:00,2024-07-12 14:01:00+00:00,long,,-99.0,,2.0,1.0,,False,sizing_3state_only
2024-07-15,2024-07-15 14:10:00+00:00,long,-150.0,-356.0,1.0,2.0,0.5,2.3733333333333335,True,matched_on_entry_time_and_direction
2024-07-16 00:00:00,2024-07-16 14:02:00+00:00,short,,-149.0,,2.0,0.75,,False,sizing_3state_only
2024-07-17 00:00:00,2024-07-17 14:01:00+00:00,short,,808.0,,2.0,0.75,,False,sizing_3state_only
2024-07-18 00:00:00,2024-07-18 14:32:00+00:00,short,,220.0,,1.0,0.5,,False,sizing_3state_only
2024-07-19 00:00:00,2024-07-19 14:28:00+00:00,short,,173.5,,1.0,0.5,,False,sizing_3state_only
2024-07-22,2024-07-22 13:47:00+00:00,long,-235.0,,1.0,,,,False,retained_only
2024-07-22 00:00:00,2024-07-22 15:20:00+00:00,short,,-296.5,,1.0,0.75,,False,sizing_3state_only
2024-07-23 00:00:00,2024-07-23 14:22:00+00:00,long,,-222.5,,1.0,0.5,,False,sizing_3state_only
2024-07-24 00:00:00,2024-07-24 14:02:00+00:00,short,,638.0,,1.0,0.5,,False,sizing_3state_only
2024-07-30 00:00:00,2024-07-30 14:02:00+00:00,short,,1102.0,,2.0,1.0,,False,sizing_3state_only
2024-08-07 00:00:00,2024-08-07 15:45:00+00:00,short,,675.0,,1.0,0.75,,False,sizing_3state_only
2024-08-12 00:00:00,2024-08-12 14:17:00+00:00,long,,-43.5,,1.0,0.5,,False,sizing_3state_only
2024-08-13,2024-08-13 13:50:00+00:00,long,348.0,,1.0,,,,False,retained_only
2024-08-13 00:00:00,2024-08-13 14:13:00+00:00,long,,808.0,,2.0,0.75,,False,sizing_3state_only
2024-08-14 00:00:00,2024-08-14 14:11:00+00:00,short,,-699.0,,2.0,1.0,,False,sizing_3state_only
2024-08-15,2024-08-15 13:51:00+00:00,long,302.0,,1.0,,,,False,retained_only
2024-08-15 00:00:00,2024-08-15 14:02:00+00:00,long,,221.5,,1.0,0.5,,False,sizing_3state_only
2024-08-16 00:00:00,2024-08-16 14:07:00+00:00,long,,276.0,,3.0,1.0,,False,sizing_3state_only
2024-08-19 00:00:00,2024-08-19 14:20:00+00:00,short,,-553.5,,3.0,0.75,,False,sizing_3state_only
2024-08-20,2024-08-20 13:58:00+00:00,long,-208.0,,1.0,,,,False,retained_only
2024-08-20 00:00:00,2024-08-20 14:29:00+00:00,short,,-32.5,,1.0,0.5,,False,sizing_3state_only
2024-08-21 00:00:00,2024-08-21 14:01:00+00:00,long,,-516.0,,3.0,0.75,,False,sizing_3state_only
2024-08-22 00:00:00,2024-08-22 14:08:00+00:00,short,,1396.0,,4.0,1.0,,False,sizing_3state_only
2024-08-23 00:00:00,2024-08-23 14:01:00+00:00,long,,-456.0,,2.0,0.75,,False,sizing_3state_only
2024-08-26 00:00:00,2024-08-26 14:02:00+00:00,short,,1131.0,,3.0,1.0,,False,sizing_3state_only
2024-08-27 00:00:00,2024-08-27 14:11:00+00:00,long,,146.0,,1.0,0.5,,False,sizing_3state_only
2024-08-28 00:00:00,2024-08-28 14:44:00+00:00,short,,522.0,,1.0,0.5,,False,sizing_3state_only
2024-08-30 00:00:00,2024-08-30 14:01:00+00:00,long,,-410.0,,2.0,0.75,,False,sizing_3state_only
2024-09-09 00:00:00,2024-09-09 14:11:00+00:00,long,,-441.0,,2.0,0.75,,False,sizing_3state_only
2024-09-13 00:00:00,2024-09-13 14:08:00+00:00,long,,81.0,,3.0,1.0,,False,sizing_3state_only
2024-09-16 00:00:00,2024-09-16 14:35:00+00:00,short,,-309.0,,1.0,0.75,,False,sizing_3state_only
2024-09-17 00:00:00,2024-09-17 14:46:00+00:00,long,,-529.0,,2.0,1.0,,False,sizing_3state_only
2024-09-18 00:00:00,2024-09-18 14:12:00+00:00,short,,-460.5,,3.0,0.75,,False,sizing_3state_only
2024-09-19 00:00:00,2024-09-19 14:18:00+00:00,long,,15.0,,1.0,0.5,,False,sizing_3state_only
2024-09-23 00:00:00,2024-09-23 14:24:00+00:00,long,,-642.0,,4.0,1.0,,False,sizing_3state_only
2024-09-24 00:00:00,2024-09-24 14:01:00+00:00,short,,-471.0,,2.0,0.75,,False,sizing_3state_only
2024-09-25,2024-09-25 14:00:00+00:00,long,-191.0,,1.0,,,,False,retained_only
2024-09-25 00:00:00,2024-09-25 14:03:00+00:00,long,,-610.5,,3.0,1.0,,False,sizing_3state_only
2024-09-26 00:00:00,2024-09-26 14:07:00+00:00,short,,92.5,,1.0,0.5,,False,sizing_3state_only
2024-09-27 00:00:00,2024-09-27 14:17:00+00:00,short,,538.5,,3.0,0.75,,False,sizing_3state_only
2024-09-30 00:00:00,2024-09-30 14:15:00+00:00,short,,-196.0,,1.0,0.5,,False,sizing_3state_only
2024-10-02 00:00:00,2024-10-02 14:12:00+00:00,long,,81.5,,1.0,0.5,,False,sizing_3state_only
2024-10-03 00:00:00,2024-10-03 14:01:00+00:00,long,,-323.5,,1.0,0.75,,False,sizing_3state_only
2024-10-07 00:00:00,2024-10-07 14:20:00+00:00,long,,-658.0,,4.0,1.0,,False,sizing_3state_only
2024-10-08,2024-10-08 14:01:00+00:00,long,185.5,371.0,1.0,2.0,0.75,2.0,True,matched_on_entry_time_and_direction
2024-10-09 00:00:00,2024-10-09 14:12:00+00:00,long,,1270.0,,5.0,1.0,,False,sizing_3state_only
2024-10-10 00:00:00,2024-10-10 14:06:00+00:00,long,,116.0,,2.0,0.75,,False,sizing_3state_only
2024-10-11 00:00:00,2024-10-11 14:07:00+00:00,long,,349.5,,3.0,0.75,,False,sizing_3state_only
2024-10-14,2024-10-14 13:47:00+00:00,long,-153.5,,1.0,,,,False,retained_only
2024-10-14 00:00:00,2024-10-14 15:29:00+00:00,short,,-314.0,,2.0,1.0,,False,sizing_3state_only
2024-10-15 00:00:00,2024-10-15 14:13:00+00:00,short,,1280.0,,5.0,1.0,,False,sizing_3state_only
2024-10-18 00:00:00,2024-10-18 14:10:00+00:00,long,,-128.0,,2.0,0.5,,False,sizing_3state_only
2024-10-21 00:00:00,2024-10-21 14:04:00+00:00,long,,-708.0,,4.0,1.0,,False,sizing_3state_only
2024-10-22 00:00:00,2024-10-22 14:07:00+00:00,long,,77.0,,2.0,0.75,,False,sizing_3state_only
2024-10-23 00:00:00,2024-10-23 14:03:00+00:00,short,,1422.0,,6.0,1.0,,False,sizing_3state_only
2024-10-24 00:00:00,2024-10-24 15:48:00+00:00,short,,-525.0,,3.0,0.75,,False,sizing_3state_only
2024-10-25,2024-10-25 13:46:00+00:00,long,-210.0,,1.0,,,,False,retained_only
2024-10-25 00:00:00,2024-10-25 14:01:00+00:00,long,,-711.0,,2.0,1.0,,False,sizing_3state_only
2024-10-28 00:00:00,2024-10-28 15:59:00+00:00,short,,174.0,,3.0,1.0,,False,sizing_3state_only
2024-10-29 00:00:00,2024-10-29 14:04:00+00:00,long,,398.0,,1.0,0.5,,False,sizing_3state_only
2024-10-30 00:00:00,2024-10-30 14:20:00+00:00,long,,-277.0,,1.0,0.5,,False,sizing_3state_only
2024-10-31 00:00:00,2024-10-31 14:02:00+00:00,short,,218.5,,1.0,0.75,,False,sizing_3state_only
2024-11-01,2024-11-01 13:56:00+00:00,long,-13.5,,1.0,,,,False,retained_only
2024-11-01 00:00:00,2024-11-01 14:08:00+00:00,long,,-77.0,,2.0,0.75,,False,sizing_3state_only
2024-11-04 00:00:00,2024-11-04 15:02:00+00:00,long,,-234.0,,2.0,1.0,,False,sizing_3state_only
2024-11-05,2024-11-05 14:50:00+00:00,long,410.0,,1.0,,,,False,retained_only
2024-11-05 00:00:00,2024-11-05 15:01:00+00:00,long,,624.0,,1.0,0.75,,False,sizing_3state_only
2024-11-06 00:00:00,2024-11-06 15:32:00+00:00,long,,187.5,,1.0,0.5,,False,sizing_3state_only
2024-11-07,2024-11-07 14:57:00+00:00,long,247.0,,1.0,,,,False,retained_only
2024-11-07 00:00:00,2024-11-07 15:06:00+00:00,long,,597.0,,3.0,1.0,,False,sizing_3state_only
2024-11-08 00:00:00,2024-11-08 15:07:00+00:00,short,,-702.0,,6.0,1.0,,False,sizing_3state_only
2024-11-11 00:00:00,2024-11-11 15:02:00+00:00,short,,-206.0,,2.0,1.0,,False,sizing_3state_only
2024-11-12 00:00:00,2024-11-12 16:10:00+00:00,short,,-40.0,,2.0,0.5,,False,sizing_3state_only
2024-11-13 00:00:00,2024-11-13 15:01:00+00:00,short,,-456.0,,3.0,0.75,,False,sizing_3state_only
2024-11-14 00:00:00,2024-11-14 15:20:00+00:00,short,,124.0,,2.0,1.0,,False,sizing_3state_only
2024-11-15 00:00:00,2024-11-15 15:02:00+00:00,short,,798.0,,2.0,0.75,,False,sizing_3state_only
2024-11-18 00:00:00,2024-11-18 15:05:00+00:00,long,,283.5,,3.0,0.75,,False,sizing_3state_only
2024-11-18,2024-11-18 15:28:00+00:00,long,-11.5,,1.0,,,,False,retained_only
2024-11-19 00:00:00,2024-11-19 15:30:00+00:00,long,,377.0,,1.0,0.5,,False,sizing_3state_only
2024-11-20 00:00:00,2024-11-20 15:03:00+00:00,short,,-292.5,,1.0,0.75,,False,sizing_3state_only
2024-11-26,2024-11-26 14:46:00+00:00,long,-139.0,,1.0,,,,False,retained_only
2024-11-26 00:00:00,2024-11-26 16:50:00+00:00,short,,-146.5,,1.0,0.5,,False,sizing_3state_only
2024-11-27 00:00:00,2024-11-27 15:02:00+00:00,short,,27.0,,3.0,1.0,,False,sizing_3state_only
2024-11-29 00:00:00,2024-11-29 15:01:00+00:00,long,,394.5,,3.0,1.0,,False,sizing_3state_only
2024-12-02,2024-12-02 14:50:00+00:00,long,144.5,,1.0,,,,False,retained_only
2024-12-02 00:00:00,2024-12-02 15:01:00+00:00,long,,89.0,,1.0,0.75,,False,sizing_3state_only
2024-12-03 00:00:00,2024-12-03 15:02:00+00:00,long,,222.0,,2.0,0.5,,False,sizing_3state_only
2024-12-04 00:00:00,2024-12-04 15:11:00+00:00,long,,785.0,,5.0,1.0,,False,sizing_3state_only
2024-12-06,2024-12-06 14:46:00+00:00,long,167.5,,1.0,,,,False,retained_only
2024-12-06 00:00:00,2024-12-06 15:02:00+00:00,long,,139.0,,2.0,1.0,,False,sizing_3state_only
2024-12-09 00:00:00,2024-12-09 15:27:00+00:00,short,,387.0,,2.0,0.5,,False,sizing_3state_only
2024-12-10 00:00:00,2024-12-10 15:09:00+00:00,long,,-378.0,,2.0,0.75,,False,sizing_3state_only
2024-12-11,2024-12-11 14:46:00+00:00,long,324.0,,1.0,,,,False,retained_only
2024-12-11 00:00:00,2024-12-11 15:01:00+00:00,long,,319.0,,2.0,1.0,,False,sizing_3state_only
2024-12-12 00:00:00,2024-12-12 15:10:00+00:00,short,,-289.5,,3.0,0.5,,False,sizing_3state_only
2024-12-13,2024-12-13 14:46:00+00:00,long,-228.0,,1.0,,,,False,retained_only
2024-12-13 00:00:00,2024-12-13 15:41:00+00:00,short,,-66.5,,1.0,0.75,,False,sizing_3state_only
2024-12-16,2024-12-16 14:54:00+00:00,long,248.0,,1.0,,,,False,retained_only
2024-12-16 00:00:00,2024-12-16 15:01:00+00:00,long,,530.0,,2.0,0.5,,False,sizing_3state_only
2024-12-17 00:00:00,2024-12-17 15:04:00+00:00,short,,-562.5,,3.0,0.75,,False,sizing_3state_only
2024-12-18 00:00:00,2024-12-18 15:06:00+00:00,long,,-193.0,,1.0,0.5,,False,sizing_3state_only
2024-12-23,2024-12-23 17:02:00+00:00,long,95.5,,1.0,,,,False,retained_only
2024-12-24,2024-12-24 14:47:00+00:00,long,309.0,,1.0,,,,False,retained_only
2024-12-24 00:00:00,2024-12-24 15:02:00+00:00,long,,258.0,,1.0,0.5,,False,sizing_3state_only
2024-12-26 00:00:00,2024-12-26 15:39:00+00:00,long,,-12.0,,1.0,0.5,,False,sizing_3state_only
2024-12-31 00:00:00,2024-12-31 15:09:00+00:00,short,,515.0,,2.0,1.0,,False,sizing_3state_only
2025-01-06 00:00:00,2025-01-06 15:15:00+00:00,long,,-262.0,,1.0,0.5,,False,sizing_3state_only
2025-01-14 00:00:00,2025-01-14 15:40:00+00:00,short,,12.0,,1.0,0.5,,False,sizing_3state_only
2025-01-15 00:00:00,2025-01-15 15:01:00+00:00,long,,168.0,,2.0,1.0,,False,sizing_3state_only
2025-01-16 00:00:00,2025-01-16 15:01:00+00:00,short,,216.5,,1.0,0.75,,False,sizing_3state_only
2025-01-20 00:00:00,2025-01-20 17:26:00+00:00,short,,1022.0,,2.0,0.75,,False,sizing_3state_only
2025-01-22,2025-01-22 14:50:00+00:00,long,23.0,,1.0,,,,False,retained_only
2025-01-22 00:00:00,2025-01-22 15:13:00+00:00,long,,-67.0,,1.0,0.5,,False,sizing_3state_only
2025-01-23 00:00:00,2025-01-23 15:35:00+00:00,long,,1314.0,,6.0,1.0,,False,sizing_3state_only
2025-01-24 00:00:00,2025-01-24 15:21:00+00:00,short,,682.0,,4.0,1.0,,False,sizing_3state_only
2025-01-29 00:00:00,2025-01-29 15:29:00+00:00,short,,-232.5,,1.0,0.5,,False,sizing_3state_only
2025-01-31,2025-01-31 14:53:00+00:00,long,-156.0,,1.0,,,,False,retained_only
2025-01-31 00:00:00,2025-01-31 15:01:00+00:00,long,,-239.5,,1.0,0.5,,False,sizing_3state_only
2025-02-04 00:00:00,2025-02-04 15:01:00+00:00,long,,346.0,,2.0,1.0,,False,sizing_3state_only
2025-02-05 00:00:00,2025-02-05 15:05:00+00:00,short,,-459.0,,3.0,0.75,,False,sizing_3state_only
2025-02-06 00:00:00,2025-02-06 15:12:00+00:00,long,,-744.0,,4.0,1.0,,False,sizing_3state_only
2025-02-07 00:00:00,2025-02-07 15:01:00+00:00,short,,1024.0,,2.0,0.75,,False,sizing_3state_only
2025-02-10 00:00:00,2025-02-10 15:02:00+00:00,long,,106.5,,3.0,0.75,,False,sizing_3state_only
2025-02-10,2025-02-10 15:24:00+00:00,long,-65.0,,1.0,,,,False,retained_only
2025-02-11 00:00:00,2025-02-11 15:02:00+00:00,long,,-121.0,,2.0,0.75,,False,sizing_3state_only
2025-02-12 00:00:00,2025-02-12 15:23:00+00:00,long,,212.5,,1.0,0.75,,False,sizing_3state_only
2025-02-13 00:00:00,2025-02-13 15:17:00+00:00,long,,279.5,,1.0,0.5,,False,sizing_3state_only
2025-02-14 00:00:00,2025-02-14 15:10:00+00:00,long,,237.0,,3.0,0.5,,False,sizing_3state_only
2025-02-18 00:00:00,2025-02-18 15:02:00+00:00,short,,-456.0,,2.0,0.75,,False,sizing_3state_only
2025-02-19 00:00:00,2025-02-19 15:03:00+00:00,short,,-291.0,,2.0,0.5,,False,sizing_3state_only
2025-02-20 00:00:00,2025-02-20 15:01:00+00:00,short,,-315.5,,1.0,0.75,,False,sizing_3state_only
2025-02-21 00:00:00,2025-02-21 15:08:00+00:00,short,,510.0,,1.0,0.5,,False,sizing_3state_only
2025-03-13 00:00:00,2025-03-13 15:36:00+00:00,short,,134.0,,1.0,1.0,,False,sizing_3state_only
2025-03-14 00:00:00,2025-03-14 15:01:00+00:00,long,,105.5,,1.0,0.5,,False,sizing_3state_only
2025-03-17 00:00:00,2025-03-17 14:59:00+00:00,short,,-340.5,,1.0,0.5,,False,sizing_3state_only
2025-03-19 00:00:00,2025-03-19 14:02:00+00:00,long,,234.0,,1.0,0.5,,False,sizing_3state_only
2025-03-20 00:00:00,2025-03-20 14:01:00+00:00,long,,-153.0,,1.0,1.0,,False,sizing_3state_only
2025-03-24 00:00:00,2025-03-24 14:24:00+00:00,long,,54.0,,1.0,0.5,,False,sizing_3state_only
2025-03-25 00:00:00,2025-03-25 14:16:00+00:00,long,,640.0,,5.0,1.0,,False,sizing_3state_only
2025-03-26 00:00:00,2025-03-26 14:13:00+00:00,short,,371.0,,1.0,0.75,,False,sizing_3state_only
2025-04-16 00:00:00,2025-04-16 15:25:00+00:00,long,,-368.5,,1.0,0.75,,False,sizing_3state_only
2025-04-22 00:00:00,2025-04-22 14:01:00+00:00,long,,1286.0,,2.0,1.0,,False,sizing_3state_only
2025-04-24,2025-04-24 13:46:00+00:00,long,474.0,,1.0,,,,False,retained_only
2025-05-01 00:00:00,2025-05-01 14:29:00+00:00,long,,-294.5,,1.0,0.5,,False,sizing_3state_only
2025-05-05 00:00:00,2025-05-05 14:01:00+00:00,long,,-441.0,,2.0,0.75,,False,sizing_3state_only
2025-05-06 00:00:00,2025-05-06 14:20:00+00:00,long,,484.0,,1.0,0.5,,False,sizing_3state_only
2025-05-07 00:00:00,2025-05-07 14:32:00+00:00,long,,-711.0,,3.0,1.0,,False,sizing_3state_only
2025-05-08 00:00:00,2025-05-08 14:12:00+00:00,short,,-531.0,,2.0,0.75,,False,sizing_3state_only
2025-05-09 00:00:00,2025-05-09 14:21:00+00:00,short,,448.0,,4.0,1.0,,False,sizing_3state_only
2025-05-12 00:00:00,2025-05-12 14:29:00+00:00,short,,-370.0,,1.0,0.5,,False,sizing_3state_only
2025-05-13,2025-05-13 13:51:00+00:00,long,454.0,,1.0,,,,False,retained_only
2025-05-13 00:00:00,2025-05-13 14:03:00+00:00,long,,437.0,,2.0,1.0,,False,sizing_3state_only
2025-05-14 00:00:00,2025-05-14 16:33:00+00:00,long,,-117.0,,2.0,1.0,,False,sizing_3state_only
2025-05-15 00:00:00,2025-05-15 15:04:00+00:00,long,,465.0,,3.0,1.0,,False,sizing_3state_only
2025-05-16 00:00:00,2025-05-16 14:36:00+00:00,short,,-348.0,,2.0,0.5,,False,sizing_3state_only
2025-05-19 00:00:00,2025-05-19 14:02:00+00:00,long,,226.5,,1.0,1.0,,False,sizing_3state_only
2025-05-20 00:00:00,2025-05-20 14:41:00+00:00,long,,-359.0,,2.0,0.5,,False,sizing_3state_only
2025-05-21 00:00:00,2025-05-21 14:10:00+00:00,long,,-547.0,,2.0,1.0,,False,sizing_3state_only
2025-05-27 00:00:00,2025-05-27 14:01:00+00:00,long,,257.0,,1.0,0.5,,False,sizing_3state_only
2025-05-28 00:00:00,2025-05-28 14:22:00+00:00,short,,-240.5,,1.0,0.5,,False,sizing_3state_only
2025-05-30 00:00:00,2025-05-30 14:38:00+00:00,long,,-326.5,,1.0,0.5,,False,sizing_3state_only
2025-06-03 00:00:00,2025-06-03 14:01:00+00:00,long,,439.5,,3.0,1.0,,False,sizing_3state_only
2025-06-03,2025-06-03 14:03:00+00:00,long,107.5,,1.0,,,,False,retained_only
2025-06-04 00:00:00,2025-06-04 14:04:00+00:00,short,,-559.5,,3.0,0.75,,False,sizing_3state_only
2025-06-06,2025-06-06 13:47:00+00:00,long,-184.5,,1.0,,,,False,retained_only
2025-06-06 00:00:00,2025-06-06 16:54:00+00:00,short,,-457.0,,2.0,0.75,,False,sizing_3state_only
2025-06-09 00:00:00,2025-06-09 14:10:00+00:00,long,,1440.0,,5.0,1.0,,False,sizing_3state_only
2025-06-10 00:00:00,2025-06-10 15:33:00+00:00,short,,-394.0,,2.0,0.75,,False,sizing_3state_only
2025-06-11 00:00:00,2025-06-11 14:24:00+00:00,long,,-226.0,,1.0,0.5,,False,sizing_3state_only
2025-06-12 00:00:00,2025-06-12 14:08:00+00:00,long,,-478.5,,3.0,0.75,,False,sizing_3state_only
2025-06-13 00:00:00,2025-06-13 14:28:00+00:00,short,,-295.5,,1.0,0.5,,False,sizing_3state_only
2025-06-16,2025-06-16 13:46:00+00:00,long,-177.0,,1.0,,,,False,retained_only
2025-06-16 00:00:00,2025-06-16 14:02:00+00:00,long,,-320.0,,1.0,0.75,,False,sizing_3state_only
2025-06-17 00:00:00,2025-06-17 14:12:00+00:00,long,,-356.0,,2.0,0.5,,False,sizing_3state_only
2025-06-18 00:00:00,2025-06-18 14:09:00+00:00,long,,-445.0,,2.0,0.75,,False,sizing_3state_only
2025-06-19 00:00:00,2025-06-19 22:01:00+00:00,long,,16.0,,1.0,0.75,,False,sizing_3state_only
2025-06-23 00:00:00,2025-06-23 14:01:00+00:00,long,,-350.0,,1.0,0.5,,False,sizing_3state_only
2025-06-24 00:00:00,2025-06-24 14:43:00+00:00,long,,237.0,,2.0,0.5,,False,sizing_3state_only
2025-06-25 00:00:00,2025-06-25 14:15:00+00:00,short,,146.0,,4.0,1.0,,False,sizing_3state_only
2025-06-26 00:00:00,2025-06-26 14:22:00+00:00,long,,160.0,,1.0,0.5,,False,sizing_3state_only
2025-06-27,2025-06-27 13:57:00+00:00,long,-172.0,,1.0,,,,False,retained_only
2025-06-27 00:00:00,2025-06-27 14:01:00+00:00,long,,-652.5,,3.0,1.0,,False,sizing_3state_only
2025-07-01 00:00:00,2025-07-01 14:16:00+00:00,long,,-665.0,,5.0,1.0,,False,sizing_3state_only
2025-07-02,2025-07-02 14:04:00+00:00,long,202.0,808.0,1.0,4.0,1.0,4.0,True,matched_on_entry_time_and_direction
2025-07-03,2025-07-03 13:52:00+00:00,long,84.0,,1.0,,,,False,retained_only
2025-07-03 00:00:00,2025-07-03 14:01:00+00:00,long,,84.0,,3.0,0.75,,False,sizing_3state_only
2025-07-07 00:00:00,2025-07-07 14:57:00+00:00,short,,109.0,,2.0,0.5,,False,sizing_3state_only
2025-07-08 00:00:00,2025-07-08 14:06:00+00:00,short,,-562.0,,4.0,0.75,,False,sizing_3state_only
2025-07-09,2025-07-09 13:46:00+00:00,long,-197.5,,1.0,,,,False,retained_only
2025-07-09 00:00:00,2025-07-09 14:01:00+00:00,long,,-511.0,,2.0,0.75,,False,sizing_3state_only
2025-07-10 00:00:00,2025-07-10 14:01:00+00:00,short,,-170.0,,1.0,0.75,,False,sizing_3state_only
2025-07-11 00:00:00,2025-07-11 14:08:00+00:00,long,,-41.5,,1.0,0.5,,False,sizing_3state_only
2025-07-14 00:00:00,2025-07-14 14:22:00+00:00,long,,84.0,,1.0,0.5,,False,sizing_3state_only
2025-07-15 00:00:00,2025-07-15 14:53:00+00:00,short,,259.0,,2.0,0.75,,False,sizing_3state_only
2025-07-16 00:00:00,2025-07-16 14:07:00+00:00,short,,-560.0,,2.0,0.75,,False,sizing_3state_only
2025-07-17,2025-07-17 13:53:00+00:00,long,196.0,,1.0,,,,False,retained_only
2025-07-17 00:00:00,2025-07-17 14:01:00+00:00,long,,179.5,,1.0,0.5,,False,sizing_3state_only
2025-07-18 00:00:00,2025-07-18 14:05:00+00:00,short,,197.5,,5.0,1.0,,False,sizing_3state_only
2025-07-21,2025-07-21 13:46:00+00:00,long,-50.0,,1.0,,,,False,retained_only
2025-07-21 00:00:00,2025-07-21 14:01:00+00:00,long,,-114.0,,1.0,0.75,,False,sizing_3state_only
2025-07-23 00:00:00,2025-07-23 14:13:00+00:00,short,,-231.0,,1.0,0.5,,False,sizing_3state_only
2025-07-24 00:00:00,2025-07-24 14:10:00+00:00,short,,-737.5,,5.0,1.0,,False,sizing_3state_only
2025-07-25 00:00:00,2025-07-25 14:12:00+00:00,long,,76.0,,4.0,1.0,,False,sizing_3state_only
2025-07-29 00:00:00,2025-07-29 14:07:00+00:00,short,,564.0,,3.0,1.0,,False,sizing_3state_only
2025-07-31 00:00:00,2025-07-31 14:43:00+00:00,short,,585.0,,1.0,0.5,,False,sizing_3state_only
2025-08-04 00:00:00,2025-08-04 14:18:00+00:00,long,,143.0,,2.0,1.0,,False,sizing_3state_only
2025-08-05 00:00:00,2025-08-05 14:18:00+00:00,short,,1203.0,,3.0,1.0,,False,sizing_3state_only
2025-08-06,2025-08-06 13:49:00+00:00,long,347.0,,1.0,,,,False,retained_only
2025-08-07 00:00:00,2025-08-07 14:25:00+00:00,short,,1140.0,,3.0,1.0,,False,sizing_3state_only
2025-08-08,2025-08-08 13:46:00+00:00,long,187.0,,1.0,,,,False,retained_only
2025-08-08 00:00:00,2025-08-08 14:02:00+00:00,long,,284.0,,2.0,0.75,,False,sizing_3state_only
2025-08-11 00:00:00,2025-08-11 14:11:00+00:00,long,,-287.0,,2.0,0.5,,False,sizing_3state_only
2025-08-12,2025-08-12 15:11:00+00:00,long,204.0,,1.0,,,,False,retained_only
2025-08-13 00:00:00,2025-08-13 14:02:00+00:00,short,,303.0,,3.0,0.75,,False,sizing_3state_only
2025-08-14 00:00:00,2025-08-14 14:31:00+00:00,long,,-92.0,,1.0,0.5,,False,sizing_3state_only
2025-08-15 00:00:00,2025-08-15 15:41:00+00:00,short,,-71.5,,1.0,0.5,,False,sizing_3state_only
2025-08-18 00:00:00,2025-08-18 14:26:00+00:00,long,,-346.0,,2.0,0.5,,False,sizing_3state_only
2025-08-19 00:00:00,2025-08-19 14:29:00+00:00,short,,548.0,,1.0,0.5,,False,sizing_3state_only
2025-08-25 00:00:00,2025-08-25 14:03:00+00:00,long,,-337.0,,2.0,0.5,,False,sizing_3state_only
2025-08-26 00:00:00,2025-08-26 14:11:00+00:00,long,,136.5,,1.0,0.5,,False,sizing_3state_only
2025-08-27 00:00:00,2025-08-27 14:15:00+00:00,long,,-321.0,,2.0,0.5,,False,sizing_3state_only
2025-08-28 00:00:00,2025-08-28 15:17:00+00:00,long,,9.5,,1.0,0.5,,False,sizing_3state_only
2025-08-28,2025-08-28 15:18:00+00:00,long,5.5,,1.0,,,,False,retained_only
2025-08-29 00:00:00,2025-08-29 14:04:00+00:00,short,,60.0,,1.0,0.75,,False,sizing_3state_only
2025-09-03 00:00:00,2025-09-03 14:08:00+00:00,long,,-546.0,,3.0,0.75,,False,sizing_3state_only
2025-09-04 00:00:00,2025-09-04 14:03:00+00:00,short,,-379.0,,2.0,0.75,,False,sizing_3state_only
2025-09-08,2025-09-08 13:50:00+00:00,long,-160.5,,1.0,,,,False,retained_only
2025-09-08 00:00:00,2025-09-08 14:42:00+00:00,long,,-219.5,,1.0,0.5,,False,sizing_3state_only
2025-09-09 00:00:00,2025-09-09 14:01:00+00:00,short,,-442.5,,3.0,0.75,,False,sizing_3state_only
2025-09-11 00:00:00,2025-09-11 14:08:00+00:00,long,,52.0,,4.0,1.0,,False,sizing_3state_only
2025-09-12 00:00:00,2025-09-12 14:22:00+00:00,long,,282.5,,5.0,1.0,,False,sizing_3state_only
2025-09-15,2025-09-15 13:50:00+00:00,long,454.0,,2.0,,,,False,retained_only
2025-09-17 00:00:00,2025-09-17 14:02:00+00:00,short,,981.0,,3.0,0.75,,False,sizing_3state_only
2025-09-18 00:00:00,2025-09-18 14:03:00+00:00,long,,-64.0,,2.0,0.75,,False,sizing_3state_only
2025-09-22,2025-09-22 13:53:00+00:00,long,422.0,,2.0,,,,False,retained_only
2025-09-22 00:00:00,2025-09-22 14:04:00+00:00,long,,1370.0,,5.0,1.0,,False,sizing_3state_only
2025-09-24 00:00:00,2025-09-24 15:11:00+00:00,short,,70.0,,1.0,0.5,,False,sizing_3state_only
2025-09-25 00:00:00,2025-09-25 14:16:00+00:00,long,,68.0,,1.0,0.5,,False,sizing_3state_only
2025-09-26 00:00:00,2025-09-26 14:01:00+00:00,long,,-255.5,,1.0,0.5,,False,sizing_3state_only
2025-09-29,2025-09-29 13:46:00+00:00,long,-166.0,,1.0,,,,False,retained_only
2025-09-29 00:00:00,2025-09-29 14:08:00+00:00,long,,-439.0,,2.0,0.75,,False,sizing_3state_only
2025-09-30 00:00:00,2025-09-30 14:49:00+00:00,long,,285.0,,3.0,1.0,,False,sizing_3state_only
2025-10-01 00:00:00,2025-10-01 14:19:00+00:00,long,,302.5,,1.0,0.5,,False,sizing_3state_only
2025-10-02 00:00:00,2025-10-02 15:03:00+00:00,short,,-322.0,,1.0,0.5,,False,sizing_3state_only
2025-10-03 00:00:00,2025-10-03 14:01:00+00:00,short,,490.5,,3.0,0.75,,False,sizing_3state_only
2025-10-07 00:00:00,2025-10-07 14:36:00+00:00,short,,1230.0,,5.0,1.0,,False,sizing_3state_only
2025-10-08,2025-10-08 13:49:00+00:00,long,333.0,,1.0,,,,False,retained_only
2025-10-08 00:00:00,2025-10-08 14:01:00+00:00,long,,532.0,,2.0,0.75,,False,sizing_3state_only
2025-10-09 00:00:00,2025-10-09 14:31:00+00:00,short,,-372.0,,2.0,0.5,,False,sizing_3state_only
2025-10-10,2025-10-10 13:46:00+00:00,long,-186.0,,1.0,,,,False,retained_only
2025-10-10 00:00:00,2025-10-10 14:58:00+00:00,short,,990.0,,2.0,0.75,,False,sizing_3state_only
2025-10-20,2025-10-20 13:54:00+00:00,long,140.0,,1.0,,,,False,retained_only
2025-10-20 00:00:00,2025-10-20 14:07:00+00:00,long,,115.0,,1.0,0.5,,False,sizing_3state_only
2025-10-21 00:00:00,2025-10-21 14:29:00+00:00,short,,-588.0,,3.0,1.0,,False,sizing_3state_only
2025-10-22 00:00:00,2025-10-22 14:28:00+00:00,short,,1108.0,,2.0,1.0,,False,sizing_3state_only
2025-10-23,2025-10-23 13:46:00+00:00,long,264.5,,1.0,,,,False,retained_only
2025-10-23 00:00:00,2025-10-23 14:38:00+00:00,long,,133.0,,1.0,0.5,,False,sizing_3state_only
2025-10-27 00:00:00,2025-10-27 14:04:00+00:00,long,,596.0,,2.0,0.5,,False,sizing_3state_only
2025-10-28 00:00:00,2025-10-28 14:41:00+00:00,short,,-290.0,,2.0,0.5,,False,sizing_3state_only
2025-10-29 00:00:00,2025-10-29 14:51:00+00:00,short,,1330.0,,5.0,1.0,,False,sizing_3state_only
2025-10-31 00:00:00,2025-10-31 14:05:00+00:00,short,,313.0,,2.0,1.0,,False,sizing_3state_only
2025-11-03 00:00:00,2025-11-03 15:01:00+00:00,short,,20.5,,1.0,0.75,,False,sizing_3state_only
2025-11-10,2025-11-10 14:47:00+00:00,long,-239.0,,1.0,,,,False,retained_only
2025-11-10 00:00:00,2025-11-10 15:26:00+00:00,long,,-278.0,,1.0,0.5,,False,sizing_3state_only
2025-11-11 00:00:00,2025-11-11 15:07:00+00:00,short,,-402.0,,2.0,0.75,,False,sizing_3state_only
2025-11-28 00:00:00,2025-11-28 16:07:00+00:00,long,,346.5,,3.0,1.0,,False,sizing_3state_only
2025-12-01 00:00:00,2025-12-01 15:14:00+00:00,long,,51.0,,1.0,0.5,,False,sizing_3state_only
2025-12-02 00:00:00,2025-12-02 15:01:00+00:00,long,,-299.0,,1.0,0.75,,False,sizing_3state_only
2025-12-05 00:00:00,2025-12-05 15:03:00+00:00,long,,-306.5,,1.0,0.5,,False,sizing_3state_only
2025-12-08 00:00:00,2025-12-08 15:23:00+00:00,short,,102.5,,1.0,0.5,,False,sizing_3state_only
2025-12-09 00:00:00,2025-12-09 15:03:00+00:00,long,,153.0,,3.0,1.0,,False,sizing_3state_only
2025-12-10 00:00:00,2025-12-10 15:56:00+00:00,short,,-488.0,,2.0,0.75,,False,sizing_3state_only
2025-12-11 00:00:00,2025-12-11 18:37:00+00:00,long,,119.5,,1.0,0.75,,False,sizing_3state_only
2025-12-17 00:00:00,2025-12-17 15:36:00+00:00,short,,599.0,,1.0,1.0,,False,sizing_3state_only
2025-12-18 00:00:00,2025-12-18 15:29:00+00:00,long,,-181.5,,1.0,0.5,,False,sizing_3state_only
2025-12-22 00:00:00,2025-12-22 15:36:00+00:00,short,,-90.5,,1.0,0.5,,False,sizing_3state_only
2025-12-23 00:00:00,2025-12-23 15:04:00+00:00,short,,-231.5,,1.0,0.5,,False,sizing_3state_only
2025-12-26 00:00:00,2025-12-26 15:02:00+00:00,short,,-176.0,,4.0,1.0,,False,sizing_3state_only
2025-12-31 00:00:00,2025-12-31 15:19:00+00:00,short,,603.0,,3.0,1.0,,False,sizing_3state_only
2026-01-05 00:00:00,2026-01-05 15:29:00+00:00,long,,-204.0,,1.0,0.5,,False,sizing_3state_only
2026-01-06,2026-01-06 14:47:00+00:00,long,251.0,,1.0,,,,False,retained_only
2026-01-06 00:00:00,2026-01-06 15:01:00+00:00,long,,232.0,,2.0,1.0,,False,sizing_3state_only
2026-01-07 00:00:00,2026-01-07 15:33:00+00:00,long,,-231.5,,1.0,0.5,,False,sizing_3state_only
2026-01-15 00:00:00,2026-01-15 15:53:00+00:00,short,,182.5,,1.0,0.5,,False,sizing_3state_only
2026-01-16 00:00:00,2026-01-16 15:02:00+00:00,short,,42.0,,1.0,0.5,,False,sizing_3state_only
2026-01-19 00:00:00,2026-01-19 16:07:00+00:00,long,,292.5,,3.0,1.0,,False,sizing_3state_only
2026-01-26 00:00:00,2026-01-26 15:18:00+00:00,long,,-29.5,,1.0,0.5,,False,sizing_3state_only
2026-01-27 00:00:00,2026-01-27 15:10:00+00:00,long,,15.0,,2.0,1.0,,False,sizing_3state_only
2026-01-28 00:00:00,2026-01-28 15:33:00+00:00,short,,374.0,,1.0,0.5,,False,sizing_3state_only
2026-02-16 00:00:00,2026-02-16 15:34:00+00:00,short,,-198.0,,1.0,0.5,,False,sizing_3state_only
2026-03-16 00:00:00,2026-03-16 14:09:00+00:00,long,,-505.0,,2.0,1.0,,False,sizing_3state_only
2026-03-17,2026-03-17 13:46:00+00:00,long,-247.5,,1.0,,,,False,retained_only
