scope,net_pnl,sharpe,sortino,profit_factor,expectancy,max_drawdown,n_trades,n_days_traded,pct_days_traded,hit_rate,avg_win,avg_loss,stop_hit_rate,target_hit_rate,exposure_time_pct
overall,4287.839999999993,0.33762429939844707,0.31379294381176304,1.06384198994332,5.649328063241097,-5478.899999999997,759,759,0.6776785714285715,0.48221343873517786,195.22174863387974,-170.89903307888042,0.3820816864295125,0.13043478260869565,0.45593406593406594
is,-2153.0000000000045,-0.2587639108585154,-0.2349458629340316,0.9533294748319495,-4.10095238095239,-5478.899999999997,525,525,0.6670902160101652,0.45714285714285713,183.2454166666667,-161.86631578947367,0.3980952380952381,0.11047619047619048,0.4420291271625452
oos,6440.839999999998,1.4969616367026612,1.4264074233090405,1.3062484606365137,27.52495726495726,-3237.219999999994,234,234,0.7027027027027027,0.5384615384615384,218.03380952380948,-194.73537037037042,0.34615384615384615,0.1752136752136752,0.4887964887964888
