scope,net_pnl,sharpe,sortino,profit_factor,expectancy,max_drawdown,n_trades,n_days_traded,pct_days_traded,hit_rate,avg_win,avg_loss,stop_hit_rate,target_hit_rate,exposure_time_pct
overall,10665.039999999997,1.042245016075892,0.7138122949008163,1.3082119611801764,28.139947229551442,-2120.9999999999964,379,379,0.33839285714285716,0.5224274406332454,228.6261616161616,-191.1764640883979,0.3720316622691293,0.158311345646438,0.23395604395604397
is,4238.779999999999,0.63234494195396,0.4152483994820817,1.1812897861704506,16.754071146245053,-2120.9999999999964,253,253,0.32147395171537485,0.5019762845849802,217.48047244094482,-185.56539682539687,0.3952569169960474,0.13438735177865613,0.22734173915876585
oos,6426.26,1.85049589520095,1.3637722248001785,1.5726636784087964,51.00206349206349,-1369.6799999999985,126,126,0.3783783783783784,0.5634920634920635,248.5628169014083,-204.03090909090906,0.3253968253968254,0.20634920634920634,0.2495880495880496
