scope,net_pnl,sharpe,sortino,profit_factor,expectancy,max_drawdown,n_trades,n_days_traded,pct_days_traded,hit_rate,avg_win,avg_loss,stop_hit_rate,target_hit_rate,exposure_time_pct
overall,706.5499999999989,0.14145393926413996,0.03757865403928059,1.0785018921339227,5.434999999999992,-2221.040000000001,130,130,0.07441327990841443,0.5538461538461539,134.81902777777776,-155.1796551724138,0.35384615384615387,0.16923076923076924,0.043667532620022605
is,907.1099999999992,0.2670608122853711,0.07130456607163034,1.1603767246805232,10.54779069767441,-1965.0800000000002,86,86,0.07037643207855974,0.5581395348837209,136.73395833333333,-148.84526315789472,0.36046511627906974,0.18604651162790697,0.04108649125015737
oos,-200.5600000000004,-0.12584286571538347,-0.03350718270093197,0.9400293035911852,-4.558181818181827,-1169.7900000000002,44,44,0.0838095238095238,0.5454545454545454,130.98916666666665,-167.21499999999997,0.3409090909090909,0.13636363636363635,0.04967521367521367
