scope,net_pnl,sharpe,sortino,profit_factor,expectancy,max_drawdown,n_trades,n_days_traded,pct_days_traded,hit_rate,avg_win,avg_loss,stop_hit_rate,target_hit_rate,exposure_time_pct
overall,16123.939999999993,1.232290603119618,1.1977147126167402,1.2605085979143724,21.671962365591387,-2605.1000000000076,744,744,0.6642857142857143,0.5067204301075269,206.94435013262606,-168.6487193460491,0.3588709677419355,0.14112903225806453,0.4658379120879121
is,9781.239999999996,1.0991900083932498,1.0817384387800746,1.2308496929474684,18.666488549618315,-2252.53999999999,524,524,0.6658195679796697,0.49427480916030536,201.3584555984556,-159.88905660377358,0.366412213740458,0.12595419847328243,0.47389307008112597
oos,6342.699999999998,1.521238541908162,1.432164939976415,1.3248754832642533,28.830454545454536,-2605.0999999999913,220,220,0.6606606606606606,0.5363636363636364,219.20491525423725,-191.40666666666678,0.3409090909090909,0.17727272727272728,0.4468006468006468
