scope,net_pnl,sharpe,sortino,profit_factor,expectancy,max_drawdown,n_trades,n_days_traded,pct_days_traded,hit_rate,avg_win,avg_loss,stop_hit_rate,target_hit_rate,exposure_time_pct
overall,11776.699999999993,0.9477391722794879,0.9017448893461082,1.1937856682822188,15.807651006711401,-3507.7199999999993,745,745,0.6651785714285714,0.5006711409395973,194.49994638069705,-163.36500000000004,0.3530201342281879,0.1261744966442953,0.4615407509157509
is,6338.239999999996,0.7435697650797886,0.7162590697910342,1.1492411077989537,12.095877862595412,-3507.7199999999993,524,524,0.6658195679796697,0.4847328244274809,192.15763779527563,-157.29555555555558,0.3683206106870229,0.11450381679389313,0.4580751311373929
oos,5438.459999999998,1.3975409931871934,1.2862180480824916,1.2971514557441315,24.608416289592753,-1890.6399999999921,221,221,0.6636636636636637,0.5384615384615384,199.49949579831926,-179.43117647058833,0.3167420814479638,0.15384615384615385,0.4697312697312697
