scope,net_pnl,sharpe,sortino,profit_factor,expectancy,max_drawdown,n_trades,n_days_traded,pct_days_traded,hit_rate,avg_win,avg_loss,stop_hit_rate,target_hit_rate,exposure_time_pct
overall,801.9399999999998,0.45424538391535757,0.04097499277210882,1.982528791962754,42.20736842105262,-515.22,19,19,0.010875787063537493,0.7368421052631579,115.58142857142856,-163.24,0.15789473684210525,0.3684210526315789,0.006541617131199272
is,495.1299999999999,0.3914814236789574,0.035987606203398914,1.7712785843354724,38.08692307692307,-515.22,13,13,0.010638297872340425,0.6923076923076923,126.34333333333332,-160.49,0.23076923076923078,0.38461538461538464,0.005688446850476311
oos,306.80999999999995,0.6143893686758116,0.05324301192101056,2.7608471074380163,51.13499999999999,-174.24,6,6,0.011428571428571429,0.8333333333333334,96.21,-174.24,0.0,0.3333333333333333,0.008527472527472527
