scope,net_pnl,sharpe,sortino,profit_factor,expectancy,max_drawdown,n_trades,n_days_traded,pct_days_traded,hit_rate,avg_win,avg_loss,stop_hit_rate,target_hit_rate,exposure_time_pct
overall,-185.07000000000016,-0.09132911726723641,-0.00846468295394229,0.8785757400797816,-10.281666666666675,-454.71999999999997,18,18,0.01030337721808815,0.5,148.78777777777776,-169.35111111111112,0.3888888888888889,0.1111111111111111,0.005860596186869799
is,-43.13000000000011,-0.031264551794963576,-0.002869407559146227,0.9531419755768978,-3.5941666666666756,-454.71999999999997,12,12,0.009819967266775777,0.5,146.21833333333333,-153.40666666666667,0.3333333333333333,0.08333333333333333,0.005713626253724453
oos,-141.94000000000005,-0.21997134308667546,-0.02090347319279368,0.7648910090770555,-23.656666666666677,-287.72,6,6,0.011428571428571429,0.5,153.92666666666665,-201.24,0.5,0.16666666666666666,0.006202686202686203
