{
  "baseline_oos_max_drawdown": -14044.499999998035,
  "baseline_oos_net_pnl": -8157.499999997781,
  "baseline_oos_profit_factor": 0.9091789644787822,
  "baseline_oos_sharpe": -0.46248920960504275,
  "baseline_oos_trade_count": 257,
  "baseline_variant": "baseline",
  "best_ex_post_oos_variant": {
    "context_key": "opening_gap",
    "description": "Downsize only when downside semivariance is elevated and a context regime confirms it.",
    "down_multiplier": 0.75,
    "downscaled_losers": 12,
    "downscaled_trades": 21,
    "downscaled_winners": 9,
    "downsizing_loss_saved_usd": 2246.499999999966,
    "downsizing_profit_given_up_usd": 2219.000000000003,
    "family": "conditional_downsize_with_context",
    "feature_key": "rs_minus_share_pct",
    "high_threshold": 0.85,
    "horizon": "30m",
    "is_average_trade": 14.334538878849942,
    "is_longest_losing_streak_daily": 4,
    "is_longest_losing_streak_trade": 7,
    "is_max_drawdown": -19428.99999999889,
    "is_max_drawdown_improvement_vs_baseline": -0.01277105921601101,
    "is_n_days_traded": 553,
    "is_net_pnl": 7927.000000004018,
    "is_participation_rate": 0.4525368248772504,
    "is_profit_factor": 1.0453714223571973,
    "is_profit_factor_delta_vs_baseline": -0.0025552171747666996,
    "is_reference_variant": false,
    "is_screen_score": 0.08170406532799873,
    "is_sharpe": 0.20763243759203748,
    "is_sharpe_delta_vs_baseline": -0.011399361629042426,
    "is_sortino": 0.15821847191863972,
    "is_trade_count": 553,
    "is_trade_retention_vs_baseline": 1.0,
    "is_trades_per_month": 9.503273322422258,
    "is_win_rate": 0.4864376130198915,
    "losers_avoided": 0,
    "losers_avoided_usd": -0.0,
    "low_threshold": NaN,
    "oos_average_trade": -29.696498054466176,
    "oos_longest_losing_streak_daily": 6,
    "oos_longest_losing_streak_trade": 12,
    "oos_max_drawdown": -13518.999999998061,
    "oos_max_drawdown_improvement_vs_baseline": 0.03741678237032632,
    "oos_n_days_traded": 257,
    "oos_net_pnl": -7631.999999997807,
    "oos_participation_rate": 0.4895238095238095,
    "oos_profit_factor": 0.9139076582928398,
    "oos_profit_factor_delta_vs_baseline": 0.004728693814057605,
    "oos_promotion_ready": false,
    "oos_sharpe": -0.4365842892543739,
    "oos_sharpe_delta_vs_baseline": 0.025904920350668825,
    "oos_sortino": -0.3643776979646478,
    "oos_trade_count": 257,
    "oos_trade_retention_vs_baseline": 1.0,
    "oos_trades_per_month": 10.28,
    "oos_win_rate": 0.42023346303501946,
    "overall_average_trade": 0.36419753087186313,
    "overall_longest_losing_streak_daily": 6,
    "overall_longest_losing_streak_trade": 12,
    "overall_max_drawdown": -23737.49999999523,
    "overall_n_days_traded": 810,
    "overall_net_pnl": 295.0000000062091,
    "overall_participation_rate": 0.4636519748139668,
    "overall_profit_factor": 1.0011201290996488,
    "overall_sharpe": 0.005296834285406615,
    "overall_sortino": 0.004156759163436919,
    "overall_trade_count": 810,
    "overall_trades_per_month": 9.736691471093303,
    "overall_win_rate": 0.4654320987654321,
    "parameters_json": "{\"context_key\": \"opening_gap\", \"down_multiplier\": 0.75, \"feature_key\": \"rs_minus_share_pct\", \"high_threshold\": 0.85}",
    "promotion_candidate": false,
    "promotion_candidate_rank": NaN,
    "skipped_trades": 0,
    "support_cluster_count": 0.0,
    "up_multiplier": NaN,
    "upscaled_losers": 0,
    "upscaled_trades": 0,
    "upscaled_winners": 0,
    "upsizing_loss_added_usd": 0.0,
    "upsizing_profit_added_usd": 0.0,
    "variant_name": "conditional_downsize_with_context__rs_minus_share_pct__30m__t85__d75__opening_gap",
    "winners_sacrificed": 0,
    "winners_sacrificed_usd": 0.0
  },
  "best_is_candidate": {
    "context_key": "",
    "description": "Reduce size when downside semivariance percentile is elevated.",
    "down_multiplier": 0.75,
    "downscaled_losers": 71,
    "downscaled_trades": 131,
    "downscaled_winners": 60,
    "downsizing_loss_saved_usd": 12699.499999999749,
    "downsizing_profit_given_up_usd": 12452.00000000004,
    "family": "downside_downsize",
    "feature_key": "rs_minus_share_pct",
    "high_threshold": 0.85,
    "horizon": "30m",
    "is_average_trade": 14.623869801091951,
    "is_longest_losing_streak_daily": 4,
    "is_longest_losing_streak_trade": 7,
    "is_max_drawdown": -18237.999999998992,
    "is_max_drawdown_improvement_vs_baseline": 0.04931192660550501,
    "is_n_days_traded": 553,
    "is_net_pnl": 8087.000000003849,
    "is_participation_rate": 0.4525368248772504,
    "is_profit_factor": 1.0483280594972615,
    "is_profit_factor_delta_vs_baseline": 0.00040141996529752255,
    "is_reference_variant": false,
    "is_screen_score": 0.12562564110420044,
    "is_sharpe": 0.21992119302946833,
    "is_sharpe_delta_vs_baseline": 0.0008893938083884279,
    "is_sortino": 0.16778564927269737,
    "is_trade_count": 553,
    "is_trade_retention_vs_baseline": 1.0,
    "is_trades_per_month": 9.503273322422258,
    "is_win_rate": 0.4864376130198915,
    "losers_avoided": 0,
    "losers_avoided_usd": -0.0,
    "low_threshold": NaN,
    "oos_average_trade": -29.463035019447048,
    "oos_longest_losing_streak_daily": 6,
    "oos_longest_losing_streak_trade": 12,
    "oos_max_drawdown": -13230.999999998148,
    "oos_max_drawdown_improvement_vs_baseline": 0.05792303036775969,
    "oos_n_days_traded": 257,
    "oos_net_pnl": -7571.999999997892,
    "oos_participation_rate": 0.4895238095238095,
    "oos_profit_factor": 0.9115151798443675,
    "oos_profit_factor_delta_vs_baseline": 0.002336215365585259,
    "oos_promotion_ready": true,
    "oos_sharpe": -0.4485893080608086,
    "oos_sharpe_delta_vs_baseline": 0.01389990154423415,
    "oos_sortino": -0.37323086231627517,
    "oos_trade_count": 257,
    "oos_trade_retention_vs_baseline": 1.0,
    "oos_trades_per_month": 10.28,
    "oos_win_rate": 0.42023346303501946,
    "overall_average_trade": 0.6358024691431514,
    "overall_longest_losing_streak_daily": 6,
    "overall_longest_losing_streak_trade": 12,
    "overall_max_drawdown": -22875.99999999548,
    "overall_n_days_traded": 810,
    "overall_net_pnl": 515.0000000059526,
    "overall_participation_rate": 0.4636519748139668,
    "overall_profit_factor": 1.0020363015229004,
    "overall_sharpe": 0.009592513470504204,
    "overall_sortino": 0.007526106672511942,
    "overall_trade_count": 810,
    "overall_trades_per_month": 9.736691471093303,
    "overall_win_rate": 0.4654320987654321,
    "parameters_json": "{\"down_multiplier\": 0.75, \"feature_key\": \"rs_minus_share_pct\", \"high_threshold\": 0.85}",
    "promotion_candidate": true,
    "promotion_candidate_rank": 1,
    "skipped_trades": 0,
    "support_cluster_count": 1,
    "up_multiplier": NaN,
    "upscaled_losers": 0,
    "upscaled_trades": 0,
    "upscaled_winners": 0,
    "upsizing_loss_added_usd": 0.0,
    "upsizing_profit_added_usd": 0.0,
    "variant_name": "downside_downsize__rs_minus_share_pct__30m__t85__d75",
    "winners_sacrificed": 0,
    "winners_sacrificed_usd": 0.0
  },
  "credible_overlay": false,
  "promoted_variant": null,
  "promotion_candidate_count": 5,
  "promotion_ready_clustered_count": 0
}