scope,net_pnl,sharpe,sortino,profit_factor,expectancy,max_drawdown,n_trades,n_days_traded,pct_days_traded,hit_rate,avg_win,avg_loss,stop_hit_rate,target_hit_rate,exposure_time_pct
overall,682.1599999999967,0.07955025037982845,0.05103305111864389,1.0211346718790761,1.8638251366120127,-3945.759999999994,366,366,0.3267857142857143,0.4726775956284153,190.51433526011562,-167.23740932642488,0.3743169398907104,0.10382513661202186,0.22454899267399267
is,419.1399999999976,0.06685348074585787,0.04583463251790202,1.0176133073466243,1.587651515151506,-3945.759999999994,264,264,0.3354510800508259,0.4431818181818182,206.9736752136752,-161.88285714285715,0.3977272727272727,0.10227272727272728,0.22510344378196984
oos,263.0199999999991,0.11499458533332148,0.06127278939979148,1.0310163631303626,2.5786274509803833,-3351.5399999999954,102,102,0.3063063063063063,0.5490196078431373,156.1260714285714,-184.3486956521739,0.3137254901960784,0.10784313725490197,0.22323862323862323
