strategy_id,role,pnl_nominal,pnl_slip_x2,pf_nominal,pf_slip_x2,sharpe_nominal,sharpe_slip_x2,dd_nominal,dd_slip_x2,delta_pnl_nominal_vs_slip_x2,pass_fail_cost_stress
paper_vwap_baseline,paper_baseline_reference,-2376.5,-2989.5,0.7662880464178591,0.7205291203141068,-0.7066732810483942,-0.8601573616574665,-2518.5,-2991.0,-613.0,False
baseline_futures_adapted,realistic_baseline_reference,-20043.0,-28667.0,0.9004457910618271,0.8625716696389193,-1.4121554200812398,-1.9869443012576853,-20185.0,-28668.5,-8624.0,False
vwap_baseline_regime_filtered,candidate,-9733.0,-13669.0,0.8731848415950593,0.8257782876079406,-2.177874690608673,-3.0547845049115794,-11312.0,-14697.0,-3936.0,False
vwap_baseline_trade_capped,candidate,-1821.5,-4819.5,0.9765902621145233,0.9398644939109603,-0.2256546076575389,-0.5957787290032956,-5659.0,-6888.0,-2998.0,False
vwap_baseline_with_killswitch,candidate,-1060.5,-3031.5,0.9788234589348829,0.9412266501226262,-0.1712196625446486,-0.4896750610313022,-3451.0,-3945.5,-1971.0,False
vwap_reclaim,candidate,151.05357142857247,132.05357142857247,1.140521952921243,1.1212672799724515,0.12531480444303125,0.10957374557709643,-750.4464285714275,-764.4464285714275,-19.0,True
vwap_reclaim_with_prop_overlay,candidate,0.0,0.0,0.0,0.0,0.0,0.0,0.0,0.0,0.0,False
vwap_time_filtered_baseline,candidate,-11177.5,-16452.5,0.9294532349581233,0.8989186864497896,-0.8070547811247251,-1.1779320019544262,-14050.5,-17968.0,-5275.0,False
