scope,net_pnl,sharpe,sortino,profit_factor,expectancy,max_drawdown,n_trades,n_days_traded,pct_days_traded,hit_rate,avg_win,avg_loss,stop_hit_rate,target_hit_rate,exposure_time_pct
overall,-2544.8199999999997,-0.5105180348375268,-0.18048461301251445,0.7943383692343997,-21.566271186440677,-3446.9199999999946,118,118,0.10535714285714286,0.423728813559322,196.58,-181.9679411764706,0.4745762711864407,0.09322033898305085,0.06855311355311355
is,-1191.9000000000008,-0.3463975024029189,-0.13654975981634224,0.8555227195038875,-14.02235294117648,-3318.1799999999994,85,85,0.10800508259212198,0.4,207.58352941176472,-161.75960784313725,0.4823529411764706,0.11764705882352941,0.0682891864594533
oos,-1352.9200000000003,-0.8776533665872587,-0.24961618938043242,0.6719462280072162,-40.99757575757577,-1885.5000000000002,33,33,0.0990990990990991,0.48484848484848486,173.1975,-242.5929411764706,0.45454545454545453,0.030303030303030304,0.06917686917686917
