scope,net_pnl,sharpe,sortino,profit_factor,expectancy,max_drawdown,n_trades,n_days_traded,pct_days_traded,hit_rate,avg_win,avg_loss,stop_hit_rate,target_hit_rate,exposure_time_pct
overall,103.39999999999988,0.06683396215735793,0.0049341205372438034,1.1164152217968923,6.8933333333333255,-438.98,15,15,0.008586147681740127,0.6666666666666666,99.16,-177.64000000000001,0.3333333333333333,0.13333333333333333,0.005492199081208812
is,-71.1400000000001,-0.06225634758888853,-0.0046616643479695016,0.9029414974896309,-6.467272727272737,-438.98,11,11,0.00900163666121113,0.6363636363636364,94.54571428571428,-183.24,0.36363636363636365,0.09090909090909091,0.005585630953879726
oos,174.53999999999996,0.43881608997547955,0.03399635100181939,2.1243236279309454,43.63499999999999,0.0,4,4,0.007619047619047619,0.75,109.92666666666666,-155.24,0.25,0.25,0.005274725274725275
