scope,net_pnl,sharpe,sortino,profit_factor,expectancy,max_drawdown,n_trades,n_days_traded,pct_days_traded,hit_rate,avg_win,avg_loss,stop_hit_rate,target_hit_rate,exposure_time_pct
overall,-338.8100000000002,-0.17844330969558175,-0.01859778245802541,0.7849699169861135,-17.832105263157903,-690.3500000000001,19,19,0.010875787063537493,0.42105263157894735,154.60375,-143.24,0.42105263157894735,0.21052631578947367,0.006013238812322957
is,-196.87000000000012,-0.1580017131450577,-0.017293005788789242,0.7974421763108074,-15.143846153846162,-657.1600000000001,13,13,0.010638297872340425,0.38461538461538464,155.01,-121.49000000000001,0.38461538461538464,0.23076923076923078,0.005931847748541693
oos,-141.94000000000005,-0.21997134308667546,-0.02090347319279368,0.7648910090770555,-23.656666666666677,-287.72,6,6,0.011428571428571429,0.5,153.92666666666665,-201.24,0.5,0.16666666666666666,0.006202686202686203
