scope,net_pnl,sharpe,sortino,profit_factor,expectancy,max_drawdown,n_trades,n_days_traded,pct_days_traded,hit_rate,avg_win,avg_loss,stop_hit_rate,target_hit_rate,exposure_time_pct
overall,16456.039999999994,1.2490424864834269,1.224022879643297,1.2606782624068196,21.824986737400522,-3378.139999999965,754,754,0.6732142857142858,0.506631299734748,208.33460732984292,-169.69833333333338,0.3753315649867374,0.14986737400530503,0.4616254578754579
is,6512.979999999996,0.7542548919040465,0.7199236117587418,1.1518740045844496,12.453116634799228,-3378.139999999965,523,523,0.6645489199491741,0.4933078393881453,191.4615503875969,-161.8267924528302,0.384321223709369,0.12619502868068833,0.45853126119962206
oos,9943.060000000001,2.2280705741690388,2.265655788158808,1.4911686017562025,43.04354978354979,-2098.7599999999948,231,231,0.6936936936936937,0.5367965367965368,243.44145161290328,-189.19327102803743,0.354978354978355,0.20346320346320346,0.4689381689381689
