scope,net_pnl,sharpe,sortino,profit_factor,expectancy,max_drawdown,n_trades,n_days_traded,pct_days_traded,hit_rate,avg_win,avg_loss,stop_hit_rate,target_hit_rate,exposure_time_pct
overall,187.29999999999984,0.08629879316300283,0.010744785801656461,1.103359600909432,6.243333333333328,-1044.68,30,30,0.017172295363480253,0.5666666666666667,117.61294117647058,-139.39384615384617,0.23333333333333334,0.3,0.009730967372638809
is,27.9699999999998,0.01721148028790923,0.002168355410854205,1.0187667740203972,1.2713636363636274,-1044.68,22,22,0.01800327332242226,0.5454545454545454,126.53083333333332,-149.04000000000002,0.3181818181818182,0.3181818181818182,0.009016324646439212
oos,159.32999999999996,0.30060673571433105,0.039173251576103706,1.495244311823946,19.916249999999994,-293.48,8,8,0.015238095238095238,0.625,96.21,-107.24000000000001,0.0,0.25,0.011394383394383395
