scope,net_pnl,sharpe,sortino,profit_factor,expectancy,max_drawdown,n_trades,n_days_traded,pct_days_traded,hit_rate,avg_win,avg_loss,stop_hit_rate,target_hit_rate,exposure_time_pct
overall,8214.459999999994,0.7203765075025425,0.6753398206593481,1.1452644907097114,11.393148404993056,-2516.3599999999687,721,721,0.64375,0.4868238557558946,184.5092877492877,-152.83324324324326,0.36615811373092927,0.1276005547850208,0.4435279304029304
is,3294.5399999999954,0.41402607507259653,0.394063562161761,1.0793110935963057,6.227863894139878,-2516.3599999999687,529,529,0.6721728081321474,0.4725897920604915,179.336,-148.88695340501792,0.3780718336483932,0.11342155009451796,0.45452709086762455
oos,4919.919999999998,1.430202107978366,1.2784323713572576,1.3278014823264148,25.624583333333323,-2510.1599999999926,192,192,0.5765765765765766,0.5260416666666666,197.31445544554447,-164.93230769230772,0.3333333333333333,0.16666666666666666,0.41753291753291755
