scope,net_pnl,sharpe,sortino,profit_factor,expectancy,max_drawdown,n_trades,n_days_traded,pct_days_traded,hit_rate,avg_win,avg_loss,stop_hit_rate,target_hit_rate,exposure_time_pct
overall,8786.259999999995,0.7076994139682338,0.6223487152036263,1.1524927470028234,14.035559105431302,-2917.579999999991,626,626,0.5589285714285714,0.4904153354632588,216.29908794788275,-180.6193103448276,0.4009584664536741,0.13738019169329074,0.37962225274725275
is,5926.239999999996,0.6351101255026966,0.6138498060847151,1.1239850521004844,11.30961832061068,-2462.38,524,524,0.6658195679796697,0.47900763358778625,214.0408764940239,-175.08432234432235,0.4083969465648855,0.13549618320610687,0.4504968559606425
oos,2860.0200000000004,0.9540087280613689,0.5943605229089263,1.2912580426374352,28.039411764705886,-2917.579999999991,102,102,0.3063063063063063,0.5490196078431373,226.42071428571427,-213.4682608695652,0.3627450980392157,0.14705882352941177,0.21211981211981212
