scope,net_pnl,sharpe,sortino,profit_factor,expectancy,max_drawdown,n_trades,n_days_traded,pct_days_traded,hit_rate,avg_win,avg_loss,stop_hit_rate,target_hit_rate,exposure_time_pct
overall,-1293.4000000000026,-0.12746185947993272,-0.09348032224948942,0.9696251926313264,-2.9733333333333394,-5101.519999999979,435,435,0.38839285714285715,0.4459770114942529,212.82443298969073,-176.6860580912863,0.4413793103448276,0.12873563218390804,0.2609752747252747
is,-3215.3800000000024,-0.5249156785349688,-0.36711735324123845,0.8698671385162315,-12.272442748091612,-5101.519999999979,262,262,0.33290978398983484,0.40458015267175573,202.76471698113204,-158.38743589743592,0.4618320610687023,0.11450381679389313,0.2231876975206073
oos,1921.9799999999984,0.5011507908898087,0.4027265780615357,1.1075359902422097,11.109710982658951,-3289.380000000001,173,173,0.5195195195195195,0.5086705202312138,224.9418181818182,-210.26941176470598,0.41040462427745666,0.15028901734104047,0.3502810502810503
