scope,net_pnl,sharpe,sortino,profit_factor,expectancy,max_drawdown,n_trades,n_days_traded,pct_days_traded,hit_rate,avg_win,avg_loss,stop_hit_rate,target_hit_rate,exposure_time_pct
overall,-797.6200000000001,-0.45424133752656426,-0.03508266178347913,0.43246858590314635,-61.35538461538462,-915.7,13,13,0.007441327990841442,0.38461538461538464,121.55999999999999,-175.6775,0.38461538461538464,0.07692307692307693,0.004074383925557366
is,-650.1400000000001,-0.4503569782868833,-0.036209432848223574,0.4831708984530263,-59.103636363636376,-768.22,11,11,0.00900163666121113,0.45454545454545453,121.55999999999999,-209.65666666666667,0.45454545454545453,0.09090909090909091,0.004593142809182089
oos,-147.48,-0.8349899848101574,-0.05146555504930964,0.0,-73.74,-28.239999999999995,2,2,0.0038095238095238095,0.0,0.0,-73.74,0.0,0.0,0.0028669108669108667
