hour,bars,net_bar_pnl_usd,avg_bar_pnl_usd,trades,net_pnl_usd,expectancy_per_trade,win_rate
09:00,52365,-8686.20357142857,-0.16587804013040333,889,4714.5392857143,5.303193797203937,0.2879640044994376
10:00,104753,-57717.21428571428,-0.5509838790842676,1959,-2878.467857142876,-1.469355720848839,0.22460438999489535
11:00,104652,-24750.967857142794,-0.23650735635384698,900,2732.5000000000564,3.0361111111111736,0.21
12:00,104577,-14401.942857142854,-0.13771615993136976,388,-987.4892857142731,-2.545075478645034,0.19845360824742267
13:00,101107,-1327.021428571421,-0.01312492140575253,216,913.7535714285659,4.230340608465583,0.25462962962962965
14:00,100919,-1452.8535714285754,-0.014396234320876895,119,-124.19642857142208,-1.04366746698674,0.3277310924369748
15:00,100980,157911.36785714288,1.5637885507738452,182,-421.974999999984,-2.318543956043868,0.3791208791208791
