scope,net_pnl,sharpe,sortino,profit_factor,expectancy,max_drawdown,n_trades,n_days_traded,pct_days_traded,hit_rate,avg_win,avg_loss,stop_hit_rate,target_hit_rate,exposure_time_pct
overall,-4.310000000000148,-0.00240953361649076,-0.00023876870917879359,0.9965385974493236,-0.22684210526316567,-586.1800000000001,19,19,0.010875787063537493,0.5263157894736842,124.085,-138.35111111111112,0.3157894736842105,0.10526315789473684,0.007172735678745982
is,63.3799999999999,0.05191856702035294,0.005162737551517226,1.07849499653225,4.875384615384608,-312.24,13,13,0.010638297872340425,0.5384615384615384,124.40285714285713,-134.57333333333335,0.3076923076923077,0.07692307692307693,0.006771161190146461
oos,-67.69000000000003,-0.11942876965269053,-0.011847585524782711,0.8453577629534861,-11.281666666666672,-254.24,6,6,0.011428571428571429,0.5,123.34333333333332,-145.90666666666667,0.3333333333333333,0.16666666666666666,0.008107448107448107
