scope,net_pnl,sharpe,sortino,profit_factor,expectancy,max_drawdown,n_trades,n_days_traded,pct_days_traded,hit_rate,avg_win,avg_loss,stop_hit_rate,target_hit_rate,exposure_time_pct
overall,7777.999999999993,0.6263145924172283,0.5945483776552757,1.1228472511782468,10.370666666666658,-2945.5599999999904,750,750,0.6696428571428571,0.4866666666666667,194.77369863013698,-164.45298701298702,0.37066666666666664,0.12666666666666668,0.4619459706959707
is,3131.259999999995,0.36612235210518834,0.3499631057584015,1.0711008153548662,5.952965779467672,-2881.7199999999793,526,526,0.6683608640406608,0.4714828897338403,190.20556451612907,-158.41625899280575,0.376425855513308,0.11216730038022814,0.45806861499364676
oos,4646.739999999998,1.2048706264015245,1.1204953655345062,1.2410800075539512,20.74437499999999,-2945.5599999999904,224,224,0.6726726726726727,0.5223214285714286,204.45658119658117,-180.13719626168228,0.35714285714285715,0.16071428571428573,0.47110957110957113
