scope,net_pnl,sharpe,sortino,profit_factor,expectancy,max_drawdown,n_trades,n_days_traded,pct_days_traded,hit_rate,avg_win,avg_loss,stop_hit_rate,target_hit_rate,exposure_time_pct
overall,263.1899999999998,0.14567032301956853,0.015896687550208444,1.210946892582915,13.852105263157886,-287.72,19,19,0.010875787063537493,0.5263157894736842,151.08499999999998,-138.6288888888889,0.3684210526315789,0.2631578947368421,0.006584180940219864
is,405.1299999999999,0.3534822120875438,0.04638819717635223,1.629142466689443,31.163846153846144,-268.72,13,13,0.010638297872340425,0.5384615384615384,149.86714285714285,-107.32333333333334,0.3076923076923077,0.3076923076923077,0.006748080070502329
oos,-141.94000000000005,-0.21997134308667546,-0.02090347319279368,0.7648910090770555,-23.656666666666677,-287.72,6,6,0.011428571428571429,0.5,153.92666666666665,-201.24,0.5,0.16666666666666666,0.006202686202686203
