scope,net_pnl,sharpe,sortino,profit_factor,expectancy,max_drawdown,n_trades,n_days_traded,pct_days_traded,hit_rate,avg_win,avg_loss,stop_hit_rate,target_hit_rate,exposure_time_pct
overall,9574.739999999994,0.7207122519346486,0.6836722078478554,1.145586222835838,13.224779005524853,-3342.4599999999937,724,724,0.6464285714285715,0.4889502762430939,212.82920903954803,-177.74810810810814,0.40193370165745856,0.13674033149171272,0.44716346153846154
is,5225.239999999995,0.577998627401531,0.5631599721531542,1.113984926322219,9.971832061068692,-2726.479999999983,524,524,0.6658195679796697,0.4751908396946565,205.08730923694782,-166.69636363636363,0.4083969465648855,0.12786259541984732,0.4616264294790343
oos,4349.499999999998,1.0285508984314402,0.9086717118469907,1.2182903143239994,21.74749999999999,-3342.4599999999964,200,200,0.6006006006006006,0.525,231.18857142857146,-209.74000000000015,0.385,0.16,0.412982212982213
