rr,folder,best_rule,robust_rule,best_overall_score,best_overall_sharpe,best_overall_pf,best_overall_net_pnl,best_overall_maxdd_abs,best_oos_score,best_oos_sharpe,best_oos_pf,best_oos_net_pnl,best_oos_maxdd_abs,best_cell_atr,best_cell_q_low,best_cell_q_high,robust_clusters
2.0,rr_2,majority_50,majority_50,0.9807029378111105,0.7762274710418623,1.1534645224674176,47018.0,11763.0,1.970671138804033,1.905281165530738,1.4280754953101216,35575.0,9765.0,30,27,90,2
3.0,rr_3,majority_50,majority_50,-0.1617330392493188,0.46358544351299663,1.0929621620752579,28911.0,14567.0,0.7430923758051152,1.2807789189480412,1.287620442231659,24552.0,13939.0,28,27,94,1
5.0,rr_5,majority_50,majority_50,-0.025518357932680313,0.4777413007260739,1.0997369138713766,31086.5,14567.0,0.7845096001695685,1.2258593574397305,1.292405578152237,25161.5,13939.0,28,27,94,2
10.0,rr_10,unanimity_100,unanimity_100,-1.0161777352825903,0.28538537033288613,1.0605532923289933,17056.5,16314.0,0.9124634380799955,1.3034473611487434,1.323918265360664,25149.5,13390.0,28,27,94,1
