scope,net_pnl,sharpe,sortino,profit_factor,expectancy,max_drawdown,n_trades,n_days_traded,pct_days_traded,hit_rate,avg_win,avg_loss,stop_hit_rate,target_hit_rate,exposure_time_pct
overall,843.8299999999997,0.3413096962507169,0.04058615465253197,1.4557203344062566,25.570606060606053,-1142.94,33,33,0.018889524899828276,0.6666666666666666,122.52136363636369,-168.3309090909091,0.21212121212121213,0.2727272727272727,0.010426665492492625
is,615.9999999999998,0.3238569840482056,0.040693139214511315,1.3953380910817885,24.63999999999999,-1142.94,25,25,0.020458265139116204,0.64,135.885,-173.1288888888889,0.28,0.28,0.01048092660203953
oos,227.82999999999996,0.42861864776508457,0.04614320725049797,1.7763050293035298,28.478749999999994,-253.22,8,8,0.015238095238095238,0.75,86.88499999999999,-146.74,0.0,0.25,0.0103003663003663
