scope,net_pnl,sharpe,sortino,profit_factor,expectancy,max_drawdown,n_trades,n_days_traded,pct_days_traded,hit_rate,avg_win,avg_loss,stop_hit_rate,target_hit_rate,exposure_time_pct
overall,770.4099999999999,0.44100850062037916,0.039288599872948526,1.9633737651619354,48.15062499999999,-312.24,16,16,0.009158557527189467,0.6875,142.7372727272727,-159.94,0.25,0.375,0.005333685585545918
is,385.61999999999995,0.2857571562361109,0.02811421036828436,1.4822058271851943,32.135,-312.24,12,12,0.009819967266775777,0.5833333333333334,169.33142857142857,-159.94,0.3333333333333333,0.4166666666666667,0.005235217592009736
oos,384.78999999999996,1.0488421418092981,0.0,inf,96.19749999999999,0.0,4,4,0.007619047619047619,1.0,96.19749999999999,0.0,0.0,0.25,0.005562881562881563
